customer_id,churn_label,churn_value,churn_score,cltv,churn_reason
3668-QPYBK,1,1,86,3239,Competitor made better offer
9237-HQITU,1,1,67,2701,Moved
9305-CDSKC,1,1,86,5372,Moved
7892-POOKP,1,1,84,5003,Moved
0280-XJGEX,1,1,89,5340,Competitor had better devices
4190-MFLUW,1,1,78,5925,Competitor offered higher download speeds
8779-QRDMV,1,1,100,5433,Competitor offered more data
1066-JKSGK,1,1,92,4832,Competitor made better offer
6467-CHFZW,1,1,77,5789,Competitor had better devices
8665-UTDHZ,1,1,97,2915,Competitor had better devices
8773-HHUOZ,1,1,74,3022,Competitor offered higher download speeds
6047-YHPVI,1,1,66,2454,Competitor offered higher download speeds
5380-WJKOV,1,1,65,2941,Competitor offered higher download speeds
8168-UQWWF,1,1,70,5674,Competitor offered more data
7760-OYPDY,1,1,90,5586,Competitor offered more data
9420-LOJKX,1,1,82,2966,Competitor offered more data
7495-OOKFY,1,1,69,5302,Competitor made better offer
1658-BYGOY,1,1,81,3179,Competitor made better offer
5698-BQJOH,1,1,96,5571,Price too high
5919-TMRGD,1,1,87,2483,Product dissatisfaction
9191-MYQKX,1,1,70,3457,Service dissatisfaction
8637-XJIVR,1,1,86,5806,Lack of self-service on Website
0278-YXOOG,1,1,66,2604,Network reliability
4598-XLKNJ,1,1,88,5337,Limited range of services
3192-NQECA,1,1,86,5034,Lack of affordable download/upload speed
0486-HECZI,1,1,75,5154,Long distance charges
4846-WHAFZ,1,1,67,2793,Extra data charges
5299-RULOA,1,1,87,5998,Price too high
0404-SWRVG,1,1,76,4415,Product dissatisfaction
4412-YLTKF,1,1,95,4638,Service dissatisfaction
6207-WIOLX,1,1,99,4190,Lack of self-service on Website
3091-FYHKI,1,1,80,2301,Network reliability
2372-HWUHI,1,1,76,2570,Don't know
0390-DCFDQ,1,1,76,3964,Don't know
4080-OGPJL,1,1,66,2662,Don't know
2135-RXIHG,1,1,73,2600,Poor expertise of online support
3874-EQOEP,1,1,94,2786,Poor expertise of phone support
0867-MKZVY,1,1,86,5719,Price too high
3376-BMGFE,1,1,75,4287,Product dissatisfaction
3445-HXXGF,1,1,100,5444,Service dissatisfaction
1875-QIVME,1,1,83,4690,Lack of self-service on Website
0691-JVSYA,1,1,80,4328,Network reliability
2656-FMOKZ,1,1,99,5717,Limited range of services
2070-FNEXE,1,1,81,4419,Lack of affordable download/upload speed
6317-YPKDH,1,1,95,4534,Long distance charges
9367-WXLCH,1,1,86,2152,Extra data charges
1918-ZBFQJ,1,1,73,5142,Price too high
1024-GUALD,1,1,94,4851,Product dissatisfaction
2472-OVKUP,1,1,94,2283,Service dissatisfaction
1285-OKIPP,1,1,98,3394,Lack of self-service on Website
7825-ECJRF,1,1,71,3764,Network reliability
7841-TZDMQ,1,1,76,2667,Don't know
9408-SSNVZ,1,1,67,2227,Don't know
0742-MOABM,1,1,82,3394,Don't know
2232-DMLXU,1,1,81,3638,Poor expertise of online support
8937-RDTHP,1,1,66,2484,Poor expertise of phone support
1251-KRREG,1,1,81,2556,Price too high
0094-OIFMO,1,1,85,5980,Product dissatisfaction
9947-OTFQU,1,1,86,4616,Service dissatisfaction
0322-YINQP,1,1,77,5687,Lack of self-service on Website
4629-NRXKX,1,1,75,5687,Network reliability
9514-JDSKI,1,1,65,5828,Limited range of services
4959-JOSRX,1,1,99,4884,Lack of affordable download/upload speed
7273-TEFQD,1,1,96,2314,Long distance charges
3606-TWKGI,1,1,84,2494,Extra data charges
6323-AYBRX,1,1,83,5084,Price too high
4385-GZQXV,1,1,81,3810,Product dissatisfaction
6366-ZGQGL,1,1,73,5087,Service dissatisfaction
5940-AHUHD,1,1,69,3338,Lack of self-service on Website
6432-TWQLB,1,1,80,3676,Network reliability
4484-GLZOU,1,1,65,4839,Don't know
9512-UIBFX,1,1,68,4643,Don't know
5583-SXDAG,1,1,97,4094,Don't know
3488-PGMQJ,1,1,80,4345,Poor expertise of online support
3580-REOAC,1,1,83,4061,Poor expertise of phone support
7534-BFESC,1,1,98,2018,Price too high
6390-DSAZX,1,1,80,2565,Product dissatisfaction
8098-LLAZX,1,1,85,3677,Service dissatisfaction
0265-EDXBD,1,1,69,4105,Lack of self-service on Website
7563-BIUPC,1,1,69,5715,Network reliability
2321-OMBXY,1,1,81,2071,Limited range of services
2840-XANRC,1,1,73,2212,Lack of affordable download/upload speed
5020-ZSTTY,1,1,83,4149,Long distance charges
5804-LEPIM,1,1,73,2671,Extra data charges
0122-OAHPZ,1,1,67,2473,Price too high
2868-SNELZ,1,1,92,2683,Product dissatisfaction
4322-RCYMT,1,1,81,4903,Service dissatisfaction
6680-NENYN,1,1,91,5250,Lack of self-service on Website
1343-EHPYB,1,1,98,4352,Network reliability
2034-GDRCN,1,1,76,4157,Don't know
0219-YTZUE,1,1,73,4939,Don't know
0623-IIHUG,1,1,97,4778,Don't know
4572-DVCGN,1,1,85,3598,Poor expertise of online support
9057-MSWCO,1,1,91,2927,Poor expertise of phone support
1010-DIAUQ,1,1,98,5383,Price too high
0259-GBZSH,1,1,73,3878,Product dissatisfaction
9601-BRXPO,1,1,66,3642,Service dissatisfaction
6905-NIQIN,1,1,76,2431,Don't know
5167-ZFFMM,1,1,81,3424,Network reliability
4895-TMWIR,1,1,80,5888,Limited range of services
0533-BNWKF,1,1,100,5502,Lack of affordable download/upload speed
6599-CEBNN,1,1,94,5795,Long distance charges
0979-PHULV,1,1,80,4020,Extra data charges
4800-VHZKI,1,1,92,3351,Price too high
7989-CHGTL,1,1,95,3448,Product dissatisfaction
0334-GDDSO,1,1,73,2818,Service dissatisfaction
0578-SKVMF,1,1,88,3804,Lack of self-service on Website
5564-NEMQO,1,1,67,4902,Network reliability
9063-ZGTUY,1,1,82,4221,Don't know
2957-LOLHO,1,1,68,2887,Don't know
7752-XUSCI,1,1,84,4105,Don't know
4110-PFEUZ,1,1,73,2792,Competitor had better devices
0256-LTHVJ,1,1,98,5201,Competitor had better devices
0880-TKATG,1,1,84,4417,Competitor had better devices
3811-VBYBZ,1,1,98,2031,Competitor had better devices
4640-UHDOS,1,1,91,4498,Competitor had better devices
3583-EKAPL,1,1,71,4877,Competitor had better devices
9399-APLBT,1,1,80,5980,Competitor had better devices
2359-KMGLI,1,1,77,4418,Competitor had better devices
0306-JAELE,1,1,66,4192,Competitor had better devices
6227-HWPWX,1,1,73,5671,Competitor had better devices
0447-BEMNG,1,1,65,4926,Price too high
5949-XIKAE,1,1,65,2879,Product dissatisfaction
8372-JUXUI,1,1,93,2814,Service dissatisfaction
0388-EOPEX,1,1,77,4263,Lack of self-service on Website
8205-OTCHB,1,1,66,3099,Network reliability
6235-VDHOM,1,1,89,4099,Limited range of services
7783-YKGDV,1,1,76,2538,Lack of affordable download/upload speed
5609-CEBID,1,1,87,2666,Long distance charges
7218-HKQFK,1,1,72,3715,Don't know
4636-QRJKY,1,1,98,5032,Price too high
5956-VKDTT,1,1,82,5273,Product dissatisfaction
9412-GHEEC,1,1,88,3492,Service dissatisfaction
0257-ZESQC,1,1,99,4517,Lack of self-service on Website
6825-UYPFK,1,1,81,2115,Network reliability
8397-MVTAZ,1,1,72,2568,Don't know
9282-IZGQK,1,1,80,5679,Don't know
1342-JPNKI,1,1,85,2966,Don't know
2817-NTQDO,1,1,74,4856,Poor expertise of online support
6986-IJDHX,1,1,98,3364,Poor expertise of phone support
5301-GAUUY,1,1,92,5974,Competitor had better devices
0939-YAPAF,1,1,72,2744,Competitor offered higher download speeds
4710-FDUIZ,1,1,67,5170,Competitor offered more data
1218-VKFPE,1,1,72,3535,Competitor made better offer
3627-FHKBK,1,1,87,3244,Competitor had better devices
2865-TCHJW,1,1,74,5808,Competitor had better devices
5192-EBGOV,1,1,66,4880,Competitor offered higher download speeds
0719-SYFRB,1,1,67,5670,Competitor offered higher download speeds
3419-SNJJD,1,1,91,4196,Competitor offered higher download speeds
6543-CPZMK,1,1,83,2573,Competitor offered more data
4765-OXPPD,1,1,76,3983,Competitor offered more data
1009-IRMNA,1,1,100,4479,Competitor offered more data
4554-YGZIH,1,1,96,5059,Competitor made better offer
5099-BAILX,1,1,65,2728,Competitor made better offer
7207-RMRDB,1,1,89,5720,Competitor had better devices
4913-EHYUI,1,1,91,6268,Competitor offered higher download speeds
0195-IESCP,1,1,75,3573,Competitor offered more data
4580-TMHJU,1,1,65,2152,Don't know
0970-ETWGE,1,1,99,4996,Competitor had better devices
1626-ERCMM,1,1,84,5604,Competitor had better devices
0887-HJGAR,1,1,95,2295,Competitor offered higher download speeds
5644-PDMZC,1,1,80,2065,Competitor offered higher download speeds
9576-ANLXO,1,1,87,2876,Competitor offered higher download speeds
2024-BASKD,1,1,94,3860,Competitor offered more data
4160-AMJTL,1,1,83,5432,Competitor offered more data
4464-JCOLN,1,1,68,2362,Competitor offered more data
5650-VDUDS,1,1,93,2038,Competitor made better offer
7538-GWHML,1,1,80,2323,Competitor made better offer
3859-CVCET,1,1,78,2864,Competitor had better devices
3276-HDUEG,1,1,78,4838,Competitor offered higher download speeds
0823-HSCDJ,1,1,90,5597,Competitor offered more data
0822-GAVAP,1,1,65,3146,Competitor made better offer
1448-PWKYE,1,1,88,2046,Competitor had better devices
0067-DKWBL,1,1,89,3475,Competitor had better devices
2276-YDAVZ,1,1,69,4965,Competitor offered higher download speeds
5896-NPFWW,1,1,86,3273,Competitor offered higher download speeds
7133-VBDCG,1,1,85,4535,Competitor offered higher download speeds
1029-QFBEN,1,1,66,3556,Competitor offered more data
4952-YSOGZ,1,1,74,5640,Competitor offered more data
1589-AGTLK,1,1,67,2450,Competitor offered more data
5244-IRFIH,1,1,96,4333,Competitor made better offer
2684-EIWEO,1,1,97,2482,Competitor made better offer
6439-GTPCA,1,1,73,5269,Competitor had better devices
5138-WVKYJ,1,1,80,3658,Competitor offered higher download speeds
6683-VLCTZ,1,1,92,5444,Competitor offered more data
2189-WWOEW,1,1,96,3579,Don't know
1894-IGFSG,1,1,82,3161,Competitor had better devices
7379-POKDZ,1,1,66,3038,Competitor had better devices
0236-HFWSV,1,1,77,5264,Competitor offered higher download speeds
3900-AQPHZ,1,1,100,4248,Competitor offered higher download speeds
5842-POCOP,1,1,79,4356,Competitor offered higher download speeds
2037-XJFUP,1,1,76,4161,Competitor offered more data
7314-OXENN,1,1,97,3051,Competitor offered more data
0322-CHQRU,1,1,81,3478,Competitor offered more data
4678-DVQEO,1,1,71,4138,Competitor made better offer
0691-IFBQW,1,1,81,2403,Competitor made better offer
3009-JWMPU,1,1,92,5016,Attitude of service provider
1450-GALXR,1,1,74,5184,Attitude of service provider
3138-BKYAV,1,1,75,4694,Attitude of service provider
4289-DTDKW,1,1,70,2576,Attitude of support person
1820-TQVEV,1,1,76,3042,Attitude of support person
2239-JALAW,1,1,74,6105,Attitude of support person
4853-RULSV,1,1,80,4544,Attitude of service provider
6275-YDUVO,1,1,95,2969,Attitude of service provider
0115-TFERT,1,1,89,4123,Attitude of service provider
2311-QYMUQ,1,1,73,3696,Attitude of support person
3643-AHCFP,1,1,83,3265,Competitor made better offer
3104-OWCGK,1,1,76,4111,Moved
9101-BWFSS,1,1,82,4274,Moved
9231-ZJYAM,1,1,72,5301,Moved
6982-SSHFK,1,1,89,3522,Competitor offered higher download speeds
0727-BMPLR,1,1,83,5679,Competitor offered higher download speeds
1038-ZAGBI,1,1,94,2653,Competitor offered higher download speeds
3027-ZTDHO,1,1,80,5951,Don't know
2382-BCKQJ,1,1,91,5600,Competitor offered higher download speeds
2207-NHRJK,1,1,85,3718,Competitor offered higher download speeds
0947-MUGVO,1,1,95,5849,Competitor offered higher download speeds
9944-HKVVB,1,1,77,5861,Competitor offered higher download speeds
4124-MMETB,1,1,85,3665,Competitor offered higher download speeds
3671-SHRSP,1,1,86,3080,Competitor offered more data
3313-QKNKB,1,1,80,6304,Competitor offered more data
5073-WXOYN,1,1,67,4941,Competitor offered more data
0207-MDKNV,1,1,84,2122,Competitor made better offer
9851-KIELU,1,1,76,5803,Competitor made better offer
3908-BLSYF,1,1,97,3962,Price too high
7549-MYGPK,1,1,79,5413,Price too high
3804-RVTGV,1,1,100,5812,Price too high
9227-LUNBG,1,1,76,5768,Price too high
4315-MURBD,1,1,71,5559,Price too high
9734-YWGEX,1,1,81,2954,Price too high
2719-BDAQO,1,1,93,4940,Price too high
0781-LKXBR,1,1,70,4038,Price too high
1907-UBQFC,1,1,99,3189,Price too high
6513-EECDB,1,1,94,4369,Price too high
7074-IEVOJ,1,1,91,3501,Product dissatisfaction
9625-QSTYE,1,1,79,4806,Service dissatisfaction
4750-ZRXIU,1,1,83,2467,Lack of self-service on Website
6400-BWQKW,1,1,99,3263,Network reliability
6680-WKXRZ,1,1,97,2054,Don't know
7028-DVOIQ,1,1,82,2074,Don't know
4208-UFFGW,1,1,84,5900,Don't know
9448-REEVD,1,1,74,3700,Don't know
9117-SHLZX,1,1,72,3571,Poor expertise of phone support
9889-TMAHG,1,1,74,5084,Competitor had better devices
4541-RMRLG,1,1,82,4489,Competitor offered higher download speeds
3158-MOERK,1,1,83,3391,Competitor offered more data
7294-TMAOP,1,1,72,2627,Competitor made better offer
8919-FYFQZ,1,1,96,4829,Competitor had better devices
2834-JRTUA,1,1,81,5200,Competitor had better devices
5875-YPQFJ,1,1,84,5367,Competitor offered higher download speeds
6646-QVXLR,1,1,91,5052,Competitor offered higher download speeds
8603-IJWDN,1,1,93,5228,Competitor offered higher download speeds
9369-XFEHK,1,1,72,3601,Competitor offered more data
3842-IYKUE,1,1,88,2455,Competitor offered more data
6641-XRPSU,1,1,93,2318,Competitor offered more data
1374-DMZUI,1,1,99,5419,Competitor made better offer
8357-EQXFO,1,1,92,3077,Competitor made better offer
1989-PRJHP,1,1,65,2377,Competitor had better devices
9524-EGPJC,1,1,80,4260,Competitor offered higher download speeds
6993-OHLXR,1,1,84,5225,Competitor offered more data
8818-XYFCQ,1,1,71,5026,Competitor made better offer
4695-VADHF,1,1,84,2989,Competitor had better devices
3863-IUBJR,1,1,78,2595,Competitor had better devices
4822-RVYBB,1,1,90,5906,Competitor offered higher download speeds
8436-BJUMM,1,1,84,2404,Competitor offered higher download speeds
4184-TJFAN,1,1,68,4486,Competitor offered higher download speeds
4145-UQXUQ,1,1,81,5662,Competitor offered more data
9948-YPTDG,1,1,85,2405,Competitor offered more data
1236-WFCDV,1,1,96,4777,Competitor offered more data
4883-QICIH,1,1,96,2356,Don't know
8329-IBCTI,1,1,99,5881,Competitor made better offer
1271-SJBGZ,1,1,74,2437,Competitor had better devices
5669-SRAIP,1,1,93,2863,Competitor offered higher download speeds
5981-ITEMU,1,1,67,3099,Competitor offered more data
6941-PMGEP,1,1,97,3937,Competitor made better offer
1624-WOIWJ,1,1,69,5686,Competitor had better devices
2074-GKOWZ,1,1,73,3851,Competitor had better devices
0376-YMCJC,1,1,82,4359,Competitor offered higher download speeds
0634-SZPQA,1,1,67,4650,Competitor offered higher download speeds
5536-RTPWK,1,1,100,5157,Competitor offered higher download speeds
6166-ILMNY,1,1,68,5667,Competitor offered more data
3097-NNSPB,1,1,98,2960,Competitor offered more data
0655-RBDUG,1,1,86,2561,Competitor offered more data
4361-BKAXE,1,1,80,3038,Competitor made better offer
9878-TNQGW,1,1,65,3533,Competitor made better offer
4441-NIHPT,1,1,97,2995,Competitor had better devices
8999-BOHSE,1,1,89,2202,Competitor offered higher download speeds
7029-RPUAV,1,1,87,5508,Competitor offered more data
4607-CHPCA,1,1,100,5801,Competitor made better offer
8824-RWFXJ,1,1,83,2539,Competitor had better devices
9763-PDTKK,1,1,74,4249,Competitor had better devices
7627-JKIAZ,1,1,97,3982,Competitor offered higher download speeds
4081-DYXAV,1,1,72,5182,Competitor offered higher download speeds
8111-SLLHI,1,1,96,4687,Competitor offered higher download speeds
0927-LCSMG,1,1,75,3331,Competitor offered more data
8257-RZAHR,1,1,86,4049,Competitor offered more data
5293-WXJAK,1,1,82,4553,Competitor offered more data
0841-NULXI,1,1,71,3958,Don't know
7851-WZEKY,1,1,82,2414,Competitor made better offer
8844-TONUD,1,1,75,5295,Attitude of service provider
4086-YQSNZ,1,1,89,3834,Attitude of service provider
5868-CZJDR,1,1,85,3605,Attitude of service provider
0135-NMXAP,1,1,97,5671,Attitude of support person
6270-OMFIW,1,1,99,4990,Attitude of support person
0107-WESLM,1,1,66,3874,Attitude of support person
3992-YWPKO,1,1,69,5750,Attitude of service provider
0125-LZQXK,1,1,99,3025,Attitude of service provider
8399-YNDCH,1,1,70,4716,Attitude of service provider
5673-FSSMF,1,1,91,4611,Attitude of support person
1579-KLYDT,1,1,98,5356,Competitor made better offer
3927-NLNRY,1,1,96,5414,Moved
6358-LYNGM,1,1,84,2548,Moved
5494-HECPR,1,1,69,2502,Moved
9824-BEMCV,1,1,77,3368,Competitor offered higher download speeds
1373-ORVIZ,1,1,91,2860,Competitor offered higher download speeds
9866-QEVEE,1,1,98,4857,Competitor offered higher download speeds
9897-KXHCM,1,1,72,3212,Competitor offered higher download speeds
7979-CORPM,1,1,67,5927,Don't know
1618-CFHME,1,1,86,2101,Don't know
3165-HDOEW,1,1,73,3706,Don't know
6581-NQCBA,1,1,78,4840,Don't know
1689-MRZQR,1,1,77,2777,Don't know
5835-BEQEU,1,1,92,4428,Don't know
5565-FILXA,1,1,96,5913,Don't know
5552-ZNFSJ,1,1,66,4568,Don't know
2223-KAGMX,1,1,87,5379,Don't know
7321-PKUYW,1,1,66,5250,Competitor offered higher download speeds
2833-SLKDQ,1,1,98,4094,Network reliability
7595-EUIVN,1,1,70,3940,Network reliability
2026-TGDHM,1,1,69,3830,Network reliability
4030-VPZBD,1,1,98,2860,Network reliability
4187-CINZD,1,1,90,3180,Network reliability
6818-WOBHJ,1,1,69,5651,Network reliability
2408-TZMJL,1,1,97,4601,Network reliability
9134-CEQMF,1,1,89,3077,Network reliability
7993-PYKOF,1,1,80,2587,Network reliability
5027-XWQHA,1,1,78,2087,Network reliability
4566-QVRRW,1,1,84,3200,Network reliability
8519-IMDHU,1,1,83,4981,Network reliability
0201-OAMXR,1,1,87,4838,Network reliability
3372-KWFBM,1,1,81,2508,Network reliability
7831-QGOXH,1,1,77,3326,Don't know
6393-WRYZE,1,1,87,3979,Don't know
6599-RCLCJ,1,1,90,5863,Don't know
9831-BPFRI,1,1,65,3849,Poor expertise of online support
1725-MIMXW,1,1,78,5687,Poor expertise of phone support
0031-PVLZI,1,1,81,4133,Competitor had better devices
7206-GZCDC,1,1,75,4371,Competitor offered higher download speeds
4791-QRGMF,1,1,76,6098,Competitor offered more data
1768-ZAIFU,1,1,67,5688,Competitor made better offer
4671-LXRDQ,1,1,93,5704,Competitor had better devices
1934-SJVJK,1,1,70,4103,Competitor had better devices
3838-OZURD,1,1,96,5723,Competitor offered higher download speeds
9269-CQOOL,1,1,66,3335,Competitor offered higher download speeds
2845-HSJCY,1,1,78,4786,Competitor offered higher download speeds
1184-PJVDB,1,1,68,5640,Competitor offered more data
9415-DPEWS,1,1,96,5727,Competitor offered more data
7943-RQCHR,1,1,83,2893,Competitor offered more data
3793-MMFUH,1,1,97,2230,Competitor made better offer
3249-ZPQRG,1,1,67,5048,Competitor made better offer
2568-BRGYX,1,1,92,5094,Competitor had better devices
7721-JXEAW,1,1,70,4324,Competitor offered higher download speeds
7249-WBIYX,1,1,70,5146,Competitor offered more data
6567-HOOPW,1,1,76,4363,Competitor made better offer
3164-AALRN,1,1,77,2673,Competitor had better devices
3334-CTHOL,1,1,71,2041,Competitor had better devices
4704-ERYFC,1,1,85,2159,Competitor offered higher download speeds
8621-MNIHH,1,1,88,3369,Competitor offered higher download speeds
0471-LVHGK,1,1,86,2041,Competitor offered higher download speeds
9518-RWHZL,1,1,69,5452,Competitor offered more data
5419-CONWX,1,1,89,2268,Competitor offered more data
6240-EURKS,1,1,76,2649,Competitor offered more data
6960-HVYXR,1,1,72,2567,Competitor made better offer
7024-OHCCK,1,1,72,4193,Don't know
7861-UVUFT,1,1,86,4003,Competitor had better devices
5357-TZHPP,1,1,83,5745,Competitor offered higher download speeds
0680-DFNNY,1,1,97,2055,Competitor offered more data
7767-UXAGJ,1,1,68,2928,Competitor made better offer
1571-SAVHK,1,1,80,5598,Competitor had better devices
9546-CQJSU,1,1,80,5100,Competitor had better devices
0506-LVNGN,1,1,97,4028,Competitor offered higher download speeds
2951-QOQTK,1,1,72,5436,Competitor offered higher download speeds
3473-XIIIT,1,1,68,3794,Competitor offered higher download speeds
7893-IXHRQ,1,1,87,5636,Competitor offered more data
2952-QAYZF,1,1,81,2264,Competitor offered more data
4763-PGDPO,1,1,88,4494,Competitor offered more data
5394-SVGJV,1,1,82,3066,Competitor made better offer
9283-LZQOH,1,1,89,3687,Competitor made better offer
7079-QRCBC,1,1,85,4016,Competitor had better devices
5469-CTCWN,1,1,92,4334,Competitor offered higher download speeds
9851-QXEEQ,1,1,84,3316,Competitor offered more data
9809-IMGCQ,1,1,93,4458,Competitor made better offer
5208-HFSBT,1,1,81,5855,Competitor had better devices
3254-YRILK,1,1,69,5683,Competitor had better devices
2667-WYLWJ,1,1,89,2247,Competitor offered higher download speeds
0529-ONKER,1,1,96,2099,Competitor offered higher download speeds
5240-IJOQT,1,1,88,3348,Competitor offered higher download speeds
1092-GANHU,1,1,87,3182,Competitor offered more data
0661-XEYAN,1,1,97,3884,Competitor offered more data
7881-EVUAD,1,1,79,4648,Competitor offered more data
5766-XQXMQ,1,1,79,5449,Competitor made better offer
3703-VAVCL,1,1,99,3902,Competitor made better offer
8519-QJGJD,1,1,71,4995,Attitude of service provider
6326-MTTXK,1,1,97,3849,Attitude of service provider
0330-IVZHA,1,1,81,2969,Attitude of service provider
2886-KEFUM,1,1,96,6144,Attitude of support person
4237-RLAQD,1,1,94,5930,Attitude of support person
9651-GTSAQ,1,1,94,4471,Attitude of support person
3186-BAXNB,1,1,71,4319,Attitude of service provider
0637-YLETY,1,1,96,5915,Attitude of service provider
1157-BQCUW,1,1,82,2591,Attitude of service provider
2660-EMUBI,1,1,75,5353,Attitude of support person
7675-OZCZG,1,1,77,4145,Competitor made better offer
2003-CKLOR,1,1,73,4001,Moved
9254-RBFON,1,1,91,5160,Moved
1205-WNWPJ,1,1,91,4661,Moved
9391-EOYLI,1,1,69,5374,Competitor made better offer
8387-MOJJT,1,1,82,5396,Competitor made better offer
2761-OCIAX,1,1,81,2803,Competitor made better offer
3068-OMWZA,1,1,91,3106,Competitor made better offer
6032-KRXXO,1,1,84,5654,Competitor made better offer
7459-RRWQZ,1,1,89,4780,Competitor made better offer
4154-AQUGT,1,1,82,3861,Competitor made better offer
3092-IGHWF,1,1,65,4421,Competitor made better offer
8017-LXHFA,1,1,95,2740,Competitor made better offer
6352-TWCAU,1,1,68,5874,Competitor made better offer
2929-QNSRW,1,1,97,4886,Competitor made better offer
1262-OPMFY,1,1,96,5105,Competitor made better offer
4248-QPAVC,1,1,70,3209,Competitor made better offer
1899-VXWXM,1,1,69,5898,Competitor made better offer
4690-LLKUA,1,1,65,3797,Extra data charges
3331-HQDTW,1,1,78,3410,Extra data charges
9490-DFPMD,1,1,76,4871,Extra data charges
5442-XSDCW,1,1,68,3469,Extra data charges
3049-NDXFL,1,1,99,2850,Extra data charges
8580-AECUZ,1,1,84,5001,Extra data charges
7963-GQRMY,1,1,88,4903,Extra data charges
1228-FZFRV,1,1,79,5536,Extra data charges
2058-DCJBE,1,1,99,3965,Extra data charges
5364-XYIRR,1,1,100,4747,Extra data charges
4829-AUOAX,1,1,77,2712,Extra data charges
5047-LHVLY,1,1,98,3438,Extra data charges
9158-VCTQB,1,1,96,4963,Extra data charges
6311-UEUME,1,1,90,3249,Extra data charges
6839-ITVZJ,1,1,71,2039,Don't know
0375-HVGXO,1,1,81,4476,Don't know
8593-WHYHV,1,1,67,4934,Don't know
6097-EQISJ,1,1,82,4688,Attitude of support person
4423-YLHDV,1,1,67,5570,Attitude of support person
0107-YHINA,1,1,93,4214,Attitude of support person
8640-SDGKB,1,1,69,3633,Attitude of support person
4116-TZAQJ,1,1,76,5393,Attitude of support person
3877-JRJIP,1,1,71,4017,Attitude of support person
8375-DKEBR,1,1,96,3438,Attitude of support person
7511-YMXVQ,1,1,81,5028,Attitude of support person
7551-JOHTI,1,1,77,5211,Attitude of support person
9804-ICWBG,1,1,88,3349,Attitude of support person
5318-IXUZF,1,1,72,4149,Don't know
3198-VELRD,1,1,100,2014,Attitude of support person
9436-ZBZCT,1,1,97,5463,Attitude of support person
7279-BUYWN,1,1,89,3380,Attitude of support person
7156-MHUGY,1,1,76,5394,Attitude of support person
7198-GLXTC,1,1,92,5239,Attitude of support person
0516-VRYBW,1,1,85,4931,Attitude of support person
8380-PEFPE,1,1,93,2377,Attitude of support person
5687-DKDTV,1,1,76,5984,Attitude of support person
7530-HDYDS,1,1,70,2885,Attitude of support person
3096-IZETN,1,1,89,4741,Attitude of support person
5922-ABDVO,1,1,74,3046,Attitude of support person
9172-ANCRX,1,1,68,5561,Attitude of support person
6910-HADCM,1,1,67,5613,Attitude of support person
4816-LXZYW,1,1,68,5216,Attitude of support person
9606-PBKBQ,1,1,94,4584,Attitude of support person
3536-IQCTX,1,1,75,2712,Attitude of support person
4911-BANWH,1,1,74,4198,Attitude of support person
8496-EJAUI,1,1,89,2251,Attitude of support person
3132-TVFDZ,1,1,82,5172,Attitude of support person
8080-DDEMJ,1,1,79,4499,Attitude of support person
6365-MTGZX,1,1,71,3068,Attitude of support person
1349-WXNGG,1,1,66,4710,Attitude of support person
6990-YNRIO,1,1,79,6120,Attitude of support person
0621-TWIEM,1,1,67,4097,Attitude of support person
2485-ITVKB,1,1,78,2643,Attitude of support person
3669-OYSJI,1,1,76,4167,Attitude of support person
1612-EOHDH,1,1,89,5828,Attitude of support person
6702-OHFWR,1,1,91,4972,Don't know
4510-PYUSH,1,1,75,3110,Attitude of support person
7517-SAWMO,1,1,97,4718,Attitude of support person
4143-HHPMK,1,1,98,6402,Attitude of support person
7054-LGEQW,1,1,69,4888,Attitude of support person
0923-PNFUB,1,1,65,4852,Attitude of support person
3494-JCHRQ,1,1,69,2699,Attitude of support person
6474-FVJLC,1,1,77,4546,Attitude of support person
8840-DQLGN,1,1,81,4745,Attitude of support person
4547-LYTDD,1,1,73,2850,Attitude of support person
6770-XUAGN,1,1,90,3753,Attitude of support person
4193-ORFCL,1,1,70,2740,Attitude of support person
7776-QWNFX,1,1,83,4795,Attitude of support person
6689-TCZHQ,1,1,65,4054,Attitude of support person
3143-ILDAL,1,1,96,4830,Attitude of support person
4720-VSTSI,1,1,66,3997,Attitude of support person
3946-MHCZW,1,1,83,5111,Attitude of support person
6651-AZVTJ,1,1,83,6088,Attitude of support person
4566-GOLUK,1,1,98,3620,Attitude of support person
2484-DGXPZ,1,1,67,2687,Attitude of support person
4587-NUKOX,1,1,74,5339,Attitude of support person
0420-BWTPW,1,1,78,5578,Attitude of support person
8183-ONMXC,1,1,87,2176,Attitude of support person
9614-RMGHA,1,1,82,5530,Attitude of support person
5054-IEXZT,1,1,90,5284,Attitude of support person
5834-ASPWA,1,1,74,5518,Attitude of support person
3948-XHGNA,1,1,80,5005,Attitude of support person
0565-IYCGT,1,1,93,6230,Attitude of support person
5445-UTODQ,1,1,87,3238,Don't know
1024-VRZHF,1,1,70,2044,Attitude of support person
9497-QCMMS,1,1,81,5536,Competitor made better offer
0348-SDKOL,1,1,96,4415,Moved
4373-MAVJG,1,1,70,5148,Moved
8901-HJXTF,1,1,94,3747,Moved
5419-KLXBN,1,1,97,5853,Competitor offered higher download speeds
3424-NMNBO,1,1,91,4739,Competitor offered higher download speeds
4514-GFCFI,1,1,99,5136,Competitor offered higher download speeds
9828-AOQLM,1,1,99,3187,Competitor offered higher download speeds
8000-REIQB,1,1,94,3208,Competitor offered higher download speeds
7615-ESMYF,1,1,70,5482,Competitor offered higher download speeds
3858-VOBET,1,1,89,5897,Competitor offered higher download speeds
1447-PJGGA,1,1,93,5789,Competitor offered higher download speeds
8565-CLBZW,1,1,95,2050,Competitor offered higher download speeds
9139-WQQDY,1,1,90,4235,Competitor offered higher download speeds
0224-HJAPT,1,1,82,2857,Competitor offered higher download speeds
8086-OVPWV,1,1,99,2384,Competitor offered higher download speeds
9430-FRQOC,1,1,80,5587,Competitor offered higher download speeds
3074-GQWYX,1,1,87,3520,Competitor offered higher download speeds
6845-RGTYS,1,1,80,4622,Product dissatisfaction
8861-HGGKB,1,1,80,5699,Product dissatisfaction
7065-YUNRY,1,1,69,3049,Product dissatisfaction
7694-VLBWQ,1,1,74,4857,Product dissatisfaction
4795-KTRTH,1,1,99,4287,Product dissatisfaction
6481-OGDOO,1,1,73,4394,Product dissatisfaction
3753-TSEMP,1,1,79,2524,Product dissatisfaction
8305-VHZBZ,1,1,92,4325,Product dissatisfaction
9172-JITSM,1,1,75,2641,Don't know
6298-QDFNH,1,1,68,4718,Product dissatisfaction
9961-JBNMK,1,1,87,4317,Product dissatisfaction
6173-ITPWD,1,1,98,2516,Product dissatisfaction
9734-UYXQI,1,1,97,5115,Product dissatisfaction
2189-UXTKY,1,1,91,3410,Product dissatisfaction
4958-GZWIY,1,1,98,2984,Don't know
6356-ELRKD,1,1,79,4091,Don't know
8624-GIOUT,1,1,78,6006,Don't know
6179-GJPSO,1,1,86,2833,Poor expertise of online support
3177-LASXD,1,1,77,2619,Poor expertise of phone support
4897-QSUYC,1,1,86,4939,Attitude of support person
1084-UQCHV,1,1,66,2901,Attitude of support person
8290-YWKHZ,1,1,90,5247,Attitude of service provider
2955-BJZHG,1,1,77,5174,Attitude of service provider
3806-DXQOM,1,1,95,2563,Attitude of service provider
9300-RENDD,1,1,99,4815,Attitude of support person
0761-AETCS,1,1,92,3236,Attitude of support person
2153-MREFK,1,1,79,3599,Attitude of support person
3106-ULWFW,1,1,95,2887,Attitude of service provider
0925-VYDLG,1,1,83,5898,Attitude of service provider
4349-GFQHK,1,1,87,4212,Attitude of service provider
7802-EFKNY,1,1,79,5865,Attitude of support person
8035-BUYVG,1,1,67,5422,Attitude of support person
9787-XVQIU,1,1,100,3596,Attitude of support person
8945-MUQUF,1,1,94,5074,Attitude of service provider
8051-HJRLT,1,1,82,2146,Attitude of service provider
3023-GFLBR,1,1,66,3336,Attitude of service provider
0524-IAVZO,1,1,97,3698,Don't know
2737-YNGYW,1,1,69,2856,Attitude of support person
5159-YFPKQ,1,1,98,5270,Attitude of support person
4021-RQSNY,1,1,72,5137,Attitude of service provider
9061-TIHDA,1,1,97,2982,Attitude of service provider
8699-ASUFO,1,1,96,4969,Attitude of service provider
7927-AUXBZ,1,1,76,4417,Attitude of support person
4695-WJZUE,1,1,80,3685,Attitude of support person
7619-ODSGN,1,1,97,5699,Attitude of support person
3988-RQIXO,1,1,71,2371,Attitude of service provider
2514-GINMM,1,1,92,4490,Attitude of service provider
5931-FLJJF,1,1,83,3669,Attitude of service provider
2659-VXMWZ,1,1,85,4146,Attitude of support person
3207-OYBWH,1,1,86,6259,Attitude of support person
4285-GYRQC,1,1,89,3344,Attitude of support person
7216-EWTRS,1,1,65,3128,Attitude of service provider
8337-MSSXB,1,1,74,3677,Attitude of service provider
8182-BJDSI,1,1,90,2468,Attitude of service provider
2528-HFYZX,1,1,92,3266,Attitude of support person
2482-CZGBB,1,1,67,3156,Attitude of support person
0866-QLSIR,1,1,75,5189,Attitude of support person
7181-BQYBV,1,1,85,4811,Attitude of service provider
6204-IEUXJ,1,1,65,4330,Attitude of service provider
4529-CKBCL,1,1,85,4381,Attitude of service provider
2506-CLAKW,1,1,80,3578,Attitude of support person
1583-IHQZE,1,1,97,3965,Attitude of support person
0151-ONTOV,1,1,78,4739,Attitude of support person
4140-MUHUG,1,1,70,3561,Attitude of service provider
0320-JDNQG,1,1,83,3425,Don't know
7180-PISOG,1,1,75,5554,Attitude of service provider
3571-RFHAR,1,1,99,6001,Attitude of support person
9578-VRMNM,1,1,73,4722,Attitude of support person
1587-FKLZB,1,1,96,4479,Attitude of support person
6140-QNRQQ,1,1,98,5739,Attitude of service provider
4307-KTUMW,1,1,68,5543,Attitude of service provider
5440-FLBQG,1,1,73,4708,Attitude of service provider
7470-MCQTK,1,1,86,2655,Attitude of support person
7488-MXJIV,1,1,96,3223,Attitude of support person
2027-FECZV,1,1,92,2406,Attitude of support person
2672-DZUOY,1,1,99,5386,Attitude of service provider
3870-MQAMG,1,1,90,6189,Attitude of service provider
4800-CZMPC,1,1,71,4736,Attitude of service provider
7377-DMMRI,1,1,89,4134,Attitude of support person
8949-JTMAY,1,1,72,5144,Attitude of support person
2774-LVQUS,1,1,70,2596,Attitude of support person
3211-ILJTT,1,1,67,4469,Attitude of service provider
4612-THJBS,1,1,93,5605,Attitude of service provider
4094-NSEDU,1,1,73,4819,Attitude of service provider
5103-MHMHY,1,1,82,4563,Attitude of support person
1846-XWOQN,1,1,71,2825,Competitor made better offer
0235-KGSLC,1,1,86,3967,Moved
2884-GBPFB,1,1,79,5413,Moved
3757-NJYBX,1,1,65,4113,Moved
5136-KCKGI,1,1,76,4461,Competitor had better devices
3722-WPXTK,1,1,72,4254,Competitor offered higher download speeds
2929-ERCFZ,1,1,80,2939,Competitor offered more data
7548-SEPYI,1,1,74,5056,Competitor made better offer
8835-VSDSE,1,1,86,4559,Competitor had better devices
1623-NLDOT,1,1,82,2044,Competitor had better devices
9898-KZQDZ,1,1,95,5676,Competitor offered higher download speeds
5236-PERKL,1,1,89,4738,Competitor offered higher download speeds
7854-FOKSF,1,1,93,4747,Competitor offered higher download speeds
2519-FAKOD,1,1,76,5274,Competitor offered more data
8263-JQAIK,1,1,77,5573,Competitor offered more data
7089-IVVAZ,1,1,71,2363,Competitor offered more data
2205-YMZZJ,1,1,70,2015,Competitor made better offer
1254-IZEYF,1,1,96,5362,Competitor made better offer
9492-TOKRI,1,1,97,2708,Price too high
9221-OTIVJ,1,1,86,2292,Product dissatisfaction
3325-FUYCG,1,1,85,3770,Service dissatisfaction
5908-QMGOE,1,1,80,4553,Lack of self-service on Website
8481-YYXWG,1,1,70,4584,Network reliability
2609-IAICY,1,1,79,2756,Limited range of services
1740-CSDJP,1,1,88,2548,Lack of affordable download/upload speed
2636-OHFMN,1,1,97,3955,Long distance charges
1323-OOEPC,1,1,87,6481,Extra data charges
0397-GZBBC,1,1,85,5390,Price too high
7641-EUYET,1,1,72,5712,Product dissatisfaction
9921-ZVRHG,1,1,94,4155,Service dissatisfaction
4701-MLJPN,1,1,78,2933,Lack of self-service on Website
9206-GVPEQ,1,1,88,5212,Network reliability
1596-BBVTG,1,1,79,2785,Don't know
8433-WXGNA,1,1,82,4676,Don't know
3707-GNWHM,1,1,93,4750,Don't know
8922-LIEGH,1,1,82,4078,Poor expertise of online support
8245-UMPYT,1,1,80,2688,Poor expertise of phone support
5186-SAMNZ,1,1,77,3273,Price too high
5373-SFODM,1,1,82,3041,Product dissatisfaction
5766-ZJYBB,1,1,66,4152,Service dissatisfaction
8931-GJJIQ,1,1,97,3520,Lack of self-service on Website
4277-PVRAN,1,1,67,5071,Network reliability
0022-TCJCI,1,1,92,2654,Limited range of services
0203-HHYIJ,1,1,79,3779,Lack of affordable download/upload speed
0952-KMEEH,1,1,98,5525,Long distance charges
8178-EYZUO,1,1,70,3378,Extra data charges
5130-IEKQT,1,1,100,4283,Price too high
3230-WYKIR,1,1,79,3306,Product dissatisfaction
0407-BDJKB,1,1,88,4129,Service dissatisfaction
9600-UDOPK,1,1,68,4095,Lack of self-service on Website
4074-SJFFA,1,1,83,2614,Network reliability
3269-ATYWD,1,1,65,4892,Don't know
4910-GMJOT,1,1,96,4033,Don't know
0354-WYROK,1,1,98,4050,Don't know
7576-OYWBN,1,1,67,2930,Price too high
5539-TMZLF,1,1,69,5057,Product dissatisfaction
4323-SADQS,1,1,93,3520,Service dissatisfaction
4446-BZKHU,1,1,86,5011,Lack of self-service on Website
5202-IVJNU,1,1,72,3106,Network reliability
5976-JCJRH,1,1,94,2162,Limited range of services
0137-OCGAB,1,1,90,3056,Lack of affordable download/upload speed
3351-NQLDI,1,1,99,4348,Long distance charges
7593-JNWRU,1,1,90,4525,Extra data charges
4588-YBNIB,1,1,91,4205,Price too high
3336-JORSO,1,1,80,3401,Product dissatisfaction
5028-GZLDO,1,1,96,5317,Service dissatisfaction
6861-XWTWQ,1,1,90,2487,Lack of self-service on Website
6877-TJMBR,1,1,80,2627,Network reliability
6769-DCQLI,1,1,85,4630,Don't know
2433-KMEAS,1,1,71,2445,Don't know
2195-ZRVAX,1,1,97,3631,Don't know
3550-SAHFP,1,1,66,5456,Price too high
2011-TRQYE,1,1,82,5474,Product dissatisfaction
4873-ILOLJ,1,1,67,5546,Service dissatisfaction
2725-KXXWT,1,1,86,5460,Lack of self-service on Website
9565-DJPIB,1,1,87,4689,Network reliability
8348-HFYIV,1,1,90,5775,Limited range of services
6849-WLEYG,1,1,92,2611,Lack of affordable download/upload speed
4659-NZRUF,1,1,78,5830,Long distance charges
8429-XIBUM,1,1,77,4694,Extra data charges
2608-BHKFN,1,1,89,3600,Price too high
7341-LXCAF,1,1,87,4013,Product dissatisfaction
9462-MJUAW,1,1,92,4399,Service dissatisfaction
8128-YVJRG,1,1,81,4513,Lack of self-service on Website
4283-FUTGF,1,1,65,3715,Network reliability
1569-TTNYJ,1,1,72,3401,Don't know
2397-BRLOM,1,1,100,3443,Don't know
4749-VFKVB,1,1,90,4778,Don't know
7598-UAASY,1,1,71,4340,Attitude of service provider
7938-OUHIO,1,1,72,3916,Attitude of service provider
8510-AWCXC,1,1,65,3269,Attitude of support person
0431-APWVY,1,1,99,5958,Don't know
3426-NIYYL,1,1,66,2087,Attitude of support person
8225-BTJAU,1,1,87,3856,Attitude of service provider
3387-VATUS,1,1,69,5701,Attitude of service provider
1143-NMNQJ,1,1,95,2187,Attitude of service provider
0415-MOSGF,1,1,76,3204,Attitude of support person
1724-BQUHA,1,1,66,2718,Attitude of support person
4826-XTSOH,1,1,96,4843,Attitude of support person
2495-INZWQ,1,1,66,5605,Attitude of service provider
4139-SUGLD,1,1,77,2067,Attitude of service provider
6857-VWJDT,1,1,87,3473,Attitude of service provider
5624-BQSSA,1,1,70,4285,Attitude of support person
2408-WITXK,1,1,92,3244,Deceased
5577-OTWWW,1,1,69,2428,Moved
6100-QQHEB,1,1,99,5775,Moved
2634-HCZGT,1,1,77,5271,Moved
7503-QQRVF,1,1,81,2076,Competitor had better devices
2691-NZETQ,1,1,89,2752,Competitor offered higher download speeds
4404-HIBDJ,1,1,85,5175,Competitor offered more data
7295-JOMMD,1,1,87,2895,Competitor made better offer
5013-SBUIH,1,1,84,5855,Competitor had better devices
0709-TVGUR,1,1,69,3145,Competitor had better devices
6023-YEBUP,1,1,81,5351,Competitor offered higher download speeds
7209-JCUDS,1,1,83,2832,Competitor offered higher download speeds
3001-CBHLQ,1,1,79,3966,Competitor offered higher download speeds
6158-DWPZT,1,1,82,3195,Competitor offered more data
3763-GCZHZ,1,1,95,5504,Competitor offered more data
0772-GYEQQ,1,1,93,5202,Competitor offered more data
4831-EOBFE,1,1,70,5150,Don't know
4102-OQUPX,1,1,91,5429,Competitor made better offer
9170-GYZJC,1,1,84,4734,Price too high
3999-QGRJH,1,1,88,3068,Product dissatisfaction
2454-RPBRZ,1,1,97,2709,Service dissatisfaction
2002-MZHWP,1,1,76,3820,Lack of self-service on Website
2265-CYWIV,1,1,77,4708,Network reliability
2004-OCQXK,1,1,85,5622,Limited range of services
5027-QPKTE,1,1,82,4292,Lack of affordable download/upload speed
2672-HUYVI,1,1,68,2266,Long distance charges
7508-MYBOG,1,1,89,2177,Extra data charges
0148-DCDOS,1,1,82,5641,Price too high
9992-RRAMN,1,1,68,5248,Product dissatisfaction
0310-MVLET,1,1,77,5612,Service dissatisfaction
4550-VBOFE,1,1,99,5005,Lack of self-service on Website
5696-QURRL,1,1,73,2644,Network reliability
7409-KIUTL,1,1,72,5345,Don't know
1732-VHUBQ,1,1,82,4457,Don't know
0495-RVCBF,1,1,75,2066,Don't know
7854-EDSSA,1,1,77,2195,Poor expertise of online support
8869-TORSS,1,1,69,2681,Poor expertise of phone support
0679-IDSTG,1,1,87,4568,Price too high
2115-BFTIW,1,1,75,4881,Product dissatisfaction
0611-DFXKO,1,1,78,4594,Service dissatisfaction
7780-OTDSO,1,1,86,2421,Lack of self-service on Website
9747-DDZOS,1,1,74,4378,Network reliability
0564-JJHGS,1,1,90,5007,Limited range of services
3348-CFRNX,1,1,71,2990,Lack of affordable download/upload speed
1428-GTBJJ,1,1,81,4601,Long distance charges
8802-UNOJF,1,1,78,5565,Extra data charges
6313-GIDIT,1,1,65,6280,Price too high
2845-AFFTX,1,1,76,4726,Product dissatisfaction
2249-YPRNG,1,1,84,4223,Service dissatisfaction
7410-YTJIK,1,1,75,2872,Lack of self-service on Website
4626-GYCZP,1,1,79,3506,Network reliability
5590-BYNII,1,1,98,4152,Don't know
3237-AJGEH,1,1,67,5122,Don't know
1591-NFNLQ,1,1,91,4769,Don't know
2815-CPTUL,1,1,89,3684,Price too high
0596-BQCEQ,1,1,93,4120,Product dissatisfaction
1481-ZUWZA,1,1,80,5433,Service dissatisfaction
2309-OSFEU,1,1,84,2529,Lack of self-service on Website
1891-FZYSA,1,1,82,6363,Network reliability
7613-LLQFO,1,1,100,3330,Limited range of services
2640-PMGFL,1,1,100,2518,Lack of affordable download/upload speed
3801-HMYNL,1,1,68,3123,Long distance charges
9685-WKZGT,1,1,70,2075,Extra data charges
6022-UGGSO,1,1,90,2091,Price too high
4484-CGXFK,1,1,96,3190,Product dissatisfaction
6214-EDAKZ,1,1,79,5115,Service dissatisfaction
6127-ISGTU,1,1,67,3075,Lack of self-service on Website
8740-XLHDR,1,1,67,5824,Network reliability
1208-DNHLN,1,1,83,4580,Don't know
1761-AEZZR,1,1,72,5593,Don't know
3923-CSIHK,1,1,94,5746,Don't know
7120-RFMVS,1,1,73,4340,Price too high
7317-GGVPB,1,1,97,4982,Product dissatisfaction
1322-AGOQM,1,1,95,2243,Service dissatisfaction
3677-IYRBF,1,1,90,4002,Lack of self-service on Website
5692-FPTAH,1,1,67,2168,Network reliability
1550-LOAHA,1,1,74,4017,Limited range of services
0268-QKIWO,1,1,83,2647,Lack of affordable download/upload speed
0876-WDUUZ,1,1,90,3716,Long distance charges
0617-FHSGK,1,1,90,5283,Extra data charges
2858-MOFSQ,1,1,76,5472,Price too high
8118-LSUEL,1,1,79,5507,Product dissatisfaction
7005-CCBKV,1,1,77,4539,Service dissatisfaction
4250-FDVOU,1,1,95,4110,Lack of self-service on Website
5277-ZLOOR,1,1,86,5512,Network reliability
2141-RRYGO,1,1,76,5274,Don't know
6376-GAHQE,1,1,65,2140,Don't know
5052-PNLOS,1,1,65,3662,Don't know
6979-ZNSFF,1,1,69,2545,Price too high
2386-LAHRK,1,1,80,5094,Product dissatisfaction
6032-IGALN,1,1,79,4769,Service dissatisfaction
4248-HCETZ,1,1,73,2174,Lack of self-service on Website
0516-WJVXC,1,1,78,5476,Network reliability
9174-FKWZE,1,1,78,3848,Limited range of services
8809-RIHDD,1,1,83,5055,Lack of affordable download/upload speed
4822-NGOCH,1,1,74,5801,Long distance charges
5307-DZCVC,1,1,74,2431,Extra data charges
8679-JOEVF,1,1,87,5556,Price too high
1432-FPAXX,1,1,77,3615,Product dissatisfaction
4803-AXVYP,1,1,100,3474,Service dissatisfaction
3884-HCSWG,1,1,70,4390,Lack of self-service on Website
5077-DXTCG,1,1,86,2293,Network reliability
1142-WACZW,1,1,95,4268,Don't know
5649-ANRML,1,1,90,4486,Don't know
4892-VLANZ,1,1,96,5600,Don't know
2919-HBCJO,1,1,97,4580,Moved
4236-XPXAV,1,1,74,2283,Moved
3030-YZADT,1,1,66,5023,Competitor had better devices
7410-KTVFV,1,1,97,2815,Competitor offered higher download speeds
8393-DLHGA,1,1,68,2241,Competitor offered more data
7395-IGJOS,1,1,79,3443,Competitor made better offer
2834-SPCJV,1,1,75,6216,Competitor had better devices
7890-VYYWG,1,1,89,3766,Competitor had better devices
9907-SWKKF,1,1,65,4842,Competitor offered higher download speeds
0587-DMGBH,1,1,75,2269,Competitor offered higher download speeds
6397-JNZZG,1,1,85,2573,Competitor offered higher download speeds
3523-QRQLL,1,1,94,5922,Competitor offered more data
0895-DQHEW,1,1,77,4019,Competitor offered more data
8149-RSOUN,1,1,78,3014,Competitor offered more data
7250-EQKIY,1,1,75,2426,Competitor made better offer
4013-UBXWQ,1,1,67,4612,Competitor made better offer
5519-NPHVG,1,1,73,3975,Price too high
8849-GYOKR,1,1,90,4893,Product dissatisfaction
3148-BLQJT,1,1,80,5747,Service dissatisfaction
0461-CVKMU,1,1,80,5737,Lack of self-service on Website
8806-EAGWC,1,1,78,5698,Network reliability
7779-LGOVN,1,1,84,4990,Limited range of services
9710-ZUSHQ,1,1,92,5849,Lack of affordable download/upload speed
4183-WCSEP,1,1,72,3091,Long distance charges
5498-TXHLF,1,1,98,3358,Extra data charges
9722-UJOJR,1,1,73,2663,Price too high
3902-FOIGH,1,1,68,3967,Product dissatisfaction
6772-KSATR,1,1,83,5574,Service dissatisfaction
7112-OPOTK,1,1,100,5647,Lack of self-service on Website
4210-QFJMF,1,1,68,5762,Network reliability
3318-OSATS,1,1,91,2080,Don't know
5828-AVIPD,1,1,73,4072,Don't know
1086-LXKFY,1,1,92,4779,Don't know
2636-ALXXZ,1,1,74,2151,Poor expertise of online support
7774-OJSXI,1,1,65,5387,Poor expertise of phone support
7786-WBJYI,1,1,89,5365,Price too high
9885-CSMWE,1,1,67,2139,Product dissatisfaction
5016-ETTFF,1,1,69,3797,Service dissatisfaction
3866-MDTUB,1,1,72,3257,Lack of self-service on Website
8058-JMEQO,1,1,95,3543,Network reliability
0697-ZMSWS,1,1,87,2330,Limited range of services
7657-DYEPJ,1,1,82,2645,Lack of affordable download/upload speed
8276-MQBYC,1,1,81,6204,Long distance charges
7593-XFKDI,1,1,73,3017,Extra data charges
0337-CNPZE,1,1,85,5383,Price too high
1513-XNPPH,1,1,79,5047,Product dissatisfaction
6015-VVHHE,1,1,96,2516,Service dissatisfaction
6347-DCUIK,1,1,90,4231,Lack of self-service on Website
0897-FEGMU,1,1,84,5286,Network reliability
7663-RGWBC,1,1,97,4773,Don't know
1120-BMWUB,1,1,65,5091,Don't know
9124-LHCJQ,1,1,100,2318,Price too high
2235-ZGKPT,1,1,90,5386,Product dissatisfaction
3891-PUQOD,1,1,65,5020,Service dissatisfaction
0689-NKYLF,1,1,86,4028,Lack of self-service on Website
3658-KIBGF,1,1,89,2833,Network reliability
5519-YLDGW,1,1,91,3769,Limited range of services
4946-EDSEW,1,1,69,5638,Lack of affordable download/upload speed
2516-VQRRV,1,1,65,3350,Long distance charges
7580-UGXNC,1,1,96,3016,Extra data charges
5178-LMXOP,1,1,70,5795,Price too high
8185-UPYBR,1,1,88,5838,Product dissatisfaction
4585-HETAI,1,1,83,5026,Service dissatisfaction
7526-BEZQB,1,1,89,2577,Lack of self-service on Website
4951-UKAAQ,1,1,72,5948,Network reliability
2108-YKQTY,1,1,90,4930,Don't know
4918-QLLIW,1,1,65,2755,Don't know
7056-IMHCC,1,1,94,5884,Price too high
1625-JAIIY,1,1,86,4714,Product dissatisfaction
2947-DOMLJ,1,1,82,3677,Service dissatisfaction
4112-LUEIZ,1,1,84,4206,Lack of self-service on Website
4510-HIMLV,1,1,90,4154,Network reliability
8749-JMNKX,1,1,83,4788,Limited range of services
2430-USGXP,1,1,66,4766,Lack of affordable download/upload speed
5955-ERIHD,1,1,72,2206,Long distance charges
0917-EZOLA,1,1,74,5925,Extra data charges
5949-EBSQK,1,1,83,2131,Price too high
7274-RTAPZ,1,1,89,3898,Product dissatisfaction
0311-UNPFF,1,1,82,4910,Service dissatisfaction
3834-XUIFC,1,1,86,3905,Lack of self-service on Website
8414-MYSHR,1,1,78,2834,Network reliability
7599-FKVXZ,1,1,93,2265,Don't know
8229-TNIQA,1,1,99,3443,Don't know
6221-AVQYL,1,1,78,2919,Price too high
7743-EXURX,1,1,77,3758,Product dissatisfaction
5569-KGJHX,1,1,95,2445,Service dissatisfaction
4988-IQIGL,1,1,92,4403,Lack of self-service on Website
7730-IUTDZ,1,1,68,4673,Network reliability
0426-TIRNE,1,1,97,5527,Limited range of services
7587-RZNME,1,1,91,4849,Lack of affordable download/upload speed
0748-RDGGM,1,1,82,6136,Long distance charges
4706-AXVKM,1,1,67,5118,Extra data charges
5889-JTMUL,1,1,92,5863,Price too high
9026-RNUJS,1,1,81,4618,Product dissatisfaction
3746-EUBYR,1,1,75,5861,Service dissatisfaction
2332-EFBJY,1,1,82,3438,Lack of self-service on Website
9474-PHLYD,1,1,68,5129,Network reliability
2165-VOEGB,1,1,99,3322,Don't know
2219-MVUSO,1,1,100,3721,Don't know
8914-RBTSB,1,1,79,4115,Don't know
0963-ZBDRN,1,1,93,3606,Attitude of support person
7594-RQHXR,1,1,94,3108,Deceased
6331-EWIEB,1,1,92,2414,Moved
5998-VVEJY,1,1,72,2729,Moved
1624-NALOJ,1,1,88,2960,Moved
4317-VTEOA,1,1,93,5355,Competitor had better devices
1670-SVOWZ,1,1,98,2504,Competitor offered higher download speeds
7541-YLXCL,1,1,71,5220,Don't know
0260-ZDLGK,1,1,65,3585,Competitor made better offer
8722-NGNBH,1,1,80,3125,Competitor had better devices
6210-KBBPI,1,1,93,2313,Competitor had better devices
0133-BMFZO,1,1,94,3529,Competitor offered higher download speeds
6128-CZOMY,1,1,78,4689,Competitor offered higher download speeds
9540-JYROE,1,1,75,2899,Competitor offered higher download speeds
2260-USTRB,1,1,67,2767,Competitor offered more data
3656-TKRVZ,1,1,65,5787,Competitor offered more data
8623-TMRBY,1,1,74,6245,Competitor offered more data
1501-SGHBW,1,1,81,3843,Competitor made better offer
3208-YPIOE,1,1,96,4696,Competitor made better offer
2612-RANWT,1,1,96,3682,Price too high
6900-PXRMS,1,1,100,3157,Product dissatisfaction
3346-BRMIS,1,1,92,2167,Service dissatisfaction
2933-FILNV,1,1,91,2635,Lack of self-service on Website
9986-BONCE,1,1,85,5822,Network reliability
2722-JMONI,1,1,76,4989,Limited range of services
4083-EUGRJ,1,1,98,3361,Lack of affordable download/upload speed
7579-OOPEC,1,1,78,5461,Long distance charges
1771-OADNZ,1,1,95,2151,Extra data charges
0612-RTZZA,1,1,87,4628,Price too high
6410-LEFEN,1,1,73,3757,Product dissatisfaction
3194-ORPIK,1,1,80,5135,Service dissatisfaction
8816-VXNZD,1,1,83,4335,Lack of self-service on Website
9378-FXTIZ,1,1,95,4596,Network reliability
1723-HKXJQ,1,1,66,5545,Don't know
7825-GKXMW,1,1,78,5973,Don't know
1240-KNSEZ,1,1,95,4933,Don't know
0836-SEYLU,1,1,98,4800,Poor expertise of online support
4433-JCGCG,1,1,88,2436,Poor expertise of phone support
3716-BDVDB,1,1,82,5795,Competitor had better devices
5899-MQZZL,1,1,68,2189,Competitor offered higher download speeds
6849-OYAMU,1,1,71,2608,Competitor offered more data
9488-HGMJH,1,1,85,5287,Competitor made better offer
6038-GCYEC,1,1,95,5153,Competitor had better devices
1150-WFARN,1,1,90,5516,Competitor had better devices
3144-AUDBS,1,1,86,5271,Competitor offered higher download speeds
5616-PRTNT,1,1,86,3785,Competitor offered higher download speeds
4818-QIUFN,1,1,95,4997,Competitor offered higher download speeds
6961-VCPMC,1,1,75,4876,Competitor offered more data
6688-UZPWD,1,1,88,5750,Competitor offered more data
2839-RFSQE,1,1,83,3845,Competitor offered more data
0968-GSIKN,1,1,73,3901,Competitor made better offer
1965-DDBWU,1,1,87,5953,Competitor made better offer
9057-SIHCH,1,1,72,3260,Price too high
6771-XWBDM,1,1,80,4471,Product dissatisfaction
8601-QACRS,1,1,94,2353,Service dissatisfaction
2391-SOORI,1,1,83,5858,Lack of self-service on Website
2645-QTLMB,1,1,99,5267,Network reliability
4806-HIPDW,1,1,75,5644,Limited range of services
4424-TKOPW,1,1,70,4998,Lack of affordable download/upload speed
8443-ZRDBZ,1,1,75,3685,Long distance charges
9136-ALYBR,1,1,65,2121,Extra data charges
7479-NITWS,1,1,91,4154,Price too high
2959-MJHIC,1,1,65,4167,Product dissatisfaction
4201-JMNGR,1,1,87,5527,Service dissatisfaction
5960-WPXQM,1,1,80,3555,Lack of self-service on Website
0684-AOSIH,1,1,82,4489,Network reliability
8260-NGFNY,1,1,82,3196,Don't know
1866-RZZQS,1,1,100,2169,Competitor had better devices
8631-NBHFZ,1,1,73,5910,Competitor offered higher download speeds
4958-XCBDQ,1,1,92,3689,Competitor offered more data
8337-UPOAQ,1,1,76,5124,Competitor made better offer
1725-IQNIY,1,1,90,6274,Competitor had better devices
6598-RFFVI,1,1,94,2279,Competitor had better devices
6712-OAWRH,1,1,76,5154,Competitor offered higher download speeds
8614-VGMMV,1,1,86,5209,Competitor offered higher download speeds
2930-UOTMB,1,1,68,4403,Competitor offered higher download speeds
5914-DVBWJ,1,1,99,5145,Competitor offered more data
2533-QVMSK,1,1,71,6295,Competitor offered more data
8644-XLFBW,1,1,84,5674,Competitor offered more data
8625-AZYZY,1,1,72,4734,Competitor made better offer
9306-CPCBC,1,1,94,3207,Competitor made better offer
1833-VGRUM,1,1,71,4684,Price too high
8374-XGEJJ,1,1,87,3123,Product dissatisfaction
2656-TABEH,1,1,82,2650,Service dissatisfaction
6946-LMSQS,1,1,97,2673,Lack of self-service on Website
2325-ZUSFD,1,1,81,4669,Network reliability
3932-CMDTD,1,1,66,4663,Limited range of services
4039-HEUNW,1,1,82,4652,Lack of affordable download/upload speed
0812-WUPTB,1,1,69,3022,Long distance charges
3594-UVONA,1,1,99,3833,Extra data charges
0004-TLHLJ,1,1,71,4479,Price too high
5089-IFSDP,1,1,89,6424,Product dissatisfaction
4817-VYYWS,1,1,90,3598,Service dissatisfaction
1396-QWFBJ,1,1,91,5630,Lack of self-service on Website
5299-SJCZT,1,1,73,4480,Network reliability
2403-BCASL,1,1,93,3711,Don't know
2898-LSJGD,1,1,74,5531,Attitude of service provider
7359-PTSXY,1,1,97,3531,Attitude of support person
4503-BDXBD,1,1,76,4251,Attitude of support person
6086-ESGRL,1,1,72,3947,Attitude of support person
3886-CERTZ,1,1,97,4261,Attitude of service provider
5759-RCVCB,1,1,100,5450,Attitude of service provider
6372-RFVNS,1,1,87,5075,Attitude of service provider
8938-UMKPI,1,1,99,4804,Attitude of support person
0991-BRRFB,1,1,75,4028,Deceased
3871-IKPYH,1,1,83,2767,Moved
6319-IEJWJ,1,1,85,2058,Moved
9025-AOMKI,1,1,71,5617,Moved
5275-SQEIZ,1,1,77,3096,Competitor had better devices
7716-YTYHG,1,1,93,3365,Competitor offered higher download speeds
4390-KYULV,1,1,90,4115,Competitor offered more data
1304-NECVQ,1,1,92,5203,Competitor made better offer
8945-GRKHX,1,1,81,2728,Competitor had better devices
6959-UWKHF,1,1,87,4895,Competitor had better devices
3815-SLMEF,1,1,88,2802,Competitor offered higher download speeds
5154-VEKBL,1,1,95,3032,Competitor offered higher download speeds
5655-JSMZM,1,1,74,5904,Competitor offered higher download speeds
4505-EXZHB,1,1,100,3964,Competitor offered more data
4587-VVTOX,1,1,90,4163,Competitor offered more data
4652-NNHNY,1,1,77,3226,Don't know
8972-HJWNV,1,1,80,5245,Competitor made better offer
8515-OCTJS,1,1,94,4931,Competitor made better offer
2860-RANUS,1,1,75,3336,Price too high
5261-QSHQM,1,1,70,4909,Product dissatisfaction
8868-WOZGU,1,1,72,2464,Service dissatisfaction
1334-FJSVR,1,1,85,2846,Lack of self-service on Website
7625-XCQRH,1,1,76,2291,Network reliability
1731-TVIUK,1,1,73,4554,Limited range of services
0406-BPDVR,1,1,68,6405,Lack of affordable download/upload speed
0618-XWMSS,1,1,98,5392,Long distance charges
5276-KQWHG,1,1,74,4596,Extra data charges
2565-JSLRY,1,1,67,3162,Price too high
6689-KXGBO,1,1,87,3420,Product dissatisfaction
6615-NGGZJ,1,1,72,5224,Service dissatisfaction
4255-DDUOU,1,1,76,2398,Lack of self-service on Website
2984-MIIZL,1,1,71,5882,Network reliability
5590-YRFJT,1,1,94,3298,Don't know
3677-TNKIO,1,1,95,3228,Don't know
9667-EQRXU,1,1,94,3016,Don't know
3329-WDIOK,1,1,83,4800,Poor expertise of online support
2873-ZLIWT,1,1,99,5764,Poor expertise of phone support
3415-TAILE,1,1,96,4265,Competitor had better devices
1915-IOFGU,1,1,90,4123,Competitor offered higher download speeds
3045-XETSH,1,1,97,3074,Competitor offered more data
7239-HZZCX,1,1,100,4851,Competitor made better offer
7683-CBDKJ,1,1,90,2881,Competitor had better devices
0946-CLJTI,1,1,91,4662,Competitor had better devices
0628-CNQRM,1,1,76,3378,Don't know
7665-TOALD,1,1,79,2412,Competitor offered higher download speeds
0112-QWPNC,1,1,73,6452,Competitor offered higher download speeds
0324-BRPCJ,1,1,70,4481,Competitor offered more data
2777-PHDEI,1,1,98,3458,Competitor offered more data
1196-AMORA,1,1,87,2679,Competitor offered more data
4282-YMKNA,1,1,82,5003,Competitor made better offer
5356-RHIPP,1,1,81,5355,Competitor made better offer
9189-JWSHV,1,1,100,4937,Price too high
0746-JTRFU,1,1,77,4810,Product dissatisfaction
0576-WNXXC,1,1,75,2999,Service dissatisfaction
4628-CTTLA,1,1,66,4917,Lack of self-service on Website
2876-VBBBL,1,1,85,2783,Network reliability
6834-NXDCA,1,1,82,2967,Limited range of services
5597-GLBUC,1,1,95,4931,Lack of affordable download/upload speed
2748-MYRVK,1,1,71,4776,Long distance charges
4822-YCXMX,1,1,70,4203,Extra data charges
9821-POOTN,1,1,94,4639,Price too high
6559-ILWKJ,1,1,95,4879,Product dissatisfaction
4229-CZMLL,1,1,87,4160,Service dissatisfaction
3663-MITLP,1,1,85,3968,Lack of self-service on Website
9025-ZRPVR,1,1,78,5403,Network reliability
3285-UCQVC,1,1,82,4429,Don't know
5482-PLVPE,1,1,72,3278,Competitor had better devices
4902-OHLSK,1,1,93,4235,Competitor offered higher download speeds
0495-ZBNGW,1,1,90,4324,Competitor offered more data
2357-COQEK,1,1,78,4136,Competitor made better offer
3737-GCSPV,1,1,92,3101,Competitor had better devices
4088-YLDSU,1,1,86,4369,Competitor had better devices
2034-CGRHZ,1,1,66,5245,Competitor offered higher download speeds
5797-APWZC,1,1,92,2540,Competitor offered higher download speeds
3683-QKIUE,1,1,88,4713,Competitor offered higher download speeds
4228-ZGYUW,1,1,98,3212,Competitor offered more data
3519-ZKXGG,1,1,79,4062,Competitor offered more data
6416-TVAIH,1,1,89,5753,Competitor offered more data
5108-ADXWO,1,1,75,4509,Competitor made better offer
3066-RRJIO,1,1,65,5341,Competitor made better offer
6715-OFDBP,1,1,84,4944,Price too high
1567-DSCIC,1,1,71,2632,Product dissatisfaction
2150-UWTFY,1,1,87,4626,Service dissatisfaction
2683-BPJSO,1,1,99,2651,Lack of self-service on Website
2157-MXBJS,1,1,89,4800,Network reliability
9360-AHGNL,1,1,69,5863,Limited range of services
1087-UDSIH,1,1,81,5000,Lack of affordable download/upload speed
5485-WUYWF,1,1,87,4522,Long distance charges
2632-UCGVD,1,1,72,4512,Extra data charges
5445-PZWGX,1,1,87,5090,Price too high
9170-CCKOU,1,1,91,2026,Product dissatisfaction
1043-YCUTE,1,1,79,6484,Service dissatisfaction
3814-MLAXC,1,1,67,2554,Lack of self-service on Website
1226-UDFZR,1,1,78,3599,Network reliability
6425-YQLLO,1,1,86,6117,Don't know
5442-UTCVD,1,1,91,2704,Attitude of service provider
7734-DBOAI,1,1,93,5434,Attitude of support person
2091-RFFBA,1,1,75,2560,Attitude of support person
2114-MGINA,1,1,81,4107,Attitude of support person
4489-SNOJF,1,1,83,5898,Don't know
6899-PPEEA,1,1,81,4448,Attitude of service provider
2187-LZGPL,1,1,68,4414,Attitude of service provider
4597-NUCQV,1,1,87,4287,Attitude of support person
9019-QVLZD,1,1,81,5082,Competitor made better offer
3707-LRWZD,1,1,68,3553,Moved
1455-ESIQH,1,1,79,2905,Moved
2979-SXESE,1,1,66,4103,Moved
4013-TLDHQ,1,1,72,3666,Competitor had better devices
3754-DXMRT,1,1,86,5655,Competitor offered higher download speeds
7130-VTEWQ,1,1,92,4174,Competitor offered more data
6121-VZNQB,1,1,84,5890,Competitor made better offer
7903-CMPEY,1,1,87,4138,Competitor had better devices
6996-KNSML,1,1,73,5919,Competitor had better devices
1704-NRWYE,1,1,71,5242,Competitor offered higher download speeds
2592-SEIFQ,1,1,69,3503,Competitor offered higher download speeds
7481-ATQQS,1,1,70,5651,Competitor offered higher download speeds
8642-GVWRF,1,1,65,3039,Competitor offered more data
3400-ESFUW,1,1,69,5463,Competitor offered more data
2057-ZBLPD,1,1,72,2036,Competitor offered more data
5502-RLUYV,1,1,86,4283,Competitor made better offer
0023-HGHWL,1,1,85,5437,Competitor made better offer
9039-RBEEE,1,1,80,3080,Price too high
8417-FMLZI,1,1,91,4242,Product dissatisfaction
1792-UXAFY,1,1,89,5082,Service dissatisfaction
0515-YPMCW,1,1,90,3525,Lack of self-service on Website
0378-XSZPU,1,1,88,4026,Network reliability
4729-XKASR,1,1,96,3001,Limited range of services
5449-FIBXJ,1,1,67,2349,Lack of affordable download/upload speed
9837-BMCLM,1,1,71,3567,Long distance charges
0137-UDEUO,1,1,95,3398,Extra data charges
6161-UUUTA,1,1,97,4367,Price too high
6543-XRMYR,1,1,69,3548,Product dissatisfaction
4925-LMHOK,1,1,97,2003,Service dissatisfaction
1455-UGQVH,1,1,91,4501,Lack of self-service on Website
8280-MQRQN,1,1,69,2806,Network reliability
2037-SGXHH,1,1,71,3498,Don't know
3178-FESZO,1,1,100,5797,Don't know
6087-MVHJH,1,1,88,5186,Don't know
4603-JANFB,1,1,97,4548,Poor expertise of online support
3018-TFTSU,1,1,76,2850,Poor expertise of phone support
4806-KEXQR,1,1,77,4669,Competitor had better devices
7083-YNSKY,1,1,86,2853,Competitor offered higher download speeds
2479-BRAMR,1,1,71,4995,Competitor offered more data
7434-SHXLS,1,1,82,5421,Competitor made better offer
7908-QCBCA,1,1,65,2404,Competitor had better devices
6711-FLDFB,1,1,68,5159,Competitor had better devices
3714-JTVOV,1,1,94,2322,Competitor offered higher download speeds
4702-IOQDC,1,1,100,2007,Competitor offered higher download speeds
6178-KFNHS,1,1,98,3545,Competitor offered higher download speeds
1264-BYWMS,1,1,82,4089,Competitor offered more data
9658-WYUFB,1,1,66,2825,Competitor offered more data
2013-SGDXK,1,1,78,2172,Competitor offered more data
8580-QVLOC,1,1,78,5697,Competitor made better offer
2012-NWRPA,1,1,71,3172,Competitor made better offer
8808-ELEHO,1,1,72,3812,Price too high
3506-LCJDC,1,1,76,4860,Product dissatisfaction
3934-HXCFZ,1,1,76,5338,Service dissatisfaction
7666-WKRON,1,1,85,2224,Lack of self-service on Website
4910-AQFFX,1,1,93,4533,Network reliability
2154-KVJFF,1,1,65,2813,Limited range of services
9647-ERGBE,1,1,100,4664,Lack of affordable download/upload speed
3428-XZMAZ,1,1,91,5796,Long distance charges
0378-TOVMS,1,1,89,5641,Extra data charges
4355-HBJHH,1,1,77,6289,Price too high
9058-CBREO,1,1,95,3357,Product dissatisfaction
0318-QUUOB,1,1,91,4273,Service dissatisfaction
5520-FVEWJ,1,1,84,4154,Lack of self-service on Website
5572-ZDXHY,1,1,85,5313,Network reliability
3750-CKVKH,1,1,71,2299,Don't know
8063-GBATB,1,1,80,5172,Competitor had better devices
4547-KQRTM,1,1,76,3740,Competitor offered higher download speeds
4877-EVATK,1,1,83,3657,Competitor offered more data
7639-SUPCW,1,1,100,2270,Competitor made better offer
1069-XAIEM,1,1,96,2975,Competitor had better devices
4658-HCOHW,1,1,100,3123,Competitor had better devices
3440-JPSCL,1,1,87,3722,Competitor offered higher download speeds
2889-FPWRM,1,1,100,4432,Competitor offered higher download speeds
6987-XQSJT,1,1,78,5684,Competitor offered higher download speeds
4290-BSXUX,1,1,87,5036,Competitor offered more data
0325-XBFAC,1,1,94,5811,Competitor offered more data
2462-XIIJB,1,1,73,2810,Competitor offered more data
4760-XOHVN,1,1,84,2865,Competitor made better offer
7817-BOQPW,1,1,77,4320,Competitor made better offer
1853-UDXBW,1,1,85,2485,Price too high
5458-CQJTA,1,1,89,5207,Product dissatisfaction
5219-YIPTK,1,1,71,3185,Service dissatisfaction
3540-RZJYU,1,1,90,5829,Lack of self-service on Website
2091-MJTFX,1,1,79,4568,Network reliability
0883-EIBTI,1,1,82,2484,Limited range of services
0722-TROQR,1,1,78,2122,Lack of affordable download/upload speed
7571-YXDAD,1,1,93,2078,Long distance charges
3393-FMZPV,1,1,74,2195,Extra data charges
6402-ZFPPI,1,1,94,4969,Price too high
7486-KSRVI,1,1,93,4760,Product dissatisfaction
8443-WVPSS,1,1,69,4243,Service dissatisfaction
3006-XIMLN,1,1,79,5299,Lack of self-service on Website
9965-YOKZB,1,1,71,3723,Network reliability
0504-HHAPI,1,1,96,2420,Don't know
6305-YLBMM,1,1,100,4254,Attitude of service provider
3647-GMGDH,1,1,72,5615,Attitude of support person
3791-LGQCY,1,1,85,4803,Attitude of support person
8166-ZZTFS,1,1,94,4400,Attitude of support person
2956-GGUCQ,1,1,65,3079,Attitude of service provider
6595-COKXZ,1,1,65,4879,Attitude of service provider
0362-ZBZWJ,1,1,69,2455,Attitude of service provider
4211-MMAZN,1,1,89,2959,Attitude of support person
4274-OWWYO,1,1,66,5633,Deceased
1541-ETJZO,1,1,86,2937,Moved
4106-HADHQ,1,1,76,2704,Moved
2369-UAPKZ,1,1,76,3131,Moved
2778-OCLGR,1,1,89,4591,Competitor had better devices
0637-KVDLV,1,1,80,5944,Don't know
6633-MPWBS,1,1,73,4336,Competitor offered more data
8785-EPNCG,1,1,65,5671,Competitor made better offer
5729-KLZAR,1,1,73,2961,Competitor had better devices
1582-RAFML,1,1,88,5654,Competitor had better devices
8740-CRYFY,1,1,75,2038,Competitor offered higher download speeds
2962-XPMCQ,1,1,81,2699,Competitor offered higher download speeds
1678-FYZOW,1,1,97,2448,Competitor offered higher download speeds
8627-EHGIP,1,1,100,3051,Competitor offered more data
5480-TBGPH,1,1,69,4811,Competitor offered more data
8854-CCVSQ,1,1,95,3788,Competitor offered more data
0511-JTEOY,1,1,98,5824,Competitor made better offer
7067-KSAZT,1,1,69,5965,Competitor made better offer
6532-YLWSI,1,1,78,4166,Price too high
9300-AGZNL,1,1,67,4176,Product dissatisfaction
1112-CUNAO,1,1,99,2668,Service dissatisfaction
5175-AOBHI,1,1,97,5246,Lack of self-service on Website
5174-RNGBH,1,1,67,5515,Network reliability
7270-BDIOA,1,1,95,4739,Limited range of services
9565-JSNFM,1,1,82,5437,Lack of affordable download/upload speed
0607-DAAHE,1,1,66,6265,Long distance charges
9732-KPKBW,1,1,90,2771,Extra data charges
3389-YGYAI,1,1,72,5546,Price too high
9560-ARGQJ,1,1,83,2335,Product dissatisfaction
5134-IKDAY,1,1,96,2123,Service dissatisfaction
3070-DVEYC,1,1,84,5638,Lack of self-service on Website
5707-ORNDZ,1,1,79,4656,Network reliability
8696-JKZNU,1,1,100,5859,Don't know
5380-AFSSK,1,1,92,5435,Don't know
2055-PDADH,1,1,67,2491,Don't know
8714-EUHJO,1,1,83,5219,Poor expertise of online support
3721-CNEYS,1,1,94,5390,Poor expertise of phone support
2568-OIADY,1,1,92,4233,Competitor had better devices
1193-RTSLK,1,1,82,2157,Competitor offered higher download speeds
2302-ANTDP,1,1,67,5915,Competitor offered more data
5923-GXUOC,1,1,84,5035,Competitor made better offer
5233-GEEAX,1,1,85,5971,Competitor had better devices
4432-ADRLB,1,1,99,4655,Competitor had better devices
8993-PHFWD,1,1,76,2088,Competitor offered higher download speeds
1565-RHDJD,1,1,95,5552,Competitor offered higher download speeds
7137-RYLPP,1,1,86,4712,Competitor offered higher download speeds
3765-JXVKY,1,1,75,4692,Competitor offered more data
7330-WZLNC,1,1,73,5090,Competitor offered more data
3957-LXOLK,1,1,83,5030,Competitor offered more data
6635-MYYYZ,1,1,73,2313,Competitor made better offer
5281-BUZGT,1,1,92,5692,Competitor made better offer
5378-IKEEG,1,1,70,3351,Price too high
2718-GAXQD,1,1,92,4797,Product dissatisfaction
6413-XKKPU,1,1,96,2544,Service dissatisfaction
1449-XQEMT,1,1,79,4323,Lack of self-service on Website
2626-URJFX,1,1,69,5691,Network reliability
2612-RRIDN,1,1,88,3591,Limited range of services
4735-ASGMA,1,1,99,4997,Lack of affordable download/upload speed
3669-LVWZB,1,1,86,4630,Long distance charges
6892-EZDTG,1,1,90,2140,Extra data charges
9725-SCPZG,1,1,80,5086,Price too high
5884-GCYMI,1,1,84,2847,Product dissatisfaction
3217-FZDMN,1,1,83,3676,Service dissatisfaction
7853-GVUDZ,1,1,70,4277,Lack of self-service on Website
7480-QNVZJ,1,1,73,4287,Network reliability
3943-KDREE,1,1,76,2934,Don't know
9239-ZBZZV,1,1,80,2240,Competitor had better devices
4398-HSCJH,1,1,70,3155,Competitor offered higher download speeds
4430-UZIPO,1,1,91,5825,Competitor offered more data
4855-SNKMY,1,1,70,5955,Competitor made better offer
8008-HAWED,1,1,82,4883,Competitor had better devices
7124-UGSUR,1,1,84,4412,Competitor had better devices
1862-SKORY,1,1,99,2296,Competitor offered higher download speeds
1502-XFCVR,1,1,82,5902,Competitor offered higher download speeds
9692-TUSXH,1,1,97,5581,Competitor offered higher download speeds
7912-SYRQT,1,1,96,5514,Competitor offered more data
4816-JBHOV,1,1,98,4618,Competitor offered more data
8292-TYSPY,1,1,73,4539,Competitor offered more data
1867-BDVFH,1,1,80,5075,Competitor made better offer
2359-QWQUL,1,1,68,2371,Competitor made better offer
9103-TCIHJ,1,1,73,4519,Price too high
4140-WJAWW,1,1,99,3799,Product dissatisfaction
6653-CBBOM,1,1,88,5963,Service dissatisfaction
3247-ZVOUO,1,1,81,3336,Lack of self-service on Website
6101-IMRMM,1,1,100,3469,Network reliability
1268-ASBGA,1,1,66,5769,Limited range of services
8943-URTMR,1,1,100,5082,Lack of affordable download/upload speed
4713-LZDRV,1,1,94,4322,Long distance charges
4325-NFSKC,1,1,87,2373,Extra data charges
2955-PSXOE,1,1,98,3061,Price too high
7762-URZQH,1,1,83,5602,Product dissatisfaction
6907-NZZIJ,1,1,75,4188,Service dissatisfaction
2911-UREFD,1,1,67,5632,Lack of self-service on Website
3744-ZRRDZ,1,1,90,2902,Network reliability
5673-TIYIB,1,1,86,3620,Don't know
1602-IJQQE,1,1,92,2220,Attitude of service provider
4628-WQCQQ,1,1,81,5928,Attitude of support person
1644-IRKSF,1,1,76,5080,Attitude of support person
3705-PSNGL,1,1,87,5398,Attitude of support person
6502-HCJTI,1,1,75,3591,Attitude of service provider
2606-RMDHZ,1,1,93,4667,Attitude of service provider
8258-GSTJK,1,1,96,3128,Attitude of service provider
6861-OKBCE,1,1,95,4500,Attitude of support person
9940-RHLFB,1,1,66,2176,Competitor made better offer
2995-UPRYS,1,1,69,5098,Moved
6686-YPGHK,1,1,68,3645,Moved
1383-EZRWL,1,1,89,5595,Moved
4759-TRPLW,1,1,70,4238,Competitor had better devices
8563-IIOXK,1,1,75,5651,Competitor offered higher download speeds
8020-BWHYL,1,1,99,4526,Competitor offered more data
2982-VPSGI,1,1,67,2120,Competitor made better offer
8199-ZLLSA,1,1,91,6255,Competitor had better devices
4625-EWPTF,1,1,94,4549,Competitor had better devices
5980-NOPLP,1,1,87,5606,Competitor offered higher download speeds
6892-XPFPU,1,1,80,2104,Competitor offered higher download speeds
8010-EZLOU,1,1,76,4958,Competitor offered higher download speeds
9874-QLCLH,1,1,79,2365,Competitor offered more data
8062-YBDOE,1,1,78,5844,Don't know
6000-APYLU,1,1,90,3890,Competitor offered more data
0947-IDHRQ,1,1,75,3949,Competitor made better offer
3672-YITQD,1,1,79,2987,Competitor made better offer
9048-JVYVF,1,1,98,3520,Price too high
8988-ECPJR,1,1,66,3980,Product dissatisfaction
3776-EKTKM,1,1,96,5303,Service dissatisfaction
1902-XBTFB,1,1,99,5438,Lack of self-service on Website
0643-OKLRP,1,1,95,5915,Network reliability
9381-NDKME,1,1,85,3843,Limited range of services
2794-XIMMO,1,1,98,5650,Lack of affordable download/upload speed
8382-SHQEH,1,1,85,2656,Long distance charges
2983-ZANRP,1,1,97,5799,Extra data charges
7845-URHJN,1,1,98,4785,Price too high
3034-ZBEQN,1,1,90,5995,Product dissatisfaction
8327-LZKAS,1,1,93,4423,Service dissatisfaction
1075-BGWOH,1,1,87,3392,Lack of self-service on Website
0302-JOIVN,1,1,76,2750,Network reliability
5366-IJEQJ,1,1,86,4115,Don't know
1981-INRFU,1,1,98,5172,Don't know
4971-PUYQO,1,1,89,4464,Don't know
8485-GJCDN,1,1,74,3368,Poor expertise of online support
1527-SXDPN,1,1,97,4751,Poor expertise of phone support
6029-WTIPC,1,1,87,4424,Competitor had better devices
8634-CILSZ,1,1,71,6350,Competitor offered higher download speeds
6682-QJDGB,1,1,65,2810,Competitor offered more data
8780-IXSTS,1,1,71,5656,Competitor made better offer
9530-EHPOH,1,1,99,3407,Competitor had better devices
0345-HKJVM,1,1,100,5800,Don't know
3049-SOLAY,1,1,86,4176,Competitor offered higher download speeds
3317-HRTNN,1,1,73,3561,Competitor offered higher download speeds
3235-ETOOB,1,1,88,3683,Competitor offered higher download speeds
8058-INTPH,1,1,71,2119,Competitor offered more data
5569-OUICF,1,1,68,4994,Competitor offered more data
8821-XNHVZ,1,1,82,2943,Competitor offered more data
2082-OJVTK,1,1,91,5292,Competitor made better offer
5940-NFXKV,1,1,88,3427,Competitor made better offer
8053-WWDRO,1,1,67,5579,Price too high
9564-KCLHR,1,1,94,2180,Product dissatisfaction
2082-CEFLT,1,1,88,3037,Service dissatisfaction
1213-NGCUN,1,1,88,4248,Lack of self-service on Website
5688-KZTSN,1,1,73,4672,Network reliability
2894-QOJRX,1,1,93,5024,Limited range of services
5747-PMBSQ,1,1,77,2415,Lack of affordable download/upload speed
3143-JQEGI,1,1,81,3740,Long distance charges
6386-SZZKH,1,1,92,5785,Extra data charges
2982-IHMFT,1,1,67,4291,Price too high
3521-SYVOR,1,1,80,5554,Product dissatisfaction
9526-JAWYF,1,1,71,3452,Service dissatisfaction
5649-VUKMC,1,1,88,3538,Lack of self-service on Website
5143-EGQFK,1,1,89,5702,Network reliability
4919-IKATY,1,1,98,5141,Don't know
9050-QLROH,1,1,89,2931,Competitor had better devices
6168-WFVVF,1,1,98,5165,Competitor offered higher download speeds
0877-SDMBN,1,1,99,6117,Competitor offered more data
8065-YKXKD,1,1,69,5578,Competitor made better offer
9637-EIHEQ,1,1,68,4535,Don't know
9689-PTNPG,1,1,80,5055,Competitor had better devices
9465-RWMXL,1,1,90,5949,Competitor offered higher download speeds
2362-IBOOY,1,1,76,5272,Competitor offered higher download speeds
0843-WTBXE,1,1,90,4753,Competitor offered higher download speeds
5515-IDEJJ,1,1,67,5441,Competitor offered more data
7450-NWRTR,1,1,98,2819,Competitor offered more data
5376-DEQCP,1,1,85,4063,Competitor offered more data
9095-HFAFX,1,1,96,3718,Competitor made better offer
2379-ENZGV,1,1,72,3420,Competitor made better offer
6005-OBZPH,1,1,89,4074,Price too high
7932-WPTDS,1,1,73,5377,Product dissatisfaction
2722-VOJQL,1,1,98,4870,Service dissatisfaction
5228-EXCET,1,1,85,5964,Lack of self-service on Website
7394-FKDNK,1,1,91,4971,Network reliability
6331-LWDTQ,1,1,98,2457,Limited range of services
1597-FZREH,1,1,100,3005,Lack of affordable download/upload speed
7000-WCEVQ,1,1,85,3866,Long distance charges
0727-IWKVK,1,1,100,4748,Extra data charges
5959-BELXA,1,1,79,2246,Price too high
3512-IZIKN,1,1,85,5591,Product dissatisfaction
6141-OOXUQ,1,1,69,5717,Service dissatisfaction
7503-ZGUZJ,1,1,79,4261,Lack of self-service on Website
2506-TNFCO,1,1,67,5948,Network reliability
8718-PTMEZ,1,1,97,5131,Don't know
2207-OBZNX,1,1,90,3736,Attitude of service provider
6142-VSJQO,1,1,90,4599,Attitude of support person
6437-UKHMV,1,1,98,3109,Attitude of support person
1114-CENIM,1,1,84,5282,Don't know
6060-DRTNL,1,1,74,3305,Attitude of service provider
8473-VUVJN,1,1,86,5443,Attitude of service provider
6289-CPNLD,1,1,73,5374,Attitude of service provider
5536-SLHPM,1,1,79,4398,Attitude of support person
0196-VULGZ,1,1,77,5721,Deceased
8837-VVWLQ,1,1,81,4437,Moved
2696-NARTR,1,1,66,3634,Moved
7614-QVWQL,1,1,67,5375,Moved
1976-CFOCS,1,1,67,4531,Competitor had better devices
4631-OACRM,1,1,74,3621,Competitor offered higher download speeds
3755-JBMNH,1,1,86,3327,Competitor offered more data
6345-ULYRW,1,1,99,2674,Competitor made better offer
1809-DMJHQ,1,1,85,4846,Competitor had better devices
6923-EFPNL,1,1,83,3865,Competitor had better devices
9574-RKJIF,1,1,71,2792,Competitor offered higher download speeds
2619-WFQWU,1,1,96,3208,Competitor offered higher download speeds
0778-NELLA,1,1,95,5352,Competitor offered higher download speeds
4614-NUVZD,1,1,85,2075,Competitor offered more data
3803-KMQFW,1,1,78,3797,Competitor offered more data
6804-GDMOI,1,1,68,4183,Competitor offered more data
9572-MTILT,1,1,81,4508,Competitor made better offer
9611-CTWIH,1,1,84,3591,Competitor made better offer
0329-GTIAJ,1,1,86,4330,Price too high
6629-CZTTH,1,1,79,4629,Product dissatisfaction
5364-EVNIB,1,1,75,5067,Service dissatisfaction
5087-SUURX,1,1,66,2601,Lack of self-service on Website
0013-EXCHZ,1,1,68,3464,Network reliability
5550-VFRLC,1,1,68,5056,Limited range of services
4929-BSTRX,1,1,79,2326,Lack of affordable download/upload speed
2225-ZRGSG,1,1,95,6173,Long distance charges
5271-YNWVR,1,1,90,4610,Extra data charges
2657-ALMWY,1,1,75,4316,Price too high
6330-JKLPC,1,1,75,5119,Product dissatisfaction
4667-OHGKG,1,1,99,4266,Service dissatisfaction
1660-HSOOQ,1,1,97,5338,Lack of self-service on Website
7253-UVNDW,1,1,83,2793,Network reliability
7228-OMTPN,1,1,98,2456,Don't know
6284-AHOOQ,1,1,71,5014,Don't know
2344-JMOGN,1,1,72,3016,Don't know
3799-ISUZQ,1,1,90,3296,Poor expertise of online support
1794-HBQTJ,1,1,83,4207,Poor expertise of phone support
2460-FPSYH,1,1,90,4272,Attitude of support person
4818-DRBQT,1,1,83,5189,Attitude of support person
1320-HTRDR,1,1,79,5948,Attitude of service provider
1493-AMTIE,1,1,87,5394,Attitude of service provider
6424-ELEYH,1,1,65,3972,Attitude of service provider
4391-RESHN,1,1,93,5963,Attitude of support person
6821-BUXUX,1,1,65,2110,Attitude of support person
5028-HTLJB,1,1,91,3491,Attitude of support person
9801-GDWGV,1,1,83,4811,Attitude of service provider
2320-JRSDE,1,1,73,4633,Attitude of service provider
0601-WZHJF,1,1,76,5360,Attitude of service provider
5143-WMWOG,1,1,83,2051,Attitude of support person
5393-RXQSZ,1,1,98,2199,Attitude of support person
0231-LXVAP,1,1,66,3389,Attitude of support person
9444-JTXHZ,1,1,83,5973,Don't know
5510-BOIUJ,1,1,80,5437,Attitude of service provider
4471-KXAUH,1,1,100,2514,Attitude of service provider
7638-QVMVY,1,1,92,3735,Attitude of support person
3244-DCJWY,1,1,89,4133,Attitude of support person
0875-CABNR,1,1,94,3320,Attitude of support person
7812-FZHPE,1,1,86,4648,Attitude of service provider
4797-AXPXK,1,1,93,4531,Attitude of service provider
5229-PRWKT,1,1,80,4193,Attitude of service provider
6982-UQZLY,1,1,97,3817,Attitude of support person
5057-LCOUI,1,1,94,4119,Attitude of support person
0193-ESZXP,1,1,100,5067,Attitude of support person
4369-HTUIF,1,1,90,5831,Attitude of service provider
0156-FVPTA,1,1,87,5102,Attitude of service provider
1984-FCOWB,1,1,100,4191,Attitude of service provider
0654-HMSHN,1,1,77,3796,Attitude of support person
5287-QWLKY,1,1,66,5725,Attitude of support person
5196-SGOAK,1,1,93,4884,Attitude of support person
1891-UAWWU,1,1,87,2312,Attitude of service provider
6108-OQZDQ,1,1,72,2570,Attitude of service provider
0363-QJVFX,1,1,69,2541,Attitude of service provider
9840-DVNDC,1,1,96,2181,Attitude of support person
3096-JRDSO,1,1,75,3444,Attitude of support person
8042-JVNFH,1,1,92,5730,Attitude of support person
3374-LXDEV,1,1,75,2226,Attitude of service provider
5049-GLYVG,1,1,90,3618,Attitude of service provider
5883-GTGVD,1,1,76,3670,Attitude of service provider
4817-QRJSX,1,1,95,2946,Attitude of support person
2398-YPMUR,1,1,85,5101,Don't know
9985-MWVIX,1,1,97,5773,Attitude of support person
1265-XTECC,1,1,86,5957,Attitude of service provider
2237-ZFSMY,1,1,73,2767,Attitude of service provider
4871-JTKJF,1,1,82,4741,Attitude of service provider
1415-YFWLT,1,1,85,3067,Attitude of support person
6711-VTNRE,1,1,92,2558,Attitude of support person
3500-RMZLT,1,1,72,2933,Attitude of support person
4548-SDBKE,1,1,87,4109,Attitude of service provider
8066-POXGX,1,1,79,3104,Attitude of service provider
4143-OOBWZ,1,1,100,3819,Attitude of service provider
7854-EKTJL,1,1,66,2843,Attitude of support person
9102-IAYHT,1,1,94,3670,Attitude of support person
3422-LYEPQ,1,1,89,4207,Attitude of support person
2642-DTVCO,1,1,74,5095,Attitude of service provider
4361-JEIVL,1,1,82,4067,Attitude of service provider
1363-TXLSL,1,1,100,4962,Attitude of service provider
9507-EXLTT,1,1,77,3492,Attitude of support person
9846-GKXAS,1,1,70,2578,Attitude of support person
6017-PPLPX,1,1,87,4773,Attitude of support person
7136-RVDTZ,1,1,97,5824,Attitude of service provider
4581-SSPWD,1,1,93,5475,Attitude of service provider
6927-WTFIV,1,1,98,3684,Attitude of service provider
3398-ZOUAA,1,1,67,3853,Attitude of support person
0378-NHQXU,1,1,68,4041,Deceased
4512-ZUIYL,1,1,81,2928,Moved
7969-AULMZ,1,1,89,4321,Moved
0568-ONFPC,1,1,83,2102,Moved
0733-VUNUW,1,1,97,4126,Competitor had better devices
4550-EVXNY,1,1,77,2418,Competitor offered higher download speeds
2968-SSGAA,1,1,77,4001,Competitor offered more data
4844-JJWUY,1,1,82,5359,Competitor made better offer
6777-TGHTM,1,1,90,5550,Competitor had better devices
3538-WZPHD,1,1,76,2734,Competitor had better devices
4785-QRJHC,1,1,80,4011,Competitor offered higher download speeds
8610-WFCJF,1,1,69,5732,Competitor offered higher download speeds
4905-JEFDW,1,1,81,3119,Competitor offered higher download speeds
7881-INRLC,1,1,70,4898,Competitor offered more data
0117-LFRMW,1,1,80,3627,Competitor offered more data
6172-FECYY,1,1,85,4639,Competitor offered more data
1965-AKTSX,1,1,88,5203,Competitor made better offer
4786-UKSNZ,1,1,99,5418,Competitor made better offer
7248-VZQLC,1,1,72,4661,Price too high
0011-IGKFF,1,1,99,3714,Product dissatisfaction
4192-GORJT,1,1,77,4580,Service dissatisfaction
6496-SLWHQ,1,1,87,5960,Lack of self-service on Website
9912-GVSEQ,1,1,86,2591,Network reliability
5383-MMTWC,1,1,91,4819,Limited range of services
7240-ETPTR,1,1,97,4359,Lack of affordable download/upload speed
2202-CUYXZ,1,1,77,3086,Long distance charges
5995-OIGLP,1,1,90,3043,Extra data charges
6261-RCVNS,1,1,71,2774,Price too high
7951-QKZPL,1,1,77,5194,Product dissatisfaction
3640-PHQXK,1,1,85,2031,Service dissatisfaction
6877-LGWXO,1,1,84,3521,Lack of self-service on Website
8019-ENHXU,1,1,96,4624,Network reliability
5167-GBFRE,1,1,72,4694,Don't know
9033-EOXWV,1,1,94,4149,Don't know
1324-NLTJE,1,1,94,3167,Don't know
1522-VVDMG,1,1,90,3807,Poor expertise of online support
9185-TQCVP,1,1,100,4550,Poor expertise of phone support
5567-WSELE,1,1,87,3019,Competitor had better devices
8063-RJYNF,1,1,73,2827,Competitor offered higher download speeds
0687-ZVTHB,1,1,68,4415,Competitor offered more data
9661-ACXBS,1,1,89,2317,Competitor made better offer
3727-RJMEO,1,1,78,4458,Competitor had better devices
6646-VRFOL,1,1,87,5860,Competitor had better devices
5685-IIXLY,1,1,93,4565,Competitor offered higher download speeds
4250-ZBWLV,1,1,65,4454,Competitor offered higher download speeds
5095-AESKG,1,1,76,5646,Competitor offered higher download speeds
1871-MOWRM,1,1,87,4306,Competitor offered more data
2027-OAQQC,1,1,92,4044,Competitor offered more data
9090-SGQXL,1,1,79,6284,Competitor offered more data
6595-YGXIT,1,1,100,3878,Competitor made better offer
9835-ZIITK,1,1,74,4281,Competitor made better offer
1555-DJEQW,1,1,73,5947,Price too high
5649-TJHOV,1,1,93,4564,Product dissatisfaction
0519-XUZJU,1,1,93,3963,Service dissatisfaction
6338-AVWCY,1,1,75,4710,Lack of self-service on Website
9253-QXKBE,1,1,71,2233,Network reliability
9445-SZLCH,1,1,86,4544,Limited range of services
7568-PODML,1,1,69,4954,Lack of affordable download/upload speed
5349-IECLD,1,1,87,4493,Long distance charges
3945-GFWQL,1,1,89,4162,Extra data charges
3797-VTIDR,1,1,90,4517,Price too high
9526-BIHHD,1,1,74,3383,Product dissatisfaction
4523-WXCEF,1,1,87,4160,Service dissatisfaction
8364-TRMMK,1,1,76,2876,Lack of self-service on Website
3063-QFSZL,1,1,70,2294,Network reliability
8775-LHDJH,1,1,93,2905,Don't know
3097-NQYSN,1,1,78,5204,Competitor had better devices
3565-UNOCC,1,1,82,3179,Competitor offered higher download speeds
9249-FXSCK,1,1,90,4861,Competitor offered more data
5493-SDRDQ,1,1,70,4235,Competitor made better offer
0871-URUWO,1,1,66,2003,Competitor had better devices
9190-MFJLN,1,1,68,2851,Competitor had better devices
1095-JUDTC,1,1,65,5214,Competitor offered higher download speeds
0870-VEMYL,1,1,74,5435,Competitor offered higher download speeds
5385-SUIRI,1,1,68,5648,Competitor offered higher download speeds
3982-XWFZQ,1,1,97,4873,Competitor offered more data
4009-ALQFH,1,1,90,5932,Competitor offered more data
3627-FCRDW,1,1,81,2236,Competitor offered more data
7562-GSUHK,1,1,75,5497,Competitor made better offer
4903-UYAVB,1,1,97,3864,Competitor made better offer
6776-TLWOI,1,1,93,2158,Price too high
4077-CROMM,1,1,68,5000,Product dissatisfaction
2868-MZAGQ,1,1,83,5533,Service dissatisfaction
4847-QNOKA,1,1,76,2632,Lack of self-service on Website
6379-RXJRQ,1,1,92,2457,Network reliability
8650-RHRKE,1,1,71,4207,Limited range of services
0475-RIJEP,1,1,100,5107,Lack of affordable download/upload speed
1260-TTRXI,1,1,87,5834,Long distance charges
6328-ZPBGN,1,1,71,4074,Extra data charges
4789-KWMXN,1,1,97,3344,Price too high
2867-UIMSS,1,1,85,2734,Product dissatisfaction
8111-RKSPX,1,1,89,5668,Service dissatisfaction
1585-MQSSU,1,1,94,5659,Lack of self-service on Website
2856-NNASM,1,1,73,3802,Network reliability
8559-CIZFV,1,1,74,5353,Don't know
7547-EKNFS,1,1,89,2075,Attitude of service provider
6769-DYBQN,1,1,71,2097,Attitude of support person
4439-JMPMT,1,1,71,3608,Attitude of support person
2446-BEGGB,1,1,83,3330,Attitude of support person
1496-GGSUK,1,1,83,4095,Attitude of service provider
2575-GFSOE,1,1,65,5672,Attitude of service provider
2842-JTCCU,1,1,72,4662,Attitude of service provider
3296-SILRA,1,1,89,2426,Attitude of support person
9681-OXGVC,1,1,85,5180,Competitor made better offer
5180-UCIIQ,1,1,75,2061,Moved
7153-OANIO,1,1,79,5066,Moved
6521-YYTYI,1,1,65,2578,Moved
8878-HMWBV,1,1,68,5598,Competitor had better devices
3751-KTZEL,1,1,89,3706,Competitor offered higher download speeds
1977-STDKI,1,1,76,4116,Competitor offered more data
5813-UECBU,1,1,79,2583,Competitor made better offer
0328-GRPMV,1,1,84,3706,Competitor had better devices
4342-HENTK,1,1,74,2189,Competitor had better devices
4195-SMMNX,1,1,65,5627,Competitor offered higher download speeds
6956-SMUCM,1,1,77,5236,Competitor offered higher download speeds
3223-WZWJM,1,1,85,5869,Competitor offered higher download speeds
9053-JZFKV,1,1,82,4495,Don't know
2530-ENDWQ,1,1,100,4296,Competitor offered more data
6615-ZGEDR,1,1,90,5707,Competitor offered more data
9250-WYPLL,1,1,79,4600,Competitor made better offer
2754-XBHTB,1,1,96,3847,Competitor made better offer
1597-LHYNC,1,1,90,4232,Price too high
7055-VKGDA,1,1,87,4406,Product dissatisfaction
0754-UKWQP,1,1,66,3790,Service dissatisfaction
7493-TPUWZ,1,1,85,4243,Lack of self-service on Website
1577-HKTFG,1,1,79,2486,Network reliability
8752-STIVR,1,1,69,2085,Limited range of services
4558-FANTW,1,1,89,5643,Lack of affordable download/upload speed
8651-ENBZX,1,1,78,5507,Long distance charges
7623-TRNQN,1,1,72,3113,Extra data charges
9330-IJWIO,1,1,69,2008,Price too high
9286-DOJGF,1,1,82,5165,Product dissatisfaction
9661-MHUMO,1,1,84,4478,Service dissatisfaction
1842-EZJMK,1,1,82,5897,Lack of self-service on Website
8079-XRJRS,1,1,72,6110,Network reliability
8073-IJDCM,1,1,67,3830,Don't know
8884-ADFVN,1,1,74,2016,Don't know
2720-WGKHP,1,1,93,5569,Don't know
2869-ADAWR,1,1,97,4880,Poor expertise of online support
9894-EZEWG,1,1,69,5996,Poor expertise of phone support
7851-FLGGQ,1,1,66,3704,Competitor had better devices
0637-UBJRP,1,1,77,4745,Competitor offered higher download speeds
0940-OUQEC,1,1,77,3492,Competitor offered more data
0702-PGIBZ,1,1,91,2777,Competitor made better offer
1963-VAUKV,1,1,92,3663,Don't know
3058-HJCUY,1,1,84,2098,Competitor had better devices
3259-FDWOY,1,1,81,4072,Competitor offered higher download speeds
0807-ZABDG,1,1,97,4412,Competitor offered higher download speeds
5748-RNCJT,1,1,81,4859,Competitor offered higher download speeds
7739-LAXOG,1,1,80,3590,Competitor offered more data
9776-CLUJA,1,1,96,5748,Competitor offered more data
6034-ZRYCV,1,1,66,4481,Competitor offered more data
2079-FBMZK,1,1,77,5816,Competitor made better offer
6608-QQLVK,1,1,83,2077,Competitor made better offer
3551-HUAZH,1,1,89,3429,Price too high
6302-JGYRJ,1,1,67,2872,Product dissatisfaction
3685-YLCMQ,1,1,66,5411,Service dissatisfaction
8634-MPHTR,1,1,91,5166,Lack of self-service on Website
8761-NSOBC,1,1,81,3486,Network reliability
8413-VONUO,1,1,82,5332,Limited range of services
9223-UCPVT,1,1,77,5764,Lack of affordable download/upload speed
4351-QLCSU,1,1,98,3809,Long distance charges
5419-JPRRN,1,1,77,4390,Extra data charges
2100-BDNSN,1,1,69,3889,Price too high
0488-GSLFR,1,1,91,3365,Product dissatisfaction
9318-NKNFC,1,1,90,4132,Service dissatisfaction
9728-FTTVZ,1,1,82,4073,Lack of self-service on Website
7254-IQWOZ,1,1,67,5258,Network reliability
2474-BRUCM,1,1,84,2837,Don't know
0742-NXBGR,1,1,71,4278,Competitor had better devices
6110-OHIHY,1,1,89,4183,Competitor offered higher download speeds
5889-LFOLL,1,1,77,2659,Competitor offered more data
5708-EVONK,1,1,73,5989,Don't know
8708-XPXHZ,1,1,95,5458,Competitor had better devices
0616-ATFGB,1,1,95,2119,Competitor had better devices
7016-BPGEU,1,1,81,2796,Competitor offered higher download speeds
6876-ADESB,1,1,65,3913,Competitor offered higher download speeds
1963-SVUCV,1,1,78,5774,Competitor offered higher download speeds
0220-EBGCE,1,1,67,3273,Competitor offered more data
2754-VDLTR,1,1,69,4922,Competitor offered more data
3190-XFANI,1,1,82,5585,Competitor offered more data
7551-DACSP,1,1,99,3878,Competitor made better offer
7235-NXZCP,1,1,84,5378,Competitor made better offer
0520-FDVVT,1,1,80,2473,Price too high
1444-VVSGW,1,1,99,5563,Product dissatisfaction
5712-PTIWW,1,1,91,3280,Service dissatisfaction
3315-TOTBP,1,1,74,4938,Lack of self-service on Website
6661-HBGWL,1,1,79,2984,Network reliability
1518-VOWAV,1,1,90,5900,Limited range of services
5909-ECHUI,1,1,71,3065,Lack of affordable download/upload speed
1309-BXVOQ,1,1,69,3584,Long distance charges
9317-WZPGV,1,1,77,4038,Extra data charges
2856-HYAPG,1,1,99,3052,Price too high
4488-PSYCG,1,1,83,4327,Product dissatisfaction
3621-CEOVK,1,1,97,3369,Service dissatisfaction
6906-ANDWJ,1,1,97,2510,Lack of self-service on Website
1031-IIDEO,1,1,72,2874,Network reliability
5832-XKAES,1,1,74,2320,Don't know
4701-AHWMW,1,1,69,6041,Attitude of service provider
9210-IAHGH,1,1,84,2248,Attitude of support person
0023-XUOPT,1,1,75,2973,Don't know
4592-IWTJI,1,1,84,2613,Attitude of support person
7632-MNYOY,1,1,93,4389,Attitude of service provider
6518-LGAOV,1,1,92,2341,Attitude of service provider
7242-QZLXF,1,1,99,5421,Attitude of service provider
4576-CSAJH,1,1,84,5866,Attitude of support person
1000-AJSLD,1,1,70,4389,Competitor made better offer
1062-LHZOD,1,1,84,2100,Moved
9600-NAXZN,1,1,79,3370,Moved
6457-USBER,1,1,82,4424,Moved
4662-EKDPQ,1,1,96,5344,Competitor had better devices
9248-OJYKK,1,1,95,3763,Competitor offered higher download speeds
3398-FSHON,1,1,94,4703,Competitor offered more data
3319-DWOEP,1,1,89,5750,Competitor made better offer
9259-PACGQ,1,1,91,3918,Competitor had better devices
4415-IJZTP,1,1,69,2016,Competitor had better devices
1465-VINDH,1,1,78,3596,Competitor offered higher download speeds
2810-FTLEM,1,1,69,4254,Competitor offered higher download speeds
1925-TIBLE,1,1,74,3887,Competitor offered higher download speeds
0818-OCPZO,1,1,83,2571,Competitor offered more data
1447-GIQMR,1,1,87,4179,Competitor offered more data
0872-NXJYS,1,1,81,3246,Competitor offered more data
9412-ARGBX,1,1,97,2459,Competitor made better offer
1389-CXMLU,1,1,99,2194,Competitor made better offer
5561-NWEVX,1,1,67,4225,Price too high
2737-WFVYW,1,1,74,4566,Product dissatisfaction
2272-QAGFO,1,1,71,5342,Service dissatisfaction
9850-OWRHQ,1,1,69,5657,Lack of self-service on Website
3768-NLUBH,1,1,74,5247,Network reliability
8676-TRMJS,1,1,88,3190,Limited range of services
7359-SSBJK,1,1,89,6080,Lack of affordable download/upload speed
0685-MLYYM,1,1,96,4407,Long distance charges
8182-PNAGI,1,1,67,3624,Extra data charges
7957-RYHQD,1,1,94,3207,Price too high
2180-DXNEG,1,1,89,5239,Product dissatisfaction
5515-AKOAJ,1,1,75,5763,Service dissatisfaction
8976-OQHGT,1,1,99,5758,Lack of self-service on Website
6230-BSUXY,1,1,93,2650,Network reliability
5294-CDGWY,1,1,95,5633,Don't know
5295-PCJOO,1,1,84,4455,Don't know
9863-JZAIC,1,1,100,2220,Don't know
7660-HDPJV,1,1,81,2637,Poor expertise of online support
7931-PXHFC,1,1,83,3818,Poor expertise of phone support
3990-QYKBE,1,1,95,4127,Competitor had better devices
4919-MOAVT,1,1,84,2421,Competitor offered higher download speeds
3090-HAWSU,1,1,87,4495,Competitor offered more data
9820-RMCQV,1,1,92,4444,Competitor made better offer
7839-QRKXN,1,1,69,4197,Competitor had better devices
5204-QZXPU,1,1,78,2933,Competitor had better devices
4597-ELFTS,1,1,92,5327,Competitor offered higher download speeds
8450-JOVAH,1,1,77,5560,Competitor offered higher download speeds
1113-IUJYX,1,1,84,5887,Competitor offered higher download speeds
9274-CNFMO,1,1,69,3716,Competitor offered more data
7758-XKCBS,1,1,82,5518,Competitor offered more data
8992-JQYUN,1,1,65,4526,Competitor offered more data
0617-AQNWT,1,1,66,6347,Competitor made better offer
2446-PLQVO,1,1,78,4512,Don't know
3005-NFMTA,1,1,69,5543,Price too high
8784-CGILN,1,1,100,3068,Product dissatisfaction
5389-FFVKB,1,1,94,5365,Service dissatisfaction
8444-WRIDW,1,1,79,5011,Lack of self-service on Website
9451-LPGOO,1,1,66,3780,Network reliability
5868-YWPDW,1,1,72,5834,Limited range of services
2025-JKFWI,1,1,81,3493,Lack of affordable download/upload speed
4078-SAYYN,1,1,65,2229,Long distance charges
9940-HPQPG,1,1,91,4176,Extra data charges
6618-RYATB,1,1,93,5571,Price too high
9079-YEXQJ,1,1,93,5527,Product dissatisfaction
2685-SREOM,1,1,96,4793,Service dissatisfaction
0402-CQAJN,1,1,83,4437,Lack of self-service on Website
6692-UDPJC,1,1,65,4304,Network reliability
1273-MTETI,1,1,74,2754,Don't know
5480-HPRRX,1,1,74,3542,Attitude of support person
0295-PPHDO,1,1,71,5962,Attitude of support person
1195-OIYEJ,1,1,78,5347,Attitude of support person
5906-CVLHP,1,1,92,2761,Attitude of service provider
4501-EQDRN,1,1,98,4620,Attitude of service provider
2990-HWIML,1,1,82,2898,Attitude of service provider
7384-GHBPI,1,1,83,2987,Attitude of support person
7603-USHJS,1,1,78,2010,Attitude of support person
7234-FECYN,1,1,68,5546,Attitude of support person
5876-HZVZM,1,1,87,4914,Attitude of service provider
1400-MMYXY,1,1,71,2715,Attitude of service provider
3085-QUOZK,1,1,76,3238,Attitude of service provider
3926-CUQZX,1,1,77,4884,Don't know
1041-RXHRA,1,1,69,3407,Attitude of support person
1750-CSKKM,1,1,70,2688,Attitude of support person
7142-HVGBG,1,1,99,2505,Attitude of service provider
8267-ZNYVZ,1,1,81,3824,Attitude of service provider
6457-GIRWB,1,1,88,2843,Attitude of service provider
1450-SKCVI,1,1,72,5276,Attitude of support person
5570-PTWEH,1,1,78,2270,Attitude of support person
6502-MJQAE,1,1,87,2072,Attitude of support person
7693-LCKZL,1,1,84,5124,Attitude of service provider
0032-PGELS,1,1,74,5171,Attitude of service provider
6797-LNAQX,1,1,98,4794,Attitude of service provider
6394-MFYNG,1,1,89,4956,Attitude of support person
1564-NTYXF,1,1,99,3363,Attitude of support person
8155-IBNHG,1,1,74,2325,Attitude of support person
0886-QGENL,1,1,77,4853,Attitude of service provider
8739-WWKDU,1,1,90,4849,Attitude of service provider
8685-WHQPW,1,1,81,2407,Attitude of service provider
4745-LSPLO,1,1,84,3731,Attitude of support person
8083-YTZES,1,1,73,3622,Attitude of support person
7240-FQLHE,1,1,68,5857,Attitude of support person
6664-FPDAC,1,1,91,4060,Attitude of service provider
0786-VSSUD,1,1,92,5692,Attitude of service provider
3976-BWUCK,1,1,94,5255,Attitude of service provider
3585-ISXZP,1,1,95,5335,Attitude of support person
6583-QGCSI,1,1,87,5813,Competitor made better offer
4174-LPGTI,1,1,65,2517,Moved
2108-XWMPY,1,1,70,2095,Moved
6304-IJFSQ,1,1,73,5585,Moved
0093-XWZFY,1,1,93,2832,Competitor had better devices
1980-KXVPM,1,1,83,3553,Competitor offered higher download speeds
7703-ZEKEF,1,1,78,5701,Competitor offered more data
0723-DRCLG,1,1,94,2394,Competitor made better offer
5482-NUPNA,1,1,90,5730,Competitor had better devices
1122-JWTJW,1,1,82,3463,Competitor had better devices
1699-HPSBG,1,1,69,4581,Competitor offered higher download speeds
8775-CEBBJ,1,1,87,2029,Competitor offered higher download speeds
6894-LFHLY,1,1,97,5571,Competitor offered higher download speeds
0639-TSIQW,1,1,70,5620,Competitor offered more data
8361-LTMKD,1,1,77,5839,Competitor offered more data
7590-VHVEG,0,0,27,3964,
5575-GNVDE,0,0,61,3441,
7795-CFOCW,0,0,66,4307,
1452-KIOVK,0,0,43,4459,
6713-OKOMC,0,0,51,2013,
6388-TABGU,0,0,58,4529,
9763-GRSKD,0,0,76,5764,
7469-LKBCI,0,0,39,4726,
8091-TTVAX,0,0,71,6432,
5129-JLPIS,0,0,75,5822,
3655-SNQYZ,0,0,43,5141,
8191-XWSZG,0,0,35,5186,
9959-WOFKT,0,0,73,4479,
4183-MYFRB,0,0,57,5982,
1680-VDCWW,0,0,77,5279,
3638-WEABW,0,0,53,6407,
6322-HRPFA,0,0,79,4986,
6865-JZNKO,0,0,65,2725,
5248-YGIJN,0,0,21,5974,
3841-NFECX,0,0,38,5309,
4929-XIHVW,0,0,69,4449,
6827-IEAUQ,0,0,66,3213,
7310-EGVHZ,0,0,77,5526,
3413-BMNZE,0,0,40,3144,
6234-RAAPL,0,0,79,5915,
6572-ADKRS,0,0,41,3395,
8865-TNMNX,0,0,22,2392,
9489-DEDVP,0,0,25,4715,
9867-JCZSP,0,0,64,3646,
4671-VJLCL,0,0,70,4595,
4080-IIARD,0,0,41,2569,
3714-NTNFO,0,0,71,6434,
5948-UJZLF,0,0,57,3805,
7639-LIAYI,0,0,49,4142,
2954-PIBKO,0,0,62,5128,
8012-SOUDQ,0,0,52,2223,
6575-SUVOI,0,0,25,3154,
4667-QONEA,0,0,59,5153,
8769-KKTPH,0,0,79,4572,
5067-XJQFU,0,0,74,4582,
3957-SQXML,0,0,62,5408,
5954-BDFSG,0,0,53,4708,
0434-CSFON,0,0,70,4488,
1215-FIGMP,0,0,35,6292,
0526-SXDJP,0,0,29,6091,
0557-ASKVU,0,0,33,4948,
5122-CYFXA,0,0,35,5387,
8627-ZYGSZ,0,0,61,3817,
3410-YOQBQ,0,0,78,4984,
3170-NMYVV,0,0,20,5849,
7410-OIEDU,0,0,38,5983,
2273-QCKXA,0,0,30,3178,
0731-EBJQB,0,0,26,5482,
1891-QRQSA,0,0,69,4881,
8028-PNXHQ,0,0,33,4444,
5630-AHZIL,0,0,54,5613,
2673-CXQEU,0,0,21,4463,
6416-JNVRK,0,0,56,2867,
5590-ZSKRV,0,0,43,5614,
0191-ZHSKZ,0,0,55,3033,
3887-PBQAO,0,0,78,5741,
8108-UXRQN,0,0,28,3443,
9919-YLNNG,0,0,37,4005,
0318-ZOPWS,0,0,37,5422,
4445-ZJNMU,0,0,69,3540,
4808-YNLEU,0,0,39,5255,
1862-QRWPE,0,0,25,4124,
2796-NNUFI,0,0,80,5480,
3016-KSVCP,0,0,62,3664,
4767-HZZHQ,0,0,9,5036,
2424-WVHPL,0,0,60,4182,
7233-PAHHL,0,0,24,5825,
6067-NGCEU,0,0,38,5261,
9848-JQJTX,0,0,54,5781,
9803-FTJCG,0,0,26,4117,
3212-KXOCR,0,0,66,4158,
6380-ARCEH,0,0,77,2710,
3679-XASPY,0,0,26,5612,
7123-WQUHX,0,0,63,4741,
5386-THSLQ,0,0,28,6238,
6180-YBIQI,0,0,61,4015,
6728-DKUCO,0,0,21,4594,
9750-BOOHV,0,0,60,3585,
8597-CWYHH,0,0,53,5845,
2848-YXSMW,0,0,23,5234,
4549-ZDQYY,0,0,28,6078,
5712-AHQNN,0,0,65,3826,
5256-SKJGO,0,0,35,4850,
3071-VBYPO,0,0,22,4648,
9560-BBZXK,0,0,54,4871,
8402-OOOHJ,0,0,59,5918,
9445-ZUEQE,0,0,28,3796,
1091-SOZGA,0,0,43,4606,
2928-HLDBA,0,0,47,5346,
6497-TILVL,0,0,59,3097,
7219-TLZHO,0,0,76,3172,
4622-YNKIJ,0,0,32,5087,
6734-PSBAW,0,0,59,5901,
3930-ZGWVE,0,0,68,2484,
2639-UGMAZ,0,0,68,5372,
2876-GZYZC,0,0,58,5886,
8587-XYZSF,0,0,63,6064,
7799-LGRDP,0,0,79,2017,
7850-VWJUU,0,0,29,2221,
3774-VBNXY,0,0,51,4557,
6217-KDYWC,0,0,40,4393,
3146-MSEGF,0,0,8,6102,
1095-WGNGG,0,0,60,6311,
2636-SJDOU,0,0,53,5044,
1131-QQZEB,0,0,52,4329,
5716-EZXZN,0,0,59,5878,
6837-BJYDQ,0,0,33,2543,
6440-DKQGE,0,0,30,4320,
3466-BYAVD,0,0,35,3128,
3780-YVMFA,0,0,58,3123,
1679-JRFBR,0,0,41,5192,
9073-ZZIAY,0,0,62,5769,
3077-RSNTJ,0,0,43,4293,
6551-GNYDG,0,0,46,2563,
9167-APMXZ,0,0,32,3549,
2749-CTKAJ,0,0,72,2173,
6371-NZYEG,0,0,77,5511,
7554-NEWDD,0,0,8,3611,
8992-VONJD,0,0,22,5156,
4482-EWFMI,0,0,43,3056,
4648-YPBTM,0,0,55,5644,
2907-ILJBN,0,0,29,4047,
6345-FZOQH,0,0,54,5570,
5997-OPVFA,0,0,54,6212,
1159-WFSGR,0,0,62,3990,
7654-YWJUF,0,0,51,4382,
6727-IOTLZ,0,0,52,2564,
5918-VUKWP,0,0,77,5358,
1744-JHKYS,0,0,72,3421,
5947-SGKCL,0,0,66,2721,
3712-PKXZA,0,0,42,5110,
6582-OIVSP,0,0,48,3575,
5524-KHNJP,0,0,26,5344,
4827-USJHP,0,0,24,2764,
8167-GJLRN,0,0,55,3108,
0956-SYCWG,0,0,49,2024,
8017-UVSZU,0,0,72,3359,
7100-FQPRV,0,0,23,4106,
2984-RGEYA,0,0,72,5325,
9680-NIAUV,0,0,74,5945,
2146-EGVDT,0,0,28,4149,
2604-IJPDU,0,0,36,4382,
9178-JHUVJ,0,0,26,4634,
6168-YBYNP,0,0,62,6047,
7255-SSFBC,0,0,55,4099,
3645-DEYGF,0,0,25,3358,
9323-HGFWY,0,0,69,3795,
8544-GOQSH,0,0,53,4400,
3363-DTIVD,0,0,63,5010,
7018-WBJNK,0,0,26,5566,
9142-KZXOP,0,0,51,2053,
7674-YTAFD,0,0,52,3118,
6348-SNFUS,0,0,32,4556,
1347-KTTTA,0,0,58,6398,
4195-NZGTA,0,0,73,5858,
7157-SMCFK,0,0,76,5411,
4709-LKHYG,0,0,34,3800,
2504-DSHIH,0,0,38,5788,
0699-NDKJM,0,0,38,4115,
9286-BHDQG,0,0,22,5041,
0230-WEQUW,0,0,77,5500,
2040-LDIWQ,0,0,33,5256,
6496-JDSSB,0,0,22,2165,
4443-EMBNA,0,0,51,4642,
6469-MRVET,0,0,21,4160,
5961-VUSRV,0,0,57,4451,
6778-JFCMK,0,0,32,4806,
6341-JVQGF,0,0,54,5643,
4811-JBUVU,0,0,33,3233,
0945-TSONX,0,0,30,5698,
2651-ZCBXV,0,0,73,6370,
3316-UWXUY,0,0,70,6367,
7083-MIOPC,0,0,49,5733,
1984-GPTEH,0,0,46,5491,
0621-JFHOL,0,0,62,3180,
9903-LYSAB,0,0,73,4283,
9227-UAQFT,0,0,53,4272,
7301-ABVAD,0,0,37,4530,
6614-FHDBO,0,0,26,4551,
7576-ASEJU,0,0,56,5246,
9058-HRZSV,0,0,7,5348,
4522-AKYLR,0,0,7,5557,
0221-WMXNQ,0,0,40,4033,
0303-UNCIP,0,0,57,5043,
0959-WHOKV,0,0,46,2887,
4075-JFPGR,0,0,68,5561,
3282-ZISZV,0,0,71,3945,
3675-YDUPJ,0,0,58,3768,
4111-BNXIF,0,0,56,4478,
7017-VFHAY,0,0,38,6090,
6655-LHBYW,0,0,33,5068,
5046-NUHWD,0,0,50,3094,
7529-ZDFXI,0,0,36,4429,
7605-BDWDC,0,0,67,2539,
1950-KSVVJ,0,0,61,4885,
0123-CRBRT,0,0,40,5152,
6292-TOSSS,0,0,68,4297,
3197-ARFOY,0,0,59,3524,
7014-ZZXAW,0,0,59,5409,
7633-MVPUY,0,0,68,4012,
4716-HHKQH,0,0,65,5328,
3179-GBRWV,0,0,23,4604,
8645-KWHJO,0,0,23,4900,
4130-MZLCC,0,0,54,2739,
0314-TKOSI,0,0,42,5377,
8229-MYEJZ,0,0,47,5765,
2080-SRCDE,0,0,38,4556,
9577-WJVCQ,0,0,24,5310,
6202-DYYFX,0,0,41,2031,
3808-HFKDE,0,0,59,3460,
3727-OWVYD,0,0,70,2075,
2294-SALNE,0,0,54,3200,
4847-TAJYI,0,0,75,2578,
1563-IWQEX,0,0,71,5715,
8203-XJZRC,0,0,57,5384,
6556-DBKZF,0,0,26,5841,
6851-WEFYX,0,0,38,3318,
2985-JUUBZ,0,0,64,3718,
0895-LMRSF,0,0,50,3314,
8266-VBFQL,0,0,35,3314,
8181-YHCMF,0,0,24,4864,
2240-HSJQD,0,0,55,3571,
1248-DYXUB,0,0,76,5320,
4115-BNPJY,0,0,44,5625,
3167-SNQPL,0,0,78,4036,
4091-TVOCN,0,0,69,2257,
1098-TDVUQ,0,0,66,4745,
7277-OZCGZ,0,0,75,5479,
1557-EMYVT,0,0,57,4115,
2799-ARNLO,0,0,41,5437,
5027-YOCXN,0,0,56,5604,
3973-SKMLN,0,0,28,5308,
6745-JEFZB,0,0,78,3617,
9880-TDQAC,0,0,43,5471,
8705-WZCYL,0,0,31,2269,
7102-JJVTX,0,0,46,4562,
8626-PTQGE,0,0,22,5388,
4983-CLMLV,0,0,63,4044,
5701-YVSVF,0,0,21,4413,
5697-GOMBF,0,0,34,5444,
2739-CACDQ,0,0,26,3754,
9385-EHGDO,0,0,46,4177,
9498-FIMXL,0,0,40,5272,
2379-GYFLQ,0,0,50,5316,
2088-IEBAU,0,0,46,5531,
7982-VCELR,0,0,22,2807,
6035-BXTTY,0,0,56,4045,
6885-PKOAM,0,0,57,4487,
7520-HQWJU,0,0,26,4172,
9639-BUJXT,0,0,28,5997,
5924-SNGKP,0,0,25,3972,
0021-IKXGC,0,0,50,4432,
8966-SNIZF,0,0,57,5540,
6243-OZGFH,0,0,65,3248,
4654-DLAMQ,0,0,68,4053,
0513-RBGPE,0,0,66,5229,
5160-UXJED,0,0,67,2130,
4115-NZRKS,0,0,25,2415,
3351-NGXYI,0,0,38,2276,
8984-EYLLL,0,0,72,5682,
9833-TGFHX,0,0,71,2170,
9294-TDIPC,0,0,58,5169,
5229-DTFYB,0,0,69,5584,
0104-PPXDV,0,0,30,5232,
5176-LMJXE,0,0,53,5404,
3583-KRKMD,0,0,62,4668,
9069-LGEUL,0,0,42,5379,
7302-ZHMHP,0,0,51,2577,
9571-EDEBV,0,0,28,5101,
3520-FJGCV,0,0,70,6486,
6563-VRERX,0,0,52,5212,
6122-EFVKN,0,0,64,5531,
2805-EDJPQ,0,0,68,5926,
6862-CQUMB,0,0,75,2640,
7156-MXBJE,0,0,5,2319,
6158-HDPXZ,0,0,51,4193,
2863-IMQDR,0,0,48,6149,
5686-CMAWK,0,0,29,5863,
5651-CRHKQ,0,0,62,5325,
8204-YJCLA,0,0,68,4886,
6583-SZVGP,0,0,76,5994,
1708-PBBOA,0,0,62,3179,
8782-LKFPK,0,0,63,4751,
5522-JBWMO,0,0,29,4020,
3597-MVHJT,0,0,21,2026,
9774-NRNAU,0,0,75,5352,
0224-RLWWD,0,0,44,3805,
9967-ATRFS,0,0,21,3245,
3951-NJCVI,0,0,34,2677,
2977-CEBSX,0,0,74,5813,
0177-PXBAT,0,0,59,5655,
2519-ERQOJ,0,0,30,5322,
5876-QMYLD,0,0,9,3742,
2277-AXSDC,0,0,46,4691,
9442-JTWDL,0,0,48,5355,
3067-SVMTC,0,0,77,5160,
5495-GPSRW,0,0,56,2120,
7606-BPHHN,0,0,9,5368,
4742-DRORA,0,0,46,4149,
0111-KLBQG,0,0,62,2844,
4163-NCJAK,0,0,76,2438,
5233-AOZUF,0,0,80,3483,
5973-EJGDP,0,0,28,4899,
1996-DBMUS,0,0,71,5523,
7916-VCCPB,0,0,22,3624,
4686-GEFRM,0,0,57,5582,
5249-QYHEX,0,0,72,3021,
2233-FAGXV,0,0,20,3181,
5605-IYGFG,0,0,51,5501,
7663-ZTEGJ,0,0,77,3055,
3935-TBRZZ,0,0,80,3037,
8111-BKVDS,0,0,26,2164,
2055-SIFSS,0,0,24,4763,
2806-MLNTI,0,0,47,4621,
8734-DKSTZ,0,0,20,4922,
4360-PNRQB,0,0,78,4030,
6152-ONASV,0,0,74,4620,
7781-HVGMK,0,0,27,5092,
2181-UAESM,0,0,25,3477,
6048-NJXHX,0,0,53,2011,
2320-SLKMB,0,0,26,3080,
4980-URKXC,0,0,78,5744,
4376-KFVRS,0,0,39,4842,
5886-VLQVU,0,0,78,4945,
3577-AMVUX,0,0,32,2962,
0771-WLCLA,0,0,70,2683,
5628-RKIFK,0,0,22,5348,
0206-TBWLC,0,0,67,4488,
2937-FTHUR,0,0,37,2466,
1910-FMXJM,0,0,35,5544,
0732-OCQOC,0,0,42,5674,
5168-MSWXT,0,0,44,5505,
1090-ESELR,0,0,25,5534,
8592-PLTMQ,0,0,32,5655,
5760-WRAHC,0,0,32,3509,
8847-GEOOQ,0,0,76,5359,
4785-FCIFB,0,0,23,4900,
8313-NDOIA,0,0,61,5813,
5149-CUZUJ,0,0,51,2037,
0942-KOWSM,0,0,46,4274,
4237-CLSMM,0,0,77,4823,
1452-VOQCH,0,0,28,4120,
4719-UMSIY,0,0,34,2231,
6614-VBEGU,0,0,35,4208,
1480-BKXGA,0,0,64,4404,
2996-XAUVF,0,0,57,5055,
9076-AXYIK,0,0,28,6270,
5968-XQIVE,0,0,76,6016,
8896-RAZCR,0,0,63,2809,
4933-IKULF,0,0,40,4086,
1304-BCCFO,0,0,69,4900,
4104-PVRPS,0,0,47,2977,
3780-DDGSE,0,0,38,5479,
4431-EDMIQ,0,0,37,2950,
0486-LGCCH,0,0,33,3372,
4612-SSVHJ,0,0,27,2416,
5168-MQQCA,0,0,56,6288,
7971-HLVXI,0,0,50,6202,
9094-AZPHK,0,0,65,2565,
3649-JPUGY,0,0,52,5842,
3552-CTCYF,0,0,20,4046,
6778-YSNIH,0,0,33,5810,
5756-OZRIO,0,0,29,4001,
6579-JPICP,0,0,46,2968,
4134-BSXLX,0,0,76,3851,
0505-SPOOW,0,0,30,4500,
4374-YMUSQ,0,0,22,4022,
4513-CXYIX,0,0,54,4583,
3957-HHLMR,0,0,20,6316,
7803-XOCCZ,0,0,48,6099,
5736-YEJAX,0,0,28,5189,
8981-FJGLA,0,0,23,4886,
1135-LMECX,0,0,51,4905,
4332-MUOEZ,0,0,32,2574,
8535-SFUTN,0,0,65,4842,
8677-HDZEE,0,0,55,4212,
2475-MROZF,0,0,64,3597,
3482-ABPKK,0,0,30,5271,
6705-LXORM,0,0,24,2064,
7531-GQHME,0,0,56,4996,
5174-ITUMV,0,0,45,5666,
4109-CYRBD,0,0,39,5495,
0913-XWSCN,0,0,20,6411,
0750-EBAIU,0,0,29,4770,
8606-CIQUL,0,0,60,5168,
3571-DPYUH,0,0,49,5653,
7601-GNDYK,0,0,20,3764,
0356-OBMAC,0,0,45,5840,
8067-NIOYM,0,0,46,4368,
1403-GYAFU,0,0,64,4485,
4234-XTNEA,0,0,44,5213,
1297-VQDRP,0,0,66,4324,
5348-CAGXB,0,0,79,2325,
0621-HJWXJ,0,0,41,4980,
5844-QVTAT,0,0,21,4276,
8905-IAZPF,0,0,45,5251,
5394-MEITZ,0,0,52,5667,
6859-QNXIQ,0,0,23,5308,
2782-LFZVW,0,0,21,3880,
2866-IKBTM,0,0,80,3968,
7129-AZJDE,0,0,43,2074,
2560-PPCHE,0,0,73,5742,
4676-MQUEA,0,0,25,4184,
8138-EALND,0,0,29,4123,
3580-HYCSP,0,0,73,5780,
1352-HNSAW,0,0,65,5633,
2075-PUEPR,0,0,49,5248,
1982-FEBTD,0,0,78,5939,
5791-KAJFD,0,0,64,6198,
2654-VBVPB,0,0,49,2010,
1154-HYWWO,0,0,67,4993,
2501-XWWTZ,0,0,34,2535,
3716-UVSPD,0,0,45,4209,
6815-ABQFQ,0,0,70,5800,
7343-EOBEU,0,0,27,5587,
3701-SFMUH,0,0,50,4326,
6103-LIANB,0,0,35,4583,
7319-VENRZ,0,0,40,4010,
5846-NEQVZ,0,0,25,5328,
6967-QIQRV,0,0,28,3707,
5781-RFZRP,0,0,31,5431,
0308-IVGOK,0,0,62,2133,
7293-LSCDV,0,0,52,6134,
7025-WCBNE,0,0,33,3155,
5756-JYOJT,0,0,49,3206,
6030-REHUX,0,0,58,3906,
9548-LIGTA,0,0,20,4072,
5150-LJNSR,0,0,80,4524,
8270-RKSAP,0,0,37,3198,
6522-YRBXD,0,0,69,2631,
2640-LYMOV,0,0,65,3007,
1423-BMPBQ,0,0,44,2400,
2393-DIVAI,0,0,21,5575,
4568-KNYWR,0,0,43,6471,
8752-IMQOS,0,0,42,2894,
0742-LAFQK,0,0,46,5152,
0795-LAFGP,0,0,40,5633,
0619-OLYUR,0,0,80,6437,
5512-IDZEI,0,0,41,2026,
0459-SPZHJ,0,0,75,4652,
0215-BQKGS,0,0,66,5393,
9244-ZVAPM,0,0,50,2352,
8208-EUMTE,0,0,40,2136,
5172-MIGPM,0,0,46,5707,
1710-RCXUS,0,0,26,4965,
0374-FIUCA,0,0,80,5368,
5839-SUYVZ,0,0,70,2893,
5173-ZXXXL,0,0,61,3488,
1096-ADRUX,0,0,45,4395,
2001-MCUUW,0,0,25,4210,
2731-GJRDG,0,0,72,5076,
4723-BEGSG,0,0,61,5483,
6516-NKQBO,0,0,75,3067,
8672-OAUPW,0,0,56,4138,
8207-DMRVL,0,0,51,6158,
2804-ETQDK,0,0,74,4101,
6689-VRRTK,0,0,35,5720,
7138-GIRSH,0,0,76,4145,
9396-ZSFLL,0,0,78,3762,
6464-KEXXH,0,0,33,2372,
7134-MJPDY,0,0,40,5569,
5240-CAOYT,0,0,43,4882,
4059-IIEBK,0,0,61,4025,
4881-JVQOD,0,0,55,5248,
0516-UXRMT,0,0,71,5801,
4851-BQDNX,0,0,50,5904,
5148-HKFIR,0,0,76,4404,
3003-CMDUU,0,0,52,3273,
5016-IBERQ,0,0,33,2781,
6797-UCJHZ,0,0,27,5722,
2469-DTSGX,0,0,75,5388,
9931-KGHOA,0,0,40,5928,
1775-KWJKQ,0,0,50,6046,
7665-VIGUD,0,0,38,4745,
9411-TPQQV,0,0,74,3533,
7954-MLBUN,0,0,64,2021,
2077-DDHJK,0,0,50,4114,
9574-BOSMD,0,0,72,5668,
4908-XAXAY,0,0,30,5982,
8404-VLQFB,0,0,59,4667,
2391-IPLOP,0,0,27,4706,
3509-GWQGF,0,0,77,5242,
5845-BZZIB,0,0,65,4517,
1140-UKVZG,0,0,66,5208,
5183-SNMJQ,0,0,33,5787,
8100-PNJMH,0,0,42,5228,
7838-LAZFO,0,0,37,4192,
2085-JVGAD,0,0,24,3078,
8095-WANWK,0,0,38,5369,
3030-ZKIWL,0,0,21,2798,
9565-FLVCG,0,0,74,5420,
8755-OGKNA,0,0,45,5864,
2800-VEQXM,0,0,21,3319,
5533-RJFTJ,0,0,42,5214,
0214-JHPFW,0,0,42,5640,
5642-MHDQT,0,0,42,4836,
3088-FVYWK,0,0,46,5794,
9092-GDZKO,0,0,51,3534,
3729-OWRVL,0,0,79,4295,
2324-AALNO,0,0,41,5517,
5760-IFJOZ,0,0,77,3449,
2826-UWHIS,0,0,55,5602,
7501-IWUNG,0,0,58,6301,
4957-TREIR,0,0,20,5645,
7251-LJBQN,0,0,20,3568,
8040-MNRTF,0,0,64,3029,
1536-HBSWP,0,0,56,4667,
5313-FPXWG,0,0,75,4886,
0946-FKYTX,0,0,51,6290,
5076-YVXCM,0,0,65,4191,
8262-COGGB,0,0,48,5384,
6663-JOCQO,0,0,43,4258,
9620-QJREV,0,0,56,3313,
2682-KEVRP,0,0,21,4327,
2480-JZOSN,0,0,59,4517,
0078-XZMHT,0,0,76,6322,
9978-HYCIN,0,0,68,3384,
8338-QIUNR,0,0,49,4397,
1525-LNLOJ,0,0,60,4186,
9450-TRJUU,0,0,65,2332,
1766-GKNMI,0,0,69,4388,
6942-LBFDP,0,0,25,5629,
1456-TWCGB,0,0,37,3272,
7596-ZYWBB,0,0,75,4372,
8329-UTMVM,0,0,31,3104,
3014-WJKSM,0,0,40,4910,
3347-YJZZE,0,0,70,4558,
7929-DMBCV,0,0,22,4741,
9661-JALZV,0,0,54,5138,
5433-KYGHE,0,0,33,5494,
4312-KFRXN,0,0,30,5512,
5575-TPIZQ,0,0,43,5593,
0114-IGABW,0,0,76,5224,
9944-AEXBM,0,0,26,2383,
1853-ARAAQ,0,0,48,2510,
6952-OMNWB,0,0,28,5581,
4697-LUPSU,0,0,44,3866,
8434-VGEQQ,0,0,36,4446,
6549-YMFAW,0,0,69,2302,
4950-HKQTE,0,0,64,5676,
6786-OBWQR,0,0,69,5109,
2753-JMMCV,0,0,39,4774,
6621-YOBKI,0,0,76,2303,
1216-JWVUX,0,0,33,5985,
7564-GHCVB,0,0,40,4689,
1173-NOEYG,0,0,67,5750,
7595-EHCDL,0,0,40,3087,
6647-ZEDXT,0,0,45,4983,
2521-NPUZR,0,0,48,5025,
1307-TVUFB,0,0,79,2399,
7503-MIOGA,0,0,56,5881,
4381-MHQDC,0,0,40,3286,
6923-JHPMP,0,0,67,5602,
4018-PPNDW,0,0,21,5970,
1635-FJFCC,0,0,74,5846,
2499-AJYUA,0,0,80,5933,
6919-ELBGL,0,0,61,6268,
3966-HRMZA,0,0,56,3545,
6425-JWTDV,0,0,46,2282,
8405-IGQFX,0,0,45,4039,
8224-IVVPA,0,0,79,4472,
9477-LGWQI,0,0,70,5715,
1410-RSCMR,0,0,30,3459,
0139-IVFJG,0,0,29,5361,
5730-DBDSI,0,0,36,4601,
0030-FNXPP,0,0,59,5634,
5684-FJVYR,0,0,49,5794,
4013-GUXND,0,0,38,3678,
1266-NZYUI,0,0,32,6264,
7969-FFOWG,0,0,34,6312,
4718-DHSMV,0,0,44,2534,
5175-WLYXL,0,0,75,2444,
7817-OMJNA,0,0,50,5068,
8728-SKJLR,0,0,78,3277,
3137-NYQQI,0,0,70,3546,
7706-DZNKK,0,0,29,2642,
8823-RLPWL,0,0,22,4259,
9505-SQFSW,0,0,65,5651,
3758-CKOQL,0,0,51,4620,
5676-CFLYY,0,0,68,5124,
7521-AFHAB,0,0,64,2492,
0285-INHLN,0,0,41,3519,
5125-CNDSP,0,0,80,6406,
4992-LTJNE,0,0,64,6259,
2202-OUTMO,0,0,73,3012,
0810-BDHAW,0,0,77,2506,
0229-LFJAF,0,0,32,4262,
7131-ZQZNK,0,0,37,5790,
3442-ZHHCC,0,0,53,5355,
5726-CVNYA,0,0,65,3260,
9871-ELEYA,0,0,40,4263,
4257-GAESD,0,0,72,2270,
5173-WXOQV,0,0,56,4369,
2040-OBMLJ,0,0,68,4850,
6286-ZHAOK,0,0,35,3235,
3807-XHCJH,0,0,33,2358,
5671-RQRLP,0,0,30,4181,
8859-AXJZP,0,0,30,3970,
3174-AKMAS,0,0,41,4699,
9926-PJHDQ,0,0,34,5120,
7382-DFJTU,0,0,44,2110,
2798-NYLMZ,0,0,58,4111,
8098-TDCBU,0,0,53,3052,
3551-GAEGL,0,0,33,4697,
4785-NKHCX,0,0,31,2154,
3196-NVXLZ,0,0,23,4874,
0036-IHMOT,0,0,65,5892,
4178-EGMON,0,0,48,4867,
4220-TINQT,0,0,35,5632,
5318-YKDPV,0,0,63,3716,
7975-TZMLR,0,0,29,5029,
0295-QVKPB,0,0,42,3099,
4335-BSMJS,0,0,34,6201,
9146-JRIOX,0,0,65,2080,
5337-IIWKZ,0,0,49,5569,
9650-VBUOG,0,0,73,3772,
3487-EARAT,0,0,43,6325,
2672-TGEFF,0,0,31,3746,
4250-WAROZ,0,0,70,4353,
8184-WMOFI,0,0,56,5327,
6092-QZVPP,0,0,53,4830,
4625-LAMOB,0,0,55,2404,
0392-BZIUW,0,0,70,5678,
6549-NNDYT,0,0,38,2444,
0422-OHQHQ,0,0,22,3009,
6916-HIJSE,0,0,75,5434,
2316-ESMLS,0,0,74,3882,
9778-OGKQZ,0,0,44,5883,
7408-OFWXJ,0,0,66,5762,
6007-TCTST,0,0,39,5841,
2252-NKNSI,0,0,69,4322,
8713-IGZSO,0,0,57,5983,
7905-TVXTA,0,0,35,4771,
7695-PKLCZ,0,0,68,4201,
8374-UULRV,0,0,33,5965,
3224-DFQNQ,0,0,53,4488,
5275-PMFUT,0,0,72,4036,
4795-UXVCJ,0,0,77,5823,
9777-IQHWP,0,0,42,6249,
0979-MOZQI,0,0,54,4987,
2732-ISEZX,0,0,53,5263,
0323-XWWTN,0,0,77,4315,
1937-OTUKY,0,0,75,4332,
1573-LGXBA,0,0,51,5833,
1764-VUUMT,0,0,51,6382,
4713-ZBURT,0,0,38,3333,
3050-GBUSH,0,0,67,2496,
7876-AEHIG,0,0,37,5404,
7945-HLKEA,0,0,25,6408,
9342-VNIMQ,0,0,58,5201,
3523-BRGUW,0,0,64,2269,
3199-NPKCN,0,0,37,5649,
5170-PTRKA,0,0,69,4865,
4661-NJEUX,0,0,52,5368,
2123-AGEEN,0,0,38,2107,
1258-YMZNM,0,0,56,4997,
0048-LUMLS,0,0,55,5263,
5898-IGSLP,0,0,46,2132,
6259-WJQLC,0,0,50,2143,
7997-EASSD,0,0,64,6063,
0730-KOAVE,0,0,75,4219,
8975-SKGRX,0,0,42,5027,
0678-RLHVP,0,0,67,5731,
2267-FPIMA,0,0,21,5548,
1051-GEJLJ,0,0,74,4836,
5285-MVEHD,0,0,24,4196,
0379-DJQHR,0,0,51,4219,
5543-QDCRY,0,0,49,5344,
0297-RBCSG,0,0,39,2051,
4694-PHWFW,0,0,40,5919,
0835-JKADZ,0,0,54,4361,
7508-SMHXL,0,0,77,4452,
3865-YIOTT,0,0,72,6283,
5993-BQHEA,0,0,62,4018,
6024-RUGGH,0,0,62,6499,
3956-CJUST,0,0,49,2491,
4079-WWQQQ,0,0,24,4266,
6103-BOCOU,0,0,28,4501,
5149-TGWDZ,0,0,20,3471,
7471-WNSUF,0,0,24,4501,
8942-DBMHZ,0,0,80,4883,
4301-VVZKA,0,0,51,5432,
9199-PWQVC,0,0,30,4010,
4824-GUCBY,0,0,34,5602,
5393-HJZSM,0,0,70,5324,
0862-PRCBS,0,0,45,4121,
8812-ZRHFP,0,0,24,2923,
5146-CBVOE,0,0,59,5176,
0454-OKRCT,0,0,80,5542,
5787-KXGIY,0,0,42,4035,
4198-VFOEA,0,0,30,2990,
6630-UJZMY,0,0,37,5251,
2692-AQCPF,0,0,69,6047,
0347-UBKUZ,0,0,29,3366,
0835-DUUIQ,0,0,63,2050,
0811-GSDTP,0,0,22,3540,
7567-ECMCM,0,0,43,5128,
6115-ZTBFQ,0,0,25,4119,
6353-BRMMA,0,0,57,5795,
6231-WFGFH,0,0,34,5053,
9904-EHEVJ,0,0,35,2965,
6169-PPETC,0,0,38,2009,
8584-KMVXD,0,0,31,2934,
8467-WYNSR,0,0,62,2729,
0851-DFJKB,0,0,55,4497,
5382-SOYZL,0,0,61,3729,
3261-CQXOL,0,0,37,4993,
8388-FYNPZ,0,0,51,2401,
4002-BQWPQ,0,0,61,5917,
5651-YLPRD,0,0,48,4970,
2826-DXLQO,0,0,69,2587,
4378-BZYFP,0,0,65,2259,
9489-UTFKA,0,0,27,2136,
4849-PYRLQ,0,0,26,4011,
7764-BDPEE,0,0,38,5868,
3429-IFLEM,0,0,61,4846,
5002-GCQFH,0,0,62,5698,
0556-FJEGU,0,0,58,4474,
0604-THJFP,0,0,46,5446,
5879-SESNB,0,0,75,5902,
6461-PPAXN,0,0,30,4858,
3318-ISQFQ,0,0,28,5409,
1106-HRLKZ,0,0,34,2630,
2483-XSSMZ,0,0,23,5531,
8165-ZJRNM,0,0,67,4923,
2604-XVDAM,0,0,26,5706,
3717-OFRTN,0,0,43,3595,
9046-JBFWA,0,0,51,4004,
3280-NMUVX,0,0,33,4669,
1206-EHBDD,0,0,67,6203,
8361-LBRDI,0,0,51,6190,
4883-KCPZJ,0,0,75,4386,
9108-EQPNQ,0,0,63,3179,
7277-KAMWT,0,0,63,3037,
2545-LXYVJ,0,0,55,6317,
3234-VKACU,0,0,27,4799,
8120-JDCAM,0,0,44,3708,
8917-FAEMR,0,0,27,3408,
7047-YXDMZ,0,0,47,2366,
2858-EIMXH,0,0,65,5325,
6419-ZTTLE,0,0,45,3418,
0929-HYQEW,0,0,23,2085,
6614-YOLAC,0,0,48,4151,
7426-RHZGU,0,0,66,5017,
4065-JJAVA,0,0,59,5262,
7649-SIJJF,0,0,37,6045,
9361-YNQWJ,0,0,24,5887,
3748-FVMZZ,0,0,57,2664,
9391-TTOYH,0,0,42,5652,
1452-XRSJV,0,0,63,3154,
3422-WJOYD,0,0,70,5105,
8242-SOQUO,0,0,54,2660,
7460-ITWWP,0,0,41,2701,
7147-AYBAA,0,0,32,5402,
7868-TMWMZ,0,0,59,4953,
6732-FZUGP,0,0,52,4510,
8329-GWVPJ,0,0,64,4539,
1352-VHKAJ,0,0,52,3773,
2632-TACXW,0,0,21,4671,
8146-QQKZH,0,0,78,4090,
1767-CJKBA,0,0,48,6025,
6445-TNRXS,0,0,59,5671,
4581-LNWUM,0,0,78,3000,
4869-EPIUS,0,0,56,5344,
1915-OAKWD,0,0,48,2870,
7296-PIXQY,0,0,25,5819,
3354-OADJP,0,0,69,2237,
3524-WQDSG,0,0,73,3280,
0810-DHDBD,0,0,39,5806,
4026-SKKHW,0,0,76,2166,
2829-HYVZP,0,0,69,5696,
3845-JHAMY,0,0,25,2069,
7013-PSXHK,0,0,27,2047,
3486-NPGST,0,0,47,2691,
6100-FJZDG,0,0,29,2403,
4829-ZLJTK,0,0,37,6144,
1730-VFMWO,0,0,54,4352,
7143-BQIBA,0,0,76,3415,
3800-LYTRK,0,0,57,4978,
9646-NMHXE,0,0,77,2021,
7030-NJVDP,0,0,77,5436,
8883-GRDWQ,0,0,20,5090,
7771-ZONAT,0,0,55,4574,
2111-DWYHN,0,0,52,2810,
4194-WHFCB,0,0,52,5266,
4121-AGSIN,0,0,47,4455,
9845-PEEKO,0,0,25,5400,
0455-XFASS,0,0,59,5998,
0301-KOBTQ,0,0,20,3398,
1751-NCDLI,0,0,41,2641,
9170-ARBTB,0,0,37,4848,
7241-AJHFS,0,0,66,2426,
4546-FOKWR,0,0,27,3574,
9036-CSKBW,0,0,24,5446,
5832-TRLPB,0,0,77,4422,
8590-YFFQO,0,0,78,5669,
8659-IOOPU,0,0,34,6171,
1338-CECEE,0,0,54,3877,
7439-DKZTW,0,0,21,3154,
4646-QZXTF,0,0,57,5928,
9742-XOKTS,0,0,69,6194,
6921-OZMFH,0,0,46,3598,
9578-FOMUK,0,0,57,3965,
4712-UYOOI,0,0,70,3402,
7722-CVFXN,0,0,68,5546,
8717-VCTXJ,0,0,43,5293,
7363-QTBIW,0,0,62,4654,
4159-NAAIX,0,0,67,4769,
0971-QIFJK,0,0,21,4884,
9397-TZSHA,0,0,66,5294,
3391-JSQEW,0,0,71,2454,
0343-QLUZP,0,0,32,5544,
2176-LVPNX,0,0,33,4994,
3312-UUMZW,0,0,61,3981,
1271-UODNO,0,0,79,2380,
8461-EFQYM,0,0,23,2997,
6900-RBKER,0,0,35,5386,
6891-JPYFF,0,0,79,4275,
1459-QNFQT,0,0,27,4031,
1047-NNCBF,0,0,59,5790,
3696-XRIEN,0,0,71,5258,
0074-HDKDG,0,0,66,3807,
8791-GFXLZ,0,0,70,4244,
9330-DHBFL,0,0,22,2072,
0098-BOWSO,0,0,39,3792,
3452-ABWRL,0,0,69,5527,
5859-HZYLF,0,0,58,4347,
3156-QLHBO,0,0,45,4725,
2208-NQBCT,0,0,72,2817,
1779-PWPMG,0,0,29,5408,
6621-NRZAK,0,0,56,5975,
0831-JNISG,0,0,20,5406,
0774-IFUVM,0,0,42,5942,
3082-WQRVY,0,0,66,2962,
9553-DLCLU,0,0,27,5407,
1641-BYBTK,0,0,75,3478,
2460-NGXBJ,0,0,28,5193,
2446-ZKVAF,0,0,59,5558,
3522-CDKHF,0,0,76,3131,
1430-SFQSA,0,0,74,3898,
0411-EZJZE,0,0,31,4830,
8807-ARQET,0,0,79,2454,
8992-CEUEN,0,0,37,5084,
4320-QMLLA,0,0,20,3481,
8777-PVYGU,0,0,73,4405,
8292-ITGYJ,0,0,67,3043,
6870-ZWMNX,0,0,67,5115,
0621-CXBKL,0,0,54,4116,
5268-DSMNQ,0,0,50,5428,
5334-JLAXU,0,0,62,5267,
6242-MBHPK,0,0,66,4025,
9359-UGBTK,0,0,50,4910,
4782-OSFXZ,0,0,20,5089,
6479-OAUSD,0,0,22,2130,
7129-ACFOG,0,0,78,2182,
4189-NAKJS,0,0,36,3130,
5562-BETPV,0,0,53,2539,
1282-IHQAC,0,0,68,4022,
9127-FHJBZ,0,0,29,4558,
1641-RQDAY,0,0,59,4848,
6994-ORCWG,0,0,44,4423,
1346-UFHAX,0,0,78,5577,
2933-XEUJM,0,0,63,2007,
5461-QKNTN,0,0,63,2040,
4835-YSJMR,0,0,51,2202,
3164-YAXFY,0,0,58,5594,
0887-WBJVH,0,0,20,4700,
4660-IRIBM,0,0,33,5192,
7670-ZBPOQ,0,0,46,4411,
8089-UZWLX,0,0,70,4113,
0080-OROZO,0,0,36,3244,
3916-NRPAP,0,0,33,5806,
6807-SIWJI,0,0,35,2709,
8221-HVAYI,0,0,61,3945,
5232-NXPAY,0,0,55,3459,
8967-SZQAS,0,0,48,3185,
4468-KAZHE,0,0,37,2399,
0455-ENTCR,0,0,38,5012,
8944-AILEF,0,0,67,2483,
5542-NKVRU,0,0,57,2574,
7126-RBHSD,0,0,38,2362,
5370-IIVVL,0,0,21,4812,
6789-HJBWG,0,0,70,5007,
9087-EYCPR,0,0,24,6355,
6791-YBNAK,0,0,28,4134,
6077-BDPXA,0,0,26,2228,
0013-MHZWF,0,0,55,5108,
8268-YDIXR,0,0,56,4778,
4291-SHSBH,0,0,71,4704,
6980-IMXXE,0,0,34,5267,
0040-HALCW,0,0,60,6393,
0784-GTUUK,0,0,66,4811,
2294-DMMUS,0,0,37,5057,
0872-JCPIB,0,0,63,3921,
3055-MJDSB,0,0,49,2323,
9091-WTUUY,0,0,25,4226,
7115-IRDHS,0,0,66,5065,
8496-DMZUK,0,0,78,3171,
2040-VZIKE,0,0,53,5417,
9068-VPWQQ,0,0,35,6466,
0178-SZBHO,0,0,76,3760,
0384-RVBPI,0,0,80,2120,
1299-AURJA,0,0,59,5907,
4525-VZCZG,0,0,35,5915,
1543-LLLFT,0,0,74,5413,
2788-CJQAQ,0,0,37,3799,
0319-QZTCO,0,0,52,3654,
2120-SMPEX,0,0,58,3848,
0096-FCPUF,0,0,48,5039,
0668-OGMHD,0,0,77,3766,
6507-ZJSUR,0,0,24,5272,
9408-HRXRK,0,0,22,5915,
5593-SUAOO,0,0,53,2404,
6766-HFKLA,0,0,34,4534,
7617-EYGLW,0,0,64,5820,
9220-ZNKJI,0,0,73,4291,
2226-ICFDO,0,0,72,6361,
0723-VSOBE,0,0,38,5715,
5529-GIBVH,0,0,74,2618,
9992-UJOEL,0,0,33,5870,
4741-WWJQZ,0,0,26,5251,
6625-UTXEW,0,0,57,3097,
6244-BESBM,0,0,34,6166,
1004-NOZNR,0,0,59,5693,
1251-STYSZ,0,0,20,3828,
2612-PHGOX,0,0,26,4222,
8480-PPONV,0,0,25,6349,
8780-IHCRN,0,0,40,4392,
4598-ZADCK,0,0,28,5183,
1257-SXUXQ,0,0,79,4573,
9681-KYGYB,0,0,24,5987,
7182-OVLBJ,0,0,36,5735,
5095-ETBRJ,0,0,33,4702,
7005-CYUIL,0,0,29,4964,
4821-WQOYN,0,0,41,4603,
4730-AWNAU,0,0,69,3671,
3452-FLHYD,0,0,77,5682,
2388-LAESQ,0,0,26,4796,
9531-NSBMR,0,0,79,4904,
6260-ONULR,0,0,36,2438,
4389-UEFCZ,0,0,62,5551,
8711-LOBKY,0,0,59,6144,
8985-OOPOS,0,0,23,2900,
8800-ZKRFW,0,0,51,3094,
2616-FLVQC,0,0,27,6036,
9968-FFVVH,0,0,40,5082,
3108-PCCGG,0,0,25,5856,
8390-FESFV,0,0,61,5466,
3022-BEXHZ,0,0,71,6060,
6248-TKCQV,0,0,68,5880,
6729-GDNGC,0,0,73,3111,
6198-ZFIOJ,0,0,27,3469,
5989-OMNJE,0,0,70,5623,
1291-CUOCY,0,0,64,5444,
9795-SHUHB,0,0,79,5313,
3230-IUALN,0,0,56,2934,
0042-RLHYP,0,0,76,4131,
4945-RVMTE,0,0,37,3354,
1866-NXPSP,0,0,22,3235,
3941-XTSKM,0,0,71,3844,
1661-CZBAU,0,0,56,2667,
5158-RIVOP,0,0,63,5359,
9788-YTFGE,0,0,38,3331,
9277-JOOMO,0,0,56,5756,
1907-YLNYW,0,0,35,4490,
8947-YRTDV,0,0,52,5288,
3161-ONRWK,0,0,48,4053,
0114-RSRRW,0,0,54,3831,
4565-NLZBV,0,0,42,4015,
6682-VCIXC,0,0,43,5656,
6475-VHUIZ,0,0,49,5140,
3910-MRQOY,0,0,79,5398,
0661-WCQNQ,0,0,28,3733,
7537-RBWEA,0,0,45,3513,
4656-CAURT,0,0,31,6059,
0121-SNYRK,0,0,36,5052,
3733-LSYCE,0,0,67,4891,
6265-FRMTQ,0,0,29,5363,
2017-CCBLH,0,0,71,3087,
7690-KPNCU,0,0,28,4515,
0536-BGFMZ,0,0,41,5145,
2293-IJWPS,0,0,31,6354,
5469-NUJUR,0,0,50,2831,
2625-TRCZQ,0,0,30,5528,
4102-HLENU,0,0,20,5441,
7266-GSSJX,0,0,28,2606,
7722-VJRQD,0,0,21,4147,
7073-QETQY,0,0,22,4845,
5624-RYAMH,0,0,64,4283,
0196-JTUQI,0,0,68,5841,
7130-YXBRO,0,0,74,2319,
9272-LSVYH,0,0,78,3963,
3084-DOWLE,0,0,42,6434,
1084-MNSMJ,0,0,43,6261,
4238-HFHSN,0,0,33,4250,
6250-CGGUN,0,0,31,4154,
5478-JJVZK,0,0,36,3009,
7596-IIWYC,0,0,79,5250,
9793-WECQC,0,0,68,5029,
4291-HPAXL,0,0,75,4840,
8999-YPYBV,0,0,35,3403,
1839-FBNFR,0,0,72,3032,
3071-MVJCD,0,0,60,4162,
1697-BCSHV,0,0,70,6433,
0562-KBDVM,0,0,26,4442,
1131-SUEKT,0,0,64,4000,
3717-OEAUQ,0,0,38,2388,
4538-WNTMJ,0,0,58,3979,
9432-RUVSL,0,0,75,3262,
8060-HIWJJ,0,0,57,4934,
7684-XSZIY,0,0,43,5160,
9089-UOWJG,0,0,29,5068,
8039-ACLPL,0,0,52,4505,
9885-AIBVB,0,0,70,2568,
1934-MKPXS,0,0,59,3636,
2592-YKDIF,0,0,72,5774,
2272-JKMSI,0,0,49,4306,
8714-CTZJW,0,0,80,3154,
3569-EDBPQ,0,0,31,2198,
3131-NWVFJ,0,0,47,5620,
7521-YXVZY,0,0,77,4430,
2373-NTKOD,0,0,60,3026,
1970-KKFWL,0,0,78,2416,
9337-SRRNI,0,0,56,6019,
0895-UADGO,0,0,66,5489,
5678-VFNEQ,0,0,45,4695,
5977-CKHON,0,0,37,3853,
2692-BUCFV,0,0,76,5285,
1830-GGFNM,0,0,36,4603,
5302-BDJNT,0,0,27,3715,
5223-UZAVK,0,0,77,4986,
4859-ZSRDZ,0,0,69,4080,
5651-WYIPH,0,0,71,3283,
9350-VLHMB,0,0,45,6111,
3498-LZGQZ,0,0,38,6373,
8785-CJSHH,0,0,38,6213,
3870-SPZSI,0,0,54,4203,
7560-QRBXH,0,0,21,3396,
7077-XJMET,0,0,52,5426,
8752-GHJFU,0,0,66,4322,
6896-SRVYQ,0,0,48,4374,
4652-ODEVH,0,0,57,3586,
6510-UPNKS,0,0,46,4402,
6718-BDGHG,0,0,72,4000,
9046-DQMTP,0,0,75,5876,
6439-LAJXL,0,0,29,2452,
9052-VKDUW,0,0,39,4452,
1666-JZPZT,0,0,51,5428,
5777-KJIRB,0,0,25,2449,
7677-SJJJK,0,0,29,3152,
2480-EJWYP,0,0,23,6019,
3253-HKOKL,0,0,29,4811,
7055-HNEOJ,0,0,48,2662,
5514-YQENT,0,0,32,5038,
3211-AAPKX,0,0,42,3300,
8445-DNBAE,0,0,61,5523,
2958-NHPPS,0,0,53,4263,
6806-YDEUL,0,0,77,3288,
1735-XMJVH,0,0,58,5416,
6890-PFRQX,0,0,24,4466,
0222-CNVPT,0,0,67,4865,
5899-OUVKV,0,0,42,3949,
8681-ICONS,0,0,72,4667,
1621-YNCJH,0,0,25,4505,
6362-QHAFM,0,0,63,5106,
3070-BDOQC,0,0,41,4616,
6234-PFPXL,0,0,56,3207,
9824-QCJPK,0,0,60,4175,
4283-IVYCI,0,0,66,3013,
1866-OBPNR,0,0,22,5494,
8205-MQUGY,0,0,37,3582,
8970-ANWXO,0,0,28,3483,
9480-BQJEI,0,0,58,6468,
6979-TNDEU,0,0,42,2879,
9777-WJJPR,0,0,48,4821,
9495-SKLKD,0,0,63,5322,
6048-UWKAL,0,0,45,5467,
5067-DGXLL,0,0,59,5736,
6281-FKEWS,0,0,68,3910,
8898-KASCD,0,0,76,3752,
9242-TKFSV,0,0,30,4969,
9290-SHCMB,0,0,28,3098,
0743-HNPFG,0,0,50,5628,
2277-BKJKN,0,0,23,4951,
5035-PGZXH,0,0,49,6161,
8695-WDYEA,0,0,57,4483,
6543-JXSOO,0,0,22,3794,
8016-ZMGMO,0,0,37,5572,
8605-ITULD,0,0,31,5750,
6416-YJTTB,0,0,57,2278,
4472-VESGY,0,0,48,5123,
3195-TQDZX,0,0,42,4050,
3128-YOVTD,0,0,64,6321,
1728-CXQBE,0,0,63,6020,
7041-TXQJH,0,0,20,5924,
5014-GSOUQ,0,0,63,2884,
5724-BIDBU,0,0,26,5601,
0481-SUMCB,0,0,69,5391,
1769-GRUIK,0,0,28,4911,
8819-WFGGJ,0,0,30,4601,
7427-AUFPY,0,0,70,5708,
2811-POVEX,0,0,70,3937,
7898-PDWQE,0,0,20,5228,
9972-EWRJS,0,0,61,5154,
9314-IJWSQ,0,0,80,2452,
5799-JRCZO,0,0,44,4370,
1921-KYSAY,0,0,34,4572,
6198-RTPMF,0,0,32,4756,
2924-KHUVI,0,0,61,4847,
1925-GMVBW,0,0,23,5967,
6184-DYUOB,0,0,29,2941,
9207-ZPANB,0,0,37,5042,
9327-QSDED,0,0,60,3266,
1656-DRSMG,0,0,66,5775,
3012-VFFMN,0,0,74,4058,
2984-AFWNC,0,0,70,2813,
0640-YJTPY,0,0,71,4974,
8096-LOIST,0,0,38,3384,
9764-REAFF,0,0,20,4375,
7107-UBYKY,0,0,49,4194,
4881-GQJTW,0,0,40,2847,
7876-DNYAP,0,0,36,5423,
7905-NJMXS,0,0,74,5116,
2882-WDTBA,0,0,75,5839,
2091-GPPIQ,0,0,76,5050,
5071-FBJFS,0,0,73,3147,
2796-UUZZO,0,0,66,5157,
2429-AYKKO,0,0,22,4790,
9798-OPFEM,0,0,37,4791,
3794-NFNCH,0,0,29,4715,
5193-QLVZB,0,0,30,5882,
7114-AEOZE,0,0,58,6213,
5522-NYKPB,0,0,79,3153,
9957-YODKZ,0,0,68,5611,
6518-KZXCB,0,0,61,3403,
2245-ADZFJ,0,0,24,3491,
7776-QGYJC,0,0,25,2042,
9313-QOLTZ,0,0,51,5895,
4672-FOTSD,0,0,56,4334,
9818-XQCUV,0,0,61,5994,
7338-ERIVA,0,0,61,4003,
8259-NFJTV,0,0,45,5996,
3223-DWFIO,0,0,26,4140,
6968-GMKPR,0,0,80,5167,
4751-ERMAN,0,0,35,4171,
1436-ZMJAN,0,0,79,2709,
3292-PBZEJ,0,0,28,3175,
0799-DDIHE,0,0,68,3103,
3070-FNFZQ,0,0,33,4698,
2812-SFXMJ,0,0,27,4221,
5014-WUQMG,0,0,68,5793,
5312-TSZVC,0,0,34,4818,
0993-OSGPT,0,0,24,6418,
7108-DGVUU,0,0,38,2784,
2782-JEEBU,0,0,64,3378,
5127-BZENZ,0,0,26,4775,
2720-FVBQP,0,0,30,3061,
9906-NHHVC,0,0,76,5693,
4522-XRWWI,0,0,62,4397,
3766-EJLFL,0,0,80,6391,
5939-SXWHM,0,0,72,2111,
8152-UOBNY,0,0,59,5746,
7351-KYHQH,0,0,37,4615,
7643-RCHXS,0,0,23,4566,
8246-SHFGA,0,0,78,2842,
0620-XEFWH,0,0,63,5279,
6485-QXWWE,0,0,46,4535,
7321-VGNKU,0,0,39,4917,
5327-CNLUQ,0,0,38,2613,
7552-KEYGT,0,0,44,4430,
5816-JMLGY,0,0,28,6367,
2927-QRRQV,0,0,79,4120,
6265-SXWBU,0,0,74,5561,
7941-RCJOW,0,0,76,4309,
6374-NTQLP,0,0,54,5092,
2387-KDZQY,0,0,51,2185,
3584-WKTTW,0,0,35,4053,
3399-BMLVW,0,0,75,4994,
1971-DTCZB,0,0,54,6091,
3374-PZLXD,0,0,73,4136,
3813-DHBBB,0,0,77,6395,
2812-REYAT,0,0,72,5579,
6518-PPLMZ,0,0,73,4497,
4939-KYYPY,0,0,23,4818,
5930-GBIWP,0,0,45,5286,
6022-KOUQO,0,0,22,4998,
2361-UPSND,0,0,52,5433,
6035-RIIOM,0,0,55,4971,
9504-DSHWM,0,0,58,5924,
5035-BVCXS,0,0,70,4278,
6267-DCFFZ,0,0,39,3792,
3533-UVMOM,0,0,43,5036,
2439-LYPMQ,0,0,40,5469,
1478-VPOAD,0,0,31,4633,
9995-HOTOH,0,0,20,5639,
2988-PLAHS,0,0,67,2754,
1371-OJCEK,0,0,70,4200,
4999-IEZLT,0,0,55,5112,
8883-ANODQ,0,0,34,5045,
2351-RRBUE,0,0,70,3575,
5980-BDHPY,0,0,76,5993,
1498-DQNRX,0,0,59,2712,
9469-WEJBT,0,0,76,3347,
2581-VKIRT,0,0,35,5631,
7426-WEIJX,0,0,71,6214,
2851-MMUTZ,0,0,69,3056,
3307-TLCUD,0,0,45,4207,
6625-FLENO,0,0,20,4927,
2967-MXRAV,0,0,51,5160,
8189-HBVRW,0,0,20,5249,
4163-KIUHY,0,0,56,2980,
3500-NSDOA,0,0,61,5540,
1171-TYKUR,0,0,33,3159,
3761-FLYZI,0,0,64,5225,
1219-NNDDO,0,0,38,4834,
8388-DMKAE,0,0,37,2653,
4403-BWPAY,0,0,22,4527,
9659-QEQSY,0,0,75,3974,
5405-ZMYXQ,0,0,57,2142,
1442-OKRJE,0,0,80,4663,
4737-AQCPU,0,0,42,4658,
2808-CHTDM,0,0,67,2267,
0793-TWELN,0,0,62,2841,
3283-WCWXT,0,0,52,2882,
1060-ENTOF,0,0,64,5703,
0999-QXNSA,0,0,57,3779,
5451-MHQOF,0,0,78,5623,
4836-WNFNO,0,0,35,6126,
9225-BZLNZ,0,0,52,6275,
0354-VXMJC,0,0,35,4617,
4422-QVIJA,0,0,74,5879,
9365-SRSZE,0,0,65,2534,
8332-OSJDW,0,0,65,3277,
4735-BJKOU,0,0,64,3915,
0274-JKUJR,0,0,76,3332,
5740-YHGTW,0,0,49,4551,
8917-SZTTJ,0,0,50,6315,
1696-MZVAU,0,0,21,4259,
7359-WWYJV,0,0,53,6274,
4906-ZHGPK,0,0,77,5276,
3795-GWTRD,0,0,64,4626,
1298-PHBTI,0,0,43,5952,
6223-DHJGV,0,0,49,5956,
6961-MJKBO,0,0,72,4342,
8158-WPEZG,0,0,61,4986,
4918-FYJNT,0,0,42,5140,
0727-BNRLG,0,0,20,5709,
4854-CIDCF,0,0,74,2868,
3280-MRDOF,0,0,75,3415,
6435-SRWBJ,0,0,36,5269,
9964-WBQDJ,0,0,56,4412,
6303-KFWSL,0,0,55,5481,
1702-CCFNJ,0,0,49,4729,
8932-CZHRQ,0,0,33,5395,
0386-CWRGM,0,0,47,2320,
5515-RUGKN,0,0,53,5317,
0404-AHASP,0,0,36,6436,
7279-NMVJC,0,0,70,2093,
2081-VEYEH,0,0,70,5653,
6407-UTSLV,0,0,53,2885,
9060-HJJRW,0,0,62,4380,
2587-YNLES,0,0,42,5874,
7398-SKNQZ,0,0,58,2330,
5935-FCCNB,0,0,54,4425,
1958-RNRKS,0,0,45,3712,
5136-RGMZO,0,0,37,4443,
8345-MVDYC,0,0,41,5937,
8226-BXGES,0,0,67,5519,
9705-IOVQQ,0,0,20,5177,
1015-OWJKI,0,0,59,5279,
2040-XBAVJ,0,0,32,4700,
8887-IPQNC,0,0,58,5014,
8646-JCOMS,0,0,38,4958,
1222-KJNZD,0,0,72,5918,
0106-GHRQR,0,0,39,3360,
3768-VHXQO,0,0,51,4833,
8952-WCVCD,0,0,65,2719,
2418-TPEUN,0,0,59,4681,
3963-RYFNS,0,0,20,5567,
8540-ZQGEA,0,0,40,4212,
1320-REHCS,0,0,46,4993,
4137-JOPHL,0,0,45,5306,
7801-CEDNV,0,0,30,3560,
2057-BOYKM,0,0,78,5153,
3658-QQJYD,0,0,77,5974,
1803-BGNBD,0,0,63,3854,
0134-XWXCE,0,0,71,3253,
6950-TWMYB,0,0,48,4387,
5848-FHRFC,0,0,63,5740,
2243-FNMMI,0,0,32,4958,
2511-MORQY,0,0,41,4322,
5356-KZCKT,0,0,38,6490,
9470-XCCEM,0,0,34,2622,
6519-CFDBX,0,0,45,4964,
3902-MIVLE,0,0,62,5113,
0409-WTMPL,0,0,55,4761,
8763-KIAFH,0,0,31,2269,
3669-WHAFY,0,0,24,4144,
3055-VTCGS,0,0,63,6312,
3144-KMTWZ,0,0,63,6035,
2007-QVGAW,0,0,27,6303,
5207-PLSTK,0,0,58,5068,
2307-FYNNL,0,0,29,5692,
5605-XNWEN,0,0,69,4055,
2155-AMQRX,0,0,26,2885,
6181-AXXYF,0,0,71,4185,
5091-HFAZW,0,0,52,2686,
2519-LBNQL,0,0,73,4040,
8623-ULFNQ,0,0,43,3225,
1568-LJSZU,0,0,43,4451,
7789-HKSBS,0,0,36,5573,
7416-CKTEP,0,0,77,6064,
2586-CWXVV,0,0,78,4778,
2348-KCJLT,0,0,21,2059,
8401-EMUWF,0,0,36,4701,
4193-IBKSW,0,0,67,6232,
5377-NDTOU,0,0,39,4644,
2474-LCNUE,0,0,61,2590,
0839-QNXME,0,0,78,3986,
3506-OVLKD,0,0,80,4419,
6650-VJONK,0,0,39,5913,
2178-PMGCJ,0,0,32,4838,
7492-TAFJD,0,0,70,3345,
2773-MADBQ,0,0,40,2751,
6016-LVTJQ,0,0,74,5099,
7860-KSUGX,0,0,74,6330,
8966-KZXXA,0,0,45,3040,
5149-QYTTU,0,0,41,5647,
2070-XYMFH,0,0,50,3558,
2085-BOJKI,0,0,37,5228,
0817-HSUSE,0,0,43,2954,
5442-PPTJY,0,0,24,5104,
1927-QEWMY,0,0,25,6302,
1663-MHLHE,0,0,44,4629,
5663-QBGIS,0,0,73,6120,
4450-MDZFX,0,0,26,5100,
6701-DHKWQ,0,0,55,4159,
7554-AKDQF,0,0,40,4227,
0794-YVSGE,0,0,76,5265,
5423-BHIXO,0,0,43,4454,
6908-VVYHM,0,0,70,6358,
2959-EEXWB,0,0,64,3937,
1839-UMACK,0,0,55,3756,
3030-YDNRM,0,0,40,5514,
7321-KKSDU,0,0,50,3114,
3402-XRIUO,0,0,36,2136,
8286-AFUYI,0,0,35,5092,
8356-WUAOJ,0,0,63,5669,
8058-DMYRU,0,0,23,5232,
9350-ZXYJC,0,0,63,3808,
8958-JPTRR,0,0,33,5052,
6959-GQEGV,0,0,28,2185,
3173-WSSUE,0,0,52,5921,
1265-HVPZB,0,0,64,6432,
4115-UMJFQ,0,0,32,4043,
7369-TRPFD,0,0,43,2916,
1098-KFQEC,0,0,23,5366,
7190-XHTWJ,0,0,32,4705,
3537-RYBHH,0,0,67,4074,
5296-BFCYD,0,0,24,3392,
9359-JANWS,0,0,50,5657,
3279-DYZQM,0,0,63,5497,
0523-VNGTF,0,0,70,5185,
9575-IWCAZ,0,0,31,5161,
7105-MXJLL,0,0,68,2502,
7064-FRRSW,0,0,78,3061,
7940-UQQUG,0,0,33,5133,
3961-SXAXY,0,0,54,5925,
7010-BRBUU,0,0,23,4264,
3566-HJGPK,0,0,31,3173,
3062-ICYZQ,0,0,20,5457,
9938-PRCVK,0,0,52,2902,
0973-KYVNF,0,0,75,5176,
5129-HHMZC,0,0,53,3110,
9637-CDTKZ,0,0,61,4965,
3946-JEWRQ,0,0,72,4977,
7873-CVMAW,0,0,32,6468,
0463-WZZKO,0,0,30,2406,
4524-QCSSM,0,0,33,4512,
5832-EXGTT,0,0,76,5517,
2039-JONDJ,0,0,80,3616,
7217-JYHOQ,0,0,56,3359,
6695-FRVEC,0,0,73,5356,
9894-QMIMJ,0,0,20,2499,
8069-YQQAJ,0,0,55,3448,
1636-NTNCO,0,0,33,2104,
3466-WAESX,0,0,71,5172,
9281-PKKZE,0,0,47,4818,
3638-VBZTA,0,0,45,4280,
7459-IMVYU,0,0,39,5858,
8563-OYMQY,0,0,23,5687,
0754-EEBDC,0,0,74,2347,
5777-ZPQNC,0,0,38,4628,
1951-IEYXM,0,0,73,4528,
3318-NMQXL,0,0,42,4345,
1022-RKXDR,0,0,42,3089,
2361-FJWNO,0,0,38,5323,
2272-UOINI,0,0,47,3601,
8232-UTFOZ,0,0,59,4328,
3750-YHRYO,0,0,27,2874,
6637-KYRCV,0,0,27,5973,
5668-MEISB,0,0,34,5146,
0129-QMPDR,0,0,59,3093,
7188-CBBBA,0,0,35,6153,
5356-CSVSQ,0,0,24,5277,
3221-CJMSG,0,0,23,2515,
3219-JQRSL,0,0,39,4627,
2801-NISEI,0,0,55,3407,
4623-ZKHLY,0,0,28,3727,
6732-VAILE,0,0,60,6354,
8201-AAXCB,0,0,75,3192,
7696-CFTAT,0,0,28,2745,
1845-CSBRZ,0,0,49,2656,
2123-VSCOT,0,0,52,6225,
2018-QKYGT,0,0,27,4396,
2792-VPPET,0,0,35,5296,
7409-JURKQ,0,0,28,5713,
3247-MHJKM,0,0,72,3586,
1964-SVLEA,0,0,80,2860,
7297-DVYGA,0,0,65,5089,
2239-CGBUZ,0,0,63,4207,
0854-UYHZD,0,0,55,2816,
7243-LCGGZ,0,0,72,3901,
8267-KFGYD,0,0,32,3389,
4890-VMUAV,0,0,36,5342,
9261-WDCAF,0,0,34,2168,
3764-MNMOI,0,0,54,2776,
7442-YGZFK,0,0,79,4796,
8229-BUJHX,0,0,62,4941,
7449-HVPIV,0,0,44,4603,
5504-WSIUR,0,0,33,5327,
8466-PZBLH,0,0,56,4743,
8735-IJJEG,0,0,48,4253,
0564-MUUQK,0,0,73,3186,
0701-RFGFI,0,0,41,6136,
0019-EFAEP,0,0,53,5513,
5619-PTMIK,0,0,72,3358,
3737-XBQDD,0,0,23,2941,
5882-CMAZQ,0,0,21,5100,
5846-QFDFI,0,0,78,3648,
4445-KWOKW,0,0,55,5988,
3511-APPBJ,0,0,62,3515,
7967-HYCDE,0,0,27,4946,
2430-RRYUW,0,0,20,4621,
3723-BFBGR,0,0,25,4330,
5447-WZAFP,0,0,71,5377,
5110-CHOPY,0,0,39,4173,
4425-OWHWB,0,0,77,5811,
7892-QVYKW,0,0,25,3513,
9675-ICXCT,0,0,75,4689,
4703-MQYKT,0,0,22,4562,
5692-ICXLW,0,0,60,3493,
0602-DDUML,0,0,38,4487,
2208-MPXIO,0,0,71,5169,
1960-UYCNN,0,0,23,4810,
3190-FZATL,0,0,71,5770,
7336-RLLRH,0,0,51,4732,
7710-JSYOA,0,0,45,5205,
9885-MFVSU,0,0,46,4577,
0607-MVMGC,0,0,63,2595,
3365-SAIGS,0,0,59,5564,
8022-BECSI,0,0,37,2203,
9993-LHIEB,0,0,59,4792,
0266-CLZKZ,0,0,59,6383,
7020-OZKXZ,0,0,30,3021,
3977-QCRSL,0,0,66,5020,
0017-DINOC,0,0,54,5435,
7639-OPLNG,0,0,27,5085,
1492-QGCLU,0,0,36,5957,
7328-OWMOM,0,0,30,3086,
4418-LZMSV,0,0,47,4749,
5155-AZQPB,0,0,74,5250,
1087-GRUYI,0,0,65,3756,
2546-KZAAT,0,0,59,5211,
0181-RITDD,0,0,43,5298,
5989-PGKJB,0,0,65,3511,
8272-ONJLV,0,0,41,5527,
1488-PBLJN,0,0,33,4055,
0308-GIQJT,0,0,54,4921,
3778-FOAQW,0,0,39,3573,
4452-ROHMO,0,0,38,2722,
3090-LETTY,0,0,78,3172,
5349-AZPEW,0,0,24,2071,
9720-JJJOR,0,0,50,4565,
8100-HZZLJ,0,0,55,4205,
8775-ERLNB,0,0,47,2968,
8309-IEYJD,0,0,25,2576,
7398-HPYZQ,0,0,23,5007,
3546-GHEAE,0,0,42,2600,
7361-YPXFS,0,0,37,3820,
6557-BZXLQ,0,0,63,5610,
2550-QHZGP,0,0,71,4271,
7519-JTWQH,0,0,33,4803,
2538-OIMXF,0,0,55,3065,
8543-MSDMF,0,0,24,5528,
1170-SASML,0,0,62,5976,
4872-JCVCA,0,0,22,4795,
5346-BZCHP,0,0,57,6408,
2038-LLMLM,0,0,78,4304,
1216-BGTSP,0,0,33,5093,
4138-NAXED,0,0,34,4121,
0744-BIKKF,0,0,67,4621,
7483-IQWIB,0,0,42,3462,
5248-KWLAR,0,0,28,6483,
7996-MHXLW,0,0,61,6141,
7833-PKIHD,0,0,52,6385,
7061-OVMIM,0,0,50,5203,
5153-RTHKF,0,0,78,3818,
1852-QSWCD,0,0,55,6281,
4832-VRBMR,0,0,51,6441,
9079-LWTFD,0,0,27,2508,
3392-EHMNK,0,0,58,4803,
5986-WWXDV,0,0,68,2607,
3061-BCKYI,0,0,34,3854,
7901-TBKJX,0,0,65,5514,
7228-PAQPD,0,0,58,5718,
7746-QYVCO,0,0,55,2464,
5804-HYIEZ,0,0,30,4583,
9919-FZDED,0,0,63,4671,
5934-TSSAU,0,0,49,5903,
3486-KHMLI,0,0,54,5403,
6784-XYJAE,0,0,25,4770,
3933-DQPWX,0,0,49,5174,
6661-EIPZC,0,0,36,3194,
8957-THMOA,0,0,27,4263,
2251-PYLPB,0,0,55,4766,
5555-RNPGT,0,0,36,5212,
1057-FOGLZ,0,0,20,4333,
8087-LGYHQ,0,0,42,3475,
4137-BTIKL,0,0,60,4766,
2190-BCXEC,0,0,45,5257,
6227-FBDXH,0,0,56,4237,
2911-WDXMV,0,0,37,5334,
7206-PQBBZ,0,0,29,2848,
4547-FZJWE,0,0,77,5712,
7422-WNBTY,0,0,40,3348,
0842-IWYCP,0,0,44,2626,
3521-HTQTV,0,0,46,2026,
3744-ZBHON,0,0,24,4369,
3373-DIUUN,0,0,70,3047,
8383-SGHJU,0,0,38,2853,
7607-QKKTJ,0,0,27,2719,
7707-PYBBH,0,0,52,2520,
8984-HPEMB,0,0,73,4296,
4139-DETXS,0,0,45,5265,
9779-DPNEJ,0,0,42,4732,
9805-FILKB,0,0,68,2325,
5793-YOLJN,0,0,24,5046,
0673-IGUQO,0,0,38,4845,
4123-FCVCB,0,0,70,5942,
8819-IMISP,0,0,49,4684,
8311-UEUAB,0,0,69,5420,
5858-EAFCZ,0,0,74,3498,
1163-ONYEY,0,0,61,2748,
5656-MJEFC,0,0,25,2673,
6082-OQFBA,0,0,70,5460,
8974-OVACP,0,0,31,3167,
4010-YLMVT,0,0,80,5056,
1379-FRVEB,0,0,48,4602,
8612-GXIDD,0,0,71,2219,
6288-CHQJB,0,0,57,5077,
8160-HOWOX,0,0,43,4858,
6648-INWPS,0,0,58,5271,
4223-BKEOR,0,0,51,3302,
4079-VTGLK,0,0,27,5610,
1763-WQFUK,0,0,43,5258,
1391-UBDAR,0,0,71,3042,
8894-JVDCV,0,0,43,6494,
2023-VQFDL,0,0,39,5379,
1345-GKDZZ,0,0,69,2309,
2014-MKGMH,0,0,54,4883,
5628-FCGYG,0,0,69,4649,
2560-WBWXF,0,0,70,5987,
0248-IPDFW,0,0,57,5617,
7978-DKUQH,0,0,35,4591,
4335-UPJSI,0,0,43,2639,
1784-EZDKJ,0,0,33,4640,
9297-FVVDH,0,0,41,5928,
8007-YYPWD,0,0,43,5218,
7101-HRBLJ,0,0,36,4592,
6635-CPNUN,0,0,43,5530,
5453-YBTWV,0,0,62,4226,
5039-LZRQT,0,0,34,2953,
2931-VUVJN,0,0,30,5061,
6418-PIQSP,0,0,31,4684,
8220-OCUFY,0,0,25,4870,
3995-WFCSM,0,0,54,3796,
1895-QTKDO,0,0,20,5684,
2038-OEQZH,0,0,55,3653,
1178-PZGAB,0,0,78,5586,
2626-VEEWG,0,0,70,4890,
2878-RMWXY,0,0,66,4680,
1657-DYMBM,0,0,61,4157,
7311-MQJCH,0,0,47,2575,
7375-WMVMT,0,0,80,6412,
1136-XGEQU,0,0,43,4625,
2530-FMFXO,0,0,55,4478,
6844-DZKRF,0,0,59,4697,
5970-GHJAW,0,0,75,3574,
8879-XUAHX,0,0,47,6124,
3689-MOZGR,0,0,39,4761,
4195-PNGZS,0,0,39,5295,
5003-XZWWO,0,0,33,4753,
7622-FWGEW,0,0,70,6500,
6922-NCEDI,0,0,23,6473,
9891-NQDBD,0,0,39,3493,
6131-IUNXN,0,0,64,3636,
8548-AWOFC,0,0,72,5956,
9798-DRYDS,0,0,27,4759,
8532-UEFWH,0,0,21,4676,
6296-DDOOR,0,0,73,4033,
7951-VRDVK,0,0,64,4898,
4815-YOSUK,0,0,35,4927,
0380-NEAVX,0,0,71,5626,
4365-MSDYN,0,0,31,4909,
7036-TYDEC,0,0,63,5902,
5802-ADBRC,0,0,26,6100,
8076-FEZKJ,0,0,80,5039,
5197-YPYBZ,0,0,49,2646,
4312-GVYNH,0,0,26,5460,
8495-LJDFO,0,0,26,5780,
0839-JTCUD,0,0,20,4082,
5494-WOZRZ,0,0,72,5770,
1302-UHBDD,0,0,33,4812,
2234-EOFPT,0,0,55,4278,
8619-IJNDK,0,0,71,4374,
8378-LKJAF,0,0,34,3738,
1153-GNOLC,0,0,40,2855,
3298-QEICA,0,0,73,4445,
0788-DXBFY,0,0,72,4801,
3597-YASZG,0,0,27,5004,
3496-LFSZU,0,0,68,2896,
5242-UOWHD,0,0,62,4210,
6479-SZPLM,0,0,39,5745,
8097-VBQTZ,0,0,65,6092,
4500-HKANN,0,0,49,3464,
9917-KWRBE,0,0,44,2894,
3420-ZDBMA,0,0,36,5171,
2212-LYASK,0,0,49,2068,
1393-IMKZG,0,0,23,3270,
8069-RHUXK,0,0,25,5655,
3398-GCPMU,0,0,25,4993,
2908-WGAXL,0,0,76,5243,
3378-AJRAO,0,0,58,5331,
1013-QCWAM,0,0,32,5469,
6050-FFXES,0,0,34,5268,
0362-RAOQO,0,0,75,3878,
9554-DFKIC,0,0,38,2613,
5527-ACHSO,0,0,75,5541,
0829-DDVLK,0,0,71,4359,
1399-UBQIU,0,0,47,2288,
1813-JLKWR,0,0,31,5384,
0336-PIKEI,0,0,58,5590,
7322-OCWHC,0,0,39,4988,
9537-VHDTA,0,0,51,3699,
4957-TIALW,0,0,28,2976,
2054-PJOCK,0,0,52,4159,
9150-HEPMB,0,0,63,4753,
9030-QGZNL,0,0,23,4249,
3126-WQMGH,0,0,40,5224,
7176-WRTNX,0,0,26,4511,
5732-IKGQH,0,0,78,5490,
9239-GZHZE,0,0,79,6469,
7205-BAIAD,0,0,27,3091,
0093-EXYQL,0,0,59,5742,
8064-RAVOH,0,0,49,5323,
0219-QAERP,0,0,74,4006,
9168-INPSZ,0,0,32,2944,
0015-UOCOJ,0,0,34,5525,
5334-AFQJB,0,0,74,5751,
2754-SDJRD,0,0,42,5157,
8963-JLGJT,0,0,36,4648,
1465-LNTLJ,0,0,78,4537,
2135-DQWAQ,0,0,67,2689,
4056-QHXHZ,0,0,28,5246,
7401-JIXNM,0,0,27,5907,
9339-FIIJL,0,0,62,6450,
4706-DGAHW,0,0,44,4576,
6670-MFRPK,0,0,63,4072,
6177-PEVRA,0,0,48,4975,
4813-HQMGZ,0,0,76,4969,
7579-KKLOE,0,0,30,5529,
8402-EIVQS,0,0,31,4078,
4947-DSMXK,0,0,39,5789,
7245-NIIWQ,0,0,40,4764,
0002-ORFBO,0,0,65,2205,
3324-OIRTO,0,0,74,6101,
5414-OFQCB,0,0,24,5076,
4967-WPNCF,0,0,46,4921,
8552-OBVRU,0,0,71,3847,
8499-BRXTD,0,0,57,5586,
9154-QDGTH,0,0,60,3927,
8197-BFWVU,0,0,28,5197,
2577-GVSIL,0,0,66,4719,
9367-OIUXP,0,0,76,4676,
6770-UAYGJ,0,0,35,5616,
6463-HHXJR,0,0,41,4080,
7928-VJYAB,0,0,65,2004,
1187-WILMM,0,0,80,5004,
9776-OJUZI,0,0,62,4168,
1306-RPWXZ,0,0,20,4784,
3097-PYWXL,0,0,26,2951,
2266-SJNAT,0,0,46,4807,
0869-PAPRP,0,0,23,3935,
4238-JSSWH,0,0,35,3199,
2972-YDYUW,0,0,70,4507,
1104-FEJAM,0,0,48,2434,
2809-ILCYT,0,0,78,3428,
5499-ECUTN,0,0,73,3404,
4981-FLTMF,0,0,76,4491,
9121-PHQSR,0,0,80,3739,
3113-IWHLC,0,0,69,2612,
4277-BWBML,0,0,56,5092,
0234-TEVTT,0,0,21,5269,
4304-TSPVK,0,0,77,5782,
1552-AAGRX,0,0,35,5503,
2637-FKFSY,0,0,39,4047,
9796-MVYXX,0,0,47,3162,
7874-ECPQJ,0,0,57,4462,
0020-INWCK,0,0,26,4865,
7089-RKVSZ,0,0,35,2028,
2683-JXWQQ,0,0,64,6495,
9548-ZMVTX,0,0,35,4461,
8739-XNIKG,0,0,54,4456,
9755-JHNMN,0,0,66,5075,
3981-QSVQI,0,0,22,5498,
2789-HQBOU,0,0,51,4203,
9424-CMPOG,0,0,65,4406,
5067-WJEUN,0,0,57,6005,
3450-WXOAT,0,0,75,3150,
9251-WNSOD,0,0,25,4931,
6974-DAFLI,0,0,28,4888,
2616-UUTFK,0,0,75,4959,
7064-JHXCE,0,0,63,6444,
7989-AWGEH,0,0,39,4810,
4373-VVHQL,0,0,59,5479,
4559-UWIHT,0,0,79,4965,
7268-IGMFD,0,0,47,3728,
6650-BWFRT,0,0,41,4743,
9570-KYEUA,0,0,59,5213,
6993-YGFJV,0,0,52,5532,
2712-SYWAY,0,0,54,5249,
0730-BGQGF,0,0,63,6291,
5498-IBWPI,0,0,59,5232,
9101-NTIXF,0,0,56,3954,
0013-SMEOE,0,0,26,5011,
9314-QDMDW,0,0,58,2738,
9308-ANMVE,0,0,52,5491,
3413-DHLPB,0,0,53,6237,
7649-PHJVR,0,0,28,5825,
6114-TCFID,0,0,29,5103,
3787-TRIAL,0,0,44,4302,
2573-GYRUU,0,0,60,3594,
5156-UMKOW,0,0,69,5880,
1247-QBVSH,0,0,49,5284,
6734-GMPVK,0,0,66,4024,
9822-OAOVB,0,0,45,5286,
6161-ERDGD,0,0,32,5280,
1226-JZNKR,0,0,51,5698,
7318-EIVKO,0,0,54,3003,
3771-PZOBW,0,0,77,2927,
8231-BSWXX,0,0,38,5466,
6486-LHTMA,0,0,34,2364,
4083-BFNYK,0,0,71,5148,
7389-KBFIT,0,0,61,4387,
7176-WIONM,0,0,24,2873,
5141-ZUVBH,0,0,40,2267,
1089-HDMKP,0,0,40,4143,
7623-HKYRK,0,0,44,2276,
0310-SUCIN,0,0,28,5643,
5197-PYEPU,0,0,63,5643,
6619-RPLQZ,0,0,32,2844,
3275-RHRNE,0,0,80,2797,
3503-TYDAY,0,0,35,5357,
6901-GOGZG,0,0,41,4104,
7021-XSNYE,0,0,60,2750,
9621-OUPYD,0,0,23,4129,
8982-NHAVY,0,0,50,5939,
4307-KWMXE,0,0,59,2263,
0141-YEAYS,0,0,77,5990,
2450-ZKEED,0,0,27,5899,
3694-DELSO,0,0,40,3824,
3893-JRNFS,0,0,69,6270,
9603-OAIHC,0,0,51,2469,
1133-KXCGE,0,0,55,2910,
0142-GVYSN,0,0,68,5712,
1049-FYSYG,0,0,38,5977,
8406-LNMHF,0,0,61,5295,
1821-BUCWY,0,0,70,5445,
0023-UYUPN,0,0,61,4015,
8314-DPQHL,0,0,47,5535,
1465-WCZVT,0,0,31,4943,
9481-SFCQY,0,0,51,5962,
6360-SVNWV,0,0,39,2057,
0567-GGCAC,0,0,71,2845,
8884-MRNSU,0,0,63,3526,
2171-UDMFD,0,0,42,4363,
9050-IKDZA,0,0,59,4267,
9802-CAQUT,0,0,27,5723,
0187-WZNAB,0,0,57,4331,
1475-VWVDO,0,0,52,5335,
1357-MVDOZ,0,0,71,2136,
7602-MVRMB,0,0,41,4754,
1197-BVMVG,0,0,50,4093,
5406-KGRMX,0,0,74,4555,
5968-HYJRZ,0,0,78,3629,
5198-EFNBM,0,0,23,5636,
7516-GMHUV,0,0,40,5324,
7140-ADSMJ,0,0,24,5624,
2230-XTUWL,0,0,68,5461,
7706-YLMQA,0,0,72,6072,
2585-KTFRE,0,0,53,2706,
7994-UYIVZ,0,0,72,2512,
7717-BICXI,0,0,47,4020,
6559-RAKOZ,0,0,53,4301,
4716-MRVEN,0,0,65,4128,
2143-LJULT,0,0,32,5887,
3200-MNQTF,0,0,80,4361,
6164-HXUGH,0,0,31,5060,
5630-IXDXV,0,0,74,3723,
0320-DWVTU,0,0,23,4754,
9135-MGVPY,0,0,70,5345,
1212-GLHMD,0,0,37,2500,
7878-JGDKK,0,0,45,2124,
1088-AUUZZ,0,0,52,5314,
6614-YWYSC,0,0,78,6421,
9588-OZDMQ,0,0,60,5225,
6476-EPYZR,0,0,65,2891,
1174-FGIFN,0,0,74,5823,
6620-HVDUJ,0,0,56,5095,
1032-MAELW,0,0,67,5071,
7641-TQFHN,0,0,71,3124,
1552-TKMXS,0,0,69,2127,
8622-ZLFKO,0,0,54,4297,
6188-UXBBR,0,0,25,4411,
2333-KWEWW,0,0,20,2782,
5702-SKUOB,0,0,66,4580,
1134-YWTYF,0,0,66,2563,
6061-GWWAV,0,0,56,5365,
0679-TDGAK,0,0,21,5141,
6585-WCEWR,0,0,41,4949,
9067-YGSCA,0,0,21,4467,
9067-SQTNS,0,0,44,2471,
1776-SPBWV,0,0,21,2272,
8735-SDUFN,0,0,55,4397,
9668-PUGNU,0,0,38,4058,
9405-GPBBG,0,0,64,5718,
1926-QUZNN,0,0,36,4551,
7016-NVRIC,0,0,55,3553,
5829-NVSQN,0,0,34,3519,
9565-AXSMR,0,0,78,4203,
8869-LIHMK,0,0,78,5213,
0447-RXSGD,0,0,47,5207,
4927-WWOOZ,0,0,32,4889,
5788-YPOEG,0,0,51,2020,
0661-KBKPA,0,0,73,5052,
9081-WWXKP,0,0,38,2070,
0784-ZQJZX,0,0,72,5730,
3133-PZNSR,0,0,46,4054,
0722-SVSFK,0,0,56,5041,
3612-YVGSJ,0,0,77,4742,
9825-YCXWZ,0,0,38,2227,
5397-NSKQG,0,0,62,5281,
8565-HBFNN,0,0,51,5935,
2000-DHJUY,0,0,44,5264,
8670-ERCJH,0,0,56,6347,
7758-UJWYS,0,0,31,3897,
2050-ONYDQ,0,0,72,5352,
7055-JCGNI,0,0,25,4182,
0739-UUAJR,0,0,28,4954,
4826-DXMUP,0,0,45,5510,
7285-KLOTR,0,0,55,2495,
0654-PQKDW,0,0,24,4133,
7175-NTIXE,0,0,32,3955,
7963-SHNDT,0,0,52,4247,
9796-BPKIW,0,0,47,2939,
0188-GWFLE,0,0,59,4978,
8129-GMVGI,0,0,59,5172,
2882-DDZPG,0,0,76,4862,
3547-LQRIK,0,0,47,2382,
9137-NOQKA,0,0,24,4577,
5843-TTHGI,0,0,49,4952,
1849-RJYIG,0,0,29,5862,
8868-GAGIO,0,0,44,3289,
4061-UKJWL,0,0,72,3666,
5380-XPJNZ,0,0,27,4539,
8263-QMNTJ,0,0,58,5890,
3230-JCNZS,0,0,74,4305,
0277-ORXQS,0,0,30,4652,
7996-BPXHY,0,0,21,4734,
3227-WLKLI,0,0,26,4921,
2266-FUBDZ,0,0,54,2742,
8237-ULIXL,0,0,78,4067,
8216-AZUUZ,0,0,76,3265,
9153-BTBVV,0,0,79,4066,
5186-PEIZU,0,0,67,4988,
1074-AMIOH,0,0,73,5989,
4361-FEBGN,0,0,43,4399,
7748-UMTRK,0,0,34,2440,
0380-ZCSBI,0,0,66,2411,
7145-FEJWU,0,0,72,5913,
6463-MVYRY,0,0,72,4759,
3969-JQABI,0,0,64,5912,
9624-EGDEQ,0,0,61,5336,
1051-EQPZR,0,0,36,5584,
5849-ASHZJ,0,0,65,2400,
5780-INQIK,0,0,48,2907,
4526-ZJJTM,0,0,51,4849,
8384-FZBJK,0,0,48,6351,
3750-RNQKR,0,0,33,4788,
0962-CQPWQ,0,0,56,4574,
3096-YXENJ,0,0,25,4193,
1265-BCFEO,0,0,75,4518,
5837-LXSDN,0,0,25,2845,
5945-AZYHT,0,0,22,4564,
8325-QRPZR,0,0,50,4216,
6384-VMJHP,0,0,80,5127,
2262-SLNVK,0,0,74,2475,
7730-CLDSV,0,0,78,4616,
1135-HIORI,0,0,74,5129,
0164-APGRB,0,0,69,4589,
6481-ESCNL,0,0,53,4847,
1790-NESIO,0,0,76,4883,
1550-EENBN,0,0,78,5320,
8198-RKSZG,0,0,26,5772,
9297-EONCV,0,0,52,5378,
1069-QJOEE,0,0,76,4134,
7799-DSEWS,0,0,47,5993,
8766-PAFNE,0,0,29,5872,
5315-CKEQK,0,0,44,5195,
3130-ICDUP,0,0,40,5346,
0820-FNRNX,0,0,46,2814,
0880-FVFWF,0,0,64,4449,
4611-ANLQC,0,0,65,5493,
4213-HKBJO,0,0,39,3378,
2792-LSHWX,0,0,26,5960,
0014-BMAQU,0,0,49,4604,
9018-PCIOK,0,0,36,4634,
4837-QUSFT,0,0,72,4915,
9953-ZMKSM,0,0,79,4530,
0907-HQNTS,0,0,47,4588,
7665-NKLAV,0,0,44,2564,
4391-LNRXK,0,0,28,4242,
8250-ZNGGW,0,0,35,3662,
8562-GHPPI,0,0,22,3129,
5893-PYOLZ,0,0,75,4399,
4986-MXSFP,0,0,39,2237,
6131-FOYAS,0,0,27,2187,
3027-YNWZU,0,0,61,5538,
5609-IMCGG,0,0,35,3314,
4727-MCYZG,0,0,35,2207,
9481-WHGWY,0,0,64,6477,
4328-VUFWD,0,0,42,5843,
3301-LSLWQ,0,0,72,5590,
7473-ZBDSN,0,0,28,5751,
3166-PNEOF,0,0,74,4471,
5639-NTUPK,0,0,34,4929,
8780-YRMTT,0,0,27,6435,
5140-FOMCQ,0,0,67,5186,
6242-SGYTS,0,0,27,4262,
8166-ORCHU,0,0,21,4414,
8414-OOEEL,0,0,66,4285,
8454-AATJP,0,0,46,5905,
4531-AUZNK,0,0,21,6492,
4191-XOVOM,0,0,66,4551,
2150-OEGBV,0,0,28,3428,
1855-CFULU,0,0,20,3460,
4878-BUNFV,0,0,76,5320,
1872-EBWSC,0,0,66,4840,
7026-YMSBE,0,0,59,3302,
6997-UVGOX,0,0,44,5394,
9674-EHPPG,0,0,44,2519,
5440-VHLUL,0,0,47,6247,
5781-BKHOP,0,0,20,6380,
5213-TWWJU,0,0,66,2448,
8628-MFKAX,0,0,68,5098,
7629-WIXZF,0,0,29,4770,
5445-GLVOT,0,0,29,4667,
3976-HXHCE,0,0,42,4722,
2466-NEJOJ,0,0,38,4535,
0254-KCJGT,0,0,64,4628,
5472-CVMDX,0,0,45,5278,
6461-SZMCV,0,0,71,4278,
8150-QUDFX,0,0,64,3300,
9508-ILZDG,0,0,32,5425,
2346-DJQTB,0,0,75,5097,
1697-LYYYX,0,0,57,4376,
1942-OQFRW,0,0,61,2785,
9640-ZSLDC,0,0,38,4854,
4231-LZUYM,0,0,22,5613,
6128-AQBMT,0,0,46,3920,
3594-BDSOA,0,0,79,3071,
5133-VRSAB,0,0,59,5369,
5996-DAOQL,0,0,80,2184,
6838-YAUVY,0,0,67,4825,
0484-JPBRU,0,0,40,3461,
7883-ROJOC,0,0,76,5842,
0244-LGNFY,0,0,75,6342,
7274-CGTOD,0,0,58,5254,
4295-YURET,0,0,79,6357,
4635-EJYPD,0,0,49,4735,
1866-ZSLJM,0,0,75,5654,
4636-TVXVG,0,0,32,4803,
4236-UJPWO,0,0,54,5786,
9392-XBGTD,0,0,56,2924,
6402-SSEJG,0,0,76,3695,
1169-SAOCL,0,0,27,5154,
1110-KYLGQ,0,0,39,5331,
9929-PLVPA,0,0,65,4929,
3518-PZXZQ,0,0,37,2849,
2371-JUNGC,0,0,33,4032,
7693-QPEFS,0,0,72,4368,
0924-BJCRC,0,0,44,4340,
5074-FBGHB,0,0,80,6443,
2351-BKRZW,0,0,23,3976,
4455-BFSPD,0,0,79,5177,
3948-KXDUF,0,0,60,5454,
2323-ARSVR,0,0,67,6103,
0815-MFZGM,0,0,76,4545,
5480-XTFFL,0,0,24,5225,
8295-FHIVV,0,0,56,5873,
9086-YJYXS,0,0,58,3997,
1179-INLAT,0,0,32,2787,
7909-FIOIY,0,0,39,2958,
6351-SCJKT,0,0,46,5534,
5468-BPMMO,0,0,59,5092,
0197-PNKNK,0,0,49,5629,
2439-QKJUL,0,0,44,5064,
1194-SPVSP,0,0,79,3625,
9534-NSXEM,0,0,79,2194,
8929-KSWIH,0,0,23,3847,
2250-IVBWA,0,0,48,5168,
1810-MVMAI,0,0,33,4104,
9506-UXUSK,0,0,30,4599,
1229-RCALF,0,0,45,5189,
3572-UOLYZ,0,0,39,5756,
1429-UYJSV,0,0,62,3423,
6366-XIVKZ,0,0,46,5916,
3470-OBUET,0,0,35,4188,
2770-NSVDG,0,0,33,4636,
9375-MHRRS,0,0,34,3929,
4860-YZGZM,0,0,63,2706,
6599-GZWCM,0,0,40,4172,
5533-NHFRF,0,0,77,3410,
7037-MTYVW,0,0,51,5292,
4760-THGOT,0,0,71,4392,
4016-BJKTZ,0,0,80,4398,
6584-VQMYT,0,0,42,5978,
9838-BFCQT,0,0,41,5475,
2790-XUYMV,0,0,48,4777,
0581-MDMPW,0,0,37,5557,
1023-BQXZE,0,0,71,5548,
9163-GHAYE,0,0,62,5584,
3904-UKFRE,0,0,67,2333,
5353-WILCI,0,0,47,4468,
0058-EVZWM,0,0,42,5875,
7009-PCARS,0,0,66,4391,
0519-DRGTI,0,0,49,2522,
1017-FBQMM,0,0,69,6361,
1985-MBRYP,0,0,41,3678,
9372-TXXPS,0,0,54,4029,
3259-QMXUN,0,0,33,5666,
1015-JPFYW,0,0,29,5084,
6645-MXQJT,0,0,43,5745,
4360-QRAVE,0,0,72,2494,
8433-WPJTV,0,0,75,5669,
5804-JMYIO,0,0,61,3944,
6484-LATFU,0,0,31,6042,
7599-NTMDP,0,0,26,5453,
0536-ACXIP,0,0,53,6452,
0936-NQLJU,0,0,79,5062,
1575-KRZZE,0,0,74,4042,
3251-YMVWZ,0,0,20,4865,
4884-LEVMQ,0,0,80,2165,
8857-CUPFQ,0,0,20,4538,
7610-TVOPG,0,0,73,2723,
3638-DIMPH,0,0,40,4369,
1845-ZLLIG,0,0,50,4014,
8559-WNQZS,0,0,27,5925,
1699-UOTXU,0,0,40,6209,
0635-WKOLD,0,0,32,5507,
5993-JSUWV,0,0,66,5133,
4518-FZBSX,0,0,64,4439,
5387-ASZNZ,0,0,80,4657,
6988-CJEYV,0,0,79,6148,
3097-FQTVJ,0,0,21,5913,
5465-BUBFA,0,0,40,4180,
7299-GNVPL,0,0,54,2177,
9743-DQKQW,0,0,58,2013,
1215-VFYVK,0,0,30,2682,
9371-BITHB,0,0,43,5432,
9093-FPDLG,0,0,52,2405,
0541-FITGH,0,0,34,5766,
6985-HAYWX,0,0,54,5168,
7508-KBIMB,0,0,52,3607,
6838-HVLXG,0,0,27,4177,
2277-DJJDL,0,0,40,4763,
1897-OKVMW,0,0,43,5240,
5485-ITNPC,0,0,24,5137,
0233-FTHAV,0,0,49,5687,
4644-PIZRT,0,0,35,2704,
8922-NPKBJ,0,0,21,3433,
2740-TVLFN,0,0,80,3043,
7771-CFQRQ,0,0,45,5144,
9512-PHSMG,0,0,71,4907,
6963-EZQEE,0,0,37,4097,
2452-KDRRH,0,0,28,5269,
4146-SVFUD,0,0,77,4864,
1564-HJUVY,0,0,59,2624,
3617-XLSGQ,0,0,28,5865,
7517-LDMPS,0,0,75,4807,
7244-KXYZN,0,0,20,4690,
5226-NOZFC,0,0,64,3178,
1400-WIVLL,0,0,24,4687,
8148-NLEGT,0,0,24,4650,
8347-GDTMP,0,0,78,5113,
6746-WAUWT,0,0,41,4431,
0428-IKYCP,0,0,49,5233,
2187-PKZAY,0,0,71,2968,
4003-OCTMP,0,0,24,5191,
6652-YFFJO,0,0,80,2775,
7225-IILWY,0,0,26,5434,
5248-RPYWW,0,0,49,4606,
7923-IYJWY,0,0,60,5896,
3170-GWYKC,0,0,62,5926,
9830-ECLEN,0,0,45,4704,
2668-TZSPS,0,0,51,2664,
7446-SFAOA,0,0,20,5707,
9522-ZSINC,0,0,24,2252,
8234-GSZYK,0,0,51,3881,
6505-OZNPG,0,0,48,3909,
6164-HAQTX,0,0,76,4094,
7765-LWVVH,0,0,25,5584,
1658-TJVOA,0,0,79,4716,
0953-LGOVU,0,0,75,2562,
4692-NNQRU,0,0,24,4900,
7742-MYPGI,0,0,45,4538,
9619-GSATL,0,0,48,3350,
5622-UEJFI,0,0,38,5070,
0674-DGMAQ,0,0,77,5804,
6203-HBZPA,0,0,36,5380,
0484-FFVBJ,0,0,29,4895,
0301-FIDRB,0,0,32,6107,
4139-JPIAM,0,0,62,6087,
2181-TIDSV,0,0,70,6492,
2761-XECQW,0,0,68,2560,
1936-CZAKF,0,0,29,4283,
9453-PATOS,0,0,39,4147,
4402-FTBXC,0,0,67,4980,
2931-XIQBR,0,0,72,5905,
0106-UGRDO,0,0,37,4216,
5542-TBBWB,0,0,26,3358,
1930-QPBVZ,0,0,38,5748,
2606-PKWJB,0,0,30,4288,
5322-ZSMZY,0,0,32,5472,
8059-UDZFY,0,0,58,4738,
7740-BTPUX,0,0,56,5754,
5220-AGAAX,0,0,57,5440,
0208-BPQEJ,0,0,29,3713,
9435-JMLSX,0,0,52,6286,
3352-ALMCK,0,0,52,3655,
5312-IRCFR,0,0,58,5206,
5294-IMHHT,0,0,41,4488,
6176-YJWAS,0,0,22,4256,
5310-NOOVA,0,0,55,4006,
4526-EXKKN,0,0,65,2601,
5311-IHLEI,0,0,73,2716,
3987-KQDDU,0,0,30,4990,
3404-JNXAX,0,0,36,6032,
5131-PONJI,0,0,72,5804,
3489-VSFRD,0,0,40,4835,
3345-JHUEO,0,0,45,4267,
5815-HGGHV,0,0,61,5969,
5260-UMPWX,0,0,43,5158,
5649-RXQTV,0,0,78,5787,
2674-MIAHT,0,0,70,3132,
2576-HXMPA,0,0,38,5537,
7587-AOVVU,0,0,31,3160,
6898-MDLZW,0,0,28,5385,
4707-YNOQA,0,0,43,5854,
9357-UJRUN,0,0,45,5428,
8648-PFRMP,0,0,44,2056,
7663-CUXZB,0,0,23,6251,
0258-NOKBL,0,0,61,5625,
1163-VIPRI,0,0,51,6087,
9348-ROUAI,0,0,53,4617,
9443-JUBUO,0,0,67,6412,
3043-TYBNO,0,0,22,2111,
4830-FAXFM,0,0,35,2378,
5906-BFOZT,0,0,21,3753,
2960-NKRSO,0,0,52,5421,
8996-ZROXE,0,0,58,5521,
5598-IKHQQ,0,0,42,4118,
0397-ZXWQF,0,0,45,4416,
5266-PFRQK,0,0,56,4886,
4674-HGNUA,0,0,57,4444,
6765-MBQNU,0,0,20,2244,
9786-IJYDL,0,0,76,5723,
1303-SRDOK,0,0,67,4318,
3769-MHZNV,0,0,25,3700,
6295-OSINB,0,0,25,6181,
3308-MHOOC,0,0,76,3383,
2207-QPJED,0,0,62,4048,
4177-JPDFU,0,0,39,3215,
2239-CFOUJ,0,0,54,4540,
8046-DNVTL,0,0,45,4558,
2209-XADXF,0,0,28,4831,
6620-JDYNW,0,0,74,4459,
4770-UEZOX,0,0,34,4545,
1038-RQOST,0,0,32,2276,
4568-TTZRT,0,0,21,5380,
9513-DXHDA,0,0,39,2445,
0516-QREYC,0,0,71,3740,
8084-OIVBS,0,0,53,3731,
8896-BQTTI,0,0,53,2371,
3865-QBWSJ,0,0,41,2926,
3352-RICWQ,0,0,24,2427,
2160-GPFXD,0,0,49,5725,
2065-MMKGR,0,0,32,4226,
5857-TYBCJ,0,0,36,2925,
1498-NHTLT,0,0,21,5020,
1402-PTHGN,0,0,67,3479,
4176-RELJR,0,0,26,6388,
5199-FPUSP,0,0,73,3044,
6377-KSLXC,0,0,20,4281,
1796-JANOW,0,0,40,4079,
0238-WHBIQ,0,0,50,4193,
8735-NBLWT,0,0,67,4195,
6651-RLGGM,0,0,52,6066,
1614-JBEBI,0,0,49,3330,
5696-EXCYS,0,0,29,5347,
5795-KTGUD,0,0,67,4545,
7924-GJZFI,0,0,50,4442,
4702-HDRKD,0,0,33,5905,
8512-WIWYV,0,0,40,2433,
5897-ZYEKH,0,0,45,5768,
5456-ITGIC,0,0,68,5295,
1406-PUQVY,0,0,39,3239,
9114-AAFQH,0,0,67,5427,
8715-KKTFG,0,0,27,5401,
1728-BQDMA,0,0,26,5694,
5117-ZSMHQ,0,0,54,5835,
5151-HQRDG,0,0,26,3839,
0960-HUWBM,0,0,25,4024,
6465-GSRCL,0,0,65,5895,
0263-FJTQO,0,0,60,4022,
7319-ZNRTR,0,0,51,2888,
7503-EPSZW,0,0,55,4582,
7089-XXAYG,0,0,72,2315,
8070-AAWZP,0,0,63,2525,
1666-JXLKU,0,0,52,2904,
7855-DIWPO,0,0,21,2006,
5133-POWUA,0,0,30,2614,
5652-MSDEY,0,0,52,4525,
1810-BOHSY,0,0,26,4745,
1784-BXEFA,0,0,43,3595,
7351-MHQVU,0,0,79,3474,
9224-VTYID,0,0,30,3413,
9500-IWPXQ,0,0,74,4666,
5762-TJXGK,0,0,21,5122,
4504-YOULA,0,0,49,3682,
5569-IDSEY,0,0,20,4420,
7284-ZZLOH,0,0,79,2929,
1777-JYQPJ,0,0,77,2515,
3401-URHDA,0,0,42,5233,
1599-EAHXY,0,0,71,5449,
8631-XVRZL,0,0,70,4004,
3853-LYGAM,0,0,49,3139,
5751-USDBL,0,0,57,4280,
5680-LQOGP,0,0,70,5308,
8189-DUKMV,0,0,80,3233,
9931-DCEZH,0,0,74,4711,
1898-JSNDC,0,0,46,5662,
0315-LVCRK,0,0,60,4924,
3911-RSNHI,0,0,37,5119,
2410-CIYFZ,0,0,77,3000,
5505-OVWQW,0,0,48,4650,
7271-AJDTL,0,0,55,5577,
1867-TJHTS,0,0,78,5709,
6860-YRJZP,0,0,51,2003,
4429-WYGFR,0,0,54,2752,
2817-LVCPP,0,0,41,6233,
5038-ETMLM,0,0,38,5411,
5056-FIMPT,0,0,76,3528,
4521-WFJAI,0,0,40,4246,
6569-KTMDU,0,0,26,3313,
8809-XKHMD,0,0,54,6082,
0396-YCHWO,0,0,44,5111,
0867-LDTTC,0,0,68,5900,
9391-DXGGG,0,0,27,4368,
9844-FELAJ,0,0,53,5899,
2122-SZZZD,0,0,35,4220,
3148-AOIQT,0,0,45,4106,
8395-ETZKQ,0,0,51,5443,
6692-YQHXC,0,0,54,5596,
3889-VWBID,0,0,42,5184,
5222-JCXZT,0,0,55,3022,
9754-CLVZW,0,0,43,3970,
2739-CCZMB,0,0,60,3161,
7080-TNUWP,0,0,65,6259,
0496-AHOOK,0,0,68,4310,
8336-TAVKX,0,0,71,4032,
2468-SJFLM,0,0,64,3063,
3181-VTHOE,0,0,69,4042,
7168-HDQHG,0,0,79,3043,
4567-AKPIA,0,0,77,4854,
7901-HXJVA,0,0,52,2292,
5924-IFQTT,0,0,46,2862,
7968-QUXNS,0,0,68,5920,
8903-WMRNW,0,0,50,2919,
2452-SNHFZ,0,0,66,4995,
3629-WEAAM,0,0,25,2804,
6029-CSMJE,0,0,24,3090,
7993-NQLJE,0,0,60,4634,
9909-DFRJA,0,0,42,3834,
9099-FTUHS,0,0,22,2989,
0581-BXBUB,0,0,50,4503,
4962-CHQPW,0,0,26,2941,
9467-ROOLM,0,0,65,2692,
5150-ITWWB,0,0,40,4496,
2253-KPMNB,0,0,33,4180,
1345-ZUKID,0,0,39,2400,
6429-SHBCB,0,0,77,3349,
9281-OFDMF,0,0,39,5028,
2603-HVKCG,0,0,72,2025,
1834-WULEG,0,0,58,3000,
9097-ZUBYC,0,0,77,2168,
5148-ORICT,0,0,80,4781,
4893-GYUJU,0,0,39,5247,
4578-PHJYZ,0,0,51,4172,
7272-QDCKA,0,0,79,5137,
8908-SLFCJ,0,0,35,5422,
9766-HGEDE,0,0,77,2185,
6968-MHOMU,0,0,55,5006,
5044-XDPYX,0,0,43,5447,
1814-WFGVS,0,0,47,5415,
3721-WKIIL,0,0,21,2896,
6734-CKRSM,0,0,65,4258,
1265-ZFOSD,0,0,74,5254,
6568-POCUI,0,0,27,3363,
5197-LQXXH,0,0,24,4264,
3457-PQBYH,0,0,66,4424,
7682-AZNDK,0,0,45,3096,
5384-ZTTWP,0,0,34,4167,
3745-HRPHI,0,0,42,4051,
7636-OWBPG,0,0,27,3606,
1231-YNDEK,0,0,25,6339,
1407-DIGZV,0,0,30,3863,
0570-BFQHT,0,0,26,3581,
4393-OBCRR,0,0,31,4331,
8564-LDKFL,0,0,77,5118,
3696-DFHHB,0,0,37,5182,
4717-GHADL,0,0,39,5592,
5501-TVMGM,0,0,49,3255,
5879-HMFFH,0,0,42,6247,
6772-WFQRD,0,0,59,3200,
3810-DVDQQ,0,0,54,6173,
6972-SNKKW,0,0,53,3142,
3694-GLTJM,0,0,42,2878,
8550-XSXUQ,0,0,39,3997,
9055-MOJJJ,0,0,57,4754,
4359-INNWN,0,0,70,4828,
0585-EGDDA,0,0,31,2478,
4032-RMHCI,0,0,43,4375,
0549-CYCQN,0,0,59,4673,
3481-JHUZH,0,0,49,5757,
3594-IVHJZ,0,0,56,2606,
6869-FGJJC,0,0,20,5210,
3896-ZVNET,0,0,56,5302,
8205-VSLRB,0,0,23,6252,
5960-MVTUK,0,0,55,3425,
6817-WTYHE,0,0,26,4370,
3082-VQXNH,0,0,32,5614,
4931-TRZWN,0,0,67,3605,
0750-EKNGL,0,0,46,4476,
7669-LCRSD,0,0,56,2047,
3567-PQTSO,0,0,56,6365,
8043-PNYSD,0,0,36,6002,
9938-EKRGF,0,0,46,4653,
2703-AMTUL,0,0,37,4113,
0928-JMXNP,0,0,46,2914,
8173-RXAYP,0,0,42,4642,
4825-XJGDM,0,0,50,4051,
5402-HTOTQ,0,0,25,3771,
6734-JDTTV,0,0,52,6009,
7850-THJMU,0,0,37,4184,
3890-RTCMS,0,0,49,3446,
3717-FDJFU,0,0,75,3353,
3665-JATSN,0,0,65,4034,
7966-YOTQW,0,0,59,4163,
8853-TZDGH,0,0,59,5425,
4324-BZCKL,0,0,41,2530,
6924-TDGMT,0,0,23,3971,
1536-YHDOE,0,0,33,3937,
8123-QBNAZ,0,0,49,4102,
3629-ZNKXA,0,0,53,3296,
4827-LTQRJ,0,0,67,5418,
7711-YIJWC,0,0,72,4413,
5482-VXSXJ,0,0,26,4093,
7365-BVCJH,0,0,66,3145,
9620-ENEJV,0,0,52,4059,
2378-YIZKA,0,0,65,6221,
0689-DSXGL,0,0,22,5494,
6818-DJXAA,0,0,50,3857,
0464-WJTKO,0,0,30,4598,
8902-ZEOVF,0,0,64,5183,
6778-EICRF,0,0,52,5535,
2662-NNTDK,0,0,76,5826,
4132-KALRO,0,0,21,5354,
2874-YXVVA,0,0,68,3941,
1245-HARPS,0,0,73,4556,
4323-ELYYB,0,0,27,5651,
4293-ETKAP,0,0,65,4023,
6064-PUPMC,0,0,69,4021,
6504-VBLFL,0,0,49,6231,
6322-PJJDJ,0,0,29,4252,
0330-BGYZE,0,0,54,4968,
1085-LDWAM,0,0,26,5188,
7586-ZATGZ,0,0,37,2904,
7197-VOJMM,0,0,43,4323,
1843-TLSGD,0,0,58,3163,
9626-VFRGG,0,0,27,5984,
7075-BNDVQ,0,0,70,3523,
9143-CANJF,0,0,80,2200,
7284-BUYEC,0,0,69,3573,
2041-JIJCI,0,0,75,4421,
4900-MSOMT,0,0,24,6087,
2229-VWQJH,0,0,66,5394,
9194-GFVOI,0,0,59,3363,
1336-EZFZY,0,0,30,4596,
4282-MSACW,0,0,55,4629,
1403-LKLIK,0,0,62,3342,
0136-IFMYD,0,0,63,4297,
5144-TVGLP,0,0,71,3654,
9643-AVVWI,0,0,76,4264,
0253-ZTEOB,0,0,50,3246,
2706-QZIHY,0,0,25,4411,
6061-PQHMK,0,0,56,3048,
6137-MFAJN,0,0,26,2469,
9122-UMROB,0,0,80,4270,
4232-JGKIY,0,0,27,2716,
2402-TAIRZ,0,0,55,3364,
9659-ZTWSM,0,0,53,4138,
9139-TWBAS,0,0,79,4362,
6685-GBWJZ,0,0,44,5114,
2195-VVRJF,0,0,30,2422,
3913-RDSJZ,0,0,22,4312,
4203-QGNZA,0,0,54,4476,
5043-TRZWM,0,0,34,3503,
9494-BDNNC,0,0,49,5706,
1640-PLFMP,0,0,58,4063,
5366-OBVMR,0,0,67,3740,
4573-JKNAE,0,0,74,2558,
9817-APLHW,0,0,53,4408,
8380-MQINP,0,0,36,5153,
0840-DFEZH,0,0,37,4989,
8690-ZVLCL,0,0,44,5436,
1125-SNVCK,0,0,68,5651,
0384-LPITE,0,0,34,2290,
4616-EWBNJ,0,0,22,4545,
1335-HQMKX,0,0,25,4497,
2545-EBUPK,0,0,72,5039,
6923-AQONU,0,0,46,4076,
2172-EJXVF,0,0,60,5479,
4536-PLEQY,0,0,80,2540,
7029-IJEJK,0,0,32,6205,
8871-JLMHM,0,0,55,4095,
5447-VYTKW,0,0,75,2191,
3623-FQBOX,0,0,36,3632,
8659-HDIYE,0,0,58,5113,
3474-BAFSJ,0,0,75,4133,
3865-ZFZIB,0,0,21,5596,
1855-AGAWH,0,0,46,2510,
7109-CQYUZ,0,0,31,4624,
1370-GGAWX,0,0,70,3924,
4680-KUTAJ,0,0,80,5014,
5307-UVGNB,0,0,54,4116,
2883-ILGWO,0,0,75,5838,
3642-BYHDO,0,0,31,5789,
9629-NHXFW,0,0,72,3160,
2696-RZVZW,0,0,24,4187,
5766-FTRTS,0,0,50,6297,
0396-HUJBP,0,0,43,3009,
8879-ZKJOF,0,0,48,5556,
6285-FTQBF,0,0,40,6425,
1474-JUWSM,0,0,62,5269,
3530-CRZSB,0,0,38,2100,
8498-XXGWA,0,0,34,6205,
9617-INGJY,0,0,61,3530,
0621-TSSMU,0,0,65,4838,
7234-KMNRQ,0,0,28,4345,
7636-PEPNS,0,0,44,5040,
4683-WYDOU,0,0,40,4697,
9052-DHNKM,0,0,30,5156,
6794-HKIAJ,0,0,67,5496,
5578-NKCXI,0,0,22,4098,
1642-HMARX,0,0,77,4113,
3096-WPXBT,0,0,57,4804,
8434-PNQZX,0,0,30,3192,
5950-AAAGJ,0,0,72,4612,
4299-OPXEJ,0,0,56,5764,
9618-LFJRU,0,0,40,4344,
6693-DJWTY,0,0,80,5964,
0744-GKNGE,0,0,70,4915,
6447-EGDIV,0,0,69,5772,
1167-OYZJF,0,0,76,4934,
4806-DXQCE,0,0,46,6146,
4854-SSLTN,0,0,61,5613,
5294-DMSFH,0,0,25,4780,
4837-PZTIC,0,0,45,2540,
0603-OLQDC,0,0,36,5796,
3272-VUHPV,0,0,21,3135,
4176-FXYBO,0,0,42,6130,
1063-DHQJF,0,0,30,5817,
8663-UPDGF,0,0,55,3866,
6719-FGEDO,0,0,67,6302,
1837-YQUCE,0,0,55,4093,
0369-ZGOVK,0,0,54,5195,
9919-KNPOO,0,0,55,2058,
7872-BAAZR,0,0,29,4670,
9391-LMANN,0,0,61,4523,
8174-TBVCF,0,0,71,5072,
1698-XFZCI,0,0,29,5364,
1877-HKBQX,0,0,49,2573,
4450-DLLMH,0,0,43,2274,
0428-AXXLJ,0,0,36,4761,
2746-DIJLO,0,0,46,2994,
3508-VLHCZ,0,0,66,6009,
4086-ATNFV,0,0,48,4522,
0468-YRPXN,0,0,42,4580,
5996-NRVXR,0,0,53,4332,
3739-YBWAB,0,0,60,3314,
7047-FWEYA,0,0,32,3517,
2000-MPKCA,0,0,57,5121,
9762-YAQAA,0,0,22,4104,
5473-KHBPS,0,0,31,4415,
0100-DUVFC,0,0,57,5291,
5397-TUPSH,0,0,30,4871,
8950-MTZNV,0,0,75,3256,
0326-VDYXE,0,0,35,4252,
6773-LQTVT,0,0,46,4107,
0436-TWFFZ,0,0,61,6322,
8566-YPRGL,0,0,23,5279,
6609-MXJHJ,0,0,35,5851,
2669-OIDSD,0,0,34,3468,
8400-WZICQ,0,0,61,4149,
9576-SYUHJ,0,0,37,3194,
0410-IPFTY,0,0,56,4283,
2831-EBWRN,0,0,39,3200,
9430-NKQLY,0,0,52,4185,
0247-SLUJI,0,0,43,2004,
9402-ORRAH,0,0,41,4173,
6483-OATDN,0,0,66,2545,
1293-HHSHJ,0,0,79,5707,
4840-ORQXB,0,0,35,5128,
3982-DQLUS,0,0,21,4978,
8610-ZIKJJ,0,0,58,2843,
3756-VNWDH,0,0,66,4368,
7801-KICAO,0,0,73,5033,
7673-LPRNY,0,0,47,3127,
6060-QBMGV,0,0,39,4442,
7339-POGZN,0,0,60,4288,
2828-SLQPF,0,0,62,4519,
4465-VDKIQ,0,0,42,4228,
2921-XWDJH,0,0,49,2768,
2558-BUOZZ,0,0,66,5022,
9257-AZMTZ,0,0,71,4529,
0003-MKNFE,0,0,66,5414,
0975-UYDTX,0,0,39,2068,
4682-BLBUC,0,0,66,3678,
0975-VOOVL,0,0,48,4699,
5968-VXZLG,0,0,54,5096,
5201-FRKKS,0,0,64,4815,
9799-CAYJJ,0,0,58,2901,
5443-SCMKX,0,0,77,6166,
8295-KMENE,0,0,27,5978,
6738-ISCBM,0,0,36,4256,
9821-BESNZ,0,0,42,4915,
3678-MNGZX,0,0,53,4165,
1335-NTIUC,0,0,24,5473,
2916-BQZLN,0,0,24,5157,
4558-CGYCZ,0,0,25,4987,
2368-GAKKQ,0,0,75,6424,
8710-YGLWG,0,0,21,2451,
3199-XGZCY,0,0,74,2332,
3785-KTYSH,0,0,44,4610,
6814-ZPWFQ,0,0,49,5896,
4063-EIKNQ,0,0,31,4075,
6993-YCOBK,0,0,22,5756,
5206-HPJKM,0,0,38,3190,
8393-JMVMB,0,0,48,2133,
5019-GQVCR,0,0,56,4556,
6036-TTFYU,0,0,79,4298,
2550-AEVRU,0,0,21,5660,
0969-RGKCU,0,0,24,5137,
0378-CJKPV,0,0,62,4272,
2880-FPNAE,0,0,32,3170,
1703-MGIAB,0,0,22,4439,
4311-QTTAI,0,0,22,2017,
4318-RAJVY,0,0,34,5270,
3612-YUNGG,0,0,34,5543,
2254-DLXRI,0,0,57,2742,
5062-CJJKH,0,0,25,5854,
9028-LIHRP,0,0,55,5502,
1053-MXTTK,0,0,48,5730,
1530-ZTDOZ,0,0,29,5565,
1301-LOPVR,0,0,70,5138,
0853-TWRVK,0,0,48,5981,
6212-ATMLK,0,0,44,4164,
8200-LGKSR,0,0,73,5350,
1568-BEKZM,0,0,47,4666,
0670-ANMUU,0,0,37,5319,
6897-RWMUB,0,0,78,4436,
6999-CHVCF,0,0,62,5228,
6134-KWTBV,0,0,67,5822,
1077-HUUJM,0,0,49,4668,
0895-LNKRC,0,0,43,3461,
2045-BMBTJ,0,0,30,3116,
8417-GSODA,0,0,26,5116,
5171-EPLKN,0,0,58,2176,
4452-QIIEB,0,0,75,3565,
6741-EGCBI,0,0,53,5983,
7820-ZYGNY,0,0,23,4616,
9677-AVKED,0,0,60,4733,
2227-JRSJX,0,0,36,5324,
9847-HNVGP,0,0,76,2221,
6696-YDAYZ,0,0,52,2856,
8980-WQFWL,0,0,65,5315,
1730-ZMAME,0,0,24,3041,
6506-EYCNH,0,0,41,3948,
4634-JLRJT,0,0,40,2183,
9501-UKKNL,0,0,30,6107,
2560-QTSBS,0,0,30,4152,
4795-WRNVT,0,0,54,3885,
6080-TCMYC,0,0,61,5370,
7860-UXCRM,0,0,52,6382,
6357-JJPQT,0,0,53,2032,
2292-XQWSV,0,0,28,3724,
9552-TGUZV,0,0,80,5413,
5913-INRQV,0,0,38,3202,
9643-YBLUR,0,0,60,2907,
8734-FNWVH,0,0,20,2425,
9447-YPTBX,0,0,39,4358,
9026-LHEVG,0,0,24,2973,
7011-CVEUC,0,0,34,4535,
6185-TASNN,0,0,65,2546,
7925-PNRGI,0,0,77,3111,
1552-CZCLL,0,0,53,4277,
3038-PQIUY,0,0,78,4933,
9313-CDOGY,0,0,34,3854,
8148-BPLZQ,0,0,47,2711,
2623-DRYAM,0,0,47,5596,
9987-LUTYD,0,0,59,3161,
4488-KQFDT,0,0,59,4148,
5693-PIPCS,0,0,66,2640,
0491-KAPQG,0,0,39,2071,
1925-LFCZZ,0,0,70,4932,
8039-EQPIM,0,0,44,5717,
8707-RMEZH,0,0,69,4148,
3209-ZPKFI,0,0,71,2320,
6479-VDGRK,0,0,28,4456,
9373-WSLOY,0,0,65,5600,
3569-JFODW,0,0,66,5096,
9819-FBNSV,0,0,20,4121,
9544-PYPSJ,0,0,37,5868,
1591-XWLGB,0,0,56,4121,
0396-UKGAI,0,0,65,4028,
3243-ZHOHY,0,0,72,5052,
5186-EJEGL,0,0,72,3628,
7527-QNRUS,0,0,33,3931,
2203-GHNWN,0,0,72,3816,
3878-AVSOQ,0,0,49,5033,
3258-SYSWS,0,0,56,4598,
5296-PSYVW,0,0,52,4169,
6319-QSUSR,0,0,67,3838,
0512-FLFDW,0,0,34,6442,
0487-CRLZF,0,0,60,4517,
2107-FBPTK,0,0,59,5655,
9451-WLYRI,0,0,74,6160,
8219-VYBVI,0,0,55,4295,
1991-VOPLL,0,0,61,3248,
9738-QLWTP,0,0,46,3446,
1016-DJTSV,0,0,20,5242,
9419-IPPBE,0,0,22,5692,
0174-QRVVY,0,0,68,5747,
5699-BNCAS,0,0,73,4788,
2900-PHPLN,0,0,22,5209,
8106-GWQOK,0,0,42,2187,
8751-EDEKA,0,0,55,3676,
6878-GGDWG,0,0,31,3846,
4039-PIMHX,0,0,37,4306,
8450-LUGUK,0,0,36,3753,
3604-WLABM,0,0,43,2253,
0795-GMVQO,0,0,26,5416,
2259-OUUSZ,0,0,48,5124,
1142-IHLOO,0,0,57,6021,
4633-MKHYU,0,0,32,2952,
6257-RJOHI,0,0,47,4521,
1545-JFUML,0,0,31,5295,
7826-VVKWT,0,0,73,4309,
1353-GHZOS,0,0,31,3947,
2587-EKXTS,0,0,26,2827,
5442-BXVND,0,0,73,5531,
9753-OYLBX,0,0,54,4454,
2364-UFROM,0,0,68,3380,
6656-JWRQX,0,0,57,5565,
6473-ULUHT,0,0,43,2269,
7688-AWMDX,0,0,57,4957,
2842-BCQGE,0,0,33,4898,
7244-QWYHG,0,0,54,5363,
5312-UXESG,0,0,58,5614,
2150-WLKUW,0,0,41,2654,
7159-FVYPK,0,0,22,2301,
7032-LMBHI,0,0,45,5255,
6088-BXMRG,0,0,25,3149,
4821-SJHJV,0,0,54,4444,
7346-MEDWM,0,0,32,4094,
1137-DGOWI,0,0,66,5417,
3812-LRZIR,0,0,67,2645,
9483-GCPWE,0,0,20,3444,
4227-OJHAL,0,0,67,4156,
9220-CXRSC,0,0,80,5266,
4993-JCRGJ,0,0,66,5471,
9537-JALFH,0,0,54,6058,
6698-OXETB,0,0,51,5397,
2103-ZRXFN,0,0,69,3631,
3724-BSCVH,0,0,54,4613,
4877-TSOFF,0,0,51,4489,
9209-NWPGU,0,0,76,5827,
7306-YDSOI,0,0,39,4665,
5288-AHOUP,0,0,51,4333,
0655-YDGFJ,0,0,66,4825,
8468-EHYJA,0,0,42,5106,
6823-SIDFQ,0,0,67,5327,
1097-FSPVW,0,0,72,5387,
8328-SKJNO,0,0,43,5230,
7010-ZMVBF,0,0,71,2047,
5201-CBWYG,0,0,53,5105,
6352-GIGGQ,0,0,68,4081,
3635-QQRQD,0,0,74,4568,
2897-DOVND,0,0,26,3527,
3082-YVEKW,0,0,33,2572,
0191-EQUUH,0,0,69,2754,
7134-HBPBS,0,0,71,4474,
3489-HHPFY,0,0,78,2115,
2926-JEJJC,0,0,38,5066,
4950-BDEUX,0,0,40,2782,
5789-LDFXO,0,0,79,5448,
0508-OOLTO,0,0,67,3916,
2984-TBYKU,0,0,25,6378,
9822-WMWVG,0,0,75,4434,
9040-KZVWO,0,0,43,5184,
1548-ARAGG,0,0,23,5605,
6339-RZCBJ,0,0,47,4063,
4415-WNGVR,0,0,42,3355,
2522-AHJXR,0,0,77,4350,
0412-UCCNP,0,0,33,5162,
1816-FLZDK,0,0,40,3923,
7096-UCLNH,0,0,49,2313,
4615-PIVVU,0,0,62,4668,
8885-QSQBX,0,0,36,5277,
8617-ENBDS,0,0,53,5510,
9385-NXKDA,0,0,42,4324,
0430-IHCDJ,0,0,25,2597,
6674-KVJHG,0,0,55,4998,
1814-DKOLC,0,0,24,4855,
9351-HXDMR,0,0,67,4938,
3537-HPKQT,0,0,46,4621,
2129-ALKBS,0,0,37,2211,
5821-MMEIL,0,0,48,4408,
1309-XGFSN,0,0,76,6090,
6968-URWQU,0,0,70,4928,
4742-TXUEX,0,0,43,5829,
9631-XEYKE,0,0,53,4639,
1335-MXCSE,0,0,42,5821,
8873-TMKGR,0,0,38,5880,
8800-JOOCF,0,0,77,4621,
1469-LBJQJ,0,0,20,4016,
0064-YIJGF,0,0,46,4994,
2386-OWURY,0,0,68,6460,
0310-VQXAM,0,0,63,2788,
3453-RTHJQ,0,0,55,5741,
6278-FEPBZ,0,0,68,5546,
4280-DLSHD,0,0,47,4099,
1508-DFXCU,0,0,70,2916,
7868-BGSZA,0,0,35,5888,
2800-QQUSO,0,0,33,3286,
7973-DZRKH,0,0,74,6204,
7698-YFGEZ,0,0,38,5650,
9773-PEQBZ,0,0,65,5739,
0650-BWOZN,0,0,66,5313,
7785-RDVIG,0,0,57,5722,
9602-WCXPI,0,0,29,5249,
2903-YYTBW,0,0,48,3408,
3620-MWJNE,0,0,77,5753,
8573-JGCZW,0,0,35,4774,
6837-HAEVO,0,0,47,5436,
6701-YVNQG,0,0,41,5764,
4304-XUMGI,0,0,34,6084,
9504-YAZWB,0,0,79,4218,
8819-ZBYNA,0,0,57,4935,
6174-NRBTZ,0,0,42,5646,
9481-IEBZY,0,0,29,5569,
6137-NICCO,0,0,59,3083,
9065-ZCPQX,0,0,33,5091,
6402-EJMWF,0,0,31,3684,
3620-EHIMZ,0,0,66,5699,
6870-ECSHE,0,0,39,4196,
8747-UDCOI,0,0,71,5076,
4626-OZDTJ,0,0,80,5408,
9169-BSVIN,0,0,40,3521,
8194-PEEBY,0,0,68,4158,
6872-HXFNF,0,0,55,5331,
7714-YXSMB,0,0,50,2921,
8387-UGUSU,0,0,59,3591,
1080-BWSYE,0,0,36,6469,
1194-HVAIF,0,0,75,4235,
1767-TGTKO,0,0,41,4651,
8439-LTUGF,0,0,53,4802,
8805-JNRAZ,0,0,75,2342,
6418-HNFED,0,0,62,5340,
0206-OYVOC,0,0,77,5596,
7291-CDTMJ,0,0,80,3075,
7128-GGCNO,0,0,66,2642,
0237-YFUTL,0,0,21,4676,
7691-KGKGP,0,0,30,5534,
6710-HSJRD,0,0,64,5239,
3675-EQOZA,0,0,60,5597,
0840-DCNZE,0,0,57,5631,
1732-FEKLD,0,0,50,5665,
9862-KJTYK,0,0,68,3072,
0479-HMSWA,0,0,62,5980,
5854-KSRBJ,0,0,33,4954,
0365-BZUWY,0,0,75,3803,
5701-SVCWR,0,0,60,2559,
3129-AAQOU,0,0,44,5038,
4922-CVPDX,0,0,67,3596,
1357-BIJKI,0,0,62,5154,
1099-BTKWT,0,0,69,4897,
2018-PZKMU,0,0,61,4171,
7340-KEFQE,0,0,38,6404,
4570-QHXHL,0,0,70,5644,
7392-YYPYJ,0,0,34,4094,
2223-GDSHL,0,0,62,6481,
9470-RTWDV,0,0,43,3973,
2176-OSJUV,0,0,69,4384,
9348-YVOMK,0,0,39,5565,
8104-OSKWT,0,0,43,5906,
4521-YEEHE,0,0,59,3127,
4090-KPJIP,0,0,70,3641,
3786-WOVKF,0,0,58,4768,
2592-HODOV,0,0,66,2823,
7995-ZHHNZ,0,0,69,5904,
3824-RHKVR,0,0,28,4222,
5816-SCGFC,0,0,46,3660,
5989-AXPUC,0,0,38,4175,
4979-HPRFL,0,0,21,5137,
8590-OHDIW,0,0,51,4686,
8015-IHCGW,0,0,65,4017,
2332-TODQS,0,0,33,3642,
9278-VZKCD,0,0,49,4428,
8008-OTEZX,0,0,26,3739,
2773-OVBPK,0,0,59,4469,
5999-LCXAO,0,0,61,4155,
5206-XZZQI,0,0,73,6113,
4803-LBYPN,0,0,64,4985,
2139-FQHLM,0,0,35,3402,
8261-GWDBQ,0,0,77,4734,
1093-YSWCA,0,0,50,5433,
3882-IYOIJ,0,0,36,5328,
8749-TZYEC,0,0,71,6251,
1755-FZQEC,0,0,69,4041,
3115-JPJDD,0,0,58,4709,
5600-KTXFM,0,0,46,5010,
6339-TBELP,0,0,30,4069,
7964-YESJC,0,0,45,2235,
6173-GOLSU,0,0,47,4228,
9938-ZREHM,0,0,50,2703,
7950-XWOVN,0,0,73,4310,
4647-MUZON,0,0,20,5009,
9702-AIUJO,0,0,44,6115,
8849-PRIQJ,0,0,49,4103,
8851-RAGOV,0,0,63,5620,
5396-IZEPB,0,0,66,4194,
1729-VLAZJ,0,0,38,2876,
8285-ABVLB,0,0,79,4311,
0701-TJSEF,0,0,40,4366,
5712-VBOXD,0,0,74,5221,
6629-LADHQ,0,0,37,5968,
1559-DTODC,0,0,54,3784,
4797-MIWUM,0,0,42,3149,
8720-RQSBJ,0,0,46,4320,
4537-CIBHB,0,0,48,4272,
4324-AHJKS,0,0,23,5104,
4355-CVPVS,0,0,72,4170,
4495-LHSSK,0,0,79,3425,
5915-ANOEI,0,0,49,4408,
9861-PDSZP,0,0,28,5430,
7225-CBZPL,0,0,49,4831,
6704-UTUKK,0,0,37,5074,
2019-HDCZY,0,0,29,4004,
8788-DOXSU,0,0,27,6250,
7404-JLKQG,0,0,47,4099,
7421-ZLUPA,0,0,29,2038,
3274-NSDWE,0,0,68,6161,
2632-IVXVF,0,0,77,4967,
3692-JHONH,0,0,57,4499,
8915-NNTRC,0,0,55,4351,
5914-GXMDA,0,0,66,5817,
7463-IFMQU,0,0,76,4747,
2920-RNCEZ,0,0,62,5133,
2541-YGPKE,0,0,55,3764,
5382-TEMLV,0,0,71,5274,
3441-CGZJH,0,0,61,2725,
9592-ERDKV,0,0,74,2322,
4778-IZARL,0,0,26,6216,
0432-CAJZV,0,0,69,3953,
7008-LZVOZ,0,0,46,5617,
1200-TUZHR,0,0,53,2565,
9365-CSLBQ,0,0,60,4155,
5884-FBCTL,0,0,67,5611,
7130-CTCUS,0,0,34,3324,
6242-FEGFD,0,0,69,4454,
6194-HBGQN,0,0,56,4549,
7634-WSWDB,0,0,22,4194,
6986-IXNDM,0,0,38,4296,
2987-BJXIK,0,0,45,4180,
9769-TSBZE,0,0,72,5265,
1395-WSWXR,0,0,43,4117,
6023-GSSXW,0,0,51,4162,
6752-APNJL,0,0,57,3449,
0420-HLGXF,0,0,58,3860,
7446-KQISO,0,0,38,4221,
9823-EALYC,0,0,51,6067,
0582-AVCLN,0,0,59,5919,
5803-NQJZO,0,0,74,5242,
2607-DHDAK,0,0,29,5027,
1073-XXCZD,0,0,79,6228,
0743-HRVFF,0,0,48,4132,
4006-HKYHO,0,0,74,5841,
3727-JEZTU,0,0,21,2152,
8143-ETQTI,0,0,78,4896,
9667-TKTVZ,0,0,71,4916,
3657-COGMW,0,0,69,4251,
8570-KLJYJ,0,0,56,4462,
7754-IXRMC,0,0,23,3980,
9473-CBZOP,0,0,67,4891,
2969-WGHQO,0,0,54,3334,
4334-HOWRP,0,0,78,4049,
5863-OOKCL,0,0,62,5949,
1686-STUHN,0,0,39,3575,
1329-VHWNP,0,0,63,4404,
0266-GMEAO,0,0,70,5879,
5574-NXZIU,0,0,33,4273,
0019-GFNTW,0,0,37,5795,
4256-ZWTZI,0,0,52,2789,
8309-PPCED,0,0,55,6030,
4098-NAUKP,0,0,72,6404,
5196-WPYOW,0,0,21,6148,
4608-LCIMN,0,0,63,5724,
1485-YDHMM,0,0,56,4740,
4054-CUMIA,0,0,40,2429,
0603-TPMIB,0,0,30,4746,
2525-GVKQU,0,0,35,4192,
8161-QYMTT,0,0,22,5259,
9581-GVBXT,0,0,23,6300,
5862-BRIXZ,0,0,36,2694,
5404-GGUKR,0,0,28,2893,
3308-JSGML,0,0,49,6306,
2126-GSEGL,0,0,32,4032,
0440-QEXBZ,0,0,42,5790,
2434-EEVDB,0,0,26,5038,
6762-QVYJO,0,0,21,4678,
6199-IWKGC,0,0,59,5453,
2675-DHUTR,0,0,21,4993,
8152-VETUR,0,0,75,5406,
7446-YPODE,0,0,23,5296,
9522-BNTHX,0,0,32,5597,
4676-WLUHT,0,0,26,6143,
7980-MHFLQ,0,0,67,5192,
0757-WCUUZ,0,0,72,4232,
1629-DQQVB,0,0,25,2331,
0374-AACSZ,0,0,30,4421,
4872-VXRIL,0,0,70,4656,
9140-CZQZZ,0,0,39,5601,
3423-HHXAO,0,0,72,2993,
9938-TKDGL,0,0,20,4319,
0531-ZZJWQ,0,0,54,4958,
6537-QLGEX,0,0,39,3300,
2688-BHGOG,0,0,76,5811,
3160-TYXLT,0,0,63,6245,
1325-USMEC,0,0,53,4120,
0916-QOFDP,0,0,29,3471,
5606-AMZBO,0,0,26,3403,
6199-IPCAO,0,0,70,2828,
5640-CAXOA,0,0,25,5455,
2235-EZAIK,0,0,79,4288,
3847-BAERP,0,0,29,4905,
1453-RZFON,0,0,54,5969,
8263-OKETD,0,0,29,3265,
0670-KDOMA,0,0,69,5854,
2476-YGEFM,0,0,46,5324,
8687-BAFGU,0,0,34,4148,
0641-EVBOJ,0,0,56,5755,
0829-XXPLX,0,0,68,2098,
9974-JFBHQ,0,0,52,4590,
6624-JDRDS,0,0,42,4391,
0608-JDVEC,0,0,61,5914,
9780-FKVVF,0,0,72,3613,
1919-RTPQD,0,0,67,4699,
5214-NLTIT,0,0,30,6188,
3345-PBBFH,0,0,25,5922,
5055-BRMNE,0,0,43,4780,
2190-PHBHR,0,0,43,5274,
2650-GYRYL,0,0,66,3470,
5208-FVQKB,0,0,27,5514,
7184-LRUUR,0,0,52,5146,
6627-CFOSN,0,0,51,5247,
3982-JGSFD,0,0,33,3526,
1574-DYCWE,0,0,69,4057,
7247-XOZPB,0,0,73,5313,
2466-FCCPT,0,0,30,4910,
6211-WWLTF,0,0,39,5135,
4826-TZEVA,0,0,52,3258,
6016-NXBNJ,0,0,60,4052,
9138-EFSMO,0,0,40,4237,
4632-XJMEX,0,0,24,6281,
8910-LEDAG,0,0,72,3583,
3452-GWUIN,0,0,40,5316,
2716-GFZOR,0,0,42,2358,
3724-UCSHY,0,0,25,3072,
8626-XHBIE,0,0,79,4262,
3192-LNKRK,0,0,67,3476,
4439-YRNVD,0,0,24,4571,
2208-UGTGR,0,0,58,5601,
3005-TYFRD,0,0,46,4768,
8670-MEFCP,0,0,77,3570,
3079-BCHLN,0,0,70,5394,
7777-UNYHB,0,0,21,2360,
7278-CKDNC,0,0,40,4422,
8450-UYIBU,0,0,60,2030,
2969-VAPYH,0,0,48,4363,
7181-OQCUT,0,0,77,4520,
8474-UMLNT,0,0,30,4115,
3836-FZSDJ,0,0,53,4367,
9142-XMYJH,0,0,49,5227,
0187-QSXOE,0,0,36,5711,
7733-UDMTP,0,0,76,4622,
2649-HWLYB,0,0,46,6177,
5214-CHIWJ,0,0,71,3159,
6904-JLBGY,0,0,71,4008,
2465-BLLEU,0,0,33,4441,
1685-VAYJF,0,0,39,5253,
8874-EJNSR,0,0,65,5453,
6917-YACBP,0,0,70,5170,
5049-MUBWG,0,0,79,4705,
4223-WOZCM,0,0,78,5251,
0769-MURVM,0,0,52,6187,
9253-VIFJQ,0,0,52,5224,
7030-FZTFM,0,0,27,6444,
9741-YLNTD,0,0,47,2684,
5917-RYRMG,0,0,78,3836,
5120-ZBLAI,0,0,75,6144,
1194-BHJYC,0,0,59,6427,
0906-QVPMS,0,0,26,5398,
1905-OEILC,0,0,33,3107,
7858-GTZSP,0,0,71,2061,
6248-BSHKG,0,0,77,5897,
4685-TFLLS,0,0,74,4808,
3470-BTGQO,0,0,39,5731,
1209-VFFOC,0,0,59,4556,
8224-DWCKX,0,0,38,5159,
4553-DVPZG,0,0,77,5049,
6917-IAYHD,0,0,27,4369,
8620-RJPZN,0,0,68,3061,
7572-KPVKK,0,0,33,5900,
2642-MAWLJ,0,0,57,5272,
7103-ZGVNT,0,0,78,4268,
2027-WKXMW,0,0,20,4582,
7137-NAXML,0,0,63,4402,
2428-ZMCTB,0,0,62,3926,
2961-VNFKL,0,0,23,5072,
1768-HNVGJ,0,0,43,4223,
6963-KQYQB,0,0,32,4722,
5934-RMPOV,0,0,79,4240,
1207-BLKSA,0,0,34,4922,
8316-BBQAY,0,0,74,6251,
1166-PQLGG,0,0,68,4424,
3146-JTQHR,0,0,57,3778,
4291-YZODP,0,0,62,3810,
4395-PZMSN,0,0,48,2850,
6427-FEFIG,0,0,30,2939,
0017-IUDMW,0,0,52,6252,
8706-HRADD,0,0,63,5808,
9955-QOPOY,0,0,63,5683,
4385-ZKVNW,0,0,21,4412,
5446-DKWYW,0,0,30,6238,
9031-ZVQPT,0,0,57,4773,
2990-IAJSV,0,0,68,4200,
8107-KNCIM,0,0,66,3771,
9027-YFHQJ,0,0,54,4868,
5176-LDKUH,0,0,75,3345,
4644-OBGFZ,0,0,64,5067,
7926-IJOOU,0,0,47,5626,
6480-YAGIY,0,0,74,3091,
4029-HPFVY,0,0,67,4275,
7602-DBTOU,0,0,20,4890,
5345-BMKWB,0,0,24,4964,
5457-COLHT,0,0,41,4618,
5451-YHYPW,0,0,50,6205,
7998-WNZEM,0,0,47,5447,
4664-NJCMS,0,0,68,5980,
0307-BCOPK,0,0,60,4336,
7629-WFGLW,0,0,20,6335,
2542-HYGIQ,0,0,48,2732,
5016-LIPDW,0,0,53,4194,
6481-LXPWL,0,0,38,5092,
6124-ACRHJ,0,0,32,4099,
9362-MWODR,0,0,79,5056,
9975-GPKZU,0,0,56,2610,
9625-RZFUK,0,0,63,4235,
5153-LXKDT,0,0,37,4108,
5161-UBZXI,0,0,58,6315,
1020-JPQOW,0,0,63,6161,
7919-ZODZZ,0,0,78,5289,
0565-JUPYD,0,0,43,4908,
6867-ACCZI,0,0,47,3303,
5939-XAIXZ,0,0,27,3367,
9054-FOWNV,0,0,48,5585,
8207-VVMYB,0,0,76,6170,
9732-EQMWY,0,0,59,4725,
5269-NRGDP,0,0,58,2531,
6195-MELTI,0,0,58,4223,
2121-JAFOM,0,0,38,5076,
8818-DOPVL,0,0,76,4103,
1227-UDMZR,0,0,33,4311,
5198-HQAEN,0,0,44,2775,
2167-FQSTQ,0,0,59,5527,
2819-GWENI,0,0,41,2987,
3572-UUHRS,0,0,78,2653,
2692-PFYTJ,0,0,67,2569,
5955-EPOAZ,0,0,77,5554,
6821-JPCDC,0,0,66,5893,
8815-LMFLX,0,0,26,5250,
9135-HSWOC,0,0,79,5431,
8582-KRHPJ,0,0,45,5629,
5811-IWXYM,0,0,25,5954,
7044-YAACC,0,0,53,4444,
8189-XRIKE,0,0,52,5936,
1506-YJTYT,0,0,76,5264,
4123-DVHPH,0,0,30,2715,
2228-BZDEE,0,0,57,5755,
2789-CZANW,0,0,45,5574,
7596-LDUXP,0,0,52,2452,
3740-RLMVT,0,0,41,5792,
2192-OZITF,0,0,56,2280,
5651-CPDND,0,0,38,3903,
2186-QZEYA,0,0,30,2044,
1131-ALZWV,0,0,62,4147,
7729-XBTWX,0,0,58,4485,
9134-WYRVP,0,0,74,5311,
3284-SVCRO,0,0,47,3146,
9732-OUYRN,0,0,39,4066,
0559-CKHUS,0,0,77,5758,
2931-SVLTV,0,0,39,2283,
7504-UWHNB,0,0,26,3080,
2582-FFFZR,0,0,62,2854,
8908-NMQTX,0,0,75,4369,
1431-AIDJQ,0,0,32,2281,
6288-LBEAR,0,0,75,3619,
8413-YNHNV,0,0,55,6487,
5808-TOTXO,0,0,69,2774,
4369-NYSCF,0,0,56,6487,
6333-YDVLT,0,0,78,6351,
5324-KTGCG,0,0,67,4837,
5599-HVLTW,0,0,39,3276,
7394-LWLYN,0,0,75,4840,
6873-UDNLD,0,0,55,4714,
2700-LUEVA,0,0,76,2791,
0958-YHXGP,0,0,80,4562,
1101-SSWAG,0,0,33,4858,
5743-KHMNA,0,0,27,6305,
4194-FJARJ,0,0,52,4798,
5325-UWTWJ,0,0,48,5722,
3969-GYXEL,0,0,41,4033,
9208-OLGAQ,0,0,74,3878,
3244-CQPHU,0,0,57,5232,
2674-MLXMN,0,0,77,4241,
9708-HPXWZ,0,0,68,2599,
6992-TKNYO,0,0,23,4487,
4468-YDOVK,0,0,68,3307,
5792-JALQC,0,0,71,5085,
2200-DSAAL,0,0,70,5914,
4302-ZYFEL,0,0,32,5366,
9351-LZYGF,0,0,38,3773,
4366-CTOUZ,0,0,53,5419,
1518-OMDIK,0,0,28,2422,
6671-NGWON,0,0,52,3098,
0595-ITUDF,0,0,37,5371,
1955-IBMMB,0,0,65,5216,
0096-BXERS,0,0,74,3442,
3806-YAZOV,0,0,67,3010,
7998-ZLXWN,0,0,78,5184,
6253-WRFHY,0,0,73,4741,
9133-AYJZG,0,0,71,5781,
2675-OTVVJ,0,0,68,5597,
8680-CGLTP,0,0,80,5198,
8430-TWCBX,0,0,50,4074,
5018-GWURO,0,0,20,6483,
6741-QRLUP,0,0,74,5554,
4737-HOBAX,0,0,52,4073,
0537-QYZZN,0,0,36,3412,
3340-QBBFM,0,0,48,4017,
8200-KLNYW,0,0,36,5733,
3372-CDXFJ,0,0,59,5077,
4781-ZXYGU,0,0,40,3960,
7632-YUTXB,0,0,60,2010,
2718-YSKCS,0,0,56,6444,
9896-UYMIE,0,0,52,5303,
0853-NWIFK,0,0,64,4868,
8212-CRQXP,0,0,80,2640,
6980-CDGFC,0,0,71,5972,
7691-XVTZH,0,0,64,5672,
2277-VWCNI,0,0,25,3048,
1088-CNNKB,0,0,56,5540,
1930-BZLHI,0,0,40,3721,
5868-YTYKS,0,0,48,2448,
3525-DVKFN,0,0,44,3561,
1482-OXZSY,0,0,37,3778,
0377-JBKKT,0,0,41,5036,
5778-BVOFB,0,0,53,4011,
3373-YZZYM,0,0,46,3007,
0228-MAUWC,0,0,39,3949,
7663-YJHSN,0,0,56,5096,
4915-BFSXL,0,0,60,4858,
3086-RUCRN,0,0,46,6183,
5215-LNLDJ,0,0,52,3872,
7576-JMYWV,0,0,55,4162,
0257-KXZGU,0,0,74,5442,
1307-ATKGB,0,0,41,2007,
3714-XPXBW,0,0,64,3801,
1850-AKQEP,0,0,42,4577,
2824-DXNKN,0,0,30,5656,
5227-JSCFE,0,0,28,5421,
0848-ZGQIJ,0,0,36,3050,
3621-CHYVB,0,0,68,5866,
8042-RNLKO,0,0,48,4163,
5372-FBKBN,0,0,39,2143,
0420-TXVSG,0,0,73,5933,
6217-TOWGS,0,0,64,4852,
1045-LTCYT,0,0,78,2158,
1544-JJMYL,0,0,60,2450,
4636-JGAAI,0,0,70,4014,
6874-SGLHU,0,0,23,4126,
5951-AOFIH,0,0,69,3843,
3059-NGMXB,0,0,24,2871,
8652-YHIYU,0,0,64,5040,
5278-PNYOX,0,0,52,5499,
3486-HOOGQ,0,0,41,4848,
5061-PBXFW,0,0,51,2649,
8630-FJLIB,0,0,68,2421,
3891-NLXJB,0,0,24,4050,
4749-OJKQU,0,0,31,5396,
0577-WHMEV,0,0,73,4839,
5453-AXEPF,0,0,76,3591,
3639-XJHKQ,0,0,33,2463,
3716-LRGXK,0,0,35,5301,
2263-SFSQZ,0,0,37,5461,
9950-MTGYX,0,0,73,2948,
3397-AVTKU,0,0,73,4614,
4825-FUREZ,0,0,61,5940,
2672-OJQZP,0,0,30,4118,
3134-DSHVC,0,0,75,5989,
7821-DPRQE,0,0,53,5015,
2001-EWBQU,0,0,75,6186,
1608-GMEWB,0,0,58,3960,
6695-AMZUF,0,0,54,5950,
8410-BGQXN,0,0,54,4402,
1619-YWUBB,0,0,72,6146,
7611-YKYTC,0,0,48,4040,
0365-GXEZS,0,0,79,2831,
0082-OQIQY,0,0,60,4561,
3606-SBKRY,0,0,35,4529,
0667-NSRGI,0,0,75,2478,
6893-ODYYE,0,0,25,6435,
8242-JSVBO,0,0,65,4300,
9541-ZPSEA,0,0,33,5954,
2665-NPTGL,0,0,38,3114,
1139-WUOAH,0,0,42,5461,
4693-VWVBO,0,0,46,3889,
6937-GCDGQ,0,0,35,2394,
0988-JRWWP,0,0,68,3167,
5075-JSDKI,0,0,26,6196,
8644-XYTSV,0,0,68,4348,
3873-WOSBC,0,0,38,4879,
7465-ZZRVX,0,0,32,2722,
7975-JMZNT,0,0,39,5453,
7251-XFOIL,0,0,23,5536,
4116-IQRFR,0,0,21,4463,
8259-DZLIZ,0,0,36,4954,
0442-ZXKVS,0,0,45,4337,
7853-WNZSY,0,0,33,5809,
3120-FAZKD,0,0,41,4039,
8606-OEGQZ,0,0,78,3416,
0225-ZORZP,0,0,43,5828,
9489-JMTTN,0,0,60,5096,
0575-CUQOV,0,0,29,6150,
0967-BMLBD,0,0,72,5837,
2830-LEWOA,0,0,28,4079,
5006-MXVRN,0,0,45,3733,
8327-WKMIE,0,0,65,4422,
6917-FIJHC,0,0,20,5374,
5329-KRDTM,0,0,29,6202,
7797-EJMDP,0,0,59,4157,
3530-VWVGU,0,0,43,5657,
6368-NWMCE,0,0,66,3371,
3633-CDBUW,0,0,24,3913,
0707-HOVVN,0,0,62,6024,
3956-MGXOG,0,0,70,2951,
9274-UARKJ,0,0,36,4096,
4077-HWUYD,0,0,43,5341,
0103-CSITQ,0,0,65,6026,
8671-KKKOS,0,0,27,5565,
7305-ZWMAJ,0,0,78,2492,
9518-XXBXE,0,0,41,4254,
6578-KRMAW,0,0,66,3224,
4860-IJUDE,0,0,78,2070,
9688-YGXVR,0,0,59,4112,
0423-UDIJQ,0,0,22,2145,
1945-XISKS,0,0,26,4994,
5360-LJCNJ,0,0,32,5707,
2607-FBDFF,0,0,45,5289,
1100-DDVRV,0,0,24,5575,
6728-WYQBC,0,0,62,2285,
9029-FEGVJ,0,0,27,5242,
7216-KAOID,0,0,72,2446,
6145-NNPNO,0,0,64,3103,
5339-TJFEK,0,0,56,4271,
2074-GUHPQ,0,0,41,2347,
4625-XMOYM,0,0,36,5098,
5827-MWCZK,0,0,66,6484,
1385-TQOZW,0,0,41,2392,
5914-XRFQB,0,0,80,6479,
4329-YPDDQ,0,0,67,2102,
4804-NCPET,0,0,60,4821,
5944-UGLLK,0,0,80,5677,
7787-BNTZM,0,0,76,5761,
2252-ISRNH,0,0,27,2993,
9415-TPKRV,0,0,38,5681,
5322-TEUJK,0,0,71,4071,
1866-DIOQZ,0,0,42,4698,
8375-KVTHK,0,0,39,5757,
2697-NQBPF,0,0,74,5503,
3709-OIJEA,0,0,52,5156,
1386-ZIKUV,0,0,26,4097,
0599-XNYDO,0,0,33,5456,
6377-WHAOX,0,0,32,4115,
6855-VLGOS,0,0,41,5809,
8999-XXGNS,0,0,53,5832,
8746-OQQRW,0,0,43,3962,
3181-MIZBN,0,0,68,3677,
0471-ARVMX,0,0,68,5061,
7766-CLTIC,0,0,28,4323,
5650-YLIBA,0,0,25,3031,
0825-CPPQH,0,0,72,4241,
9084-OAYKL,0,0,80,4758,
6122-LJADA,0,0,49,5824,
2400-XIWIO,0,0,80,5054,
7524-VRLPL,0,0,34,4204,
7569-NMZYQ,0,0,49,5475,
5201-USSQZ,0,0,67,4038,
2105-PHWON,0,0,76,4639,
1494-EJZDW,0,0,74,2836,
4884-TVUQF,0,0,48,4421,
8003-EWNDZ,0,0,34,2066,
1897-RCFUM,0,0,67,3109,
9256-JTBNZ,0,0,72,4188,
2211-RMNHO,0,0,43,4732,
2432-TFSMK,0,0,36,2269,
4929-ROART,0,0,47,2277,
1834-ABKHQ,0,0,73,4298,
1741-WTPON,0,0,75,4937,
3932-IJWDZ,0,0,21,2183,
1240-HCBOH,0,0,42,6466,
3594-KADLU,0,0,35,3610,
8065-BVEPF,0,0,52,4574,
3796-ENZGF,0,0,36,6438,
1734-ZMNTZ,0,0,65,5409,
2853-CWQFQ,0,0,47,5824,
0813-TAXXS,0,0,59,6483,
2519-TWKFS,0,0,40,2499,
0626-QXNGV,0,0,68,5613,
6723-CEGQI,0,0,37,5712,
4732-RRJZC,0,0,45,4954,
9499-XPZXM,0,0,30,4675,
4338-EYCER,0,0,43,5763,
3007-FDPEA,0,0,46,2107,
6350-XFYGW,0,0,44,2757,
8513-OLYGY,0,0,41,5130,
0311-QYWSS,0,0,60,3672,
8705-DWKTI,0,0,40,6339,
8755-IWJHN,0,0,21,6132,
4480-QQRHC,0,0,79,4899,
0929-PECLO,0,0,38,4438,
3680-CTHUH,0,0,74,5680,
1202-KKGFU,0,0,31,4474,
6112-KTHFQ,0,0,23,5917,
1852-XEMDW,0,0,30,4709,
1820-DJFPH,0,0,36,4755,
9426-SXNHE,0,0,23,5355,
9068-FHQHD,0,0,29,3556,
1269-FOYWN,0,0,72,3743,
9470-YFUYI,0,0,55,5247,
7402-EYFXX,0,0,54,4030,
9895-VFOXH,0,0,61,5092,
1230-QAJDW,0,0,43,2562,
5701-ZIKJE,0,0,29,5530,
5032-MIYKT,0,0,28,4056,
7396-VJUZB,0,0,57,2776,
9717-QEBGU,0,0,37,2980,
5172-RKOCB,0,0,21,5758,
6509-TSGWN,0,0,72,5359,
3178-CIFOT,0,0,58,5916,
4530-NDRKU,0,0,80,5091,
5985-TBABQ,0,0,66,2830,
9800-ONTFE,0,0,37,4479,
6743-HHQPF,0,0,57,4959,
8455-HIRAQ,0,0,65,4909,
6616-AALSR,0,0,76,4997,
9415-ZNBSX,0,0,46,5650,
4018-KJYUY,0,0,78,2722,
3884-UEBXB,0,0,39,6314,
8780-RSYYU,0,0,23,2159,
5537-UXXVS,0,0,68,4137,
1791-PQHBB,0,0,31,5056,
8701-DGLVH,0,0,65,6097,
8741-LQOBK,0,0,33,4829,
8082-GHXOP,0,0,24,5611,
0980-FEXWF,0,0,48,3386,
3011-WQKSZ,0,0,31,5188,
8218-FFJDS,0,0,27,6114,
1986-PHGZF,0,0,54,2812,
9360-OMDZZ,0,0,69,3192,
0345-XMMUG,0,0,45,5119,
8024-XNAFQ,0,0,56,5294,
2988-GBIVW,0,0,64,5129,
2832-SCUCO,0,0,40,2822,
7036-ZZKBD,0,0,79,3282,
0265-PSUAE,0,0,72,3337,
0463-TXOAK,0,0,76,5662,
0594-UFTUL,0,0,31,2928,
9509-MPYOD,0,0,67,4261,
9128-CPXKI,0,0,45,5470,
0129-KPTWJ,0,0,20,5943,
5855-EIBDE,0,0,57,5948,
5365-LLFYV,0,0,65,2245,
5956-YHHRX,0,0,22,4934,
6008-NAIXK,0,0,58,4521,
1928-BXYIV,0,0,28,4592,
5760-FXFVO,0,0,35,4093,
0961-ZWLVI,0,0,44,6005,
5181-OABFK,0,0,72,4173,
4007-NHVHI,0,0,57,5679,
7816-VGHTO,0,0,30,2866,
5871-DGTXZ,0,0,38,4636,
7550-WIQVA,0,0,71,4972,
7544-ZVIKX,0,0,75,5870,
0016-QLJIS,0,0,25,5509,
7508-DQAKK,0,0,33,6474,
5176-OLSKT,0,0,61,5546,
9356-AXGMP,0,0,60,5461,
3556-BVQGL,0,0,71,3585,
8979-CAMGB,0,0,47,6100,
7581-EBBOU,0,0,62,4260,
5073-RZGBK,0,0,26,5823,
2192-CKRLV,0,0,33,4700,
3154-HMWUU,0,0,63,5848,
6119-SPUDB,0,0,73,2653,
6522-OIQSX,0,0,23,4175,
7813-ZGGAW,0,0,40,3364,
8748-HFWBO,0,0,29,5964,
1052-QJIBV,0,0,53,6015,
1319-YLZJG,0,0,31,2499,
0723-FDLAY,0,0,57,2292,
3050-RLLXC,0,0,62,5907,
9298-WGMRW,0,0,44,4697,
3088-LHEFH,0,0,33,3885,
6583-KQJLK,0,0,70,5868,
8544-JNBOX,0,0,57,4626,
6681-ZSEXG,0,0,71,5477,
6139-ZZRBQ,0,0,44,4309,
6116-RFVHN,0,0,42,3744,
8884-FEEWR,0,0,70,2858,
3125-RAHBV,0,0,55,2768,
0373-AIVNJ,0,0,67,3755,
1682-VCOIO,0,0,43,3434,
2072-ZVJJX,0,0,70,4571,
8849-AYPTR,0,0,57,3296,
9518-IMLHK,0,0,77,3175,
3646-ITDGM,0,0,56,4831,
3569-VLDHH,0,0,23,6123,
8224-KDLKN,0,0,41,4275,
7594-LZNWR,0,0,63,4478,
4001-TSBTV,0,0,49,6423,
8727-XDPUD,0,0,68,5658,
1043-UXOVO,0,0,35,4955,
1064-FBXNK,0,0,20,2618,
3996-ZNWYK,0,0,69,5819,
2878-DHMIN,0,0,30,2334,
7762-ONLJY,0,0,51,4122,
5795-BKOYE,0,0,71,5846,
7402-PWYJJ,0,0,44,6439,
0018-NYROU,0,0,57,5536,
7501-VTYLJ,0,0,72,4057,
7608-RGIRO,0,0,66,4889,
0480-BIXDE,0,0,66,3249,
5895-QSXOD,0,0,63,3522,
9814-AOUDH,0,0,57,5625,
6175-IRFIT,0,0,66,2610,
8760-ZRHKE,0,0,65,5546,
1622-HSHSF,0,0,58,5607,
6749-UTDVX,0,0,63,6088,
5542-DHSXL,0,0,37,3475,
9102-OXKFY,0,0,64,4293,
5216-WASFJ,0,0,30,5603,
7808-DVWEP,0,0,44,3985,
2284-VFLKH,0,0,43,4995,
0366-NQSHS,0,0,52,5863,
3807-BPOMJ,0,0,63,6021,
3892-NXAZG,0,0,72,6254,
4948-WBBKL,0,0,23,5041,
4182-BGSIQ,0,0,49,3196,
0988-AADSA,0,0,56,6317,
9972-NKTFD,0,0,73,3185,
3717-LNXKW,0,0,36,3676,
5734-EJKXG,0,0,76,5536,
2207-RYYRL,0,0,28,5535,
6729-FZWSY,0,0,57,5343,
9695-IDRZR,0,0,46,5104,
8144-DGHXP,0,0,53,4231,
7814-LEEVE,0,0,54,4215,
8631-WUXGY,0,0,46,2405,
5906-DVAPM,0,0,65,5011,
6654-QGBZZ,0,0,54,5057,
8348-JLBUG,0,0,34,4270,
5641-DMBFJ,0,0,69,5724,
9200-NLNPD,0,0,27,6445,
2664-XJZNO,0,0,35,5169,
3339-EAQNV,0,0,69,6156,
0921-OHLVP,0,0,59,5357,
8350-NYMVI,0,0,42,3618,
1600-DILPE,0,0,35,4998,
0536-ESJEP,0,0,59,4544,
4654-GGUII,0,0,48,4624,
6478-HRRCZ,0,0,61,5870,
8510-BBWMU,0,0,39,5678,
6857-TKDJV,0,0,62,4444,
2360-RDGRO,0,0,70,5089,
0584-BJQGZ,0,0,63,4855,
1360-XFJMR,0,0,24,4017,
5730-RIITO,0,0,79,4757,
9058-MJLZC,0,0,42,3667,
0902-XKXPN,0,0,78,5463,
5177-RVZNU,0,0,43,4186,
0056-EPFBG,0,0,29,3899,
8993-IZEUX,0,0,20,4320,
8190-ZTQFB,0,0,59,5622,
0931-MHTEM,0,0,69,4478,
7515-LODFU,0,0,21,4042,
0440-UEDAI,0,0,64,5452,
1337-BOZWO,0,0,35,4003,
0868-VJRDR,0,0,36,4337,
6344-SFJVH,0,0,20,5942,
3950-VPYJB,0,0,28,4778,
8041-TMEID,0,0,49,6453,
7321-ZNSLA,0,0,27,2898,
6941-KXRRV,0,0,49,4815,
8727-JQFHV,0,0,68,4937,
9475-NNDGC,0,0,75,4068,
1355-KUSBG,0,0,51,4785,
3688-FTHLT,0,0,73,3214,
0899-LIIBW,0,0,76,5891,
1384-RCUXW,0,0,24,5183,
5825-XJOCM,0,0,45,2545,
6848-YLDFR,0,0,46,4559,
8125-QPFJD,0,0,65,4447,
2320-YKQBO,0,0,57,4764,
4973-RLZVI,0,0,59,5616,
7869-ZYDST,0,0,59,5841,
4501-UYKBC,0,0,30,3856,
1215-EXRMO,0,0,78,4745,
2305-MRGLV,0,0,71,2085,
8404-VIOMB,0,0,57,4165,
2359-KLTEK,0,0,53,3539,
5304-EFJLP,0,0,36,4406,
2673-ZALNP,0,0,46,2750,
9184-GALIL,0,0,43,5587,
4393-RYCRE,0,0,60,4588,
9746-MDMBK,0,0,35,3729,
3162-ZJZFU,0,0,27,4700,
8404-GFGCZ,0,0,44,4552,
8875-AKBYH,0,0,70,4915,
0533-UCAAU,0,0,40,5462,
1394-SUIUH,0,0,45,2672,
3521-MNKLV,0,0,48,5832,
2533-TIBIX,0,0,78,5825,
5092-STPKP,0,0,42,5128,
0114-PEGZZ,0,0,33,4800,
3359-DSRKA,0,0,46,6440,
8639-NHQEI,0,0,30,4213,
7161-DFHUF,0,0,77,6166,
3720-DBRWL,0,0,53,5703,
8565-WUXZU,0,0,54,4240,
4994-OBRSZ,0,0,33,2045,
0562-FGDCR,0,0,25,4703,
2436-QBZFP,0,0,25,3288,
3420-YJLQT,0,0,24,5965,
6040-CGACY,0,0,35,3195,
6582-PLFUU,0,0,40,5974,
8242-PDSGJ,0,0,60,5840,
0264-CNITK,0,0,23,5043,
0089-IIQKO,0,0,43,4447,
7839-NUIAA,0,0,53,5381,
6075-QMNRR,0,0,26,6334,
5966-EMAZU,0,0,22,4576,
0440-EKDCF,0,0,80,4404,
4774-HHGGS,0,0,28,2347,
2055-BFOCC,0,0,42,5688,
8180-AKMJV,0,0,45,5825,
4298-OYIFC,0,0,53,5640,
5566-SOEZD,0,0,31,5856,
9842-EFSYY,0,0,26,2421,
2272-WUSPA,0,0,34,4848,
4584-LBNMK,0,0,61,5644,
3898-GUYTS,0,0,34,4735,
0930-EHUZA,0,0,38,4771,
9975-SKRNR,0,0,69,4480,
3703-KBKZP,0,0,47,5111,
4973-MGTON,0,0,21,5619,
3682-YEUWS,0,0,54,4458,
1223-UNPKS,0,0,24,4328,
3446-QDSZF,0,0,66,2328,
5117-IFGPS,0,0,67,2217,
7379-FNIUJ,0,0,23,4855,
1627-AFWVJ,0,0,35,2265,
4486-EFAEB,0,0,54,2486,
0060-FUALY,0,0,26,5238,
6954-OOYZZ,0,0,44,2935,
7088-FBAWU,0,0,22,4451,
8313-AFGBW,0,0,51,4795,
3097-IDVPU,0,0,76,5749,
2197-OMWGI,0,0,31,5583,
2303-PJYHN,0,0,80,4107,
9795-VOWON,0,0,26,4665,
1237-WIYYZ,0,0,28,2386,
1987-AUELQ,0,0,52,6334,
7852-LECYP,0,0,43,5870,
4822-LPTYJ,0,0,45,4655,
8165-CBKXO,0,0,46,5748,
6527-PZFPV,0,0,48,4654,
9593-CVZKR,0,0,52,5577,
8595-SIZNC,0,0,75,2628,
5236-XMZJY,0,0,80,3048,
4827-DPADN,0,0,61,4505,
2694-CIUMO,0,0,62,3445,
5846-ABOBJ,0,0,72,4766,
1439-LCGVL,0,0,39,3656,
0909-SDHNU,0,0,56,4236,
4647-XXZAM,0,0,51,5450,
7740-KKCXF,0,0,21,5045,
5360-XGYAZ,0,0,47,4934,
3557-HTYWR,0,0,75,2831,
8920-NAVAY,0,0,43,5166,
1699-TLDLZ,0,0,43,5293,
5600-PDUJF,0,0,75,5552,
0567-XRHCU,0,0,73,4479,
2067-QYTCF,0,0,55,5455,
7407-SUJIZ,0,0,50,2305,
9150-KPBJQ,0,0,27,3945,
0052-DCKON,0,0,42,5845,
3654-ARMGP,0,0,79,4730,
9699-UBQFS,0,0,32,4745,
9367-TCUYN,0,0,32,5179,
1261-FWTTE,0,0,67,2307,
3528-HFRIQ,0,0,51,5491,
0708-SJDIS,0,0,55,5567,
2073-QBVBI,0,0,80,2954,
6928-ONTRW,0,0,33,5451,
3320-VEOYC,0,0,78,3502,
5231-FIQPA,0,0,40,3523,
6617-WLBQC,0,0,80,5939,
2599-CIPQE,0,0,61,5737,
8774-GSBUN,0,0,46,6011,
7326-RIGQZ,0,0,62,2651,
1401-FTHFQ,0,0,62,2170,
0254-FNMCI,0,0,37,5234,
1848-LBZHY,0,0,42,2547,
8118-TJAFG,0,0,60,2757,
5429-LWCMV,0,0,80,4041,
7298-IZWLY,0,0,25,2742,
9758-MFWGD,0,0,49,2617,
3955-JBZZM,0,0,80,2317,
4815-TUMEQ,0,0,38,4190,
9909-IDLEK,0,0,26,3222,
4092-OFQZS,0,0,40,4147,
1561-BWHIN,0,0,27,4464,
9927-DSWDF,0,0,68,2429,
9500-LTVBP,0,0,31,3999,
7252-NTGSS,0,0,48,4131,
8149-AIQCG,0,0,62,3271,
1360-JYXKQ,0,0,54,4118,
0899-WZRSD,0,0,31,5680,
3255-GRXMG,0,0,75,4403,
4828-FAZPK,0,0,65,3855,
6094-ZIVKX,0,0,45,6309,
6925-BAYGL,0,0,70,5295,
3262-EIDHV,0,0,49,6375,
7354-OIJLX,0,0,70,5212,
1376-HHBDV,0,0,71,4864,
6133-OZILE,0,0,32,5381,
4135-FRWKJ,0,0,42,4319,
6551-ZCOTS,0,0,52,5756,
7191-ADRGF,0,0,64,3222,
5018-LXQQG,0,0,80,4631,
6892-BOGQE,0,0,53,4030,
1746-TGTWV,0,0,70,3514,
5995-SNNEW,0,0,37,5883,
8050-WYBND,0,0,28,5941,
2821-WARNZ,0,0,34,4170,
4879-GZLFH,0,0,33,5697,
8314-HTWVE,0,0,60,3973,
9402-ROUMJ,0,0,64,5588,
2507-QZPQS,0,0,23,4999,
7159-NOKYQ,0,0,59,4001,
5707-ZMDJP,0,0,27,4590,
8779-YIQQA,0,0,47,3243,
7136-IHZJA,0,0,43,5807,
8966-OIQHG,0,0,59,2258,
7074-STDCN,0,0,58,4436,
8739-QOTTN,0,0,74,5761,
1399-OUPJN,0,0,80,4235,
0277-BKSQP,0,0,62,4854,
5774-XZTQC,0,0,75,4484,
2676-SSLTO,0,0,33,6138,
6266-QHOJZ,0,0,77,6421,
7269-JISCY,0,0,39,4055,
0363-SVHYR,0,0,60,6452,
8547-NSBBO,0,0,37,5154,
6591-QGOYB,0,0,25,2754,
9070-BCKQP,0,0,21,4498,
6421-SZVEM,0,0,75,5802,
1328-EUZHC,0,0,30,4329,
8878-RYUKI,0,0,40,6107,
9633-DENPU,0,0,33,2613,
7811-JIVPF,0,0,47,4790,
7113-HIPFI,0,0,53,5500,
8541-QVFKM,0,0,61,5777,
9258-CNWAC,0,0,27,6208,
5371-VYLSX,0,0,68,4977,
6374-AFWOX,0,0,79,2680,
5317-FLPJF,0,0,67,4824,
7621-VPNET,0,0,25,2219,
6034-YMTOB,0,0,40,2296,
4903-CNOZC,0,0,29,2064,
4353-HYOJD,0,0,75,5580,
7267-FRMJW,0,0,46,5306,
4188-FRABG,0,0,22,5586,
4128-ETESU,0,0,67,4787,
0620-DLSLK,0,0,71,2054,
3850-OKINF,0,0,62,4756,
1156-ZFYDO,0,0,38,3666,
3295-YVUSR,0,0,47,5098,
8016-NCFVO,0,0,58,4222,
4119-ZYPZY,0,0,28,6423,
5549-ZGHFB,0,0,57,6019,
7577-SWIFR,0,0,28,5579,
0303-WMMRN,0,0,27,3056,
6408-OTUBZ,0,0,53,4494,
5204-HMGYF,0,0,68,4567,
1078-TDCRN,0,0,27,4133,
3727-OVPRY,0,0,43,5517,
3797-FKOGQ,0,0,41,3157,
7622-NXQZR,0,0,31,2653,
6196-HBOBZ,0,0,80,6300,
3970-XGJDU,0,0,64,4937,
7017-VFULY,0,0,26,4158,
5562-YJQGT,0,0,40,3746,
8807-OPMBM,0,0,42,4466,
5439-WIKXB,0,0,45,4914,
8294-UIMBA,0,0,68,4584,
8109-YUOHE,0,0,56,5025,
5840-NVDCG,0,0,43,3559,
8092-NLTGF,0,0,35,5398,
5928-QLDHB,0,0,62,2062,
9840-EFJQB,0,0,80,4237,
0696-UKTOX,0,0,80,2496,
4801-KFYKL,0,0,20,4119,
3472-OAOOR,0,0,79,3422,
6135-OZQVA,0,0,51,4389,
2252-JHJGE,0,0,22,4344,
4188-PCPIG,0,0,32,5779,
7105-BENQF,0,0,51,4442,
7721-DVEKZ,0,0,73,4639,
3566-VVORZ,0,0,60,5790,
9507-HSMMZ,0,0,41,6094,
2480-SQIOB,0,0,63,2114,
7813-TKCVO,0,0,57,4390,
0128-MKWSG,0,0,45,3287,
4350-ZTLPI,0,0,36,4163,
0361-HJRDX,0,0,40,4146,
5727-MYATE,0,0,46,5028,
3823-KYNQY,0,0,71,4443,
7570-WELNY,0,0,41,5520,
3021-VLNRJ,0,0,34,4798,
2080-CAZNM,0,0,61,4477,
1028-FFNJK,0,0,73,4828,
6907-FLBER,0,0,78,3259,
3001-UNBTL,0,0,58,3733,
5982-PSMKW,0,0,71,5991,
3507-GASNP,0,0,74,5316,
7096-ZNBZI,0,0,55,5534,
1676-MQAOA,0,0,55,6284,
0786-IVLAW,0,0,20,4722,
7566-DSRLQ,0,0,70,5065,
7245-JMTTQ,0,0,47,4363,
6050-IJRHS,0,0,41,6319,
6202-JVYEU,0,0,31,3643,
8591-TKMZH,0,0,76,4952,
0734-OXWBT,0,0,56,2584,
4282-ACRXS,0,0,33,3511,
0365-TRTPY,0,0,44,5135,
7349-ALMUX,0,0,27,3183,
6502-KUGLL,0,0,26,5723,
1841-YSJGV,0,0,59,6258,
3511-BFTJW,0,0,58,4710,
7668-XCFYV,0,0,23,3689,
5018-HEKFO,0,0,78,5594,
3976-NLDEZ,0,0,52,5370,
2282-YGNOR,0,0,63,2810,
5336-UFNZP,0,0,32,6211,
6854-EXGSF,0,0,38,3033,
1241-EZFMJ,0,0,41,6015,
9233-PSYHO,0,0,21,2636,
5376-PCKNB,0,0,29,4750,
8044-BGWPI,0,0,40,5209,
4060-LDNLU,0,0,38,4329,
3589-PPVKW,0,0,31,5457,
5887-IKKYO,0,0,49,4777,
1755-RMCXH,0,0,38,5113,
3858-XHYJO,0,0,41,4078,
4299-SIMNS,0,0,68,4544,
7025-IWFHT,0,0,66,5549,
6261-LHRTG,0,0,23,4020,
7841-FCRQD,0,0,49,3160,
2056-EVGZL,0,0,39,4437,
8777-MBMTS,0,0,80,4872,
7753-USQYQ,0,0,40,5151,
7661-CPURM,0,0,78,4446,
6233-HXJMX,0,0,32,5470,
5902-WBLSE,0,0,67,5219,
3239-TPHPZ,0,0,74,5453,
5115-GZDEL,0,0,25,5592,
3338-CVVEH,0,0,25,5674,
2615-YVMYX,0,0,64,5775,
2851-STERV,0,0,59,2715,
4393-GEADV,0,0,72,5035,
8486-AYEQH,0,0,63,2421,
5419-JKZNQ,0,0,49,2009,
2495-KZNFB,0,0,44,4460,
1409-PHXTF,0,0,77,4425,
4560-WQAQW,0,0,29,4244,
9591-YVTEB,0,0,49,5829,
9309-BZGNT,0,0,43,5681,
4274-DRSQT,0,0,27,5868,
2027-DNKIV,0,0,31,3483,
8075-GXIUB,0,0,59,5601,
2885-HIJDH,0,0,49,4667,
5424-RLQLC,0,0,20,2385,
6507-DTJZV,0,0,43,3660,
7673-BQGKU,0,0,23,4554,
6723-WSNTY,0,0,35,5360,
2725-IWWBA,0,0,44,4258,
1061-PNTHC,0,0,67,5012,
0394-YONDK,0,0,39,5114,
6574-MCOEH,0,0,73,3555,
7399-QHBJS,0,0,65,6063,
0997-YTLNY,0,0,74,3749,
9479-HYNYL,0,0,24,5617,
9708-KFDBY,0,0,28,4801,
3642-GKTCT,0,0,53,4785,
0774-RMNUW,0,0,63,6420,
1334-PDUKM,0,0,39,4480,
0756-MPZRL,0,0,22,3007,
2242-MFOTG,0,0,54,3957,
2927-CVULT,0,0,43,4190,
2144-BFDSO,0,0,54,5211,
8745-PVESG,0,0,41,5281,
7647-GYYKX,0,0,79,5646,
5647-FXOTP,0,0,40,5084,
9700-ISPUP,0,0,44,3137,
9839-ETQOE,0,0,72,3176,
6078-VESFR,0,0,53,5225,
9027-TMATR,0,0,24,3972,
1941-HOSAM,0,0,47,4142,
9110-HSGTV,0,0,80,4631,
0704-VCUMB,0,0,55,5974,
6171-ZTVYB,0,0,29,2168,
1935-IMVBB,0,0,49,5955,
2535-PBCGC,0,0,30,4858,
1470-PSXNM,0,0,65,5542,
2498-XLDZR,0,0,42,4343,
9866-OCCKE,0,0,34,6010,
5338-YHWYT,0,0,77,5447,
7718-UPSKJ,0,0,26,4328,
8731-WBBMB,0,0,55,3350,
1448-CYWKC,0,0,59,4605,
7901-IIDQV,0,0,51,3398,
2690-DVRVK,0,0,54,3629,
1270-XKUCC,0,0,38,5045,
0334-ZFJSR,0,0,68,5501,
5583-EJXRD,0,0,68,4896,
4565-EVZMJ,0,0,40,5774,
3327-YBAKM,0,0,55,5369,
9441-QHEVC,0,0,30,2091,
6705-LNMDD,0,0,46,5741,
2580-ASVVY,0,0,33,4051,
3370-GQEAL,0,0,21,3409,
5032-USPKF,0,0,78,2604,
4254-QPEDE,0,0,23,4275,
6283-GITPX,0,0,26,4633,
0771-CHWSK,0,0,78,4838,
9788-HNGUT,0,0,78,5949,
9495-REDIY,0,0,29,5079,
5375-XLDOF,0,0,51,6082,
1172-VIYBP,0,0,22,4975,
6559-PDZLR,0,0,62,4191,
8992-OBVDG,0,0,63,2926,
4273-MBHYA,0,0,38,2432,
4724-WXVWF,0,0,33,4334,
5701-GUXDC,0,0,29,2519,
1460-UZPRJ,0,0,72,5971,
6082-GLJIX,0,0,22,4769,
2495-TTHBQ,0,0,24,5602,
0485-ZBSLN,0,0,39,6263,
3810-PJUHR,0,0,69,6059,
0847-HGRML,0,0,37,4402,
8232-CTLKO,0,0,80,5979,
9227-YBAXE,0,0,26,5314,
9860-LISIZ,0,0,68,2864,
0112-QAWRZ,0,0,66,5560,
2786-GCDPI,0,0,39,5570,
4043-MKDTV,0,0,31,6319,
9229-RQABD,0,0,70,3076,
8313-KTIHG,0,0,58,5281,
5320-BRKGK,0,0,62,4292,
6284-KMNUF,0,0,25,4615,
6229-UOLQL,0,0,55,5845,
3137-LUPIX,0,0,61,3334,
6143-JQKEA,0,0,80,5586,
8676-OOQEJ,0,0,29,3030,
9701-CDXHR,0,0,55,5187,
8124-NZVGJ,0,0,52,2979,
2162-FRZAA,0,0,24,5374,
5118-MUEYH,0,0,42,3109,
5627-TVBPP,0,0,72,3726,
3936-QQFLL,0,0,67,4064,
2589-AYCRP,0,0,71,4934,
4067-HLYQI,0,0,29,4860,
5124-EOGYE,0,0,35,2598,
5057-RKGLH,0,0,70,5352,
0292-WEGCH,0,0,45,6275,
8910-ICHIU,0,0,54,4727,
4097-YODCF,0,0,78,5382,
9715-WZCLW,0,0,43,4603,
9786-YWNHU,0,0,48,5733,
6407-GSJNL,0,0,77,5458,
4049-ZPALD,0,0,68,5483,
3733-UOCWF,0,0,62,4845,
6833-JMZYP,0,0,77,4521,
1310-QRITU,0,0,65,5877,
8961-QDZZJ,0,0,70,6245,
9715-SBVSU,0,0,22,3186,
8490-BXHEO,0,0,27,5137,
7173-TETGO,0,0,69,6072,
7929-SKFGK,0,0,24,4280,
2300-RQGOI,0,0,62,2295,
3563-SVYLG,0,0,59,5215,
6435-VWCCY,0,0,64,5205,
4998-IKFSE,0,0,32,3936,
8630-QSGXK,0,0,59,4708,
2455-USLMV,0,0,35,3727,
9488-FVZCC,0,0,78,4390,
5995-WWKKG,0,0,31,5987,
7879-CGSFV,0,0,22,5101,
9921-EZKBY,0,0,38,3087,
7432-FFVAR,0,0,38,5187,
7246-ZGQDF,0,0,54,4359,
4456-RHSNB,0,0,27,5735,
2481-SBOYW,0,0,54,4673,
7109-MFBYV,0,0,68,5451,
1833-TCXKK,0,0,27,3301,
1832-PEUTS,0,0,68,5995,
8660-BUETV,0,0,20,3422,
0580-PIQHM,0,0,52,3275,
5696-CEIQJ,0,0,40,4376,
1696-HXOWK,0,0,65,5856,
3026-ATZYV,0,0,64,4131,
4012-YCFAI,0,0,79,6174,
9970-QBCDA,0,0,74,5387,
9496-IVVRP,0,0,49,5777,
2657-VPXTA,0,0,54,4531,
6551-VLJMV,0,0,29,2236,
1221-GHZEP,0,0,47,5172,
9289-LBQVU,0,0,49,5037,
3458-IDMFK,0,0,74,5161,
6933-FHBZC,0,0,46,3079,
0221-NAUXK,0,0,48,3044,
9770-KXGQU,0,0,20,4635,
6538-POCHL,0,0,21,4396,
6726-NNFWD,0,0,72,6004,
3002-WQZWT,0,0,55,3982,
4277-UDIEF,0,0,50,3019,
1208-NBVFH,0,0,68,3235,
4912-PIGUY,0,0,46,2196,
2725-TTRIQ,0,0,69,5598,
3374-TTZTK,0,0,36,4969,
8990-ZXLSU,0,0,50,5121,
2275-RBYQS,0,0,50,4916,
4419-UJMUS,0,0,73,4637,
7794-JASDG,0,0,80,2250,
7609-YBPXG,0,0,44,5418,
5519-TEEUH,0,0,57,5759,
7856-GANIL,0,0,66,2535,
0804-XBFBV,0,0,57,5916,
2676-OXPPQ,0,0,45,2482,
3703-TTEPD,0,0,45,2887,
2799-TSLAG,0,0,51,4533,
2208-NKVVH,0,0,51,4432,
7139-JZFVG,0,0,43,6026,
4987-GQWPO,0,0,33,4580,
1757-TCATG,0,0,49,3942,
4776-XSKYQ,0,0,64,5988,
8048-DSDFQ,0,0,42,4496,
5753-QQWPW,0,0,69,4131,
6010-DDPPW,0,0,30,4279,
6693-FRIRW,0,0,80,5948,
6586-MYGKD,0,0,47,6280,
3173-NVMPX,0,0,80,4291,
0248-PGHBZ,0,0,80,5857,
0623-GDISB,0,0,27,5838,
2892-GESUL,0,0,36,2269,
7472-EQOAV,0,0,44,4485,
2043-WVTQJ,0,0,36,5664,
8034-RYTVV,0,0,30,5735,
3863-QSTYI,0,0,38,5687,
5044-LRQAQ,0,0,73,2551,
1716-LSAMB,0,0,39,5083,
1333-PBMXB,0,0,70,6466,
6546-OPBBH,0,0,26,5895,
5985-BEHZK,0,0,56,6423,
9127-QRZMH,0,0,35,5981,
5919-VCZYM,0,0,58,4394,
9644-KVCNC,0,0,77,4928,
2137-DQMEV,0,0,68,4112,
8174-LNWMW,0,0,46,5581,
9279-CJEOJ,0,0,47,5691,
7964-VEXDG,0,0,62,4579,
2404-JIBFC,0,0,67,5661,
8029-XYPWT,0,0,53,4438,
4632-PAOYU,0,0,61,2233,
2990-OGYTD,0,0,31,5037,
6646-JPPHA,0,0,44,5327,
7658-UYUQS,0,0,67,5318,
7880-XSOJX,0,0,74,4282,
4589-IUAJB,0,0,75,4118,
8746-BFOAJ,0,0,62,5766,
8457-XIGKN,0,0,27,5909,
6072-NUQCB,0,0,51,3339,
8838-GPHZP,0,0,23,6469,
8750-QWZAJ,0,0,22,5169,
6918-UMQCG,0,0,46,3391,
0675-NCDYU,0,0,74,6491,
6339-DKLMK,0,0,49,4959,
1346-PJWTK,0,0,70,4806,
5088-QZLRL,0,0,56,2729,
8023-QHAIO,0,0,66,6035,
4397-FRLTA,0,0,75,5535,
3057-VJJQE,0,0,24,5498,
2302-OUZXB,0,0,70,4552,
8133-ANHHJ,0,0,75,5023,
2270-CHBFN,0,0,20,2221,
5982-FPVQN,0,0,22,3407,
9107-UKCKY,0,0,24,6432,
4654-ULTTN,0,0,60,6447,
5546-BYZSM,0,0,80,2839,
1492-KGETH,0,0,42,4422,
4163-HFTUK,0,0,78,4120,
8215-NGSPE,0,0,46,3413,
8859-YSTWS,0,0,44,4254,
7601-DHFWZ,0,0,66,3948,
1998-VHJHK,0,0,38,5606,
1707-HABPF,0,0,43,3191,
0487-VVUVK,0,0,57,3829,
5063-IUOKK,0,0,41,2016,
4508-OEBEY,0,0,61,5611,
0027-KWYKW,0,0,78,3585,
2308-STERM,0,0,63,5816,
5982-XMDEX,0,0,46,4404,
6051-PTVNS,0,0,29,5390,
2877-VDUER,0,0,78,5691,
9152-AMKAK,0,0,26,2706,
9432-VOFYX,0,0,56,5420,
8049-WJCLQ,0,0,52,5318,
6586-PSJOX,0,0,73,3608,
9705-ZJBCG,0,0,43,4977,
6847-KJLTS,0,0,64,4005,
9670-BPNXF,0,0,80,2935,
3913-FCUUW,0,0,48,4463,
3301-VKTGC,0,0,48,4380,
9555-SAHUZ,0,0,23,5499,
0816-TSPHQ,0,0,79,3976,
9932-WBWIK,0,0,46,5597,
4619-EVPHY,0,0,57,3748,
5286-YHCVC,0,0,21,4165,
9115-YQHGA,0,0,67,3355,
4462-CYWMH,0,0,67,4981,
8963-MQVYN,0,0,44,3169,
2458-EOMRE,0,0,24,4171,
9334-GWGOW,0,0,44,2259,
6542-LWGXJ,0,0,70,2730,
5567-GZKQY,0,0,20,4335,
1222-LRYKO,0,0,22,2189,
2087-QAREY,0,0,53,5722,
4423-JWZJN,0,0,53,4799,
6490-FGZAT,0,0,79,3266,
7452-FOLON,0,0,53,5986,
2320-TZRRH,0,0,59,4700,
4942-VZZOM,0,0,25,4703,
7502-BNYGS,0,0,53,2333,
4291-HYEBC,0,0,59,2305,
6147-CBCRA,0,0,22,5759,
6047-SUHPR,0,0,58,3093,
9752-ZNQUT,0,0,24,3704,
1576-PFZIW,0,0,34,5866,
5666-MBJPT,0,0,46,5449,
7312-XSBAT,0,0,79,2908,
3096-GKWEB,0,0,40,4477,
2371-JQHZZ,0,0,29,5886,
0674-GCDXG,0,0,38,5816,
1121-QSIVB,0,0,43,5044,
4396-KLSEH,0,0,71,5918,
2824-MYYBN,0,0,29,2969,
6345-HOVES,0,0,29,3800,
8318-LCNBW,0,0,43,5638,
6469-QJKZW,0,0,26,2198,
0147-ESWWR,0,0,77,3172,
1217-VASWC,0,0,65,4499,
6370-ZVHDV,0,0,71,4501,
5915-DGNVC,0,0,79,6193,
6260-XLACS,0,0,43,5018,
3566-CAAYU,0,0,56,5644,
4983-CCWMC,0,0,39,5487,
9103-CXVOK,0,0,27,3068,
2896-TBNBE,0,0,26,3387,
2522-WLNSF,0,0,34,2225,
3841-CONLJ,0,0,54,4099,
4475-NVTLU,0,0,24,3451,
9386-LDCZR,0,0,27,2496,
9585-KKMFD,0,0,60,5743,
5399-ZIMKF,0,0,34,3319,
0336-KXKFK,0,0,38,4085,
5619-XZZKR,0,0,35,2195,
3948-FVVRP,0,0,73,2848,
5327-XOKKY,0,0,29,5540,
0983-TATYJ,0,0,59,4935,
1813-JYWTO,0,0,62,4202,
6719-OXYBR,0,0,51,5559,
3312-ZWLGF,0,0,21,3172,
6476-YHMGA,0,0,76,3851,
0795-XCCTE,0,0,51,6141,
0168-XZKBB,0,0,64,5072,
3785-NRHYR,0,0,31,3192,
4537-DKTAL,0,0,70,4372,
7072-MBHEV,0,0,50,2333,
5602-BVFMK,0,0,77,2868,
6297-NOOPG,0,0,64,5979,
8204-TIFGJ,0,0,43,3630,
8050-DVOJX,0,0,69,4537,
8903-XEBGX,0,0,67,4594,
8169-SAEJD,0,0,28,4162,
1089-XZWHH,0,0,31,3594,
2325-WINES,0,0,60,2335,
6064-ZATLR,0,0,23,2842,
7824-PANSQ,0,0,33,6043,
9648-BCHKM,0,0,78,5231,
2888-ADFAO,0,0,30,2861,
8707-HOEDG,0,0,53,4098,
4072-IPYLT,0,0,56,2161,
7167-PCEYD,0,0,75,4260,
4936-YPJNK,0,0,65,5811,
1580-BMCMR,0,0,70,4447,
4817-KEQSP,0,0,54,6342,
6408-WHTEF,0,0,52,6044,
9251-AWQGT,0,0,50,2608,
8749-CLJXC,0,0,79,2067,
7989-VCQOH,0,0,43,2065,
4199-QHJNM,0,0,52,5869,
8882-TLVRW,0,0,53,5987,
5135-GRQJV,0,0,47,6051,
2384-OVPSA,0,0,71,4947,
1371-WEPDS,0,0,78,3587,
3580-GICBM,0,0,51,6201,
9730-DRTMJ,0,0,78,3278,
4686-UXDML,0,0,74,2113,
3349-ANQNH,0,0,50,5513,
0932-YIXYU,0,0,64,5134,
7480-SPLEF,0,0,22,4933,
7636-XUHWW,0,0,58,5824,
1431-CYWMH,0,0,30,4312,
5937-EORGB,0,0,61,2394,
6349-JDHQP,0,0,36,6338,
5539-HIVAK,0,0,80,3136,
5847-MXBEO,0,0,50,4510,
4583-PARNH,0,0,46,4045,
1116-FRYVH,0,0,26,5701,
1421-HCERK,0,0,54,2455,
9633-XQABV,0,0,46,2156,
0716-BQNDX,0,0,75,4276,
1183-CANVH,0,0,54,3835,
1972-XMUWV,0,0,37,6034,
8679-LZBMD,0,0,26,3786,
3407-JMJQQ,0,0,35,4204,
6252-DFGTK,0,0,60,2873,
1539-LNKHM,0,0,60,4497,
8645-KOMJQ,0,0,59,6182,
0289-IVARM,0,0,34,3463,
9761-XUJWD,0,0,65,5636,
4057-FKCZK,0,0,25,4348,
4291-TPNFG,0,0,76,5219,
6087-YPWHO,0,0,34,4613,
3090-QFUVD,0,0,31,2507,
1722-LDZJS,0,0,22,6050,
1818-ESQMW,0,0,54,4384,
7401-RUBNK,0,0,39,4809,
0506-YLVKJ,0,0,35,3136,
8661-BOYNW,0,0,44,5046,
4815-GBTCD,0,0,31,3891,
2805-AUFQN,0,0,20,3875,
0980-PVMRC,0,0,35,2819,
7233-DRTRF,0,0,43,5096,
3873-NFTGI,0,0,68,3520,
1162-ECVII,0,0,53,4265,
7048-GXDAY,0,0,66,4111,
8571-ZCMCX,0,0,48,3248,
1169-WCVAK,0,0,63,4600,
7129-CAKJW,0,0,27,3443,
8695-ARGXZ,0,0,22,5381,
3570-YUEKJ,0,0,43,3637,
1555-HAPSU,0,0,59,5471,
1697-NVVGY,0,0,22,4533,
8464-EETCQ,0,0,58,6466,
2419-FSORS,0,0,33,4394,
8132-YPVBX,0,0,80,3291,
6754-LZUKA,0,0,64,4161,
8099-MZPUJ,0,0,57,3922,
0787-LHDYT,0,0,64,5667,
0374-IOEGQ,0,0,74,3122,
3197-NNYNB,0,0,28,5649,
3396-DKDEL,0,0,80,4388,
1752-OZXFY,0,0,63,5488,
9066-QRSDU,0,0,25,5418,
9112-WSNPU,0,0,45,5873,
9867-NNXLC,0,0,44,5555,
5321-NTRKC,0,0,56,6236,
3161-GETRM,0,0,59,4648,
0402-OAMEN,0,0,64,5335,
6933-VLYFX,0,0,37,4337,
6754-WKSHP,0,0,47,5915,
4976-LNFVV,0,0,20,4615,
5055-MGMGF,0,0,53,5313,
4641-FROLU,0,0,30,4453,
2862-JVEOY,0,0,41,5322,
2969-QWUBZ,0,0,58,2580,
9822-BIIGN,0,0,52,4903,
2077-MPJQO,0,0,41,3533,
1534-OULXE,0,0,46,4577,
2971-SGAFL,0,0,79,5631,
1480-IVEVR,0,0,60,2300,
2905-KFQUV,0,0,39,5748,
3370-HXOPH,0,0,25,2650,
9391-YZEJW,0,0,25,4778,
9958-MEKUC,0,0,26,4495,
0281-CNTZX,0,0,74,5151,
4118-CEVPF,0,0,35,2125,
9114-VEPUF,0,0,61,6139,
7876-BEUTG,0,0,57,2577,
2338-BQEZT,0,0,44,6250,
9873-MNDKV,0,0,64,4492,
8241-JUIQO,0,0,26,4559,
2194-IIQOF,0,0,30,4658,
9631-RXVJM,0,0,77,2682,
9584-EXCDZ,0,0,53,3650,
5093-FEGLU,0,0,28,4159,
2621-UDNLU,0,0,56,5867,
7526-IVLYU,0,0,55,4852,
2428-HYUNX,0,0,42,4975,
9214-EKVXR,0,0,75,4138,
3410-MHHUM,0,0,73,5019,
2122-YWVYA,0,0,53,4792,
2296-DKZFP,0,0,32,6308,
8909-BOLNL,0,0,29,2088,
6603-YRDCJ,0,0,21,3215,
3229-USWAR,0,0,26,3570,
2138-VFAPZ,0,0,68,2966,
6131-JLWZM,0,0,45,5332,
0269-XFESX,0,0,30,4031,
1709-EJDOX,0,0,34,3843,
4316-XCSLJ,0,0,33,3202,
9693-XMUOB,0,0,27,5546,
0383-CLDDA,0,0,37,6499,
2709-UQGNP,0,0,45,4292,
3549-ZTMNH,0,0,69,3705,
8033-ATFAS,0,0,47,3900,
1635-NZATJ,0,0,26,5341,
0562-HKHML,0,0,71,5574,
8277-RVRSV,0,0,73,4501,
9943-VSZUV,0,0,30,5823,
7054-ENNGU,0,0,26,4623,
1455-HFBXA,0,0,62,6069,
9402-CXWPL,0,0,20,5980,
1628-BIZYP,0,0,46,5754,
0082-LDZUE,0,0,57,4427,
5343-SGUBI,0,0,51,5597,
0856-NAOES,0,0,80,2191,
1976-AZZPJ,0,0,32,5100,
6156-UZDLF,0,0,77,5689,
3099-OONVS,0,0,63,3971,
9500-WBGRP,0,0,31,4535,
5183-KLYEM,0,0,60,4927,
5144-PQCDZ,0,0,64,3172,
8514-VZHEB,0,0,50,5293,
6625-IUTTT,0,0,54,6035,
9355-NPPFS,0,0,37,4509,
0068-FIGTF,0,0,54,2297,
5965-GGPRW,0,0,78,4427,
8035-PWSEV,0,0,76,4430,
2236-HILPA,0,0,40,6403,
1840-BIUOG,0,0,73,2989,
1356-MKYSK,0,0,68,2724,
6080-LNESI,0,0,46,5080,
1830-IPXVJ,0,0,22,6108,
5828-DWPIL,0,0,25,4415,
8398-TBIYD,0,0,78,4520,
2931-FSOHN,0,0,58,5254,
9418-RUKPH,0,0,75,3614,
9971-ZWPBF,0,0,24,5151,
4712-AUQZO,0,0,21,5388,
9711-FJTBX,0,0,28,5058,
2908-ZTPNF,0,0,50,4452,
8421-WZOOW,0,0,23,4912,
1414-YADCW,0,0,39,5679,
8756-RDDLT,0,0,63,5750,
2862-PFNIK,0,0,29,3518,
5816-QVHRX,0,0,44,4040,
4430-YHXGG,0,0,77,2616,
6888-SBYAI,0,0,30,3007,
7395-XWZOY,0,0,68,4481,
7169-YWAMK,0,0,79,5504,
6859-RKMZJ,0,0,21,2762,
2729-VNVAP,0,0,42,2635,
2957-JIRMN,0,0,60,4166,
2049-BAFNW,0,0,55,3929,
3842-QTGDL,0,0,55,2942,
7163-OCEQI,0,0,67,3571,
9782-LGXMC,0,0,39,5511,
5975-BAICR,0,0,31,2504,
4673-KKSLS,0,0,48,5094,
4853-OITSN,0,0,27,2576,
9800-OUIGR,0,0,74,5011,
2324-EFHVG,0,0,38,5617,
7094-MSZAO,0,0,23,2049,
6907-CQGPN,0,0,65,2555,
0780-XNZFN,0,0,49,4193,
0239-OXEXL,0,0,49,3509,
2675-IJRGJ,0,0,68,5878,
7049-GKVZY,0,0,42,5574,
8577-QSOCG,0,0,63,2631,
3721-CNZHX,0,0,28,5753,
0212-ISBBF,0,0,73,2875,
3585-YNADK,0,0,76,4546,
5271-DBYSJ,0,0,20,3355,
1099-GODLO,0,0,38,4836,
6828-HMKWP,0,0,25,4843,
1472-TNCWL,0,0,76,4671,
2080-GKCWQ,0,0,76,3969,
2193-SFWQW,0,0,25,4004,
5656-JAMLX,0,0,45,4278,
3462-BJQQA,0,0,63,2370,
0442-TDYUO,0,0,28,2964,
6733-LRIZX,0,0,32,5903,
9503-XJUME,0,0,34,4279,
4367-NHWMM,0,0,61,5318,
3779-OSWCF,0,0,69,4493,
6736-DHUQI,0,0,66,6072,
3915-ODIYG,0,0,71,4964,
1360-RCYRT,0,0,62,4960,
2724-FJDYW,0,0,72,3884,
4451-RWASJ,0,0,59,5471,
3460-TJBWI,0,0,46,5865,
5917-HBSDW,0,0,31,2360,
5671-UUNXD,0,0,40,5791,
0956-ACVZC,0,0,70,4084,
2325-NBPZG,0,0,58,5125,
4482-FTFFX,0,0,78,5232,
8859-DZTGQ,0,0,71,2507,
0440-MOGPM,0,0,29,4176,
0020-JDNXP,0,0,37,3607,
3752-CQSJI,0,0,25,5417,
5025-GOOKI,0,0,51,4277,
4698-KVLLG,0,0,68,4224,
2887-JPYLU,0,0,42,4418,
4770-QAZXN,0,0,54,2783,
4896-CPRPF,0,0,36,4873,
9714-EDSUC,0,0,22,3094,
0282-NVSJS,0,0,75,3353,
7353-YOWFP,0,0,54,4208,
8008-ESFLK,0,0,59,4135,
7537-CBQUZ,0,0,24,5961,
3363-EWLGO,0,0,67,5252,
4750-UKWJK,0,0,77,5730,
1689-YQBYY,0,0,61,3280,
4487-ZYJZK,0,0,53,4623,
2959-FENLU,0,0,28,5850,
0708-LGSMF,0,0,44,2731,
7634-HLQJR,0,0,35,3260,
0487-RPVUM,0,0,44,5404,
4079-ULGFR,0,0,75,3705,
2516-XSJKX,0,0,27,5468,
0057-QBUQH,0,0,59,4797,
6599-SFQVE,0,0,21,2629,
8331-ZXFOE,0,0,42,5395,
4003-FUSHP,0,0,60,5831,
0356-ERHVT,0,0,41,3880,
7325-ENZFI,0,0,77,3424,
4884-ZTHVF,0,0,65,3950,
3920-HIHMQ,0,0,38,4196,
3055-OYMSE,0,0,45,6469,
0613-WUXUM,0,0,53,5261,
4458-KVRBJ,0,0,69,5537,
1397-XKKWR,0,0,39,3463,
8097-OMULG,0,0,24,5918,
6013-BHCAW,0,0,40,4151,
0401-WDBXM,0,0,62,4331,
3387-PLKUI,0,0,71,2333,
6096-EGVTU,0,0,62,5038,
5081-NWSUP,0,0,62,4883,
2580-ATZSQ,0,0,36,6354,
8085-MSNLK,0,0,71,6193,
9691-HKOVS,0,0,77,4712,
9881-VCZEP,0,0,64,5701,
8757-TFHHJ,0,0,24,2978,
1468-DEFNC,0,0,68,4772,
5119-KEPFY,0,0,64,3057,
0916-KNFAJ,0,0,76,5117,
8319-QBEHW,0,0,74,2715,
9625-QNLUX,0,0,22,4751,
4024-CSNBY,0,0,51,6295,
7110-BDTWG,0,0,76,6302,
7493-GVFIO,0,0,48,4565,
0690-SRQID,0,0,72,4925,
9605-WGJVW,0,0,47,2422,
9114-DPSIA,0,0,77,4237,
4700-UBQMV,0,0,47,3503,
7711-GQBZC,0,0,45,5187,
4627-MIHJH,0,0,69,4948,
9795-NREXC,0,0,56,5472,
8573-CGOCC,0,0,55,5433,
7356-AYNJP,0,0,57,5685,
6286-SUUWT,0,0,21,5916,
4819-HJPIW,0,0,31,2675,
8654-DHAOW,0,0,27,3527,
5438-QMDDL,0,0,32,3652,
9812-GHVRI,0,0,31,4294,
5553-AOINX,0,0,48,4892,
1228-ZLNBX,0,0,50,2847,
4226-KKDON,0,0,60,3804,
3831-YCPUO,0,0,55,6419,
7445-WMRBW,0,0,29,4740,
3308-DGHKL,0,0,63,5028,
9924-JPRMC,0,0,55,4886,
0080-EMYVY,0,0,57,4298,
6218-KNUBD,0,0,54,2393,
7337-CINUD,0,0,35,5206,
7609-NRNCA,0,0,42,4947,
0623-EJQEG,0,0,76,5774,
7153-CHRBV,0,0,38,6287,
6198-PNNSZ,0,0,77,5648,
3317-VLGQT,0,0,68,3157,
4132-POCZS,0,0,54,6371,
5614-DNZCE,0,0,57,5040,
3896-RCYYE,0,0,37,5990,
9638-JIQYA,0,0,41,4033,
3258-SANFR,0,0,30,4270,
3726-TBHQT,0,0,23,5600,
3190-ITQXP,0,0,58,3879,
4833-QTJNO,0,0,49,5261,
3039-MJSLN,0,0,46,3594,
0178-CIIKR,0,0,74,5949,
5774-QPLTF,0,0,71,6391,
2322-VCZHZ,0,0,50,4999,
5010-IPEAQ,0,0,58,5261,
6383-ZTSIW,0,0,22,4599,
8990-YOZLV,0,0,68,5059,
3069-SSVSN,0,0,55,4467,
5222-IMUKT,0,0,80,2716,
6685-XSHHU,0,0,51,4425,
8901-UPRHR,0,0,68,6130,
0118-JPNOY,0,0,46,5700,
3845-FXCYS,0,0,26,4841,
5857-XRECV,0,0,47,4486,
0725-CXOTM,0,0,68,4844,
4343-EJVQB,0,0,51,2463,
9000-PLFUZ,0,0,61,4277,
3427-GGZZI,0,0,66,3624,
7779-ORAEL,0,0,52,5837,
0644-OQMDK,0,0,34,4510,
3154-CFSZG,0,0,78,3291,
2220-IAHLS,0,0,21,5566,
1658-XUHBX,0,0,21,6492,
2378-HTWFW,0,0,35,5527,
4377-VDHYI,0,0,80,2722,
3719-TDVQB,0,0,28,5548,
0201-MIBOL,0,0,69,4861,
4937-QPZPO,0,0,31,5641,
2925-VDZHY,0,0,46,4641,
6981-TDRFT,0,0,39,3423,
3413-CSSTH,0,0,26,5590,
8033-VCZGH,0,0,42,4363,
0224-NIJLP,0,0,32,3899,
7542-CYDDM,0,0,22,4204,
4718-WXBGI,0,0,30,4403,
8495-PRWFH,0,0,80,5831,
0439-IFYUN,0,0,62,3896,
5716-LIBJC,0,0,33,2810,
2868-LLSKM,0,0,43,5958,
2988-QRAJY,0,0,30,5798,
0071-NDAFP,0,0,65,5230,
7328-ZJAJO,0,0,64,4579,
6458-CYIDZ,0,0,51,3468,
1090-PYKCI,0,0,27,4686,
3058-WQDRE,0,0,53,4943,
2279-AXJJK,0,0,45,4465,
0909-SELIE,0,0,72,4302,
3417-TSCIC,0,0,49,4161,
1042-HFUCW,0,0,50,5136,
6537-OTKMY,0,0,63,5091,
8999-EXMNO,0,0,26,4246,
6725-TPKJO,0,0,41,2798,
7162-WPHPM,0,0,49,4747,
1599-MMYRQ,0,0,66,5179,
8821-KVZKQ,0,0,43,4117,
6434-TTGJP,0,0,48,5671,
0042-JVWOJ,0,0,26,3722,
0130-SXOUN,0,0,49,4889,
2330-PQGDQ,0,0,33,4952,
1452-UZOSF,0,0,21,4890,
2097-YVPKN,0,0,73,5707,
8597-CTXVJ,0,0,65,5392,
6631-HMANX,0,0,53,5641,
9962-BFPDU,0,0,52,5811,
6394-HHHZM,0,0,23,2011,
5995-LFTLE,0,0,30,4477,
1932-UEDCX,0,0,55,3669,
5188-HGMLP,0,0,30,4991,
0665-XHDJU,0,0,51,6022,
8265-HKSOW,0,0,57,4505,
3544-FBCAS,0,0,67,4116,
5331-RGMTT,0,0,34,4011,
4759-PXTAN,0,0,26,4093,
7054-DMVAS,0,0,61,4556,
3428-MMGUB,0,0,74,5874,
6549-BTYPG,0,0,80,5784,
7823-JSOAG,0,0,36,5203,
3705-RHRFR,0,0,45,5031,
9374-YOLBJ,0,0,27,2053,
9074-KGVOX,0,0,27,6018,
6128-DAFVY,0,0,27,4021,
9933-QRGTX,0,0,48,4905,
4476-OSWTN,0,0,25,4887,
5066-GFJMM,0,0,48,3716,
2661-GKBTK,0,0,52,5053,
0458-HEUZG,0,0,69,3239,
7268-WNTCP,0,0,21,5746,
0824-VWDPO,0,0,73,3682,
8409-WQJUX,0,0,24,4458,
2578-JQPHZ,0,0,68,4025,
3278-FSIXX,0,0,27,5441,
9746-UGFAC,0,0,67,3171,
2946-KIQSP,0,0,66,2553,
0625-AFOHS,0,0,69,2784,
6726-WEXXK,0,0,63,5755,
4636-OLWOE,0,0,56,5594,
4685-ERGHK,0,0,71,6109,
0885-HMGPY,0,0,67,6469,
5003-OKNNK,0,0,68,3205,
7208-PSIHR,0,0,70,5583,
4012-ZTHBR,0,0,54,3752,
0489-WMEMG,0,0,70,5237,
7435-ZNUYY,0,0,20,4439,
1354-YZFNB,0,0,57,5573,
2985-FMWYF,0,0,73,4861,
2812-ENYMO,0,0,54,4296,
2717-HVIZY,0,0,32,2675,
3422-GALYP,0,0,65,2657,
2890-WFBHU,0,0,64,6041,
0327-WFZSY,0,0,64,5434,
7977-HXJKU,0,0,46,2447,
7033-CLAMM,0,0,33,3828,
4023-RTIQM,0,0,39,2166,
0864-FVJNJ,0,0,20,4952,
7356-IWLFW,0,0,51,3315,
9541-PWTWO,0,0,28,4924,
3967-VQOGC,0,0,59,5847,
7872-RDDLZ,0,0,33,4826,
6308-CQRBU,0,0,42,5044,
0186-CAERR,0,0,59,4644,
3043-SUDUA,0,0,29,4374,
5442-BHQNG,0,0,73,3430,
2169-RRLFW,0,0,68,5063,
5872-OEQNH,0,0,48,4928,
3162-KKZXO,0,0,64,5182,
8873-GLDMH,0,0,76,4220,
5696-JVVQY,0,0,27,5476,
8946-BFWSG,0,0,39,6245,
0547-HURJB,0,0,70,4001,
8904-OPDCK,0,0,56,4691,
8845-LWKGE,0,0,60,2215,
0691-NIKRI,0,0,31,3784,
5022-JNQEQ,0,0,51,4843,
3249-VHRIP,0,0,53,4507,
3736-BLEPA,0,0,41,2886,
4701-LKOZD,0,0,78,5150,
6603-QWSPR,0,0,24,4190,
9921-QFQUL,0,0,50,5110,
1929-ZCBHE,0,0,29,5040,
4378-MYPGO,0,0,36,5795,
4129-LYCOI,0,0,39,4741,
7798-JVXYM,0,0,69,5351,
8647-SDTWQ,0,0,65,4133,
2696-ECXKC,0,0,55,6153,
2081-KJSQF,0,0,21,4769,
3323-CPBWR,0,0,22,3875,
3384-CTMSF,0,0,71,3142,
0902-RFHOF,0,0,26,2907,
6048-QBXKL,0,0,33,2069,
7718-RXDGG,0,0,47,3351,
1025-FALIX,0,0,23,5379,
3451-VAWLI,0,0,43,5636,
3407-QGWLG,0,0,70,2948,
2347-WKKAE,0,0,47,2662,
8735-DCXNF,0,0,26,3519,
3214-IYUUQ,0,0,48,4300,
1936-UAFEH,0,0,36,5502,
3587-PMCOY,0,0,50,4614,
1027-LKKQQ,0,0,54,4480,
7148-XZPHA,0,0,32,4162,
5309-TAIKL,0,0,46,4080,
6856-RAURS,0,0,62,2044,
8778-LMWTJ,0,0,66,5770,
9717-IOAAF,0,0,21,2682,
2845-KDHVX,0,0,31,5425,
0848-SOMKO,0,0,66,4483,
6734-FQAJX,0,0,49,4143,
1535-VTJOQ,0,0,56,3904,
6368-TZZDT,0,0,31,5390,
0943-ZQPXH,0,0,78,5635,
1293-BSEUN,0,0,40,4528,
1302-TPUBN,0,0,23,5637,
2378-VTKDH,0,0,69,4073,
0927-CNGRH,0,0,21,5272,
8608-OZTLB,0,0,59,5975,
2335-GSODA,0,0,24,2327,
1952-DVVSW,0,0,77,3509,
6656-GULJQ,0,0,28,5940,
9853-JFZDU,0,0,46,3102,
3777-XROBG,0,0,78,4125,
6994-FGRHH,0,0,50,4649,
4000-VGMQP,0,0,60,2125,
3999-WRNGR,0,0,77,6307,
3466-RITXD,0,0,75,5461,
2680-XKKNJ,0,0,52,3325,
2974-GGUXS,0,0,48,3273,
7994-XIRTR,0,0,66,6161,
2101-RANCD,0,0,46,5832,
7921-BEPCI,0,0,59,4515,
8510-TMWYB,0,0,24,5898,
3258-ZKPAI,0,0,59,5227,
1428-IEDPR,0,0,33,5624,
5298-GSTLM,0,0,66,4483,
4450-YOOHP,0,0,31,5433,
6728-CZFEI,0,0,25,5473,
3653-NCRDJ,0,0,74,5594,
6121-TNHBO,0,0,29,5428,
5119-NZPTV,0,0,74,5592,
6519-ZHPXP,0,0,33,4183,
3472-QPRCH,0,0,53,3217,
8224-UAXBZ,0,0,41,5137,
9610-WCESF,0,0,62,6344,
2486-WYVVE,0,0,34,5238,
3865-ZYKAD,0,0,59,4503,
1422-DGUBX,0,0,43,2735,
2999-AANRQ,0,0,56,5138,
8668-KNZTI,0,0,23,5957,
0480-KYJVA,0,0,26,5897,
9746-YKGXB,0,0,30,6340,
3926-YZVVX,0,0,64,2157,
6000-UKLWI,0,0,47,4982,
6332-FBZRI,0,0,40,5589,
2096-XOTMO,0,0,31,4146,
3266-FTKHB,0,0,60,2717,
8221-EQDGL,0,0,79,4355,
2346-LOCWC,0,0,72,6186,
0298-XACET,0,0,47,5396,
7560-QJAVJ,0,0,38,5474,
2995-YWTCD,0,0,79,5396,
9137-UIYPG,0,0,80,5447,
2809-ZMYOQ,0,0,72,4341,
5084-OOVCJ,0,0,57,5465,
0254-WWRKD,0,0,51,5122,
7727-SHVZV,0,0,54,4883,
5339-PXDVH,0,0,70,3559,
2205-LPVGL,0,0,58,5035,
8782-NUUOL,0,0,43,4807,
7601-WFVZV,0,0,79,3718,
4609-KNNWG,0,0,49,4870,
4868-AADLV,0,0,31,4578,
9529-OFXHY,0,0,61,5415,
2669-QVCRG,0,0,62,2299,
2478-EEWWM,0,0,28,5905,
9174-IHETN,0,0,50,5521,
2233-TXSIU,0,0,73,3522,
9644-UMGQA,0,0,43,4076,
3256-EZDBI,0,0,80,6285,
0419-YAAPX,0,0,71,4696,
0872-CASZJ,0,0,29,4765,
4726-DLWQN,0,0,30,5596,
8164-OCKUJ,0,0,55,6325,
3094-JOJAI,0,0,49,2643,
9494-MRNYX,0,0,23,3399,
2599-CZABP,0,0,51,4612,
7945-PRBVF,0,0,71,3967,
4544-RXFMG,0,0,50,4184,
0859-YGKFW,0,0,63,4458,
1150-FTQGN,0,0,60,6399,
7196-LIWRH,0,0,61,5980,
5448-VWNAM,0,0,69,4198,
1177-XZBJL,0,0,45,5570,
3518-FSTWG,0,0,59,4086,
9330-VOFSZ,0,0,79,5942,
0939-EREMR,0,0,40,4335,
9389-ACWBI,0,0,73,3850,
3644-QXEHN,0,0,35,5282,
2911-IJORQ,0,0,26,2546,
5921-NGYRH,0,0,50,5018,
5998-DZLYR,0,0,48,4676,
3985-HOYPM,0,0,71,4602,
9548-LERKT,0,0,34,3455,
6576-FBXOJ,0,0,22,4590,
4310-KEDTB,0,0,27,3746,
4062-HBMOS,0,0,80,5432,
2676-ISHSF,0,0,46,5203,
9236-NDUCW,0,0,25,2991,
4753-PADAS,0,0,68,5027,
6103-QCKFX,0,0,28,3918,
7781-EWARA,0,0,56,4122,
7018-FPXHH,0,0,72,4964,
0572-ZJKLT,0,0,58,4736,
5135-RDDQL,0,0,36,4847,
1353-LJWEM,0,0,58,2726,
1794-SWWKL,0,0,75,3974,
6166-YIPFO,0,0,36,6075,
9332-GYWLO,0,0,80,5729,
4184-VODJZ,0,0,47,4512,
1092-WPIVQ,0,0,55,3675,
7233-IOQNP,0,0,74,5409,
2834-JKOOW,0,0,51,3572,
2400-FEQME,0,0,25,5011,
4957-SREEC,0,0,69,5748,
0230-UBYPQ,0,0,48,5089,
4923-ADWXJ,0,0,66,3962,
1763-KUAAW,0,0,30,4713,
1104-TNLZA,0,0,73,4174,
5195-KPUNQ,0,0,58,4766,
3439-GVUSX,0,0,80,4570,
5949-HGVJL,0,0,46,2753,
5203-XEHAX,0,0,48,3445,
1635-HDGFT,0,0,69,4855,
8050-XGRVL,0,0,71,5010,
9828-QHFBK,0,0,35,5796,
3908-MKIMJ,0,0,34,5607,
5012-YSPJJ,0,0,41,3615,
6728-VOIFY,0,0,80,5016,
4891-NLUBA,0,0,20,5063,
8969-PRHFK,0,0,32,4695,
0661-KQHNK,0,0,46,5518,
8709-KRDVL,0,0,76,4643,
1427-VERSM,0,0,44,5141,
9801-NOSHQ,0,0,49,3058,
6339-YPSAH,0,0,52,4895,
2159-TURXX,0,0,51,2483,
1548-FEHVL,0,0,74,6298,
3795-CAWEX,0,0,40,6116,
6215-NQCPY,0,0,60,4157,
5647-URDKA,0,0,29,5962,
2229-DPMBI,0,0,58,3598,
9626-WEQRM,0,0,78,2657,
2188-SXWVT,0,0,46,4027,
6258-PVZWJ,0,0,69,4265,
1094-BKOSX,0,0,22,4534,
6969-MVBAI,0,0,48,2893,
2978-XXSOG,0,0,47,3995,
2342-CKIAO,0,0,24,5074,
6953-PBDIN,0,0,70,6466,
3898-BSJYF,0,0,29,4434,
3938-YFPXD,0,0,35,6012,
7696-AMHOD,0,0,69,4200,
2453-SAFNS,0,0,47,4277,
9558-IHEZX,0,0,32,5610,
9617-UDPEU,0,0,52,2691,
6340-DACFT,0,0,34,4878,
4955-VCWBI,0,0,76,4882,
6813-GZQCG,0,0,63,2194,
7426-GSWPO,0,0,63,5125,
3389-KTRXV,0,0,78,5945,
3118-UHVVQ,0,0,21,4747,
3205-MXZRA,0,0,41,2074,
8317-BVKSO,0,0,32,5728,
5702-KVQRD,0,0,68,4668,
0083-PIVIK,0,0,67,4761,
6169-PGNCD,0,0,54,5741,
4909-JOUPP,0,0,32,4319,
4657-FWVFY,0,0,52,2004,
2257-BOVXD,0,0,36,3516,
7729-JTEEC,0,0,49,5456,
9696-RMYBA,0,0,22,5225,
8690-UPCZI,0,0,33,4459,
9770-LXDBK,0,0,21,5695,
4086-WITJG,0,0,30,4808,
8344-WFMFH,0,0,56,4738,
8822-KNBHV,0,0,58,4250,
8404-FYDIB,0,0,54,4469,
2791-SFVEW,0,0,27,3772,
6762-NSODU,0,0,77,4630,
9888-ZCUMM,0,0,77,4120,
1074-WVEVG,0,0,57,5757,
9979-RGMZT,0,0,38,5545,
6437-UDQJM,0,0,62,4999,
1226-IENZN,0,0,74,4351,
2108-GLPQB,0,0,49,2950,
5474-LAMUQ,0,0,69,5689,
3468-DRVQJ,0,0,36,5496,
1122-YJBCS,0,0,55,6092,
4990-ALDGW,0,0,60,6271,
4816-OKWNX,0,0,68,5437,
3315-IKYZQ,0,0,45,3240,
4747-LCAQL,0,0,52,5263,
3411-WLRSQ,0,0,57,3711,
0898-XCGTF,0,0,49,5926,
8006-PYCSW,0,0,65,2051,
8249-THVEC,0,0,73,4025,
8722-PRFDV,0,0,27,5097,
2164-SOQXL,0,0,43,2698,
4020-KIUDI,0,0,42,2186,
5850-BDWCY,0,0,26,5029,
2038-YSEZE,0,0,65,3152,
0827-ITJPH,0,0,28,5703,
8799-OXZMD,0,0,67,5463,
1705-GUHPV,0,0,64,4948,
4779-ZGICK,0,0,66,5019,
0048-PIHNL,0,0,20,6061,
3967-KXAPS,0,0,56,5136,
3704-IEAXF,0,0,47,5498,
6810-VCAEX,0,0,26,4670,
0674-EYYZV,0,0,74,5882,
4480-MBMLB,0,0,68,5319,
1395-OFUWC,0,0,70,4741,
0822-QGCXA,0,0,35,5907,
2832-KJCRD,0,0,47,2511,
3588-WSTTJ,0,0,63,3484,
5090-EMGTC,0,0,70,4521,
2346-CZYIL,0,0,52,4962,
3798-EPWRR,0,0,55,4057,
6258-NGCNG,0,0,33,5508,
4186-ZBUEW,0,0,71,3566,
5274-XHAKY,0,0,43,2196,
1442-BQPVU,0,0,71,2876,
3978-YNKDD,0,0,43,2654,
4940-KHCWD,0,0,54,5148,
9589-ABEPT,0,0,56,4452,
9388-ZEYVT,0,0,42,2522,
0305-SQECB,0,0,67,4265,
7605-SNLQG,0,0,44,2036,
4670-TABXH,0,0,71,5791,
0064-SUDOG,0,0,57,5190,
8561-NMTBD,0,0,46,5427,
5161-XEUVX,0,0,49,2615,
8292-FRFZQ,0,0,67,3445,
8591-NXRCV,0,0,77,3859,
7895-VONWT,0,0,46,4284,
4526-RMTLL,0,0,64,4457,
6253-GNHWH,0,0,57,6090,
4566-NECEV,0,0,56,3787,
8080-POTJR,0,0,78,2655,
6906-MPARY,0,0,22,2524,
3662-FXJFO,0,0,30,5946,
8107-RZLNV,0,0,62,4634,
0516-OOHAR,0,0,50,3411,
2027-CWDNU,0,0,63,5968,
9912-OMZDS,0,0,51,5096,
3733-ZEECP,0,0,34,5329,
7878-RTCZG,0,0,80,4050,
2452-MRMZF,0,0,21,5079,
7103-IPXPJ,0,0,75,6479,
4342-HFXWS,0,0,50,3442,
3545-CNWRG,0,0,39,4325,
1785-BPHTP,0,0,26,4022,
4989-LIXVT,0,0,68,5080,
7315-WYOAW,0,0,80,5985,
1173-XZPYF,0,0,32,3734,
2509-TFPJU,0,0,24,4413,
9530-GRMJG,0,0,48,5568,
6898-RBTLU,0,0,59,6366,
5481-NTDOH,0,0,21,4126,
2068-WWXQZ,0,0,38,2942,
2061-VVFST,0,0,72,3924,
0749-IRGQE,0,0,48,4118,
2380-DAMQP,0,0,67,4761,
2256-YLYLP,0,0,27,4499,
1272-ILHFG,0,0,71,5928,
0164-XAIRP,0,0,34,2511,
5666-CYCYZ,0,0,76,5352,
4011-ARPHK,0,0,77,5578,
6365-HITVU,0,0,38,4135,
7558-IMLMT,0,0,77,5626,
9488-FYQAU,0,0,78,5700,
3590-TCXTB,0,0,56,2648,
6994-KERXL,0,0,25,3545,
1960-UOTYM,0,0,22,4509,
2740-JFBOK,0,0,71,5299,
6500-JVEGC,0,0,60,4941,
5245-VDBUR,0,0,47,5509,
8469-SNFFH,0,0,38,5991,
2144-ESWKO,0,0,70,5268,
1241-FPMOF,0,0,24,5157,
9928-BZVLZ,0,0,20,3100,
4114-QMKVN,0,0,53,6494,
9003-CPATH,0,0,70,2583,
1754-GKYPY,0,0,23,4180,
7956-XQWGU,0,0,25,5975,
1591-MQJTP,0,0,68,4163,
2369-FEVNO,0,0,52,4590,
7471-MQPOS,0,0,54,6404,
5115-SQAAU,0,0,60,6053,
9845-QOMAD,0,0,58,3958,
7672-VFMXZ,0,0,22,4607,
9739-JLPQJ,0,0,47,6009,
9916-AYHTC,0,0,38,3779,
3855-ONCAR,0,0,50,5775,
1488-SYSFC,0,0,79,2990,
0970-QXPXW,0,0,25,5454,
3259-KNMRR,0,0,79,5371,
6120-RJKLU,0,0,54,6488,
9572-WUKSB,0,0,23,4416,
5893-KCLGT,0,0,78,5478,
0076-LVEPS,0,0,73,3290,
3640-JQGJG,0,0,44,4680,
1596-OQSPS,0,0,60,4467,
9867-XOBQA,0,0,29,3461,
9546-KDTRB,0,0,46,3612,
3174-RKMOW,0,0,71,5721,
1760-CAZHT,0,0,60,3274,
8441-SHIPE,0,0,34,5183,
1320-GVNHT,0,0,20,4419,
1047-RNXZV,0,0,67,4871,
3541-ZNUHK,0,0,76,4026,
8725-JEDFD,0,0,27,3241,
7562-UXTPG,0,0,56,2992,
8071-SBTRN,0,0,62,4240,
6668-CNMFP,0,0,57,4473,
5626-MGTUK,0,0,70,3027,
5681-LLOEI,0,0,30,5884,
8212-DJRCH,0,0,66,4014,
4323-OHFOW,0,0,51,4605,
4933-BSAIP,0,0,59,2056,
2030-BTZRO,0,0,57,4628,
1116-DXXDF,0,0,45,2698,
6563-VNPMN,0,0,44,5397,
2267-WTPYD,0,0,49,6015,
0270-THENM,0,0,77,6233,
4707-MAXGU,0,0,45,5514,
2710-WYVXG,0,0,41,3501,
6300-BWMJX,0,0,44,4814,
7009-LGECI,0,0,78,4164,
5022-KVDQT,0,0,72,5158,
7976-CICYS,0,0,76,3027,
1036-GUDCL,0,0,60,5275,
2005-DWQZJ,0,0,47,3153,
8148-WOCMK,0,0,67,3214,
7815-PDTHL,0,0,45,3481,
9173-IVZVP,0,0,64,4254,
9129-UXERG,0,0,73,2094,
3635-JBPSG,0,0,55,2118,
7964-ZRKKG,0,0,49,6251,
6229-LSCKB,0,0,44,2893,
1724-IQWNM,0,0,46,4136,
8217-QYOHV,0,0,22,4545,
5546-QUERU,0,0,70,5221,
6897-UUBNU,0,0,51,2681,
6127-IYJOZ,0,0,56,5715,
8930-XOTDP,0,0,76,2035,
5916-QEWPT,0,0,29,2798,
5060-TQUQN,0,0,31,3558,
0531-XBKMM,0,0,57,5058,
8465-SBRXP,0,0,33,2436,
2408-PSJVE,0,0,63,4388,
9700-ZCLOT,0,0,77,3922,
8738-JOKAR,0,0,36,5034,
4534-WGCIR,0,0,71,6444,
1930-WNXSB,0,0,36,4879,
3508-CFVZL,0,0,46,5957,
0657-DOGUM,0,0,76,4077,
8792-AOROI,0,0,72,2985,
5146-YYFRZ,0,0,80,6212,
3452-SRFEG,0,0,79,4516,
4070-OKWVH,0,0,57,6212,
5297-MDOIR,0,0,60,5294,
6369-MCAKO,0,0,49,5001,
4926-UMJZD,0,0,52,2157,
6848-HJTXY,0,0,28,5628,
6341-AEVKX,0,0,23,5905,
0682-USIXD,0,0,23,2937,
6976-BWGLQ,0,0,31,4382,
7078-NVFAM,0,0,77,3163,
8065-QBYTO,0,0,63,5448,
2133-TSRRM,0,0,39,5432,
2511-ALLCS,0,0,32,5998,
3191-CSNMG,0,0,46,2081,
7952-OBOYL,0,0,53,4096,
7470-DYNOE,0,0,35,5940,
7853-OETYL,0,0,35,3306,
1545-ACTAS,0,0,29,5921,
5126-RCXYW,0,0,71,4451,
2363-BJLSL,0,0,79,5157,
1956-YIFGE,0,0,64,3274,
7921-LMDFQ,0,0,77,6034,
2925-MXLSX,0,0,30,4403,
5820-PTRYM,0,0,79,4368,
9609-BENEA,0,0,59,5283,
6211-WHMYA,0,0,46,6055,
4459-BBGHE,0,0,58,5833,
9945-PSVIP,0,0,42,2289,
9108-EJFJP,0,0,62,4504,
0530-IJVDB,0,0,65,5414,
0508-SQWPL,0,0,23,5506,
2215-ZAFGX,0,0,69,4867,
8213-TAZPM,0,0,46,5874,
1304-SEGFY,0,0,22,4508,
7242-EDTYC,0,0,40,5860,
2904-GGUAZ,0,0,47,5515,
5136-GFPMB,0,0,56,5871,
2595-KIWPV,0,0,79,4052,
5243-SAOTC,0,0,46,5166,
9398-MMQTO,0,0,61,3956,
7619-PLRLP,0,0,37,5136,
6508-NJYRO,0,0,31,3977,
4710-NKCAW,0,0,31,3260,
5306-BVTKJ,0,0,27,3446,
0357-NVCRI,0,0,24,2192,
2371-KFUOG,0,0,26,6409,
0463-ZSDNT,0,0,70,2037,
6257-DTAYD,0,0,65,5973,
4616-ULAOA,0,0,23,6332,
7746-AWNQW,0,0,69,2431,
5996-EBTKM,0,0,21,6079,
2758-RNWXS,0,0,39,4446,
2314-TNDJQ,0,0,35,5192,
2405-LBMUW,0,0,22,5024,
3454-JFUBC,0,0,55,6136,
9039-ZVJDC,0,0,68,4905,
9013-AQORL,0,0,52,4106,
2898-MRKPI,0,0,32,5570,
2750-BJLSB,0,0,20,4543,
3648-GZPHF,0,0,45,2609,
2075-RMJIK,0,0,44,5756,
9588-YRFHY,0,0,71,5240,
9364-YKUVW,0,0,73,2681,
5392-AKEMH,0,0,37,5624,
2451-YMUXS,0,0,67,4494,
3914-FDRHP,0,0,42,4754,
3078-ZKNTS,0,0,22,4314,
1024-KPRBB,0,0,56,2675,
4690-PKDQG,0,0,26,4121,
9547-ITEFG,0,0,32,4062,
1264-FUHCX,0,0,20,5913,
7789-CRUVC,0,0,76,5274,
6598-KELSS,0,0,41,5409,
9972-VAFJJ,0,0,73,6355,
0422-UXFAP,0,0,43,6034,
1904-WAJAA,0,0,60,5461,
5130-YPIRV,0,0,48,6489,
2843-CQMEG,0,0,38,2911,
6439-PKTRR,0,0,49,4412,
5351-QESIO,0,0,80,4276,
5568-DMXZS,0,0,80,5227,
8468-FZTOE,0,0,78,4874,
6633-SYEUS,0,0,28,2061,
6447-GORXK,0,0,65,4242,
6967-PEJLL,0,0,48,2308,
5981-ZVXOT,0,0,50,5139,
1684-FLBGS,0,0,66,2159,
1389-WNUIB,0,0,69,4085,
0376-OIWME,0,0,53,2701,
0218-QNVAS,0,0,37,5876,
0804-YGEQV,0,0,77,5119,
7164-BPTUT,0,0,22,4260,
2523-EWWZL,0,0,43,3291,
0928-XUTSN,0,0,37,3895,
0052-YNYOT,0,0,72,5462,
9586-JGQKH,0,0,24,4512,
4501-VCPFK,0,0,65,2734,
6075-SLNIL,0,0,62,5393,
9347-AERRL,0,0,68,2111,
2274-XUATA,0,0,56,4933,
6691-CCIHA,0,0,39,6307,
1685-BQULA,0,0,53,3819,
9053-EJUNL,0,0,77,3259,
0666-UXTJO,0,0,27,5393,
1471-GIQKQ,0,0,32,5230,
4807-IZYOZ,0,0,70,4725,
9710-NJERN,0,0,44,2007,
9837-FWLCH,0,0,73,3101,
7203-OYKCT,0,0,20,5760,
1035-IPQPU,0,0,53,5187,
7398-LXGYX,0,0,44,2770,
2823-LKABH,0,0,60,4524,
0550-DCXLH,0,0,65,4645,
9281-CEDRU,0,0,48,5553,
2235-DWLJU,0,0,71,4611,
0871-OPBXW,0,0,80,5191,
3605-JISKB,0,0,71,4212,
9767-FFLEM,0,0,35,4591,
8456-QDAVC,0,0,20,2464,
7750-EYXWZ,0,0,24,3740,
2569-WGERO,0,0,45,5306,
6840-RESVB,0,0,59,2140,
2234-XADUH,0,0,71,5560,
4801-JZAZL,0,0,59,2793,
3186-AJIEK,0,0,38,5097,
