customer_id,gender,senior_citizen,partner,dependents,tenure_months,country,state,city,zip_code,latitude,longitude
3668-QPYBK,Male,0,0,0,2,United States,California,Los Angeles,90003,33.964131,-118.272783
9237-HQITU,Female,0,0,1,2,United States,California,Los Angeles,90005,34.059281,-118.30742
9305-CDSKC,Female,0,0,1,8,United States,California,Los Angeles,90006,34.048013,-118.293953
7892-POOKP,Female,0,1,1,28,United States,California,Los Angeles,90010,34.062125,-118.315709
0280-XJGEX,Male,0,0,1,49,United States,California,Los Angeles,90015,34.039224,-118.266293
4190-MFLUW,Female,0,1,0,10,United States,California,Los Angeles,90020,34.066367,-118.309868
8779-QRDMV,Male,1,0,0,1,United States,California,Los Angeles,90022,34.02381,-118.156582
1066-JKSGK,Male,0,0,0,1,United States,California,Los Angeles,90024,34.066303,-118.435479
6467-CHFZW,Male,0,1,1,47,United States,California,Los Angeles,90028,34.099869,-118.326843
8665-UTDHZ,Male,0,1,0,1,United States,California,Los Angeles,90029,34.089953,-118.294824
8773-HHUOZ,Female,0,0,0,17,United States,California,Los Angeles,90032,34.078821,-118.177576
6047-YHPVI,Male,0,0,1,5,United States,California,Los Angeles,90039,34.110845,-118.259595
5380-WJKOV,Male,0,0,1,34,United States,California,Los Angeles,90041,34.137412,-118.207607
8168-UQWWF,Female,0,0,1,11,United States,California,Los Angeles,90042,34.11572,-118.192754
7760-OYPDY,Female,0,0,1,2,United States,California,Los Angeles,90056,33.987945,-118.370442
9420-LOJKX,Female,0,0,1,15,United States,California,Los Angeles,90061,33.92128,-118.274186
7495-OOKFY,Female,1,1,1,8,United States,California,Los Angeles,90063,34.044271,-118.185237
1658-BYGOY,Male,1,0,1,18,United States,California,Los Angeles,90065,34.108833,-118.229715
5698-BQJOH,Female,0,0,1,9,United States,California,Beverly Hills,90211,34.063947,-118.383001
5919-TMRGD,Female,0,0,1,1,United States,California,Huntington Park,90255,33.97803,-118.217141
9191-MYQKX,Female,0,1,1,7,United States,California,Lynwood,90262,33.923573,-118.200669
8637-XJIVR,Female,0,0,1,12,United States,California,Marina Del Rey,90292,33.977468,-118.445475
0278-YXOOG,Male,0,0,0,5,United States,California,Inglewood,90301,33.956445,-118.358634
4598-XLKNJ,Female,1,1,1,25,United States,California,Inglewood,90303,33.936291,-118.332639
3192-NQECA,Male,0,1,0,68,United States,California,Santa Monica,90403,34.031529,-118.491156
0486-HECZI,Male,0,1,1,55,United States,California,Torrance,90504,33.867257,-118.330794
4846-WHAFZ,Female,1,1,1,37,United States,California,Whittier,90602,33.972119,-118.020188
5299-RULOA,Female,0,1,1,10,United States,California,Whittier,90606,33.976678,-118.065875
0404-SWRVG,Male,0,0,1,3,United States,California,La Habra,90631,33.940619,-117.9513
4412-YLTKF,Female,1,0,1,27,United States,California,Pico Rivera,90660,33.989524,-118.089299
6207-WIOLX,Female,0,1,0,25,United States,California,Avalon,90704,33.391181,-118.421305
3091-FYHKI,Male,0,0,0,1,United States,California,Harbor City,90710,33.798266,-118.300237
2372-HWUHI,Male,0,0,0,2,United States,California,Lakewood,90712,33.840524,-118.148403
0390-DCFDQ,Female,1,1,1,1,United States,California,Los Alamitos,90720,33.79499,-118.065591
4080-OGPJL,Female,0,0,0,8,United States,California,San Pedro,90731,33.736387,-118.284363
2135-RXIHG,Male,0,0,0,1,United States,California,Carson,90745,33.822295,-118.26411
3874-EQOEP,Male,0,0,1,7,United States,California,Long Beach,90804,33.783047,-118.1486
0867-MKZVY,Female,0,1,1,20,United States,California,Altadena,91001,34.196837,-118.142236
3376-BMGFE,Female,0,0,1,4,United States,California,Monrovia,91016,34.1528,-118.000482
3445-HXXGF,Male,1,1,0,58,United States,California,Sierra Madre,91024,34.168686,-118.057505
1875-QIVME,Female,0,1,1,2,United States,California,Tujunga,91042,34.296574,-118.244839
0691-JVSYA,Female,0,1,0,53,United States,California,Pasadena,91103,34.167465,-118.165327
2656-FMOKZ,Female,1,0,1,15,United States,California,Pasadena,91106,34.139402,-118.128658
2070-FNEXE,Female,1,0,1,7,United States,California,Pasadena,91107,34.159007,-118.087353
6317-YPKDH,Female,0,0,0,1,United States,California,Glendale,91202,34.167926,-118.267539
9367-WXLCH,Male,0,0,1,8,United States,California,Glendale,91204,34.136306,-118.26036
1918-ZBFQJ,Female,0,0,1,13,United States,California,Glendale,91206,34.162515,-118.203869
1024-GUALD,Female,0,1,0,1,United States,California,Glendale,91207,34.182378,-118.262922
2472-OVKUP,Male,0,1,1,6,United States,California,Canoga Park,91304,34.224377,-118.632656
1285-OKIPP,Male,0,0,1,1,United States,California,Mission Hills,91345,34.266389,-118.459744
7825-ECJRF,Female,0,0,1,19,United States,California,Santa Clarita,91350,34.502432,-118.41459
7841-TZDMQ,Male,0,0,0,2,United States,California,Sun Valley,91352,34.231053,-118.338307
9408-SSNVZ,Female,0,0,1,4,United States,California,Stevenson Ranch,91381,34.364153,-118.615583
0742-MOABM,Male,0,1,0,4,United States,California,Panorama City,91402,34.223768,-118.445461
2232-DMLXU,Female,0,1,0,1,United States,California,Van Nuys,91411,34.17847,-118.459472
8937-RDTHP,Male,0,0,1,1,United States,California,Burbank,91504,34.213049,-118.317651
1251-KRREG,Male,0,0,0,2,United States,California,North Hollywood,91601,34.1692,-118.372498
0094-OIFMO,Female,1,0,1,11,United States,California,North Hollywood,91605,34.207295,-118.400022
9947-OTFQU,Male,1,0,0,15,United States,California,Covina,91722,34.097345,-117.906736
0322-YINQP,Male,0,0,0,1,United States,California,Covina,91723,34.084747,-117.886844
4629-NRXKX,Female,0,1,0,2,United States,California,El Monte,91731,34.079934,-118.046695
9514-JDSKI,Male,1,1,0,1,United States,California,El Monte,91732,34.074492,-118.01462
4959-JOSRX,Female,0,1,0,2,United States,California,La Puente,91744,34.031441,-117.936436
7273-TEFQD,Male,1,0,0,3,United States,California,La Puente,91746,34.038983,-117.991372
3606-TWKGI,Male,1,0,0,13,United States,California,Rowland Heights,91748,33.976753,-117.897367
6323-AYBRX,Male,0,0,0,59,United States,California,Ontario,91762,34.057256,-117.667677
4385-GZQXV,Female,1,0,0,16,United States,California,Ontario,91764,34.074087,-117.605618
6366-ZGQGL,Male,0,0,0,1,United States,California,Pomona,91766,34.042286,-117.756106
5940-AHUHD,Male,0,0,0,1,United States,California,Pomona,91768,34.067932,-117.785168
6432-TWQLB,Male,0,1,0,5,United States,California,Rosemead,91770,34.065108,-118.082791
4484-GLZOU,Female,0,1,0,52,United States,California,San Dimas,91773,34.102119,-117.815532
9512-UIBFX,Male,0,1,0,18,United States,California,West Covina,91791,34.061634,-117.893169
5583-SXDAG,Male,0,1,0,1,United States,California,Alhambra,91803,34.074736,-118.145959
3488-PGMQJ,Male,1,0,0,8,United States,California,Alpine,91901,32.827184,-116.703729
3580-REOAC,Male,0,0,0,10,United States,California,Bonita,91902,32.67117,-117.00232
7534-BFESC,Male,1,0,0,24,United States,California,Boulevard,91905,32.677097,-116.304991
6390-DSAZX,Female,0,0,0,1,United States,California,Guatay,91931,32.857946,-116.561917
8098-LLAZX,Female,1,0,0,4,United States,California,Jacumba,91934,32.649787,-116.2237
0265-EDXBD,Male,1,1,0,32,United States,California,Mount Laguna,91948,32.830852,-116.444601
7563-BIUPC,Male,0,0,0,5,United States,California,Borrego Springs,92004,33.200369,-116.192313
2321-OMBXY,Female,0,1,0,38,United States,California,Carlsbad,92009,33.098018,-117.258203
2840-XANRC,Male,1,1,0,24,United States,California,Del Mar,92014,32.948262,-117.256086
5020-ZSTTY,Female,1,0,0,54,United States,California,El Cajon,92020,32.79697,-116.969082
5804-LEPIM,Female,1,0,0,2,United States,California,Escondido,92029,33.079834,-117.134275
0122-OAHPZ,Female,0,0,0,7,United States,California,Oceanside,92057,33.254497,-117.285879
2868-SNELZ,Female,0,0,0,2,United States,California,Pala,92059,33.384345,-117.072619
4322-RCYMT,Male,0,1,0,68,United States,California,Palomar Mountain,92060,33.309852,-116.823091
6680-NENYN,Female,0,0,0,43,United States,California,Pauma Valley,92061,33.313828,-116.940501
1343-EHPYB,Male,0,1,0,63,United States,California,Ranchita,92066,33.215251,-116.53633
2034-GDRCN,Female,0,0,0,2,United States,California,Valley Center,92082,33.25283,-116.986079
0219-YTZUE,Male,0,1,0,4,United States,California,San Diego,92103,32.747484,-117.166877
0623-IIHUG,Female,1,0,0,21,United States,California,San Diego,92104,32.741499,-117.127409
4572-DVCGN,Female,0,0,0,10,United States,California,San Diego,92105,32.741859,-117.090353
9057-MSWCO,Male,1,1,0,27,United States,California,San Diego,92108,32.774046,-117.142454
1010-DIAUQ,Male,0,0,0,5,United States,California,San Diego,92116,32.765299,-117.122565
0259-GBZSH,Male,0,0,0,2,United States,California,San Diego,92122,32.85723,-117.209774
9601-BRXPO,Female,0,1,0,25,United States,California,San Diego,92129,32.961064,-117.134917
6905-NIQIN,Male,0,0,0,1,United States,California,San Diego,92154,32.578103,-117.012975
5167-ZFFMM,Male,0,0,0,1,United States,California,Indio,92201,33.713891,-116.237257
4895-TMWIR,Male,1,1,0,11,United States,California,Indian Wells,92210,33.537646,-116.291089
0533-BNWKF,Female,1,1,0,55,United States,California,Palm Desert,92211,33.762759,-116.324817
6599-CEBNN,Female,0,0,0,34,United States,California,Desert Hot Springs,92240,33.948558,-116.516976
0979-PHULV,Male,0,1,0,69,United States,California,Holtville,92250,32.811001,-115.152865
4800-VHZKI,Female,0,0,0,1,United States,California,Niland,92257,33.345825,-115.596574
7989-CHGTL,Male,0,0,0,1,United States,California,North Palm Springs,92258,33.906496,-116.569499
0334-GDDSO,Male,1,0,0,3,United States,California,Ocotillo,92259,32.698964,-115.886656
0578-SKVMF,Female,0,1,0,22,United States,California,Seeley,92273,32.790282,-115.689559
5564-NEMQO,Female,1,0,0,1,United States,California,Thermal,92274,33.53604,-116.119222
9063-ZGTUY,Female,0,1,0,61,United States,California,Adelanto,92301,34.667815,-117.536183
2957-LOLHO,Male,0,0,0,12,United States,California,Apple Valley,92307,34.55082,-117.122396
7752-XUSCI,Female,0,0,0,60,United States,California,Crestline,92325,34.248061,-117.29028
4110-PFEUZ,Female,0,0,0,1,United States,California,Daggett,92327,34.875144,-116.821698
0256-LTHVJ,Female,0,1,0,28,United States,California,Ludlow,92338,34.702766,-116.093376
0880-TKATG,Male,0,1,0,4,United States,California,Lucerne Valley,92356,34.508417,-116.856103
3811-VBYBZ,Male,0,0,0,7,United States,California,Lytle Creek,92358,34.238162,-117.534306
4640-UHDOS,Female,0,1,0,13,United States,California,Phelan,92371,34.441123,-117.537886
3583-EKAPL,Male,0,0,0,1,United States,California,Redlands,92373,34.003243,-117.138286
9399-APLBT,Female,0,1,0,1,United States,California,Rialto,92377,34.156758,-117.404686
2359-KMGLI,Male,0,0,0,24,United States,California,Running Springs,92382,34.186211,-117.07683
0306-JAELE,Male,0,0,0,5,United States,California,Tecopa,92389,35.824572,-116.274755
6227-HWPWX,Female,0,0,0,15,United States,California,Victorville,92392,34.486835,-117.362274
0447-BEMNG,Female,0,1,0,48,United States,California,Wrightwood,92397,34.358321,-117.618263
5949-XIKAE,Female,0,1,0,8,United States,California,San Bernardino,92401,34.105935,-117.2914
8372-JUXUI,Male,0,0,0,1,United States,California,San Bernardino,92410,34.106922,-117.297553
0388-EOPEX,Female,0,1,0,2,United States,California,Riverside,92503,33.890046,-117.455583
8205-OTCHB,Male,0,0,0,22,United States,California,Riverside,92506,33.930931,-117.361788
6235-VDHOM,Female,1,0,0,5,United States,California,Riverside,92509,34.004379,-117.447864
7783-YKGDV,Female,0,0,0,12,United States,California,March Air Reserve Base,92518,33.888323,-117.277533
5609-CEBID,Female,1,0,0,20,United States,California,Hemet,92544,33.644585,-116.871544
7218-HKQFK,Male,0,1,0,2,United States,California,Homeland,92548,33.761894,-117.120868
4636-QRJKY,Female,0,1,0,6,United States,California,Idyllwild,92549,33.755039,-116.741796
5956-VKDTT,Female,1,1,0,5,United States,California,Moreno Valley,92557,33.970661,-117.255039
9412-GHEEC,Male,0,0,0,40,United States,California,Murrieta,92563,33.581045,-117.14719
0257-ZESQC,Female,1,1,0,27,United States,California,Perris,92571,33.828289,-117.201666
6825-UYPFK,Female,0,0,0,23,United States,California,Sun City,92586,33.707483,-117.200006
8397-MVTAZ,Male,0,1,0,34,United States,California,Sun City,92587,33.69887,-117.25071
9282-IZGQK,Female,0,0,0,1,United States,California,Irvine,92612,33.643095,-117.810896
1342-JPNKI,Male,0,0,0,10,United States,California,Lake Forest,92630,33.644849,-117.684254
2817-NTQDO,Male,0,0,0,13,United States,California,Huntington Beach,92646,33.666301,-117.969501
6986-IJDHX,Male,0,1,0,39,United States,California,Huntington Beach,92648,33.679659,-118.016195
5301-GAUUY,Male,0,0,0,32,United States,California,Newport Beach,92661,33.601309,-117.902304
0939-YAPAF,Female,0,0,0,35,United States,California,Santa Ana,92701,33.748478,-117.858918
4710-FDUIZ,Male,0,1,0,56,United States,California,Santa Ana,92707,33.714829,-117.872941
1218-VKFPE,Female,0,1,0,12,United States,California,Anaheim,92805,33.830209,-117.906099
3627-FHKBK,Female,0,0,0,1,United States,California,Anaheim,92806,33.83796,-117.870494
2865-TCHJW,Female,1,0,0,4,United States,California,Anaheim,92807,33.848733,-117.788357
5192-EBGOV,Female,1,0,0,1,United States,California,Brea,92823,33.924143,-117.79387
0719-SYFRB,Female,0,0,0,12,United States,California,Norco,92860,33.925833,-117.559639
3419-SNJJD,Female,1,1,0,65,United States,California,Yorba Linda,92887,33.884073,-117.732197
6543-CPZMK,Male,0,1,0,9,United States,California,Ventura,93001,34.360261,-119.306383
4765-OXPPD,Female,0,1,0,9,United States,California,Ventura,93003,34.279221,-119.221437
1009-IRMNA,Female,0,0,0,7,United States,California,Port Hueneme,93041,34.110124,-119.100972
4554-YGZIH,Male,1,1,0,49,United States,California,Summerland,93067,34.420998,-119.60137
5099-BAILX,Male,1,1,0,43,United States,California,Santa Barbara,93101,34.419203,-119.710008
7207-RMRDB,Female,0,1,0,65,United States,California,Santa Barbara,93110,34.437945,-119.77191
4913-EHYUI,Male,1,1,0,56,United States,California,Alpaugh,93201,35.869626,-119.498771
0195-IESCP,Male,0,1,0,10,United States,California,Armona,93202,36.315979,-119.710852
4580-TMHJU,Female,0,1,0,43,United States,California,Avenal,93204,35.916943,-120.129921
0970-ETWGE,Male,0,0,0,1,United States,California,Bodfish,93205,35.523991,-118.400432
1626-ERCMM,Male,1,1,0,20,United States,California,Camp Nelson,93208,36.057458,-118.591951
0887-HJGAR,Male,0,0,0,1,United States,California,Coalinga,93210,36.186867,-120.387793
5644-PDMZC,Female,1,0,0,2,United States,California,Delano,93215,35.772244,-119.209689
9576-ANLXO,Female,0,0,0,3,United States,California,Earlimart,93219,35.858054,-119.305858
2024-BASKD,Female,0,0,0,1,United States,California,Exeter,93221,36.301689,-119.018233
4160-AMJTL,Female,1,0,0,8,United States,California,Fellows,93224,35.215731,-119.57013
4464-JCOLN,Male,0,1,0,2,United States,California,Huron,93234,36.217864,-120.080117
5650-VDUDS,Female,0,0,0,4,United States,California,Kernville,93238,35.852892,-118.397782
7538-GWHML,Female,0,0,0,2,United States,California,Lemon Cove,93244,36.462671,-118.997291
3859-CVCET,Female,0,0,0,4,United States,California,Lindsay,93247,36.205465,-119.085807
3276-HDUEG,Female,0,0,0,1,United States,California,Maricopa,93252,34.737031,-119.460557
0823-HSCDJ,Male,1,0,0,52,United States,California,Onyx,93255,35.676978,-118.101378
0822-GAVAP,Female,0,0,0,2,United States,California,Posey,93260,35.861928,-118.636698
1448-PWKYE,Male,0,1,0,1,United States,California,Shafter,93263,35.490705,-119.286833
0067-DKWBL,Male,1,0,0,2,United States,California,Tipton,93272,36.047414,-119.344304
2276-YDAVZ,Female,0,0,0,3,United States,California,Wofford Heights,93285,35.690535,-118.552784
5896-NPFWW,Male,0,1,0,3,United States,California,Visalia,93292,36.37559,-119.211689
7133-VBDCG,Female,0,0,0,25,United States,California,Bakersfield,93311,35.16207,-119.194488
1029-QFBEN,Male,0,0,0,1,United States,California,San Luis Obispo,93405,35.236549,-120.727344
4952-YSOGZ,Female,0,1,0,4,United States,California,Lompoc,93436,34.601055,-120.382917
1589-AGTLK,Male,0,0,0,3,United States,California,Lompoc,93437,34.757477,-120.550507
5244-IRFIH,Male,1,1,0,33,United States,California,Los Alamos,93440,34.758699,-120.275839
2684-EIWEO,Female,1,0,0,30,United States,California,Oceano,93445,35.059695,-120.604741
6439-GTPCA,Female,0,0,0,45,United States,California,Pismo Beach,93449,35.165668,-120.655842
5138-WVKYJ,Male,0,0,0,10,United States,California,Mojave,93501,35.097323,-118.171288
6683-VLCTZ,Male,1,0,0,20,United States,California,Johannesburg,93528,35.363339,-117.637641
2189-WWOEW,Female,0,0,0,15,United States,California,Keene,93531,35.214982,-118.59049
1894-IGFSG,Female,0,0,0,22,United States,California,Lancaster,93535,34.712708,-117.889656
7379-POKDZ,Male,0,1,0,3,United States,California,Lancaster,93536,34.741406,-118.38111
0236-HFWSV,Male,0,0,0,15,United States,California,Palmdale,93552,34.557711,-118.029441
3900-AQPHZ,Female,0,0,0,1,United States,California,Pearblossom,93553,34.445239,-117.894868
5842-POCOP,Female,0,1,0,5,United States,California,Randsburg,93554,35.405722,-117.773354
2037-XJFUP,Male,0,1,0,33,United States,California,Ridgecrest,93555,35.603913,-117.67828
7314-OXENN,Male,0,0,0,2,United States,California,Trona,93562,35.74837,-117.384948
0322-CHQRU,Male,0,0,0,2,United States,California,Palmdale,93591,34.598221,-117.79593
4678-DVQEO,Female,0,0,0,1,United States,California,Bass Lake,93604,37.458367,-119.345011
0691-IFBQW,Female,1,0,0,46,United States,California,Biola,93606,36.798882,-120.019511
3009-JWMPU,Male,0,0,0,62,United States,California,Five Points,93624,36.397745,-120.119911
1450-GALXR,Female,0,0,0,10,United States,California,Friant,93626,37.027663,-119.69056
3138-BKYAV,Male,0,0,0,6,United States,California,Kerman,93630,36.727418,-120.123526
4289-DTDKW,Male,0,1,0,40,United States,California,Madera,93637,36.902954,-120.194274
1820-TQVEV,Male,0,0,0,1,United States,California,Madera,93638,37.004068,-119.930027
2239-JALAW,Male,0,0,0,58,United States,California,Mendota,93640,36.687292,-120.437354
4853-RULSV,Male,0,0,0,70,United States,California,Miramonte,93641,36.696759,-119.024051
6275-YDUVO,Female,0,0,0,2,United States,California,Orosi,93647,36.600185,-119.175655
0115-TFERT,Male,0,1,0,21,United States,California,Fresno,93650,36.841655,-119.797113
2311-QYMUQ,Female,0,1,0,16,United States,California,San Joaquin,93660,36.600193,-120.153393
3643-AHCFP,Male,1,1,0,7,United States,California,Selma,93662,36.545322,-119.642281
3104-OWCGK,Male,0,1,0,60,United States,California,South Dos Palos,93665,36.959731,-120.653519
9101-BWFSS,Female,0,1,0,50,United States,California,Tollhouse,93667,36.993666,-119.348267
9231-ZJYAM,Female,1,0,0,4,United States,California,Squaw Valley,93675,36.719141,-119.202677
6982-SSHFK,Male,0,0,0,1,United States,California,Fresno,93703,36.768774,-119.762633
0727-BMPLR,Female,1,0,0,55,United States,California,Fresno,93706,36.654614,-119.903674
1038-ZAGBI,Female,0,1,0,12,United States,California,Fresno,93711,36.833002,-119.82947
3027-ZTDHO,Male,0,0,0,1,United States,California,Fresno,93721,36.732694,-119.783786
2382-BCKQJ,Female,0,0,0,62,United States,California,Big Sur,93920,36.092975,-121.549826
2207-NHRJK,Male,0,0,0,1,United States,California,Carmel,93923,36.460611,-121.852507
0947-MUGVO,Male,1,1,0,20,United States,California,Jolon,93928,35.930782,-121.189757
9944-HKVVB,Female,0,0,0,3,United States,California,King City,93930,36.220761,-120.980777
4124-MMETB,Male,0,0,0,22,United States,California,Lockwood,93932,35.989792,-121.055933
3671-SHRSP,Male,0,1,0,4,United States,California,Marina,93933,36.689582,-121.758398
3313-QKNKB,Male,0,1,0,59,United States,California,Pebble Beach,93953,36.587497,-121.944815
5073-WXOYN,Female,0,0,0,60,United States,California,Belmont,94002,37.509366,-122.306132
0207-MDKNV,Female,0,0,0,15,United States,California,Daly City,94014,37.691561,-122.445202
9851-KIELU,Male,0,0,0,10,United States,California,Loma Mar,94021,37.266388,-122.26308
3908-BLSYF,Female,0,0,0,6,United States,California,Los Altos,94024,37.352911,-122.093002
7549-MYGPK,Female,0,1,0,63,United States,California,Mountain View,94040,37.380662,-122.086022
3804-RVTGV,Male,0,1,0,50,United States,California,Mountain View,94043,37.419725,-122.062947
9227-LUNBG,Female,0,0,0,1,United States,California,Pescadero,94060,37.22565,-122.297533
4315-MURBD,Female,0,0,0,12,United States,California,San Bruno,94066,37.624436,-122.430661
9734-YWGEX,Female,0,0,0,9,United States,California,South San Francisco,94080,37.654436,-122.426468
2719-BDAQO,Male,0,0,0,17,United States,California,Sunnyvale,94086,37.378541,-122.020456
0781-LKXBR,Male,1,0,0,9,United States,California,San Francisco,94102,37.7795,-122.419233
1907-UBQFC,Male,1,0,0,10,United States,California,San Francisco,94108,37.791998,-122.408653
6513-EECDB,Male,1,1,0,1,United States,California,San Francisco,94114,37.758085,-122.434801
7074-IEVOJ,Female,1,0,0,3,United States,California,San Francisco,94130,37.820894,-122.369725
9625-QSTYE,Female,0,0,0,13,United States,California,San Francisco,94131,37.746699,-122.442833
4750-ZRXIU,Female,1,0,0,4,United States,California,Palo Alto,94304,37.386978,-122.177746
6400-BWQKW,Female,0,0,0,6,United States,California,San Mateo,94402,37.556634,-122.317723
6680-WKXRZ,Female,0,0,0,3,United States,California,Antioch,94509,37.980057,-121.801599
7028-DVOIQ,Male,1,0,0,35,United States,California,Birds Landing,94512,38.140719,-121.838298
4208-UFFGW,Male,1,0,0,2,United States,California,Byron,94514,37.83323,-121.601461
9448-REEVD,Male,0,1,0,1,United States,California,Concord,94520,38.013825,-122.039144
9117-SHLZX,Male,0,0,0,1,United States,California,Fremont,94538,37.505768,-121.962472
9889-TMAHG,Male,1,0,0,8,United States,California,Fremont,94539,37.516791,-121.899117
4541-RMRLG,Male,0,0,0,7,United States,California,Hayward,94541,37.674002,-122.076796
3158-MOERK,Female,0,0,0,2,United States,California,Hayward,94545,37.62984,-122.120843
7294-TMAOP,Female,0,0,0,1,United States,California,Castro Valley,94546,37.708327,-122.083473
8919-FYFQZ,Male,1,1,0,44,United States,California,Livermore,94550,37.571748,-121.659562
2834-JRTUA,Male,0,0,0,71,United States,California,Martinez,94553,38.014457,-122.115432
5875-YPQFJ,Male,0,0,0,1,United States,California,Fremont,94555,37.555473,-122.080312
6646-QVXLR,Male,1,1,0,62,United States,California,Napa,94558,38.489789,-122.27011
8603-IJWDN,Male,0,0,0,1,United States,California,Pinole,94564,37.996462,-122.293716
9369-XFEHK,Female,1,1,0,33,United States,California,Pleasanton,94566,37.633361,-121.862395
3842-IYKUE,Female,0,0,0,35,United States,California,San Leandro,94579,37.687264,-122.15728
6641-XRPSU,Female,0,0,0,34,United States,California,San Lorenzo,94580,37.676249,-122.132415
1374-DMZUI,Female,1,0,0,4,United States,California,San Ramon,94583,37.766556,-121.976784
8357-EQXFO,Female,0,0,0,7,United States,California,Union City,94587,37.59485,-122.051521
1989-PRJHP,Male,1,1,0,27,United States,California,Pleasanton,94588,37.685052,-121.912061
9524-EGPJC,Female,0,0,0,18,United States,California,Walnut Creek,94595,37.862128,-122.075197
6993-OHLXR,Female,0,0,0,2,United States,California,Walnut Creek,94596,37.900662,-122.052782
8818-XYFCQ,Male,0,1,0,32,United States,California,Walnut Creek,94598,37.916648,-122.008483
4695-VADHF,Male,0,1,0,18,United States,California,Oakland,94606,37.792489,-122.244314
3863-IUBJR,Male,0,1,0,12,United States,California,Oakland,94607,37.80707,-122.297401
4822-RVYBB,Male,1,0,0,8,United States,California,Berkeley,94704,37.871416,-122.246597
8436-BJUMM,Male,0,1,0,26,United States,California,Albany,94706,37.890274,-122.295192
4184-TJFAN,Female,1,1,0,3,United States,California,Berkeley,94707,37.897753,-122.279391
4145-UQXUQ,Female,1,0,0,8,United States,California,Berkeley,94710,37.872902,-122.303708
9948-YPTDG,Male,0,1,0,38,United States,California,San Rafael,94903,38.018065,-122.546024
1236-WFCDV,Male,1,0,0,14,United States,California,Greenbrae,94904,37.946617,-122.563571
4883-QICIH,Male,0,1,0,32,United States,California,Bodega Bay,94923,38.377165,-123.037957
8329-IBCTI,Female,0,0,0,1,United States,California,Cotati,94931,38.326215,-122.718742
1271-SJBGZ,Male,1,0,0,12,United States,California,Forest Knolls,94933,38.010092,-122.689442
5669-SRAIP,Female,0,0,0,5,United States,California,Larkspur,94939,37.937082,-122.532369
5981-ITEMU,Male,0,1,0,40,United States,California,Marshall,94940,38.129308,-122.834815
6941-PMGEP,Female,0,0,0,5,United States,California,Novato,94945,38.135897,-122.563683
1624-WOIWJ,Female,0,0,0,10,United States,California,Nicasio,94946,38.065359,-122.665566
2074-GKOWZ,Male,0,1,0,2,United States,California,Novato,94947,38.112166,-122.634384
0376-YMCJC,Male,0,0,0,23,United States,California,Novato,94949,38.067204,-122.524004
0634-SZPQA,Female,0,0,0,23,United States,California,San Anselmo,94960,37.99272,-122.575026
5536-RTPWK,Male,0,1,0,49,United States,California,Sausalito,94965,37.848641,-122.515692
6166-ILMNY,Female,0,0,0,2,United States,California,Tomales,94971,38.240769,-122.901041
3097-NNSPB,Female,0,0,0,2,United States,California,Valley Ford,94972,38.339996,-122.935056
0655-RBDUG,Male,0,0,0,7,United States,California,Alviso,95002,37.449537,-121.994813
4361-BKAXE,Female,0,0,0,41,United States,California,Boulder Creek,95006,37.171727,-122.142961
9878-TNQGW,Male,0,0,0,2,United States,California,Davenport,95017,37.114335,-122.237162
4441-NIHPT,Female,1,0,0,13,United States,California,Freedom,95019,36.936228,-121.785559
8999-BOHSE,Female,1,0,0,11,United States,California,Gilroy,95020,37.03889,-121.528955
7029-RPUAV,Male,1,1,0,17,United States,California,Los Gatos,95030,37.222842,-121.988727
4607-CHPCA,Male,0,1,0,25,United States,California,San Martin,95046,37.084697,-121.606417
8824-RWFXJ,Male,0,1,0,3,United States,California,Santa Cruz,95062,36.974575,-121.991149
9763-PDTKK,Female,0,0,0,4,United States,California,San Jose,95112,37.343827,-121.883119
7627-JKIAZ,Female,0,1,0,37,United States,California,San Jose,95116,37.350284,-121.852855
4081-DYXAV,Female,0,0,0,19,United States,California,San Jose,95125,37.294926,-121.894763
8111-SLLHI,Male,1,1,0,39,United States,California,San Jose,95128,37.316146,-121.936285
0927-LCSMG,Male,0,0,0,7,United States,California,San Jose,95129,37.305622,-122.000887
8257-RZAHR,Female,0,1,0,14,United States,California,San Jose,95134,37.42765,-121.945416
5293-WXJAK,Female,1,1,0,11,United States,California,San Jose,95135,37.28682,-121.723877
0841-NULXI,Male,0,0,0,1,United States,California,Stockton,95209,38.044523,-121.348048
7851-WZEKY,Female,0,0,0,2,United States,California,Stockton,95219,38.029729,-121.387999
8844-TONUD,Male,0,1,0,13,United States,California,Acampo,95220,38.200231,-121.235034
4086-YQSNZ,Female,1,1,0,3,United States,California,Glencoe,95232,38.358464,-120.579304
5868-CZJDR,Male,0,0,0,1,United States,California,Linden,95236,38.047746,-121.030499
0135-NMXAP,Female,0,0,0,12,United States,California,Lodi,95240,38.123544,-121.159078
6270-OMFIW,Male,0,1,0,60,United States,California,Valley Springs,95252,38.156971,-120.849231
0107-WESLM,Male,0,0,0,1,United States,California,West Point,95255,38.41935,-120.469545
3992-YWPKO,Female,0,0,0,6,United States,California,Atwater,95301,37.321233,-120.656354
0125-LZQXK,Male,0,0,0,15,United States,California,Big Oak Flat,95305,37.818589,-120.256995
8399-YNDCH,Male,1,0,0,21,United States,California,Columbia,95310,38.085839,-120.37855
5673-FSSMF,Female,0,0,0,1,United States,California,Delhi,95315,37.422961,-120.765493
1579-KLYDT,Male,0,0,0,7,United States,California,Hickman,95323,37.605926,-120.69955
3927-NLNRY,Male,0,1,0,53,United States,California,Long Barn,95335,38.109125,-120.078597
6358-LYNGM,Male,0,0,0,1,United States,California,Mariposa,95338,37.526791,-119.99437
5494-HECPR,Female,0,0,0,1,United States,California,Mi Wuk Village,95346,38.121601,-120.133915
9824-BEMCV,Male,0,1,0,17,United States,California,Modesto,95350,37.671806,-121.007575
1373-ORVIZ,Female,0,1,0,11,United States,California,Modesto,95351,37.621458,-121.012295
9866-QEVEE,Male,0,0,0,19,United States,California,Modesto,95356,37.716186,-121.025836
9897-KXHCM,Female,0,1,0,3,United States,California,Modesto,95357,37.670526,-120.877572
7979-CORPM,Male,0,0,0,24,United States,California,Oakdale,95361,37.785033,-120.776141
1618-CFHME,Female,0,0,0,2,United States,California,Riverbank,95367,37.734971,-120.954271
3165-HDOEW,Male,0,1,0,1,United States,California,Salida,95368,37.713152,-121.08739
6581-NQCBA,Female,0,1,0,16,United States,California,Snelling,95369,37.521708,-120.426843
1689-MRZQR,Male,0,1,0,34,United States,California,Turlock,95382,37.529656,-120.854357
5835-BEQEU,Male,0,0,0,3,United States,California,Westley,95387,37.546007,-121.28257
5565-FILXA,Female,1,0,0,16,United States,California,Yosemite National Park,95389,37.704267,-119.607001
5552-ZNFSJ,Male,0,0,0,1,United States,California,Santa Rosa,95407,38.394091,-122.739814
2223-KAGMX,Female,0,0,0,15,United States,California,Santa Rosa,95409,38.468893,-122.580539
7321-PKUYW,Female,0,0,0,11,United States,California,Branscomb,95417,39.710591,-123.682799
2833-SLKDQ,Male,0,0,0,1,United States,California,Caspar,95420,39.361283,-123.784599
7595-EUIVN,Female,0,0,0,1,United States,California,Clearlake,95422,38.965804,-122.631779
2026-TGDHM,Female,0,0,0,7,United States,California,Cloverdale,95425,38.801936,-122.938935
4030-VPZBD,Female,0,0,0,2,United States,California,Comptche,95427,39.239818,-123.565432
4187-CINZD,Female,1,0,0,46,United States,California,Eldridge,95431,38.348884,-122.51699
6818-WOBHJ,Female,1,1,0,68,United States,California,Fulton,95439,38.493888,-122.777141
2408-TZMJL,Male,0,1,0,59,United States,California,Gualala,95445,38.848082,-123.50608
9134-CEQMF,Male,1,1,0,7,United States,California,Nice,95464,39.12334,-122.838198
7993-PYKOF,Male,0,1,0,8,United States,California,Rio Nido,95471,38.522328,-122.97932
5027-XWQHA,Male,0,0,0,6,United States,California,Ukiah,95482,39.134075,-123.23422
4566-QVRRW,Female,0,1,0,11,United States,California,Witter Springs,95493,39.222323,-122.985488
8519-IMDHU,Male,1,1,0,15,United States,California,Alderpoint,95511,40.166028,-123.584144
0201-OAMXR,Female,0,0,0,70,United States,California,Mckinleyville,95519,40.965011,-124.015255
3372-KWFBM,Male,1,0,0,16,United States,California,Bayside,95524,40.825486,-124.049485
7831-QGOXH,Female,0,0,0,18,United States,California,Blue Lake,95525,40.94338,-123.831799
6393-WRYZE,Female,0,1,0,34,United States,California,Bridgeville,95526,40.372532,-123.525626
6599-RCLCJ,Male,0,1,0,47,United States,California,Crescent City,95531,41.701223,-124.003393
9831-BPFRI,Female,0,1,0,39,United States,California,Ferndale,95536,40.4785,-124.301372
1725-MIMXW,Male,0,0,0,1,United States,California,Honeydew,95545,40.342928,-124.063329
0031-PVLZI,Female,0,1,0,4,United States,California,Korbel,95550,40.7666,-123.80458
7206-GZCDC,Female,1,0,0,1,United States,California,Loleta,95551,40.665952,-124.240051
4791-QRGMF,Male,0,1,0,59,United States,California,Miranda,95553,40.210895,-123.86
1768-ZAIFU,Female,1,0,0,1,United States,California,Rio Dell,95562,40.485849,-124.163234
4671-LXRDQ,Male,0,0,0,2,United States,California,Salyer,95563,40.89866,-123.539754
1934-SJVJK,Male,0,0,0,1,United States,California,Smith River,95567,41.950683,-124.097094
3838-OZURD,Male,0,1,0,66,United States,California,Somes Bar,95568,41.444606,-123.471895
9269-CQOOL,Male,0,0,0,3,United States,California,Trinidad,95570,41.162295,-124.027381
2845-HSJCY,Female,0,1,0,14,United States,California,Whitethorn,95589,40.053159,-123.995867
1184-PJVDB,Male,0,1,0,10,United States,California,Amador City,95601,38.431407,-120.8421
9415-DPEWS,Female,0,0,0,18,United States,California,Carmichael,95608,38.626128,-121.328011
7943-RQCHR,Female,0,0,0,9,United States,California,Davis,95616,38.508735,-121.678813
3793-MMFUH,Female,1,0,0,13,United States,California,Davis,95618,38.544002,-121.685559
3249-ZPQRG,Male,0,0,0,4,United States,California,Diamond Springs,95619,38.683605,-120.811852
2568-BRGYX,Male,0,0,0,4,United States,California,Dixon,95620,38.392821,-121.799917
7721-JXEAW,Male,0,1,0,59,United States,California,Elk Grove,95624,38.434138,-121.30587
7249-WBIYX,Male,0,1,0,10,United States,California,Elmira,95625,38.349195,-121.902943
6567-HOOPW,Female,1,0,0,1,United States,California,Folsom,95630,38.672638,-121.147403
3164-AALRN,Male,0,0,0,5,United States,California,Greenwood,95635,38.921333,-120.897718
3334-CTHOL,Female,0,0,0,1,United States,California,Jackson,95642,38.336216,-120.76901
4704-ERYFC,Female,0,1,0,22,United States,California,Knights Landing,95645,38.875508,-121.765866
8621-MNIHH,Female,1,1,0,34,United States,California,Madison,95653,38.674276,-121.961866
0471-LVHGK,Male,0,1,0,41,United States,California,Orangevale,95662,38.689174,-121.218435
9518-RWHZL,Female,0,0,0,64,United States,California,Penryn,95663,38.859093,-121.182872
5419-CONWX,Female,1,0,0,4,United States,California,Pleasant Grove,95668,38.833554,-121.498102
6240-EURKS,Female,0,0,0,18,United States,California,Plymouth,95669,38.489273,-120.891614
6960-HVYXR,Female,0,0,0,1,United States,California,Rio Linda,95673,38.688764,-121.457596
7024-OHCCK,Female,1,0,0,2,United States,California,Sheridan,95681,38.984756,-121.345074
7861-UVUFT,Female,0,1,0,15,United States,California,Sloughhouse,95683,38.470423,-121.114897
5357-TZHPP,Male,1,0,0,9,United States,California,Wheatland,95692,39.043387,-121.409837
0680-DFNNY,Male,0,1,0,15,United States,California,Winters,95694,38.578604,-122.024579
7767-UXAGJ,Male,0,0,0,1,United States,California,Colfax,95713,39.084645,-120.894014
1571-SAVHK,Male,0,0,0,12,United States,California,Meadow Vista,95722,39.003358,-121.022539
9546-CQJSU,Female,0,0,0,2,United States,California,Soda Springs,95728,39.279068,-120.414275
0506-LVNGN,Female,1,0,0,5,United States,California,Rancho Cordova,95742,38.591134,-121.161585
2951-QOQTK,Male,0,0,0,4,United States,California,Sacramento,95815,38.608405,-121.449942
3473-XIIIT,Female,0,1,0,16,United States,California,Sacramento,95824,38.517295,-121.439819
7893-IXHRQ,Male,0,0,0,1,United States,California,Sacramento,95826,38.542532,-121.378826
2952-QAYZF,Male,0,0,0,5,United States,California,Sacramento,95828,38.486938,-121.395805
4763-PGDPO,Female,0,0,0,4,United States,California,Sacramento,95831,38.494832,-121.529447
5394-SVGJV,Male,0,0,0,37,United States,California,Sacramento,95838,38.646096,-121.442433
9283-LZQOH,Male,0,1,0,13,United States,California,Antelope,95843,38.715498,-121.363411
7079-QRCBC,Female,0,0,0,24,United States,California,Sacramento,95864,38.585826,-121.376263
5469-CTCWN,Male,0,1,0,61,United States,California,Arbuckle,95912,38.982373,-122.047751
9851-QXEEQ,Male,0,0,0,41,United States,California,Bangor,95914,39.396585,-121.38029
9809-IMGCQ,Male,1,0,0,22,United States,California,Canyon Dam,95923,40.171312,-121.120605
5208-HFSBT,Female,0,0,0,2,United States,California,Challenge,95925,39.461768,-121.195825
3254-YRILK,Male,1,0,0,19,United States,California,Dobbins,95935,39.381174,-121.21191
2667-WYLWJ,Female,0,1,0,8,United States,California,Dunnigan,95937,38.931425,-121.946081
0529-ONKER,Male,1,0,0,15,United States,California,Forest Ranch,95942,40.077028,-121.494168
5240-IJOQT,Male,1,0,0,1,United States,California,Grass Valley,95949,39.099204,-121.137962
1092-GANHU,Male,0,0,0,17,United States,California,Magalia,95954,39.933852,-121.584371
0661-XEYAN,Female,1,0,0,1,United States,California,Nevada City,95959,39.333737,-120.858667
7881-EVUAD,Female,0,0,0,2,United States,California,Oroville,95966,39.473896,-121.415927
5766-XQXMQ,Female,0,0,0,29,United States,California,Princeton,95970,39.424957,-122.039307
3703-VAVCL,Male,0,1,0,2,United States,California,Strawberry Valley,95981,39.58458,-121.093256
8519-QJGJD,Female,0,0,0,14,United States,California,Twain,95984,40.022184,-121.062384
6326-MTTXK,Male,0,0,0,8,United States,California,Yuba City,95993,39.075694,-121.70606
0330-IVZHA,Female,0,1,0,5,United States,California,Anderson,96007,40.448632,-122.306657
2886-KEFUM,Female,0,1,0,63,United States,California,Big Bend,96011,41.096569,-121.879082
4237-RLAQD,Male,0,0,0,1,United States,California,Callahan,96014,41.388397,-122.794636
9651-GTSAQ,Female,0,1,0,53,United States,California,Corning,96021,39.913777,-122.289984
3186-BAXNB,Female,0,0,0,1,United States,California,Cottonwood,96022,40.336392,-122.448533
0637-YLETY,Female,0,0,0,16,United States,California,Douglas City,96024,40.586588,-122.903677
1157-BQCUW,Male,0,0,0,1,United States,California,Fall River Mills,96028,41.017282,-121.468945
2660-EMUBI,Male,1,0,0,10,United States,California,Fort Jones,96032,41.5837,-122.935922
7675-OZCZG,Female,1,0,0,3,United States,California,Hayfork,96041,40.547857,-123.187265
2003-CKLOR,Male,0,0,0,66,United States,California,Igo,96047,40.524535,-122.647172
9254-RBFON,Female,0,1,0,17,United States,California,Klamath River,96050,41.816595,-122.948287
1205-WNWPJ,Female,0,0,0,7,United States,California,Lakehead,96051,40.883853,-122.418258
9391-EOYLI,Male,1,1,0,12,United States,California,Lewiston,96052,40.704293,-122.803899
8387-MOJJT,Female,0,1,0,42,United States,California,Nubieber,96068,41.082472,-121.195215
2761-OCIAX,Male,1,0,0,2,United States,California,Palo Cedro,96073,40.582399,-122.195512
3068-OMWZA,Male,1,0,0,1,United States,California,Round Mountain,96084,40.923558,-122.059933
6032-KRXXO,Male,0,0,0,30,United States,California,Seiad Valley,96086,41.924174,-123.260788
7459-RRWQZ,Female,0,0,0,15,United States,California,Shasta,96087,40.617614,-122.512861
4154-AQUGT,Male,1,1,0,13,United States,California,Vina,96092,39.955164,-122.018567
3092-IGHWF,Male,0,1,0,67,United States,California,Alturas,96101,41.468877,-120.54229
8017-LXHFA,Female,1,0,0,23,United States,California,Davis Creek,96108,41.750354,-120.403885
6352-TWCAU,Female,0,0,0,35,United States,California,Fort Bidwell,96112,41.932207,-120.135941
2929-QNSRW,Female,0,1,0,56,United States,California,Lake City,96115,41.729079,-120.225025
1262-OPMFY,Female,0,1,0,9,United States,California,Likely,96116,41.266008,-120.490731
4248-QPAVC,Female,1,1,0,17,United States,California,Portola,96122,39.786755,-120.445626
1899-VXWXM,Male,0,0,0,48,United States,California,Ravendale,96123,40.845738,-120.322219
4690-LLKUA,Male,1,0,0,17,United States,California,Topaz,96133,38.636052,-119.489162
3331-HQDTW,Female,0,0,0,34,United States,California,Homewood,96141,39.117018,-120.212535
9490-DFPMD,Female,1,0,0,42,United States,California,Tahoma,96142,39.061227,-120.179546
5442-XSDCW,Male,0,1,0,11,United States,California,Tahoe City,96145,39.178337,-120.162806
3049-NDXFL,Female,0,0,0,1,United States,California,South Lake Tahoe,96150,38.911577,-120.106169
8580-AECUZ,Male,1,0,0,1,United States,California,Truckee,96161,39.342498,-120.247127
7963-GQRMY,Female,0,1,0,3,United States,California,Los Angeles,90004,34.076259,-118.310715
1228-FZFRV,Male,0,1,0,50,United States,California,Los Angeles,90007,34.027337,-118.28515
2058-DCJBE,Male,0,0,0,5,United States,California,Los Angeles,90012,34.065875,-118.238728
5364-XYIRR,Male,0,1,0,51,United States,California,Los Angeles,90013,34.044639,-118.240413
4829-AUOAX,Female,0,0,0,46,United States,California,Los Angeles,90014,34.043144,-118.251977
5047-LHVLY,Male,1,0,0,1,United States,California,Los Angeles,90020,34.066367,-118.309868
9158-VCTQB,Female,0,1,0,41,United States,California,Los Angeles,90023,34.017697,-118.200577
6311-UEUME,Female,0,0,0,29,United States,California,Los Angeles,90025,34.046174,-118.446333
6839-ITVZJ,Female,0,1,0,26,United States,California,Los Angeles,90037,34.002642,-118.287596
0375-HVGXO,Female,0,0,0,1,United States,California,Los Angeles,90045,33.954017,-118.402447
8593-WHYHV,Male,0,0,0,3,United States,California,Los Angeles,90047,33.958149,-118.308441
6097-EQISJ,Female,0,1,0,66,United States,California,Los Angeles,90058,34.001617,-118.222274
4423-YLHDV,Female,0,1,0,21,United States,California,Los Angeles,90059,33.927254,-118.249826
0107-YHINA,Male,0,0,0,1,United States,California,Los Angeles,90062,34.003553,-118.308933
8640-SDGKB,Male,0,0,0,4,United States,California,Los Angeles,90066,34.002028,-118.430656
4116-TZAQJ,Female,0,0,0,9,United States,California,Culver City,90230,33.993991,-118.39704
3877-JRJIP,Male,0,0,0,1,United States,California,Hawthorne,90250,33.914775,-118.348083
8375-DKEBR,Female,1,0,0,1,United States,California,Hermosa Beach,90254,33.86532,-118.396336
7511-YMXVQ,Male,0,0,0,9,United States,California,Lynwood,90262,33.923573,-118.200669
7551-JOHTI,Female,0,0,0,1,United States,California,Malibu,90265,34.074572,-118.831181
9804-ICWBG,Male,0,0,0,1,United States,California,Pacific Palisades,90272,34.079449,-118.548306
5318-IXUZF,Female,0,0,0,2,United States,California,Redondo Beach,90277,33.830453,-118.384565
3198-VELRD,Female,0,1,0,3,United States,California,Marina Del Rey,90292,33.977468,-118.445475
9436-ZBZCT,Male,0,0,0,14,United States,California,Inglewood,90303,33.936291,-118.332639
7279-BUYWN,Female,1,0,0,41,United States,California,Buena Park,90620,33.845706,-118.012204
7156-MHUGY,Male,1,0,0,13,United States,California,Buena Park,90621,33.874224,-117.993368
7198-GLXTC,Male,0,0,0,2,United States,California,La Palma,90623,33.850504,-118.039892
0516-VRYBW,Female,0,0,0,18,United States,California,Stanton,90680,33.801869,-117.995068
8380-PEFPE,Male,0,0,0,1,United States,California,Avalon,90704,33.391181,-118.421305
5687-DKDTV,Female,0,0,0,4,United States,California,Bellflower,90706,33.887676,-118.127289
7530-HDYDS,Female,0,0,0,38,United States,California,Lakewood,90712,33.840524,-118.148403
3096-IZETN,Female,0,0,0,12,United States,California,Lomita,90717,33.794209,-118.317354
5922-ABDVO,Female,0,1,0,19,United States,California,Seal Beach,90740,33.75462,-118.071128
9172-ANCRX,Female,0,0,0,10,United States,California,Carson,90745,33.822295,-118.26411
6910-HADCM,Female,0,0,0,1,United States,California,Long Beach,90808,33.823943,-118.111335
4816-LXZYW,Female,0,0,0,23,United States,California,Long Beach,90810,33.819814,-118.222416
9606-PBKBQ,Male,1,1,0,32,United States,California,Long Beach,90813,33.781086,-118.199049
3536-IQCTX,Male,1,1,0,32,United States,California,South Pasadena,91030,34.110444,-118.156957
4911-BANWH,Female,0,0,0,31,United States,California,Sunland,91040,34.282704,-118.312929
8496-EJAUI,Male,0,0,0,19,United States,California,Tujunga,91042,34.296574,-118.244839
3132-TVFDZ,Male,1,1,0,57,United States,California,Glendale,91202,34.167926,-118.267539
8080-DDEMJ,Male,1,0,0,1,United States,California,Glendale,91204,34.136306,-118.26036
6365-MTGZX,Male,0,0,0,24,United States,California,Glendale,91206,34.162515,-118.203869
1349-WXNGG,Male,0,0,0,1,United States,California,Glendale,91207,34.182378,-118.262922
6990-YNRIO,Male,0,1,0,65,United States,California,Agoura Hills,91301,34.129058,-118.759788
0621-TWIEM,Male,0,0,0,10,United States,California,Newhall,91321,34.370378,-118.504118
2485-ITVKB,Female,0,1,0,2,United States,California,Northridge,91325,34.236683,-118.517588
3669-OYSJI,Male,0,0,0,1,United States,California,Porter Ranch,91326,34.281911,-118.556218
1612-EOHDH,Female,0,0,0,1,United States,California,Pacoima,91331,34.255442,-118.421314
6702-OHFWR,Male,1,0,0,1,United States,California,Reseda,91335,34.200175,-118.540958
4510-PYUSH,Female,1,0,0,38,United States,California,Sylmar,91342,34.321621,-118.399841
7517-SAWMO,Female,0,1,0,19,United States,California,Granada Hills,91344,34.291273,-118.505104
4143-HHPMK,Male,0,0,0,52,United States,California,Mission Hills,91345,34.266389,-118.459744
7054-LGEQW,Female,0,0,0,1,United States,California,Canyon Country,91351,34.422519,-118.420717
0923-PNFUB,Female,0,0,0,3,United States,California,Westlake Village,91361,34.130992,-118.894673
3494-JCHRQ,Male,0,0,0,1,United States,California,Van Nuys,91411,34.17847,-118.459472
6474-FVJLC,Male,0,0,0,2,United States,California,Sherman Oaks,91423,34.146957,-118.432138
8840-DQLGN,Female,1,1,0,35,United States,California,Burbank,91502,34.177267,-118.31003
4547-LYTDD,Female,0,0,0,16,United States,California,North Hollywood,91601,34.1692,-118.372498
6770-XUAGN,Female,0,1,0,1,United States,California,North Hollywood,91605,34.207295,-118.400022
4193-ORFCL,Female,1,0,0,1,United States,California,North Hollywood,91606,34.187599,-118.387125
7776-QWNFX,Male,1,1,0,30,United States,California,Chino,91710,33.990646,-117.663025
6689-TCZHQ,Female,1,0,0,5,United States,California,Claremont,91711,34.127621,-117.717863
3143-ILDAL,Male,0,0,0,56,United States,California,El Monte,91732,34.074492,-118.01462
4720-VSTSI,Female,0,0,0,44,United States,California,Monterey Park,91754,34.050322,-118.147037
3946-MHCZW,Male,0,0,0,1,United States,California,Ontario,91761,34.035602,-117.591528
6651-AZVTJ,Male,0,1,0,49,United States,California,Pomona,91768,34.067932,-117.785168
4566-GOLUK,Male,0,1,0,47,United States,California,Rosemead,91770,34.065108,-118.082791
2484-DGXPZ,Female,0,1,0,31,United States,California,San Dimas,91773,34.102119,-117.815532
4587-NUKOX,Female,0,0,0,3,United States,California,Walnut,91789,34.018354,-117.85492
0420-BWTPW,Male,0,0,0,8,United States,California,Chula Vista,91910,32.636792,-117.054989
8183-ONMXC,Female,0,0,0,2,United States,California,Chula Vista,91915,32.605012,-116.97595
9614-RMGHA,Male,0,1,0,65,United States,California,Dulzura,91917,32.622999,-116.687855
5054-IEXZT,Male,0,0,0,1,United States,California,Jacumba,91934,32.649787,-116.2237
5834-ASPWA,Male,0,0,0,1,United States,California,Jamul,91935,32.695681,-116.798386
3948-XHGNA,Male,0,0,0,24,United States,California,Bonsall,92003,33.290907,-117.202895
0565-IYCGT,Male,0,0,0,69,United States,California,Cardiff By The Sea,92007,33.015866,-117.272254
5445-UTODQ,Female,0,1,0,7,United States,California,Del Mar,92014,32.948262,-117.256086
1024-VRZHF,Male,0,1,0,11,United States,California,Encinitas,92024,33.054579,-117.25665
9497-QCMMS,Male,1,0,0,1,United States,California,Escondido,92026,33.21846,-117.116916
0348-SDKOL,Female,0,1,0,58,United States,California,La Jolla,92037,32.853743,-117.25034
4373-MAVJG,Female,0,1,0,14,United States,California,Oceanside,92056,33.194742,-117.29032
8901-HJXTF,Female,0,1,0,12,United States,California,Oceanside,92057,33.254497,-117.285879
5419-KLXBN,Female,0,1,0,25,United States,California,Palomar Mountain,92060,33.309852,-116.823091
3424-NMNBO,Male,1,1,0,58,United States,California,Pauma Valley,92061,33.313828,-116.940501
4514-GFCFI,Female,1,0,0,16,United States,California,Ramona,92065,33.044541,-116.833922
9828-AOQLM,Female,0,1,0,1,United States,California,San Marcos,92069,33.162624,-117.170863
8000-REIQB,Female,1,0,0,1,United States,California,Santee,92071,32.847336,-116.997605
7615-ESMYF,Female,0,1,0,2,United States,California,Valley Center,92082,33.25283,-116.986079
3858-VOBET,Male,0,0,0,23,United States,California,Vista,92083,33.17494,-117.242761
1447-PJGGA,Female,0,0,0,57,United States,California,San Diego,92101,32.72523,-117.171346
8565-CLBZW,Male,0,0,0,24,United States,California,San Diego,92102,32.716007,-117.117462
9139-WQQDY,Female,0,1,0,49,United States,California,San Diego,92103,32.747484,-117.166877
0224-HJAPT,Male,0,0,0,5,United States,California,San Diego,92104,32.741499,-117.127409
8086-OVPWV,Male,0,0,0,2,United States,California,San Diego,92105,32.741859,-117.090353
9430-FRQOC,Female,0,0,0,4,United States,California,San Diego,92106,32.71346,-117.236378
3074-GQWYX,Male,0,0,0,5,United States,California,San Diego,92108,32.774046,-117.142454
6845-RGTYS,Female,0,1,0,47,United States,California,San Diego,92110,32.76501,-117.19938
8861-HGGKB,Female,0,0,0,10,United States,California,San Diego,92115,32.762506,-117.07245
7065-YUNRY,Female,0,0,0,1,United States,California,San Diego,92117,32.825086,-117.199424
7694-VLBWQ,Male,0,1,0,67,United States,California,Coronado,92118,32.68674,-117.186612
4795-KTRTH,Female,1,1,0,5,United States,California,San Diego,92122,32.85723,-117.209774
6481-OGDOO,Male,0,1,0,67,United States,California,San Diego,92129,32.961064,-117.134917
3753-TSEMP,Female,0,1,0,15,United States,California,San Diego,92139,32.677716,-117.047666
8305-VHZBZ,Male,0,0,0,1,United States,California,San Diego,92154,32.578103,-117.012975
9172-JITSM,Female,0,1,0,26,United States,California,Palm Desert,92211,33.762759,-116.324817
6298-QDFNH,Male,0,0,0,22,United States,California,Banning,92220,33.936298,-116.849577
9961-JBNMK,Male,1,0,0,21,United States,California,Desert Center,92239,33.889605,-115.257009
6173-ITPWD,Male,0,1,0,47,United States,California,Heber,92249,32.730583,-115.501083
9734-UYXQI,Female,0,0,0,2,United States,California,Holtville,92250,32.811001,-115.152865
2189-UXTKY,Female,0,1,0,22,United States,California,La Quinta,92253,33.695532,-116.310571
4958-GZWIY,Male,0,1,0,7,United States,California,North Palm Springs,92258,33.906496,-116.569499
6356-ELRKD,Female,0,0,0,1,United States,California,Rancho Mirage,92270,33.763678,-116.429928
8624-GIOUT,Female,0,0,0,49,United States,California,Seeley,92273,32.790282,-115.689559
6179-GJPSO,Female,1,0,0,43,United States,California,Twentynine Palms,92277,34.17211,-115.769773
3177-LASXD,Female,0,0,0,1,United States,California,Westmorland,92281,33.03679,-115.60503
4897-QSUYC,Female,0,0,0,1,United States,California,Amboy,92304,34.559882,-115.637164
1084-UQCHV,Male,0,0,0,1,United States,California,Angelus Oaks,92305,34.1678,-116.86433
8290-YWKHZ,Female,1,1,0,32,United States,California,Apple Valley,92307,34.55082,-117.122396
2955-BJZHG,Male,0,1,0,17,United States,California,Apple Valley,92308,34.424926,-117.184503
3806-DXQOM,Female,0,0,0,4,United States,California,Baker,92309,35.28952,-116.092214
9300-RENDD,Male,0,0,0,1,United States,California,Cedar Glen,92321,34.255203,-117.175654
0761-AETCS,Female,0,0,0,1,United States,California,Colton,92324,34.030915,-117.273201
2153-MREFK,Female,0,1,0,37,United States,California,Fawnskin,92333,34.274846,-116.937581
3106-ULWFW,Female,0,1,0,8,United States,California,Fontana,92337,34.049671,-117.468896
0925-VYDLG,Female,0,0,0,3,United States,California,Ludlow,92338,34.702766,-116.093376
4349-GFQHK,Male,0,0,0,1,United States,California,Mentone,92359,34.103578,-117.04054
7802-EFKNY,Male,0,1,0,5,United States,California,Redlands,92374,34.064073,-117.166158
8035-BUYVG,Male,0,1,0,40,United States,California,Running Springs,92382,34.186211,-117.07683
9787-XVQIU,Male,0,0,0,1,United States,California,Sugarloaf,92386,34.243088,-116.830015
8945-MUQUF,Male,0,0,0,51,United States,California,Tecopa,92389,35.824572,-116.274755
8051-HJRLT,Female,1,0,0,1,United States,California,Wrightwood,92397,34.358321,-117.618263
3023-GFLBR,Female,0,1,0,33,United States,California,San Bernardino,92408,34.084909,-117.258107
0524-IAVZO,Female,0,1,0,30,United States,California,Anza,92539,33.527605,-116.666551
2737-YNGYW,Female,0,0,0,2,United States,California,Hemet,92543,33.739415,-116.968339
5159-YFPKQ,Female,0,0,0,2,United States,California,Moreno Valley,92551,33.88274,-117.224878
4021-RQSNY,Male,1,1,0,29,United States,California,Moreno Valley,92555,33.907361,-117.109972
9061-TIHDA,Male,1,1,0,13,United States,California,Murrieta,92563,33.581045,-117.14719
8699-ASUFO,Male,1,1,0,7,United States,California,Nuevo,92567,33.82769,-117.102244
7927-AUXBZ,Female,0,0,0,30,United States,California,Sun City,92586,33.707483,-117.200006
4695-WJZUE,Female,1,0,0,2,United States,California,Irvine,92606,33.703976,-117.824172
7619-ODSGN,Male,0,1,1,24,United States,California,Foothill Ranch,92610,33.698728,-117.67768
3988-RQIXO,Female,1,0,0,1,United States,California,Corona Del Mar,92625,33.600987,-117.862734
2514-GINMM,Male,0,0,0,1,United States,California,Dana Point,92629,33.477923,-117.705314
5931-FLJJF,Male,1,1,0,7,United States,California,Midway City,92655,33.744439,-117.98588
2659-VXMWZ,Male,0,1,0,67,United States,California,Newport Coast,92657,33.603282,-117.821841
3207-OYBWH,Male,1,1,0,57,United States,California,Newport Beach,92661,33.601309,-117.902304
4285-GYRQC,Female,0,1,0,7,United States,California,Newport Beach,92662,33.606336,-117.893042
7216-EWTRS,Female,1,1,0,1,United States,California,Newport Beach,92663,33.62251,-117.927024
8337-MSSXB,Female,0,0,0,14,United States,California,Trabuco Canyon,92679,33.631119,-117.567346
8182-BJDSI,Female,0,0,0,28,United States,California,Santa Ana,92705,33.766004,-117.786763
2528-HFYZX,Male,1,1,0,17,United States,California,Santa Ana,92706,33.765893,-117.881533
2482-CZGBB,Male,0,0,0,10,United States,California,Anaheim,92804,33.818,-117.974404
0866-QLSIR,Female,0,0,0,34,United States,California,Garden Grove,92843,33.764018,-117.931507
7181-BQYBV,Female,0,1,0,1,United States,California,Garden Grove,92845,33.782955,-118.026456
6204-IEUXJ,Female,0,0,0,3,United States,California,Yorba Linda,92886,33.897253,-117.792202
4529-CKBCL,Female,0,0,0,2,United States,California,Ventura,93001,34.360261,-119.306383
2506-CLAKW,Female,0,0,0,6,United States,California,Ventura,93003,34.279221,-119.221437
1583-IHQZE,Male,0,0,0,12,United States,California,Camarillo,93010,34.227846,-119.079903
0151-ONTOV,Female,0,0,0,1,United States,California,Moorpark,93021,34.312945,-118.858169
4140-MUHUG,Female,1,0,0,3,United States,California,Oak View,93022,34.404544,-119.302118
0320-JDNQG,Male,0,1,0,23,United States,California,Oxnard,93035,34.18454,-119.224666
7180-PISOG,Male,0,1,0,1,United States,California,Piru,93040,34.432843,-118.730106
3571-RFHAR,Male,0,0,0,65,United States,California,Santa Paula,93060,34.402343,-119.094824
9578-VRMNM,Female,0,0,0,16,United States,California,Summerland,93067,34.420998,-119.60137
1587-FKLZB,Male,1,1,0,66,United States,California,Santa Barbara,93101,34.419203,-119.710008
6140-QNRQQ,Male,0,0,0,1,United States,California,Santa Barbara,93103,34.438581,-119.685368
4307-KTUMW,Male,0,1,0,53,United States,California,Santa Barbara,93108,34.457541,-119.631072
5440-FLBQG,Male,1,1,0,69,United States,California,Santa Barbara,93110,34.437945,-119.77191
7470-MCQTK,Female,0,1,0,13,United States,California,Alpaugh,93201,35.869626,-119.498771
7488-MXJIV,Female,0,0,0,4,United States,California,Armona,93202,36.315979,-119.710852
2027-FECZV,Male,0,0,0,12,United States,California,Bodfish,93205,35.523991,-118.400432
2672-DZUOY,Male,0,0,0,1,United States,California,Buttonwillow,93206,35.451402,-119.488413
3870-MQAMG,Female,0,1,0,54,United States,California,Camp Nelson,93208,36.057458,-118.591951
4800-CZMPC,Female,0,1,0,48,United States,California,Delano,93215,35.772244,-119.209689
7377-DMMRI,Male,0,0,0,2,United States,California,Exeter,93221,36.301689,-119.018233
8949-JTMAY,Female,0,0,0,29,United States,California,Mc Kittrick,93251,35.38381,-119.730885
2774-LVQUS,Female,1,1,0,15,United States,California,Maricopa,93252,34.737031,-119.460557
3211-ILJTT,Male,0,1,0,17,United States,California,Taft,93268,35.184837,-119.402525
4612-THJBS,Female,1,0,0,56,United States,California,Terra Bella,93270,35.939068,-119.043666
4094-NSEDU,Female,1,0,0,21,United States,California,Tipton,93272,36.047414,-119.344304
5103-MHMHY,Female,0,0,1,1,United States,California,Los Osos,93402,35.279984,-120.824288
1846-XWOQN,Female,1,0,0,1,United States,California,Bradley,93426,35.842889,-121.004862
0235-KGSLC,Female,0,0,0,1,United States,California,Buellton,93427,34.631362,-120.238218
2884-GBPFB,Female,0,1,0,35,United States,California,Morro Bay,93442,35.369553,-120.763864
3757-NJYBX,Male,1,1,0,32,United States,California,Nipomo,93444,35.050345,-120.489599
5136-KCKGI,Female,0,1,0,33,United States,California,Templeton,93465,35.536115,-120.739231
3722-WPXTK,Male,0,0,0,1,United States,California,Benton,93512,37.653947,-118.231443
2929-ERCFZ,Female,0,1,0,8,United States,California,Independence,93526,36.869584,-118.189241
7548-SEPYI,Female,0,0,0,5,United States,California,Inyokern,93527,36.041315,-118.188235
8835-VSDSE,Female,0,1,0,2,United States,California,Johannesburg,93528,35.363339,-117.637641
1623-NLDOT,Female,0,1,0,42,United States,California,Lancaster,93534,34.727529,-118.153098
9898-KZQDZ,Female,1,1,0,40,United States,California,Lee Vining,93541,37.890145,-119.184087
5236-PERKL,Female,0,0,0,57,United States,California,Pearblossom,93553,34.445239,-117.894868
7854-FOKSF,Male,0,0,0,1,United States,California,Rosamond,93560,34.903052,-118.411251
2519-FAKOD,Male,0,0,0,38,United States,California,Tehachapi,93561,35.073777,-118.652112
8263-JQAIK,Male,1,0,0,2,United States,California,Palmdale,93591,34.598221,-117.79593
7089-IVVAZ,Female,0,0,0,8,United States,California,Cantua Creek,93608,36.488056,-120.407691
2205-YMZZJ,Male,1,0,0,7,United States,California,Clovis,93612,36.814539,-119.711868
1254-IZEYF,Female,1,0,0,31,United States,California,Cutler,93615,36.497895,-119.285484
9492-TOKRI,Female,0,0,0,18,United States,California,Dinuba,93618,36.523619,-119.386868
9221-OTIVJ,Female,1,0,0,14,United States,California,Dunlap,93621,36.789213,-119.140338
3325-FUYCG,Male,0,1,0,28,United States,California,Five Points,93624,36.397745,-120.119911
5908-QMGOE,Male,1,0,0,15,United States,California,Fowler,93625,36.625792,-119.672483
8481-YYXWG,Female,0,0,0,5,United States,California,Hume,93628,36.807595,-118.901544
2609-IAICY,Female,0,0,0,1,United States,California,North Fork,93643,37.244307,-119.470256
1740-CSDJP,Male,0,0,0,1,United States,California,Oakhurst,93644,37.648647,-119.231447
2636-OHFMN,Male,0,1,0,4,United States,California,Orosi,93647,36.600185,-119.175655
1323-OOEPC,Female,0,1,0,53,United States,California,Prather,93651,37.007238,-119.505661
0397-GZBBC,Male,1,1,0,59,United States,California,South Dos Palos,93665,36.959731,-120.653519
7641-EUYET,Male,1,1,0,46,United States,California,Tranquillity,93668,36.635661,-120.288644
9921-ZVRHG,Female,0,0,0,14,United States,California,Traver,93673,36.456091,-119.486225
4701-MLJPN,Male,0,0,0,31,United States,California,Fresno,93702,36.739385,-119.753649
9206-GVPEQ,Male,0,1,0,13,United States,California,Fresno,93706,36.654614,-119.903674
1596-BBVTG,Male,0,0,0,35,United States,California,Fresno,93711,36.833002,-119.82947
8433-WXGNA,Male,0,0,0,2,United States,California,Salinas,93906,36.722898,-121.633648
3707-GNWHM,Male,0,0,0,1,United States,California,Carmel Valley,93924,36.414611,-121.6386
8922-LIEGH,Female,1,0,0,25,United States,California,Jolon,93928,35.930782,-121.189757
8245-UMPYT,Female,1,0,0,16,United States,California,Lockwood,93932,35.989792,-121.055933
5186-SAMNZ,Male,1,0,0,1,United States,California,Marina,93933,36.689582,-121.758398
5373-SFODM,Male,1,1,0,36,United States,California,San Lucas,93954,36.125529,-120.864443
5766-ZJYBB,Male,0,0,0,1,United States,California,Brisbane,94005,37.684694,-122.40712
8931-GJJIQ,Female,0,0,0,9,United States,California,Burlingame,94010,37.57028,-122.365778
4277-PVRAN,Female,0,0,0,8,United States,California,Daly City,94014,37.691561,-122.445202
0022-TCJCI,Male,1,0,0,45,United States,California,Daly City,94015,37.680844,-122.48131
0203-HHYIJ,Male,0,0,0,25,United States,California,Atherton,94027,37.454924,-122.203168
0952-KMEEH,Male,0,0,0,13,United States,California,Mountain View,94043,37.419725,-122.062947
8178-EYZUO,Male,0,0,0,46,United States,California,San Francisco,94105,37.789168,-122.395009
5130-IEKQT,Male,1,0,0,25,United States,California,San Francisco,94109,37.794487,-122.42227
3230-WYKIR,Male,0,0,0,18,United States,California,San Francisco,94110,37.750021,-122.415201
0407-BDJKB,Male,0,1,0,60,United States,California,San Francisco,94114,37.758085,-122.434801
9600-UDOPK,Male,0,1,0,30,United States,California,San Francisco,94117,37.770533,-122.445121
4074-SJFFA,Female,0,0,0,1,United States,California,San Francisco,94122,37.760412,-122.484966
3269-ATYWD,Male,1,0,0,39,United States,California,San Francisco,94123,37.800254,-122.436975
4910-GMJOT,Female,0,0,0,1,United States,California,San Francisco,94129,37.797526,-122.464531
0354-WYROK,Female,1,1,0,31,United States,California,San Francisco,94130,37.820894,-122.369725
7576-OYWBN,Male,1,0,0,3,United States,California,San Mateo,94402,37.556634,-122.317723
5539-TMZLF,Male,1,0,0,1,United States,California,Concord,94520,38.013825,-122.039144
4323-SADQS,Male,0,1,1,7,United States,California,Concord,94521,37.971421,-121.971504
4446-BZKHU,Male,0,1,0,61,United States,California,Pleasant Hill,94523,37.95338,-122.076886
5202-IVJNU,Female,0,0,1,39,United States,California,Crockett,94525,38.049292,-122.228415
5976-JCJRH,Male,0,1,0,10,United States,California,Danville,94526,37.815459,-121.977203
0137-OCGAB,Female,0,0,0,1,United States,California,Fairfield,94533,38.287136,-122.02711
3351-NQLDI,Female,0,1,0,67,United States,California,Travis Afb,94535,38.265899,-121.939461
7593-JNWRU,Male,0,1,1,6,United States,California,Fremont,94538,37.505768,-121.962472
4588-YBNIB,Female,0,0,0,1,United States,California,Fremont,94539,37.516791,-121.899117
3336-JORSO,Female,1,0,0,33,United States,California,Hayward,94542,37.656695,-122.048361
5028-GZLDO,Male,0,0,0,2,United States,California,Moraga,94556,37.827946,-122.107185
6861-XWTWQ,Male,1,1,0,7,United States,California,Napa,94559,38.232389,-122.324944
6877-TJMBR,Male,0,1,0,1,United States,California,Orinda,94563,37.873916,-122.20522
6769-DCQLI,Male,0,0,0,52,United States,California,Pope Valley,94567,38.672708,-122.403219
2433-KMEAS,Male,0,0,0,22,United States,California,Dublin,94568,37.713926,-121.928425
2195-ZRVAX,Female,0,1,0,47,United States,California,Rodeo,94572,38.027218,-122.23463
3550-SAHFP,Female,0,0,0,33,United States,California,Saint Helena,94574,38.581354,-122.296283
2011-TRQYE,Male,0,0,0,18,United States,California,Deer Park,94576,38.554383,-122.474773
4873-ILOLJ,Male,0,0,0,24,United States,California,Sunol,94586,37.587494,-121.862856
2725-KXXWT,Male,0,1,0,1,United States,California,Vallejo,94589,38.161321,-122.271588
9565-DJPIB,Female,0,0,0,4,United States,California,Vallejo,94590,38.104705,-122.247387
8348-HFYIV,Male,0,0,0,2,United States,California,Oakland,94601,37.776523,-122.219268
6849-WLEYG,Male,0,0,1,1,United States,California,Emeryville,94608,37.83726,-122.287648
4659-NZRUF,Female,0,0,0,19,United States,California,Oakland,94609,37.834341,-122.26437
8429-XIBUM,Male,0,0,0,22,United States,California,Oakland,94618,37.84551,-122.235181
2608-BHKFN,Female,0,0,0,4,United States,California,Berkeley,94703,37.863843,-122.275684
7341-LXCAF,Male,0,1,0,4,United States,California,Berkeley,94705,37.858898,-122.240512
9462-MJUAW,Male,0,0,0,4,United States,California,Berkeley,94708,37.897743,-122.263124
8128-YVJRG,Female,0,0,0,7,United States,California,Berkeley,94709,37.878554,-122.26609
4283-FUTGF,Male,1,0,0,19,United States,California,El Sobrante,94803,37.963995,-122.288296
1569-TTNYJ,Male,0,1,0,5,United States,California,Richmond,94805,37.941456,-122.320968
2397-BRLOM,Male,1,1,0,8,United States,California,San Rafael,94901,37.972662,-122.491452
4749-VFKVB,Female,0,0,0,1,United States,California,Inverness,94937,38.099323,-122.945723
7598-UAASY,Male,0,1,0,2,United States,California,Marshall,94940,38.129308,-122.834815
7938-OUHIO,Male,0,0,0,3,United States,California,Mill Valley,94941,37.901371,-122.572024
8510-AWCXC,Female,1,0,0,13,United States,California,Novato,94945,38.135897,-122.563683
0431-APWVY,Female,0,1,0,28,United States,California,Novato,94949,38.067204,-122.524004
3426-NIYYL,Male,0,0,0,15,United States,California,Sausalito,94965,37.848641,-122.515692
8225-BTJAU,Male,1,0,0,10,United States,California,Stinson Beach,94970,37.921137,-122.657562
3387-VATUS,Male,0,0,0,5,United States,California,Aromas,95004,36.878364,-121.629781
1143-NMNQJ,Female,0,0,0,2,United States,California,Boulder Creek,95006,37.171727,-122.142961
0415-MOSGF,Female,0,0,0,1,United States,California,Los Gatos,95030,37.222842,-121.988727
1724-BQUHA,Male,1,0,0,5,United States,California,Los Gatos,95032,37.233034,-121.947427
4826-XTSOH,Male,1,1,0,1,United States,California,Moss Landing,95039,36.863303,-121.781632
2495-INZWQ,Male,0,0,0,4,United States,California,San Juan Bautista,95045,36.810568,-121.503022
4139-SUGLD,Male,0,1,1,31,United States,California,Santa Clara,95054,37.393554,-121.965114
6857-VWJDT,Female,0,0,0,1,United States,California,Santa Cruz,95060,36.993451,-122.098858
5624-BQSSA,Female,0,0,0,1,United States,California,Santa Cruz,95065,37.031404,-121.981865
2408-WITXK,Female,1,0,0,10,United States,California,San Jose,95110,37.34667,-121.910019
5577-OTWWW,Female,0,0,0,15,United States,California,San Jose,95120,37.186141,-121.843554
6100-QQHEB,Male,0,1,0,17,United States,California,San Jose,95121,37.304681,-121.809955
2634-HCZGT,Male,1,1,0,53,United States,California,San Jose,95126,37.327069,-121.916819
7503-QQRVF,Male,1,1,0,16,United States,California,San Jose,95127,37.375156,-121.795867
2691-NZETQ,Male,0,0,0,9,United States,California,San Jose,95130,37.277592,-121.986477
4404-HIBDJ,Female,0,0,0,25,United States,California,San Jose,95131,37.387027,-121.897775
7295-JOMMD,Female,0,0,0,4,United States,California,San Jose,95135,37.28682,-121.723877
5013-SBUIH,Female,0,0,0,50,United States,California,Stockton,95202,37.959706,-121.287669
0709-TVGUR,Female,1,0,0,9,United States,California,Stockton,95207,38.002125,-121.324979
6023-YEBUP,Male,0,0,0,3,United States,California,Stockton,95210,38.033219,-121.297433
7209-JCUDS,Male,0,0,0,10,United States,California,Stockton,95212,38.049457,-121.21653
3001-CBHLQ,Male,1,1,0,32,United States,California,Angels Camp,95222,38.071327,-120.632221
6158-DWPZT,Male,0,1,0,9,United States,California,Avery,95224,38.208336,-120.339938
3763-GCZHZ,Male,0,1,0,66,United States,California,Hathaway Pines,95233,38.184914,-120.364085
0772-GYEQQ,Male,0,0,0,3,United States,California,Lodi,95240,38.123544,-121.159078
4831-EOBFE,Male,0,1,0,29,United States,California,Mountain Ranch,95246,38.264262,-120.515133
4102-OQUPX,Male,1,1,0,1,United States,California,Sheep Ranch,95250,38.244806,-120.417301
9170-GYZJC,Female,0,1,1,41,United States,California,Vallecito,95251,38.055562,-120.456298
3999-QGRJH,Male,1,0,0,8,United States,California,Ballico,95303,37.4695,-120.672724
2454-RPBRZ,Female,1,1,0,12,United States,California,Catheys Valley,95306,37.394411,-120.127262
2002-MZHWP,Female,0,0,0,1,United States,California,Delhi,95315,37.422961,-120.765493
2265-CYWIV,Female,1,1,0,4,United States,California,Hickman,95323,37.605926,-120.69955
2004-OCQXK,Female,0,0,0,1,United States,California,Merced,95348,37.40122,-120.514191
5027-QPKTE,Male,0,1,0,7,United States,California,Modesto,95350,37.671806,-121.007575
2672-HUYVI,Female,0,0,0,6,United States,California,Newman,95360,37.343846,-121.039391
7508-MYBOG,Male,0,1,0,14,United States,California,Patterson,95363,37.410236,-121.320337
0148-DCDOS,Male,0,0,0,25,United States,California,Planada,95365,37.329725,-120.306399
9992-RRAMN,Male,0,1,0,22,United States,California,Riverbank,95367,37.734971,-120.954271
0310-MVLET,Female,0,1,0,61,United States,California,Snelling,95369,37.521708,-120.426843
4550-VBOFE,Male,1,1,0,70,United States,California,Soulsbyville,95372,37.990574,-120.261821
5696-QURRL,Male,0,0,0,1,United States,California,Waterford,95386,37.669516,-120.626964
7409-KIUTL,Female,1,0,0,1,United States,California,Westley,95387,37.546007,-121.28257
1732-VHUBQ,Female,1,1,0,47,United States,California,Yosemite National Park,95389,37.704267,-119.607001
0495-RVCBF,Female,0,0,0,1,United States,California,Santa Rosa,95401,38.460517,-122.790335
7854-EDSSA,Male,0,0,0,22,United States,California,Santa Rosa,95404,38.526941,-122.709096
8869-TORSS,Female,0,0,0,48,United States,California,Santa Rosa,95405,38.439696,-122.668817
0679-IDSTG,Female,1,1,0,1,United States,California,Branscomb,95417,39.710591,-123.682799
2115-BFTIW,Male,0,0,0,25,United States,California,Clearlake Oaks,95423,39.07116,-122.598542
0611-DFXKO,Male,0,1,0,20,United States,California,Comptche,95427,39.239818,-123.565432
7780-OTDSO,Male,0,1,0,18,United States,California,Covelo,95428,39.83307,-123.178765
9747-DDZOS,Female,0,0,0,1,United States,California,Eldridge,95431,38.348884,-122.51699
0564-JJHGS,Male,0,0,0,9,United States,California,Guerneville,95446,38.52576,-123.013347
3348-CFRNX,Female,0,1,0,28,United States,California,Healdsburg,95448,38.618347,-122.908422
1428-GTBJJ,Male,0,0,0,11,United States,California,Jenner,95450,38.505995,-123.187019
8802-UNOJF,Male,1,0,0,12,United States,California,Philo,95466,39.094102,-123.500853
6313-GIDIT,Male,1,0,0,53,United States,California,Point Arena,95468,38.911299,-123.609588
2845-AFFTX,Male,1,1,0,41,United States,California,Westport,95488,39.724433,-123.767578
2249-YPRNG,Female,0,1,0,20,United States,California,The Sea Ranch,95497,38.696659,-123.436861
7410-YTJIK,Female,0,0,0,7,United States,California,Eureka,95501,40.796621,-124.15428
4626-GYCZP,Male,0,0,0,7,United States,California,Eureka,95503,40.737431,-124.108897
5590-BYNII,Male,0,0,0,22,United States,California,Bayside,95524,40.825486,-124.049485
3237-AJGEH,Female,0,1,1,3,United States,California,Bridgeville,95526,40.372532,-123.525626
1591-NFNLQ,Male,0,0,0,51,United States,California,Crescent City,95531,41.701223,-124.003393
2815-CPTUL,Male,1,0,0,5,United States,California,Gasquet,95543,41.867908,-123.794144
0596-BQCEQ,Female,0,1,0,62,United States,California,Hydesville,95547,40.557314,-124.081662
1481-ZUWZA,Male,0,0,0,28,United States,California,Klamath,95548,41.572813,-124.035011
2309-OSFEU,Male,0,0,0,10,United States,California,Smith River,95567,41.950683,-124.097094
1891-FZYSA,Male,1,1,0,69,United States,California,Piercy,95587,39.955587,-123.681175
7613-LLQFO,Male,0,0,0,12,United States,California,Amador City,95601,38.431407,-120.8421
2640-PMGFL,Male,0,0,0,27,United States,California,West Sacramento,95605,38.592745,-121.540036
3801-HMYNL,Male,0,1,0,1,United States,California,Brooks,95606,38.809804,-122.241383
9685-WKZGT,Male,1,0,0,14,United States,California,Carmichael,95608,38.626128,-121.328011
6022-UGGSO,Female,1,0,0,32,United States,California,Citrus Heights,95610,38.69508,-121.271616
4484-CGXFK,Female,0,0,0,3,United States,California,El Dorado,95623,38.63153,-120.842609
6214-EDAKZ,Female,0,1,1,22,United States,California,Elverta,95626,38.734997,-121.463719
6127-ISGTU,Female,0,1,0,16,United States,California,Garden Valley,95633,38.852544,-120.837669
8740-XLHDR,Male,0,0,0,5,United States,California,Greenwood,95635,38.921333,-120.897718
1208-DNHLN,Male,0,1,0,23,United States,California,Grizzly Flats,95636,38.636102,-120.522149
1761-AEZZR,Male,0,0,0,1,United States,California,Guinda,95637,38.830739,-122.196202
3923-CSIHK,Female,1,1,0,50,United States,California,Herald,95638,38.313447,-121.123886
7120-RFMVS,Male,0,0,0,1,United States,California,Isleton,95641,38.154823,-121.601358
7317-GGVPB,Male,0,1,0,71,United States,California,Lotus,95651,38.815515,-120.916997
1322-AGOQM,Male,0,0,0,46,United States,California,Mather,95655,38.549822,-121.266725
3677-IYRBF,Female,1,0,0,2,United States,California,Newcastle,95658,38.883224,-121.15918
5692-FPTAH,Female,0,0,0,1,United States,California,Nicolaus,95659,38.788898,-121.608624
1550-LOAHA,Female,0,1,0,32,United States,California,Orangevale,95662,38.689174,-121.218435
0268-QKIWO,Female,0,0,0,3,United States,California,Pilot Hill,95664,38.803731,-121.043799
0876-WDUUZ,Female,0,0,0,5,United States,California,Pine Grove,95665,38.400264,-120.641274
0617-FHSGK,Male,0,0,0,49,United States,California,Rancho Cordova,95670,38.602723,-121.279913
2858-MOFSQ,Female,0,0,0,17,United States,California,Rio Oso,95674,38.954144,-121.482536
8118-LSUEL,Male,1,0,0,23,United States,California,Roseville,95678,38.759751,-121.288545
7005-CCBKV,Male,0,0,0,6,United States,California,Thornton,95686,38.157794,-121.520223
4250-FDVOU,Female,0,0,0,6,United States,California,Woodland,95695,38.71967,-121.862416
5277-ZLOOR,Female,1,0,0,2,United States,California,Applegate,95703,38.983388,-120.988814
2141-RRYGO,Female,0,0,0,4,United States,California,Camino,95709,38.748316,-120.675512
6376-GAHQE,Male,0,0,0,4,United States,California,Dutch Flat,95714,39.197215,-120.83679
5052-PNLOS,Male,0,0,0,3,United States,California,Echo Lake,95721,38.851842,-120.076204
6979-ZNSFF,Female,0,0,0,8,United States,California,Pollock Pines,95726,38.733908,-120.453416
2386-LAHRK,Male,0,0,0,1,United States,California,Weimar,95736,39.00978,-120.978273
6032-IGALN,Female,0,0,0,1,United States,California,Granite Bay,95746,38.749466,-121.184196
4248-HCETZ,Male,1,1,0,30,United States,California,Sacramento,95814,38.584505,-121.491956
0516-WJVXC,Female,0,0,0,5,United States,California,Sacramento,95818,38.556306,-121.495817
9174-FKWZE,Female,1,0,0,1,United States,California,Sacramento,95819,38.567594,-121.437507
8809-RIHDD,Male,0,1,0,72,United States,California,Sacramento,95827,38.549185,-121.328386
4822-NGOCH,Female,0,0,0,13,United States,California,Sacramento,95831,38.494832,-121.529447
5307-DZCVC,Female,1,1,0,32,United States,California,Sacramento,95835,38.685069,-121.543709
8679-JOEVF,Female,1,0,0,16,United States,California,Sacramento,95838,38.646096,-121.442433
1432-FPAXX,Female,0,0,0,29,United States,California,Beale Afb,95903,39.125311,-121.392283
4803-AXVYP,Female,1,0,0,38,United States,California,Butte City,95920,39.449794,-121.936372
3884-HCSWG,Female,0,0,0,17,United States,California,Camptonville,95922,39.432127,-121.099287
5077-DXTCG,Female,0,0,0,1,United States,California,Challenge,95925,39.461768,-121.195825
1142-WACZW,Male,0,0,0,2,United States,California,Chico,95926,39.745712,-121.84333
5649-ANRML,Male,1,0,0,2,United States,California,Clipper Mills,95930,39.562239,-121.14836
4892-VLANZ,Male,0,0,0,1,United States,California,Colusa,95932,39.273096,-122.050763
2919-HBCJO,Female,0,0,0,4,United States,California,Downieville,95936,39.578792,-120.780786
4236-XPXAV,Female,0,1,0,5,United States,California,Dunnigan,95937,38.931425,-121.946081
3030-YZADT,Male,0,0,0,9,United States,California,Grass Valley,95949,39.099204,-121.137962
7410-KTVFV,Male,0,1,0,18,United States,California,Grimes,95950,39.033058,-121.895718
8393-DLHGA,Male,0,0,0,25,United States,California,Palermo,95968,39.435756,-121.552071
7395-IGJOS,Male,1,1,0,17,United States,California,Quincy,95971,39.971228,-121.041166
2834-SPCJV,Male,0,1,0,52,United States,California,Rough And Ready,95975,39.225634,-121.156163
7890-VYYWG,Male,1,1,0,3,United States,California,Sutter,95982,39.172777,-121.805845
9907-SWKKF,Female,1,0,0,1,United States,California,Twain,95984,40.022184,-121.062384
0587-DMGBH,Female,0,0,0,8,United States,California,Willows,95988,39.493991,-122.286363
6397-JNZZG,Female,1,1,0,43,United States,California,Adin,96006,41.171578,-120.913161
3523-QRQLL,Female,0,1,0,22,United States,California,Bieber,96009,41.083464,-121.107929
0895-DQHEW,Male,0,1,0,54,United States,California,Burney,96013,40.946785,-121.719489
8149-RSOUN,Female,0,0,0,1,United States,California,Dorris,96023,41.949216,-122.050062
7250-EQKIY,Female,0,1,1,1,United States,California,Fort Jones,96032,41.5837,-122.935922
4013-UBXWQ,Female,0,0,0,7,United States,California,Hayfork,96041,40.547857,-123.187265
5519-NPHVG,Female,0,0,0,12,United States,California,Klamath River,96050,41.816595,-122.948287
8849-GYOKR,Female,0,1,0,54,United States,California,Mineral,96063,40.408796,-121.579609
3148-BLQJT,Male,0,0,0,1,United States,California,Montague,96064,41.759864,-122.379175
0461-CVKMU,Female,0,1,0,23,United States,California,Oak Run,96069,40.689243,-122.037023
8806-EAGWC,Male,0,0,0,3,United States,California,Old Station,96071,40.656287,-121.428965
7779-LGOVN,Male,1,1,0,10,United States,California,Paskenta,96074,39.884395,-122.587513
9710-ZUSHQ,Female,1,0,0,37,United States,California,Red Bluff,96080,40.186772,-122.388361
4183-WCSEP,Male,0,0,0,31,United States,California,Weaverville,96093,40.759401,-122.939337
5498-TXHLF,Female,0,1,0,34,United States,California,Whitmore,96096,40.637105,-121.906949
9722-UJOJR,Male,0,1,0,29,United States,California,Blairsden Graeagle,96103,39.783747,-120.661032
3902-FOIGH,Male,1,1,0,12,United States,California,Doyle,96109,40.012675,-120.101857
6772-KSATR,Male,0,0,0,1,United States,California,Eagleville,96110,41.280341,-120.150381
7112-OPOTK,Male,0,0,0,33,United States,California,Fort Bidwell,96112,41.932207,-120.135941
4210-QFJMF,Female,0,0,0,4,United States,California,Lake City,96115,41.729079,-120.225025
3318-OSATS,Male,1,0,0,35,United States,California,Sierra City,96125,39.600599,-120.636358
5828-AVIPD,Male,0,1,0,19,United States,California,Sierraville,96126,39.559709,-120.345639
1086-LXKFY,Female,0,1,0,1,United States,California,Westwood,96137,40.271535,-121.018087
2636-ALXXZ,Female,1,0,0,1,United States,California,Tahoe Vista,96148,39.24124,-120.054765
7774-OJSXI,Male,0,0,0,31,United States,California,South Lake Tahoe,96150,38.911577,-120.106169
7786-WBJYI,Female,0,0,0,4,United States,California,Truckee,96161,39.342498,-120.247127
9885-CSMWE,Female,1,0,0,1,United States,California,Los Angeles,90007,34.027337,-118.28515
5016-ETTFF,Male,0,0,0,10,United States,California,Los Angeles,90016,34.028331,-118.354338
3866-MDTUB,Female,0,0,0,2,United States,California,Los Angeles,90017,34.052842,-118.264495
8058-JMEQO,Female,1,0,0,9,United States,California,Los Angeles,90020,34.066367,-118.309868
0697-ZMSWS,Male,0,0,0,4,United States,California,Los Angeles,90023,34.017697,-118.200577
7657-DYEPJ,Male,1,0,0,38,United States,California,Los Angeles,90024,34.066303,-118.435479
8276-MQBYC,Male,1,0,0,51,United States,California,Los Angeles,90028,34.099869,-118.326843
7593-XFKDI,Male,0,0,0,1,United States,California,Los Angeles,90031,34.085807,-118.206617
0337-CNPZE,Female,0,0,0,41,United States,California,Los Angeles,90033,34.050198,-118.210946
1513-XNPPH,Female,0,0,0,12,United States,California,Los Angeles,90037,34.002642,-118.287596
6015-VVHHE,Female,1,0,0,5,United States,California,Los Angeles,90039,34.110845,-118.259595
6347-DCUIK,Male,0,0,0,10,United States,California,Los Angeles,90043,33.988543,-118.334081
0897-FEGMU,Female,0,1,0,11,United States,California,Los Angeles,90048,34.072945,-118.37267
7663-RGWBC,Male,0,0,0,1,United States,California,Los Angeles,90049,34.091829,-118.491244
1120-BMWUB,Female,0,0,0,16,United States,California,Los Angeles,90056,33.987945,-118.370442
9124-LHCJQ,Female,0,0,0,1,United States,California,Los Angeles,90057,34.061918,-118.277939
2235-ZGKPT,Female,0,1,1,4,United States,California,Los Angeles,90062,34.003553,-118.308933
3891-PUQOD,Female,0,0,1,1,United States,California,Los Angeles,90063,34.044271,-118.185237
0689-NKYLF,Male,0,0,0,13,United States,California,Los Angeles,90066,34.002028,-118.430656
3658-KIBGF,Female,0,0,0,1,United States,California,Los Angeles,90068,34.137411,-118.328915
5519-YLDGW,Female,0,1,0,21,United States,California,Los Angeles,90071,34.052917,-118.255178
4946-EDSEW,Female,0,1,1,11,United States,California,Compton,90221,33.885811,-118.206459
2516-VQRRV,Female,1,0,0,2,United States,California,Culver City,90230,33.993991,-118.39704
7580-UGXNC,Female,1,0,0,2,United States,California,Culver City,90232,34.019323,-118.391902
5178-LMXOP,Male,1,1,0,1,United States,California,Gardena,90248,33.876482,-118.284077
8185-UPYBR,Male,0,1,0,6,United States,California,Hermosa Beach,90254,33.86532,-118.396336
4585-HETAI,Female,0,1,0,4,United States,California,Huntington Park,90255,33.97803,-118.217141
7526-BEZQB,Male,0,0,0,12,United States,California,Lawndale,90260,33.88856,-118.351813
4951-UKAAQ,Female,0,0,0,4,United States,California,Inglewood,90302,33.975332,-118.355252
2108-YKQTY,Female,0,0,0,4,United States,California,Santa Monica,90403,34.031529,-118.491156
4918-QLLIW,Male,0,0,0,3,United States,California,Santa Monica,90405,34.005439,-118.477507
7056-IMHCC,Male,1,1,0,53,United States,California,Torrance,90501,33.833699,-118.314387
1625-JAIIY,Female,0,1,0,68,United States,California,Torrance,90505,33.807882,-118.347957
2947-DOMLJ,Male,0,0,1,1,United States,California,Buena Park,90621,33.874224,-117.993368
4112-LUEIZ,Male,0,0,0,10,United States,California,La Palma,90623,33.850504,-118.039892
4510-HIMLV,Male,0,0,0,1,United States,California,La Habra,90631,33.940619,-117.9513
8749-JMNKX,Male,1,1,0,51,United States,California,Montebello,90640,34.015217,-118.109962
2430-USGXP,Male,0,1,0,24,United States,California,Santa Fe Springs,90670,33.933565,-118.062611
5955-ERIHD,Male,0,1,0,18,United States,California,Lakewood,90712,33.840524,-118.148403
0917-EZOLA,Male,1,1,0,72,United States,California,Lakewood,90713,33.847755,-118.112532
5949-EBSQK,Male,0,1,1,4,United States,California,Sunset Beach,90742,33.719221,-118.073596
7274-RTAPZ,Male,0,0,0,1,United States,California,Long Beach,90804,33.783047,-118.1486
0311-UNPFF,Female,0,0,0,26,United States,California,Long Beach,90807,33.830099,-118.182239
3834-XUIFC,Male,0,0,0,7,United States,California,Long Beach,90814,33.771612,-118.143866
8414-MYSHR,Male,1,0,0,5,United States,California,Arcadia,91007,34.128284,-118.047732
7599-FKVXZ,Male,0,1,0,42,United States,California,South Pasadena,91030,34.110444,-118.156957
8229-TNIQA,Female,0,0,0,4,United States,California,Pasadena,91105,34.13946,-118.166649
6221-AVQYL,Male,0,0,0,2,United States,California,Glendale,91203,34.153338,-118.262974
7743-EXURX,Male,0,1,1,8,United States,California,Glendale,91208,34.195386,-118.238508
5569-KGJHX,Female,0,1,0,9,United States,California,Canoga Park,91303,34.19829,-118.602203
4988-IQIGL,Male,1,0,0,1,United States,California,Canoga Park,91304,34.224377,-118.632656
7730-IUTDZ,Male,0,0,0,43,United States,California,Chatsworth,91311,34.294142,-118.603883
0426-TIRNE,Female,0,0,0,1,United States,California,Encino,91316,34.150354,-118.518292
7587-RZNME,Male,0,0,0,3,United States,California,Valencia,91355,34.43987,-118.644609
0748-RDGGM,Male,0,1,0,70,United States,California,Tarzana,91356,34.157137,-118.548511
4706-AXVKM,Female,1,0,0,11,United States,California,Stevenson Ranch,91381,34.364153,-118.615583
5889-JTMUL,Female,1,1,0,50,United States,California,Castaic,91384,34.506627,-118.699048
9026-RNUJS,Male,1,0,0,5,United States,California,Van Nuys,91401,34.178483,-118.431791
3746-EUBYR,Male,0,1,0,1,United States,California,Panorama City,91402,34.223768,-118.445461
2332-EFBJY,Male,0,0,0,16,United States,California,Sherman Oaks,91403,34.147149,-118.463365
9474-PHLYD,Female,0,0,0,15,United States,California,Sherman Oaks,91423,34.146957,-118.432138
2165-VOEGB,Female,0,0,0,46,United States,California,Burbank,91501,34.188339,-118.300942
2219-MVUSO,Male,0,0,0,8,United States,California,North Hollywood,91601,34.1692,-118.372498
8914-RBTSB,Male,0,1,0,31,United States,California,Valley Village,91607,34.165783,-118.399795
0963-ZBDRN,Male,0,0,0,32,United States,California,Claremont,91711,34.127621,-117.717863
7594-RQHXR,Female,0,0,0,1,United States,California,Covina,91722,34.097345,-117.906736
6331-EWIEB,Male,0,0,0,20,United States,California,El Monte,91731,34.079934,-118.046695
5998-VVEJY,Male,0,0,0,26,United States,California,Glendora,91741,34.14649,-117.849815
1624-NALOJ,Male,1,0,0,5,United States,California,La Puente,91744,34.031441,-117.936436
4317-VTEOA,Male,0,0,0,1,United States,California,Rowland Heights,91748,33.976753,-117.897367
1670-SVOWZ,Female,0,1,0,14,United States,California,Mira Loma,91752,33.999992,-117.535395
7541-YLXCL,Male,0,0,0,36,United States,California,Pomona,91767,34.083086,-117.737997
0260-ZDLGK,Female,0,0,1,9,United States,California,San Dimas,91773,34.102119,-117.815532
8722-NGNBH,Male,0,0,0,5,United States,California,Walnut,91789,34.018354,-117.85492
6210-KBBPI,Male,1,0,0,9,United States,California,West Covina,91790,34.066964,-117.937007
0133-BMFZO,Female,0,0,0,2,United States,California,Alhambra,91803,34.074736,-118.145959
6128-CZOMY,Female,0,0,0,1,United States,California,Alpine,91901,32.827184,-116.703729
9540-JYROE,Male,0,0,0,8,United States,California,Bonita,91902,32.67117,-117.00232
2260-USTRB,Female,1,0,0,2,United States,California,Campo,91906,32.673483,-116.472863
3656-TKRVZ,Female,0,0,0,3,United States,California,Chula Vista,91910,32.636792,-117.054989
8623-TMRBY,Male,1,1,0,51,United States,California,Chula Vista,91915,32.605012,-116.97595
1501-SGHBW,Male,0,0,0,2,United States,California,Guatay,91931,32.857946,-116.561917
3208-YPIOE,Male,0,0,0,39,United States,California,La Mesa,91942,32.782501,-117.01611
2612-RANWT,Female,0,0,0,12,United States,California,Mount Laguna,91948,32.830852,-116.444601
6900-PXRMS,Male,1,1,0,26,United States,California,Spring Valley,91978,32.730264,-116.950963
3346-BRMIS,Female,1,1,0,18,United States,California,Bonsall,92003,33.290907,-117.202895
2933-FILNV,Female,0,1,1,2,United States,California,Carlsbad,92009,33.098018,-117.258203
9986-BONCE,Female,0,0,0,4,United States,California,Fallbrook,92028,33.362575,-117.299644
2722-JMONI,Female,1,1,0,1,United States,California,Escondido,92029,33.079834,-117.134275
4083-EUGRJ,Male,0,0,0,9,United States,California,Oceanside,92057,33.254497,-117.285879
7579-OOPEC,Female,1,1,0,2,United States,California,Pala,92059,33.384345,-117.072619
1771-OADNZ,Male,1,1,0,29,United States,California,Pauma Valley,92061,33.313828,-116.940501
0612-RTZZA,Female,1,0,0,1,United States,California,Vista,92084,33.22784,-117.200024
6410-LEFEN,Female,0,0,0,9,United States,California,San Diego,92108,32.774046,-117.142454
3194-ORPIK,Female,0,1,0,50,United States,California,San Diego,92113,32.697098,-117.116587
8816-VXNZD,Female,0,0,0,1,United States,California,Coronado,92118,32.68674,-117.186612
9378-FXTIZ,Female,0,1,0,54,United States,California,San Diego,92119,32.802959,-117.027095
1723-HKXJQ,Male,0,0,0,42,United States,California,San Diego,92120,32.807867,-117.060993
7825-GKXMW,Female,0,0,0,1,United States,California,San Diego,92121,32.898613,-117.202937
1240-KNSEZ,Male,0,0,0,1,United States,California,San Diego,92127,33.017518,-117.118456
0836-SEYLU,Male,0,1,0,9,United States,California,San Diego,92128,33.000269,-117.072093
4433-JCGCG,Male,1,1,0,46,United States,California,San Diego,92129,32.961064,-117.134917
3716-BDVDB,Male,0,0,0,1,United States,California,San Diego,92130,32.957195,-117.202542
5899-MQZZL,Female,0,0,0,13,United States,California,San Ysidro,92173,32.555828,-117.040073
6849-OYAMU,Male,0,1,0,19,United States,California,Indio,92201,33.713891,-116.237257
9488-HGMJH,Female,1,0,0,1,United States,California,Indian Wells,92210,33.537646,-116.291089
6038-GCYEC,Female,0,0,0,24,United States,California,Palm Desert,92211,33.762759,-116.324817
1150-WFARN,Female,0,1,0,67,United States,California,Brawley,92227,33.03933,-115.191857
3144-AUDBS,Female,0,1,0,6,United States,California,Calexico,92231,32.690654,-115.431225
5616-PRTNT,Male,0,0,1,20,United States,California,Desert Center,92239,33.889605,-115.257009
4818-QIUFN,Female,1,0,0,20,United States,California,Desert Hot Springs,92241,33.832799,-116.250973
6961-VCPMC,Male,1,1,0,46,United States,California,North Palm Springs,92258,33.906496,-116.569499
6688-UZPWD,Female,0,1,0,11,United States,California,Palm Springs,92262,33.839989,-116.659215
2839-RFSQE,Female,0,0,0,2,United States,California,Rancho Mirage,92270,33.763678,-116.429928
0968-GSIKN,Female,0,0,0,1,United States,California,Thousand Palms,92276,33.849263,-116.382778
1965-DDBWU,Male,0,0,0,16,United States,California,Twentynine Palms,92277,34.17211,-115.769773
9057-SIHCH,Female,0,0,0,3,United States,California,Twentynine Palms,92278,34.457829,-116.139589
6771-XWBDM,Female,0,1,0,57,United States,California,White Water,92282,33.972293,-116.654195
8601-QACRS,Female,0,0,0,5,United States,California,Apple Valley,92307,34.55082,-117.122396
2391-SOORI,Male,0,0,1,4,United States,California,Big Bear City,92314,34.278967,-116.773825
2645-QTLMB,Male,0,0,0,7,United States,California,Bloomington,92316,34.059722,-117.39104
4806-HIPDW,Female,0,1,0,1,United States,California,Calimesa,92320,33.982787,-117.057627
4424-TKOPW,Male,1,0,0,2,United States,California,Crestline,92325,34.248061,-117.29028
8443-ZRDBZ,Male,0,0,0,4,United States,California,Fontana,92336,34.136367,-117.460803
9136-ALYBR,Male,0,0,0,1,United States,California,Fontana,92337,34.049671,-117.468896
7479-NITWS,Male,0,0,0,7,United States,California,Green Valley Lake,92341,34.244411,-117.072654
2959-MJHIC,Male,0,1,0,4,United States,California,Hinkley,92347,34.983808,-117.239306
4201-JMNGR,Female,1,0,0,1,United States,California,Lucerne Valley,92356,34.508417,-116.856103
5960-WPXQM,Male,0,0,0,1,United States,California,Newberry Springs,92365,34.89326,-116.505958
0684-AOSIH,Male,0,1,0,1,United States,California,Oro Grande,92368,34.647959,-117.296957
8260-NGFNY,Female,0,0,0,1,United States,California,Phelan,92371,34.441123,-117.537886
1866-RZZQS,Male,1,0,0,41,United States,California,Redlands,92373,34.003243,-117.138286
8631-NBHFZ,Male,1,1,0,66,United States,California,Running Springs,92382,34.186211,-117.07683
4958-XCBDQ,Male,1,0,0,35,United States,California,Victorville,92394,34.567058,-117.362329
8337-UPOAQ,Male,1,1,0,10,United States,California,Wrightwood,92397,34.358321,-117.618263
1725-IQNIY,Male,0,1,0,54,United States,California,San Bernardino,92401,34.105935,-117.2914
6598-RFFVI,Male,0,0,0,2,United States,California,San Bernardino,92405,34.142747,-117.300864
6712-OAWRH,Female,1,0,0,26,United States,California,San Bernardino,92408,34.084909,-117.258107
8614-VGMMV,Female,0,0,0,15,United States,California,Riverside,92503,33.890046,-117.455583
2930-UOTMB,Female,0,0,0,31,United States,California,Riverside,92506,33.930931,-117.361788
5914-DVBWJ,Female,1,0,0,18,United States,California,Riverside,92508,33.885499,-117.324959
2533-QVMSK,Male,0,1,0,61,United States,California,March Air Reserve Base,92518,33.888323,-117.277533
8644-XLFBW,Male,1,0,0,1,United States,California,Lake Elsinore,92532,33.705836,-117.318204
8625-AZYZY,Male,0,1,0,24,United States,California,Anza,92539,33.527605,-116.666551
9306-CPCBC,Female,0,0,0,3,United States,California,Moreno Valley,92555,33.907361,-117.109972
1833-VGRUM,Female,1,0,0,1,United States,California,Perris,92570,33.787298,-117.320676
8374-XGEJJ,Male,1,1,0,43,United States,California,Temecula,92590,33.475493,-117.219551
2656-TABEH,Male,0,1,0,4,United States,California,Temecula,92591,33.540604,-117.10909
6946-LMSQS,Male,1,1,0,25,United States,California,Temecula,92592,33.507255,-117.029473
2325-ZUSFD,Female,0,1,0,57,United States,California,Irvine,92602,33.720359,-117.733655
3932-CMDTD,Female,0,0,0,4,United States,California,Foothill Ranch,92610,33.698728,-117.67768
4039-HEUNW,Male,1,1,0,36,United States,California,Irvine,92620,33.716136,-117.752574
0812-WUPTB,Male,1,1,0,1,United States,California,Corona Del Mar,92625,33.600987,-117.862734
3594-UVONA,Female,0,0,0,35,United States,California,Costa Mesa,92626,33.678591,-117.905471
0004-TLHLJ,Male,0,0,0,4,United States,California,Costa Mesa,92627,33.645672,-117.922613
5089-IFSDP,Female,0,1,0,58,United States,California,Huntington Beach,92647,33.723579,-118.005441
4817-VYYWS,Female,0,0,0,30,United States,California,Silverado,92676,33.782346,-117.635263
1396-QWFBJ,Female,0,1,0,21,United States,California,Rancho Santa Margarita,92688,33.624654,-117.611733
5299-SJCZT,Male,0,0,0,3,United States,California,Ladera Ranch,92694,33.569186,-117.640055
2403-BCASL,Male,1,1,0,41,United States,California,Santa Ana,92705,33.766004,-117.786763
2898-LSJGD,Female,0,1,0,21,United States,California,Santa Ana,92707,33.714829,-117.872941
7359-PTSXY,Male,0,0,0,1,United States,California,Tustin,92780,33.735802,-117.818805
4503-BDXBD,Male,0,0,0,11,United States,California,Anaheim,92808,33.850452,-117.726668
6086-ESGRL,Female,0,0,0,1,United States,California,Brea,92821,33.930199,-117.862898
3886-CERTZ,Female,0,1,0,72,United States,California,Fullerton,92831,33.879983,-117.895482
5759-RCVCB,Female,0,0,0,3,United States,California,Orange,92869,33.792791,-117.789749
6372-RFVNS,Female,0,1,0,1,United States,California,Placentia,92870,33.881158,-117.854783
8938-UMKPI,Female,0,0,0,47,United States,California,Corona,92882,33.819385,-117.600213
0991-BRRFB,Male,0,0,0,18,United States,California,Corona,92883,33.762351,-117.488725
3871-IKPYH,Male,1,0,0,1,United States,California,Camarillo,93010,34.227846,-119.079903
6319-IEJWJ,Male,0,1,0,20,United States,California,Camarillo,93012,34.205504,-118.993111
9025-AOMKI,Female,0,0,0,6,United States,California,Carpinteria,93013,34.441398,-119.513163
5275-SQEIZ,Male,0,0,0,1,United States,California,Ojai,93023,34.581308,-118.931948
7716-YTYHG,Female,0,1,0,48,United States,California,Oxnard,93030,34.223244,-119.18012
4390-KYULV,Male,0,1,0,3,United States,California,Piru,93040,34.432843,-118.730106
1304-NECVQ,Female,1,0,0,2,United States,California,Somis,93066,34.297628,-119.014627
8945-GRKHX,Female,0,0,0,1,United States,California,Santa Barbara,93110,34.437945,-119.77191
6959-UWKHF,Male,0,0,0,1,United States,California,Alpaugh,93201,35.869626,-119.498771
3815-SLMEF,Female,0,0,0,3,United States,California,Avenal,93204,35.916943,-120.129921
5154-VEKBL,Female,0,0,0,9,United States,California,Bodfish,93205,35.523991,-118.400432
5655-JSMZM,Male,1,0,0,49,United States,California,Coalinga,93210,36.186867,-120.387793
4505-EXZHB,Female,1,0,0,6,United States,California,Ducor,93218,35.846067,-119.004073
4587-VVTOX,Female,0,1,0,6,United States,California,Frazier Park,93222,34.907911,-119.234281
4652-NNHNY,Male,0,1,0,16,United States,California,Fellows,93224,35.215731,-119.57013
8972-HJWNV,Female,1,1,0,7,United States,California,Huron,93234,36.217864,-120.080117
8515-OCTJS,Female,0,0,0,25,United States,California,Lemoore,93245,36.303666,-119.825657
2860-RANUS,Female,1,0,0,20,United States,California,Mc Kittrick,93251,35.38381,-119.730885
5261-QSHQM,Female,0,0,0,4,United States,California,Maricopa,93252,34.737031,-119.460557
8868-WOZGU,Male,0,0,0,28,United States,California,Porterville,93257,36.008958,-118.891593
1334-FJSVR,Male,0,0,0,1,United States,California,Sequoia National Park,93262,36.527243,-118.594938
7625-XCQRH,Female,0,0,0,11,United States,California,Strathmore,93267,36.141319,-119.129075
1731-TVIUK,Female,0,0,0,4,United States,California,Tipton,93272,36.047414,-119.344304
0406-BPDVR,Female,1,1,0,54,United States,California,Visalia,93277,36.303793,-119.375646
0618-XWMSS,Male,0,0,0,28,United States,California,Wasco,93280,35.652242,-119.4464
5276-KQWHG,Female,1,0,0,2,United States,California,Woody,93287,35.710244,-118.881679
2565-JSLRY,Male,0,0,0,1,United States,California,Bakersfield,93306,35.449881,-118.841442
6689-KXGBO,Female,0,0,0,1,United States,California,San Luis Obispo,93401,35.233745,-120.626442
6615-NGGZJ,Male,0,0,0,14,United States,California,Buellton,93427,34.631362,-120.238218
4255-DDUOU,Female,0,1,1,1,United States,California,Casmalia,93429,34.866032,-120.536546
2984-MIIZL,Male,0,0,0,4,United States,California,Guadalupe,93434,34.936,-120.594655
5590-YRFJT,Female,0,1,0,20,United States,California,Lompoc,93437,34.757477,-120.550507
3677-TNKIO,Female,0,0,0,14,United States,California,Templeton,93465,35.536115,-120.739231
9667-EQRXU,Female,1,0,0,30,United States,California,Boron,93516,34.95703,-117.73045
3329-WDIOK,Female,0,0,0,3,United States,California,Edwards,93523,34.966777,-117.961179
2873-ZLIWT,Female,0,1,0,40,United States,California,Inyokern,93527,36.041315,-118.188235
3415-TAILE,Female,0,1,1,2,United States,California,Johannesburg,93528,35.363339,-117.637641
1915-IOFGU,Female,0,0,0,1,United States,California,Keene,93531,35.214982,-118.59049
3045-XETSH,Female,0,0,0,10,United States,California,Lake Hughes,93532,34.659579,-118.584212
7239-HZZCX,Male,0,0,0,1,United States,California,Lancaster,93535,34.712708,-117.889656
7683-CBDKJ,Male,0,1,1,14,United States,California,Palmdale,93550,34.536232,-118.082935
0946-CLJTI,Male,1,1,0,58,United States,California,Palmdale,93551,34.613476,-118.256358
0628-CNQRM,Male,0,1,0,22,United States,California,Ridgecrest,93555,35.603913,-117.67828
7665-TOALD,Female,0,0,0,1,United States,California,Trona,93562,35.74837,-117.384948
0112-QWPNC,Male,0,1,0,49,United States,California,Valyermo,93563,34.39583,-117.734568
0324-BRPCJ,Female,1,1,0,68,United States,California,Palmdale,93591,34.598221,-117.79593
2777-PHDEI,Female,0,0,0,1,United States,California,Ahwahnee,93601,37.375816,-119.739935
1196-AMORA,Male,0,0,0,7,United States,California,Big Creek,93605,37.17277,-119.2997
4282-YMKNA,Female,0,0,0,9,United States,California,Biola,93606,36.798882,-120.019511
5356-RHIPP,Male,0,0,0,1,United States,California,Dinuba,93618,36.523619,-119.386868
9189-JWSHV,Female,1,1,0,24,United States,California,Helm,93627,36.520537,-120.118055
0746-JTRFU,Male,0,0,0,2,United States,California,Kingsburg,93631,36.478239,-119.52137
0576-WNXXC,Male,1,1,0,27,United States,California,Parlier,93648,36.622237,-119.521126
4628-CTTLA,Male,0,0,0,57,United States,California,Sanger,93657,36.819628,-119.440414
2876-VBBBL,Female,0,0,0,1,United States,California,Shaver Lake,93664,37.223,-119.001021
6834-NXDCA,Female,0,0,0,13,United States,California,South Dos Palos,93665,36.959731,-120.653519
5597-GLBUC,Female,0,0,0,1,United States,California,Squaw Valley,93675,36.719141,-119.202677
2748-MYRVK,Female,0,0,0,63,United States,California,Fresno,93702,36.739385,-119.753649
4822-YCXMX,Male,0,0,0,25,United States,California,Fresno,93705,36.78724,-119.827813
9821-POOTN,Male,0,1,0,35,United States,California,Fresno,93711,36.833002,-119.82947
6559-ILWKJ,Male,0,1,0,71,United States,California,Fresno,93722,36.78979,-119.929894
4229-CZMLL,Male,0,0,0,6,United States,California,Salinas,93901,36.64152,-121.622188
3663-MITLP,Female,0,0,0,15,United States,California,Marina,93933,36.689582,-121.758398
9025-ZRPVR,Male,0,0,0,9,United States,California,Pacific Grove,93950,36.618337,-121.926417
3285-UCQVC,Female,0,0,0,37,United States,California,Seaside,93955,36.625114,-121.823565
5482-PLVPE,Female,1,0,0,2,United States,California,Daly City,94014,37.691561,-122.445202
4902-OHLSK,Female,1,0,0,29,United States,California,Half Moon Bay,94019,37.45567,-122.407992
0495-ZBNGW,Male,1,1,0,5,United States,California,Loma Mar,94021,37.266388,-122.26308
2357-COQEK,Female,1,0,0,28,United States,California,Atherton,94027,37.454924,-122.203168
3737-GCSPV,Female,0,1,0,11,United States,California,Millbrae,94030,37.601248,-122.403099
4088-YLDSU,Male,0,1,0,55,United States,California,Redwood City,94062,37.410567,-122.297152
2034-CGRHZ,Male,1,0,0,24,United States,California,San Francisco,94104,37.791222,-122.402241
5797-APWZC,Female,0,0,0,1,United States,California,San Francisco,94105,37.789168,-122.395009
3683-QKIUE,Female,0,0,0,6,United States,California,San Francisco,94107,37.768881,-122.395521
4228-ZGYUW,Male,0,0,0,4,United States,California,San Francisco,94108,37.791998,-122.408653
3519-ZKXGG,Female,0,1,0,3,United States,California,San Francisco,94123,37.800254,-122.436975
6416-TVAIH,Male,0,1,0,1,United States,California,San Francisco,94127,37.736535,-122.45732
5108-ADXWO,Male,0,0,0,11,United States,California,San Francisco,94130,37.820894,-122.369725
3066-RRJIO,Female,0,0,0,1,United States,California,San Francisco,94132,37.722302,-122.491129
6715-OFDBP,Male,0,0,0,5,United States,California,Palo Alto,94304,37.386978,-122.177746
1567-DSCIC,Male,0,0,0,8,United States,California,San Mateo,94401,37.590421,-122.306467
2150-UWTFY,Female,0,1,1,22,United States,California,San Mateo,94402,37.556634,-122.317723
2683-BPJSO,Male,0,1,0,29,United States,California,Byron,94514,37.83323,-121.601461
2157-MXBJS,Male,0,1,0,13,United States,California,Calistoga,94515,38.629618,-122.593216
9360-AHGNL,Female,1,1,0,43,United States,California,Concord,94519,37.990118,-122.012188
1087-UDSIH,Female,0,0,0,3,United States,California,Concord,94520,38.013825,-122.039144
5485-WUYWF,Male,1,0,0,2,United States,California,Crockett,94525,38.049292,-122.228415
2632-UCGVD,Male,1,1,0,66,United States,California,Fairfield,94533,38.287136,-122.02711
5445-PZWGX,Male,0,0,0,62,United States,California,Travis Afb,94535,38.265899,-121.939461
9170-CCKOU,Male,0,1,0,17,United States,California,Fremont,94539,37.516791,-121.899117
1043-YCUTE,Male,0,1,0,56,United States,California,Hayward,94544,37.639215,-122.037554
3814-MLAXC,Female,0,0,0,31,United States,California,Hayward,94545,37.62984,-122.120843
1226-UDFZR,Female,0,0,0,2,United States,California,Lafayette,94549,37.907777,-122.127161
6425-YQLLO,Female,1,1,0,66,United States,California,Pinole,94564,37.996462,-122.293716
5442-UTCVD,Male,0,0,0,3,United States,California,Pittsburg,94565,38.006047,-121.916834
7734-DBOAI,Female,0,1,1,1,United States,California,Pope Valley,94567,38.672708,-122.403219
2091-RFFBA,Female,1,0,0,31,United States,California,Port Costa,94569,38.035707,-122.196821
2114-MGINA,Female,0,0,0,14,United States,California,Rio Vista,94571,38.148862,-121.737696
4489-SNOJF,Female,0,1,1,35,United States,California,Deer Park,94576,38.554383,-122.474773
6899-PPEEA,Female,1,0,0,37,United States,California,Vallejo,94590,38.104705,-122.247387
2187-LZGPL,Female,0,0,0,7,United States,California,Walnut Creek,94596,37.900662,-122.052782
4597-NUCQV,Male,1,0,0,24,United States,California,Oakland,94601,37.776523,-122.219268
9019-QVLZD,Female,0,0,0,1,United States,California,Oakland,94602,37.803883,-122.208417
3707-LRWZD,Female,0,0,0,32,United States,California,Oakland,94611,37.828416,-122.216005
1455-ESIQH,Male,0,0,0,1,United States,California,Oakland,94619,37.787186,-122.14633
2979-SXESE,Female,0,1,0,17,United States,California,Berkeley,94703,37.863843,-122.275684
4013-TLDHQ,Male,0,0,0,19,United States,California,Berkeley,94704,37.871416,-122.246597
3754-DXMRT,Male,1,0,0,2,United States,California,San Pablo,94806,37.980269,-122.342635
7130-VTEWQ,Female,1,0,0,8,United States,California,San Rafael,94903,38.018065,-122.546024
6121-VZNQB,Female,0,0,0,1,United States,California,Bolinas,94924,37.943087,-122.72379
7903-CMPEY,Male,1,1,0,1,United States,California,Corte Madera,94925,37.924014,-122.511694
6996-KNSML,Female,0,0,0,1,United States,California,Cotati,94931,38.326215,-122.718742
1704-NRWYE,Female,1,0,0,9,United States,California,Point Reyes Station,94956,38.060264,-122.830646
2592-SEIFQ,Male,0,0,0,3,United States,California,San Anselmo,94960,37.99272,-122.575026
7481-ATQQS,Female,1,0,0,49,United States,California,Boulder Creek,95006,37.171727,-122.142961
8642-GVWRF,Female,0,1,0,2,United States,California,Capitola,95010,36.977025,-121.952864
3400-ESFUW,Male,0,1,0,55,United States,California,Cupertino,95014,37.306612,-122.080621
2057-ZBLPD,Female,0,1,0,21,United States,California,Los Gatos,95032,37.233034,-121.947427
5502-RLUYV,Female,0,1,0,69,United States,California,Milpitas,95035,37.441931,-121.878502
0023-HGHWL,Male,1,0,0,1,United States,California,Morgan Hill,95037,37.161544,-121.649371
9039-RBEEE,Male,0,0,0,39,United States,California,Santa Clara,95050,37.351214,-121.952417
8417-FMLZI,Male,0,1,0,6,United States,California,Santa Cruz,95060,36.993451,-122.098858
1792-UXAFY,Female,1,0,0,17,United States,California,San Jose,95110,37.34667,-121.910019
0515-YPMCW,Male,0,0,0,1,United States,California,San Jose,95116,37.350284,-121.852855
0378-XSZPU,Male,0,1,0,58,United States,California,San Jose,95117,37.311088,-121.961786
4729-XKASR,Male,0,0,1,1,United States,California,San Jose,95123,37.238758,-121.828375
5449-FIBXJ,Male,0,1,0,19,United States,California,San Jose,95127,37.375156,-121.795867
9837-BMCLM,Male,0,0,0,3,United States,California,Stockton,95202,37.959706,-121.287669
0137-UDEUO,Female,0,0,0,3,United States,California,Stockton,95204,37.974498,-121.319568
6161-UUUTA,Male,1,0,0,3,United States,California,Stockton,95206,37.902422,-121.440029
6543-XRMYR,Female,1,0,0,30,United States,California,Stockton,95209,38.044523,-121.348048
4925-LMHOK,Male,0,0,0,15,United States,California,Stockton,95212,38.049457,-121.21653
1455-UGQVH,Male,0,1,0,10,United States,California,Acampo,95220,38.200231,-121.235034
8280-MQRQN,Female,0,0,0,1,United States,California,Arnold,95223,38.32153,-120.236358
2037-SGXHH,Male,0,1,0,38,United States,California,Campo Seco,95226,38.233879,-120.861666
3178-FESZO,Female,0,0,0,1,United States,California,Clements,95227,38.227285,-121.02789
6087-MVHJH,Female,0,0,0,16,United States,California,French Camp,95231,37.873283,-121.292034
4603-JANFB,Male,0,0,0,1,United States,California,Glencoe,95232,38.358464,-120.579304
3018-TFTSU,Male,0,0,0,12,United States,California,Hathaway Pines,95233,38.184914,-120.364085
4806-KEXQR,Male,0,0,0,4,United States,California,Lockeford,95237,38.166791,-121.14207
7083-YNSKY,Female,0,0,0,15,United States,California,Lodi,95242,38.128087,-121.4078
2479-BRAMR,Male,1,1,0,41,United States,California,Murphys,95247,38.147852,-120.440124
7434-SHXLS,Female,0,0,0,1,United States,California,Wallace,95254,38.192608,-120.957842
7908-QCBCA,Female,0,1,0,1,United States,California,Atwater,95301,37.321233,-120.656354
6711-FLDFB,Female,0,0,0,7,United States,California,Big Oak Flat,95305,37.818589,-120.256995
3714-JTVOV,Female,1,1,0,42,United States,California,Crows Landing,95313,37.435664,-121.049056
4702-IOQDC,Female,0,0,0,1,United States,California,Gustine,95322,37.147198,-121.120161
6178-KFNHS,Female,0,0,0,12,United States,California,Hughson,95326,37.5923,-120.853288
1264-BYWMS,Male,0,0,0,55,United States,California,La Grange,95329,37.666587,-120.411517
9658-WYUFB,Female,0,0,0,17,United States,California,Lathrop,95330,37.80821,-121.308401
2013-SGDXK,Female,0,0,0,1,United States,California,Mariposa,95338,37.526791,-119.99437
8580-QVLOC,Female,1,1,0,72,United States,California,Merced,95348,37.40122,-120.514191
2012-NWRPA,Female,1,1,0,11,United States,California,Modesto,95355,37.672906,-120.946594
8808-ELEHO,Male,1,0,0,8,United States,California,Modesto,95356,37.716186,-121.025836
3506-LCJDC,Male,0,1,1,1,United States,California,Modesto,95358,37.612612,-121.108568
3934-HXCFZ,Male,0,1,0,23,United States,California,Pinecrest,95364,38.224869,-119.755729
7666-WKRON,Female,0,0,0,39,United States,California,Riverbank,95367,37.734971,-120.954271
4910-AQFFX,Male,0,1,0,9,United States,California,Soulsbyville,95372,37.990574,-120.261821
2154-KVJFF,Female,0,0,0,15,United States,California,Stevinson,95374,37.316807,-120.855753
9647-ERGBE,Female,0,1,0,30,United States,California,Turlock,95380,37.474396,-120.875917
3428-XZMAZ,Male,0,0,0,1,United States,California,Turlock,95382,37.529656,-120.854357
0378-TOVMS,Female,0,0,0,3,United States,California,Vernalis,95385,37.609095,-121.263381
4355-HBJHH,Male,0,1,0,67,United States,California,Waterford,95386,37.669516,-120.626964
9058-CBREO,Female,1,0,0,1,United States,California,Winton,95388,37.421299,-120.599587
0318-QUUOB,Male,0,1,0,1,United States,California,Santa Rosa,95403,38.488431,-122.752839
5520-FVEWJ,Female,0,1,0,12,United States,California,Santa Rosa,95405,38.439696,-122.668817
5572-ZDXHY,Female,0,0,0,22,United States,California,Santa Rosa,95409,38.468893,-122.580539
3750-CKVKH,Male,0,0,0,2,United States,California,Clearlake Oaks,95423,39.07116,-122.598542
8063-GBATB,Female,1,0,0,27,United States,California,Cobb,95426,38.838088,-122.73203
4547-KQRTM,Female,0,0,0,10,United States,California,Eldridge,95431,38.348884,-122.51699
4877-EVATK,Male,0,0,0,1,United States,California,Elk,95432,39.108252,-123.645121
7639-SUPCW,Female,0,0,0,22,United States,California,Glen Ellen,95442,38.368744,-122.522642
1069-XAIEM,Female,1,0,0,1,United States,California,Mendocino,95460,39.305545,-123.743697
4658-HCOHW,Female,0,1,0,21,United States,California,Redwood Valley,95470,39.298065,-123.25211
3440-JPSCL,Female,0,0,0,6,United States,California,Sonoma,95476,38.25485,-122.461799
2889-FPWRM,Male,0,1,0,72,United States,California,Mckinleyville,95519,40.965011,-124.015255
6987-XQSJT,Female,1,0,0,54,United States,California,Blue Lake,95525,40.94338,-123.831799
4290-BSXUX,Male,0,1,0,3,United States,California,Fields Landing,95537,40.726949,-124.217378
0325-XBFAC,Male,0,0,0,8,United States,California,Hoopa,95546,41.163637,-123.704841
2462-XIIJB,Male,0,0,0,5,United States,California,Miranda,95553,40.210895,-123.86
4760-XOHVN,Female,0,1,1,1,United States,California,Myers Flat,95554,40.267158,-123.805913
7817-BOQPW,Female,0,0,0,2,United States,California,Rio Dell,95562,40.485849,-124.163234
1853-UDXBW,Male,0,1,0,1,United States,California,Samoa,95564,40.809636,-124.189977
5458-CQJTA,Male,0,1,0,65,United States,California,Smith River,95567,41.950683,-124.097094
5219-YIPTK,Female,0,1,0,33,United States,California,Trinidad,95570,41.162295,-124.027381
3540-RZJYU,Female,0,0,0,15,United States,California,Zenia,95595,40.170357,-123.417298
2091-MJTFX,Female,0,1,1,30,United States,California,Auburn,95602,38.99003,-121.114408
0883-EIBTI,Female,0,0,0,2,United States,California,Clarksburg,95612,38.384648,-121.578701
0722-TROQR,Female,1,0,0,4,United States,California,Davis,95616,38.508735,-121.678813
7571-YXDAD,Female,0,0,0,2,United States,California,Davis,95618,38.544002,-121.685559
3393-FMZPV,Female,0,0,0,25,United States,California,Elverta,95626,38.734997,-121.463719
6402-ZFPPI,Female,1,0,0,25,United States,California,Fair Oaks,95628,38.652065,-121.25441
7486-KSRVI,Male,0,0,0,43,United States,California,Folsom,95630,38.672638,-121.147403
8443-WVPSS,Male,0,1,0,10,United States,California,Galt,95632,38.274451,-121.259201
3006-XIMLN,Female,0,0,0,2,United States,California,Garden Valley,95633,38.852544,-120.837669
9965-YOKZB,Male,1,0,0,9,United States,California,Grizzly Flats,95636,38.636102,-120.522149
0504-HHAPI,Female,1,0,0,27,United States,California,Guinda,95637,38.830739,-122.196202
6305-YLBMM,Male,0,0,0,69,United States,California,Hood,95639,38.375325,-121.507935
3647-GMGDH,Male,0,1,0,22,United States,California,Jackson,95642,38.336216,-120.76901
3791-LGQCY,Female,1,1,0,56,United States,California,Loomis,95650,38.809175,-121.171375
8166-ZZTFS,Female,1,1,0,66,United States,California,Roseville,95661,38.736685,-121.251984
2956-GGUCQ,Male,1,1,0,24,United States,California,Pioneer,95666,38.546999,-120.271114
6595-COKXZ,Female,0,0,0,1,United States,California,Plymouth,95669,38.489273,-120.891614
0362-ZBZWJ,Male,0,0,0,36,United States,California,Thornton,95686,38.157794,-121.520223
4211-MMAZN,Male,0,0,0,1,United States,California,Vacaville,95688,38.419088,-122.024568
4274-OWWYO,Male,0,0,0,1,United States,California,Walnut Grove,95690,38.240419,-121.587535
1541-ETJZO,Male,0,0,0,1,United States,California,Wheatland,95692,39.043387,-121.409837
4106-HADHQ,Male,0,1,0,39,United States,California,Emigrant Gap,95715,39.23754,-120.720196
2369-UAPKZ,Male,0,0,0,5,United States,California,Meadow Vista,95722,39.003358,-121.022539
2778-OCLGR,Male,1,1,0,24,United States,California,Soda Springs,95728,39.279068,-120.414275
0637-KVDLV,Male,0,0,0,2,United States,California,Elk Grove,95758,38.35363,-121.44195
6633-MPWBS,Male,0,0,0,5,United States,California,Woodland,95776,38.694081,-121.694431
8785-EPNCG,Male,0,0,0,11,United States,California,Sacramento,95815,38.608405,-121.449942
5729-KLZAR,Female,0,1,0,4,United States,California,Sacramento,95817,38.550722,-121.457314
1582-RAFML,Male,0,0,0,1,United States,California,Sacramento,95821,38.625096,-121.383658
8740-CRYFY,Male,0,0,0,1,United States,California,Sacramento,95823,38.475465,-121.443625
2962-XPMCQ,Male,0,0,0,2,United States,California,Sacramento,95828,38.486938,-121.395805
1678-FYZOW,Female,0,0,0,3,United States,California,Sacramento,95835,38.685069,-121.543709
8627-EHGIP,Male,0,0,0,44,United States,California,Sacramento,95838,38.646096,-121.442433
5480-TBGPH,Female,0,1,0,24,United States,California,Sacramento,95842,38.687367,-121.34848
8854-CCVSQ,Male,0,0,0,18,United States,California,Browns Valley,95918,39.292334,-121.320597
0511-JTEOY,Female,0,0,0,1,United States,California,Canyon Dam,95923,40.171312,-121.120605
7067-KSAZT,Female,1,1,0,65,United States,California,Chico,95928,39.681488,-121.83721
6532-YLWSI,Female,0,1,0,53,United States,California,Crescent Mills,95934,40.080342,-120.957805
9300-AGZNL,Male,1,0,0,1,United States,California,Elk Creek,95939,39.53222,-122.594879
1112-CUNAO,Female,1,0,0,15,United States,California,Grimes,95950,39.033058,-121.895718
5175-AOBHI,Female,0,0,0,4,United States,California,Hamilton City,95951,39.732767,-122.042298
5174-RNGBH,Female,0,0,0,9,United States,California,Live Oak,95953,39.258746,-121.77697
7270-BDIOA,Female,0,0,0,22,United States,California,Maxwell,95955,39.281194,-122.226568
9565-JSNFM,Male,0,0,0,38,United States,California,Meadow Valley,95956,39.937017,-121.058043
0607-DAAHE,Male,0,0,0,53,United States,California,Olivehurst,95961,39.082568,-121.55325
9732-KPKBW,Male,0,0,0,1,United States,California,Oroville,95966,39.473896,-121.415927
3389-YGYAI,Female,1,0,0,8,United States,California,Princeton,95970,39.424957,-122.039307
9560-ARGQJ,Female,0,0,0,16,United States,California,Quincy,95971,39.971228,-121.041166
5134-IKDAY,Female,0,1,0,1,United States,California,Twain,95984,40.022184,-121.062384
3070-DVEYC,Male,1,0,0,7,United States,California,Williams,95987,39.117537,-122.284654
5707-ORNDZ,Male,1,0,0,9,United States,California,Yuba City,95993,39.075694,-121.70606
8696-JKZNU,Female,1,0,0,37,United States,California,Anderson,96007,40.448632,-122.306657
5380-AFSSK,Female,0,0,0,5,United States,California,Bella Vista,96008,40.722733,-122.109666
2055-PDADH,Female,1,0,0,3,United States,California,Big Bend,96011,41.096569,-121.879082
8714-EUHJO,Female,0,1,0,31,United States,California,Castella,96017,41.121108,-122.336613
3721-CNEYS,Female,0,0,0,2,United States,California,Douglas City,96024,40.586588,-122.903677
2568-OIADY,Female,0,1,0,37,United States,California,Fort Jones,96032,41.5837,-122.935922
1193-RTSLK,Female,0,0,0,38,United States,California,Happy Camp,96039,41.831901,-123.487478
2302-ANTDP,Female,1,1,0,48,United States,California,Hat Creek,96040,40.789799,-121.474529
5923-GXUOC,Male,0,0,0,10,United States,California,Hayfork,96041,40.547857,-123.187265
5233-GEEAX,Male,1,0,0,8,United States,California,Lewiston,96052,40.704293,-122.803899
4432-ADRLB,Male,0,0,0,2,United States,California,Montague,96064,41.759864,-122.379175
8993-PHFWD,Female,0,0,0,3,United States,California,Old Station,96071,40.656287,-121.428965
1565-RHDJD,Female,0,0,0,4,United States,California,Palo Cedro,96073,40.582399,-122.195512
7137-RYLPP,Male,1,1,0,37,United States,California,Paskenta,96074,39.884395,-122.587513
3765-JXVKY,Female,0,0,0,1,United States,California,Paynes Creek,96075,40.343213,-121.815412
7330-WZLNC,Female,0,0,0,5,United States,California,Red Bluff,96080,40.186772,-122.388361
3957-LXOLK,Female,1,0,0,28,United States,California,Shingletown,96088,40.497441,-121.827524
6635-MYYYZ,Female,0,0,0,30,United States,California,Trinity Center,96091,41.081847,-122.700545
5281-BUZGT,Male,1,0,0,36,United States,California,Weaverville,96093,40.759401,-122.939337
5378-IKEEG,Female,0,0,0,1,United States,California,Eagleville,96110,41.280341,-120.150381
2718-GAXQD,Female,1,1,1,4,United States,California,Lake City,96115,41.729079,-120.225025
6413-XKKPU,Male,0,1,0,17,United States,California,Sierra City,96125,39.600599,-120.636358
1449-XQEMT,Male,0,0,0,3,United States,California,Susanville,96130,40.559177,-120.612113
2626-URJFX,Male,0,1,1,4,United States,California,Termo,96132,41.027281,-120.669427
2612-RRIDN,Male,0,0,0,4,United States,California,Westwood,96137,40.271535,-121.018087
4735-ASGMA,Male,0,0,0,26,United States,California,Carnelian Bay,96140,39.227434,-120.091806
3669-LVWZB,Male,0,0,0,5,United States,California,Tahoma,96142,39.061227,-120.179546
6892-EZDTG,Female,0,1,0,4,United States,California,Kings Beach,96143,39.246654,-120.029273
9725-SCPZG,Male,0,0,0,1,United States,California,South Lake Tahoe,96150,38.911577,-120.106169
5884-GCYMI,Male,0,0,0,1,United States,California,Truckee,96161,39.342498,-120.247127
3217-FZDMN,Female,1,0,0,8,United States,California,Los Angeles,90001,33.973616,-118.24902
7853-GVUDZ,Female,0,1,1,1,United States,California,Los Angeles,90004,34.076259,-118.310715
7480-QNVZJ,Male,1,0,0,50,United States,California,Los Angeles,90005,34.059281,-118.30742
3943-KDREE,Female,0,0,0,26,United States,California,Los Angeles,90010,34.062125,-118.315709
9239-ZBZZV,Female,0,0,0,6,United States,California,Los Angeles,90011,34.00709,-118.258681
4398-HSCJH,Female,0,0,0,3,United States,California,Los Angeles,90013,34.044639,-118.240413
4430-UZIPO,Male,0,0,0,3,United States,California,Los Angeles,90020,34.066367,-118.309868
4855-SNKMY,Female,0,0,0,1,United States,California,Los Angeles,90024,34.066303,-118.435479
8008-HAWED,Male,0,0,0,14,United States,California,Los Angeles,90027,34.127194,-118.295647
7124-UGSUR,Female,1,1,0,61,United States,California,Los Angeles,90028,34.099869,-118.326843
1862-SKORY,Female,1,1,0,40,United States,California,Los Angeles,90029,34.089953,-118.294824
1502-XFCVR,Female,0,0,0,58,United States,California,Los Angeles,90038,34.088017,-118.327168
9692-TUSXH,Female,0,0,0,18,United States,California,Los Angeles,90041,34.137412,-118.207607
7912-SYRQT,Female,0,0,0,7,United States,California,Los Angeles,90042,34.11572,-118.192754
4816-JBHOV,Male,1,0,0,2,United States,California,Los Angeles,90044,33.952714,-118.292061
8292-TYSPY,Male,0,0,0,19,United States,California,Los Angeles,90048,34.072945,-118.37267
1867-BDVFH,Male,0,1,0,11,United States,California,Los Angeles,90056,33.987945,-118.370442
2359-QWQUL,Female,0,1,0,39,United States,California,Los Angeles,90058,34.001617,-118.222274
9103-TCIHJ,Female,0,0,0,15,United States,California,Los Angeles,90059,33.927254,-118.249826
4140-WJAWW,Female,0,0,0,5,United States,California,Los Angeles,90071,34.052917,-118.255178
6653-CBBOM,Female,0,0,0,1,United States,California,Compton,90221,33.885811,-118.206459
3247-ZVOUO,Male,1,1,0,10,United States,California,Downey,90240,33.956228,-118.120993
6101-IMRMM,Male,0,0,0,6,United States,California,El Segundo,90245,33.917145,-118.401554
1268-ASBGA,Female,1,1,0,16,United States,California,Huntington Park,90255,33.97803,-118.217141
8943-URTMR,Female,0,0,0,2,United States,California,Lawndale,90260,33.88856,-118.351813
4713-LZDRV,Female,1,0,0,2,United States,California,Malibu,90263,34.037037,-118.705803
4325-NFSKC,Male,1,0,0,19,United States,California,Pacific Palisades,90272,34.079449,-118.548306
2955-PSXOE,Female,0,0,0,1,United States,California,Topanga,90290,34.115192,-118.61017
7762-URZQH,Male,0,1,0,66,United States,California,Venice,90291,33.991782,-118.479229
6907-NZZIJ,Female,0,0,0,36,United States,California,Santa Monica,90402,34.035849,-118.503508
2911-UREFD,Female,0,1,0,39,United States,California,Santa Monica,90405,34.005439,-118.477507
3744-ZRRDZ,Male,0,0,0,21,United States,California,Torrance,90501,33.833699,-118.314387
5673-TIYIB,Male,0,0,0,2,United States,California,Torrance,90502,33.833181,-118.292062
1602-IJQQE,Female,0,0,0,4,United States,California,Whittier,90602,33.972119,-118.020188
4628-WQCQQ,Male,0,0,0,35,United States,California,Whittier,90603,33.945318,-117.992066
1644-IRKSF,Female,0,1,0,33,United States,California,La Palma,90623,33.850504,-118.039892
3705-PSNGL,Male,0,0,0,45,United States,California,Cerritos,90703,33.8681,-118.067402
6502-HCJTI,Male,1,1,0,7,United States,California,Lakewood,90712,33.840524,-118.148403
2606-RMDHZ,Male,0,0,0,6,United States,California,Lakewood,90713,33.847755,-118.112532
8258-GSTJK,Male,1,0,0,3,United States,California,San Pedro,90732,33.744119,-118.31448
6861-OKBCE,Female,0,0,1,11,United States,California,Seal Beach,90740,33.75462,-118.071128
9940-RHLFB,Female,0,0,0,1,United States,California,Sunset Beach,90742,33.719221,-118.073596
2995-UPRYS,Female,1,1,0,40,United States,California,Long Beach,90802,33.752524,-118.210737
6686-YPGHK,Male,1,0,0,47,United States,California,Long Beach,90808,33.823943,-118.111335
1383-EZRWL,Female,0,0,0,7,United States,California,Long Beach,90810,33.819814,-118.222416
4759-TRPLW,Male,0,0,0,1,United States,California,Long Beach,90822,33.778436,-118.118648
8563-IIOXK,Male,0,1,0,7,United States,California,Duarte,91010,34.145695,-117.95982
8020-BWHYL,Female,1,0,0,15,United States,California,Montrose,91020,34.2112,-118.230625
2982-VPSGI,Female,0,1,0,11,United States,California,South Pasadena,91030,34.110444,-118.156957
8199-ZLLSA,Male,0,0,0,67,United States,California,Tujunga,91042,34.296574,-118.244839
4625-EWPTF,Male,0,0,0,8,United States,California,Pasadena,91104,34.165383,-118.123752
5980-NOPLP,Female,0,1,0,44,United States,California,Pasadena,91105,34.13946,-118.166649
6892-XPFPU,Male,1,1,0,24,United States,California,Pasadena,91107,34.159007,-118.087353
8010-EZLOU,Male,1,0,0,15,United States,California,San Marino,91108,34.122671,-118.112911
9874-QLCLH,Female,0,1,0,17,United States,California,Northridge,91324,34.238208,-118.55029
8062-YBDOE,Male,1,0,0,1,United States,California,Canyon Country,91351,34.422519,-118.420717
6000-APYLU,Male,0,0,0,9,United States,California,Valencia,91355,34.43987,-118.644609
0947-IDHRQ,Female,0,0,0,7,United States,California,Woodland Hills,91367,34.178068,-118.615714
3672-YITQD,Male,1,1,0,36,United States,California,Castaic,91384,34.506627,-118.699048
9048-JVYVF,Male,0,0,0,3,United States,California,Panorama City,91402,34.223768,-118.445461
8988-ECPJR,Female,1,1,0,34,United States,California,Van Nuys,91411,34.17847,-118.459472
3776-EKTKM,Female,1,0,0,1,United States,California,Burbank,91501,34.188339,-118.300942
1902-XBTFB,Male,0,0,0,22,United States,California,North Hollywood,91605,34.207295,-118.400022
0643-OKLRP,Female,1,1,0,47,United States,California,Azusa,91702,34.174493,-117.87068
9381-NDKME,Female,1,1,0,24,United States,California,El Monte,91731,34.079934,-118.046695
2794-XIMMO,Male,0,1,0,53,United States,California,Rancho Cucamonga,91737,34.245289,-117.642503
8382-SHQEH,Female,0,1,0,8,United States,California,Rancho Cucamonga,91739,34.133809,-117.523724
2983-ZANRP,Female,0,1,0,2,United States,California,La Puente,91744,34.031441,-117.936436
7845-URHJN,Female,0,1,0,8,United States,California,Hacienda Heights,91745,33.998471,-117.973758
3034-ZBEQN,Female,0,1,0,48,United States,California,La Puente,91746,34.038983,-117.991372
8327-LZKAS,Female,1,1,0,43,United States,California,Pomona,91767,34.083086,-117.737997
1075-BGWOH,Male,1,1,0,16,United States,California,Rosemead,91770,34.065108,-118.082791
0302-JOIVN,Female,0,1,0,8,United States,California,San Gabriel,91775,34.114772,-118.089431
5366-IJEQJ,Male,0,0,0,20,United States,California,Alhambra,91801,34.090925,-118.128164
1981-INRFU,Female,0,0,0,2,United States,California,Boulevard,91905,32.677097,-116.304991
4971-PUYQO,Female,0,0,0,27,United States,California,Campo,91906,32.673483,-116.472863
8485-GJCDN,Female,1,0,0,5,United States,California,Chula Vista,91914,32.688506,-116.938632
1527-SXDPN,Male,0,1,0,52,United States,California,Imperial Beach,91932,32.579134,-117.119009
6029-WTIPC,Male,1,0,0,37,United States,California,Jacumba,91934,32.649787,-116.2237
8634-CILSZ,Male,0,0,0,69,United States,California,Jamul,91935,32.695681,-116.798386
6682-QJDGB,Male,0,0,1,40,United States,California,Borrego Springs,92004,33.200369,-116.192313
8780-IXSTS,Female,0,0,0,6,United States,California,Carlsbad,92008,33.148116,-117.306043
9530-EHPOH,Male,0,0,0,11,United States,California,El Cajon,92019,32.785165,-116.862648
0345-HKJVM,Female,0,0,0,6,United States,California,El Cajon,92021,32.832706,-116.873258
3049-SOLAY,Female,0,1,0,3,United States,California,Fallbrook,92028,33.362575,-117.299644
3317-HRTNN,Female,1,0,0,5,United States,California,Julian,92036,32.980678,-116.262854
3235-ETOOB,Male,0,1,0,8,United States,California,Lakeside,92040,32.909873,-116.906774
8058-INTPH,Female,0,0,0,1,United States,California,Oceanside,92056,33.194742,-117.29032
5569-OUICF,Female,1,1,0,28,United States,California,Santee,92071,32.847336,-116.997605
8821-XNHVZ,Female,0,1,0,1,United States,California,Solana Beach,92075,33.001813,-117.263628
2082-OJVTK,Male,0,1,0,29,United States,California,San Marcos,92078,33.119028,-117.166036
5940-NFXKV,Male,0,1,0,19,United States,California,Rancho Santa Fe,92091,32.99356,-117.207121
8053-WWDRO,Female,0,1,0,6,United States,California,San Diego,92105,32.741859,-117.090353
9564-KCLHR,Male,0,0,0,1,United States,California,San Diego,92106,32.71346,-117.236378
2082-CEFLT,Male,0,0,0,1,United States,California,San Diego,92109,32.787836,-117.232376
1213-NGCUN,Female,0,0,0,6,United States,California,San Diego,92111,32.805518,-117.169052
5688-KZTSN,Male,0,1,1,15,United States,California,San Diego,92121,32.898613,-117.202937
2894-QOJRX,Female,0,1,0,25,United States,California,San Diego,92124,32.827238,-117.089287
5747-PMBSQ,Male,1,1,0,10,United States,California,San Diego,92126,32.886925,-117.152162
3143-JQEGI,Female,0,1,0,13,United States,California,San Diego,92129,32.961064,-117.134917
6386-SZZKH,Female,0,1,0,49,United States,California,San Diego,92130,32.957195,-117.202542
2982-IHMFT,Female,1,0,0,1,United States,California,Indian Wells,92210,33.537646,-116.291089
3521-SYVOR,Female,0,0,0,37,United States,California,Palm Desert,92211,33.762759,-116.324817
9526-JAWYF,Male,0,0,0,26,United States,California,Blythe,92225,33.674583,-114.71612
5649-VUKMC,Female,0,0,0,12,United States,California,Coachella,92236,33.680031,-116.171678
5143-EGQFK,Female,1,0,0,10,United States,California,Imperial,92251,32.858595,-115.662709
4919-IKATY,Male,0,1,0,5,United States,California,Joshua Tree,92252,34.167236,-116.281511
9050-QLROH,Male,0,0,0,18,United States,California,Niland,92257,33.345825,-115.596574
6168-WFVVF,Female,1,0,0,3,United States,California,Palm Springs,92262,33.839989,-116.659215
0877-SDMBN,Female,0,0,0,54,United States,California,Parker Dam,92267,34.273872,-114.192901
8065-YKXKD,Female,0,0,0,10,United States,California,Seeley,92273,32.790282,-115.689559
9637-EIHEQ,Female,0,0,0,1,United States,California,Thermal,92274,33.53604,-116.119222
9689-PTNPG,Male,0,0,0,2,United States,California,Vidal,92280,34.264124,-114.717964
9465-RWMXL,Male,0,1,0,32,United States,California,Westmorland,92281,33.03679,-115.60503
2362-IBOOY,Male,0,0,0,36,United States,California,Winterhaven,92283,32.852947,-114.850784
0843-WTBXE,Male,0,0,0,53,United States,California,Landers,92285,34.341737,-116.539416
5515-IDEJJ,Male,0,1,1,1,United States,California,Angelus Oaks,92305,34.1678,-116.86433
7450-NWRTR,Male,1,0,0,12,United States,California,Apple Valley,92308,34.424926,-117.184503
5376-DEQCP,Female,0,0,0,1,United States,California,Barstow,92311,34.965648,-117.001509
9095-HFAFX,Female,0,0,0,5,United States,California,Big Bear City,92314,34.278967,-116.773825
2379-ENZGV,Male,0,0,0,6,United States,California,Bloomington,92316,34.059722,-117.39104
6005-OBZPH,Female,1,0,0,26,United States,California,Ludlow,92338,34.702766,-116.093376
7932-WPTDS,Female,1,1,0,1,United States,California,Green Valley Lake,92341,34.244411,-117.072654
2722-VOJQL,Male,0,0,0,64,United States,California,Highland,92346,34.129677,-117.154277
5228-EXCET,Male,0,0,0,13,United States,California,Newberry Springs,92365,34.89326,-116.505958
7394-FKDNK,Female,0,1,0,9,United States,California,Redlands,92374,34.064073,-117.166158
6331-LWDTQ,Male,0,0,0,10,United States,California,Rialto,92377,34.156758,-117.404686
1597-FZREH,Female,0,0,0,2,United States,California,Shoshone,92384,35.924252,-116.188668
7000-WCEVQ,Female,1,0,0,20,United States,California,Wrightwood,92397,34.358321,-117.618263
0727-IWKVK,Male,0,1,0,9,United States,California,Yermo,92398,35.013299,-116.834092
5959-BELXA,Male,1,0,0,32,United States,California,Yucaipa,92399,34.04597,-117.011825
3512-IZIKN,Female,0,1,0,70,United States,California,San Bernardino,92404,34.183286,-117.221722
6141-OOXUQ,Male,0,0,0,1,United States,California,San Bernardino,92411,34.122501,-117.320138
7503-ZGUZJ,Male,0,0,0,1,United States,California,Riverside,92505,33.920907,-117.489426
2506-TNFCO,Female,1,1,0,1,United States,California,Riverside,92509,34.004379,-117.447864
8718-PTMEZ,Female,0,0,0,13,United States,California,Lake Elsinore,92530,33.655421,-117.391751
2207-OBZNX,Male,0,0,0,7,United States,California,Aguanga,92536,33.482243,-116.827173
6142-VSJQO,Female,0,1,1,1,United States,California,Homeland,92548,33.761894,-117.120868
6437-UKHMV,Female,0,0,0,7,United States,California,Moreno Valley,92557,33.970661,-117.255039
1114-CENIM,Male,0,0,1,54,United States,California,San Jacinto,92582,33.806708,-117.02007
6060-DRTNL,Female,1,0,0,5,United States,California,San Jacinto,92583,33.796568,-116.924723
8473-VUVJN,Male,1,0,0,1,United States,California,Temecula,92590,33.475493,-117.219551
6289-CPNLD,Male,0,1,0,33,United States,California,Temecula,92591,33.540604,-117.10909
5536-SLHPM,Female,0,1,0,55,United States,California,Temecula,92592,33.507255,-117.029473
0196-VULGZ,Female,1,1,0,6,United States,California,Irvine,92620,33.716136,-117.752574
8837-VVWLQ,Female,0,0,0,8,United States,California,Capistrano Beach,92624,33.458754,-117.665104
2696-NARTR,Male,0,0,0,11,United States,California,Corona Del Mar,92625,33.600987,-117.862734
7614-QVWQL,Male,0,1,0,49,United States,California,Costa Mesa,92627,33.645672,-117.922613
1976-CFOCS,Female,1,1,0,1,United States,California,Dana Point,92629,33.477923,-117.705314
4631-OACRM,Male,1,0,0,15,United States,California,Lake Forest,92630,33.644849,-117.684254
3755-JBMNH,Male,1,1,0,16,United States,California,Huntington Beach,92648,33.679659,-118.016195
6345-ULYRW,Male,1,1,0,44,United States,California,Laguna Beach,92651,33.570023,-117.773669
1809-DMJHQ,Female,0,0,1,5,United States,California,Newport Beach,92660,33.634626,-117.874882
6923-EFPNL,Male,0,0,0,4,United States,California,Silverado,92676,33.782346,-117.635263
9574-RKJIF,Male,0,1,0,30,United States,California,Trabuco Canyon,92679,33.631119,-117.567346
2619-WFQWU,Female,0,0,0,1,United States,California,Mission Viejo,92692,33.60693,-117.644253
0778-NELLA,Male,0,0,0,9,United States,California,Anaheim,92805,33.830209,-117.906099
4614-NUVZD,Female,0,0,0,1,United States,California,Anaheim,92807,33.848733,-117.788357
3803-KMQFW,Female,0,1,1,1,United States,California,Brea,92821,33.930199,-117.862898
6804-GDMOI,Female,0,0,0,61,United States,California,Brea,92823,33.924143,-117.79387
9572-MTILT,Male,0,1,0,59,United States,California,Fullerton,92833,33.877639,-117.961212
9611-CTWIH,Female,0,0,0,3,United States,California,Garden Grove,92841,33.786738,-117.982564
0329-GTIAJ,Female,0,0,0,3,United States,California,Garden Grove,92844,33.766476,-117.969795
6629-CZTTH,Male,0,0,0,1,United States,California,Orange,92865,33.828779,-117.848299
5364-EVNIB,Male,0,0,0,13,United States,California,Orange,92868,33.787796,-117.875928
5087-SUURX,Female,0,1,0,18,United States,California,Yorba Linda,92887,33.884073,-117.732197
0013-EXCHZ,Female,1,1,0,3,United States,California,Camarillo,93010,34.227846,-119.079903
5550-VFRLC,Female,1,0,0,1,United States,California,Moorpark,93021,34.312945,-118.858169
4929-BSTRX,Female,0,0,0,1,United States,California,Oxnard,93030,34.223244,-119.18012
2225-ZRGSG,Female,0,1,0,70,United States,California,Piru,93040,34.432843,-118.730106
5271-YNWVR,Male,0,1,0,68,United States,California,Santa Paula,93060,34.402343,-119.094824
2657-ALMWY,Female,1,1,0,26,United States,California,Simi Valley,93065,34.269449,-118.768471
6330-JKLPC,Male,0,1,0,11,United States,California,Somis,93066,34.297628,-119.014627
4667-OHGKG,Male,0,0,0,1,United States,California,Summerland,93067,34.420998,-119.60137
1660-HSOOQ,Male,0,0,0,1,United States,California,Santa Barbara,93105,34.037342,-119.80079
7253-UVNDW,Female,0,0,0,46,United States,California,Santa Barbara,93108,34.457541,-119.631072
7228-OMTPN,Male,0,0,0,4,United States,California,Santa Barbara,93110,34.437945,-119.77191
6284-AHOOQ,Male,1,0,0,22,United States,California,Avenal,93204,35.916943,-120.129921
2344-JMOGN,Male,0,1,0,9,United States,California,Buttonwillow,93206,35.451402,-119.488413
3799-ISUZQ,Male,0,1,0,7,United States,California,California Hot Springs,93207,35.865795,-118.69759
1794-HBQTJ,Female,0,0,0,1,United States,California,Corcoran,93212,36.04533,-119.532424
2460-FPSYH,Female,1,0,0,40,United States,California,Exeter,93221,36.301689,-119.018233
4818-DRBQT,Male,0,1,0,29,United States,California,Farmersville,93223,36.29878,-119.201028
1320-HTRDR,Female,0,0,0,3,United States,California,Fellows,93224,35.215731,-119.57013
1493-AMTIE,Male,0,0,0,1,United States,California,Ivanhoe,93235,36.385818,-119.224243
6424-ELEYH,Female,0,1,0,3,United States,California,Lebec,93243,34.845861,-118.885163
4391-RESHN,Male,0,0,0,23,United States,California,Lemon Cove,93244,36.462671,-118.997291
6821-BUXUX,Female,0,0,0,13,United States,California,Maricopa,93252,34.737031,-119.460557
5028-HTLJB,Male,1,0,0,1,United States,California,New Cuyama,93254,34.956577,-119.750142
9801-GDWGV,Female,0,0,0,39,United States,California,Onyx,93255,35.676978,-118.101378
2320-JRSDE,Female,0,1,1,1,United States,California,Richgrove,93261,35.809921,-119.127437
0601-WZHJF,Male,0,1,0,14,United States,California,Shafter,93263,35.490705,-119.286833
5143-WMWOG,Male,0,0,0,1,United States,California,Stratford,93266,36.175255,-119.813805
5393-RXQSZ,Male,0,0,0,1,United States,California,Taft,93268,35.184837,-119.402525
0231-LXVAP,Male,0,0,0,1,United States,California,Tipton,93272,36.047414,-119.344304
9444-JTXHZ,Male,0,1,0,1,United States,California,Tulare,93274,36.185471,-119.375243
5510-BOIUJ,Male,0,0,1,1,United States,California,Visalia,93277,36.303793,-119.375646
4471-KXAUH,Female,0,1,0,42,United States,California,Woody,93287,35.710244,-118.881679
7638-QVMVY,Female,0,0,0,7,United States,California,Visalia,93292,36.37559,-119.211689
3244-DCJWY,Female,0,0,0,1,United States,California,Bakersfield,93312,35.392599,-119.245341
0875-CABNR,Female,1,0,0,10,United States,California,San Luis Obispo,93401,35.233745,-120.626442
7812-FZHPE,Female,0,1,1,17,United States,California,Bradley,93426,35.842889,-121.004862
4797-AXPXK,Female,0,0,1,1,United States,California,Lompoc,93436,34.601055,-120.382917
5229-PRWKT,Male,0,0,0,8,United States,California,Lompoc,93437,34.757477,-120.550507
6982-UQZLY,Female,1,1,0,1,United States,California,Los Alamos,93440,34.758699,-120.275839
5057-LCOUI,Female,0,0,0,39,United States,California,Nipomo,93444,35.050345,-120.489599
0193-ESZXP,Female,1,1,0,58,United States,California,Oceano,93445,35.059695,-120.604741
4369-HTUIF,Male,1,0,0,6,United States,California,Pismo Beach,93449,35.165668,-120.655842
0156-FVPTA,Male,0,1,0,22,United States,California,Solvang,93463,34.624399,-120.137875
1984-FCOWB,Female,0,1,0,70,United States,California,Templeton,93465,35.536115,-120.739231
0654-HMSHN,Male,0,1,0,21,United States,California,Mojave,93501,35.097323,-118.171288
5287-QWLKY,Male,1,1,0,71,United States,California,Big Pine,93513,37.245505,-118.062943
5196-SGOAK,Female,0,0,0,1,United States,California,Caliente,93518,35.358953,-118.527064
1891-UAWWU,Female,1,1,0,20,United States,California,Johannesburg,93528,35.363339,-117.637641
6108-OQZDQ,Female,0,1,0,4,United States,California,Keene,93531,35.214982,-118.59049
0363-QJVFX,Male,0,0,0,32,United States,California,Lake Hughes,93532,34.659579,-118.584212
9840-DVNDC,Male,0,0,0,6,United States,California,Lancaster,93536,34.741406,-118.38111
3096-JRDSO,Female,1,1,0,27,United States,California,Lone Pine,93545,36.590415,-118.073839
8042-JVNFH,Male,0,0,0,1,United States,California,Olancha,93549,36.296851,-117.865469
3374-LXDEV,Female,0,0,0,13,United States,California,Pearblossom,93553,34.445239,-117.894868
5049-GLYVG,Male,0,0,0,1,United States,California,Badger,93603,36.64545,-118.924982
5883-GTGVD,Male,0,0,0,19,United States,California,Biola,93606,36.798882,-120.019511
4817-QRJSX,Female,0,0,0,10,United States,California,Clovis,93612,36.814539,-119.711868
2398-YPMUR,Female,1,1,0,13,United States,California,Dinuba,93618,36.523619,-119.386868
9985-MWVIX,Female,0,0,0,1,United States,California,Hume,93628,36.807595,-118.901544
1265-XTECC,Female,1,1,0,68,United States,California,Madera,93638,37.004068,-119.930027
2237-ZFSMY,Female,0,0,0,39,United States,California,Riverdale,93656,36.452211,-119.94575
4871-JTKJF,Female,1,0,0,1,United States,California,Selma,93662,36.545322,-119.642281
1415-YFWLT,Female,1,0,0,1,United States,California,Shaver Lake,93664,37.223,-119.001021
6711-VTNRE,Female,0,0,0,36,United States,California,Tranquillity,93668,36.635661,-120.288644
3500-RMZLT,Female,1,0,0,15,United States,California,Fresno,93702,36.739385,-119.753649
4548-SDBKE,Female,0,0,0,5,United States,California,Fresno,93711,36.833002,-119.82947
8066-POXGX,Female,0,0,0,13,United States,California,Fresno,93720,36.878709,-119.7645
4143-OOBWZ,Male,0,1,0,5,United States,California,Fresno,93726,36.793601,-119.761131
7854-EKTJL,Female,0,0,1,2,United States,California,Salinas,93901,36.64152,-121.622188
9102-IAYHT,Female,0,1,0,17,United States,California,Salinas,93908,36.624338,-121.615669
3422-LYEPQ,Male,0,1,0,1,United States,California,Carmel By The Sea,93921,36.554618,-121.922239
2642-DTVCO,Male,1,0,0,9,United States,California,Chualar,93925,36.596271,-121.442274
4361-JEIVL,Male,0,0,1,1,United States,California,Greenfield,93927,36.248708,-121.386617
1363-TXLSL,Male,1,1,0,1,United States,California,San Lucas,93954,36.125529,-120.864443
9507-EXLTT,Female,0,1,0,1,United States,California,Seaside,93955,36.625114,-121.823565
9846-GKXAS,Female,0,0,0,9,United States,California,Burlingame,94010,37.57028,-122.365778
6017-PPLPX,Male,0,1,0,20,United States,California,Daly City,94014,37.691561,-122.445202
7136-RVDTZ,Male,1,0,0,70,United States,California,Portola Valley,94028,37.369709,-122.215844
4581-SSPWD,Female,0,0,0,3,United States,California,Mountain View,94040,37.380662,-122.086022
6927-WTFIV,Male,1,0,0,20,United States,California,Redwood City,94061,37.461251,-122.235414
3398-ZOUAA,Male,1,1,0,21,United States,California,Redwood City,94063,37.499411,-122.196318
0378-NHQXU,Female,0,1,0,17,United States,California,South San Francisco,94080,37.654436,-122.426468
4512-ZUIYL,Female,0,0,0,2,United States,California,Sunnyvale,94089,37.421633,-122.009613
7969-AULMZ,Female,0,0,0,21,United States,California,San Francisco,94104,37.791222,-122.402241
0568-ONFPC,Male,0,1,1,5,United States,California,San Francisco,94112,37.720498,-122.443119
0733-VUNUW,Male,0,0,0,24,United States,California,San Francisco,94114,37.758085,-122.434801
4550-EVXNY,Female,0,0,0,1,United States,California,San Francisco,94115,37.786031,-122.437301
2968-SSGAA,Female,0,0,0,10,United States,California,San Francisco,94117,37.770533,-122.445121
4844-JJWUY,Female,1,0,0,1,United States,California,San Francisco,94121,37.776718,-122.495781
6777-TGHTM,Female,0,0,0,53,United States,California,San Francisco,94122,37.760412,-122.484966
3538-WZPHD,Male,0,0,0,3,United States,California,San Francisco,94127,37.736535,-122.45732
4785-QRJHC,Male,1,1,0,46,United States,California,San Francisco,94132,37.722302,-122.491129
8610-WFCJF,Female,0,1,0,49,United States,California,Palo Alto,94303,37.45809,-122.115398
4905-JEFDW,Male,0,0,0,11,United States,California,Palo Alto,94306,37.416159,-122.131337
7881-INRLC,Male,0,0,0,45,United States,California,San Mateo,94403,37.538309,-122.305109
0117-LFRMW,Male,0,1,1,37,United States,California,Angwin,94508,38.542448,-122.419923
6172-FECYY,Male,0,1,0,49,United States,California,Antioch,94509,37.980057,-121.801599
1965-AKTSX,Female,1,0,0,14,United States,California,Byron,94514,37.83323,-121.601461
4786-UKSNZ,Male,0,0,0,1,United States,California,Clayton,94517,37.881842,-121.848111
7248-VZQLC,Female,1,0,0,47,United States,California,Concord,94521,37.971421,-121.971504
0011-IGKFF,Male,1,1,0,13,United States,California,Martinez,94553,38.014457,-122.115432
4192-GORJT,Male,0,1,0,5,United States,California,Fremont,94555,37.555473,-122.080312
6496-SLWHQ,Male,1,0,0,3,United States,California,Moraga,94556,37.827946,-122.107185
9912-GVSEQ,Female,1,1,0,26,United States,California,Napa,94558,38.489789,-122.27011
5383-MMTWC,Female,1,1,0,8,United States,California,Oakley,94561,37.999406,-121.686241
7240-ETPTR,Female,0,1,0,9,United States,California,Pope Valley,94567,38.672708,-122.403219
2202-CUYXZ,Male,0,0,0,1,United States,California,Dublin,94568,37.713926,-121.928425
5995-OIGLP,Male,0,0,0,12,United States,California,Port Costa,94569,38.035707,-122.196821
6261-RCVNS,Female,0,0,0,42,United States,California,Rodeo,94572,38.027218,-122.23463
7951-QKZPL,Female,0,1,0,33,United States,California,Saint Helena,94574,38.581354,-122.296283
3640-PHQXK,Female,0,0,0,31,United States,California,Union City,94587,37.59485,-122.051521
6877-LGWXO,Male,1,1,0,18,United States,California,Pleasanton,94588,37.685052,-121.912061
8019-ENHXU,Male,0,1,0,42,United States,California,Oakland,94601,37.776523,-122.219268
5167-GBFRE,Male,1,0,0,4,United States,California,Oakland,94602,37.803883,-122.208417
9033-EOXWV,Female,0,0,0,12,United States,California,Oakland,94603,37.739113,-122.175602
1324-NLTJE,Female,1,0,0,15,United States,California,Emeryville,94608,37.83726,-122.287648
1522-VVDMG,Male,0,1,0,7,United States,California,Oakland,94611,37.828416,-122.216005
9185-TQCVP,Male,0,1,0,14,United States,California,Albany,94706,37.890274,-122.295192
5567-WSELE,Male,1,1,0,3,United States,California,Richmond,94801,37.945288,-122.383941
8063-RJYNF,Male,0,0,0,16,United States,California,Richmond,94804,37.921034,-122.341798
0687-ZVTHB,Male,0,1,0,65,United States,California,Richmond,94805,37.941456,-122.320968
9661-ACXBS,Female,0,0,0,42,United States,California,San Rafael,94901,37.972662,-122.491452
3727-RJMEO,Male,0,1,0,6,United States,California,Rohnert Park,94928,38.34719,-122.697822
6646-VRFOL,Male,1,1,0,53,United States,California,Larkspur,94939,37.937082,-122.532369
5685-IIXLY,Female,0,1,0,5,United States,California,Novato,94945,38.135897,-122.563683
4250-ZBWLV,Male,0,0,0,68,United States,California,Olema,94950,38.052209,-122.775567
5095-AESKG,Female,0,1,0,3,United States,California,Sausalito,94965,37.848641,-122.515692
1871-MOWRM,Male,0,1,0,12,United States,California,Woodacre,94973,38.005839,-122.638155
2027-OAQQC,Female,0,0,0,43,United States,California,Aptos,95003,37.013471,-121.877877
9090-SGQXL,Male,1,1,0,68,United States,California,Ben Lomond,95005,37.078873,-122.090386
6595-YGXIT,Male,1,0,0,25,United States,California,Boulder Creek,95006,37.171727,-122.142961
9835-ZIITK,Male,1,1,0,66,United States,California,Campbell,95008,37.279689,-121.954567
1555-DJEQW,Female,0,1,0,70,United States,California,Cupertino,95014,37.306612,-122.080621
5649-TJHOV,Male,1,1,0,27,United States,California,Davenport,95017,37.114335,-122.237162
0519-XUZJU,Female,0,0,0,1,United States,California,Felton,95018,37.089111,-122.062213
6338-AVWCY,Male,0,0,0,3,United States,California,Hollister,95023,36.875409,-121.279679
9253-QXKBE,Male,1,1,0,29,United States,California,Morgan Hill,95037,37.161544,-121.649371
9445-SZLCH,Female,0,1,0,36,United States,California,Santa Clara,95050,37.351214,-121.952417
7568-PODML,Male,0,0,0,1,United States,California,Watsonville,95076,36.931654,-121.752383
5349-IECLD,Male,0,0,0,2,United States,California,San Jose,95111,37.284265,-121.827673
3945-GFWQL,Female,0,0,1,12,United States,California,San Jose,95113,37.333851,-121.891147
3797-VTIDR,Male,0,1,0,1,United States,California,San Jose,95121,37.304681,-121.809955
9526-BIHHD,Male,0,0,0,1,United States,California,San Jose,95127,37.375156,-121.795867
4523-WXCEF,Female,0,1,0,59,United States,California,San Jose,95129,37.305622,-122.000887
8364-TRMMK,Female,0,0,0,3,United States,California,San Jose,95132,37.424655,-121.74841
3063-QFSZL,Female,0,0,0,1,United States,California,San Jose,95135,37.28682,-121.723877
8775-LHDJH,Female,1,1,0,1,United States,California,San Jose,95136,37.270938,-121.851046
3097-NQYSN,Male,1,1,0,2,United States,California,San Jose,95139,37.218705,-121.762429
3565-UNOCC,Female,1,1,0,29,United States,California,Stockton,95209,38.044523,-121.348048
9249-FXSCK,Female,0,0,0,52,United States,California,Acampo,95220,38.200231,-121.235034
5493-SDRDQ,Male,0,0,0,2,United States,California,Angels Camp,95222,38.071327,-120.632221
0871-URUWO,Male,0,1,0,13,United States,California,Sheep Ranch,95250,38.244806,-120.417301
9190-MFJLN,Male,1,0,0,19,United States,California,Vallecito,95251,38.055562,-120.456298
1095-JUDTC,Female,1,0,0,47,United States,California,Woodbridge,95258,38.169605,-121.310964
0870-VEMYL,Female,0,0,0,5,United States,California,Columbia,95310,38.085839,-120.37855
5385-SUIRI,Male,1,1,0,52,United States,California,Delhi,95315,37.422961,-120.765493
3982-XWFZQ,Female,0,1,0,42,United States,California,Denair,95316,37.524721,-120.757977
4009-ALQFH,Female,0,0,0,25,United States,California,Groveland,95321,37.902968,-119.667544
3627-FCRDW,Female,0,0,0,9,United States,California,Hughson,95326,37.5923,-120.853288
7562-GSUHK,Female,0,0,0,16,United States,California,Jamestown,95327,37.84771,-120.486589
4903-UYAVB,Male,0,1,0,5,United States,California,Lathrop,95330,37.80821,-121.308401
6776-TLWOI,Male,0,0,0,3,United States,California,Livingston,95334,37.361987,-120.748394
4077-CROMM,Female,0,1,0,31,United States,California,Modesto,95350,37.671806,-121.007575
2868-MZAGQ,Male,0,0,0,1,United States,California,Modesto,95354,37.639029,-120.964772
4847-QNOKA,Female,0,0,0,1,United States,California,Modesto,95355,37.672906,-120.946594
6379-RXJRQ,Male,0,1,0,10,United States,California,Modesto,95358,37.612612,-121.108568
8650-RHRKE,Male,0,0,0,4,United States,California,Oakdale,95361,37.785033,-120.776141
0475-RIJEP,Male,0,0,0,43,United States,California,Pinecrest,95364,38.224869,-119.755729
1260-TTRXI,Male,0,0,0,4,United States,California,Planada,95365,37.329725,-120.306399
6328-ZPBGN,Female,1,0,0,11,United States,California,Riverbank,95367,37.734971,-120.954271
4789-KWMXN,Male,0,1,0,47,United States,California,Tuolumne,95379,37.939768,-120.188002
2867-UIMSS,Male,0,0,0,1,United States,California,Vernalis,95385,37.609095,-121.263381
8111-RKSPX,Male,0,0,0,4,United States,California,Santa Rosa,95401,38.460517,-122.790335
1585-MQSSU,Male,0,0,0,17,United States,California,Santa Rosa,95404,38.526941,-122.709096
2856-NNASM,Male,1,0,0,43,United States,California,Santa Rosa,95407,38.394091,-122.739814
8559-CIZFV,Male,0,1,0,21,United States,California,Annapolis,95412,38.731055,-123.316553
7547-EKNFS,Male,0,1,0,42,United States,California,Caspar,95420,39.361283,-123.784599
6769-DYBQN,Male,1,0,0,46,United States,California,Clearlake,95422,38.965804,-122.631779
4439-JMPMT,Female,0,1,0,5,United States,California,Comptche,95427,39.239818,-123.565432
2446-BEGGB,Female,1,0,0,6,United States,California,Eldridge,95431,38.348884,-122.51699
1496-GGSUK,Female,1,0,0,1,United States,California,Fulton,95439,38.493888,-122.777141
2575-GFSOE,Female,0,1,0,7,United States,California,Graton,95444,38.434362,-122.86891
2842-JTCCU,Male,0,0,0,2,United States,California,Hopland,95449,38.93706,-123.118111
3296-SILRA,Female,1,1,0,1,United States,California,Lakeport,95453,39.080469,-122.955176
9681-OXGVC,Female,0,0,0,5,United States,California,Laytonville,95454,39.806141,-123.531098
5180-UCIIQ,Male,1,1,1,22,United States,California,Lucerne,95458,39.141934,-122.770679
7153-OANIO,Male,0,0,0,1,United States,California,Mendocino,95460,39.305545,-123.743697
6521-YYTYI,Male,0,0,0,1,United States,California,Navarro,95463,39.182916,-123.552571
8878-HMWBV,Male,0,0,0,3,United States,California,Nice,95464,39.12334,-122.838198
3751-KTZEL,Female,0,0,0,1,United States,California,Yorkville,95494,38.888351,-123.239647
1977-STDKI,Female,1,0,0,1,United States,California,The Sea Ranch,95497,38.696659,-123.436861
5813-UECBU,Male,1,0,0,33,United States,California,Bridgeville,95526,40.372532,-123.525626
0328-GRPMV,Female,0,0,0,1,United States,California,Burnt Ranch,95527,40.854512,-123.450097
4342-HENTK,Female,1,0,0,2,United States,California,Garberville,95542,40.057784,-123.679461
4195-SMMNX,Male,0,0,0,2,United States,California,Hydesville,95547,40.557314,-124.081662
6956-SMUCM,Female,0,0,0,3,United States,California,Miranda,95553,40.210895,-123.86
3223-WZWJM,Male,0,0,0,26,United States,California,Petrolia,95558,40.274302,-124.210902
9053-JZFKV,Male,0,0,0,67,United States,California,Redway,95560,40.142256,-123.852927
2530-ENDWQ,Female,0,1,0,71,United States,California,Rio Dell,95562,40.485849,-124.163234
6615-ZGEDR,Male,0,0,0,1,United States,California,Smith River,95567,41.950683,-124.097094
9250-WYPLL,Female,0,0,0,5,United States,California,Whitethorn,95589,40.053159,-123.995867
2754-XBHTB,Female,0,0,0,9,United States,California,Amador City,95601,38.431407,-120.8421
1597-LHYNC,Female,1,0,0,26,United States,California,Auburn,95602,38.99003,-121.114408
7055-VKGDA,Male,0,0,0,54,United States,California,Clarksburg,95612,38.384648,-121.578701
0754-UKWQP,Male,0,0,0,2,United States,California,Cool,95614,38.880622,-120.973865
7493-TPUWZ,Male,0,0,0,1,United States,California,Diamond Springs,95619,38.683605,-120.811852
1577-HKTFG,Female,0,1,0,30,United States,California,Elk Grove,95624,38.434138,-121.30587
8752-STIVR,Female,0,0,0,4,United States,California,Elmira,95625,38.349195,-121.902943
4558-FANTW,Female,0,1,0,17,United States,California,Fair Oaks,95628,38.652065,-121.25441
8651-ENBZX,Female,1,0,0,60,United States,California,Grizzly Flats,95636,38.636102,-120.522149
7623-TRNQN,Male,0,0,1,1,United States,California,Jackson,95642,38.336216,-120.76901
9330-IJWIO,Female,0,0,0,13,United States,California,Kirkwood,95646,38.631489,-120.015167
9286-DOJGF,Female,1,1,0,38,United States,California,Lotus,95651,38.815515,-120.916997
9661-MHUMO,Male,1,1,1,1,United States,California,Mather,95655,38.549822,-121.266725
1842-EZJMK,Male,0,1,0,50,United States,California,Orangevale,95662,38.689174,-121.218435
8079-XRJRS,Male,0,1,0,65,United States,California,Pleasant Grove,95668,38.833554,-121.498102
8073-IJDCM,Female,0,0,0,1,United States,California,Rescue,95672,38.724322,-120.991237
8884-ADFVN,Male,1,1,0,7,United States,California,Roseville,95678,38.759751,-121.288545
2720-WGKHP,Male,1,0,0,2,United States,California,Sloughhouse,95683,38.470423,-121.114897
2869-ADAWR,Female,0,0,0,45,United States,California,Sutter Creek,95685,38.432145,-120.77069
9894-EZEWG,Female,0,0,0,1,United States,California,Walnut Grove,95690,38.240419,-121.587535
7851-FLGGQ,Male,0,0,0,1,United States,California,Wheatland,95692,39.043387,-121.409837
0637-UBJRP,Male,0,1,0,13,United States,California,Wilton,95693,38.392559,-121.225093
0940-OUQEC,Male,0,0,0,10,United States,California,Winters,95694,38.578604,-122.024579
0702-PGIBZ,Male,0,0,0,4,United States,California,Dutch Flat,95714,39.197215,-120.83679
1963-VAUKV,Female,0,0,0,1,United States,California,Kyburz,95720,38.766036,-120.209673
3058-HJCUY,Male,0,1,0,41,United States,California,Rancho Cordova,95742,38.591134,-121.161585
3259-FDWOY,Male,0,1,0,71,United States,California,Elk Grove,95758,38.35363,-121.44195
0807-ZABDG,Female,0,0,1,3,United States,California,Woodland,95776,38.694081,-121.694431
5748-RNCJT,Male,0,0,0,69,United States,California,Sacramento,95820,38.53508,-121.444144
7739-LAXOG,Female,0,1,0,32,United States,California,Sacramento,95825,38.590035,-121.412455
9776-CLUJA,Female,1,1,0,51,United States,California,Sacramento,95829,38.486502,-121.334051
6034-ZRYCV,Female,0,1,0,72,United States,California,Sacramento,95837,38.691607,-121.602284
2079-FBMZK,Female,0,0,0,6,United States,California,Antelope,95843,38.715498,-121.363411
6608-QQLVK,Male,0,0,0,1,United States,California,Bangor,95914,39.396585,-121.38029
3551-HUAZH,Male,1,0,0,1,United States,California,Brownsville,95919,39.440687,-121.263583
6302-JGYRJ,Male,0,0,0,31,United States,California,Chico,95928,39.681488,-121.83721
3685-YLCMQ,Male,0,0,0,58,United States,California,Dobbins,95935,39.381174,-121.21191
8634-MPHTR,Male,1,1,0,47,United States,California,Forbestown,95941,39.531028,-121.24807
8761-NSOBC,Male,0,0,0,44,United States,California,Gridley,95948,39.346898,-121.759537
8413-VONUO,Male,0,0,0,2,United States,California,Grimes,95950,39.033058,-121.895718
9223-UCPVT,Female,0,0,0,1,United States,California,Orland,95963,39.748037,-122.302169
4351-QLCSU,Female,0,0,0,1,United States,California,Quincy,95971,39.971228,-121.041166
5419-JPRRN,Male,0,0,0,1,United States,California,Rough And Ready,95975,39.225634,-121.156163
2100-BDNSN,Female,0,1,0,5,United States,California,Strawberry Valley,95981,39.58458,-121.093256
0488-GSLFR,Female,0,0,0,1,United States,California,Taylorsville,95983,40.053684,-120.743116
9318-NKNFC,Male,0,0,0,1,United States,California,Twain,95984,40.022184,-121.062384
9728-FTTVZ,Female,0,0,0,1,United States,California,Williams,95987,39.117537,-122.284654
7254-IQWOZ,Male,0,0,0,1,United States,California,Redding,96001,40.587919,-122.464732
2474-BRUCM,Male,1,1,0,40,United States,California,Redding,96002,40.527834,-122.318749
0742-NXBGR,Female,0,0,0,1,United States,California,Adin,96006,41.171578,-120.913161
6110-OHIHY,Male,0,0,0,3,United States,California,Burney,96013,40.946785,-121.719489
5889-LFOLL,Female,0,0,0,13,United States,California,Canby,96015,41.486953,-120.913975
5708-EVONK,Female,0,1,0,58,United States,California,Cassel,96016,40.936285,-121.572692
8708-XPXHZ,Female,0,1,0,42,United States,California,Castella,96017,41.121108,-122.336613
0616-ATFGB,Male,1,1,0,1,United States,California,Shasta Lake,96019,40.692523,-122.369876
7016-BPGEU,Female,0,0,0,29,United States,California,Dunsmuir,96025,41.212695,-122.392067
6876-ADESB,Male,0,0,1,1,United States,California,Etna,96027,41.405193,-123.008567
1963-SVUCV,Male,0,0,0,1,United States,California,Flournoy,96029,39.84784,-122.544556
0220-EBGCE,Male,0,0,0,2,United States,California,Fort Jones,96032,41.5837,-122.935922
2754-VDLTR,Male,0,0,0,10,United States,California,Greenview,96037,41.528541,-122.955018
3190-XFANI,Male,0,0,0,49,United States,California,Happy Camp,96039,41.831901,-123.487478
7551-DACSP,Male,0,1,1,6,United States,California,Hat Creek,96040,40.789799,-121.474529
7235-NXZCP,Male,1,0,0,2,United States,California,Hornbrook,96044,41.962127,-122.527696
0520-FDVVT,Male,0,0,0,35,United States,California,Lewiston,96052,40.704293,-122.803899
1444-VVSGW,Male,0,1,0,70,United States,California,Los Molinos,96055,40.059385,-122.091481
5712-PTIWW,Male,0,0,0,2,United States,California,Mcarthur,96056,41.10831,-121.360362
3315-TOTBP,Male,0,0,0,15,United States,California,Mill Creek,96061,40.331975,-121.460674
6661-HBGWL,Female,1,0,0,42,United States,California,Mineral,96063,40.408796,-121.579609
1518-VOWAV,Female,0,0,0,9,United States,California,Montague,96064,41.759864,-122.379175
5909-ECHUI,Female,0,0,0,1,United States,California,Oak Run,96069,40.689243,-122.037023
1309-BXVOQ,Male,0,1,0,21,United States,California,Old Station,96071,40.656287,-121.428965
9317-WZPGV,Female,1,0,0,2,United States,California,Paskenta,96074,39.884395,-122.587513
2856-HYAPG,Female,0,0,0,1,United States,California,Platina,96076,40.367964,-122.937379
4488-PSYCG,Male,0,0,0,16,United States,California,Seiad Valley,96086,41.924174,-123.260788
3621-CEOVK,Female,1,1,0,14,United States,California,Trinity Center,96091,41.081847,-122.700545
6906-ANDWJ,Male,0,1,0,15,United States,California,Vina,96092,39.955164,-122.018567
1031-IIDEO,Female,0,0,0,1,United States,California,Sierra City,96125,39.600599,-120.636358
5832-XKAES,Male,0,0,0,2,United States,California,Sierraville,96126,39.559709,-120.345639
4701-AHWMW,Male,0,1,0,55,United States,California,Susanville,96130,40.559177,-120.612113
9210-IAHGH,Female,0,0,0,7,United States,California,Wendel,96136,40.345949,-120.081187
0023-XUOPT,Female,0,1,0,13,United States,California,Carnelian Bay,96140,39.227434,-120.091806
4592-IWTJI,Female,0,1,1,3,United States,California,Homewood,96141,39.117018,-120.212535
7632-MNYOY,Male,1,0,0,66,United States,California,Tahoe Vista,96148,39.24124,-120.054765
6518-LGAOV,Female,0,1,0,38,United States,California,South Lake Tahoe,96150,38.911577,-120.106169
7242-QZLXF,Male,0,0,1,1,United States,California,Truckee,96161,39.342498,-120.247127
4576-CSAJH,Male,0,0,0,22,United States,California,Los Angeles,90001,33.973616,-118.24902
1000-AJSLD,Male,0,0,0,1,United States,California,Los Angeles,90002,33.949255,-118.246978
1062-LHZOD,Male,0,1,0,1,United States,California,Los Angeles,90005,34.059281,-118.30742
9600-NAXZN,Male,0,0,0,43,United States,California,Los Angeles,90010,34.062125,-118.315709
6457-USBER,Male,0,0,0,1,United States,California,Los Angeles,90014,34.043144,-118.251977
4662-EKDPQ,Male,0,0,0,2,United States,California,Los Angeles,90016,34.028331,-118.354338
9248-OJYKK,Male,1,0,0,1,United States,California,Los Angeles,90017,34.052842,-118.264495
3398-FSHON,Female,1,0,0,12,United States,California,Los Angeles,90019,34.049841,-118.33846
3319-DWOEP,Male,1,1,0,6,United States,California,Los Angeles,90020,34.066367,-118.309868
9259-PACGQ,Female,0,1,0,34,United States,California,Los Angeles,90026,34.078991,-118.263804
4415-IJZTP,Female,0,0,0,1,United States,California,Los Angeles,90027,34.127194,-118.295647
1465-VINDH,Female,0,1,0,10,United States,California,Los Angeles,90028,34.099869,-118.326843
2810-FTLEM,Female,0,0,0,16,United States,California,Los Angeles,90036,34.070291,-118.349191
1925-TIBLE,Female,0,1,0,7,United States,California,Los Angeles,90049,34.091829,-118.491244
0818-OCPZO,Male,1,0,0,27,United States,California,Los Angeles,90059,33.927254,-118.249826
1447-GIQMR,Male,0,1,0,1,United States,California,Los Angeles,90062,34.003553,-118.308933
0872-NXJYS,Female,0,0,0,9,United States,California,West Hollywood,90069,34.093781,-118.381061
9412-ARGBX,Female,0,0,0,48,United States,California,Downey,90241,33.940884,-118.128628
1389-CXMLU,Male,1,0,0,3,United States,California,Downey,90242,33.921793,-118.140588
5561-NWEVX,Female,1,1,0,2,United States,California,Hermosa Beach,90254,33.86532,-118.396336
2737-WFVYW,Female,0,0,0,2,United States,California,Marina Del Rey,90292,33.977468,-118.445475
2272-QAGFO,Female,1,0,0,14,United States,California,Inglewood,90304,33.936827,-118.359824
9850-OWRHQ,Female,0,1,0,3,United States,California,Torrance,90502,33.833181,-118.292062
3768-NLUBH,Male,1,1,0,57,United States,California,Torrance,90503,33.840399,-118.353714
8676-TRMJS,Male,0,0,0,3,United States,California,Torrance,90504,33.867257,-118.330794
7359-SSBJK,Female,1,0,0,64,United States,California,Whittier,90605,33.960891,-118.032222
0685-MLYYM,Female,1,0,0,2,United States,California,Buena Park,90620,33.845706,-118.012204
8182-PNAGI,Male,0,0,0,12,United States,California,Pico Rivera,90660,33.989524,-118.089299
7957-RYHQD,Female,1,0,0,40,United States,California,Bellflower,90706,33.887676,-118.127289
2180-DXNEG,Female,0,0,0,12,United States,California,Harbor City,90710,33.798266,-118.300237
5515-AKOAJ,Female,0,0,0,54,United States,California,Hawaiian Gardens,90716,33.830431,-118.074071
8976-OQHGT,Female,0,1,1,4,United States,California,Lomita,90717,33.794209,-118.317354
6230-BSUXY,Female,1,0,0,1,United States,California,Paramount,90723,33.897122,-118.164432
5294-CDGWY,Male,0,1,0,51,United States,California,Long Beach,90802,33.752524,-118.210737
5295-PCJOO,Male,0,0,1,4,United States,California,Long Beach,90805,33.864622,-118.179626
9863-JZAIC,Male,0,0,0,35,United States,California,Long Beach,90807,33.830099,-118.182239
7660-HDPJV,Female,0,0,0,1,United States,California,Long Beach,90810,33.819814,-118.222416
7931-PXHFC,Male,0,0,0,38,United States,California,Duarte,91010,34.145695,-117.95982
3990-QYKBE,Male,1,1,0,37,United States,California,La Canada Flintridge,91011,34.234912,-118.153729
4919-MOAVT,Male,0,0,0,3,United States,California,Pasadena,91103,34.167465,-118.165327
3090-HAWSU,Male,0,0,0,61,United States,California,Pasadena,91107,34.159007,-118.087353
9820-RMCQV,Female,0,0,0,11,United States,California,San Marino,91108,34.122671,-118.112911
7839-QRKXN,Female,0,0,0,1,United States,California,Glendale,91203,34.153338,-118.262974
5204-QZXPU,Male,0,0,0,19,United States,California,Glendale,91205,34.13658,-118.245839
4597-ELFTS,Male,0,0,0,56,United States,California,Glendale,91206,34.162515,-118.203869
8450-JOVAH,Male,0,1,1,2,United States,California,Agoura Hills,91301,34.129058,-118.759788
1113-IUJYX,Female,0,1,0,14,United States,California,Winnetka,91306,34.209532,-118.577563
9274-CNFMO,Male,1,1,0,4,United States,California,Pacoima,91331,34.255442,-118.421314
7758-XKCBS,Male,0,0,0,15,United States,California,Reseda,91335,34.200175,-118.540958
8992-JQYUN,Male,0,1,0,1,United States,California,San Fernando,91340,34.286131,-118.435969
0617-AQNWT,Female,0,1,0,64,United States,California,North Hills,91343,34.238802,-118.482296
2446-PLQVO,Male,0,0,0,1,United States,California,Santa Clarita,91350,34.502432,-118.41459
3005-NFMTA,Male,1,0,0,55,United States,California,Valencia,91354,34.457005,-118.573726
8784-CGILN,Female,0,0,0,18,United States,California,Tarzana,91356,34.157137,-118.548511
5389-FFVKB,Male,1,1,0,32,United States,California,Thousand Oaks,91360,34.214054,-118.88109
8444-WRIDW,Female,1,0,0,66,United States,California,Thousand Oaks,91362,34.191842,-118.822796
9451-LPGOO,Male,0,0,0,7,United States,California,Panorama City,91402,34.223768,-118.445461
5868-YWPDW,Male,1,1,0,6,United States,California,Sherman Oaks,91423,34.146957,-118.432138
2025-JKFWI,Male,0,0,0,13,United States,California,Burbank,91501,34.188339,-118.300942
4078-SAYYN,Female,0,0,0,11,United States,California,Burbank,91502,34.177267,-118.31003
9940-HPQPG,Female,0,1,0,9,United States,California,North Hollywood,91601,34.1692,-118.372498
6618-RYATB,Female,0,0,0,1,United States,California,North Hollywood,91605,34.207295,-118.400022
9079-YEXQJ,Female,0,0,0,54,United States,California,Chino,91710,33.990646,-117.663025
2685-SREOM,Female,0,1,0,25,United States,California,Rancho Cucamonga,91730,34.10097,-117.57882
0402-CQAJN,Female,0,0,0,37,United States,California,El Monte,91732,34.074492,-118.01462
6692-UDPJC,Female,0,1,1,14,United States,California,South El Monte,91733,34.04622,-118.053753
1273-MTETI,Female,1,0,0,4,United States,California,Rancho Cucamonga,91737,34.245289,-117.642503
5480-HPRRX,Female,1,0,0,3,United States,California,Glendora,91740,34.119363,-117.855059
0295-PPHDO,Male,0,0,0,1,United States,California,La Puente,91744,34.031441,-117.936436
1195-OIYEJ,Male,0,0,0,13,United States,California,La Puente,91746,34.038983,-117.991372
5906-CVLHP,Female,0,1,0,45,United States,California,Rowland Heights,91748,33.976753,-117.897367
4501-EQDRN,Female,0,0,0,1,United States,California,Montclair,91763,34.072121,-117.698319
2990-HWIML,Female,0,0,0,6,United States,California,Ontario,91764,34.074087,-117.605618
7384-GHBPI,Male,0,1,0,3,United States,California,San Dimas,91773,34.102119,-117.815532
7603-USHJS,Male,0,0,1,12,United States,California,San Gabriel,91775,34.114772,-118.089431
7234-FECYN,Female,1,0,0,8,United States,California,San Gabriel,91776,34.089927,-118.095645
5876-HZVZM,Female,0,1,1,6,United States,California,West Covina,91792,34.024405,-117.898722
1400-MMYXY,Male,1,1,0,3,United States,California,Alhambra,91801,34.090925,-118.128164
3085-QUOZK,Female,0,0,0,1,United States,California,Alpine,91901,32.827184,-116.703729
3926-CUQZX,Male,0,0,0,1,United States,California,Campo,91906,32.673483,-116.472863
1041-RXHRA,Female,0,0,0,41,United States,California,Guatay,91931,32.857946,-116.561917
1750-CSKKM,Male,0,0,1,9,United States,California,Imperial Beach,91932,32.579134,-117.119009
7142-HVGBG,Male,1,1,0,43,United States,California,Mount Laguna,91948,32.830852,-116.444601
8267-ZNYVZ,Female,0,1,0,33,United States,California,Spring Valley,91977,32.726627,-116.994608
6457-GIRWB,Male,0,0,0,1,United States,California,Carlsbad,92008,33.148116,-117.306043
1450-SKCVI,Female,0,0,0,56,United States,California,Del Mar,92014,32.948262,-117.256086
5570-PTWEH,Female,0,1,0,3,United States,California,Encinitas,92024,33.054579,-117.25665
6502-MJQAE,Male,0,0,0,1,United States,California,Escondido,92027,33.141265,-116.967221
7693-LCKZL,Male,0,1,1,5,United States,California,Julian,92036,32.980678,-116.262854
0032-PGELS,Female,0,1,1,1,United States,California,Palomar Mountain,92060,33.309852,-116.823091
6797-LNAQX,Male,0,1,0,70,United States,California,Poway,92064,32.984395,-117.013454
6394-MFYNG,Female,0,0,0,48,United States,California,Solana Beach,92075,33.001813,-117.263628
1564-NTYXF,Female,1,0,0,13,United States,California,San Marcos,92078,33.119028,-117.166036
8155-IBNHG,Female,0,1,0,24,United States,California,San Diego,92103,32.747484,-117.166877
0886-QGENL,Female,1,1,0,27,United States,California,San Diego,92104,32.741499,-117.127409
8739-WWKDU,Male,1,0,0,25,United States,California,San Diego,92109,32.787836,-117.232376
8685-WHQPW,Female,1,0,0,22,United States,California,San Diego,92110,32.76501,-117.19938
4745-LSPLO,Male,0,0,0,1,United States,California,San Diego,92111,32.805518,-117.169052
8083-YTZES,Male,0,0,0,4,United States,California,San Diego,92113,32.697098,-117.116587
7240-FQLHE,Female,1,1,0,18,United States,California,San Diego,92114,32.707892,-117.05512
6664-FPDAC,Female,1,0,0,56,United States,California,San Diego,92115,32.762506,-117.07245
0786-VSSUD,Male,1,0,0,16,United States,California,San Diego,92123,32.808814,-117.134694
3976-BWUCK,Female,0,1,0,30,United States,California,San Diego,92130,32.957195,-117.202542
3585-ISXZP,Female,0,0,0,8,United States,California,Indio,92201,33.713891,-116.237257
6583-QGCSI,Female,1,1,0,50,United States,California,Indian Wells,92210,33.537646,-116.291089
4174-LPGTI,Female,0,1,0,41,United States,California,Beaumont,92223,33.946982,-116.977672
2108-XWMPY,Male,0,0,0,3,United States,California,Cabazon,92230,33.929812,-116.76058
6304-IJFSQ,Male,0,0,0,3,United States,California,Calipatria,92233,33.143826,-115.497485
0093-XWZFY,Male,0,0,0,40,United States,California,Desert Hot Springs,92241,33.832799,-116.250973
1980-KXVPM,Female,1,0,0,3,United States,California,El Centro,92243,32.770393,-115.60915
7703-ZEKEF,Male,0,0,0,23,United States,California,Heber,92249,32.730583,-115.501083
0723-DRCLG,Female,1,1,0,1,United States,California,Holtville,92250,32.811001,-115.152865
5482-NUPNA,Female,0,0,0,4,United States,California,Imperial,92251,32.858595,-115.662709
1122-JWTJW,Male,0,1,1,1,United States,California,Ocotillo,92259,32.698964,-115.886656
1699-HPSBG,Male,0,0,0,12,United States,California,Palm Springs,92264,33.745746,-116.514215
8775-CEBBJ,Female,0,0,0,9,United States,California,Seeley,92273,32.790282,-115.689559
6894-LFHLY,Male,1,0,0,1,United States,California,Vidal,92280,34.264124,-114.717964
0639-TSIQW,Female,0,0,0,67,United States,California,White Water,92282,33.972293,-116.654195
8361-LTMKD,Male,1,1,0,4,United States,California,Apple Valley,92307,34.55082,-117.122396
7590-VHVEG,Female,0,1,0,1,United States,California,Los Angeles,90001,33.973616,-118.24902
5575-GNVDE,Male,0,0,0,34,United States,California,Los Angeles,90002,33.949255,-118.246978
7795-CFOCW,Male,0,0,0,45,United States,California,Los Angeles,90004,34.076259,-118.310715
1452-KIOVK,Male,0,0,1,22,United States,California,Los Angeles,90007,34.027337,-118.28515
6713-OKOMC,Female,0,0,0,10,United States,California,Los Angeles,90008,34.008293,-118.346766
6388-TABGU,Male,0,0,0,62,United States,California,Los Angeles,90011,34.00709,-118.258681
9763-GRSKD,Male,0,1,1,13,United States,California,Los Angeles,90012,34.065875,-118.238728
7469-LKBCI,Male,0,0,0,16,United States,California,Los Angeles,90013,34.044639,-118.240413
8091-TTVAX,Male,0,1,0,58,United States,California,Los Angeles,90014,34.043144,-118.251977
5129-JLPIS,Male,0,0,0,25,United States,California,Los Angeles,90016,34.028331,-118.354338
3655-SNQYZ,Female,0,1,0,69,United States,California,Los Angeles,90017,34.052842,-118.264495
8191-XWSZG,Female,0,0,0,52,United States,California,Los Angeles,90018,34.028735,-118.317236
9959-WOFKT,Male,0,0,0,71,United States,California,Los Angeles,90019,34.049841,-118.33846
4183-MYFRB,Female,0,0,0,21,United States,California,Los Angeles,90021,34.029043,-118.239504
1680-VDCWW,Male,0,1,0,12,United States,California,Los Angeles,90023,34.017697,-118.200577
3638-WEABW,Female,0,1,0,58,United States,California,Los Angeles,90025,34.046174,-118.446333
6322-HRPFA,Male,0,1,1,49,United States,California,Los Angeles,90026,34.078991,-118.263804
6865-JZNKO,Female,0,0,0,30,United States,California,Los Angeles,90027,34.127194,-118.295647
5248-YGIJN,Male,0,1,0,72,United States,California,Los Angeles,90031,34.085807,-118.206617
3841-NFECX,Female,1,1,0,71,United States,California,Los Angeles,90033,34.050198,-118.210946
4929-XIHVW,Male,1,1,0,2,United States,California,Los Angeles,90034,34.030578,-118.399613
6827-IEAUQ,Female,0,1,0,27,United States,California,Los Angeles,90035,34.051809,-118.383843
7310-EGVHZ,Male,0,0,0,1,United States,California,Los Angeles,90036,34.070291,-118.349191
3413-BMNZE,Male,1,0,0,1,United States,California,Los Angeles,90037,34.002642,-118.287596
6234-RAAPL,Female,0,1,0,72,United States,California,Los Angeles,90038,34.088017,-118.327168
6572-ADKRS,Female,0,0,0,46,United States,California,Los Angeles,90040,33.994524,-118.149953
8865-TNMNX,Male,0,1,0,10,United States,California,Los Angeles,90043,33.988543,-118.334081
9489-DEDVP,Female,0,1,0,70,United States,California,Los Angeles,90044,33.952714,-118.292061
9867-JCZSP,Female,0,1,0,17,United States,California,Los Angeles,90045,33.954017,-118.402447
4671-VJLCL,Female,0,0,0,63,United States,California,Los Angeles,90046,34.108455,-118.362081
4080-IIARD,Female,0,1,0,13,United States,California,Los Angeles,90047,33.958149,-118.308441
3714-NTNFO,Female,0,0,0,49,United States,California,Los Angeles,90048,34.072945,-118.37267
5948-UJZLF,Male,0,0,0,2,United States,California,Los Angeles,90049,34.091829,-118.491244
7639-LIAYI,Male,0,0,0,52,United States,California,Los Angeles,90057,34.061918,-118.277939
2954-PIBKO,Female,0,1,0,69,United States,California,Los Angeles,90058,34.001617,-118.222274
8012-SOUDQ,Female,1,0,0,43,United States,California,Los Angeles,90059,33.927254,-118.249826
6575-SUVOI,Female,1,1,0,25,United States,California,Los Angeles,90062,34.003553,-118.308933
4667-QONEA,Female,1,1,0,60,United States,California,Los Angeles,90064,34.037251,-118.423573
8769-KKTPH,Female,0,1,0,63,United States,California,Los Angeles,90066,34.002028,-118.430656
5067-XJQFU,Male,1,1,0,66,United States,California,Los Angeles,90067,34.057496,-118.413959
3957-SQXML,Female,0,1,0,34,United States,California,Los Angeles,90068,34.137411,-118.328915
5954-BDFSG,Female,0,0,0,72,United States,California,West Hollywood,90069,34.093781,-118.381061
0434-CSFON,Female,0,1,0,47,United States,California,Los Angeles,90071,34.052917,-118.255178
1215-FIGMP,Male,0,0,0,60,United States,California,Los Angeles,90077,34.102084,-118.451629
0526-SXDJP,Male,0,1,0,72,United States,California,Bell,90201,33.970343,-118.171368
0557-ASKVU,Female,0,1,0,18,United States,California,Beverly Hills,90210,34.099891,-118.414338
5122-CYFXA,Female,0,0,0,3,United States,California,Beverly Hills,90212,34.062095,-118.401508
8627-ZYGSZ,Male,0,1,0,47,United States,California,Compton,90220,33.88151,-118.234451
3410-YOQBQ,Female,0,0,0,31,United States,California,Compton,90221,33.885811,-118.206459
3170-NMYVV,Female,0,1,0,50,United States,California,Compton,90222,33.912246,-118.236773
7410-OIEDU,Male,0,0,0,10,United States,California,Culver City,90230,33.993991,-118.39704
2273-QCKXA,Male,0,0,0,1,United States,California,Culver City,90232,34.019323,-118.391902
0731-EBJQB,Female,0,1,0,52,United States,California,Downey,90240,33.956228,-118.120993
1891-QRQSA,Male,1,1,0,64,United States,California,Downey,90241,33.940884,-118.128628
8028-PNXHQ,Male,0,1,0,62,United States,California,Downey,90242,33.921793,-118.140588
5630-AHZIL,Female,0,0,1,3,United States,California,El Segundo,90245,33.917145,-118.401554
2673-CXQEU,Female,1,0,0,56,United States,California,Gardena,90247,33.890853,-118.297967
6416-JNVRK,Female,0,0,0,46,United States,California,Gardena,90248,33.876482,-118.284077
5590-ZSKRV,Female,0,1,1,8,United States,California,Gardena,90249,33.90139,-118.315697
0191-ZHSKZ,Male,1,0,0,30,United States,California,Hawthorne,90250,33.914775,-118.348083
3887-PBQAO,Female,0,1,0,45,United States,California,Hermosa Beach,90254,33.86532,-118.396336
8108-UXRQN,Female,0,1,1,11,United States,California,Lawndale,90260,33.88856,-118.351813
9919-YLNNG,Female,0,0,0,42,United States,California,Malibu,90263,34.037037,-118.705803
0318-ZOPWS,Female,0,1,0,49,United States,California,Malibu,90265,34.074572,-118.831181
4445-ZJNMU,Male,0,0,0,9,United States,California,Manhattan Beach,90266,33.889632,-118.39737
4808-YNLEU,Female,0,1,0,35,United States,California,Maywood,90270,33.988572,-118.186565
1862-QRWPE,Female,0,1,0,48,United States,California,Pacific Palisades,90272,34.079449,-118.548306
2796-NNUFI,Female,0,1,0,46,United States,California,Palos Verdes Peninsula,90274,33.788208,-118.404955
3016-KSVCP,Male,0,1,0,29,United States,California,Rancho Palos Verdes,90275,33.753146,-118.367459
4767-HZZHQ,Male,0,1,1,30,United States,California,Redondo Beach,90277,33.830453,-118.384565
2424-WVHPL,Male,1,0,0,1,United States,California,Redondo Beach,90278,33.873395,-118.37019
7233-PAHHL,Male,0,1,0,66,United States,California,South Gate,90280,33.944624,-118.192615
6067-NGCEU,Female,0,0,0,65,United States,California,Topanga,90290,34.115192,-118.61017
9848-JQJTX,Male,0,0,0,72,United States,California,Venice,90291,33.991782,-118.479229
9803-FTJCG,Male,0,1,0,71,United States,California,Playa Del Rey,90293,33.947305,-118.439841
3212-KXOCR,Male,0,0,0,52,United States,California,Inglewood,90302,33.975332,-118.355252
6380-ARCEH,Male,0,0,0,1,United States,California,Inglewood,90304,33.936827,-118.359824
3679-XASPY,Female,0,1,1,1,United States,California,Inglewood,90305,33.958134,-118.330905
7123-WQUHX,Male,0,0,0,38,United States,California,Santa Monica,90401,34.015481,-118.493231
5386-THSLQ,Female,1,1,0,66,United States,California,Santa Monica,90402,34.035849,-118.503508
6180-YBIQI,Male,0,0,0,5,United States,California,Santa Monica,90404,34.026334,-118.474222
6728-DKUCO,Female,0,1,0,72,United States,California,Santa Monica,90405,34.005439,-118.477507
9750-BOOHV,Female,0,0,0,32,United States,California,Torrance,90501,33.833699,-118.314387
8597-CWYHH,Male,0,0,0,43,United States,California,Torrance,90502,33.833181,-118.292062
2848-YXSMW,Male,0,1,0,72,United States,California,Torrance,90503,33.840399,-118.353714
4549-ZDQYY,Female,0,0,0,52,United States,California,Torrance,90505,33.807882,-118.347957
5712-AHQNN,Female,0,0,0,43,United States,California,Whittier,90601,34.007353,-118.033683
5256-SKJGO,Female,0,1,0,64,United States,California,Whittier,90603,33.945318,-117.992066
3071-VBYPO,Male,0,1,1,3,United States,California,Whittier,90604,33.929704,-118.01208
9560-BBZXK,Female,0,0,0,36,United States,California,Whittier,90605,33.960891,-118.032222
8402-OOOHJ,Female,0,0,0,41,United States,California,Buena Park,90620,33.845706,-118.012204
9445-ZUEQE,Male,0,1,1,27,United States,California,Buena Park,90621,33.874224,-117.993368
1091-SOZGA,Female,0,1,0,56,United States,California,La Palma,90623,33.850504,-118.039892
2928-HLDBA,Female,0,0,0,6,United States,California,Cypress,90630,33.818477,-118.038307
6497-TILVL,Female,0,1,1,7,United States,California,La Mirada,90638,33.902045,-118.008961
7219-TLZHO,Female,0,1,1,4,United States,California,Montebello,90640,34.015217,-118.109962
4622-YNKIJ,Male,0,0,0,33,United States,California,Norwalk,90650,33.905963,-118.08263
6734-PSBAW,Male,0,1,0,72,United States,California,Santa Fe Springs,90670,33.933565,-118.062611
3930-ZGWVE,Male,0,0,0,1,United States,California,Stanton,90680,33.801869,-117.995068
2639-UGMAZ,Male,1,0,0,71,United States,California,Artesia,90701,33.867593,-118.080637
2876-GZYZC,Female,0,0,0,13,United States,California,Cerritos,90703,33.8681,-118.067402
8587-XYZSF,Male,0,0,0,67,United States,California,Bellflower,90706,33.887676,-118.127289
7799-LGRDP,Female,0,0,0,43,United States,California,Lakewood,90713,33.847755,-118.112532
7850-VWJUU,Female,0,0,0,23,United States,California,Lakewood,90715,33.841027,-118.078097
3774-VBNXY,Female,0,1,0,64,United States,California,Hawaiian Gardens,90716,33.830431,-118.074071
6217-KDYWC,Male,0,0,0,57,United States,California,Lomita,90717,33.794209,-118.317354
3146-MSEGF,Female,1,1,0,72,United States,California,Paramount,90723,33.897122,-118.164432
1095-WGNGG,Female,0,1,0,61,United States,California,San Pedro,90732,33.744119,-118.31448
2636-SJDOU,Male,0,0,0,64,United States,California,Seal Beach,90740,33.75462,-118.071128
1131-QQZEB,Male,1,1,0,71,United States,California,Sunset Beach,90742,33.719221,-118.073596
5716-EZXZN,Female,0,1,0,65,United States,California,Surfside,90743,33.728273,-118.085304
6837-BJYDQ,Male,0,0,0,3,United States,California,Wilmington,90744,33.782068,-118.262263
6440-DKQGE,Male,0,0,0,30,United States,California,Carson,90746,33.859171,-118.252272
3466-BYAVD,Male,0,1,1,15,United States,California,Long Beach,90802,33.752524,-118.210737
3780-YVMFA,Female,0,1,1,8,United States,California,Long Beach,90803,33.760458,-118.129725
1679-JRFBR,Female,0,1,0,70,United States,California,Long Beach,90805,33.864622,-118.179626
9073-ZZIAY,Male,0,1,0,62,United States,California,Long Beach,90806,33.802664,-118.179971
3077-RSNTJ,Female,0,1,1,6,United States,California,Long Beach,90807,33.830099,-118.182239
6551-GNYDG,Female,0,1,1,14,United States,California,Long Beach,90808,33.823943,-118.111335
9167-APMXZ,Female,0,0,0,22,United States,California,Long Beach,90810,33.819814,-118.222416
2749-CTKAJ,Male,0,1,0,22,United States,California,Long Beach,90813,33.781086,-118.199049
6371-NZYEG,Male,0,1,0,16,United States,California,Long Beach,90814,33.771612,-118.143866
7554-NEWDD,Male,0,0,0,10,United States,California,Long Beach,90815,33.797638,-118.11662
8992-VONJD,Female,0,0,1,13,United States,California,Long Beach,90822,33.778436,-118.118648
4482-EWFMI,Female,0,0,0,2,United States,California,Arcadia,91006,34.137319,-118.029837
4648-YPBTM,Male,0,0,0,53,United States,California,Arcadia,91007,34.128284,-118.047732
2907-ILJBN,Female,0,1,0,11,United States,California,Duarte,91010,34.145695,-117.95982
6345-FZOQH,Male,0,1,0,69,United States,California,La Canada Flintridge,91011,34.234912,-118.153729
5997-OPVFA,Male,0,1,0,72,United States,California,Montrose,91020,34.2112,-118.230625
1159-WFSGR,Female,0,1,1,16,United States,California,South Pasadena,91030,34.110444,-118.156957
7654-YWJUF,Male,0,1,0,43,United States,California,Sunland,91040,34.282704,-118.312929
6727-IOTLZ,Male,0,1,0,14,United States,California,Pasadena,91101,34.146635,-118.139225
5918-VUKWP,Female,0,0,0,32,United States,California,Pasadena,91104,34.165383,-118.123752
1744-JHKYS,Female,0,1,0,34,United States,California,Pasadena,91105,34.13946,-118.166649
5947-SGKCL,Female,0,1,1,15,United States,California,San Marino,91108,34.122671,-118.112911
3712-PKXZA,Male,0,1,0,61,United States,California,Glendale,91201,34.17051,-118.289463
6582-OIVSP,Female,0,0,0,1,United States,California,Glendale,91203,34.153338,-118.262974
5524-KHNJP,Male,0,1,0,33,United States,California,Glendale,91205,34.13658,-118.245839
4827-USJHP,Male,0,0,0,20,United States,California,Glendale,91208,34.195386,-118.238508
8167-GJLRN,Male,0,0,0,3,United States,California,La Crescenta,91214,34.239636,-118.245259
0956-SYCWG,Female,0,0,0,13,United States,California,Agoura Hills,91301,34.129058,-118.759788
8017-UVSZU,Female,0,1,0,40,United States,California,Calabasas,91302,34.130861,-118.68346
7100-FQPRV,Male,0,1,0,43,United States,California,Canoga Park,91303,34.19829,-118.602203
2984-RGEYA,Female,0,1,0,69,United States,California,Winnetka,91306,34.209532,-118.577563
9680-NIAUV,Female,0,1,0,72,United States,California,West Hills,91307,34.199787,-118.68493
2146-EGVDT,Male,0,1,0,59,United States,California,Chatsworth,91311,34.294142,-118.603883
2604-IJPDU,Female,0,1,0,20,United States,California,Encino,91316,34.150354,-118.518292
9178-JHUVJ,Male,0,1,1,24,United States,California,Newbury Park,91320,34.172071,-118.946262
6168-YBYNP,Male,0,0,0,59,United States,California,Newhall,91321,34.370378,-118.504118
7255-SSFBC,Male,0,1,1,72,United States,California,Northridge,91324,34.238208,-118.55029
3645-DEYGF,Male,0,0,1,1,United States,California,Northridge,91325,34.236683,-118.517588
9323-HGFWY,Female,0,1,0,27,United States,California,Porter Ranch,91326,34.281911,-118.556218
8544-GOQSH,Female,0,0,0,14,United States,California,Pacoima,91331,34.255442,-118.421314
3363-DTIVD,Male,0,1,1,71,United States,California,Reseda,91335,34.200175,-118.540958
7018-WBJNK,Male,0,0,1,13,United States,California,San Fernando,91340,34.286131,-118.435969
9142-KZXOP,Male,0,0,0,44,United States,California,Sylmar,91342,34.321621,-118.399841
7674-YTAFD,Female,0,0,0,33,United States,California,North Hills,91343,34.238802,-118.482296
6348-SNFUS,Male,0,1,0,72,United States,California,Granada Hills,91344,34.291273,-118.505104
1347-KTTTA,Male,0,1,0,64,United States,California,Canyon Country,91351,34.422519,-118.420717
4195-NZGTA,Female,0,0,0,1,United States,California,Valencia,91354,34.457005,-118.573726
7157-SMCFK,Male,0,0,1,61,United States,California,Valencia,91355,34.43987,-118.644609
4709-LKHYG,Female,0,1,0,29,United States,California,Tarzana,91356,34.157137,-118.548511
2504-DSHIH,Male,1,1,0,23,United States,California,Thousand Oaks,91360,34.214054,-118.88109
0699-NDKJM,Female,0,1,0,57,United States,California,Westlake Village,91361,34.130992,-118.894673
9286-BHDQG,Male,0,1,0,72,United States,California,Thousand Oaks,91362,34.191842,-118.822796
0230-WEQUW,Male,0,1,0,66,United States,California,Woodland Hills,91364,34.153733,-118.593408
2040-LDIWQ,Male,0,1,0,65,United States,California,Woodland Hills,91367,34.178068,-118.615714
6496-JDSSB,Female,0,0,0,8,United States,California,Oak Park,91377,34.19225,-118.776874
4443-EMBNA,Female,0,1,0,71,United States,California,Castaic,91384,34.506627,-118.699048
6469-MRVET,Male,0,1,0,1,United States,California,Van Nuys,91401,34.178483,-118.431791
5961-VUSRV,Female,0,0,0,12,United States,California,Sherman Oaks,91403,34.147149,-118.463365
6778-JFCMK,Male,0,0,0,24,United States,California,Van Nuys,91405,34.202494,-118.448048
6341-JVQGF,Female,0,1,0,31,United States,California,Van Nuys,91406,34.195685,-118.490752
4811-JBUVU,Male,0,0,0,30,United States,California,Sherman Oaks,91423,34.146957,-118.432138
0945-TSONX,Female,0,1,0,47,United States,California,Encino,91436,34.152875,-118.486056
2651-ZCBXV,Male,0,0,0,54,United States,California,Burbank,91501,34.188339,-118.300942
3316-UWXUY,Male,0,0,0,50,United States,California,Burbank,91502,34.177267,-118.31003
7083-MIOPC,Female,0,0,0,72,United States,California,Burbank,91505,34.174215,-118.345928
1984-GPTEH,Female,0,0,0,29,United States,California,Burbank,91506,34.169706,-118.323548
0621-JFHOL,Female,0,0,0,10,United States,California,North Hollywood,91602,34.15136,-118.364786
9903-LYSAB,Male,0,1,0,18,United States,California,Studio City,91604,34.139082,-118.39275
9227-UAQFT,Male,0,0,0,16,United States,California,North Hollywood,91606,34.187599,-118.387125
7301-ABVAD,Female,0,0,0,72,United States,California,Valley Village,91607,34.165783,-118.399795
6614-FHDBO,Male,0,0,0,72,United States,California,Rancho Cucamonga,91701,34.132275,-117.611478
7576-ASEJU,Female,0,1,0,41,United States,California,Azusa,91702,34.174493,-117.87068
9058-HRZSV,Female,1,1,0,65,United States,California,Baldwin Park,91706,34.098275,-117.967399
4522-AKYLR,Female,1,0,0,13,United States,California,Chino Hills,91709,33.942895,-117.725644
0221-WMXNQ,Male,1,0,0,4,United States,California,Chino,91710,33.990646,-117.663025
0303-UNCIP,Male,0,0,0,41,United States,California,Claremont,91711,34.127621,-117.717863
0959-WHOKV,Male,0,0,0,42,United States,California,Covina,91724,34.08111,-117.853935
4075-JFPGR,Female,0,1,0,51,United States,California,Rancho Cucamonga,91730,34.10097,-117.57882
3282-ZISZV,Male,0,0,0,32,United States,California,South El Monte,91733,34.04622,-118.053753
3675-YDUPJ,Male,0,0,0,10,United States,California,Rancho Cucamonga,91737,34.245289,-117.642503
4111-BNXIF,Female,0,1,0,67,United States,California,Rancho Cucamonga,91739,34.133809,-117.523724
7017-VFHAY,Female,0,1,1,61,United States,California,Glendora,91740,34.119363,-117.855059
6655-LHBYW,Male,0,0,0,50,United States,California,Glendora,91741,34.14649,-117.849815
5046-NUHWD,Female,1,1,0,29,United States,California,Hacienda Heights,91745,33.998471,-117.973758
7529-ZDFXI,Male,1,1,0,57,United States,California,La Verne,91750,34.144703,-117.770299
7605-BDWDC,Female,0,0,0,31,United States,California,Mira Loma,91752,33.999992,-117.535395
1950-KSVVJ,Female,0,1,0,45,United States,California,Monterey Park,91754,34.050322,-118.147037
0123-CRBRT,Female,0,1,0,61,United States,California,Monterey Park,91755,34.049172,-118.115022
6292-TOSSS,Male,0,0,0,50,United States,California,Mt Baldy,91759,34.231318,-117.662032
3197-ARFOY,Female,1,0,0,19,United States,California,Ontario,91761,34.035602,-117.591528
7014-ZZXAW,Female,0,1,0,71,United States,California,Montclair,91763,34.072121,-117.698319
7633-MVPUY,Male,0,1,0,57,United States,California,Diamond Bar,91765,33.992416,-117.807874
4716-HHKQH,Male,1,1,0,20,United States,California,Pomona,91767,34.083086,-117.737997
3179-GBRWV,Male,1,1,0,21,United States,California,San Gabriel,91775,34.114772,-118.089431
8645-KWHJO,Male,0,0,0,14,United States,California,San Gabriel,91776,34.089927,-118.095645
4130-MZLCC,Female,0,0,0,5,United States,California,Temple City,91780,34.101608,-118.055848
0314-TKOSI,Female,0,0,0,6,United States,California,Upland,91784,34.141146,-117.655583
8229-MYEJZ,Female,0,0,0,10,United States,California,Upland,91786,34.105493,-117.660934
2080-SRCDE,Female,0,0,1,1,United States,California,Walnut,91789,34.018354,-117.85492
9577-WJVCQ,Female,0,0,0,68,United States,California,West Covina,91790,34.066964,-117.937007
6202-DYYFX,Female,0,0,0,22,United States,California,West Covina,91792,34.024405,-117.898722
3808-HFKDE,Female,0,0,0,20,United States,California,Alhambra,91801,34.090925,-118.128164
3727-OWVYD,Male,0,0,0,35,United States,California,Campo,91906,32.673483,-116.472863
2294-SALNE,Male,0,1,0,23,United States,California,Chula Vista,91910,32.636792,-117.054989
4847-TAJYI,Female,1,0,0,6,United States,California,Chula Vista,91911,32.607964,-117.059459
1563-IWQEX,Female,0,0,0,12,United States,California,Chula Vista,91913,32.64164,-116.985026
8203-XJZRC,Male,0,0,0,1,United States,California,Chula Vista,91914,32.688506,-116.938632
6556-DBKZF,Female,0,1,1,71,United States,California,Chula Vista,91915,32.605012,-116.97595
6851-WEFYX,Male,1,1,0,35,United States,California,Descanso,91916,32.912664,-116.635387
2985-JUUBZ,Male,0,1,1,40,United States,California,Dulzura,91917,32.622999,-116.687855
0895-LMRSF,Male,0,0,0,23,United States,California,Imperial Beach,91932,32.579134,-117.119009
8266-VBFQL,Male,0,0,0,4,United States,California,Jamul,91935,32.695681,-116.798386
8181-YHCMF,Female,0,1,0,68,United States,California,La Mesa,91941,32.759327,-116.99726
2240-HSJQD,Male,0,0,1,38,United States,California,La Mesa,91942,32.782501,-117.01611
1248-DYXUB,Male,0,1,1,52,United States,California,Lemon Grove,91945,32.733564,-117.033713
4115-BNPJY,Male,0,1,0,29,United States,California,National City,91950,32.67102,-117.095235
3167-SNQPL,Male,1,1,1,38,United States,California,Pine Valley,91962,32.800671,-116.483363
4091-TVOCN,Male,0,0,0,48,United States,California,Potrero,91963,32.619465,-116.593605
1098-TDVUQ,Female,0,0,0,1,United States,California,Spring Valley,91977,32.726627,-116.994608
7277-OZCGZ,Female,0,0,0,22,United States,California,Spring Valley,91978,32.730264,-116.950963
1557-EMYVT,Female,0,0,0,43,United States,California,Tecate,91980,32.587557,-116.636816
2799-ARNLO,Female,1,1,0,5,United States,California,Bonsall,92003,33.290907,-117.202895
5027-YOCXN,Male,0,1,0,51,United States,California,Cardiff By The Sea,92007,33.015866,-117.272254
3973-SKMLN,Male,0,0,0,71,United States,California,Carlsbad,92008,33.148116,-117.306043
6745-JEFZB,Male,0,1,0,35,United States,California,El Cajon,92019,32.785165,-116.862648
9880-TDQAC,Female,0,1,0,72,United States,California,El Cajon,92021,32.832706,-116.873258
8705-WZCYL,Male,0,0,0,1,United States,California,Encinitas,92024,33.054579,-117.25665
7102-JJVTX,Female,0,1,0,9,United States,California,Escondido,92025,33.081478,-117.033814
8626-PTQGE,Male,0,0,0,69,United States,California,Escondido,92026,33.21846,-117.116916
4983-CLMLV,Female,0,1,0,52,United States,California,Escondido,92027,33.141265,-116.967221
5701-YVSVF,Female,1,1,0,11,United States,California,Fallbrook,92028,33.362575,-117.299644
5697-GOMBF,Female,1,1,1,28,United States,California,Julian,92036,32.980678,-116.262854
2739-CACDQ,Female,1,0,0,17,United States,California,La Jolla,92037,32.853743,-117.25034
9385-EHGDO,Female,0,1,1,35,United States,California,Lakeside,92040,32.909873,-116.906774
9498-FIMXL,Female,0,0,0,8,United States,California,Oceanside,92054,33.351059,-117.420557
2379-GYFLQ,Male,0,0,0,46,United States,California,Oceanside,92056,33.194742,-117.29032
2088-IEBAU,Female,0,0,0,68,United States,California,Poway,92064,32.984395,-117.013454
7982-VCELR,Female,0,0,0,36,United States,California,Ramona,92065,33.044541,-116.833922
6035-BXTTY,Female,1,0,0,32,United States,California,Rancho Santa Fe,92067,33.012751,-117.200617
6885-PKOAM,Female,0,1,0,71,United States,California,San Marcos,92069,33.162624,-117.170863
7520-HQWJU,Female,0,1,1,66,United States,California,Santa Ysabel,92070,33.174725,-116.743329
9639-BUJXT,Male,0,0,0,63,United States,California,Santee,92071,32.847336,-116.997605
5924-SNGKP,Female,0,0,0,41,United States,California,Solana Beach,92075,33.001813,-117.263628
0021-IKXGC,Female,1,0,0,1,United States,California,San Marcos,92078,33.119028,-117.166036
8966-SNIZF,Female,0,1,0,70,United States,California,Vista,92083,33.17494,-117.242761
6243-OZGFH,Female,0,0,0,23,United States,California,Vista,92084,33.22784,-117.200024
4654-DLAMQ,Female,1,1,0,64,United States,California,Warner Springs,92086,33.323705,-116.626907
0513-RBGPE,Male,0,1,0,37,United States,California,Rancho Santa Fe,92091,32.99356,-117.207121
5160-UXJED,Male,0,0,0,17,United States,California,San Diego,92101,32.72523,-117.171346
4115-NZRKS,Female,1,0,0,7,United States,California,San Diego,92102,32.716007,-117.117462
3351-NGXYI,Female,1,0,0,16,United States,California,San Diego,92106,32.71346,-117.236378
8984-EYLLL,Male,0,1,0,64,United States,California,San Diego,92107,32.741852,-117.243453
9833-TGFHX,Male,0,1,0,42,United States,California,San Diego,92109,32.787836,-117.232376
9294-TDIPC,Male,0,0,1,5,United States,California,San Diego,92110,32.76501,-117.19938
5229-DTFYB,Female,0,0,0,41,United States,California,San Diego,92111,32.805518,-117.169052
0104-PPXDV,Male,0,1,0,58,United States,California,San Diego,92113,32.697098,-117.116587
5176-LMJXE,Female,0,0,0,47,United States,California,San Diego,92114,32.707892,-117.05512
3583-KRKMD,Male,0,0,0,18,United States,California,San Diego,92115,32.762506,-117.07245
9069-LGEUL,Male,0,1,0,23,United States,California,San Diego,92117,32.825086,-117.199424
7302-ZHMHP,Female,0,0,0,1,United States,California,Coronado,92118,32.68674,-117.186612
9571-EDEBV,Male,0,1,0,71,United States,California,San Diego,92119,32.802959,-117.027095
3520-FJGCV,Male,0,1,1,72,United States,California,San Diego,92120,32.807867,-117.060993
6563-VRERX,Male,0,1,0,33,United States,California,San Diego,92121,32.898613,-117.202937
6122-EFVKN,Male,0,0,0,24,United States,California,San Diego,92123,32.808814,-117.134694
2805-EDJPQ,Female,0,1,0,56,United States,California,San Diego,92124,32.827238,-117.089287
6862-CQUMB,Male,0,0,0,37,United States,California,San Diego,92126,32.886925,-117.152162
7156-MXBJE,Female,0,0,0,43,United States,California,San Diego,92127,33.017518,-117.118456
6158-HDPXZ,Male,0,0,0,1,United States,California,San Diego,92128,33.000269,-117.072093
2863-IMQDR,Female,0,0,0,61,United States,California,San Diego,92130,32.957195,-117.202542
5686-CMAWK,Male,0,0,0,17,United States,California,San Diego,92131,32.89325,-117.087091
5651-CRHKQ,Female,0,1,0,41,United States,California,San Diego,92139,32.677716,-117.047666
8204-YJCLA,Male,1,1,0,72,United States,California,San Ysidro,92173,32.555828,-117.040073
6583-SZVGP,Male,0,0,0,48,United States,California,Indio,92203,33.752938,-116.230055
1708-PBBOA,Female,0,0,0,42,United States,California,Banning,92220,33.936298,-116.849577
8782-LKFPK,Male,0,0,0,44,United States,California,Beaumont,92223,33.946982,-116.977672
5522-JBWMO,Male,0,0,1,1,United States,California,Blythe,92225,33.674583,-114.71612
3597-MVHJT,Female,0,0,0,27,United States,California,Brawley,92227,33.03933,-115.191857
9774-NRNAU,Male,1,1,0,27,United States,California,Cabazon,92230,33.929812,-116.76058
0224-RLWWD,Female,1,0,0,2,United States,California,Calexico,92231,32.690654,-115.431225
9967-ATRFS,Female,0,0,0,19,United States,California,Calipatria,92233,33.143826,-115.497485
3951-NJCVI,Female,1,1,0,42,United States,California,Cathedral City,92234,33.829583,-116.474131
2977-CEBSX,Female,0,0,0,66,United States,California,Coachella,92236,33.680031,-116.171678
0177-PXBAT,Male,1,1,0,33,United States,California,Desert Center,92239,33.889605,-115.257009
2519-ERQOJ,Male,1,0,0,33,United States,California,Desert Hot Springs,92241,33.832799,-116.250973
5876-QMYLD,Female,0,1,0,23,United States,California,Earp,92242,34.137742,-114.36514
2277-AXSDC,Female,0,0,0,32,United States,California,El Centro,92243,32.770393,-115.60915
9442-JTWDL,Female,0,0,0,11,United States,California,Heber,92249,32.730583,-115.501083
3067-SVMTC,Female,0,1,0,68,United States,California,Imperial,92251,32.858595,-115.662709
5495-GPSRW,Male,0,0,0,20,United States,California,Joshua Tree,92252,34.167236,-116.281511
7606-BPHHN,Male,0,0,0,72,United States,California,La Quinta,92253,33.695532,-116.310571
4742-DRORA,Male,0,1,0,60,United States,California,Mecca,92254,33.543835,-115.993906
0111-KLBQG,Male,1,1,1,32,United States,California,Morongo Valley,92256,34.097863,-116.594561
4163-NCJAK,Female,0,1,0,46,United States,California,Palm Desert,92260,33.694501,-116.412711
5233-AOZUF,Female,0,1,0,29,United States,California,Palm Springs,92262,33.839989,-116.659215
5973-EJGDP,Male,0,0,0,51,United States,California,Palm Springs,92264,33.745746,-116.514215
1996-DBMUS,Female,1,1,0,48,United States,California,Palo Verde,92266,33.3249,-114.758334
7916-VCCPB,Female,0,1,1,16,United States,California,Parker Dam,92267,34.273872,-114.192901
4686-GEFRM,Male,0,1,0,70,United States,California,Pioneertown,92268,34.201108,-116.593456
5249-QYHEX,Female,0,1,1,40,United States,California,Rancho Mirage,92270,33.763678,-116.429928
2233-FAGXV,Female,0,1,1,5,United States,California,Salton City,92275,33.28156,-115.955541
5605-IYGFG,Female,0,0,0,7,United States,California,Thousand Palms,92276,33.849263,-116.382778
7663-ZTEGJ,Male,0,0,0,29,United States,California,Twentynine Palms,92277,34.17211,-115.769773
3935-TBRZZ,Male,0,1,0,44,United States,California,Twentynine Palms,92278,34.457829,-116.139589
8111-BKVDS,Female,0,0,0,10,United States,California,Vidal,92280,34.264124,-114.717964
2055-SIFSS,Female,1,1,0,55,United States,California,Westmorland,92281,33.03679,-115.60503
2806-MLNTI,Male,1,1,0,52,United States,California,White Water,92282,33.972293,-116.654195
8734-DKSTZ,Female,0,1,1,10,United States,California,Winterhaven,92283,32.852947,-114.850784
4360-PNRQB,Male,0,0,0,18,United States,California,Yucca Valley,92284,34.159534,-116.425984
6152-ONASV,Female,0,1,0,68,United States,California,Landers,92285,34.341737,-116.539416
7781-HVGMK,Female,0,1,0,72,United States,California,Amboy,92304,34.559882,-115.637164
2181-UAESM,Male,0,0,0,2,United States,California,Angelus Oaks,92305,34.1678,-116.86433
6048-NJXHX,Male,0,1,0,41,United States,California,Apple Valley,92308,34.424926,-117.184503
2320-SLKMB,Female,0,0,0,26,United States,California,Baker,92309,35.28952,-116.092214
4980-URKXC,Male,0,1,0,36,United States,California,Fort Irwin,92310,35.349241,-116.770281
4376-KFVRS,Male,0,1,0,72,United States,California,Barstow,92311,34.965648,-117.001509
5886-VLQVU,Male,0,1,0,35,United States,California,Grand Terrace,92313,34.029175,-117.307211
3577-AMVUX,Male,0,0,0,1,United States,California,Big Bear City,92314,34.278967,-116.773825
0771-WLCLA,Female,0,1,1,16,United States,California,Big Bear Lake,92315,34.242058,-116.89802
5628-RKIFK,Female,1,0,0,49,United States,California,Bloomington,92316,34.059722,-117.39104
0206-TBWLC,Female,0,1,0,54,United States,California,Calimesa,92320,33.982787,-117.057627
2937-FTHUR,Female,0,0,1,18,United States,California,Cedar Glen,92321,34.255203,-117.175654
1910-FMXJM,Female,0,1,0,36,United States,California,Colton,92324,34.030915,-117.273201
0732-OCQOC,Female,0,1,0,52,United States,California,Death Valley,92328,36.27688,-117.033326
5168-MSWXT,Male,0,1,1,8,United States,California,Essex,92332,34.9436,-115.287901
1090-ESELR,Male,0,1,0,72,United States,California,Fawnskin,92333,34.274846,-116.937581
8592-PLTMQ,Female,0,0,0,64,United States,California,Fontana,92335,34.087558,-117.464096
5760-WRAHC,Female,1,0,0,22,United States,California,Fontana,92336,34.136367,-117.460803
8847-GEOOQ,Male,0,1,0,60,United States,California,Fontana,92337,34.049671,-117.468896
4785-FCIFB,Female,0,1,0,61,United States,California,Forest Falls,92339,34.067699,-116.903891
8313-NDOIA,Female,0,0,0,24,United States,California,Green Valley Lake,92341,34.244411,-117.072654
5149-CUZUJ,Male,0,1,0,28,United States,California,Helendale,92342,34.757783,-117.33997
0942-KOWSM,Female,0,1,0,30,United States,California,Hesperia,92345,34.361387,-117.337509
4237-CLSMM,Male,0,1,0,2,United States,California,Highland,92346,34.129677,-117.154277
1452-VOQCH,Male,0,0,0,1,United States,California,Hinkley,92347,34.983808,-117.239306
4719-UMSIY,Male,0,0,1,6,United States,California,Lake Arrowhead,92352,34.2565,-117.19335
6614-VBEGU,Female,0,1,0,24,United States,California,Loma Linda,92354,34.049315,-117.255974
1480-BKXGA,Male,1,1,0,72,United States,California,Mentone,92359,34.103578,-117.04054
2996-XAUVF,Male,0,0,0,70,United States,California,Needles,92363,34.711224,-114.702256
9076-AXYIK,Male,1,1,0,64,United States,California,Nipton,92364,35.478736,-115.516984
5968-XQIVE,Male,0,1,0,72,United States,California,Newberry Springs,92365,34.89326,-116.505958
8896-RAZCR,Female,0,0,0,44,United States,California,Oro Grande,92368,34.647959,-117.296957
4933-IKULF,Female,1,0,0,17,United States,California,Pinon Hills,92372,34.459322,-117.629729
1304-BCCFO,Male,0,1,0,9,United States,California,Redlands,92374,34.064073,-117.166158
4104-PVRPS,Male,0,1,0,24,United States,California,Rialto,92376,34.109775,-117.378904
3780-DDGSE,Male,1,1,1,35,United States,California,Shoshone,92384,35.924252,-116.188668
4431-EDMIQ,Female,0,1,1,7,United States,California,Sugarloaf,92386,34.243088,-116.830015
0486-LGCCH,Male,0,1,1,11,United States,California,Victorville,92394,34.567058,-117.362329
4612-SSVHJ,Female,1,0,0,20,United States,California,Yermo,92398,35.013299,-116.834092
5168-MQQCA,Female,0,1,0,72,United States,California,Yucaipa,92399,34.04597,-117.011825
7971-HLVXI,Male,0,1,1,72,United States,California,San Bernardino,92404,34.183286,-117.221722
9094-AZPHK,Female,0,0,0,15,United States,California,San Bernardino,92405,34.142747,-117.300864
3649-JPUGY,Male,0,0,0,72,United States,California,San Bernardino,92407,34.250069,-117.393949
3552-CTCYF,Male,0,1,1,63,United States,California,San Bernardino,92411,34.122501,-117.320138
6778-YSNIH,Female,0,0,0,2,United States,California,Riverside,92501,33.994676,-117.372498
5756-OZRIO,Male,1,1,0,61,United States,California,Riverside,92504,33.9108,-117.398153
6579-JPICP,Male,0,0,0,1,United States,California,Riverside,92505,33.920907,-117.489426
4134-BSXLX,Male,0,1,0,28,United States,California,Riverside,92507,33.976328,-117.319786
0505-SPOOW,Female,0,1,0,70,United States,California,Riverside,92508,33.885499,-117.324959
4374-YMUSQ,Male,0,0,0,34,United States,California,Lake Elsinore,92530,33.655421,-117.391751
4513-CXYIX,Female,1,1,0,71,United States,California,Lake Elsinore,92532,33.705836,-117.318204
3957-HHLMR,Female,0,1,0,70,United States,California,Aguanga,92536,33.482243,-116.827173
7803-XOCCZ,Female,0,1,1,52,United States,California,Anza,92539,33.527605,-116.666551
5736-YEJAX,Male,0,0,0,69,United States,California,Hemet,92543,33.739415,-116.968339
8981-FJGLA,Male,0,0,1,11,United States,California,Hemet,92545,33.734933,-117.044145
1135-LMECX,Female,0,0,0,1,United States,California,Moreno Valley,92551,33.88274,-117.224878
4332-MUOEZ,Male,1,1,0,20,United States,California,Moreno Valley,92553,33.923149,-117.244933
8535-SFUTN,Male,0,0,0,61,United States,California,Moreno Valley,92555,33.907361,-117.109972
8677-HDZEE,Female,0,0,0,56,United States,California,Mountain Center,92561,33.638645,-116.55783
2475-MROZF,Male,0,0,0,30,United States,California,Murrieta,92562,33.548869,-117.334165
3482-ABPKK,Female,0,0,0,28,United States,California,Nuevo,92567,33.82769,-117.102244
6705-LXORM,Female,1,1,0,5,United States,California,Perris,92570,33.787298,-117.320676
7531-GQHME,Male,0,0,0,12,United States,California,San Jacinto,92582,33.806708,-117.02007
5174-ITUMV,Male,0,1,1,67,United States,California,San Jacinto,92583,33.796568,-116.924723
4109-CYRBD,Male,1,1,0,29,United States,California,Menifee,92584,33.653338,-117.178271
0913-XWSCN,Male,0,1,1,55,United States,California,Sun City,92585,33.739412,-117.173334
0750-EBAIU,Male,0,0,0,52,United States,California,Temecula,92590,33.475493,-117.219551
8606-CIQUL,Male,1,1,1,72,United States,California,Temecula,92591,33.540604,-117.10909
3571-DPYUH,Male,0,1,1,58,United States,California,Temecula,92592,33.507255,-117.029473
7601-GNDYK,Male,0,1,1,35,United States,California,Wildomar,92595,33.617108,-117.253349
0356-OBMAC,Female,1,0,0,56,United States,California,Winchester,92596,33.657433,-117.04254
8067-NIOYM,Female,0,1,1,24,United States,California,Irvine,92602,33.720359,-117.733655
1403-GYAFU,Male,0,1,1,70,United States,California,Irvine,92604,33.688546,-117.788091
4234-XTNEA,Male,0,0,0,2,United States,California,Irvine,92606,33.703976,-117.824172
1297-VQDRP,Male,1,1,1,68,United States,California,Foothill Ranch,92610,33.698728,-117.67768
5348-CAGXB,Male,0,0,0,12,United States,California,Irvine,92614,33.680302,-117.833296
0621-HJWXJ,Female,0,1,0,63,United States,California,Irvine,92618,33.667145,-117.732135
5844-QVTAT,Female,0,1,0,33,United States,California,Irvine,92620,33.716136,-117.752574
8905-IAZPF,Female,0,1,0,69,United States,California,Capistrano Beach,92624,33.458754,-117.665104
5394-MEITZ,Female,0,1,0,60,United States,California,Corona Del Mar,92625,33.600987,-117.862734
6859-QNXIQ,Female,0,1,1,72,United States,California,Costa Mesa,92626,33.678591,-117.905471
2782-LFZVW,Female,0,0,0,11,United States,California,Costa Mesa,92627,33.645672,-117.922613
2866-IKBTM,Female,0,0,0,1,United States,California,Dana Point,92629,33.477923,-117.705314
7129-AZJDE,Male,0,1,1,34,United States,California,Huntington Beach,92647,33.723579,-118.005441
2560-PPCHE,Female,0,0,0,65,United States,California,Huntington Beach,92649,33.721917,-118.043237
4676-MQUEA,Male,1,1,0,50,United States,California,Laguna Beach,92651,33.570023,-117.773669
8138-EALND,Male,0,0,0,15,United States,California,Laguna Hills,92653,33.606899,-117.717854
3580-HYCSP,Male,0,1,1,72,United States,California,Midway City,92655,33.744439,-117.98588
1352-HNSAW,Female,0,1,1,72,United States,California,Aliso Viejo,92656,33.571259,-117.731917
2075-PUEPR,Male,0,1,1,55,United States,California,Newport Coast,92657,33.603282,-117.821841
1982-FEBTD,Female,0,1,1,23,United States,California,Newport Beach,92660,33.634626,-117.874882
5791-KAJFD,Female,0,1,0,56,United States,California,Newport Beach,92662,33.606336,-117.893042
2654-VBVPB,Female,0,0,0,1,United States,California,Newport Beach,92663,33.62251,-117.927024
1154-HYWWO,Male,0,0,0,38,United States,California,San Clemente,92672,33.429488,-117.609432
2501-XWWTZ,Male,0,0,0,11,United States,California,San Clemente,92673,33.4725,-117.584273
3716-UVSPD,Male,0,0,0,1,United States,California,San Juan Capistrano,92675,33.521447,-117.602555
6815-ABQFQ,Male,0,1,0,56,United States,California,Silverado,92676,33.782346,-117.635263
7343-EOBEU,Male,0,1,0,3,United States,California,Laguna Niguel,92677,33.529047,-117.701175
3701-SFMUH,Male,0,1,1,7,United States,California,Trabuco Canyon,92679,33.631119,-117.567346
6103-LIANB,Male,0,1,1,59,United States,California,Westminster,92683,33.752591,-117.993661
7319-VENRZ,Male,0,0,0,7,United States,California,Rancho Santa Margarita,92688,33.624654,-117.611733
5846-NEQVZ,Male,0,1,0,71,United States,California,Mission Viejo,92691,33.611945,-117.665867
6967-QIQRV,Male,0,1,1,15,United States,California,Mission Viejo,92692,33.60693,-117.644253
5781-RFZRP,Male,0,1,0,71,United States,California,Ladera Ranch,92694,33.569186,-117.640055
0308-IVGOK,Female,0,0,0,11,United States,California,Santa Ana,92703,33.748635,-117.906125
7293-LSCDV,Female,0,1,1,60,United States,California,Santa Ana,92704,33.719869,-117.907063
7025-WCBNE,Male,1,0,0,47,United States,California,Santa Ana,92705,33.766004,-117.786763
5756-JYOJT,Female,0,0,0,11,United States,California,Santa Ana,92706,33.765893,-117.881533
6030-REHUX,Female,1,1,0,28,United States,California,Fountain Valley,92708,33.712036,-117.950113
9548-LIGTA,Male,0,1,0,61,United States,California,Tustin,92780,33.735802,-117.818805
5150-LJNSR,Male,0,1,1,31,United States,California,Tustin,92782,33.738543,-117.785046
8270-RKSAP,Male,0,0,0,9,United States,California,Anaheim,92801,33.844983,-117.952151
6522-YRBXD,Male,1,1,0,35,United States,California,Anaheim,92802,33.807864,-117.923782
2640-LYMOV,Male,0,0,0,2,United States,California,Anaheim,92804,33.818,-117.974404
1423-BMPBQ,Female,0,1,1,1,United States,California,Anaheim,92808,33.850452,-117.726668
2393-DIVAI,Female,0,0,0,3,United States,California,Brea,92821,33.930199,-117.862898
4568-KNYWR,Male,0,0,0,52,United States,California,Fullerton,92831,33.879983,-117.895482
8752-IMQOS,Male,0,1,0,5,United States,California,Fullerton,92832,33.868316,-117.929029
0742-LAFQK,Male,0,1,0,72,United States,California,Fullerton,92833,33.877639,-117.961212
0795-LAFGP,Male,0,1,0,71,United States,California,Fullerton,92835,33.902211,-117.914922
0619-OLYUR,Male,0,1,0,72,United States,California,Garden Grove,92840,33.787165,-117.931889
5512-IDZEI,Male,0,1,0,46,United States,California,Garden Grove,92841,33.786738,-117.982564
0459-SPZHJ,Male,0,1,0,63,United States,California,Garden Grove,92843,33.764018,-117.931507
0215-BQKGS,Male,0,0,0,30,United States,California,Garden Grove,92844,33.766476,-117.969795
9244-ZVAPM,Male,0,0,0,1,United States,California,Garden Grove,92845,33.782955,-118.026456
8208-EUMTE,Male,0,0,0,16,United States,California,Villa Park,92861,33.817473,-117.810462
5172-MIGPM,Male,0,0,0,4,United States,California,Orange,92865,33.828779,-117.848299
1710-RCXUS,Male,0,1,0,51,United States,California,Orange,92866,33.784597,-117.844535
0374-FIUCA,Male,0,1,0,65,United States,California,Orange,92867,33.81859,-117.821288
5839-SUYVZ,Male,0,0,0,16,United States,California,Orange,92868,33.787796,-117.875928
5173-ZXXXL,Male,0,0,0,2,United States,California,Orange,92869,33.792791,-117.789749
1096-ADRUX,Female,0,1,1,66,United States,California,Placentia,92870,33.881158,-117.854783
2001-MCUUW,Male,0,0,0,46,United States,California,Corona,92879,33.893823,-117.531446
2731-GJRDG,Female,0,0,0,32,United States,California,Corona,92880,33.918043,-117.617809
4723-BEGSG,Male,0,1,0,72,United States,California,Corona,92881,33.833686,-117.513063
6516-NKQBO,Male,0,1,0,38,United States,California,Corona,92882,33.819385,-117.600213
8672-OAUPW,Male,0,0,0,51,United States,California,Corona,92883,33.762351,-117.488725
8207-DMRVL,Male,0,1,1,72,United States,California,Yorba Linda,92886,33.897253,-117.792202
2804-ETQDK,Male,0,0,1,66,United States,California,Ventura,93004,34.278697,-119.167798
6689-VRRTK,Female,1,0,0,44,United States,California,Camarillo,93010,34.227846,-119.079903
7138-GIRSH,Male,0,0,0,50,United States,California,Camarillo,93012,34.205504,-118.993111
9396-ZSFLL,Female,0,0,0,15,United States,California,Carpinteria,93013,34.441398,-119.513163
6464-KEXXH,Male,0,0,0,8,United States,California,Fillmore,93015,34.408161,-118.865111
7134-MJPDY,Female,1,0,0,66,United States,California,Moorpark,93021,34.312945,-118.858169
5240-CAOYT,Female,0,0,0,57,United States,California,Oak View,93022,34.404544,-119.302118
4059-IIEBK,Female,0,0,0,7,United States,California,Ojai,93023,34.581308,-118.931948
4881-JVQOD,Male,1,1,1,10,United States,California,Oxnard,93030,34.223244,-119.18012
0516-UXRMT,Female,0,0,0,62,United States,California,Oxnard,93033,34.156629,-119.117218
4851-BQDNX,Male,0,1,1,40,United States,California,Oxnard,93035,34.18454,-119.224666
5148-HKFIR,Female,0,0,0,20,United States,California,Piru,93040,34.432843,-118.730106
3003-CMDUU,Female,0,1,0,25,United States,California,Santa Paula,93060,34.402343,-119.094824
5016-IBERQ,Male,0,1,0,23,United States,California,Simi Valley,93063,34.296813,-118.685703
6797-UCJHZ,Female,1,1,0,66,United States,California,Simi Valley,93065,34.269449,-118.768471
2469-DTSGX,Female,1,0,0,72,United States,California,Somis,93066,34.297628,-119.014627
9931-KGHOA,Female,0,1,0,46,United States,California,Santa Barbara,93103,34.438581,-119.685368
1775-KWJKQ,Male,0,1,0,72,United States,California,Santa Barbara,93105,34.037342,-119.80079
7665-VIGUD,Male,0,0,0,10,United States,California,Santa Barbara,93108,34.457541,-119.631072
9411-TPQQV,Female,0,0,0,40,United States,California,Santa Barbara,93109,34.406256,-119.726936
7954-MLBUN,Male,0,0,0,31,United States,California,Santa Barbara,93111,34.460197,-119.802602
2077-DDHJK,Female,0,1,0,68,United States,California,Goleta,93117,34.489983,-120.091246
9574-BOSMD,Male,0,1,1,68,United States,California,Arvin,93203,35.116307,-118.817644
4908-XAXAY,Female,1,0,0,49,United States,California,Buttonwillow,93206,35.451402,-119.488413
8404-VLQFB,Female,0,1,1,15,United States,California,California Hot Springs,93207,35.865795,-118.69759
2391-IPLOP,Male,0,1,0,50,United States,California,Corcoran,93212,36.04533,-119.532424
3509-GWQGF,Male,1,0,0,24,United States,California,Ducor,93218,35.846067,-119.004073
5845-BZZIB,Male,0,1,1,35,United States,California,Frazier Park,93222,34.907911,-119.234281
1140-UKVZG,Female,0,0,0,17,United States,California,Farmersville,93223,36.29878,-119.201028
5183-SNMJQ,Male,0,0,0,10,United States,California,Frazier Park,93225,34.827662,-118.999073
8100-PNJMH,Male,0,1,0,68,United States,California,Glennville,93226,35.735694,-118.738483
7838-LAZFO,Male,0,1,0,45,United States,California,Hanford,93230,36.29223,-119.622676
2085-JVGAD,Male,0,1,0,37,United States,California,Ivanhoe,93235,36.385818,-119.224243
8095-WANWK,Female,0,0,0,10,United States,California,Kettleman City,93239,35.996923,-120.000951
3030-ZKIWL,Male,0,0,0,1,United States,California,Lake Isabella,93240,35.607875,-118.466318
9565-FLVCG,Male,0,1,0,65,United States,California,Lamont,93241,35.245035,-118.905553
8755-OGKNA,Female,0,1,1,57,United States,California,Laton,93242,36.444232,-119.718285
2800-VEQXM,Female,0,0,0,3,United States,California,Lebec,93243,34.845861,-118.885163
5533-RJFTJ,Male,0,0,0,49,United States,California,Lemoore,93245,36.303666,-119.825657
0214-JHPFW,Female,0,1,0,70,United States,California,Lost Hills,93249,35.637715,-119.893068
5642-MHDQT,Female,0,1,0,53,United States,California,Mc Farland,93250,35.666886,-119.186717
3088-FVYWK,Male,0,1,1,53,United States,California,Mc Kittrick,93251,35.38381,-119.730885
9092-GDZKO,Male,0,0,0,22,United States,California,New Cuyama,93254,34.956577,-119.750142
3729-OWRVL,Male,1,0,0,65,United States,California,Pixley,93256,35.957019,-119.330928
2324-AALNO,Female,0,0,0,48,United States,California,Porterville,93257,36.008958,-118.891593
5760-IFJOZ,Male,0,0,0,3,United States,California,Richgrove,93261,35.809921,-119.127437
2826-UWHIS,Male,0,1,0,45,United States,California,Sequoia National Park,93262,36.527243,-118.594938
7501-IWUNG,Female,0,1,0,61,United States,California,Springville,93265,36.245926,-118.693138
4957-TREIR,Male,0,0,0,3,United States,California,Stratford,93266,36.175255,-119.813805
7251-LJBQN,Female,1,0,0,40,United States,California,Strathmore,93267,36.141319,-119.129075
8040-MNRTF,Female,0,0,0,1,United States,California,Taft,93268,35.184837,-119.402525
1536-HBSWP,Female,0,0,0,1,United States,California,Terra Bella,93270,35.939068,-119.043666
5313-FPXWG,Male,0,0,0,51,United States,California,Three Rivers,93271,36.413433,-118.854708
0946-FKYTX,Male,0,0,0,52,United States,California,Tulare,93274,36.185471,-119.375243
5076-YVXCM,Male,0,0,0,51,United States,California,Tupman,93276,35.316263,-119.402559
8262-COGGB,Male,0,0,0,1,United States,California,Visalia,93277,36.303793,-119.375646
6663-JOCQO,Male,0,1,0,31,United States,California,Wasco,93280,35.652242,-119.4464
9620-QJREV,Male,0,0,0,47,United States,California,Weldon,93283,35.55647,-118.244914
2682-KEVRP,Female,1,0,0,22,United States,California,Woodlake,93286,36.464635,-119.094348
2480-JZOSN,Female,0,1,0,1,United States,California,Woody,93287,35.710244,-118.881679
0078-XZMHT,Male,0,1,0,72,United States,California,Visalia,93291,36.391777,-119.372842
9978-HYCIN,Male,1,1,1,47,United States,California,Bakersfield,93301,35.383937,-119.020428
8338-QIUNR,Male,0,1,0,72,United States,California,Bakersfield,93304,35.339796,-119.023552
1525-LNLOJ,Male,0,1,0,66,United States,California,Bakersfield,93305,35.391733,-118.984109
9450-TRJUU,Male,0,0,0,35,United States,California,Bakersfield,93306,35.449881,-118.841442
1766-GKNMI,Male,0,0,0,29,United States,California,Bakersfield,93307,35.280113,-118.962329
6942-LBFDP,Female,0,0,0,2,United States,California,Bakersfield,93308,35.559617,-118.925185
1456-TWCGB,Male,0,0,0,4,United States,California,Bakersfield,93309,35.342891,-119.064803
7596-ZYWBB,Female,0,0,0,65,United States,California,Bakersfield,93312,35.392599,-119.245341
8329-UTMVM,Male,1,0,0,27,United States,California,Bakersfield,93313,35.140938,-119.051348
3014-WJKSM,Male,0,1,0,29,United States,California,San Luis Obispo,93401,35.233745,-120.626442
3347-YJZZE,Male,0,1,1,29,United States,California,Los Osos,93402,35.279984,-120.824288
7929-DMBCV,Female,0,1,0,20,United States,California,Arroyo Grande,93420,35.176236,-120.483243
9661-JALZV,Female,0,0,0,58,United States,California,Atascadero,93422,35.453912,-120.69461
5433-KYGHE,Female,0,0,1,14,United States,California,Avila Beach,93424,35.186644,-120.728305
4312-KFRXN,Male,0,1,0,72,United States,California,Bradley,93426,35.842889,-121.004862
5575-TPIZQ,Male,0,0,0,46,United States,California,Buellton,93427,34.631362,-120.238218
0114-IGABW,Female,0,1,0,71,United States,California,Cambria,93428,35.591387,-121.032256
9944-AEXBM,Male,0,0,0,32,United States,California,Casmalia,93429,34.866032,-120.536546
1853-ARAAQ,Female,0,0,0,26,United States,California,Cayucos,93430,35.511833,-120.918713
6952-OMNWB,Male,1,1,0,68,United States,California,Creston,93432,35.480896,-120.469476
4697-LUPSU,Male,0,1,0,2,United States,California,Grover Beach,93433,35.120833,-120.61843
8434-VGEQQ,Male,0,1,0,61,United States,California,Guadalupe,93434,34.936,-120.594655
6549-YMFAW,Male,1,1,0,9,United States,California,Los Olivos,93441,34.70434,-120.02609
4950-HKQTE,Female,0,0,0,22,United States,California,Morro Bay,93442,35.369553,-120.763864
6786-OBWQR,Female,0,1,1,5,United States,California,Nipomo,93444,35.050345,-120.489599
2753-JMMCV,Male,0,0,0,65,United States,California,Paso Robles,93446,35.634222,-120.728341
6621-YOBKI,Male,0,0,0,5,United States,California,San Ardo,93450,35.996008,-120.85305
1216-JWVUX,Male,0,1,1,25,United States,California,San Miguel,93451,35.886767,-120.608661
7564-GHCVB,Female,0,1,0,72,United States,California,San Simeon,93452,35.746484,-121.223355
1173-NOEYG,Female,0,1,0,27,United States,California,Santa Margarita,93453,35.303926,-120.256567
7595-EHCDL,Male,0,1,1,32,United States,California,Santa Maria,93454,34.943523,-120.256729
6647-ZEDXT,Female,0,0,0,30,United States,California,Santa Maria,93455,34.818227,-120.418784
2521-NPUZR,Male,0,1,0,70,United States,California,Santa Maria,93458,34.95934,-120.490081
1307-TVUFB,Male,1,0,0,42,United States,California,Santa Ynez,93460,34.630356,-120.032564
7503-MIOGA,Female,1,1,0,72,United States,California,Shandon,93461,35.634488,-120.293534
4381-MHQDC,Female,0,0,0,47,United States,California,Solvang,93463,34.624399,-120.137875
6923-JHPMP,Female,0,0,0,2,United States,California,Templeton,93465,35.536115,-120.739231
4018-PPNDW,Female,0,1,0,61,United States,California,California City,93505,35.151491,-117.927597
1635-FJFCC,Female,0,0,0,5,United States,California,Acton,93510,34.501452,-118.207862
2499-AJYUA,Female,1,1,0,72,United States,California,Benton,93512,37.653947,-118.231443
6919-ELBGL,Male,1,1,0,72,United States,California,Big Pine,93513,37.245505,-118.062943
3966-HRMZA,Female,1,0,0,3,United States,California,Bishop,93514,37.04584,-118.397236
6425-JWTDV,Male,0,1,0,48,United States,California,Boron,93516,34.95703,-117.73045
8405-IGQFX,Female,0,0,0,63,United States,California,Bridgeport,93517,38.184583,-119.286558
8224-IVVPA,Female,0,0,0,27,United States,California,Caliente,93518,35.358953,-118.527064
9477-LGWQI,Male,0,1,0,70,United States,California,Darwin,93522,36.319181,-117.593053
1410-RSCMR,Male,0,1,1,7,United States,California,Edwards,93523,34.966777,-117.961179
0139-IVFJG,Female,0,1,0,2,United States,California,Inyokern,93527,36.041315,-118.188235
5730-DBDSI,Male,0,0,0,66,United States,California,June Lake,93529,37.730269,-119.055813
0030-FNXPP,Female,0,0,0,3,United States,California,Keeler,93530,36.560498,-117.962461
5684-FJVYR,Female,0,1,0,72,United States,California,Lake Hughes,93532,34.659579,-118.584212
4013-GUXND,Male,0,0,0,1,United States,California,Lancaster,93534,34.727529,-118.153098
1266-NZYUI,Female,0,1,0,72,United States,California,Lee Vining,93541,37.890145,-119.184087
7969-FFOWG,Male,0,1,0,65,United States,California,Littlerock,93543,34.505273,-117.955054
4718-DHSMV,Female,0,0,0,11,United States,California,Llano,93544,34.500091,-117.765862
5175-WLYXL,Male,0,0,0,22,United States,California,Lone Pine,93545,36.590415,-118.073839
7817-OMJNA,Male,0,0,0,14,United States,California,Mammoth Lakes,93546,37.550074,-118.837167
8728-SKJLR,Male,0,0,0,41,United States,California,Olancha,93549,36.296851,-117.865469
3137-NYQQI,Male,0,1,0,17,United States,California,Palmdale,93550,34.536232,-118.082935
7706-DZNKK,Male,0,0,0,11,United States,California,Palmdale,93551,34.613476,-118.256358
8823-RLPWL,Female,0,1,0,72,United States,California,Rosamond,93560,34.903052,-118.411251
9505-SQFSW,Female,0,1,1,3,United States,California,Tehachapi,93561,35.073777,-118.652112
3758-CKOQL,Female,0,1,0,59,United States,California,Valyermo,93563,34.39583,-117.734568
5676-CFLYY,Male,0,1,0,71,United States,California,Ahwahnee,93601,37.375816,-119.739935
7521-AFHAB,Female,0,1,1,5,United States,California,Auberry,93602,36.991762,-119.242874
0285-INHLN,Male,0,1,1,27,United States,California,Badger,93603,36.64545,-118.924982
5125-CNDSP,Male,0,0,0,63,United States,California,Big Creek,93605,37.17277,-119.2997
4992-LTJNE,Male,0,1,0,72,United States,California,Cantua Creek,93608,36.488056,-120.407691
2202-OUTMO,Female,0,1,0,34,United States,California,Caruthers,93609,36.5276,-119.865999
0810-BDHAW,Female,0,1,0,24,United States,California,Chowchilla,93610,37.100948,-120.270136
0229-LFJAF,Male,0,0,0,72,United States,California,Clovis,93611,36.917652,-119.593757
7131-ZQZNK,Female,0,1,0,60,United States,California,Clovis,93612,36.814539,-119.711868
3442-ZHHCC,Male,0,0,0,68,United States,California,Coarsegold,93614,37.212191,-119.749323
5726-CVNYA,Female,0,1,0,8,United States,California,Cutler,93615,36.497895,-119.285484
9871-ELEYA,Female,0,0,0,34,United States,California,Del Rey,93616,36.657462,-119.595293
4257-GAESD,Female,0,0,0,6,United States,California,Dinuba,93618,36.523619,-119.386868
5173-WXOQV,Male,0,1,0,2,United States,California,Dos Palos,93620,37.045728,-120.630682
2040-OBMLJ,Male,0,0,0,31,United States,California,Dunlap,93621,36.789213,-119.140338
6286-ZHAOK,Female,0,1,1,20,United States,California,Firebaugh,93622,36.785618,-120.625382
3807-XHCJH,Female,0,1,1,1,United States,California,Fish Camp,93623,37.483535,-119.679414
5671-RQRLP,Female,1,1,0,70,United States,California,Fowler,93625,36.625792,-119.672483
8859-AXJZP,Male,0,1,0,39,United States,California,Helm,93627,36.520537,-120.118055
3174-AKMAS,Female,0,1,0,46,United States,California,Hume,93628,36.807595,-118.901544
9926-PJHDQ,Female,0,1,0,72,United States,California,Kingsburg,93631,36.478239,-119.52137
7382-DFJTU,Male,0,0,0,18,United States,California,Lakeshore,93634,37.290606,-119.216328
2798-NYLMZ,Male,0,1,0,71,United States,California,Los Banos,93635,36.995162,-120.955099
8098-TDCBU,Female,0,1,0,42,United States,California,North Fork,93643,37.244307,-119.470256
3551-GAEGL,Male,0,1,0,34,United States,California,Oakhurst,93644,37.648647,-119.231447
4785-NKHCX,Male,1,0,0,5,United States,California,O Neals,93645,37.140104,-119.657092
3196-NVXLZ,Female,0,0,0,25,United States,California,Orange Cove,93646,36.633498,-119.298895
0036-IHMOT,Female,0,1,1,55,United States,California,Parlier,93648,36.622237,-119.521126
4178-EGMON,Male,0,1,0,70,United States,California,Prather,93651,37.007238,-119.505661
4220-TINQT,Female,0,1,0,61,United States,California,Raisin City,93652,36.594542,-119.905245
5318-YKDPV,Male,0,1,0,43,United States,California,Raymond,93653,37.252057,-119.95783
7975-TZMLR,Male,0,0,0,47,United States,California,Reedley,93654,36.636638,-119.421842
0295-QVKPB,Male,0,0,0,5,United States,California,Riverdale,93656,36.452211,-119.94575
4335-BSMJS,Female,0,0,0,62,United States,California,Sanger,93657,36.819628,-119.440414
9146-JRIOX,Female,0,1,1,14,United States,California,Shaver Lake,93664,37.223,-119.001021
5337-IIWKZ,Male,0,1,1,34,United States,California,Sultana,93666,36.545353,-119.338535
9650-VBUOG,Male,0,1,1,38,United States,California,Tranquillity,93668,36.635661,-120.288644
3487-EARAT,Female,0,1,0,70,United States,California,Wishon,93669,37.287758,-119.548156
2672-TGEFF,Female,0,1,1,37,United States,California,Traver,93673,36.456091,-119.486225
4250-WAROZ,Male,1,1,1,60,United States,California,Fresno,93701,36.749403,-119.787574
8184-WMOFI,Male,0,1,0,62,United States,California,Fresno,93702,36.739385,-119.753649
6092-QZVPP,Male,0,0,0,36,United States,California,Fresno,93704,36.799648,-119.801247
4625-LAMOB,Male,0,0,0,44,United States,California,Fresno,93705,36.78724,-119.827813
0392-BZIUW,Female,0,1,0,72,United States,California,Fresno,93710,36.822715,-119.761826
6549-NNDYT,Female,0,0,0,13,United States,California,Fresno,93720,36.878709,-119.7645
0422-OHQHQ,Female,0,1,0,15,United States,California,Fresno,93722,36.78979,-119.929894
6916-HIJSE,Female,0,0,0,65,United States,California,Fresno,93725,36.623632,-119.741322
2316-ESMLS,Female,0,1,0,12,United States,California,Fresno,93726,36.793601,-119.761131
9778-OGKQZ,Male,0,1,0,72,United States,California,Fresno,93727,36.751489,-119.68072
7408-OFWXJ,Female,0,1,0,72,United States,California,Fresno,93728,36.757345,-119.818274
6007-TCTST,Female,0,1,1,72,United States,California,Salinas,93901,36.64152,-121.622188
2252-NKNSI,Male,0,0,0,52,United States,California,Salinas,93905,36.667794,-121.601306
8713-IGZSO,Male,0,0,0,2,United States,California,Salinas,93906,36.722898,-121.633648
7905-TVXTA,Female,0,0,0,5,United States,California,Salinas,93907,36.77462,-121.664714
7695-PKLCZ,Female,0,0,0,68,United States,California,Salinas,93908,36.624338,-121.615669
8374-UULRV,Male,0,0,0,72,United States,California,Carmel By The Sea,93921,36.554618,-121.922239
3224-DFQNQ,Female,0,1,0,66,United States,California,Carmel Valley,93924,36.414611,-121.6386
5275-PMFUT,Male,0,1,0,72,United States,California,Chualar,93925,36.596271,-121.442274
4795-UXVCJ,Male,0,0,0,26,United States,California,Gonzales,93926,36.52588,-121.396719
9777-IQHWP,Male,0,1,1,64,United States,California,Greenfield,93927,36.248708,-121.386617
0979-MOZQI,Male,0,1,0,62,United States,California,Monterey,93940,36.362741,-121.869685
2732-ISEZX,Female,0,0,0,5,United States,California,Pacific Grove,93950,36.618337,-121.926417
0323-XWWTN,Male,0,0,1,3,United States,California,San Lucas,93954,36.125529,-120.864443
1937-OTUKY,Female,0,1,0,72,United States,California,Seaside,93955,36.625114,-121.823565
1573-LGXBA,Male,0,1,1,57,United States,California,Soledad,93960,36.414216,-121.360597
1764-VUUMT,Male,0,0,1,66,United States,California,Spreckels,93962,36.624641,-121.647195
4713-ZBURT,Male,0,0,1,45,United States,California,Brisbane,94005,37.684694,-122.40712
3050-GBUSH,Female,0,0,0,3,United States,California,Burlingame,94010,37.57028,-122.365778
7876-AEHIG,Female,0,0,0,51,United States,California,Daly City,94015,37.680844,-122.48131
7945-HLKEA,Female,0,0,0,60,United States,California,Half Moon Bay,94019,37.45567,-122.407992
9342-VNIMQ,Male,0,0,0,33,United States,California,La Honda,94020,37.285677,-122.224165
3523-BRGUW,Male,1,0,0,26,United States,California,Los Altos,94022,37.349546,-122.134356
3199-NPKCN,Female,0,1,0,67,United States,California,Menlo Park,94025,37.449551,-122.183762
5170-PTRKA,Female,0,1,0,49,United States,California,Atherton,94027,37.454924,-122.203168
4661-NJEUX,Male,0,0,0,1,United States,California,Portola Valley,94028,37.369709,-122.215844
2123-AGEEN,Female,1,0,0,7,United States,California,Millbrae,94030,37.601248,-122.403099
1258-YMZNM,Female,1,0,0,27,United States,California,Montara,94037,37.540582,-122.509594
0048-LUMLS,Male,0,1,1,37,United States,California,Moss Beach,94038,37.515556,-122.502311
5898-IGSLP,Male,0,1,1,31,United States,California,Mountain View,94041,37.388349,-122.075299
6259-WJQLC,Male,1,0,0,32,United States,California,Pacifica,94044,37.573633,-122.455167
7997-EASSD,Female,0,1,0,63,United States,California,Redwood City,94061,37.461251,-122.235414
0730-KOAVE,Male,0,0,0,30,United States,California,Redwood City,94062,37.410567,-122.297152
8975-SKGRX,Male,0,1,0,71,United States,California,Redwood City,94063,37.499411,-122.196318
0678-RLHVP,Female,0,0,0,53,United States,California,Redwood City,94065,37.527497,-122.230941
2267-FPIMA,Male,0,1,0,50,United States,California,San Carlos,94070,37.497915,-122.267361
1051-GEJLJ,Female,0,0,0,2,United States,California,San Gregorio,94074,37.331762,-122.341444
5285-MVEHD,Female,0,1,0,56,United States,California,Sunnyvale,94087,37.3511,-122.037311
0379-DJQHR,Male,0,1,0,67,United States,California,Sunnyvale,94089,37.421633,-122.009613
5543-QDCRY,Male,0,0,0,4,United States,California,San Francisco,94103,37.773147,-122.411287
0297-RBCSG,Male,0,0,0,19,United States,California,San Francisco,94104,37.791222,-122.402241
4694-PHWFW,Female,0,0,1,8,United States,California,San Francisco,94105,37.789168,-122.395009
0835-JKADZ,Female,0,0,0,71,United States,California,San Francisco,94107,37.768881,-122.395521
7508-SMHXL,Female,1,0,0,15,United States,California,San Francisco,94109,37.794487,-122.42227
3865-YIOTT,Male,0,1,1,72,United States,California,San Francisco,94110,37.750021,-122.415201
5993-BQHEA,Male,0,0,0,12,United States,California,San Francisco,94111,37.801776,-122.402293
6024-RUGGH,Male,0,1,1,72,United States,California,San Francisco,94112,37.720498,-122.443119
3956-CJUST,Female,1,0,0,23,United States,California,San Francisco,94115,37.786031,-122.437301
4079-WWQQQ,Male,0,0,0,72,United States,California,San Francisco,94116,37.74441,-122.486764
6103-BOCOU,Female,0,0,0,26,United States,California,San Francisco,94117,37.770533,-122.445121
5149-TGWDZ,Female,0,0,0,21,United States,California,San Francisco,94118,37.781304,-122.461522
7471-WNSUF,Male,0,1,0,60,United States,California,San Francisco,94121,37.776718,-122.495781
8942-DBMHZ,Male,0,0,0,12,United States,California,San Francisco,94122,37.760412,-122.484966
4301-VVZKA,Male,0,1,0,16,United States,California,San Francisco,94123,37.800254,-122.436975
9199-PWQVC,Female,0,1,0,63,United States,California,San Francisco,94124,37.731505,-122.384532
4824-GUCBY,Female,1,0,0,22,United States,California,San Francisco,94127,37.736535,-122.45732
5393-HJZSM,Female,0,1,1,32,United States,California,San Francisco,94129,37.797526,-122.464531
0862-PRCBS,Female,0,1,1,68,United States,California,San Francisco,94132,37.722302,-122.491129
8812-ZRHFP,Female,0,1,1,30,United States,California,San Francisco,94133,37.802071,-122.411004
5146-CBVOE,Female,0,0,0,16,United States,California,San Francisco,94134,37.721052,-122.413573
0454-OKRCT,Male,0,0,0,33,United States,California,Palo Alto,94301,37.444314,-122.149996
5787-KXGIY,Male,0,1,0,72,United States,California,Palo Alto,94303,37.45809,-122.115398
4198-VFOEA,Female,0,0,0,12,United States,California,Stanford,94305,37.424342,-122.165641
6630-UJZMY,Female,1,1,0,4,United States,California,Palo Alto,94306,37.416159,-122.131337
2692-AQCPF,Female,0,1,0,65,United States,California,San Mateo,94403,37.538309,-122.305109
0347-UBKUZ,Female,0,0,0,15,United States,California,San Mateo,94404,37.556094,-122.272437
0835-DUUIQ,Female,0,0,0,24,United States,California,Alameda,94501,37.774633,-122.274434
0811-GSDTP,Female,0,0,1,13,United States,California,Alameda,94502,37.724817,-122.224363
7567-ECMCM,Male,0,0,0,24,United States,California,Danville,94506,37.791481,-121.903253
6115-ZTBFQ,Female,0,1,0,72,United States,California,Alamo,94507,37.855717,-121.994813
6353-BRMMA,Female,0,1,1,54,United States,California,Angwin,94508,38.542448,-122.419923
6231-WFGFH,Male,0,1,1,4,United States,California,Benicia,94510,38.113533,-122.11926
9904-EHEVJ,Female,1,1,1,32,United States,California,Bethel Island,94511,38.050558,-121.646924
6169-PPETC,Male,0,1,1,35,United States,California,Brentwood,94513,37.908242,-121.682472
8584-KMVXD,Female,0,0,0,8,United States,California,Calistoga,94515,38.629618,-122.593216
8467-WYNSR,Male,0,0,0,22,United States,California,Clayton,94517,37.881842,-121.848111
0851-DFJKB,Female,0,0,0,15,United States,California,Concord,94518,37.950248,-122.022455
5382-SOYZL,Male,0,0,0,22,United States,California,Concord,94519,37.990118,-122.012188
3261-CQXOL,Female,0,1,1,71,United States,California,Concord,94521,37.971421,-121.971504
8388-FYNPZ,Male,0,0,0,4,United States,California,Pleasant Hill,94523,37.95338,-122.076886
4002-BQWPQ,Male,0,0,0,25,United States,California,Crockett,94525,38.049292,-122.228415
5651-YLPRD,Female,0,1,1,32,United States,California,Danville,94526,37.815459,-121.977203
2826-DXLQO,Male,1,1,0,7,United States,California,El Cerrito,94530,37.924838,-122.289145
4378-BZYFP,Male,0,0,0,17,United States,California,Fairfield,94533,38.287136,-122.02711
9489-UTFKA,Male,1,1,0,8,United States,California,Travis Afb,94535,38.265899,-121.939461
4849-PYRLQ,Female,1,0,0,56,United States,California,Fremont,94536,37.572273,-121.964583
7764-BDPEE,Male,0,0,1,3,United States,California,Hayward,94542,37.656695,-122.048361
3429-IFLEM,Female,0,0,0,71,United States,California,Hayward,94544,37.639215,-122.037554
5002-GCQFH,Male,0,1,0,49,United States,California,Hercules,94547,37.991259,-122.214945
0556-FJEGU,Male,0,0,0,58,United States,California,Lafayette,94549,37.907777,-122.127161
0604-THJFP,Female,0,1,0,59,United States,California,Castro Valley,94552,37.722727,-122.02157
5879-SESNB,Female,0,0,0,11,United States,California,Moraga,94556,37.827946,-122.107185
6461-PPAXN,Female,0,1,0,35,United States,California,Napa,94559,38.232389,-122.324944
3318-ISQFQ,Female,0,0,0,20,United States,California,Newark,94560,37.504133,-122.032347
1106-HRLKZ,Male,0,1,1,40,United States,California,Oakley,94561,37.999406,-121.686241
2483-XSSMZ,Female,0,0,0,39,United States,California,Orinda,94563,37.873916,-122.20522
8165-ZJRNM,Female,0,1,1,72,United States,California,Pittsburg,94565,38.006047,-121.916834
2604-XVDAM,Female,0,0,0,12,United States,California,Pope Valley,94567,38.672708,-122.403219
3717-OFRTN,Male,0,0,0,1,United States,California,Dublin,94568,37.713926,-121.928425
9046-JBFWA,Male,0,0,1,27,United States,California,Port Costa,94569,38.035707,-122.196821
3280-NMUVX,Male,0,1,0,34,United States,California,Rio Vista,94571,38.148862,-121.737696
1206-EHBDD,Female,0,1,0,56,United States,California,Rodeo,94572,38.027218,-122.23463
8361-LBRDI,Female,0,0,0,58,United States,California,Saint Helena,94574,38.581354,-122.296283
4883-KCPZJ,Female,0,1,1,22,United States,California,Deer Park,94576,38.554383,-122.474773
9108-EQPNQ,Female,0,1,1,10,United States,California,San Leandro,94577,37.717196,-122.159338
7277-KAMWT,Male,0,0,0,13,United States,California,San Leandro,94578,37.704384,-122.126703
2545-LXYVJ,Male,0,1,0,72,United States,California,Suisun City,94585,38.197907,-122.017258
3234-VKACU,Male,0,0,0,2,United States,California,Sunol,94586,37.587494,-121.862856
8120-JDCAM,Male,0,1,1,4,United States,California,Vallejo,94589,38.161321,-122.271588
8917-FAEMR,Female,0,0,0,37,United States,California,Vallejo,94590,38.104705,-122.247387
7047-YXDMZ,Male,0,0,0,21,United States,California,Vallejo,94591,38.105733,-122.186338
2858-EIMXH,Female,1,1,0,53,United States,California,Vallejo,94592,38.093701,-122.276589
6419-ZTTLE,Male,1,1,0,23,United States,California,Yountville,94599,38.421458,-122.365048
0929-HYQEW,Male,0,0,0,3,United States,California,Oakland,94601,37.776523,-122.219268
6614-YOLAC,Female,0,1,0,71,United States,California,Oakland,94602,37.803883,-122.208417
7426-RHZGU,Male,0,0,0,9,United States,California,Oakland,94603,37.739113,-122.175602
4065-JJAVA,Female,0,0,0,1,United States,California,Oakland,94605,37.758019,-122.138678
7649-SIJJF,Male,0,1,0,71,United States,California,Emeryville,94608,37.83726,-122.287648
9361-YNQWJ,Female,0,0,0,64,United States,California,Oakland,94609,37.834341,-122.26437
3748-FVMZZ,Male,0,0,0,4,United States,California,Oakland,94610,37.808731,-122.238708
9391-TTOYH,Female,0,0,0,23,United States,California,Oakland,94611,37.828416,-122.216005
1452-XRSJV,Female,0,1,1,39,United States,California,Oakland,94612,37.809014,-122.269739
3422-WJOYD,Male,0,1,0,28,United States,California,Oakland,94618,37.84551,-122.235181
8242-SOQUO,Female,1,0,0,5,United States,California,Oakland,94619,37.787186,-122.14633
7460-ITWWP,Female,1,1,0,45,United States,California,Oakland,94621,37.750553,-122.197175
7147-AYBAA,Male,0,0,0,37,United States,California,Berkeley,94702,37.866009,-122.286228
7868-TMWMZ,Female,1,1,0,60,United States,California,Berkeley,94703,37.863843,-122.275684
6732-FZUGP,Female,0,0,0,47,United States,California,Berkeley,94705,37.858898,-122.240512
8329-GWVPJ,Female,0,1,1,50,United States,California,Berkeley,94708,37.897743,-122.263124
1352-VHKAJ,Male,0,1,1,27,United States,California,Berkeley,94709,37.878554,-122.26609
2632-TACXW,Female,0,1,0,62,United States,California,Richmond,94801,37.945288,-122.383941
8146-QQKZH,Female,0,1,0,71,United States,California,El Sobrante,94803,37.963995,-122.288296
1767-CJKBA,Male,0,0,0,66,United States,California,Richmond,94804,37.921034,-122.341798
6445-TNRXS,Male,0,1,1,68,United States,California,Richmond,94805,37.941456,-122.320968
4581-LNWUM,Female,0,0,0,13,United States,California,San Pablo,94806,37.980269,-122.342635
4869-EPIUS,Male,0,1,0,56,United States,California,San Rafael,94901,37.972662,-122.491452
1915-OAKWD,Female,0,0,0,16,United States,California,Belvedere Tiburon,94920,37.885629,-122.46858
7296-PIXQY,Female,0,1,1,14,United States,California,Bodega,94922,38.343282,-122.9755
3354-OADJP,Female,0,0,0,8,United States,California,Bolinas,94924,37.943087,-122.72379
3524-WQDSG,Female,0,1,1,43,United States,California,Corte Madera,94925,37.924014,-122.511694
0810-DHDBD,Female,0,0,0,52,United States,California,Rohnert Park,94928,38.34719,-122.697822
4026-SKKHW,Male,0,0,0,3,United States,California,Dillon Beach,94929,38.24458,-122.956268
2829-HYVZP,Male,0,0,0,29,United States,California,Fairfax,94930,37.971751,-122.611873
3845-JHAMY,Female,0,1,1,16,United States,California,Inverness,94937,38.099323,-122.945723
7013-PSXHK,Female,0,0,0,40,United States,California,Lagunitas,94938,38.021772,-122.691744
3486-NPGST,Female,0,0,0,36,United States,California,Mill Valley,94941,37.901371,-122.572024
6100-FJZDG,Male,0,1,0,26,United States,California,Olema,94950,38.052209,-122.775567
4829-ZLJTK,Female,1,1,0,72,United States,California,Penngrove,94951,38.325599,-122.642352
1730-VFMWO,Female,0,1,0,34,United States,California,Petaluma,94952,38.237018,-122.77872
7143-BQIBA,Male,0,0,0,10,United States,California,Petaluma,94954,38.235021,-122.557332
3800-LYTRK,Female,0,0,0,14,United States,California,Point Reyes Station,94956,38.060264,-122.830646
9646-NMHXE,Male,0,1,0,47,United States,California,San Geronimo,94963,38.00474,-122.663717
7030-NJVDP,Male,0,1,0,24,United States,California,San Quentin,94964,37.942551,-122.491642
8883-GRDWQ,Male,1,0,0,20,United States,California,Stinson Beach,94970,37.921137,-122.657562
7771-ZONAT,Male,0,0,0,22,United States,California,Woodacre,94973,38.005839,-122.638155
2111-DWYHN,Male,0,0,0,1,United States,California,Aptos,95003,37.013471,-121.877877
4194-WHFCB,Female,0,1,1,59,United States,California,Aromas,95004,36.878364,-121.629781
4121-AGSIN,Female,0,1,0,58,United States,California,Ben Lomond,95005,37.078873,-122.090386
9845-PEEKO,Female,1,0,0,59,United States,California,Brookdale,95007,37.106902,-122.100006
0455-XFASS,Female,0,1,1,3,United States,California,Campbell,95008,37.279689,-121.954567
0301-KOBTQ,Male,0,0,0,32,United States,California,Capitola,95010,36.977025,-121.952864
1751-NCDLI,Male,1,1,0,46,United States,California,Castroville,95012,36.784481,-121.759054
9170-ARBTB,Female,0,1,0,52,United States,California,Felton,95018,37.089111,-122.062213
7241-AJHFS,Male,0,0,0,32,United States,California,Hollister,95023,36.875409,-121.279679
4546-FOKWR,Female,0,0,0,16,United States,California,Los Gatos,95032,37.233034,-121.947427
9036-CSKBW,Female,0,0,0,51,United States,California,Los Gatos,95033,37.160194,-121.945611
5832-TRLPB,Male,0,0,0,29,United States,California,Milpitas,95035,37.441931,-121.878502
8590-YFFQO,Male,0,1,0,70,United States,California,Morgan Hill,95037,37.161544,-121.649371
8659-IOOPU,Female,0,1,1,71,United States,California,Moss Landing,95039,36.863303,-121.781632
1338-CECEE,Male,0,1,0,41,United States,California,Mount Hermon,95041,37.051166,-122.056194
7439-DKZTW,Male,0,0,0,1,United States,California,Paicines,95043,36.525703,-120.952122
4646-QZXTF,Female,0,1,0,7,United States,California,San Juan Bautista,95045,36.810568,-121.503022
9742-XOKTS,Male,0,1,1,67,United States,California,Santa Clara,95050,37.351214,-121.952417
6921-OZMFH,Male,0,1,1,5,United States,California,Santa Clara,95051,37.348129,-121.98469
9578-FOMUK,Male,0,0,1,15,United States,California,Santa Clara,95054,37.393554,-121.965114
4712-UYOOI,Female,0,1,1,20,United States,California,Santa Cruz,95060,36.993451,-122.098858
7722-CVFXN,Male,0,1,1,54,United States,California,Santa Cruz,95064,37.007882,-122.065975
8717-VCTXJ,Male,0,0,0,42,United States,California,Santa Cruz,95065,37.031404,-121.981865
7363-QTBIW,Female,0,1,0,9,United States,California,Scotts Valley,95066,37.070177,-122.010077
4159-NAAIX,Female,0,0,0,63,United States,California,Saratoga,95070,37.257772,-122.051824
0971-QIFJK,Female,0,1,0,69,United States,California,Soquel,95073,37.023669,-121.946461
9397-TZSHA,Female,0,0,0,69,United States,California,Watsonville,95076,36.931654,-121.752383
3391-JSQEW,Male,0,1,0,40,United States,California,San Jose,95110,37.34667,-121.910019
0343-QLUZP,Male,0,0,0,60,United States,California,San Jose,95111,37.284265,-121.827673
2176-LVPNX,Female,1,0,0,71,United States,California,San Jose,95113,37.333851,-121.891147
3312-UUMZW,Male,0,1,0,32,United States,California,San Jose,95117,37.311088,-121.961786
1271-UODNO,Male,0,0,0,39,United States,California,San Jose,95118,37.255479,-121.889838
8461-EFQYM,Female,0,0,0,38,United States,California,San Jose,95119,37.233226,-121.78809
6900-RBKER,Male,0,0,0,52,United States,California,San Jose,95120,37.186141,-121.843554
6891-JPYFF,Female,0,1,1,48,United States,California,San Jose,95121,37.304681,-121.809955
1459-QNFQT,Male,0,1,0,70,United States,California,San Jose,95122,37.32886,-121.834567
1047-NNCBF,Male,0,0,0,20,United States,California,San Jose,95123,37.238758,-121.828375
3696-XRIEN,Female,0,0,0,50,United States,California,San Jose,95124,37.257063,-121.923037
0074-HDKDG,Male,0,1,0,25,United States,California,San Jose,95126,37.327069,-121.916819
8791-GFXLZ,Male,0,0,0,12,United States,California,San Jose,95127,37.375156,-121.795867
9330-DHBFL,Female,0,1,0,23,United States,California,San Jose,95130,37.277592,-121.986477
0098-BOWSO,Male,0,0,0,27,United States,California,San Jose,95131,37.387027,-121.897775
3452-ABWRL,Male,1,0,0,47,United States,California,San Jose,95132,37.424655,-121.74841
5859-HZYLF,Male,0,1,1,26,United States,California,San Jose,95133,37.371862,-121.860349
3156-QLHBO,Male,0,0,1,2,United States,California,San Jose,95136,37.270938,-121.851046
2208-NQBCT,Female,0,1,1,26,United States,California,San Jose,95138,37.246064,-121.749494
1779-PWPMG,Female,1,1,0,72,United States,California,San Jose,95139,37.218705,-121.762429
6621-NRZAK,Female,0,1,1,63,United States,California,Mount Hamilton,95140,37.382909,-121.634151
0831-JNISG,Male,0,1,1,71,United States,California,San Jose,95148,37.339533,-121.777179
0774-IFUVM,Male,0,1,1,11,United States,California,Stockton,95202,37.959706,-121.287669
3082-WQRVY,Male,1,1,0,14,United States,California,Stockton,95203,37.954089,-121.329761
9553-DLCLU,Female,0,0,0,13,United States,California,Stockton,95204,37.974498,-121.319568
1641-BYBTK,Male,0,0,1,6,United States,California,Stockton,95205,37.965695,-121.260051
2460-NGXBJ,Male,1,1,1,11,United States,California,Stockton,95206,37.902422,-121.440029
2446-ZKVAF,Male,0,1,0,18,United States,California,Stockton,95207,38.002125,-121.324979
3522-CDKHF,Female,0,1,0,32,United States,California,Stockton,95210,38.033219,-121.297433
1430-SFQSA,Male,0,0,0,29,United States,California,Stockton,95212,38.049457,-121.21653
0411-EZJZE,Female,0,0,0,3,United States,California,Stockton,95215,37.946282,-121.139499
8807-ARQET,Female,0,0,0,41,United States,California,Angels Camp,95222,38.071327,-120.632221
8992-CEUEN,Female,0,0,0,1,United States,California,Arnold,95223,38.32153,-120.236358
4320-QMLLA,Male,0,0,0,7,United States,California,Avery,95224,38.208336,-120.339938
8777-PVYGU,Female,0,1,0,52,United States,California,Burson,95225,38.183918,-120.898817
8292-ITGYJ,Female,0,1,1,45,United States,California,Campo Seco,95226,38.233879,-120.861666
6870-ZWMNX,Male,0,1,0,70,United States,California,Clements,95227,38.227285,-121.02789
0621-CXBKL,Female,0,0,0,53,United States,California,Copperopolis,95228,37.943954,-120.67108
5268-DSMNQ,Female,1,1,0,62,United States,California,Farmington,95230,37.956963,-120.863055
5334-JLAXU,Female,0,1,0,60,United States,California,French Camp,95231,37.873283,-121.292034
6242-MBHPK,Female,1,1,0,23,United States,California,Hathaway Pines,95233,38.184914,-120.364085
9359-UGBTK,Female,0,0,0,67,United States,California,Lockeford,95237,38.166791,-121.14207
4782-OSFXZ,Female,1,1,0,71,United States,California,Lodi,95242,38.128087,-121.4078
6479-OAUSD,Male,0,0,0,25,United States,California,Mokelumne Hill,95245,38.304194,-120.592431
7129-ACFOG,Female,0,0,0,5,United States,California,Mountain Ranch,95246,38.264262,-120.515133
4189-NAKJS,Male,0,0,0,26,United States,California,Murphys,95247,38.147852,-120.440124
5562-BETPV,Male,0,1,0,1,United States,California,San Andreas,95249,38.196497,-120.61689
1282-IHQAC,Male,1,0,0,70,United States,California,Sheep Ranch,95250,38.244806,-120.417301
9127-FHJBZ,Male,0,1,1,72,United States,California,Vallecito,95251,38.055562,-120.456298
1641-RQDAY,Female,1,1,1,32,United States,California,Wallace,95254,38.192608,-120.957842
6994-ORCWG,Female,0,0,0,14,United States,California,Wilseyville,95257,38.392686,-120.415951
1346-UFHAX,Female,0,0,0,13,United States,California,Woodbridge,95258,38.169605,-121.310964
2933-XEUJM,Female,0,0,0,46,United States,California,Ballico,95303,37.4695,-120.672724
5461-QKNTN,Male,1,1,0,43,United States,California,Catheys Valley,95306,37.394411,-120.127262
4835-YSJMR,Male,0,0,0,39,United States,California,Ceres,95307,37.553469,-120.952825
3164-YAXFY,Male,0,0,0,57,United States,California,Coulterville,95311,37.722127,-120.110174
0887-WBJVH,Female,0,1,0,53,United States,California,Cressey,95312,37.420273,-120.66527
4660-IRIBM,Male,0,1,1,18,United States,California,Crows Landing,95313,37.435664,-121.049056
7670-ZBPOQ,Female,0,1,0,58,United States,California,Denair,95316,37.524721,-120.757977
8089-UZWLX,Female,1,0,0,71,United States,California,El Nido,95317,37.127386,-120.506422
0080-OROZO,Female,0,0,0,35,United States,California,El Portal,95318,37.654551,-119.822984
3916-NRPAP,Male,0,0,0,3,United States,California,Escalon,95320,37.818543,-121.006907
6807-SIWJI,Male,0,0,0,38,United States,California,Groveland,95321,37.902968,-119.667544
8221-HVAYI,Male,0,1,0,35,United States,California,Gustine,95322,37.147198,-121.120161
5232-NXPAY,Female,0,0,0,47,United States,California,Hilmar,95324,37.394536,-120.890747
8967-SZQAS,Female,0,0,0,14,United States,California,Hornitos,95325,37.479926,-120.230424
4468-KAZHE,Female,1,1,0,20,United States,California,Hughson,95326,37.5923,-120.853288
0455-ENTCR,Male,0,1,0,66,United States,California,Jamestown,95327,37.84771,-120.486589
8944-AILEF,Male,0,1,0,15,United States,California,Keyes,95328,37.555631,-120.911653
5542-NKVRU,Female,0,0,0,42,United States,California,La Grange,95329,37.666587,-120.411517
7126-RBHSD,Female,0,1,0,17,United States,California,Lathrop,95330,37.80821,-121.308401
5370-IIVVL,Male,0,0,0,37,United States,California,Le Grand,95333,37.249377,-120.249581
6789-HJBWG,Female,0,0,0,12,United States,California,Livingston,95334,37.361987,-120.748394
9087-EYCPR,Female,0,0,0,60,United States,California,Manteca,95336,37.830267,-121.201018
6791-YBNAK,Male,0,1,1,18,United States,California,Manteca,95337,37.750822,-121.238423
6077-BDPXA,Female,0,0,0,3,United States,California,Merced,95340,37.255637,-120.493537
0013-MHZWF,Female,0,0,1,9,United States,California,Midpines,95345,37.581496,-119.972762
8268-YDIXR,Male,0,1,0,56,United States,California,Merced,95348,37.40122,-120.514191
4291-SHSBH,Male,0,0,0,7,United States,California,Modesto,95354,37.639029,-120.964772
6980-IMXXE,Female,0,1,1,69,United States,California,Modesto,95355,37.672906,-120.946594
0040-HALCW,Male,0,1,1,54,United States,California,Modesto,95358,37.612612,-121.108568
0784-GTUUK,Male,0,1,0,62,United States,California,Newman,95360,37.343846,-121.039391
2294-DMMUS,Female,0,1,1,62,United States,California,Patterson,95363,37.410236,-121.320337
0872-JCPIB,Male,0,0,0,17,United States,California,Pinecrest,95364,38.224869,-119.755729
3055-MJDSB,Male,0,0,0,9,United States,California,Planada,95365,37.329725,-120.306399
9091-WTUUY,Male,0,1,0,64,United States,California,Ripon,95366,37.750778,-121.13238
7115-IRDHS,Female,0,1,0,72,United States,California,Sonora,95370,37.982716,-120.343732
8496-DMZUK,Male,0,0,0,30,United States,California,Soulsbyville,95372,37.990574,-120.261821
2040-VZIKE,Female,0,1,0,49,United States,California,Stevinson,95374,37.316807,-120.855753
9068-VPWQQ,Male,0,1,0,61,United States,California,Tracy,95376,37.680968,-121.446049
0178-SZBHO,Male,0,1,1,47,United States,California,Tuolumne,95379,37.939768,-120.188002
0384-RVBPI,Male,0,0,0,20,United States,California,Turlock,95380,37.474396,-120.875917
1299-AURJA,Female,0,1,1,70,United States,California,Twain Harte,95383,38.107441,-120.230625
4525-VZCZG,Male,0,0,1,54,United States,California,Vernalis,95385,37.609095,-121.263381
1543-LLLFT,Male,1,1,0,61,United States,California,Waterford,95386,37.669516,-120.626964
2788-CJQAQ,Male,0,0,0,13,United States,California,Winton,95388,37.421299,-120.599587
0319-QZTCO,Female,0,1,1,3,United States,California,Santa Rosa,95401,38.460517,-122.790335
2120-SMPEX,Male,0,0,0,25,United States,California,Santa Rosa,95403,38.488431,-122.752839
0096-FCPUF,Male,0,0,0,30,United States,California,Santa Rosa,95404,38.526941,-122.709096
0668-OGMHD,Female,0,1,0,21,United States,California,Santa Rosa,95405,38.439696,-122.668817
6507-ZJSUR,Male,1,1,0,23,United States,California,Albion,95410,39.225694,-123.717354
9408-HRXRK,Female,0,1,1,45,United States,California,Annapolis,95412,38.731055,-123.316553
5593-SUAOO,Female,0,1,1,24,United States,California,Boonville,95415,39.025867,-123.381544
6766-HFKLA,Female,0,1,0,56,United States,California,Cazadero,95421,38.578807,-123.19338
7617-EYGLW,Male,0,0,0,1,United States,California,Clearlake Oaks,95423,39.07116,-122.598542
9220-ZNKJI,Female,1,1,0,55,United States,California,Cobb,95426,38.838088,-122.73203
2226-ICFDO,Female,0,1,0,72,United States,California,Covelo,95428,39.83307,-123.178765
0723-VSOBE,Female,1,0,0,45,United States,California,Dos Rios,95429,39.756049,-123.358701
5529-GIBVH,Female,0,0,0,47,United States,California,Duncans Mills,95430,38.445603,-123.063756
9992-UJOEL,Male,0,0,0,2,United States,California,Elk,95432,39.108252,-123.645121
4741-WWJQZ,Female,0,1,0,2,United States,California,Forestville,95436,38.499302,-122.92444
6625-UTXEW,Female,0,1,0,12,United States,California,Fort Bragg,95437,39.455555,-123.683979
6244-BESBM,Male,0,1,1,69,United States,California,Geyserville,95441,38.731771,-123.064272
1004-NOZNR,Male,1,0,1,56,United States,California,Glen Ellen,95442,38.368744,-122.522642
1251-STYSZ,Female,1,0,0,4,United States,California,Glenhaven,95443,39.045246,-122.743181
2612-PHGOX,Male,0,1,0,64,United States,California,Graton,95444,38.434362,-122.86891
8480-PPONV,Male,0,1,1,62,United States,California,Guerneville,95446,38.52576,-123.013347
8780-IHCRN,Male,0,1,1,63,United States,California,Healdsburg,95448,38.618347,-122.908422
4598-ZADCK,Female,0,0,0,53,United States,California,Hopland,95449,38.93706,-123.118111
1257-SXUXQ,Male,0,1,1,5,United States,California,Jenner,95450,38.505995,-123.187019
9681-KYGYB,Male,1,1,0,49,United States,California,Kelseyville,95451,38.93496,-122.792243
7182-OVLBJ,Female,0,1,1,62,United States,California,Kenwood,95452,38.419525,-122.521585
5095-ETBRJ,Female,0,1,0,55,United States,California,Lakeport,95453,39.080469,-122.955176
7005-CYUIL,Female,1,1,0,71,United States,California,Laytonville,95454,39.806141,-123.531098
4821-WQOYN,Female,0,1,1,72,United States,California,Little River,95456,39.245911,-123.77214
4730-AWNAU,Male,0,1,0,36,United States,California,Lower Lake,95457,38.925545,-122.549083
3452-FLHYD,Male,0,1,0,25,United States,California,Lucerne,95458,39.141934,-122.770679
2388-LAESQ,Female,1,1,0,72,United States,California,Manchester,95459,38.966713,-123.586412
9531-NSBMR,Female,0,0,0,36,United States,California,Mendocino,95460,39.305545,-123.743697
6260-ONULR,Male,0,0,0,1,United States,California,Middletown,95461,38.787446,-122.58675
4389-UEFCZ,Female,0,1,0,72,United States,California,Monte Rio,95462,38.471049,-123.015549
8711-LOBKY,Male,0,1,1,59,United States,California,Navarro,95463,39.182916,-123.552571
8985-OOPOS,Female,0,0,0,1,United States,California,Occidental,95465,38.415003,-122.998726
8800-ZKRFW,Female,0,1,1,30,United States,California,Philo,95466,39.094102,-123.500853
2616-FLVQC,Male,0,0,0,64,United States,California,Point Arena,95468,38.911299,-123.609588
9968-FFVVH,Male,0,0,0,63,United States,California,Potter Valley,95469,39.408634,-123.045516
3108-PCCGG,Male,1,1,0,72,United States,California,Redwood Valley,95470,39.298065,-123.25211
8390-FESFV,Female,0,0,0,62,United States,California,Sebastopol,95472,38.398815,-122.861923
3022-BEXHZ,Male,0,1,1,67,United States,California,Sonoma,95476,38.25485,-122.461799
6248-TKCQV,Female,0,1,0,70,United States,California,Upper Lake,95485,39.220368,-122.907693
6729-GDNGC,Female,1,0,0,20,United States,California,Westport,95488,39.724433,-123.767578
6198-ZFIOJ,Female,0,0,0,5,United States,California,Willits,95490,39.492046,-123.375818
5989-OMNJE,Female,0,1,0,24,United States,California,Windsor,95492,38.527297,-122.810044
1291-CUOCY,Male,0,1,0,72,United States,California,Yorkville,95494,38.888351,-123.239647
9795-SHUHB,Female,0,1,0,66,United States,California,The Sea Ranch,95497,38.696659,-123.436861
3230-IUALN,Female,0,1,0,45,United States,California,Eureka,95501,40.796621,-124.15428
0042-RLHYP,Female,0,1,1,69,United States,California,Eureka,95503,40.737431,-124.108897
4945-RVMTE,Female,0,0,0,28,United States,California,Blocksburg,95514,40.309088,-123.668201
1866-NXPSP,Female,0,0,0,36,United States,California,Arcata,95521,40.839958,-124.003757
3941-XTSKM,Male,0,1,0,42,United States,California,Burnt Ranch,95527,40.854512,-123.450097
1661-CZBAU,Male,0,0,0,48,United States,California,Carlotta,95528,40.497283,-123.93037
5158-RIVOP,Female,0,1,1,11,United States,California,Fields Landing,95537,40.726949,-124.217378
9788-YTFGE,Male,0,0,0,7,United States,California,Fortuna,95540,40.584991,-124.121504
9277-JOOMO,Female,0,0,0,3,United States,California,Garberville,95542,40.057784,-123.679461
1907-YLNYW,Male,0,0,0,8,United States,California,Gasquet,95543,41.867908,-123.794144
8947-YRTDV,Male,0,1,1,32,United States,California,Hoopa,95546,41.163637,-123.704841
3161-ONRWK,Male,0,1,0,60,United States,California,Hydesville,95547,40.557314,-124.081662
0114-RSRRW,Female,0,1,0,10,United States,California,Klamath,95548,41.572813,-124.035011
4565-NLZBV,Female,0,1,0,71,United States,California,Kneeland,95549,40.664483,-123.865325
6682-VCIXC,Female,0,1,0,43,United States,California,Mad River,95552,40.390301,-123.412327
6475-VHUIZ,Female,0,1,0,23,United States,California,Myers Flat,95554,40.267158,-123.805913
3910-MRQOY,Female,0,1,0,72,United States,California,Orick,95555,41.336354,-124.044354
0661-WCQNQ,Male,0,1,0,22,United States,California,Orleans,95556,41.269521,-123.546958
7537-RBWEA,Female,0,0,0,1,United States,California,Petrolia,95558,40.274302,-124.210902
4656-CAURT,Male,0,0,0,69,United States,California,Phillipsville,95559,40.184094,-123.745487
0121-SNYRK,Male,0,0,0,50,United States,California,Redway,95560,40.142256,-123.852927
3733-LSYCE,Female,0,1,0,15,United States,California,Samoa,95564,40.809636,-124.189977
6265-FRMTQ,Male,0,0,0,31,United States,California,Scotia,95565,40.440636,-124.098739
2017-CCBLH,Female,0,0,0,8,United States,California,Weott,95571,40.310119,-123.909449
7690-KPNCU,Male,0,1,0,64,United States,California,Willow Creek,95573,40.949012,-123.655847
0536-BGFMZ,Female,0,1,0,28,United States,California,Leggett,95585,39.873371,-123.741474
2293-IJWPS,Female,0,1,0,57,United States,California,Piercy,95587,39.955587,-123.681175
5469-NUJUR,Male,0,0,0,19,United States,California,Zenia,95595,40.170357,-123.417298
2625-TRCZQ,Female,0,1,0,51,United States,California,Auburn,95602,38.99003,-121.114408
4102-HLENU,Female,0,1,0,67,United States,California,Auburn,95603,38.912881,-121.082766
7266-GSSJX,Male,0,1,1,11,United States,California,West Sacramento,95605,38.592745,-121.540036
7722-VJRQD,Male,0,1,0,72,United States,California,Brooks,95606,38.809804,-122.241383
7073-QETQY,Male,0,1,0,66,United States,California,Capay,95607,38.681651,-122.130569
5624-RYAMH,Female,0,0,0,9,United States,California,Citrus Heights,95610,38.69508,-121.271616
0196-JTUQI,Female,0,0,0,9,United States,California,Clarksburg,95612,38.384648,-121.578701
7130-YXBRO,Male,0,1,0,48,United States,California,Cool,95614,38.880622,-120.973865
9272-LSVYH,Male,0,0,0,10,United States,California,Courtland,95615,38.311609,-121.554034
3084-DOWLE,Female,0,1,0,72,United States,California,Citrus Heights,95621,38.69549,-121.307864
1084-MNSMJ,Female,0,1,0,51,United States,California,El Dorado,95623,38.63153,-120.842609
4238-HFHSN,Male,1,1,0,61,United States,California,Elverta,95626,38.734997,-121.463719
6250-CGGUN,Male,0,0,0,54,United States,California,Esparto,95627,38.834469,-122.127193
5478-JJVZK,Female,0,0,0,33,United States,California,Fair Oaks,95628,38.652065,-121.25441
7596-IIWYC,Female,0,0,0,27,United States,California,Fiddletown,95629,38.513484,-120.704613
9793-WECQC,Male,0,0,0,23,United States,California,Foresthill,95631,39.031876,-120.811141
4291-HPAXL,Male,0,0,1,1,United States,California,Galt,95632,38.274451,-121.259201
8999-YPYBV,Male,0,1,0,45,United States,California,Garden Valley,95633,38.852544,-120.837669
1839-FBNFR,Female,0,1,1,39,United States,California,Georgetown,95634,38.9386,-120.785514
3071-MVJCD,Male,0,1,0,72,United States,California,Grizzly Flats,95636,38.636102,-120.522149
1697-BCSHV,Female,0,1,1,58,United States,California,Guinda,95637,38.830739,-122.196202
0562-KBDVM,Female,0,0,0,70,United States,California,Herald,95638,38.313447,-121.123886
1131-SUEKT,Male,0,1,1,61,United States,California,Hood,95639,38.375325,-121.507935
3717-OEAUQ,Male,0,0,0,2,United States,California,Ione,95640,38.33788,-120.954202
4538-WNTMJ,Female,0,1,0,46,United States,California,Isleton,95641,38.154823,-121.601358
9432-RUVSL,Female,0,0,0,48,United States,California,Kirkwood,95646,38.631489,-120.015167
8060-HIWJJ,Male,0,0,0,64,United States,California,Lincoln,95648,38.922812,-121.312005
7684-XSZIY,Male,0,1,1,72,United States,California,Loomis,95650,38.809175,-121.171375
9089-UOWJG,Female,0,1,1,12,United States,California,Lotus,95651,38.815515,-120.916997
8039-ACLPL,Female,0,1,0,72,United States,California,Mather,95655,38.549822,-121.266725
9885-AIBVB,Male,0,1,0,29,United States,California,Newcastle,95658,38.883224,-121.15918
1934-MKPXS,Male,0,1,0,33,United States,California,Nicolaus,95659,38.788898,-121.608624
2592-YKDIF,Female,0,0,0,1,United States,California,North Highlands,95660,38.671295,-121.388251
2272-JKMSI,Female,0,1,1,62,United States,California,Roseville,95661,38.736685,-121.251984
8714-CTZJW,Female,0,0,0,4,United States,California,Pilot Hill,95664,38.803731,-121.043799
3569-EDBPQ,Female,0,0,0,24,United States,California,Pine Grove,95665,38.400264,-120.641274
3131-NWVFJ,Female,0,1,0,14,United States,California,Pioneer,95666,38.546999,-120.271114
7521-YXVZY,Male,0,0,1,3,United States,California,Placerville,95667,38.733714,-120.795213
2373-NTKOD,Male,0,0,0,8,United States,California,Rancho Cordova,95670,38.602723,-121.279913
1970-KKFWL,Female,0,0,0,35,United States,California,Rescue,95672,38.724322,-120.991237
9337-SRRNI,Male,0,0,1,66,United States,California,Rio Oso,95674,38.954144,-121.482536
0895-UADGO,Male,0,0,0,8,United States,California,River Pines,95675,38.545775,-120.743325
5678-VFNEQ,Female,0,1,0,71,United States,California,Rocklin,95677,38.7904,-121.236973
5977-CKHON,Female,0,1,1,43,United States,California,Roseville,95678,38.759751,-121.288545
2692-BUCFV,Male,1,0,0,29,United States,California,Shingle Springs,95682,38.598936,-120.963092
1830-GGFNM,Male,0,1,1,65,United States,California,Somerset,95684,38.606703,-120.586659
5302-BDJNT,Male,0,0,0,35,United States,California,Sutter Creek,95685,38.432145,-120.77069
5223-UZAVK,Male,0,0,0,64,United States,California,Thornton,95686,38.157794,-121.520223
4859-ZSRDZ,Female,0,1,0,58,United States,California,Vacaville,95687,38.333133,-121.920151
5651-WYIPH,Female,1,0,0,18,United States,California,Vacaville,95688,38.419088,-122.024568
9350-VLHMB,Male,0,1,1,67,United States,California,Volcano,95689,38.481902,-120.603668
3498-LZGQZ,Male,0,1,1,63,United States,California,Walnut Grove,95690,38.240419,-121.587535
8785-CJSHH,Female,0,1,0,60,United States,California,West Sacramento,95691,38.627951,-121.593287
3870-SPZSI,Female,0,1,1,70,United States,California,Wilton,95693,38.392559,-121.225093
7560-QRBXH,Female,0,0,0,48,United States,California,Woodland,95695,38.71967,-121.862416
7077-XJMET,Male,0,1,0,12,United States,California,Alta,95701,39.218096,-120.79153
8752-GHJFU,Male,1,1,0,71,United States,California,Applegate,95703,38.983388,-120.988814
6896-SRVYQ,Male,1,0,0,44,United States,California,Camino,95709,38.748316,-120.675512
4652-ODEVH,Male,0,1,1,45,United States,California,Dutch Flat,95714,39.197215,-120.83679
6510-UPNKS,Female,0,0,0,23,United States,California,Emigrant Gap,95715,39.23754,-120.720196
6718-BDGHG,Female,0,1,0,43,United States,California,Gold Run,95717,39.170376,-120.838404
9046-DQMTP,Male,0,0,0,35,United States,California,Kyburz,95720,38.766036,-120.209673
6439-LAJXL,Male,0,1,0,9,United States,California,Echo Lake,95721,38.851842,-120.076204
9052-VKDUW,Female,1,1,0,65,United States,California,Pollock Pines,95726,38.733908,-120.453416
1666-JZPZT,Male,0,0,0,27,United States,California,Twin Bridges,95735,38.805481,-120.13287
5777-KJIRB,Female,0,0,0,40,United States,California,Weimar,95736,39.00978,-120.978273
7677-SJJJK,Male,0,1,0,8,United States,California,Granite Bay,95746,38.749466,-121.184196
2480-EJWYP,Female,1,1,0,58,United States,California,Roseville,95747,38.784329,-121.373245
3253-HKOKL,Female,0,1,1,52,United States,California,Elk Grove,95758,38.35363,-121.44195
7055-HNEOJ,Male,0,1,0,3,United States,California,El Dorado Hills,95762,38.684437,-121.055634
5514-YQENT,Male,0,0,1,41,United States,California,Rocklin,95765,38.823278,-121.281856
3211-AAPKX,Male,0,0,0,20,United States,California,Woodland,95776,38.694081,-121.694431
8445-DNBAE,Male,0,0,1,1,United States,California,Sacramento,95814,38.584505,-121.491956
2958-NHPPS,Male,0,0,0,23,United States,California,Sacramento,95816,38.574856,-121.46504
6806-YDEUL,Female,1,0,0,6,United States,California,Sacramento,95817,38.550722,-121.457314
1735-XMJVH,Male,0,1,1,8,United States,California,Sacramento,95818,38.556306,-121.495817
6890-PFRQX,Male,0,0,0,18,United States,California,Sacramento,95819,38.567594,-121.437507
0222-CNVPT,Male,1,0,0,52,United States,California,Sacramento,95820,38.53508,-121.444144
5899-OUVKV,Male,0,0,0,31,United States,California,Sacramento,95821,38.625096,-121.383658
8681-ICONS,Male,0,1,1,29,United States,California,Sacramento,95822,38.512569,-121.495184
1621-YNCJH,Female,0,1,0,36,United States,California,Sacramento,95823,38.475465,-121.443625
6362-QHAFM,Male,0,1,0,42,United States,California,Sacramento,95825,38.590035,-121.412455
3070-BDOQC,Female,0,0,0,60,United States,California,Sacramento,95827,38.549185,-121.328386
6234-PFPXL,Male,0,1,0,22,United States,California,Sacramento,95829,38.486502,-121.334051
9824-QCJPK,Male,0,1,0,36,United States,California,Sacramento,95830,38.490508,-121.284171
4283-IVYCI,Male,0,0,0,9,United States,California,Sacramento,95832,38.445939,-121.496855
1866-OBPNR,Male,0,1,1,1,United States,California,Sacramento,95833,38.619049,-121.517552
8205-MQUGY,Male,0,1,1,12,United States,California,Sacramento,95834,38.646209,-121.52446
8970-ANWXO,Female,0,0,0,23,United States,California,Sacramento,95835,38.685069,-121.543709
9480-BQJEI,Male,0,0,0,62,United States,California,Sacramento,95837,38.691607,-121.602284
6979-TNDEU,Female,0,0,0,8,United States,California,Sacramento,95841,38.660442,-121.346321
9777-WJJPR,Male,0,1,0,31,United States,California,Sacramento,95842,38.687367,-121.34848
9495-SKLKD,Male,0,1,1,45,United States,California,Marysville,95901,39.19514,-121.503883
6048-UWKAL,Female,1,1,0,69,United States,California,Beale Afb,95903,39.125311,-121.392283
5067-DGXLL,Male,0,0,0,2,United States,California,Alleghany,95910,39.467828,-120.841386
6281-FKEWS,Female,0,0,0,44,United States,California,Berry Creek,95916,39.657228,-121.37778
8898-KASCD,Male,0,0,0,39,United States,California,Biggs,95917,39.457388,-121.818201
9242-TKFSV,Male,0,1,0,72,United States,California,Browns Valley,95918,39.292334,-121.320597
9290-SHCMB,Female,1,0,0,13,United States,California,Brownsville,95919,39.440687,-121.263583
0743-HNPFG,Female,0,1,0,51,United States,California,Butte City,95920,39.449794,-121.936372
2277-BKJKN,Female,1,1,0,71,United States,California,Camptonville,95922,39.432127,-121.099287
5035-PGZXH,Female,0,0,0,56,United States,California,Chico,95926,39.745712,-121.84333
8695-WDYEA,Male,0,0,0,1,United States,California,Chico,95928,39.681488,-121.83721
6543-JXSOO,Female,0,1,0,23,United States,California,Clipper Mills,95930,39.562239,-121.14836
8016-ZMGMO,Female,1,1,0,66,United States,California,Colusa,95932,39.273096,-122.050763
8605-ITULD,Female,0,0,0,1,United States,California,Crescent Mills,95934,40.080342,-120.957805
6416-YJTTB,Male,0,0,0,11,United States,California,Downieville,95936,39.578792,-120.780786
4472-VESGY,Female,0,1,1,52,United States,California,Durham,95938,39.607831,-121.777959
3195-TQDZX,Male,0,0,0,3,United States,California,Elk Creek,95939,39.53222,-122.594879
3128-YOVTD,Female,0,1,1,51,United States,California,Forbestown,95941,39.531028,-121.24807
1728-CXQBE,Male,1,1,0,64,United States,California,Glenn,95943,39.597975,-122.032248
7041-TXQJH,Female,0,0,0,37,United States,California,Goodyears Bar,95944,39.564113,-120.868836
5014-GSOUQ,Male,0,0,0,13,United States,California,Grass Valley,95945,39.194539,-120.988066
5724-BIDBU,Male,0,1,0,49,United States,California,Penn Valley,95946,39.203817,-121.19584
0481-SUMCB,Female,1,0,0,45,United States,California,Greenville,95947,40.160386,-120.835428
1769-GRUIK,Female,0,0,0,18,United States,California,Gridley,95948,39.346898,-121.759537
8819-WFGGJ,Male,0,1,0,68,United States,California,Grimes,95950,39.033058,-121.895718
7427-AUFPY,Male,0,0,0,54,United States,California,Hamilton City,95951,39.732767,-122.042298
2811-POVEX,Female,1,1,1,23,United States,California,Live Oak,95953,39.258746,-121.77697
7898-PDWQE,Male,0,1,0,71,United States,California,Maxwell,95955,39.281194,-122.226568
9972-EWRJS,Female,0,1,1,67,United States,California,Meadow Valley,95956,39.937017,-121.058043
9314-IJWSQ,Female,0,1,1,14,United States,California,Meridian,95957,39.068071,-121.832638
5799-JRCZO,Female,0,0,1,63,United States,California,North San Juan,95960,39.423046,-120.984472
1921-KYSAY,Female,0,0,0,41,United States,California,Olivehurst,95961,39.082568,-121.55325
6198-RTPMF,Female,0,1,0,17,United States,California,Oregon House,95962,39.342587,-121.249833
2924-KHUVI,Male,0,1,0,56,United States,California,Orland,95963,39.748037,-122.302169
1925-GMVBW,Female,0,0,0,5,United States,California,Oroville,95965,39.624561,-121.552866
6184-DYUOB,Female,0,1,0,3,United States,California,Palermo,95968,39.435756,-121.552071
9207-ZPANB,Male,0,0,0,37,United States,California,Paradise,95969,39.69676,-121.644379
9327-QSDED,Male,0,0,0,8,United States,California,Quincy,95971,39.971228,-121.041166
1656-DRSMG,Female,0,0,0,63,United States,California,Chico,95973,39.903272,-121.843567
3012-VFFMN,Female,0,1,1,7,United States,California,Richvale,95974,39.495768,-121.747472
2984-AFWNC,Female,0,0,0,3,United States,California,Rough And Ready,95975,39.225634,-121.156163
0640-YJTPY,Male,0,1,1,72,United States,California,Smartville,95977,39.176595,-121.291692
8096-LOIST,Female,0,0,0,19,United States,California,Stirling City,95978,39.904002,-121.527823
9764-REAFF,Female,0,1,0,59,United States,California,Stonyford,95979,39.288127,-122.415841
7107-UBYKY,Female,0,1,1,35,United States,California,Sutter,95982,39.172777,-121.805845
4881-GQJTW,Male,0,0,0,14,United States,California,Taylorsville,95983,40.053684,-120.743116
7876-DNYAP,Female,0,1,1,69,United States,California,Washington,95986,39.34128,-120.786867
7905-NJMXS,Male,1,1,0,7,United States,California,Williams,95987,39.117537,-122.284654
2882-WDTBA,Male,0,1,0,69,United States,California,Willows,95988,39.493991,-122.286363
2091-GPPIQ,Female,0,1,0,72,United States,California,Yuba City,95991,39.02741,-121.614982
5071-FBJFS,Female,0,1,1,4,United States,California,Redding,96001,40.587919,-122.464732
2796-UUZZO,Male,0,1,1,63,United States,California,Redding,96002,40.527834,-122.318749
2429-AYKKO,Male,0,0,0,72,United States,California,Redding,96003,40.677649,-122.29467
9798-OPFEM,Female,0,0,0,46,United States,California,Adin,96006,41.171578,-120.913161
3794-NFNCH,Male,0,1,0,30,United States,California,Bella Vista,96008,40.722733,-122.109666
5193-QLVZB,Male,0,0,0,63,United States,California,Bieber,96009,41.083464,-121.107929
7114-AEOZE,Female,0,0,0,60,United States,California,Big Bar,96010,40.775272,-123.287414
5522-NYKPB,Male,0,1,1,25,United States,California,Burney,96013,40.946785,-121.719489
9957-YODKZ,Male,1,1,0,6,United States,California,Canby,96015,41.486953,-120.913975
6518-KZXCB,Male,0,0,0,22,United States,California,Cassel,96016,40.936285,-121.572692
2245-ADZFJ,Female,0,1,0,31,United States,California,Castella,96017,41.121108,-122.336613
7776-QGYJC,Female,0,1,1,39,United States,California,Shasta Lake,96019,40.692523,-122.369876
9313-QOLTZ,Male,0,0,0,26,United States,California,Chester,96020,40.243494,-121.154733
4672-FOTSD,Male,0,0,0,12,United States,California,Dorris,96023,41.949216,-122.050062
9818-XQCUV,Female,0,0,0,2,United States,California,Dunsmuir,96025,41.212695,-122.392067
7338-ERIVA,Male,0,0,0,39,United States,California,Etna,96027,41.405193,-123.008567
8259-NFJTV,Female,0,1,1,7,United States,California,Flournoy,96029,39.84784,-122.544556
3223-DWFIO,Male,1,0,0,4,United States,California,Forks Of Salmon,96031,41.232128,-123.194748
6968-GMKPR,Female,0,0,0,55,United States,California,French Gulch,96033,40.740138,-122.587476
4751-ERMAN,Male,0,1,0,72,United States,California,Gazelle,96034,41.411315,-122.697236
1436-ZMJAN,Female,0,1,0,10,United States,California,Gerber,96035,40.03194,-122.176023
3292-PBZEJ,Male,1,0,0,11,United States,California,Greenview,96037,41.528541,-122.955018
0799-DDIHE,Female,0,1,1,15,United States,California,Grenada,96038,41.599978,-122.539381
3070-FNFZQ,Female,0,1,1,23,United States,California,Happy Camp,96039,41.831901,-123.487478
2812-SFXMJ,Male,0,0,1,1,United States,California,Hat Creek,96040,40.789799,-121.474529
5014-WUQMG,Male,0,1,1,47,United States,California,Hornbrook,96044,41.962127,-122.527696
5312-TSZVC,Female,0,0,0,15,United States,California,Hyampom,96046,40.648024,-123.465088
0993-OSGPT,Female,1,1,0,68,United States,California,Junction City,96048,40.913192,-123.06597
7108-DGVUU,Female,1,1,0,21,United States,California,Lookout,96054,41.280478,-121.160249
2782-JEEBU,Male,0,0,0,21,United States,California,Los Molinos,96055,40.059385,-122.091481
5127-BZENZ,Female,0,1,0,56,United States,California,Mcarthur,96056,41.10831,-121.360362
2720-FVBQP,Female,0,1,1,6,United States,California,Mccloud,96057,41.251322,-122.105209
9906-NHHVC,Female,1,0,0,65,United States,California,Macdoel,96058,41.769709,-121.92063
4522-XRWWI,Male,0,1,0,42,United States,California,Manton,96059,40.426679,-121.850421
3766-EJLFL,Female,0,1,1,68,United States,California,Mill Creek,96061,40.331975,-121.460674
5939-SXWHM,Male,0,1,1,48,United States,California,Millville,96062,40.531257,-122.148139
8152-UOBNY,Female,1,0,0,50,United States,California,Mineral,96063,40.408796,-121.579609
7351-KYHQH,Female,1,0,0,7,United States,California,Montague,96064,41.759864,-122.379175
7643-RCHXS,Female,0,1,1,63,United States,California,Montgomery Creek,96065,40.877552,-121.885884
8246-SHFGA,Male,0,0,0,17,United States,California,Mount Shasta,96067,41.33832,-122.290756
0620-XEFWH,Male,0,1,1,4,United States,California,Oak Run,96069,40.689243,-122.037023
6485-QXWWE,Female,0,0,1,62,United States,California,Old Station,96071,40.656287,-121.428965
7321-VGNKU,Female,0,1,0,2,United States,California,Paskenta,96074,39.884395,-122.587513
5327-CNLUQ,Male,0,1,0,48,United States,California,Paynes Creek,96075,40.343213,-121.815412
7552-KEYGT,Male,0,1,0,27,United States,California,Platina,96076,40.367964,-122.937379
5816-JMLGY,Female,0,1,0,70,United States,California,Red Bluff,96080,40.186772,-122.388361
2927-QRRQV,Male,0,1,0,46,United States,California,Scott Bar,96085,41.737962,-123.07557
6265-SXWBU,Male,0,1,1,69,United States,California,Shingletown,96088,40.497441,-121.827524
7941-RCJOW,Male,0,0,0,65,United States,California,Tehama,96090,40.021787,-122.127576
6374-NTQLP,Male,1,1,1,72,United States,California,Trinity Center,96091,41.081847,-122.700545
2387-KDZQY,Male,0,0,0,17,United States,California,Weaverville,96093,40.759401,-122.939337
3584-WKTTW,Male,0,1,0,51,United States,California,Weed,96094,41.465121,-122.380947
3399-BMLVW,Male,0,1,0,51,United States,California,Whitmore,96096,40.637105,-121.906949
1971-DTCZB,Female,0,1,0,72,United States,California,Yreka,96097,41.764869,-122.671316
3374-PZLXD,Male,0,0,0,34,United States,California,Blairsden Graeagle,96103,39.783747,-120.661032
3813-DHBBB,Male,0,1,0,67,United States,California,Cedarville,96104,41.505916,-120.152505
2812-REYAT,Female,0,1,0,49,United States,California,Chilcoot,96105,39.872961,-120.198876
6518-PPLMZ,Male,0,1,1,53,United States,California,Clio,96106,39.745805,-120.580882
4939-KYYPY,Male,0,0,0,27,United States,California,Coleville,96107,38.42528,-119.475741
5930-GBIWP,Male,0,0,0,69,United States,California,Doyle,96109,40.012675,-120.101857
6022-KOUQO,Female,0,1,1,2,United States,California,Eagleville,96110,41.280341,-120.150381
2361-UPSND,Female,0,1,0,46,United States,California,Herlong,96113,40.198234,-120.18089
6035-RIIOM,Female,0,0,0,54,United States,California,Janesville,96114,40.294034,-120.512622
9504-DSHWM,Male,0,0,0,20,United States,California,Litchfield,96117,40.507272,-120.338228
5035-BVCXS,Male,0,0,0,11,United States,California,Loyalton,96118,39.637471,-120.226338
6267-DCFFZ,Female,1,1,0,30,United States,California,Madeline,96119,41.042003,-120.506086
3533-UVMOM,Male,0,1,0,68,United States,California,Markleeville,96120,38.735789,-119.85798
2439-LYPMQ,Male,1,1,0,38,United States,California,Milford,96121,40.181279,-120.392967
1478-VPOAD,Female,0,0,0,1,United States,California,Calpine,96124,39.672813,-120.456699
9995-HOTOH,Male,0,1,0,63,United States,California,Sierra City,96125,39.600599,-120.636358
2988-PLAHS,Female,0,0,0,3,United States,California,Sierraville,96126,39.559709,-120.345639
1371-OJCEK,Female,0,0,0,48,United States,California,Standish,96128,40.346634,-120.386422
4999-IEZLT,Male,0,0,0,66,United States,California,Susanville,96130,40.559177,-120.612113
8883-ANODQ,Female,0,1,1,68,United States,California,Termo,96132,41.027281,-120.669427
2351-RRBUE,Female,0,1,0,7,United States,California,Tulelake,96134,41.813521,-121.492666
5980-BDHPY,Male,0,1,0,72,United States,California,Wendel,96136,40.345949,-120.081187
1498-DQNRX,Female,0,1,0,29,United States,California,Westwood,96137,40.271535,-121.018087
9469-WEJBT,Male,0,1,0,37,United States,California,Carnelian Bay,96140,39.227434,-120.091806
2581-VKIRT,Female,0,1,0,59,United States,California,Kings Beach,96143,39.246654,-120.029273
7426-WEIJX,Male,1,1,1,60,United States,California,Olympic Valley,96146,39.191797,-120.212401
2851-MMUTZ,Female,0,0,0,27,United States,California,Tahoe Vista,96148,39.24124,-120.054765
3307-TLCUD,Male,0,1,0,17,United States,California,Los Angeles,90001,33.973616,-118.24902
6625-FLENO,Male,0,1,0,58,United States,California,Los Angeles,90002,33.949255,-118.246978
2967-MXRAV,Male,0,1,0,1,United States,California,Los Angeles,90003,33.964131,-118.272783
8189-HBVRW,Female,0,0,0,53,United States,California,Los Angeles,90005,34.059281,-118.30742
4163-KIUHY,Male,0,0,0,35,United States,California,Los Angeles,90006,34.048013,-118.293953
3500-NSDOA,Male,0,1,0,68,United States,California,Los Angeles,90008,34.008293,-118.346766
1171-TYKUR,Male,0,1,0,47,United States,California,Los Angeles,90010,34.062125,-118.315709
3761-FLYZI,Female,1,1,0,65,United States,California,Los Angeles,90011,34.00709,-118.258681
1219-NNDDO,Female,0,0,0,9,United States,California,Los Angeles,90015,34.039224,-118.266293
8388-DMKAE,Female,0,0,0,8,United States,California,Los Angeles,90016,34.028331,-118.354338
4403-BWPAY,Male,0,0,0,14,United States,California,Los Angeles,90017,34.052842,-118.264495
9659-QEQSY,Female,0,0,0,45,United States,California,Los Angeles,90018,34.028735,-118.317236
5405-ZMYXQ,Female,0,0,0,8,United States,California,Los Angeles,90019,34.049841,-118.33846
1442-OKRJE,Male,0,1,1,66,United States,California,Los Angeles,90021,34.029043,-118.239504
4737-AQCPU,Male,0,1,0,72,United States,California,Los Angeles,90022,34.02381,-118.156582
2808-CHTDM,Female,0,1,1,23,United States,California,Los Angeles,90024,34.066303,-118.435479
0793-TWELN,Female,0,0,0,4,United States,California,Los Angeles,90026,34.078991,-118.263804
3283-WCWXT,Male,0,1,1,6,United States,California,Los Angeles,90027,34.127194,-118.295647
1060-ENTOF,Female,1,1,0,67,United States,California,Los Angeles,90028,34.099869,-118.326843
0999-QXNSA,Male,1,0,1,7,United States,California,Los Angeles,90029,34.089953,-118.294824
5451-MHQOF,Male,0,1,0,56,United States,California,Los Angeles,90031,34.085807,-118.206617
4836-WNFNO,Female,0,1,0,72,United States,California,Los Angeles,90032,34.078821,-118.177576
9225-BZLNZ,Male,0,1,0,72,United States,California,Los Angeles,90033,34.050198,-118.210946
0354-VXMJC,Male,0,1,1,23,United States,California,Los Angeles,90034,34.030578,-118.399613
4422-QVIJA,Female,0,0,1,35,United States,California,Los Angeles,90035,34.051809,-118.383843
9365-SRSZE,Male,1,1,0,27,United States,California,Los Angeles,90036,34.070291,-118.349191
8332-OSJDW,Male,0,1,0,12,United States,California,Los Angeles,90038,34.088017,-118.327168
4735-BJKOU,Female,0,0,0,40,United States,California,Los Angeles,90039,34.110845,-118.259595
0274-JKUJR,Male,0,1,1,7,United States,California,Los Angeles,90040,33.994524,-118.149953
5740-YHGTW,Male,0,1,1,70,United States,California,Los Angeles,90041,34.137412,-118.207607
8917-SZTTJ,Male,0,1,1,60,United States,California,Los Angeles,90042,34.11572,-118.192754
1696-MZVAU,Male,0,1,0,39,United States,California,Los Angeles,90043,33.988543,-118.334081
7359-WWYJV,Male,0,1,0,72,United States,California,Los Angeles,90044,33.952714,-118.292061
4906-ZHGPK,Male,0,1,0,54,United States,California,Los Angeles,90046,34.108455,-118.362081
3795-GWTRD,Female,0,1,0,63,United States,California,Los Angeles,90048,34.072945,-118.37267
1298-PHBTI,Male,0,1,1,71,United States,California,Los Angeles,90049,34.091829,-118.491244
6223-DHJGV,Female,0,0,0,42,United States,California,Los Angeles,90056,33.987945,-118.370442
6961-MJKBO,Male,0,0,0,47,United States,California,Los Angeles,90057,34.061918,-118.277939
8158-WPEZG,Male,0,0,0,11,United States,California,Los Angeles,90061,33.92128,-118.274186
4918-FYJNT,Female,1,1,0,55,United States,California,Los Angeles,90063,34.044271,-118.185237
0727-BNRLG,Male,0,0,0,69,United States,California,Los Angeles,90064,34.037251,-118.423573
4854-CIDCF,Female,1,0,0,3,United States,California,Los Angeles,90065,34.108833,-118.229715
3280-MRDOF,Male,1,0,0,30,United States,California,Los Angeles,90067,34.057496,-118.413959
6435-SRWBJ,Female,0,0,0,5,United States,California,Los Angeles,90068,34.137411,-118.328915
9964-WBQDJ,Female,0,1,0,71,United States,California,West Hollywood,90069,34.093781,-118.381061
6303-KFWSL,Female,0,0,0,29,United States,California,Los Angeles,90071,34.052917,-118.255178
1702-CCFNJ,Male,0,1,0,52,United States,California,Los Angeles,90077,34.102084,-118.451629
8932-CZHRQ,Male,0,0,0,68,United States,California,Bell,90201,33.970343,-118.171368
0386-CWRGM,Female,0,1,1,46,United States,California,Beverly Hills,90210,34.099891,-118.414338
5515-RUGKN,Male,0,0,0,8,United States,California,Beverly Hills,90211,34.063947,-118.383001
0404-AHASP,Male,0,1,0,72,United States,California,Beverly Hills,90212,34.062095,-118.401508
7279-NMVJC,Female,0,0,0,17,United States,California,Compton,90220,33.88151,-118.234451
2081-VEYEH,Male,0,0,0,3,United States,California,Compton,90221,33.885811,-118.206459
6407-UTSLV,Female,1,0,0,2,United States,California,Compton,90222,33.912246,-118.236773
9060-HJJRW,Female,0,0,0,51,United States,California,Culver City,90232,34.019323,-118.391902
2587-YNLES,Female,0,1,1,6,United States,California,Downey,90240,33.956228,-118.120993
7398-SKNQZ,Female,0,1,0,3,United States,California,Downey,90241,33.940884,-118.128628
5935-FCCNB,Female,1,0,0,17,United States,California,Downey,90242,33.921793,-118.140588
1958-RNRKS,Male,0,1,0,30,United States,California,El Segundo,90245,33.917145,-118.401554
5136-RGMZO,Male,0,0,0,31,United States,California,Gardena,90247,33.890853,-118.297967
8345-MVDYC,Female,0,0,0,45,United States,California,Gardena,90248,33.876482,-118.284077
8226-BXGES,Male,0,1,0,64,United States,California,Gardena,90249,33.90139,-118.315697
9705-IOVQQ,Male,1,1,1,61,United States,California,Huntington Park,90255,33.97803,-118.217141
1015-OWJKI,Male,0,0,0,1,United States,California,Lawndale,90260,33.88856,-118.351813
2040-XBAVJ,Male,0,1,1,72,United States,California,Malibu,90263,34.037037,-118.705803
8887-IPQNC,Female,0,1,0,7,United States,California,Manhattan Beach,90266,33.889632,-118.39737
8646-JCOMS,Female,0,1,0,66,United States,California,Maywood,90270,33.988572,-118.186565
1222-KJNZD,Male,0,1,1,40,United States,California,Palos Verdes Peninsula,90274,33.788208,-118.404955
0106-GHRQR,Male,0,0,0,16,United States,California,Rancho Palos Verdes,90275,33.753146,-118.367459
3768-VHXQO,Male,0,1,0,67,United States,California,Redondo Beach,90278,33.873395,-118.37019
8952-WCVCD,Female,0,1,0,41,United States,California,South Gate,90280,33.944624,-118.192615
2418-TPEUN,Female,0,1,1,56,United States,California,Topanga,90290,34.115192,-118.61017
3963-RYFNS,Female,0,0,0,72,United States,California,Venice,90291,33.991782,-118.479229
8540-ZQGEA,Female,0,1,0,54,United States,California,Playa Del Rey,90293,33.947305,-118.439841
1320-REHCS,Male,1,0,0,52,United States,California,Inglewood,90301,33.956445,-118.358634
4137-JOPHL,Female,0,0,0,50,United States,California,Inglewood,90302,33.975332,-118.355252
7801-CEDNV,Male,0,1,0,27,United States,California,Inglewood,90304,33.936827,-118.359824
2057-BOYKM,Female,1,1,0,72,United States,California,Inglewood,90305,33.958134,-118.330905
3658-QQJYD,Male,0,0,0,62,United States,California,Santa Monica,90401,34.015481,-118.493231
1803-BGNBD,Female,0,0,0,12,United States,California,Santa Monica,90402,34.035849,-118.503508
0134-XWXCE,Female,1,0,0,44,United States,California,Santa Monica,90403,34.031529,-118.491156
6950-TWMYB,Male,0,1,1,54,United States,California,Santa Monica,90404,34.026334,-118.474222
5848-FHRFC,Female,0,0,0,68,United States,California,Santa Monica,90405,34.005439,-118.477507
2243-FNMMI,Male,0,0,0,20,United States,California,Torrance,90501,33.833699,-118.314387
2511-MORQY,Male,0,1,0,50,United States,California,Torrance,90502,33.833181,-118.292062
5356-KZCKT,Male,0,0,0,58,United States,California,Torrance,90503,33.840399,-118.353714
9470-XCCEM,Male,0,1,1,35,United States,California,Torrance,90504,33.867257,-118.330794
6519-CFDBX,Female,0,0,0,2,United States,California,Torrance,90505,33.807882,-118.347957
3902-MIVLE,Male,0,1,0,63,United States,California,Whittier,90601,34.007353,-118.033683
0409-WTMPL,Female,0,1,0,58,United States,California,Whittier,90602,33.972119,-118.020188
8763-KIAFH,Female,0,1,0,27,United States,California,Whittier,90603,33.945318,-117.992066
3669-WHAFY,Female,0,1,0,71,United States,California,Whittier,90604,33.929704,-118.01208
3055-VTCGS,Female,0,0,0,63,United States,California,Whittier,90605,33.960891,-118.032222
3144-KMTWZ,Male,0,1,0,71,United States,California,Whittier,90606,33.976678,-118.065875
2007-QVGAW,Female,0,1,1,68,United States,California,Cypress,90630,33.818477,-118.038307
5207-PLSTK,Male,0,1,1,1,United States,California,La Habra,90631,33.940619,-117.9513
2307-FYNNL,Male,1,0,0,65,United States,California,La Mirada,90638,33.902045,-118.008961
5605-XNWEN,Male,1,1,0,72,United States,California,Montebello,90640,34.015217,-118.109962
2155-AMQRX,Female,0,0,0,28,United States,California,Norwalk,90650,33.905963,-118.08263
6181-AXXYF,Male,0,1,1,72,United States,California,Pico Rivera,90660,33.989524,-118.089299
5091-HFAZW,Female,0,0,0,2,United States,California,Santa Fe Springs,90670,33.933565,-118.062611
2519-LBNQL,Male,1,1,0,60,United States,California,Artesia,90701,33.867593,-118.080637
8623-ULFNQ,Female,1,0,0,26,United States,California,Cerritos,90703,33.8681,-118.067402
1568-LJSZU,Male,0,1,0,68,United States,California,Harbor City,90710,33.798266,-118.300237
7789-HKSBS,Female,1,1,0,42,United States,California,Lakewood,90713,33.847755,-118.112532
7416-CKTEP,Female,0,1,0,57,United States,California,Lakewood,90715,33.841027,-118.078097
2586-CWXVV,Male,0,1,0,54,United States,California,Hawaiian Gardens,90716,33.830431,-118.074071
2348-KCJLT,Female,0,1,0,44,United States,California,Los Alamitos,90720,33.79499,-118.065591
8401-EMUWF,Male,0,1,1,42,United States,California,Paramount,90723,33.897122,-118.164432
4193-IBKSW,Male,0,1,1,72,United States,California,San Pedro,90731,33.736387,-118.284363
5377-NDTOU,Female,0,1,0,71,United States,California,San Pedro,90732,33.744119,-118.31448
2474-LCNUE,Female,0,1,0,23,United States,California,Sunset Beach,90742,33.719221,-118.073596
0839-QNXME,Female,0,0,0,30,United States,California,Surfside,90743,33.728273,-118.085304
3506-OVLKD,Male,0,0,0,35,United States,California,Wilmington,90744,33.782068,-118.262263
6650-VJONK,Male,0,0,0,1,United States,California,Carson,90746,33.859171,-118.252272
2178-PMGCJ,Male,0,0,0,22,United States,California,Long Beach,90802,33.752524,-118.210737
7492-TAFJD,Male,0,1,0,7,United States,California,Long Beach,90803,33.760458,-118.129725
2773-MADBQ,Female,0,0,0,36,United States,California,Long Beach,90804,33.783047,-118.1486
6016-LVTJQ,Female,0,1,1,34,United States,California,Long Beach,90805,33.864622,-118.179626
7860-KSUGX,Male,0,1,0,72,United States,California,Long Beach,90806,33.802664,-118.179971
8966-KZXXA,Male,0,1,1,36,United States,California,Long Beach,90807,33.830099,-118.182239
5149-QYTTU,Female,0,1,1,71,United States,California,Long Beach,90814,33.771612,-118.143866
2070-XYMFH,Female,1,0,0,23,United States,California,Long Beach,90815,33.797638,-118.11662
2085-BOJKI,Male,0,1,0,17,United States,California,Long Beach,90822,33.778436,-118.118648
0817-HSUSE,Male,0,0,0,1,United States,California,Altadena,91001,34.196837,-118.142236
5442-PPTJY,Male,0,1,1,12,United States,California,Arcadia,91006,34.137319,-118.029837
1927-QEWMY,Female,0,1,0,72,United States,California,Arcadia,91007,34.128284,-118.047732
1663-MHLHE,Male,0,0,0,1,United States,California,Duarte,91010,34.145695,-117.95982
5663-QBGIS,Male,1,1,0,72,United States,California,La Canada Flintridge,91011,34.234912,-118.153729
4450-MDZFX,Male,0,1,1,60,United States,California,Monrovia,91016,34.1528,-118.000482
6701-DHKWQ,Female,0,1,0,61,United States,California,Montrose,91020,34.2112,-118.230625
7554-AKDQF,Female,0,1,0,6,United States,California,Sierra Madre,91024,34.168686,-118.057505
0794-YVSGE,Male,0,1,1,72,United States,California,Pasadena,91101,34.146635,-118.139225
5423-BHIXO,Female,0,0,0,32,United States,California,Pasadena,91103,34.167465,-118.165327
6908-VVYHM,Male,0,1,0,65,United States,California,Pasadena,91104,34.165383,-118.123752
2959-EEXWB,Female,0,1,1,45,United States,California,Pasadena,91105,34.13946,-118.166649
1839-UMACK,Male,0,0,0,42,United States,California,Pasadena,91106,34.139402,-118.128658
3030-YDNRM,Male,0,0,0,8,United States,California,Pasadena,91107,34.159007,-118.087353
7321-KKSDU,Male,0,0,1,32,United States,California,San Marino,91108,34.122671,-118.112911
3402-XRIUO,Female,1,1,0,22,United States,California,Glendale,91201,34.17051,-118.289463
8286-AFUYI,Male,0,0,0,1,United States,California,Glendale,91203,34.153338,-118.262974
8356-WUAOJ,Female,0,1,0,1,United States,California,Glendale,91205,34.13658,-118.245839
8058-DMYRU,Male,1,0,0,54,United States,California,Glendale,91208,34.195386,-118.238508
9350-ZXYJC,Female,0,0,0,4,United States,California,La Crescenta,91214,34.239636,-118.245259
8958-JPTRR,Female,0,1,0,56,United States,California,Calabasas,91302,34.130861,-118.68346
6959-GQEGV,Male,0,0,0,45,United States,California,Canoga Park,91303,34.19829,-118.602203
3173-WSSUE,Female,0,1,1,71,United States,California,Canoga Park,91304,34.224377,-118.632656
1265-HVPZB,Male,0,1,0,59,United States,California,Winnetka,91306,34.209532,-118.577563
4115-UMJFQ,Male,0,0,0,69,United States,California,West Hills,91307,34.199787,-118.68493
7369-TRPFD,Male,0,0,0,19,United States,California,Chatsworth,91311,34.294142,-118.603883
1098-KFQEC,Female,0,1,1,55,United States,California,Encino,91316,34.150354,-118.518292
7190-XHTWJ,Female,0,0,0,38,United States,California,Newbury Park,91320,34.172071,-118.946262
3537-RYBHH,Female,1,1,0,47,United States,California,Northridge,91324,34.238208,-118.55029
5296-BFCYD,Male,0,1,1,46,United States,California,San Fernando,91340,34.286131,-118.435969
9359-JANWS,Female,0,1,0,65,United States,California,North Hills,91343,34.238802,-118.482296
3279-DYZQM,Male,0,1,1,71,United States,California,Santa Clarita,91350,34.502432,-118.41459
0523-VNGTF,Female,1,0,0,52,United States,California,Sun Valley,91352,34.231053,-118.338307
9575-IWCAZ,Male,0,1,0,6,United States,California,Valencia,91354,34.457005,-118.573726
7105-MXJLL,Female,1,1,0,26,United States,California,Valencia,91355,34.43987,-118.644609
7064-FRRSW,Male,1,0,0,48,United States,California,Tarzana,91356,34.157137,-118.548511
7940-UQQUG,Female,0,1,1,64,United States,California,Thousand Oaks,91360,34.214054,-118.88109
3961-SXAXY,Male,0,0,0,1,United States,California,Thousand Oaks,91362,34.191842,-118.822796
7010-BRBUU,Male,0,1,1,72,United States,California,Woodland Hills,91364,34.153733,-118.593408
3566-HJGPK,Male,0,0,0,1,United States,California,Woodland Hills,91367,34.178068,-118.615714
3062-ICYZQ,Female,0,1,1,51,United States,California,Oak Park,91377,34.19225,-118.776874
9938-PRCVK,Female,0,1,1,41,United States,California,Stevenson Ranch,91381,34.364153,-118.615583
0973-KYVNF,Female,0,1,0,72,United States,California,Castaic,91384,34.506627,-118.699048
5129-HHMZC,Female,0,1,0,43,United States,California,Van Nuys,91401,34.178483,-118.431791
9637-CDTKZ,Male,0,1,0,72,United States,California,Panorama City,91402,34.223768,-118.445461
3946-JEWRQ,Male,0,1,0,47,United States,California,Sherman Oaks,91403,34.147149,-118.463365
7873-CVMAW,Male,0,0,0,72,United States,California,Van Nuys,91405,34.202494,-118.448048
0463-WZZKO,Male,0,0,0,3,United States,California,Van Nuys,91406,34.195685,-118.490752
4524-QCSSM,Male,0,0,0,26,United States,California,Encino,91436,34.152875,-118.486056
5832-EXGTT,Male,0,1,1,29,United States,California,Burbank,91501,34.188339,-118.300942
2039-JONDJ,Male,0,0,0,27,United States,California,Burbank,91504,34.213049,-118.317651
7217-JYHOQ,Male,0,1,1,24,United States,California,Burbank,91505,34.174215,-118.345928
6695-FRVEC,Male,0,1,0,67,United States,California,Burbank,91506,34.169706,-118.323548
9894-QMIMJ,Female,0,0,0,23,United States,California,North Hollywood,91602,34.15136,-118.364786
8069-YQQAJ,Male,0,0,0,14,United States,California,Studio City,91604,34.139082,-118.39275
1636-NTNCO,Male,1,0,0,4,United States,California,Valley Village,91607,34.165783,-118.399795
3466-WAESX,Male,0,0,1,16,United States,California,Rancho Cucamonga,91701,34.132275,-117.611478
9281-PKKZE,Female,0,1,0,46,United States,California,Azusa,91702,34.174493,-117.87068
3638-VBZTA,Male,0,0,0,68,United States,California,Baldwin Park,91706,34.098275,-117.967399
7459-IMVYU,Male,0,0,0,38,United States,California,Chino Hills,91709,33.942895,-117.725644
8563-OYMQY,Male,0,0,0,17,United States,California,Covina,91722,34.097345,-117.906736
0754-EEBDC,Male,0,1,1,4,United States,California,Covina,91723,34.084747,-117.886844
5777-ZPQNC,Female,0,0,0,12,United States,California,Covina,91724,34.08111,-117.853935
1951-IEYXM,Male,0,1,0,72,United States,California,Rancho Cucamonga,91730,34.10097,-117.57882
3318-NMQXL,Male,0,0,0,3,United States,California,El Monte,91731,34.079934,-118.046695
1022-RKXDR,Female,0,0,0,41,United States,California,South El Monte,91733,34.04622,-118.053753
2361-FJWNO,Male,0,0,0,40,United States,California,Rancho Cucamonga,91737,34.245289,-117.642503
2272-UOINI,Female,0,0,0,7,United States,California,Rancho Cucamonga,91739,34.133809,-117.523724
8232-UTFOZ,Male,0,0,0,69,United States,California,Glendora,91740,34.119363,-117.855059
3750-YHRYO,Male,0,1,0,7,United States,California,Glendora,91741,34.14649,-117.849815
6637-KYRCV,Female,0,1,1,5,United States,California,La Puente,91744,34.031441,-117.936436
5668-MEISB,Female,0,1,1,72,United States,California,Hacienda Heights,91745,33.998471,-117.973758
0129-QMPDR,Male,0,1,0,44,United States,California,La Puente,91746,34.038983,-117.991372
7188-CBBBA,Female,0,0,0,65,United States,California,Rowland Heights,91748,33.976753,-117.897367
5356-CSVSQ,Female,0,0,0,3,United States,California,La Verne,91750,34.144703,-117.770299
3221-CJMSG,Male,0,0,0,24,United States,California,Mira Loma,91752,33.999992,-117.535395
3219-JQRSL,Female,1,1,0,72,United States,California,Monterey Park,91755,34.049172,-118.115022
2801-NISEI,Male,0,0,0,24,United States,California,Mt Baldy,91759,34.231318,-117.662032
4623-ZKHLY,Male,0,1,0,22,United States,California,Ontario,91762,34.057256,-117.667677
6732-VAILE,Male,0,1,0,70,United States,California,Montclair,91763,34.072121,-117.698319
8201-AAXCB,Male,0,1,1,25,United States,California,Ontario,91764,34.074087,-117.605618
7696-CFTAT,Male,0,1,1,37,United States,California,Diamond Bar,91765,33.992416,-117.807874
1845-CSBRZ,Female,1,1,1,22,United States,California,Pomona,91766,34.042286,-117.756106
2123-VSCOT,Female,0,1,0,59,United States,California,Pomona,91767,34.083086,-117.737997
2018-QKYGT,Male,0,1,1,1,United States,California,San Gabriel,91775,34.114772,-118.089431
2792-VPPET,Male,0,0,0,3,United States,California,San Gabriel,91776,34.089927,-118.095645
7409-JURKQ,Female,0,1,0,53,United States,California,Temple City,91780,34.101608,-118.055848
3247-MHJKM,Male,0,0,0,1,United States,California,Upland,91784,34.141146,-117.655583
1964-SVLEA,Male,0,0,0,20,United States,California,Upland,91786,34.105493,-117.660934
7297-DVYGA,Female,0,0,0,51,United States,California,West Covina,91790,34.066964,-117.937007
2239-CGBUZ,Female,0,1,0,51,United States,California,West Covina,91791,34.061634,-117.893169
0854-UYHZD,Female,0,1,1,13,United States,California,West Covina,91792,34.024405,-117.898722
7243-LCGGZ,Female,0,0,0,1,United States,California,Alhambra,91801,34.090925,-118.128164
8267-KFGYD,Male,0,0,1,1,United States,California,Alhambra,91803,34.074736,-118.145959
4890-VMUAV,Male,0,0,0,63,United States,California,Alpine,91901,32.827184,-116.703729
9261-WDCAF,Male,0,0,0,3,United States,California,Bonita,91902,32.67117,-117.00232
3764-MNMOI,Male,0,0,0,46,United States,California,Boulevard,91905,32.677097,-116.304991
7442-YGZFK,Male,0,0,0,1,United States,California,Campo,91906,32.673483,-116.472863
8229-BUJHX,Female,0,1,1,71,United States,California,Chula Vista,91911,32.607964,-117.059459
7449-HVPIV,Male,0,1,1,55,United States,California,Chula Vista,91913,32.64164,-116.985026
5504-WSIUR,Female,0,0,0,70,United States,California,Chula Vista,91914,32.688506,-116.938632
8466-PZBLH,Male,0,1,1,67,United States,California,Descanso,91916,32.912664,-116.635387
8735-IJJEG,Male,0,1,0,14,United States,California,Guatay,91931,32.857946,-116.561917
0564-MUUQK,Female,0,1,1,20,United States,California,Imperial Beach,91932,32.579134,-117.119009
0701-RFGFI,Female,0,1,1,49,United States,California,La Mesa,91941,32.759327,-116.99726
0019-EFAEP,Female,0,0,0,72,United States,California,La Mesa,91942,32.782501,-117.01611
5619-PTMIK,Female,0,1,0,46,United States,California,Lemon Grove,91945,32.733564,-117.033713
3737-XBQDD,Male,0,0,0,24,United States,California,Mount Laguna,91948,32.830852,-116.444601
5882-CMAZQ,Female,0,1,1,5,United States,California,National City,91950,32.67102,-117.095235
5846-QFDFI,Female,0,1,1,33,United States,California,Pine Valley,91962,32.800671,-116.483363
4445-KWOKW,Female,0,0,0,42,United States,California,Potrero,91963,32.619465,-116.593605
3511-APPBJ,Male,0,0,0,23,United States,California,Spring Valley,91977,32.726627,-116.994608
7967-HYCDE,Male,0,0,0,8,United States,California,Spring Valley,91978,32.730264,-116.950963
2430-RRYUW,Male,0,0,0,66,United States,California,Tecate,91980,32.587557,-116.636816
3723-BFBGR,Male,1,0,0,24,United States,California,Borrego Springs,92004,33.200369,-116.192313
5447-WZAFP,Female,0,0,0,53,United States,California,Carlsbad,92008,33.148116,-117.306043
5110-CHOPY,Female,0,0,0,60,United States,California,Carlsbad,92009,33.098018,-117.258203
4425-OWHWB,Female,0,0,0,20,United States,California,El Cajon,92019,32.785165,-116.862648
7892-QVYKW,Female,0,1,1,23,United States,California,El Cajon,92020,32.79697,-116.969082
9675-ICXCT,Male,0,1,0,72,United States,California,El Cajon,92021,32.832706,-116.873258
4703-MQYKT,Male,0,0,0,21,United States,California,Escondido,92025,33.081478,-117.033814
5692-ICXLW,Male,1,0,0,31,United States,California,Escondido,92027,33.141265,-116.967221
0602-DDUML,Female,0,0,0,57,United States,California,Fallbrook,92028,33.362575,-117.299644
2208-MPXIO,Female,0,1,1,45,United States,California,Escondido,92029,33.079834,-117.134275
1960-UYCNN,Male,0,0,0,10,United States,California,Julian,92036,32.980678,-116.262854
3190-FZATL,Male,0,0,1,14,United States,California,Lakeside,92040,32.909873,-116.906774
7336-RLLRH,Male,0,1,0,27,United States,California,Oceanside,92054,33.351059,-117.420557
7710-JSYOA,Female,0,1,1,69,United States,California,Pala,92059,33.384345,-117.072619
9885-MFVSU,Female,0,1,0,35,United States,California,Poway,92064,32.984395,-117.013454
0607-MVMGC,Male,0,1,0,45,United States,California,Ranchita,92066,33.215251,-116.53633
3365-SAIGS,Female,0,0,0,17,United States,California,Rancho Santa Fe,92067,33.012751,-117.200617
8022-BECSI,Male,0,0,0,22,United States,California,Santa Ysabel,92070,33.174725,-116.743329
9993-LHIEB,Male,0,1,0,67,United States,California,Solana Beach,92075,33.001813,-117.263628
0266-CLZKZ,Female,0,1,1,67,United States,California,San Marcos,92078,33.119028,-117.166036
7020-OZKXZ,Female,1,0,0,9,United States,California,Vista,92084,33.22784,-117.200024
3977-QCRSL,Female,0,0,0,5,United States,California,Warner Springs,92086,33.323705,-116.626907
0017-DINOC,Male,0,0,0,54,United States,California,Rancho Santa Fe,92091,32.99356,-117.207121
7639-OPLNG,Male,0,1,0,70,United States,California,San Diego,92107,32.741852,-117.243453
1492-QGCLU,Male,0,1,1,53,United States,California,San Diego,92109,32.787836,-117.232376
7328-OWMOM,Female,0,0,0,31,United States,California,San Diego,92111,32.805518,-117.169052
4418-LZMSV,Male,0,1,1,13,United States,California,San Diego,92113,32.697098,-117.116587
5155-AZQPB,Female,0,1,1,28,United States,California,San Diego,92114,32.707892,-117.05512
1087-GRUYI,Male,0,1,0,38,United States,California,San Diego,92116,32.765299,-117.122565
2546-KZAAT,Male,0,1,0,52,United States,California,San Diego,92119,32.802959,-117.027095
0181-RITDD,Male,0,1,1,62,United States,California,San Diego,92120,32.807867,-117.060993
5989-PGKJB,Female,0,0,0,16,United States,California,San Diego,92121,32.898613,-117.202937
8272-ONJLV,Male,0,0,0,12,United States,California,San Diego,92123,32.808814,-117.134694
1488-PBLJN,Female,0,1,1,72,United States,California,San Diego,92124,32.827238,-117.089287
0308-GIQJT,Male,1,0,0,71,United States,California,San Diego,92126,32.886925,-117.152162
3778-FOAQW,Female,0,1,0,24,United States,California,San Diego,92127,33.017518,-117.118456
4452-ROHMO,Female,0,0,0,15,United States,California,San Diego,92128,33.000269,-117.072093
3090-LETTY,Male,0,0,1,2,United States,California,San Diego,92130,32.957195,-117.202542
5349-AZPEW,Female,0,1,1,5,United States,California,San Diego,92131,32.89325,-117.087091
9720-JJJOR,Male,0,1,0,41,United States,California,San Ysidro,92173,32.555828,-117.040073
8100-HZZLJ,Female,0,0,1,43,United States,California,Indio,92201,33.713891,-116.237257
8775-ERLNB,Male,1,1,0,1,United States,California,Indio,92203,33.752938,-116.230055
8309-IEYJD,Female,1,0,0,1,United States,California,Indian Wells,92210,33.537646,-116.291089
7398-HPYZQ,Male,0,1,0,71,United States,California,Beaumont,92223,33.946982,-116.977672
3546-GHEAE,Male,0,0,0,7,United States,California,Blythe,92225,33.674583,-114.71612
7361-YPXFS,Female,1,0,0,28,United States,California,Brawley,92227,33.03933,-115.191857
6557-BZXLQ,Male,1,0,0,16,United States,California,Cabazon,92230,33.929812,-116.76058
2550-QHZGP,Male,0,0,0,7,United States,California,Calexico,92231,32.690654,-115.431225
7519-JTWQH,Female,0,0,0,69,United States,California,Calipatria,92233,33.143826,-115.497485
2538-OIMXF,Female,0,0,1,1,United States,California,Cathedral City,92234,33.829583,-116.474131
8543-MSDMF,Male,0,0,0,3,United States,California,Coachella,92236,33.680031,-116.171678
1170-SASML,Female,0,1,0,69,United States,California,Desert Hot Springs,92240,33.948558,-116.516976
4872-JCVCA,Female,0,1,0,71,United States,California,Desert Hot Springs,92241,33.832799,-116.250973
5346-BZCHP,Female,0,1,1,69,United States,California,Earp,92242,34.137742,-114.36514
2038-LLMLM,Female,0,0,0,48,United States,California,El Centro,92243,32.770393,-115.60915
1216-BGTSP,Male,0,0,0,45,United States,California,Imperial,92251,32.858595,-115.662709
4138-NAXED,Male,0,0,0,51,United States,California,Joshua Tree,92252,34.167236,-116.281511
0744-BIKKF,Male,0,0,0,72,United States,California,Mecca,92254,33.543835,-115.993906
7483-IQWIB,Male,0,1,1,37,United States,California,Morongo Valley,92256,34.097863,-116.594561
5248-KWLAR,Male,0,1,0,71,United States,California,Niland,92257,33.345825,-115.596574
7996-MHXLW,Female,0,0,0,66,United States,California,Ocotillo,92259,32.698964,-115.886656
7833-PKIHD,Male,0,1,0,51,United States,California,Palm Desert,92260,33.694501,-116.412711
7061-OVMIM,Female,0,1,0,30,United States,California,Palm Springs,92262,33.839989,-116.659215
5153-RTHKF,Female,0,0,0,34,United States,California,Palm Springs,92264,33.745746,-116.514215
1852-QSWCD,Male,0,1,1,64,United States,California,Palo Verde,92266,33.3249,-114.758334
4832-VRBMR,Male,1,1,0,65,United States,California,Parker Dam,92267,34.273872,-114.192901
9079-LWTFD,Male,0,0,0,47,United States,California,Pioneertown,92268,34.201108,-116.593456
3392-EHMNK,Female,0,1,1,67,United States,California,Thermal,92274,33.53604,-116.119222
5986-WWXDV,Male,0,0,0,39,United States,California,Salton City,92275,33.28156,-115.955541
3061-BCKYI,Male,0,0,0,14,United States,California,Thousand Palms,92276,33.849263,-116.382778
7901-TBKJX,Male,1,0,0,56,United States,California,Twentynine Palms,92278,34.457829,-116.139589
7228-PAQPD,Female,0,0,0,14,United States,California,Vidal,92280,34.264124,-114.717964
7746-QYVCO,Male,0,1,0,16,United States,California,White Water,92282,33.972293,-116.654195
5804-HYIEZ,Male,0,1,1,70,United States,California,Winterhaven,92283,32.852947,-114.850784
9919-FZDED,Male,1,1,0,72,United States,California,Yucca Valley,92284,34.159534,-116.425984
5934-TSSAU,Female,0,1,1,23,United States,California,Landers,92285,34.341737,-116.539416
3486-KHMLI,Male,0,0,1,21,United States,California,Adelanto,92301,34.667815,-117.536183
6784-XYJAE,Female,0,0,0,36,United States,California,Fort Irwin,92310,35.349241,-116.770281
3933-DQPWX,Female,0,0,0,50,United States,California,Barstow,92311,34.965648,-117.001509
6661-EIPZC,Female,0,1,1,48,United States,California,Grand Terrace,92313,34.029175,-117.307211
8957-THMOA,Female,0,0,1,50,United States,California,Big Bear City,92314,34.278967,-116.773825
2251-PYLPB,Male,0,1,0,72,United States,California,Big Bear Lake,92315,34.242058,-116.89802
5555-RNPGT,Male,0,0,1,10,United States,California,Bloomington,92316,34.059722,-117.39104
1057-FOGLZ,Female,0,0,0,18,United States,California,Calimesa,92320,33.982787,-117.057627
8087-LGYHQ,Male,0,0,0,9,United States,California,Crestline,92325,34.248061,-117.29028
4137-BTIKL,Male,0,0,0,2,United States,California,Daggett,92327,34.875144,-116.821698
2190-BCXEC,Female,0,1,0,40,United States,California,Death Valley,92328,36.27688,-117.033326
6227-FBDXH,Male,0,1,0,69,United States,California,Essex,92332,34.9436,-115.287901
2911-WDXMV,Male,0,0,1,18,United States,California,Fontana,92335,34.087558,-117.464096
7206-PQBBZ,Male,1,1,0,11,United States,California,Fontana,92336,34.136367,-117.460803
4547-FZJWE,Male,0,1,0,55,United States,California,Forest Falls,92339,34.067699,-116.903891
7422-WNBTY,Male,0,1,0,33,United States,California,Green Valley Lake,92341,34.244411,-117.072654
0842-IWYCP,Female,0,0,0,46,United States,California,Helendale,92342,34.757783,-117.33997
3521-HTQTV,Male,0,0,0,34,United States,California,Hesperia,92345,34.361387,-117.337509
3744-ZBHON,Female,0,0,0,3,United States,California,Highland,92346,34.129677,-117.154277
3373-DIUUN,Male,0,1,1,30,United States,California,Hinkley,92347,34.983808,-117.239306
8383-SGHJU,Female,0,0,0,33,United States,California,Lake Arrowhead,92352,34.2565,-117.19335
7607-QKKTJ,Male,0,1,1,45,United States,California,Loma Linda,92354,34.049315,-117.255974
7707-PYBBH,Male,0,0,0,40,United States,California,Lucerne Valley,92356,34.508417,-116.856103
8984-HPEMB,Female,0,0,0,71,United States,California,Lytle Creek,92358,34.238162,-117.534306
4139-DETXS,Female,0,1,0,72,United States,California,Needles,92363,34.711224,-114.702256
9779-DPNEJ,Female,0,1,1,22,United States,California,Nipton,92364,35.478736,-115.516984
9805-FILKB,Male,0,1,0,46,United States,California,Newberry Springs,92365,34.89326,-116.505958
5793-YOLJN,Female,0,1,1,55,United States,California,Oro Grande,92368,34.647959,-117.296957
0673-IGUQO,Male,0,0,0,1,United States,California,Phelan,92371,34.441123,-117.537886
4123-FCVCB,Female,0,0,0,12,United States,California,Pinon Hills,92372,34.459322,-117.629729
8819-IMISP,Male,0,0,0,31,United States,California,Redlands,92373,34.003243,-117.138286
8311-UEUAB,Female,0,1,0,67,United States,California,Rialto,92376,34.109775,-117.378904
5858-EAFCZ,Male,0,0,0,1,United States,California,Rialto,92377,34.156758,-117.404686
1163-ONYEY,Male,0,1,1,41,United States,California,Shoshone,92384,35.924252,-116.188668
5656-MJEFC,Male,0,1,0,42,United States,California,Victorville,92392,34.486835,-117.362274
6082-OQFBA,Male,0,1,0,23,United States,California,Victorville,92394,34.567058,-117.362329
8974-OVACP,Female,0,0,0,1,United States,California,Yermo,92398,35.013299,-116.834092
4010-YLMVT,Female,0,0,0,56,United States,California,Yucaipa,92399,34.04597,-117.011825
1379-FRVEB,Male,0,0,1,15,United States,California,San Bernardino,92401,34.105935,-117.2914
8612-GXIDD,Male,0,1,1,12,United States,California,San Bernardino,92404,34.183286,-117.221722
6288-CHQJB,Female,0,1,0,54,United States,California,San Bernardino,92405,34.142747,-117.300864
8160-HOWOX,Female,0,0,0,7,United States,California,San Bernardino,92407,34.250069,-117.393949
6648-INWPS,Male,0,1,1,16,United States,California,San Bernardino,92410,34.106922,-117.297553
4223-BKEOR,Female,0,0,0,21,United States,California,San Bernardino,92411,34.122501,-117.320138
4079-VTGLK,Male,1,1,0,30,United States,California,Riverside,92501,33.994676,-117.372498
1763-WQFUK,Male,0,0,0,3,United States,California,Riverside,92503,33.890046,-117.455583
1391-UBDAR,Male,0,0,0,11,United States,California,Riverside,92504,33.9108,-117.398153
8894-JVDCV,Female,0,0,0,62,United States,California,Riverside,92505,33.920907,-117.489426
2023-VQFDL,Male,0,0,0,18,United States,California,Riverside,92506,33.930931,-117.361788
1345-GKDZZ,Male,0,0,1,6,United States,California,Riverside,92507,33.976328,-117.319786
2014-MKGMH,Female,0,0,0,46,United States,California,Riverside,92508,33.885499,-117.324959
5628-FCGYG,Male,0,0,0,21,United States,California,Riverside,92509,34.004379,-117.447864
2560-WBWXF,Male,0,0,0,68,United States,California,March Air Reserve Base,92518,33.888323,-117.277533
0248-IPDFW,Female,0,0,0,1,United States,California,Lake Elsinore,92530,33.655421,-117.391751
7978-DKUQH,Female,0,1,0,25,United States,California,Lake Elsinore,92532,33.705836,-117.318204
4335-UPJSI,Female,0,0,1,24,United States,California,Aguanga,92536,33.482243,-116.827173
1784-EZDKJ,Male,0,1,0,51,United States,California,Hemet,92544,33.644585,-116.871544
9297-FVVDH,Female,0,1,0,57,United States,California,Hemet,92545,33.734933,-117.044145
8007-YYPWD,Female,0,0,0,15,United States,California,Homeland,92548,33.761894,-117.120868
7101-HRBLJ,Female,0,1,0,72,United States,California,Idyllwild,92549,33.755039,-116.741796
6635-CPNUN,Male,0,1,0,28,United States,California,Moreno Valley,92553,33.923149,-117.244933
5453-YBTWV,Male,0,1,1,70,United States,California,Moreno Valley,92557,33.970661,-117.255039
5039-LZRQT,Female,0,0,0,13,United States,California,Mountain Center,92561,33.638645,-116.55783
2931-VUVJN,Female,1,1,0,59,United States,California,Murrieta,92562,33.548869,-117.334165
6418-PIQSP,Female,0,1,0,62,United States,California,Perris,92570,33.787298,-117.320676
8220-OCUFY,Female,0,0,0,21,United States,California,Perris,92571,33.828289,-117.201666
3995-WFCSM,Female,0,0,0,2,United States,California,San Jacinto,92582,33.806708,-117.02007
1895-QTKDO,Female,0,0,0,1,United States,California,San Jacinto,92583,33.796568,-116.924723
2038-OEQZH,Male,0,0,0,4,United States,California,Menifee,92584,33.653338,-117.178271
1178-PZGAB,Female,0,0,0,19,United States,California,Sun City,92585,33.739412,-117.173334
2626-VEEWG,Male,0,1,1,67,United States,California,Sun City,92587,33.69887,-117.25071
2878-RMWXY,Male,1,1,0,72,United States,California,Temecula,92590,33.475493,-117.219551
1657-DYMBM,Male,0,1,0,53,United States,California,Temecula,92591,33.540604,-117.10909
7311-MQJCH,Female,0,0,0,5,United States,California,Temecula,92592,33.507255,-117.029473
7375-WMVMT,Male,1,1,0,71,United States,California,Wildomar,92595,33.617108,-117.253349
1136-XGEQU,Female,0,1,0,50,United States,California,Winchester,92596,33.657433,-117.04254
2530-FMFXO,Male,0,1,1,56,United States,California,Irvine,92602,33.720359,-117.733655
6844-DZKRF,Male,0,0,0,2,United States,California,Irvine,92604,33.688546,-117.788091
5970-GHJAW,Male,0,1,1,46,United States,California,Irvine,92612,33.643095,-117.810896
8879-XUAHX,Male,0,1,0,71,United States,California,Irvine,92614,33.680302,-117.833296
3689-MOZGR,Female,0,0,0,29,United States,California,Irvine,92618,33.667145,-117.732135
4195-PNGZS,Male,0,1,1,69,United States,California,Irvine,92620,33.716136,-117.752574
5003-XZWWO,Male,0,1,0,71,United States,California,Capistrano Beach,92624,33.458754,-117.665104
7622-FWGEW,Male,1,1,0,56,United States,California,Costa Mesa,92626,33.678591,-117.905471
6922-NCEDI,Male,0,0,0,56,United States,California,Costa Mesa,92627,33.645672,-117.922613
9891-NQDBD,Female,0,1,0,28,United States,California,Lake Forest,92630,33.644849,-117.684254
6131-IUNXN,Female,0,1,1,19,United States,California,Huntington Beach,92646,33.666301,-117.969501
8548-AWOFC,Male,0,1,0,66,United States,California,Huntington Beach,92647,33.723579,-118.005441
9798-DRYDS,Female,0,1,0,17,United States,California,Huntington Beach,92648,33.679659,-118.016195
8532-UEFWH,Male,0,1,1,52,United States,California,Huntington Beach,92649,33.721917,-118.043237
6296-DDOOR,Female,0,0,0,19,United States,California,Laguna Beach,92651,33.570023,-117.773669
7951-VRDVK,Female,0,0,0,36,United States,California,Laguna Hills,92653,33.606899,-117.717854
4815-YOSUK,Male,0,1,1,72,United States,California,Aliso Viejo,92656,33.571259,-117.731917
0380-NEAVX,Male,1,0,0,34,United States,California,Newport Beach,92660,33.634626,-117.874882
4365-MSDYN,Male,0,1,0,8,United States,California,San Clemente,92672,33.429488,-117.609432
7036-TYDEC,Female,0,0,0,69,United States,California,San Clemente,92673,33.4725,-117.584273
5802-ADBRC,Female,0,1,0,50,United States,California,San Juan Capistrano,92675,33.521447,-117.602555
8076-FEZKJ,Male,0,0,0,10,United States,California,Silverado,92676,33.782346,-117.635263
5197-YPYBZ,Female,0,1,1,12,United States,California,Laguna Niguel,92677,33.529047,-117.701175
4312-GVYNH,Female,0,1,0,70,United States,California,Westminster,92683,33.752591,-117.993661
8495-LJDFO,Female,1,0,0,64,United States,California,Rancho Santa Margarita,92688,33.624654,-117.611733
0839-JTCUD,Female,0,1,0,66,United States,California,Mission Viejo,92691,33.611945,-117.665867
5494-WOZRZ,Female,0,1,0,71,United States,California,Mission Viejo,92692,33.60693,-117.644253
1302-UHBDD,Male,1,0,0,20,United States,California,Ladera Ranch,92694,33.569186,-117.640055
2234-EOFPT,Male,0,1,0,72,United States,California,Santa Ana,92701,33.748478,-117.858918
8619-IJNDK,Female,0,1,0,71,United States,California,Santa Ana,92703,33.748635,-117.906125
8378-LKJAF,Male,0,1,1,38,United States,California,Santa Ana,92704,33.719869,-117.907063
1153-GNOLC,Male,0,0,0,33,United States,California,Santa Ana,92707,33.714829,-117.872941
3298-QEICA,Female,0,1,0,23,United States,California,Fountain Valley,92708,33.712036,-117.950113
0788-DXBFY,Male,0,1,0,58,United States,California,Tustin,92780,33.735802,-117.818805
3597-YASZG,Female,1,1,0,70,United States,California,Tustin,92782,33.738543,-117.785046
3496-LFSZU,Male,0,1,0,4,United States,California,Anaheim,92801,33.844983,-117.952151
5242-UOWHD,Male,0,1,1,45,United States,California,Anaheim,92802,33.807864,-117.923782
6479-SZPLM,Male,0,1,1,36,United States,California,Anaheim,92805,33.830209,-117.906099
8097-VBQTZ,Male,0,0,0,54,United States,California,Anaheim,92806,33.83796,-117.870494
4500-HKANN,Male,0,1,0,23,United States,California,Anaheim,92807,33.848733,-117.788357
9917-KWRBE,Female,0,1,0,41,United States,California,Anaheim,92808,33.850452,-117.726668
3420-ZDBMA,Male,1,0,0,5,United States,California,Brea,92821,33.930199,-117.862898
2212-LYASK,Male,0,1,0,27,United States,California,Brea,92823,33.924143,-117.79387
1393-IMKZG,Female,0,0,0,1,United States,California,Fullerton,92831,33.879983,-117.895482
8069-RHUXK,Female,0,1,0,67,United States,California,Fullerton,92832,33.868316,-117.929029
3398-GCPMU,Female,1,1,0,72,United States,California,Fullerton,92833,33.877639,-117.961212
2908-WGAXL,Female,0,1,1,56,United States,California,Fullerton,92835,33.902211,-117.914922
3378-AJRAO,Male,0,1,0,44,United States,California,Garden Grove,92840,33.787165,-117.931889
1013-QCWAM,Female,1,1,0,66,United States,California,Garden Grove,92841,33.786738,-117.982564
6050-FFXES,Female,0,1,0,69,United States,California,Garden Grove,92844,33.766476,-117.969795
0362-RAOQO,Female,0,0,0,40,United States,California,Norco,92860,33.925833,-117.559639
9554-DFKIC,Male,0,1,1,30,United States,California,Villa Park,92861,33.817473,-117.810462
5527-ACHSO,Female,0,0,0,11,United States,California,Orange,92865,33.828779,-117.848299
0829-DDVLK,Female,0,0,0,15,United States,California,Orange,92866,33.784597,-117.844535
1399-UBQIU,Male,0,0,0,11,United States,California,Orange,92867,33.81859,-117.821288
1813-JLKWR,Female,0,1,0,64,United States,California,Orange,92868,33.787796,-117.875928
0336-PIKEI,Male,1,1,0,72,United States,California,Orange,92869,33.792791,-117.789749
7322-OCWHC,Male,1,1,0,72,United States,California,Placentia,92870,33.881158,-117.854783
9537-VHDTA,Female,0,0,1,1,United States,California,Corona,92879,33.893823,-117.531446
4957-TIALW,Female,0,0,0,15,United States,California,Corona,92880,33.918043,-117.617809
2054-PJOCK,Female,0,0,0,60,United States,California,Corona,92881,33.833686,-117.513063
9150-HEPMB,Male,0,0,0,56,United States,California,Corona,92882,33.819385,-117.600213
9030-QGZNL,Female,0,0,0,8,United States,California,Corona,92883,33.762351,-117.488725
3126-WQMGH,Female,0,1,0,49,United States,California,Yorba Linda,92887,33.884073,-117.732197
7176-WRTNX,Male,0,0,0,70,United States,California,Ventura,93004,34.278697,-119.167798
5732-IKGQH,Male,1,1,0,52,United States,California,Camarillo,93012,34.205504,-118.993111
9239-GZHZE,Female,0,1,0,72,United States,California,Carpinteria,93013,34.441398,-119.513163
7205-BAIAD,Female,0,0,0,40,United States,California,Fillmore,93015,34.408161,-118.865111
0093-EXYQL,Female,1,0,0,40,United States,California,Ojai,93023,34.581308,-118.931948
8064-RAVOH,Male,0,0,1,1,United States,California,Oxnard,93030,34.223244,-119.18012
0219-QAERP,Male,0,1,0,30,United States,California,Oxnard,93033,34.156629,-119.117218
9168-INPSZ,Female,1,1,0,44,United States,California,Port Hueneme,93041,34.110124,-119.100972
0015-UOCOJ,Female,1,0,0,7,United States,California,Simi Valley,93063,34.296813,-118.685703
5334-AFQJB,Male,1,0,0,72,United States,California,Simi Valley,93065,34.269449,-118.768471
2754-SDJRD,Female,1,0,0,8,United States,California,Somis,93066,34.297628,-119.014627
8963-JLGJT,Male,0,0,1,3,United States,California,Santa Barbara,93105,34.037342,-119.80079
1465-LNTLJ,Male,1,1,0,8,United States,California,Santa Barbara,93109,34.406256,-119.726936
2135-DQWAQ,Female,0,0,0,5,United States,California,Santa Barbara,93111,34.460197,-119.802602
4056-QHXHZ,Female,0,1,1,72,United States,California,Goleta,93117,34.489983,-120.091246
7401-JIXNM,Female,0,1,0,54,United States,California,Arvin,93203,35.116307,-118.817644
9339-FIIJL,Male,0,1,0,72,United States,California,Avenal,93204,35.916943,-120.129921
4706-DGAHW,Male,1,0,0,1,United States,California,California Hot Springs,93207,35.865795,-118.69759
6670-MFRPK,Male,0,1,1,69,United States,California,Coalinga,93210,36.186867,-120.387793
6177-PEVRA,Female,0,0,0,48,United States,California,Corcoran,93212,36.04533,-119.532424
4813-HQMGZ,Female,0,1,0,8,United States,California,Ducor,93218,35.846067,-119.004073
7579-KKLOE,Male,0,1,0,71,United States,California,Earlimart,93219,35.858054,-119.305858
8402-EIVQS,Male,0,1,0,67,United States,California,Frazier Park,93222,34.907911,-119.234281
4947-DSMXK,Male,0,1,1,34,United States,California,Farmersville,93223,36.29878,-119.201028
7245-NIIWQ,Female,0,0,0,3,United States,California,Fellows,93224,35.215731,-119.57013
0002-ORFBO,Female,0,1,0,9,United States,California,Frazier Park,93225,34.827662,-118.999073
3324-OIRTO,Male,0,1,1,71,United States,California,Glennville,93226,35.735694,-118.738483
5414-OFQCB,Male,0,0,0,57,United States,California,Hanford,93230,36.29223,-119.622676
4967-WPNCF,Male,0,0,0,72,United States,California,Huron,93234,36.217864,-120.080117
8552-OBVRU,Female,1,1,1,48,United States,California,Ivanhoe,93235,36.385818,-119.224243
8499-BRXTD,Male,0,0,0,18,United States,California,Kernville,93238,35.852892,-118.397782
9154-QDGTH,Male,0,1,1,43,United States,California,Kettleman City,93239,35.996923,-120.000951
8197-BFWVU,Female,0,1,0,72,United States,California,Lake Isabella,93240,35.607875,-118.466318
2577-GVSIL,Male,0,1,0,35,United States,California,Lamont,93241,35.245035,-118.905553
9367-OIUXP,Male,0,0,0,4,United States,California,Laton,93242,36.444232,-119.718285
6770-UAYGJ,Female,0,1,1,49,United States,California,Lebec,93243,34.845861,-118.885163
6463-HHXJR,Female,0,1,1,71,United States,California,Lemon Cove,93244,36.462671,-118.997291
7928-VJYAB,Male,0,1,1,11,United States,California,Lemoore,93245,36.303666,-119.825657
1187-WILMM,Male,0,1,0,63,United States,California,Lindsay,93247,36.205465,-119.085807
9776-OJUZI,Female,1,0,0,65,United States,California,Lost Hills,93249,35.637715,-119.893068
1306-RPWXZ,Female,0,0,1,49,United States,California,Mc Farland,93250,35.666886,-119.186717
3097-PYWXL,Female,0,1,1,4,United States,California,New Cuyama,93254,34.956577,-119.750142
2266-SJNAT,Female,0,1,0,72,United States,California,Onyx,93255,35.676978,-118.101378
0869-PAPRP,Female,1,1,0,26,United States,California,Pixley,93256,35.957019,-119.330928
4238-JSSWH,Female,1,1,0,35,United States,California,Porterville,93257,36.008958,-118.891593
2972-YDYUW,Female,0,0,0,57,United States,California,Posey,93260,35.861928,-118.636698
1104-FEJAM,Male,0,1,1,28,United States,California,Richgrove,93261,35.809921,-119.127437
2809-ILCYT,Female,0,1,0,25,United States,California,Sequoia National Park,93262,36.527243,-118.594938
5499-ECUTN,Female,0,1,0,47,United States,California,Shafter,93263,35.490705,-119.286833
4981-FLTMF,Female,0,1,1,57,United States,California,Springville,93265,36.245926,-118.693138
9121-PHQSR,Male,1,1,0,16,United States,California,Stratford,93266,36.175255,-119.813805
3113-IWHLC,Male,0,0,0,5,United States,California,Strathmore,93267,36.141319,-119.129075
4277-BWBML,Male,0,1,1,72,United States,California,Three Rivers,93271,36.413433,-118.854708
0234-TEVTT,Female,0,1,1,48,United States,California,Tulare,93274,36.185471,-119.375243
4304-TSPVK,Female,0,1,0,68,United States,California,Tupman,93276,35.316263,-119.402559
1552-AAGRX,Female,0,0,0,30,United States,California,Visalia,93277,36.303793,-119.375646
2637-FKFSY,Female,0,1,0,3,United States,California,Wasco,93280,35.652242,-119.4464
9796-MVYXX,Female,1,0,0,14,United States,California,Weldon,93283,35.55647,-118.244914
7874-ECPQJ,Female,0,0,1,4,United States,California,Wofford Heights,93285,35.690535,-118.552784
0020-INWCK,Female,0,1,1,71,United States,California,Woodlake,93286,36.464635,-119.094348
7089-RKVSZ,Male,0,1,0,8,United States,California,Woody,93287,35.710244,-118.881679
2683-JXWQQ,Male,0,1,1,61,United States,California,Visalia,93291,36.391777,-119.372842
9548-ZMVTX,Male,0,1,1,72,United States,California,Visalia,93292,36.37559,-119.211689
8739-XNIKG,Female,0,0,0,5,United States,California,Bakersfield,93301,35.383937,-119.020428
9755-JHNMN,Female,0,0,0,49,United States,California,Bakersfield,93304,35.339796,-119.023552
3981-QSVQI,Male,0,0,0,8,United States,California,Bakersfield,93305,35.391733,-118.984109
2789-HQBOU,Male,0,0,0,3,United States,California,Bakersfield,93306,35.449881,-118.841442
9424-CMPOG,Male,0,1,1,9,United States,California,Bakersfield,93307,35.280113,-118.962329
5067-WJEUN,Male,0,1,1,67,United States,California,Bakersfield,93308,35.559617,-118.925185
3450-WXOAT,Male,0,0,0,46,United States,California,Bakersfield,93309,35.342891,-119.064803
9251-WNSOD,Female,0,1,0,67,United States,California,Bakersfield,93311,35.16207,-119.194488
6974-DAFLI,Female,0,1,0,55,United States,California,Bakersfield,93312,35.392599,-119.245341
2616-UUTFK,Male,0,1,0,33,United States,California,Bakersfield,93313,35.140938,-119.051348
7064-JHXCE,Male,0,1,1,62,United States,California,San Luis Obispo,93401,35.233745,-120.626442
7989-AWGEH,Male,0,1,1,49,United States,California,San Luis Obispo,93405,35.236549,-120.727344
4373-VVHQL,Male,0,0,0,1,United States,California,Arroyo Grande,93420,35.176236,-120.483243
4559-UWIHT,Male,0,1,0,14,United States,California,Atascadero,93422,35.453912,-120.69461
7268-IGMFD,Male,1,0,0,18,United States,California,Avila Beach,93424,35.186644,-120.728305
6650-BWFRT,Female,0,1,0,72,United States,California,Cambria,93428,35.591387,-121.032256
9570-KYEUA,Male,0,0,0,64,United States,California,Casmalia,93429,34.866032,-120.536546
6993-YGFJV,Male,0,1,0,69,United States,California,Cayucos,93430,35.511833,-120.918713
2712-SYWAY,Female,0,0,0,1,United States,California,Creston,93432,35.480896,-120.469476
0730-BGQGF,Male,0,1,1,71,United States,California,Grover Beach,93433,35.120833,-120.61843
5498-IBWPI,Female,0,1,1,66,United States,California,Guadalupe,93434,34.936,-120.594655
9101-NTIXF,Male,0,0,0,2,United States,California,Lompoc,93436,34.601055,-120.382917
0013-SMEOE,Female,1,1,0,71,United States,California,Lompoc,93437,34.757477,-120.550507
9314-QDMDW,Male,0,0,0,11,United States,California,Los Alamos,93440,34.758699,-120.275839
9308-ANMVE,Male,0,0,1,47,United States,California,Los Olivos,93441,34.70434,-120.02609
3413-DHLPB,Male,0,1,1,60,United States,California,Oceano,93445,35.059695,-120.604741
7649-PHJVR,Male,0,0,0,11,United States,California,Paso Robles,93446,35.634222,-120.728341
6114-TCFID,Female,0,0,0,29,United States,California,Pismo Beach,93449,35.165668,-120.655842
3787-TRIAL,Male,0,1,1,21,United States,California,San Ardo,93450,35.996008,-120.85305
2573-GYRUU,Male,1,1,0,48,United States,California,San Miguel,93451,35.886767,-120.608661
5156-UMKOW,Female,0,0,1,3,United States,California,San Simeon,93452,35.746484,-121.223355
1247-QBVSH,Female,0,1,1,43,United States,California,Santa Margarita,93453,35.303926,-120.256567
6734-GMPVK,Male,0,0,0,5,United States,California,Santa Maria,93454,34.943523,-120.256729
9822-OAOVB,Female,0,0,0,1,United States,California,Santa Maria,93455,34.818227,-120.418784
6161-ERDGD,Male,0,1,1,71,United States,California,Santa Maria,93458,34.95934,-120.490081
1226-JZNKR,Female,0,1,0,8,United States,California,Santa Ynez,93460,34.630356,-120.032564
7318-EIVKO,Male,0,0,0,8,United States,California,Shandon,93461,35.634488,-120.293534
3771-PZOBW,Male,0,0,0,20,United States,California,Solvang,93463,34.624399,-120.137875
8231-BSWXX,Male,0,0,0,71,United States,California,Mojave,93501,35.097323,-118.171288
6486-LHTMA,Female,1,1,0,31,United States,California,California City,93505,35.151491,-117.927597
4083-BFNYK,Female,1,1,0,38,United States,California,Acton,93510,34.501452,-118.207862
7389-KBFIT,Female,0,1,1,2,United States,California,Big Pine,93513,37.245505,-118.062943
7176-WIONM,Female,0,1,0,12,United States,California,Bishop,93514,37.04584,-118.397236
5141-ZUVBH,Female,0,0,1,9,United States,California,Boron,93516,34.95703,-117.73045
1089-HDMKP,Male,1,0,1,11,United States,California,Bridgeport,93517,38.184583,-119.286558
7623-HKYRK,Male,0,0,1,6,United States,California,Caliente,93518,35.358953,-118.527064
0310-SUCIN,Female,0,1,0,71,United States,California,Darwin,93522,36.319181,-117.593053
5197-PYEPU,Female,0,1,1,42,United States,California,Edwards,93523,34.966777,-117.961179
6619-RPLQZ,Female,0,1,1,45,United States,California,June Lake,93529,37.730269,-119.055813
3275-RHRNE,Male,0,1,1,28,United States,California,Keeler,93530,36.560498,-117.962461
3503-TYDAY,Female,0,1,0,43,United States,California,Keene,93531,35.214982,-118.59049
6901-GOGZG,Male,0,0,1,60,United States,California,Lake Hughes,93532,34.659579,-118.584212
7021-XSNYE,Male,0,1,1,7,United States,California,Lancaster,93535,34.712708,-117.889656
9621-OUPYD,Female,0,1,0,25,United States,California,Lancaster,93536,34.741406,-118.38111
8982-NHAVY,Male,0,0,0,27,United States,California,Littlerock,93543,34.505273,-117.955054
4307-KWMXE,Male,0,0,0,10,United States,California,Llano,93544,34.500091,-117.765862
0141-YEAYS,Female,1,0,0,27,United States,California,Lone Pine,93545,36.590415,-118.073839
2450-ZKEED,Female,0,0,0,11,United States,California,Mammoth Lakes,93546,37.550074,-118.837167
3694-DELSO,Male,0,1,1,4,United States,California,Olancha,93549,36.296851,-117.865469
3893-JRNFS,Male,0,0,0,68,United States,California,Palmdale,93550,34.536232,-118.082935
9603-OAIHC,Male,1,0,0,1,United States,California,Palmdale,93551,34.613476,-118.256358
1133-KXCGE,Female,0,0,0,18,United States,California,Palmdale,93552,34.557711,-118.029441
0142-GVYSN,Male,0,0,0,26,United States,California,Randsburg,93554,35.405722,-117.773354
1049-FYSYG,Female,0,1,0,17,United States,California,Ridgecrest,93555,35.603913,-117.67828
8406-LNMHF,Male,1,1,0,59,United States,California,Trona,93562,35.74837,-117.384948
1821-BUCWY,Male,0,0,0,30,United States,California,Valyermo,93563,34.39583,-117.734568
0023-UYUPN,Female,1,1,0,50,United States,California,Ahwahnee,93601,37.375816,-119.739935
8314-DPQHL,Male,0,0,0,9,United States,California,Auberry,93602,36.991762,-119.242874
1465-WCZVT,Female,0,1,1,3,United States,California,Badger,93603,36.64545,-118.924982
9481-SFCQY,Female,0,0,1,14,United States,California,Bass Lake,93604,37.458367,-119.345011
6360-SVNWV,Female,1,0,0,31,United States,California,Big Creek,93605,37.17277,-119.2997
0567-GGCAC,Female,0,0,0,7,United States,California,Biola,93606,36.798882,-120.019511
8884-MRNSU,Male,0,1,0,17,United States,California,Caruthers,93609,36.5276,-119.865999
2171-UDMFD,Male,0,1,1,32,United States,California,Chowchilla,93610,37.100948,-120.270136
9050-IKDZA,Female,1,0,0,2,United States,California,Clovis,93611,36.917652,-119.593757
9802-CAQUT,Female,0,1,1,72,United States,California,Coarsegold,93614,37.212191,-119.749323
0187-WZNAB,Female,0,1,1,27,United States,California,Del Rey,93616,36.657462,-119.595293
1475-VWVDO,Male,0,0,0,7,United States,California,Dos Palos,93620,37.045728,-120.630682
1357-MVDOZ,Male,0,1,1,11,United States,California,Firebaugh,93622,36.785618,-120.625382
7602-MVRMB,Female,0,1,1,72,United States,California,Fish Camp,93623,37.483535,-119.679414
1197-BVMVG,Female,1,0,0,4,United States,California,Friant,93626,37.027663,-119.69056
5406-KGRMX,Female,0,0,0,71,United States,California,Helm,93627,36.520537,-120.118055
5968-HYJRZ,Male,0,1,1,47,United States,California,Kerman,93630,36.727418,-120.123526
5198-EFNBM,Male,1,1,0,57,United States,California,Kingsburg,93631,36.478239,-119.52137
7516-GMHUV,Male,1,1,0,50,United States,California,Lakeshore,93634,37.290606,-119.216328
7140-ADSMJ,Male,0,0,0,8,United States,California,Los Banos,93635,36.995162,-120.955099
2230-XTUWL,Female,0,1,1,48,United States,California,Madera,93637,36.902954,-120.194274
7706-YLMQA,Female,0,0,0,70,United States,California,Madera,93638,37.004068,-119.930027
2585-KTFRE,Male,0,0,1,1,United States,California,Mendota,93640,36.687292,-120.437354
7994-UYIVZ,Male,0,1,0,8,United States,California,Miramonte,93641,36.696759,-119.024051
7717-BICXI,Male,0,1,1,60,United States,California,O Neals,93645,37.140104,-119.657092
6559-RAKOZ,Male,0,1,1,49,United States,California,Orange Cove,93646,36.633498,-119.298895
4716-MRVEN,Female,0,0,0,29,United States,California,Parlier,93648,36.622237,-119.521126
2143-LJULT,Female,0,1,0,67,United States,California,Fresno,93650,36.841655,-119.797113
3200-MNQTF,Male,0,1,0,67,United States,California,Raisin City,93652,36.594542,-119.905245
6164-HXUGH,Female,0,1,1,6,United States,California,Raymond,93653,37.252057,-119.95783
5630-IXDXV,Female,0,0,0,47,United States,California,Reedley,93654,36.636638,-119.421842
0320-DWVTU,Female,0,0,0,53,United States,California,Riverdale,93656,36.452211,-119.94575
9135-MGVPY,Male,0,1,0,69,United States,California,Sanger,93657,36.819628,-119.440414
1212-GLHMD,Male,0,0,0,3,United States,California,San Joaquin,93660,36.600193,-120.153393
7878-JGDKK,Male,0,0,0,4,United States,California,Selma,93662,36.545322,-119.642281
1088-AUUZZ,Male,0,1,1,56,United States,California,Shaver Lake,93664,37.223,-119.001021
6614-YWYSC,Male,1,1,0,61,United States,California,Sultana,93666,36.545353,-119.338535
9588-OZDMQ,Female,0,1,0,2,United States,California,Tollhouse,93667,36.993666,-119.348267
6476-EPYZR,Male,0,1,1,12,United States,California,Wishon,93669,37.287758,-119.548156
1174-FGIFN,Female,0,1,1,28,United States,California,Squaw Valley,93675,36.719141,-119.202677
6620-HVDUJ,Male,0,0,0,24,United States,California,Fresno,93701,36.749403,-119.787574
1032-MAELW,Female,0,1,1,68,United States,California,Fresno,93703,36.768774,-119.762633
7641-TQFHN,Male,0,0,1,39,United States,California,Fresno,93704,36.799648,-119.801247
1552-TKMXS,Female,0,1,0,42,United States,California,Fresno,93705,36.78724,-119.827813
8622-ZLFKO,Female,0,1,0,6,United States,California,Fresno,93710,36.822715,-119.761826
6188-UXBBR,Female,0,1,0,38,United States,California,Fresno,93720,36.878709,-119.7645
2333-KWEWW,Male,0,0,0,18,United States,California,Fresno,93721,36.732694,-119.783786
5702-SKUOB,Female,0,1,0,4,United States,California,Fresno,93722,36.78979,-119.929894
1134-YWTYF,Male,0,1,0,27,United States,California,Fresno,93725,36.623632,-119.741322
6061-GWWAV,Male,0,0,1,41,United States,California,Fresno,93726,36.793601,-119.761131
0679-TDGAK,Male,0,1,1,50,United States,California,Fresno,93727,36.751489,-119.68072
6585-WCEWR,Male,0,1,1,72,United States,California,Fresno,93728,36.757345,-119.818274
9067-YGSCA,Female,0,0,0,70,United States,California,Salinas,93901,36.64152,-121.622188
9067-SQTNS,Male,0,1,1,44,United States,California,Salinas,93905,36.667794,-121.601306
1776-SPBWV,Female,0,1,1,34,United States,California,Salinas,93907,36.77462,-121.664714
8735-SDUFN,Female,1,1,0,72,United States,California,Salinas,93908,36.624338,-121.615669
9668-PUGNU,Male,0,1,0,71,United States,California,Big Sur,93920,36.092975,-121.549826
9405-GPBBG,Female,0,0,0,64,United States,California,Carmel By The Sea,93921,36.554618,-121.922239
1926-QUZNN,Female,0,1,0,72,United States,California,Carmel,93923,36.460611,-121.852507
7016-NVRIC,Male,1,1,0,29,United States,California,Chualar,93925,36.596271,-121.442274
5829-NVSQN,Female,0,1,0,23,United States,California,Gonzales,93926,36.52588,-121.396719
9565-AXSMR,Male,0,1,1,52,United States,California,Greenfield,93927,36.248708,-121.386617
8869-LIHMK,Female,0,0,0,64,United States,California,King City,93930,36.220761,-120.980777
0447-RXSGD,Male,0,0,0,24,United States,California,Monterey,93940,36.362741,-121.869685
4927-WWOOZ,Male,0,1,0,2,United States,California,Pacific Grove,93950,36.618337,-121.926417
5788-YPOEG,Female,0,1,1,34,United States,California,Pebble Beach,93953,36.587497,-121.944815
0661-KBKPA,Male,0,1,1,53,United States,California,Seaside,93955,36.625114,-121.823565
9081-WWXKP,Female,0,1,1,47,United States,California,Soledad,93960,36.414216,-121.360597
0784-ZQJZX,Male,0,0,1,72,United States,California,Spreckels,93962,36.624641,-121.647195
3133-PZNSR,Male,0,1,1,72,United States,California,Belmont,94002,37.509366,-122.306132
0722-SVSFK,Female,0,0,0,7,United States,California,Half Moon Bay,94019,37.45567,-122.407992
3612-YVGSJ,Female,0,1,0,71,United States,California,La Honda,94020,37.285677,-122.224165
9825-YCXWZ,Female,1,0,0,41,United States,California,Loma Mar,94021,37.266388,-122.26308
5397-NSKQG,Male,0,1,1,67,United States,California,Los Altos,94022,37.349546,-122.134356
8565-HBFNN,Male,0,1,0,69,United States,California,Los Altos,94024,37.352911,-122.093002
2000-DHJUY,Female,1,1,0,70,United States,California,Menlo Park,94025,37.449551,-122.183762
8670-ERCJH,Male,0,0,0,72,United States,California,Portola Valley,94028,37.369709,-122.215844
7758-UJWYS,Male,0,1,1,34,United States,California,Millbrae,94030,37.601248,-122.403099
2050-ONYDQ,Female,0,1,1,65,United States,California,Montara,94037,37.540582,-122.509594
7055-JCGNI,Female,0,0,0,70,United States,California,Moss Beach,94038,37.515556,-122.502311
0739-UUAJR,Female,0,1,1,72,United States,California,Mountain View,94040,37.380662,-122.086022
4826-DXMUP,Male,0,0,1,35,United States,California,Mountain View,94041,37.388349,-122.075299
7285-KLOTR,Female,0,1,0,12,United States,California,Pacifica,94044,37.573633,-122.455167
0654-PQKDW,Female,0,1,1,62,United States,California,Pescadero,94060,37.22565,-122.297533
7175-NTIXE,Female,0,0,0,25,United States,California,Redwood City,94061,37.461251,-122.235414
7963-SHNDT,Female,0,0,0,52,United States,California,Redwood City,94062,37.410567,-122.297152
9796-BPKIW,Male,1,0,0,8,United States,California,Redwood City,94063,37.499411,-122.196318
0188-GWFLE,Male,0,0,0,2,United States,California,Redwood City,94065,37.527497,-122.230941
8129-GMVGI,Female,0,1,1,56,United States,California,San Bruno,94066,37.624436,-122.430661
2882-DDZPG,Female,0,0,0,12,United States,California,San Carlos,94070,37.497915,-122.267361
3547-LQRIK,Female,0,1,0,47,United States,California,San Gregorio,94074,37.331762,-122.341444
9137-NOQKA,Male,1,0,0,2,United States,California,South San Francisco,94080,37.654436,-122.426468
5843-TTHGI,Female,0,0,0,18,United States,California,Sunnyvale,94086,37.378541,-122.020456
1849-RJYIG,Female,0,0,0,8,United States,California,Sunnyvale,94087,37.3511,-122.037311
8868-GAGIO,Male,0,1,0,45,United States,California,Sunnyvale,94089,37.421633,-122.009613
4061-UKJWL,Male,0,0,0,3,United States,California,San Francisco,94102,37.7795,-122.419233
5380-XPJNZ,Female,0,0,0,38,United States,California,San Francisco,94103,37.773147,-122.411287
8263-QMNTJ,Male,0,1,0,72,United States,California,San Francisco,94104,37.791222,-122.402241
3230-JCNZS,Female,0,1,1,71,United States,California,San Francisco,94107,37.768881,-122.395521
0277-ORXQS,Male,0,1,1,66,United States,California,San Francisco,94108,37.791998,-122.408653
7996-BPXHY,Female,0,1,1,13,United States,California,San Francisco,94111,37.801776,-122.402293
3227-WLKLI,Female,0,1,1,65,United States,California,San Francisco,94112,37.720498,-122.443119
2266-FUBDZ,Male,0,1,1,15,United States,California,San Francisco,94115,37.786031,-122.437301
8237-ULIXL,Female,0,1,0,72,United States,California,San Francisco,94116,37.74441,-122.486764
8216-AZUUZ,Female,0,1,1,42,United States,California,San Francisco,94118,37.781304,-122.461522
9153-BTBVV,Female,0,1,0,71,United States,California,San Francisco,94121,37.776718,-122.495781
5186-PEIZU,Female,0,0,0,35,United States,California,San Francisco,94124,37.731505,-122.384532
1074-AMIOH,Female,0,1,1,53,United States,California,San Francisco,94127,37.736535,-122.45732
4361-FEBGN,Male,0,0,0,48,United States,California,San Francisco,94131,37.746699,-122.442833
7748-UMTRK,Female,1,0,1,30,United States,California,San Francisco,94132,37.722302,-122.491129
0380-ZCSBI,Male,0,0,0,10,United States,California,San Francisco,94133,37.802071,-122.411004
7145-FEJWU,Female,0,0,1,12,United States,California,San Francisco,94134,37.721052,-122.413573
6463-MVYRY,Female,1,0,0,57,United States,California,Palo Alto,94301,37.444314,-122.149996
3969-JQABI,Female,0,1,0,58,United States,California,Palo Alto,94303,37.45809,-122.115398
9624-EGDEQ,Female,0,0,0,37,United States,California,Palo Alto,94304,37.386978,-122.177746
1051-EQPZR,Female,0,1,1,44,United States,California,Stanford,94305,37.424342,-122.165641
5849-ASHZJ,Male,0,0,1,27,United States,California,Palo Alto,94306,37.416159,-122.131337
5780-INQIK,Female,0,0,0,8,United States,California,San Mateo,94401,37.590421,-122.306467
4526-ZJJTM,Female,1,1,0,25,United States,California,San Mateo,94403,37.538309,-122.305109
8384-FZBJK,Female,0,1,1,57,United States,California,San Mateo,94404,37.556094,-122.272437
3750-RNQKR,Female,0,0,0,12,United States,California,Alameda,94501,37.774633,-122.274434
0962-CQPWQ,Female,0,1,1,62,United States,California,Alameda,94502,37.724817,-122.224363
3096-YXENJ,Female,0,1,0,65,United States,California,Danville,94506,37.791481,-121.903253
1265-BCFEO,Female,0,1,0,71,United States,California,Alamo,94507,37.855717,-121.994813
5837-LXSDN,Female,0,1,1,21,United States,California,Angwin,94508,38.542448,-122.419923
5945-AZYHT,Male,0,1,0,71,United States,California,Antioch,94509,37.980057,-121.801599
8325-QRPZR,Female,0,0,0,7,United States,California,Benicia,94510,38.113533,-122.11926
6384-VMJHP,Female,0,0,0,72,United States,California,Bethel Island,94511,38.050558,-121.646924
2262-SLNVK,Female,0,0,0,1,United States,California,Birds Landing,94512,38.140719,-121.838298
7730-CLDSV,Female,0,1,1,72,United States,California,Brentwood,94513,37.908242,-121.682472
1135-HIORI,Female,0,1,1,64,United States,California,Byron,94514,37.83323,-121.601461
0164-APGRB,Female,0,0,0,72,United States,California,Calistoga,94515,38.629618,-122.593216
6481-ESCNL,Female,0,0,0,29,United States,California,Clayton,94517,37.881842,-121.848111
1790-NESIO,Female,0,0,0,13,United States,California,Concord,94518,37.950248,-122.022455
1550-EENBN,Female,0,0,0,31,United States,California,Concord,94519,37.990118,-122.012188
8198-RKSZG,Female,0,1,1,14,United States,California,El Cerrito,94530,37.924838,-122.289145
9297-EONCV,Female,0,0,0,72,United States,California,Fremont,94536,37.572273,-121.964583
1069-QJOEE,Male,0,1,1,25,United States,California,Hayward,94541,37.674002,-122.076796
7799-DSEWS,Male,0,0,0,18,United States,California,Hayward,94544,37.639215,-122.037554
8766-PAFNE,Male,0,1,0,71,United States,California,Hayward,94545,37.62984,-122.120843
5315-CKEQK,Male,1,1,1,28,United States,California,Castro Valley,94546,37.708327,-122.083473
3130-ICDUP,Female,0,0,1,2,United States,California,Hercules,94547,37.991259,-122.214945
0820-FNRNX,Male,0,1,1,17,United States,California,Lafayette,94549,37.907777,-122.127161
0880-FVFWF,Male,0,0,0,56,United States,California,Livermore,94550,37.571748,-121.659562
4611-ANLQC,Female,0,1,0,60,United States,California,Castro Valley,94552,37.722727,-122.02157
4213-HKBJO,Female,0,0,0,33,United States,California,Martinez,94553,38.014457,-122.115432
2792-LSHWX,Female,0,0,0,1,United States,California,Fremont,94555,37.555473,-122.080312
0014-BMAQU,Male,0,1,0,63,United States,California,Napa,94558,38.489789,-122.27011
9018-PCIOK,Female,0,0,0,55,United States,California,Newark,94560,37.504133,-122.032347
4837-QUSFT,Female,0,1,0,65,United States,California,Oakley,94561,37.999406,-121.686241
9953-ZMKSM,Male,0,0,0,63,United States,California,Pinole,94564,37.996462,-122.293716
0907-HQNTS,Female,1,1,0,70,United States,California,Pittsburg,94565,38.006047,-121.916834
7665-NKLAV,Female,0,1,1,36,United States,California,Pleasanton,94566,37.633361,-121.862395
4391-LNRXK,Male,0,0,0,22,United States,California,Port Costa,94569,38.035707,-122.196821
8250-ZNGGW,Female,1,0,0,5,United States,California,Rio Vista,94571,38.148862,-121.737696
8562-GHPPI,Female,0,0,0,1,United States,California,San Leandro,94577,37.717196,-122.159338
5893-PYOLZ,Male,0,0,0,56,United States,California,San Leandro,94578,37.704384,-122.126703
4986-MXSFP,Female,0,0,0,2,United States,California,San Leandro,94579,37.687264,-122.15728
6131-FOYAS,Male,0,0,0,35,United States,California,San Lorenzo,94580,37.676249,-122.132415
3027-YNWZU,Female,0,1,0,64,United States,California,San Ramon,94583,37.766556,-121.976784
5609-IMCGG,Female,0,0,0,15,United States,California,Suisun City,94585,38.197907,-122.017258
4727-MCYZG,Male,0,0,0,1,United States,California,Union City,94587,37.59485,-122.051521
9481-WHGWY,Female,0,1,1,70,United States,California,Pleasanton,94588,37.685052,-121.912061
4328-VUFWD,Female,0,0,0,39,United States,California,Vallejo,94591,38.105733,-122.186338
3301-LSLWQ,Female,0,0,0,29,United States,California,Vallejo,94592,38.093701,-122.276589
7473-ZBDSN,Female,0,1,1,14,United States,California,Walnut Creek,94595,37.862128,-122.075197
3166-PNEOF,Female,0,0,0,61,United States,California,Walnut Creek,94596,37.900662,-122.052782
5639-NTUPK,Male,0,0,1,13,United States,California,Walnut Creek,94598,37.916648,-122.008483
8780-YRMTT,Female,0,0,0,66,United States,California,Yountville,94599,38.421458,-122.365048
5140-FOMCQ,Female,0,1,0,59,United States,California,Oakland,94602,37.803883,-122.208417
6242-SGYTS,Male,0,1,1,62,United States,California,Oakland,94603,37.739113,-122.175602
8166-ORCHU,Male,1,1,0,33,United States,California,Oakland,94605,37.758019,-122.138678
8414-OOEEL,Male,0,0,1,66,United States,California,Oakland,94606,37.792489,-122.244314
8454-AATJP,Female,0,0,0,72,United States,California,Oakland,94607,37.80707,-122.297401
4531-AUZNK,Female,0,1,1,51,United States,California,Oakland,94610,37.808731,-122.238708
4191-XOVOM,Male,0,0,0,63,United States,California,Oakland,94611,37.828416,-122.216005
2150-OEGBV,Male,0,0,0,27,United States,California,Oakland,94612,37.809014,-122.269739
1855-CFULU,Female,1,0,0,4,United States,California,Oakland,94619,37.787186,-122.14633
4878-BUNFV,Male,0,1,1,42,United States,California,Oakland,94621,37.750553,-122.197175
1872-EBWSC,Female,0,0,0,29,United States,California,Berkeley,94702,37.866009,-122.286228
7026-YMSBE,Male,0,0,0,30,United States,California,Berkeley,94704,37.871416,-122.246597
6997-UVGOX,Male,0,1,1,71,United States,California,Albany,94706,37.890274,-122.295192
9674-EHPPG,Male,0,1,0,46,United States,California,Berkeley,94707,37.897753,-122.279391
5440-VHLUL,Male,0,0,0,69,United States,California,Berkeley,94710,37.872902,-122.303708
5781-BKHOP,Female,0,1,0,72,United States,California,Richmond,94801,37.945288,-122.383941
5213-TWWJU,Male,0,0,0,28,United States,California,Richmond,94804,37.921034,-122.341798
8628-MFKAX,Female,1,1,0,72,United States,California,San Pablo,94806,37.980269,-122.342635
7629-WIXZF,Female,0,0,0,7,United States,California,San Rafael,94903,38.018065,-122.546024
5445-GLVOT,Female,0,0,0,22,United States,California,Greenbrae,94904,37.946617,-122.563571
3976-HXHCE,Male,0,0,0,72,United States,California,Belvedere Tiburon,94920,37.885629,-122.46858
2466-NEJOJ,Male,0,1,1,8,United States,California,Bodega,94922,38.343282,-122.9755
0254-KCJGT,Male,0,1,0,52,United States,California,Bodega Bay,94923,38.377165,-123.037957
5472-CVMDX,Female,0,0,0,68,United States,California,Bolinas,94924,37.943087,-122.72379
6461-SZMCV,Female,0,1,0,71,United States,California,Corte Madera,94925,37.924014,-122.511694
8150-QUDFX,Male,0,0,0,2,United States,California,Rohnert Park,94928,38.34719,-122.697822
9508-ILZDG,Female,1,0,0,34,United States,California,Dillon Beach,94929,38.24458,-122.956268
2346-DJQTB,Female,0,0,0,35,United States,California,Fairfax,94930,37.971751,-122.611873
1697-LYYYX,Female,0,1,1,61,United States,California,Cotati,94931,38.326215,-122.718742
1942-OQFRW,Male,0,0,0,1,United States,California,Forest Knolls,94933,38.010092,-122.689442
9640-ZSLDC,Female,0,1,1,53,United States,California,Lagunitas,94938,38.021772,-122.691744
4231-LZUYM,Female,0,1,0,72,United States,California,Larkspur,94939,37.937082,-122.532369
6128-AQBMT,Male,1,1,0,41,United States,California,Nicasio,94946,38.065359,-122.665566
3594-BDSOA,Female,0,1,0,24,United States,California,Novato,94947,38.112166,-122.634384
5133-VRSAB,Male,0,0,0,8,United States,California,Olema,94950,38.052209,-122.775567
5996-DAOQL,Male,0,0,0,1,United States,California,Penngrove,94951,38.325599,-122.642352
6838-YAUVY,Female,0,0,0,54,United States,California,Petaluma,94952,38.237018,-122.77872
0484-JPBRU,Male,0,0,0,41,United States,California,Petaluma,94954,38.235021,-122.557332
7883-ROJOC,Female,0,1,0,19,United States,California,Point Reyes Station,94956,38.060264,-122.830646
0244-LGNFY,Female,0,1,1,72,United States,California,San Anselmo,94960,37.99272,-122.575026
7274-CGTOD,Male,0,0,0,62,United States,California,San Geronimo,94963,38.00474,-122.663717
4295-YURET,Female,1,1,1,56,United States,California,San Quentin,94964,37.942551,-122.491642
4635-EJYPD,Male,0,1,1,32,United States,California,Tomales,94971,38.240769,-122.901041
1866-ZSLJM,Male,0,0,0,21,United States,California,Valley Ford,94972,38.339996,-122.935056
4636-TVXVG,Male,0,1,1,62,United States,California,Woodacre,94973,38.005839,-122.638155
4236-UJPWO,Female,0,0,0,2,United States,California,Alviso,95002,37.449537,-121.994813
9392-XBGTD,Male,0,0,1,27,United States,California,Aptos,95003,37.013471,-121.877877
6402-SSEJG,Female,0,0,0,25,United States,California,Ben Lomond,95005,37.078873,-122.090386
1169-SAOCL,Male,0,0,0,49,United States,California,Brookdale,95007,37.106902,-122.100006
1110-KYLGQ,Female,0,0,0,63,United States,California,Campbell,95008,37.279689,-121.954567
9929-PLVPA,Female,0,0,1,4,United States,California,Capitola,95010,36.977025,-121.952864
3518-PZXZQ,Female,0,1,0,1,United States,California,Castroville,95012,36.784481,-121.759054
2371-JUNGC,Male,0,0,0,11,United States,California,Cupertino,95014,37.306612,-122.080621
7693-QPEFS,Male,1,0,0,52,United States,California,Davenport,95017,37.114335,-122.237162
0924-BJCRC,Female,1,1,0,60,United States,California,Felton,95018,37.089111,-122.062213
5074-FBGHB,Male,0,0,0,64,United States,California,Freedom,95019,36.936228,-121.785559
2351-BKRZW,Female,0,1,1,43,United States,California,Gilroy,95020,37.03889,-121.528955
4455-BFSPD,Female,0,1,0,61,United States,California,Hollister,95023,36.875409,-121.279679
3948-KXDUF,Male,0,0,0,66,United States,California,Los Gatos,95033,37.160194,-121.945611
2323-ARSVR,Male,0,1,0,67,United States,California,Milpitas,95035,37.441931,-121.878502
0815-MFZGM,Female,0,1,0,42,United States,California,Morgan Hill,95037,37.161544,-121.649371
5480-XTFFL,Female,0,1,1,31,United States,California,Mount Hermon,95041,37.051166,-122.056194
8295-FHIVV,Male,0,0,0,7,United States,California,Paicines,95043,36.525703,-120.952122
9086-YJYXS,Male,0,1,1,34,United States,California,San Martin,95046,37.084697,-121.606417
1179-INLAT,Male,0,0,0,3,United States,California,Santa Clara,95050,37.351214,-121.952417
7909-FIOIY,Female,0,1,1,19,United States,California,Santa Clara,95051,37.348129,-121.98469
6351-SCJKT,Male,0,0,0,3,United States,California,Santa Cruz,95062,36.974575,-121.991149
5468-BPMMO,Male,0,1,0,46,United States,California,Santa Cruz,95064,37.007882,-122.065975
0197-PNKNK,Female,0,1,1,69,United States,California,Scotts Valley,95066,37.070177,-122.010077
2439-QKJUL,Male,0,0,0,5,United States,California,Saratoga,95070,37.257772,-122.051824
1194-SPVSP,Male,0,0,0,1,United States,California,Soquel,95073,37.023669,-121.946461
9534-NSXEM,Male,0,0,0,26,United States,California,Watsonville,95076,36.931654,-121.752383
8929-KSWIH,Male,0,0,0,25,United States,California,San Jose,95111,37.284265,-121.827673
2250-IVBWA,Male,0,1,1,64,United States,California,San Jose,95112,37.343827,-121.883119
1810-MVMAI,Male,0,1,1,30,United States,California,San Jose,95113,37.333851,-121.891147
9506-UXUSK,Male,0,0,0,13,United States,California,San Jose,95116,37.350284,-121.852855
1229-RCALF,Female,0,1,0,64,United States,California,San Jose,95117,37.311088,-121.961786
3572-UOLYZ,Female,0,0,1,46,United States,California,San Jose,95118,37.255479,-121.889838
1429-UYJSV,Female,0,0,0,12,United States,California,San Jose,95119,37.233226,-121.78809
6366-XIVKZ,Female,0,1,1,13,United States,California,San Jose,95122,37.32886,-121.834567
3470-OBUET,Female,0,1,1,67,United States,California,San Jose,95123,37.238758,-121.828375
2770-NSVDG,Male,0,1,0,24,United States,California,San Jose,95124,37.257063,-121.923037
9375-MHRRS,Male,0,0,0,6,United States,California,San Jose,95125,37.294926,-121.894763
4860-YZGZM,Male,0,0,0,10,United States,California,San Jose,95128,37.316146,-121.936285
6599-GZWCM,Female,0,0,0,13,United States,California,San Jose,95129,37.305622,-122.000887
5533-NHFRF,Male,1,0,0,7,United States,California,San Jose,95132,37.424655,-121.74841
7037-MTYVW,Male,0,1,1,38,United States,California,San Jose,95133,37.371862,-121.860349
4760-THGOT,Female,0,1,0,43,United States,California,San Jose,95134,37.42765,-121.945416
4016-BJKTZ,Female,0,0,0,25,United States,California,San Jose,95136,37.270938,-121.851046
6584-VQMYT,Male,0,0,1,27,United States,California,San Jose,95138,37.246064,-121.749494
9838-BFCQT,Male,0,1,1,72,United States,California,San Jose,95139,37.218705,-121.762429
2790-XUYMV,Male,0,0,1,71,United States,California,Mount Hamilton,95140,37.382909,-121.634151
0581-MDMPW,Female,0,0,0,24,United States,California,San Jose,95148,37.339533,-121.777179
1023-BQXZE,Male,0,0,0,57,United States,California,Stockton,95203,37.954089,-121.329761
9163-GHAYE,Female,0,0,0,15,United States,California,Stockton,95204,37.974498,-121.319568
3904-UKFRE,Male,0,0,0,4,United States,California,Stockton,95205,37.965695,-121.260051
5353-WILCI,Female,0,0,0,28,United States,California,Stockton,95206,37.902422,-121.440029
0058-EVZWM,Female,0,1,0,55,United States,California,Stockton,95209,38.044523,-121.348048
7009-PCARS,Male,0,0,1,55,United States,California,Stockton,95215,37.946282,-121.139499
0519-DRGTI,Female,0,1,1,20,United States,California,Stockton,95219,38.029729,-121.387999
1017-FBQMM,Female,0,1,1,62,United States,California,Acampo,95220,38.200231,-121.235034
1985-MBRYP,Female,0,0,0,43,United States,California,Arnold,95223,38.32153,-120.236358
9372-TXXPS,Female,0,1,0,60,United States,California,Burson,95225,38.183918,-120.898817
3259-QMXUN,Male,0,1,0,58,United States,California,Campo Seco,95226,38.233879,-120.861666
1015-JPFYW,Male,0,0,1,7,United States,California,Clements,95227,38.227285,-121.02789
6645-MXQJT,Male,0,1,1,2,United States,California,Copperopolis,95228,37.943954,-120.67108
4360-QRAVE,Male,1,0,0,37,United States,California,Farmington,95230,37.956963,-120.863055
8433-WPJTV,Female,1,1,1,65,United States,California,French Camp,95231,37.873283,-121.292034
5804-JMYIO,Female,0,1,1,39,United States,California,Glencoe,95232,38.358464,-120.579304
6484-LATFU,Male,0,0,0,68,United States,California,Linden,95236,38.047746,-121.030499
7599-NTMDP,Female,0,1,1,62,United States,California,Lockeford,95237,38.166791,-121.14207
0536-ACXIP,Female,0,1,0,72,United States,California,Lodi,95242,38.128087,-121.4078
0936-NQLJU,Female,0,1,0,41,United States,California,Mokelumne Hill,95245,38.304194,-120.592431
1575-KRZZE,Female,0,0,0,4,United States,California,Murphys,95247,38.147852,-120.440124
3251-YMVWZ,Male,0,0,0,53,United States,California,San Andreas,95249,38.196497,-120.61689
4884-LEVMQ,Male,0,1,0,39,United States,California,Valley Springs,95252,38.156971,-120.849231
8857-CUPFQ,Male,0,1,0,63,United States,California,Wallace,95254,38.192608,-120.957842
7610-TVOPG,Male,0,0,0,15,United States,California,West Point,95255,38.41935,-120.469545
3638-DIMPH,Female,0,1,0,13,United States,California,Wilseyville,95257,38.392686,-120.415951
1845-ZLLIG,Male,0,0,0,1,United States,California,Woodbridge,95258,38.169605,-121.310964
8559-WNQZS,Male,0,0,0,1,United States,California,Atwater,95301,37.321233,-120.656354
1699-UOTXU,Male,0,0,0,60,United States,California,Big Oak Flat,95305,37.818589,-120.256995
0635-WKOLD,Male,0,1,0,40,United States,California,Ceres,95307,37.553469,-120.952825
5993-JSUWV,Female,0,0,0,66,United States,California,Columbia,95310,38.085839,-120.37855
4518-FZBSX,Male,0,1,1,42,United States,California,Coulterville,95311,37.722127,-120.110174
5387-ASZNZ,Female,1,0,0,66,United States,California,Cressey,95312,37.420273,-120.66527
6988-CJEYV,Male,0,0,0,49,United States,California,Crows Landing,95313,37.435664,-121.049056
3097-FQTVJ,Female,0,0,0,41,United States,California,Denair,95316,37.524721,-120.757977
5465-BUBFA,Female,0,1,1,41,United States,California,El Nido,95317,37.127386,-120.506422
7299-GNVPL,Female,0,1,1,23,United States,California,El Portal,95318,37.654551,-119.822984
9743-DQKQW,Male,0,0,0,3,United States,California,Escalon,95320,37.818543,-121.006907
1215-VFYVK,Female,0,0,0,4,United States,California,Groveland,95321,37.902968,-119.667544
9371-BITHB,Female,0,1,1,52,United States,California,Gustine,95322,37.147198,-121.120161
9093-FPDLG,Female,0,0,0,11,United States,California,Hilmar,95324,37.394536,-120.890747
0541-FITGH,Female,0,1,0,2,United States,California,Hornitos,95325,37.479926,-120.230424
6985-HAYWX,Female,0,1,0,26,United States,California,Hughson,95326,37.5923,-120.853288
7508-KBIMB,Male,0,1,1,24,United States,California,Jamestown,95327,37.84771,-120.486589
6838-HVLXG,Female,0,0,0,12,United States,California,Keyes,95328,37.555631,-120.911653
2277-DJJDL,Male,1,1,0,60,United States,California,La Grange,95329,37.666587,-120.411517
1897-OKVMW,Female,0,1,1,64,United States,California,Lathrop,95330,37.80821,-121.308401
5485-ITNPC,Male,0,1,0,66,United States,California,Le Grand,95333,37.249377,-120.249581
0233-FTHAV,Female,0,0,0,60,United States,California,Livingston,95334,37.361987,-120.748394
4644-PIZRT,Male,0,1,1,17,United States,California,Long Barn,95335,38.109125,-120.078597
8922-NPKBJ,Male,0,1,1,42,United States,California,Manteca,95336,37.830267,-121.201018
2740-TVLFN,Male,0,0,0,1,United States,California,Manteca,95337,37.750822,-121.238423
7771-CFQRQ,Female,0,1,1,47,United States,California,Mariposa,95338,37.526791,-119.99437
9512-PHSMG,Female,0,1,0,10,United States,California,Merced,95340,37.255637,-120.493537
6963-EZQEE,Male,1,1,0,70,United States,California,Midpines,95345,37.581496,-119.972762
2452-KDRRH,Male,1,0,0,67,United States,California,Mi Wuk Village,95346,38.121601,-120.133915
4146-SVFUD,Male,0,0,0,1,United States,California,Modesto,95351,37.621458,-121.012295
1564-HJUVY,Male,0,0,0,4,United States,California,Modesto,95354,37.639029,-120.964772
3617-XLSGQ,Female,0,1,1,66,United States,California,Modesto,95355,37.672906,-120.946594
7517-LDMPS,Female,0,0,0,12,United States,California,Modesto,95356,37.716186,-121.025836
7244-KXYZN,Female,0,0,0,24,United States,California,Modesto,95357,37.670526,-120.877572
5226-NOZFC,Male,0,0,0,26,United States,California,Modesto,95358,37.612612,-121.108568
1400-WIVLL,Male,0,1,0,57,United States,California,Oakdale,95361,37.785033,-120.776141
8148-NLEGT,Female,0,1,1,42,United States,California,Pinecrest,95364,38.224869,-119.755729
8347-GDTMP,Female,0,1,0,64,United States,California,Ripon,95366,37.750778,-121.13238
6746-WAUWT,Male,0,0,0,19,United States,California,Salida,95368,37.713152,-121.08739
0428-IKYCP,Male,0,1,0,22,United States,California,Sonora,95370,37.982716,-120.343732
2187-PKZAY,Male,0,0,0,12,United States,California,Stevinson,95374,37.316807,-120.855753
4003-OCTMP,Female,0,1,0,31,United States,California,Tracy,95376,37.680968,-121.446049
6652-YFFJO,Female,0,0,0,11,United States,California,Tuolumne,95379,37.939768,-120.188002
7225-IILWY,Male,0,1,1,68,United States,California,Turlock,95380,37.474396,-120.875917
5248-RPYWW,Female,1,1,1,72,United States,California,Turlock,95382,37.529656,-120.854357
7923-IYJWY,Male,1,0,0,67,United States,California,Twain Harte,95383,38.107441,-120.230625
3170-GWYKC,Female,0,0,0,60,United States,California,Vernalis,95385,37.609095,-121.263381
9830-ECLEN,Male,0,1,1,58,United States,California,Winton,95388,37.421299,-120.599587
2668-TZSPS,Male,0,0,0,1,United States,California,Santa Rosa,95403,38.488431,-122.752839
7446-SFAOA,Female,0,1,0,37,United States,California,Santa Rosa,95407,38.394091,-122.739814
9522-ZSINC,Male,0,0,0,13,United States,California,Santa Rosa,95409,38.468893,-122.580539
8234-GSZYK,Male,0,0,0,43,United States,California,Albion,95410,39.225694,-123.717354
6505-OZNPG,Female,0,0,0,6,United States,California,Annapolis,95412,38.731055,-123.316553
6164-HAQTX,Male,0,0,0,71,United States,California,Boonville,95415,39.025867,-123.381544
7765-LWVVH,Female,0,1,1,72,United States,California,Caspar,95420,39.361283,-123.784599
1658-TJVOA,Female,1,0,0,6,United States,California,Cazadero,95421,38.578807,-123.19338
0953-LGOVU,Male,0,1,1,12,United States,California,Clearlake,95422,38.965804,-122.631779
4692-NNQRU,Female,0,1,0,21,United States,California,Cloverdale,95425,38.801936,-122.938935
7742-MYPGI,Female,0,1,1,6,United States,California,Cobb,95426,38.838088,-122.73203
9619-GSATL,Female,0,0,0,43,United States,California,Dos Rios,95429,39.756049,-123.358701
5622-UEJFI,Female,0,1,1,35,United States,California,Duncans Mills,95430,38.445603,-123.063756
0674-DGMAQ,Male,1,1,0,32,United States,California,Elk,95432,39.108252,-123.645121
6203-HBZPA,Male,0,0,0,52,United States,California,Forestville,95436,38.499302,-122.92444
0484-FFVBJ,Male,0,0,0,32,United States,California,Fort Bragg,95437,39.455555,-123.683979
0301-FIDRB,Female,0,1,1,72,United States,California,Fulton,95439,38.493888,-122.777141
4139-JPIAM,Male,0,0,0,51,United States,California,Geyserville,95441,38.731771,-123.064272
2181-TIDSV,Male,0,1,1,68,United States,California,Glen Ellen,95442,38.368744,-122.522642
2761-XECQW,Male,1,1,0,8,United States,California,Glenhaven,95443,39.045246,-122.743181
1936-CZAKF,Male,0,1,0,49,United States,California,Graton,95444,38.434362,-122.86891
9453-PATOS,Female,0,1,0,72,United States,California,Gualala,95445,38.848082,-123.50608
4402-FTBXC,Male,0,0,0,54,United States,California,Hopland,95449,38.93706,-123.118111
2931-XIQBR,Female,0,1,1,50,United States,California,Kelseyville,95451,38.93496,-122.792243
0106-UGRDO,Female,0,1,0,69,United States,California,Kenwood,95452,38.419525,-122.521585
5542-TBBWB,Male,0,0,0,1,United States,California,Lakeport,95453,39.080469,-122.955176
1930-QPBVZ,Male,0,1,1,68,United States,California,Laytonville,95454,39.806141,-123.531098
2606-PKWJB,Male,0,0,1,40,United States,California,Little River,95456,39.245911,-123.77214
5322-ZSMZY,Male,0,1,1,31,United States,California,Lower Lake,95457,38.925545,-122.549083
8059-UDZFY,Female,1,0,1,33,United States,California,Lucerne,95458,39.141934,-122.770679
7740-BTPUX,Male,1,1,0,55,United States,California,Manchester,95459,38.966713,-123.586412
5220-AGAAX,Male,0,1,1,68,United States,California,Mendocino,95460,39.305545,-123.743697
0208-BPQEJ,Female,0,1,1,12,United States,California,Middletown,95461,38.787446,-122.58675
9435-JMLSX,Male,0,1,0,71,United States,California,Monte Rio,95462,38.471049,-123.015549
3352-ALMCK,Male,0,0,0,40,United States,California,Navarro,95463,39.182916,-123.552571
5312-IRCFR,Female,0,1,1,64,United States,California,Nice,95464,39.12334,-122.838198
5294-IMHHT,Male,0,1,0,53,United States,California,Occidental,95465,38.415003,-122.998726
6176-YJWAS,Male,0,1,0,72,United States,California,Potter Valley,95469,39.408634,-123.045516
5310-NOOVA,Male,0,0,0,46,United States,California,Redwood Valley,95470,39.298065,-123.25211
4526-EXKKN,Male,0,0,0,40,United States,California,Rio Nido,95471,38.522328,-122.97932
5311-IHLEI,Male,0,0,0,12,United States,California,Sebastopol,95472,38.398815,-122.861923
3987-KQDDU,Male,0,0,0,9,United States,California,Sonoma,95476,38.25485,-122.461799
3404-JNXAX,Female,0,1,1,51,United States,California,Ukiah,95482,39.134075,-123.23422
5131-PONJI,Male,0,1,1,49,United States,California,Upper Lake,95485,39.220368,-122.907693
3489-VSFRD,Female,0,0,0,56,United States,California,Willits,95490,39.492046,-123.375818
3345-JHUEO,Male,0,0,0,4,United States,California,Windsor,95492,38.527297,-122.810044
5815-HGGHV,Male,0,1,0,20,United States,California,Witter Springs,95493,39.222323,-122.985488
5260-UMPWX,Female,0,1,1,26,United States,California,Yorkville,95494,38.888351,-123.239647
5649-RXQTV,Male,0,0,0,51,United States,California,Alderpoint,95511,40.166028,-123.584144
2674-MIAHT,Female,0,0,0,4,United States,California,Blocksburg,95514,40.309088,-123.668201
2576-HXMPA,Female,0,0,0,1,United States,California,Mckinleyville,95519,40.965011,-124.015255
7587-AOVVU,Male,0,1,1,27,United States,California,Arcata,95521,40.839958,-124.003757
6898-MDLZW,Male,0,0,0,12,United States,California,Blue Lake,95525,40.94338,-123.831799
4707-YNOQA,Female,0,1,1,34,United States,California,Burnt Ranch,95527,40.854512,-123.450097
9357-UJRUN,Male,0,1,0,24,United States,California,Carlotta,95528,40.497283,-123.93037
8648-PFRMP,Female,1,0,0,14,United States,California,Ferndale,95536,40.4785,-124.301372
7663-CUXZB,Male,0,1,0,59,United States,California,Fields Landing,95537,40.726949,-124.217378
0258-NOKBL,Male,0,0,0,3,United States,California,Fortuna,95540,40.584991,-124.121504
1163-VIPRI,Female,0,1,1,65,United States,California,Garberville,95542,40.057784,-123.679461
9348-ROUAI,Female,0,1,1,59,United States,California,Honeydew,95545,40.342928,-124.063329
9443-JUBUO,Male,0,1,1,72,United States,California,Hoopa,95546,41.163637,-123.704841
3043-TYBNO,Male,0,0,0,3,United States,California,Kneeland,95549,40.664483,-123.865325
4830-FAXFM,Male,0,0,1,19,United States,California,Korbel,95550,40.7666,-123.80458
5906-BFOZT,Male,0,0,0,1,United States,California,Loleta,95551,40.665952,-124.240051
2960-NKRSO,Male,0,0,0,24,United States,California,Mad River,95552,40.390301,-123.412327
8996-ZROXE,Male,1,0,0,57,United States,California,Miranda,95553,40.210895,-123.86
5598-IKHQQ,Female,0,0,0,72,United States,California,Myers Flat,95554,40.267158,-123.805913
0397-ZXWQF,Male,0,0,0,67,United States,California,Orick,95555,41.336354,-124.044354
5266-PFRQK,Male,0,1,1,52,United States,California,Orleans,95556,41.269521,-123.546958
4674-HGNUA,Male,0,1,1,71,United States,California,Petrolia,95558,40.274302,-124.210902
6765-MBQNU,Female,0,1,0,26,United States,California,Phillipsville,95559,40.184094,-123.745487
9786-IJYDL,Female,0,0,0,35,United States,California,Redway,95560,40.142256,-123.852927
1303-SRDOK,Female,0,1,1,55,United States,California,Rio Dell,95562,40.485849,-124.163234
3769-MHZNV,Female,0,1,1,33,United States,California,Salyer,95563,40.89866,-123.539754
6295-OSINB,Male,0,1,0,72,United States,California,Samoa,95564,40.809636,-124.189977
3308-MHOOC,Male,0,0,1,1,United States,California,Scotia,95565,40.440636,-124.098739
2207-QPJED,Female,1,1,0,37,United States,California,Somes Bar,95568,41.444606,-123.471895
4177-JPDFU,Male,0,0,0,12,United States,California,Redcrest,95569,40.363446,-123.835041
2239-CFOUJ,Male,0,1,1,1,United States,California,Trinidad,95570,41.162295,-124.027381
8046-DNVTL,Male,0,1,0,62,United States,California,Weott,95571,40.310119,-123.909449
2209-XADXF,Female,0,0,0,1,United States,California,Willow Creek,95573,40.949012,-123.655847
6620-JDYNW,Female,0,0,0,18,United States,California,Leggett,95585,39.873371,-123.741474
4770-UEZOX,Male,0,0,0,2,United States,California,Whitethorn,95589,40.053159,-123.995867
1038-RQOST,Male,0,1,1,19,United States,California,Zenia,95595,40.170357,-123.417298
4568-TTZRT,Male,0,0,0,9,United States,California,Auburn,95602,38.99003,-121.114408
9513-DXHDA,Male,0,0,0,27,United States,California,Auburn,95603,38.912881,-121.082766
0516-QREYC,Female,1,0,0,24,United States,California,Capay,95607,38.681651,-122.130569
8084-OIVBS,Female,0,0,0,11,United States,California,Clarksburg,95612,38.384648,-121.578701
8896-BQTTI,Male,0,0,0,1,United States,California,Cool,95614,38.880622,-120.973865
3865-QBWSJ,Male,1,0,1,38,United States,California,Courtland,95615,38.311609,-121.554034
3352-RICWQ,Female,0,1,1,9,United States,California,Davis,95616,38.508735,-121.678813
2160-GPFXD,Male,0,1,1,54,United States,California,Davis,95618,38.544002,-121.685559
2065-MMKGR,Female,0,0,0,29,United States,California,Diamond Springs,95619,38.683605,-120.811852
5857-TYBCJ,Male,1,1,0,44,United States,California,Dixon,95620,38.392821,-121.799917
1498-NHTLT,Male,0,1,1,59,United States,California,Citrus Heights,95621,38.69549,-121.307864
1402-PTHGN,Female,0,1,1,18,United States,California,Elk Grove,95624,38.434138,-121.30587
4176-RELJR,Male,1,0,0,67,United States,California,Elmira,95625,38.349195,-121.902943
5199-FPUSP,Male,0,0,1,33,United States,California,Esparto,95627,38.834469,-122.127193
6377-KSLXC,Male,0,0,0,5,United States,California,Fair Oaks,95628,38.652065,-121.25441
1796-JANOW,Female,0,0,0,2,United States,California,Fiddletown,95629,38.513484,-120.704613
0238-WHBIQ,Male,0,1,1,72,United States,California,Folsom,95630,38.672638,-121.147403
8735-NBLWT,Male,0,0,1,9,United States,California,Foresthill,95631,39.031876,-120.811141
6651-RLGGM,Male,0,1,1,67,United States,California,Galt,95632,38.274451,-121.259201
1614-JBEBI,Female,0,0,0,8,United States,California,Georgetown,95634,38.9386,-120.785514
5696-EXCYS,Male,0,0,0,17,United States,California,Hood,95639,38.375325,-121.507935
5795-KTGUD,Female,0,1,0,68,United States,California,Ione,95640,38.33788,-120.954202
7924-GJZFI,Female,1,1,0,25,United States,California,Jackson,95642,38.336216,-120.76901
4702-HDRKD,Male,0,0,0,67,United States,California,Knights Landing,95645,38.875508,-121.765866
8512-WIWYV,Male,0,0,0,32,United States,California,Kirkwood,95646,38.631489,-120.015167
5897-ZYEKH,Female,1,1,0,67,United States,California,Lincoln,95648,38.922812,-121.312005
5456-ITGIC,Male,1,1,0,72,United States,California,Loomis,95650,38.809175,-121.171375
1406-PUQVY,Male,0,0,1,1,United States,California,Madison,95653,38.674276,-121.961866
9114-AAFQH,Female,0,1,0,48,United States,California,North Highlands,95660,38.671295,-121.388251
8715-KKTFG,Female,0,1,0,61,United States,California,Roseville,95661,38.736685,-121.251984
1728-BQDMA,Female,0,0,0,2,United States,California,Penryn,95663,38.859093,-121.182872
5117-ZSMHQ,Female,0,1,1,71,United States,California,Pioneer,95666,38.546999,-120.271114
5151-HQRDG,Male,0,1,0,37,United States,California,Placerville,95667,38.733714,-120.795213
0960-HUWBM,Male,0,1,1,65,United States,California,Pleasant Grove,95668,38.833554,-121.498102
6465-GSRCL,Female,0,0,1,67,United States,California,Plymouth,95669,38.489273,-120.891614
0263-FJTQO,Male,0,1,1,50,United States,California,Rescue,95672,38.724322,-120.991237
7319-ZNRTR,Male,0,1,1,25,United States,California,Rio Linda,95673,38.688764,-121.457596
7503-EPSZW,Female,0,1,1,64,United States,California,River Pines,95675,38.545775,-120.743325
7089-XXAYG,Male,0,1,0,25,United States,California,Rocklin,95677,38.7904,-121.236973
8070-AAWZP,Male,1,1,0,24,United States,California,Sheridan,95681,38.984756,-121.345074
1666-JXLKU,Female,0,0,0,37,United States,California,Shingle Springs,95682,38.598936,-120.963092
7855-DIWPO,Female,0,0,0,21,United States,California,Sloughhouse,95683,38.470423,-121.114897
5133-POWUA,Male,0,0,0,1,United States,California,Somerset,95684,38.606703,-120.586659
5652-MSDEY,Female,0,0,0,10,United States,California,Sutter Creek,95685,38.432145,-120.77069
1810-BOHSY,Male,0,1,0,51,United States,California,Vacaville,95687,38.333133,-121.920151
1784-BXEFA,Female,0,0,0,10,United States,California,Vacaville,95688,38.419088,-122.024568
7351-MHQVU,Female,0,0,0,6,United States,California,Volcano,95689,38.481902,-120.603668
9224-VTYID,Male,0,1,1,47,United States,California,Walnut Grove,95690,38.240419,-121.587535
9500-IWPXQ,Female,0,1,1,61,United States,California,West Sacramento,95691,38.627951,-121.593287
5762-TJXGK,Female,0,0,0,52,United States,California,Wheatland,95692,39.043387,-121.409837
4504-YOULA,Female,0,1,1,35,United States,California,Wilton,95693,38.392559,-121.225093
5569-IDSEY,Male,0,1,0,71,United States,California,Winters,95694,38.578604,-122.024579
7284-ZZLOH,Male,0,1,0,45,United States,California,Alta,95701,39.218096,-120.79153
1777-JYQPJ,Male,0,0,0,2,United States,California,Colfax,95713,39.084645,-120.894014
3401-URHDA,Male,0,0,0,51,United States,California,Emigrant Gap,95715,39.23754,-120.720196
1599-EAHXY,Male,0,1,1,60,United States,California,Gold Run,95717,39.170376,-120.838404
8631-XVRZL,Male,0,0,0,9,United States,California,Kyburz,95720,38.766036,-120.209673
3853-LYGAM,Male,0,0,0,17,United States,California,Meadow Vista,95722,39.003358,-121.022539
5751-USDBL,Male,0,1,1,46,United States,California,Soda Springs,95728,39.279068,-120.414275
5680-LQOGP,Female,0,0,0,68,United States,California,Twin Bridges,95735,38.805481,-120.13287
8189-DUKMV,Female,0,1,0,4,United States,California,Rancho Cordova,95742,38.591134,-121.161585
9931-DCEZH,Male,0,0,1,28,United States,California,Roseville,95747,38.784329,-121.373245
1898-JSNDC,Female,0,0,0,39,United States,California,Elk Grove,95758,38.35363,-121.44195
0315-LVCRK,Male,0,0,0,11,United States,California,El Dorado Hills,95762,38.684437,-121.055634
3911-RSNHI,Female,0,1,0,71,United States,California,Rocklin,95765,38.823278,-121.281856
2410-CIYFZ,Male,0,0,1,2,United States,California,Woodland,95776,38.694081,-121.694431
5505-OVWQW,Female,0,0,0,17,United States,California,Sacramento,95815,38.608405,-121.449942
7271-AJDTL,Female,0,1,0,55,United States,California,Sacramento,95816,38.574856,-121.46504
1867-TJHTS,Female,0,0,0,58,United States,California,Sacramento,95817,38.550722,-121.457314
6860-YRJZP,Male,1,0,0,9,United States,California,Sacramento,95820,38.53508,-121.444144
4429-WYGFR,Male,0,0,0,26,United States,California,Sacramento,95821,38.625096,-121.383658
2817-LVCPP,Female,0,0,0,50,United States,California,Sacramento,95822,38.512569,-121.495184
5038-ETMLM,Female,0,1,0,72,United States,California,Sacramento,95823,38.475465,-121.443625
5056-FIMPT,Female,0,0,1,43,United States,California,Sacramento,95824,38.517295,-121.439819
4521-WFJAI,Male,0,0,0,56,United States,California,Sacramento,95825,38.590035,-121.412455
6569-KTMDU,Female,0,0,0,1,United States,California,Sacramento,95826,38.542532,-121.378826
8809-XKHMD,Male,0,1,0,72,United States,California,Sacramento,95828,38.486938,-121.395805
0396-YCHWO,Male,0,1,0,36,United States,California,Sacramento,95829,38.486502,-121.334051
0867-LDTTC,Male,0,0,0,5,United States,California,Sacramento,95830,38.490508,-121.284171
9391-DXGGG,Female,1,0,0,44,United States,California,Sacramento,95832,38.445939,-121.496855
9844-FELAJ,Female,1,1,1,70,United States,California,Sacramento,95833,38.619049,-121.517552
2122-SZZZD,Male,0,0,0,44,United States,California,Sacramento,95834,38.646209,-121.52446
3148-AOIQT,Female,0,1,0,69,United States,California,Sacramento,95837,38.691607,-121.602284
8395-ETZKQ,Male,1,1,1,68,United States,California,Sacramento,95841,38.660442,-121.346321
6692-YQHXC,Male,0,0,0,16,United States,California,Sacramento,95842,38.687367,-121.34848
3889-VWBID,Male,0,1,1,68,United States,California,Antelope,95843,38.715498,-121.363411
5222-JCXZT,Male,0,0,0,4,United States,California,Sacramento,95864,38.585826,-121.376263
9754-CLVZW,Female,0,1,1,26,United States,California,Marysville,95901,39.19514,-121.503883
2739-CCZMB,Male,0,0,1,5,United States,California,Alleghany,95910,39.467828,-120.841386
7080-TNUWP,Male,0,1,0,70,United States,California,Arbuckle,95912,38.982373,-122.047751
0496-AHOOK,Male,0,1,0,24,United States,California,Bangor,95914,39.396585,-121.38029
8336-TAVKX,Female,1,1,0,72,United States,California,Berry Creek,95916,39.657228,-121.37778
2468-SJFLM,Male,0,0,0,1,United States,California,Biggs,95917,39.457388,-121.818201
3181-VTHOE,Male,0,1,0,70,United States,California,Browns Valley,95918,39.292334,-121.320597
7168-HDQHG,Female,0,1,1,36,United States,California,Brownsville,95919,39.440687,-121.263583
4567-AKPIA,Female,0,1,1,41,United States,California,Canyon Dam,95923,40.171312,-121.120605
7901-HXJVA,Male,0,0,0,14,United States,California,Chico,95928,39.681488,-121.83721
5924-IFQTT,Male,0,1,1,13,United States,California,Crescent Mills,95934,40.080342,-120.957805
7968-QUXNS,Male,0,0,0,6,United States,California,Dobbins,95935,39.381174,-121.21191
8903-WMRNW,Female,0,1,0,15,United States,California,Durham,95938,39.607831,-121.777959
2452-SNHFZ,Female,0,0,0,47,United States,California,Elk Creek,95939,39.53222,-122.594879
3629-WEAAM,Female,0,0,0,8,United States,California,Forbestown,95941,39.531028,-121.24807
6029-CSMJE,Male,0,0,0,17,United States,California,Forest Ranch,95942,40.077028,-121.494168
7993-NQLJE,Male,0,1,1,15,United States,California,Glenn,95943,39.597975,-122.032248
9909-DFRJA,Female,0,0,0,26,United States,California,Goodyears Bar,95944,39.564113,-120.868836
9099-FTUHS,Female,0,0,0,23,United States,California,Grass Valley,95945,39.194539,-120.988066
0581-BXBUB,Female,1,0,0,4,United States,California,Penn Valley,95946,39.203817,-121.19584
4962-CHQPW,Male,0,0,1,29,United States,California,Greenville,95947,40.160386,-120.835428
9467-ROOLM,Female,0,0,0,25,United States,California,Gridley,95948,39.346898,-121.759537
5150-ITWWB,Male,1,0,0,3,United States,California,Hamilton City,95951,39.732767,-122.042298
2253-KPMNB,Female,0,1,1,69,United States,California,Live Oak,95953,39.258746,-121.77697
1345-ZUKID,Male,0,0,0,14,United States,California,Magalia,95954,39.933852,-121.584371
6429-SHBCB,Male,0,0,0,19,United States,California,Maxwell,95955,39.281194,-122.226568
9281-OFDMF,Male,1,0,0,39,United States,California,Meadow Valley,95956,39.937017,-121.058043
2603-HVKCG,Male,0,0,0,31,United States,California,Meridian,95957,39.068071,-121.832638
1834-WULEG,Male,0,1,1,24,United States,California,Nevada City,95959,39.333737,-120.858667
9097-ZUBYC,Male,0,1,0,14,United States,California,North San Juan,95960,39.423046,-120.984472
5148-ORICT,Female,0,1,0,64,United States,California,Olivehurst,95961,39.082568,-121.55325
4893-GYUJU,Female,0,0,0,50,United States,California,Oregon House,95962,39.342587,-121.249833
4578-PHJYZ,Male,0,1,1,52,United States,California,Orland,95963,39.748037,-122.302169
7272-QDCKA,Male,0,0,0,28,United States,California,Oroville,95965,39.624561,-121.552866
8908-SLFCJ,Female,0,0,0,21,United States,California,Oroville,95966,39.473896,-121.415927
9766-HGEDE,Female,0,1,0,17,United States,California,Paradise,95969,39.69676,-121.644379
6968-MHOMU,Male,0,1,0,58,United States,California,Princeton,95970,39.424957,-122.039307
5044-XDPYX,Female,0,1,0,51,United States,California,Chico,95973,39.903272,-121.843567
1814-WFGVS,Male,0,1,1,72,United States,California,Richvale,95974,39.495768,-121.747472
3721-WKIIL,Female,0,0,0,27,United States,California,Smartville,95977,39.176595,-121.291692
6734-CKRSM,Female,0,0,0,3,United States,California,Stirling City,95978,39.904002,-121.527823
1265-ZFOSD,Female,0,1,0,64,United States,California,Stonyford,95979,39.288127,-122.415841
6568-POCUI,Female,0,1,0,45,United States,California,Strawberry Valley,95981,39.58458,-121.093256
5197-LQXXH,Female,0,1,0,71,United States,California,Taylorsville,95983,40.053684,-120.743116
3457-PQBYH,Female,0,1,1,58,United States,California,Washington,95986,39.34128,-120.786867
7682-AZNDK,Male,0,1,1,34,United States,California,Williams,95987,39.117537,-122.284654
5384-ZTTWP,Female,0,1,1,15,United States,California,Yuba City,95991,39.02741,-121.614982
3745-HRPHI,Male,0,1,1,66,United States,California,Yuba City,95993,39.075694,-121.70606
7636-OWBPG,Male,1,0,0,12,United States,California,Redding,96001,40.587919,-122.464732
1231-YNDEK,Male,0,0,0,58,United States,California,Redding,96002,40.527834,-122.318749
1407-DIGZV,Female,0,1,1,3,United States,California,Redding,96003,40.677649,-122.29467
0570-BFQHT,Female,0,0,0,9,United States,California,Anderson,96007,40.448632,-122.306657
4393-OBCRR,Female,0,0,0,3,United States,California,Bella Vista,96008,40.722733,-122.109666
8564-LDKFL,Male,0,1,0,40,United States,California,Big Bar,96010,40.775272,-123.287414
3696-DFHHB,Female,0,0,0,68,United States,California,Big Bend,96011,41.096569,-121.879082
4717-GHADL,Female,0,0,0,50,United States,California,Callahan,96014,41.388397,-122.794636
5501-TVMGM,Male,0,0,0,1,United States,California,Canby,96015,41.486953,-120.913975
5879-HMFFH,Female,0,1,0,72,United States,California,Cassel,96016,40.936285,-121.572692
6772-WFQRD,Male,0,0,1,40,United States,California,Castella,96017,41.121108,-122.336613
3810-DVDQQ,Female,0,1,1,72,United States,California,Shasta Lake,96019,40.692523,-122.369876
6972-SNKKW,Female,0,0,0,6,United States,California,Chester,96020,40.243494,-121.154733
3694-GLTJM,Female,0,0,0,5,United States,California,Corning,96021,39.913777,-122.289984
8550-XSXUQ,Male,0,1,0,48,United States,California,Cottonwood,96022,40.336392,-122.448533
9055-MOJJJ,Female,0,1,1,64,United States,California,Douglas City,96024,40.586588,-122.903677
4359-INNWN,Female,0,0,0,17,United States,California,Dunsmuir,96025,41.212695,-122.392067
0585-EGDDA,Male,0,1,0,40,United States,California,Etna,96027,41.405193,-123.008567
4032-RMHCI,Female,0,1,1,41,United States,California,Fall River Mills,96028,41.017282,-121.468945
0549-CYCQN,Male,1,0,0,51,United States,California,Flournoy,96029,39.84784,-122.544556
3481-JHUZH,Male,0,1,0,41,United States,California,Forks Of Salmon,96031,41.232128,-123.194748
3594-IVHJZ,Female,0,0,0,2,United States,California,French Gulch,96033,40.740138,-122.587476
6869-FGJJC,Male,0,0,0,68,United States,California,Gazelle,96034,41.411315,-122.697236
3896-ZVNET,Female,0,1,1,24,United States,California,Gerber,96035,40.03194,-122.176023
8205-VSLRB,Male,0,1,0,70,United States,California,Greenview,96037,41.528541,-122.955018
5960-MVTUK,Male,0,0,0,3,United States,California,Grenada,96038,41.599978,-122.539381
6817-WTYHE,Male,0,0,0,2,United States,California,Happy Camp,96039,41.831901,-123.487478
3082-VQXNH,Male,0,1,0,3,United States,California,Hat Creek,96040,40.789799,-121.474529
4931-TRZWN,Female,0,0,0,13,United States,California,Hornbrook,96044,41.962127,-122.527696
0750-EKNGL,Male,0,0,0,7,United States,California,Hyampom,96046,40.648024,-123.465088
7669-LCRSD,Male,0,1,1,12,United States,California,Igo,96047,40.524535,-122.647172
3567-PQTSO,Male,0,1,1,53,United States,California,Junction City,96048,40.913192,-123.06597
8043-PNYSD,Male,0,1,1,63,United States,California,Lakehead,96051,40.883853,-122.418258
9938-EKRGF,Female,0,0,0,15,United States,California,Lewiston,96052,40.704293,-122.803899
2703-AMTUL,Male,0,1,1,36,United States,California,Lookout,96054,41.280478,-121.160249
0928-JMXNP,Male,1,1,0,4,United States,California,Los Molinos,96055,40.059385,-122.091481
8173-RXAYP,Female,0,1,1,24,United States,California,Mcarthur,96056,41.10831,-121.360362
4825-XJGDM,Female,0,0,0,61,United States,California,Mccloud,96057,41.251322,-122.105209
5402-HTOTQ,Male,0,0,0,16,United States,California,Macdoel,96058,41.769709,-121.92063
6734-JDTTV,Male,0,1,1,65,United States,California,Manton,96059,40.426679,-121.850421
7850-THJMU,Female,0,1,1,26,United States,California,Mill Creek,96061,40.331975,-121.460674
3890-RTCMS,Male,0,0,0,16,United States,California,Millville,96062,40.531257,-122.148139
3717-FDJFU,Male,0,0,1,5,United States,California,Montgomery Creek,96065,40.877552,-121.885884
3665-JATSN,Female,0,0,0,19,United States,California,Mount Shasta,96067,41.33832,-122.290756
7966-YOTQW,Male,0,0,0,10,United States,California,Nubieber,96068,41.082472,-121.195215
8853-TZDGH,Female,0,0,0,72,United States,California,Palo Cedro,96073,40.582399,-122.195512
4324-BZCKL,Female,0,1,1,10,United States,California,Paynes Creek,96075,40.343213,-121.815412
6924-TDGMT,Male,0,1,0,11,United States,California,Platina,96076,40.367964,-122.937379
1536-YHDOE,Male,0,1,1,17,United States,California,Round Mountain,96084,40.923558,-122.059933
8123-QBNAZ,Female,0,1,1,36,United States,California,Scott Bar,96085,41.737962,-123.07557
3629-ZNKXA,Male,1,0,0,17,United States,California,Seiad Valley,96086,41.924174,-123.260788
4827-LTQRJ,Female,1,1,1,66,United States,California,Shasta,96087,40.617614,-122.512861
7711-YIJWC,Male,0,1,1,61,United States,California,Shingletown,96088,40.497441,-121.827524
5482-VXSXJ,Male,0,0,0,22,United States,California,Tehama,96090,40.021787,-122.127576
7365-BVCJH,Male,0,0,0,1,United States,California,Trinity Center,96091,41.081847,-122.700545
9620-ENEJV,Female,0,0,0,6,United States,California,Vina,96092,39.955164,-122.018567
2378-YIZKA,Female,0,1,1,68,United States,California,Weed,96094,41.465121,-122.380947
0689-DSXGL,Female,0,1,1,52,United States,California,Yreka,96097,41.764869,-122.671316
6818-DJXAA,Female,0,0,1,10,United States,California,Alturas,96101,41.468877,-120.54229
0464-WJTKO,Female,0,1,1,72,United States,California,Cedarville,96104,41.505916,-120.152505
8902-ZEOVF,Male,0,1,1,47,United States,California,Chilcoot,96105,39.872961,-120.198876
6778-EICRF,Male,0,1,1,24,United States,California,Clio,96106,39.745805,-120.580882
2662-NNTDK,Male,0,0,0,65,United States,California,Coleville,96107,38.42528,-119.475741
4132-KALRO,Female,0,0,0,4,United States,California,Davis Creek,96108,41.750354,-120.403885
2874-YXVVA,Female,0,0,0,34,United States,California,Herlong,96113,40.198234,-120.18089
1245-HARPS,Female,0,1,0,14,United States,California,Janesville,96114,40.294034,-120.512622
4323-ELYYB,Male,0,1,1,13,United States,California,Likely,96116,41.266008,-120.490731
4293-ETKAP,Female,0,1,1,65,United States,California,Litchfield,96117,40.507272,-120.338228
6064-PUPMC,Male,0,1,1,23,United States,California,Loyalton,96118,39.637471,-120.226338
6504-VBLFL,Male,0,1,0,55,United States,California,Madeline,96119,41.042003,-120.506086
6322-PJJDJ,Male,0,1,0,49,United States,California,Markleeville,96120,38.735789,-119.85798
0330-BGYZE,Male,0,1,0,60,United States,California,Milford,96121,40.181279,-120.392967
1085-LDWAM,Female,0,1,1,69,United States,California,Portola,96122,39.786755,-120.445626
7586-ZATGZ,Male,0,0,0,40,United States,California,Ravendale,96123,40.845738,-120.322219
7197-VOJMM,Male,0,1,0,67,United States,California,Calpine,96124,39.672813,-120.456699
1843-TLSGD,Female,0,1,1,13,United States,California,Standish,96128,40.346634,-120.386422
9626-VFRGG,Female,0,0,1,41,United States,California,Susanville,96130,40.559177,-120.612113
7075-BNDVQ,Female,0,0,0,4,United States,California,Termo,96132,41.027281,-120.669427
9143-CANJF,Female,0,1,1,24,United States,California,Topaz,96133,38.636052,-119.489162
7284-BUYEC,Female,0,0,0,5,United States,California,Tulelake,96134,41.813521,-121.492666
2041-JIJCI,Female,0,0,0,5,United States,California,Wendel,96136,40.345949,-120.081187
4900-MSOMT,Female,0,1,1,72,United States,California,Carnelian Bay,96140,39.227434,-120.091806
2229-VWQJH,Female,0,0,0,24,United States,California,Homewood,96141,39.117018,-120.212535
9194-GFVOI,Female,0,1,0,42,United States,California,Tahoma,96142,39.061227,-120.179546
1336-EZFZY,Female,0,0,0,4,United States,California,Kings Beach,96143,39.246654,-120.029273
4282-MSACW,Male,0,0,0,68,United States,California,Tahoe City,96145,39.178337,-120.162806
1403-LKLIK,Female,0,1,1,33,United States,California,Olympic Valley,96146,39.191797,-120.212401
0136-IFMYD,Male,1,1,0,69,United States,California,Los Angeles,90001,33.973616,-118.24902
5144-TVGLP,Male,1,0,0,38,United States,California,Los Angeles,90002,33.949255,-118.246978
9643-AVVWI,Female,0,1,1,3,United States,California,Los Angeles,90003,33.964131,-118.272783
0253-ZTEOB,Female,0,1,1,48,United States,California,Los Angeles,90004,34.076259,-118.310715
2706-QZIHY,Female,0,1,0,15,United States,California,Los Angeles,90005,34.059281,-118.30742
6061-PQHMK,Female,0,0,0,25,United States,California,Los Angeles,90006,34.048013,-118.293953
6137-MFAJN,Female,0,0,0,48,United States,California,Los Angeles,90008,34.008293,-118.346766
9122-UMROB,Male,0,0,0,1,United States,California,Los Angeles,90010,34.062125,-118.315709
4232-JGKIY,Male,0,0,0,1,United States,California,Los Angeles,90011,34.00709,-118.258681
2402-TAIRZ,Female,0,0,0,37,United States,California,Los Angeles,90012,34.065875,-118.238728
9659-ZTWSM,Male,1,1,0,66,United States,California,Los Angeles,90013,34.044639,-118.240413
9139-TWBAS,Female,0,1,0,26,United States,California,Los Angeles,90014,34.043144,-118.251977
6685-GBWJZ,Male,0,1,0,63,United States,California,Los Angeles,90015,34.039224,-118.266293
2195-VVRJF,Male,1,1,0,18,United States,California,Los Angeles,90018,34.028735,-118.317236
3913-RDSJZ,Female,0,1,0,64,United States,California,Los Angeles,90019,34.049841,-118.33846
4203-QGNZA,Female,0,0,1,28,United States,California,Los Angeles,90021,34.029043,-118.239504
5043-TRZWM,Female,0,0,0,1,United States,California,Los Angeles,90022,34.02381,-118.156582
9494-BDNNC,Male,0,1,0,66,United States,California,Los Angeles,90025,34.046174,-118.446333
1640-PLFMP,Female,0,0,0,1,United States,California,Los Angeles,90026,34.078991,-118.263804
5366-OBVMR,Female,0,1,0,18,United States,California,Los Angeles,90027,34.127194,-118.295647
4573-JKNAE,Male,0,0,1,12,United States,California,Los Angeles,90032,34.078821,-118.177576
9817-APLHW,Male,0,0,0,12,United States,California,Los Angeles,90034,34.030578,-118.399613
8380-MQINP,Female,0,1,1,55,United States,California,Los Angeles,90035,34.051809,-118.383843
0840-DFEZH,Female,0,0,0,7,United States,California,Los Angeles,90036,34.070291,-118.349191
8690-ZVLCL,Female,0,1,1,68,United States,California,Los Angeles,90038,34.088017,-118.327168
1125-SNVCK,Female,1,0,0,49,United States,California,Los Angeles,90040,33.994524,-118.149953
0384-LPITE,Male,0,0,0,40,United States,California,Los Angeles,90041,34.137412,-118.207607
4616-EWBNJ,Female,0,0,0,16,United States,California,Los Angeles,90042,34.11572,-118.192754
1335-HQMKX,Female,0,1,0,72,United States,California,Los Angeles,90044,33.952714,-118.292061
2545-EBUPK,Female,1,0,0,2,United States,California,Los Angeles,90045,33.954017,-118.402447
6923-AQONU,Male,0,1,1,23,United States,California,Los Angeles,90046,34.108455,-118.362081
2172-EJXVF,Female,1,0,0,71,United States,California,Los Angeles,90047,33.958149,-118.308441
4536-PLEQY,Male,0,1,0,12,United States,California,Los Angeles,90058,34.001617,-118.222274
7029-IJEJK,Female,0,0,0,54,United States,California,Los Angeles,90059,33.927254,-118.249826
8871-JLMHM,Female,0,1,0,68,United States,California,Los Angeles,90061,33.92128,-118.274186
5447-VYTKW,Male,0,0,0,27,United States,California,Los Angeles,90064,34.037251,-118.423573
3623-FQBOX,Male,0,0,0,21,United States,California,Los Angeles,90065,34.108833,-118.229715
8659-HDIYE,Female,1,0,0,64,United States,California,Los Angeles,90067,34.057496,-118.413959
3474-BAFSJ,Male,0,1,0,57,United States,California,West Hollywood,90069,34.093781,-118.381061
3865-ZFZIB,Male,0,0,0,19,United States,California,Los Angeles,90077,34.102084,-118.451629
1855-AGAWH,Male,0,1,0,31,United States,California,Bell,90201,33.970343,-118.171368
7109-CQYUZ,Male,0,0,0,52,United States,California,Beverly Hills,90210,34.099891,-118.414338
1370-GGAWX,Female,0,0,0,46,United States,California,Beverly Hills,90211,34.063947,-118.383001
4680-KUTAJ,Female,1,0,0,11,United States,California,Beverly Hills,90212,34.062095,-118.401508
5307-UVGNB,Female,0,1,1,53,United States,California,Compton,90220,33.88151,-118.234451
2883-ILGWO,Male,1,0,0,57,United States,California,Compton,90222,33.912246,-118.236773
3642-BYHDO,Female,0,1,1,71,United States,California,Downey,90240,33.956228,-118.120993
9629-NHXFW,Female,0,1,1,1,United States,California,Downey,90241,33.940884,-118.128628
2696-RZVZW,Male,0,1,0,68,United States,California,Downey,90242,33.921793,-118.140588
5766-FTRTS,Male,0,1,0,72,United States,California,El Segundo,90245,33.917145,-118.401554
0396-HUJBP,Female,0,0,0,2,United States,California,Gardena,90247,33.890853,-118.297967
8879-ZKJOF,Female,0,0,0,41,United States,California,Gardena,90249,33.90139,-118.315697
6285-FTQBF,Male,0,1,1,72,United States,California,Hawthorne,90250,33.914775,-118.348083
1474-JUWSM,Female,0,1,0,58,United States,California,Lynwood,90262,33.923573,-118.200669
3530-CRZSB,Female,0,0,0,7,United States,California,Malibu,90263,34.037037,-118.705803
8498-XXGWA,Female,0,1,0,65,United States,California,Malibu,90265,34.074572,-118.831181
9617-INGJY,Male,0,0,0,1,United States,California,Manhattan Beach,90266,33.889632,-118.39737
0621-TSSMU,Male,0,1,0,56,United States,California,Maywood,90270,33.988572,-118.186565
7234-KMNRQ,Male,0,0,0,4,United States,California,Pacific Palisades,90272,34.079449,-118.548306
7636-PEPNS,Female,0,1,1,58,United States,California,Palos Verdes Peninsula,90274,33.788208,-118.404955
4683-WYDOU,Male,0,1,0,62,United States,California,Rancho Palos Verdes,90275,33.753146,-118.367459
9052-DHNKM,Male,0,0,0,26,United States,California,Redondo Beach,90277,33.830453,-118.384565
6794-HKIAJ,Male,0,0,0,62,United States,California,Redondo Beach,90278,33.873395,-118.37019
5578-NKCXI,Female,0,1,1,58,United States,California,South Gate,90280,33.944624,-118.192615
1642-HMARX,Female,0,1,0,68,United States,California,Topanga,90290,34.115192,-118.61017
3096-WPXBT,Female,0,1,1,61,United States,California,Venice,90291,33.991782,-118.479229
8434-PNQZX,Female,0,0,0,42,United States,California,Marina Del Rey,90292,33.977468,-118.445475
5950-AAAGJ,Male,0,0,0,18,United States,California,Playa Del Rey,90293,33.947305,-118.439841
4299-OPXEJ,Female,0,0,0,56,United States,California,Inglewood,90301,33.956445,-118.358634
9618-LFJRU,Female,0,0,0,4,United States,California,Inglewood,90303,33.936291,-118.332639
6693-DJWTY,Female,0,0,1,35,United States,California,Inglewood,90304,33.936827,-118.359824
0744-GKNGE,Female,0,1,1,64,United States,California,Inglewood,90305,33.958134,-118.330905
6447-EGDIV,Female,0,0,0,31,United States,California,Santa Monica,90401,34.015481,-118.493231
1167-OYZJF,Female,1,1,0,67,United States,California,Santa Monica,90402,34.035849,-118.503508
4806-DXQCE,Female,1,1,0,70,United States,California,Santa Monica,90404,34.026334,-118.474222
4854-SSLTN,Male,0,1,1,2,United States,California,Torrance,90502,33.833181,-118.292062
5294-DMSFH,Female,0,1,1,29,United States,California,Torrance,90503,33.840399,-118.353714
4837-PZTIC,Female,0,0,0,47,United States,California,Torrance,90504,33.867257,-118.330794
0603-OLQDC,Male,0,0,1,12,United States,California,Whittier,90601,34.007353,-118.033683
3272-VUHPV,Female,0,1,1,8,United States,California,Whittier,90602,33.972119,-118.020188
4176-FXYBO,Male,0,1,0,54,United States,California,Whittier,90603,33.945318,-117.992066
1063-DHQJF,Male,0,1,1,69,United States,California,Whittier,90604,33.929704,-118.01208
8663-UPDGF,Female,0,0,0,26,United States,California,Whittier,90605,33.960891,-118.032222
6719-FGEDO,Female,0,1,0,72,United States,California,Whittier,90606,33.976678,-118.065875
1837-YQUCE,Female,0,0,0,70,United States,California,Buena Park,90620,33.845706,-118.012204
0369-ZGOVK,Female,0,1,1,28,United States,California,Cypress,90630,33.818477,-118.038307
9919-KNPOO,Female,0,1,0,21,United States,California,La Mirada,90638,33.902045,-118.008961
7872-BAAZR,Female,0,1,1,53,United States,California,Norwalk,90650,33.905963,-118.08263
9391-LMANN,Male,0,0,1,53,United States,California,Pico Rivera,90660,33.989524,-118.089299
8174-TBVCF,Female,0,1,0,70,United States,California,Stanton,90680,33.801869,-117.995068
1698-XFZCI,Male,0,0,0,61,United States,California,Artesia,90701,33.867593,-118.080637
1877-HKBQX,Female,0,0,0,11,United States,California,Cerritos,90703,33.8681,-118.067402
4450-DLLMH,Male,0,0,0,2,United States,California,Avalon,90704,33.391181,-118.421305
0428-AXXLJ,Male,0,0,0,25,United States,California,Bellflower,90706,33.887676,-118.127289
2746-DIJLO,Female,0,0,0,41,United States,California,Harbor City,90710,33.798266,-118.300237
3508-VLHCZ,Female,0,1,1,71,United States,California,Lakewood,90715,33.841027,-118.078097
4086-ATNFV,Female,0,1,1,34,United States,California,Hawaiian Gardens,90716,33.830431,-118.074071
0468-YRPXN,Male,0,0,0,29,United States,California,Lomita,90717,33.794209,-118.317354
5996-NRVXR,Male,1,1,0,40,United States,California,Los Alamitos,90720,33.79499,-118.065591
3739-YBWAB,Male,0,1,0,36,United States,California,Paramount,90723,33.897122,-118.164432
7047-FWEYA,Female,0,1,0,46,United States,California,San Pedro,90731,33.736387,-118.284363
2000-MPKCA,Female,0,0,0,58,United States,California,San Pedro,90732,33.744119,-118.31448
9762-YAQAA,Male,0,0,0,39,United States,California,Seal Beach,90740,33.75462,-118.071128
5473-KHBPS,Female,0,1,1,52,United States,California,Surfside,90743,33.728273,-118.085304
0100-DUVFC,Male,1,1,0,70,United States,California,Wilmington,90744,33.782068,-118.262263
5397-TUPSH,Male,1,1,0,65,United States,California,Carson,90745,33.822295,-118.26411
8950-MTZNV,Male,0,0,0,1,United States,California,Carson,90746,33.859171,-118.252272
0326-VDYXE,Female,0,1,0,70,United States,California,Long Beach,90802,33.752524,-118.210737
6773-LQTVT,Female,1,1,1,29,United States,California,Long Beach,90803,33.760458,-118.129725
0436-TWFFZ,Female,0,0,0,67,United States,California,Long Beach,90805,33.864622,-118.179626
8566-YPRGL,Female,0,0,0,1,United States,California,Long Beach,90806,33.802664,-118.179971
6609-MXJHJ,Female,0,1,1,30,United States,California,Long Beach,90808,33.823943,-118.111335
2669-OIDSD,Female,0,1,0,48,United States,California,Long Beach,90810,33.819814,-118.222416
8400-WZICQ,Female,0,1,1,55,United States,California,Long Beach,90813,33.781086,-118.199049
9576-SYUHJ,Male,0,0,0,37,United States,California,Long Beach,90815,33.797638,-118.11662
0410-IPFTY,Female,0,1,0,31,United States,California,Long Beach,90822,33.778436,-118.118648
2831-EBWRN,Male,0,0,0,4,United States,California,Altadena,91001,34.196837,-118.142236
9430-NKQLY,Male,0,1,1,72,United States,California,Arcadia,91006,34.137319,-118.029837
0247-SLUJI,Male,0,1,1,1,United States,California,Duarte,91010,34.145695,-117.95982
9402-ORRAH,Female,1,0,0,15,United States,California,La Canada Flintridge,91011,34.234912,-118.153729
6483-OATDN,Male,0,1,1,8,United States,California,Monrovia,91016,34.1528,-118.000482
1293-HHSHJ,Female,0,0,0,35,United States,California,Montrose,91020,34.2112,-118.230625
4840-ORQXB,Female,1,0,0,56,United States,California,Sierra Madre,91024,34.168686,-118.057505
3982-DQLUS,Male,1,1,1,65,United States,California,Sunland,91040,34.282704,-118.312929
8610-ZIKJJ,Female,0,1,1,2,United States,California,Tujunga,91042,34.296574,-118.244839
3756-VNWDH,Male,1,1,0,65,United States,California,Pasadena,91101,34.146635,-118.139225
7801-KICAO,Female,0,0,0,18,United States,California,Pasadena,91103,34.167465,-118.165327
7673-LPRNY,Female,0,0,0,23,United States,California,Pasadena,91104,34.165383,-118.123752
6060-QBMGV,Male,0,1,0,70,United States,California,Pasadena,91106,34.139402,-118.128658
7339-POGZN,Female,0,0,0,4,United States,California,Pasadena,91107,34.159007,-118.087353
2828-SLQPF,Male,0,0,0,19,United States,California,San Marino,91108,34.122671,-118.112911
4465-VDKIQ,Female,0,0,0,18,United States,California,Glendale,91201,34.17051,-118.289463
2921-XWDJH,Female,1,1,0,38,United States,California,Glendale,91202,34.167926,-118.267539
2558-BUOZZ,Male,0,0,0,47,United States,California,Glendale,91204,34.136306,-118.26036
9257-AZMTZ,Female,0,1,1,52,United States,California,Glendale,91205,34.13658,-118.245839
0003-MKNFE,Male,0,0,0,9,United States,California,Glendale,91206,34.162515,-118.203869
0975-UYDTX,Female,0,1,0,26,United States,California,Glendale,91207,34.182378,-118.262922
4682-BLBUC,Male,0,1,0,44,United States,California,La Crescenta,91214,34.239636,-118.245259
0975-VOOVL,Female,0,0,0,3,United States,California,Agoura Hills,91301,34.129058,-118.759788
5968-VXZLG,Male,0,0,0,2,United States,California,Calabasas,91302,34.130861,-118.68346
5201-FRKKS,Male,0,0,0,25,United States,California,Winnetka,91306,34.209532,-118.577563
9799-CAYJJ,Female,1,1,0,2,United States,California,West Hills,91307,34.199787,-118.68493
5443-SCMKX,Female,0,1,0,58,United States,California,Newbury Park,91320,34.172071,-118.946262
8295-KMENE,Female,0,1,1,59,United States,California,Newhall,91321,34.370378,-118.504118
6738-ISCBM,Male,0,0,0,44,United States,California,Northridge,91324,34.238208,-118.55029
9821-BESNZ,Male,0,0,0,66,United States,California,Northridge,91325,34.236683,-118.517588
3678-MNGZX,Male,0,1,1,68,United States,California,Porter Ranch,91326,34.281911,-118.556218
1335-NTIUC,Male,0,0,0,9,United States,California,Pacoima,91331,34.255442,-118.421314
2916-BQZLN,Male,0,0,0,19,United States,California,Reseda,91335,34.200175,-118.540958
4558-CGYCZ,Male,0,0,0,4,United States,California,San Fernando,91340,34.286131,-118.435969
2368-GAKKQ,Female,0,0,0,70,United States,California,Sylmar,91342,34.321621,-118.399841
8710-YGLWG,Male,0,0,0,1,United States,California,North Hills,91343,34.238802,-118.482296
3199-XGZCY,Female,0,0,0,8,United States,California,Granada Hills,91344,34.291273,-118.505104
3785-KTYSH,Male,0,0,0,53,United States,California,Mission Hills,91345,34.266389,-118.459744
6814-ZPWFQ,Male,1,0,0,51,United States,California,Santa Clarita,91350,34.502432,-118.41459
4063-EIKNQ,Male,0,1,1,11,United States,California,Canyon Country,91351,34.422519,-118.420717
6993-YCOBK,Male,0,1,1,60,United States,California,Sun Valley,91352,34.231053,-118.338307
5206-HPJKM,Male,0,0,0,17,United States,California,Valencia,91354,34.457005,-118.573726
8393-JMVMB,Male,0,0,0,1,United States,California,Thousand Oaks,91360,34.214054,-118.88109
5019-GQVCR,Male,1,0,0,43,United States,California,Westlake Village,91361,34.130992,-118.894673
6036-TTFYU,Female,0,1,0,16,United States,California,Thousand Oaks,91362,34.191842,-118.822796
2550-AEVRU,Female,0,1,1,57,United States,California,Woodland Hills,91364,34.153733,-118.593408
0969-RGKCU,Male,0,1,1,37,United States,California,Woodland Hills,91367,34.178068,-118.615714
0378-CJKPV,Female,0,1,0,72,United States,California,Oak Park,91377,34.19225,-118.776874
2880-FPNAE,Male,1,1,0,2,United States,California,Van Nuys,91405,34.202494,-118.448048
1703-MGIAB,Female,0,0,0,17,United States,California,Van Nuys,91406,34.195685,-118.490752
4311-QTTAI,Female,0,0,0,16,United States,California,Van Nuys,91411,34.17847,-118.459472
4318-RAJVY,Female,0,0,0,10,United States,California,Encino,91436,34.152875,-118.486056
3612-YUNGG,Male,0,1,1,64,United States,California,Burbank,91502,34.177267,-118.31003
2254-DLXRI,Female,0,0,0,1,United States,California,Burbank,91504,34.213049,-118.317651
5062-CJJKH,Male,0,1,1,25,United States,California,Burbank,91505,34.174215,-118.345928
9028-LIHRP,Male,0,1,1,71,United States,California,Burbank,91506,34.169706,-118.323548
1053-MXTTK,Female,0,1,1,72,United States,California,North Hollywood,91602,34.15136,-118.364786
1530-ZTDOZ,Female,0,1,0,49,United States,California,Studio City,91604,34.139082,-118.39275
1301-LOPVR,Male,0,1,1,29,United States,California,North Hollywood,91605,34.207295,-118.400022
0853-TWRVK,Male,0,1,0,72,United States,California,North Hollywood,91606,34.187599,-118.387125
6212-ATMLK,Female,0,0,0,50,United States,California,Rancho Cucamonga,91701,34.132275,-117.611478
8200-LGKSR,Male,0,1,0,71,United States,California,Azusa,91702,34.174493,-117.87068
1568-BEKZM,Male,1,1,0,70,United States,California,Baldwin Park,91706,34.098275,-117.967399
0670-ANMUU,Male,0,0,0,71,United States,California,Chino Hills,91709,33.942895,-117.725644
6897-RWMUB,Male,0,1,1,61,United States,California,Chino,91710,33.990646,-117.663025
6999-CHVCF,Male,0,0,0,68,United States,California,Covina,91723,34.084747,-117.886844
6134-KWTBV,Male,0,0,0,62,United States,California,Covina,91724,34.08111,-117.853935
1077-HUUJM,Female,0,0,1,7,United States,California,Rancho Cucamonga,91730,34.10097,-117.57882
0895-LNKRC,Male,0,1,1,6,United States,California,El Monte,91732,34.074492,-118.01462
2045-BMBTJ,Female,1,0,0,33,United States,California,South El Monte,91733,34.04622,-118.053753
8417-GSODA,Male,0,1,1,28,United States,California,Rancho Cucamonga,91737,34.245289,-117.642503
5171-EPLKN,Male,0,0,0,27,United States,California,Rancho Cucamonga,91739,34.133809,-117.523724
4452-QIIEB,Male,0,0,0,7,United States,California,Glendora,91740,34.119363,-117.855059
6741-EGCBI,Male,1,0,0,30,United States,California,Hacienda Heights,91745,33.998471,-117.973758
7820-ZYGNY,Male,0,0,0,63,United States,California,La Puente,91746,34.038983,-117.991372
9677-AVKED,Female,0,0,1,53,United States,California,La Verne,91750,34.144703,-117.770299
2227-JRSJX,Female,0,0,0,21,United States,California,Monterey Park,91754,34.050322,-118.147037
9847-HNVGP,Male,0,0,0,17,United States,California,Monterey Park,91755,34.049172,-118.115022
6696-YDAYZ,Male,0,1,1,16,United States,California,Mt Baldy,91759,34.231318,-117.662032
8980-WQFWL,Female,0,0,0,35,United States,California,Ontario,91761,34.035602,-117.591528
1730-ZMAME,Female,1,0,0,32,United States,California,Ontario,91762,34.057256,-117.667677
6506-EYCNH,Female,0,1,1,28,United States,California,Montclair,91763,34.072121,-117.698319
4634-JLRJT,Female,0,0,0,1,United States,California,Ontario,91764,34.074087,-117.605618
9501-UKKNL,Male,0,0,0,59,United States,California,Diamond Bar,91765,33.992416,-117.807874
2560-QTSBS,Female,0,1,1,72,United States,California,Pomona,91766,34.042286,-117.756106
4795-WRNVT,Female,0,0,0,40,United States,California,Pomona,91768,34.067932,-117.785168
6080-TCMYC,Male,0,1,1,40,United States,California,Rosemead,91770,34.065108,-118.082791
7860-UXCRM,Male,0,1,1,63,United States,California,San Gabriel,91775,34.114772,-118.089431
6357-JJPQT,Female,0,0,0,3,United States,California,San Gabriel,91776,34.089927,-118.095645
2292-XQWSV,Male,0,1,1,40,United States,California,Temple City,91780,34.101608,-118.055848
9552-TGUZV,Male,0,1,0,8,United States,California,Upland,91784,34.141146,-117.655583
5913-INRQV,Male,1,1,0,34,United States,California,Upland,91786,34.105493,-117.660934
9643-YBLUR,Male,0,1,0,9,United States,California,West Covina,91791,34.061634,-117.893169
8734-FNWVH,Male,0,1,1,31,United States,California,West Covina,91792,34.024405,-117.898722
9447-YPTBX,Female,0,1,0,50,United States,California,Alhambra,91801,34.090925,-118.128164
9026-LHEVG,Female,0,0,0,9,United States,California,Boulevard,91905,32.677097,-116.304991
7011-CVEUC,Male,0,1,0,25,United States,California,Chula Vista,91911,32.607964,-117.059459
6185-TASNN,Male,1,0,0,1,United States,California,Chula Vista,91913,32.64164,-116.985026
7925-PNRGI,Female,0,1,1,45,United States,California,Chula Vista,91914,32.688506,-116.938632
1552-CZCLL,Female,0,1,1,55,United States,California,Descanso,91916,32.912664,-116.635387
3038-PQIUY,Female,0,0,0,38,United States,California,Dulzura,91917,32.622999,-116.687855
9313-CDOGY,Male,0,1,1,38,United States,California,Imperial Beach,91932,32.579134,-117.119009
8148-BPLZQ,Male,0,0,0,34,United States,California,Jacumba,91934,32.649787,-116.2237
2623-DRYAM,Female,0,1,0,70,United States,California,Jamul,91935,32.695681,-116.798386
9987-LUTYD,Female,0,0,0,13,United States,California,La Mesa,91941,32.759327,-116.99726
4488-KQFDT,Female,0,0,0,61,United States,California,Lemon Grove,91945,32.733564,-117.033713
5693-PIPCS,Male,0,0,0,41,United States,California,National City,91950,32.67102,-117.095235
0491-KAPQG,Male,0,0,0,21,United States,California,Pine Valley,91962,32.800671,-116.483363
1925-LFCZZ,Male,1,0,0,55,United States,California,Potrero,91963,32.619465,-116.593605
8039-EQPIM,Male,0,1,0,69,United States,California,Spring Valley,91977,32.726627,-116.994608
8707-RMEZH,Female,1,1,0,69,United States,California,Tecate,91980,32.587557,-116.636816
3209-ZPKFI,Male,0,1,1,47,United States,California,Borrego Springs,92004,33.200369,-116.192313
6479-VDGRK,Female,0,1,1,72,United States,California,Cardiff By The Sea,92007,33.015866,-117.272254
9373-WSLOY,Male,1,1,0,33,United States,California,Carlsbad,92008,33.148116,-117.306043
3569-JFODW,Female,0,1,1,72,United States,California,Del Mar,92014,32.948262,-117.256086
9819-FBNSV,Male,1,1,0,37,United States,California,El Cajon,92019,32.785165,-116.862648
9544-PYPSJ,Female,1,1,1,62,United States,California,El Cajon,92020,32.79697,-116.969082
1591-XWLGB,Female,0,1,0,71,United States,California,El Cajon,92021,32.832706,-116.873258
0396-UKGAI,Male,0,0,1,23,United States,California,Encinitas,92024,33.054579,-117.25665
3243-ZHOHY,Female,0,0,0,16,United States,California,Escondido,92025,33.081478,-117.033814
5186-EJEGL,Male,0,0,0,9,United States,California,Escondido,92026,33.21846,-117.116916
7527-QNRUS,Male,0,1,1,17,United States,California,Escondido,92027,33.141265,-116.967221
2203-GHNWN,Female,0,1,0,24,United States,California,Julian,92036,32.980678,-116.262854
3878-AVSOQ,Female,1,0,0,1,United States,California,La Jolla,92037,32.853743,-117.25034
3258-SYSWS,Male,1,0,0,72,United States,California,Lakeside,92040,32.909873,-116.906774
5296-PSYVW,Female,0,1,0,72,United States,California,Oceanside,92054,33.351059,-117.420557
6319-QSUSR,Female,0,0,1,11,United States,California,Oceanside,92056,33.194742,-117.29032
0512-FLFDW,Female,1,1,0,60,United States,California,Palomar Mountain,92060,33.309852,-116.823091
0487-CRLZF,Female,0,0,0,49,United States,California,Poway,92064,32.984395,-117.013454
2107-FBPTK,Female,1,0,0,30,United States,California,Ramona,92065,33.044541,-116.833922
9451-WLYRI,Female,0,1,0,53,United States,California,Ranchita,92066,33.215251,-116.53633
8219-VYBVI,Male,0,0,1,39,United States,California,Rancho Santa Fe,92067,33.012751,-117.200617
1991-VOPLL,Female,0,0,0,9,United States,California,San Marcos,92069,33.162624,-117.170863
9738-QLWTP,Male,0,0,0,39,United States,California,Santa Ysabel,92070,33.174725,-116.743329
1016-DJTSV,Male,1,0,0,8,United States,California,Santee,92071,32.847336,-116.997605
9419-IPPBE,Female,0,1,1,51,United States,California,Solana Beach,92075,33.001813,-117.263628
0174-QRVVY,Male,0,1,1,71,United States,California,San Marcos,92078,33.119028,-117.166036
5699-BNCAS,Male,1,0,0,71,United States,California,Valley Center,92082,33.25283,-116.986079
2900-PHPLN,Female,1,1,0,70,United States,California,Vista,92083,33.17494,-117.242761
8106-GWQOK,Male,0,1,0,38,United States,California,Warner Springs,92086,33.323705,-116.626907
8751-EDEKA,Female,0,1,0,28,United States,California,Rancho Santa Fe,92091,32.99356,-117.207121
6878-GGDWG,Female,0,1,0,32,United States,California,San Diego,92101,32.72523,-117.171346
4039-PIMHX,Male,1,1,0,49,United States,California,San Diego,92102,32.716007,-117.117462
8450-LUGUK,Female,0,1,1,37,United States,California,San Diego,92103,32.747484,-117.166877
3604-WLABM,Female,0,0,0,10,United States,California,San Diego,92104,32.741499,-117.127409
0795-GMVQO,Male,0,1,0,67,United States,California,San Diego,92105,32.741859,-117.090353
2259-OUUSZ,Male,0,0,0,7,United States,California,San Diego,92106,32.71346,-117.236378
1142-IHLOO,Female,0,0,0,51,United States,California,San Diego,92107,32.741852,-117.243453
4633-MKHYU,Female,0,0,0,9,United States,California,San Diego,92109,32.787836,-117.232376
6257-RJOHI,Male,0,0,0,4,United States,California,San Diego,92110,32.76501,-117.19938
1545-JFUML,Male,0,1,0,71,United States,California,San Diego,92111,32.805518,-117.169052
7826-VVKWT,Female,1,1,1,24,United States,California,San Diego,92114,32.707892,-117.05512
1353-GHZOS,Male,0,1,0,22,United States,California,San Diego,92115,32.762506,-117.07245
2587-EKXTS,Male,0,0,0,44,United States,California,San Diego,92116,32.765299,-117.122565
5442-BXVND,Female,0,1,1,33,United States,California,San Diego,92117,32.825086,-117.199424
9753-OYLBX,Female,0,0,0,1,United States,California,San Diego,92122,32.85723,-117.209774
2364-UFROM,Male,0,0,0,30,United States,California,San Diego,92123,32.808814,-117.134694
6656-JWRQX,Female,0,0,0,1,United States,California,San Diego,92124,32.827238,-117.089287
6473-ULUHT,Male,0,1,1,16,United States,California,San Diego,92126,32.886925,-117.152162
7688-AWMDX,Male,0,1,0,71,United States,California,San Diego,92131,32.89325,-117.087091
2842-BCQGE,Male,0,0,0,43,United States,California,San Diego,92139,32.677716,-117.047666
7244-QWYHG,Male,0,1,0,50,United States,California,San Diego,92154,32.578103,-117.012975
5312-UXESG,Female,0,0,0,41,United States,California,Indio,92203,33.752938,-116.230055
2150-WLKUW,Female,0,1,0,40,United States,California,Banning,92220,33.936298,-116.849577
7159-FVYPK,Female,0,1,1,3,United States,California,Beaumont,92223,33.946982,-116.977672
7032-LMBHI,Female,0,0,0,37,United States,California,Blythe,92225,33.674583,-114.71612
6088-BXMRG,Female,0,1,1,32,United States,California,Cabazon,92230,33.929812,-116.76058
4821-SJHJV,Female,0,1,1,32,United States,California,Calipatria,92233,33.143826,-115.497485
7346-MEDWM,Female,0,0,0,59,United States,California,Cathedral City,92234,33.829583,-116.474131
1137-DGOWI,Female,0,1,0,30,United States,California,Coachella,92236,33.680031,-116.171678
3812-LRZIR,Female,0,1,1,27,United States,California,Desert Hot Springs,92240,33.948558,-116.516976
9483-GCPWE,Male,0,0,1,9,United States,California,Earp,92242,34.137742,-114.36514
4227-OJHAL,Female,0,1,1,68,United States,California,El Centro,92243,32.770393,-115.60915
9220-CXRSC,Female,0,1,1,69,United States,California,Heber,92249,32.730583,-115.501083
4993-JCRGJ,Male,0,0,0,26,United States,California,Holtville,92250,32.811001,-115.152865
9537-JALFH,Male,0,1,1,69,United States,California,Imperial,92251,32.858595,-115.662709
6698-OXETB,Male,0,0,0,11,United States,California,Joshua Tree,92252,34.167236,-116.281511
2103-ZRXFN,Male,0,0,0,1,United States,California,La Quinta,92253,33.695532,-116.310571
3724-BSCVH,Male,0,1,1,10,United States,California,Mecca,92254,33.543835,-115.993906
4877-TSOFF,Female,0,1,1,55,United States,California,Morongo Valley,92256,34.097863,-116.594561
9209-NWPGU,Male,0,0,0,44,United States,California,Niland,92257,33.345825,-115.596574
7306-YDSOI,Male,0,1,1,69,United States,California,Ocotillo,92259,32.698964,-115.886656
5288-AHOUP,Male,1,0,0,11,United States,California,Palm Desert,92260,33.694501,-116.412711
0655-YDGFJ,Male,0,0,0,29,United States,California,Palm Springs,92264,33.745746,-116.514215
8468-EHYJA,Female,0,1,0,57,United States,California,Palo Verde,92266,33.3249,-114.758334
6823-SIDFQ,Male,0,0,0,28,United States,California,Parker Dam,92267,34.273872,-114.192901
1097-FSPVW,Female,0,0,0,42,United States,California,Pioneertown,92268,34.201108,-116.593456
8328-SKJNO,Male,0,0,1,23,United States,California,Seeley,92273,32.790282,-115.689559
7010-ZMVBF,Female,0,1,1,18,United States,California,Thermal,92274,33.53604,-116.119222
5201-CBWYG,Male,0,1,1,62,United States,California,Salton City,92275,33.28156,-115.955541
6352-GIGGQ,Male,0,0,0,67,United States,California,Vidal,92280,34.264124,-114.717964
3635-QQRQD,Male,0,0,0,62,United States,California,Westmorland,92281,33.03679,-115.60503
2897-DOVND,Male,0,0,0,2,United States,California,Winterhaven,92283,32.852947,-114.850784
3082-YVEKW,Female,0,1,1,23,United States,California,Yucca Valley,92284,34.159534,-116.425984
0191-EQUUH,Female,0,0,1,25,United States,California,Landers,92285,34.341737,-116.539416
7134-HBPBS,Female,1,0,0,72,United States,California,Adelanto,92301,34.667815,-117.536183
3489-HHPFY,Female,0,1,0,2,United States,California,Amboy,92304,34.559882,-115.637164
2926-JEJJC,Female,0,0,0,8,United States,California,Angelus Oaks,92305,34.1678,-116.86433
4950-BDEUX,Male,0,0,0,35,United States,California,Apple Valley,92308,34.424926,-117.184503
5789-LDFXO,Male,0,0,0,24,United States,California,Baker,92309,35.28952,-116.092214
0508-OOLTO,Female,0,1,1,2,United States,California,Fort Irwin,92310,35.349241,-116.770281
2984-TBYKU,Male,0,1,1,72,United States,California,Barstow,92311,34.965648,-117.001509
9822-WMWVG,Female,0,0,0,41,United States,California,Grand Terrace,92313,34.029175,-117.307211
9040-KZVWO,Male,0,0,0,26,United States,California,Big Bear Lake,92315,34.242058,-116.89802
1548-ARAGG,Female,0,1,1,4,United States,California,Cedar Glen,92321,34.255203,-117.175654
6339-RZCBJ,Male,0,0,0,48,United States,California,Colton,92324,34.030915,-117.273201
4415-WNGVR,Female,1,1,0,12,United States,California,Daggett,92327,34.875144,-116.821698
2522-AHJXR,Male,0,1,0,60,United States,California,Death Valley,92328,36.27688,-117.033326
0412-UCCNP,Male,0,0,0,55,United States,California,Essex,92332,34.9436,-115.287901
1816-FLZDK,Male,0,0,0,1,United States,California,Fawnskin,92333,34.274846,-116.937581
7096-UCLNH,Male,0,0,0,1,United States,California,Fontana,92335,34.087558,-117.464096
4615-PIVVU,Female,0,0,0,42,United States,California,Ludlow,92338,34.702766,-116.093376
8885-QSQBX,Female,0,0,0,1,United States,California,Forest Falls,92339,34.067699,-116.903891
8617-ENBDS,Male,0,0,0,3,United States,California,Helendale,92342,34.757783,-117.33997
9385-NXKDA,Female,0,1,0,72,United States,California,Hesperia,92345,34.361387,-117.337509
0430-IHCDJ,Male,0,0,0,15,United States,California,Highland,92346,34.129677,-117.154277
6674-KVJHG,Female,0,0,0,11,United States,California,Lake Arrowhead,92352,34.2565,-117.19335
1814-DKOLC,Female,0,0,0,5,United States,California,Loma Linda,92354,34.049315,-117.255974
9351-HXDMR,Male,0,1,0,72,United States,California,Lytle Creek,92358,34.238162,-117.534306
3537-HPKQT,Female,0,1,0,55,United States,California,Mentone,92359,34.103578,-117.04054
2129-ALKBS,Female,0,1,1,40,United States,California,Needles,92363,34.711224,-114.702256
5821-MMEIL,Female,0,1,0,57,United States,California,Nipton,92364,35.478736,-115.516984
1309-XGFSN,Male,1,1,1,52,United States,California,Pinon Hills,92372,34.459322,-117.629729
6968-URWQU,Male,0,1,0,43,United States,California,Redlands,92374,34.064073,-117.166158
4742-TXUEX,Female,0,1,1,47,United States,California,Rialto,92376,34.109775,-117.378904
9631-XEYKE,Male,0,0,0,3,United States,California,Rialto,92377,34.156758,-117.404686
1335-MXCSE,Male,0,1,1,55,United States,California,Shoshone,92384,35.924252,-116.188668
8873-TMKGR,Male,0,0,0,29,United States,California,Sugarloaf,92386,34.243088,-116.830015
8800-JOOCF,Female,0,0,1,12,United States,California,Tecopa,92389,35.824572,-116.274755
1469-LBJQJ,Female,0,1,0,66,United States,California,Victorville,92392,34.486835,-117.362274
0064-YIJGF,Male,0,1,1,27,United States,California,Yermo,92398,35.013299,-116.834092
2386-OWURY,Female,0,0,0,58,United States,California,Yucaipa,92399,34.04597,-117.011825
0310-VQXAM,Male,0,0,0,9,United States,California,San Bernardino,92404,34.183286,-117.221722
3453-RTHJQ,Male,0,0,0,6,United States,California,San Bernardino,92407,34.250069,-117.393949
6278-FEPBZ,Female,0,0,0,9,United States,California,San Bernardino,92410,34.106922,-117.297553
4280-DLSHD,Male,0,1,0,8,United States,California,San Bernardino,92411,34.122501,-117.320138
1508-DFXCU,Male,0,0,0,12,United States,California,Riverside,92501,33.994676,-117.372498
7868-BGSZA,Male,0,1,0,43,United States,California,Riverside,92504,33.9108,-117.398153
2800-QQUSO,Male,0,0,0,42,United States,California,Riverside,92505,33.920907,-117.489426
7973-DZRKH,Female,0,0,1,66,United States,California,Riverside,92507,33.976328,-117.319786
7698-YFGEZ,Male,0,0,0,1,United States,California,Riverside,92509,34.004379,-117.447864
9773-PEQBZ,Male,0,0,0,10,United States,California,Lake Elsinore,92530,33.655421,-117.391751
0650-BWOZN,Female,1,0,0,18,United States,California,Aguanga,92536,33.482243,-116.827173
7785-RDVIG,Female,0,1,1,3,United States,California,Hemet,92543,33.739415,-116.968339
9602-WCXPI,Male,0,0,0,50,United States,California,Hemet,92544,33.644585,-116.871544
2903-YYTBW,Male,0,1,1,1,United States,California,Hemet,92545,33.734933,-117.044145
3620-MWJNE,Male,0,0,0,2,United States,California,Homeland,92548,33.761894,-117.120868
8573-JGCZW,Male,0,0,0,17,United States,California,Idyllwild,92549,33.755039,-116.741796
6837-HAEVO,Male,0,1,1,69,United States,California,Moreno Valley,92551,33.88274,-117.224878
6701-YVNQG,Male,0,1,0,72,United States,California,Moreno Valley,92553,33.923149,-117.244933
4304-XUMGI,Male,1,1,1,50,United States,California,Moreno Valley,92557,33.970661,-117.255039
9504-YAZWB,Female,0,0,0,53,United States,California,Mountain Center,92561,33.638645,-116.55783
8819-ZBYNA,Female,0,1,0,58,United States,California,Murrieta,92562,33.548869,-117.334165
6174-NRBTZ,Male,0,0,0,46,United States,California,Murrieta,92563,33.581045,-117.14719
9481-IEBZY,Male,1,1,0,72,United States,California,Nuevo,92567,33.82769,-117.102244
6137-NICCO,Female,0,1,1,6,United States,California,Perris,92571,33.828289,-117.201666
9065-ZCPQX,Male,0,1,0,72,United States,California,San Jacinto,92582,33.806708,-117.02007
6402-EJMWF,Male,0,0,0,4,United States,California,San Jacinto,92583,33.796568,-116.924723
3620-EHIMZ,Female,0,1,1,52,United States,California,Menifee,92584,33.653338,-117.178271
6870-ECSHE,Female,0,0,0,2,United States,California,Sun City,92586,33.707483,-117.200006
8747-UDCOI,Female,0,1,0,65,United States,California,Sun City,92587,33.69887,-117.25071
4626-OZDTJ,Female,0,1,0,51,United States,California,Wildomar,92595,33.617108,-117.253349
9169-BSVIN,Male,0,0,0,12,United States,California,Winchester,92596,33.657433,-117.04254
8194-PEEBY,Female,0,1,1,24,United States,California,Irvine,92604,33.688546,-117.788091
6872-HXFNF,Female,0,1,0,64,United States,California,Irvine,92606,33.703976,-117.824172
7714-YXSMB,Female,0,0,0,26,United States,California,Irvine,92612,33.643095,-117.810896
8387-UGUSU,Female,0,1,1,15,United States,California,Irvine,92614,33.680302,-117.833296
1080-BWSYE,Male,1,1,0,64,United States,California,Irvine,92618,33.667145,-117.732135
1194-HVAIF,Female,0,1,0,27,United States,California,Capistrano Beach,92624,33.458754,-117.665104
1767-TGTKO,Female,0,1,1,8,United States,California,Dana Point,92629,33.477923,-117.705314
8439-LTUGF,Male,0,0,0,10,United States,California,Lake Forest,92630,33.644849,-117.684254
8805-JNRAZ,Female,0,0,0,2,United States,California,Huntington Beach,92646,33.666301,-117.969501
6418-HNFED,Male,0,1,0,51,United States,California,Huntington Beach,92648,33.679659,-118.016195
0206-OYVOC,Female,0,1,1,46,United States,California,Huntington Beach,92649,33.721917,-118.043237
7291-CDTMJ,Male,0,0,0,1,United States,California,Laguna Beach,92651,33.570023,-117.773669
7128-GGCNO,Male,0,0,0,46,United States,California,Laguna Hills,92653,33.606899,-117.717854
0237-YFUTL,Female,0,1,0,50,United States,California,Midway City,92655,33.744439,-117.98588
7691-KGKGP,Male,0,1,1,53,United States,California,Aliso Viejo,92656,33.571259,-117.731917
6710-HSJRD,Male,0,1,0,61,United States,California,Newport Coast,92657,33.603282,-117.821841
3675-EQOZA,Male,0,0,0,5,United States,California,Newport Beach,92660,33.634626,-117.874882
0840-DCNZE,Male,0,0,0,47,United States,California,Newport Beach,92661,33.601309,-117.902304
1732-FEKLD,Female,0,0,0,54,United States,California,Newport Beach,92662,33.606336,-117.893042
9862-KJTYK,Male,0,0,1,19,United States,California,Newport Beach,92663,33.62251,-117.927024
0479-HMSWA,Female,0,0,1,26,United States,California,San Clemente,92672,33.429488,-117.609432
5854-KSRBJ,Male,0,1,1,70,United States,California,San Clemente,92673,33.4725,-117.584273
0365-BZUWY,Male,0,1,0,17,United States,California,San Juan Capistrano,92675,33.521447,-117.602555
5701-SVCWR,Female,0,0,1,1,United States,California,Laguna Niguel,92677,33.529047,-117.701175
3129-AAQOU,Female,0,1,1,19,United States,California,Trabuco Canyon,92679,33.631119,-117.567346
4922-CVPDX,Female,0,1,0,26,United States,California,Westminster,92683,33.752591,-117.993661
1357-BIJKI,Male,0,1,0,50,United States,California,Mission Viejo,92691,33.611945,-117.665867
1099-BTKWT,Female,0,1,0,68,United States,California,Mission Viejo,92692,33.60693,-117.644253
2018-PZKMU,Male,0,1,1,9,United States,California,Santa Ana,92701,33.748478,-117.858918
7340-KEFQE,Female,0,1,1,51,United States,California,Santa Ana,92703,33.748635,-117.906125
4570-QHXHL,Female,0,0,0,9,United States,California,Santa Ana,92704,33.719869,-117.907063
7392-YYPYJ,Male,0,0,0,22,United States,California,Santa Ana,92706,33.765893,-117.881533
2223-GDSHL,Male,0,1,1,71,United States,California,Fountain Valley,92708,33.712036,-117.950113
9470-RTWDV,Male,0,1,1,26,United States,California,Tustin,92782,33.738543,-117.785046
2176-OSJUV,Male,0,1,0,71,United States,California,Anaheim,92801,33.844983,-117.952151
9348-YVOMK,Male,0,0,0,4,United States,California,Anaheim,92802,33.807864,-117.923782
8104-OSKWT,Female,0,0,0,12,United States,California,Anaheim,92804,33.818,-117.974404
4521-YEEHE,Female,0,1,0,18,United States,California,Anaheim,92805,33.830209,-117.906099
4090-KPJIP,Female,0,0,0,3,United States,California,Anaheim,92806,33.83796,-117.870494
3786-WOVKF,Female,1,1,0,72,United States,California,Anaheim,92807,33.848733,-117.788357
2592-HODOV,Male,0,0,0,13,United States,California,Brea,92823,33.924143,-117.79387
7995-ZHHNZ,Male,0,1,0,42,United States,California,Fullerton,92832,33.868316,-117.929029
3824-RHKVR,Female,0,0,0,17,United States,California,Fullerton,92833,33.877639,-117.961212
5816-SCGFC,Female,1,0,0,7,United States,California,Fullerton,92835,33.902211,-117.914922
5989-AXPUC,Female,0,1,0,68,United States,California,Garden Grove,92840,33.787165,-117.931889
4979-HPRFL,Male,0,1,1,56,United States,California,Garden Grove,92841,33.786738,-117.982564
8590-OHDIW,Female,0,1,1,38,United States,California,Garden Grove,92843,33.764018,-117.931507
8015-IHCGW,Female,0,1,1,72,United States,California,Garden Grove,92844,33.766476,-117.969795
2332-TODQS,Female,0,0,0,48,United States,California,Garden Grove,92845,33.782955,-118.026456
9278-VZKCD,Female,1,1,0,52,United States,California,Norco,92860,33.925833,-117.559639
8008-OTEZX,Female,0,1,1,35,United States,California,Villa Park,92861,33.817473,-117.810462
2773-OVBPK,Male,0,1,0,67,United States,California,Orange,92865,33.828779,-117.848299
5999-LCXAO,Female,0,0,0,1,United States,California,Orange,92866,33.784597,-117.844535
5206-XZZQI,Male,0,0,0,53,United States,California,Orange,92867,33.81859,-117.821288
4803-LBYPN,Male,0,1,1,34,United States,California,Orange,92868,33.787796,-117.875928
2139-FQHLM,Male,0,0,0,19,United States,California,Corona,92879,33.893823,-117.531446
8261-GWDBQ,Female,1,1,0,60,United States,California,Corona,92880,33.918043,-117.617809
1093-YSWCA,Male,0,0,0,11,United States,California,Corona,92881,33.833686,-117.513063
3882-IYOIJ,Female,0,1,1,60,United States,California,Yorba Linda,92886,33.897253,-117.792202
8749-TZYEC,Male,0,1,0,72,United States,California,Yorba Linda,92887,33.884073,-117.732197
1755-FZQEC,Male,0,0,0,39,United States,California,Ventura,93001,34.360261,-119.306383
3115-JPJDD,Female,0,1,0,59,United States,California,Ventura,93003,34.279221,-119.221437
5600-KTXFM,Male,0,1,1,2,United States,California,Ventura,93004,34.278697,-119.167798
6339-TBELP,Male,0,0,0,71,United States,California,Fillmore,93015,34.408161,-118.865111
7964-YESJC,Female,0,1,0,24,United States,California,Moorpark,93021,34.312945,-118.858169
6173-GOLSU,Male,1,1,0,67,United States,California,Oak View,93022,34.404544,-119.302118
9938-ZREHM,Female,0,1,0,37,United States,California,Oxnard,93033,34.156629,-119.117218
7950-XWOVN,Male,0,0,0,11,United States,California,Oxnard,93035,34.18454,-119.224666
4647-MUZON,Female,0,1,0,18,United States,California,Port Hueneme,93041,34.110124,-119.100972
9702-AIUJO,Male,0,1,1,50,United States,California,Santa Paula,93060,34.402343,-119.094824
8849-PRIQJ,Female,0,1,1,67,United States,California,Simi Valley,93063,34.296813,-118.685703
8851-RAGOV,Female,0,1,0,25,United States,California,Simi Valley,93065,34.269449,-118.768471
5396-IZEPB,Male,0,0,0,9,United States,California,Summerland,93067,34.420998,-119.60137
1729-VLAZJ,Female,0,0,1,10,United States,California,Santa Barbara,93101,34.419203,-119.710008
8285-ABVLB,Female,0,1,0,70,United States,California,Santa Barbara,93103,34.438581,-119.685368
0701-TJSEF,Male,0,0,0,9,United States,California,Santa Barbara,93105,34.037342,-119.80079
5712-VBOXD,Female,0,0,0,4,United States,California,Santa Barbara,93108,34.457541,-119.631072
6629-LADHQ,Female,0,0,0,2,United States,California,Santa Barbara,93109,34.406256,-119.726936
1559-DTODC,Male,0,0,0,19,United States,California,Santa Barbara,93111,34.460197,-119.802602
4797-MIWUM,Male,0,1,1,7,United States,California,Goleta,93117,34.489983,-120.091246
8720-RQSBJ,Male,1,0,0,1,United States,California,Armona,93202,36.315979,-119.710852
4537-CIBHB,Female,0,1,1,9,United States,California,Arvin,93203,35.116307,-118.817644
4324-AHJKS,Female,0,0,0,5,United States,California,Buttonwillow,93206,35.451402,-119.488413
4355-CVPVS,Female,0,1,1,56,United States,California,California Hot Springs,93207,35.865795,-118.69759
4495-LHSSK,Female,0,0,1,18,United States,California,Camp Nelson,93208,36.057458,-118.591951
5915-ANOEI,Male,0,1,0,70,United States,California,Corcoran,93212,36.04533,-119.532424
9861-PDSZP,Female,0,0,0,72,United States,California,Delano,93215,35.772244,-119.209689
7225-CBZPL,Male,1,1,0,17,United States,California,Earlimart,93219,35.858054,-119.305858
6704-UTUKK,Male,0,1,0,29,United States,California,Exeter,93221,36.301689,-119.018233
2019-HDCZY,Male,0,1,0,63,United States,California,Farmersville,93223,36.29878,-119.201028
8788-DOXSU,Male,0,0,0,59,United States,California,Frazier Park,93225,34.827662,-118.999073
7404-JLKQG,Female,0,0,0,3,United States,California,Glennville,93226,35.735694,-118.738483
7421-ZLUPA,Female,0,0,0,8,United States,California,Hanford,93230,36.29223,-119.622676
3274-NSDWE,Female,0,0,0,68,United States,California,Ivanhoe,93235,36.385818,-119.224243
2632-IVXVF,Female,0,1,1,68,United States,California,Kernville,93238,35.852892,-118.397782
3692-JHONH,Female,1,1,0,52,United States,California,Kettleman City,93239,35.996923,-120.000951
8915-NNTRC,Male,0,1,1,72,United States,California,Lake Isabella,93240,35.607875,-118.466318
5914-GXMDA,Female,0,1,0,32,United States,California,Lamont,93241,35.245035,-118.905553
7463-IFMQU,Female,0,1,0,72,United States,California,Laton,93242,36.444232,-119.718285
2920-RNCEZ,Male,0,1,1,1,United States,California,Lebec,93243,34.845861,-118.885163
2541-YGPKE,Male,0,1,1,42,United States,California,Lemon Cove,93244,36.462671,-118.997291
5382-TEMLV,Male,0,0,0,45,United States,California,Lindsay,93247,36.205465,-119.085807
3441-CGZJH,Female,0,1,1,43,United States,California,Lost Hills,93249,35.637715,-119.893068
9592-ERDKV,Male,0,1,0,37,United States,California,Mc Farland,93250,35.666886,-119.186717
4778-IZARL,Male,0,1,0,63,United States,California,New Cuyama,93254,34.956577,-119.750142
0432-CAJZV,Male,0,0,0,3,United States,California,Onyx,93255,35.676978,-118.101378
7008-LZVOZ,Male,0,1,1,66,United States,California,Pixley,93256,35.957019,-119.330928
1200-TUZHR,Female,1,0,0,8,United States,California,Posey,93260,35.861928,-118.636698
9365-CSLBQ,Male,0,0,1,71,United States,California,Richgrove,93261,35.809921,-119.127437
5884-FBCTL,Female,0,1,1,72,United States,California,Shafter,93263,35.490705,-119.286833
7130-CTCUS,Male,1,1,0,16,United States,California,Springville,93265,36.245926,-118.693138
6242-FEGFD,Male,0,1,0,66,United States,California,Stratford,93266,36.175255,-119.813805
6194-HBGQN,Male,0,0,0,51,United States,California,Taft,93268,35.184837,-119.402525
7634-WSWDB,Female,0,0,1,8,United States,California,Terra Bella,93270,35.939068,-119.043666
6986-IXNDM,Male,0,0,0,14,United States,California,Three Rivers,93271,36.413433,-118.854708
2987-BJXIK,Female,0,0,0,70,United States,California,Tulare,93274,36.185471,-119.375243
9769-TSBZE,Female,0,0,1,70,United States,California,Tupman,93276,35.316263,-119.402559
1395-WSWXR,Male,0,0,0,24,United States,California,Weldon,93283,35.55647,-118.244914
6023-GSSXW,Female,0,1,0,69,United States,California,Wofford Heights,93285,35.690535,-118.552784
6752-APNJL,Male,0,1,1,42,United States,California,Woodlake,93286,36.464635,-119.094348
0420-HLGXF,Female,1,0,0,39,United States,California,Visalia,93291,36.391777,-119.372842
7446-KQISO,Male,0,1,1,45,United States,California,Visalia,93292,36.37559,-119.211689
9823-EALYC,Male,0,1,1,72,United States,California,Bakersfield,93301,35.383937,-119.020428
0582-AVCLN,Female,0,0,0,38,United States,California,Bakersfield,93304,35.339796,-119.023552
5803-NQJZO,Male,0,1,0,72,United States,California,Bakersfield,93305,35.391733,-118.984109
2607-DHDAK,Male,0,1,1,72,United States,California,Bakersfield,93307,35.280113,-118.962329
1073-XXCZD,Male,0,1,0,55,United States,California,Bakersfield,93308,35.559617,-118.925185
0743-HRVFF,Female,0,1,1,51,United States,California,Bakersfield,93309,35.342891,-119.064803
4006-HKYHO,Male,0,0,0,63,United States,California,Bakersfield,93311,35.16207,-119.194488
3727-JEZTU,Female,0,0,0,1,United States,California,Bakersfield,93312,35.392599,-119.245341
8143-ETQTI,Female,0,1,1,23,United States,California,Bakersfield,93313,35.140938,-119.051348
9667-TKTVZ,Female,0,0,0,2,United States,California,Los Osos,93402,35.279984,-120.824288
3657-COGMW,Female,1,0,0,52,United States,California,San Luis Obispo,93405,35.236549,-120.727344
8570-KLJYJ,Female,0,0,0,36,United States,California,Arroyo Grande,93420,35.176236,-120.483243
7754-IXRMC,Female,0,0,0,1,United States,California,Atascadero,93422,35.453912,-120.69461
9473-CBZOP,Female,0,0,0,28,United States,California,Avila Beach,93424,35.186644,-120.728305
2969-WGHQO,Female,0,1,1,7,United States,California,Bradley,93426,35.842889,-121.004862
4334-HOWRP,Male,1,1,0,72,United States,California,Cambria,93428,35.591387,-121.032256
5863-OOKCL,Female,0,0,0,10,United States,California,Cayucos,93430,35.511833,-120.918713
1686-STUHN,Male,0,0,0,42,United States,California,Creston,93432,35.480896,-120.469476
1329-VHWNP,Female,0,0,0,7,United States,California,Grover Beach,93433,35.120833,-120.61843
0266-GMEAO,Male,0,1,1,72,United States,California,Lompoc,93436,34.601055,-120.382917
5574-NXZIU,Male,0,0,0,63,United States,California,Los Alamos,93440,34.758699,-120.275839
0019-GFNTW,Female,0,0,0,56,United States,California,Los Olivos,93441,34.70434,-120.02609
4256-ZWTZI,Female,0,0,1,5,United States,California,Morro Bay,93442,35.369553,-120.763864
8309-PPCED,Female,0,1,0,72,United States,California,Nipomo,93444,35.050345,-120.489599
4098-NAUKP,Male,1,1,1,68,United States,California,Oceano,93445,35.059695,-120.604741
5196-WPYOW,Male,0,1,1,67,United States,California,Paso Robles,93446,35.634222,-120.728341
4608-LCIMN,Male,0,1,1,8,United States,California,Pismo Beach,93449,35.165668,-120.655842
1485-YDHMM,Male,0,1,1,52,United States,California,San Ardo,93450,35.996008,-120.85305
4054-CUMIA,Female,0,1,1,18,United States,California,San Miguel,93451,35.886767,-120.608661
0603-TPMIB,Female,0,1,1,59,United States,California,San Simeon,93452,35.746484,-121.223355
2525-GVKQU,Female,0,0,0,60,United States,California,Santa Margarita,93453,35.303926,-120.256567
8161-QYMTT,Male,0,0,0,7,United States,California,Santa Maria,93454,34.943523,-120.256729
9581-GVBXT,Male,0,1,1,59,United States,California,Santa Maria,93455,34.818227,-120.418784
5862-BRIXZ,Male,0,0,0,46,United States,California,Santa Maria,93458,34.95934,-120.490081
5404-GGUKR,Male,0,0,0,5,United States,California,Santa Ynez,93460,34.630356,-120.032564
3308-JSGML,Male,1,1,0,59,United States,California,Shandon,93461,35.634488,-120.293534
2126-GSEGL,Female,0,1,0,70,United States,California,Solvang,93463,34.624399,-120.137875
0440-QEXBZ,Female,0,0,0,44,United States,California,Mojave,93501,35.097323,-118.171288
2434-EEVDB,Female,0,1,0,64,United States,California,California City,93505,35.151491,-117.927597
6762-QVYJO,Female,0,1,1,58,United States,California,Acton,93510,34.501452,-118.207862
6199-IWKGC,Female,1,1,0,46,United States,California,Benton,93512,37.653947,-118.231443
2675-DHUTR,Male,1,1,0,58,United States,California,Big Pine,93513,37.245505,-118.062943
8152-VETUR,Female,0,1,0,72,United States,California,Bishop,93514,37.04584,-118.397236
7446-YPODE,Male,1,0,0,11,United States,California,Bridgeport,93517,38.184583,-119.286558
9522-BNTHX,Female,1,0,0,34,United States,California,Caliente,93518,35.358953,-118.527064
4676-WLUHT,Male,0,0,0,54,United States,California,Darwin,93522,36.319181,-117.593053
7980-MHFLQ,Female,0,1,1,72,United States,California,Independence,93526,36.869584,-118.189241
0757-WCUUZ,Male,0,1,1,54,United States,California,June Lake,93529,37.730269,-119.055813
1629-DQQVB,Female,0,0,0,14,United States,California,Keeler,93530,36.560498,-117.962461
0374-AACSZ,Female,0,0,0,1,United States,California,Lancaster,93534,34.727529,-118.153098
4872-VXRIL,Male,0,0,0,56,United States,California,Lancaster,93536,34.741406,-118.38111
9140-CZQZZ,Female,0,1,0,68,United States,California,Lee Vining,93541,37.890145,-119.184087
3423-HHXAO,Female,0,1,1,14,United States,California,Littlerock,93543,34.505273,-117.955054
9938-TKDGL,Male,0,1,1,68,United States,California,Llano,93544,34.500091,-117.765862
0531-ZZJWQ,Male,1,1,0,55,United States,California,Lone Pine,93545,36.590415,-118.073839
6537-QLGEX,Female,0,0,0,16,United States,California,Mammoth Lakes,93546,37.550074,-118.837167
2688-BHGOG,Male,1,0,0,9,United States,California,Olancha,93549,36.296851,-117.865469
3160-TYXLT,Male,0,0,0,53,United States,California,Palmdale,93552,34.557711,-118.029441
1325-USMEC,Male,0,1,0,70,United States,California,Pearblossom,93553,34.445239,-117.894868
0916-QOFDP,Female,1,1,1,14,United States,California,Randsburg,93554,35.405722,-117.773354
5606-AMZBO,Female,0,1,0,10,United States,California,Rosamond,93560,34.903052,-118.411251
6199-IPCAO,Female,0,1,1,29,United States,California,Tehachapi,93561,35.073777,-118.652112
5640-CAXOA,Female,0,0,0,30,United States,California,Auberry,93602,36.991762,-119.242874
2235-EZAIK,Female,0,1,0,72,United States,California,Badger,93603,36.64545,-118.924982
3847-BAERP,Female,0,0,0,10,United States,California,Bass Lake,93604,37.458367,-119.345011
1453-RZFON,Female,0,0,1,1,United States,California,Cantua Creek,93608,36.488056,-120.407691
8263-OKETD,Female,0,0,0,20,United States,California,Caruthers,93609,36.5276,-119.865999
0670-KDOMA,Female,0,0,0,1,United States,California,Chowchilla,93610,37.100948,-120.270136
2476-YGEFM,Female,0,0,0,29,United States,California,Clovis,93611,36.917652,-119.593757
8687-BAFGU,Male,0,0,0,1,United States,California,Clovis,93612,36.814539,-119.711868
0641-EVBOJ,Male,0,0,0,3,United States,California,Coarsegold,93614,37.212191,-119.749323
0829-XXPLX,Female,0,0,0,20,United States,California,Cutler,93615,36.497895,-119.285484
9974-JFBHQ,Male,0,0,1,64,United States,California,Del Rey,93616,36.657462,-119.595293
6624-JDRDS,Female,0,0,0,6,United States,California,Dos Palos,93620,37.045728,-120.630682
0608-JDVEC,Male,0,1,0,50,United States,California,Dunlap,93621,36.789213,-119.140338
9780-FKVVF,Male,0,0,0,6,United States,California,Firebaugh,93622,36.785618,-120.625382
1919-RTPQD,Male,0,1,1,7,United States,California,Fish Camp,93623,37.483535,-119.679414
5214-NLTIT,Male,0,1,1,72,United States,California,Five Points,93624,36.397745,-120.119911
3345-PBBFH,Male,0,1,0,8,United States,California,Fowler,93625,36.625792,-119.672483
5055-BRMNE,Female,0,1,1,67,United States,California,Friant,93626,37.027663,-119.69056
2190-PHBHR,Female,0,1,0,72,United States,California,Hume,93628,36.807595,-118.901544
2650-GYRYL,Male,0,1,1,33,United States,California,Kerman,93630,36.727418,-120.123526
5208-FVQKB,Male,0,1,0,70,United States,California,Lakeshore,93634,37.290606,-119.216328
7184-LRUUR,Female,0,0,0,22,United States,California,Los Banos,93635,36.995162,-120.955099
6627-CFOSN,Female,0,0,0,59,United States,California,Madera,93637,36.902954,-120.194274
3982-JGSFD,Male,0,0,0,36,United States,California,Madera,93638,37.004068,-119.930027
1574-DYCWE,Female,0,1,1,51,United States,California,Mendota,93640,36.687292,-120.437354
7247-XOZPB,Male,0,1,0,53,United States,California,Miramonte,93641,36.696759,-119.024051
2466-FCCPT,Female,0,1,1,20,United States,California,North Fork,93643,37.244307,-119.470256
6211-WWLTF,Male,0,1,0,63,United States,California,Oakhurst,93644,37.648647,-119.231447
4826-TZEVA,Female,0,0,0,40,United States,California,O Neals,93645,37.140104,-119.657092
6016-NXBNJ,Male,0,0,0,35,United States,California,Orange Cove,93646,36.633498,-119.298895
9138-EFSMO,Male,0,1,1,26,United States,California,Orosi,93647,36.600185,-119.175655
4632-XJMEX,Male,0,0,1,53,United States,California,Fresno,93650,36.841655,-119.797113
8910-LEDAG,Male,1,1,0,34,United States,California,Prather,93651,37.007238,-119.505661
3452-GWUIN,Female,1,1,0,19,United States,California,Raisin City,93652,36.594542,-119.905245
2716-GFZOR,Male,0,1,0,43,United States,California,Raymond,93653,37.252057,-119.95783
3724-UCSHY,Male,0,1,1,6,United States,California,Reedley,93654,36.636638,-119.421842
8626-XHBIE,Male,0,0,1,56,United States,California,Riverdale,93656,36.452211,-119.94575
3192-LNKRK,Male,0,1,1,34,United States,California,San Joaquin,93660,36.600193,-120.153393
4439-YRNVD,Female,0,0,0,10,United States,California,Selma,93662,36.545322,-119.642281
2208-UGTGR,Male,0,0,0,56,United States,California,Sultana,93666,36.545353,-119.338535
3005-TYFRD,Female,0,1,0,55,United States,California,Tollhouse,93667,36.993666,-119.348267
8670-MEFCP,Female,0,1,1,36,United States,California,Tranquillity,93668,36.635661,-120.288644
3079-BCHLN,Male,0,1,0,47,United States,California,Wishon,93669,37.287758,-119.548156
7777-UNYHB,Female,0,1,1,12,United States,California,Traver,93673,36.456091,-119.486225
7278-CKDNC,Male,1,0,0,24,United States,California,Fresno,93701,36.749403,-119.787574
8450-UYIBU,Female,1,0,0,35,United States,California,Fresno,93703,36.768774,-119.762633
2969-VAPYH,Female,0,0,0,67,United States,California,Fresno,93704,36.799648,-119.801247
7181-OQCUT,Male,0,0,0,21,United States,California,Fresno,93706,36.654614,-119.903674
8474-UMLNT,Female,0,0,0,13,United States,California,Fresno,93710,36.822715,-119.761826
3836-FZSDJ,Male,1,1,0,71,United States,California,Fresno,93720,36.878709,-119.7645
9142-XMYJH,Female,0,0,0,29,United States,California,Fresno,93721,36.732694,-119.783786
0187-QSXOE,Male,1,1,0,7,United States,California,Fresno,93725,36.623632,-119.741322
7733-UDMTP,Female,1,0,0,57,United States,California,Fresno,93726,36.793601,-119.761131
2649-HWLYB,Male,0,1,0,65,United States,California,Fresno,93727,36.751489,-119.68072
5214-CHIWJ,Male,0,0,0,27,United States,California,Fresno,93728,36.757345,-119.818274
6904-JLBGY,Female,1,0,0,72,United States,California,Salinas,93905,36.667794,-121.601306
2465-BLLEU,Male,0,0,0,1,United States,California,Salinas,93906,36.722898,-121.633648
1685-VAYJF,Male,0,0,0,11,United States,California,Salinas,93907,36.77462,-121.664714
8874-EJNSR,Male,0,1,1,39,United States,California,Salinas,93908,36.624338,-121.615669
6917-YACBP,Female,1,0,0,59,United States,California,Big Sur,93920,36.092975,-121.549826
5049-MUBWG,Male,0,0,0,26,United States,California,Carmel By The Sea,93921,36.554618,-121.922239
4223-WOZCM,Male,1,0,0,2,United States,California,Carmel,93923,36.460611,-121.852507
0769-MURVM,Female,0,1,1,72,United States,California,Carmel Valley,93924,36.414611,-121.6386
9253-VIFJQ,Male,0,1,0,65,United States,California,Chualar,93925,36.596271,-121.442274
7030-FZTFM,Male,0,1,1,72,United States,California,Gonzales,93926,36.52588,-121.396719
9741-YLNTD,Male,0,0,0,6,United States,California,Greenfield,93927,36.248708,-121.386617
5917-RYRMG,Male,1,0,0,32,United States,California,Jolon,93928,35.930782,-121.189757
5120-ZBLAI,Female,0,1,0,50,United States,California,King City,93930,36.220761,-120.980777
1194-BHJYC,Male,0,1,0,61,United States,California,Lockwood,93932,35.989792,-121.055933
0906-QVPMS,Male,0,1,0,72,United States,California,Monterey,93940,36.362741,-121.869685
1905-OEILC,Female,0,0,0,1,United States,California,Pebble Beach,93953,36.587497,-121.944815
7858-GTZSP,Female,0,0,0,12,United States,California,San Lucas,93954,36.125529,-120.864443
6248-BSHKG,Male,0,1,1,61,United States,California,Soledad,93960,36.414216,-121.360597
4685-TFLLS,Male,0,1,1,18,United States,California,Spreckels,93962,36.624641,-121.647195
3470-BTGQO,Male,0,0,1,21,United States,California,Belmont,94002,37.509366,-122.306132
1209-VFFOC,Male,0,1,1,68,United States,California,Brisbane,94005,37.684694,-122.40712
8224-DWCKX,Male,1,0,0,12,United States,California,Burlingame,94010,37.57028,-122.365778
4553-DVPZG,Female,0,1,0,62,United States,California,Daly City,94015,37.680844,-122.48131
6917-IAYHD,Male,0,0,1,1,United States,California,La Honda,94020,37.285677,-122.224165
8620-RJPZN,Female,0,0,0,1,United States,California,Los Altos,94022,37.349546,-122.134356
7572-KPVKK,Male,0,0,1,62,United States,California,Los Altos,94024,37.352911,-122.093002
2642-MAWLJ,Female,0,1,1,36,United States,California,Menlo Park,94025,37.449551,-122.183762
7103-ZGVNT,Female,0,1,1,69,United States,California,Portola Valley,94028,37.369709,-122.215844
2027-WKXMW,Female,0,1,0,63,United States,California,Montara,94037,37.540582,-122.509594
7137-NAXML,Male,0,0,0,23,United States,California,Moss Beach,94038,37.515556,-122.502311
2428-ZMCTB,Male,0,0,0,10,United States,California,Mountain View,94040,37.380662,-122.086022
2961-VNFKL,Female,0,1,0,71,United States,California,Mountain View,94041,37.388349,-122.075299
1768-HNVGJ,Female,1,0,0,45,United States,California,Mountain View,94043,37.419725,-122.062947
6963-KQYQB,Female,0,1,1,70,United States,California,Pacifica,94044,37.573633,-122.455167
5934-RMPOV,Female,0,0,1,22,United States,California,Pescadero,94060,37.22565,-122.297533
1207-BLKSA,Female,0,1,1,52,United States,California,Redwood City,94061,37.461251,-122.235414
8316-BBQAY,Female,0,0,0,65,United States,California,Redwood City,94063,37.499411,-122.196318
1166-PQLGG,Female,0,1,1,72,United States,California,Redwood City,94065,37.527497,-122.230941
3146-JTQHR,Male,0,1,0,10,United States,California,San Bruno,94066,37.624436,-122.430661
4291-YZODP,Female,0,0,1,7,United States,California,San Carlos,94070,37.497915,-122.267361
4395-PZMSN,Male,1,0,0,5,United States,California,San Gregorio,94074,37.331762,-122.341444
6427-FEFIG,Female,0,1,1,24,United States,California,South San Francisco,94080,37.654436,-122.426468
0017-IUDMW,Female,0,1,1,72,United States,California,Sunnyvale,94086,37.378541,-122.020456
8706-HRADD,Male,0,0,0,21,United States,California,Sunnyvale,94087,37.3511,-122.037311
9955-QOPOY,Male,0,1,0,69,United States,California,Sunnyvale,94089,37.421633,-122.009613
4385-ZKVNW,Male,0,1,1,44,United States,California,San Francisco,94102,37.7795,-122.419233
5446-DKWYW,Female,1,1,1,61,United States,California,San Francisco,94103,37.773147,-122.411287
9031-ZVQPT,Male,0,1,0,72,United States,California,San Francisco,94109,37.794487,-122.42227
2990-IAJSV,Male,0,0,0,72,United States,California,San Francisco,94110,37.750021,-122.415201
8107-KNCIM,Male,1,1,0,14,United States,California,San Francisco,94111,37.801776,-122.402293
9027-YFHQJ,Male,0,0,0,7,United States,California,San Francisco,94112,37.720498,-122.443119
5176-LDKUH,Female,0,0,0,48,United States,California,San Francisco,94114,37.758085,-122.434801
4644-OBGFZ,Male,0,1,1,55,United States,California,San Francisco,94115,37.786031,-122.437301
7926-IJOOU,Male,0,0,0,1,United States,California,San Francisco,94116,37.74441,-122.486764
6480-YAGIY,Male,0,0,0,45,United States,California,San Francisco,94117,37.770533,-122.445121
4029-HPFVY,Male,0,0,0,3,United States,California,San Francisco,94118,37.781304,-122.461522
7602-DBTOU,Female,0,1,0,71,United States,California,San Francisco,94121,37.776718,-122.495781
5345-BMKWB,Male,0,1,0,8,United States,California,San Francisco,94122,37.760412,-122.484966
5457-COLHT,Male,0,1,1,69,United States,California,San Francisco,94124,37.731505,-122.384532
5451-YHYPW,Female,1,1,0,72,United States,California,San Francisco,94129,37.797526,-122.464531
7998-WNZEM,Male,0,0,0,71,United States,California,San Francisco,94131,37.746699,-122.442833
4664-NJCMS,Female,0,1,0,33,United States,California,San Francisco,94133,37.802071,-122.411004
0307-BCOPK,Female,0,0,0,16,United States,California,San Francisco,94134,37.721052,-122.413573
7629-WFGLW,Female,1,1,0,56,United States,California,Palo Alto,94301,37.444314,-122.149996
2542-HYGIQ,Female,0,0,0,1,United States,California,Palo Alto,94303,37.45809,-122.115398
5016-LIPDW,Male,0,1,1,57,United States,California,Stanford,94305,37.424342,-122.165641
6481-LXPWL,Male,0,1,1,56,United States,California,Palo Alto,94306,37.416159,-122.131337
6124-ACRHJ,Female,0,0,0,1,United States,California,San Mateo,94403,37.538309,-122.305109
9362-MWODR,Female,0,0,1,40,United States,California,San Mateo,94404,37.556094,-122.272437
9975-GPKZU,Male,0,1,1,46,United States,California,Alameda,94501,37.774633,-122.274434
9625-RZFUK,Male,0,1,1,63,United States,California,Alameda,94502,37.724817,-122.224363
5153-LXKDT,Male,0,1,1,68,United States,California,Danville,94506,37.791481,-121.903253
5161-UBZXI,Male,0,1,1,69,United States,California,Alamo,94507,37.855717,-121.994813
1020-JPQOW,Female,0,1,0,56,United States,California,Angwin,94508,38.542448,-122.419923
7919-ZODZZ,Female,0,1,1,10,United States,California,Antioch,94509,37.980057,-121.801599
0565-JUPYD,Male,0,0,0,63,United States,California,Benicia,94510,38.113533,-122.11926
6867-ACCZI,Female,0,1,1,24,United States,California,Bethel Island,94511,38.050558,-121.646924
5939-XAIXZ,Female,0,0,0,19,United States,California,Birds Landing,94512,38.140719,-121.838298
9054-FOWNV,Male,0,1,1,22,United States,California,Brentwood,94513,37.908242,-121.682472
8207-VVMYB,Female,0,1,0,70,United States,California,Clayton,94517,37.881842,-121.848111
9732-EQMWY,Female,0,1,0,49,United States,California,Concord,94518,37.950248,-122.022455
5269-NRGDP,Male,0,1,1,42,United States,California,Concord,94521,37.971421,-121.971504
6195-MELTI,Male,0,0,0,57,United States,California,Pleasant Hill,94523,37.95338,-122.076886
2121-JAFOM,Female,0,1,0,72,United States,California,Danville,94526,37.815459,-121.977203
8818-DOPVL,Female,1,0,0,46,United States,California,El Cerrito,94530,37.924838,-122.289145
1227-UDMZR,Female,0,1,0,72,United States,California,Fremont,94536,37.572273,-121.964583
5198-HQAEN,Male,0,1,1,35,United States,California,Fremont,94538,37.505768,-121.962472
2167-FQSTQ,Female,0,1,0,72,United States,California,Hayward,94541,37.674002,-122.076796
2819-GWENI,Female,0,1,1,28,United States,California,Hayward,94542,37.656695,-122.048361
3572-UUHRS,Male,0,0,0,45,United States,California,Castro Valley,94546,37.708327,-122.083473
2692-PFYTJ,Female,0,0,0,1,United States,California,Hercules,94547,37.991259,-122.214945
5955-EPOAZ,Female,0,0,0,6,United States,California,Livermore,94550,37.571748,-121.659562
6821-JPCDC,Female,0,1,0,48,United States,California,Castro Valley,94552,37.722727,-122.02157
8815-LMFLX,Male,0,1,1,25,United States,California,Martinez,94553,38.014457,-122.115432
9135-HSWOC,Male,0,1,1,64,United States,California,Fremont,94555,37.555473,-122.080312
8582-KRHPJ,Male,0,0,0,50,United States,California,Moraga,94556,37.827946,-122.107185
5811-IWXYM,Female,0,1,1,52,United States,California,Napa,94558,38.489789,-122.27011
7044-YAACC,Male,1,1,0,4,United States,California,Napa,94559,38.232389,-122.324944
8189-XRIKE,Female,1,0,0,32,United States,California,Newark,94560,37.504133,-122.032347
1506-YJTYT,Male,0,1,1,45,United States,California,Oakley,94561,37.999406,-121.686241
4123-DVHPH,Male,0,1,0,9,United States,California,Orinda,94563,37.873916,-122.20522
2228-BZDEE,Female,0,0,0,54,United States,California,Pleasanton,94566,37.633361,-121.862395
2789-CZANW,Female,0,1,1,64,United States,California,Dublin,94568,37.713926,-121.928425
7596-LDUXP,Female,0,0,0,12,United States,California,Rodeo,94572,38.027218,-122.23463
3740-RLMVT,Male,1,1,0,67,United States,California,Saint Helena,94574,38.581354,-122.296283
2192-OZITF,Female,0,0,0,45,United States,California,San Leandro,94577,37.717196,-122.159338
5651-CPDND,Male,0,0,0,10,United States,California,San Leandro,94578,37.704384,-122.126703
2186-QZEYA,Female,1,0,0,29,United States,California,San Leandro,94579,37.687264,-122.15728
1131-ALZWV,Female,0,0,0,24,United States,California,San Lorenzo,94580,37.676249,-122.132415
7729-XBTWX,Male,0,1,1,66,United States,California,San Ramon,94583,37.766556,-121.976784
9134-WYRVP,Male,0,0,0,51,United States,California,Suisun City,94585,38.197907,-122.017258
3284-SVCRO,Female,0,1,0,45,United States,California,Sunol,94586,37.587494,-121.862856
9732-OUYRN,Female,0,1,0,49,United States,California,Union City,94587,37.59485,-122.051521
0559-CKHUS,Female,0,1,0,29,United States,California,Pleasanton,94588,37.685052,-121.912061
2931-SVLTV,Male,0,1,1,40,United States,California,Vallejo,94589,38.161321,-122.271588
7504-UWHNB,Male,0,0,0,25,United States,California,Vallejo,94591,38.105733,-122.186338
2582-FFFZR,Female,0,0,0,22,United States,California,Vallejo,94592,38.093701,-122.276589
8908-NMQTX,Male,0,0,0,72,United States,California,Walnut Creek,94595,37.862128,-122.075197
1431-AIDJQ,Male,0,1,1,33,United States,California,Walnut Creek,94598,37.916648,-122.008483
6288-LBEAR,Female,0,0,0,23,United States,California,Yountville,94599,38.421458,-122.365048
8413-YNHNV,Male,0,0,0,69,United States,California,Oakland,94603,37.739113,-122.175602
5808-TOTXO,Female,0,0,1,3,United States,California,Oakland,94605,37.758019,-122.138678
4369-NYSCF,Male,0,0,0,56,United States,California,Oakland,94606,37.792489,-122.244314
6333-YDVLT,Male,0,0,0,65,United States,California,Oakland,94607,37.80707,-122.297401
5324-KTGCG,Male,0,1,0,71,United States,California,Emeryville,94608,37.83726,-122.287648
5599-HVLTW,Female,1,0,0,14,United States,California,Oakland,94609,37.834341,-122.26437
7394-LWLYN,Female,0,0,0,2,United States,California,Oakland,94610,37.808731,-122.238708
6873-UDNLD,Male,0,0,0,40,United States,California,Oakland,94612,37.809014,-122.269739
2700-LUEVA,Male,0,0,0,1,United States,California,Oakland,94618,37.84551,-122.235181
0958-YHXGP,Female,0,0,0,7,United States,California,Oakland,94621,37.750553,-122.197175
1101-SSWAG,Female,0,1,0,15,United States,California,Berkeley,94702,37.866009,-122.286228
5743-KHMNA,Male,0,0,0,71,United States,California,Berkeley,94705,37.858898,-122.240512
4194-FJARJ,Female,0,1,1,54,United States,California,Albany,94706,37.890274,-122.295192
5325-UWTWJ,Male,0,1,0,31,United States,California,Berkeley,94707,37.897753,-122.279391
3969-GYXEL,Female,0,0,0,11,United States,California,Berkeley,94708,37.897743,-122.263124
9208-OLGAQ,Female,1,0,0,18,United States,California,Berkeley,94709,37.878554,-122.26609
3244-CQPHU,Female,1,0,0,72,United States,California,Berkeley,94710,37.872902,-122.303708
2674-MLXMN,Female,1,0,0,71,United States,California,Richmond,94801,37.945288,-122.383941
9708-HPXWZ,Male,1,0,0,5,United States,California,El Sobrante,94803,37.963995,-122.288296
6992-TKNYO,Male,0,1,0,38,United States,California,Richmond,94804,37.921034,-122.341798
4468-YDOVK,Male,0,0,1,5,United States,California,Richmond,94805,37.941456,-122.320968
5792-JALQC,Female,1,0,0,52,United States,California,San Rafael,94901,37.972662,-122.491452
2200-DSAAL,Female,0,0,0,68,United States,California,Greenbrae,94904,37.946617,-122.563571
4302-ZYFEL,Male,0,1,1,69,United States,California,Belvedere Tiburon,94920,37.885629,-122.46858
9351-LZYGF,Female,0,1,0,42,United States,California,Bodega,94922,38.343282,-122.9755
4366-CTOUZ,Female,0,0,0,50,United States,California,Bodega Bay,94923,38.377165,-123.037957
1518-OMDIK,Male,0,1,0,33,United States,California,Rohnert Park,94928,38.34719,-122.697822
6671-NGWON,Female,0,0,0,7,United States,California,Dillon Beach,94929,38.24458,-122.956268
0595-ITUDF,Male,0,1,1,64,United States,California,Fairfax,94930,37.971751,-122.611873
1955-IBMMB,Male,0,0,0,59,United States,California,Forest Knolls,94933,38.010092,-122.689442
0096-BXERS,Female,0,1,0,6,United States,California,Inverness,94937,38.099323,-122.945723
3806-YAZOV,Female,0,0,0,3,United States,California,Lagunitas,94938,38.021772,-122.691744
7998-ZLXWN,Female,0,1,0,15,United States,California,Larkspur,94939,37.937082,-122.532369
6253-WRFHY,Male,0,1,1,13,United States,California,Marshall,94940,38.129308,-122.834815
9133-AYJZG,Female,0,0,0,23,United States,California,Mill Valley,94941,37.901371,-122.572024
2675-OTVVJ,Male,1,1,0,31,United States,California,Novato,94945,38.135897,-122.563683
8680-CGLTP,Male,0,0,0,29,United States,California,Nicasio,94946,38.065359,-122.665566
8430-TWCBX,Female,0,1,0,49,United States,California,Novato,94947,38.112166,-122.634384
5018-GWURO,Female,0,1,0,56,United States,California,Novato,94949,38.067204,-122.524004
6741-QRLUP,Female,0,0,0,63,United States,California,Olema,94950,38.052209,-122.775567
4737-HOBAX,Male,0,1,0,63,United States,California,Penngrove,94951,38.325599,-122.642352
0537-QYZZN,Male,1,1,1,24,United States,California,Petaluma,94952,38.237018,-122.77872
3340-QBBFM,Male,1,1,0,36,United States,California,Petaluma,94954,38.235021,-122.557332
8200-KLNYW,Female,0,1,0,21,United States,California,San Geronimo,94963,38.00474,-122.663717
3372-CDXFJ,Male,0,1,1,13,United States,California,San Quentin,94964,37.942551,-122.491642
4781-ZXYGU,Male,0,1,1,1,United States,California,Sausalito,94965,37.848641,-122.515692
7632-YUTXB,Female,0,1,1,25,United States,California,Stinson Beach,94970,37.921137,-122.657562
2718-YSKCS,Male,0,1,1,71,United States,California,Tomales,94971,38.240769,-122.901041
9896-UYMIE,Male,0,0,0,66,United States,California,Valley Ford,94972,38.339996,-122.935056
0853-NWIFK,Female,0,0,0,45,United States,California,Woodacre,94973,38.005839,-122.638155
8212-CRQXP,Female,0,1,0,22,United States,California,Alviso,95002,37.449537,-121.994813
6980-CDGFC,Female,0,1,0,67,United States,California,Aptos,95003,37.013471,-121.877877
7691-XVTZH,Female,0,1,0,68,United States,California,Aromas,95004,36.878364,-121.629781
2277-VWCNI,Female,1,0,0,4,United States,California,Brookdale,95007,37.106902,-122.100006
1088-CNNKB,Male,0,1,0,63,United States,California,Campbell,95008,37.279689,-121.954567
1930-BZLHI,Male,0,0,0,21,United States,California,Castroville,95012,36.784481,-121.759054
5868-YTYKS,Male,0,0,1,1,United States,California,Davenport,95017,37.114335,-122.237162
3525-DVKFN,Female,0,0,0,17,United States,California,Felton,95018,37.089111,-122.062213
1482-OXZSY,Male,0,0,0,30,United States,California,Freedom,95019,36.936228,-121.785559
0377-JBKKT,Male,0,1,1,22,United States,California,Gilroy,95020,37.03889,-121.528955
5778-BVOFB,Female,0,0,0,9,United States,California,Hollister,95023,36.875409,-121.279679
3373-YZZYM,Male,0,1,1,1,United States,California,Los Gatos,95030,37.222842,-121.988727
0228-MAUWC,Male,0,0,0,19,United States,California,Los Gatos,95033,37.160194,-121.945611
7663-YJHSN,Female,0,1,0,72,United States,California,Moss Landing,95039,36.863303,-121.781632
4915-BFSXL,Male,0,1,1,70,United States,California,Mount Hermon,95041,37.051166,-122.056194
3086-RUCRN,Female,0,0,0,66,United States,California,Paicines,95043,36.525703,-120.952122
5215-LNLDJ,Female,0,1,1,7,United States,California,San Juan Bautista,95045,36.810568,-121.503022
7576-JMYWV,Female,1,1,1,46,United States,California,San Martin,95046,37.084697,-121.606417
0257-KXZGU,Female,0,1,1,32,United States,California,Santa Clara,95051,37.348129,-121.98469
1307-ATKGB,Male,0,0,0,24,United States,California,Santa Clara,95054,37.393554,-121.965114
3714-XPXBW,Female,0,0,0,37,United States,California,Santa Cruz,95062,36.974575,-121.991149
1850-AKQEP,Male,0,0,1,8,United States,California,Santa Cruz,95064,37.007882,-122.065975
2824-DXNKN,Female,0,1,1,72,United States,California,Santa Cruz,95065,37.031404,-121.981865
5227-JSCFE,Male,1,1,0,71,United States,California,Scotts Valley,95066,37.070177,-122.010077
0848-ZGQIJ,Female,0,1,0,16,United States,California,Saratoga,95070,37.257772,-122.051824
3621-CHYVB,Female,0,1,0,57,United States,California,Soquel,95073,37.023669,-121.946461
8042-RNLKO,Male,0,0,0,66,United States,California,Watsonville,95076,36.931654,-121.752383
5372-FBKBN,Female,0,0,1,21,United States,California,San Jose,95111,37.284265,-121.827673
0420-TXVSG,Male,0,1,0,66,United States,California,San Jose,95112,37.343827,-121.883119
6217-TOWGS,Female,0,1,0,17,United States,California,San Jose,95113,37.333851,-121.891147
1045-LTCYT,Female,0,1,1,8,United States,California,San Jose,95118,37.255479,-121.889838
1544-JJMYL,Male,0,0,0,27,United States,California,San Jose,95119,37.233226,-121.78809
4636-JGAAI,Male,0,1,0,34,United States,California,San Jose,95120,37.186141,-121.843554
6874-SGLHU,Male,0,0,0,30,United States,California,San Jose,95121,37.304681,-121.809955
5951-AOFIH,Male,0,0,0,33,United States,California,San Jose,95122,37.32886,-121.834567
3059-NGMXB,Male,0,1,1,14,United States,California,San Jose,95124,37.257063,-121.923037
8652-YHIYU,Female,0,0,1,16,United States,California,San Jose,95125,37.294926,-121.894763
5278-PNYOX,Female,0,0,0,49,United States,California,San Jose,95126,37.327069,-121.916819
3486-HOOGQ,Female,0,1,1,70,United States,California,San Jose,95128,37.316146,-121.936285
5061-PBXFW,Female,0,1,1,32,United States,California,San Jose,95129,37.305622,-122.000887
8630-FJLIB,Female,0,0,0,18,United States,California,San Jose,95130,37.277592,-121.986477
3891-NLXJB,Male,0,0,0,37,United States,California,San Jose,95131,37.387027,-121.897775
4749-OJKQU,Female,0,0,0,4,United States,California,San Jose,95132,37.424655,-121.74841
0577-WHMEV,Female,0,1,0,16,United States,California,San Jose,95133,37.371862,-121.860349
5453-AXEPF,Male,0,1,0,17,United States,California,San Jose,95134,37.42765,-121.945416
3639-XJHKQ,Female,0,0,1,19,United States,California,San Jose,95135,37.28682,-121.723877
3716-LRGXK,Male,0,1,0,60,United States,California,San Jose,95136,37.270938,-121.851046
2263-SFSQZ,Male,0,1,1,51,United States,California,San Jose,95138,37.246064,-121.749494
9950-MTGYX,Male,0,1,1,28,United States,California,San Jose,95139,37.218705,-121.762429
3397-AVTKU,Male,0,0,0,43,United States,California,Mount Hamilton,95140,37.382909,-121.634151
4825-FUREZ,Male,0,1,0,42,United States,California,San Jose,95148,37.339533,-121.777179
2672-OJQZP,Female,0,0,0,1,United States,California,Stockton,95203,37.954089,-121.329761
3134-DSHVC,Female,0,0,0,63,United States,California,Stockton,95205,37.965695,-121.260051
7821-DPRQE,Male,0,1,0,68,United States,California,Stockton,95207,38.002125,-121.324979
2001-EWBQU,Female,0,0,0,60,United States,California,Stockton,95210,38.033219,-121.297433
1608-GMEWB,Male,1,0,0,45,United States,California,Stockton,95215,37.946282,-121.139499
6695-AMZUF,Female,0,1,0,70,United States,California,Stockton,95219,38.029729,-121.387999
8410-BGQXN,Male,0,0,0,4,United States,California,Angels Camp,95222,38.071327,-120.632221
1619-YWUBB,Female,0,1,0,68,United States,California,Avery,95224,38.208336,-120.339938
7611-YKYTC,Male,0,1,1,22,United States,California,Burson,95225,38.183918,-120.898817
0365-GXEZS,Male,0,1,0,18,United States,California,Copperopolis,95228,37.943954,-120.67108
0082-OQIQY,Male,0,0,0,29,United States,California,Farmington,95230,37.956963,-120.863055
3606-SBKRY,Male,0,0,0,31,United States,California,Linden,95236,38.047746,-121.030499
0667-NSRGI,Female,0,1,0,48,United States,California,Lodi,95240,38.123544,-121.159078
6893-ODYYE,Male,0,0,0,50,United States,California,Mokelumne Hill,95245,38.304194,-120.592431
8242-JSVBO,Male,0,0,0,7,United States,California,Mountain Ranch,95246,38.264262,-120.515133
9541-ZPSEA,Male,0,1,1,68,United States,California,San Andreas,95249,38.196497,-120.61689
2665-NPTGL,Female,1,1,0,26,United States,California,Sheep Ranch,95250,38.244806,-120.417301
1139-WUOAH,Male,0,0,0,57,United States,California,Vallecito,95251,38.055562,-120.456298
4693-VWVBO,Female,0,0,0,3,United States,California,Valley Springs,95252,38.156971,-120.849231
6937-GCDGQ,Male,0,1,1,19,United States,California,West Point,95255,38.41935,-120.469545
0988-JRWWP,Female,0,0,0,3,United States,California,Wilseyville,95257,38.392686,-120.415951
5075-JSDKI,Female,0,0,0,59,United States,California,Woodbridge,95258,38.169605,-121.310964
8644-XYTSV,Male,0,1,0,42,United States,California,Ballico,95303,37.4695,-120.672724
3873-WOSBC,Male,0,1,0,67,United States,California,Catheys Valley,95306,37.394411,-120.127262
7465-ZZRVX,Male,0,0,0,1,United States,California,Ceres,95307,37.553469,-120.952825
7975-JMZNT,Male,0,1,0,66,United States,California,Columbia,95310,38.085839,-120.37855
7251-XFOIL,Female,0,0,0,61,United States,California,Coulterville,95311,37.722127,-120.110174
4116-IQRFR,Male,0,1,1,4,United States,California,Cressey,95312,37.420273,-120.66527
8259-DZLIZ,Female,0,1,1,64,United States,California,Delhi,95315,37.422961,-120.765493
0442-ZXKVS,Female,1,1,0,54,United States,California,Denair,95316,37.524721,-120.757977
7853-WNZSY,Male,0,0,0,1,United States,California,El Nido,95317,37.127386,-120.506422
3120-FAZKD,Male,0,1,1,54,United States,California,El Portal,95318,37.654551,-119.822984
8606-OEGQZ,Female,0,0,1,18,United States,California,Escalon,95320,37.818543,-121.006907
0225-ZORZP,Male,0,0,0,3,United States,California,Groveland,95321,37.902968,-119.667544
9489-JMTTN,Female,0,1,1,72,United States,California,Hickman,95323,37.605926,-120.69955
0575-CUQOV,Male,1,1,0,60,United States,California,Hilmar,95324,37.394536,-120.890747
0967-BMLBD,Female,0,1,1,11,United States,California,Hornitos,95325,37.479926,-120.230424
2830-LEWOA,Male,0,1,1,61,United States,California,Jamestown,95327,37.84771,-120.486589
5006-MXVRN,Female,0,0,0,39,United States,California,Keyes,95328,37.555631,-120.911653
8327-WKMIE,Male,0,0,0,37,United States,California,Le Grand,95333,37.249377,-120.249581
6917-FIJHC,Female,0,1,0,72,United States,California,Livingston,95334,37.361987,-120.748394
5329-KRDTM,Male,1,1,0,72,United States,California,Long Barn,95335,38.109125,-120.078597
7797-EJMDP,Female,0,0,0,8,United States,California,Manteca,95336,37.830267,-121.201018
3530-VWVGU,Female,0,1,1,22,United States,California,Manteca,95337,37.750822,-121.238423
6368-NWMCE,Female,0,0,0,38,United States,California,Merced,95340,37.255637,-120.493537
3633-CDBUW,Male,0,0,1,17,United States,California,Midpines,95345,37.581496,-119.972762
0707-HOVVN,Female,1,0,0,70,United States,California,Mi Wuk Village,95346,38.121601,-120.133915
3956-MGXOG,Female,0,0,0,28,United States,California,Modesto,95350,37.671806,-121.007575
9274-UARKJ,Female,0,0,0,15,United States,California,Modesto,95351,37.621458,-121.012295
4077-HWUYD,Male,0,1,1,72,United States,California,Modesto,95354,37.639029,-120.964772
0103-CSITQ,Female,0,1,0,57,United States,California,Modesto,95357,37.670526,-120.877572
8671-KKKOS,Female,0,1,0,46,United States,California,Newman,95360,37.343846,-121.039391
7305-ZWMAJ,Male,0,1,0,30,United States,California,Oakdale,95361,37.785033,-120.776141
9518-XXBXE,Male,1,1,0,10,United States,California,Patterson,95363,37.410236,-121.320337
6578-KRMAW,Male,0,0,0,32,United States,California,Planada,95365,37.329725,-120.306399
4860-IJUDE,Male,0,0,0,13,United States,California,Ripon,95366,37.750778,-121.13238
9688-YGXVR,Female,0,0,0,44,United States,California,Salida,95368,37.713152,-121.08739
0423-UDIJQ,Male,1,0,0,9,United States,California,Snelling,95369,37.521708,-120.426843
1945-XISKS,Female,0,1,0,67,United States,California,Sonora,95370,37.982716,-120.343732
5360-LJCNJ,Female,0,1,0,71,United States,California,Tracy,95376,37.680968,-121.446049
2607-FBDFF,Male,0,0,0,1,United States,California,Tuolumne,95379,37.939768,-120.188002
1100-DDVRV,Male,0,1,0,17,United States,California,Twain Harte,95383,38.107441,-120.230625
6728-WYQBC,Male,0,0,0,1,United States,California,Westley,95387,37.546007,-121.28257
9029-FEGVJ,Female,1,1,0,32,United States,California,Yosemite National Park,95389,37.704267,-119.607001
7216-KAOID,Male,0,1,1,41,United States,California,Santa Rosa,95401,38.460517,-122.790335
6145-NNPNO,Female,0,0,0,1,United States,California,Santa Rosa,95404,38.526941,-122.709096
5339-TJFEK,Male,0,1,1,62,United States,California,Santa Rosa,95407,38.394091,-122.739814
2074-GUHPQ,Female,0,0,1,17,United States,California,Albion,95410,39.225694,-123.717354
4625-XMOYM,Female,0,1,1,72,United States,California,Annapolis,95412,38.731055,-123.316553
5827-MWCZK,Male,0,1,1,56,United States,California,Boonville,95415,39.025867,-123.381544
1385-TQOZW,Female,0,0,0,9,United States,California,Branscomb,95417,39.710591,-123.682799
5914-XRFQB,Male,0,1,0,72,United States,California,Caspar,95420,39.361283,-123.784599
4329-YPDDQ,Male,0,0,0,20,United States,California,Cazadero,95421,38.578807,-123.19338
4804-NCPET,Male,0,1,1,19,United States,California,Clearlake,95422,38.965804,-122.631779
5944-UGLLK,Male,0,0,0,53,United States,California,Cloverdale,95425,38.801936,-122.938935
7787-BNTZM,Male,0,0,0,6,United States,California,Comptche,95427,39.239818,-123.565432
2252-ISRNH,Male,0,1,1,9,United States,California,Covelo,95428,39.83307,-123.178765
9415-TPKRV,Female,0,1,1,8,United States,California,Dos Rios,95429,39.756049,-123.358701
5322-TEUJK,Female,0,1,1,71,United States,California,Duncans Mills,95430,38.445603,-123.063756
1866-DIOQZ,Female,0,1,0,71,United States,California,Forestville,95436,38.499302,-122.92444
8375-KVTHK,Male,0,1,0,68,United States,California,Fort Bragg,95437,39.455555,-123.683979
2697-NQBPF,Male,0,0,0,34,United States,California,Fulton,95439,38.493888,-122.777141
3709-OIJEA,Male,0,0,0,26,United States,California,Geyserville,95441,38.731771,-123.064272
1386-ZIKUV,Male,0,0,0,7,United States,California,Glenhaven,95443,39.045246,-122.743181
0599-XNYDO,Female,0,1,0,20,United States,California,Graton,95444,38.434362,-122.86891
6377-WHAOX,Female,0,1,0,60,United States,California,Gualala,95445,38.848082,-123.50608
6855-VLGOS,Male,0,1,1,72,United States,California,Guerneville,95446,38.52576,-123.013347
8999-XXGNS,Female,1,1,0,72,United States,California,Healdsburg,95448,38.618347,-122.908422
8746-OQQRW,Male,0,0,0,4,United States,California,Hopland,95449,38.93706,-123.118111
3181-MIZBN,Male,0,1,1,16,United States,California,Jenner,95450,38.505995,-123.187019
0471-ARVMX,Female,1,1,0,62,United States,California,Kelseyville,95451,38.93496,-122.792243
7766-CLTIC,Female,0,0,0,10,United States,California,Kenwood,95452,38.419525,-122.521585
5650-YLIBA,Male,0,0,0,31,United States,California,Lakeport,95453,39.080469,-122.955176
0825-CPPQH,Female,0,1,0,71,United States,California,Laytonville,95454,39.806141,-123.531098
9084-OAYKL,Male,0,0,0,58,United States,California,Little River,95456,39.245911,-123.77214
6122-LJADA,Male,0,1,1,70,United States,California,Lower Lake,95457,38.925545,-122.549083
2400-XIWIO,Female,0,1,0,71,United States,California,Lucerne,95458,39.141934,-122.770679
7524-VRLPL,Male,1,0,0,69,United States,California,Manchester,95459,38.966713,-123.586412
7569-NMZYQ,Female,0,1,1,72,United States,California,Middletown,95461,38.787446,-122.58675
5201-USSQZ,Female,0,1,0,26,United States,California,Monte Rio,95462,38.471049,-123.015549
2105-PHWON,Female,0,1,0,33,United States,California,Navarro,95463,39.182916,-123.552571
1494-EJZDW,Female,0,1,1,10,United States,California,Nice,95464,39.12334,-122.838198
4884-TVUQF,Female,1,0,0,57,United States,California,Occidental,95465,38.415003,-122.998726
8003-EWNDZ,Female,0,0,0,10,United States,California,Philo,95466,39.094102,-123.500853
1897-RCFUM,Female,0,1,1,39,United States,California,Point Arena,95468,38.911299,-123.609588
9256-JTBNZ,Female,0,0,0,11,United States,California,Potter Valley,95469,39.408634,-123.045516
2211-RMNHO,Female,0,1,1,68,United States,California,Rio Nido,95471,38.522328,-122.97932
2432-TFSMK,Male,0,0,0,18,United States,California,Sebastopol,95472,38.398815,-122.861923
4929-ROART,Male,0,0,0,18,United States,California,Ukiah,95482,39.134075,-123.23422
1834-ABKHQ,Female,0,1,1,52,United States,California,Upper Lake,95485,39.220368,-122.907693
1741-WTPON,Male,0,1,1,56,United States,California,Westport,95488,39.724433,-123.767578
3932-IJWDZ,Male,0,0,0,45,United States,California,Willits,95490,39.492046,-123.375818
1240-HCBOH,Female,0,0,0,67,United States,California,Windsor,95492,38.527297,-122.810044
3594-KADLU,Male,0,1,0,3,United States,California,Witter Springs,95493,39.222323,-122.985488
8065-BVEPF,Male,1,0,0,65,United States,California,Yorkville,95494,38.888351,-123.239647
3796-ENZGF,Male,0,1,0,63,United States,California,The Sea Ranch,95497,38.696659,-123.436861
1734-ZMNTZ,Female,0,1,1,11,United States,California,Eureka,95501,40.796621,-124.15428
2853-CWQFQ,Male,0,0,1,1,United States,California,Eureka,95503,40.737431,-124.108897
0813-TAXXS,Male,0,0,0,55,United States,California,Alderpoint,95511,40.166028,-123.584144
2519-TWKFS,Male,0,1,1,25,United States,California,Blocksburg,95514,40.309088,-123.668201
0626-QXNGV,Female,0,1,0,72,United States,California,Arcata,95521,40.839958,-124.003757
6723-CEGQI,Female,0,0,1,65,United States,California,Bayside,95524,40.825486,-124.049485
4732-RRJZC,Male,0,1,1,7,United States,California,Bridgeville,95526,40.372532,-123.525626
9499-XPZXM,Female,0,1,0,72,United States,California,Burnt Ranch,95527,40.854512,-123.450097
4338-EYCER,Male,0,1,0,21,United States,California,Carlotta,95528,40.497283,-123.93037
3007-FDPEA,Female,0,0,0,2,United States,California,Crescent City,95531,41.701223,-124.003393
6350-XFYGW,Male,1,0,0,4,United States,California,Ferndale,95536,40.4785,-124.301372
8513-OLYGY,Male,0,1,0,72,United States,California,Fortuna,95540,40.584991,-124.121504
0311-QYWSS,Female,0,0,0,6,United States,California,Garberville,95542,40.057784,-123.679461
8705-DWKTI,Male,0,0,0,52,United States,California,Gasquet,95543,41.867908,-123.794144
8755-IWJHN,Male,1,1,0,69,United States,California,Honeydew,95545,40.342928,-124.063329
4480-QQRHC,Female,1,0,0,8,United States,California,Hydesville,95547,40.557314,-124.081662
0929-PECLO,Female,1,0,0,63,United States,California,Klamath,95548,41.572813,-124.035011
3680-CTHUH,Male,0,0,0,60,United States,California,Kneeland,95549,40.664483,-123.865325
1202-KKGFU,Female,0,1,0,12,United States,California,Korbel,95550,40.7666,-123.80458
6112-KTHFQ,Female,0,0,0,13,United States,California,Loleta,95551,40.665952,-124.240051
1852-XEMDW,Male,0,0,0,22,United States,California,Mad River,95552,40.390301,-123.412327
1820-DJFPH,Female,0,1,1,72,United States,California,Orick,95555,41.336354,-124.044354
9426-SXNHE,Female,0,0,0,2,United States,California,Orleans,95556,41.269521,-123.546958
9068-FHQHD,Female,0,1,1,40,United States,California,Petrolia,95558,40.274302,-124.210902
1269-FOYWN,Male,0,1,1,44,United States,California,Phillipsville,95559,40.184094,-123.745487
9470-YFUYI,Male,1,1,0,71,United States,California,Redway,95560,40.142256,-123.852927
7402-EYFXX,Male,1,0,0,26,United States,California,Salyer,95563,40.89866,-123.539754
9895-VFOXH,Female,0,0,0,1,United States,California,Scotia,95565,40.440636,-124.098739
1230-QAJDW,Male,0,0,0,3,United States,California,Somes Bar,95568,41.444606,-123.471895
5701-ZIKJE,Male,0,0,0,13,United States,California,Redcrest,95569,40.363446,-123.835041
5032-MIYKT,Female,0,0,0,1,United States,California,Weott,95571,40.310119,-123.909449
7396-VJUZB,Male,0,1,1,4,United States,California,Willow Creek,95573,40.949012,-123.655847
9717-QEBGU,Male,0,0,0,2,United States,California,Leggett,95585,39.873371,-123.741474
5172-RKOCB,Male,0,1,0,72,United States,California,Piercy,95587,39.955587,-123.681175
6509-TSGWN,Female,0,1,1,37,United States,California,Whitethorn,95589,40.053159,-123.995867
3178-CIFOT,Female,0,0,0,23,United States,California,Amador City,95601,38.431407,-120.8421
4530-NDRKU,Female,0,1,1,42,United States,California,Auburn,95603,38.912881,-121.082766
5985-TBABQ,Female,0,0,0,32,United States,California,West Sacramento,95605,38.592745,-121.540036
9800-ONTFE,Female,0,1,1,22,United States,California,Brooks,95606,38.809804,-122.241383
6743-HHQPF,Male,0,1,0,42,United States,California,Capay,95607,38.681651,-122.130569
8455-HIRAQ,Female,0,0,0,8,United States,California,Carmichael,95608,38.626128,-121.328011
6616-AALSR,Female,0,1,1,65,United States,California,Citrus Heights,95610,38.69508,-121.271616
9415-ZNBSX,Female,0,1,1,70,United States,California,Cool,95614,38.880622,-120.973865
4018-KJYUY,Male,0,0,1,22,United States,California,Courtland,95615,38.311609,-121.554034
3884-UEBXB,Female,0,1,1,67,United States,California,Diamond Springs,95619,38.683605,-120.811852
8780-RSYYU,Female,0,0,0,25,United States,California,Dixon,95620,38.392821,-121.799917
5537-UXXVS,Female,0,1,0,20,United States,California,Citrus Heights,95621,38.69549,-121.307864
1791-PQHBB,Female,0,0,1,2,United States,California,El Dorado,95623,38.63153,-120.842609
8701-DGLVH,Male,0,0,0,51,United States,California,Elk Grove,95624,38.434138,-121.30587
8741-LQOBK,Female,0,1,1,46,United States,California,Elmira,95625,38.349195,-121.902943
8082-GHXOP,Male,0,0,1,13,United States,California,Esparto,95627,38.834469,-122.127193
0980-FEXWF,Male,0,1,1,26,United States,California,Fiddletown,95629,38.513484,-120.704613
3011-WQKSZ,Male,0,0,1,19,United States,California,Foresthill,95631,39.031876,-120.811141
8218-FFJDS,Female,0,1,0,72,United States,California,Georgetown,95634,38.9386,-120.785514
1986-PHGZF,Male,1,0,0,18,United States,California,Greenwood,95635,38.921333,-120.897718
9360-OMDZZ,Male,0,0,0,24,United States,California,Herald,95638,38.313447,-121.123886
0345-XMMUG,Female,0,1,0,46,United States,California,Ione,95640,38.33788,-120.954202
8024-XNAFQ,Female,1,0,0,72,United States,California,Isleton,95641,38.154823,-121.601358
2988-GBIVW,Female,1,1,0,70,United States,California,Knights Landing,95645,38.875508,-121.765866
2832-SCUCO,Female,0,0,0,2,United States,California,Kirkwood,95646,38.631489,-120.015167
7036-ZZKBD,Male,0,1,0,31,United States,California,Lincoln,95648,38.922812,-121.312005
0265-PSUAE,Female,0,1,1,16,United States,California,Lotus,95651,38.815515,-120.916997
0463-TXOAK,Male,0,0,1,52,United States,California,Madison,95653,38.674276,-121.961866
0594-UFTUL,Male,0,1,1,13,United States,California,Mather,95655,38.549822,-121.266725
9509-MPYOD,Female,0,0,0,35,United States,California,Newcastle,95658,38.883224,-121.15918
9128-CPXKI,Female,0,0,0,59,United States,California,Nicolaus,95659,38.788898,-121.608624
0129-KPTWJ,Male,0,1,0,72,United States,California,North Highlands,95660,38.671295,-121.388251
5855-EIBDE,Female,0,1,0,49,United States,California,Orangevale,95662,38.689174,-121.218435
5365-LLFYV,Female,0,0,0,2,United States,California,Penryn,95663,38.859093,-121.182872
5956-YHHRX,Male,1,0,0,21,United States,California,Pilot Hill,95664,38.803731,-121.043799
6008-NAIXK,Male,1,0,0,54,United States,California,Pine Grove,95665,38.400264,-120.641274
1928-BXYIV,Male,0,0,0,1,United States,California,Placerville,95667,38.733714,-120.795213
5760-FXFVO,Male,0,0,0,6,United States,California,Pleasant Grove,95668,38.833554,-121.498102
0961-ZWLVI,Male,0,0,1,49,United States,California,Rancho Cordova,95670,38.602723,-121.279913
5181-OABFK,Female,0,1,1,56,United States,California,Rescue,95672,38.724322,-120.991237
4007-NHVHI,Female,1,0,0,56,United States,California,Rio Linda,95673,38.688764,-121.457596
7816-VGHTO,Female,0,1,1,6,United States,California,Rio Oso,95674,38.954144,-121.482536
5871-DGTXZ,Male,0,0,0,32,United States,California,River Pines,95675,38.545775,-120.743325
7550-WIQVA,Male,0,1,1,50,United States,California,Rocklin,95677,38.7904,-121.236973
7544-ZVIKX,Male,0,1,1,58,United States,California,Roseville,95678,38.759751,-121.288545
0016-QLJIS,Female,0,1,1,65,United States,California,Sheridan,95681,38.984756,-121.345074
7508-DQAKK,Female,0,0,0,64,United States,California,Shingle Springs,95682,38.598936,-120.963092
5176-OLSKT,Female,0,1,0,66,United States,California,Sloughhouse,95683,38.470423,-121.114897
9356-AXGMP,Male,0,1,0,38,United States,California,Somerset,95684,38.606703,-120.586659
3556-BVQGL,Female,0,1,0,20,United States,California,Sutter Creek,95685,38.432145,-120.77069
8979-CAMGB,Male,1,0,0,64,United States,California,Vacaville,95687,38.333133,-121.920151
7581-EBBOU,Female,0,0,0,60,United States,California,Volcano,95689,38.481902,-120.603668
5073-RZGBK,Female,0,1,1,50,United States,California,West Sacramento,95691,38.627951,-121.593287
2192-CKRLV,Female,0,1,0,72,United States,California,Wilton,95693,38.392559,-121.225093
3154-HMWUU,Male,0,1,0,60,United States,California,Winters,95694,38.578604,-122.024579
6119-SPUDB,Male,0,0,0,46,United States,California,Woodland,95695,38.71967,-121.862416
6522-OIQSX,Female,0,1,1,69,United States,California,Alta,95701,39.218096,-120.79153
7813-ZGGAW,Male,1,0,0,31,United States,California,Applegate,95703,38.983388,-120.988814
8748-HFWBO,Male,0,1,1,19,United States,California,Camino,95709,38.748316,-120.675512
1052-QJIBV,Female,0,1,1,71,United States,California,Colfax,95713,39.084645,-120.894014
1319-YLZJG,Male,0,1,0,12,United States,California,Dutch Flat,95714,39.197215,-120.83679
0723-FDLAY,Male,0,0,0,44,United States,California,Gold Run,95717,39.170376,-120.838404
3050-RLLXC,Female,0,1,1,56,United States,California,Kyburz,95720,38.766036,-120.209673
9298-WGMRW,Female,0,1,0,72,United States,California,Echo Lake,95721,38.851842,-120.076204
3088-LHEFH,Female,0,0,0,11,United States,California,Pollock Pines,95726,38.733908,-120.453416
6583-KQJLK,Female,1,1,0,15,United States,California,Twin Bridges,95735,38.805481,-120.13287
8544-JNBOX,Male,0,0,0,72,United States,California,Weimar,95736,39.00978,-120.978273
6681-ZSEXG,Male,0,1,0,56,United States,California,Rancho Cordova,95742,38.591134,-121.161585
6139-ZZRBQ,Male,1,0,0,64,United States,California,Granite Bay,95746,38.749466,-121.184196
6116-RFVHN,Female,0,1,0,34,United States,California,Roseville,95747,38.784329,-121.373245
8884-FEEWR,Male,0,0,0,35,United States,California,El Dorado Hills,95762,38.684437,-121.055634
3125-RAHBV,Male,0,0,0,22,United States,California,Rocklin,95765,38.823278,-121.281856
0373-AIVNJ,Male,0,0,0,9,United States,California,Sacramento,95814,38.584505,-121.491956
1682-VCOIO,Male,0,0,0,23,United States,California,Sacramento,95816,38.574856,-121.46504
2072-ZVJJX,Male,0,1,0,68,United States,California,Sacramento,95818,38.556306,-121.495817
8849-AYPTR,Male,0,1,0,33,United States,California,Sacramento,95819,38.567594,-121.437507
9518-IMLHK,Male,0,0,0,31,United States,California,Sacramento,95820,38.53508,-121.444144
3646-ITDGM,Female,0,0,0,56,United States,California,Sacramento,95822,38.512569,-121.495184
3569-VLDHH,Male,0,1,1,66,United States,California,Sacramento,95824,38.517295,-121.439819
8224-KDLKN,Male,0,1,1,72,United States,California,Sacramento,95825,38.590035,-121.412455
7594-LZNWR,Male,1,0,0,34,United States,California,Sacramento,95826,38.542532,-121.378826
4001-TSBTV,Female,0,1,1,58,United States,California,Sacramento,95827,38.549185,-121.328386
8727-XDPUD,Male,0,0,0,37,United States,California,Sacramento,95829,38.486502,-121.334051
1043-UXOVO,Female,0,0,0,71,United States,California,Sacramento,95830,38.490508,-121.284171
1064-FBXNK,Male,0,1,1,1,United States,California,Sacramento,95831,38.494832,-121.529447
3996-ZNWYK,Male,1,1,1,71,United States,California,Sacramento,95832,38.445939,-121.496855
2878-DHMIN,Male,0,1,1,35,United States,California,Sacramento,95833,38.619049,-121.517552
7762-ONLJY,Female,0,1,1,6,United States,California,Sacramento,95834,38.646209,-121.52446
5795-BKOYE,Female,0,1,1,69,United States,California,Sacramento,95837,38.691607,-121.602284
7402-PWYJJ,Female,0,1,0,53,United States,California,Sacramento,95841,38.660442,-121.346321
0018-NYROU,Female,0,1,0,5,United States,California,Antelope,95843,38.715498,-121.363411
7501-VTYLJ,Female,0,0,1,2,United States,California,Sacramento,95864,38.585826,-121.376263
7608-RGIRO,Male,0,0,1,62,United States,California,Marysville,95901,39.19514,-121.503883
0480-BIXDE,Female,0,1,0,19,United States,California,Beale Afb,95903,39.125311,-121.392283
5895-QSXOD,Male,0,0,0,9,United States,California,Alleghany,95910,39.467828,-120.841386
9814-AOUDH,Male,0,0,0,53,United States,California,Arbuckle,95912,38.982373,-122.047751
6175-IRFIT,Male,0,0,0,5,United States,California,Bangor,95914,39.396585,-121.38029
8760-ZRHKE,Female,1,1,1,71,United States,California,Berry Creek,95916,39.657228,-121.37778
1622-HSHSF,Female,0,0,0,1,United States,California,Biggs,95917,39.457388,-121.818201
6749-UTDVX,Male,0,0,0,72,United States,California,Brownsville,95919,39.440687,-121.263583
5542-DHSXL,Female,0,1,0,4,United States,California,Butte City,95920,39.449794,-121.936372
9102-OXKFY,Male,0,0,0,59,United States,California,Camptonville,95922,39.432127,-121.099287
5216-WASFJ,Female,1,1,0,31,United States,California,Challenge,95925,39.461768,-121.195825
7808-DVWEP,Male,0,1,0,3,United States,California,Chico,95926,39.745712,-121.84333
2284-VFLKH,Male,0,1,0,49,United States,California,Clipper Mills,95930,39.562239,-121.14836
0366-NQSHS,Male,0,0,0,2,United States,California,Colusa,95932,39.273096,-122.050763
3807-BPOMJ,Female,0,1,0,55,United States,California,Dobbins,95935,39.381174,-121.21191
3892-NXAZG,Male,0,1,1,72,United States,California,Downieville,95936,39.578792,-120.780786
4948-WBBKL,Female,1,0,0,36,United States,California,Dunnigan,95937,38.931425,-121.946081
4182-BGSIQ,Female,0,1,1,10,United States,California,Durham,95938,39.607831,-121.777959
0988-AADSA,Female,0,1,1,72,United States,California,Forbestown,95941,39.531028,-121.24807
9972-NKTFD,Female,0,0,0,28,United States,California,Forest Ranch,95942,40.077028,-121.494168
3717-LNXKW,Male,0,1,0,38,United States,California,Glenn,95943,39.597975,-122.032248
5734-EJKXG,Female,0,0,0,61,United States,California,Goodyears Bar,95944,39.564113,-120.868836
2207-RYYRL,Male,0,1,1,52,United States,California,Grass Valley,95945,39.194539,-120.988066
6729-FZWSY,Male,0,0,0,67,United States,California,Penn Valley,95946,39.203817,-121.19584
9695-IDRZR,Female,0,0,1,34,United States,California,Greenville,95947,40.160386,-120.835428
8144-DGHXP,Female,0,0,0,54,United States,California,Gridley,95948,39.346898,-121.759537
7814-LEEVE,Female,0,1,0,1,United States,California,Grass Valley,95949,39.099204,-121.137962
8631-WUXGY,Female,0,0,1,46,United States,California,Magalia,95954,39.933852,-121.584371
5906-DVAPM,Female,0,1,1,55,United States,California,Meridian,95957,39.068071,-121.832638
6654-QGBZZ,Female,0,0,0,1,United States,California,Nevada City,95959,39.333737,-120.858667
8348-JLBUG,Male,1,1,0,64,United States,California,North San Juan,95960,39.423046,-120.984472
5641-DMBFJ,Female,0,1,0,58,United States,California,Oregon House,95962,39.342587,-121.249833
9200-NLNPD,Male,0,1,0,56,United States,California,Orland,95963,39.748037,-122.302169
2664-XJZNO,Male,0,1,1,72,United States,California,Oroville,95965,39.624561,-121.552866
3339-EAQNV,Male,1,1,0,72,United States,California,Palermo,95968,39.435756,-121.552071
0921-OHLVP,Male,0,0,0,22,United States,California,Paradise,95969,39.69676,-121.644379
8350-NYMVI,Female,0,0,0,39,United States,California,Chico,95973,39.903272,-121.843567
1600-DILPE,Female,0,0,0,12,United States,California,Richvale,95974,39.495768,-121.747472
0536-ESJEP,Male,0,1,0,54,United States,California,Rough And Ready,95975,39.225634,-121.156163
4654-GGUII,Female,0,0,0,18,United States,California,Smartville,95977,39.176595,-121.291692
6478-HRRCZ,Male,0,1,0,32,United States,California,Stirling City,95978,39.904002,-121.527823
8510-BBWMU,Female,0,0,0,41,United States,California,Stonyford,95979,39.288127,-122.415841
6857-TKDJV,Male,0,1,1,67,United States,California,Strawberry Valley,95981,39.58458,-121.093256
2360-RDGRO,Male,0,1,0,65,United States,California,Sutter,95982,39.172777,-121.805845
0584-BJQGZ,Female,0,0,0,25,United States,California,Taylorsville,95983,40.053684,-120.743116
1360-XFJMR,Female,0,1,0,67,United States,California,Washington,95986,39.34128,-120.786867
5730-RIITO,Female,1,0,0,43,United States,California,Willows,95988,39.493991,-122.286363
9058-MJLZC,Female,0,0,0,24,United States,California,Yuba City,95991,39.02741,-121.614982
0902-XKXPN,Male,0,1,1,69,United States,California,Redding,96001,40.587919,-122.464732
5177-RVZNU,Female,0,0,1,37,United States,California,Redding,96002,40.527834,-122.318749
0056-EPFBG,Male,0,1,1,20,United States,California,Redding,96003,40.677649,-122.29467
8993-IZEUX,Male,0,0,0,7,United States,California,Adin,96006,41.171578,-120.913161
8190-ZTQFB,Male,0,0,0,41,United States,California,Bieber,96009,41.083464,-121.107929
0931-MHTEM,Female,0,0,0,54,United States,California,Big Bar,96010,40.775272,-123.287414
7515-LODFU,Male,1,0,0,69,United States,California,Burney,96013,40.946785,-121.719489
0440-UEDAI,Female,0,0,0,53,United States,California,Callahan,96014,41.388397,-122.794636
1337-BOZWO,Male,0,1,1,18,United States,California,Canby,96015,41.486953,-120.913975
0868-VJRDR,Male,0,1,0,64,United States,California,Cassel,96016,40.936285,-121.572692
6344-SFJVH,Female,0,0,0,20,United States,California,Shasta Lake,96019,40.692523,-122.369876
3950-VPYJB,Male,0,1,1,57,United States,California,Chester,96020,40.243494,-121.154733
8041-TMEID,Male,1,1,0,63,United States,California,Corning,96021,39.913777,-122.289984
7321-ZNSLA,Male,0,1,1,13,United States,California,Cottonwood,96022,40.336392,-122.448533
6941-KXRRV,Female,1,1,0,48,United States,California,Dorris,96023,41.949216,-122.050062
8727-JQFHV,Male,0,1,1,57,United States,California,Dunsmuir,96025,41.212695,-122.392067
9475-NNDGC,Male,0,1,0,71,United States,California,Etna,96027,41.405193,-123.008567
1355-KUSBG,Female,0,1,1,7,United States,California,Fall River Mills,96028,41.017282,-121.468945
3688-FTHLT,Female,0,0,0,16,United States,California,Flournoy,96029,39.84784,-122.544556
0899-LIIBW,Male,0,1,0,34,United States,California,Forks Of Salmon,96031,41.232128,-123.194748
1384-RCUXW,Male,0,0,0,16,United States,California,French Gulch,96033,40.740138,-122.587476
5825-XJOCM,Male,0,0,1,48,United States,California,Gazelle,96034,41.411315,-122.697236
6848-YLDFR,Male,0,1,1,58,United States,California,Gerber,96035,40.03194,-122.176023
8125-QPFJD,Female,0,1,0,72,United States,California,Greenview,96037,41.528541,-122.955018
2320-YKQBO,Female,0,0,0,7,United States,California,Grenada,96038,41.599978,-122.539381
4973-RLZVI,Female,0,0,0,30,United States,California,Hornbrook,96044,41.962127,-122.527696
7869-ZYDST,Male,0,1,0,31,United States,California,Hyampom,96046,40.648024,-123.465088
4501-UYKBC,Female,1,0,0,46,United States,California,Igo,96047,40.524535,-122.647172
1215-EXRMO,Male,0,1,0,50,United States,California,Junction City,96048,40.913192,-123.06597
2305-MRGLV,Male,0,1,0,28,United States,California,Klamath River,96050,41.816595,-122.948287
8404-VIOMB,Female,0,0,0,66,United States,California,Lakehead,96051,40.883853,-122.418258
2359-KLTEK,Female,0,1,1,41,United States,California,Lookout,96054,41.280478,-121.160249
5304-EFJLP,Male,1,1,0,72,United States,California,Los Molinos,96055,40.059385,-122.091481
2673-ZALNP,Female,0,0,0,7,United States,California,Mcarthur,96056,41.10831,-121.360362
9184-GALIL,Female,0,1,1,38,United States,California,Mccloud,96057,41.251322,-122.105209
4393-RYCRE,Male,0,0,0,44,United States,California,Macdoel,96058,41.769709,-121.92063
9746-MDMBK,Male,0,1,1,47,United States,California,Manton,96059,40.426679,-121.850421
3162-ZJZFU,Male,0,1,1,53,United States,California,Mill Creek,96061,40.331975,-121.460674
8404-GFGCZ,Male,0,1,0,4,United States,California,Millville,96062,40.531257,-122.148139
8875-AKBYH,Male,1,0,0,20,United States,California,Mineral,96063,40.408796,-121.579609
0533-UCAAU,Male,1,1,0,57,United States,California,Montgomery Creek,96065,40.877552,-121.885884
1394-SUIUH,Female,1,1,0,44,United States,California,Mount Shasta,96067,41.33832,-122.290756
3521-MNKLV,Male,0,0,0,24,United States,California,Nubieber,96068,41.082472,-121.195215
2533-TIBIX,Male,0,1,1,15,United States,California,Oak Run,96069,40.689243,-122.037023
5092-STPKP,Female,0,0,0,24,United States,California,Platina,96076,40.367964,-122.937379
0114-PEGZZ,Female,0,0,0,33,United States,California,Round Mountain,96084,40.923558,-122.059933
3359-DSRKA,Female,0,1,1,58,United States,California,Scott Bar,96085,41.737962,-123.07557
8639-NHQEI,Female,0,1,1,72,United States,California,Seiad Valley,96086,41.924174,-123.260788
7161-DFHUF,Female,0,1,0,71,United States,California,Shasta,96087,40.617614,-122.512861
3720-DBRWL,Male,0,1,0,51,United States,California,Tehama,96090,40.021787,-122.127576
8565-WUXZU,Male,1,1,0,72,United States,California,Vina,96092,39.955164,-122.018567
4994-OBRSZ,Male,0,0,1,14,United States,California,Weed,96094,41.465121,-122.380947
0562-FGDCR,Female,0,1,1,72,United States,California,Whitmore,96096,40.637105,-121.906949
2436-QBZFP,Female,0,1,1,22,United States,California,Yreka,96097,41.764869,-122.671316
3420-YJLQT,Female,0,0,0,2,United States,California,Alturas,96101,41.468877,-120.54229
6040-CGACY,Female,0,0,0,15,United States,California,Blairsden Graeagle,96103,39.783747,-120.661032
6582-PLFUU,Male,0,1,1,51,United States,California,Cedarville,96104,41.505916,-120.152505
8242-PDSGJ,Male,0,1,0,70,United States,California,Chilcoot,96105,39.872961,-120.198876
0264-CNITK,Female,0,1,1,71,United States,California,Clio,96106,39.745805,-120.580882
0089-IIQKO,Female,0,1,1,39,United States,California,Coleville,96107,38.42528,-119.475741
7839-NUIAA,Female,0,1,1,61,United States,California,Davis Creek,96108,41.750354,-120.403885
6075-QMNRR,Female,0,0,0,52,United States,California,Doyle,96109,40.012675,-120.101857
5966-EMAZU,Male,0,1,0,64,United States,California,Fort Bidwell,96112,41.932207,-120.135941
0440-EKDCF,Male,0,1,0,62,United States,California,Herlong,96113,40.198234,-120.18089
4774-HHGGS,Male,0,1,0,30,United States,California,Janesville,96114,40.294034,-120.512622
2055-BFOCC,Male,1,1,0,63,United States,California,Likely,96116,41.266008,-120.490731
8180-AKMJV,Female,0,0,0,1,United States,California,Litchfield,96117,40.507272,-120.338228
4298-OYIFC,Male,0,1,0,15,United States,California,Loyalton,96118,39.637471,-120.226338
5566-SOEZD,Male,0,1,1,27,United States,California,Madeline,96119,41.042003,-120.506086
9842-EFSYY,Female,0,0,1,4,United States,California,Markleeville,96120,38.735789,-119.85798
2272-WUSPA,Female,0,1,0,72,United States,California,Milford,96121,40.181279,-120.392967
4584-LBNMK,Male,1,1,0,45,United States,California,Portola,96122,39.786755,-120.445626
3898-GUYTS,Female,1,0,0,45,United States,California,Ravendale,96123,40.845738,-120.322219
0930-EHUZA,Female,0,0,0,36,United States,California,Calpine,96124,39.672813,-120.456699
9975-SKRNR,Male,0,0,0,1,United States,California,Sierraville,96126,39.559709,-120.345639
3703-KBKZP,Male,1,0,0,16,United States,California,Standish,96128,40.346634,-120.386422
4973-MGTON,Female,0,1,0,71,United States,California,Topaz,96133,38.636052,-119.489162
3682-YEUWS,Male,0,1,1,10,United States,California,Tulelake,96134,41.813521,-121.492666
1223-UNPKS,Male,0,1,1,20,United States,California,Wendel,96136,40.345949,-120.081187
3446-QDSZF,Female,0,0,0,4,United States,California,Homewood,96141,39.117018,-120.212535
5117-IFGPS,Male,1,1,0,29,United States,California,Tahoe City,96145,39.178337,-120.162806
7379-FNIUJ,Male,0,0,0,2,United States,California,Olympic Valley,96146,39.191797,-120.212401
1627-AFWVJ,Female,0,0,0,29,United States,California,Tahoe Vista,96148,39.24124,-120.054765
4486-EFAEB,Male,0,0,0,13,United States,California,Los Angeles,90002,33.949255,-118.246978
0060-FUALY,Female,0,1,0,59,United States,California,Los Angeles,90003,33.964131,-118.272783
6954-OOYZZ,Male,0,1,0,18,United States,California,Los Angeles,90006,34.048013,-118.293953
7088-FBAWU,Female,0,1,1,17,United States,California,Los Angeles,90007,34.027337,-118.28515
8313-AFGBW,Male,0,1,0,47,United States,California,Los Angeles,90008,34.008293,-118.346766
3097-IDVPU,Male,0,1,1,19,United States,California,Los Angeles,90012,34.065875,-118.238728
2197-OMWGI,Female,1,1,1,68,United States,California,Los Angeles,90014,34.043144,-118.251977
2303-PJYHN,Female,0,1,0,2,United States,California,Los Angeles,90015,34.039224,-118.266293
9795-VOWON,Male,0,0,0,7,United States,California,Los Angeles,90016,34.028331,-118.354338
1237-WIYYZ,Female,0,0,0,18,United States,California,Los Angeles,90017,34.052842,-118.264495
1987-AUELQ,Female,0,1,0,71,United States,California,Los Angeles,90018,34.028735,-118.317236
7852-LECYP,Male,1,1,0,13,United States,California,Los Angeles,90019,34.049841,-118.33846
4822-LPTYJ,Male,0,1,0,72,United States,California,Los Angeles,90021,34.029043,-118.239504
8165-CBKXO,Male,0,1,1,66,United States,California,Los Angeles,90022,34.02381,-118.156582
6527-PZFPV,Male,0,1,1,24,United States,California,Los Angeles,90023,34.017697,-118.200577
9593-CVZKR,Female,0,1,1,56,United States,California,Los Angeles,90025,34.046174,-118.446333
8595-SIZNC,Female,1,1,0,22,United States,California,Los Angeles,90026,34.078991,-118.263804
5236-XMZJY,Female,0,0,0,42,United States,California,Los Angeles,90031,34.085807,-118.206617
4827-DPADN,Female,0,1,1,72,United States,California,Los Angeles,90032,34.078821,-118.177576
2694-CIUMO,Female,0,0,0,12,United States,California,Los Angeles,90033,34.050198,-118.210946
5846-ABOBJ,Male,0,1,0,71,United States,California,Los Angeles,90034,34.030578,-118.399613
1439-LCGVL,Female,0,1,0,26,United States,California,Los Angeles,90035,34.051809,-118.383843
0909-SDHNU,Female,0,0,1,7,United States,California,Los Angeles,90036,34.070291,-118.349191
4647-XXZAM,Female,0,1,1,6,United States,California,Los Angeles,90037,34.002642,-118.287596
7740-KKCXF,Male,0,1,0,51,United States,California,Los Angeles,90039,34.110845,-118.259595
5360-XGYAZ,Male,0,1,1,72,United States,California,Los Angeles,90040,33.994524,-118.149953
3557-HTYWR,Female,0,0,0,47,United States,California,Los Angeles,90043,33.988543,-118.334081
8920-NAVAY,Male,1,0,0,62,United States,California,Los Angeles,90045,33.954017,-118.402447
1699-TLDLZ,Female,0,1,1,16,United States,California,Los Angeles,90046,34.108455,-118.362081
5600-PDUJF,Male,0,0,0,6,United States,California,Los Angeles,90047,33.958149,-118.308441
0567-XRHCU,Female,0,1,1,69,United States,California,Los Angeles,90049,34.091829,-118.491244
2067-QYTCF,Female,0,1,0,64,United States,California,Los Angeles,90057,34.061918,-118.277939
7407-SUJIZ,Male,0,0,0,25,United States,California,Los Angeles,90061,33.92128,-118.274186
9150-KPBJQ,Female,0,0,0,6,United States,California,Los Angeles,90062,34.003553,-118.308933
0052-DCKON,Male,0,1,0,66,United States,California,Los Angeles,90063,34.044271,-118.185237
3654-ARMGP,Female,0,0,0,61,United States,California,Los Angeles,90064,34.037251,-118.423573
9699-UBQFS,Female,1,1,0,43,United States,California,Los Angeles,90065,34.108833,-118.229715
9367-TCUYN,Female,0,0,0,12,United States,California,Los Angeles,90066,34.002028,-118.430656
1261-FWTTE,Male,1,0,0,23,United States,California,Los Angeles,90067,34.057496,-118.413959
3528-HFRIQ,Male,1,1,0,71,United States,California,Los Angeles,90068,34.137411,-118.328915
0708-SJDIS,Female,0,0,0,34,United States,California,West Hollywood,90069,34.093781,-118.381061
2073-QBVBI,Female,0,1,0,41,United States,California,Los Angeles,90077,34.102084,-118.451629
6928-ONTRW,Female,0,1,1,72,United States,California,Bell,90201,33.970343,-118.171368
3320-VEOYC,Male,1,0,0,14,United States,California,Beverly Hills,90210,34.099891,-118.414338
5231-FIQPA,Female,0,0,0,41,United States,California,Beverly Hills,90211,34.063947,-118.383001
6617-WLBQC,Female,0,1,1,23,United States,California,Beverly Hills,90212,34.062095,-118.401508
2599-CIPQE,Male,0,1,1,71,United States,California,Compton,90220,33.88151,-118.234451
8774-GSBUN,Male,0,1,0,72,United States,California,Compton,90222,33.912246,-118.236773
7326-RIGQZ,Male,0,1,1,6,United States,California,Culver City,90230,33.993991,-118.39704
1401-FTHFQ,Male,0,1,1,23,United States,California,Culver City,90232,34.019323,-118.391902
0254-FNMCI,Female,0,0,0,72,United States,California,Downey,90241,33.940884,-118.128628
1848-LBZHY,Female,0,1,0,7,United States,California,Downey,90242,33.921793,-118.140588
8118-TJAFG,Male,0,1,1,9,United States,California,Gardena,90247,33.890853,-118.297967
5429-LWCMV,Female,0,0,0,12,United States,California,Gardena,90248,33.876482,-118.284077
7298-IZWLY,Female,0,0,0,1,United States,California,Gardena,90249,33.90139,-118.315697
9758-MFWGD,Female,1,1,1,48,United States,California,Hawthorne,90250,33.914775,-118.348083
3955-JBZZM,Male,0,0,0,20,United States,California,Hermosa Beach,90254,33.86532,-118.396336
4815-TUMEQ,Female,0,0,0,10,United States,California,Lynwood,90262,33.923573,-118.200669
9909-IDLEK,Male,0,1,1,20,United States,California,Malibu,90265,34.074572,-118.831181
4092-OFQZS,Male,0,1,0,20,United States,California,Manhattan Beach,90266,33.889632,-118.39737
1561-BWHIN,Male,0,1,1,19,United States,California,Maywood,90270,33.988572,-118.186565
9927-DSWDF,Male,0,1,0,22,United States,California,Palos Verdes Peninsula,90274,33.788208,-118.404955
9500-LTVBP,Female,0,0,0,35,United States,California,Rancho Palos Verdes,90275,33.753146,-118.367459
7252-NTGSS,Female,0,0,0,1,United States,California,Redondo Beach,90277,33.830453,-118.384565
8149-AIQCG,Male,0,0,0,39,United States,California,Redondo Beach,90278,33.873395,-118.37019
1360-JYXKQ,Female,1,1,0,54,United States,California,South Gate,90280,33.944624,-118.192615
0899-WZRSD,Male,0,0,0,56,United States,California,Marina Del Rey,90292,33.977468,-118.445475
3255-GRXMG,Male,0,0,1,18,United States,California,Playa Del Rey,90293,33.947305,-118.439841
4828-FAZPK,Female,0,1,1,16,United States,California,Inglewood,90301,33.956445,-118.358634
6094-ZIVKX,Female,0,0,0,68,United States,California,Inglewood,90302,33.975332,-118.355252
6925-BAYGL,Female,1,1,0,53,United States,California,Inglewood,90303,33.936291,-118.332639
3262-EIDHV,Female,0,1,1,72,United States,California,Inglewood,90304,33.936827,-118.359824
7354-OIJLX,Male,0,0,0,9,United States,California,Inglewood,90305,33.958134,-118.330905
1376-HHBDV,Female,0,0,0,30,United States,California,Santa Monica,90401,34.015481,-118.493231
6133-OZILE,Female,0,0,0,18,United States,California,Santa Monica,90403,34.031529,-118.491156
4135-FRWKJ,Female,1,1,1,55,United States,California,Santa Monica,90404,34.026334,-118.474222
6551-ZCOTS,Male,1,0,0,33,United States,California,Torrance,90503,33.840399,-118.353714
7191-ADRGF,Male,0,1,0,44,United States,California,Torrance,90504,33.867257,-118.330794
5018-LXQQG,Female,0,1,1,30,United States,California,Torrance,90505,33.807882,-118.347957
6892-BOGQE,Female,0,1,0,71,United States,California,Whittier,90601,34.007353,-118.033683
1746-TGTWV,Male,0,1,0,1,United States,California,Whittier,90604,33.929704,-118.01208
5995-SNNEW,Male,1,1,0,23,United States,California,Whittier,90605,33.960891,-118.032222
8050-WYBND,Female,0,0,1,22,United States,California,Whittier,90606,33.976678,-118.065875
2821-WARNZ,Female,0,0,1,49,United States,California,Buena Park,90620,33.845706,-118.012204
4879-GZLFH,Female,0,1,1,42,United States,California,Buena Park,90621,33.874224,-117.993368
8314-HTWVE,Female,0,1,1,7,United States,California,Cypress,90630,33.818477,-118.038307
9402-ROUMJ,Female,0,1,1,67,United States,California,La Habra,90631,33.940619,-117.9513
2507-QZPQS,Male,0,0,0,15,United States,California,La Mirada,90638,33.902045,-118.008961
7159-NOKYQ,Male,0,1,0,67,United States,California,Montebello,90640,34.015217,-118.109962
5707-ZMDJP,Male,0,1,1,53,United States,California,Norwalk,90650,33.905963,-118.08263
8779-YIQQA,Male,0,1,1,21,United States,California,Pico Rivera,90660,33.989524,-118.089299
7136-IHZJA,Female,0,1,1,40,United States,California,Santa Fe Springs,90670,33.933565,-118.062611
8966-OIQHG,Female,0,1,1,22,United States,California,Stanton,90680,33.801869,-117.995068
7074-STDCN,Male,0,0,0,39,United States,California,Artesia,90701,33.867593,-118.080637
8739-QOTTN,Female,0,1,0,2,United States,California,Avalon,90704,33.391181,-118.421305
1399-OUPJN,Female,0,1,1,57,United States,California,Bellflower,90706,33.887676,-118.127289
0277-BKSQP,Male,0,1,1,8,United States,California,Harbor City,90710,33.798266,-118.300237
5774-XZTQC,Female,0,1,1,7,United States,California,Lakewood,90715,33.841027,-118.078097
2676-SSLTO,Male,0,0,0,49,United States,California,Hawaiian Gardens,90716,33.830431,-118.074071
6266-QHOJZ,Female,0,0,0,65,United States,California,Lomita,90717,33.794209,-118.317354
7269-JISCY,Female,0,0,0,55,United States,California,Los Alamitos,90720,33.79499,-118.065591
0363-SVHYR,Male,0,1,1,71,United States,California,Paramount,90723,33.897122,-118.164432
8547-NSBBO,Male,0,0,0,35,United States,California,San Pedro,90731,33.736387,-118.284363
6591-QGOYB,Male,0,0,0,17,United States,California,Surfside,90743,33.728273,-118.085304
9070-BCKQP,Female,0,1,0,72,United States,California,Wilmington,90744,33.782068,-118.262263
6421-SZVEM,Female,0,1,1,28,United States,California,Carson,90745,33.822295,-118.26411
1328-EUZHC,Female,0,1,0,18,United States,California,Carson,90746,33.859171,-118.252272
8878-RYUKI,Female,0,0,0,52,United States,California,Long Beach,90803,33.760458,-118.129725
9633-DENPU,Female,0,1,0,47,United States,California,Long Beach,90804,33.783047,-118.1486
7811-JIVPF,Female,0,0,0,23,United States,California,Long Beach,90805,33.864622,-118.179626
7113-HIPFI,Male,0,1,1,66,United States,California,Long Beach,90806,33.802664,-118.179971
8541-QVFKM,Female,0,0,0,8,United States,California,Long Beach,90807,33.830099,-118.182239
9258-CNWAC,Female,0,1,1,71,United States,California,Long Beach,90813,33.781086,-118.199049
5371-VYLSX,Female,1,0,0,50,United States,California,Long Beach,90814,33.771612,-118.143866
6374-AFWOX,Male,0,1,0,46,United States,California,Long Beach,90815,33.797638,-118.11662
5317-FLPJF,Female,0,0,0,66,United States,California,Altadena,91001,34.196837,-118.142236
7621-VPNET,Female,0,1,0,42,United States,California,Arcadia,91006,34.137319,-118.029837
6034-YMTOB,Female,0,0,0,5,United States,California,Arcadia,91007,34.128284,-118.047732
4903-CNOZC,Male,0,0,0,29,United States,California,La Canada Flintridge,91011,34.234912,-118.153729
4353-HYOJD,Female,0,1,1,27,United States,California,Monrovia,91016,34.1528,-118.000482
7267-FRMJW,Female,0,1,1,25,United States,California,Sierra Madre,91024,34.168686,-118.057505
4188-FRABG,Male,0,1,0,57,United States,California,Sunland,91040,34.282704,-118.312929
4128-ETESU,Female,1,1,0,47,United States,California,Pasadena,91101,34.146635,-118.139225
0620-DLSLK,Female,0,0,0,13,United States,California,Pasadena,91103,34.167465,-118.165327
3850-OKINF,Male,0,1,1,71,United States,California,Pasadena,91106,34.139402,-118.128658
1156-ZFYDO,Female,0,0,0,1,United States,California,Glendale,91201,34.17051,-118.289463
3295-YVUSR,Male,1,0,0,2,United States,California,Glendale,91202,34.167926,-118.267539
8016-NCFVO,Male,1,0,0,55,United States,California,Glendale,91203,34.153338,-118.262974
4119-ZYPZY,Male,1,0,0,71,United States,California,Glendale,91204,34.136306,-118.26036
5549-ZGHFB,Male,0,1,1,50,United States,California,Glendale,91205,34.13658,-118.245839
7577-SWIFR,Male,0,0,0,1,United States,California,Glendale,91206,34.162515,-118.203869
0303-WMMRN,Male,0,0,0,5,United States,California,Glendale,91207,34.182378,-118.262922
6408-OTUBZ,Female,0,0,0,66,United States,California,Glendale,91208,34.195386,-118.238508
5204-HMGYF,Female,0,1,1,49,United States,California,La Crescenta,91214,34.239636,-118.245259
1078-TDCRN,Female,1,1,0,3,United States,California,Agoura Hills,91301,34.129058,-118.759788
3727-OVPRY,Male,0,1,1,66,United States,California,Calabasas,91302,34.130861,-118.68346
3797-FKOGQ,Male,0,0,1,11,United States,California,Canoga Park,91303,34.19829,-118.602203
7622-NXQZR,Male,0,0,0,28,United States,California,Canoga Park,91304,34.224377,-118.632656
6196-HBOBZ,Male,0,1,0,65,United States,California,Winnetka,91306,34.209532,-118.577563
3970-XGJDU,Female,0,0,0,62,United States,California,West Hills,91307,34.199787,-118.68493
7017-VFULY,Female,0,1,0,2,United States,California,Chatsworth,91311,34.294142,-118.603883
5562-YJQGT,Female,0,0,0,2,United States,California,Encino,91316,34.150354,-118.518292
8807-OPMBM,Female,0,1,1,55,United States,California,Newbury Park,91320,34.172071,-118.946262
5439-WIKXB,Male,1,1,0,41,United States,California,Newhall,91321,34.370378,-118.504118
8294-UIMBA,Female,0,0,0,30,United States,California,Northridge,91325,34.236683,-118.517588
8109-YUOHE,Male,0,0,0,17,United States,California,Porter Ranch,91326,34.281911,-118.556218
5840-NVDCG,Female,0,1,1,16,United States,California,Pacoima,91331,34.255442,-118.421314
8092-NLTGF,Male,0,0,0,72,United States,California,Reseda,91335,34.200175,-118.540958
5928-QLDHB,Male,0,0,0,9,United States,California,San Fernando,91340,34.286131,-118.435969
9840-EFJQB,Female,0,0,0,1,United States,California,Sylmar,91342,34.321621,-118.399841
0696-UKTOX,Male,0,0,1,23,United States,California,North Hills,91343,34.238802,-118.482296
4801-KFYKL,Male,0,0,1,8,United States,California,Granada Hills,91344,34.291273,-118.505104
3472-OAOOR,Male,0,1,1,19,United States,California,Mission Hills,91345,34.266389,-118.459744
6135-OZQVA,Female,0,0,0,7,United States,California,Santa Clarita,91350,34.502432,-118.41459
2252-JHJGE,Male,0,0,0,61,United States,California,Sun Valley,91352,34.231053,-118.338307
4188-PCPIG,Female,0,1,0,57,United States,California,Valencia,91354,34.457005,-118.573726
7105-BENQF,Male,0,0,1,15,United States,California,Tarzana,91356,34.157137,-118.548511
7721-DVEKZ,Female,0,0,0,1,United States,California,Thousand Oaks,91360,34.214054,-118.88109
3566-VVORZ,Female,0,1,0,12,United States,California,Westlake Village,91361,34.130992,-118.894673
9507-HSMMZ,Male,0,0,0,54,United States,California,Thousand Oaks,91362,34.191842,-118.822796
2480-SQIOB,Male,0,1,1,4,United States,California,Woodland Hills,91364,34.153733,-118.593408
7813-TKCVO,Female,0,1,0,20,United States,California,Oak Park,91377,34.19225,-118.776874
0128-MKWSG,Female,0,0,1,26,United States,California,Stevenson Ranch,91381,34.364153,-118.615583
4350-ZTLPI,Female,0,1,0,53,United States,California,Van Nuys,91401,34.178483,-118.431791
0361-HJRDX,Female,0,0,0,68,United States,California,Sherman Oaks,91403,34.147149,-118.463365
5727-MYATE,Male,0,1,1,72,United States,California,Van Nuys,91405,34.202494,-118.448048
3823-KYNQY,Male,0,0,0,12,United States,California,Van Nuys,91406,34.195685,-118.490752
7570-WELNY,Female,0,1,0,68,United States,California,Sherman Oaks,91423,34.146957,-118.432138
3021-VLNRJ,Female,0,0,1,50,United States,California,Encino,91436,34.152875,-118.486056
2080-CAZNM,Female,1,0,0,41,United States,California,Burbank,91502,34.177267,-118.31003
1028-FFNJK,Male,1,1,0,30,United States,California,Burbank,91504,34.213049,-118.317651
6907-FLBER,Male,0,0,0,1,United States,California,Burbank,91505,34.174215,-118.345928
3001-UNBTL,Male,1,1,1,29,United States,California,Burbank,91506,34.169706,-118.323548
5982-PSMKW,Female,0,1,1,23,United States,California,North Hollywood,91601,34.1692,-118.372498
3507-GASNP,Male,0,0,1,60,United States,California,North Hollywood,91602,34.15136,-118.364786
7096-ZNBZI,Female,0,1,0,72,United States,California,Studio City,91604,34.139082,-118.39275
1676-MQAOA,Male,0,0,0,72,United States,California,North Hollywood,91606,34.187599,-118.387125
0786-IVLAW,Female,1,0,0,66,United States,California,Valley Village,91607,34.165783,-118.399795
7566-DSRLQ,Female,0,1,0,72,United States,California,Rancho Cucamonga,91701,34.132275,-117.611478
7245-JMTTQ,Female,0,0,0,51,United States,California,Baldwin Park,91706,34.098275,-117.967399
6050-IJRHS,Female,0,1,1,70,United States,California,Chino Hills,91709,33.942895,-117.725644
6202-JVYEU,Male,0,0,0,9,United States,California,Chino,91710,33.990646,-117.663025
8591-TKMZH,Male,0,1,1,59,United States,California,Claremont,91711,34.127621,-117.717863
0734-OXWBT,Male,0,0,1,3,United States,California,Covina,91722,34.097345,-117.906736
4282-ACRXS,Male,1,1,0,38,United States,California,Covina,91723,34.084747,-117.886844
0365-TRTPY,Female,0,0,0,37,United States,California,Covina,91724,34.08111,-117.853935
7349-ALMUX,Male,0,0,0,37,United States,California,Rancho Cucamonga,91730,34.10097,-117.57882
6502-KUGLL,Female,0,1,1,14,United States,California,El Monte,91732,34.074492,-118.01462
1841-YSJGV,Male,0,1,0,72,United States,California,South El Monte,91733,34.04622,-118.053753
3511-BFTJW,Male,0,1,1,72,United States,California,Glendora,91740,34.119363,-117.855059
7668-XCFYV,Female,1,1,0,17,United States,California,Glendora,91741,34.14649,-117.849815
5018-HEKFO,Female,0,0,0,10,United States,California,Rowland Heights,91748,33.976753,-117.897367
3976-NLDEZ,Male,0,0,0,1,United States,California,Mira Loma,91752,33.999992,-117.535395
2282-YGNOR,Female,0,0,0,29,United States,California,Monterey Park,91754,34.050322,-118.147037
5336-UFNZP,Female,1,1,1,65,United States,California,Monterey Park,91755,34.049172,-118.115022
6854-EXGSF,Female,0,0,0,8,United States,California,Mt Baldy,91759,34.231318,-117.662032
1241-EZFMJ,Male,0,1,0,61,United States,California,Ontario,91761,34.035602,-117.591528
9233-PSYHO,Female,1,0,0,45,United States,California,Ontario,91762,34.057256,-117.667677
5376-PCKNB,Male,0,1,1,72,United States,California,Montclair,91763,34.072121,-117.698319
8044-BGWPI,Male,0,1,1,12,United States,California,Ontario,91764,34.074087,-117.605618
4060-LDNLU,Male,0,0,0,7,United States,California,Diamond Bar,91765,33.992416,-117.807874
3589-PPVKW,Male,0,0,0,9,United States,California,Pomona,91766,34.042286,-117.756106
5887-IKKYO,Male,0,1,1,58,United States,California,Pomona,91768,34.067932,-117.785168
1755-RMCXH,Male,0,1,1,2,United States,California,San Dimas,91773,34.102119,-117.815532
3858-XHYJO,Female,0,1,0,40,United States,California,San Gabriel,91776,34.089927,-118.095645
4299-SIMNS,Male,0,0,0,9,United States,California,Temple City,91780,34.101608,-118.055848
7025-IWFHT,Male,0,0,0,41,United States,California,Upland,91784,34.141146,-117.655583
6261-LHRTG,Female,0,0,0,26,United States,California,Upland,91786,34.105493,-117.660934
7841-FCRQD,Female,0,1,0,33,United States,California,Walnut,91789,34.018354,-117.85492
2056-EVGZL,Male,0,1,1,68,United States,California,West Covina,91790,34.066964,-117.937007
8777-MBMTS,Female,1,1,0,65,United States,California,West Covina,91791,34.061634,-117.893169
7753-USQYQ,Male,0,0,0,55,United States,California,West Covina,91792,34.024405,-117.898722
7661-CPURM,Male,0,0,0,19,United States,California,Alhambra,91803,34.074736,-118.145959
6233-HXJMX,Female,0,0,0,45,United States,California,Alpine,91901,32.827184,-116.703729
5902-WBLSE,Female,0,1,1,70,United States,California,Bonita,91902,32.67117,-117.00232
3239-TPHPZ,Female,0,1,0,12,United States,California,Chula Vista,91910,32.636792,-117.054989
5115-GZDEL,Male,0,0,1,72,United States,California,Chula Vista,91911,32.607964,-117.059459
3338-CVVEH,Male,0,0,0,12,United States,California,Chula Vista,91913,32.64164,-116.985026
2615-YVMYX,Male,1,1,0,71,United States,California,Chula Vista,91915,32.605012,-116.97595
2851-STERV,Male,1,0,0,35,United States,California,Descanso,91916,32.912664,-116.635387
4393-GEADV,Male,0,1,1,70,United States,California,Dulzura,91917,32.622999,-116.687855
8486-AYEQH,Female,0,0,0,31,United States,California,Guatay,91931,32.857946,-116.561917
5419-JKZNQ,Male,1,1,0,30,United States,California,La Mesa,91941,32.759327,-116.99726
2495-KZNFB,Female,0,0,0,33,United States,California,La Mesa,91942,32.782501,-117.01611
1409-PHXTF,Male,1,1,0,54,United States,California,Lemon Grove,91945,32.733564,-117.033713
4560-WQAQW,Female,0,0,0,59,United States,California,Mount Laguna,91948,32.830852,-116.444601
9591-YVTEB,Male,1,0,0,55,United States,California,National City,91950,32.67102,-117.095235
9309-BZGNT,Male,1,1,0,69,United States,California,Pine Valley,91962,32.800671,-116.483363
4274-DRSQT,Female,0,0,0,66,United States,California,Potrero,91963,32.619465,-116.593605
2027-DNKIV,Male,0,1,1,37,United States,California,Spring Valley,91977,32.726627,-116.994608
8075-GXIUB,Male,1,1,0,9,United States,California,Spring Valley,91978,32.730264,-116.950963
2885-HIJDH,Male,0,1,1,69,United States,California,Tecate,91980,32.587557,-116.636816
5424-RLQLC,Male,0,0,0,10,United States,California,Bonsall,92003,33.290907,-117.202895
6507-DTJZV,Male,0,0,1,13,United States,California,Cardiff By The Sea,92007,33.015866,-117.272254
7673-BQGKU,Female,0,1,1,69,United States,California,Carlsbad,92009,33.098018,-117.258203
6723-WSNTY,Female,1,1,0,66,United States,California,Del Mar,92014,32.948262,-117.256086
2725-IWWBA,Male,0,1,1,46,United States,California,El Cajon,92020,32.79697,-116.969082
1061-PNTHC,Female,0,1,1,56,United States,California,Encinitas,92024,33.054579,-117.25665
0394-YONDK,Male,0,1,1,70,United States,California,Escondido,92025,33.081478,-117.033814
6574-MCOEH,Female,0,1,1,33,United States,California,Escondido,92026,33.21846,-117.116916
7399-QHBJS,Female,0,1,1,72,United States,California,Escondido,92027,33.141265,-116.967221
0997-YTLNY,Female,0,0,1,19,United States,California,Escondido,92029,33.079834,-117.134275
9479-HYNYL,Female,0,1,0,71,United States,California,La Jolla,92037,32.853743,-117.25034
9708-KFDBY,Male,0,0,0,1,United States,California,Oceanside,92054,33.351059,-117.420557
3642-GKTCT,Female,0,0,0,61,United States,California,Oceanside,92057,33.254497,-117.285879
0774-RMNUW,Female,0,1,1,71,United States,California,Pala,92059,33.384345,-117.072619
1334-PDUKM,Female,0,1,0,68,United States,California,Palomar Mountain,92060,33.309852,-116.823091
0756-MPZRL,Male,0,0,0,46,United States,California,Pauma Valley,92061,33.313828,-116.940501
2242-MFOTG,Male,0,0,0,33,United States,California,Poway,92064,32.984395,-117.013454
2927-CVULT,Female,0,1,1,53,United States,California,Ramona,92065,33.044541,-116.833922
2144-BFDSO,Female,1,1,0,50,United States,California,Ranchita,92066,33.215251,-116.53633
8745-PVESG,Female,0,0,0,57,United States,California,Rancho Santa Fe,92067,33.012751,-117.200617
7647-GYYKX,Female,0,1,1,54,United States,California,San Marcos,92069,33.162624,-117.170863
5647-FXOTP,Female,1,1,0,60,United States,California,Santa Ysabel,92070,33.174725,-116.743329
9700-ISPUP,Female,0,1,1,10,United States,California,Valley Center,92082,33.25283,-116.986079
9839-ETQOE,Male,0,0,1,43,United States,California,Vista,92083,33.17494,-117.242761
6078-VESFR,Male,1,1,0,13,United States,California,Vista,92084,33.22784,-117.200024
9027-TMATR,Female,0,1,0,43,United States,California,Warner Springs,92086,33.323705,-116.626907
1941-HOSAM,Male,0,1,1,1,United States,California,San Diego,92101,32.72523,-117.171346
9110-HSGTV,Female,0,0,0,69,United States,California,San Diego,92102,32.716007,-117.117462
0704-VCUMB,Female,0,1,0,61,United States,California,San Diego,92103,32.747484,-117.166877
6171-ZTVYB,Male,0,1,0,43,United States,California,San Diego,92104,32.741499,-117.127409
1935-IMVBB,Male,0,1,0,56,United States,California,San Diego,92107,32.741852,-117.243453
2535-PBCGC,Female,0,1,0,70,United States,California,San Diego,92108,32.774046,-117.142454
1470-PSXNM,Male,0,1,1,49,United States,California,San Diego,92110,32.76501,-117.19938
2498-XLDZR,Female,0,1,1,32,United States,California,San Diego,92113,32.697098,-117.116587
9866-OCCKE,Female,1,1,0,72,United States,California,San Diego,92114,32.707892,-117.05512
5338-YHWYT,Male,0,0,1,37,United States,California,San Diego,92115,32.762506,-117.07245
7718-UPSKJ,Female,0,1,0,69,United States,California,San Diego,92116,32.765299,-117.122565
8731-WBBMB,Female,0,1,0,26,United States,California,San Diego,92117,32.825086,-117.199424
1448-CYWKC,Female,0,1,1,58,United States,California,Coronado,92118,32.68674,-117.186612
7901-IIDQV,Male,0,0,0,24,United States,California,San Diego,92119,32.802959,-117.027095
2690-DVRVK,Male,0,1,1,5,United States,California,San Diego,92120,32.807867,-117.060993
1270-XKUCC,Female,0,1,1,30,United States,California,San Diego,92122,32.85723,-117.209774
0334-ZFJSR,Female,0,1,0,55,United States,California,San Diego,92123,32.808814,-117.134694
5583-EJXRD,Male,0,1,1,44,United States,California,San Diego,92127,33.017518,-117.118456
4565-EVZMJ,Female,0,0,0,47,United States,California,San Diego,92128,33.000269,-117.072093
3327-YBAKM,Female,0,1,0,64,United States,California,San Diego,92131,32.89325,-117.087091
9441-QHEVC,Male,0,0,0,1,United States,California,San Diego,92139,32.677716,-117.047666
6705-LNMDD,Male,0,0,0,20,United States,California,San Diego,92154,32.578103,-117.012975
2580-ASVVY,Female,0,1,0,37,United States,California,San Ysidro,92173,32.555828,-117.040073
3370-GQEAL,Male,0,1,1,30,United States,California,Indio,92201,33.713891,-116.237257
5032-USPKF,Female,0,0,0,38,United States,California,Indio,92203,33.752938,-116.230055
4254-QPEDE,Female,0,1,0,52,United States,California,Banning,92220,33.936298,-116.849577
6283-GITPX,Male,0,0,1,71,United States,California,Beaumont,92223,33.946982,-116.977672
0771-CHWSK,Male,0,0,0,66,United States,California,Brawley,92227,33.03933,-115.191857
9788-HNGUT,Male,0,1,0,72,United States,California,Cabazon,92230,33.929812,-116.76058
9495-REDIY,Male,0,0,1,25,United States,California,Calexico,92231,32.690654,-115.431225
5375-XLDOF,Male,0,1,1,69,United States,California,Calipatria,92233,33.143826,-115.497485
1172-VIYBP,Male,0,1,1,53,United States,California,Cathedral City,92234,33.829583,-116.474131
6559-PDZLR,Male,0,0,0,26,United States,California,Desert Center,92239,33.889605,-115.257009
8992-OBVDG,Male,0,0,0,21,United States,California,Desert Hot Springs,92240,33.948558,-116.516976
4273-MBHYA,Female,0,0,1,1,United States,California,Desert Hot Springs,92241,33.832799,-116.250973
4724-WXVWF,Male,0,0,0,48,United States,California,Earp,92242,34.137742,-114.36514
5701-GUXDC,Female,0,1,0,26,United States,California,El Centro,92243,32.770393,-115.60915
1460-UZPRJ,Male,0,1,0,60,United States,California,Heber,92249,32.730583,-115.501083
6082-GLJIX,Male,0,0,0,18,United States,California,Holtville,92250,32.811001,-115.152865
2495-TTHBQ,Female,0,0,1,4,United States,California,La Quinta,92253,33.695532,-116.310571
0485-ZBSLN,Male,0,1,1,65,United States,California,Mecca,92254,33.543835,-115.993906
3810-PJUHR,Male,0,1,1,70,United States,California,Morongo Valley,92256,34.097863,-116.594561
0847-HGRML,Male,0,0,1,62,United States,California,North Palm Springs,92258,33.906496,-116.569499
8232-CTLKO,Female,0,1,1,66,United States,California,Ocotillo,92259,32.698964,-115.886656
9227-YBAXE,Female,0,1,1,65,United States,California,Palm Desert,92260,33.694501,-116.412711
9860-LISIZ,Female,0,0,0,34,United States,California,Palm Springs,92264,33.745746,-116.514215
0112-QAWRZ,Male,0,1,1,16,United States,California,Palo Verde,92266,33.3249,-114.758334
2786-GCDPI,Female,1,0,0,50,United States,California,Pioneertown,92268,34.201108,-116.593456
4043-MKDTV,Male,0,1,0,71,United States,California,Rancho Mirage,92270,33.763678,-116.429928
9229-RQABD,Male,0,0,0,18,United States,California,Salton City,92275,33.28156,-115.955541
8313-KTIHG,Male,0,0,0,4,United States,California,Thousand Palms,92276,33.849263,-116.382778
5320-BRKGK,Female,0,1,1,58,United States,California,Twentynine Palms,92277,34.17211,-115.769773
6284-KMNUF,Female,0,1,0,56,United States,California,Twentynine Palms,92278,34.457829,-116.139589
6229-UOLQL,Male,0,1,1,56,United States,California,White Water,92282,33.972293,-116.654195
3137-LUPIX,Female,0,0,0,4,United States,California,Yucca Valley,92284,34.159534,-116.425984
6143-JQKEA,Male,0,0,0,10,United States,California,Adelanto,92301,34.667815,-117.536183
8676-OOQEJ,Male,0,0,0,4,United States,California,Amboy,92304,34.559882,-115.637164
9701-CDXHR,Female,0,1,0,51,United States,California,Apple Valley,92307,34.55082,-117.122396
8124-NZVGJ,Female,0,0,0,6,United States,California,Baker,92309,35.28952,-116.092214
2162-FRZAA,Male,0,1,1,63,United States,California,Fort Irwin,92310,35.349241,-116.770281
5118-MUEYH,Female,0,1,0,48,United States,California,Grand Terrace,92313,34.029175,-117.307211
5627-TVBPP,Female,0,0,1,35,United States,California,Big Bear Lake,92315,34.242058,-116.89802
3936-QQFLL,Male,0,0,0,2,United States,California,Calimesa,92320,33.982787,-117.057627
2589-AYCRP,Female,0,0,0,50,United States,California,Cedar Glen,92321,34.255203,-117.175654
4067-HLYQI,Female,0,0,0,33,United States,California,Colton,92324,34.030915,-117.273201
5124-EOGYE,Male,0,0,0,31,United States,California,Crestline,92325,34.248061,-117.29028
5057-RKGLH,Female,0,1,1,9,United States,California,Daggett,92327,34.875144,-116.821698
0292-WEGCH,Female,0,1,1,54,United States,California,Death Valley,92328,36.27688,-117.033326
8910-ICHIU,Female,0,0,0,46,United States,California,Essex,92332,34.9436,-115.287901
4097-YODCF,Male,0,0,1,34,United States,California,Fawnskin,92333,34.274846,-116.937581
9715-WZCLW,Male,0,1,1,71,United States,California,Fontana,92335,34.087558,-117.464096
9786-YWNHU,Female,0,1,1,63,United States,California,Fontana,92336,34.136367,-117.460803
6407-GSJNL,Female,0,0,0,51,United States,California,Fontana,92337,34.049671,-117.468896
4049-ZPALD,Female,0,1,0,64,United States,California,Forest Falls,92339,34.067699,-116.903891
3733-UOCWF,Male,1,1,0,61,United States,California,Helendale,92342,34.757783,-117.33997
6833-JMZYP,Female,0,0,0,15,United States,California,Hesperia,92345,34.361387,-117.337509
1310-QRITU,Female,0,0,0,18,United States,California,Hinkley,92347,34.983808,-117.239306
8961-QDZZJ,Female,0,1,1,57,United States,California,Lake Arrowhead,92352,34.2565,-117.19335
9715-SBVSU,Male,0,1,1,14,United States,California,Loma Linda,92354,34.049315,-117.255974
8490-BXHEO,Male,1,0,0,18,United States,California,Lucerne Valley,92356,34.508417,-116.856103
7173-TETGO,Female,1,1,0,72,United States,California,Lytle Creek,92358,34.238162,-117.534306
7929-SKFGK,Male,0,1,0,70,United States,California,Mentone,92359,34.103578,-117.04054
2300-RQGOI,Female,0,0,0,38,United States,California,Needles,92363,34.711224,-114.702256
3563-SVYLG,Male,0,1,1,68,United States,California,Nipton,92364,35.478736,-115.516984
6435-VWCCY,Male,1,1,0,65,United States,California,Oro Grande,92368,34.647959,-117.296957
4998-IKFSE,Female,0,0,0,30,United States,California,Phelan,92371,34.441123,-117.537886
8630-QSGXK,Male,0,1,0,51,United States,California,Pinon Hills,92372,34.459322,-117.629729
2455-USLMV,Female,0,0,0,31,United States,California,Redlands,92373,34.003243,-117.138286
9488-FVZCC,Female,0,1,1,72,United States,California,Rialto,92376,34.109775,-117.378904
5995-WWKKG,Female,0,0,0,37,United States,California,Running Springs,92382,34.186211,-117.07683
7879-CGSFV,Male,0,0,0,55,United States,California,Sugarloaf,92386,34.243088,-116.830015
9921-EZKBY,Male,0,0,1,33,United States,California,Tecopa,92389,35.824572,-116.274755
7432-FFVAR,Female,0,1,1,46,United States,California,Victorville,92392,34.486835,-117.362274
7246-ZGQDF,Female,0,0,1,1,United States,California,Victorville,92394,34.567058,-117.362329
4456-RHSNB,Female,0,1,1,19,United States,California,San Bernardino,92401,34.105935,-117.2914
2481-SBOYW,Female,0,0,1,61,United States,California,San Bernardino,92405,34.142747,-117.300864
7109-MFBYV,Male,0,0,0,26,United States,California,San Bernardino,92407,34.250069,-117.393949
1833-TCXKK,Male,0,1,0,45,United States,California,San Bernardino,92408,34.084909,-117.258107
1832-PEUTS,Male,0,1,1,62,United States,California,San Bernardino,92410,34.106922,-117.297553
8660-BUETV,Female,0,0,0,3,United States,California,Riverside,92501,33.994676,-117.372498
0580-PIQHM,Female,0,1,1,41,United States,California,Riverside,92503,33.890046,-117.455583
5696-CEIQJ,Male,0,1,1,67,United States,California,Riverside,92504,33.9108,-117.398153
1696-HXOWK,Female,0,1,0,71,United States,California,Riverside,92506,33.930931,-117.361788
3026-ATZYV,Female,0,1,1,37,United States,California,Riverside,92507,33.976328,-117.319786
4012-YCFAI,Male,0,1,0,60,United States,California,Riverside,92508,33.885499,-117.324959
9970-QBCDA,Female,0,0,0,6,United States,California,March Air Reserve Base,92518,33.888323,-117.277533
9496-IVVRP,Female,0,1,1,11,United States,California,Lake Elsinore,92532,33.705836,-117.318204
2657-VPXTA,Female,0,1,1,10,United States,California,Anza,92539,33.527605,-116.666551
6551-VLJMV,Male,0,1,0,34,United States,California,Hemet,92543,33.739415,-116.968339
1221-GHZEP,Female,0,0,0,62,United States,California,Hemet,92544,33.644585,-116.871544
9289-LBQVU,Male,0,1,0,64,United States,California,Hemet,92545,33.734933,-117.044145
3458-IDMFK,Male,0,0,0,25,United States,California,Idyllwild,92549,33.755039,-116.741796
6933-FHBZC,Female,0,0,0,26,United States,California,Moreno Valley,92551,33.88274,-117.224878
0221-NAUXK,Male,0,0,1,10,United States,California,Moreno Valley,92553,33.923149,-117.244933
9770-KXGQU,Female,0,0,0,53,United States,California,Moreno Valley,92555,33.907361,-117.109972
6538-POCHL,Male,0,0,0,33,United States,California,Mountain Center,92561,33.638645,-116.55783
6726-NNFWD,Female,1,1,0,71,United States,California,Murrieta,92562,33.548869,-117.334165
3002-WQZWT,Female,0,0,0,29,United States,California,Murrieta,92563,33.581045,-117.14719
4277-UDIEF,Male,0,1,1,24,United States,California,Nuevo,92567,33.82769,-117.102244
1208-NBVFH,Male,0,1,1,20,United States,California,Perris,92570,33.787298,-117.320676
4912-PIGUY,Female,0,0,0,1,United States,California,Perris,92571,33.828289,-117.201666
2725-TTRIQ,Female,0,1,1,72,United States,California,Menifee,92584,33.653338,-117.178271
3374-TTZTK,Male,0,1,0,52,United States,California,Sun City,92585,33.739412,-117.173334
8990-ZXLSU,Female,0,0,0,9,United States,California,Sun City,92586,33.707483,-117.200006
2275-RBYQS,Female,0,0,0,1,United States,California,Sun City,92587,33.69887,-117.25071
4419-UJMUS,Male,0,1,1,69,United States,California,Wildomar,92595,33.617108,-117.253349
7794-JASDG,Male,0,0,0,1,United States,California,Winchester,92596,33.657433,-117.04254
7609-YBPXG,Male,0,0,0,54,United States,California,Irvine,92602,33.720359,-117.733655
5519-TEEUH,Male,0,0,1,33,United States,California,Irvine,92604,33.688546,-117.788091
7856-GANIL,Male,1,1,0,45,United States,California,Irvine,92606,33.703976,-117.824172
0804-XBFBV,Female,0,0,1,11,United States,California,Foothill Ranch,92610,33.698728,-117.67768
2676-OXPPQ,Male,0,0,0,6,United States,California,Irvine,92612,33.643095,-117.810896
3703-TTEPD,Male,0,0,0,21,United States,California,Irvine,92614,33.680302,-117.833296
2799-TSLAG,Female,0,1,1,65,United States,California,Irvine,92618,33.667145,-117.732135
2208-NKVVH,Male,0,1,1,43,United States,California,Costa Mesa,92626,33.678591,-117.905471
7139-JZFVG,Male,0,1,1,60,United States,California,Huntington Beach,92646,33.666301,-117.969501
4987-GQWPO,Male,0,0,0,17,United States,California,Huntington Beach,92647,33.723579,-118.005441
1757-TCATG,Male,0,1,1,35,United States,California,Huntington Beach,92649,33.721917,-118.043237
4776-XSKYQ,Female,0,1,1,12,United States,California,Laguna Hills,92653,33.606899,-117.717854
8048-DSDFQ,Male,0,0,0,1,United States,California,Midway City,92655,33.744439,-117.98588
5753-QQWPW,Female,0,0,0,28,United States,California,Aliso Viejo,92656,33.571259,-117.731917
6010-DDPPW,Male,0,1,0,70,United States,California,Newport Coast,92657,33.603282,-117.821841
6693-FRIRW,Male,0,0,0,18,United States,California,Newport Beach,92661,33.601309,-117.902304
6586-MYGKD,Male,0,1,0,70,United States,California,Newport Beach,92662,33.606336,-117.893042
3173-NVMPX,Female,0,1,1,9,United States,California,Newport Beach,92663,33.62251,-117.927024
0248-PGHBZ,Female,1,0,0,67,United States,California,San Clemente,92672,33.429488,-117.609432
0623-GDISB,Female,0,0,0,1,United States,California,San Clemente,92673,33.4725,-117.584273
2892-GESUL,Female,0,1,1,18,United States,California,San Juan Capistrano,92675,33.521447,-117.602555
7472-EQOAV,Male,1,1,1,71,United States,California,Laguna Niguel,92677,33.529047,-117.701175
2043-WVTQJ,Male,0,1,0,1,United States,California,Westminster,92683,33.752591,-117.993661
8034-RYTVV,Female,0,0,0,55,United States,California,Rancho Santa Margarita,92688,33.624654,-117.611733
3863-QSTYI,Male,0,0,0,59,United States,California,Mission Viejo,92691,33.611945,-117.665867
5044-LRQAQ,Female,0,1,0,7,United States,California,Ladera Ranch,92694,33.569186,-117.640055
1716-LSAMB,Male,0,1,1,45,United States,California,Santa Ana,92701,33.748478,-117.858918
1333-PBMXB,Female,0,1,1,54,United States,California,Santa Ana,92703,33.748635,-117.906125
6546-OPBBH,Male,0,1,1,51,United States,California,Santa Ana,92704,33.719869,-117.907063
5985-BEHZK,Female,1,1,0,72,United States,California,Santa Ana,92705,33.766004,-117.786763
9127-QRZMH,Male,0,1,0,44,United States,California,Santa Ana,92706,33.765893,-117.881533
5919-VCZYM,Male,0,0,0,2,United States,California,Santa Ana,92707,33.714829,-117.872941
9644-KVCNC,Female,0,0,0,66,United States,California,Fountain Valley,92708,33.712036,-117.950113
2137-DQMEV,Male,0,1,1,68,United States,California,Tustin,92780,33.735802,-117.818805
8174-LNWMW,Female,0,0,0,31,United States,California,Tustin,92782,33.738543,-117.785046
9279-CJEOJ,Female,1,0,0,21,United States,California,Anaheim,92801,33.844983,-117.952151
7964-VEXDG,Male,0,0,1,21,United States,California,Anaheim,92802,33.807864,-117.923782
2404-JIBFC,Female,0,1,1,55,United States,California,Anaheim,92804,33.818,-117.974404
8029-XYPWT,Male,1,1,0,71,United States,California,Anaheim,92806,33.83796,-117.870494
4632-PAOYU,Male,0,1,1,22,United States,California,Anaheim,92808,33.850452,-117.726668
2990-OGYTD,Female,0,1,0,67,United States,California,Fullerton,92831,33.879983,-117.895482
6646-JPPHA,Female,1,0,0,14,United States,California,Fullerton,92832,33.868316,-117.929029
7658-UYUQS,Male,1,1,0,21,United States,California,Fullerton,92835,33.902211,-117.914922
7880-XSOJX,Male,0,0,0,4,United States,California,Garden Grove,92840,33.787165,-117.931889
4589-IUAJB,Male,0,1,0,70,United States,California,Garden Grove,92843,33.764018,-117.931507
8746-BFOAJ,Male,1,0,0,21,United States,California,Garden Grove,92845,33.782955,-118.026456
8457-XIGKN,Male,0,0,0,20,United States,California,Norco,92860,33.925833,-117.559639
6072-NUQCB,Male,0,1,1,22,United States,California,Villa Park,92861,33.817473,-117.810462
8838-GPHZP,Female,0,0,0,63,United States,California,Orange,92866,33.784597,-117.844535
8750-QWZAJ,Female,0,1,1,70,United States,California,Orange,92867,33.81859,-117.821288
6918-UMQCG,Female,0,0,0,5,United States,California,Orange,92869,33.792791,-117.789749
0675-NCDYU,Female,0,1,1,72,United States,California,Placentia,92870,33.881158,-117.854783
6339-DKLMK,Female,0,0,0,13,United States,California,Corona,92879,33.893823,-117.531446
1346-PJWTK,Male,0,1,0,61,United States,California,Corona,92880,33.918043,-117.617809
5088-QZLRL,Male,0,0,0,1,United States,California,Corona,92881,33.833686,-117.513063
8023-QHAIO,Female,1,1,0,56,United States,California,Corona,92882,33.819385,-117.600213
4397-FRLTA,Female,0,0,0,4,United States,California,Corona,92883,33.762351,-117.488725
3057-VJJQE,Male,0,0,0,35,United States,California,Yorba Linda,92886,33.897253,-117.792202
2302-OUZXB,Male,0,1,0,72,United States,California,Ventura,93001,34.360261,-119.306383
8133-ANHHJ,Female,1,0,0,49,United States,California,Ventura,93003,34.279221,-119.221437
2270-CHBFN,Female,0,1,0,44,United States,California,Ventura,93004,34.278697,-119.167798
5982-FPVQN,Female,0,1,1,37,United States,California,Camarillo,93012,34.205504,-118.993111
9107-UKCKY,Male,0,1,0,61,United States,California,Carpinteria,93013,34.441398,-119.513163
4654-ULTTN,Male,0,1,0,70,United States,California,Fillmore,93015,34.408161,-118.865111
5546-BYZSM,Female,0,0,0,41,United States,California,Oak View,93022,34.404544,-119.302118
1492-KGETH,Male,0,1,1,70,United States,California,Ojai,93023,34.581308,-118.931948
4163-HFTUK,Male,0,0,0,51,United States,California,Oxnard,93033,34.156629,-119.117218
8215-NGSPE,Female,0,1,1,42,United States,California,Oxnard,93035,34.18454,-119.224666
8859-YSTWS,Male,0,0,0,48,United States,California,Port Hueneme,93041,34.110124,-119.100972
7601-DHFWZ,Female,0,0,0,48,United States,California,Simi Valley,93063,34.296813,-118.685703
1998-VHJHK,Female,0,0,0,27,United States,California,Santa Barbara,93101,34.419203,-119.710008
1707-HABPF,Female,1,0,0,46,United States,California,Santa Barbara,93103,34.438581,-119.685368
0487-VVUVK,Male,0,1,1,25,United States,California,Santa Barbara,93109,34.406256,-119.726936
5063-IUOKK,Male,0,0,0,13,United States,California,Santa Barbara,93111,34.460197,-119.802602
4508-OEBEY,Male,0,1,0,31,United States,California,Goleta,93117,34.489983,-120.091246
0027-KWYKW,Female,0,1,1,23,United States,California,Alpaugh,93201,35.869626,-119.498771
2308-STERM,Female,0,0,0,2,United States,California,Armona,93202,36.315979,-119.710852
5982-XMDEX,Female,0,0,0,65,United States,California,Arvin,93203,35.116307,-118.817644
6051-PTVNS,Female,0,1,1,55,United States,California,Bodfish,93205,35.523991,-118.400432
2877-VDUER,Female,0,1,1,35,United States,California,Camp Nelson,93208,36.057458,-118.591951
9152-AMKAK,Male,0,0,0,6,United States,California,Coalinga,93210,36.186867,-120.387793
9432-VOFYX,Male,0,0,0,17,United States,California,Delano,93215,35.772244,-119.209689
8049-WJCLQ,Male,0,1,1,10,United States,California,Ducor,93218,35.846067,-119.004073
6586-PSJOX,Male,0,0,1,15,United States,California,Earlimart,93219,35.858054,-119.305858
9705-ZJBCG,Female,0,1,1,13,United States,California,Frazier Park,93222,34.907911,-119.234281
6847-KJLTS,Female,1,1,0,58,United States,California,Frazier Park,93225,34.827662,-118.999073
9670-BPNXF,Female,0,0,0,45,United States,California,Glennville,93226,35.735694,-118.738483
3913-FCUUW,Female,0,1,1,72,United States,California,Hanford,93230,36.29223,-119.622676
3301-VKTGC,Male,0,1,1,68,United States,California,Huron,93234,36.217864,-120.080117
9555-SAHUZ,Female,0,1,1,38,United States,California,Kernville,93238,35.852892,-118.397782
0816-TSPHQ,Male,0,0,0,2,United States,California,Kettleman City,93239,35.996923,-120.000951
9932-WBWIK,Male,0,0,0,11,United States,California,Lake Isabella,93240,35.607875,-118.466318
4619-EVPHY,Female,1,1,0,20,United States,California,Lamont,93241,35.245035,-118.905553
5286-YHCVC,Male,0,1,0,72,United States,California,Laton,93242,36.444232,-119.718285
9115-YQHGA,Male,0,0,0,40,United States,California,Lemoore,93245,36.303666,-119.825657
4462-CYWMH,Male,1,1,0,62,United States,California,Lindsay,93247,36.205465,-119.085807
8963-MQVYN,Female,0,0,1,22,United States,California,Lost Hills,93249,35.637715,-119.893068
2458-EOMRE,Female,0,0,0,11,United States,California,Mc Farland,93250,35.666886,-119.186717
9334-GWGOW,Male,1,1,0,7,United States,California,Mc Kittrick,93251,35.38381,-119.730885
6542-LWGXJ,Male,0,1,0,3,United States,California,Pixley,93256,35.957019,-119.330928
5567-GZKQY,Male,0,0,0,58,United States,California,Porterville,93257,36.008958,-118.891593
1222-LRYKO,Male,0,0,1,6,United States,California,Posey,93260,35.861928,-118.636698
2087-QAREY,Female,0,1,0,22,United States,California,Sequoia National Park,93262,36.527243,-118.594938
4423-JWZJN,Male,0,1,1,64,United States,California,Springville,93265,36.245926,-118.693138
6490-FGZAT,Male,0,0,0,6,United States,California,Strathmore,93267,36.141319,-119.129075
7452-FOLON,Male,0,0,1,39,United States,California,Terra Bella,93270,35.939068,-119.043666
2320-TZRRH,Female,0,0,0,20,United States,California,Three Rivers,93271,36.413433,-118.854708
4942-VZZOM,Male,0,1,0,64,United States,California,Tupman,93276,35.316263,-119.402559
7502-BNYGS,Female,0,1,0,46,United States,California,Wasco,93280,35.652242,-119.4464
4291-HYEBC,Female,1,1,1,28,United States,California,Weldon,93283,35.55647,-118.244914
6147-CBCRA,Female,0,1,0,33,United States,California,Wofford Heights,93285,35.690535,-118.552784
6047-SUHPR,Male,0,1,1,39,United States,California,Woodlake,93286,36.464635,-119.094348
9752-ZNQUT,Female,0,0,0,1,United States,California,Visalia,93291,36.391777,-119.372842
1576-PFZIW,Male,1,1,0,70,United States,California,Bakersfield,93301,35.383937,-119.020428
5666-MBJPT,Male,0,0,0,65,United States,California,Bakersfield,93304,35.339796,-119.023552
7312-XSBAT,Male,0,0,0,1,United States,California,Bakersfield,93305,35.391733,-118.984109
3096-GKWEB,Male,0,1,0,18,United States,California,Bakersfield,93306,35.449881,-118.841442
2371-JQHZZ,Male,0,1,0,24,United States,California,Bakersfield,93307,35.280113,-118.962329
0674-GCDXG,Male,0,0,0,63,United States,California,Bakersfield,93308,35.559617,-118.925185
1121-QSIVB,Female,0,0,1,44,United States,California,Bakersfield,93309,35.342891,-119.064803
4396-KLSEH,Male,0,0,0,4,United States,California,Bakersfield,93311,35.16207,-119.194488
2824-MYYBN,Female,0,1,1,37,United States,California,Bakersfield,93313,35.140938,-119.051348
6345-HOVES,Male,0,0,0,34,United States,California,Los Osos,93402,35.279984,-120.824288
8318-LCNBW,Male,0,1,0,35,United States,California,San Luis Obispo,93405,35.236549,-120.727344
6469-QJKZW,Female,0,1,0,4,United States,California,Arroyo Grande,93420,35.176236,-120.483243
0147-ESWWR,Female,1,1,0,39,United States,California,Atascadero,93422,35.453912,-120.69461
1217-VASWC,Male,1,1,0,43,United States,California,Avila Beach,93424,35.186644,-120.728305
6370-ZVHDV,Female,0,1,0,61,United States,California,Buellton,93427,34.631362,-120.238218
5915-DGNVC,Female,0,1,0,49,United States,California,Cambria,93428,35.591387,-121.032256
6260-XLACS,Male,0,0,0,4,United States,California,Casmalia,93429,34.866032,-120.536546
3566-CAAYU,Female,0,1,1,64,United States,California,Cayucos,93430,35.511833,-120.918713
4983-CCWMC,Male,0,0,0,3,United States,California,Creston,93432,35.480896,-120.469476
9103-CXVOK,Male,0,1,1,1,United States,California,Grover Beach,93433,35.120833,-120.61843
2896-TBNBE,Male,0,1,0,40,United States,California,Guadalupe,93434,34.936,-120.594655
2522-WLNSF,Female,1,1,0,34,United States,California,Los Olivos,93441,34.70434,-120.02609
3841-CONLJ,Female,0,1,0,1,United States,California,Morro Bay,93442,35.369553,-120.763864
4475-NVTLU,Male,0,1,1,45,United States,California,Paso Robles,93446,35.634222,-120.728341
9386-LDCZR,Male,0,0,0,43,United States,California,San Ardo,93450,35.996008,-120.85305
9585-KKMFD,Male,0,1,1,41,United States,California,San Miguel,93451,35.886767,-120.608661
5399-ZIMKF,Male,0,0,0,5,United States,California,San Simeon,93452,35.746484,-121.223355
0336-KXKFK,Male,0,0,0,72,United States,California,Santa Margarita,93453,35.303926,-120.256567
5619-XZZKR,Male,0,0,0,4,United States,California,Santa Maria,93454,34.943523,-120.256729
3948-FVVRP,Male,0,1,1,9,United States,California,Santa Maria,93455,34.818227,-120.418784
5327-XOKKY,Male,1,1,0,72,United States,California,Santa Maria,93458,34.95934,-120.490081
0983-TATYJ,Female,0,1,0,33,United States,California,Santa Ynez,93460,34.630356,-120.032564
1813-JYWTO,Female,0,1,0,72,United States,California,Shandon,93461,35.634488,-120.293534
6719-OXYBR,Male,0,0,0,15,United States,California,California City,93505,35.151491,-117.927597
3312-ZWLGF,Male,1,1,0,29,United States,California,Acton,93510,34.501452,-118.207862
6476-YHMGA,Female,0,1,1,15,United States,California,Benton,93512,37.653947,-118.231443
0795-XCCTE,Male,1,0,0,72,United States,California,Bishop,93514,37.04584,-118.397236
0168-XZKBB,Female,0,1,0,19,United States,California,Boron,93516,34.95703,-117.73045
3785-NRHYR,Male,0,0,0,1,United States,California,Bridgeport,93517,38.184583,-119.286558
4537-DKTAL,Female,0,0,0,2,United States,California,Darwin,93522,36.319181,-117.593053
7072-MBHEV,Female,1,1,1,11,United States,California,Edwards,93523,34.966777,-117.961179
5602-BVFMK,Female,0,0,0,12,United States,California,Independence,93526,36.869584,-118.189241
6297-NOOPG,Female,0,1,0,70,United States,California,Inyokern,93527,36.041315,-118.188235
8204-TIFGJ,Female,0,0,0,23,United States,California,June Lake,93529,37.730269,-119.055813
8050-DVOJX,Male,1,0,0,49,United States,California,Keeler,93530,36.560498,-117.962461
8903-XEBGX,Male,0,0,1,2,United States,California,Lancaster,93534,34.727529,-118.153098
8169-SAEJD,Male,1,1,0,69,United States,California,Lancaster,93535,34.712708,-117.889656
1089-XZWHH,Female,0,1,1,24,United States,California,Lee Vining,93541,37.890145,-119.184087
2325-WINES,Female,0,0,0,32,United States,California,Littlerock,93543,34.505273,-117.955054
6064-ZATLR,Female,0,0,0,27,United States,California,Llano,93544,34.500091,-117.765862
7824-PANSQ,Male,0,0,0,58,United States,California,Mammoth Lakes,93546,37.550074,-118.837167
9648-BCHKM,Female,0,1,1,18,United States,California,Palmdale,93550,34.536232,-118.082935
2888-ADFAO,Female,0,1,1,47,United States,California,Palmdale,93551,34.613476,-118.256358
8707-HOEDG,Female,0,1,1,70,United States,California,Palmdale,93552,34.557711,-118.029441
4072-IPYLT,Female,0,1,1,36,United States,California,Randsburg,93554,35.405722,-117.773354
7167-PCEYD,Male,0,0,0,67,United States,California,Ridgecrest,93555,35.603913,-117.67828
4936-YPJNK,Female,0,0,0,10,United States,California,Rosamond,93560,34.903052,-118.411251
1580-BMCMR,Male,1,0,0,19,United States,California,Tehachapi,93561,35.073777,-118.652112
4817-KEQSP,Female,0,1,1,71,United States,California,Trona,93562,35.74837,-117.384948
6408-WHTEF,Male,0,1,1,72,United States,California,Valyermo,93563,34.39583,-117.734568
9251-AWQGT,Female,0,1,1,48,United States,California,Palmdale,93591,34.598221,-117.79593
8749-CLJXC,Male,0,0,0,1,United States,California,Ahwahnee,93601,37.375816,-119.739935
7989-VCQOH,Male,0,1,1,18,United States,California,Auberry,93602,36.991762,-119.242874
4199-QHJNM,Male,1,1,0,67,United States,California,Bass Lake,93604,37.458367,-119.345011
8882-TLVRW,Male,0,1,1,69,United States,California,Big Creek,93605,37.17277,-119.2997
5135-GRQJV,Male,1,1,0,72,United States,California,Cantua Creek,93608,36.488056,-120.407691
2384-OVPSA,Female,1,0,0,38,United States,California,Caruthers,93609,36.5276,-119.865999
1371-WEPDS,Male,1,1,0,40,United States,California,Chowchilla,93610,37.100948,-120.270136
3580-GICBM,Female,0,1,1,61,United States,California,Clovis,93611,36.917652,-119.593757
9730-DRTMJ,Male,0,1,0,32,United States,California,Coarsegold,93614,37.212191,-119.749323
4686-UXDML,Female,0,0,0,21,United States,California,Cutler,93615,36.497895,-119.285484
3349-ANQNH,Female,1,0,0,59,United States,California,Del Rey,93616,36.657462,-119.595293
0932-YIXYU,Female,0,0,0,47,United States,California,Dos Palos,93620,37.045728,-120.630682
7480-SPLEF,Male,0,1,1,69,United States,California,Dunlap,93621,36.789213,-119.140338
7636-XUHWW,Male,0,0,0,2,United States,California,Firebaugh,93622,36.785618,-120.625382
1431-CYWMH,Female,0,1,1,22,United States,California,Fish Camp,93623,37.483535,-119.679414
5937-EORGB,Male,1,1,0,15,United States,California,Five Points,93624,36.397745,-120.119911
6349-JDHQP,Female,0,0,0,53,United States,California,Fowler,93625,36.625792,-119.672483
5539-HIVAK,Female,1,1,0,28,United States,California,Friant,93626,37.027663,-119.69056
5847-MXBEO,Male,0,0,0,22,United States,California,Helm,93627,36.520537,-120.118055
4583-PARNH,Male,1,1,0,16,United States,California,Kerman,93630,36.727418,-120.123526
1116-FRYVH,Female,0,1,1,48,United States,California,Kingsburg,93631,36.478239,-119.52137
1421-HCERK,Male,1,1,0,30,United States,California,Lakeshore,93634,37.290606,-119.216328
9633-XQABV,Female,0,0,0,3,United States,California,Los Banos,93635,36.995162,-120.955099
0716-BQNDX,Male,1,0,0,57,United States,California,Madera,93637,36.902954,-120.194274
1183-CANVH,Female,0,1,0,23,United States,California,Mendota,93640,36.687292,-120.437354
1972-XMUWV,Female,0,1,0,65,United States,California,Miramonte,93641,36.696759,-119.024051
8679-LZBMD,Male,0,1,0,44,United States,California,North Fork,93643,37.244307,-119.470256
3407-JMJQQ,Female,0,1,1,71,United States,California,Oakhurst,93644,37.648647,-119.231447
6252-DFGTK,Female,0,1,0,37,United States,California,O Neals,93645,37.140104,-119.657092
1539-LNKHM,Female,0,0,0,12,United States,California,Orange Cove,93646,36.633498,-119.298895
8645-KOMJQ,Male,0,1,1,69,United States,California,Orosi,93647,36.600185,-119.175655
0289-IVARM,Female,0,0,0,35,United States,California,Parlier,93648,36.622237,-119.521126
9761-XUJWD,Male,0,0,0,5,United States,California,Fresno,93650,36.841655,-119.797113
4057-FKCZK,Male,0,1,1,58,United States,California,Prather,93651,37.007238,-119.505661
4291-TPNFG,Male,0,1,0,72,United States,California,Raisin City,93652,36.594542,-119.905245
6087-YPWHO,Male,0,1,0,72,United States,California,Raymond,93653,37.252057,-119.95783
3090-QFUVD,Female,0,0,0,1,United States,California,Reedley,93654,36.636638,-119.421842
1722-LDZJS,Male,0,1,1,53,United States,California,Sanger,93657,36.819628,-119.440414
1818-ESQMW,Female,0,0,0,27,United States,California,San Joaquin,93660,36.600193,-120.153393
7401-RUBNK,Female,0,1,0,18,United States,California,South Dos Palos,93665,36.959731,-120.653519
0506-YLVKJ,Male,0,1,1,46,United States,California,Sultana,93666,36.545353,-119.338535
8661-BOYNW,Female,0,1,0,72,United States,California,Tollhouse,93667,36.993666,-119.348267
4815-GBTCD,Female,0,1,0,4,United States,California,Wishon,93669,37.287758,-119.548156
2805-AUFQN,Female,0,0,0,25,United States,California,Traver,93673,36.456091,-119.486225
0980-PVMRC,Female,0,1,1,40,United States,California,Squaw Valley,93675,36.719141,-119.202677
7233-DRTRF,Male,0,1,0,63,United States,California,Fresno,93701,36.749403,-119.787574
3873-NFTGI,Male,0,0,0,14,United States,California,Fresno,93703,36.768774,-119.762633
1162-ECVII,Male,1,1,0,72,United States,California,Fresno,93704,36.799648,-119.801247
7048-GXDAY,Male,0,0,0,39,United States,California,Fresno,93705,36.78724,-119.827813
8571-ZCMCX,Female,0,1,1,47,United States,California,Fresno,93706,36.654614,-119.903674
1169-WCVAK,Male,0,1,0,19,United States,California,Fresno,93710,36.822715,-119.761826
7129-CAKJW,Female,0,0,0,17,United States,California,Fresno,93721,36.732694,-119.783786
8695-ARGXZ,Male,1,1,0,34,United States,California,Fresno,93722,36.78979,-119.929894
3570-YUEKJ,Female,0,0,0,42,United States,California,Fresno,93725,36.623632,-119.741322
1555-HAPSU,Female,0,1,1,71,United States,California,Fresno,93727,36.751489,-119.68072
1697-NVVGY,Male,1,1,0,19,United States,California,Fresno,93728,36.757345,-119.818274
8464-EETCQ,Male,0,0,0,57,United States,California,Salinas,93905,36.667794,-121.601306
2419-FSORS,Male,0,1,0,72,United States,California,Salinas,93906,36.722898,-121.633648
8132-YPVBX,Female,0,0,0,6,United States,California,Salinas,93907,36.77462,-121.664714
6754-LZUKA,Male,0,1,0,61,United States,California,Big Sur,93920,36.092975,-121.549826
8099-MZPUJ,Male,0,1,1,48,United States,California,Carmel,93923,36.460611,-121.852507
0787-LHDYT,Male,0,0,0,16,United States,California,Carmel Valley,93924,36.414611,-121.6386
0374-IOEGQ,Female,0,0,0,3,United States,California,Gonzales,93926,36.52588,-121.396719
3197-NNYNB,Male,0,0,0,65,United States,California,Jolon,93928,35.930782,-121.189757
3396-DKDEL,Female,0,1,1,70,United States,California,King City,93930,36.220761,-120.980777
1752-OZXFY,Male,0,1,0,60,United States,California,Lockwood,93932,35.989792,-121.055933
9066-QRSDU,Female,0,1,0,69,United States,California,Marina,93933,36.689582,-121.758398
9112-WSNPU,Female,1,0,0,35,United States,California,Monterey,93940,36.362741,-121.869685
9867-NNXLC,Female,0,0,0,22,United States,California,Pacific Grove,93950,36.618337,-121.926417
5321-NTRKC,Male,0,1,1,66,United States,California,Pebble Beach,93953,36.587497,-121.944815
3161-GETRM,Male,0,1,1,34,United States,California,Soledad,93960,36.414216,-121.360597
0402-OAMEN,Female,0,1,1,72,United States,California,Spreckels,93962,36.624641,-121.647195
6933-VLYFX,Male,0,1,1,31,United States,California,Belmont,94002,37.509366,-122.306132
6754-WKSHP,Male,0,0,1,30,United States,California,Brisbane,94005,37.684694,-122.40712
4976-LNFVV,Male,1,1,0,19,United States,California,Daly City,94015,37.680844,-122.48131
5055-MGMGF,Female,0,1,0,65,United States,California,Half Moon Bay,94019,37.45567,-122.407992
4641-FROLU,Female,0,1,1,30,United States,California,La Honda,94020,37.285677,-122.224165
2862-JVEOY,Male,0,0,0,6,United States,California,Loma Mar,94021,37.266388,-122.26308
2969-QWUBZ,Female,0,0,0,2,United States,California,Los Altos,94022,37.349546,-122.134356
9822-BIIGN,Male,0,1,1,53,United States,California,Los Altos,94024,37.352911,-122.093002
2077-MPJQO,Male,1,1,0,7,United States,California,Menlo Park,94025,37.449551,-122.183762
1534-OULXE,Female,0,1,1,61,United States,California,Atherton,94027,37.454924,-122.203168
2971-SGAFL,Female,0,0,0,13,United States,California,Millbrae,94030,37.601248,-122.403099
1480-IVEVR,Male,1,1,0,35,United States,California,Montara,94037,37.540582,-122.509594
2905-KFQUV,Female,0,1,0,2,United States,California,Moss Beach,94038,37.515556,-122.502311
3370-HXOPH,Female,0,0,0,3,United States,California,Mountain View,94041,37.388349,-122.075299
9391-YZEJW,Female,0,0,0,62,United States,California,Mountain View,94043,37.419725,-122.062947
9958-MEKUC,Male,0,1,1,72,United States,California,Pacifica,94044,37.573633,-122.455167
0281-CNTZX,Male,0,1,0,63,United States,California,Pescadero,94060,37.22565,-122.297533
4118-CEVPF,Female,1,0,0,35,United States,California,Redwood City,94062,37.410567,-122.297152
9114-VEPUF,Male,0,1,0,62,United States,California,Redwood City,94065,37.527497,-122.230941
7876-BEUTG,Female,0,0,0,15,United States,California,San Bruno,94066,37.624436,-122.430661
2338-BQEZT,Female,0,0,0,55,United States,California,San Carlos,94070,37.497915,-122.267361
9873-MNDKV,Female,0,0,0,11,United States,California,San Gregorio,94074,37.331762,-122.341444
8241-JUIQO,Female,0,0,0,61,United States,California,Sunnyvale,94086,37.378541,-122.020456
2194-IIQOF,Female,0,1,0,71,United States,California,Sunnyvale,94087,37.3511,-122.037311
9631-RXVJM,Male,0,0,0,35,United States,California,San Francisco,94102,37.7795,-122.419233
9584-EXCDZ,Female,0,0,0,17,United States,California,San Francisco,94103,37.773147,-122.411287
5093-FEGLU,Female,0,1,0,47,United States,California,San Francisco,94105,37.789168,-122.395009
2621-UDNLU,Female,0,1,0,3,United States,California,San Francisco,94107,37.768881,-122.395521
7526-IVLYU,Male,0,0,0,3,United States,California,San Francisco,94108,37.791998,-122.408653
2428-HYUNX,Male,1,1,0,44,United States,California,San Francisco,94109,37.794487,-122.42227
9214-EKVXR,Female,0,0,0,1,United States,California,San Francisco,94110,37.750021,-122.415201
3410-MHHUM,Female,0,1,1,44,United States,California,San Francisco,94111,37.801776,-122.402293
2122-YWVYA,Female,0,0,0,18,United States,California,San Francisco,94116,37.74441,-122.486764
2296-DKZFP,Female,0,1,0,65,United States,California,San Francisco,94118,37.781304,-122.461522
8909-BOLNL,Male,0,0,0,3,United States,California,San Francisco,94123,37.800254,-122.436975
6603-YRDCJ,Male,0,1,0,33,United States,California,San Francisco,94124,37.731505,-122.384532
3229-USWAR,Female,0,0,0,34,United States,California,San Francisco,94129,37.797526,-122.464531
2138-VFAPZ,Female,0,1,1,14,United States,California,San Francisco,94130,37.820894,-122.369725
6131-JLWZM,Female,0,0,0,13,United States,California,San Francisco,94131,37.746699,-122.442833
0269-XFESX,Male,0,1,1,23,United States,California,San Francisco,94133,37.802071,-122.411004
1709-EJDOX,Female,0,1,1,47,United States,California,San Francisco,94134,37.721052,-122.413573
4316-XCSLJ,Male,0,0,1,17,United States,California,Palo Alto,94301,37.444314,-122.149996
9693-XMUOB,Male,1,1,0,59,United States,California,Palo Alto,94304,37.386978,-122.177746
0383-CLDDA,Female,0,0,0,69,United States,California,Stanford,94305,37.424342,-122.165641
2709-UQGNP,Male,0,0,0,10,United States,California,San Mateo,94401,37.590421,-122.306467
3549-ZTMNH,Male,0,1,1,12,United States,California,San Mateo,94402,37.556634,-122.317723
8033-ATFAS,Female,0,1,1,39,United States,California,San Mateo,94404,37.556094,-122.272437
1635-NZATJ,Male,1,1,0,71,United States,California,Alameda,94501,37.774633,-122.274434
0562-HKHML,Male,0,1,1,71,United States,California,Alameda,94502,37.724817,-122.224363
8277-RVRSV,Female,0,1,1,33,United States,California,Danville,94506,37.791481,-121.903253
9943-VSZUV,Male,1,0,0,67,United States,California,Alamo,94507,37.855717,-121.994813
7054-ENNGU,Female,0,1,0,9,United States,California,Benicia,94510,38.113533,-122.11926
1455-HFBXA,Male,0,1,0,52,United States,California,Bethel Island,94511,38.050558,-121.646924
9402-CXWPL,Female,0,0,0,70,United States,California,Birds Landing,94512,38.140719,-121.838298
1628-BIZYP,Male,0,0,0,1,United States,California,Brentwood,94513,37.908242,-121.682472
0082-LDZUE,Male,0,0,0,1,United States,California,Calistoga,94515,38.629618,-122.593216
5343-SGUBI,Female,0,0,0,52,United States,California,Concord,94518,37.950248,-122.022455
0856-NAOES,Male,0,0,0,6,United States,California,Concord,94519,37.990118,-122.012188
1976-AZZPJ,Male,0,1,0,7,United States,California,Concord,94520,38.013825,-122.039144
6156-UZDLF,Female,0,0,0,26,United States,California,Pleasant Hill,94523,37.95338,-122.076886
3099-OONVS,Male,0,1,1,25,United States,California,Crockett,94525,38.049292,-122.228415
9500-WBGRP,Male,0,0,0,69,United States,California,Danville,94526,37.815459,-121.977203
5183-KLYEM,Female,0,0,0,72,United States,California,El Cerrito,94530,37.924838,-122.289145
5144-PQCDZ,Male,0,0,0,4,United States,California,Fairfield,94533,38.287136,-122.02711
8514-VZHEB,Male,0,1,1,59,United States,California,Travis Afb,94535,38.265899,-121.939461
6625-IUTTT,Male,0,0,0,67,United States,California,Fremont,94536,37.572273,-121.964583
9355-NPPFS,Female,1,0,0,26,United States,California,Fremont,94538,37.505768,-121.962472
0068-FIGTF,Female,0,0,0,27,United States,California,Fremont,94539,37.516791,-121.899117
5965-GGPRW,Male,0,1,1,72,United States,California,Hayward,94541,37.674002,-122.076796
8035-PWSEV,Female,0,0,0,6,United States,California,Hayward,94542,37.656695,-122.048361
2236-HILPA,Male,0,1,1,62,United States,California,Hayward,94544,37.639215,-122.037554
1840-BIUOG,Male,0,0,0,20,United States,California,Hayward,94545,37.62984,-122.120843
1356-MKYSK,Male,0,0,0,6,United States,California,Castro Valley,94546,37.708327,-122.083473
6080-LNESI,Male,0,0,0,51,United States,California,Hercules,94547,37.991259,-122.214945
1830-IPXVJ,Female,0,1,1,61,United States,California,Lafayette,94549,37.907777,-122.127161
5828-DWPIL,Male,1,1,0,62,United States,California,Livermore,94550,37.571748,-121.659562
8398-TBIYD,Female,0,0,0,72,United States,California,Castro Valley,94552,37.722727,-122.02157
2931-FSOHN,Male,1,0,0,13,United States,California,Napa,94559,38.232389,-122.324944
9418-RUKPH,Female,0,1,1,38,United States,California,Newark,94560,37.504133,-122.032347
9971-ZWPBF,Male,1,1,1,34,United States,California,Orinda,94563,37.873916,-122.20522
4712-AUQZO,Male,0,0,0,18,United States,California,Pinole,94564,37.996462,-122.293716
9711-FJTBX,Male,0,1,1,56,United States,California,Pittsburg,94565,38.006047,-121.916834
2908-ZTPNF,Female,0,0,0,36,United States,California,Pleasanton,94566,37.633361,-121.862395
8421-WZOOW,Female,1,1,1,57,United States,California,Rio Vista,94571,38.148862,-121.737696
1414-YADCW,Male,0,1,0,70,United States,California,Deer Park,94576,38.554383,-122.474773
8756-RDDLT,Female,0,0,0,68,United States,California,San Leandro,94577,37.717196,-122.159338
2862-PFNIK,Male,0,0,1,1,United States,California,San Leandro,94578,37.704384,-122.126703
5816-QVHRX,Female,0,0,0,37,United States,California,San Leandro,94579,37.687264,-122.15728
4430-YHXGG,Female,0,0,1,4,United States,California,San Lorenzo,94580,37.676249,-122.132415
6888-SBYAI,Male,0,0,0,1,United States,California,San Ramon,94583,37.766556,-121.976784
7395-XWZOY,Male,0,0,0,20,United States,California,Suisun City,94585,38.197907,-122.017258
7169-YWAMK,Male,0,1,1,72,United States,California,Sunol,94586,37.587494,-121.862856
6859-RKMZJ,Male,0,1,0,11,United States,California,Vallejo,94589,38.161321,-122.271588
2729-VNVAP,Female,0,1,1,33,United States,California,Vallejo,94590,38.104705,-122.247387
2957-JIRMN,Female,1,0,0,62,United States,California,Vallejo,94591,38.105733,-122.186338
2049-BAFNW,Female,0,0,0,1,United States,California,Vallejo,94592,38.093701,-122.276589
3842-QTGDL,Male,0,1,0,16,United States,California,Walnut Creek,94595,37.862128,-122.075197
7163-OCEQI,Male,0,1,1,22,United States,California,Walnut Creek,94596,37.900662,-122.052782
9782-LGXMC,Female,0,1,1,49,United States,California,Walnut Creek,94598,37.916648,-122.008483
5975-BAICR,Male,0,1,1,36,United States,California,Yountville,94599,38.421458,-122.365048
4673-KKSLS,Female,0,0,0,31,United States,California,Oakland,94605,37.758019,-122.138678
4853-OITSN,Male,0,1,0,5,United States,California,Oakland,94606,37.792489,-122.244314
9800-OUIGR,Male,0,1,1,66,United States,California,Oakland,94607,37.80707,-122.297401
2324-EFHVG,Male,0,0,0,64,United States,California,Oakland,94609,37.834341,-122.26437
7094-MSZAO,Male,0,1,1,10,United States,California,Oakland,94610,37.808731,-122.238708
6907-CQGPN,Male,0,0,0,29,United States,California,Oakland,94612,37.809014,-122.269739
0780-XNZFN,Male,0,0,0,57,United States,California,Oakland,94618,37.84551,-122.235181
0239-OXEXL,Female,0,0,0,46,United States,California,Oakland,94619,37.787186,-122.14633
2675-IJRGJ,Male,0,0,0,53,United States,California,Oakland,94621,37.750553,-122.197175
7049-GKVZY,Female,0,0,0,17,United States,California,Berkeley,94702,37.866009,-122.286228
8577-QSOCG,Female,0,1,1,38,United States,California,Berkeley,94703,37.863843,-122.275684
3721-CNZHX,Male,0,0,0,15,United States,California,Berkeley,94704,37.871416,-122.246597
0212-ISBBF,Female,0,0,0,22,United States,California,Berkeley,94705,37.858898,-122.240512
3585-YNADK,Female,0,1,0,57,United States,California,Berkeley,94707,37.897753,-122.279391
5271-DBYSJ,Male,1,0,0,11,United States,California,Berkeley,94708,37.897743,-122.263124
1099-GODLO,Female,0,1,1,1,United States,California,Berkeley,94709,37.878554,-122.26609
6828-HMKWP,Male,0,1,1,12,United States,California,Berkeley,94710,37.872902,-122.303708
1472-TNCWL,Male,0,0,1,36,United States,California,El Sobrante,94803,37.963995,-122.288296
2080-GKCWQ,Male,0,0,0,2,United States,California,San Pablo,94806,37.980269,-122.342635
2193-SFWQW,Male,0,1,1,72,United States,California,San Rafael,94903,38.018065,-122.546024
5656-JAMLX,Male,0,0,0,62,United States,California,Greenbrae,94904,37.946617,-122.563571
3462-BJQQA,Female,0,0,0,6,United States,California,Belvedere Tiburon,94920,37.885629,-122.46858
0442-TDYUO,Male,0,1,0,48,United States,California,Bodega,94922,38.343282,-122.9755
6733-LRIZX,Male,0,0,0,35,United States,California,Bodega Bay,94923,38.377165,-123.037957
9503-XJUME,Male,0,0,1,52,United States,California,Bolinas,94924,37.943087,-122.72379
4367-NHWMM,Female,0,0,0,1,United States,California,Corte Madera,94925,37.924014,-122.511694
3779-OSWCF,Female,0,1,0,71,United States,California,Dillon Beach,94929,38.24458,-122.956268
6736-DHUQI,Female,0,1,1,67,United States,California,Fairfax,94930,37.971751,-122.611873
3915-ODIYG,Male,1,0,0,60,United States,California,Cotati,94931,38.326215,-122.718742
1360-RCYRT,Male,0,1,1,23,United States,California,Forest Knolls,94933,38.010092,-122.689442
2724-FJDYW,Male,0,0,1,39,United States,California,Inverness,94937,38.099323,-122.945723
4451-RWASJ,Male,0,1,1,15,United States,California,Lagunitas,94938,38.021772,-122.691744
3460-TJBWI,Male,0,1,1,24,United States,California,Marshall,94940,38.129308,-122.834815
5917-HBSDW,Female,0,1,1,37,United States,California,Mill Valley,94941,37.901371,-122.572024
5671-UUNXD,Female,1,1,0,50,United States,California,Nicasio,94946,38.065359,-122.665566
0956-ACVZC,Female,0,0,0,54,United States,California,Novato,94947,38.112166,-122.634384
2325-NBPZG,Female,0,0,0,3,United States,California,Novato,94949,38.067204,-122.524004
4482-FTFFX,Male,0,0,0,5,United States,California,Penngrove,94951,38.325599,-122.642352
8859-DZTGQ,Male,0,0,0,33,United States,California,Petaluma,94952,38.237018,-122.77872
0440-MOGPM,Female,0,0,0,41,United States,California,Petaluma,94954,38.235021,-122.557332
0020-JDNXP,Female,0,1,1,34,United States,California,Point Reyes Station,94956,38.060264,-122.830646
3752-CQSJI,Female,0,1,1,13,United States,California,San Anselmo,94960,37.99272,-122.575026
5025-GOOKI,Female,0,0,0,20,United States,California,San Geronimo,94963,38.00474,-122.663717
4698-KVLLG,Female,1,0,0,51,United States,California,San Quentin,94964,37.942551,-122.491642
2887-JPYLU,Female,0,0,1,41,United States,California,Stinson Beach,94970,37.921137,-122.657562
4770-QAZXN,Female,0,0,0,13,United States,California,Tomales,94971,38.240769,-122.901041
4896-CPRPF,Male,0,1,1,35,United States,California,Valley Ford,94972,38.339996,-122.935056
9714-EDSUC,Male,0,0,0,4,United States,California,Alviso,95002,37.449537,-121.994813
0282-NVSJS,Female,1,1,1,12,United States,California,Aromas,95004,36.878364,-121.629781
7353-YOWFP,Female,0,0,0,7,United States,California,Brookdale,95007,37.106902,-122.100006
8008-ESFLK,Female,0,1,0,53,United States,California,Capitola,95010,36.977025,-121.952864
7537-CBQUZ,Male,1,0,0,63,United States,California,Castroville,95012,36.784481,-121.759054
3363-EWLGO,Female,0,0,0,5,United States,California,Freedom,95019,36.936228,-121.785559
4750-UKWJK,Female,1,1,0,37,United States,California,Gilroy,95020,37.03889,-121.528955
1689-YQBYY,Female,0,0,1,12,United States,California,Los Gatos,95030,37.222842,-121.988727
4487-ZYJZK,Female,0,1,1,38,United States,California,Los Gatos,95032,37.233034,-121.947427
2959-FENLU,Female,0,0,0,9,United States,California,Los Gatos,95033,37.160194,-121.945611
0708-LGSMF,Male,0,1,0,13,United States,California,Milpitas,95035,37.441931,-121.878502
7634-HLQJR,Female,0,1,1,47,United States,California,Moss Landing,95039,36.863303,-121.781632
0487-RPVUM,Male,0,1,0,61,United States,California,Mount Hermon,95041,37.051166,-122.056194
4079-ULGFR,Male,0,0,0,16,United States,California,Paicines,95043,36.525703,-120.952122
2516-XSJKX,Female,0,1,1,41,United States,California,San Juan Bautista,95045,36.810568,-121.503022
0057-QBUQH,Female,0,0,1,43,United States,California,San Martin,95046,37.084697,-121.606417
6599-SFQVE,Female,0,0,0,6,United States,California,Santa Clara,95051,37.348129,-121.98469
8331-ZXFOE,Female,0,0,0,58,United States,California,Santa Clara,95054,37.393554,-121.965114
4003-FUSHP,Male,0,0,0,19,United States,California,Santa Cruz,95060,36.993451,-122.098858
0356-ERHVT,Male,0,1,0,11,United States,California,Santa Cruz,95062,36.974575,-121.991149
7325-ENZFI,Female,0,0,0,39,United States,California,Santa Cruz,95064,37.007882,-122.065975
4884-ZTHVF,Female,1,0,0,8,United States,California,Santa Cruz,95065,37.031404,-121.981865
3920-HIHMQ,Female,0,0,1,26,United States,California,Scotts Valley,95066,37.070177,-122.010077
3055-OYMSE,Female,1,0,0,53,United States,California,Saratoga,95070,37.257772,-122.051824
0613-WUXUM,Female,0,1,1,70,United States,California,Soquel,95073,37.023669,-121.946461
4458-KVRBJ,Male,0,0,0,59,United States,California,San Jose,95110,37.34667,-121.910019
1397-XKKWR,Male,0,0,0,7,United States,California,San Jose,95112,37.343827,-121.883119
8097-OMULG,Male,0,1,1,59,United States,California,San Jose,95116,37.350284,-121.852855
6013-BHCAW,Male,0,1,1,61,United States,California,San Jose,95117,37.311088,-121.961786
0401-WDBXM,Male,0,1,1,72,United States,California,San Jose,95118,37.255479,-121.889838
3387-PLKUI,Female,0,1,1,13,United States,California,San Jose,95119,37.233226,-121.78809
6096-EGVTU,Female,0,1,1,64,United States,California,San Jose,95120,37.186141,-121.843554
5081-NWSUP,Female,0,0,0,10,United States,California,San Jose,95122,37.32886,-121.834567
2580-ATZSQ,Female,0,1,1,65,United States,California,San Jose,95123,37.238758,-121.828375
8085-MSNLK,Female,0,1,0,62,United States,California,San Jose,95124,37.257063,-121.923037
9691-HKOVS,Female,0,1,0,55,United States,California,San Jose,95125,37.294926,-121.894763
9881-VCZEP,Female,0,1,0,25,United States,California,San Jose,95126,37.327069,-121.916819
8757-TFHHJ,Male,0,0,0,1,United States,California,San Jose,95128,37.316146,-121.936285
1468-DEFNC,Male,1,1,1,64,United States,California,San Jose,95130,37.277592,-121.986477
5119-KEPFY,Male,0,1,0,36,United States,California,San Jose,95131,37.387027,-121.897775
0916-KNFAJ,Male,0,1,0,61,United States,California,San Jose,95133,37.371862,-121.860349
8319-QBEHW,Male,0,0,1,26,United States,California,San Jose,95134,37.42765,-121.945416
9625-QNLUX,Male,0,1,1,68,United States,California,San Jose,95138,37.246064,-121.749494
4024-CSNBY,Female,0,1,0,72,United States,California,Mount Hamilton,95140,37.382909,-121.634151
7110-BDTWG,Female,0,1,0,71,United States,California,San Jose,95148,37.339533,-121.777179
7493-GVFIO,Male,0,0,0,57,United States,California,Stockton,95202,37.959706,-121.287669
0690-SRQID,Male,0,0,0,4,United States,California,Stockton,95203,37.954089,-121.329761
9605-WGJVW,Female,1,0,0,1,United States,California,Stockton,95204,37.974498,-121.319568
9114-DPSIA,Male,0,1,1,72,United States,California,Stockton,95205,37.965695,-121.260051
4700-UBQMV,Male,0,1,1,21,United States,California,Stockton,95206,37.902422,-121.440029
7711-GQBZC,Female,0,1,1,71,United States,California,Stockton,95207,38.002125,-121.324979
4627-MIHJH,Female,1,0,0,69,United States,California,Stockton,95210,38.033219,-121.297433
9795-NREXC,Female,0,1,0,64,United States,California,Stockton,95212,38.049457,-121.21653
8573-CGOCC,Male,0,0,0,16,United States,California,Stockton,95215,37.946282,-121.139499
7356-AYNJP,Female,0,0,0,4,United States,California,Stockton,95219,38.029729,-121.387999
6286-SUUWT,Male,0,0,0,1,United States,California,Arnold,95223,38.32153,-120.236358
4819-HJPIW,Male,0,0,0,18,United States,California,Avery,95224,38.208336,-120.339938
8654-DHAOW,Female,0,0,0,2,United States,California,Burson,95225,38.183918,-120.898817
5438-QMDDL,Female,0,1,0,19,United States,California,Campo Seco,95226,38.233879,-120.861666
9812-GHVRI,Female,0,0,0,40,United States,California,Clements,95227,38.227285,-121.02789
5553-AOINX,Female,1,1,1,66,United States,California,Copperopolis,95228,37.943954,-120.67108
1228-ZLNBX,Male,0,0,0,21,United States,California,Farmington,95230,37.956963,-120.863055
4226-KKDON,Male,0,0,0,8,United States,California,French Camp,95231,37.873283,-121.292034
3831-YCPUO,Female,0,1,1,72,United States,California,Glencoe,95232,38.358464,-120.579304
7445-WMRBW,Female,0,0,0,48,United States,California,Hathaway Pines,95233,38.184914,-120.364085
3308-DGHKL,Male,0,0,0,69,United States,California,Linden,95236,38.047746,-121.030499
9924-JPRMC,Male,0,0,0,72,United States,California,Lockeford,95237,38.166791,-121.14207
0080-EMYVY,Female,0,0,0,14,United States,California,Lodi,95240,38.123544,-121.159078
6218-KNUBD,Male,0,0,0,6,United States,California,Lodi,95242,38.128087,-121.4078
7337-CINUD,Female,0,1,1,8,United States,California,Mokelumne Hill,95245,38.304194,-120.592431
7609-NRNCA,Female,0,0,0,17,United States,California,Mountain Ranch,95246,38.264262,-120.515133
0623-EJQEG,Male,0,0,0,65,United States,California,Murphys,95247,38.147852,-120.440124
7153-CHRBV,Female,0,1,1,57,United States,California,San Andreas,95249,38.196497,-120.61689
6198-PNNSZ,Female,0,1,0,56,United States,California,Valley Springs,95252,38.156971,-120.849231
3317-VLGQT,Female,0,1,0,14,United States,California,Wallace,95254,38.192608,-120.957842
4132-POCZS,Male,0,1,0,52,United States,California,West Point,95255,38.41935,-120.469545
5614-DNZCE,Female,0,0,0,58,United States,California,Wilseyville,95257,38.392686,-120.415951
3896-RCYYE,Female,0,0,0,67,United States,California,Atwater,95301,37.321233,-120.656354
9638-JIQYA,Male,0,0,0,2,United States,California,Ballico,95303,37.4695,-120.672724
3258-SANFR,Male,1,0,0,6,United States,California,Big Oak Flat,95305,37.818589,-120.256995
3726-TBHQT,Male,0,1,1,71,United States,California,Catheys Valley,95306,37.394411,-120.127262
3190-ITQXP,Female,0,1,1,46,United States,California,Ceres,95307,37.553469,-120.952825
4833-QTJNO,Male,1,1,0,67,United States,California,Coulterville,95311,37.722127,-120.110174
3039-MJSLN,Male,0,0,1,3,United States,California,Cressey,95312,37.420273,-120.66527
0178-CIIKR,Female,0,0,0,3,United States,California,Crows Landing,95313,37.435664,-121.049056
5774-QPLTF,Male,0,1,1,50,United States,California,El Nido,95317,37.127386,-120.506422
2322-VCZHZ,Male,1,1,0,23,United States,California,El Portal,95318,37.654551,-119.822984
5010-IPEAQ,Female,0,1,1,67,United States,California,Escalon,95320,37.818543,-121.006907
6383-ZTSIW,Female,1,1,0,39,United States,California,Gustine,95322,37.147198,-121.120161
8990-YOZLV,Female,0,0,0,69,United States,California,Hickman,95323,37.605926,-120.69955
3069-SSVSN,Female,0,0,0,1,United States,California,Hilmar,95324,37.394536,-120.890747
5222-IMUKT,Male,0,0,0,32,United States,California,Hornitos,95325,37.479926,-120.230424
6685-XSHHU,Male,0,1,1,60,United States,California,Keyes,95328,37.555631,-120.911653
8901-UPRHR,Female,0,1,1,72,United States,California,La Grange,95329,37.666587,-120.411517
0118-JPNOY,Female,1,0,0,26,United States,California,Le Grand,95333,37.249377,-120.249581
3845-FXCYS,Male,0,0,0,2,United States,California,Long Barn,95335,38.109125,-120.078597
5857-XRECV,Female,0,0,1,2,United States,California,Manteca,95336,37.830267,-121.201018
0725-CXOTM,Female,0,0,0,36,United States,California,Manteca,95337,37.750822,-121.238423
4343-EJVQB,Male,0,0,0,7,United States,California,Mariposa,95338,37.526791,-119.99437
9000-PLFUZ,Female,1,1,0,60,United States,California,Merced,95340,37.255637,-120.493537
3427-GGZZI,Female,0,1,0,19,United States,California,Midpines,95345,37.581496,-119.972762
7779-ORAEL,Male,1,1,0,45,United States,California,Mi Wuk Village,95346,38.121601,-120.133915
0644-OQMDK,Male,1,0,0,4,United States,California,Merced,95348,37.40122,-120.514191
3154-CFSZG,Male,0,1,1,47,United States,California,Modesto,95351,37.621458,-121.012295
2220-IAHLS,Female,0,0,0,1,United States,California,Modesto,95356,37.716186,-121.025836
1658-XUHBX,Female,1,1,1,59,United States,California,Modesto,95357,37.670526,-120.877572
2378-HTWFW,Male,1,0,0,35,United States,California,Newman,95360,37.343846,-121.039391
4377-VDHYI,Male,0,1,1,32,United States,California,Patterson,95363,37.410236,-121.320337
3719-TDVQB,Female,1,1,0,54,United States,California,Ripon,95366,37.750778,-121.13238
0201-MIBOL,Female,1,0,0,66,United States,California,Salida,95368,37.713152,-121.08739
4937-QPZPO,Male,0,1,1,61,United States,California,Snelling,95369,37.521708,-120.426843
2925-VDZHY,Male,0,1,1,72,United States,California,Sonora,95370,37.982716,-120.343732
6981-TDRFT,Male,0,1,1,44,United States,California,Soulsbyville,95372,37.990574,-120.261821
3413-CSSTH,Male,0,0,0,41,United States,California,Stevinson,95374,37.316807,-120.855753
8033-VCZGH,Male,0,1,0,50,United States,California,Tracy,95376,37.680968,-121.446049
0224-NIJLP,Male,0,1,1,8,United States,California,Turlock,95380,37.474396,-120.875917
7542-CYDDM,Male,0,0,0,18,United States,California,Turlock,95382,37.529656,-120.854357
4718-WXBGI,Male,0,1,1,72,United States,California,Twain Harte,95383,38.107441,-120.230625
8495-PRWFH,Female,1,0,0,42,United States,California,Waterford,95386,37.669516,-120.626964
0439-IFYUN,Female,1,0,0,18,United States,California,Westley,95387,37.546007,-121.28257
5716-LIBJC,Female,0,0,1,13,United States,California,Winton,95388,37.421299,-120.599587
2868-LLSKM,Female,0,1,1,68,United States,California,Yosemite National Park,95389,37.704267,-119.607001
2988-QRAJY,Male,0,0,0,69,United States,California,Santa Rosa,95403,38.488431,-122.752839
0071-NDAFP,Male,0,1,1,25,United States,California,Santa Rosa,95405,38.439696,-122.668817
7328-ZJAJO,Female,0,1,1,59,United States,California,Santa Rosa,95409,38.468893,-122.580539
6458-CYIDZ,Female,1,0,0,5,United States,California,Albion,95410,39.225694,-123.717354
1090-PYKCI,Female,0,1,1,69,United States,California,Boonville,95415,39.025867,-123.381544
3058-WQDRE,Male,0,0,0,13,United States,California,Branscomb,95417,39.710591,-123.682799
2279-AXJJK,Male,0,1,0,52,United States,California,Cazadero,95421,38.578807,-123.19338
0909-SELIE,Male,0,1,0,61,United States,California,Clearlake Oaks,95423,39.07116,-122.598542
3417-TSCIC,Male,0,0,0,29,United States,California,Cloverdale,95425,38.801936,-122.938935
1042-HFUCW,Female,0,0,1,25,United States,California,Cobb,95426,38.838088,-122.73203
6537-OTKMY,Male,0,0,0,15,United States,California,Covelo,95428,39.83307,-123.178765
8999-EXMNO,Female,0,1,1,19,United States,California,Dos Rios,95429,39.756049,-123.358701
6725-TPKJO,Male,0,0,0,44,United States,California,Duncans Mills,95430,38.445603,-123.063756
7162-WPHPM,Male,0,1,1,58,United States,California,Elk,95432,39.108252,-123.645121
1599-MMYRQ,Male,0,1,1,62,United States,California,Forestville,95436,38.499302,-122.92444
8821-KVZKQ,Female,0,1,1,70,United States,California,Fort Bragg,95437,39.455555,-123.683979
6434-TTGJP,Male,0,1,1,10,United States,California,Geyserville,95441,38.731771,-123.064272
0042-JVWOJ,Male,0,0,0,26,United States,California,Glen Ellen,95442,38.368744,-122.522642
0130-SXOUN,Male,0,0,0,66,United States,California,Glenhaven,95443,39.045246,-122.743181
2330-PQGDQ,Male,0,1,1,51,United States,California,Gualala,95445,38.848082,-123.50608
1452-UZOSF,Male,0,1,1,72,United States,California,Guerneville,95446,38.52576,-123.013347
2097-YVPKN,Male,0,0,0,65,United States,California,Healdsburg,95448,38.618347,-122.908422
8597-CTXVJ,Male,0,0,1,70,United States,California,Jenner,95450,38.505995,-123.187019
6631-HMANX,Male,0,1,0,72,United States,California,Kelseyville,95451,38.93496,-122.792243
9962-BFPDU,Female,0,1,1,1,United States,California,Kenwood,95452,38.419525,-122.521585
6394-HHHZM,Male,0,0,0,3,United States,California,Little River,95456,39.245911,-123.77214
5995-LFTLE,Male,0,0,0,58,United States,California,Lower Lake,95457,38.925545,-122.549083
1932-UEDCX,Male,1,1,0,33,United States,California,Manchester,95459,38.966713,-123.586412
5188-HGMLP,Male,1,1,0,54,United States,California,Middletown,95461,38.787446,-122.58675
0665-XHDJU,Male,0,1,0,72,United States,California,Monte Rio,95462,38.471049,-123.015549
8265-HKSOW,Female,0,1,1,72,United States,California,Occidental,95465,38.415003,-122.998726
3544-FBCAS,Female,0,1,1,72,United States,California,Philo,95466,39.094102,-123.500853
5331-RGMTT,Male,1,1,0,54,United States,California,Point Arena,95468,38.911299,-123.609588
4759-PXTAN,Female,0,1,0,59,United States,California,Potter Valley,95469,39.408634,-123.045516
7054-DMVAS,Male,0,0,0,54,United States,California,Redwood Valley,95470,39.298065,-123.25211
3428-MMGUB,Male,0,0,0,60,United States,California,Rio Nido,95471,38.522328,-122.97932
6549-BTYPG,Female,0,1,0,60,United States,California,Sebastopol,95472,38.398815,-122.861923
7823-JSOAG,Male,0,0,0,3,United States,California,Sonoma,95476,38.25485,-122.461799
3705-RHRFR,Female,0,1,0,69,United States,California,Ukiah,95482,39.134075,-123.23422
9374-YOLBJ,Female,0,1,1,1,United States,California,Upper Lake,95485,39.220368,-122.907693
9074-KGVOX,Male,0,1,1,50,United States,California,Westport,95488,39.724433,-123.767578
6128-DAFVY,Female,0,0,0,56,United States,California,Willits,95490,39.492046,-123.375818
9933-QRGTX,Female,0,1,0,60,United States,California,Windsor,95492,38.527297,-122.810044
4476-OSWTN,Male,1,1,0,69,United States,California,Witter Springs,95493,39.222323,-122.985488
5066-GFJMM,Female,0,1,0,3,United States,California,Eureka,95501,40.796621,-124.15428
2661-GKBTK,Male,0,1,1,60,United States,California,Eureka,95503,40.737431,-124.108897
0458-HEUZG,Female,0,0,0,13,United States,California,Alderpoint,95511,40.166028,-123.584144
7268-WNTCP,Male,0,1,1,62,United States,California,Blocksburg,95514,40.309088,-123.668201
0824-VWDPO,Female,0,0,0,45,United States,California,Mckinleyville,95519,40.965011,-124.015255
8409-WQJUX,Female,0,0,0,25,United States,California,Arcata,95521,40.839958,-124.003757
2578-JQPHZ,Male,0,0,0,44,United States,California,Bayside,95524,40.825486,-124.049485
3278-FSIXX,Female,0,0,0,2,United States,California,Blue Lake,95525,40.94338,-123.831799
9746-UGFAC,Female,0,0,0,22,United States,California,Carlotta,95528,40.497283,-123.93037
2946-KIQSP,Female,0,0,0,35,United States,California,Crescent City,95531,41.701223,-124.003393
0625-AFOHS,Female,0,1,1,29,United States,California,Ferndale,95536,40.4785,-124.301372
6726-WEXXK,Male,1,1,0,27,United States,California,Fields Landing,95537,40.726949,-124.217378
4636-OLWOE,Male,0,0,1,54,United States,California,Fortuna,95540,40.584991,-124.121504
4685-ERGHK,Male,0,0,0,57,United States,California,Gasquet,95543,41.867908,-123.794144
0885-HMGPY,Male,0,0,0,62,United States,California,Honeydew,95545,40.342928,-124.063329
5003-OKNNK,Female,0,1,1,15,United States,California,Hoopa,95546,41.163637,-123.704841
7208-PSIHR,Female,0,1,0,70,United States,California,Klamath,95548,41.572813,-124.035011
4012-ZTHBR,Female,0,1,1,21,United States,California,Kneeland,95549,40.664483,-123.865325
0489-WMEMG,Female,0,0,1,23,United States,California,Korbel,95550,40.7666,-123.80458
7435-ZNUYY,Male,0,0,0,6,United States,California,Loleta,95551,40.665952,-124.240051
1354-YZFNB,Male,0,1,1,4,United States,California,Mad River,95552,40.390301,-123.412327
2985-FMWYF,Female,0,0,0,23,United States,California,Myers Flat,95554,40.267158,-123.805913
2812-ENYMO,Male,0,0,0,26,United States,California,Orick,95555,41.336354,-124.044354
2717-HVIZY,Female,0,0,1,8,United States,California,Orleans,95556,41.269521,-123.546958
3422-GALYP,Male,0,0,0,2,United States,California,Phillipsville,95559,40.184094,-123.745487
2890-WFBHU,Female,0,0,0,59,United States,California,Salyer,95563,40.89866,-123.539754
0327-WFZSY,Male,0,1,1,39,United States,California,Samoa,95564,40.809636,-124.189977
7977-HXJKU,Male,0,0,1,21,United States,California,Scotia,95565,40.440636,-124.098739
7033-CLAMM,Female,0,1,1,48,United States,California,Somes Bar,95568,41.444606,-123.471895
4023-RTIQM,Female,1,1,0,31,United States,California,Redcrest,95569,40.363446,-123.835041
0864-FVJNJ,Female,0,1,1,64,United States,California,Trinidad,95570,41.162295,-124.027381
7356-IWLFW,Male,0,1,1,46,United States,California,Weott,95571,40.310119,-123.909449
9541-PWTWO,Female,0,0,0,52,United States,California,Willow Creek,95573,40.949012,-123.655847
3967-VQOGC,Female,0,1,1,67,United States,California,Leggett,95585,39.873371,-123.741474
7872-RDDLZ,Female,1,0,0,67,United States,California,Piercy,95587,39.955587,-123.681175
6308-CQRBU,Female,0,1,0,71,United States,California,Zenia,95595,40.170357,-123.417298
0186-CAERR,Male,0,0,0,71,United States,California,Auburn,95603,38.912881,-121.082766
3043-SUDUA,Female,0,0,0,32,United States,California,West Sacramento,95605,38.592745,-121.540036
5442-BHQNG,Female,0,0,0,2,United States,California,Brooks,95606,38.809804,-122.241383
2169-RRLFW,Female,0,1,0,71,United States,California,Capay,95607,38.681651,-122.130569
5872-OEQNH,Female,0,0,0,60,United States,California,Carmichael,95608,38.626128,-121.328011
3162-KKZXO,Female,1,0,0,55,United States,California,Citrus Heights,95610,38.69508,-121.271616
8873-GLDMH,Female,0,0,0,6,United States,California,Courtland,95615,38.311609,-121.554034
5696-JVVQY,Female,0,1,1,48,United States,California,Davis,95616,38.508735,-121.678813
8946-BFWSG,Male,0,1,1,63,United States,California,Davis,95618,38.544002,-121.685559
0547-HURJB,Male,0,0,1,12,United States,California,Dixon,95620,38.392821,-121.799917
8904-OPDCK,Male,1,1,0,54,United States,California,Citrus Heights,95621,38.69549,-121.307864
8845-LWKGE,Female,0,1,1,30,United States,California,El Dorado,95623,38.63153,-120.842609
0691-NIKRI,Female,0,0,0,40,United States,California,Elverta,95626,38.734997,-121.463719
5022-JNQEQ,Female,0,1,1,9,United States,California,Esparto,95627,38.834469,-122.127193
3249-VHRIP,Female,0,0,0,62,United States,California,Fiddletown,95629,38.513484,-120.704613
3736-BLEPA,Male,0,0,0,28,United States,California,Folsom,95630,38.672638,-121.147403
4701-LKOZD,Female,0,0,0,70,United States,California,Foresthill,95631,39.031876,-120.811141
6603-QWSPR,Female,0,0,0,46,United States,California,Galt,95632,38.274451,-121.259201
9921-QFQUL,Female,0,1,0,23,United States,California,Garden Valley,95633,38.852544,-120.837669
1929-ZCBHE,Male,0,1,1,47,United States,California,Georgetown,95634,38.9386,-120.785514
4378-MYPGO,Male,0,1,1,68,United States,California,Greenwood,95635,38.921333,-120.897718
4129-LYCOI,Female,0,0,1,67,United States,California,Guinda,95637,38.830739,-122.196202
7798-JVXYM,Female,0,0,0,14,United States,California,Herald,95638,38.313447,-121.123886
8647-SDTWQ,Male,0,1,1,57,United States,California,Hood,95639,38.375325,-121.507935
2696-ECXKC,Female,0,1,1,55,United States,California,Ione,95640,38.33788,-120.954202
2081-KJSQF,Male,0,0,0,1,United States,California,Isleton,95641,38.154823,-121.601358
3323-CPBWR,Male,0,0,0,23,United States,California,Knights Landing,95645,38.875508,-121.765866
3384-CTMSF,Male,0,1,0,47,United States,California,Lincoln,95648,38.922812,-121.312005
0902-RFHOF,Male,0,0,0,38,United States,California,Loomis,95650,38.809175,-121.171375
6048-QBXKL,Female,1,0,0,2,United States,California,Madison,95653,38.674276,-121.961866
7718-RXDGG,Male,0,1,0,15,United States,California,Newcastle,95658,38.883224,-121.15918
1025-FALIX,Female,0,0,0,26,United States,California,Nicolaus,95659,38.788898,-121.608624
3451-VAWLI,Female,0,1,1,35,United States,California,North Highlands,95660,38.671295,-121.388251
3407-QGWLG,Male,0,0,1,3,United States,California,Roseville,95661,38.736685,-121.251984
2347-WKKAE,Male,0,1,0,42,United States,California,Penryn,95663,38.859093,-121.182872
8735-DCXNF,Male,0,1,0,10,United States,California,Pilot Hill,95664,38.803731,-121.043799
3214-IYUUQ,Female,0,1,0,61,United States,California,Pine Grove,95665,38.400264,-120.641274
1936-UAFEH,Female,0,0,0,68,United States,California,Pioneer,95666,38.546999,-120.271114
3587-PMCOY,Male,0,0,0,10,United States,California,Placerville,95667,38.733714,-120.795213
1027-LKKQQ,Female,0,1,1,72,United States,California,Plymouth,95669,38.489273,-120.891614
7148-XZPHA,Male,0,1,1,55,United States,California,Rancho Cordova,95670,38.602723,-121.279913
5309-TAIKL,Female,0,0,0,7,United States,California,Rio Linda,95673,38.688764,-121.457596
6856-RAURS,Female,0,0,0,2,United States,California,Rio Oso,95674,38.954144,-121.482536
8778-LMWTJ,Female,0,0,0,9,United States,California,River Pines,95675,38.545775,-120.743325
9717-IOAAF,Male,0,0,1,27,United States,California,Rocklin,95677,38.7904,-121.236973
2845-KDHVX,Female,0,1,0,64,United States,California,Sheridan,95681,38.984756,-121.345074
0848-SOMKO,Male,0,0,0,70,United States,California,Shingle Springs,95682,38.598936,-120.963092
6734-FQAJX,Male,1,0,0,67,United States,California,Somerset,95684,38.606703,-120.586659
1535-VTJOQ,Female,0,0,0,24,United States,California,Thornton,95686,38.157794,-121.520223
6368-TZZDT,Male,0,1,1,4,United States,California,Vacaville,95687,38.333133,-121.920151
0943-ZQPXH,Male,0,1,1,44,United States,California,Vacaville,95688,38.419088,-122.024568
1293-BSEUN,Female,0,1,1,72,United States,California,Volcano,95689,38.481902,-120.603668
1302-TPUBN,Male,0,0,0,66,United States,California,West Sacramento,95691,38.627951,-121.593287
2378-VTKDH,Male,1,1,0,65,United States,California,Woodland,95695,38.71967,-121.862416
0927-CNGRH,Male,0,0,1,1,United States,California,Alta,95701,39.218096,-120.79153
8608-OZTLB,Male,0,1,1,38,United States,California,Applegate,95703,38.983388,-120.988814
2335-GSODA,Male,0,0,1,23,United States,California,Camino,95709,38.748316,-120.675512
1952-DVVSW,Female,0,1,0,10,United States,California,Colfax,95713,39.084645,-120.894014
6656-GULJQ,Male,0,1,1,72,United States,California,Emigrant Gap,95715,39.23754,-120.720196
9853-JFZDU,Female,0,1,0,35,United States,California,Gold Run,95717,39.170376,-120.838404
3777-XROBG,Female,0,1,1,58,United States,California,Echo Lake,95721,38.851842,-120.076204
6994-FGRHH,Male,0,1,1,70,United States,California,Meadow Vista,95722,39.003358,-121.022539
4000-VGMQP,Male,0,1,1,38,United States,California,Pollock Pines,95726,38.733908,-120.453416
3999-WRNGR,Female,0,1,1,60,United States,California,Soda Springs,95728,39.279068,-120.414275
3466-RITXD,Male,0,0,0,26,United States,California,Twin Bridges,95735,38.805481,-120.13287
2680-XKKNJ,Female,0,0,0,8,United States,California,Weimar,95736,39.00978,-120.978273
2974-GGUXS,Female,1,1,0,36,United States,California,Granite Bay,95746,38.749466,-121.184196
7994-XIRTR,Male,1,0,0,54,United States,California,Roseville,95747,38.784329,-121.373245
2101-RANCD,Female,0,0,0,55,United States,California,El Dorado Hills,95762,38.684437,-121.055634
7921-BEPCI,Female,0,0,0,72,United States,California,Rocklin,95765,38.823278,-121.281856
8510-TMWYB,Female,0,1,1,54,United States,California,Sacramento,95814,38.584505,-121.491956
3258-ZKPAI,Male,0,1,1,72,United States,California,Sacramento,95815,38.608405,-121.449942
1428-IEDPR,Male,0,0,0,52,United States,California,Sacramento,95816,38.574856,-121.46504
5298-GSTLM,Female,1,0,0,60,United States,California,Sacramento,95817,38.550722,-121.457314
4450-YOOHP,Female,0,0,0,39,United States,California,Sacramento,95818,38.556306,-121.495817
6728-CZFEI,Female,0,0,0,15,United States,California,Sacramento,95819,38.567594,-121.437507
3653-NCRDJ,Male,0,1,1,43,United States,California,Sacramento,95821,38.625096,-121.383658
6121-TNHBO,Female,1,0,0,63,United States,California,Sacramento,95822,38.512569,-121.495184
5119-NZPTV,Male,1,1,0,2,United States,California,Sacramento,95823,38.475465,-121.443625
6519-ZHPXP,Female,0,1,1,72,United States,California,Sacramento,95824,38.517295,-121.439819
3472-QPRCH,Male,0,1,1,40,United States,California,Sacramento,95826,38.542532,-121.378826
8224-UAXBZ,Female,0,1,0,58,United States,California,Sacramento,95827,38.549185,-121.328386
9610-WCESF,Male,0,0,0,67,United States,California,Sacramento,95828,38.486938,-121.395805
2486-WYVVE,Male,0,1,0,31,United States,California,Sacramento,95830,38.490508,-121.284171
3865-ZYKAD,Male,1,1,0,69,United States,California,Sacramento,95831,38.494832,-121.529447
1422-DGUBX,Male,0,1,0,32,United States,California,Sacramento,95832,38.445939,-121.496855
2999-AANRQ,Female,0,0,0,21,United States,California,Sacramento,95833,38.619049,-121.517552
8668-KNZTI,Male,0,0,0,52,United States,California,Sacramento,95834,38.646209,-121.52446
0480-KYJVA,Female,0,1,1,72,United States,California,Sacramento,95835,38.685069,-121.543709
9746-YKGXB,Male,0,1,1,52,United States,California,Sacramento,95838,38.646096,-121.442433
3926-YZVVX,Female,0,0,0,41,United States,California,Sacramento,95841,38.660442,-121.346321
6000-UKLWI,Male,0,0,0,41,United States,California,Sacramento,95842,38.687367,-121.34848
6332-FBZRI,Male,0,1,1,67,United States,California,Sacramento,95864,38.585826,-121.376263
2096-XOTMO,Female,0,1,1,16,United States,California,Marysville,95901,39.19514,-121.503883
3266-FTKHB,Male,0,0,0,17,United States,California,Beale Afb,95903,39.125311,-121.392283
8221-EQDGL,Male,0,1,0,35,United States,California,Alleghany,95910,39.467828,-120.841386
2346-LOCWC,Female,0,1,1,58,United States,California,Arbuckle,95912,38.982373,-122.047751
0298-XACET,Male,0,1,1,52,United States,California,Berry Creek,95916,39.657228,-121.37778
7560-QJAVJ,Female,0,0,0,70,United States,California,Biggs,95917,39.457388,-121.818201
2995-YWTCD,Female,0,1,1,19,United States,California,Browns Valley,95918,39.292334,-121.320597
9137-UIYPG,Female,0,1,1,35,United States,California,Butte City,95920,39.449794,-121.936372
2809-ZMYOQ,Female,0,0,0,32,United States,California,Camptonville,95922,39.432127,-121.099287
5084-OOVCJ,Female,0,1,1,17,United States,California,Canyon Dam,95923,40.171312,-121.120605
0254-WWRKD,Female,0,1,1,67,United States,California,Challenge,95925,39.461768,-121.195825
7727-SHVZV,Female,0,0,0,9,United States,California,Chico,95926,39.745712,-121.84333
5339-PXDVH,Male,0,0,0,4,United States,California,Clipper Mills,95930,39.562239,-121.14836
2205-LPVGL,Male,1,1,1,58,United States,California,Colusa,95932,39.273096,-122.050763
8782-NUUOL,Male,0,0,0,60,United States,California,Crescent Mills,95934,40.080342,-120.957805
7601-WFVZV,Male,0,0,0,1,United States,California,Downieville,95936,39.578792,-120.780786
4609-KNNWG,Female,0,1,1,27,United States,California,Dunnigan,95937,38.931425,-121.946081
4868-AADLV,Male,1,1,1,66,United States,California,Durham,95938,39.607831,-121.777959
9529-OFXHY,Male,0,0,0,15,United States,California,Elk Creek,95939,39.53222,-122.594879
2669-QVCRG,Female,0,0,0,41,United States,California,Forest Ranch,95942,40.077028,-121.494168
2478-EEWWM,Male,0,1,0,59,United States,California,Glenn,95943,39.597975,-122.032248
9174-IHETN,Female,0,0,1,50,United States,California,Goodyears Bar,95944,39.564113,-120.868836
2233-TXSIU,Male,0,1,1,17,United States,California,Grass Valley,95945,39.194539,-120.988066
9644-UMGQA,Male,0,1,1,6,United States,California,Penn Valley,95946,39.203817,-121.19584
3256-EZDBI,Male,1,1,0,51,United States,California,Greenville,95947,40.160386,-120.835428
0419-YAAPX,Male,0,1,0,49,United States,California,Grass Valley,95949,39.099204,-121.137962
0872-CASZJ,Male,0,1,0,59,United States,California,Hamilton City,95951,39.732767,-122.042298
4726-DLWQN,Male,1,0,0,50,United States,California,Live Oak,95953,39.258746,-121.77697
8164-OCKUJ,Female,0,1,1,59,United States,California,Magalia,95954,39.933852,-121.584371
3094-JOJAI,Male,0,0,0,18,United States,California,Maxwell,95955,39.281194,-122.226568
9494-MRNYX,Male,0,0,0,10,United States,California,Meadow Valley,95956,39.937017,-121.058043
2599-CZABP,Male,0,1,0,14,United States,California,Meridian,95957,39.068071,-121.832638
7945-PRBVF,Male,0,0,0,35,United States,California,Nevada City,95959,39.333737,-120.858667
4544-RXFMG,Male,0,1,1,8,United States,California,North San Juan,95960,39.423046,-120.984472
0859-YGKFW,Male,0,1,1,18,United States,California,Olivehurst,95961,39.082568,-121.55325
1150-FTQGN,Female,0,1,1,60,United States,California,Oregon House,95962,39.342587,-121.249833
7196-LIWRH,Female,0,0,0,6,United States,California,Oroville,95965,39.624561,-121.552866
5448-VWNAM,Female,0,0,1,19,United States,California,Oroville,95966,39.473896,-121.415927
1177-XZBJL,Male,0,1,1,53,United States,California,Palermo,95968,39.435756,-121.552071
3518-FSTWG,Male,1,1,0,72,United States,California,Paradise,95969,39.69676,-121.644379
9330-VOFSZ,Female,0,1,0,60,United States,California,Princeton,95970,39.424957,-122.039307
0939-EREMR,Female,0,0,1,13,United States,California,Chico,95973,39.903272,-121.843567
9389-ACWBI,Female,0,1,1,5,United States,California,Richvale,95974,39.495768,-121.747472
3644-QXEHN,Male,0,1,1,13,United States,California,Smartville,95977,39.176595,-121.291692
2911-IJORQ,Male,0,0,0,37,United States,California,Stirling City,95978,39.904002,-121.527823
5921-NGYRH,Male,0,1,0,64,United States,California,Stonyford,95979,39.288127,-122.415841
5998-DZLYR,Female,0,1,0,61,United States,California,Sutter,95982,39.172777,-121.805845
3985-HOYPM,Male,0,0,0,26,United States,California,Washington,95986,39.34128,-120.786867
9548-LERKT,Male,0,1,0,24,United States,California,Willows,95988,39.493991,-122.286363
6576-FBXOJ,Male,0,1,0,17,United States,California,Yuba City,95991,39.02741,-121.614982
4310-KEDTB,Female,0,0,1,26,United States,California,Yuba City,95993,39.075694,-121.70606
4062-HBMOS,Male,0,0,0,52,United States,California,Redding,96003,40.677649,-122.29467
2676-ISHSF,Male,0,0,0,1,United States,California,Anderson,96007,40.448632,-122.306657
9236-NDUCW,Female,0,0,0,21,United States,California,Bella Vista,96008,40.722733,-122.109666
4753-PADAS,Female,0,1,0,67,United States,California,Bieber,96009,41.083464,-121.107929
6103-QCKFX,Female,0,1,1,44,United States,California,Big Bar,96010,40.775272,-123.287414
7781-EWARA,Male,0,1,1,70,United States,California,Big Bend,96011,41.096569,-121.879082
7018-FPXHH,Male,0,1,1,56,United States,California,Callahan,96014,41.388397,-122.794636
0572-ZJKLT,Female,0,1,1,46,United States,California,Chester,96020,40.243494,-121.154733
5135-RDDQL,Female,0,1,1,63,United States,California,Corning,96021,39.913777,-122.289984
1353-LJWEM,Male,0,0,0,11,United States,California,Cottonwood,96022,40.336392,-122.448533
1794-SWWKL,Male,0,1,1,15,United States,California,Dorris,96023,41.949216,-122.050062
6166-YIPFO,Male,0,1,0,72,United States,California,Douglas City,96024,40.586588,-122.903677
9332-GYWLO,Female,0,1,1,6,United States,California,Fall River Mills,96028,41.017282,-121.468945
4184-VODJZ,Male,0,1,1,63,United States,California,Forks Of Salmon,96031,41.232128,-123.194748
1092-WPIVQ,Female,0,1,1,18,United States,California,French Gulch,96033,40.740138,-122.587476
7233-IOQNP,Female,0,1,0,43,United States,California,Gazelle,96034,41.411315,-122.697236
2834-JKOOW,Female,0,0,0,15,United States,California,Gerber,96035,40.03194,-122.176023
2400-FEQME,Male,0,1,1,55,United States,California,Grenada,96038,41.599978,-122.539381
4957-SREEC,Male,0,1,1,70,United States,California,Hayfork,96041,40.547857,-123.187265
0230-UBYPQ,Male,1,1,0,63,United States,California,Hyampom,96046,40.648024,-123.465088
4923-ADWXJ,Female,0,0,0,25,United States,California,Igo,96047,40.524535,-122.647172
1763-KUAAW,Female,1,0,0,18,United States,California,Junction City,96048,40.913192,-123.06597
1104-TNLZA,Male,1,1,0,28,United States,California,Klamath River,96050,41.816595,-122.948287
5195-KPUNQ,Female,1,0,0,53,United States,California,Lakehead,96051,40.883853,-122.418258
3439-GVUSX,Male,0,0,0,1,United States,California,Lookout,96054,41.280478,-121.160249
5949-HGVJL,Female,0,1,0,26,United States,California,Mccloud,96057,41.251322,-122.105209
5203-XEHAX,Female,0,0,0,34,United States,California,Macdoel,96058,41.769709,-121.92063
1635-HDGFT,Female,0,0,1,19,United States,California,Manton,96059,40.426679,-121.850421
8050-XGRVL,Female,0,1,1,62,United States,California,Millville,96062,40.531257,-122.148139
9828-QHFBK,Male,0,0,0,24,United States,California,Montgomery Creek,96065,40.877552,-121.885884
3908-MKIMJ,Male,1,1,0,68,United States,California,Mount Shasta,96067,41.33832,-122.290756
5012-YSPJJ,Male,0,1,1,31,United States,California,Nubieber,96068,41.082472,-121.195215
6728-VOIFY,Female,0,1,0,63,United States,California,Palo Cedro,96073,40.582399,-122.195512
4891-NLUBA,Female,0,1,1,61,United States,California,Paynes Creek,96075,40.343213,-121.815412
8969-PRHFK,Male,0,0,0,18,United States,California,Red Bluff,96080,40.186772,-122.388361
0661-KQHNK,Female,0,1,1,6,United States,California,Round Mountain,96084,40.923558,-122.059933
8709-KRDVL,Female,0,0,0,33,United States,California,Scott Bar,96085,41.737962,-123.07557
1427-VERSM,Female,0,1,0,56,United States,California,Shasta,96087,40.617614,-122.512861
9801-NOSHQ,Male,0,0,1,23,United States,California,Shingletown,96088,40.497441,-121.827524
6339-YPSAH,Male,0,0,0,9,United States,California,Tehama,96090,40.021787,-122.127576
2159-TURXX,Male,0,0,0,5,United States,California,Weaverville,96093,40.759401,-122.939337
1548-FEHVL,Male,0,1,0,61,United States,California,Weed,96094,41.465121,-122.380947
3795-CAWEX,Male,0,1,1,70,United States,California,Whitmore,96096,40.637105,-121.906949
6215-NQCPY,Male,0,0,0,15,United States,California,Yreka,96097,41.764869,-122.671316
5647-URDKA,Male,0,1,1,8,United States,California,Alturas,96101,41.468877,-120.54229
2229-DPMBI,Female,0,1,1,8,United States,California,Blairsden Graeagle,96103,39.783747,-120.661032
9626-WEQRM,Female,0,0,0,4,United States,California,Cedarville,96104,41.505916,-120.152505
2188-SXWVT,Female,0,0,0,34,United States,California,Chilcoot,96105,39.872961,-120.198876
6258-PVZWJ,Male,0,1,0,68,United States,California,Clio,96106,39.745805,-120.580882
1094-BKOSX,Female,0,1,1,45,United States,California,Coleville,96107,38.42528,-119.475741
6969-MVBAI,Female,1,0,0,9,United States,California,Davis Creek,96108,41.750354,-120.403885
2978-XXSOG,Female,0,0,0,22,United States,California,Doyle,96109,40.012675,-120.101857
2342-CKIAO,Female,0,0,0,2,United States,California,Eagleville,96110,41.280341,-120.150381
6953-PBDIN,Male,0,1,0,70,United States,California,Fort Bidwell,96112,41.932207,-120.135941
3898-BSJYF,Female,0,0,1,10,United States,California,Herlong,96113,40.198234,-120.18089
3938-YFPXD,Male,0,0,0,72,United States,California,Janesville,96114,40.294034,-120.512622
7696-AMHOD,Female,0,1,1,49,United States,California,Lake City,96115,41.729079,-120.225025
2453-SAFNS,Female,1,0,0,54,United States,California,Likely,96116,41.266008,-120.490731
9558-IHEZX,Female,0,0,0,71,United States,California,Litchfield,96117,40.507272,-120.338228
9617-UDPEU,Female,0,0,0,22,United States,California,Loyalton,96118,39.637471,-120.226338
6340-DACFT,Female,0,1,1,50,United States,California,Madeline,96119,41.042003,-120.506086
4955-VCWBI,Female,0,1,1,43,United States,California,Markleeville,96120,38.735789,-119.85798
6813-GZQCG,Female,0,1,1,45,United States,California,Milford,96121,40.181279,-120.392967
7426-GSWPO,Male,1,0,0,64,United States,California,Portola,96122,39.786755,-120.445626
3389-KTRXV,Female,0,1,1,23,United States,California,Ravendale,96123,40.845738,-120.322219
3118-UHVVQ,Female,0,1,0,68,United States,California,Calpine,96124,39.672813,-120.456699
3205-MXZRA,Male,0,0,0,26,United States,California,Standish,96128,40.346634,-120.386422
8317-BVKSO,Male,0,0,0,14,United States,California,Termo,96132,41.027281,-120.669427
5702-KVQRD,Male,0,1,0,71,United States,California,Topaz,96133,38.636052,-119.489162
0083-PIVIK,Male,0,0,0,64,United States,California,Tulelake,96134,41.813521,-121.492666
6169-PGNCD,Female,0,0,0,57,United States,California,Westwood,96137,40.271535,-121.018087
4909-JOUPP,Male,1,1,0,72,United States,California,Tahoma,96142,39.061227,-120.179546
4657-FWVFY,Female,0,1,1,40,United States,California,Kings Beach,96143,39.246654,-120.029273
2257-BOVXD,Male,0,1,0,14,United States,California,Tahoe City,96145,39.178337,-120.162806
7729-JTEEC,Male,0,1,1,2,United States,California,Olympic Valley,96146,39.191797,-120.212401
9696-RMYBA,Male,0,0,0,5,United States,California,Los Angeles,90003,33.964131,-118.272783
8690-UPCZI,Male,0,1,1,29,United States,California,Los Angeles,90004,34.076259,-118.310715
9770-LXDBK,Female,0,0,0,3,United States,California,Los Angeles,90006,34.048013,-118.293953
4086-WITJG,Male,0,1,1,71,United States,California,Los Angeles,90007,34.027337,-118.28515
8344-WFMFH,Male,0,0,1,9,United States,California,Los Angeles,90008,34.008293,-118.346766
8822-KNBHV,Female,0,0,0,48,United States,California,Los Angeles,90011,34.00709,-118.258681
8404-FYDIB,Male,0,0,0,26,United States,California,Los Angeles,90012,34.065875,-118.238728
2791-SFVEW,Female,0,0,0,9,United States,California,Los Angeles,90013,34.044639,-118.240413
6762-NSODU,Female,0,1,1,46,United States,California,Los Angeles,90015,34.039224,-118.266293
9888-ZCUMM,Male,0,1,1,64,United States,California,Los Angeles,90018,34.028735,-118.317236
1074-WVEVG,Female,0,1,0,59,United States,California,Los Angeles,90021,34.029043,-118.239504
9979-RGMZT,Female,0,0,0,7,United States,California,Los Angeles,90022,34.02381,-118.156582
6437-UDQJM,Female,1,1,0,72,United States,California,Los Angeles,90023,34.017697,-118.200577
1226-IENZN,Male,1,0,0,16,United States,California,Los Angeles,90024,34.066303,-118.435479
2108-GLPQB,Male,0,1,0,25,United States,California,Los Angeles,90025,34.046174,-118.446333
5474-LAMUQ,Male,0,1,0,24,United States,California,Los Angeles,90029,34.089953,-118.294824
3468-DRVQJ,Female,0,1,1,10,United States,California,Los Angeles,90031,34.085807,-118.206617
1122-YJBCS,Male,0,1,0,69,United States,California,Los Angeles,90032,34.078821,-118.177576
4990-ALDGW,Male,0,0,0,57,United States,California,Los Angeles,90033,34.050198,-118.210946
4816-OKWNX,Male,0,1,1,50,United States,California,Los Angeles,90034,34.030578,-118.399613
3315-IKYZQ,Male,0,1,1,28,United States,California,Los Angeles,90035,34.051809,-118.383843
4747-LCAQL,Male,0,0,0,25,United States,California,Los Angeles,90037,34.002642,-118.287596
3411-WLRSQ,Female,1,1,0,3,United States,California,Los Angeles,90038,34.088017,-118.327168
0898-XCGTF,Male,0,1,0,61,United States,California,Los Angeles,90039,34.110845,-118.259595
8006-PYCSW,Female,0,0,0,2,United States,California,Los Angeles,90040,33.994524,-118.149953
8249-THVEC,Male,0,1,1,51,United States,California,Los Angeles,90041,34.137412,-118.207607
8722-PRFDV,Female,0,1,1,71,United States,California,Los Angeles,90042,34.11572,-118.192754
2164-SOQXL,Female,0,1,1,20,United States,California,Los Angeles,90043,33.988543,-118.334081
4020-KIUDI,Male,0,1,1,6,United States,California,Los Angeles,90044,33.952714,-118.292061
5850-BDWCY,Female,0,0,0,6,United States,California,Los Angeles,90045,33.954017,-118.402447
2038-YSEZE,Female,0,0,0,29,United States,California,Los Angeles,90046,34.108455,-118.362081
0827-ITJPH,Male,0,0,0,36,United States,California,Los Angeles,90047,33.958149,-118.308441
8799-OXZMD,Female,0,0,0,28,United States,California,Los Angeles,90048,34.072945,-118.37267
1705-GUHPV,Female,0,0,0,63,United States,California,Los Angeles,90056,33.987945,-118.370442
4779-ZGICK,Male,0,1,1,48,United States,California,Los Angeles,90057,34.061918,-118.277939
0048-PIHNL,Female,0,1,0,49,United States,California,Los Angeles,90058,34.001617,-118.222274
3967-KXAPS,Male,0,1,0,72,United States,California,Los Angeles,90061,33.92128,-118.274186
3704-IEAXF,Female,0,1,1,72,United States,California,Los Angeles,90063,34.044271,-118.185237
6810-VCAEX,Female,0,0,0,47,United States,California,Los Angeles,90064,34.037251,-118.423573
0674-EYYZV,Female,0,0,0,1,United States,California,Los Angeles,90065,34.108833,-118.229715
4480-MBMLB,Female,0,0,0,36,United States,California,Los Angeles,90066,34.002028,-118.430656
1395-OFUWC,Male,0,1,1,43,United States,California,Los Angeles,90067,34.057496,-118.413959
0822-QGCXA,Female,1,1,0,27,United States,California,Los Angeles,90068,34.137411,-118.328915
2832-KJCRD,Female,0,0,0,38,United States,California,Los Angeles,90071,34.052917,-118.255178
3588-WSTTJ,Female,1,0,0,35,United States,California,Los Angeles,90077,34.102084,-118.451629
5090-EMGTC,Female,0,1,0,59,United States,California,Beverly Hills,90210,34.099891,-118.414338
2346-CZYIL,Male,0,0,0,27,United States,California,Beverly Hills,90211,34.063947,-118.383001
3798-EPWRR,Female,1,0,0,2,United States,California,Beverly Hills,90212,34.062095,-118.401508
6258-NGCNG,Male,0,0,0,7,United States,California,Compton,90220,33.88151,-118.234451
4186-ZBUEW,Female,0,0,0,36,United States,California,Compton,90221,33.885811,-118.206459
5274-XHAKY,Female,0,1,1,41,United States,California,Compton,90222,33.912246,-118.236773
1442-BQPVU,Female,0,0,0,13,United States,California,Culver City,90230,33.993991,-118.39704
3978-YNKDD,Male,0,0,1,19,United States,California,Culver City,90232,34.019323,-118.391902
4940-KHCWD,Female,0,1,0,60,United States,California,Downey,90240,33.956228,-118.120993
9589-ABEPT,Male,0,1,0,69,United States,California,El Segundo,90245,33.917145,-118.401554
9388-ZEYVT,Male,0,0,0,43,United States,California,Gardena,90247,33.890853,-118.297967
0305-SQECB,Female,0,0,1,11,United States,California,Gardena,90248,33.876482,-118.284077
7605-SNLQG,Female,0,1,0,45,United States,California,Gardena,90249,33.90139,-118.315697
4670-TABXH,Male,0,1,0,72,United States,California,Hawthorne,90250,33.914775,-118.348083
0064-SUDOG,Female,0,1,1,12,United States,California,Huntington Park,90255,33.97803,-118.217141
8561-NMTBD,Female,0,1,1,67,United States,California,Lawndale,90260,33.88856,-118.351813
5161-XEUVX,Male,0,1,0,37,United States,California,Lynwood,90262,33.923573,-118.200669
8292-FRFZQ,Female,0,0,0,39,United States,California,Malibu,90263,34.037037,-118.705803
8591-NXRCV,Female,0,0,0,41,United States,California,Malibu,90265,34.074572,-118.831181
7895-VONWT,Female,0,0,0,25,United States,California,Manhattan Beach,90266,33.889632,-118.39737
4526-RMTLL,Male,0,1,1,8,United States,California,Maywood,90270,33.988572,-118.186565
6253-GNHWH,Female,0,1,1,71,United States,California,Pacific Palisades,90272,34.079449,-118.548306
4566-NECEV,Male,0,0,0,5,United States,California,Palos Verdes Peninsula,90274,33.788208,-118.404955
8080-POTJR,Female,0,0,0,30,United States,California,Rancho Palos Verdes,90275,33.753146,-118.367459
6906-MPARY,Male,0,0,0,40,United States,California,Redondo Beach,90277,33.830453,-118.384565
3662-FXJFO,Female,0,0,0,54,United States,California,Redondo Beach,90278,33.873395,-118.37019
8107-RZLNV,Male,0,1,0,72,United States,California,South Gate,90280,33.944624,-118.192615
0516-OOHAR,Male,0,1,1,28,United States,California,Topanga,90290,34.115192,-118.61017
2027-CWDNU,Male,0,1,1,18,United States,California,Venice,90291,33.991782,-118.479229
9912-OMZDS,Female,0,1,1,59,United States,California,Playa Del Rey,90293,33.947305,-118.439841
3733-ZEECP,Male,0,1,1,22,United States,California,Inglewood,90301,33.956445,-118.358634
7878-RTCZG,Female,0,0,0,1,United States,California,Inglewood,90302,33.975332,-118.355252
2452-MRMZF,Female,1,1,0,72,United States,California,Inglewood,90303,33.936291,-118.332639
7103-IPXPJ,Male,0,1,0,50,United States,California,Inglewood,90305,33.958134,-118.330905
4342-HFXWS,Female,0,1,1,48,United States,California,Santa Monica,90401,34.015481,-118.493231
3545-CNWRG,Female,0,1,1,49,United States,California,Santa Monica,90402,34.035849,-118.503508
1785-BPHTP,Male,0,1,1,28,United States,California,Santa Monica,90403,34.031529,-118.491156
4989-LIXVT,Male,1,0,0,68,United States,California,Santa Monica,90404,34.026334,-118.474222
7315-WYOAW,Male,0,0,0,13,United States,California,Santa Monica,90405,34.005439,-118.477507
1173-XZPYF,Female,0,0,0,11,United States,California,Torrance,90501,33.833699,-118.314387
2509-TFPJU,Male,0,1,0,72,United States,California,Torrance,90505,33.807882,-118.347957
9530-GRMJG,Male,0,1,1,70,United States,California,Whittier,90601,34.007353,-118.033683
6898-RBTLU,Female,0,1,1,49,United States,California,Whittier,90602,33.972119,-118.020188
5481-NTDOH,Female,1,1,0,67,United States,California,Whittier,90603,33.945318,-117.992066
2068-WWXQZ,Male,0,0,0,46,United States,California,Whittier,90604,33.929704,-118.01208
2061-VVFST,Female,0,1,0,37,United States,California,Whittier,90606,33.976678,-118.065875
0749-IRGQE,Female,1,1,0,13,United States,California,Buena Park,90621,33.874224,-117.993368
2380-DAMQP,Female,0,1,0,72,United States,California,La Palma,90623,33.850504,-118.039892
2256-YLYLP,Male,0,1,1,68,United States,California,Cypress,90630,33.818477,-118.038307
1272-ILHFG,Male,0,1,1,15,United States,California,La Habra,90631,33.940619,-117.9513
0164-XAIRP,Female,0,0,0,24,United States,California,La Mirada,90638,33.902045,-118.008961
5666-CYCYZ,Female,0,0,0,24,United States,California,Montebello,90640,34.015217,-118.109962
4011-ARPHK,Male,0,0,0,27,United States,California,Norwalk,90650,33.905963,-118.08263
6365-HITVU,Female,0,1,1,71,United States,California,Santa Fe Springs,90670,33.933565,-118.062611
7558-IMLMT,Male,0,1,1,67,United States,California,Stanton,90680,33.801869,-117.995068
9488-FYQAU,Female,0,1,0,63,United States,California,Artesia,90701,33.867593,-118.080637
3590-TCXTB,Male,0,0,0,1,United States,California,Cerritos,90703,33.8681,-118.067402
6994-KERXL,Male,0,0,0,4,United States,California,Avalon,90704,33.391181,-118.421305
1960-UOTYM,Male,0,1,1,52,United States,California,Lakewood,90712,33.840524,-118.148403
2740-JFBOK,Male,0,0,0,10,United States,California,Lakewood,90713,33.847755,-118.112532
6500-JVEGC,Male,0,0,0,68,United States,California,Lakewood,90715,33.841027,-118.078097
5245-VDBUR,Female,0,1,0,52,United States,California,Los Alamitos,90720,33.79499,-118.065591
8469-SNFFH,Male,0,1,0,70,United States,California,San Pedro,90731,33.736387,-118.284363
2144-ESWKO,Male,0,0,0,43,United States,California,San Pedro,90732,33.744119,-118.31448
1241-FPMOF,Male,0,0,0,52,United States,California,Seal Beach,90740,33.75462,-118.071128
9928-BZVLZ,Female,0,0,0,12,United States,California,Sunset Beach,90742,33.719221,-118.073596
4114-QMKVN,Female,0,1,1,56,United States,California,Surfside,90743,33.728273,-118.085304
9003-CPATH,Male,0,0,0,42,United States,California,Carson,90745,33.822295,-118.26411
1754-GKYPY,Male,1,1,0,22,United States,California,Carson,90746,33.859171,-118.252272
7956-XQWGU,Male,0,0,0,27,United States,California,Long Beach,90803,33.760458,-118.129725
1591-MQJTP,Male,1,1,0,51,United States,California,Long Beach,90804,33.783047,-118.1486
2369-FEVNO,Male,0,0,0,1,United States,California,Long Beach,90806,33.802664,-118.179971
7471-MQPOS,Male,1,1,1,71,United States,California,Long Beach,90808,33.823943,-118.111335
5115-SQAAU,Female,0,1,1,69,United States,California,Long Beach,90813,33.781086,-118.199049
9845-QOMAD,Male,0,1,1,14,United States,California,Long Beach,90814,33.771612,-118.143866
7672-VFMXZ,Male,0,1,0,57,United States,California,Long Beach,90815,33.797638,-118.11662
9739-JLPQJ,Female,0,1,1,72,United States,California,Long Beach,90822,33.778436,-118.118648
9916-AYHTC,Male,0,0,0,48,United States,California,Altadena,91001,34.196837,-118.142236
3855-ONCAR,Female,0,1,1,4,United States,California,Arcadia,91006,34.137319,-118.029837
1488-SYSFC,Male,0,1,1,31,United States,California,Arcadia,91007,34.128284,-118.047732
0970-QXPXW,Female,0,0,0,1,United States,California,Monrovia,91016,34.1528,-118.000482
3259-KNMRR,Male,1,0,0,57,United States,California,Montrose,91020,34.2112,-118.230625
6120-RJKLU,Female,1,1,0,62,United States,California,Sierra Madre,91024,34.168686,-118.057505
9572-WUKSB,Male,0,1,0,3,United States,California,South Pasadena,91030,34.110444,-118.156957
5893-KCLGT,Female,0,0,1,72,United States,California,Sunland,91040,34.282704,-118.312929
0076-LVEPS,Male,0,0,1,29,United States,California,Tujunga,91042,34.296574,-118.244839
3640-JQGJG,Male,0,1,1,13,United States,California,Pasadena,91101,34.146635,-118.139225
1596-OQSPS,Female,0,0,0,11,United States,California,Pasadena,91104,34.165383,-118.123752
9867-XOBQA,Female,0,0,1,21,United States,California,Pasadena,91105,34.13946,-118.166649
9546-KDTRB,Female,0,0,0,19,United States,California,Pasadena,91106,34.139402,-118.128658
3174-RKMOW,Male,0,1,1,35,United States,California,Glendale,91201,34.17051,-118.289463
1760-CAZHT,Male,0,0,1,25,United States,California,Glendale,91202,34.167926,-118.267539
8441-SHIPE,Female,0,0,0,67,United States,California,Glendale,91204,34.136306,-118.26036
1320-GVNHT,Male,0,1,1,72,United States,California,Glendale,91207,34.182378,-118.262922
1047-RNXZV,Male,0,0,0,43,United States,California,Glendale,91208,34.195386,-118.238508
3541-ZNUHK,Female,0,1,1,55,United States,California,La Crescenta,91214,34.239636,-118.245259
8725-JEDFD,Male,0,0,0,27,United States,California,Calabasas,91302,34.130861,-118.68346
7562-UXTPG,Female,0,0,0,13,United States,California,Canoga Park,91303,34.19829,-118.602203
8071-SBTRN,Female,0,0,0,70,United States,California,Canoga Park,91304,34.224377,-118.632656
6668-CNMFP,Female,0,1,1,19,United States,California,West Hills,91307,34.199787,-118.68493
5626-MGTUK,Female,0,0,0,20,United States,California,Chatsworth,91311,34.294142,-118.603883
5681-LLOEI,Male,0,1,1,43,United States,California,Encino,91316,34.150354,-118.518292
8212-DJRCH,Male,0,1,1,5,United States,California,Newbury Park,91320,34.172071,-118.946262
4323-OHFOW,Female,1,1,0,70,United States,California,Newhall,91321,34.370378,-118.504118
4933-BSAIP,Female,0,1,0,40,United States,California,Northridge,91324,34.238208,-118.55029
2030-BTZRO,Male,0,1,1,6,United States,California,Northridge,91325,34.236683,-118.517588
1116-DXXDF,Male,0,0,0,39,United States,California,Porter Ranch,91326,34.281911,-118.556218
6563-VNPMN,Female,1,0,0,45,United States,California,Sylmar,91342,34.321621,-118.399841
2267-WTPYD,Female,1,1,0,57,United States,California,Granada Hills,91344,34.291273,-118.505104
0270-THENM,Male,0,1,1,72,United States,California,Mission Hills,91345,34.266389,-118.459744
4707-MAXGU,Male,0,1,0,72,United States,California,Canyon Country,91351,34.422519,-118.420717
2710-WYVXG,Female,0,0,0,3,United States,California,Sun Valley,91352,34.231053,-118.338307
6300-BWMJX,Female,0,1,0,59,United States,California,Valencia,91355,34.43987,-118.644609
7009-LGECI,Female,0,0,0,4,United States,California,Westlake Village,91361,34.130992,-118.894673
5022-KVDQT,Male,0,0,0,27,United States,California,Woodland Hills,91364,34.153733,-118.593408
7976-CICYS,Male,0,0,0,4,United States,California,Woodland Hills,91367,34.178068,-118.615714
1036-GUDCL,Male,0,1,1,60,United States,California,Oak Park,91377,34.19225,-118.776874
2005-DWQZJ,Female,0,1,1,8,United States,California,Stevenson Ranch,91381,34.364153,-118.615583
8148-WOCMK,Male,0,1,1,8,United States,California,Castaic,91384,34.506627,-118.699048
7815-PDTHL,Male,0,0,0,35,United States,California,Van Nuys,91401,34.178483,-118.431791
9173-IVZVP,Female,0,1,1,53,United States,California,Sherman Oaks,91403,34.147149,-118.463365
9129-UXERG,Female,1,0,0,18,United States,California,Van Nuys,91405,34.202494,-118.448048
3635-JBPSG,Female,0,0,0,15,United States,California,Van Nuys,91406,34.195685,-118.490752
7964-ZRKKG,Male,0,1,0,67,United States,California,Van Nuys,91411,34.17847,-118.459472
6229-LSCKB,Male,1,0,0,6,United States,California,Encino,91436,34.152875,-118.486056
1724-IQWNM,Male,0,0,1,1,United States,California,Burbank,91504,34.213049,-118.317651
8217-QYOHV,Male,0,0,0,5,United States,California,Burbank,91505,34.174215,-118.345928
5546-QUERU,Male,0,0,0,13,United States,California,Burbank,91506,34.169706,-118.323548
6897-UUBNU,Male,0,0,0,29,United States,California,North Hollywood,91602,34.15136,-118.364786
6127-IYJOZ,Male,1,0,0,1,United States,California,Studio City,91604,34.139082,-118.39275
8930-XOTDP,Female,0,1,1,18,United States,California,North Hollywood,91606,34.187599,-118.387125
5916-QEWPT,Female,0,1,0,2,United States,California,Valley Village,91607,34.165783,-118.399795
5060-TQUQN,Male,0,1,1,30,United States,California,Rancho Cucamonga,91701,34.132275,-117.611478
0531-XBKMM,Male,0,0,1,66,United States,California,Azusa,91702,34.174493,-117.87068
8465-SBRXP,Male,0,1,1,38,United States,California,Baldwin Park,91706,34.098275,-117.967399
2408-PSJVE,Male,0,1,1,44,United States,California,Chino Hills,91709,33.942895,-117.725644
9700-ZCLOT,Male,0,0,0,2,United States,California,Claremont,91711,34.127621,-117.717863
8738-JOKAR,Female,0,0,0,42,United States,California,Covina,91722,34.097345,-117.906736
4534-WGCIR,Female,0,1,1,58,United States,California,Covina,91723,34.084747,-117.886844
1930-WNXSB,Male,0,1,1,58,United States,California,Covina,91724,34.08111,-117.853935
3508-CFVZL,Female,0,0,0,71,United States,California,El Monte,91731,34.079934,-118.046695
0657-DOGUM,Female,0,1,0,48,United States,California,Rancho Cucamonga,91739,34.133809,-117.523724
8792-AOROI,Female,0,1,0,8,United States,California,Glendora,91741,34.14649,-117.849815
5146-YYFRZ,Male,0,0,0,67,United States,California,Hacienda Heights,91745,33.998471,-117.973758
3452-SRFEG,Male,0,0,0,49,United States,California,La Verne,91750,34.144703,-117.770299
4070-OKWVH,Female,0,1,0,52,United States,California,Mira Loma,91752,33.999992,-117.535395
5297-MDOIR,Female,0,1,0,63,United States,California,Monterey Park,91754,34.050322,-118.147037
6369-MCAKO,Female,0,1,1,68,United States,California,Monterey Park,91755,34.049172,-118.115022
4926-UMJZD,Female,0,1,0,31,United States,California,Mt Baldy,91759,34.231318,-117.662032
6848-HJTXY,Female,0,1,0,64,United States,California,Ontario,91761,34.035602,-117.591528
6341-AEVKX,Female,0,1,0,62,United States,California,Ontario,91762,34.057256,-117.667677
0682-USIXD,Female,0,1,0,21,United States,California,Diamond Bar,91765,33.992416,-117.807874
6976-BWGLQ,Female,0,1,1,72,United States,California,Pomona,91766,34.042286,-117.756106
7078-NVFAM,Female,0,1,1,32,United States,California,Pomona,91767,34.083086,-117.737997
8065-QBYTO,Female,1,0,0,71,United States,California,Pomona,91768,34.067932,-117.785168
2133-TSRRM,Female,0,0,1,34,United States,California,Rosemead,91770,34.065108,-118.082791
2511-ALLCS,Female,0,1,1,35,United States,California,Temple City,91780,34.101608,-118.055848
3191-CSNMG,Female,0,1,1,3,United States,California,Upland,91784,34.141146,-117.655583
7952-OBOYL,Male,0,0,0,3,United States,California,Upland,91786,34.105493,-117.660934
7470-DYNOE,Male,0,0,0,53,United States,California,Walnut,91789,34.018354,-117.85492
7853-OETYL,Female,0,1,0,4,United States,California,West Covina,91790,34.066964,-117.937007
1545-ACTAS,Female,0,1,1,48,United States,California,West Covina,91791,34.061634,-117.893169
5126-RCXYW,Male,0,1,1,54,United States,California,Alhambra,91803,34.074736,-118.145959
2363-BJLSL,Male,0,0,0,62,United States,California,Bonita,91902,32.67117,-117.00232
1956-YIFGE,Male,0,1,1,22,United States,California,Boulevard,91905,32.677097,-116.304991
7921-LMDFQ,Male,1,0,0,51,United States,California,Chula Vista,91910,32.636792,-117.054989
2925-MXLSX,Female,0,0,0,30,United States,California,Chula Vista,91911,32.607964,-117.059459
5820-PTRYM,Female,1,1,0,56,United States,California,Chula Vista,91913,32.64164,-116.985026
9609-BENEA,Male,0,1,0,35,United States,California,Chula Vista,91914,32.688506,-116.938632
6211-WHMYA,Female,1,0,0,64,United States,California,Chula Vista,91915,32.605012,-116.97595
4459-BBGHE,Male,0,0,1,30,United States,California,Descanso,91916,32.912664,-116.635387
9945-PSVIP,Female,0,1,1,25,United States,California,Dulzura,91917,32.622999,-116.687855
9108-EJFJP,Female,0,1,0,1,United States,California,Jacumba,91934,32.649787,-116.2237
0530-IJVDB,Male,0,0,1,70,United States,California,Jamul,91935,32.695681,-116.798386
0508-SQWPL,Female,0,1,1,57,United States,California,La Mesa,91941,32.759327,-116.99726
2215-ZAFGX,Male,0,0,0,9,United States,California,La Mesa,91942,32.782501,-117.01611
8213-TAZPM,Female,0,1,1,69,United States,California,Lemon Grove,91945,32.733564,-117.033713
1304-SEGFY,Female,0,1,0,72,United States,California,National City,91950,32.67102,-117.095235
7242-EDTYC,Male,0,0,1,44,United States,California,Pine Valley,91962,32.800671,-116.483363
2904-GGUAZ,Female,0,1,0,72,United States,California,Potrero,91963,32.619465,-116.593605
5136-GFPMB,Male,0,0,0,54,United States,California,Spring Valley,91978,32.730264,-116.950963
2595-KIWPV,Male,0,0,1,27,United States,California,Tecate,91980,32.587557,-116.636816
5243-SAOTC,Male,0,0,0,54,United States,California,Bonsall,92003,33.290907,-117.202895
9398-MMQTO,Male,0,0,0,3,United States,California,Borrego Springs,92004,33.200369,-116.192313
7619-PLRLP,Female,0,1,0,53,United States,California,Cardiff By The Sea,92007,33.015866,-117.272254
6508-NJYRO,Male,0,1,0,15,United States,California,Carlsbad,92009,33.098018,-117.258203
4710-NKCAW,Male,0,1,1,5,United States,California,El Cajon,92019,32.785165,-116.862648
5306-BVTKJ,Male,0,1,1,48,United States,California,El Cajon,92020,32.79697,-116.969082
0357-NVCRI,Female,0,0,1,25,United States,California,El Cajon,92021,32.832706,-116.873258
2371-KFUOG,Male,0,0,0,58,United States,California,Escondido,92025,33.081478,-117.033814
0463-ZSDNT,Male,0,0,0,10,United States,California,Escondido,92026,33.21846,-117.116916
6257-DTAYD,Male,0,1,0,71,United States,California,Fallbrook,92028,33.362575,-117.299644
4616-ULAOA,Female,0,1,1,65,United States,California,Escondido,92029,33.079834,-117.134275
7746-AWNQW,Female,0,0,0,28,United States,California,La Jolla,92037,32.853743,-117.25034
5996-EBTKM,Female,0,1,1,67,United States,California,Lakeside,92040,32.909873,-116.906774
2758-RNWXS,Male,0,0,0,35,United States,California,Oceanside,92054,33.351059,-117.420557
2314-TNDJQ,Female,0,1,1,72,United States,California,Oceanside,92056,33.194742,-117.29032
2405-LBMUW,Female,0,1,1,61,United States,California,Oceanside,92057,33.254497,-117.285879
3454-JFUBC,Male,1,0,0,68,United States,California,Pala,92059,33.384345,-117.072619
9039-ZVJDC,Male,0,0,0,3,United States,California,Pauma Valley,92061,33.313828,-116.940501
9013-AQORL,Female,0,0,1,48,United States,California,Ramona,92065,33.044541,-116.833922
2898-MRKPI,Male,0,1,1,68,United States,California,Ranchita,92066,33.215251,-116.53633
2750-BJLSB,Female,0,0,0,47,United States,California,Rancho Santa Fe,92067,33.012751,-117.200617
3648-GZPHF,Male,0,1,1,32,United States,California,San Marcos,92069,33.162624,-117.170863
2075-RMJIK,Female,0,1,1,5,United States,California,Santa Ysabel,92070,33.174725,-116.743329
9588-YRFHY,Male,0,0,0,49,United States,California,Santee,92071,32.847336,-116.997605
9364-YKUVW,Male,0,0,0,15,United States,California,Valley Center,92082,33.25283,-116.986079
5392-AKEMH,Female,0,0,0,12,United States,California,Vista,92083,33.17494,-117.242761
2451-YMUXS,Male,1,0,0,67,United States,California,Vista,92084,33.22784,-117.200024
3914-FDRHP,Male,0,0,0,9,United States,California,Warner Springs,92086,33.323705,-116.626907
3078-ZKNTS,Female,0,1,1,13,United States,California,Rancho Santa Fe,92091,32.99356,-117.207121
1024-KPRBB,Female,0,0,0,38,United States,California,San Diego,92101,32.72523,-117.171346
4690-PKDQG,Female,1,1,0,42,United States,California,San Diego,92102,32.716007,-117.117462
9547-ITEFG,Male,0,1,1,9,United States,California,San Diego,92105,32.741859,-117.090353
1264-FUHCX,Female,0,1,0,49,United States,California,San Diego,92106,32.71346,-117.236378
7789-CRUVC,Female,1,1,0,61,United States,California,San Diego,92107,32.741852,-117.243453
6598-KELSS,Male,0,0,1,50,United States,California,San Diego,92108,32.774046,-117.142454
9972-VAFJJ,Female,1,1,0,53,United States,California,San Diego,92116,32.765299,-117.122565
0422-UXFAP,Female,0,1,0,51,United States,California,San Diego,92117,32.825086,-117.199424
1904-WAJAA,Female,0,1,1,24,United States,California,Coronado,92118,32.68674,-117.186612
5130-YPIRV,Female,0,1,0,62,United States,California,San Diego,92119,32.802959,-117.027095
2843-CQMEG,Male,0,0,0,24,United States,California,San Diego,92120,32.807867,-117.060993
6439-PKTRR,Female,0,1,1,70,United States,California,San Diego,92121,32.898613,-117.202937
5351-QESIO,Male,0,0,1,1,United States,California,San Diego,92122,32.85723,-117.209774
5568-DMXZS,Female,0,0,0,8,United States,California,San Diego,92124,32.827238,-117.089287
8468-FZTOE,Female,0,1,1,72,United States,California,San Diego,92126,32.886925,-117.152162
6633-SYEUS,Female,0,0,0,23,United States,California,San Diego,92127,33.017518,-117.118456
6447-GORXK,Male,0,0,1,31,United States,California,San Diego,92128,33.000269,-117.072093
6967-PEJLL,Male,0,1,1,37,United States,California,San Diego,92129,32.961064,-117.134917
5981-ZVXOT,Female,1,0,0,35,United States,California,San Diego,92131,32.89325,-117.087091
1684-FLBGS,Female,0,1,1,23,United States,California,San Diego,92139,32.677716,-117.047666
1389-WNUIB,Female,0,1,1,20,United States,California,San Diego,92154,32.578103,-117.012975
0376-OIWME,Male,0,1,0,36,United States,California,San Ysidro,92173,32.555828,-117.040073
0218-QNVAS,Male,0,1,1,71,United States,California,Indio,92203,33.752938,-116.230055
0804-YGEQV,Female,0,1,1,43,United States,California,Palm Desert,92211,33.762759,-116.324817
7164-BPTUT,Male,0,0,1,57,United States,California,Banning,92220,33.936298,-116.849577
2523-EWWZL,Female,0,1,0,27,United States,California,Blythe,92225,33.674583,-114.71612
0928-XUTSN,Female,0,0,0,13,United States,California,Brawley,92227,33.03933,-115.191857
0052-YNYOT,Female,0,0,0,67,United States,California,Calexico,92231,32.690654,-115.431225
9586-JGQKH,Female,0,1,0,64,United States,California,Cathedral City,92234,33.829583,-116.474131
4501-VCPFK,Male,0,0,0,26,United States,California,Coachella,92236,33.680031,-116.171678
6075-SLNIL,Male,0,0,0,38,United States,California,Desert Center,92239,33.889605,-115.257009
9347-AERRL,Male,0,1,0,23,United States,California,Desert Hot Springs,92240,33.948558,-116.516976
2274-XUATA,Male,1,1,0,72,United States,California,Earp,92242,34.137742,-114.36514
6691-CCIHA,Female,0,1,0,62,United States,California,Joshua Tree,92252,34.167236,-116.281511
1685-BQULA,Female,0,0,0,40,United States,California,La Quinta,92253,33.695532,-116.310571
9053-EJUNL,Male,0,0,0,41,United States,California,Mecca,92254,33.543835,-115.993906
0666-UXTJO,Male,1,1,0,34,United States,California,Morongo Valley,92256,34.097863,-116.594561
1471-GIQKQ,Female,0,0,0,1,United States,California,Niland,92257,33.345825,-115.596574
4807-IZYOZ,Female,0,0,0,51,United States,California,North Palm Springs,92258,33.906496,-116.569499
9710-NJERN,Female,0,0,0,39,United States,California,Palm Desert,92260,33.694501,-116.412711
9837-FWLCH,Male,0,1,1,12,United States,California,Palm Springs,92262,33.839989,-116.659215
7203-OYKCT,Male,0,0,0,72,United States,California,Palo Verde,92266,33.3249,-114.758334
1035-IPQPU,Female,1,1,0,63,United States,California,Parker Dam,92267,34.273872,-114.192901
7398-LXGYX,Male,0,1,0,44,United States,California,Pioneertown,92268,34.201108,-116.593456
2823-LKABH,Female,0,0,0,18,United States,California,Rancho Mirage,92270,33.763678,-116.429928
0550-DCXLH,Male,0,0,0,13,United States,California,Thermal,92274,33.53604,-116.119222
9281-CEDRU,Female,0,1,0,68,United States,California,Salton City,92275,33.28156,-115.955541
2235-DWLJU,Female,1,0,0,6,United States,California,Thousand Palms,92276,33.849263,-116.382778
0871-OPBXW,Female,0,0,0,2,United States,California,Twentynine Palms,92277,34.17211,-115.769773
3605-JISKB,Male,1,1,0,55,United States,California,Twentynine Palms,92278,34.457829,-116.139589
9767-FFLEM,Male,0,0,0,38,United States,California,Westmorland,92281,33.03679,-115.60503
8456-QDAVC,Male,0,0,0,19,United States,California,Winterhaven,92283,32.852947,-114.850784
7750-EYXWZ,Female,0,0,0,12,United States,California,Yucca Valley,92284,34.159534,-116.425984
2569-WGERO,Female,0,0,0,72,United States,California,Landers,92285,34.341737,-116.539416
6840-RESVB,Male,0,1,1,24,United States,California,Adelanto,92301,34.667815,-117.536183
2234-XADUH,Female,0,1,1,72,United States,California,Amboy,92304,34.559882,-115.637164
4801-JZAZL,Female,0,1,1,11,United States,California,Angelus Oaks,92305,34.1678,-116.86433
3186-AJIEK,Male,0,0,0,66,United States,California,Apple Valley,92308,34.424926,-117.184503
