customer_id,phone_service,multiple_lines,internet_service,online_security,online_backup,device_protection,tech_support,streaming_tv,streaming_movies,contract_type,paperless_billing,payment_method,monthly_charges,total_charges
3668-QPYBK,1,No,DSL,Yes,Yes,No,No,No,No,Month-to-month,1,Mailed check,53.85,108.15
9237-HQITU,1,No,Fiber optic,No,No,No,No,No,No,Month-to-month,1,Electronic check,70.7,151.65
9305-CDSKC,1,Yes,Fiber optic,No,No,Yes,No,Yes,Yes,Month-to-month,1,Electronic check,99.65,820.5
7892-POOKP,1,Yes,Fiber optic,No,No,Yes,Yes,Yes,Yes,Month-to-month,1,Electronic check,104.8,3046.05
0280-XJGEX,1,Yes,Fiber optic,No,Yes,Yes,No,Yes,Yes,Month-to-month,1,Bank transfer (automatic),103.7,5036.3
4190-MFLUW,1,No,DSL,No,No,Yes,Yes,No,No,Month-to-month,0,Credit card (automatic),55.2,528.35
8779-QRDMV,0,No phone service,DSL,No,No,Yes,No,No,Yes,Month-to-month,1,Electronic check,39.65,39.65
1066-JKSGK,1,No,No,No internet service,No internet service,No internet service,No internet service,No internet service,No internet service,Month-to-month,0,Mailed check,20.15,20.15
6467-CHFZW,1,Yes,Fiber optic,No,Yes,No,No,Yes,Yes,Month-to-month,1,Electronic check,99.35,4749.15
8665-UTDHZ,0,No phone service,DSL,No,Yes,No,No,No,No,Month-to-month,0,Electronic check,30.2,30.2
8773-HHUOZ,1,No,DSL,No,No,No,No,Yes,Yes,Month-to-month,1,Mailed check,64.7,1093.1
6047-YHPVI,1,No,Fiber optic,No,No,No,No,No,No,Month-to-month,1,Electronic check,69.7,316.9
5380-WJKOV,1,Yes,Fiber optic,No,Yes,Yes,No,Yes,Yes,Month-to-month,1,Electronic check,106.35,3549.25
8168-UQWWF,1,Yes,Fiber optic,No,No,Yes,No,Yes,Yes,Month-to-month,1,Bank transfer (automatic),97.85,1105.4
7760-OYPDY,1,No,Fiber optic,No,No,No,No,Yes,No,Month-to-month,1,Electronic check,80.65,144.15
9420-LOJKX,1,No,Fiber optic,Yes,Yes,No,No,Yes,Yes,Month-to-month,1,Credit card (automatic),99.1,1426.4
7495-OOKFY,1,Yes,Fiber optic,No,Yes,No,No,No,No,Month-to-month,1,Credit card (automatic),80.65,633.3
1658-BYGOY,1,Yes,Fiber optic,No,No,No,No,Yes,Yes,Month-to-month,1,Electronic check,95.45,1752.55
5698-BQJOH,1,Yes,Fiber optic,No,No,No,No,Yes,Yes,Month-to-month,0,Electronic check,94.4,857.25
5919-TMRGD,1,No,Fiber optic,No,No,No,No,Yes,No,Month-to-month,1,Electronic check,79.35,79.35
9191-MYQKX,1,No,Fiber optic,No,No,Yes,No,No,No,Month-to-month,1,Bank transfer (automatic),75.15,496.9
8637-XJIVR,1,Yes,Fiber optic,Yes,No,No,No,No,No,Month-to-month,1,Electronic check,78.95,927.35
0278-YXOOG,1,No,No,No internet service,No internet service,No internet service,No internet service,No internet service,No internet service,Month-to-month,0,Mailed check,21.05,113.85
4598-XLKNJ,1,No,Fiber optic,No,Yes,Yes,No,Yes,Yes,Month-to-month,1,Electronic check,98.5,2514.5
3192-NQECA,1,Yes,Fiber optic,No,Yes,Yes,Yes,Yes,Yes,Two year,1,Bank transfer (automatic),110.0,7611.85
0486-HECZI,1,Yes,Fiber optic,Yes,Yes,No,No,Yes,No,Month-to-month,1,Electronic check,96.75,5238.9
4846-WHAFZ,1,Yes,Fiber optic,No,No,No,No,No,No,Month-to-month,1,Electronic check,76.5,2868.15
5299-RULOA,1,Yes,Fiber optic,Yes,No,No,No,Yes,Yes,Month-to-month,1,Electronic check,100.25,1064.65
0404-SWRVG,1,Yes,Fiber optic,No,No,No,No,No,No,Month-to-month,1,Electronic check,74.4,229.55
4412-YLTKF,1,Yes,Fiber optic,No,No,Yes,No,No,No,Month-to-month,1,Electronic check,78.05,2135.5
6207-WIOLX,0,No phone service,DSL,Yes,Yes,Yes,No,Yes,Yes,Month-to-month,1,Credit card (automatic),58.6,1502.65
3091-FYHKI,0,No phone service,DSL,No,No,No,No,No,Yes,Month-to-month,1,Electronic check,35.45,35.45
2372-HWUHI,1,No,DSL,No,No,No,No,No,No,Month-to-month,0,Electronic check,44.35,81.25
0390-DCFDQ,1,No,Fiber optic,No,No,No,No,No,No,Month-to-month,1,Mailed check,70.45,70.45
4080-OGPJL,1,Yes,DSL,Yes,No,No,Yes,No,Yes,Month-to-month,0,Electronic check,71.15,563.65
2135-RXIHG,1,No,DSL,No,No,No,No,No,No,Month-to-month,1,Electronic check,45.65,45.65
3874-EQOEP,1,Yes,Fiber optic,No,No,No,No,Yes,Yes,Month-to-month,0,Mailed check,95.0,655.5
0867-MKZVY,1,Yes,Fiber optic,Yes,No,No,No,No,No,Month-to-month,0,Electronic check,82.4,1592.35
3376-BMGFE,1,No,Fiber optic,No,No,No,No,No,No,Month-to-month,1,Bank transfer (automatic),70.9,273.0
3445-HXXGF,0,No phone service,DSL,No,Yes,Yes,No,No,Yes,Month-to-month,1,Electronic check,45.3,2651.2
1875-QIVME,1,Yes,Fiber optic,No,No,Yes,Yes,Yes,Yes,Month-to-month,1,Electronic check,104.4,242.8
0691-JVSYA,1,No,Fiber optic,No,No,Yes,No,Yes,Yes,One year,1,Bank transfer (automatic),94.85,5000.2
2656-FMOKZ,1,Yes,Fiber optic,No,No,No,No,No,No,Month-to-month,1,Mailed check,74.45,1145.7
2070-FNEXE,1,No,Fiber optic,Yes,No,No,No,No,No,Month-to-month,0,Bank transfer (automatic),76.45,503.6
6317-YPKDH,0,No phone service,DSL,No,Yes,No,No,No,No,Month-to-month,0,Bank transfer (automatic),29.95,29.95
9367-WXLCH,1,Yes,Fiber optic,No,No,No,No,No,Yes,Month-to-month,0,Bank transfer (automatic),84.5,662.65
1918-ZBFQJ,1,No,Fiber optic,No,Yes,Yes,No,No,No,Month-to-month,1,Electronic check,79.25,1111.65
1024-GUALD,0,No phone service,DSL,No,No,No,No,No,No,Month-to-month,1,Electronic check,24.8,24.8
2472-OVKUP,1,No,Fiber optic,No,Yes,Yes,No,No,Yes,Month-to-month,1,Electronic check,91.0,531.0
1285-OKIPP,1,No,Fiber optic,No,No,No,No,No,Yes,Month-to-month,0,Electronic check,79.9,79.9
7825-ECJRF,1,No,Fiber optic,Yes,No,Yes,Yes,Yes,Yes,Month-to-month,1,Electronic check,106.6,1934.45
7841-TZDMQ,1,No,DSL,No,No,No,No,No,No,Month-to-month,1,Credit card (automatic),46.0,84.5
9408-SSNVZ,1,No,Fiber optic,No,No,No,No,No,No,Month-to-month,1,Electronic check,70.15,268.35
0742-MOABM,1,No,DSL,No,No,No,Yes,No,No,Month-to-month,0,Mailed check,50.05,179.35
2232-DMLXU,1,No,DSL,No,No,No,No,Yes,No,Month-to-month,0,Mailed check,55.2,55.2
8937-RDTHP,1,No,Fiber optic,Yes,No,No,No,No,Yes,Month-to-month,1,Mailed check,84.6,84.6
1251-KRREG,1,Yes,DSL,No,Yes,No,No,No,No,Month-to-month,1,Mailed check,54.4,114.1
0094-OIFMO,1,No,Fiber optic,No,Yes,No,No,Yes,Yes,Month-to-month,1,Electronic check,95.0,1120.3
9947-OTFQU,1,No,Fiber optic,No,Yes,No,No,No,No,Month-to-month,1,Electronic check,74.4,1074.3
0322-YINQP,1,No,DSL,Yes,No,No,No,No,No,Month-to-month,1,Mailed check,48.55,48.55
4629-NRXKX,1,No,Fiber optic,No,No,No,No,No,No,Month-to-month,0,Electronic check,70.4,147.15
9514-JDSKI,0,No phone service,DSL,No,Yes,No,No,Yes,No,Month-to-month,0,Electronic check,40.2,40.2
4959-JOSRX,1,No,DSL,No,No,No,No,No,No,Month-to-month,1,Credit card (automatic),44.6,80.55
7273-TEFQD,0,No phone service,DSL,No,No,Yes,No,No,Yes,Month-to-month,1,Electronic check,41.15,132.2
3606-TWKGI,1,Yes,Fiber optic,No,Yes,Yes,No,Yes,Yes,Month-to-month,1,Electronic check,106.9,1364.3
6323-AYBRX,1,No,No,No internet service,No internet service,No internet service,No internet service,No internet service,No internet service,Two year,0,Mailed check,19.35,1099.6
4385-GZQXV,1,No,Fiber optic,No,No,No,Yes,Yes,Yes,Month-to-month,1,Electronic check,94.45,1511.2
6366-ZGQGL,0,No phone service,DSL,No,No,No,No,No,No,Month-to-month,0,Bank transfer (automatic),24.8,24.8
5940-AHUHD,1,No,Fiber optic,No,No,No,No,No,No,Month-to-month,0,Mailed check,70.6,70.6
6432-TWQLB,1,Yes,Fiber optic,No,Yes,No,Yes,No,No,Month-to-month,1,Electronic check,85.4,401.1
4484-GLZOU,1,Yes,Fiber optic,No,Yes,Yes,No,Yes,Yes,Month-to-month,1,Electronic check,105.05,5624.85
9512-UIBFX,1,No,Fiber optic,No,No,Yes,No,Yes,Yes,Month-to-month,0,Mailed check,95.15,1779.95
5583-SXDAG,1,No,Fiber optic,No,No,No,No,No,No,Month-to-month,0,Electronic check,70.0,70.0
3488-PGMQJ,1,No,Fiber optic,No,Yes,No,No,No,No,Month-to-month,1,Electronic check,74.5,606.55
3580-REOAC,1,No,DSL,No,No,No,No,No,No,Month-to-month,1,Credit card (automatic),44.85,435.4
7534-BFESC,1,Yes,Fiber optic,No,No,No,No,No,No,Month-to-month,1,Electronic check,76.1,1712.7
6390-DSAZX,1,No,Fiber optic,Yes,No,No,No,No,No,Month-to-month,1,Mailed check,73.6,73.6
8098-LLAZX,1,Yes,Fiber optic,No,No,No,No,Yes,Yes,Month-to-month,1,Electronic check,95.45,396.1
0265-EDXBD,1,Yes,Fiber optic,No,No,No,No,No,No,Month-to-month,1,Electronic check,74.9,2303.35
7563-BIUPC,1,No,Fiber optic,No,No,No,No,Yes,No,Month-to-month,1,Electronic check,80.6,415.55
2321-OMBXY,1,No,DSL,Yes,Yes,No,Yes,Yes,Yes,One year,0,Credit card (automatic),80.3,3058.65
2840-XANRC,1,No,Fiber optic,No,No,Yes,No,Yes,Yes,Month-to-month,1,Electronic check,93.15,2231.05
5020-ZSTTY,1,Yes,DSL,Yes,Yes,No,Yes,Yes,Yes,One year,0,Bank transfer (automatic),82.45,4350.1
5804-LEPIM,1,No,Fiber optic,No,No,No,No,No,No,Month-to-month,1,Electronic check,70.35,139.05
0122-OAHPZ,1,Yes,Fiber optic,No,No,No,No,No,No,Month-to-month,1,Electronic check,73.85,511.25
2868-SNELZ,1,Yes,Fiber optic,No,No,Yes,No,No,No,Month-to-month,0,Mailed check,80.6,155.8
4322-RCYMT,1,Yes,DSL,No,Yes,Yes,Yes,No,Yes,One year,1,Bank transfer (automatic),75.8,5293.95
6680-NENYN,1,Yes,Fiber optic,No,Yes,Yes,No,Yes,Yes,Two year,1,Electronic check,104.6,4759.85
1343-EHPYB,1,Yes,Fiber optic,No,Yes,Yes,No,Yes,Yes,Month-to-month,1,Electronic check,103.4,6603.0
2034-GDRCN,1,No,Fiber optic,No,No,No,No,Yes,Yes,Month-to-month,1,Electronic check,90.4,168.2
0219-YTZUE,1,Yes,Fiber optic,No,Yes,Yes,No,No,No,Month-to-month,1,Bank transfer (automatic),84.8,371.9
0623-IIHUG,0,No phone service,DSL,Yes,No,No,No,Yes,No,Month-to-month,1,Electronic check,41.9,840.1
4572-DVCGN,1,No,Fiber optic,No,No,No,No,No,Yes,Month-to-month,1,Bank transfer (automatic),80.25,846.0
9057-MSWCO,0,No phone service,DSL,Yes,No,No,No,No,No,Month-to-month,0,Credit card (automatic),30.75,805.1
1010-DIAUQ,1,No,Fiber optic,No,No,Yes,No,Yes,Yes,Month-to-month,0,Bank transfer (automatic),96.5,492.55
0259-GBZSH,1,Yes,Fiber optic,No,No,No,No,Yes,No,Month-to-month,1,Electronic check,85.65,181.5
9601-BRXPO,1,Yes,Fiber optic,No,No,Yes,Yes,Yes,Yes,Month-to-month,1,Bank transfer (automatic),104.95,2566.5
6905-NIQIN,1,No,DSL,No,Yes,No,No,No,No,Month-to-month,0,Mailed check,50.65,50.65
5167-ZFFMM,1,Yes,Fiber optic,No,Yes,No,No,No,Yes,Month-to-month,1,Credit card (automatic),90.85,90.85
4895-TMWIR,1,No,No,No internet service,No internet service,No internet service,No internet service,No internet service,No internet service,Month-to-month,0,Mailed check,19.95,214.75
0533-BNWKF,1,Yes,Fiber optic,No,Yes,Yes,No,No,No,Month-to-month,1,Electronic check,85.45,4874.7
6599-CEBNN,1,No,Fiber optic,No,Yes,No,No,No,No,Month-to-month,1,Credit card (automatic),73.95,2524.45
0979-PHULV,1,Yes,Fiber optic,No,No,Yes,No,Yes,Yes,Month-to-month,1,Credit card (automatic),99.45,7007.6
4800-VHZKI,1,No,No,No internet service,No internet service,No internet service,No internet service,No internet service,No internet service,Month-to-month,1,Mailed check,19.9,19.9
7989-CHGTL,1,No,No,No internet service,No internet service,No internet service,No internet service,No internet service,No internet service,Month-to-month,1,Mailed check,19.6,19.6
0334-GDDSO,1,Yes,Fiber optic,No,Yes,No,No,No,No,Month-to-month,1,Electronic check,81.35,233.7
0578-SKVMF,1,No,Fiber optic,No,Yes,No,No,No,Yes,Month-to-month,0,Electronic check,83.3,1845.9
5564-NEMQO,1,No,Fiber optic,No,No,Yes,No,No,No,Month-to-month,1,Bank transfer (automatic),75.3,75.3
9063-ZGTUY,1,No,No,No internet service,No internet service,No internet service,No internet service,No internet service,No internet service,Month-to-month,1,Mailed check,19.4,1182.55
2957-LOLHO,1,No,DSL,No,No,No,No,No,No,Month-to-month,1,Bank transfer (automatic),45.4,518.9
7752-XUSCI,1,Yes,Fiber optic,No,Yes,Yes,No,Yes,Yes,Month-to-month,1,Electronic check,105.9,6396.45
4110-PFEUZ,1,No,Fiber optic,No,No,No,No,No,No,Month-to-month,0,Mailed check,69.55,69.55
0256-LTHVJ,1,No,Fiber optic,No,No,No,No,No,Yes,Month-to-month,1,Electronic check,81.05,2227.1
0880-TKATG,1,Yes,Fiber optic,No,No,Yes,No,Yes,Yes,Month-to-month,0,Electronic check,101.15,385.9
3811-VBYBZ,1,Yes,Fiber optic,No,Yes,No,No,Yes,Yes,Month-to-month,1,Electronic check,99.8,673.25
4640-UHDOS,1,No,DSL,No,No,No,No,No,Yes,Month-to-month,0,Electronic check,55.95,734.35
3583-EKAPL,1,No,DSL,No,No,No,No,No,Yes,Month-to-month,1,Electronic check,55.0,55.0
9399-APLBT,1,No,Fiber optic,No,Yes,No,No,No,No,Month-to-month,1,Electronic check,74.7,74.7
2359-KMGLI,1,Yes,Fiber optic,No,Yes,No,No,No,No,Month-to-month,1,Electronic check,80.25,1861.5
0306-JAELE,1,No,Fiber optic,No,No,No,Yes,Yes,Yes,Month-to-month,1,Electronic check,96.1,453.4
6227-HWPWX,1,No,Fiber optic,No,No,No,No,No,No,Month-to-month,0,Bank transfer (automatic),69.0,994.8
0447-BEMNG,0,No phone service,DSL,Yes,No,Yes,No,No,Yes,Month-to-month,1,Bank transfer (automatic),45.3,2145.0
5949-XIKAE,1,No,Fiber optic,No,Yes,No,No,Yes,No,Month-to-month,1,Electronic check,83.55,680.05
8372-JUXUI,1,Yes,Fiber optic,No,No,No,No,No,No,Month-to-month,1,Electronic check,74.35,74.35
0388-EOPEX,1,No,Fiber optic,Yes,No,No,No,No,No,Month-to-month,1,Electronic check,74.4,139.4
8205-OTCHB,0,No phone service,DSL,No,Yes,Yes,No,No,Yes,One year,1,Bank transfer (automatic),43.75,903.6
6235-VDHOM,0,No phone service,DSL,No,Yes,No,No,No,No,Month-to-month,0,Electronic check,28.45,131.05
7783-YKGDV,1,Yes,Fiber optic,Yes,Yes,Yes,No,No,Yes,Month-to-month,1,Bank transfer (automatic),99.7,1238.45
5609-CEBID,1,Yes,Fiber optic,No,Yes,Yes,No,No,Yes,Month-to-month,1,Electronic check,94.1,1782.4
7218-HKQFK,1,No,Fiber optic,No,No,No,Yes,Yes,Yes,Month-to-month,1,Electronic check,94.2,167.5
4636-QRJKY,1,Yes,Fiber optic,No,No,No,Yes,No,No,Month-to-month,1,Electronic check,80.5,502.85
5956-VKDTT,1,Yes,Fiber optic,No,No,No,No,No,No,Month-to-month,1,Electronic check,74.35,334.8
9412-GHEEC,1,Yes,Fiber optic,No,No,Yes,Yes,Yes,Yes,Month-to-month,0,Bank transfer (automatic),104.8,4131.95
0257-ZESQC,1,No,Fiber optic,Yes,No,No,No,No,No,Month-to-month,1,Bank transfer (automatic),75.2,1929.35
6825-UYPFK,1,Yes,Fiber optic,No,No,No,No,No,No,Month-to-month,0,Bank transfer (automatic),75.6,1758.6
8397-MVTAZ,1,Yes,Fiber optic,No,No,Yes,No,Yes,Yes,Month-to-month,1,Electronic check,100.05,3480.0
9282-IZGQK,1,Yes,Fiber optic,No,No,No,No,No,Yes,Month-to-month,1,Electronic check,85.0,85.0
1342-JPNKI,1,Yes,Fiber optic,No,No,No,No,Yes,No,Month-to-month,1,Bank transfer (automatic),86.05,834.1
2817-NTQDO,0,No phone service,DSL,Yes,No,No,Yes,Yes,No,Month-to-month,1,Credit card (automatic),45.55,597.0
6986-IJDHX,1,No,Fiber optic,No,Yes,No,No,Yes,No,Month-to-month,1,Mailed check,86.3,3266.0
5301-GAUUY,1,Yes,Fiber optic,No,Yes,No,No,No,No,Month-to-month,1,Bank transfer (automatic),80.35,2596.15
0939-YAPAF,1,Yes,Fiber optic,No,No,Yes,No,Yes,Yes,Month-to-month,1,Electronic check,100.25,3527.6
4710-FDUIZ,1,Yes,Fiber optic,No,Yes,No,No,Yes,Yes,One year,0,Credit card (automatic),100.3,5614.45
1218-VKFPE,1,No,No,No internet service,No internet service,No internet service,No internet service,No internet service,No internet service,Month-to-month,0,Mailed check,19.0,233.55
3627-FHKBK,1,No,Fiber optic,Yes,No,No,No,No,No,Month-to-month,0,Mailed check,75.3,75.3
2865-TCHJW,1,Yes,Fiber optic,No,No,Yes,No,Yes,No,Month-to-month,1,Electronic check,89.2,346.2
5192-EBGOV,1,Yes,Fiber optic,No,No,No,No,Yes,No,Month-to-month,1,Electronic check,85.7,85.7
0719-SYFRB,1,Yes,DSL,Yes,No,Yes,Yes,No,No,Month-to-month,1,Mailed check,61.65,713.75
3419-SNJJD,1,Yes,Fiber optic,Yes,No,Yes,No,Yes,Yes,Month-to-month,0,Bank transfer (automatic),105.25,6786.4
6543-CPZMK,0,No phone service,DSL,No,Yes,No,No,No,No,Month-to-month,1,Electronic check,29.95,248.95
4765-OXPPD,1,No,DSL,Yes,Yes,Yes,Yes,No,No,Month-to-month,0,Mailed check,65.0,663.05
1009-IRMNA,1,No,No,No internet service,No internet service,No internet service,No internet service,No internet service,No internet service,Month-to-month,0,Bank transfer (automatic),20.0,137.6
4554-YGZIH,1,Yes,Fiber optic,No,Yes,No,No,No,Yes,Month-to-month,0,Credit card (automatic),90.05,4547.25
5099-BAILX,1,Yes,Fiber optic,No,Yes,Yes,Yes,Yes,Yes,Month-to-month,1,Bank transfer (automatic),110.75,4687.9
7207-RMRDB,1,Yes,Fiber optic,No,Yes,Yes,No,Yes,Yes,Month-to-month,1,Electronic check,105.5,6985.65
4913-EHYUI,1,Yes,Fiber optic,Yes,No,Yes,No,Yes,Yes,One year,1,Bank transfer (automatic),104.55,5794.65
0195-IESCP,1,Yes,Fiber optic,No,No,No,No,No,Yes,Month-to-month,1,Electronic check,85.25,855.3
4580-TMHJU,1,No,DSL,No,No,No,No,Yes,No,Month-to-month,0,Electronic check,56.15,2499.3
0970-ETWGE,1,No,Fiber optic,No,No,No,No,Yes,Yes,Month-to-month,1,Electronic check,89.55,89.55
1626-ERCMM,1,Yes,Fiber optic,No,No,No,No,Yes,Yes,Month-to-month,1,Electronic check,94.55,1899.65
0887-HJGAR,1,No,DSL,No,No,No,No,No,No,Month-to-month,1,Mailed check,45.7,45.7
5644-PDMZC,1,Yes,Fiber optic,No,Yes,No,No,No,Yes,Month-to-month,0,Electronic check,89.5,161.5
9576-ANLXO,1,No,Fiber optic,No,No,No,No,No,No,Month-to-month,1,Bank transfer (automatic),69.55,222.3
2024-BASKD,1,No,Fiber optic,No,No,Yes,No,No,No,Month-to-month,1,Mailed check,74.6,74.6
4160-AMJTL,1,No,No,No internet service,No internet service,No internet service,No internet service,No internet service,No internet service,Month-to-month,0,Electronic check,19.65,164.3
4464-JCOLN,1,No,No,No internet service,No internet service,No internet service,No internet service,No internet service,No internet service,One year,0,Mailed check,19.85,35.9
5650-VDUDS,0,No phone service,DSL,No,No,No,No,No,No,Month-to-month,1,Mailed check,24.25,96.05
7538-GWHML,1,No,Fiber optic,No,No,No,No,No,No,Month-to-month,0,Electronic check,69.65,145.15
3859-CVCET,1,No,DSL,No,No,No,No,No,No,Month-to-month,0,Mailed check,45.65,191.05
3276-HDUEG,1,Yes,Fiber optic,No,No,No,No,No,No,Month-to-month,1,Mailed check,75.05,75.05
0823-HSCDJ,0,No phone service,DSL,No,Yes,No,No,Yes,Yes,Month-to-month,1,Electronic check,49.15,2550.9
0822-GAVAP,0,No phone service,DSL,No,No,No,No,No,Yes,Month-to-month,1,Electronic check,34.7,62.25
1448-PWKYE,1,No,Fiber optic,No,No,No,No,No,Yes,Month-to-month,0,Electronic check,80.0,80.0
0067-DKWBL,1,No,DSL,Yes,No,No,No,No,No,Month-to-month,1,Electronic check,49.25,91.1
2276-YDAVZ,1,Yes,Fiber optic,No,No,No,No,No,No,Month-to-month,1,Credit card (automatic),75.1,270.7
5896-NPFWW,1,No,DSL,No,No,Yes,No,No,No,Month-to-month,1,Electronic check,50.15,168.15
7133-VBDCG,1,No,Fiber optic,Yes,Yes,No,No,No,No,Month-to-month,1,Bank transfer (automatic),79.85,2015.35
1029-QFBEN,1,No,No,No internet service,No internet service,No internet service,No internet service,No internet service,No internet service,Month-to-month,0,Mailed check,19.55,19.55
4952-YSOGZ,1,Yes,Fiber optic,No,No,No,No,No,Yes,Month-to-month,1,Electronic check,85.95,381.3
1589-AGTLK,1,No,DSL,No,No,No,No,No,No,Month-to-month,1,Electronic check,45.35,141.5
5244-IRFIH,1,Yes,Fiber optic,No,No,No,No,Yes,Yes,Month-to-month,1,Electronic check,94.5,3105.55
2684-EIWEO,1,Yes,Fiber optic,Yes,Yes,Yes,No,No,No,Month-to-month,0,Credit card (automatic),91.7,2758.15
6439-GTPCA,1,Yes,Fiber optic,No,No,Yes,Yes,No,No,Month-to-month,1,Electronic check,87.25,3941.7
5138-WVKYJ,1,Yes,Fiber optic,Yes,No,No,No,Yes,Yes,Month-to-month,0,Electronic check,98.55,1008.55
6683-VLCTZ,1,Yes,Fiber optic,No,No,Yes,No,Yes,Yes,Month-to-month,1,Electronic check,98.55,1842.8
2189-WWOEW,1,No,Fiber optic,No,Yes,No,No,No,Yes,Month-to-month,1,Bank transfer (automatic),85.9,1269.55
1894-IGFSG,1,No,Fiber optic,No,No,No,No,Yes,Yes,Month-to-month,0,Electronic check,89.25,1907.85
7379-POKDZ,1,No,Fiber optic,No,No,No,No,No,No,Month-to-month,1,Electronic check,70.3,208.85
0236-HFWSV,1,Yes,Fiber optic,No,No,No,No,Yes,Yes,Month-to-month,1,Electronic check,93.35,1444.65
3900-AQPHZ,1,No,No,No internet service,No internet service,No internet service,No internet service,No internet service,No internet service,Month-to-month,0,Mailed check,19.9,19.9
5842-POCOP,1,No,Fiber optic,Yes,No,Yes,No,No,Yes,Month-to-month,1,Mailed check,88.9,454.15
2037-XJFUP,1,No,Fiber optic,No,No,Yes,No,Yes,Yes,One year,1,Electronic check,95.8,3036.75
7314-OXENN,1,Yes,Fiber optic,No,Yes,No,No,No,No,Month-to-month,1,Electronic check,82.0,184.65
0322-CHQRU,1,No,DSL,No,No,No,No,No,No,Month-to-month,0,Electronic check,45.35,89.5
4678-DVQEO,1,No,DSL,No,No,No,Yes,No,No,Month-to-month,1,Electronic check,52.2,52.2
0691-IFBQW,1,Yes,Fiber optic,Yes,Yes,Yes,No,Yes,Yes,One year,1,Electronic check,110.0,4874.8
3009-JWMPU,1,Yes,Fiber optic,No,No,Yes,No,Yes,Yes,One year,1,Electronic check,96.75,6125.4
1450-GALXR,1,Yes,Fiber optic,No,No,No,Yes,Yes,Yes,Month-to-month,1,Electronic check,98.5,1058.25
3138-BKYAV,1,No,Fiber optic,No,Yes,No,No,Yes,No,Month-to-month,1,Electronic check,85.35,489.45
4289-DTDKW,1,Yes,Fiber optic,No,Yes,No,No,Yes,Yes,Month-to-month,1,Electronic check,101.3,4113.1
1820-TQVEV,1,No,Fiber optic,No,No,No,No,No,No,Month-to-month,1,Electronic check,69.55,69.55
2239-JALAW,1,Yes,Fiber optic,No,Yes,Yes,No,Yes,Yes,One year,1,Bank transfer (automatic),103.25,6017.65
4853-RULSV,1,Yes,Fiber optic,Yes,No,No,Yes,Yes,Yes,Two year,1,Credit card (automatic),104.0,7250.15
6275-YDUVO,1,No,Fiber optic,No,No,Yes,No,No,Yes,Month-to-month,1,Mailed check,86.2,178.7
0115-TFERT,1,Yes,Fiber optic,No,Yes,Yes,Yes,Yes,Yes,Month-to-month,1,Electronic check,111.2,2317.1
2311-QYMUQ,1,No,Fiber optic,No,Yes,Yes,No,Yes,No,Month-to-month,1,Credit card (automatic),89.45,1430.25
3643-AHCFP,1,Yes,Fiber optic,No,No,No,No,Yes,Yes,Month-to-month,1,Bank transfer (automatic),95.6,644.35
3104-OWCGK,1,No,Fiber optic,No,Yes,Yes,No,Yes,No,One year,0,Electronic check,90.95,5453.4
9101-BWFSS,1,Yes,Fiber optic,Yes,Yes,No,Yes,Yes,Yes,One year,0,Electronic check,108.55,5610.7
9231-ZJYAM,1,No,Fiber optic,No,No,No,No,Yes,No,Month-to-month,1,Electronic check,78.85,292.8
6982-SSHFK,1,No,DSL,No,No,No,No,No,No,Month-to-month,0,Mailed check,44.4,44.4
0727-BMPLR,1,Yes,Fiber optic,No,No,Yes,No,Yes,Yes,One year,1,Electronic check,100.0,5509.3
1038-ZAGBI,1,No,No,No internet service,No internet service,No internet service,No internet service,No internet service,No internet service,One year,0,Bank transfer (automatic),19.8,229.6
3027-ZTDHO,1,No,Fiber optic,No,No,No,No,Yes,Yes,Month-to-month,1,Electronic check,89.9,89.9
2382-BCKQJ,1,Yes,Fiber optic,No,No,Yes,No,Yes,Yes,One year,1,Electronic check,100.15,6413.65
2207-NHRJK,1,No,DSL,No,Yes,No,No,No,No,Month-to-month,0,Electronic check,50.8,50.8
0947-MUGVO,1,No,Fiber optic,No,Yes,No,No,No,No,Month-to-month,1,Electronic check,73.65,1463.5
9944-HKVVB,1,No,Fiber optic,No,Yes,No,No,Yes,Yes,Month-to-month,1,Electronic check,95.1,307.4
4124-MMETB,1,Yes,Fiber optic,No,No,No,No,Yes,Yes,Month-to-month,1,Credit card (automatic),94.65,2104.55
3671-SHRSP,1,No,Fiber optic,No,No,Yes,Yes,No,No,Month-to-month,1,Mailed check,80.6,319.15
3313-QKNKB,1,Yes,Fiber optic,No,No,No,No,No,Yes,One year,0,Electronic check,85.55,5084.65
5073-WXOYN,0,No phone service,DSL,No,Yes,No,No,Yes,Yes,Month-to-month,1,Electronic check,50.8,3027.4
0207-MDKNV,1,No,Fiber optic,Yes,No,Yes,Yes,Yes,Yes,Month-to-month,0,Electronic check,105.1,1582.75
9851-KIELU,1,No,Fiber optic,Yes,Yes,Yes,Yes,Yes,Yes,Month-to-month,1,Electronic check,110.1,1043.3
3908-BLSYF,1,No,Fiber optic,No,No,Yes,No,No,Yes,Month-to-month,0,Electronic check,83.9,497.55
7549-MYGPK,1,Yes,Fiber optic,Yes,Yes,Yes,No,Yes,No,Month-to-month,1,Electronic check,100.55,6215.35
3804-RVTGV,1,Yes,Fiber optic,No,Yes,Yes,No,Yes,Yes,Month-to-month,1,Bank transfer (automatic),103.85,5017.9
9227-LUNBG,0,No phone service,DSL,No,No,No,No,No,No,Month-to-month,0,Electronic check,24.6,24.6
4315-MURBD,1,No,Fiber optic,Yes,No,No,Yes,Yes,Yes,Month-to-month,1,Bank transfer (automatic),98.9,1120.95
9734-YWGEX,1,Yes,Fiber optic,No,No,Yes,No,Yes,Yes,Month-to-month,0,Credit card (automatic),98.3,923.5
2719-BDAQO,1,No,Fiber optic,Yes,No,No,No,Yes,Yes,Month-to-month,0,Electronic check,93.85,1625.65
0781-LKXBR,1,Yes,Fiber optic,No,No,Yes,No,Yes,Yes,Month-to-month,1,Electronic check,100.5,918.6
1907-UBQFC,1,No,Fiber optic,No,Yes,No,No,No,No,Month-to-month,1,Electronic check,72.85,688.65
6513-EECDB,1,Yes,Fiber optic,No,No,No,No,No,No,Month-to-month,1,Electronic check,73.55,73.55
7074-IEVOJ,1,Yes,Fiber optic,No,Yes,No,No,No,No,Month-to-month,1,Electronic check,79.4,205.05
9625-QSTYE,1,No,Fiber optic,No,Yes,Yes,No,No,No,Month-to-month,1,Electronic check,81.15,952.3
4750-ZRXIU,1,Yes,Fiber optic,No,No,No,No,No,Yes,Month-to-month,1,Electronic check,84.6,360.1
6400-BWQKW,1,Yes,Fiber optic,Yes,No,No,No,No,No,Month-to-month,1,Electronic check,79.05,434.5
6680-WKXRZ,1,Yes,Fiber optic,No,No,No,No,No,No,Month-to-month,0,Bank transfer (automatic),74.4,215.8
7028-DVOIQ,1,Yes,Fiber optic,No,No,Yes,No,Yes,Yes,Month-to-month,1,Electronic check,99.05,3395.8
4208-UFFGW,1,No,DSL,No,No,No,No,No,No,Month-to-month,0,Mailed check,44.95,85.15
9448-REEVD,1,No,DSL,No,No,No,No,No,No,Month-to-month,0,Credit card (automatic),44.7,44.7
9117-SHLZX,1,No,DSL,No,No,No,No,No,No,Month-to-month,1,Mailed check,45.7,45.7
9889-TMAHG,1,No,Fiber optic,Yes,No,No,Yes,Yes,Yes,Month-to-month,0,Credit card (automatic),100.3,832.35
4541-RMRLG,1,No,No,No internet service,No internet service,No internet service,No internet service,No internet service,No internet service,Month-to-month,0,Electronic check,19.25,112.3
3158-MOERK,1,Yes,Fiber optic,No,No,No,No,Yes,Yes,Month-to-month,1,Electronic check,96.0,174.8
7294-TMAOP,1,No,Fiber optic,No,No,No,No,Yes,Yes,Month-to-month,0,Electronic check,90.55,90.55
8919-FYFQZ,0,No phone service,DSL,No,Yes,No,No,No,No,Month-to-month,1,Electronic check,30.35,1359.7
2834-JRTUA,1,Yes,Fiber optic,Yes,No,Yes,Yes,Yes,Yes,Two year,1,Electronic check,108.05,7532.15
5875-YPQFJ,1,No,Fiber optic,No,No,No,No,No,No,Month-to-month,1,Electronic check,69.9,69.9
6646-QVXLR,1,Yes,Fiber optic,No,Yes,Yes,No,Yes,Yes,One year,1,Electronic check,103.75,6383.35
8603-IJWDN,1,Yes,Fiber optic,No,No,No,No,No,Yes,Month-to-month,1,Electronic check,86.6,86.6
9369-XFEHK,1,Yes,Fiber optic,No,Yes,No,No,No,No,Month-to-month,1,Bank transfer (automatic),80.6,2656.5
3842-IYKUE,1,Yes,Fiber optic,No,Yes,No,Yes,No,No,Month-to-month,0,Credit card (automatic),85.3,2917.5
6641-XRPSU,1,No,Fiber optic,No,No,No,No,No,No,Month-to-month,1,Credit card (automatic),70.0,2416.1
1374-DMZUI,1,Yes,Fiber optic,No,No,No,No,Yes,Yes,Month-to-month,1,Electronic check,94.3,424.45
8357-EQXFO,1,No,Fiber optic,No,No,Yes,No,Yes,Yes,Month-to-month,1,Electronic check,95.35,660.9
1989-PRJHP,1,Yes,Fiber optic,No,No,No,No,No,No,Month-to-month,1,Electronic check,75.5,1893.95
9524-EGPJC,1,Yes,Fiber optic,No,No,No,Yes,No,Yes,Month-to-month,1,Electronic check,90.1,1612.75
6993-OHLXR,1,No,Fiber optic,No,No,No,No,No,No,Month-to-month,0,Electronic check,68.95,119.75
8818-XYFCQ,1,Yes,Fiber optic,Yes,No,No,No,Yes,Yes,Month-to-month,1,Credit card (automatic),99.55,3204.65
4695-VADHF,1,No,DSL,No,No,Yes,No,No,Yes,Month-to-month,0,Electronic check,57.45,990.85
3863-IUBJR,1,No,DSL,No,No,No,No,No,Yes,One year,0,Credit card (automatic),53.65,696.35
4822-RVYBB,1,Yes,Fiber optic,No,No,Yes,No,Yes,Yes,Month-to-month,1,Electronic check,100.6,819.4
8436-BJUMM,1,Yes,Fiber optic,No,No,No,No,Yes,No,Month-to-month,1,Electronic check,83.75,2070.6
4184-TJFAN,1,No,Fiber optic,Yes,No,No,Yes,Yes,No,Month-to-month,1,Mailed check,88.3,273.75
4145-UQXUQ,1,No,Fiber optic,No,No,Yes,No,Yes,Yes,Month-to-month,1,Electronic check,92.1,729.95
9948-YPTDG,1,No,Fiber optic,Yes,Yes,No,No,No,No,Month-to-month,1,Electronic check,79.45,3013.05
1236-WFCDV,1,No,Fiber optic,No,No,No,No,Yes,Yes,Month-to-month,0,Credit card (automatic),90.45,1266.1
4883-QICIH,1,No,Fiber optic,No,No,No,No,No,No,Month-to-month,1,Bank transfer (automatic),69.75,2347.9
8329-IBCTI,1,No,No,No internet service,No internet service,No internet service,No internet service,No internet service,No internet service,Month-to-month,0,Mailed check,19.65,19.65
1271-SJBGZ,0,No phone service,DSL,No,No,Yes,Yes,No,Yes,Month-to-month,1,Electronic check,43.65,526.95
5669-SRAIP,0,No phone service,DSL,No,No,Yes,No,No,Yes,Month-to-month,0,Electronic check,39.5,210.75
5981-ITEMU,1,Yes,Fiber optic,No,No,No,No,Yes,Yes,Month-to-month,1,Bank transfer (automatic),97.1,3706.95
6941-PMGEP,1,No,Fiber optic,No,No,No,No,No,Yes,Month-to-month,1,Electronic check,80.0,412.5
1624-WOIWJ,1,No,Fiber optic,Yes,No,No,No,Yes,No,Month-to-month,1,Mailed check,84.7,832.05
2074-GKOWZ,1,No,Fiber optic,No,No,No,No,Yes,Yes,Month-to-month,1,Bank transfer (automatic),89.55,185.55
0376-YMCJC,1,Yes,Fiber optic,No,No,No,Yes,Yes,No,Month-to-month,1,Electronic check,90.6,1943.2
0634-SZPQA,1,Yes,Fiber optic,Yes,No,No,No,Yes,No,Month-to-month,1,Bank transfer (automatic),90.05,2169.8
5536-RTPWK,1,Yes,Fiber optic,No,Yes,No,No,Yes,Yes,Month-to-month,1,Bank transfer (automatic),99.05,4853.75
6166-ILMNY,1,No,Fiber optic,No,No,No,No,No,No,Month-to-month,0,Bank transfer (automatic),69.75,144.55
3097-NNSPB,1,No,DSL,No,Yes,No,No,No,No,Month-to-month,1,Credit card (automatic),49.05,91.1
0655-RBDUG,1,Yes,Fiber optic,No,No,Yes,No,Yes,Yes,Month-to-month,1,Bank transfer (automatic),98.05,713.0
4361-BKAXE,1,Yes,Fiber optic,Yes,Yes,Yes,Yes,Yes,Yes,Month-to-month,1,Bank transfer (automatic),114.5,4527.45
9878-TNQGW,1,No,Fiber optic,No,No,No,No,No,Yes,Month-to-month,1,Electronic check,80.95,171.15
4441-NIHPT,1,No,Fiber optic,No,No,Yes,No,No,No,Month-to-month,1,Electronic check,74.3,940.35
8999-BOHSE,1,No,Fiber optic,No,No,No,No,Yes,Yes,Month-to-month,0,Bank transfer (automatic),89.7,1047.7
7029-RPUAV,1,Yes,Fiber optic,No,No,Yes,No,Yes,Yes,Month-to-month,1,Credit card (automatic),100.45,1622.45
4607-CHPCA,1,No,Fiber optic,No,No,No,No,Yes,Yes,One year,1,Electronic check,90.4,2178.6
8824-RWFXJ,1,No,DSL,No,Yes,Yes,No,No,No,Month-to-month,1,Mailed check,56.15,168.15
9763-PDTKK,1,No,Fiber optic,Yes,No,Yes,Yes,No,Yes,Month-to-month,1,Bank transfer (automatic),94.4,387.2
7627-JKIAZ,1,Yes,Fiber optic,No,No,Yes,No,No,No,Month-to-month,1,Credit card (automatic),78.95,2839.65
4081-DYXAV,0,No phone service,DSL,No,No,No,No,Yes,Yes,One year,1,Credit card (automatic),44.85,893.55
8111-SLLHI,1,Yes,Fiber optic,No,Yes,Yes,No,Yes,Yes,Month-to-month,1,Electronic check,105.65,4284.8
0927-LCSMG,1,No,Fiber optic,No,No,Yes,No,No,No,Month-to-month,0,Mailed check,74.65,544.55
8257-RZAHR,1,Yes,DSL,Yes,No,No,No,Yes,No,Month-to-month,1,Bank transfer (automatic),64.7,941.0
5293-WXJAK,1,Yes,Fiber optic,No,No,Yes,Yes,Yes,Yes,Month-to-month,1,Bank transfer (automatic),104.05,1133.65
0841-NULXI,0,No phone service,DSL,No,No,No,No,No,Yes,Month-to-month,1,Electronic check,35.55,35.55
7851-WZEKY,1,Yes,Fiber optic,No,No,No,No,Yes,Yes,Month-to-month,1,Electronic check,95.15,196.9
8844-TONUD,1,No,Fiber optic,No,No,Yes,No,Yes,Yes,Month-to-month,1,Mailed check,96.65,1162.85
4086-YQSNZ,1,No,Fiber optic,No,No,No,No,Yes,No,Month-to-month,1,Electronic check,80.4,224.05
5868-CZJDR,0,No phone service,DSL,No,Yes,No,No,No,No,Month-to-month,1,Mailed check,31.35,31.35
0135-NMXAP,1,Yes,Fiber optic,No,Yes,No,No,Yes,No,Month-to-month,1,Bank transfer (automatic),89.75,1052.4
6270-OMFIW,1,No,Fiber optic,No,Yes,No,No,Yes,Yes,One year,1,Electronic check,94.4,5610.25
0107-WESLM,1,No,No,No internet service,No internet service,No internet service,No internet service,No internet service,No internet service,Month-to-month,1,Electronic check,19.85,19.85
3992-YWPKO,1,Yes,Fiber optic,No,Yes,Yes,Yes,Yes,Yes,Month-to-month,1,Credit card (automatic),109.9,669.45
0125-LZQXK,1,No,Fiber optic,No,No,Yes,Yes,Yes,Yes,Month-to-month,1,Electronic check,101.35,1553.95
8399-YNDCH,1,No,DSL,No,No,Yes,No,Yes,No,Month-to-month,1,Bank transfer (automatic),60.05,1236.15
5673-FSSMF,1,Yes,DSL,No,No,No,No,No,Yes,Month-to-month,1,Electronic check,60.15,60.15
1579-KLYDT,1,Yes,Fiber optic,No,No,Yes,No,Yes,No,Month-to-month,1,Electronic check,90.45,593.45
3927-NLNRY,1,No,Fiber optic,No,Yes,No,No,Yes,Yes,One year,1,Bank transfer (automatic),94.25,4867.95
6358-LYNGM,1,Yes,Fiber optic,No,No,No,No,No,No,Month-to-month,1,Electronic check,74.9,74.9
5494-HECPR,1,No,Fiber optic,No,No,No,No,Yes,No,Month-to-month,1,Electronic check,80.25,80.25
9824-BEMCV,1,No,Fiber optic,No,No,No,No,No,No,Month-to-month,1,Electronic check,69.0,1149.65
1373-ORVIZ,1,Yes,DSL,No,No,No,Yes,No,Yes,Month-to-month,1,Electronic check,66.35,740.8
9866-QEVEE,1,Yes,Fiber optic,No,No,No,No,No,Yes,Month-to-month,1,Bank transfer (automatic),86.0,1532.45
9897-KXHCM,1,No,Fiber optic,No,No,No,No,No,Yes,Month-to-month,1,Electronic check,80.3,250.05
7979-CORPM,1,Yes,Fiber optic,No,Yes,No,No,Yes,No,Month-to-month,1,Credit card (automatic),90.55,2282.55
1618-CFHME,1,Yes,Fiber optic,No,No,No,No,No,No,Month-to-month,1,Electronic check,75.9,143.35
3165-HDOEW,1,No,DSL,No,No,No,No,No,No,Month-to-month,1,Mailed check,45.85,45.85
6581-NQCBA,0,No phone service,DSL,No,No,No,Yes,Yes,Yes,Month-to-month,1,Electronic check,49.95,810.2
1689-MRZQR,1,No,Fiber optic,No,No,No,No,Yes,No,Month-to-month,0,Electronic check,78.3,2564.3
5835-BEQEU,1,Yes,Fiber optic,No,No,No,No,No,No,Month-to-month,1,Electronic check,76.95,228.4
5565-FILXA,1,Yes,Fiber optic,No,No,No,No,Yes,Yes,Month-to-month,1,Electronic check,96.15,1529.2
5552-ZNFSJ,1,No,DSL,No,No,No,No,No,No,Month-to-month,0,Electronic check,45.3,45.3
2223-KAGMX,1,No,No,No internet service,No internet service,No internet service,No internet service,No internet service,No internet service,Month-to-month,0,Bank transfer (automatic),19.4,289.3
7321-PKUYW,1,Yes,Fiber optic,No,No,No,Yes,Yes,No,Month-to-month,0,Electronic check,90.15,987.95
2833-SLKDQ,1,No,DSL,No,No,No,No,No,No,Month-to-month,0,Mailed check,45.05,45.05
7595-EUIVN,1,No,Fiber optic,No,Yes,No,No,No,No,Month-to-month,0,Electronic check,75.8,75.8
2026-TGDHM,1,No,Fiber optic,No,No,No,No,No,Yes,Month-to-month,1,Electronic check,79.3,523.15
4030-VPZBD,0,No phone service,DSL,No,No,No,Yes,No,No,Month-to-month,1,Electronic check,30.9,59.05
4187-CINZD,1,No,Fiber optic,No,Yes,No,No,Yes,Yes,One year,0,Credit card (automatic),95.25,4424.2
6818-WOBHJ,1,Yes,Fiber optic,No,Yes,No,No,No,Yes,Month-to-month,1,Bank transfer (automatic),89.6,6127.6
2408-TZMJL,1,Yes,Fiber optic,Yes,Yes,Yes,No,Yes,Yes,One year,1,Electronic check,110.15,6448.05
9134-CEQMF,1,No,Fiber optic,No,No,No,No,Yes,Yes,Month-to-month,1,Electronic check,89.5,676.7
7993-PYKOF,1,No,Fiber optic,Yes,No,No,No,No,No,Month-to-month,0,Electronic check,75.0,632.95
5027-XWQHA,1,No,DSL,No,No,No,No,No,No,Month-to-month,0,Electronic check,44.75,270.95
4566-QVRRW,1,No,DSL,No,No,No,No,No,No,Month-to-month,1,Electronic check,44.05,483.7
8519-IMDHU,1,Yes,Fiber optic,No,No,No,No,No,Yes,Month-to-month,1,Bank transfer (automatic),85.6,1345.55
0201-OAMXR,1,Yes,Fiber optic,Yes,Yes,Yes,Yes,Yes,Yes,One year,0,Credit card (automatic),115.55,8127.6
3372-KWFBM,1,Yes,Fiber optic,No,No,No,No,Yes,No,Month-to-month,1,Electronic check,86.6,1281.0
7831-QGOXH,1,Yes,Fiber optic,No,No,No,No,Yes,No,Month-to-month,1,Electronic check,85.2,1553.9
6393-WRYZE,1,Yes,Fiber optic,No,No,No,No,Yes,Yes,Month-to-month,1,Electronic check,97.65,3207.55
6599-RCLCJ,1,Yes,Fiber optic,No,Yes,Yes,Yes,Yes,Yes,Month-to-month,1,Electronic check,109.55,5124.55
9831-BPFRI,1,Yes,Fiber optic,No,Yes,Yes,Yes,No,No,One year,1,Electronic check,89.55,3474.45
1725-MIMXW,1,No,No,No internet service,No internet service,No internet service,No internet service,No internet service,No internet service,Month-to-month,1,Mailed check,19.45,19.45
0031-PVLZI,1,No,No,No internet service,No internet service,No internet service,No internet service,No internet service,No internet service,Month-to-month,0,Mailed check,20.35,76.35
7206-GZCDC,1,No,Fiber optic,No,No,No,No,No,No,Month-to-month,1,Electronic check,69.25,69.25
4791-QRGMF,1,Yes,Fiber optic,No,No,Yes,No,Yes,Yes,One year,1,Bank transfer (automatic),99.5,5961.1
1768-ZAIFU,0,No phone service,DSL,No,No,No,No,No,No,Month-to-month,1,Electronic check,25.2,25.2
4671-LXRDQ,1,No,DSL,No,No,No,No,No,No,Month-to-month,1,Mailed check,45.0,96.45
1934-SJVJK,1,No,No,No internet service,No internet service,No internet service,No internet service,No internet service,No internet service,Month-to-month,0,Mailed check,20.15,20.15
3838-OZURD,1,Yes,Fiber optic,No,Yes,Yes,No,Yes,Yes,Month-to-month,1,Credit card (automatic),105.0,7133.25
9269-CQOOL,1,No,DSL,No,No,No,No,Yes,No,Month-to-month,1,Credit card (automatic),54.7,169.45
2845-HSJCY,1,Yes,Fiber optic,No,No,Yes,No,No,Yes,Month-to-month,1,Electronic check,87.25,1258.6
1184-PJVDB,1,No,Fiber optic,No,No,No,No,Yes,No,Month-to-month,1,Electronic check,79.95,857.2
9415-DPEWS,1,Yes,Fiber optic,No,No,No,Yes,Yes,No,Month-to-month,1,Electronic check,88.35,1639.3
7943-RQCHR,1,Yes,Fiber optic,No,No,No,No,Yes,Yes,Month-to-month,1,Electronic check,94.75,889.9
3793-MMFUH,1,Yes,Fiber optic,No,No,No,No,Yes,Yes,Month-to-month,1,Electronic check,95.05,1290.0
3249-ZPQRG,1,Yes,Fiber optic,No,Yes,No,No,No,No,Month-to-month,0,Electronic check,78.45,330.05
2568-BRGYX,1,No,Fiber optic,No,No,No,No,No,No,Month-to-month,1,Electronic check,70.2,237.95
7721-JXEAW,0,No phone service,DSL,No,Yes,No,No,No,Yes,Month-to-month,1,Bank transfer (automatic),41.05,2452.7
7249-WBIYX,1,Yes,Fiber optic,No,No,No,No,Yes,No,Month-to-month,1,Electronic check,85.6,813.85
6567-HOOPW,1,No,Fiber optic,No,No,No,No,Yes,No,Month-to-month,1,Electronic check,79.2,79.2
3164-AALRN,1,No,DSL,No,No,Yes,No,Yes,Yes,One year,1,Mailed check,70.0,347.4
3334-CTHOL,1,Yes,DSL,No,No,No,No,No,No,Month-to-month,1,Bank transfer (automatic),49.95,49.95
4704-ERYFC,1,No,Fiber optic,No,No,No,No,No,No,Month-to-month,1,Electronic check,69.25,1554.0
8621-MNIHH,1,Yes,Fiber optic,No,Yes,Yes,No,No,Yes,Month-to-month,1,Electronic check,94.25,3217.55
0471-LVHGK,1,Yes,DSL,No,No,Yes,No,Yes,Yes,One year,1,Electronic check,73.0,3001.2
9518-RWHZL,1,Yes,Fiber optic,No,No,Yes,No,Yes,Yes,One year,1,Credit card (automatic),100.05,6254.2
5419-CONWX,1,No,Fiber optic,No,Yes,Yes,No,Yes,Yes,Month-to-month,1,Credit card (automatic),99.8,442.85
6240-EURKS,0,No phone service,DSL,No,No,No,No,No,Yes,Month-to-month,1,Electronic check,35.0,553.0
6960-HVYXR,1,Yes,Fiber optic,No,No,No,No,No,No,Month-to-month,0,Electronic check,76.0,76.0
7024-OHCCK,1,Yes,Fiber optic,No,No,No,No,Yes,Yes,Month-to-month,1,Electronic check,93.85,170.85
7861-UVUFT,1,No,Fiber optic,No,No,Yes,No,Yes,No,Month-to-month,1,Electronic check,84.3,1308.4
5357-TZHPP,1,Yes,Fiber optic,No,No,No,No,No,Yes,Month-to-month,1,Credit card (automatic),84.4,732.5
0680-DFNNY,1,Yes,Fiber optic,No,No,Yes,No,Yes,Yes,Month-to-month,1,Electronic check,101.1,1504.05
7767-UXAGJ,1,Yes,DSL,No,No,No,No,No,No,Month-to-month,1,Electronic check,50.45,50.45
1571-SAVHK,1,Yes,Fiber optic,No,No,No,Yes,Yes,Yes,Month-to-month,1,Mailed check,99.95,1132.75
9546-CQJSU,1,Yes,Fiber optic,No,No,Yes,No,Yes,No,Month-to-month,1,Electronic check,91.4,193.6
0506-LVNGN,1,No,Fiber optic,No,No,Yes,No,No,No,Month-to-month,1,Credit card (automatic),75.55,349.65
2951-QOQTK,1,Yes,Fiber optic,No,No,No,Yes,No,No,Month-to-month,0,Credit card (automatic),80.8,332.45
3473-XIIIT,1,Yes,Fiber optic,No,Yes,No,No,Yes,Yes,Month-to-month,1,Electronic check,100.0,1534.75
7893-IXHRQ,1,No,No,No internet service,No internet service,No internet service,No internet service,No internet service,No internet service,Month-to-month,0,Electronic check,20.55,20.55
2952-QAYZF,1,Yes,Fiber optic,No,Yes,Yes,No,No,No,Month-to-month,1,Electronic check,85.3,424.15
4763-PGDPO,1,No,Fiber optic,No,No,No,No,No,No,Month-to-month,0,Electronic check,70.4,281.0
5394-SVGJV,1,Yes,Fiber optic,No,No,No,Yes,Yes,Yes,Month-to-month,0,Bank transfer (automatic),98.8,3475.55
9283-LZQOH,1,Yes,Fiber optic,No,No,No,No,No,No,Month-to-month,1,Credit card (automatic),74.4,896.75
7079-QRCBC,1,Yes,Fiber optic,No,No,Yes,No,Yes,Yes,Month-to-month,1,Electronic check,98.75,2407.3
5469-CTCWN,1,Yes,Fiber optic,Yes,Yes,No,No,Yes,Yes,One year,1,Electronic check,106.0,6547.7
9851-QXEEQ,1,Yes,Fiber optic,No,Yes,Yes,No,Yes,Yes,Month-to-month,1,Electronic check,104.7,4346.4
9809-IMGCQ,1,Yes,Fiber optic,No,No,No,No,Yes,Yes,Month-to-month,1,Electronic check,96.7,2082.95
5208-HFSBT,1,No,DSL,No,Yes,No,Yes,No,No,Month-to-month,1,Credit card (automatic),55.05,102.75
3254-YRILK,1,Yes,Fiber optic,No,Yes,No,No,Yes,No,Month-to-month,1,Electronic check,88.2,1775.8
2667-WYLWJ,1,No,No,No internet service,No internet service,No internet service,No internet service,No internet service,No internet service,One year,1,Mailed check,19.75,145.0
0529-ONKER,1,Yes,Fiber optic,No,No,No,No,No,No,Month-to-month,0,Electronic check,75.65,1146.65
5240-IJOQT,1,Yes,Fiber optic,No,No,No,No,No,No,Month-to-month,1,Electronic check,74.7,74.7
1092-GANHU,1,No,Fiber optic,No,No,Yes,No,No,No,Month-to-month,1,Electronic check,76.65,1313.55
0661-XEYAN,0,No phone service,DSL,No,No,No,No,No,No,Month-to-month,1,Mailed check,25.8,25.8
7881-EVUAD,0,No phone service,DSL,Yes,Yes,No,No,No,Yes,Month-to-month,1,Electronic check,42.6,72.4
5766-XQXMQ,1,No,DSL,Yes,Yes,Yes,No,No,Yes,Month-to-month,1,Bank transfer (automatic),68.85,1970.5
3703-VAVCL,1,No,Fiber optic,No,No,Yes,Yes,No,Yes,Month-to-month,0,Credit card (automatic),90.0,190.05
8519-QJGJD,1,No,Fiber optic,No,No,Yes,No,No,No,Month-to-month,0,Electronic check,75.35,1025.95
6326-MTTXK,1,Yes,Fiber optic,No,Yes,No,No,Yes,Yes,Month-to-month,0,Electronic check,100.85,819.55
0330-IVZHA,1,No,Fiber optic,No,No,No,No,No,No,Month-to-month,0,Electronic check,69.95,330.15
2886-KEFUM,1,Yes,Fiber optic,No,Yes,Yes,No,Yes,Yes,One year,1,Electronic check,107.5,6873.75
4237-RLAQD,1,No,DSL,No,No,No,No,No,No,Month-to-month,1,Mailed check,45.85,45.85
9651-GTSAQ,1,No,Fiber optic,Yes,Yes,Yes,No,Yes,Yes,One year,1,Bank transfer (automatic),106.1,5769.75
3186-BAXNB,1,No,Fiber optic,No,Yes,No,Yes,Yes,No,Month-to-month,0,Electronic check,91.7,91.7
0637-YLETY,1,Yes,Fiber optic,No,Yes,Yes,No,No,Yes,Month-to-month,1,Credit card (automatic),95.6,1555.65
1157-BQCUW,1,Yes,Fiber optic,No,No,No,No,No,No,Month-to-month,1,Electronic check,74.95,74.95
2660-EMUBI,1,Yes,Fiber optic,No,No,No,No,Yes,Yes,Month-to-month,1,Electronic check,95.35,898.35
7675-OZCZG,1,No,DSL,No,No,No,No,No,No,Month-to-month,0,Electronic check,45.0,127.1
2003-CKLOR,1,No,Fiber optic,No,Yes,Yes,No,Yes,Yes,Month-to-month,0,Electronic check,99.5,6710.5
9254-RBFON,1,No,Fiber optic,No,No,Yes,Yes,Yes,Yes,One year,0,Bank transfer (automatic),98.6,1704.95
1205-WNWPJ,1,No,DSL,No,No,No,Yes,Yes,No,Month-to-month,1,Mailed check,59.5,415.95
9391-EOYLI,1,No,Fiber optic,No,No,No,No,No,Yes,Month-to-month,1,Electronic check,80.45,950.2
8387-MOJJT,1,No,Fiber optic,No,No,No,No,Yes,No,Month-to-month,1,Credit card (automatic),77.95,3384.0
2761-OCIAX,1,No,Fiber optic,No,Yes,No,No,No,No,Month-to-month,1,Electronic check,74.7,165.4
3068-OMWZA,1,Yes,Fiber optic,No,No,Yes,No,Yes,No,Month-to-month,1,Electronic check,88.8,88.8
6032-KRXXO,1,No,Fiber optic,No,No,No,No,Yes,Yes,Month-to-month,1,Electronic check,90.25,2755.35
7459-RRWQZ,1,Yes,DSL,Yes,No,No,No,No,Yes,Month-to-month,1,Bank transfer (automatic),64.65,994.55
4154-AQUGT,1,No,Fiber optic,No,Yes,No,Yes,No,Yes,Month-to-month,1,Bank transfer (automatic),89.05,1169.35
3092-IGHWF,1,Yes,Fiber optic,No,Yes,Yes,No,No,No,One year,0,Electronic check,87.4,5918.8
8017-LXHFA,1,No,Fiber optic,No,Yes,No,No,Yes,Yes,Month-to-month,1,Electronic check,94.75,2293.6
6352-TWCAU,1,Yes,Fiber optic,No,No,No,No,Yes,No,Month-to-month,1,Electronic check,86.45,3029.1
2929-QNSRW,1,Yes,Fiber optic,No,Yes,No,No,Yes,Yes,One year,1,Electronic check,98.25,5508.35
1262-OPMFY,1,No,Fiber optic,No,No,Yes,No,No,No,Month-to-month,1,Bank transfer (automatic),75.75,655.9
4248-QPAVC,1,Yes,Fiber optic,Yes,No,Yes,No,No,No,Month-to-month,1,Bank transfer (automatic),85.35,1463.45
1899-VXWXM,1,Yes,Fiber optic,No,Yes,Yes,No,Yes,Yes,One year,1,Credit card (automatic),106.1,5082.8
4690-LLKUA,1,No,DSL,No,No,No,No,No,No,Month-to-month,1,Electronic check,45.05,770.6
3331-HQDTW,1,Yes,Fiber optic,Yes,Yes,Yes,No,Yes,Yes,Month-to-month,1,Mailed check,109.8,3587.25
9490-DFPMD,1,Yes,Fiber optic,No,No,No,No,Yes,No,Month-to-month,1,Electronic check,84.65,3541.35
5442-XSDCW,1,No,Fiber optic,No,No,No,No,Yes,No,Month-to-month,1,Bank transfer (automatic),79.5,868.5
3049-NDXFL,1,Yes,Fiber optic,No,No,No,No,No,Yes,Month-to-month,0,Mailed check,85.8,85.8
8580-AECUZ,1,No,Fiber optic,No,No,No,No,Yes,No,Month-to-month,1,Electronic check,79.1,79.1
7963-GQRMY,1,No,DSL,No,No,No,No,No,No,Month-to-month,0,Mailed check,44.3,134.5
1228-FZFRV,1,Yes,Fiber optic,Yes,No,Yes,No,Yes,Yes,Month-to-month,0,Credit card (automatic),105.95,5341.8
2058-DCJBE,1,No,Fiber optic,No,No,No,No,No,No,Month-to-month,1,Electronic check,69.75,324.6
5364-XYIRR,1,Yes,Fiber optic,No,No,No,No,Yes,Yes,Month-to-month,1,Electronic check,94.65,4812.75
4829-AUOAX,1,Yes,Fiber optic,No,No,No,No,Yes,Yes,Month-to-month,0,Bank transfer (automatic),96.05,4399.5
5047-LHVLY,1,No,DSL,No,No,Yes,No,No,No,Month-to-month,1,Mailed check,50.15,50.15
9158-VCTQB,1,Yes,Fiber optic,Yes,Yes,Yes,Yes,Yes,Yes,Month-to-month,1,Bank transfer (automatic),113.6,4594.95
6311-UEUME,1,No,Fiber optic,No,No,No,No,Yes,No,Month-to-month,1,Electronic check,78.9,2384.15
6839-ITVZJ,1,Yes,DSL,No,Yes,No,Yes,No,No,Month-to-month,1,Electronic check,60.05,1616.15
0375-HVGXO,0,No phone service,DSL,No,No,No,No,Yes,No,Month-to-month,1,Electronic check,34.7,34.7
8593-WHYHV,1,Yes,Fiber optic,No,No,No,No,No,Yes,Month-to-month,1,Electronic check,85.3,264.8
6097-EQISJ,1,Yes,Fiber optic,No,Yes,Yes,No,Yes,Yes,One year,1,Credit card (automatic),102.45,6615.15
4423-YLHDV,1,Yes,Fiber optic,Yes,No,Yes,No,Yes,Yes,Month-to-month,1,Bank transfer (automatic),104.4,2200.25
0107-YHINA,1,Yes,Fiber optic,No,No,Yes,No,Yes,Yes,Month-to-month,1,Electronic check,99.75,99.75
8640-SDGKB,1,No,DSL,No,No,Yes,Yes,Yes,Yes,Month-to-month,1,Electronic check,74.4,299.7
4116-TZAQJ,1,No,Fiber optic,Yes,No,No,No,No,No,Month-to-month,1,Credit card (automatic),74.25,639.65
3877-JRJIP,1,Yes,DSL,No,No,No,No,Yes,No,Month-to-month,1,Electronic check,59.85,59.85
8375-DKEBR,1,No,Fiber optic,No,No,No,No,No,No,Month-to-month,1,Electronic check,69.6,69.6
7511-YMXVQ,0,No phone service,DSL,No,No,No,No,Yes,Yes,Month-to-month,1,Electronic check,45.4,418.8
7551-JOHTI,1,No,No,No internet service,No internet service,No internet service,No internet service,No internet service,No internet service,Month-to-month,0,Mailed check,19.5,19.5
9804-ICWBG,1,No,Fiber optic,No,No,No,No,No,No,Month-to-month,1,Electronic check,69.9,69.9
5318-IXUZF,1,No,Fiber optic,No,Yes,No,No,Yes,No,Month-to-month,1,Bank transfer (automatic),87.15,183.75
3198-VELRD,1,Yes,Fiber optic,No,No,No,No,No,Yes,Month-to-month,1,Bank transfer (automatic),84.75,264.85
9436-ZBZCT,1,Yes,Fiber optic,No,No,No,Yes,Yes,No,Month-to-month,1,Electronic check,89.95,1178.4
7279-BUYWN,1,Yes,Fiber optic,Yes,Yes,Yes,No,Yes,Yes,Month-to-month,1,Electronic check,113.2,4689.5
7156-MHUGY,1,No,Fiber optic,No,No,No,No,Yes,Yes,Month-to-month,1,Electronic check,90.5,1201.15
7198-GLXTC,1,No,Fiber optic,No,No,No,No,Yes,No,Month-to-month,0,Electronic check,79.0,143.65
0516-VRYBW,1,No,No,No internet service,No internet service,No internet service,No internet service,No internet service,No internet service,One year,0,Bank transfer (automatic),20.15,390.85
8380-PEFPE,1,No,Fiber optic,No,No,No,No,No,No,Month-to-month,1,Electronic check,71.65,71.65
5687-DKDTV,1,No,No,No internet service,No internet service,No internet service,No internet service,No internet service,No internet service,Month-to-month,0,Mailed check,20.35,77.5
7530-HDYDS,1,No,Fiber optic,No,Yes,Yes,Yes,No,No,Month-to-month,1,Credit card (automatic),84.25,3264.5
3096-IZETN,1,No,Fiber optic,No,No,No,No,No,Yes,Month-to-month,0,Bank transfer (automatic),78.1,947.3
5922-ABDVO,1,Yes,Fiber optic,No,No,Yes,No,No,Yes,Month-to-month,0,Mailed check,89.65,1761.05
9172-ANCRX,1,Yes,Fiber optic,Yes,No,No,No,Yes,Yes,Month-to-month,1,Electronic check,98.7,973.25
6910-HADCM,1,No,Fiber optic,No,No,Yes,No,No,No,Month-to-month,0,Electronic check,76.35,76.35
4816-LXZYW,1,Yes,Fiber optic,No,Yes,No,No,No,No,Month-to-month,1,Electronic check,79.15,1676.95
9606-PBKBQ,1,Yes,Fiber optic,No,No,No,No,No,Yes,Month-to-month,1,Electronic check,85.0,2642.05
3536-IQCTX,1,Yes,Fiber optic,No,No,No,No,No,Yes,Month-to-month,0,Electronic check,85.3,2661.1
4911-BANWH,1,Yes,Fiber optic,No,No,No,No,Yes,No,Month-to-month,1,Credit card (automatic),86.55,2697.4
8496-EJAUI,1,No,Fiber optic,No,Yes,No,No,No,No,Month-to-month,1,Credit card (automatic),73.85,1424.5
3132-TVFDZ,0,No phone service,DSL,No,No,No,No,Yes,Yes,Month-to-month,1,Electronic check,44.85,2572.95
8080-DDEMJ,1,No,DSL,No,No,No,No,No,No,Month-to-month,0,Electronic check,45.1,45.1
6365-MTGZX,1,No,Fiber optic,No,No,No,Yes,Yes,Yes,Month-to-month,1,Electronic check,96.0,2122.45
1349-WXNGG,1,No,No,No internet service,No internet service,No internet service,No internet service,No internet service,No internet service,Month-to-month,0,Bank transfer (automatic),20.05,20.05
6990-YNRIO,1,Yes,Fiber optic,Yes,No,Yes,Yes,Yes,Yes,Two year,0,Bank transfer (automatic),108.65,6937.95
0621-TWIEM,1,No,DSL,No,No,No,No,No,No,Month-to-month,1,Electronic check,45.55,402.6
2485-ITVKB,0,No phone service,DSL,No,No,No,No,No,Yes,Month-to-month,1,Electronic check,35.1,68.75
3669-OYSJI,1,No,DSL,No,No,No,No,No,No,Month-to-month,0,Credit card (automatic),46.2,46.2
1612-EOHDH,1,No,DSL,No,No,No,No,No,No,Month-to-month,0,Electronic check,45.15,45.15
6702-OHFWR,0,No phone service,DSL,No,Yes,Yes,No,No,Yes,Month-to-month,1,Electronic check,43.3,43.3
4510-PYUSH,1,No,DSL,Yes,Yes,No,No,No,No,Month-to-month,1,Credit card (automatic),57.15,2250.65
7517-SAWMO,1,No,Fiber optic,Yes,No,No,No,No,No,Month-to-month,1,Electronic check,73.2,1441.1
4143-HHPMK,1,No,Fiber optic,No,Yes,No,No,No,Yes,Month-to-month,1,Electronic check,85.35,4338.6
7054-LGEQW,1,No,DSL,No,No,No,No,No,No,Month-to-month,0,Mailed check,45.95,45.95
0923-PNFUB,1,No,Fiber optic,No,Yes,No,No,Yes,No,Month-to-month,0,Electronic check,83.75,247.25
3494-JCHRQ,1,No,Fiber optic,No,No,No,No,No,No,Month-to-month,1,Electronic check,70.05,70.05
6474-FVJLC,1,Yes,Fiber optic,No,No,No,No,No,Yes,Month-to-month,1,Electronic check,86.0,165.45
8840-DQLGN,1,Yes,Fiber optic,Yes,Yes,No,Yes,Yes,No,Month-to-month,1,Bank transfer (automatic),100.5,3653.35
4547-LYTDD,1,Yes,Fiber optic,No,No,No,No,No,No,Month-to-month,0,Electronic check,72.65,1194.3
6770-XUAGN,1,No,No,No internet service,No internet service,No internet service,No internet service,No internet service,No internet service,Month-to-month,1,Electronic check,21.0,21.0
4193-ORFCL,1,No,DSL,No,No,No,No,No,No,Month-to-month,0,Mailed check,45.1,45.1
7776-QWNFX,1,No,DSL,No,Yes,No,No,No,No,Month-to-month,1,Bank transfer (automatic),50.4,1527.5
6689-TCZHQ,1,No,Fiber optic,No,No,No,No,No,Yes,Month-to-month,0,Electronic check,78.95,378.4
3143-ILDAL,1,Yes,Fiber optic,No,Yes,No,Yes,No,Yes,Month-to-month,1,Electronic check,94.45,5124.6
4720-VSTSI,1,Yes,Fiber optic,No,Yes,Yes,No,No,No,Month-to-month,1,Bank transfer (automatic),84.8,3862.55
3946-MHCZW,1,No,DSL,No,No,Yes,No,No,No,Month-to-month,0,Mailed check,50.9,50.9
6651-AZVTJ,1,Yes,Fiber optic,No,No,Yes,No,Yes,Yes,Month-to-month,1,Electronic check,99.8,4872.45
4566-GOLUK,1,Yes,Fiber optic,No,No,Yes,Yes,Yes,Yes,Month-to-month,1,Bank transfer (automatic),107.35,5118.95
2484-DGXPZ,1,No,No,No internet service,No internet service,No internet service,No internet service,No internet service,No internet service,Month-to-month,1,Mailed check,19.55,658.95
4587-NUKOX,1,No,Fiber optic,Yes,Yes,No,No,No,No,Month-to-month,1,Electronic check,79.1,246.5
0420-BWTPW,0,No phone service,DSL,No,No,No,No,No,No,Month-to-month,0,Mailed check,25.5,215.2
8183-ONMXC,1,No,Fiber optic,No,No,No,No,No,Yes,Month-to-month,0,Electronic check,80.75,159.45
9614-RMGHA,1,Yes,Fiber optic,No,Yes,No,No,Yes,No,Month-to-month,1,Bank transfer (automatic),91.85,5940.85
5054-IEXZT,1,No,Fiber optic,No,Yes,No,No,No,No,Month-to-month,1,Electronic check,75.35,75.35
5834-ASPWA,1,Yes,Fiber optic,No,No,No,No,No,No,Month-to-month,1,Electronic check,75.45,75.45
3948-XHGNA,1,No,DSL,Yes,No,No,No,No,No,Month-to-month,1,Bank transfer (automatic),49.55,1210.4
0565-IYCGT,1,Yes,DSL,Yes,Yes,Yes,Yes,No,Yes,One year,1,Credit card (automatic),78.6,5356.45
5445-UTODQ,1,No,Fiber optic,No,No,No,No,Yes,No,Month-to-month,1,Electronic check,81.1,576.65
1024-VRZHF,1,Yes,Fiber optic,No,No,No,No,No,No,Month-to-month,1,Electronic check,74.95,825.7
9497-QCMMS,1,Yes,Fiber optic,No,No,No,No,Yes,Yes,Month-to-month,1,Electronic check,93.55,93.55
0348-SDKOL,1,Yes,Fiber optic,No,No,Yes,Yes,Yes,Yes,Month-to-month,1,Credit card (automatic),102.1,5885.4
4373-MAVJG,1,Yes,Fiber optic,No,Yes,No,No,No,Yes,Month-to-month,1,Bank transfer (automatic),90.9,1259.0
8901-HJXTF,0,No phone service,DSL,No,Yes,No,No,No,No,Month-to-month,0,Mailed check,29.2,309.1
5419-KLXBN,1,No,Fiber optic,No,Yes,Yes,No,Yes,No,Month-to-month,1,Bank transfer (automatic),89.15,2257.75
3424-NMNBO,1,Yes,Fiber optic,Yes,Yes,Yes,No,Yes,Yes,One year,1,Electronic check,108.85,6287.25
4514-GFCFI,1,Yes,Fiber optic,No,No,No,No,Yes,No,Month-to-month,1,Electronic check,84.75,1350.15
9828-AOQLM,1,No,DSL,No,No,No,No,No,No,Month-to-month,1,Electronic check,45.7,45.7
8000-REIQB,1,No,Fiber optic,No,No,No,No,No,No,Month-to-month,1,Electronic check,69.95,69.95
7615-ESMYF,0,No phone service,DSL,No,No,No,No,Yes,Yes,Month-to-month,0,Electronic check,44.6,97.1
3858-VOBET,1,Yes,Fiber optic,No,No,No,No,No,No,Month-to-month,1,Electronic check,74.95,1710.45
1447-PJGGA,1,No,Fiber optic,No,No,Yes,No,Yes,Yes,Two year,1,Electronic check,95.25,5464.65
8565-CLBZW,1,Yes,Fiber optic,No,No,Yes,No,Yes,No,Month-to-month,1,Mailed check,89.85,2165.05
9139-WQQDY,1,Yes,Fiber optic,No,Yes,No,No,Yes,Yes,One year,0,Mailed check,100.45,4941.8
0224-HJAPT,1,Yes,DSL,No,No,No,No,No,No,Month-to-month,0,Electronic check,47.15,223.15
8086-OVPWV,1,No,Fiber optic,No,No,No,No,No,Yes,Month-to-month,1,Electronic check,80.2,181.1
9430-FRQOC,1,Yes,Fiber optic,No,No,Yes,Yes,No,No,Month-to-month,1,Mailed check,87.1,341.45
3074-GQWYX,1,Yes,Fiber optic,No,No,No,No,No,No,Month-to-month,1,Bank transfer (automatic),75.9,357.75
6845-RGTYS,1,Yes,Fiber optic,Yes,Yes,Yes,No,Yes,No,Month-to-month,1,Electronic check,98.75,4533.7
8861-HGGKB,1,Yes,Fiber optic,No,No,No,No,No,Yes,Month-to-month,0,Electronic check,86.45,830.85
7065-YUNRY,1,No,DSL,No,No,No,No,No,No,Month-to-month,1,Mailed check,45.3,45.3
7694-VLBWQ,1,Yes,Fiber optic,No,Yes,Yes,No,Yes,Yes,One year,0,Electronic check,104.1,7040.85
4795-KTRTH,1,Yes,Fiber optic,No,Yes,No,No,No,No,Month-to-month,1,Electronic check,81.0,371.65
6481-OGDOO,1,No,Fiber optic,Yes,Yes,No,No,No,Yes,One year,1,Credit card (automatic),90.6,6056.15
3753-TSEMP,1,No,Fiber optic,No,No,No,No,Yes,Yes,Month-to-month,0,Electronic check,88.15,1390.6
8305-VHZBZ,1,No,No,No internet service,No internet service,No internet service,No internet service,No internet service,No internet service,Month-to-month,1,Mailed check,20.2,20.2
9172-JITSM,1,No,Fiber optic,No,No,No,No,Yes,Yes,Month-to-month,1,Electronic check,90.8,2361.8
6298-QDFNH,1,Yes,Fiber optic,No,Yes,No,No,No,No,Month-to-month,1,Electronic check,79.35,1730.35
9961-JBNMK,1,No,Fiber optic,No,No,Yes,No,Yes,Yes,Month-to-month,1,Bank transfer (automatic),96.8,2030.3
6173-ITPWD,1,Yes,Fiber optic,No,Yes,Yes,No,No,No,Month-to-month,1,Bank transfer (automatic),83.35,4065.0
9734-UYXQI,1,Yes,DSL,No,No,No,No,No,No,Month-to-month,1,Electronic check,49.4,106.55
2189-UXTKY,1,Yes,DSL,Yes,No,No,Yes,Yes,Yes,Month-to-month,1,Electronic check,79.2,1742.75
4958-GZWIY,1,No,DSL,No,No,Yes,No,No,No,Month-to-month,0,Electronic check,48.7,340.25
6356-ELRKD,1,No,Fiber optic,Yes,No,No,No,Yes,Yes,Month-to-month,1,Electronic check,95.6,95.6
8624-GIOUT,1,Yes,DSL,Yes,Yes,No,No,No,No,Month-to-month,1,Credit card (automatic),59.75,2934.3
6179-GJPSO,1,No,Fiber optic,Yes,Yes,No,Yes,Yes,Yes,Month-to-month,1,Credit card (automatic),108.15,4600.7
3177-LASXD,1,No,Fiber optic,No,No,No,No,No,No,Month-to-month,0,Electronic check,71.35,71.35
4897-QSUYC,1,No,No,No internet service,No internet service,No internet service,No internet service,No internet service,No internet service,Month-to-month,1,Mailed check,20.15,20.15
1084-UQCHV,1,No,Fiber optic,No,No,No,No,No,No,Month-to-month,0,Bank transfer (automatic),69.75,69.75
8290-YWKHZ,1,Yes,Fiber optic,No,No,No,No,Yes,Yes,Month-to-month,1,Electronic check,93.2,2931.0
2955-BJZHG,1,No,Fiber optic,No,No,No,No,Yes,No,Month-to-month,0,Electronic check,80.85,1400.85
3806-DXQOM,0,No phone service,DSL,Yes,Yes,No,No,No,No,Month-to-month,1,Electronic check,33.65,137.85
9300-RENDD,1,No,Fiber optic,No,No,No,No,Yes,No,Month-to-month,1,Electronic check,79.95,79.95
0761-AETCS,1,No,No,No internet service,No internet service,No internet service,No internet service,No internet service,No internet service,Month-to-month,0,Electronic check,19.3,19.3
2153-MREFK,1,Yes,Fiber optic,Yes,No,Yes,Yes,No,Yes,One year,1,Electronic check,99.2,3754.6
3106-ULWFW,1,Yes,Fiber optic,No,No,No,No,No,Yes,Month-to-month,1,Credit card (automatic),85.2,627.4
0925-VYDLG,1,Yes,Fiber optic,No,No,No,No,No,No,Month-to-month,0,Electronic check,75.25,242.0
4349-GFQHK,1,Yes,DSL,No,No,Yes,No,No,No,Month-to-month,0,Electronic check,54.35,54.35
7802-EFKNY,0,No phone service,DSL,No,No,No,No,No,No,Month-to-month,1,Electronic check,24.95,100.4
8035-BUYVG,0,No phone service,DSL,Yes,Yes,Yes,No,No,No,One year,1,Electronic check,42.35,1716.45
9787-XVQIU,1,Yes,Fiber optic,No,No,No,No,No,No,Month-to-month,1,Electronic check,75.3,75.3
8945-MUQUF,1,Yes,Fiber optic,Yes,Yes,No,No,Yes,No,One year,1,Electronic check,94.8,4837.6
8051-HJRLT,1,No,Fiber optic,No,No,No,No,No,No,Month-to-month,1,Electronic check,70.55,70.55
3023-GFLBR,1,Yes,Fiber optic,No,No,No,No,No,Yes,Month-to-month,0,Credit card (automatic),86.15,2745.7
0524-IAVZO,1,Yes,Fiber optic,No,No,No,No,No,Yes,Month-to-month,1,Electronic check,85.0,2624.25
2737-YNGYW,1,No,Fiber optic,No,No,No,No,No,Yes,Month-to-month,0,Electronic check,80.55,184.1
5159-YFPKQ,1,No,Fiber optic,No,No,Yes,No,No,No,Month-to-month,1,Electronic check,75.8,160.75
4021-RQSNY,1,Yes,Fiber optic,No,No,Yes,No,Yes,Yes,Month-to-month,1,Electronic check,98.5,3004.15
9061-TIHDA,1,Yes,Fiber optic,No,No,No,No,Yes,Yes,Month-to-month,1,Electronic check,95.25,1233.65
8699-ASUFO,1,Yes,Fiber optic,No,No,No,No,No,No,Month-to-month,1,Mailed check,74.4,527.9
7927-AUXBZ,1,No,Fiber optic,No,No,No,Yes,Yes,No,Month-to-month,0,Electronic check,85.15,2555.9
4695-WJZUE,1,Yes,Fiber optic,No,No,Yes,No,No,Yes,Month-to-month,1,Electronic check,88.55,179.25
7619-ODSGN,1,Yes,DSL,Yes,No,No,No,No,No,Month-to-month,0,Electronic check,54.75,1338.15
3988-RQIXO,1,No,Fiber optic,No,No,No,No,Yes,Yes,Month-to-month,1,Electronic check,91.3,91.3
2514-GINMM,1,No,Fiber optic,No,No,No,No,Yes,No,Month-to-month,1,Electronic check,79.5,79.5
5931-FLJJF,1,No,Fiber optic,No,No,No,No,No,No,Month-to-month,1,Mailed check,70.1,467.55
2659-VXMWZ,1,Yes,Fiber optic,Yes,Yes,Yes,No,Yes,Yes,One year,1,Electronic check,111.3,7482.1
3207-OYBWH,1,Yes,Fiber optic,No,Yes,Yes,No,No,Yes,Month-to-month,1,Bank transfer (automatic),95.25,5427.05
4285-GYRQC,1,No,Fiber optic,No,No,Yes,No,Yes,No,Month-to-month,1,Electronic check,86.25,587.1
7216-EWTRS,1,Yes,Fiber optic,No,No,Yes,No,Yes,Yes,Month-to-month,1,Electronic check,100.8,100.8
8337-MSSXB,1,No,Fiber optic,No,Yes,No,No,No,Yes,Month-to-month,1,Electronic check,86.3,1180.95
8182-BJDSI,1,Yes,Fiber optic,No,Yes,No,No,No,Yes,Month-to-month,1,Electronic check,89.95,2625.55
2528-HFYZX,1,No,Fiber optic,No,Yes,No,No,No,No,Month-to-month,1,Electronic check,76.45,1233.4
2482-CZGBB,1,No,Fiber optic,No,No,No,No,No,No,Month-to-month,1,Electronic check,70.0,740.0
0866-QLSIR,1,Yes,DSL,Yes,Yes,No,Yes,No,No,One year,1,Mailed check,64.4,2088.75
7181-BQYBV,1,Yes,Fiber optic,Yes,No,Yes,No,Yes,Yes,Month-to-month,1,Electronic check,102.45,102.45
6204-IEUXJ,1,No,Fiber optic,No,No,Yes,Yes,No,No,Month-to-month,0,Credit card (automatic),80.1,217.55
4529-CKBCL,1,No,Fiber optic,No,No,No,No,Yes,No,Month-to-month,1,Electronic check,80.2,146.05
2506-CLAKW,1,No,Fiber optic,Yes,Yes,Yes,Yes,No,Yes,Month-to-month,1,Bank transfer (automatic),98.15,567.45
1583-IHQZE,1,Yes,Fiber optic,No,Yes,Yes,Yes,Yes,Yes,Month-to-month,1,Mailed check,112.95,1384.75
0151-ONTOV,1,No,Fiber optic,No,No,No,No,No,No,Month-to-month,0,Mailed check,70.9,70.9
4140-MUHUG,1,No,Fiber optic,No,No,Yes,No,Yes,No,Month-to-month,1,Electronic check,86.85,220.95
0320-JDNQG,1,No,Fiber optic,Yes,No,No,Yes,Yes,Yes,Month-to-month,1,Electronic check,99.85,2331.3
7180-PISOG,1,Yes,Fiber optic,No,No,No,No,No,No,Month-to-month,1,Electronic check,74.5,74.5
3571-RFHAR,1,Yes,Fiber optic,No,Yes,Yes,Yes,Yes,Yes,Month-to-month,1,Electronic check,109.15,6941.2
9578-VRMNM,1,Yes,DSL,No,No,Yes,No,No,Yes,Month-to-month,1,Credit card (automatic),65.2,1043.35
1587-FKLZB,1,Yes,Fiber optic,No,No,Yes,No,Yes,Yes,Month-to-month,1,Credit card (automatic),99.5,6822.15
6140-QNRQQ,1,No,Fiber optic,No,No,No,No,No,No,Month-to-month,1,Mailed check,71.55,71.55
4307-KTUMW,1,Yes,Fiber optic,Yes,No,Yes,No,No,Yes,Month-to-month,0,Electronic check,93.9,5029.2
5440-FLBQG,1,Yes,Fiber optic,No,Yes,Yes,Yes,Yes,Yes,Two year,1,Bank transfer (automatic),108.4,7318.2
7470-MCQTK,0,No phone service,DSL,No,No,Yes,No,Yes,Yes,Month-to-month,1,Bank transfer (automatic),48.75,633.4
7488-MXJIV,1,Yes,Fiber optic,No,No,No,No,Yes,No,Month-to-month,1,Electronic check,85.65,321.65
2027-FECZV,1,Yes,Fiber optic,No,Yes,Yes,No,Yes,Yes,Month-to-month,1,Electronic check,106.7,1253.9
2672-DZUOY,0,No phone service,DSL,No,No,No,No,No,No,Month-to-month,1,Electronic check,25.15,25.15
3870-MQAMG,1,Yes,Fiber optic,No,Yes,Yes,Yes,Yes,Yes,One year,0,Electronic check,110.35,5893.15
4800-CZMPC,1,Yes,Fiber optic,Yes,Yes,No,No,Yes,Yes,One year,1,Credit card (automatic),103.25,5037.55
7377-DMMRI,1,No,DSL,Yes,No,No,No,No,No,Month-to-month,1,Electronic check,47.8,92.45
8949-JTMAY,1,Yes,Fiber optic,No,No,Yes,No,Yes,Yes,Month-to-month,1,Credit card (automatic),98.6,2933.2
2774-LVQUS,1,Yes,Fiber optic,No,No,Yes,Yes,No,No,Month-to-month,1,Electronic check,83.05,1258.3
3211-ILJTT,1,No,Fiber optic,No,No,No,No,No,No,Month-to-month,1,Bank transfer (automatic),70.4,1214.05
4612-THJBS,1,Yes,Fiber optic,No,Yes,Yes,No,Yes,Yes,One year,1,Bank transfer (automatic),104.75,5510.65
4094-NSEDU,1,Yes,Fiber optic,No,No,No,No,Yes,Yes,Month-to-month,1,Electronic check,94.25,1973.75
5103-MHMHY,1,No,DSL,No,No,No,No,No,No,Month-to-month,0,Mailed check,45.95,45.95
1846-XWOQN,1,No,Fiber optic,No,No,No,No,No,No,Month-to-month,1,Electronic check,70.15,70.15
0235-KGSLC,1,No,Fiber optic,No,No,Yes,No,Yes,No,Month-to-month,1,Credit card (automatic),85.55,85.55
2884-GBPFB,1,No,Fiber optic,No,No,No,No,No,No,Month-to-month,1,Electronic check,70.3,2416.55
3757-NJYBX,1,Yes,Fiber optic,No,Yes,Yes,No,Yes,Yes,Month-to-month,0,Bank transfer (automatic),106.35,3520.75
5136-KCKGI,1,Yes,Fiber optic,Yes,No,Yes,No,Yes,Yes,One year,1,Mailed check,103.7,3467.0
3722-WPXTK,1,No,Fiber optic,No,No,No,No,Yes,Yes,Month-to-month,1,Electronic check,88.35,88.35
2929-ERCFZ,1,No,Fiber optic,No,No,Yes,No,Yes,Yes,Month-to-month,1,Electronic check,94.2,777.3
7548-SEPYI,1,No,Fiber optic,No,Yes,No,No,Yes,Yes,Month-to-month,1,Electronic check,96.25,512.45
8835-VSDSE,1,No,Fiber optic,No,No,No,No,No,No,Month-to-month,1,Electronic check,70.7,141.45
1623-NLDOT,0,No phone service,DSL,No,Yes,No,Yes,No,No,One year,0,Mailed check,33.55,1445.3
9898-KZQDZ,1,Yes,Fiber optic,No,No,No,No,Yes,Yes,Month-to-month,1,Credit card (automatic),94.55,3640.45
5236-PERKL,1,Yes,Fiber optic,Yes,Yes,Yes,No,Yes,Yes,Two year,1,Bank transfer (automatic),112.95,6465.0
7854-FOKSF,0,No phone service,DSL,No,No,No,No,No,Yes,Month-to-month,0,Electronic check,35.9,35.9
2519-FAKOD,1,Yes,Fiber optic,No,No,Yes,No,Yes,Yes,Month-to-month,1,Bank transfer (automatic),99.25,3777.15
8263-JQAIK,0,No phone service,DSL,No,No,No,No,No,No,Month-to-month,1,Mailed check,24.45,47.5
7089-IVVAZ,1,Yes,Fiber optic,Yes,No,No,Yes,Yes,Yes,Month-to-month,1,Bank transfer (automatic),103.35,847.3
2205-YMZZJ,1,Yes,Fiber optic,No,No,No,No,Yes,No,Month-to-month,1,Electronic check,84.8,546.95
1254-IZEYF,1,Yes,Fiber optic,No,Yes,No,No,Yes,Yes,Month-to-month,1,Electronic check,99.95,3186.65
9492-TOKRI,1,Yes,Fiber optic,No,Yes,No,No,Yes,No,Month-to-month,1,Credit card (automatic),90.0,1527.35
9221-OTIVJ,1,Yes,Fiber optic,No,Yes,Yes,No,Yes,Yes,Month-to-month,1,Electronic check,104.85,1531.4
3325-FUYCG,1,Yes,Fiber optic,Yes,Yes,No,No,Yes,Yes,One year,0,Electronic check,106.1,2847.4
5908-QMGOE,1,Yes,Fiber optic,No,No,No,No,No,No,Month-to-month,1,Credit card (automatic),74.2,1133.9
8481-YYXWG,1,No,Fiber optic,No,Yes,No,Yes,No,Yes,Month-to-month,1,Electronic check,89.35,461.7
2609-IAICY,1,Yes,Fiber optic,No,No,No,No,No,No,Month-to-month,1,Electronic check,77.15,77.15
1740-CSDJP,0,No phone service,DSL,No,No,No,No,No,Yes,Month-to-month,1,Bank transfer (automatic),35.25,35.25
2636-OHFMN,0,No phone service,DSL,No,Yes,No,No,Yes,Yes,Month-to-month,1,Electronic check,48.55,201.0
1323-OOEPC,1,Yes,Fiber optic,No,Yes,No,No,Yes,Yes,Month-to-month,1,Credit card (automatic),98.4,5149.5
0397-GZBBC,1,Yes,Fiber optic,No,No,No,No,Yes,Yes,Month-to-month,1,Bank transfer (automatic),93.85,5574.75
7641-EUYET,1,Yes,Fiber optic,Yes,Yes,Yes,No,Yes,No,Month-to-month,1,Electronic check,100.7,4541.2
9921-ZVRHG,1,Yes,Fiber optic,No,No,Yes,No,No,No,Month-to-month,1,Electronic check,80.45,1072.0
4701-MLJPN,1,No,DSL,No,No,Yes,Yes,No,No,Month-to-month,1,Electronic check,55.25,1715.65
9206-GVPEQ,0,No phone service,DSL,Yes,No,No,Yes,Yes,Yes,Month-to-month,1,Electronic check,54.45,706.85
1596-BBVTG,1,Yes,Fiber optic,No,No,No,No,No,No,Month-to-month,0,Credit card (automatic),75.35,2636.05
8433-WXGNA,1,No,Fiber optic,Yes,No,No,No,No,No,Month-to-month,1,Electronic check,75.7,189.2
3707-GNWHM,1,Yes,Fiber optic,No,No,No,No,No,No,Month-to-month,1,Mailed check,74.25,74.25
8922-LIEGH,1,Yes,Fiber optic,No,Yes,No,No,No,Yes,Month-to-month,1,Electronic check,89.7,2187.55
8245-UMPYT,1,Yes,Fiber optic,No,No,No,No,Yes,Yes,Month-to-month,1,Electronic check,96.4,1581.2
5186-SAMNZ,1,No,Fiber optic,No,No,No,No,No,No,Month-to-month,1,Bank transfer (automatic),69.5,69.5
5373-SFODM,1,Yes,Fiber optic,No,No,No,No,No,Yes,Month-to-month,1,Credit card (automatic),85.25,3132.75
5766-ZJYBB,1,No,No,No internet service,No internet service,No internet service,No internet service,No internet service,No internet service,Month-to-month,0,Mailed check,19.4,19.4
8931-GJJIQ,1,Yes,Fiber optic,No,No,No,No,No,Yes,Month-to-month,1,Electronic check,83.3,803.3
4277-PVRAN,1,No,Fiber optic,No,No,No,No,Yes,No,Month-to-month,1,Bank transfer (automatic),80.1,679.3
0022-TCJCI,1,No,DSL,Yes,No,Yes,No,No,Yes,One year,0,Credit card (automatic),62.7,2791.5
0203-HHYIJ,1,Yes,No,No internet service,No internet service,No internet service,No internet service,No internet service,No internet service,One year,0,Bank transfer (automatic),25.3,676.35
0952-KMEEH,1,Yes,Fiber optic,Yes,No,No,No,Yes,Yes,Month-to-month,0,Mailed check,98.15,1230.25
8178-EYZUO,1,Yes,Fiber optic,Yes,Yes,No,No,No,Yes,Month-to-month,1,Electronic check,93.7,4154.8
5130-IEKQT,1,Yes,Fiber optic,No,Yes,Yes,No,Yes,Yes,Month-to-month,0,Mailed check,105.95,2655.25
3230-WYKIR,1,Yes,DSL,No,No,Yes,Yes,Yes,Yes,One year,1,Credit card (automatic),82.0,1425.45
0407-BDJKB,1,Yes,Fiber optic,No,Yes,Yes,No,Yes,No,Month-to-month,1,Electronic check,95.75,5742.9
9600-UDOPK,1,Yes,Fiber optic,No,No,No,No,Yes,Yes,Month-to-month,1,Credit card (automatic),94.05,2866.45
4074-SJFFA,1,No,DSL,No,No,No,No,No,Yes,Month-to-month,1,Mailed check,54.75,54.75
3269-ATYWD,1,Yes,Fiber optic,No,No,No,No,Yes,Yes,Month-to-month,1,Bank transfer (automatic),95.65,3759.05
4910-GMJOT,1,Yes,Fiber optic,No,No,No,No,Yes,Yes,Month-to-month,1,Electronic check,94.6,94.6
0354-WYROK,1,No,Fiber optic,No,No,Yes,Yes,Yes,Yes,Month-to-month,1,Electronic check,98.9,2911.3
7576-OYWBN,1,Yes,Fiber optic,No,No,No,No,No,No,Month-to-month,1,Electronic check,76.05,231.8
5539-TMZLF,1,No,Fiber optic,No,No,No,No,No,No,Month-to-month,1,Electronic check,69.75,69.75
4323-SADQS,0,No phone service,DSL,Yes,No,No,Yes,No,No,Month-to-month,1,Electronic check,34.5,279.25
4446-BZKHU,1,Yes,Fiber optic,No,Yes,Yes,No,Yes,Yes,Month-to-month,1,Electronic check,105.55,6281.45
5202-IVJNU,0,No phone service,DSL,No,No,Yes,No,No,No,Month-to-month,0,Credit card (automatic),30.1,1131.3
5976-JCJRH,1,No,Fiber optic,No,No,No,No,No,No,Month-to-month,1,Electronic check,70.3,738.2
0137-OCGAB,1,Yes,Fiber optic,No,Yes,No,No,No,No,Month-to-month,1,Mailed check,80.2,80.2
3351-NQLDI,1,Yes,Fiber optic,Yes,No,No,Yes,No,Yes,One year,1,Credit card (automatic),94.35,6341.45
7593-JNWRU,1,No,DSL,No,No,No,No,No,No,Month-to-month,1,Bank transfer (automatic),44.6,260.8
4588-YBNIB,1,No,No,No internet service,No internet service,No internet service,No internet service,No internet service,No internet service,Month-to-month,1,Mailed check,19.6,19.6
3336-JORSO,1,Yes,Fiber optic,No,Yes,Yes,Yes,Yes,Yes,Month-to-month,1,Electronic check,110.45,3655.45
5028-GZLDO,1,No,Fiber optic,No,No,No,No,No,No,Month-to-month,0,Credit card (automatic),70.7,140.7
6861-XWTWQ,1,Yes,Fiber optic,No,No,Yes,No,Yes,Yes,Month-to-month,1,Electronic check,99.25,665.45
6877-TJMBR,1,No,Fiber optic,No,No,No,Yes,Yes,No,Month-to-month,1,Electronic check,84.8,84.8
6769-DCQLI,1,No,Fiber optic,No,Yes,Yes,Yes,Yes,Yes,One year,1,Bank transfer (automatic),105.0,5426.85
2433-KMEAS,1,Yes,DSL,Yes,No,No,No,No,No,Month-to-month,1,Electronic check,54.45,1127.35
2195-ZRVAX,1,No,Fiber optic,No,No,Yes,No,No,Yes,Month-to-month,1,Electronic check,85.3,4045.65
3550-SAHFP,1,Yes,Fiber optic,No,No,No,No,No,Yes,Month-to-month,1,Electronic check,83.35,2757.85
2011-TRQYE,0,No phone service,DSL,No,Yes,Yes,No,No,No,Month-to-month,1,Credit card (automatic),33.5,600.0
4873-ILOLJ,1,No,Fiber optic,No,No,No,No,Yes,Yes,Month-to-month,1,Electronic check,90.35,2238.5
2725-KXXWT,1,No,Fiber optic,No,No,No,No,Yes,Yes,Month-to-month,1,Electronic check,90.75,90.75
9565-DJPIB,1,Yes,Fiber optic,No,Yes,No,No,Yes,No,Month-to-month,0,Mailed check,89.6,365.65
8348-HFYIV,0,No phone service,DSL,No,No,Yes,No,Yes,Yes,Month-to-month,1,Electronic check,49.25,90.35
6849-WLEYG,1,No,No,No internet service,No internet service,No internet service,No internet service,No internet service,No internet service,Month-to-month,0,Mailed check,19.75,19.75
4659-NZRUF,1,Yes,Fiber optic,Yes,Yes,No,No,No,Yes,Month-to-month,1,Electronic check,95.15,1789.25
8429-XIBUM,1,Yes,Fiber optic,Yes,No,No,No,Yes,Yes,Month-to-month,1,Bank transfer (automatic),101.35,2317.1
2608-BHKFN,1,No,Fiber optic,No,No,No,No,No,No,Month-to-month,1,Credit card (automatic),70.05,266.9
7341-LXCAF,1,Yes,Fiber optic,No,No,No,No,No,No,Month-to-month,1,Electronic check,74.65,301.4
9462-MJUAW,1,Yes,DSL,No,No,No,No,No,No,Month-to-month,0,Mailed check,50.4,206.6
8128-YVJRG,1,Yes,Fiber optic,Yes,No,No,No,No,No,Month-to-month,1,Mailed check,79.65,604.7
4283-FUTGF,1,Yes,Fiber optic,No,No,Yes,No,No,No,Month-to-month,1,Electronic check,79.85,1471.75
1569-TTNYJ,1,Yes,Fiber optic,No,Yes,No,No,No,No,Month-to-month,1,Electronic check,78.75,412.1
2397-BRLOM,1,No,Fiber optic,No,No,No,No,Yes,No,Month-to-month,1,Credit card (automatic),80.45,583.45
4749-VFKVB,1,Yes,DSL,No,No,No,No,No,No,Month-to-month,1,Mailed check,50.1,50.1
7598-UAASY,1,No,Fiber optic,No,No,Yes,No,No,No,Month-to-month,0,Electronic check,76.4,151.8
7938-OUHIO,1,No,Fiber optic,No,No,Yes,Yes,Yes,Yes,Month-to-month,1,Electronic check,98.7,293.65
8510-AWCXC,1,Yes,Fiber optic,Yes,No,No,No,Yes,Yes,Month-to-month,1,Electronic check,100.8,1308.1
0431-APWVY,1,No,Fiber optic,No,No,No,No,Yes,Yes,One year,1,Bank transfer (automatic),90.1,2598.95
3426-NIYYL,1,Yes,DSL,No,No,No,No,No,No,Month-to-month,0,Electronic check,51.55,765.5
8225-BTJAU,1,No,Fiber optic,No,No,No,No,No,Yes,Month-to-month,1,Electronic check,79.25,793.55
3387-VATUS,1,Yes,Fiber optic,No,No,No,No,Yes,Yes,Month-to-month,1,Bank transfer (automatic),94.85,462.8
1143-NMNQJ,1,Yes,Fiber optic,No,No,No,No,No,Yes,Month-to-month,1,Electronic check,85.7,169.8
0415-MOSGF,1,No,DSL,No,No,No,No,No,No,Month-to-month,0,Mailed check,44.4,44.4
1724-BQUHA,1,No,Fiber optic,No,No,No,No,Yes,Yes,Month-to-month,1,Electronic check,89.5,477.7
4826-XTSOH,1,Yes,Fiber optic,No,No,No,No,Yes,No,Month-to-month,1,Electronic check,86.05,86.05
2495-INZWQ,0,No phone service,DSL,No,No,No,No,Yes,Yes,Month-to-month,1,Electronic check,44.55,174.3
4139-SUGLD,0,No phone service,DSL,Yes,No,No,Yes,No,No,Month-to-month,0,Bank transfer (automatic),35.4,1077.5
6857-VWJDT,1,Yes,Fiber optic,No,No,No,No,Yes,Yes,Month-to-month,0,Mailed check,95.65,95.65
5624-BQSSA,1,No,No,No internet service,No internet service,No internet service,No internet service,No internet service,No internet service,Month-to-month,0,Mailed check,20.95,20.95
2408-WITXK,0,No phone service,DSL,No,No,No,No,No,Yes,Month-to-month,1,Electronic check,34.7,329.8
5577-OTWWW,1,No,No,No internet service,No internet service,No internet service,No internet service,No internet service,No internet service,Month-to-month,0,Bank transfer (automatic),19.75,297.3
6100-QQHEB,1,Yes,Fiber optic,No,No,No,No,Yes,Yes,Month-to-month,1,Electronic check,92.55,1515.1
2634-HCZGT,1,Yes,DSL,Yes,No,No,Yes,No,No,One year,1,Electronic check,60.05,3229.65
7503-QQRVF,1,No,Fiber optic,No,Yes,No,No,No,No,Month-to-month,1,Credit card (automatic),74.3,1178.25
2691-NZETQ,1,Yes,Fiber optic,No,No,No,No,Yes,No,Month-to-month,1,Electronic check,85.35,758.6
4404-HIBDJ,1,No,DSL,Yes,Yes,Yes,Yes,Yes,No,One year,0,Mailed check,74.3,1863.8
7295-JOMMD,1,No,Fiber optic,No,No,Yes,Yes,Yes,Yes,Month-to-month,1,Bank transfer (automatic),98.1,396.3
5013-SBUIH,1,Yes,Fiber optic,Yes,Yes,No,Yes,Yes,Yes,Two year,1,Electronic check,109.65,5551.15
0709-TVGUR,1,Yes,Fiber optic,No,No,No,No,No,No,Month-to-month,1,Electronic check,74.55,622.9
6023-YEBUP,1,Yes,Fiber optic,No,No,Yes,No,Yes,Yes,Month-to-month,1,Electronic check,100.95,329.95
7209-JCUDS,1,No,Fiber optic,No,No,Yes,No,Yes,Yes,Month-to-month,1,Electronic check,94.9,1048.85
3001-CBHLQ,1,Yes,Fiber optic,No,No,Yes,Yes,Yes,Yes,Month-to-month,1,Electronic check,104.9,3351.55
6158-DWPZT,0,No phone service,DSL,No,No,No,No,No,No,One year,0,Bank transfer (automatic),24.1,259.8
3763-GCZHZ,1,Yes,Fiber optic,No,Yes,No,Yes,Yes,Yes,One year,1,Electronic check,104.05,6890.0
0772-GYEQQ,1,No,Fiber optic,No,No,Yes,Yes,Yes,No,Month-to-month,1,Mailed check,88.35,262.05
4831-EOBFE,1,No,Fiber optic,Yes,No,No,No,Yes,Yes,Month-to-month,0,Credit card (automatic),94.65,2649.15
4102-OQUPX,1,Yes,Fiber optic,No,No,No,No,No,No,Month-to-month,1,Electronic check,74.4,74.4
9170-GYZJC,1,Yes,DSL,Yes,Yes,Yes,Yes,No,Yes,Month-to-month,0,Credit card (automatic),79.9,3326.2
3999-QGRJH,1,No,Fiber optic,No,No,No,No,No,No,Month-to-month,1,Electronic check,69.7,560.85
2454-RPBRZ,1,Yes,Fiber optic,No,Yes,Yes,No,Yes,No,Month-to-month,1,Electronic check,98.1,1060.2
2002-MZHWP,1,No,No,No internet service,No internet service,No internet service,No internet service,No internet service,No internet service,Month-to-month,0,Mailed check,20.5,20.5
2265-CYWIV,1,Yes,Fiber optic,Yes,No,No,No,Yes,Yes,Month-to-month,1,Electronic check,99.6,347.65
2004-OCQXK,1,No,Fiber optic,No,No,No,No,No,Yes,Month-to-month,1,Electronic check,81.95,81.95
5027-QPKTE,1,No,Fiber optic,No,No,No,No,No,No,Month-to-month,1,Electronic check,69.35,451.1
2672-HUYVI,1,No,Fiber optic,No,No,No,No,Yes,Yes,Month-to-month,1,Electronic check,91.1,455.3
7508-MYBOG,1,Yes,Fiber optic,No,No,No,No,Yes,No,Month-to-month,1,Electronic check,86.1,1235.55
0148-DCDOS,1,Yes,Fiber optic,No,No,No,No,Yes,Yes,Month-to-month,1,Bank transfer (automatic),94.7,2362.1
9992-RRAMN,1,Yes,Fiber optic,No,No,No,No,No,Yes,Month-to-month,1,Electronic check,85.1,1873.7
0310-MVLET,1,Yes,Fiber optic,No,Yes,No,No,Yes,Yes,Month-to-month,1,Electronic check,99.15,6010.05
4550-VBOFE,1,Yes,Fiber optic,No,Yes,Yes,No,Yes,Yes,Month-to-month,1,Electronic check,102.95,7101.5
5696-QURRL,1,No,DSL,No,No,No,No,No,No,Month-to-month,1,Mailed check,45.05,45.05
7409-KIUTL,1,No,Fiber optic,No,No,No,No,No,No,Month-to-month,1,Electronic check,71.0,71.0
1732-VHUBQ,1,No,Fiber optic,No,No,No,No,No,No,Month-to-month,0,Bank transfer (automatic),70.55,3309.25
0495-RVCBF,1,No,Fiber optic,No,No,No,No,No,Yes,Month-to-month,1,Electronic check,79.7,79.7
7854-EDSSA,1,Yes,DSL,Yes,Yes,No,No,No,No,Month-to-month,0,Electronic check,59.0,1254.7
8869-TORSS,1,No,DSL,Yes,No,Yes,Yes,No,No,One year,1,Credit card (automatic),60.35,2896.4
0679-IDSTG,1,No,Fiber optic,No,No,No,No,No,No,Month-to-month,1,Electronic check,69.25,69.25
2115-BFTIW,1,No,Fiber optic,No,No,No,No,No,No,Month-to-month,0,Mailed check,70.95,1767.35
0611-DFXKO,1,No,Fiber optic,No,No,No,No,Yes,Yes,Month-to-month,1,Mailed check,89.0,1820.45
7780-OTDSO,1,Yes,Fiber optic,Yes,No,No,No,Yes,Yes,Month-to-month,1,Electronic check,99.4,1742.95
9747-DDZOS,1,No,Fiber optic,No,No,Yes,No,No,No,Month-to-month,0,Bank transfer (automatic),73.5,73.5
0564-JJHGS,1,Yes,Fiber optic,No,No,No,No,Yes,Yes,Month-to-month,1,Electronic check,95.5,829.1
3348-CFRNX,1,No,Fiber optic,Yes,No,No,No,Yes,Yes,Month-to-month,1,Mailed check,92.35,2602.9
1428-GTBJJ,1,No,Fiber optic,No,Yes,No,No,No,No,Month-to-month,1,Electronic check,74.55,824.75
8802-UNOJF,1,No,Fiber optic,No,Yes,Yes,Yes,No,No,Month-to-month,1,Mailed check,83.8,1029.75
6313-GIDIT,0,No phone service,DSL,No,Yes,Yes,No,Yes,Yes,Month-to-month,1,Electronic check,54.45,2854.55
2845-AFFTX,1,Yes,Fiber optic,No,No,Yes,No,Yes,Yes,Month-to-month,1,Electronic check,99.8,4259.3
2249-YPRNG,1,Yes,Fiber optic,No,Yes,Yes,No,Yes,Yes,Month-to-month,1,Bank transfer (automatic),105.85,2239.65
7410-YTJIK,1,Yes,Fiber optic,No,No,No,No,No,No,Month-to-month,0,Mailed check,75.45,480.75
4626-GYCZP,1,Yes,Fiber optic,No,No,No,No,Yes,Yes,Month-to-month,1,Electronic check,93.85,635.6
5590-BYNII,1,Yes,Fiber optic,Yes,No,No,No,Yes,Yes,Month-to-month,1,Electronic check,100.75,2095.0
3237-AJGEH,0,No phone service,DSL,No,No,No,Yes,No,No,Month-to-month,1,Mailed check,31.0,95.05
1591-NFNLQ,1,Yes,Fiber optic,No,No,Yes,No,No,No,Month-to-month,0,Credit card (automatic),80.0,4242.35
2815-CPTUL,1,No,Fiber optic,No,No,No,No,No,No,Month-to-month,1,Mailed check,70.25,331.9
0596-BQCEQ,1,No,Fiber optic,No,Yes,Yes,No,Yes,Yes,Month-to-month,1,Electronic check,100.15,6283.3
1481-ZUWZA,1,Yes,Fiber optic,Yes,Yes,No,No,No,Yes,Month-to-month,1,Credit card (automatic),94.5,2659.4
2309-OSFEU,0,No phone service,DSL,No,No,No,No,No,Yes,Month-to-month,1,Mailed check,33.9,298.45
1891-FZYSA,1,Yes,Fiber optic,No,Yes,No,No,Yes,No,Month-to-month,1,Electronic check,89.95,6143.15
7613-LLQFO,1,Yes,Fiber optic,No,No,No,No,Yes,No,Month-to-month,1,Electronic check,84.45,1059.55
2640-PMGFL,1,Yes,Fiber optic,No,No,No,Yes,No,No,Month-to-month,1,Electronic check,79.5,2180.55
3801-HMYNL,1,No,Fiber optic,No,No,No,No,Yes,Yes,Month-to-month,0,Mailed check,89.15,89.15
9685-WKZGT,1,Yes,Fiber optic,No,No,No,No,No,No,Month-to-month,1,Electronic check,74.95,1036.75
6022-UGGSO,1,No,Fiber optic,No,Yes,No,No,No,No,Month-to-month,1,Electronic check,74.4,2276.95
4484-CGXFK,1,No,DSL,No,No,No,No,No,Yes,Month-to-month,1,Electronic check,55.3,196.15
6214-EDAKZ,1,No,DSL,No,Yes,No,Yes,No,No,Month-to-month,0,Electronic check,55.15,1206.05
6127-ISGTU,1,Yes,Fiber optic,No,No,No,No,Yes,No,Month-to-month,1,Electronic check,84.95,1378.25
8740-XLHDR,0,No phone service,DSL,Yes,Yes,Yes,Yes,No,No,Month-to-month,1,Mailed check,43.25,219.0
1208-DNHLN,1,Yes,DSL,No,No,No,No,No,No,One year,1,Credit card (automatic),48.35,1067.15
1761-AEZZR,1,No,Fiber optic,No,No,No,No,Yes,No,Month-to-month,1,Electronic check,79.55,79.55
3923-CSIHK,1,No,Fiber optic,No,No,No,No,No,No,Month-to-month,1,Electronic check,71.05,3444.85
7120-RFMVS,1,Yes,Fiber optic,No,No,No,No,Yes,No,Month-to-month,0,Electronic check,84.5,84.5
7317-GGVPB,1,Yes,Fiber optic,No,Yes,Yes,Yes,Yes,Yes,Two year,1,Credit card (automatic),108.6,7690.9
1322-AGOQM,0,No phone service,DSL,No,Yes,No,No,No,No,Month-to-month,0,Bank transfer (automatic),30.3,1380.1
3677-IYRBF,0,No phone service,DSL,No,No,Yes,No,No,No,Month-to-month,1,Electronic check,30.4,78.65
5692-FPTAH,1,No,DSL,No,No,No,No,No,No,Month-to-month,1,Mailed check,45.4,45.4
1550-LOAHA,1,No,Fiber optic,No,Yes,No,No,No,Yes,Month-to-month,0,Bank transfer (automatic),84.15,2585.95
0268-QKIWO,1,No,No,No internet service,No internet service,No internet service,No internet service,No internet service,No internet service,Month-to-month,0,Electronic check,19.75,58.85
0876-WDUUZ,1,No,Fiber optic,No,No,No,Yes,No,Yes,Month-to-month,1,Credit card (automatic),85.4,425.9
0617-FHSGK,1,Yes,Fiber optic,No,No,No,No,No,No,Month-to-month,0,Credit card (automatic),75.2,3678.3
2858-MOFSQ,1,Yes,DSL,No,No,Yes,No,No,No,One year,1,Mailed check,55.85,937.5
8118-LSUEL,1,Yes,Fiber optic,No,Yes,Yes,No,Yes,Yes,Month-to-month,1,Electronic check,106.4,2483.5
7005-CCBKV,1,No,Fiber optic,No,Yes,No,No,No,Yes,Month-to-month,1,Electronic check,84.4,556.35
4250-FDVOU,1,No,DSL,Yes,Yes,No,No,No,No,Month-to-month,0,Electronic check,56.25,389.1
5277-ZLOOR,1,Yes,Fiber optic,No,No,No,No,Yes,No,Month-to-month,1,Electronic check,85.55,187.45
2141-RRYGO,1,No,DSL,No,Yes,No,No,Yes,Yes,Month-to-month,1,Bank transfer (automatic),68.65,261.25
6376-GAHQE,1,No,Fiber optic,No,No,No,No,Yes,No,Month-to-month,0,Electronic check,77.85,299.2
5052-PNLOS,1,Yes,Fiber optic,No,Yes,Yes,No,Yes,Yes,Month-to-month,1,Bank transfer (automatic),105.35,323.25
6979-ZNSFF,1,Yes,Fiber optic,No,No,No,No,Yes,No,Month-to-month,1,Electronic check,87.05,762.1
2386-LAHRK,1,No,DSL,No,No,No,No,Yes,No,Month-to-month,1,Mailed check,53.5,53.5
6032-IGALN,0,No phone service,DSL,No,No,No,No,No,No,Month-to-month,1,Mailed check,25.1,25.1
4248-HCETZ,1,No,Fiber optic,No,Yes,Yes,No,No,No,Month-to-month,1,Mailed check,79.65,2365.15
0516-WJVXC,1,No,DSL,Yes,No,No,Yes,No,No,Month-to-month,0,Electronic check,54.2,308.25
9174-FKWZE,1,No,No,No internet service,No internet service,No internet service,No internet service,No internet service,No internet service,Month-to-month,1,Electronic check,19.45,19.45
8809-RIHDD,1,Yes,Fiber optic,No,Yes,Yes,No,Yes,Yes,Two year,1,Electronic check,103.4,7372.65
4822-NGOCH,1,Yes,Fiber optic,No,Yes,Yes,No,No,No,Month-to-month,1,Electronic check,84.45,1058.6
5307-DZCVC,1,Yes,Fiber optic,No,No,No,No,Yes,No,Month-to-month,1,Credit card (automatic),85.95,2628.6
8679-JOEVF,1,No,DSL,No,No,No,Yes,Yes,No,Month-to-month,0,Electronic check,59.4,1023.9
1432-FPAXX,0,No phone service,DSL,No,Yes,No,No,No,No,Month-to-month,1,Electronic check,30.6,856.35
4803-AXVYP,1,Yes,Fiber optic,No,No,No,Yes,Yes,Yes,Month-to-month,1,Electronic check,99.55,3734.25
3884-HCSWG,1,No,Fiber optic,No,No,No,No,No,No,Month-to-month,1,Electronic check,70.0,1144.5
5077-DXTCG,1,No,DSL,No,No,No,No,No,No,Month-to-month,1,Electronic check,45.3,45.3
1142-WACZW,0,No phone service,DSL,No,No,No,Yes,No,No,Month-to-month,0,Bank transfer (automatic),29.85,75.6
5649-ANRML,1,No,Fiber optic,No,Yes,Yes,Yes,No,Yes,Month-to-month,1,Credit card (automatic),95.1,180.25
4892-VLANZ,1,No,No,No internet service,No internet service,No internet service,No internet service,No internet service,No internet service,Month-to-month,0,Mailed check,19.8,19.8
2919-HBCJO,1,No,Fiber optic,No,Yes,No,No,No,No,Month-to-month,1,Bank transfer (automatic),76.65,333.6
4236-XPXAV,1,No,Fiber optic,No,Yes,No,Yes,Yes,Yes,Month-to-month,1,Mailed check,99.15,465.05
3030-YZADT,1,No,DSL,No,No,No,No,No,No,Month-to-month,0,Mailed check,44.95,431.0
7410-KTVFV,1,No,DSL,No,No,Yes,No,No,No,Month-to-month,1,Mailed check,49.55,878.35
8393-DLHGA,1,No,Fiber optic,No,Yes,No,No,Yes,Yes,Month-to-month,1,Electronic check,95.9,2448.75
7395-IGJOS,1,No,Fiber optic,No,No,No,No,No,Yes,Month-to-month,0,Bank transfer (automatic),81.5,1329.2
2834-SPCJV,1,No,Fiber optic,Yes,No,No,No,Yes,No,Month-to-month,0,Electronic check,84.1,4348.65
7890-VYYWG,0,No phone service,DSL,No,No,No,No,Yes,No,Month-to-month,1,Mailed check,36.45,93.7
9907-SWKKF,0,No phone service,DSL,No,No,No,No,No,No,Month-to-month,0,Mailed check,25.05,25.05
0587-DMGBH,1,No,DSL,Yes,No,No,No,No,No,Month-to-month,1,Electronic check,49.85,365.55
6397-JNZZG,0,No phone service,DSL,No,Yes,Yes,No,Yes,Yes,Month-to-month,0,Credit card (automatic),55.55,2342.2
3523-QRQLL,1,No,DSL,No,Yes,No,No,Yes,Yes,One year,1,Bank transfer (automatic),69.5,1498.2
0895-DQHEW,1,Yes,Fiber optic,No,Yes,Yes,No,Yes,Yes,Month-to-month,1,Electronic check,104.3,5278.15
8149-RSOUN,1,Yes,Fiber optic,No,No,No,No,Yes,Yes,Month-to-month,1,Electronic check,93.85,93.85
7250-EQKIY,1,No,DSL,No,No,Yes,No,No,No,Month-to-month,0,Mailed check,50.45,50.45
4013-UBXWQ,1,Yes,DSL,No,No,No,Yes,Yes,Yes,Month-to-month,1,Electronic check,74.65,521.1
5519-NPHVG,1,Yes,Fiber optic,No,No,No,No,Yes,Yes,Month-to-month,1,Electronic check,94.2,1046.1
8849-GYOKR,1,Yes,Fiber optic,Yes,Yes,No,No,Yes,Yes,One year,0,Bank transfer (automatic),106.55,5763.3
3148-BLQJT,1,No,No,No internet service,No internet service,No internet service,No internet service,No internet service,No internet service,Month-to-month,0,Mailed check,20.1,20.1
0461-CVKMU,1,No,Fiber optic,No,Yes,Yes,Yes,No,No,Month-to-month,0,Electronic check,83.8,1900.25
8806-EAGWC,1,No,DSL,No,No,No,No,Yes,No,Month-to-month,0,Mailed check,55.15,159.15
7779-LGOVN,1,Yes,Fiber optic,No,No,No,No,No,Yes,Month-to-month,1,Electronic check,86.65,856.65
9710-ZUSHQ,1,Yes,Fiber optic,Yes,Yes,No,No,Yes,Yes,Month-to-month,1,Bank transfer (automatic),106.75,4056.75
4183-WCSEP,1,No,Fiber optic,No,Yes,No,Yes,No,No,Month-to-month,1,Electronic check,78.45,2435.15
5498-TXHLF,1,Yes,Fiber optic,No,No,Yes,No,Yes,No,Month-to-month,0,Electronic check,87.45,2874.15
9722-UJOJR,1,No,Fiber optic,No,No,No,No,No,No,Month-to-month,1,Electronic check,70.75,1974.8
3902-FOIGH,1,Yes,Fiber optic,No,Yes,No,No,Yes,Yes,Month-to-month,1,Electronic check,101.35,1218.55
6772-KSATR,1,Yes,Fiber optic,Yes,No,No,No,No,No,Month-to-month,1,Electronic check,81.7,81.7
7112-OPOTK,1,No,Fiber optic,No,No,No,No,No,No,Month-to-month,0,Electronic check,68.25,2171.15
4210-QFJMF,1,No,Fiber optic,No,No,No,No,No,Yes,Month-to-month,1,Electronic check,79.15,317.25
3318-OSATS,1,Yes,Fiber optic,No,No,No,No,Yes,Yes,Month-to-month,1,Electronic check,95.45,3474.05
5828-AVIPD,1,Yes,Fiber optic,No,No,No,Yes,Yes,Yes,One year,1,Electronic check,100.95,1875.55
1086-LXKFY,1,No,Fiber optic,No,No,No,No,No,No,Month-to-month,1,Mailed check,69.1,69.1
2636-ALXXZ,1,No,Fiber optic,No,No,No,No,No,No,Month-to-month,1,Electronic check,69.6,69.6
7774-OJSXI,1,Yes,Fiber optic,No,Yes,Yes,No,Yes,Yes,One year,1,Electronic check,103.45,3066.45
7786-WBJYI,1,Yes,Fiber optic,No,Yes,No,No,No,No,Month-to-month,0,Bank transfer (automatic),77.95,305.55
9885-CSMWE,1,No,Fiber optic,No,No,No,No,Yes,No,Month-to-month,0,Electronic check,78.45,78.45
5016-ETTFF,0,No phone service,DSL,No,No,Yes,No,No,No,Month-to-month,0,Mailed check,29.5,255.25
3866-MDTUB,1,No,DSL,Yes,No,No,No,Yes,Yes,Month-to-month,1,Electronic check,70.75,146.9
8058-JMEQO,1,Yes,Fiber optic,No,No,No,No,No,Yes,Month-to-month,1,Electronic check,84.45,762.5
0697-ZMSWS,1,Yes,Fiber optic,No,No,No,No,No,Yes,Month-to-month,1,Electronic check,85.65,338.9
7657-DYEPJ,1,No,DSL,No,Yes,Yes,Yes,Yes,No,One year,1,Credit card (automatic),70.15,2497.35
8276-MQBYC,1,Yes,Fiber optic,No,No,Yes,No,Yes,Yes,Month-to-month,1,Electronic check,97.8,4913.3
7593-XFKDI,1,No,DSL,No,No,No,No,No,No,Month-to-month,0,Mailed check,46.3,46.3
0337-CNPZE,1,Yes,Fiber optic,No,Yes,Yes,No,Yes,Yes,Month-to-month,1,Electronic check,106.3,4443.45
1513-XNPPH,1,No,Fiber optic,No,No,Yes,Yes,No,Yes,Month-to-month,1,Electronic check,89.4,1095.65
6015-VVHHE,1,Yes,Fiber optic,No,No,No,No,Yes,No,Month-to-month,1,Credit card (automatic),83.15,446.05
6347-DCUIK,1,Yes,Fiber optic,No,No,No,No,No,No,Month-to-month,1,Mailed check,74.15,811.8
0897-FEGMU,1,Yes,Fiber optic,No,No,Yes,No,Yes,Yes,Month-to-month,1,Electronic check,99.5,1056.95
7663-RGWBC,1,No,DSL,No,No,No,No,No,No,Month-to-month,1,Mailed check,44.15,44.15
1120-BMWUB,1,No,DSL,No,Yes,No,Yes,No,No,Month-to-month,1,Mailed check,53.9,834.15
9124-LHCJQ,1,Yes,Fiber optic,No,No,No,No,No,Yes,Month-to-month,1,Mailed check,85.45,85.45
2235-ZGKPT,1,Yes,DSL,No,No,No,No,No,No,Month-to-month,0,Mailed check,50.85,239.55
3891-PUQOD,1,No,DSL,No,No,Yes,No,No,Yes,Month-to-month,0,Electronic check,59.2,59.2
0689-NKYLF,1,No,Fiber optic,No,No,Yes,No,Yes,No,Month-to-month,1,Electronic check,83.2,1060.6
3658-KIBGF,1,No,DSL,Yes,Yes,No,No,No,No,Month-to-month,1,Electronic check,54.9,54.9
5519-YLDGW,1,Yes,Fiber optic,Yes,No,Yes,No,Yes,Yes,Month-to-month,1,Electronic check,103.9,2254.2
4946-EDSEW,1,No,No,No internet service,No internet service,No internet service,No internet service,No internet service,No internet service,Month-to-month,1,Mailed check,19.25,180.3
2516-VQRRV,1,Yes,Fiber optic,No,No,No,No,No,No,Month-to-month,1,Mailed check,75.45,158.4
7580-UGXNC,1,No,DSL,Yes,Yes,No,No,No,No,Month-to-month,0,Mailed check,54.85,104.2
5178-LMXOP,1,Yes,Fiber optic,No,No,No,No,Yes,Yes,Month-to-month,1,Electronic check,95.1,95.1
8185-UPYBR,1,Yes,Fiber optic,No,No,No,No,No,No,Month-to-month,1,Electronic check,75.5,438.0
4585-HETAI,1,No,Fiber optic,No,No,Yes,No,No,No,Month-to-month,1,Electronic check,73.75,325.45
7526-BEZQB,1,Yes,Fiber optic,No,No,No,No,Yes,Yes,Month-to-month,1,Electronic check,96.05,1148.1
4951-UKAAQ,1,Yes,Fiber optic,No,Yes,No,No,No,Yes,Month-to-month,1,Electronic check,88.95,355.2
2108-YKQTY,1,No,DSL,No,Yes,No,No,No,No,Month-to-month,0,Credit card (automatic),50.7,151.3
4918-QLLIW,1,No,DSL,No,No,No,No,Yes,No,Month-to-month,0,Credit card (automatic),53.4,188.7
7056-IMHCC,1,Yes,Fiber optic,No,Yes,No,No,Yes,Yes,Month-to-month,1,Electronic check,101.9,5549.4
1625-JAIIY,1,Yes,Fiber optic,No,No,No,No,Yes,No,One year,1,Electronic check,83.0,5685.8
2947-DOMLJ,1,No,DSL,Yes,No,No,No,No,No,Month-to-month,0,Mailed check,50.6,50.6
4112-LUEIZ,1,No,Fiber optic,No,No,No,No,Yes,Yes,Month-to-month,1,Electronic check,89.5,863.1
4510-HIMLV,1,No,Fiber optic,No,No,No,No,No,No,Month-to-month,1,Electronic check,69.8,69.8
8749-JMNKX,1,Yes,Fiber optic,Yes,No,Yes,No,Yes,No,Month-to-month,1,Bank transfer (automatic),93.8,4750.95
2430-USGXP,1,Yes,Fiber optic,No,No,Yes,No,Yes,Yes,Month-to-month,1,Electronic check,101.05,2391.8
5955-ERIHD,1,Yes,Fiber optic,No,No,No,No,Yes,Yes,Month-to-month,1,Electronic check,94.7,1687.95
0917-EZOLA,1,Yes,Fiber optic,No,Yes,Yes,No,Yes,Yes,Two year,1,Bank transfer (automatic),104.15,7689.95
5949-EBSQK,1,No,DSL,No,No,No,Yes,No,Yes,Month-to-month,0,Credit card (automatic),61.45,229.55
7274-RTAPZ,1,No,Fiber optic,No,No,No,No,Yes,Yes,Month-to-month,1,Electronic check,90.55,90.55
0311-UNPFF,1,No,Fiber optic,No,No,No,No,Yes,Yes,Month-to-month,1,Bank transfer (automatic),88.8,2274.35
3834-XUIFC,1,Yes,Fiber optic,No,No,No,No,No,Yes,Month-to-month,1,Mailed check,85.2,602.55
8414-MYSHR,1,No,Fiber optic,No,No,No,No,Yes,Yes,Month-to-month,1,Electronic check,91.4,449.75
7599-FKVXZ,1,Yes,Fiber optic,No,No,Yes,Yes,Yes,Yes,Month-to-month,1,Bank transfer (automatic),106.15,4512.7
8229-TNIQA,1,No,DSL,No,No,No,No,No,No,Month-to-month,1,Mailed check,45.3,196.95
6221-AVQYL,1,Yes,Fiber optic,No,No,No,No,No,No,Month-to-month,1,Credit card (automatic),73.25,131.05
7743-EXURX,1,No,DSL,No,No,Yes,No,No,No,Month-to-month,1,Electronic check,51.05,415.05
5569-KGJHX,1,Yes,Fiber optic,No,No,No,No,Yes,No,Month-to-month,1,Bank transfer (automatic),85.35,754.65
4988-IQIGL,1,Yes,Fiber optic,No,No,No,No,No,No,Month-to-month,1,Electronic check,75.35,75.35
7730-IUTDZ,1,No,Fiber optic,Yes,No,No,No,No,No,Month-to-month,1,Electronic check,75.2,3198.6
0426-TIRNE,1,No,No,No internet service,No internet service,No internet service,No internet service,No internet service,No internet service,Month-to-month,0,Mailed check,20.9,20.9
7587-RZNME,1,No,DSL,No,No,No,No,No,No,Month-to-month,1,Electronic check,43.3,123.65
0748-RDGGM,1,No,Fiber optic,Yes,Yes,Yes,Yes,Yes,Yes,One year,1,Bank transfer (automatic),109.5,7534.65
4706-AXVKM,1,Yes,Fiber optic,No,No,No,No,No,Yes,Month-to-month,1,Credit card (automatic),84.8,906.85
5889-JTMUL,1,Yes,Fiber optic,No,Yes,Yes,No,Yes,No,Month-to-month,1,Electronic check,95.05,4888.7
9026-RNUJS,1,No,DSL,No,No,Yes,No,No,No,Month-to-month,0,Electronic check,50.35,237.25
3746-EUBYR,1,Yes,Fiber optic,No,No,No,No,No,No,Month-to-month,1,Bank transfer (automatic),74.6,74.6
2332-EFBJY,1,No,No,No internet service,No internet service,No internet service,No internet service,No internet service,No internet service,Month-to-month,1,Mailed check,19.7,342.4
9474-PHLYD,1,No,DSL,No,No,Yes,No,No,Yes,Month-to-month,1,Electronic check,59.45,892.65
2165-VOEGB,1,No,Fiber optic,Yes,Yes,No,Yes,Yes,Yes,One year,1,Bank transfer (automatic),105.2,4822.85
2219-MVUSO,1,No,DSL,No,No,No,No,No,No,Month-to-month,1,Mailed check,45.15,438.4
8914-RBTSB,1,Yes,Fiber optic,No,Yes,Yes,No,Yes,No,Month-to-month,0,Electronic check,93.8,3019.5
0963-ZBDRN,1,No,Fiber optic,No,No,No,Yes,Yes,Yes,Month-to-month,1,Electronic check,96.2,3183.4
7594-RQHXR,1,No,Fiber optic,No,No,No,No,No,Yes,Month-to-month,1,Electronic check,79.6,79.6
6331-EWIEB,1,Yes,Fiber optic,No,No,No,No,Yes,No,Month-to-month,1,Electronic check,85.25,1734.5
5998-VVEJY,1,Yes,Fiber optic,No,No,No,Yes,No,No,Month-to-month,1,Electronic check,80.5,2088.8
1624-NALOJ,1,Yes,Fiber optic,No,Yes,No,No,No,Yes,Month-to-month,1,Electronic check,89.8,502.6
4317-VTEOA,1,No,DSL,No,Yes,No,No,No,No,Month-to-month,1,Electronic check,50.75,50.75
1670-SVOWZ,1,No,Fiber optic,No,Yes,No,Yes,No,Yes,Month-to-month,1,Credit card (automatic),89.65,1208.35
7541-YLXCL,1,No,DSL,No,Yes,No,Yes,No,Yes,One year,1,Mailed check,65.4,2498.4
0260-ZDLGK,1,No,DSL,No,No,Yes,Yes,Yes,Yes,Month-to-month,1,Mailed check,72.9,651.4
8722-NGNBH,0,No phone service,DSL,Yes,No,Yes,Yes,No,No,Month-to-month,0,Mailed check,40.0,223.45
6210-KBBPI,1,Yes,Fiber optic,No,Yes,No,No,Yes,Yes,Month-to-month,1,Credit card (automatic),99.45,919.4
0133-BMFZO,1,No,Fiber optic,Yes,Yes,No,Yes,No,No,Month-to-month,1,Electronic check,86.25,181.65
6128-CZOMY,1,No,DSL,No,No,No,No,No,No,Month-to-month,1,Electronic check,45.65,45.65
9540-JYROE,1,No,Fiber optic,No,No,No,No,No,No,Month-to-month,1,Mailed check,70.1,551.35
2260-USTRB,1,No,Fiber optic,No,No,No,No,No,No,Month-to-month,1,Bank transfer (automatic),70.2,115.95
3656-TKRVZ,1,No,DSL,Yes,Yes,No,No,No,No,Month-to-month,0,Electronic check,55.35,165.2
8623-TMRBY,1,Yes,Fiber optic,No,Yes,Yes,No,No,No,Month-to-month,1,Electronic check,84.2,4146.05
1501-SGHBW,1,No,DSL,No,No,No,No,No,No,Month-to-month,0,Mailed check,45.85,81.0
3208-YPIOE,1,Yes,Fiber optic,No,No,No,No,No,No,Month-to-month,0,Electronic check,75.25,3017.65
2612-RANWT,1,Yes,Fiber optic,No,No,Yes,No,Yes,Yes,Month-to-month,1,Bank transfer (automatic),100.15,1164.3
6900-PXRMS,1,Yes,Fiber optic,No,Yes,Yes,No,Yes,Yes,Month-to-month,0,Electronic check,105.75,2710.25
3346-BRMIS,0,No phone service,DSL,No,No,Yes,No,Yes,Yes,Month-to-month,1,Electronic check,48.35,810.7
2933-FILNV,0,No phone service,DSL,No,No,No,No,No,No,Month-to-month,1,Mailed check,24.4,36.55
9986-BONCE,1,No,No,No internet service,No internet service,No internet service,No internet service,No internet service,No internet service,Month-to-month,0,Bank transfer (automatic),20.95,85.5
2722-JMONI,1,No,DSL,Yes,No,No,No,No,No,Month-to-month,1,Electronic check,49.55,49.55
4083-EUGRJ,1,No,No,No internet service,No internet service,No internet service,No internet service,No internet service,No internet service,Month-to-month,0,Mailed check,20.25,178.5
7579-OOPEC,1,No,DSL,No,Yes,No,No,No,No,Month-to-month,0,Credit card (automatic),50.15,115.1
1771-OADNZ,1,Yes,Fiber optic,No,Yes,Yes,No,No,Yes,Month-to-month,1,Electronic check,95.9,2745.2
0612-RTZZA,0,No phone service,DSL,No,No,No,No,No,No,Month-to-month,0,Electronic check,25.25,25.25
6410-LEFEN,1,No,DSL,No,No,No,No,No,No,Month-to-month,0,Electronic check,45.15,416.45
3194-ORPIK,1,Yes,Fiber optic,No,No,No,No,Yes,No,Month-to-month,1,Bank transfer (automatic),84.4,4116.15
8816-VXNZD,1,Yes,Fiber optic,No,No,No,No,No,No,Month-to-month,1,Electronic check,75.1,75.1
9378-FXTIZ,1,Yes,DSL,No,No,No,No,Yes,Yes,One year,1,Credit card (automatic),70.15,3715.65
1723-HKXJQ,1,Yes,Fiber optic,No,Yes,No,No,Yes,Yes,Month-to-month,1,Electronic check,101.75,4273.45
7825-GKXMW,1,No,DSL,No,No,No,No,No,No,Month-to-month,0,Electronic check,45.8,45.8
1240-KNSEZ,1,No,No,No internet service,No internet service,No internet service,No internet service,No internet service,No internet service,Month-to-month,1,Mailed check,20.1,20.1
0836-SEYLU,0,No phone service,DSL,No,No,No,Yes,Yes,No,Month-to-month,0,Mailed check,40.65,328.95
4433-JCGCG,1,Yes,Fiber optic,No,No,Yes,No,Yes,Yes,Month-to-month,1,Electronic check,101.0,4680.05
3716-BDVDB,1,No,Fiber optic,No,No,No,No,No,No,Month-to-month,1,Electronic check,69.1,69.1
5899-MQZZL,1,Yes,Fiber optic,No,No,No,No,No,No,Month-to-month,1,Mailed check,75.0,999.45
6849-OYAMU,1,No,Fiber optic,No,Yes,No,Yes,Yes,Yes,One year,0,Bank transfer (automatic),100.0,1888.65
9488-HGMJH,1,No,Fiber optic,No,No,No,No,No,No,Month-to-month,1,Electronic check,71.15,71.15
6038-GCYEC,0,No phone service,DSL,No,Yes,Yes,No,Yes,Yes,Month-to-month,1,Credit card (automatic),54.15,1240.25
1150-WFARN,1,Yes,Fiber optic,Yes,No,Yes,Yes,Yes,Yes,Two year,1,Credit card (automatic),108.75,7156.2
3144-AUDBS,1,No,DSL,No,No,No,Yes,No,No,Month-to-month,1,Electronic check,49.15,270.8
5616-PRTNT,1,No,No,No internet service,No internet service,No internet service,No internet service,No internet service,No internet service,Month-to-month,1,Electronic check,19.4,374.5
4818-QIUFN,1,Yes,Fiber optic,Yes,No,No,No,No,No,Month-to-month,1,Electronic check,79.15,1520.9
6961-VCPMC,1,No,Fiber optic,No,No,No,No,No,Yes,Month-to-month,1,Electronic check,80.4,3605.2
6688-UZPWD,1,Yes,Fiber optic,No,Yes,No,No,Yes,Yes,Month-to-month,1,Electronic check,102.0,1145.35
2839-RFSQE,1,No,No,No internet service,No internet service,No internet service,No internet service,No internet service,No internet service,Month-to-month,0,Mailed check,20.65,38.7
0968-GSIKN,1,No,Fiber optic,No,No,No,No,No,No,Month-to-month,1,Mailed check,70.8,70.8
1965-DDBWU,1,Yes,Fiber optic,No,No,No,Yes,No,Yes,Month-to-month,1,Credit card (automatic),89.05,1448.6
9057-SIHCH,1,Yes,Fiber optic,No,No,No,No,Yes,Yes,Month-to-month,1,Electronic check,96.6,291.9
6771-XWBDM,1,Yes,Fiber optic,No,Yes,Yes,No,Yes,Yes,Month-to-month,1,Credit card (automatic),104.5,5921.35
8601-QACRS,1,Yes,DSL,No,No,No,No,No,No,Month-to-month,1,Mailed check,50.6,249.95
2391-SOORI,1,No,DSL,Yes,No,No,No,No,No,Month-to-month,0,Electronic check,49.35,219.65
2645-QTLMB,1,No,Fiber optic,No,Yes,No,No,Yes,Yes,Month-to-month,1,Electronic check,94.25,669.0
4806-HIPDW,1,No,Fiber optic,No,No,No,No,No,No,Month-to-month,1,Electronic check,68.95,68.95
4424-TKOPW,1,Yes,Fiber optic,No,No,No,No,Yes,Yes,Month-to-month,1,Electronic check,93.85,196.75
8443-ZRDBZ,1,Yes,Fiber optic,No,No,No,No,No,No,Month-to-month,1,Electronic check,76.05,318.9
9136-ALYBR,0,No phone service,DSL,No,No,No,No,No,No,Month-to-month,1,Mailed check,24.45,24.45
7479-NITWS,1,Yes,Fiber optic,No,No,Yes,No,Yes,No,Month-to-month,1,Credit card (automatic),89.35,631.85
2959-MJHIC,1,No,Fiber optic,No,No,No,No,Yes,No,Month-to-month,1,Electronic check,80.35,307.4
4201-JMNGR,1,No,DSL,Yes,No,Yes,No,No,No,Month-to-month,1,Electronic check,55.8,55.8
5960-WPXQM,1,No,Fiber optic,No,No,No,No,Yes,No,Month-to-month,1,Electronic check,79.05,79.05
0684-AOSIH,1,No,Fiber optic,Yes,No,No,No,Yes,Yes,Month-to-month,1,Electronic check,95.0,95.0
8260-NGFNY,0,No phone service,DSL,No,No,No,No,No,No,Month-to-month,0,Mailed check,25.2,25.2
1866-RZZQS,1,Yes,Fiber optic,No,No,Yes,No,Yes,Yes,Month-to-month,1,Electronic check,98.4,4187.75
8631-NBHFZ,1,Yes,DSL,Yes,Yes,Yes,Yes,Yes,No,Two year,0,Credit card (automatic),79.4,5154.6
4958-XCBDQ,1,Yes,Fiber optic,No,No,Yes,No,Yes,Yes,Month-to-month,1,Electronic check,101.4,3496.3
8337-UPOAQ,1,Yes,Fiber optic,No,No,Yes,No,No,Yes,Month-to-month,1,Electronic check,89.8,914.3
1725-IQNIY,1,No,Fiber optic,Yes,Yes,Yes,Yes,Yes,Yes,Two year,0,Bank transfer (automatic),109.75,6110.2
6598-RFFVI,1,No,No,No internet service,No internet service,No internet service,No internet service,No internet service,No internet service,One year,0,Credit card (automatic),19.3,28.3
6712-OAWRH,1,No,Fiber optic,No,No,No,No,Yes,Yes,Month-to-month,1,Electronic check,91.25,2351.8
8614-VGMMV,1,Yes,DSL,No,No,No,No,No,No,Month-to-month,1,Electronic check,49.1,679.55
2930-UOTMB,1,Yes,DSL,Yes,No,Yes,Yes,No,No,Month-to-month,0,Credit card (automatic),65.25,1994.3
5914-DVBWJ,1,Yes,Fiber optic,No,Yes,No,Yes,No,No,Month-to-month,1,Electronic check,85.45,1505.85
2533-QVMSK,1,Yes,Fiber optic,No,Yes,No,Yes,Yes,No,Two year,1,Electronic check,94.1,5638.3
8644-XLFBW,1,No,Fiber optic,No,No,No,No,No,No,Month-to-month,1,Electronic check,71.65,71.65
8625-AZYZY,1,Yes,Fiber optic,No,Yes,Yes,No,Yes,Yes,Month-to-month,1,Electronic check,104.65,2542.45
9306-CPCBC,1,Yes,Fiber optic,No,No,No,No,No,No,Month-to-month,1,Electronic check,74.25,210.3
1833-VGRUM,1,Yes,Fiber optic,No,No,No,No,No,No,Month-to-month,1,Electronic check,74.2,74.2
8374-XGEJJ,1,Yes,Fiber optic,No,Yes,No,No,Yes,Yes,Month-to-month,1,Electronic check,101.0,4388.4
2656-TABEH,1,Yes,Fiber optic,No,Yes,No,No,Yes,Yes,Month-to-month,1,Electronic check,100.2,420.2
6946-LMSQS,1,Yes,Fiber optic,Yes,No,No,No,No,Yes,One year,1,Electronic check,89.05,2177.45
2325-ZUSFD,1,No,DSL,Yes,No,No,No,Yes,Yes,One year,1,Bank transfer (automatic),70.1,3913.3
3932-CMDTD,1,No,Fiber optic,No,Yes,Yes,Yes,Yes,Yes,One year,1,Electronic check,105.65,443.9
4039-HEUNW,1,Yes,Fiber optic,No,Yes,No,No,Yes,Yes,Month-to-month,1,Electronic check,96.5,3436.1
0812-WUPTB,1,No,Fiber optic,No,No,No,No,No,No,Month-to-month,0,Mailed check,70.85,70.85
3594-UVONA,1,Yes,DSL,Yes,No,Yes,Yes,Yes,Yes,One year,1,Credit card (automatic),85.95,3110.1
0004-TLHLJ,1,No,Fiber optic,No,No,Yes,No,No,No,Month-to-month,1,Electronic check,73.9,280.85
5089-IFSDP,1,Yes,Fiber optic,Yes,Yes,Yes,No,Yes,Yes,Two year,1,Bank transfer (automatic),109.45,6144.55
4817-VYYWS,1,Yes,Fiber optic,No,Yes,No,No,Yes,Yes,Month-to-month,1,Electronic check,100.2,2983.8
1396-QWFBJ,1,No,Fiber optic,No,Yes,No,No,No,No,Month-to-month,1,Bank transfer (automatic),74.05,1565.7
5299-SJCZT,1,Yes,Fiber optic,No,No,Yes,No,Yes,Yes,Month-to-month,1,Bank transfer (automatic),101.55,298.35
2403-BCASL,1,Yes,Fiber optic,No,Yes,Yes,Yes,Yes,Yes,One year,1,Electronic check,111.95,4534.9
2898-LSJGD,0,No phone service,DSL,Yes,No,Yes,No,Yes,Yes,One year,1,Electronic check,55.95,1157.05
7359-PTSXY,1,No,DSL,No,No,No,No,No,No,Month-to-month,0,Electronic check,45.75,45.75
4503-BDXBD,1,No,Fiber optic,No,Yes,No,No,No,No,Month-to-month,0,Electronic check,74.95,815.5
6086-ESGRL,1,No,Fiber optic,No,No,No,No,No,Yes,Month-to-month,0,Credit card (automatic),80.15,80.15
3886-CERTZ,1,Yes,Fiber optic,No,Yes,Yes,Yes,Yes,Yes,One year,1,Electronic check,109.25,8109.8
5759-RCVCB,0,No phone service,DSL,No,No,No,No,Yes,No,Month-to-month,0,Credit card (automatic),35.2,108.95
6372-RFVNS,1,No,Fiber optic,No,No,No,No,Yes,No,Month-to-month,0,Electronic check,78.8,78.8
8938-UMKPI,1,Yes,Fiber optic,No,Yes,Yes,No,Yes,Yes,Month-to-month,1,Electronic check,106.4,5127.95
0991-BRRFB,1,No,DSL,Yes,No,No,No,No,No,Month-to-month,0,Electronic check,49.4,874.8
3871-IKPYH,1,No,Fiber optic,No,No,No,No,No,No,Month-to-month,0,Electronic check,69.1,69.1
6319-IEJWJ,1,No,Fiber optic,No,No,No,No,Yes,Yes,Month-to-month,1,Electronic check,90.2,1776.55
9025-AOMKI,1,Yes,Fiber optic,No,No,No,No,Yes,Yes,Month-to-month,1,Bank transfer (automatic),93.55,536.4
5275-SQEIZ,1,No,Fiber optic,No,No,No,No,No,Yes,Month-to-month,1,Mailed check,80.85,80.85
7716-YTYHG,1,Yes,Fiber optic,No,No,No,No,No,Yes,One year,1,Mailed check,82.05,4029.95
4390-KYULV,1,No,No,No internet service,No internet service,No internet service,No internet service,No internet service,No internet service,Month-to-month,1,Credit card (automatic),20.55,51.15
1304-NECVQ,1,Yes,Fiber optic,No,No,Yes,No,No,No,Month-to-month,1,Electronic check,78.55,149.55
8945-GRKHX,1,No,Fiber optic,No,No,No,No,No,Yes,Month-to-month,0,Electronic check,78.65,78.65
6959-UWKHF,1,No,DSL,No,No,No,No,No,No,Month-to-month,1,Electronic check,42.9,42.9
3815-SLMEF,0,No phone service,DSL,Yes,No,No,Yes,No,No,Month-to-month,0,Mailed check,34.25,139.35
5154-VEKBL,0,No phone service,DSL,Yes,No,Yes,Yes,Yes,Yes,Month-to-month,0,Mailed check,58.5,539.85
5655-JSMZM,1,Yes,Fiber optic,No,No,No,No,Yes,Yes,Month-to-month,1,Electronic check,96.2,4718.25
4505-EXZHB,1,No,Fiber optic,No,No,Yes,No,No,No,Month-to-month,0,Electronic check,74.4,434.1
4587-VVTOX,1,Yes,Fiber optic,No,Yes,Yes,No,Yes,Yes,Month-to-month,1,Electronic check,105.3,545.2
4652-NNHNY,1,Yes,Fiber optic,No,No,No,No,No,No,Month-to-month,1,Bank transfer (automatic),73.85,1284.2
8972-HJWNV,1,Yes,Fiber optic,No,No,No,No,No,Yes,Month-to-month,1,Electronic check,84.55,646.85
8515-OCTJS,1,Yes,No,No internet service,No internet service,No internet service,No internet service,No internet service,No internet service,Two year,0,Credit card (automatic),24.75,692.1
2860-RANUS,1,Yes,Fiber optic,No,No,No,No,No,Yes,Month-to-month,1,Credit card (automatic),85.8,1727.5
5261-QSHQM,0,No phone service,DSL,No,No,No,No,No,No,Month-to-month,1,Electronic check,24.45,86.6
8868-WOZGU,1,Yes,Fiber optic,No,Yes,Yes,No,Yes,Yes,Month-to-month,1,Electronic check,105.7,2979.5
1334-FJSVR,0,No phone service,DSL,No,No,No,No,No,No,Month-to-month,1,Electronic check,24.25,24.25
7625-XCQRH,1,Yes,Fiber optic,No,No,No,No,No,No,Month-to-month,1,Electronic check,76.5,837.95
1731-TVIUK,1,Yes,Fiber optic,No,Yes,No,Yes,No,Yes,Month-to-month,1,Electronic check,93.5,362.2
0406-BPDVR,1,Yes,Fiber optic,No,Yes,No,No,Yes,Yes,One year,1,Credit card (automatic),101.5,5373.1
0618-XWMSS,1,No,Fiber optic,Yes,No,No,No,No,No,Month-to-month,1,Bank transfer (automatic),74.9,2068.55
5276-KQWHG,1,No,Fiber optic,No,No,No,No,No,No,Month-to-month,1,Electronic check,69.6,131.65
2565-JSLRY,1,Yes,No,No internet service,No internet service,No internet service,No internet service,No internet service,No internet service,Month-to-month,1,Mailed check,24.05,24.05
6689-KXGBO,1,No,DSL,No,Yes,No,No,No,No,Month-to-month,0,Electronic check,50.55,50.55
6615-NGGZJ,1,Yes,Fiber optic,No,Yes,No,No,Yes,Yes,Month-to-month,1,Electronic check,100.55,1415.55
4255-DDUOU,1,No,No,No internet service,No internet service,No internet service,No internet service,No internet service,No internet service,Month-to-month,1,Mailed check,20.5,20.5
2984-MIIZL,1,No,Fiber optic,No,No,Yes,No,No,No,Month-to-month,1,Bank transfer (automatic),74.8,321.9
5590-YRFJT,0,No phone service,DSL,No,No,No,No,No,No,Month-to-month,1,Electronic check,24.45,482.8
3677-TNKIO,1,No,Fiber optic,No,No,No,No,No,No,Month-to-month,1,Credit card (automatic),71.0,914.0
9667-EQRXU,0,No phone service,DSL,No,No,Yes,No,Yes,No,Month-to-month,1,Electronic check,40.3,1172.95
3329-WDIOK,0,No phone service,DSL,No,Yes,No,No,Yes,Yes,Month-to-month,1,Electronic check,50.6,155.35
2873-ZLIWT,1,Yes,Fiber optic,No,No,Yes,Yes,No,No,Month-to-month,1,Electronic check,84.85,3303.05
3415-TAILE,1,No,DSL,No,No,No,No,Yes,Yes,Month-to-month,0,Mailed check,65.7,134.35
1915-IOFGU,1,No,Fiber optic,No,No,No,No,No,No,Month-to-month,0,Electronic check,70.5,70.5
3045-XETSH,1,Yes,Fiber optic,No,Yes,Yes,No,No,Yes,Month-to-month,1,Electronic check,94.85,953.45
7239-HZZCX,1,No,No,No internet service,No internet service,No internet service,No internet service,No internet service,No internet service,Month-to-month,0,Mailed check,19.75,19.75
7683-CBDKJ,1,No,DSL,Yes,Yes,No,No,Yes,No,Month-to-month,1,Electronic check,65.45,937.6
0946-CLJTI,1,Yes,Fiber optic,No,No,Yes,No,Yes,Yes,Month-to-month,1,Electronic check,98.7,5812.6
0628-CNQRM,1,No,DSL,Yes,No,Yes,Yes,Yes,No,One year,1,Bank transfer (automatic),67.5,1544.05
7665-TOALD,1,No,Fiber optic,No,No,No,No,No,No,Month-to-month,1,Electronic check,69.6,69.6
0112-QWPNC,1,Yes,DSL,Yes,No,Yes,Yes,Yes,Yes,One year,0,Electronic check,84.35,4059.35
0324-BRPCJ,1,Yes,Fiber optic,No,Yes,No,No,Yes,Yes,Month-to-month,1,Electronic check,100.2,6851.65
2777-PHDEI,1,No,Fiber optic,No,No,No,No,Yes,No,Month-to-month,0,Electronic check,78.05,78.05
1196-AMORA,1,Yes,Fiber optic,No,No,No,No,No,No,Month-to-month,0,Electronic check,73.6,520.0
4282-YMKNA,1,Yes,Fiber optic,No,No,No,No,No,No,Month-to-month,1,Electronic check,74.75,706.6
5356-RHIPP,1,No,No,No internet service,No internet service,No internet service,No internet service,No internet service,No internet service,Month-to-month,1,Mailed check,20.2,20.2
9189-JWSHV,1,Yes,Fiber optic,No,No,No,No,Yes,Yes,Month-to-month,1,Electronic check,93.55,2264.05
0746-JTRFU,0,No phone service,DSL,No,No,No,No,No,No,Month-to-month,1,Electronic check,25.05,56.35
0576-WNXXC,1,Yes,Fiber optic,No,Yes,Yes,No,No,Yes,Month-to-month,1,Electronic check,95.55,2510.2
4628-CTTLA,0,No phone service,DSL,No,Yes,No,No,Yes,No,Month-to-month,1,Electronic check,39.3,2111.45
2876-VBBBL,1,No,No,No internet service,No internet service,No internet service,No internet service,No internet service,No internet service,Month-to-month,1,Mailed check,20.25,20.25
6834-NXDCA,0,No phone service,DSL,No,No,No,No,No,No,Month-to-month,1,Electronic check,23.9,300.8
5597-GLBUC,1,No,Fiber optic,No,No,Yes,No,Yes,No,Month-to-month,1,Electronic check,85.45,85.45
2748-MYRVK,1,Yes,Fiber optic,No,Yes,No,No,Yes,Yes,One year,0,Bank transfer (automatic),99.9,6137.0
4822-YCXMX,1,Yes,Fiber optic,No,No,No,No,No,Yes,Month-to-month,1,Electronic check,84.8,2043.45
9821-POOTN,1,Yes,Fiber optic,No,No,No,No,No,No,Month-to-month,1,Electronic check,75.2,2576.2
6559-ILWKJ,0,No phone service,DSL,No,Yes,No,No,Yes,Yes,Two year,0,Electronic check,49.35,3515.25
4229-CZMLL,1,Yes,Fiber optic,No,No,No,No,No,No,Month-to-month,1,Electronic check,74.9,469.8
3663-MITLP,1,No,Fiber optic,No,Yes,Yes,No,Yes,Yes,Month-to-month,1,Electronic check,101.25,1457.25
9025-ZRPVR,1,No,No,No internet service,No internet service,No internet service,No internet service,No internet service,No internet service,Month-to-month,1,Mailed check,18.95,185.6
3285-UCQVC,0,No phone service,DSL,No,No,No,Yes,No,No,Month-to-month,0,Credit card (automatic),28.6,973.55
5482-PLVPE,0,No phone service,DSL,No,No,No,No,No,No,Month-to-month,0,Electronic check,24.35,41.85
4902-OHLSK,1,Yes,Fiber optic,No,No,No,Yes,Yes,Yes,Month-to-month,0,Electronic check,98.65,2862.75
0495-ZBNGW,1,Yes,Fiber optic,No,No,Yes,No,No,No,Month-to-month,1,Bank transfer (automatic),79.9,343.95
2357-COQEK,1,Yes,Fiber optic,No,No,Yes,Yes,Yes,Yes,Month-to-month,1,Electronic check,103.3,2890.65
3737-GCSPV,1,Yes,Fiber optic,Yes,No,No,Yes,Yes,No,Month-to-month,1,Credit card (automatic),96.2,1222.05
4088-YLDSU,1,Yes,Fiber optic,No,No,Yes,Yes,Yes,Yes,One year,1,Electronic check,104.15,5743.05
2034-CGRHZ,1,Yes,Fiber optic,No,Yes,Yes,No,Yes,Yes,Month-to-month,1,Credit card (automatic),102.95,2496.7
5797-APWZC,1,No,Fiber optic,No,No,No,No,Yes,Yes,Month-to-month,0,Electronic check,90.6,90.6
3683-QKIUE,1,No,DSL,No,No,No,Yes,No,No,Month-to-month,1,Bank transfer (automatic),50.8,288.05
4228-ZGYUW,1,Yes,Fiber optic,No,Yes,No,No,No,Yes,Month-to-month,1,Electronic check,90.05,368.1
3519-ZKXGG,1,Yes,Fiber optic,No,No,No,No,No,No,Month-to-month,1,Electronic check,75.85,256.6
6416-TVAIH,1,No,Fiber optic,No,No,No,No,No,No,Month-to-month,1,Electronic check,68.5,68.5
5108-ADXWO,1,No,Fiber optic,Yes,No,No,No,No,No,Month-to-month,1,Electronic check,73.5,791.75
3066-RRJIO,1,No,Fiber optic,No,No,No,No,No,No,Month-to-month,1,Mailed check,69.95,69.95
6715-OFDBP,1,No,DSL,No,No,Yes,No,Yes,Yes,Month-to-month,1,Electronic check,70.05,346.4
1567-DSCIC,1,Yes,Fiber optic,No,Yes,Yes,No,Yes,No,Month-to-month,1,Electronic check,94.0,773.65
2150-UWTFY,1,No,DSL,Yes,Yes,Yes,No,No,No,Month-to-month,0,Mailed check,61.15,1422.05
2683-BPJSO,1,Yes,Fiber optic,Yes,Yes,No,No,No,No,Month-to-month,1,Electronic check,84.45,2467.1
2157-MXBJS,1,Yes,DSL,No,No,Yes,No,Yes,Yes,One year,1,Mailed check,75.3,989.45
9360-AHGNL,1,Yes,Fiber optic,Yes,No,Yes,Yes,Yes,Yes,One year,1,Mailed check,109.55,4830.25
1087-UDSIH,1,No,No,No internet service,No internet service,No internet service,No internet service,No internet service,No internet service,Month-to-month,1,Mailed check,19.6,59.75
5485-WUYWF,1,No,DSL,Yes,No,Yes,No,Yes,No,Month-to-month,0,Bank transfer (automatic),66.4,94.55
2632-UCGVD,1,Yes,Fiber optic,No,No,No,Yes,Yes,Yes,Month-to-month,1,Credit card (automatic),100.05,6871.9
5445-PZWGX,1,Yes,Fiber optic,Yes,Yes,No,Yes,No,Yes,One year,0,Electronic check,102.0,6529.25
9170-CCKOU,1,Yes,Fiber optic,Yes,Yes,Yes,No,No,No,Month-to-month,0,Credit card (automatic),90.2,1454.15
1043-YCUTE,1,Yes,No,No internet service,No internet service,No internet service,No internet service,No internet service,No internet service,Two year,1,Credit card (automatic),25.15,1327.15
3814-MLAXC,1,Yes,Fiber optic,No,No,No,Yes,No,No,Month-to-month,1,Credit card (automatic),79.85,2404.15
1226-UDFZR,1,No,DSL,No,Yes,No,No,No,No,Month-to-month,1,Mailed check,49.6,114.7
6425-YQLLO,1,Yes,Fiber optic,No,No,Yes,Yes,Yes,Yes,One year,1,Credit card (automatic),105.95,6975.25
5442-UTCVD,1,Yes,Fiber optic,No,No,Yes,No,No,Yes,Month-to-month,0,Electronic check,91.85,257.05
7734-DBOAI,0,No phone service,DSL,No,No,No,Yes,Yes,No,Month-to-month,0,Electronic check,40.1,40.1
2091-RFFBA,1,Yes,Fiber optic,No,No,No,No,No,No,Month-to-month,1,Electronic check,73.9,2217.15
2114-MGINA,1,No,Fiber optic,No,No,No,No,Yes,Yes,Month-to-month,1,Mailed check,89.8,1129.1
4489-SNOJF,1,Yes,DSL,Yes,No,Yes,Yes,Yes,No,Month-to-month,0,Electronic check,72.25,2568.55
6899-PPEEA,1,Yes,Fiber optic,No,No,No,No,Yes,Yes,Month-to-month,1,Electronic check,96.55,3580.3
2187-LZGPL,0,No phone service,DSL,No,Yes,No,No,No,Yes,Month-to-month,1,Credit card (automatic),40.1,293.3
4597-NUCQV,1,Yes,Fiber optic,No,Yes,No,No,Yes,Yes,Month-to-month,1,Electronic check,101.25,2440.15
9019-QVLZD,1,No,Fiber optic,No,No,No,No,Yes,No,Month-to-month,0,Electronic check,79.55,79.55
3707-LRWZD,1,Yes,Fiber optic,No,No,No,No,Yes,No,One year,0,Electronic check,84.05,2781.85
1455-ESIQH,1,No,Fiber optic,No,No,No,No,Yes,Yes,Month-to-month,1,Electronic check,89.1,89.1
2979-SXESE,1,Yes,Fiber optic,Yes,No,Yes,No,Yes,No,Month-to-month,0,Electronic check,94.4,1607.2
4013-TLDHQ,1,No,Fiber optic,No,Yes,Yes,No,No,No,Month-to-month,1,Electronic check,78.25,1490.95
3754-DXMRT,1,No,DSL,No,No,No,No,No,No,Month-to-month,1,Electronic check,44.15,92.65
7130-VTEWQ,1,Yes,Fiber optic,No,No,No,No,No,No,Month-to-month,1,Electronic check,75.75,606.25
6121-VZNQB,1,No,No,No internet service,No internet service,No internet service,No internet service,No internet service,No internet service,Month-to-month,1,Mailed check,19.1,19.1
7903-CMPEY,1,Yes,Fiber optic,Yes,No,No,No,No,No,Month-to-month,1,Electronic check,80.3,80.3
6996-KNSML,1,No,Fiber optic,No,No,Yes,No,No,No,Month-to-month,1,Electronic check,74.9,74.9
1704-NRWYE,1,No,Fiber optic,No,No,No,No,Yes,No,Month-to-month,1,Electronic check,80.85,751.65
2592-SEIFQ,0,No phone service,DSL,No,No,No,No,No,No,Month-to-month,0,Electronic check,24.75,66.95
7481-ATQQS,1,Yes,Fiber optic,No,No,Yes,No,No,Yes,Month-to-month,1,Credit card (automatic),90.85,4515.85
8642-GVWRF,1,No,Fiber optic,No,Yes,Yes,No,No,No,Month-to-month,0,Bank transfer (automatic),79.7,165.0
3400-ESFUW,1,No,DSL,Yes,Yes,No,Yes,No,No,Two year,0,Bank transfer (automatic),57.55,3046.4
2057-ZBLPD,1,Yes,Fiber optic,No,No,No,No,No,Yes,Month-to-month,1,Electronic check,86.5,1808.7
5502-RLUYV,1,Yes,Fiber optic,No,Yes,Yes,No,Yes,Yes,Month-to-month,1,Electronic check,103.95,7446.9
0023-HGHWL,0,No phone service,DSL,No,No,No,No,No,No,Month-to-month,1,Electronic check,25.1,25.1
9039-RBEEE,0,No phone service,DSL,Yes,Yes,No,Yes,Yes,No,Month-to-month,1,Credit card (automatic),48.95,1880.85
8417-FMLZI,1,No,Fiber optic,No,Yes,No,No,No,Yes,Month-to-month,1,Credit card (automatic),83.55,477.55
1792-UXAFY,1,No,Fiber optic,No,Yes,Yes,No,Yes,No,Month-to-month,1,Electronic check,89.15,1496.9
0515-YPMCW,1,No,Fiber optic,No,No,No,No,No,No,Month-to-month,1,Mailed check,70.45,70.45
0378-XSZPU,1,No,DSL,Yes,Yes,Yes,No,No,No,One year,0,Credit card (automatic),60.3,3563.8
4729-XKASR,0,No phone service,DSL,No,No,No,No,No,No,Month-to-month,0,Electronic check,24.75,24.75
5449-FIBXJ,1,Yes,Fiber optic,No,No,Yes,Yes,Yes,Yes,Month-to-month,0,Electronic check,103.3,2012.7
9837-BMCLM,1,No,Fiber optic,No,No,No,No,Yes,No,Month-to-month,1,Electronic check,78.5,242.05
0137-UDEUO,1,No,No,No internet service,No internet service,No internet service,No internet service,No internet service,No internet service,Month-to-month,0,Mailed check,19.85,63.75
6161-UUUTA,1,No,Fiber optic,No,No,No,No,Yes,No,Month-to-month,1,Electronic check,79.9,260.9
6543-XRMYR,1,Yes,Fiber optic,No,Yes,No,No,Yes,Yes,Month-to-month,1,Electronic check,99.7,2967.35
4925-LMHOK,1,Yes,DSL,No,Yes,No,Yes,No,No,Month-to-month,1,Credit card (automatic),58.6,939.7
1455-UGQVH,1,Yes,Fiber optic,No,No,Yes,No,Yes,Yes,Month-to-month,1,Electronic check,98.5,1037.75
8280-MQRQN,1,No,DSL,No,No,Yes,No,No,No,Month-to-month,1,Mailed check,50.45,50.45
2037-SGXHH,1,Yes,Fiber optic,No,Yes,Yes,No,Yes,No,Month-to-month,1,Electronic check,94.65,3624.3
3178-FESZO,1,Yes,Fiber optic,No,Yes,No,No,Yes,Yes,Month-to-month,1,Credit card (automatic),100.25,100.25
6087-MVHJH,1,Yes,Fiber optic,No,No,Yes,No,No,Yes,Month-to-month,1,Electronic check,88.45,1422.1
4603-JANFB,1,No,Fiber optic,No,No,No,No,No,No,Month-to-month,1,Electronic check,69.85,69.85
3018-TFTSU,1,No,Fiber optic,Yes,No,Yes,No,No,No,Month-to-month,0,Bank transfer (automatic),81.7,858.6
4806-KEXQR,1,No,Fiber optic,No,No,No,No,No,Yes,Month-to-month,1,Electronic check,79.9,324.3
7083-YNSKY,1,Yes,No,No internet service,No internet service,No internet service,No internet service,No internet service,No internet service,Month-to-month,1,Credit card (automatic),25.4,399.6
2479-BRAMR,1,Yes,Fiber optic,Yes,No,Yes,No,No,No,Month-to-month,1,Bank transfer (automatic),83.75,3273.55
7434-SHXLS,1,No,No,No internet service,No internet service,No internet service,No internet service,No internet service,No internet service,Month-to-month,0,Mailed check,20.9,20.9
7908-QCBCA,1,No,Fiber optic,No,No,No,No,No,No,Month-to-month,1,Mailed check,69.4,69.4
6711-FLDFB,1,Yes,Fiber optic,No,No,No,No,No,No,Month-to-month,1,Electronic check,74.9,541.15
3714-JTVOV,1,No,Fiber optic,Yes,No,No,No,No,No,Month-to-month,1,Credit card (automatic),74.15,3229.4
4702-IOQDC,1,No,Fiber optic,No,No,No,No,No,No,Month-to-month,1,Electronic check,70.1,70.1
6178-KFNHS,1,Yes,Fiber optic,Yes,No,No,No,No,No,Month-to-month,1,Electronic check,78.3,909.25
1264-BYWMS,1,Yes,Fiber optic,No,No,No,No,Yes,Yes,Month-to-month,1,Electronic check,96.8,5283.95
9658-WYUFB,1,Yes,Fiber optic,Yes,Yes,No,No,Yes,No,Month-to-month,1,Electronic check,94.4,1617.5
2013-SGDXK,1,No,Fiber optic,No,Yes,No,No,Yes,No,Month-to-month,0,Electronic check,84.3,84.3
8580-QVLOC,1,Yes,DSL,Yes,Yes,Yes,Yes,Yes,Yes,Two year,0,Credit card (automatic),92.45,6440.25
2012-NWRPA,1,Yes,Fiber optic,No,No,Yes,No,Yes,Yes,Month-to-month,1,Electronic check,99.55,1131.2
8808-ELEHO,1,Yes,Fiber optic,No,No,Yes,No,No,No,Month-to-month,1,Electronic check,81.25,585.95
3506-LCJDC,1,No,No,No internet service,No internet service,No internet service,No internet service,No internet service,No internet service,Month-to-month,0,Bank transfer (automatic),19.95,19.95
3934-HXCFZ,1,Yes,Fiber optic,Yes,Yes,Yes,No,Yes,No,Month-to-month,1,Electronic check,99.25,2186.4
7666-WKRON,1,No,Fiber optic,No,No,Yes,Yes,No,No,Two year,1,Electronic check,80.45,3201.55
4910-AQFFX,1,Yes,Fiber optic,No,No,Yes,No,No,No,Month-to-month,1,Bank transfer (automatic),79.35,661.25
2154-KVJFF,1,Yes,Fiber optic,No,Yes,No,No,No,No,Month-to-month,1,Electronic check,79.75,1111.85
9647-ERGBE,1,Yes,Fiber optic,No,No,Yes,No,Yes,Yes,Month-to-month,1,Electronic check,100.05,3046.15
3428-XZMAZ,1,No,Fiber optic,No,No,No,No,No,No,Month-to-month,1,Electronic check,69.35,69.35
0378-TOVMS,1,No,Fiber optic,No,No,No,Yes,No,Yes,Month-to-month,0,Electronic check,85.8,272.2
4355-HBJHH,1,Yes,DSL,Yes,No,Yes,No,Yes,Yes,Two year,1,Electronic check,79.7,5293.4
9058-CBREO,1,Yes,DSL,No,No,No,No,No,No,Month-to-month,0,Mailed check,50.55,50.55
0318-QUUOB,1,No,Fiber optic,No,No,No,No,Yes,No,Month-to-month,1,Electronic check,80.55,80.55
5520-FVEWJ,1,Yes,Fiber optic,No,Yes,Yes,No,No,No,Month-to-month,1,Electronic check,84.5,916.9
5572-ZDXHY,1,No,Fiber optic,No,Yes,No,No,No,Yes,Month-to-month,1,Mailed check,84.3,1855.65
3750-CKVKH,1,No,Fiber optic,No,No,No,No,No,No,Month-to-month,1,Electronic check,67.75,116.65
8063-GBATB,1,Yes,Fiber optic,No,No,No,No,No,Yes,Month-to-month,1,Electronic check,85.25,2287.25
4547-KQRTM,1,Yes,Fiber optic,No,Yes,No,No,No,No,Month-to-month,1,Bank transfer (automatic),80.05,830.7
4877-EVATK,1,No,No,No internet service,No internet service,No internet service,No internet service,No internet service,No internet service,Month-to-month,0,Mailed check,20.0,20.0
7639-SUPCW,1,No,DSL,Yes,No,No,No,No,No,Month-to-month,1,Credit card (automatic),48.8,1054.6
1069-XAIEM,1,Yes,Fiber optic,No,No,No,No,No,Yes,Month-to-month,1,Electronic check,85.05,85.05
4658-HCOHW,1,No,Fiber optic,No,Yes,Yes,Yes,Yes,Yes,Month-to-month,1,Electronic check,102.8,2110.15
3440-JPSCL,1,No,Fiber optic,No,No,Yes,Yes,Yes,Yes,Month-to-month,1,Mailed check,99.95,547.65
2889-FPWRM,1,Yes,Fiber optic,Yes,Yes,Yes,Yes,Yes,Yes,One year,1,Bank transfer (automatic),117.8,8684.8
6987-XQSJT,1,Yes,Fiber optic,No,Yes,No,No,No,No,Month-to-month,1,Electronic check,79.5,4370.25
4290-BSXUX,1,Yes,Fiber optic,No,No,No,Yes,No,No,Month-to-month,1,Bank transfer (automatic),79.65,251.75
0325-XBFAC,1,No,Fiber optic,No,No,Yes,No,Yes,Yes,Month-to-month,1,Electronic check,94.7,740.3
2462-XIIJB,1,Yes,Fiber optic,No,No,Yes,No,Yes,No,Month-to-month,1,Electronic check,92.5,452.7
4760-XOHVN,1,No,No,No internet service,No internet service,No internet service,No internet service,No internet service,No internet service,Month-to-month,0,Mailed check,19.45,19.45
7817-BOQPW,1,Yes,Fiber optic,No,No,No,No,No,No,Month-to-month,1,Electronic check,75.55,166.3
1853-UDXBW,1,No,Fiber optic,No,No,No,No,No,No,Month-to-month,1,Electronic check,70.0,70.0
5458-CQJTA,1,No,DSL,Yes,No,No,Yes,Yes,Yes,Two year,1,Bank transfer (automatic),74.8,4820.15
5219-YIPTK,1,Yes,Fiber optic,No,Yes,Yes,No,Yes,Yes,Month-to-month,1,Electronic check,104.4,3409.6
3540-RZJYU,1,No,Fiber optic,Yes,No,No,No,Yes,No,Month-to-month,0,Electronic check,86.2,1270.2
2091-MJTFX,0,No phone service,DSL,No,No,No,Yes,Yes,Yes,Month-to-month,0,Credit card (automatic),51.2,1561.5
0883-EIBTI,1,No,No,No internet service,No internet service,No internet service,No internet service,No internet service,No internet service,Month-to-month,0,Mailed check,19.5,31.55
0722-TROQR,1,Yes,Fiber optic,No,No,No,No,No,No,Month-to-month,1,Electronic check,74.9,321.75
7571-YXDAD,1,Yes,Fiber optic,No,No,No,No,No,No,Month-to-month,0,Credit card (automatic),74.9,147.15
3393-FMZPV,1,Yes,Fiber optic,No,Yes,No,No,Yes,Yes,Month-to-month,1,Electronic check,100.25,2387.75
6402-ZFPPI,1,Yes,Fiber optic,Yes,Yes,No,No,Yes,Yes,Month-to-month,1,Mailed check,102.8,2660.2
7486-KSRVI,1,Yes,Fiber optic,No,No,No,Yes,Yes,Yes,One year,1,Electronic check,100.0,4211.55
8443-WVPSS,1,No,Fiber optic,No,Yes,No,Yes,Yes,Yes,Month-to-month,1,Electronic check,99.85,990.9
3006-XIMLN,1,Yes,Fiber optic,No,No,No,No,Yes,Yes,Month-to-month,1,Bank transfer (automatic),94.2,193.8
9965-YOKZB,1,Yes,Fiber optic,No,No,No,No,No,Yes,Month-to-month,1,Electronic check,83.85,790.15
0504-HHAPI,1,Yes,Fiber optic,No,No,Yes,No,No,Yes,Month-to-month,0,Credit card (automatic),88.3,2467.75
6305-YLBMM,1,No,Fiber optic,No,Yes,Yes,Yes,Yes,Yes,One year,1,Bank transfer (automatic),104.05,7262.0
3647-GMGDH,1,No,Fiber optic,No,No,Yes,No,Yes,Yes,Month-to-month,1,Credit card (automatic),94.7,1914.9
3791-LGQCY,1,Yes,Fiber optic,No,No,Yes,No,Yes,Yes,Month-to-month,1,Bank transfer (automatic),100.65,5688.05
8166-ZZTFS,1,Yes,DSL,No,Yes,Yes,No,Yes,Yes,Two year,1,Bank transfer (automatic),80.55,5265.1
2956-GGUCQ,1,Yes,Fiber optic,Yes,No,No,No,No,No,Month-to-month,1,Electronic check,78.85,1772.25
6595-COKXZ,1,No,DSL,No,No,No,No,No,No,Month-to-month,1,Mailed check,44.45,44.45
0362-ZBZWJ,1,Yes,Fiber optic,No,No,No,No,No,Yes,Month-to-month,1,Electronic check,84.9,3067.2
4211-MMAZN,1,No,No,No internet service,No internet service,No internet service,No internet service,No internet service,No internet service,Month-to-month,0,Mailed check,20.25,20.25
4274-OWWYO,1,No,Fiber optic,No,Yes,No,No,No,No,Month-to-month,1,Electronic check,74.35,74.35
1541-ETJZO,1,Yes,DSL,No,No,Yes,Yes,No,No,Month-to-month,0,Mailed check,62.05,62.05
4106-HADHQ,1,No,DSL,Yes,No,Yes,Yes,Yes,Yes,One year,0,Credit card (automatic),80.0,3182.95
2369-UAPKZ,1,Yes,Fiber optic,No,Yes,Yes,No,Yes,Yes,Month-to-month,0,Mailed check,104.1,541.9
2778-OCLGR,0,No phone service,DSL,Yes,No,No,No,No,Yes,Month-to-month,0,Bank transfer (automatic),39.1,971.3
0637-KVDLV,1,Yes,Fiber optic,No,No,No,No,No,No,Month-to-month,1,Electronic check,76.5,162.45
6633-MPWBS,1,No,DSL,No,No,No,Yes,No,No,Month-to-month,1,Electronic check,49.2,216.9
8785-EPNCG,1,Yes,No,No internet service,No internet service,No internet service,No internet service,No internet service,No internet service,Month-to-month,0,Credit card (automatic),23.15,245.2
5729-KLZAR,1,No,Fiber optic,No,No,No,No,No,Yes,Month-to-month,0,Electronic check,80.85,302.75
1582-RAFML,1,Yes,DSL,No,Yes,No,Yes,No,No,Month-to-month,0,Mailed check,60.1,60.1
8740-CRYFY,1,No,Fiber optic,No,No,No,No,Yes,No,Month-to-month,1,Electronic check,78.95,78.95
2962-XPMCQ,1,No,DSL,No,No,No,No,No,No,Month-to-month,1,Electronic check,45.15,98.5
1678-FYZOW,1,No,Fiber optic,No,No,No,No,Yes,No,Month-to-month,1,Electronic check,79.4,244.65
8627-EHGIP,0,No phone service,DSL,No,Yes,Yes,No,Yes,Yes,One year,1,Mailed check,53.95,2375.4
5480-TBGPH,1,No,Fiber optic,No,Yes,Yes,No,Yes,Yes,Month-to-month,1,Credit card (automatic),99.3,2431.35
8854-CCVSQ,1,Yes,Fiber optic,No,Yes,No,No,No,No,Month-to-month,1,Electronic check,80.65,1451.9
0511-JTEOY,1,No,Fiber optic,No,No,No,No,No,No,Month-to-month,0,Mailed check,71.1,71.1
7067-KSAZT,1,Yes,Fiber optic,No,Yes,Yes,No,Yes,Yes,One year,1,Electronic check,106.25,6979.8
6532-YLWSI,1,No,No,No internet service,No internet service,No internet service,No internet service,No internet service,No internet service,One year,0,Bank transfer (automatic),20.8,1021.8
9300-AGZNL,1,Yes,Fiber optic,No,No,No,No,Yes,Yes,Month-to-month,1,Electronic check,94.0,94.0
1112-CUNAO,1,Yes,Fiber optic,No,Yes,No,No,No,Yes,Month-to-month,0,Electronic check,89.85,1424.95
5175-AOBHI,1,No,DSL,No,No,No,No,No,No,Month-to-month,1,Mailed check,46.0,193.6
5174-RNGBH,1,No,DSL,No,Yes,No,Yes,Yes,No,Month-to-month,0,Mailed check,66.25,620.55
7270-BDIOA,1,Yes,Fiber optic,No,No,No,Yes,Yes,No,Month-to-month,1,Electronic check,90.0,1993.8
9565-JSNFM,1,No,Fiber optic,No,No,No,No,No,No,One year,1,Bank transfer (automatic),70.45,2597.6
0607-DAAHE,1,No,No,No internet service,No internet service,No internet service,No internet service,No internet service,No internet service,Two year,0,Bank transfer (automatic),19.75,1052.35
9732-KPKBW,1,No,DSL,Yes,No,No,Yes,No,No,Month-to-month,1,Electronic check,53.95,53.95
3389-YGYAI,1,Yes,Fiber optic,No,Yes,Yes,No,Yes,Yes,Month-to-month,1,Electronic check,105.5,829.55
9560-ARGQJ,1,No,Fiber optic,No,No,No,No,Yes,No,Month-to-month,1,Electronic check,81.0,1312.15
5134-IKDAY,1,No,Fiber optic,No,No,No,No,No,No,Month-to-month,1,Electronic check,69.8,69.8
3070-DVEYC,1,Yes,Fiber optic,No,No,No,No,No,No,Month-to-month,0,Mailed check,73.75,545.15
5707-ORNDZ,1,Yes,DSL,Yes,No,No,No,No,No,Month-to-month,0,Electronic check,54.55,494.05
8696-JKZNU,1,Yes,Fiber optic,No,No,No,No,No,No,Month-to-month,1,Electronic check,76.25,2841.55
5380-AFSSK,1,Yes,Fiber optic,No,No,No,No,Yes,Yes,Month-to-month,1,Mailed check,93.9,486.85
2055-PDADH,1,No,Fiber optic,No,No,No,No,No,No,Month-to-month,1,Electronic check,70.4,204.7
8714-EUHJO,1,Yes,Fiber optic,No,Yes,No,No,No,Yes,Month-to-month,1,Electronic check,91.15,2995.45
3721-CNEYS,1,No,Fiber optic,No,No,No,No,No,No,Month-to-month,1,Electronic check,70.95,137.95
2568-OIADY,1,Yes,Fiber optic,No,No,Yes,No,Yes,Yes,Month-to-month,1,Electronic check,99.5,3762.0
1193-RTSLK,1,No,Fiber optic,Yes,Yes,Yes,No,No,No,Month-to-month,1,Credit card (automatic),83.9,3233.6
2302-ANTDP,1,Yes,Fiber optic,Yes,Yes,Yes,Yes,Yes,Yes,Month-to-month,0,Electronic check,117.45,5438.9
5923-GXUOC,1,No,Fiber optic,Yes,Yes,Yes,No,Yes,Yes,Month-to-month,1,Electronic check,104.4,1081.45
5233-GEEAX,0,No phone service,DSL,No,No,Yes,No,No,No,Month-to-month,1,Electronic check,29.4,221.9
4432-ADRLB,1,No,DSL,No,No,No,No,No,No,Month-to-month,0,Mailed check,44.65,74.9
8993-PHFWD,0,No phone service,DSL,No,No,No,No,No,No,Month-to-month,0,Electronic check,25.25,58.9
1565-RHDJD,1,Yes,Fiber optic,No,Yes,Yes,No,No,No,Month-to-month,0,Bank transfer (automatic),84.05,333.55
7137-RYLPP,1,Yes,Fiber optic,No,No,No,No,Yes,No,Month-to-month,1,Electronic check,85.7,3171.15
3765-JXVKY,1,No,Fiber optic,No,Yes,No,No,No,No,Month-to-month,1,Electronic check,74.7,74.7
7330-WZLNC,1,Yes,Fiber optic,No,Yes,No,No,Yes,No,Month-to-month,1,Electronic check,90.8,455.5
3957-LXOLK,1,Yes,Fiber optic,No,Yes,Yes,No,Yes,Yes,Month-to-month,1,Electronic check,106.15,3152.5
6635-MYYYZ,1,No,DSL,Yes,Yes,Yes,Yes,Yes,Yes,One year,0,Bank transfer (automatic),85.35,2530.4
5281-BUZGT,1,Yes,Fiber optic,Yes,No,No,No,Yes,No,Month-to-month,1,Electronic check,90.85,3186.7
5378-IKEEG,0,No phone service,DSL,No,No,No,No,Yes,No,Month-to-month,1,Electronic check,35.75,35.75
2718-GAXQD,1,No,DSL,No,No,No,No,No,No,Month-to-month,0,Electronic check,46.0,181.6
6413-XKKPU,1,No,Fiber optic,Yes,No,Yes,No,Yes,No,Month-to-month,1,Electronic check,89.4,1539.45
1449-XQEMT,1,No,No,No internet service,No internet service,No internet service,No internet service,No internet service,No internet service,Month-to-month,1,Mailed check,19.8,58.15
2626-URJFX,1,Yes,DSL,No,No,No,No,No,No,Month-to-month,1,Electronic check,50.9,225.6
2612-RRIDN,1,No,Fiber optic,No,No,No,No,Yes,No,Month-to-month,1,Electronic check,81.0,340.85
4735-ASGMA,1,Yes,Fiber optic,No,No,Yes,No,Yes,Yes,Month-to-month,1,Electronic check,98.35,2515.3
3669-LVWZB,0,No phone service,DSL,No,Yes,No,No,Yes,Yes,Month-to-month,1,Mailed check,51.0,305.95
6892-EZDTG,1,Yes,Fiber optic,No,Yes,No,No,Yes,No,Month-to-month,1,Electronic check,91.65,365.4
9725-SCPZG,1,No,Fiber optic,No,No,No,No,Yes,Yes,Month-to-month,1,Electronic check,90.85,90.85
5884-GCYMI,1,No,Fiber optic,No,No,No,No,No,No,Month-to-month,0,Mailed check,69.4,69.4
3217-FZDMN,1,No,Fiber optic,No,No,Yes,No,Yes,Yes,Month-to-month,1,Credit card (automatic),94.45,742.95
7853-GVUDZ,1,No,No,No internet service,No internet service,No internet service,No internet service,No internet service,No internet service,Month-to-month,1,Credit card (automatic),20.15,20.15
7480-QNVZJ,1,Yes,Fiber optic,No,No,No,No,Yes,Yes,Month-to-month,1,Electronic check,95.7,4816.7
3943-KDREE,1,Yes,Fiber optic,No,No,No,No,No,No,Month-to-month,1,Bank transfer (automatic),74.95,1834.95
9239-ZBZZV,0,No phone service,DSL,No,No,Yes,No,Yes,Yes,Month-to-month,1,Electronic check,47.95,305.1
4398-HSCJH,1,Yes,DSL,No,No,No,Yes,Yes,No,Month-to-month,1,Electronic check,63.6,155.65
4430-UZIPO,0,No phone service,DSL,No,Yes,No,Yes,No,No,Month-to-month,1,Mailed check,36.85,108.7
4855-SNKMY,1,No,DSL,No,No,No,No,No,No,Month-to-month,1,Electronic check,44.1,44.1
8008-HAWED,0,No phone service,DSL,No,No,Yes,No,Yes,Yes,Month-to-month,1,Electronic check,50.75,712.75
7124-UGSUR,1,Yes,Fiber optic,No,Yes,Yes,No,Yes,Yes,One year,1,Credit card (automatic),104.4,6405.0
1862-SKORY,0,No phone service,DSL,No,Yes,No,No,Yes,No,Month-to-month,1,Electronic check,39.3,1637.4
1502-XFCVR,1,No,Fiber optic,Yes,Yes,Yes,No,Yes,Yes,One year,1,Electronic check,106.45,6145.85
9692-TUSXH,1,No,Fiber optic,Yes,No,No,No,Yes,Yes,Month-to-month,1,Electronic check,96.05,1740.7
7912-SYRQT,1,Yes,Fiber optic,No,No,No,No,No,No,Month-to-month,1,Bank transfer (automatic),75.1,552.95
4816-JBHOV,1,No,DSL,No,No,No,No,No,No,Month-to-month,1,Electronic check,44.7,93.7
8292-TYSPY,1,No,DSL,No,No,Yes,Yes,No,No,Month-to-month,1,Credit card (automatic),55.0,1046.5
1867-BDVFH,1,Yes,Fiber optic,No,No,No,No,No,No,Month-to-month,1,Electronic check,74.35,834.2
2359-QWQUL,1,No,Fiber optic,Yes,No,Yes,Yes,Yes,Yes,One year,1,Credit card (automatic),104.7,4134.85
9103-TCIHJ,1,Yes,DSL,Yes,No,No,No,No,No,Month-to-month,1,Mailed check,55.7,899.8
4140-WJAWW,1,No,No,No internet service,No internet service,No internet service,No internet service,No internet service,No internet service,Month-to-month,0,Credit card (automatic),19.85,108.05
6653-CBBOM,1,No,Fiber optic,No,No,No,No,No,No,Month-to-month,1,Electronic check,70.3,70.3
3247-ZVOUO,1,Yes,Fiber optic,No,No,No,No,No,Yes,Month-to-month,0,Electronic check,85.55,851.75
6101-IMRMM,1,No,Fiber optic,No,No,Yes,No,Yes,Yes,Month-to-month,0,Mailed check,94.5,575.45
1268-ASBGA,1,Yes,Fiber optic,No,No,No,No,No,Yes,Month-to-month,1,Credit card (automatic),85.35,1375.15
8943-URTMR,1,No,Fiber optic,No,No,No,No,Yes,No,Month-to-month,1,Mailed check,79.65,152.7
4713-LZDRV,1,No,Fiber optic,No,No,No,No,No,Yes,Month-to-month,1,Electronic check,79.6,195.05
4325-NFSKC,1,Yes,Fiber optic,Yes,No,No,No,Yes,No,Month-to-month,1,Electronic check,90.6,1660.0
2955-PSXOE,1,No,No,No internet service,No internet service,No internet service,No internet service,No internet service,No internet service,Month-to-month,1,Bank transfer (automatic),20.2,20.2
7762-URZQH,1,Yes,Fiber optic,Yes,No,Yes,No,Yes,Yes,Two year,1,Credit card (automatic),106.05,6981.35
6907-NZZIJ,1,Yes,Fiber optic,No,Yes,No,No,Yes,Yes,Month-to-month,1,Electronic check,99.15,3615.6
2911-UREFD,0,No phone service,DSL,Yes,No,Yes,No,Yes,Yes,Month-to-month,0,Electronic check,55.9,2184.35
3744-ZRRDZ,1,Yes,Fiber optic,No,Yes,No,No,No,No,Month-to-month,1,Electronic check,82.35,1852.85
5673-TIYIB,0,No phone service,DSL,No,Yes,Yes,Yes,No,No,Month-to-month,1,Credit card (automatic),40.4,77.15
1602-IJQQE,1,Yes,Fiber optic,No,No,No,No,No,No,Month-to-month,0,Electronic check,75.35,338.1
4628-WQCQQ,1,No,Fiber optic,No,No,Yes,No,Yes,No,One year,1,Electronic check,85.15,3030.6
1644-IRKSF,1,No,Fiber optic,No,No,Yes,No,Yes,Yes,One year,1,Electronic check,93.8,3124.5
3705-PSNGL,1,No,No,No internet service,No internet service,No internet service,No internet service,No internet service,No internet service,One year,1,Electronic check,20.4,930.45
6502-HCJTI,1,Yes,Fiber optic,Yes,Yes,No,No,No,Yes,Month-to-month,1,Credit card (automatic),94.7,673.1
2606-RMDHZ,0,No phone service,DSL,No,Yes,No,No,No,No,Month-to-month,1,Credit card (automatic),30.5,208.7
8258-GSTJK,1,Yes,Fiber optic,No,No,No,No,No,No,Month-to-month,1,Electronic check,77.0,237.75
6861-OKBCE,1,No,No,No internet service,No internet service,No internet service,No internet service,No internet service,No internet service,Month-to-month,0,Credit card (automatic),20.1,221.35
9940-RHLFB,1,No,Fiber optic,No,No,Yes,No,No,No,Month-to-month,0,Electronic check,75.3,75.3
2995-UPRYS,1,No,Fiber optic,No,Yes,No,Yes,Yes,Yes,One year,1,Credit card (automatic),99.2,4062.2
6686-YPGHK,1,No,Fiber optic,Yes,No,No,No,No,Yes,Month-to-month,0,Mailed check,85.5,4042.3
1383-EZRWL,1,No,No,No internet service,No internet service,No internet service,No internet service,No internet service,No internet service,Month-to-month,0,Mailed check,20.05,164.85
4759-TRPLW,1,No,Fiber optic,No,No,No,No,No,No,Month-to-month,0,Electronic check,70.4,70.4
8563-IIOXK,1,No,DSL,Yes,No,No,No,No,No,One year,1,Electronic check,49.75,331.3
8020-BWHYL,1,No,Fiber optic,No,Yes,No,No,No,No,Month-to-month,1,Credit card (automatic),75.3,1147.45
2982-VPSGI,1,Yes,Fiber optic,No,No,No,No,Yes,Yes,Month-to-month,1,Electronic check,94.0,1078.9
8199-ZLLSA,1,Yes,Fiber optic,Yes,Yes,Yes,Yes,Yes,Yes,One year,1,Bank transfer (automatic),118.35,7804.15
4625-EWPTF,0,No phone service,DSL,Yes,No,No,No,No,No,Month-to-month,1,Electronic check,30.45,226.45
5980-NOPLP,1,Yes,Fiber optic,No,No,No,No,Yes,Yes,Month-to-month,1,Electronic check,96.1,4364.1
6892-XPFPU,1,Yes,Fiber optic,No,Yes,Yes,No,Yes,Yes,Month-to-month,1,Electronic check,104.25,2433.9
8010-EZLOU,1,Yes,Fiber optic,No,Yes,No,No,No,No,Month-to-month,1,Electronic check,80.2,1217.25
9874-QLCLH,1,Yes,Fiber optic,Yes,No,Yes,No,Yes,Yes,Month-to-month,1,Electronic check,104.2,1743.5
8062-YBDOE,1,No,Fiber optic,No,No,No,No,No,No,Month-to-month,1,Electronic check,69.65,69.65
6000-APYLU,1,No,Fiber optic,No,No,No,No,No,Yes,Month-to-month,1,Electronic check,80.8,713.1
0947-IDHRQ,1,No,Fiber optic,No,No,No,No,Yes,No,Month-to-month,1,Mailed check,80.3,526.7
3672-YITQD,1,Yes,Fiber optic,No,No,No,No,No,Yes,Month-to-month,1,Electronic check,84.1,3021.6
9048-JVYVF,1,No,DSL,No,No,No,Yes,Yes,Yes,Month-to-month,1,Electronic check,69.35,191.35
8988-ECPJR,1,Yes,Fiber optic,No,Yes,No,No,No,No,Month-to-month,1,Mailed check,79.6,2718.3
3776-EKTKM,0,No phone service,DSL,No,No,No,No,Yes,No,Month-to-month,1,Electronic check,36.45,36.45
1902-XBTFB,1,No,Fiber optic,No,Yes,Yes,No,Yes,No,Month-to-month,1,Electronic check,89.4,2001.5
0643-OKLRP,1,Yes,Fiber optic,Yes,No,No,No,No,No,Month-to-month,0,Electronic check,80.35,3825.85
9381-NDKME,0,No phone service,DSL,No,No,Yes,No,No,Yes,Month-to-month,1,Credit card (automatic),40.65,933.3
2794-XIMMO,0,No phone service,DSL,No,Yes,Yes,Yes,Yes,Yes,One year,1,Electronic check,60.45,3184.25
8382-SHQEH,1,Yes,Fiber optic,No,No,No,No,No,Yes,Month-to-month,1,Electronic check,84.9,764.95
2983-ZANRP,1,No,Fiber optic,No,Yes,No,No,No,No,Month-to-month,1,Bank transfer (automatic),73.55,145.4
7845-URHJN,1,No,No,No internet service,No internet service,No internet service,No internet service,No internet service,No internet service,Month-to-month,0,Bank transfer (automatic),20.15,156.25
3034-ZBEQN,0,No phone service,DSL,No,Yes,Yes,No,No,No,One year,0,Mailed check,34.7,1604.5
8327-LZKAS,1,Yes,Fiber optic,No,No,Yes,Yes,Yes,Yes,One year,1,Electronic check,107.55,4533.9
1075-BGWOH,1,Yes,Fiber optic,No,No,Yes,No,Yes,Yes,Month-to-month,1,Electronic check,98.75,1587.55
0302-JOIVN,1,No,Fiber optic,No,Yes,Yes,No,Yes,Yes,Month-to-month,0,Electronic check,101.15,842.9
5366-IJEQJ,1,Yes,Fiber optic,No,No,Yes,No,Yes,No,Month-to-month,1,Electronic check,88.7,1761.45
1981-INRFU,1,No,Fiber optic,No,No,No,No,Yes,No,Month-to-month,1,Electronic check,79.75,164.5
4971-PUYQO,1,Yes,Fiber optic,No,No,No,No,Yes,Yes,Month-to-month,1,Mailed check,94.55,2724.6
8485-GJCDN,1,No,Fiber optic,No,No,No,No,No,No,Month-to-month,1,Mailed check,69.05,318.5
1527-SXDPN,1,Yes,Fiber optic,No,No,Yes,Yes,No,Yes,Two year,1,Bank transfer (automatic),96.25,4990.25
6029-WTIPC,1,Yes,Fiber optic,No,No,Yes,No,Yes,Yes,Month-to-month,1,Electronic check,101.1,3744.05
8634-CILSZ,1,Yes,Fiber optic,No,Yes,No,Yes,Yes,Yes,One year,1,Bank transfer (automatic),104.7,7220.35
6682-QJDGB,1,No,DSL,Yes,Yes,No,No,No,No,Month-to-month,1,Mailed check,55.25,2139.2
8780-IXSTS,1,Yes,Fiber optic,No,Yes,No,No,Yes,No,Month-to-month,1,Electronic check,90.1,521.3
9530-EHPOH,1,Yes,DSL,No,No,Yes,No,No,No,Month-to-month,0,Electronic check,53.75,608.0
0345-HKJVM,1,No,Fiber optic,No,No,No,No,Yes,Yes,Month-to-month,0,Electronic check,89.3,577.6
3049-SOLAY,1,Yes,Fiber optic,No,No,No,No,Yes,Yes,Month-to-month,1,Electronic check,95.2,292.85
3317-HRTNN,0,No phone service,DSL,No,No,No,No,Yes,Yes,Month-to-month,0,Electronic check,45.7,198.0
3235-ETOOB,1,No,Fiber optic,Yes,No,No,No,No,No,Month-to-month,1,Electronic check,74.5,609.9
8058-INTPH,1,No,Fiber optic,No,No,No,No,Yes,No,Month-to-month,1,Electronic check,79.65,79.65
5569-OUICF,1,Yes,Fiber optic,No,No,No,Yes,Yes,Yes,Month-to-month,1,Credit card (automatic),101.3,2812.2
8821-XNHVZ,1,No,Fiber optic,No,No,No,No,Yes,No,Month-to-month,1,Mailed check,80.05,80.05
2082-OJVTK,1,Yes,Fiber optic,No,No,Yes,No,No,Yes,Month-to-month,1,Electronic check,89.2,2698.35
5940-NFXKV,1,Yes,Fiber optic,No,No,No,No,No,Yes,Month-to-month,1,Electronic check,83.65,1465.75
8053-WWDRO,1,No,No,No internet service,No internet service,No internet service,No internet service,No internet service,No internet service,Month-to-month,0,Bank transfer (automatic),19.5,146.3
9564-KCLHR,1,No,DSL,No,No,No,Yes,No,No,Month-to-month,0,Mailed check,51.25,51.25
2082-CEFLT,1,No,DSL,No,No,No,No,No,No,Month-to-month,1,Electronic check,45.6,45.6
1213-NGCUN,1,No,DSL,No,No,No,Yes,No,No,Month-to-month,1,Bank transfer (automatic),49.65,267.35
5688-KZTSN,1,No,No,No internet service,No internet service,No internet service,No internet service,No internet service,No internet service,Month-to-month,1,Electronic check,20.0,288.05
2894-QOJRX,0,No phone service,DSL,No,No,No,No,Yes,No,Month-to-month,1,Bank transfer (automatic),34.0,853.0
5747-PMBSQ,1,No,Fiber optic,No,Yes,Yes,Yes,Yes,No,Month-to-month,1,Mailed check,92.5,934.1
3143-JQEGI,1,No,Fiber optic,No,No,No,No,Yes,Yes,Month-to-month,0,Electronic check,88.35,1222.8
6386-SZZKH,1,Yes,Fiber optic,No,Yes,Yes,Yes,Yes,Yes,Two year,1,Bank transfer (automatic),107.95,5293.2
2982-IHMFT,1,Yes,Fiber optic,No,No,No,No,No,No,Month-to-month,1,Mailed check,74.45,74.45
3521-SYVOR,1,No,DSL,No,No,No,No,Yes,Yes,Month-to-month,1,Electronic check,64.75,2345.2
9526-JAWYF,1,No,Fiber optic,No,Yes,Yes,No,Yes,No,Month-to-month,0,Electronic check,89.8,2335.3
5649-VUKMC,1,No,Fiber optic,No,No,Yes,No,Yes,Yes,One year,0,Mailed check,95.5,1115.15
5143-EGQFK,0,No phone service,DSL,No,No,No,Yes,No,No,Month-to-month,1,Electronic check,29.65,291.4
4919-IKATY,1,Yes,Fiber optic,Yes,No,Yes,No,No,No,Month-to-month,1,Electronic check,84.5,453.75
9050-QLROH,1,Yes,Fiber optic,No,No,Yes,No,No,Yes,Month-to-month,1,Credit card (automatic),90.7,1597.25
6168-WFVVF,1,No,Fiber optic,No,No,No,No,No,No,Month-to-month,1,Electronic check,70.3,235.5
0877-SDMBN,1,Yes,Fiber optic,Yes,No,Yes,No,Yes,Yes,One year,1,Bank transfer (automatic),103.95,5639.05
8065-YKXKD,1,Yes,Fiber optic,No,No,No,No,No,No,Month-to-month,1,Electronic check,74.75,799.65
9637-EIHEQ,1,No,DSL,No,No,No,Yes,No,No,Month-to-month,1,Electronic check,50.8,50.8
9689-PTNPG,1,No,Fiber optic,No,No,No,No,Yes,No,Month-to-month,1,Electronic check,80.25,144.55
9465-RWMXL,1,Yes,Fiber optic,No,No,Yes,No,No,No,Month-to-month,1,Electronic check,78.9,2447.95
2362-IBOOY,1,Yes,Fiber optic,No,No,No,No,No,Yes,Month-to-month,1,Electronic check,84.75,3050.15
0843-WTBXE,1,Yes,Fiber optic,No,No,No,No,Yes,No,Month-to-month,0,Bank transfer (automatic),85.45,4517.25
5515-IDEJJ,1,No,No,No internet service,No internet service,No internet service,No internet service,No internet service,No internet service,Month-to-month,0,Mailed check,19.9,19.9
7450-NWRTR,1,Yes,Fiber optic,No,No,Yes,No,Yes,Yes,Month-to-month,1,Electronic check,99.45,1200.15
5376-DEQCP,1,No,Fiber optic,No,No,No,No,No,No,Month-to-month,1,Electronic check,70.6,70.6
9095-HFAFX,1,No,Fiber optic,No,No,No,No,Yes,No,Month-to-month,1,Credit card (automatic),81.0,389.6
2379-ENZGV,1,No,Fiber optic,No,Yes,No,No,Yes,No,Month-to-month,1,Electronic check,84.85,523.5
6005-OBZPH,1,Yes,Fiber optic,No,Yes,No,No,Yes,No,Month-to-month,1,Electronic check,89.15,2277.65
7932-WPTDS,0,No phone service,DSL,No,No,No,No,No,No,Month-to-month,1,Electronic check,24.8,24.8
2722-VOJQL,1,Yes,Fiber optic,No,Yes,No,Yes,Yes,Yes,One year,1,Credit card (automatic),105.65,6903.1
5228-EXCET,1,No,Fiber optic,No,No,No,No,No,Yes,Month-to-month,1,Electronic check,80.85,1008.7
7394-FKDNK,1,No,Fiber optic,No,No,No,No,Yes,Yes,Month-to-month,0,Electronic check,89.45,853.1
6331-LWDTQ,1,Yes,DSL,No,No,No,No,Yes,Yes,Month-to-month,1,Credit card (automatic),72.15,794.25
1597-FZREH,1,No,DSL,No,No,Yes,Yes,Yes,Yes,Month-to-month,0,Electronic check,76.4,160.8
7000-WCEVQ,1,Yes,DSL,No,No,No,No,No,Yes,Month-to-month,1,Mailed check,61.6,1174.35
0727-IWKVK,1,No,Fiber optic,No,Yes,Yes,No,No,No,Month-to-month,1,Electronic check,79.9,741.7
5959-BELXA,1,Yes,Fiber optic,No,No,No,No,Yes,Yes,Month-to-month,1,Credit card (automatic),96.15,3019.25
3512-IZIKN,1,Yes,DSL,Yes,No,Yes,Yes,No,No,Two year,0,Credit card (automatic),65.3,4759.75
6141-OOXUQ,1,No,No,No internet service,No internet service,No internet service,No internet service,No internet service,No internet service,Month-to-month,0,Mailed check,19.65,19.65
7503-ZGUZJ,1,Yes,Fiber optic,No,No,No,No,Yes,No,Month-to-month,1,Mailed check,84.65,84.65
2506-TNFCO,1,No,Fiber optic,No,No,No,No,No,No,Month-to-month,1,Electronic check,69.55,69.55
8718-PTMEZ,0,No phone service,DSL,No,Yes,No,No,No,No,Month-to-month,1,Electronic check,31.05,347.25
2207-OBZNX,1,No,DSL,Yes,No,No,No,No,No,Month-to-month,1,Mailed check,51.0,354.05
6142-VSJQO,1,No,DSL,No,No,No,No,No,No,Month-to-month,1,Bank transfer (automatic),44.35,44.35
6437-UKHMV,1,No,Fiber optic,No,No,No,No,Yes,No,Month-to-month,1,Electronic check,79.7,586.05
1114-CENIM,1,Yes,DSL,No,Yes,No,No,No,No,Month-to-month,1,Credit card (automatic),55.0,3092.65
6060-DRTNL,1,No,Fiber optic,No,No,Yes,No,Yes,No,Month-to-month,1,Mailed check,84.85,415.55
8473-VUVJN,1,Yes,Fiber optic,No,No,No,No,No,No,Month-to-month,1,Electronic check,73.65,73.65
6289-CPNLD,1,No,DSL,No,No,Yes,Yes,Yes,Yes,One year,1,Mailed check,73.9,2405.05
5536-SLHPM,1,Yes,Fiber optic,No,No,Yes,No,No,No,Month-to-month,1,Electronic check,77.75,4458.15
0196-VULGZ,1,Yes,Fiber optic,No,No,No,No,No,Yes,Month-to-month,1,Electronic check,84.35,474.9
8837-VVWLQ,1,No,Fiber optic,Yes,No,No,No,Yes,No,Month-to-month,0,Electronic check,84.95,668.4
2696-NARTR,1,No,Fiber optic,No,No,No,Yes,No,No,Month-to-month,1,Electronic check,73.85,926.25
7614-QVWQL,0,No phone service,DSL,No,Yes,No,No,Yes,Yes,One year,1,Bank transfer (automatic),51.8,2541.25
1976-CFOCS,1,No,DSL,No,No,No,No,No,No,Month-to-month,0,Electronic check,46.0,46.0
4631-OACRM,1,No,Fiber optic,No,No,No,No,No,Yes,Month-to-month,1,Electronic check,79.4,1156.1
3755-JBMNH,1,No,Fiber optic,No,No,No,No,No,No,Month-to-month,1,Bank transfer (automatic),71.8,1167.8
6345-ULYRW,1,Yes,Fiber optic,No,Yes,No,No,No,Yes,One year,0,Mailed check,88.4,3912.9
1809-DMJHQ,1,No,DSL,No,No,No,No,No,No,Month-to-month,0,Mailed check,46.0,221.7
6923-EFPNL,1,Yes,DSL,No,No,No,No,No,No,Month-to-month,0,Credit card (automatic),51.75,201.1
9574-RKJIF,1,Yes,Fiber optic,Yes,Yes,No,No,Yes,No,Month-to-month,1,Electronic check,94.4,2838.7
2619-WFQWU,1,No,Fiber optic,No,No,No,No,No,No,Month-to-month,1,Mailed check,70.15,70.15
0778-NELLA,0,No phone service,DSL,No,No,No,No,Yes,No,Month-to-month,1,Credit card (automatic),34.7,296.1
4614-NUVZD,1,No,Fiber optic,No,No,No,No,No,Yes,Month-to-month,1,Electronic check,81.1,81.1
3803-KMQFW,1,No,No,No internet service,No internet service,No internet service,No internet service,No internet service,No internet service,Month-to-month,0,Mailed check,20.55,20.55
6804-GDMOI,1,Yes,Fiber optic,No,No,Yes,Yes,Yes,Yes,Two year,1,Electronic check,106.6,6428.4
9572-MTILT,1,Yes,Fiber optic,Yes,Yes,Yes,Yes,Yes,No,Month-to-month,1,Electronic check,106.75,6252.9
9611-CTWIH,1,No,Fiber optic,No,No,No,No,Yes,Yes,Month-to-month,1,Electronic check,89.45,240.45
0329-GTIAJ,1,No,Fiber optic,No,Yes,No,Yes,Yes,Yes,Month-to-month,1,Electronic check,97.9,315.3
6629-CZTTH,1,No,DSL,No,No,No,No,No,Yes,Month-to-month,1,Mailed check,55.7,55.7
5364-EVNIB,1,No,Fiber optic,No,Yes,Yes,No,No,No,Month-to-month,1,Electronic check,79.8,973.45
5087-SUURX,0,No phone service,DSL,No,No,Yes,No,Yes,No,Month-to-month,1,Electronic check,39.05,669.85
0013-EXCHZ,1,No,Fiber optic,No,No,No,Yes,Yes,No,Month-to-month,1,Mailed check,83.9,267.4
5550-VFRLC,1,No,Fiber optic,No,No,No,No,No,No,Month-to-month,1,Electronic check,69.85,69.85
4929-BSTRX,1,No,DSL,No,No,No,No,Yes,No,Month-to-month,1,Mailed check,53.55,53.55
2225-ZRGSG,1,Yes,Fiber optic,Yes,Yes,Yes,Yes,No,No,Two year,0,Bank transfer (automatic),93.9,6579.05
5271-YNWVR,1,Yes,Fiber optic,Yes,Yes,Yes,Yes,Yes,Yes,Two year,1,Electronic check,113.15,7856.0
2657-ALMWY,1,No,Fiber optic,No,Yes,No,No,No,Yes,Month-to-month,0,Electronic check,84.95,2169.75
6330-JKLPC,1,Yes,Fiber optic,No,Yes,No,No,No,No,Month-to-month,1,Bank transfer (automatic),80.5,896.9
4667-OHGKG,1,No,No,No internet service,No internet service,No internet service,No internet service,No internet service,No internet service,Month-to-month,1,Mailed check,19.3,19.3
1660-HSOOQ,1,No,DSL,No,No,Yes,No,No,No,Month-to-month,1,Mailed check,49.65,49.65
7253-UVNDW,1,No,DSL,No,No,Yes,Yes,No,No,Two year,0,Credit card (automatic),54.35,2460.15
7228-OMTPN,1,No,Fiber optic,No,No,No,No,Yes,Yes,Month-to-month,1,Electronic check,88.45,370.65
6284-AHOOQ,1,Yes,Fiber optic,No,No,No,Yes,Yes,No,Month-to-month,1,Bank transfer (automatic),90.5,1910.6
2344-JMOGN,1,No,Fiber optic,No,Yes,Yes,Yes,Yes,No,Month-to-month,1,Mailed check,94.85,890.6
3799-ISUZQ,1,No,Fiber optic,No,No,No,No,No,No,Month-to-month,1,Bank transfer (automatic),69.95,529.5
1794-HBQTJ,1,No,DSL,Yes,No,No,No,No,No,Month-to-month,1,Credit card (automatic),48.6,48.6
2460-FPSYH,0,No phone service,DSL,Yes,Yes,No,No,Yes,Yes,Month-to-month,1,Electronic check,55.8,2109.35
4818-DRBQT,1,Yes,Fiber optic,No,Yes,No,No,No,No,Month-to-month,1,Bank transfer (automatic),80.15,2265.25
1320-HTRDR,1,Yes,Fiber optic,No,No,No,No,No,No,Month-to-month,1,Electronic check,75.5,220.6
1493-AMTIE,1,No,No,No internet service,No internet service,No internet service,No internet service,No internet service,No internet service,Month-to-month,1,Bank transfer (automatic),20.2,20.2
6424-ELEYH,1,Yes,Fiber optic,No,No,No,No,No,No,Month-to-month,1,Credit card (automatic),74.75,229.5
4391-RESHN,1,Yes,Fiber optic,No,No,Yes,Yes,Yes,Yes,Month-to-month,1,Mailed check,104.05,2470.1
6821-BUXUX,1,Yes,Fiber optic,Yes,Yes,No,No,Yes,No,Month-to-month,1,Electronic check,96.65,1244.5
5028-HTLJB,1,No,No,No internet service,No internet service,No internet service,No internet service,No internet service,No internet service,Month-to-month,0,Mailed check,20.05,20.05
9801-GDWGV,1,Yes,Fiber optic,No,Yes,Yes,No,Yes,Yes,Month-to-month,1,Electronic check,103.45,3994.45
2320-JRSDE,1,No,No,No internet service,No internet service,No internet service,No internet service,No internet service,No internet service,Month-to-month,1,Electronic check,19.9,19.9
0601-WZHJF,0,No phone service,DSL,No,No,No,No,Yes,Yes,Month-to-month,0,Electronic check,46.35,667.7
5143-WMWOG,1,No,No,No internet service,No internet service,No internet service,No internet service,No internet service,No internet service,Month-to-month,0,Electronic check,19.95,19.95
5393-RXQSZ,1,No,Fiber optic,No,No,No,No,No,Yes,Month-to-month,0,Electronic check,79.6,79.6
0231-LXVAP,1,No,Fiber optic,No,No,No,Yes,No,No,Month-to-month,1,Electronic check,75.9,75.9
9444-JTXHZ,1,No,Fiber optic,No,No,Yes,No,No,No,Month-to-month,0,Electronic check,76.2,76.2
5510-BOIUJ,1,No,No,No internet service,No internet service,No internet service,No internet service,No internet service,No internet service,Month-to-month,0,Mailed check,19.25,19.25
4471-KXAUH,1,Yes,Fiber optic,No,No,Yes,Yes,No,No,Month-to-month,1,Electronic check,84.3,3588.4
7638-QVMVY,1,No,Fiber optic,No,No,No,No,Yes,No,Month-to-month,1,Electronic check,79.0,522.95
3244-DCJWY,1,No,Fiber optic,No,No,No,No,No,No,Month-to-month,1,Electronic check,70.25,70.25
0875-CABNR,1,No,Fiber optic,No,No,Yes,No,No,Yes,Month-to-month,1,Credit card (automatic),84.6,865.55
7812-FZHPE,1,Yes,No,No internet service,No internet service,No internet service,No internet service,No internet service,No internet service,Month-to-month,0,Mailed check,24.1,409.9
4797-AXPXK,1,No,DSL,Yes,Yes,No,Yes,No,No,Month-to-month,1,Electronic check,60.0,60.0
5229-PRWKT,1,Yes,Fiber optic,No,No,No,No,No,Yes,Month-to-month,1,Electronic check,86.55,649.65
6982-UQZLY,1,No,No,No internet service,No internet service,No internet service,No internet service,No internet service,No internet service,Month-to-month,1,Mailed check,20.85,20.85
5057-LCOUI,0,No phone service,DSL,No,No,Yes,No,Yes,Yes,Month-to-month,1,Electronic check,50.75,2011.4
0193-ESZXP,1,No,Fiber optic,Yes,Yes,No,Yes,Yes,Yes,One year,1,Credit card (automatic),105.5,6205.5
4369-HTUIF,1,No,Fiber optic,Yes,No,No,No,Yes,No,Month-to-month,1,Bank transfer (automatic),85.15,503.6
0156-FVPTA,1,No,DSL,Yes,No,No,Yes,No,No,Month-to-month,1,Electronic check,54.2,1152.7
1984-FCOWB,1,Yes,Fiber optic,No,Yes,Yes,Yes,Yes,Yes,One year,1,Electronic check,109.5,7674.55
0654-HMSHN,1,Yes,Fiber optic,No,Yes,Yes,No,Yes,Yes,Month-to-month,0,Electronic check,104.4,2157.95
5287-QWLKY,1,Yes,Fiber optic,Yes,Yes,No,No,Yes,Yes,Month-to-month,1,Credit card (automatic),105.1,7548.1
5196-SGOAK,1,No,Fiber optic,No,Yes,No,No,No,No,Month-to-month,1,Electronic check,75.7,75.7
1891-UAWWU,1,Yes,Fiber optic,No,No,Yes,No,Yes,No,Month-to-month,0,Electronic check,90.8,1951.0
6108-OQZDQ,1,Yes,Fiber optic,No,Yes,No,No,Yes,Yes,Month-to-month,1,Electronic check,97.95,384.5
0363-QJVFX,1,Yes,Fiber optic,Yes,Yes,No,Yes,Yes,Yes,Month-to-month,1,Credit card (automatic),108.15,3432.9
9840-DVNDC,1,No,Fiber optic,No,No,No,No,Yes,No,Month-to-month,1,Credit card (automatic),80.5,463.05
3096-JRDSO,1,Yes,Fiber optic,Yes,No,No,Yes,Yes,Yes,Month-to-month,1,Bank transfer (automatic),104.3,2867.75
8042-JVNFH,1,No,Fiber optic,No,No,No,No,No,No,Month-to-month,1,Mailed check,71.35,71.35
3374-LXDEV,1,Yes,Fiber optic,No,Yes,Yes,Yes,No,No,Month-to-month,0,Electronic check,89.4,1132.35
5049-GLYVG,1,No,No,No internet service,No internet service,No internet service,No internet service,No internet service,No internet service,Month-to-month,0,Mailed check,20.6,20.6
5883-GTGVD,1,Yes,Fiber optic,No,Yes,No,No,Yes,Yes,Month-to-month,1,Electronic check,99.95,1931.75
4817-QRJSX,1,Yes,Fiber optic,No,Yes,No,No,No,No,Month-to-month,1,Credit card (automatic),81.0,818.05
2398-YPMUR,1,No,Fiber optic,No,No,No,No,No,No,Month-to-month,1,Electronic check,70.15,916.75
9985-MWVIX,1,No,Fiber optic,No,No,No,No,No,No,Month-to-month,1,Mailed check,70.15,70.15
1265-XTECC,1,Yes,Fiber optic,Yes,Yes,No,No,No,Yes,One year,1,Credit card (automatic),96.55,6581.9
2237-ZFSMY,1,No,Fiber optic,Yes,No,Yes,Yes,Yes,No,One year,1,Electronic check,95.55,3692.85
4871-JTKJF,1,No,Fiber optic,No,No,No,No,No,No,Month-to-month,1,Electronic check,69.65,69.65
1415-YFWLT,1,No,Fiber optic,No,No,No,No,Yes,Yes,Month-to-month,1,Electronic check,89.3,89.3
6711-VTNRE,1,No,Fiber optic,No,No,Yes,Yes,No,Yes,Month-to-month,1,Electronic check,87.55,3078.1
3500-RMZLT,1,No,Fiber optic,Yes,No,Yes,Yes,No,Yes,Month-to-month,1,Mailed check,96.3,1426.75
4548-SDBKE,1,Yes,Fiber optic,No,No,No,No,Yes,No,Month-to-month,1,Electronic check,85.2,474.8
8066-POXGX,0,No phone service,DSL,No,No,No,No,No,Yes,Month-to-month,1,Electronic check,35.1,446.1
4143-OOBWZ,1,Yes,Fiber optic,No,Yes,No,No,No,No,Month-to-month,1,Electronic check,81.3,416.3
7854-EKTJL,1,No,No,No internet service,No internet service,No internet service,No internet service,No internet service,No internet service,Month-to-month,1,Electronic check,19.6,35.85
9102-IAYHT,1,Yes,Fiber optic,No,No,No,No,No,Yes,Month-to-month,1,Electronic check,85.45,1451.6
3422-LYEPQ,1,No,Fiber optic,No,No,No,No,No,No,Month-to-month,1,Electronic check,71.0,71.0
2642-DTVCO,1,Yes,Fiber optic,No,No,No,No,No,Yes,Month-to-month,1,Electronic check,85.05,746.5
4361-JEIVL,1,No,DSL,No,No,No,No,No,No,Month-to-month,1,Electronic check,44.4,44.4
1363-TXLSL,1,No,Fiber optic,No,No,No,No,No,No,Month-to-month,1,Electronic check,70.3,70.3
9507-EXLTT,1,No,Fiber optic,No,No,No,No,Yes,No,Month-to-month,1,Bank transfer (automatic),79.35,79.35
9846-GKXAS,1,No,Fiber optic,No,No,No,No,Yes,Yes,Month-to-month,1,Bank transfer (automatic),90.8,809.75
6017-PPLPX,1,No,Fiber optic,No,No,No,No,No,No,Month-to-month,1,Electronic check,70.45,1470.95
7136-RVDTZ,0,No phone service,DSL,No,No,No,No,Yes,Yes,One year,1,Electronic check,45.25,3264.45
4581-SSPWD,1,Yes,Fiber optic,No,No,No,No,No,No,Month-to-month,1,Electronic check,75.8,246.3
6927-WTFIV,1,No,Fiber optic,No,No,No,No,No,No,Month-to-month,0,Credit card (automatic),71.3,1389.2
3398-ZOUAA,1,No,Fiber optic,No,No,No,No,No,No,Month-to-month,1,Electronic check,69.1,1474.75
0378-NHQXU,1,Yes,Fiber optic,No,No,Yes,No,Yes,No,Month-to-month,0,Electronic check,88.25,1460.65
4512-ZUIYL,1,No,Fiber optic,No,No,No,No,No,No,Month-to-month,0,Bank transfer (automatic),70.0,153.05
7969-AULMZ,1,Yes,Fiber optic,No,No,No,No,Yes,Yes,Month-to-month,1,Electronic check,97.35,2119.5
0568-ONFPC,1,Yes,No,No internet service,No internet service,No internet service,No internet service,No internet service,No internet service,Month-to-month,1,Bank transfer (automatic),25.9,135.0
0733-VUNUW,1,Yes,DSL,Yes,No,No,No,No,No,Month-to-month,1,Bank transfer (automatic),55.65,1400.55
4550-EVXNY,1,No,Fiber optic,No,No,No,No,No,No,Month-to-month,1,Electronic check,69.65,69.65
2968-SSGAA,1,Yes,Fiber optic,No,No,Yes,No,Yes,Yes,Month-to-month,1,Electronic check,100.6,1060.2
4844-JJWUY,1,No,Fiber optic,No,Yes,No,No,No,Yes,Month-to-month,1,Electronic check,86.0,86.0
6777-TGHTM,1,Yes,Fiber optic,Yes,No,Yes,No,Yes,Yes,One year,1,Credit card (automatic),106.95,5785.5
3538-WZPHD,0,No phone service,DSL,No,Yes,No,No,No,No,Month-to-month,1,Electronic check,29.6,79.45
4785-QRJHC,0,No phone service,DSL,No,Yes,Yes,Yes,Yes,Yes,One year,1,Bank transfer (automatic),59.9,2816.65
8610-WFCJF,1,Yes,Fiber optic,No,No,No,No,Yes,Yes,Month-to-month,1,Electronic check,95.6,4783.5
4905-JEFDW,0,No phone service,DSL,No,No,Yes,No,Yes,No,One year,1,Electronic check,41.6,470.6
7881-INRLC,1,Yes,Fiber optic,No,Yes,No,No,Yes,Yes,Month-to-month,1,Credit card (automatic),100.85,4740.0
0117-LFRMW,0,No phone service,DSL,Yes,Yes,Yes,No,No,No,Month-to-month,0,Bank transfer (automatic),40.2,1448.8
6172-FECYY,1,Yes,Fiber optic,No,No,No,No,Yes,No,Month-to-month,0,Electronic check,84.5,4254.85
1965-AKTSX,1,Yes,Fiber optic,No,Yes,No,No,No,No,Month-to-month,1,Electronic check,78.95,1101.85
4786-UKSNZ,1,No,No,No internet service,No internet service,No internet service,No internet service,No internet service,No internet service,Month-to-month,0,Mailed check,20.2,20.2
7248-VZQLC,1,Yes,Fiber optic,No,Yes,Yes,No,No,No,Month-to-month,1,Bank transfer (automatic),85.2,3969.35
0011-IGKFF,1,No,Fiber optic,No,Yes,Yes,No,Yes,Yes,Month-to-month,1,Electronic check,98.0,1237.85
4192-GORJT,1,No,Fiber optic,No,No,Yes,No,Yes,Yes,Month-to-month,1,Electronic check,94.45,498.1
6496-SLWHQ,1,Yes,Fiber optic,No,Yes,Yes,No,Yes,Yes,Month-to-month,1,Electronic check,105.0,294.45
9912-GVSEQ,1,Yes,Fiber optic,No,Yes,Yes,No,No,Yes,Month-to-month,1,Electronic check,93.85,2381.55
5383-MMTWC,1,Yes,Fiber optic,No,No,No,No,No,Yes,Month-to-month,1,Electronic check,84.0,613.4
7240-ETPTR,0,No phone service,DSL,No,No,Yes,No,Yes,Yes,Month-to-month,1,Electronic check,48.75,442.2
2202-CUYXZ,1,No,Fiber optic,No,No,Yes,No,Yes,No,Month-to-month,1,Electronic check,84.85,84.85
5995-OIGLP,1,No,DSL,Yes,No,No,Yes,No,No,Month-to-month,0,Mailed check,56.65,654.85
6261-RCVNS,1,No,DSL,Yes,Yes,Yes,Yes,No,Yes,One year,0,Credit card (automatic),73.9,3160.55
7951-QKZPL,1,Yes,No,No internet service,No internet service,No internet service,No internet service,No internet service,No internet service,Two year,1,Mailed check,24.5,740.3
3640-PHQXK,1,Yes,Fiber optic,No,No,Yes,No,No,Yes,Month-to-month,1,Electronic check,89.9,2806.9
6877-LGWXO,1,No,Fiber optic,No,No,No,No,No,Yes,Month-to-month,0,Electronic check,78.55,1422.65
8019-ENHXU,1,Yes,Fiber optic,No,Yes,Yes,Yes,No,Yes,Month-to-month,1,Electronic check,99.45,4138.05
5167-GBFRE,0,No phone service,DSL,No,No,No,No,No,No,Month-to-month,1,Bank transfer (automatic),25.2,102.5
9033-EOXWV,1,Yes,DSL,No,No,No,Yes,Yes,Yes,One year,0,Mailed check,74.05,872.65
1324-NLTJE,1,Yes,DSL,No,No,No,Yes,No,No,Month-to-month,0,Credit card (automatic),55.0,757.1
1522-VVDMG,1,No,Fiber optic,No,Yes,No,Yes,Yes,No,Month-to-month,1,Electronic check,89.75,608.8
9185-TQCVP,1,Yes,Fiber optic,No,No,No,No,No,Yes,Month-to-month,1,Electronic check,85.15,1139.2
5567-WSELE,1,Yes,Fiber optic,No,No,No,No,Yes,Yes,Month-to-month,1,Electronic check,94.6,279.55
8063-RJYNF,1,No,Fiber optic,Yes,No,No,No,Yes,Yes,Month-to-month,1,Electronic check,94.25,1483.25
0687-ZVTHB,1,Yes,DSL,Yes,Yes,Yes,No,No,Yes,One year,0,Credit card (automatic),72.45,4653.85
9661-ACXBS,1,Yes,Fiber optic,Yes,No,Yes,No,Yes,Yes,Month-to-month,1,Electronic check,105.2,4400.75
3727-RJMEO,1,Yes,Fiber optic,No,No,No,No,Yes,No,Month-to-month,1,Electronic check,82.85,460.25
6646-VRFOL,1,Yes,Fiber optic,No,Yes,Yes,No,Yes,Yes,Month-to-month,1,Electronic check,103.85,5485.5
5685-IIXLY,1,No,Fiber optic,No,Yes,No,No,No,Yes,Month-to-month,1,Electronic check,83.6,404.2
4250-ZBWLV,1,Yes,Fiber optic,No,Yes,Yes,Yes,Yes,Yes,One year,0,Electronic check,108.45,7176.55
5095-AESKG,1,Yes,Fiber optic,No,Yes,No,No,No,Yes,Month-to-month,1,Credit card (automatic),91.5,242.95
1871-MOWRM,1,No,Fiber optic,Yes,No,No,Yes,No,No,Month-to-month,0,Bank transfer (automatic),80.85,866.45
2027-OAQQC,0,No phone service,DSL,No,No,Yes,No,Yes,Yes,Month-to-month,1,Bank transfer (automatic),49.05,2076.2
9090-SGQXL,1,Yes,Fiber optic,No,Yes,Yes,No,Yes,Yes,Month-to-month,1,Electronic check,105.3,7299.65
6595-YGXIT,1,Yes,Fiber optic,No,Yes,No,No,Yes,No,Month-to-month,1,Electronic check,88.95,2291.2
9835-ZIITK,1,Yes,Fiber optic,No,Yes,Yes,Yes,Yes,Yes,One year,1,Electronic check,110.85,7491.75
1555-DJEQW,1,Yes,Fiber optic,Yes,Yes,Yes,Yes,Yes,Yes,Two year,1,Bank transfer (automatic),114.2,7723.9
5649-TJHOV,0,No phone service,DSL,No,No,No,No,No,Yes,Month-to-month,0,Bank transfer (automatic),36.5,1032.0
0519-XUZJU,1,No,Fiber optic,No,No,No,No,No,No,Month-to-month,0,Mailed check,70.75,70.75
6338-AVWCY,0,No phone service,DSL,No,No,Yes,No,Yes,No,Month-to-month,1,Mailed check,40.15,130.75
9253-QXKBE,1,Yes,Fiber optic,No,No,No,No,Yes,Yes,Month-to-month,1,Electronic check,94.45,2653.65
9445-SZLCH,1,Yes,Fiber optic,No,Yes,Yes,No,Yes,No,Month-to-month,1,Bank transfer (automatic),97.35,3457.9
7568-PODML,0,No phone service,DSL,No,No,No,No,Yes,Yes,Month-to-month,1,Mailed check,45.3,45.3
5349-IECLD,1,No,Fiber optic,No,No,Yes,No,Yes,Yes,Month-to-month,0,Electronic check,94.95,178.1
3945-GFWQL,1,No,DSL,No,No,No,No,No,No,Month-to-month,1,Electronic check,44.55,480.6
3797-VTIDR,0,No phone service,DSL,No,No,No,No,No,No,Month-to-month,1,Electronic check,23.45,23.45
9526-BIHHD,0,No phone service,DSL,Yes,No,No,No,No,No,Month-to-month,0,Mailed check,29.7,29.7
4523-WXCEF,1,Yes,Fiber optic,No,Yes,No,No,Yes,Yes,Month-to-month,0,Electronic check,101.1,6039.9
8364-TRMMK,1,Yes,DSL,No,No,No,No,No,No,Month-to-month,1,Mailed check,50.65,151.3
3063-QFSZL,1,No,DSL,No,No,No,No,No,Yes,Month-to-month,1,Electronic check,55.4,55.4
8775-LHDJH,1,Yes,Fiber optic,No,Yes,No,No,Yes,No,Month-to-month,1,Electronic check,90.6,90.6
3097-NQYSN,1,Yes,Fiber optic,No,No,No,No,Yes,No,Month-to-month,1,Mailed check,86.85,156.35
3565-UNOCC,1,Yes,Fiber optic,No,No,Yes,No,Yes,Yes,Month-to-month,1,Bank transfer (automatic),99.05,2952.85
9249-FXSCK,1,Yes,Fiber optic,Yes,Yes,No,Yes,Yes,Yes,One year,1,Credit card (automatic),111.25,5916.45
5493-SDRDQ,1,No,DSL,Yes,No,Yes,No,No,No,Month-to-month,1,Mailed check,55.1,113.35
0871-URUWO,1,Yes,Fiber optic,No,No,Yes,No,Yes,Yes,Month-to-month,1,Credit card (automatic),102.25,1359.0
9190-MFJLN,1,No,Fiber optic,No,No,Yes,No,Yes,Yes,Month-to-month,1,Credit card (automatic),95.9,1777.9
1095-JUDTC,1,Yes,Fiber optic,No,Yes,No,Yes,Yes,No,Month-to-month,1,Electronic check,95.05,4504.55
0870-VEMYL,1,No,DSL,Yes,No,No,Yes,No,No,Month-to-month,0,Credit card (automatic),53.85,259.8
5385-SUIRI,1,Yes,Fiber optic,Yes,No,Yes,No,Yes,Yes,Month-to-month,1,Electronic check,104.2,5568.35
3982-XWFZQ,1,Yes,DSL,No,No,No,No,No,No,Month-to-month,1,Electronic check,50.25,2203.65
4009-ALQFH,1,No,Fiber optic,No,Yes,Yes,No,Yes,Yes,Month-to-month,1,Electronic check,99.5,2369.05
3627-FCRDW,1,No,Fiber optic,No,No,No,No,No,No,Month-to-month,0,Electronic check,71.0,672.55
7562-GSUHK,1,No,Fiber optic,No,Yes,Yes,No,No,Yes,Month-to-month,1,Credit card (automatic),93.2,1573.7
4903-UYAVB,1,No,No,No internet service,No internet service,No internet service,No internet service,No internet service,No internet service,Month-to-month,0,Mailed check,19.35,126.05
6776-TLWOI,1,No,No,No internet service,No internet service,No internet service,No internet service,No internet service,No internet service,Month-to-month,0,Mailed check,19.85,64.55
4077-CROMM,1,Yes,Fiber optic,No,No,Yes,Yes,Yes,Yes,Month-to-month,1,Electronic check,104.2,3243.45
2868-MZAGQ,1,No,Fiber optic,No,No,No,No,No,Yes,Month-to-month,1,Electronic check,79.25,79.25
4847-QNOKA,1,No,DSL,No,No,No,No,No,No,Month-to-month,1,Bank transfer (automatic),44.9,44.9
6379-RXJRQ,1,No,Fiber optic,No,No,No,No,No,No,Month-to-month,1,Electronic check,70.1,659.65
8650-RHRKE,0,No phone service,DSL,No,No,Yes,No,No,No,Month-to-month,1,Electronic check,29.65,118.5
0475-RIJEP,1,Yes,Fiber optic,No,Yes,No,No,No,No,Month-to-month,1,Electronic check,77.85,3365.85
1260-TTRXI,1,No,DSL,No,No,No,No,No,Yes,Month-to-month,0,Electronic check,54.3,195.3
6328-ZPBGN,1,Yes,Fiber optic,No,No,No,No,Yes,Yes,Month-to-month,1,Bank transfer (automatic),95.15,997.65
4789-KWMXN,1,Yes,Fiber optic,Yes,No,Yes,Yes,Yes,Yes,One year,1,Credit card (automatic),110.85,5275.8
2867-UIMSS,1,No,Fiber optic,No,No,No,No,No,Yes,Month-to-month,0,Electronic check,80.5,80.5
8111-RKSPX,1,Yes,Fiber optic,No,No,No,No,No,No,Month-to-month,1,Bank transfer (automatic),72.2,305.55
1585-MQSSU,1,No,DSL,No,No,No,Yes,No,No,Month-to-month,0,Mailed check,51.5,900.5
2856-NNASM,1,No,Fiber optic,No,No,No,No,Yes,Yes,Month-to-month,1,Mailed check,89.55,3856.75
8559-CIZFV,1,Yes,DSL,Yes,Yes,No,Yes,Yes,No,One year,0,Mailed check,77.5,1625.0
7547-EKNFS,1,Yes,Fiber optic,No,Yes,Yes,No,Yes,No,Month-to-month,1,Bank transfer (automatic),95.25,3959.35
6769-DYBQN,1,No,Fiber optic,Yes,No,No,No,No,Yes,Month-to-month,0,Electronic check,85.0,3969.4
4439-JMPMT,1,No,Fiber optic,No,No,No,Yes,Yes,No,Month-to-month,1,Electronic check,85.75,470.95
2446-BEGGB,1,Yes,Fiber optic,No,Yes,No,No,Yes,Yes,Month-to-month,1,Electronic check,98.25,560.6
1496-GGSUK,0,No phone service,DSL,No,No,No,No,No,No,Month-to-month,1,Mailed check,25.7,25.7
2575-GFSOE,1,No,Fiber optic,No,No,No,No,No,No,Month-to-month,1,Electronic check,69.0,506.9
2842-JTCCU,1,No,DSL,No,No,No,No,No,No,Month-to-month,0,Bank transfer (automatic),46.05,80.35
3296-SILRA,1,No,Fiber optic,No,Yes,No,No,No,No,Month-to-month,1,Mailed check,76.4,76.4
9681-OXGVC,1,Yes,Fiber optic,No,No,Yes,No,Yes,Yes,Month-to-month,1,Electronic check,100.5,514.0
5180-UCIIQ,0,No phone service,DSL,Yes,No,No,No,No,Yes,Month-to-month,0,Mailed check,40.05,880.2
7153-OANIO,1,No,Fiber optic,No,No,No,No,No,No,Month-to-month,0,Electronic check,69.95,69.95
6521-YYTYI,1,Yes,Fiber optic,No,No,No,No,Yes,Yes,Month-to-month,1,Electronic check,93.3,93.3
8878-HMWBV,1,No,DSL,No,No,Yes,No,No,No,Month-to-month,1,Electronic check,49.15,169.05
3751-KTZEL,0,No phone service,DSL,No,No,No,No,No,Yes,Month-to-month,0,Mailed check,35.05,35.05
1977-STDKI,1,No,Fiber optic,No,Yes,No,No,No,No,Month-to-month,1,Electronic check,73.0,73.0
5813-UECBU,1,Yes,Fiber optic,No,Yes,Yes,No,No,No,Month-to-month,1,Credit card (automatic),83.85,2716.3
0328-GRPMV,1,No,Fiber optic,No,No,No,No,No,No,Month-to-month,1,Electronic check,70.1,70.1
4342-HENTK,1,No,Fiber optic,No,No,No,No,No,No,Month-to-month,1,Electronic check,70.65,142.35
4195-SMMNX,1,No,No,No internet service,No internet service,No internet service,No internet service,No internet service,No internet service,Month-to-month,0,Mailed check,20.35,33.2
6956-SMUCM,1,No,Fiber optic,Yes,No,Yes,No,Yes,Yes,Month-to-month,1,Credit card (automatic),99.0,287.4
3223-WZWJM,1,Yes,Fiber optic,No,No,No,No,No,Yes,Month-to-month,1,Electronic check,83.95,2254.2
9053-JZFKV,1,Yes,Fiber optic,Yes,Yes,Yes,Yes,Yes,Yes,Two year,0,Credit card (automatic),116.2,7752.3
2530-ENDWQ,1,Yes,Fiber optic,No,No,No,No,Yes,Yes,Two year,1,Bank transfer (automatic),93.7,6585.35
6615-ZGEDR,1,No,No,No internet service,No internet service,No internet service,No internet service,No internet service,No internet service,Month-to-month,0,Mailed check,19.7,19.7
9250-WYPLL,1,Yes,Fiber optic,No,No,No,No,No,No,Month-to-month,0,Electronic check,75.55,413.65
2754-XBHTB,1,No,Fiber optic,No,No,No,No,Yes,No,Month-to-month,1,Bank transfer (automatic),77.65,714.15
1597-LHYNC,1,Yes,Fiber optic,Yes,Yes,No,No,No,Yes,Month-to-month,1,Electronic check,95.0,2497.2
7055-VKGDA,1,No,Fiber optic,Yes,Yes,No,Yes,Yes,Yes,One year,1,Credit card (automatic),105.4,5643.4
0754-UKWQP,1,No,Fiber optic,No,No,Yes,No,Yes,Yes,Month-to-month,1,Electronic check,95.85,197.7
7493-TPUWZ,1,Yes,Fiber optic,No,Yes,No,No,No,No,Month-to-month,1,Electronic check,79.15,79.15
1577-HKTFG,1,No,No,No internet service,No internet service,No internet service,No internet service,No internet service,No internet service,Month-to-month,0,Bank transfer (automatic),19.65,655.85
8752-STIVR,1,No,Fiber optic,No,No,No,No,Yes,No,Month-to-month,1,Electronic check,79.0,303.15
4558-FANTW,1,No,Fiber optic,Yes,No,No,Yes,Yes,No,Month-to-month,0,Electronic check,91.85,1574.45
8651-ENBZX,1,Yes,Fiber optic,No,No,Yes,Yes,Yes,Yes,One year,1,Electronic check,106.0,6441.4
7623-TRNQN,1,No,DSL,No,No,No,Yes,No,No,Month-to-month,1,Mailed check,49.9,49.9
9330-IJWIO,1,Yes,Fiber optic,Yes,No,No,No,Yes,Yes,Month-to-month,1,Electronic check,100.35,1358.85
9286-DOJGF,1,Yes,Fiber optic,No,No,No,No,No,No,Month-to-month,1,Bank transfer (automatic),74.95,2869.85
9661-MHUMO,1,No,DSL,No,No,No,Yes,No,No,Month-to-month,1,Credit card (automatic),49.25,49.25
1842-EZJMK,1,Yes,Fiber optic,No,Yes,No,Yes,Yes,Yes,Month-to-month,0,Electronic check,103.7,5071.05
8079-XRJRS,1,Yes,Fiber optic,Yes,Yes,Yes,No,No,No,One year,0,Electronic check,89.75,5769.6
8073-IJDCM,1,No,No,No internet service,No internet service,No internet service,No internet service,No internet service,No internet service,Month-to-month,1,Mailed check,20.3,20.3
8884-ADFVN,1,Yes,Fiber optic,No,No,Yes,No,Yes,Yes,Month-to-month,1,Electronic check,101.95,700.85
2720-WGKHP,1,Yes,Fiber optic,No,No,No,No,Yes,Yes,Month-to-month,1,Electronic check,94.0,181.7
2869-ADAWR,1,Yes,Fiber optic,No,Yes,No,No,Yes,No,Month-to-month,1,Credit card (automatic),89.3,4016.85
9894-EZEWG,1,No,Fiber optic,No,Yes,No,No,No,No,Month-to-month,1,Credit card (automatic),74.3,74.3
7851-FLGGQ,0,No phone service,DSL,No,Yes,No,Yes,No,Yes,Month-to-month,1,Mailed check,44.65,44.65
0637-UBJRP,1,No,Fiber optic,Yes,No,No,No,No,Yes,Month-to-month,0,Electronic check,84.05,1095.3
0940-OUQEC,1,Yes,Fiber optic,No,Yes,No,No,No,No,Month-to-month,1,Bank transfer (automatic),80.7,788.8
0702-PGIBZ,1,Yes,Fiber optic,No,Yes,No,No,Yes,Yes,Month-to-month,1,Electronic check,101.7,364.55
1963-VAUKV,1,No,No,No internet service,No internet service,No internet service,No internet service,No internet service,No internet service,Month-to-month,0,Mailed check,20.4,20.4
3058-HJCUY,1,Yes,Fiber optic,No,No,Yes,Yes,Yes,Yes,One year,1,Electronic check,102.6,4213.35
3259-FDWOY,1,Yes,Fiber optic,No,Yes,Yes,No,Yes,Yes,Two year,1,Bank transfer (automatic),106.0,7723.7
0807-ZABDG,1,No,DSL,Yes,No,No,Yes,No,No,Month-to-month,1,Mailed check,55.1,154.65
5748-RNCJT,1,Yes,Fiber optic,No,No,Yes,Yes,Yes,Yes,Two year,1,Bank transfer (automatic),106.5,7348.8
7739-LAXOG,1,Yes,Fiber optic,No,No,Yes,No,No,Yes,Month-to-month,1,Bank transfer (automatic),91.05,2954.5
9776-CLUJA,1,Yes,Fiber optic,Yes,No,No,No,No,No,Month-to-month,1,Electronic check,77.5,3807.35
6034-ZRYCV,0,No phone service,DSL,No,Yes,Yes,No,Yes,Yes,Two year,1,Electronic check,54.2,3937.45
2079-FBMZK,1,No,Fiber optic,No,No,No,No,No,No,Month-to-month,1,Mailed check,69.25,418.4
6608-QQLVK,1,No,DSL,No,No,Yes,No,No,No,Month-to-month,1,Electronic check,50.5,50.5
3551-HUAZH,1,Yes,Fiber optic,No,No,No,No,No,No,Month-to-month,1,Electronic check,74.4,74.4
6302-JGYRJ,1,Yes,DSL,No,Yes,No,Yes,Yes,Yes,One year,1,Mailed check,79.45,2587.7
3685-YLCMQ,1,Yes,Fiber optic,No,No,Yes,Yes,Yes,Yes,One year,1,Electronic check,104.65,6219.6
8634-MPHTR,1,Yes,Fiber optic,No,No,Yes,No,Yes,Yes,Month-to-month,1,Electronic check,100.05,4871.05
8761-NSOBC,1,No,Fiber optic,No,Yes,No,Yes,Yes,Yes,Month-to-month,0,Electronic check,100.55,4398.15
8413-VONUO,1,No,Fiber optic,No,Yes,No,No,Yes,Yes,Month-to-month,0,Electronic check,95.65,167.3
9223-UCPVT,1,No,Fiber optic,No,No,Yes,No,Yes,Yes,Month-to-month,0,Electronic check,94.4,94.4
4351-QLCSU,1,No,DSL,No,No,No,No,Yes,No,Month-to-month,1,Credit card (automatic),55.0,55.0
5419-JPRRN,1,Yes,Fiber optic,No,No,Yes,No,Yes,Yes,Month-to-month,1,Electronic check,101.45,101.45
2100-BDNSN,1,Yes,DSL,No,No,Yes,Yes,Yes,No,Month-to-month,0,Bank transfer (automatic),67.95,350.3
0488-GSLFR,1,No,Fiber optic,No,No,No,No,No,No,Month-to-month,1,Electronic check,69.5,69.5
9318-NKNFC,1,No,No,No internet service,No internet service,No internet service,No internet service,No internet service,No internet service,Month-to-month,1,Mailed check,18.85,18.85
9728-FTTVZ,1,No,Fiber optic,No,No,No,No,No,No,Month-to-month,1,Electronic check,69.2,69.2
7254-IQWOZ,1,No,Fiber optic,No,No,No,No,No,No,Month-to-month,1,Electronic check,69.65,69.65
2474-BRUCM,1,Yes,Fiber optic,Yes,No,No,No,Yes,Yes,Month-to-month,0,Electronic check,101.85,4086.3
0742-NXBGR,1,No,Fiber optic,No,Yes,Yes,No,No,No,Month-to-month,1,Electronic check,82.3,82.3
6110-OHIHY,1,No,Fiber optic,No,No,No,No,Yes,No,Month-to-month,0,Electronic check,79.25,267.6
5889-LFOLL,1,Yes,Fiber optic,No,No,No,No,No,Yes,Month-to-month,1,Electronic check,84.6,1115.2
5708-EVONK,1,Yes,Fiber optic,Yes,Yes,No,No,No,Yes,Month-to-month,1,Bank transfer (automatic),93.4,5435.6
8708-XPXHZ,1,Yes,Fiber optic,No,No,No,No,Yes,Yes,Month-to-month,1,Electronic check,94.2,4186.3
0616-ATFGB,0,No phone service,DSL,No,No,No,No,No,No,Month-to-month,0,Electronic check,25.05,25.05
7016-BPGEU,0,No phone service,DSL,No,No,No,No,No,No,Month-to-month,1,Credit card (automatic),25.1,712.85
6876-ADESB,1,No,DSL,No,No,Yes,No,No,No,Month-to-month,0,Electronic check,48.95,48.95
1963-SVUCV,1,No,DSL,No,No,No,No,No,No,Month-to-month,0,Electronic check,45.3,45.3
0220-EBGCE,1,No,Fiber optic,No,No,Yes,No,No,Yes,Month-to-month,1,Electronic check,85.85,167.3
2754-VDLTR,1,Yes,Fiber optic,No,No,No,No,Yes,Yes,Month-to-month,0,Electronic check,95.2,930.4
3190-XFANI,1,Yes,Fiber optic,No,No,No,Yes,Yes,Yes,One year,1,Bank transfer (automatic),100.6,5069.65
7551-DACSP,1,No,DSL,No,Yes,Yes,No,No,No,Month-to-month,1,Mailed check,55.3,324.25
7235-NXZCP,1,Yes,Fiber optic,No,No,No,No,No,No,Month-to-month,1,Mailed check,74.85,156.4
0520-FDVVT,1,No,Fiber optic,No,Yes,Yes,No,Yes,Yes,One year,1,Bank transfer (automatic),102.35,3626.1
1444-VVSGW,1,Yes,Fiber optic,Yes,Yes,Yes,Yes,Yes,Yes,One year,0,Credit card (automatic),115.65,7968.85
5712-PTIWW,1,No,Fiber optic,No,No,Yes,Yes,No,No,Month-to-month,1,Electronic check,79.85,152.45
3315-TOTBP,1,Yes,Fiber optic,No,No,No,No,No,No,Month-to-month,1,Mailed check,76.0,1130.85
6661-HBGWL,1,Yes,Fiber optic,No,Yes,Yes,No,Yes,Yes,Month-to-month,1,Bank transfer (automatic),104.75,4323.45
1518-VOWAV,1,No,DSL,Yes,Yes,No,No,Yes,Yes,Month-to-month,1,Electronic check,74.65,703.55
5909-ECHUI,1,No,DSL,No,No,No,No,No,Yes,Month-to-month,1,Electronic check,56.25,56.25
1309-BXVOQ,1,Yes,Fiber optic,No,No,Yes,Yes,Yes,Yes,Month-to-month,1,Electronic check,106.1,2249.95
9317-WZPGV,1,No,Fiber optic,No,No,No,No,No,Yes,Month-to-month,1,Bank transfer (automatic),79.75,159.4
2856-HYAPG,1,No,Fiber optic,No,No,No,No,No,No,Month-to-month,0,Electronic check,68.65,68.65
4488-PSYCG,1,No,No,No internet service,No internet service,No internet service,No internet service,No internet service,No internet service,Month-to-month,0,Bank transfer (automatic),20.25,327.45
3621-CEOVK,1,Yes,Fiber optic,No,Yes,No,No,Yes,Yes,Month-to-month,1,Electronic check,100.2,1369.8
6906-ANDWJ,1,Yes,Fiber optic,No,No,No,No,No,No,Month-to-month,1,Bank transfer (automatic),74.9,1107.25
1031-IIDEO,1,No,Fiber optic,No,No,No,No,No,No,Month-to-month,1,Electronic check,70.85,70.85
5832-XKAES,1,No,Fiber optic,No,No,No,No,No,No,Month-to-month,1,Credit card (automatic),69.8,134.7
4701-AHWMW,0,No phone service,DSL,No,No,Yes,Yes,Yes,Yes,Month-to-month,1,Bank transfer (automatic),54.55,2978.3
9210-IAHGH,1,No,DSL,No,No,No,Yes,Yes,Yes,Month-to-month,1,Credit card (automatic),70.75,450.8
0023-XUOPT,1,Yes,Fiber optic,No,Yes,Yes,No,Yes,No,Month-to-month,0,Electronic check,94.1,1215.6
4592-IWTJI,0,No phone service,DSL,Yes,No,No,No,No,No,Month-to-month,0,Credit card (automatic),29.7,91.7
7632-MNYOY,1,Yes,Fiber optic,No,Yes,Yes,Yes,Yes,Yes,One year,0,Credit card (automatic),110.9,7432.05
6518-LGAOV,1,Yes,Fiber optic,No,No,Yes,Yes,Yes,Yes,Month-to-month,1,Electronic check,105.0,4026.4
7242-QZLXF,0,No phone service,DSL,No,No,No,No,No,No,Month-to-month,1,Electronic check,25.3,25.3
4576-CSAJH,1,No,DSL,No,Yes,No,Yes,No,No,One year,1,Credit card (automatic),55.15,1193.05
1000-AJSLD,1,No,No,No internet service,No internet service,No internet service,No internet service,No internet service,No internet service,Month-to-month,1,Mailed check,20.1,20.1
1062-LHZOD,1,No,Fiber optic,No,No,No,No,No,No,Month-to-month,1,Mailed check,69.9,69.9
9600-NAXZN,1,Yes,Fiber optic,No,Yes,No,No,Yes,Yes,Month-to-month,1,Electronic check,101.4,4528.0
6457-USBER,1,No,Fiber optic,No,No,No,No,No,Yes,Month-to-month,1,Electronic check,80.8,80.8
4662-EKDPQ,1,Yes,DSL,No,No,No,No,No,Yes,Month-to-month,0,Bank transfer (automatic),62.05,118.3
9248-OJYKK,1,Yes,Fiber optic,No,No,No,No,No,No,Month-to-month,1,Electronic check,76.45,76.45
3398-FSHON,1,Yes,Fiber optic,No,Yes,No,No,Yes,No,Month-to-month,1,Electronic check,91.3,1094.5
3319-DWOEP,1,No,Fiber optic,No,No,Yes,No,Yes,Yes,Month-to-month,1,Electronic check,95.75,573.75
9259-PACGQ,1,Yes,DSL,Yes,Yes,No,Yes,No,No,Month-to-month,0,Electronic check,62.65,2274.9
4415-IJZTP,1,Yes,Fiber optic,No,No,No,No,No,No,Month-to-month,1,Electronic check,74.5,74.5
1465-VINDH,1,Yes,Fiber optic,No,Yes,Yes,No,Yes,Yes,Month-to-month,1,Credit card (automatic),102.1,1068.85
2810-FTLEM,1,No,DSL,Yes,No,No,No,No,No,Month-to-month,1,Electronic check,50.15,762.25
1925-TIBLE,1,Yes,Fiber optic,No,No,No,No,Yes,No,Month-to-month,1,Electronic check,86.5,582.5
0818-OCPZO,1,Yes,Fiber optic,No,Yes,No,No,No,No,Month-to-month,1,Electronic check,81.45,2122.05
1447-GIQMR,1,No,Fiber optic,No,No,No,No,No,No,Month-to-month,1,Electronic check,69.15,69.15
0872-NXJYS,1,No,Fiber optic,No,No,No,No,No,Yes,Month-to-month,1,Electronic check,79.55,723.4
9412-ARGBX,1,No,Fiber optic,No,Yes,Yes,Yes,Yes,No,Two year,1,Mailed check,95.5,4627.85
1389-CXMLU,1,Yes,Fiber optic,No,No,Yes,No,Yes,No,Month-to-month,0,Electronic check,91.05,289.1
5561-NWEVX,1,Yes,Fiber optic,No,No,Yes,No,No,No,Month-to-month,0,Electronic check,79.2,172.85
2737-WFVYW,0,No phone service,DSL,No,No,No,No,Yes,Yes,Month-to-month,1,Electronic check,45.25,85.5
2272-QAGFO,1,Yes,Fiber optic,No,No,No,No,No,No,Month-to-month,1,Electronic check,74.3,1096.25
9850-OWRHQ,1,Yes,Fiber optic,No,No,No,No,No,No,Month-to-month,1,Credit card (automatic),74.1,228.0
3768-NLUBH,1,Yes,Fiber optic,No,No,Yes,No,Yes,Yes,Month-to-month,0,Electronic check,100.6,5746.15
8676-TRMJS,1,Yes,Fiber optic,No,No,No,No,No,No,Month-to-month,0,Mailed check,75.0,209.1
7359-SSBJK,1,No,DSL,Yes,Yes,No,Yes,Yes,No,Two year,1,Credit card (automatic),70.2,4481.0
0685-MLYYM,1,No,Fiber optic,No,No,No,No,No,No,Month-to-month,0,Electronic check,70.75,154.85
8182-PNAGI,1,No,DSL,No,No,No,Yes,No,No,Month-to-month,0,Bank transfer (automatic),50.25,593.75
7957-RYHQD,1,No,Fiber optic,Yes,Yes,No,No,No,No,Month-to-month,1,Credit card (automatic),79.2,3233.85
2180-DXNEG,1,No,Fiber optic,No,No,Yes,No,Yes,Yes,Month-to-month,1,Electronic check,96.0,1062.1
5515-AKOAJ,1,Yes,Fiber optic,No,No,No,Yes,Yes,Yes,Month-to-month,1,Electronic check,100.1,5440.9
8976-OQHGT,1,No,DSL,No,Yes,No,Yes,No,No,Month-to-month,0,Mailed check,56.5,235.1
6230-BSUXY,1,No,Fiber optic,No,No,Yes,No,No,Yes,Month-to-month,1,Electronic check,85.0,85.0
5294-CDGWY,0,No phone service,DSL,Yes,Yes,Yes,No,Yes,Yes,One year,0,Electronic check,59.3,3014.65
5295-PCJOO,1,No,DSL,Yes,No,No,No,No,No,Month-to-month,1,Electronic check,49.4,184.4
9863-JZAIC,1,No,DSL,No,No,No,No,Yes,No,Month-to-month,0,Mailed check,55.0,2010.55
7660-HDPJV,1,No,Fiber optic,No,No,No,No,No,No,Month-to-month,1,Electronic check,69.2,69.2
7931-PXHFC,1,No,DSL,No,No,Yes,Yes,No,Yes,One year,1,Mailed check,62.3,2354.8
3990-QYKBE,1,Yes,Fiber optic,No,No,No,No,Yes,Yes,Month-to-month,1,Electronic check,92.5,3473.4
4919-MOAVT,1,No,Fiber optic,No,No,No,No,No,No,Month-to-month,0,Electronic check,69.65,220.1
3090-HAWSU,1,Yes,Fiber optic,Yes,No,Yes,Yes,Yes,Yes,Two year,1,Credit card (automatic),111.6,6876.05
9820-RMCQV,1,No,DSL,Yes,No,No,No,No,No,Month-to-month,0,Credit card (automatic),48.55,501.0
7839-QRKXN,1,No,No,No internet service,No internet service,No internet service,No internet service,No internet service,No internet service,Month-to-month,1,Mailed check,20.2,20.2
5204-QZXPU,0,No phone service,DSL,No,No,Yes,No,Yes,No,Month-to-month,1,Electronic check,39.65,733.35
4597-ELFTS,1,Yes,No,No internet service,No internet service,No internet service,No internet service,No internet service,No internet service,One year,0,Electronic check,24.9,1334.0
8450-JOVAH,1,Yes,DSL,Yes,No,No,No,No,No,Month-to-month,0,Mailed check,56.7,113.55
1113-IUJYX,1,No,Fiber optic,Yes,Yes,No,Yes,Yes,Yes,One year,0,Mailed check,105.95,1348.9
9274-CNFMO,1,Yes,Fiber optic,No,No,No,No,No,No,Month-to-month,0,Electronic check,74.95,308.7
7758-XKCBS,0,No phone service,DSL,No,No,No,Yes,No,No,Month-to-month,1,Electronic check,29.7,438.25
8992-JQYUN,0,No phone service,DSL,No,No,Yes,No,Yes,Yes,Month-to-month,1,Electronic check,50.35,50.35
0617-AQNWT,0,No phone service,DSL,Yes,No,Yes,Yes,No,Yes,Two year,0,Electronic check,47.85,3147.5
2446-PLQVO,1,No,Fiber optic,No,No,No,No,No,No,Month-to-month,1,Electronic check,70.3,70.3
3005-NFMTA,1,Yes,Fiber optic,Yes,No,No,No,Yes,Yes,Month-to-month,1,Electronic check,98.8,5617.75
8784-CGILN,1,Yes,Fiber optic,No,No,No,Yes,Yes,Yes,Month-to-month,1,Bank transfer (automatic),99.85,1776.95
5389-FFVKB,1,No,Fiber optic,No,No,No,No,No,Yes,Month-to-month,1,Credit card (automatic),80.3,2483.05
8444-WRIDW,1,Yes,Fiber optic,No,Yes,No,No,No,No,Month-to-month,1,Credit card (automatic),80.45,5224.35
9451-LPGOO,1,Yes,Fiber optic,No,No,No,No,No,Yes,Month-to-month,1,Electronic check,86.8,620.35
5868-YWPDW,1,No,Fiber optic,No,Yes,No,No,No,Yes,Month-to-month,1,Electronic check,84.2,519.15
2025-JKFWI,1,Yes,Fiber optic,No,No,No,Yes,Yes,Yes,Month-to-month,1,Mailed check,99.0,1301.7
4078-SAYYN,1,Yes,Fiber optic,No,No,Yes,No,Yes,Yes,Month-to-month,1,Electronic check,100.75,1129.75
9940-HPQPG,1,Yes,Fiber optic,Yes,Yes,Yes,No,No,No,Month-to-month,0,Bank transfer (automatic),91.75,865.8
6618-RYATB,1,Yes,Fiber optic,No,No,Yes,No,No,No,Month-to-month,1,Mailed check,79.55,79.55
9079-YEXQJ,1,Yes,Fiber optic,No,Yes,Yes,Yes,Yes,Yes,Month-to-month,0,Electronic check,111.1,6014.85
2685-SREOM,1,Yes,Fiber optic,No,No,Yes,No,No,Yes,Month-to-month,1,Electronic check,89.1,2368.4
0402-CQAJN,1,Yes,Fiber optic,No,Yes,Yes,No,Yes,Yes,Month-to-month,1,Bank transfer (automatic),101.9,3545.35
6692-UDPJC,1,Yes,Fiber optic,No,No,No,Yes,Yes,No,Month-to-month,1,Electronic check,91.65,1301.0
1273-MTETI,1,Yes,Fiber optic,No,No,Yes,No,No,Yes,Month-to-month,1,Electronic check,88.85,372.45
5480-HPRRX,0,No phone service,DSL,No,No,No,No,No,No,Month-to-month,0,Electronic check,25.3,77.75
0295-PPHDO,1,Yes,Fiber optic,No,No,No,No,Yes,Yes,Month-to-month,1,Electronic check,95.45,95.45
1195-OIYEJ,1,No,Fiber optic,No,No,No,No,Yes,Yes,Month-to-month,1,Electronic check,91.1,1135.7
5906-CVLHP,1,No,DSL,No,Yes,No,Yes,No,No,One year,1,Credit card (automatic),54.15,2319.8
4501-EQDRN,1,No,Fiber optic,No,No,No,No,No,No,Month-to-month,0,Bank transfer (automatic),69.7,69.7
2990-HWIML,1,No,Fiber optic,No,No,No,No,Yes,Yes,Month-to-month,1,Electronic check,89.5,573.3
7384-GHBPI,0,No phone service,DSL,No,No,No,No,No,Yes,Month-to-month,1,Electronic check,35.15,99.75
7603-USHJS,1,Yes,Fiber optic,No,No,No,No,No,No,Month-to-month,1,Credit card (automatic),73.75,871.4
7234-FECYN,1,Yes,Fiber optic,No,No,Yes,No,Yes,Yes,Month-to-month,0,Electronic check,101.35,780.5
5876-HZVZM,1,No,DSL,Yes,Yes,No,No,No,No,Month-to-month,0,Credit card (automatic),55.9,365.35
1400-MMYXY,1,Yes,Fiber optic,No,Yes,Yes,No,Yes,Yes,Month-to-month,1,Electronic check,105.9,334.65
3085-QUOZK,1,No,DSL,No,No,No,No,No,No,Month-to-month,0,Mailed check,43.95,43.95
3926-CUQZX,1,No,DSL,No,No,No,No,No,No,Month-to-month,1,Bank transfer (automatic),45.1,45.1
1041-RXHRA,1,No,Fiber optic,No,No,No,No,No,No,Month-to-month,0,Bank transfer (automatic),70.25,2868.05
1750-CSKKM,1,No,DSL,No,No,No,No,Yes,No,Month-to-month,0,Electronic check,55.35,449.75
7142-HVGBG,1,Yes,Fiber optic,No,Yes,Yes,No,Yes,Yes,Month-to-month,1,Electronic check,103.0,4414.3
8267-ZNYVZ,1,No,Fiber optic,Yes,No,Yes,Yes,Yes,Yes,One year,1,Electronic check,103.75,3361.05
6457-GIRWB,1,No,Fiber optic,No,No,No,No,No,No,Month-to-month,1,Electronic check,69.35,69.35
1450-SKCVI,1,No,Fiber optic,No,Yes,No,No,No,No,Month-to-month,1,Electronic check,73.85,4092.85
5570-PTWEH,1,Yes,Fiber optic,No,No,No,No,No,No,Month-to-month,1,Credit card (automatic),75.15,216.75
6502-MJQAE,1,No,Fiber optic,No,No,No,No,No,No,Month-to-month,1,Electronic check,69.6,69.6
7693-LCKZL,1,Yes,Fiber optic,No,Yes,No,No,No,No,Month-to-month,1,Electronic check,80.15,385.0
0032-PGELS,0,No phone service,DSL,Yes,No,No,No,No,No,Month-to-month,0,Bank transfer (automatic),30.5,30.5
6797-LNAQX,1,Yes,Fiber optic,No,Yes,No,No,Yes,Yes,Two year,0,Bank transfer (automatic),98.3,6859.5
6394-MFYNG,1,Yes,Fiber optic,No,Yes,Yes,No,Yes,Yes,Month-to-month,1,Bank transfer (automatic),107.4,5121.3
1564-NTYXF,1,Yes,Fiber optic,No,No,No,No,No,Yes,Month-to-month,1,Electronic check,82.0,1127.2
8155-IBNHG,1,Yes,Fiber optic,No,No,No,No,No,No,Month-to-month,1,Credit card (automatic),75.4,1747.85
0886-QGENL,1,No,Fiber optic,Yes,No,Yes,No,Yes,Yes,Month-to-month,1,Electronic check,101.25,2754.45
8739-WWKDU,1,Yes,Fiber optic,No,Yes,No,No,Yes,No,Month-to-month,1,Electronic check,89.5,2196.15
8685-WHQPW,1,Yes,Fiber optic,No,No,No,No,No,No,Month-to-month,1,Bank transfer (automatic),74.4,1692.6
4745-LSPLO,1,No,No,No internet service,No internet service,No internet service,No internet service,No internet service,No internet service,Month-to-month,0,Mailed check,20.5,20.5
8083-YTZES,1,Yes,Fiber optic,No,No,No,No,No,No,Month-to-month,1,Electronic check,74.35,265.35
7240-FQLHE,1,Yes,Fiber optic,No,No,No,Yes,Yes,Yes,Month-to-month,0,Bank transfer (automatic),99.75,1836.25
6664-FPDAC,1,Yes,Fiber optic,No,Yes,Yes,Yes,Yes,Yes,One year,1,Electronic check,111.95,6418.9
0786-VSSUD,0,No phone service,DSL,No,Yes,No,No,Yes,No,Month-to-month,1,Mailed check,39.0,679.85
3976-BWUCK,1,Yes,Fiber optic,No,Yes,No,Yes,Yes,No,Month-to-month,1,Credit card (automatic),94.1,2804.45
3585-ISXZP,1,Yes,Fiber optic,No,No,No,No,Yes,Yes,Month-to-month,0,Bank transfer (automatic),95.65,778.1
6583-QGCSI,1,Yes,Fiber optic,No,Yes,No,No,Yes,No,Month-to-month,1,Electronic check,88.05,4367.35
4174-LPGTI,1,No,DSL,No,Yes,No,Yes,No,Yes,One year,1,Bank transfer (automatic),66.5,2728.6
2108-XWMPY,0,No phone service,DSL,Yes,Yes,No,No,No,No,Month-to-month,1,Mailed check,35.45,106.85
6304-IJFSQ,1,No,DSL,No,Yes,No,No,No,No,Month-to-month,1,Mailed check,49.9,130.1
0093-XWZFY,1,Yes,Fiber optic,No,Yes,Yes,No,Yes,Yes,Month-to-month,1,Credit card (automatic),104.5,4036.85
1980-KXVPM,1,Yes,Fiber optic,No,No,No,No,No,No,Month-to-month,1,Credit card (automatic),75.05,256.25
7703-ZEKEF,1,Yes,Fiber optic,No,No,Yes,No,No,No,Month-to-month,1,Electronic check,81.0,1917.1
0723-DRCLG,1,Yes,Fiber optic,No,No,No,No,No,No,Month-to-month,1,Electronic check,74.45,74.45
5482-NUPNA,1,No,DSL,Yes,Yes,No,Yes,No,No,Month-to-month,1,Mailed check,60.4,272.15
1122-JWTJW,1,No,Fiber optic,No,No,No,No,No,No,Month-to-month,1,Mailed check,70.65,70.65
1699-HPSBG,1,No,DSL,No,No,No,Yes,Yes,No,One year,1,Electronic check,59.8,727.8
8775-CEBBJ,1,No,DSL,No,No,No,No,No,No,Month-to-month,1,Bank transfer (automatic),44.2,403.35
6894-LFHLY,1,Yes,Fiber optic,No,No,No,No,No,No,Month-to-month,1,Electronic check,75.75,75.75
0639-TSIQW,1,Yes,Fiber optic,Yes,Yes,Yes,No,Yes,No,Month-to-month,1,Credit card (automatic),102.95,6886.25
8361-LTMKD,1,Yes,Fiber optic,No,No,No,No,No,No,Month-to-month,1,Mailed check,74.4,306.6
7590-VHVEG,0,No phone service,DSL,No,Yes,No,No,No,No,Month-to-month,1,Electronic check,29.85,29.85
5575-GNVDE,1,No,DSL,Yes,No,Yes,No,No,No,One year,0,Mailed check,56.95,1889.5
7795-CFOCW,0,No phone service,DSL,Yes,No,Yes,Yes,No,No,One year,0,Bank transfer (automatic),42.3,1840.75
1452-KIOVK,1,Yes,Fiber optic,No,Yes,No,No,Yes,No,Month-to-month,1,Credit card (automatic),89.1,1949.4
6713-OKOMC,0,No phone service,DSL,Yes,No,No,No,No,No,Month-to-month,0,Mailed check,29.75,301.9
6388-TABGU,1,No,DSL,Yes,Yes,No,No,No,No,One year,0,Bank transfer (automatic),56.15,3487.95
9763-GRSKD,1,No,DSL,Yes,No,No,No,No,No,Month-to-month,1,Mailed check,49.95,587.45
7469-LKBCI,1,No,No,No internet service,No internet service,No internet service,No internet service,No internet service,No internet service,Two year,0,Credit card (automatic),18.95,326.8
8091-TTVAX,1,Yes,Fiber optic,No,No,Yes,No,Yes,Yes,One year,0,Credit card (automatic),100.35,5681.1
5129-JLPIS,1,No,Fiber optic,Yes,No,Yes,Yes,Yes,Yes,Month-to-month,1,Electronic check,105.5,2686.05
3655-SNQYZ,1,Yes,Fiber optic,Yes,Yes,Yes,Yes,Yes,Yes,Two year,0,Credit card (automatic),113.25,7895.15
8191-XWSZG,1,No,No,No internet service,No internet service,No internet service,No internet service,No internet service,No internet service,One year,0,Mailed check,20.65,1022.95
9959-WOFKT,1,Yes,Fiber optic,Yes,No,Yes,No,Yes,Yes,Two year,0,Bank transfer (automatic),106.7,7382.25
4183-MYFRB,1,No,Fiber optic,No,Yes,Yes,No,No,Yes,Month-to-month,1,Electronic check,90.05,1862.9
1680-VDCWW,1,No,No,No internet service,No internet service,No internet service,No internet service,No internet service,No internet service,One year,0,Bank transfer (automatic),19.8,202.25
3638-WEABW,1,Yes,DSL,No,Yes,No,Yes,No,No,Two year,1,Credit card (automatic),59.9,3505.1
6322-HRPFA,1,No,DSL,Yes,Yes,No,Yes,No,No,Month-to-month,0,Credit card (automatic),59.6,2970.3
6865-JZNKO,1,No,DSL,Yes,Yes,No,No,No,No,Month-to-month,1,Bank transfer (automatic),55.3,1530.6
5248-YGIJN,1,Yes,DSL,Yes,Yes,Yes,Yes,Yes,Yes,Two year,1,Credit card (automatic),90.25,6369.45
3841-NFECX,1,Yes,Fiber optic,Yes,Yes,Yes,Yes,No,No,Two year,1,Credit card (automatic),96.35,6766.95
4929-XIHVW,1,No,Fiber optic,No,No,Yes,No,Yes,Yes,Month-to-month,1,Credit card (automatic),95.5,181.65
6827-IEAUQ,1,No,DSL,Yes,Yes,Yes,Yes,No,No,One year,0,Mailed check,66.15,1874.45
7310-EGVHZ,1,No,No,No internet service,No internet service,No internet service,No internet service,No internet service,No internet service,Month-to-month,0,Bank transfer (automatic),20.2,20.2
3413-BMNZE,1,No,DSL,No,No,No,No,No,No,Month-to-month,0,Bank transfer (automatic),45.25,45.25
6234-RAAPL,1,Yes,Fiber optic,Yes,Yes,No,Yes,Yes,No,Two year,0,Bank transfer (automatic),99.9,7251.7
6572-ADKRS,1,No,Fiber optic,No,No,Yes,No,No,No,Month-to-month,1,Credit card (automatic),74.8,3548.3
8865-TNMNX,1,No,DSL,No,Yes,No,No,No,No,One year,0,Mailed check,49.55,475.7
9489-DEDVP,1,Yes,DSL,Yes,Yes,No,No,Yes,No,Two year,1,Credit card (automatic),69.2,4872.35
9867-JCZSP,1,No,No,No internet service,No internet service,No internet service,No internet service,No internet service,No internet service,One year,0,Mailed check,20.75,418.25
4671-VJLCL,1,Yes,DSL,Yes,Yes,Yes,Yes,Yes,No,Two year,1,Credit card (automatic),79.85,4861.45
4080-IIARD,1,Yes,DSL,Yes,Yes,No,Yes,Yes,No,Month-to-month,1,Electronic check,76.2,981.45
3714-NTNFO,1,Yes,Fiber optic,No,No,No,No,No,Yes,Month-to-month,1,Electronic check,84.5,3906.7
5948-UJZLF,1,No,DSL,No,Yes,No,No,No,No,Month-to-month,0,Mailed check,49.25,97.0
7639-LIAYI,1,Yes,DSL,Yes,No,No,Yes,Yes,Yes,Two year,1,Credit card (automatic),79.75,4217.8
2954-PIBKO,1,Yes,DSL,Yes,No,Yes,Yes,No,No,Two year,1,Credit card (automatic),64.15,4254.1
8012-SOUDQ,1,Yes,Fiber optic,No,Yes,No,No,Yes,No,Month-to-month,1,Electronic check,90.25,3838.75
6575-SUVOI,1,Yes,DSL,Yes,No,No,Yes,Yes,No,Month-to-month,1,Credit card (automatic),69.5,1752.65
4667-QONEA,1,No,DSL,Yes,Yes,Yes,Yes,No,Yes,One year,1,Credit card (automatic),74.85,4456.35
8769-KKTPH,1,Yes,Fiber optic,Yes,No,No,No,Yes,Yes,One year,1,Credit card (automatic),99.65,6311.2
5067-XJQFU,1,Yes,Fiber optic,No,Yes,Yes,Yes,Yes,Yes,One year,1,Electronic check,108.45,7076.35
3957-SQXML,1,Yes,No,No internet service,No internet service,No internet service,No internet service,No internet service,No internet service,Two year,0,Credit card (automatic),24.95,894.3
5954-BDFSG,1,Yes,Fiber optic,No,No,Yes,Yes,Yes,Yes,Two year,1,Credit card (automatic),107.5,7853.7
0434-CSFON,1,Yes,Fiber optic,No,No,Yes,No,Yes,Yes,Month-to-month,1,Electronic check,100.5,4707.1
1215-FIGMP,1,Yes,Fiber optic,No,Yes,No,No,Yes,No,Month-to-month,1,Bank transfer (automatic),89.9,5450.7
0526-SXDJP,0,No phone service,DSL,Yes,Yes,Yes,No,No,No,Two year,0,Bank transfer (automatic),42.1,2962.0
0557-ASKVU,1,No,DSL,No,No,Yes,Yes,No,No,One year,1,Credit card (automatic),54.4,957.1
5122-CYFXA,1,No,DSL,No,Yes,No,Yes,Yes,Yes,Month-to-month,1,Electronic check,75.3,244.1
8627-ZYGSZ,1,Yes,Fiber optic,No,Yes,No,No,No,No,One year,1,Electronic check,78.9,3650.35
3410-YOQBQ,1,No,DSL,No,Yes,Yes,Yes,Yes,Yes,Two year,0,Mailed check,79.2,2497.2
3170-NMYVV,1,No,No,No internet service,No internet service,No internet service,No internet service,No internet service,No internet service,Two year,0,Bank transfer (automatic),20.15,930.9
7410-OIEDU,1,No,Fiber optic,Yes,No,Yes,No,No,No,Month-to-month,1,Mailed check,79.85,887.35
2273-QCKXA,1,No,DSL,No,No,No,Yes,No,No,Month-to-month,0,Mailed check,49.05,49.05
0731-EBJQB,1,No,No,No internet service,No internet service,No internet service,No internet service,No internet service,No internet service,One year,1,Electronic check,20.4,1090.65
1891-QRQSA,1,Yes,Fiber optic,Yes,No,Yes,Yes,Yes,Yes,Two year,1,Bank transfer (automatic),111.6,7099.0
8028-PNXHQ,1,Yes,No,No internet service,No internet service,No internet service,No internet service,No internet service,No internet service,Two year,1,Bank transfer (automatic),24.25,1424.6
5630-AHZIL,1,No,DSL,Yes,No,No,Yes,No,Yes,Month-to-month,1,Bank transfer (automatic),64.5,177.4
2673-CXQEU,1,Yes,Fiber optic,Yes,Yes,Yes,No,Yes,Yes,One year,0,Electronic check,110.5,6139.5
6416-JNVRK,1,No,DSL,No,No,No,No,No,Yes,One year,0,Credit card (automatic),55.65,2688.85
5590-ZSKRV,1,No,DSL,Yes,Yes,No,No,No,No,Month-to-month,0,Mailed check,54.65,482.25
0191-ZHSKZ,1,No,DSL,Yes,Yes,No,No,Yes,Yes,Month-to-month,1,Electronic check,74.75,2111.3
3887-PBQAO,1,Yes,No,No internet service,No internet service,No internet service,No internet service,No internet service,No internet service,One year,1,Credit card (automatic),25.9,1216.6
8108-UXRQN,0,No phone service,DSL,Yes,No,No,No,Yes,Yes,Month-to-month,0,Electronic check,50.55,565.35
9919-YLNNG,1,No,Fiber optic,No,Yes,Yes,Yes,Yes,Yes,Month-to-month,1,Bank transfer (automatic),103.8,4327.5
0318-ZOPWS,1,No,No,No internet service,No internet service,No internet service,No internet service,No internet service,No internet service,Two year,1,Bank transfer (automatic),20.15,973.35
4445-ZJNMU,1,Yes,Fiber optic,No,Yes,No,No,Yes,Yes,Month-to-month,1,Credit card (automatic),99.3,918.75
4808-YNLEU,1,No,DSL,Yes,No,No,No,Yes,No,One year,1,Bank transfer (automatic),62.15,2215.45
1862-QRWPE,1,No,No,No internet service,No internet service,No internet service,No internet service,No internet service,No internet service,Two year,0,Bank transfer (automatic),20.65,1057.0
2796-NNUFI,1,No,No,No internet service,No internet service,No internet service,No internet service,No internet service,No internet service,Two year,1,Mailed check,19.95,927.1
3016-KSVCP,0,No phone service,DSL,No,No,No,No,Yes,No,Month-to-month,0,Mailed check,33.75,1009.25
4767-HZZHQ,1,No,Fiber optic,No,Yes,Yes,No,No,No,Month-to-month,0,Bank transfer (automatic),82.05,2570.2
2424-WVHPL,1,No,Fiber optic,No,No,No,Yes,No,No,Month-to-month,0,Electronic check,74.7,74.7
7233-PAHHL,1,Yes,DSL,Yes,No,Yes,Yes,Yes,Yes,Two year,1,Mailed check,84.0,5714.25
6067-NGCEU,1,Yes,Fiber optic,Yes,Yes,Yes,No,Yes,Yes,Month-to-month,1,Credit card (automatic),111.05,7107.0
9848-JQJTX,1,Yes,Fiber optic,No,Yes,Yes,No,Yes,Yes,Two year,1,Bank transfer (automatic),100.9,7459.05
9803-FTJCG,1,Yes,DSL,Yes,Yes,No,Yes,No,No,One year,1,Credit card (automatic),66.85,4748.7
3212-KXOCR,1,No,No,No internet service,No internet service,No internet service,No internet service,No internet service,No internet service,Two year,0,Bank transfer (automatic),21.0,1107.2
6380-ARCEH,1,No,No,No internet service,No internet service,No internet service,No internet service,No internet service,No internet service,Month-to-month,0,Mailed check,20.2,20.2
3679-XASPY,1,No,No,No internet service,No internet service,No internet service,No internet service,No internet service,No internet service,Month-to-month,0,Electronic check,19.45,19.45
7123-WQUHX,1,Yes,Fiber optic,No,No,Yes,Yes,Yes,No,One year,0,Bank transfer (automatic),95.0,3605.6
5386-THSLQ,0,No phone service,DSL,No,Yes,Yes,No,Yes,No,One year,0,Bank transfer (automatic),45.55,3027.25
6180-YBIQI,0,No phone service,DSL,No,No,No,No,No,No,Month-to-month,0,Mailed check,24.3,100.2
6728-DKUCO,1,Yes,Fiber optic,Yes,Yes,No,No,Yes,Yes,One year,1,Electronic check,104.15,7303.05
9750-BOOHV,0,No phone service,DSL,Yes,No,No,No,No,No,One year,0,Mailed check,30.15,927.65
8597-CWYHH,1,Yes,Fiber optic,No,No,No,No,Yes,Yes,One year,0,Mailed check,94.35,3921.3
2848-YXSMW,1,No,No,No internet service,No internet service,No internet service,No internet service,No internet service,No internet service,Two year,0,Credit card (automatic),19.4,1363.25
4549-ZDQYY,1,No,DSL,Yes,No,Yes,Yes,No,No,One year,0,Credit card (automatic),57.95,3042.25
5712-AHQNN,1,No,Fiber optic,No,Yes,Yes,No,Yes,No,Month-to-month,1,Electronic check,91.65,3954.1
5256-SKJGO,0,No phone service,DSL,No,Yes,No,Yes,Yes,Yes,Two year,1,Electronic check,54.6,3423.5
3071-VBYPO,1,No,Fiber optic,Yes,Yes,No,No,Yes,No,Month-to-month,0,Electronic check,89.85,248.4
9560-BBZXK,0,No phone service,DSL,Yes,No,No,No,No,No,Two year,0,Bank transfer (automatic),31.05,1126.35
8402-OOOHJ,1,No,No,No internet service,No internet service,No internet service,No internet service,No internet service,No internet service,Two year,0,Mailed check,20.65,835.15
9445-ZUEQE,1,Yes,Fiber optic,No,Yes,No,Yes,No,No,Month-to-month,1,Credit card (automatic),85.2,2151.6
1091-SOZGA,1,Yes,Fiber optic,No,No,Yes,No,Yes,Yes,One year,1,Credit card (automatic),99.8,5515.45
2928-HLDBA,1,No,No,No internet service,No internet service,No internet service,No internet service,No internet service,No internet service,Month-to-month,0,Mailed check,20.7,112.75
6497-TILVL,1,No,DSL,Yes,No,No,No,No,No,Month-to-month,0,Mailed check,50.7,350.35
7219-TLZHO,1,No,No,No internet service,No internet service,No internet service,No internet service,No internet service,No internet service,Month-to-month,0,Mailed check,20.85,62.9
4622-YNKIJ,1,No,Fiber optic,Yes,No,No,Yes,Yes,No,Two year,1,Electronic check,88.95,3027.65
6734-PSBAW,1,Yes,No,No internet service,No internet service,No internet service,No internet service,No internet service,No internet service,Two year,1,Bank transfer (automatic),23.55,1723.95
3930-ZGWVE,1,No,No,No internet service,No internet service,No internet service,No internet service,No internet service,No internet service,Month-to-month,0,Mailed check,19.75,19.75
2639-UGMAZ,0,No phone service,DSL,Yes,Yes,No,No,Yes,Yes,One year,1,Electronic check,56.45,3985.35
2876-GZYZC,1,Yes,Fiber optic,No,No,No,No,No,Yes,Month-to-month,1,Electronic check,85.95,1215.65
8587-XYZSF,1,No,DSL,No,No,No,Yes,No,No,Two year,0,Bank transfer (automatic),50.55,3260.1
7799-LGRDP,1,Yes,No,No internet service,No internet service,No internet service,No internet service,No internet service,No internet service,Two year,1,Credit card (automatic),25.7,1188.2
7850-VWJUU,1,No,Fiber optic,Yes,No,No,No,No,No,Month-to-month,1,Bank transfer (automatic),75.0,1778.5
3774-VBNXY,1,No,No,No internet service,No internet service,No internet service,No internet service,No internet service,No internet service,Two year,0,Mailed check,20.2,1277.75
6217-KDYWC,1,No,No,No internet service,No internet service,No internet service,No internet service,No internet service,No internet service,Two year,1,Mailed check,19.6,1170.55
3146-MSEGF,1,Yes,DSL,Yes,Yes,Yes,Yes,Yes,Yes,Two year,1,Credit card (automatic),88.05,6425.65
1095-WGNGG,1,Yes,Fiber optic,No,Yes,No,No,Yes,Yes,Two year,1,Bank transfer (automatic),101.05,5971.25
2636-SJDOU,1,Yes,Fiber optic,Yes,Yes,No,No,No,No,One year,1,Credit card (automatic),84.3,5289.05
1131-QQZEB,1,Yes,No,No internet service,No internet service,No internet service,No internet service,No internet service,No internet service,Two year,0,Bank transfer (automatic),23.95,1756.2
5716-EZXZN,1,Yes,Fiber optic,Yes,Yes,No,Yes,Yes,No,Two year,1,Credit card (automatic),99.05,6416.7
6837-BJYDQ,1,No,No,No internet service,No internet service,No internet service,No internet service,No internet service,No internet service,One year,0,Mailed check,19.6,61.35
6440-DKQGE,1,No,DSL,No,Yes,Yes,No,Yes,No,One year,0,Credit card (automatic),64.5,1929.95
3466-BYAVD,1,No,DSL,No,Yes,Yes,Yes,No,Yes,Month-to-month,1,Mailed check,69.5,1071.4
3780-YVMFA,1,No,DSL,No,No,No,Yes,Yes,Yes,Month-to-month,1,Electronic check,68.55,564.35
1679-JRFBR,1,Yes,Fiber optic,Yes,Yes,Yes,No,Yes,Yes,One year,1,Credit card (automatic),108.15,7930.55
9073-ZZIAY,1,No,DSL,Yes,Yes,Yes,Yes,Yes,Yes,Two year,0,Electronic check,86.1,5215.25
3077-RSNTJ,1,No,No,No internet service,No internet service,No internet service,No internet service,No internet service,No internet service,Month-to-month,0,Mailed check,19.7,113.5
6551-GNYDG,1,No,Fiber optic,No,No,No,No,No,Yes,Month-to-month,1,Bank transfer (automatic),80.9,1152.8
9167-APMXZ,1,Yes,Fiber optic,No,No,No,No,Yes,No,Month-to-month,1,Bank transfer (automatic),84.15,1821.95
2749-CTKAJ,1,No,No,No internet service,No internet service,No internet service,No internet service,No internet service,No internet service,One year,0,Mailed check,20.15,419.9
6371-NZYEG,1,No,DSL,Yes,No,Yes,No,Yes,No,Two year,0,Mailed check,64.25,1024.0
7554-NEWDD,1,Yes,No,No internet service,No internet service,No internet service,No internet service,No internet service,No internet service,Two year,0,Bank transfer (automatic),25.7,251.6
8992-VONJD,1,No,DSL,Yes,Yes,No,No,No,No,Month-to-month,1,Electronic check,56.0,764.55
4482-EWFMI,1,No,Fiber optic,No,No,No,No,No,No,Month-to-month,1,Electronic check,69.7,135.2
4648-YPBTM,1,Yes,DSL,No,Yes,Yes,Yes,No,Yes,Two year,1,Bank transfer (automatic),73.9,3958.25
2907-ILJBN,1,No,No,No internet service,No internet service,No internet service,No internet service,No internet service,No internet service,One year,0,Mailed check,20.6,233.9
6345-FZOQH,1,No,No,No internet service,No internet service,No internet service,No internet service,No internet service,No internet service,Two year,0,Mailed check,19.9,1363.45
5997-OPVFA,1,Yes,DSL,Yes,Yes,Yes,Yes,Yes,Yes,Two year,1,Bank transfer (automatic),89.05,6254.45
1159-WFSGR,1,No,No,No internet service,No internet service,No internet service,No internet service,No internet service,No internet service,Month-to-month,0,Electronic check,20.4,321.4
7654-YWJUF,1,No,Fiber optic,Yes,No,Yes,Yes,No,No,One year,1,Bank transfer (automatic),84.25,3539.25
6727-IOTLZ,1,No,DSL,No,Yes,Yes,Yes,Yes,Yes,Two year,0,Mailed check,81.95,1181.75
5918-VUKWP,1,No,No,No internet service,No internet service,No internet service,No internet service,No internet service,No internet service,One year,0,Bank transfer (automatic),20.55,654.55
1744-JHKYS,1,Yes,No,No internet service,No internet service,No internet service,No internet service,No internet service,No internet service,Month-to-month,0,Electronic check,24.7,780.2
5947-SGKCL,1,Yes,Fiber optic,No,Yes,Yes,No,Yes,Yes,Month-to-month,1,Bank transfer (automatic),105.35,1559.25
3712-PKXZA,1,No,No,No internet service,No internet service,No internet service,No internet service,No internet service,No internet service,One year,1,Credit card (automatic),20.55,1252.0
6582-OIVSP,1,No,DSL,No,No,No,No,No,No,Month-to-month,0,Mailed check,45.3,45.3
5524-KHNJP,1,No,DSL,Yes,No,Yes,No,Yes,Yes,One year,0,Credit card (automatic),74.75,2453.3
4827-USJHP,1,No,DSL,No,Yes,No,No,No,No,Month-to-month,1,Mailed check,51.8,1023.85
8167-GJLRN,0,No phone service,DSL,No,No,No,Yes,No,No,Month-to-month,0,Electronic check,30.4,82.15
0956-SYCWG,1,No,No,No internet service,No internet service,No internet service,No internet service,No internet service,No internet service,One year,0,Electronic check,19.65,244.8
8017-UVSZU,1,Yes,DSL,No,Yes,No,No,No,No,Month-to-month,0,Credit card (automatic),56.6,2379.1
7100-FQPRV,1,Yes,DSL,Yes,No,No,Yes,No,Yes,One year,1,Credit card (automatic),71.9,3173.35
2984-RGEYA,1,No,No,No internet service,No internet service,No internet service,No internet service,No internet service,No internet service,Two year,0,Bank transfer (automatic),19.75,1375.4
9680-NIAUV,1,Yes,Fiber optic,Yes,Yes,Yes,No,Yes,Yes,Two year,0,Credit card (automatic),109.7,8129.3
2146-EGVDT,1,No,No,No internet service,No internet service,No internet service,No internet service,No internet service,No internet service,Two year,0,Credit card (automatic),19.3,1192.7
2604-IJPDU,1,No,Fiber optic,Yes,Yes,No,Yes,Yes,No,Month-to-month,1,Electronic check,96.55,1901.65
9178-JHUVJ,1,Yes,No,No internet service,No internet service,No internet service,No internet service,No internet service,No internet service,Two year,1,Bank transfer (automatic),24.1,587.4
6168-YBYNP,1,Yes,Fiber optic,No,Yes,Yes,Yes,Yes,Yes,Month-to-month,1,Electronic check,111.35,6519.75
7255-SSFBC,1,Yes,Fiber optic,No,Yes,Yes,Yes,Yes,Yes,Two year,1,Bank transfer (automatic),112.25,8041.65
3645-DEYGF,1,No,No,No internet service,No internet service,No internet service,No internet service,No internet service,No internet service,Month-to-month,0,Mailed check,20.75,20.75
9323-HGFWY,1,No,Fiber optic,Yes,No,No,Yes,Yes,Yes,One year,1,Credit card (automatic),101.9,2681.15
8544-GOQSH,1,No,Fiber optic,No,Yes,No,Yes,No,No,Month-to-month,1,Credit card (automatic),80.05,1112.3
3363-DTIVD,1,Yes,Fiber optic,Yes,No,Yes,No,Yes,Yes,Two year,0,Electronic check,105.55,7405.5
7018-WBJNK,1,No,Fiber optic,No,No,No,No,Yes,No,Month-to-month,1,Credit card (automatic),78.3,1033.95
9142-KZXOP,1,No,Fiber optic,No,No,No,No,No,No,Month-to-month,0,Credit card (automatic),68.85,2958.95
7674-YTAFD,1,No,Fiber optic,No,Yes,No,Yes,No,No,One year,1,Bank transfer (automatic),79.95,2684.85
6348-SNFUS,0,No phone service,DSL,Yes,Yes,Yes,Yes,No,Yes,Two year,1,Credit card (automatic),55.45,4179.2
1347-KTTTA,1,No,Fiber optic,No,Yes,Yes,Yes,Yes,Yes,One year,1,Credit card (automatic),102.45,6654.1
4195-NZGTA,0,No phone service,DSL,No,No,No,No,No,No,Month-to-month,0,Electronic check,25.25,25.25
7157-SMCFK,1,No,No,No internet service,No internet service,No internet service,No internet service,No internet service,No internet service,Two year,0,Mailed check,19.75,1124.2
4709-LKHYG,1,No,No,No internet service,No internet service,No internet service,No internet service,No internet service,No internet service,One year,0,Electronic check,20.0,540.05
2504-DSHIH,1,Yes,Fiber optic,No,No,No,No,No,Yes,Month-to-month,0,Electronic check,86.8,1975.85
0699-NDKJM,0,No phone service,DSL,Yes,Yes,Yes,No,Yes,Yes,Month-to-month,1,Bank transfer (automatic),58.75,3437.45
9286-BHDQG,0,No phone service,DSL,Yes,Yes,Yes,Yes,No,No,Two year,0,Credit card (automatic),45.25,3139.8
0230-WEQUW,0,No phone service,DSL,Yes,Yes,Yes,Yes,Yes,No,Two year,1,Bank transfer (automatic),56.6,3789.2
2040-LDIWQ,1,Yes,DSL,No,Yes,Yes,Yes,Yes,Yes,Two year,1,Bank transfer (automatic),84.2,5324.5
6496-JDSSB,1,No,Fiber optic,No,No,No,No,Yes,No,Month-to-month,1,Bank transfer (automatic),80.0,624.6
4443-EMBNA,1,Yes,No,No internet service,No internet service,No internet service,No internet service,No internet service,No internet service,Two year,0,Bank transfer (automatic),24.75,1836.9
6469-MRVET,1,No,No,No internet service,No internet service,No internet service,No internet service,No internet service,No internet service,One year,1,Electronic check,20.2,20.2
5961-VUSRV,1,No,No,No internet service,No internet service,No internet service,No internet service,No internet service,No internet service,One year,1,Bank transfer (automatic),19.35,219.35
6778-JFCMK,0,No phone service,DSL,Yes,No,No,No,Yes,Yes,One year,1,Mailed check,50.6,1288.75
6341-JVQGF,1,No,DSL,Yes,No,Yes,Yes,Yes,Yes,One year,1,Mailed check,81.15,2545.75
4811-JBUVU,1,Yes,Fiber optic,No,No,No,Yes,No,Yes,Month-to-month,1,Credit card (automatic),89.9,2723.15
0945-TSONX,1,Yes,DSL,Yes,Yes,No,Yes,Yes,Yes,Two year,1,Credit card (automatic),85.3,4107.25
2651-ZCBXV,1,Yes,Fiber optic,Yes,Yes,No,Yes,Yes,Yes,Two year,1,Credit card (automatic),108.0,5760.65
3316-UWXUY,1,No,Fiber optic,Yes,Yes,No,Yes,No,Yes,Month-to-month,1,Credit card (automatic),93.5,4747.5
7083-MIOPC,1,No,No,No internet service,No internet service,No internet service,No internet service,No internet service,No internet service,Two year,0,Credit card (automatic),20.25,1566.9
1984-GPTEH,1,Yes,No,No internet service,No internet service,No internet service,No internet service,No internet service,No internet service,Month-to-month,0,Electronic check,25.15,702.0
0621-JFHOL,0,No phone service,DSL,No,No,No,Yes,No,No,Two year,1,Mailed check,29.6,299.05
9903-LYSAB,1,Yes,Fiber optic,No,No,No,No,No,No,Month-to-month,1,Electronic check,73.15,1305.95
9227-UAQFT,1,No,No,No internet service,No internet service,No internet service,No internet service,No internet service,No internet service,Two year,0,Mailed check,19.75,284.35
7301-ABVAD,1,Yes,DSL,No,Yes,Yes,Yes,Yes,Yes,Two year,0,Bank transfer (automatic),86.6,6350.5
6614-FHDBO,1,Yes,Fiber optic,No,Yes,Yes,Yes,Yes,Yes,Two year,0,Bank transfer (automatic),109.2,7878.3
7576-ASEJU,1,No,DSL,Yes,No,No,Yes,Yes,Yes,One year,1,Credit card (automatic),74.7,3187.65
9058-HRZSV,1,No,Fiber optic,Yes,Yes,Yes,No,No,Yes,Month-to-month,0,Electronic check,94.4,6126.15
4522-AKYLR,1,No,DSL,No,Yes,Yes,No,No,No,Month-to-month,1,Electronic check,54.8,731.3
0221-WMXNQ,1,No,Fiber optic,Yes,No,No,No,No,No,Month-to-month,0,Electronic check,75.35,273.4
0303-UNCIP,1,Yes,DSL,No,No,Yes,No,No,Yes,One year,0,Mailed check,65.0,2531.8
0959-WHOKV,1,Yes,Fiber optic,Yes,Yes,Yes,No,No,Yes,One year,1,Electronic check,99.0,4298.45
4075-JFPGR,1,No,Fiber optic,Yes,Yes,Yes,No,Yes,No,One year,1,Electronic check,93.5,4619.55
3282-ZISZV,1,Yes,DSL,No,Yes,Yes,Yes,Yes,Yes,One year,0,Credit card (automatic),83.7,2633.3
3675-YDUPJ,1,No,No,No internet service,No internet service,No internet service,No internet service,No internet service,No internet service,Month-to-month,1,Mailed check,19.85,193.05
4111-BNXIF,0,No phone service,DSL,No,Yes,Yes,Yes,Yes,Yes,Two year,1,Electronic check,59.55,4103.9
7017-VFHAY,1,Yes,Fiber optic,Yes,Yes,Yes,Yes,Yes,Yes,Two year,0,Credit card (automatic),115.1,7008.15
6655-LHBYW,1,Yes,Fiber optic,Yes,Yes,Yes,Yes,Yes,Yes,One year,0,Credit card (automatic),114.35,5791.1
5046-NUHWD,0,No phone service,DSL,Yes,No,Yes,No,No,Yes,Month-to-month,1,Electronic check,45.0,1228.65
7529-ZDFXI,1,Yes,Fiber optic,No,Yes,No,No,No,Yes,Month-to-month,1,Electronic check,89.85,4925.35
7605-BDWDC,0,No phone service,DSL,Yes,Yes,No,Yes,No,Yes,Two year,1,Bank transfer (automatic),49.85,1520.1
1950-KSVVJ,1,Yes,Fiber optic,Yes,Yes,Yes,Yes,Yes,Yes,One year,0,Mailed check,113.3,5032.25
0123-CRBRT,1,Yes,DSL,Yes,Yes,Yes,Yes,Yes,Yes,Two year,0,Mailed check,88.1,5526.75
6292-TOSSS,1,Yes,No,No internet service,No internet service,No internet service,No internet service,No internet service,No internet service,Two year,0,Bank transfer (automatic),24.9,1195.25
3197-ARFOY,1,No,Fiber optic,Yes,Yes,No,Yes,Yes,Yes,Month-to-month,1,Mailed check,105.0,2007.25
7014-ZZXAW,1,Yes,No,No internet service,No internet service,No internet service,No internet service,No internet service,No internet service,Two year,1,Credit card (automatic),24.25,1732.95
7633-MVPUY,1,No,DSL,Yes,Yes,No,Yes,No,No,Two year,1,Electronic check,59.75,3450.15
4716-HHKQH,1,Yes,Fiber optic,No,Yes,No,Yes,Yes,Yes,Month-to-month,0,Electronic check,107.05,2172.05
3179-GBRWV,1,No,DSL,Yes,Yes,No,No,No,Yes,Month-to-month,1,Bank transfer (automatic),64.95,1339.8
8645-KWHJO,0,No phone service,DSL,No,No,Yes,Yes,Yes,Yes,Month-to-month,1,Electronic check,55.0,771.95
4130-MZLCC,1,No,DSL,No,Yes,No,No,No,No,Month-to-month,0,Bank transfer (automatic),50.55,244.75
0314-TKOSI,1,No,DSL,Yes,Yes,No,No,No,No,Month-to-month,0,Mailed check,55.15,322.9
8229-MYEJZ,1,No,DSL,No,Yes,No,No,No,No,Month-to-month,0,Electronic check,51.2,498.25
2080-SRCDE,1,Yes,No,No internet service,No internet service,No internet service,No internet service,No internet service,No internet service,Month-to-month,0,Mailed check,25.4,25.4
9577-WJVCQ,1,Yes,DSL,Yes,No,No,No,No,No,Month-to-month,0,Mailed check,54.45,3687.75
6202-DYYFX,1,Yes,Fiber optic,No,No,No,No,No,No,One year,1,Credit card (automatic),76.0,1783.6
3808-HFKDE,1,No,DSL,No,No,No,No,No,No,Month-to-month,1,Electronic check,44.35,927.15
3727-OWVYD,1,No,DSL,Yes,Yes,Yes,No,No,No,One year,0,Mailed check,61.2,2021.2
2294-SALNE,1,No,Fiber optic,No,Yes,Yes,Yes,No,No,One year,0,Mailed check,86.8,1940.8
4847-TAJYI,1,No,Fiber optic,No,No,No,No,Yes,Yes,Month-to-month,1,Electronic check,89.35,567.8
1563-IWQEX,1,No,No,No internet service,No internet service,No internet service,No internet service,No internet service,No internet service,Month-to-month,0,Mailed check,19.7,220.35
8203-XJZRC,1,No,No,No internet service,No internet service,No internet service,No internet service,No internet service,No internet service,Month-to-month,0,Mailed check,20.25,20.25
6556-DBKZF,1,No,Fiber optic,No,No,Yes,No,No,No,Two year,0,Electronic check,76.05,5436.45
6851-WEFYX,1,Yes,Fiber optic,No,No,Yes,No,Yes,Yes,Month-to-month,1,Electronic check,100.8,3437.5
2985-JUUBZ,1,Yes,DSL,No,No,Yes,No,Yes,Yes,Month-to-month,1,Electronic check,74.55,3015.75
0895-LMRSF,1,No,DSL,No,No,No,No,Yes,Yes,One year,1,Bank transfer (automatic),64.9,1509.8
8266-VBFQL,1,No,Fiber optic,No,No,Yes,Yes,No,Yes,Month-to-month,1,Electronic check,90.4,356.65
8181-YHCMF,0,No phone service,DSL,No,Yes,Yes,Yes,Yes,Yes,Two year,0,Credit card (automatic),60.3,4109.0
2240-HSJQD,1,Yes,Fiber optic,No,Yes,No,No,No,No,Month-to-month,1,Mailed check,81.85,3141.7
1248-DYXUB,1,Yes,No,No internet service,No internet service,No internet service,No internet service,No internet service,No internet service,Two year,0,Mailed check,24.8,1229.1
4115-BNPJY,1,No,DSL,No,No,Yes,Yes,Yes,Yes,Two year,0,Mailed check,75.55,2054.4
3167-SNQPL,1,Yes,Fiber optic,No,Yes,No,No,Yes,Yes,Month-to-month,0,Electronic check,101.15,3741.85
4091-TVOCN,1,Yes,DSL,Yes,No,Yes,No,Yes,Yes,One year,1,Credit card (automatic),78.75,3682.45
1098-TDVUQ,1,No,No,No internet service,No internet service,No internet service,No internet service,No internet service,No internet service,Month-to-month,1,Bank transfer (automatic),19.25,19.25
7277-OZCGZ,1,No,Fiber optic,Yes,No,No,Yes,No,Yes,Month-to-month,1,Electronic check,89.05,1886.25
1557-EMYVT,1,Yes,Fiber optic,Yes,Yes,Yes,Yes,Yes,Yes,Two year,0,Credit card (automatic),115.05,4895.1
2799-ARNLO,1,No,Fiber optic,No,No,No,No,No,No,Month-to-month,1,Electronic check,69.35,341.6
5027-YOCXN,1,Yes,Fiber optic,Yes,Yes,No,Yes,Yes,Yes,One year,0,Credit card (automatic),110.05,5686.4
3973-SKMLN,1,No,No,No internet service,No internet service,No internet service,No internet service,No internet service,No internet service,Two year,1,Credit card (automatic),19.9,1355.1
6745-JEFZB,1,Yes,Fiber optic,No,No,No,Yes,Yes,No,Month-to-month,1,Credit card (automatic),91.5,3236.35
9880-TDQAC,0,No phone service,DSL,No,Yes,Yes,Yes,Yes,Yes,Two year,1,Electronic check,60.0,4264.0
8705-WZCYL,1,No,DSL,No,No,No,No,No,No,Month-to-month,1,Electronic check,44.8,44.8
7102-JJVTX,1,No,DSL,Yes,No,No,No,No,No,One year,0,Mailed check,48.6,422.3
8626-PTQGE,0,No phone service,DSL,Yes,Yes,No,Yes,Yes,Yes,Two year,1,Bank transfer (automatic),60.05,4176.7
4983-CLMLV,1,Yes,Fiber optic,No,Yes,No,Yes,Yes,Yes,Month-to-month,1,Credit card (automatic),102.7,5138.1
5701-YVSVF,1,No,Fiber optic,No,No,No,Yes,Yes,No,Month-to-month,1,Electronic check,82.9,880.05
5697-GOMBF,0,No phone service,DSL,No,No,No,No,Yes,No,Month-to-month,1,Electronic check,35.9,973.65
2739-CACDQ,1,Yes,Fiber optic,No,No,Yes,No,No,No,Month-to-month,1,Credit card (automatic),82.65,1470.05
9385-EHGDO,1,No,No,No internet service,No internet service,No internet service,No internet service,No internet service,No internet service,Two year,1,Mailed check,19.85,739.35
9498-FIMXL,1,No,No,No internet service,No internet service,No internet service,No internet service,No internet service,No internet service,One year,1,Mailed check,19.2,161.95
2379-GYFLQ,1,Yes,Fiber optic,No,Yes,Yes,No,Yes,No,One year,1,Credit card (automatic),94.9,4422.95
2088-IEBAU,1,Yes,DSL,Yes,Yes,Yes,Yes,Yes,Yes,Two year,1,Electronic check,88.15,6148.45
7982-VCELR,1,No,Fiber optic,No,Yes,No,No,Yes,Yes,Month-to-month,1,Credit card (automatic),94.8,3565.65
6035-BXTTY,1,No,DSL,No,Yes,No,Yes,No,No,Month-to-month,0,Bank transfer (automatic),54.65,1830.1
6885-PKOAM,1,Yes,DSL,Yes,Yes,Yes,Yes,Yes,Yes,Two year,0,Credit card (automatic),85.75,6223.8
7520-HQWJU,1,Yes,DSL,Yes,Yes,Yes,No,No,No,Month-to-month,1,Bank transfer (automatic),67.45,4508.65
9639-BUJXT,1,No,No,No internet service,No internet service,No internet service,No internet service,No internet service,No internet service,One year,0,Mailed check,20.5,1328.15
5924-SNGKP,1,No,No,No internet service,No internet service,No internet service,No internet service,No internet service,No internet service,One year,1,Credit card (automatic),20.25,865.0
0021-IKXGC,1,Yes,Fiber optic,No,No,No,No,No,No,Month-to-month,1,Electronic check,72.1,72.1
8966-SNIZF,1,No,No,No internet service,No internet service,No internet service,No internet service,No internet service,No internet service,Two year,0,Bank transfer (automatic),19.45,1303.5
6243-OZGFH,0,No phone service,DSL,No,No,No,No,Yes,Yes,Month-to-month,1,Electronic check,44.95,996.85
4654-DLAMQ,1,No,Fiber optic,Yes,Yes,Yes,No,No,Yes,One year,0,Bank transfer (automatic),97.0,6430.9
0513-RBGPE,1,Yes,DSL,Yes,No,Yes,Yes,No,No,Two year,1,Credit card (automatic),62.8,2278.75
5160-UXJED,1,No,DSL,No,No,No,No,No,No,One year,0,Mailed check,44.6,681.4
4115-NZRKS,1,No,Fiber optic,No,No,No,No,Yes,Yes,Month-to-month,1,Electronic check,89.15,574.35
3351-NGXYI,1,Yes,DSL,Yes,No,No,No,No,No,Month-to-month,1,Electronic check,54.1,889.0
8984-EYLLL,1,Yes,Fiber optic,No,Yes,No,Yes,Yes,Yes,Two year,1,Electronic check,105.25,6823.4
9833-TGFHX,1,Yes,Fiber optic,Yes,No,No,No,Yes,Yes,One year,0,Electronic check,97.1,4016.75
9294-TDIPC,1,No,No,No internet service,No internet service,No internet service,No internet service,No internet service,No internet service,Month-to-month,0,Mailed check,20.2,83.75
5229-DTFYB,1,No,Fiber optic,No,Yes,No,Yes,Yes,Yes,Two year,1,Bank transfer (automatic),98.8,3959.15
0104-PPXDV,1,No,DSL,No,No,Yes,No,No,No,One year,0,Credit card (automatic),50.3,2878.55
5176-LMJXE,1,No,No,No internet service,No internet service,No internet service,No internet service,No internet service,No internet service,Two year,1,Mailed check,20.55,945.7
3583-KRKMD,1,No,Fiber optic,No,No,No,Yes,No,No,Month-to-month,1,Bank transfer (automatic),75.9,1373.05
9069-LGEUL,1,No,DSL,Yes,No,No,No,No,Yes,Month-to-month,1,Bank transfer (automatic),59.95,1406.0
7302-ZHMHP,1,No,No,No internet service,No internet service,No internet service,No internet service,No internet service,No internet service,Month-to-month,0,Mailed check,19.15,19.15
9571-EDEBV,1,Yes,Fiber optic,No,No,Yes,No,Yes,Yes,One year,1,Credit card (automatic),98.65,6962.85
3520-FJGCV,1,Yes,Fiber optic,Yes,Yes,Yes,Yes,Yes,Yes,Two year,1,Credit card (automatic),112.6,8126.65
6563-VRERX,1,No,No,No internet service,No internet service,No internet service,No internet service,No internet service,No internet service,One year,0,Mailed check,20.6,690.25
6122-EFVKN,0,No phone service,DSL,Yes,No,No,Yes,No,No,Two year,0,Mailed check,35.75,830.8
2805-EDJPQ,1,Yes,Fiber optic,No,Yes,Yes,Yes,No,Yes,One year,1,Credit card (automatic),99.75,5608.4
6862-CQUMB,1,No,Fiber optic,No,Yes,No,No,Yes,Yes,Month-to-month,1,Credit card (automatic),96.1,3646.8
7156-MXBJE,1,Yes,DSL,No,Yes,Yes,Yes,Yes,Yes,One year,0,Credit card (automatic),85.1,3662.25
6158-HDPXZ,0,No phone service,DSL,No,No,No,No,No,No,Month-to-month,0,Mailed check,25.35,25.35
2863-IMQDR,1,Yes,DSL,Yes,Yes,Yes,Yes,Yes,Yes,Two year,0,Electronic check,89.65,5308.7
5686-CMAWK,1,Yes,Fiber optic,No,No,Yes,Yes,No,No,One year,0,Electronic check,86.75,1410.25
5651-CRHKQ,1,No,Fiber optic,No,Yes,Yes,Yes,No,No,One year,1,Bank transfer (automatic),86.2,3339.05
8204-YJCLA,0,No phone service,DSL,Yes,Yes,Yes,Yes,Yes,Yes,Two year,1,Bank transfer (automatic),64.8,4732.35
6583-SZVGP,1,Yes,Fiber optic,No,Yes,Yes,No,Yes,Yes,Two year,1,Bank transfer (automatic),108.1,5067.45
1708-PBBOA,0,No phone service,DSL,Yes,Yes,Yes,Yes,No,Yes,One year,1,Electronic check,54.75,2348.45
8782-LKFPK,1,Yes,Fiber optic,No,No,Yes,No,No,Yes,Month-to-month,1,Mailed check,90.4,4063.0
5522-JBWMO,1,No,DSL,No,No,No,No,No,No,Month-to-month,0,Electronic check,44.0,44.0
3597-MVHJT,1,Yes,Fiber optic,No,No,No,No,Yes,Yes,Month-to-month,1,Bank transfer (automatic),95.6,2595.25
9774-NRNAU,1,Yes,DSL,No,Yes,Yes,Yes,Yes,Yes,Month-to-month,1,Bank transfer (automatic),84.8,2309.55
0224-RLWWD,1,No,DSL,No,No,No,No,No,No,Month-to-month,1,Electronic check,44.3,89.3
9967-ATRFS,1,No,No,No internet service,No internet service,No internet service,No internet service,No internet service,No internet service,Month-to-month,0,Mailed check,19.9,367.55
3951-NJCVI,1,Yes,Fiber optic,No,No,No,No,Yes,Yes,Month-to-month,1,Electronic check,95.05,3944.5
2977-CEBSX,1,Yes,DSL,Yes,Yes,Yes,Yes,Yes,Yes,Two year,1,Credit card (automatic),90.05,5965.95
0177-PXBAT,1,Yes,Fiber optic,Yes,No,Yes,Yes,Yes,Yes,Month-to-month,1,Bank transfer (automatic),109.9,3694.7
2519-ERQOJ,0,No phone service,DSL,No,No,Yes,Yes,Yes,Yes,Month-to-month,1,Electronic check,54.6,1803.7
5876-QMYLD,1,No,No,No internet service,No internet service,No internet service,No internet service,No internet service,No internet service,One year,0,Mailed check,20.05,415.1
2277-AXSDC,1,No,No,No internet service,No internet service,No internet service,No internet service,No internet service,No internet service,One year,0,Bank transfer (automatic),19.75,624.15
9442-JTWDL,1,No,No,No internet service,No internet service,No internet service,No internet service,No internet service,No internet service,One year,0,Credit card (automatic),20.05,237.7
3067-SVMTC,1,No,DSL,Yes,No,No,Yes,No,No,One year,0,Bank transfer (automatic),55.9,3848.8
5495-GPSRW,1,No,No,No internet service,No internet service,No internet service,No internet service,No internet service,No internet service,Two year,1,Mailed check,19.7,419.4
7606-BPHHN,1,No,No,No internet service,No internet service,No internet service,No internet service,No internet service,No internet service,Two year,1,Credit card (automatic),19.8,1468.75
4742-DRORA,1,Yes,Fiber optic,Yes,No,Yes,No,Yes,No,One year,1,Bank transfer (automatic),95.4,5812.0
0111-KLBQG,1,No,Fiber optic,No,Yes,No,No,Yes,Yes,Month-to-month,1,Mailed check,93.95,2861.45
4163-NCJAK,1,Yes,No,No internet service,No internet service,No internet service,No internet service,No internet service,No internet service,One year,1,Bank transfer (automatic),24.45,1066.15
5233-AOZUF,1,Yes,Fiber optic,No,No,No,No,No,No,Month-to-month,1,Electronic check,74.95,2149.05
5973-EJGDP,1,Yes,Fiber optic,No,Yes,Yes,Yes,No,No,Month-to-month,1,Electronic check,87.35,4473.0
1996-DBMUS,1,No,Fiber optic,No,No,No,No,No,No,Month-to-month,1,Bank transfer (automatic),70.65,3545.05
7916-VCCPB,1,No,Fiber optic,No,Yes,No,No,No,No,Month-to-month,0,Bank transfer (automatic),73.25,1195.75
4686-GEFRM,1,Yes,Fiber optic,No,Yes,Yes,Yes,No,Yes,Two year,1,Bank transfer (automatic),98.7,6858.9
5249-QYHEX,1,Yes,No,No internet service,No internet service,No internet service,No internet service,No internet service,No internet service,Two year,1,Mailed check,24.8,1024.7
2233-FAGXV,1,Yes,No,No internet service,No internet service,No internet service,No internet service,No internet service,No internet service,Month-to-month,1,Mailed check,24.3,132.25
5605-IYGFG,1,No,Fiber optic,No,No,No,No,No,No,Month-to-month,1,Bank transfer (automatic),69.85,515.45
7663-ZTEGJ,1,Yes,Fiber optic,No,Yes,Yes,Yes,No,Yes,One year,0,Credit card (automatic),100.55,2830.45
3935-TBRZZ,1,Yes,No,No internet service,No internet service,No internet service,No internet service,No internet service,No internet service,One year,0,Mailed check,25.7,1110.5
8111-BKVDS,0,No phone service,DSL,Yes,Yes,Yes,No,No,No,Month-to-month,0,Bank transfer (automatic),40.7,449.3
2055-SIFSS,1,Yes,DSL,No,No,No,No,No,No,Month-to-month,0,Bank transfer (automatic),51.65,2838.55
2806-MLNTI,1,Yes,Fiber optic,No,Yes,Yes,No,Yes,Yes,One year,1,Bank transfer (automatic),105.1,5376.4
8734-DKSTZ,1,Yes,Fiber optic,No,No,No,No,No,Yes,Month-to-month,0,Electronic check,85.95,858.6
4360-PNRQB,1,Yes,Fiber optic,No,No,No,No,No,No,Month-to-month,1,Bank transfer (automatic),75.6,1395.05
6152-ONASV,1,Yes,DSL,Yes,No,No,Yes,No,No,One year,0,Bank transfer (automatic),58.25,3975.7
7781-HVGMK,0,No phone service,DSL,Yes,Yes,Yes,Yes,Yes,Yes,Two year,1,Credit card (automatic),65.2,4784.45
2181-UAESM,1,No,DSL,Yes,No,Yes,No,No,No,Month-to-month,0,Electronic check,53.45,119.5
6048-NJXHX,1,No,No,No internet service,No internet service,No internet service,No internet service,No internet service,No internet service,Two year,1,Electronic check,19.75,899.45
2320-SLKMB,0,No phone service,DSL,No,No,Yes,Yes,Yes,No,Month-to-month,1,Credit card (automatic),44.45,1183.8
4980-URKXC,1,No,No,No internet service,No internet service,No internet service,No internet service,No internet service,No internet service,One year,0,Bank transfer (automatic),20.85,720.05
4376-KFVRS,1,Yes,Fiber optic,Yes,Yes,Yes,Yes,Yes,Yes,Two year,1,Credit card (automatic),114.05,8468.2
5886-VLQVU,1,Yes,Fiber optic,No,No,No,Yes,No,Yes,Month-to-month,1,Bank transfer (automatic),89.85,3161.2
3577-AMVUX,1,No,DSL,No,No,Yes,Yes,No,No,Month-to-month,0,Mailed check,55.05,55.05
0771-WLCLA,1,Yes,Fiber optic,Yes,No,Yes,Yes,Yes,Yes,Month-to-month,1,Electronic check,112.95,1882.55
5628-RKIFK,1,Yes,Fiber optic,Yes,No,No,No,Yes,Yes,Month-to-month,0,Credit card (automatic),101.55,5070.4
0206-TBWLC,1,Yes,Fiber optic,Yes,Yes,Yes,Yes,Yes,Yes,One year,1,Mailed check,114.65,6049.5
2937-FTHUR,1,Yes,DSL,Yes,No,No,No,No,Yes,Month-to-month,0,Electronic check,64.8,1166.7
1910-FMXJM,1,No,Fiber optic,No,No,No,No,No,Yes,Month-to-month,0,Electronic check,80.4,2937.65
0732-OCQOC,1,Yes,No,No internet service,No internet service,No internet service,No internet service,No internet service,No internet service,Two year,1,Bank transfer (automatic),25.05,1270.25
5168-MSWXT,1,No,Fiber optic,No,No,Yes,No,Yes,Yes,Month-to-month,1,Electronic check,94.75,759.55
1090-ESELR,1,No,Fiber optic,Yes,Yes,No,Yes,Yes,Yes,Two year,0,Bank transfer (automatic),105.5,7611.55
8592-PLTMQ,1,Yes,No,No internet service,No internet service,No internet service,No internet service,No internet service,No internet service,One year,0,Mailed check,24.7,1642.75
5760-WRAHC,1,No,DSL,Yes,No,Yes,Yes,No,Yes,Month-to-month,1,Mailed check,69.75,1545.4
8847-GEOOQ,0,No phone service,DSL,No,Yes,Yes,Yes,Yes,Yes,Month-to-month,1,Bank transfer (automatic),60.2,3582.4
4785-FCIFB,1,Yes,No,No internet service,No internet service,No internet service,No internet service,No internet service,No internet service,Two year,0,Mailed check,24.4,1417.9
8313-NDOIA,1,Yes,Fiber optic,No,Yes,Yes,No,Yes,Yes,Month-to-month,1,Electronic check,104.15,2494.65
5149-CUZUJ,1,No,Fiber optic,No,Yes,Yes,Yes,Yes,No,One year,0,Bank transfer (automatic),92.9,2768.35
0942-KOWSM,1,No,DSL,No,Yes,Yes,Yes,Yes,Yes,Two year,0,Bank transfer (automatic),80.8,2369.3
4237-CLSMM,1,No,No,No internet service,No internet service,No internet service,No internet service,No internet service,No internet service,Month-to-month,0,Mailed check,20.0,38.0
1452-VOQCH,1,Yes,Fiber optic,No,No,No,No,No,No,Month-to-month,1,Electronic check,75.1,75.1
4719-UMSIY,1,No,No,No internet service,No internet service,No internet service,No internet service,No internet service,No internet service,Month-to-month,0,Mailed check,19.65,100.9
6614-VBEGU,1,No,DSL,No,Yes,No,No,Yes,Yes,Month-to-month,1,Bank transfer (automatic),69.45,1614.05
1480-BKXGA,1,Yes,Fiber optic,Yes,Yes,Yes,Yes,Yes,Yes,Two year,1,Bank transfer (automatic),116.05,8404.9
2996-XAUVF,0,No phone service,DSL,No,No,No,Yes,No,Yes,Two year,1,Mailed check,40.05,2799.75
9076-AXYIK,1,Yes,Fiber optic,No,No,Yes,Yes,Yes,Yes,Two year,0,Electronic check,102.1,6538.45
5968-XQIVE,1,Yes,Fiber optic,No,Yes,No,No,Yes,No,One year,1,Electronic check,89.7,6588.95
8896-RAZCR,1,No,No,No internet service,No internet service,No internet service,No internet service,No internet service,No internet service,Two year,0,Mailed check,19.9,868.1
4933-IKULF,1,No,No,No internet service,No internet service,No internet service,No internet service,No internet service,No internet service,One year,0,Mailed check,20.65,330.6
1304-BCCFO,1,No,DSL,No,No,Yes,No,Yes,Yes,Month-to-month,1,Mailed check,70.05,564.4
4104-PVRPS,1,No,DSL,Yes,No,No,Yes,No,No,Month-to-month,0,Mailed check,53.6,1315.35
3780-DDGSE,1,No,DSL,No,Yes,No,Yes,Yes,Yes,Month-to-month,1,Electronic check,76.05,2747.2
4431-EDMIQ,1,No,DSL,Yes,Yes,Yes,Yes,Yes,No,Month-to-month,1,Electronic check,75.7,554.05
0486-LGCCH,1,No,No,No internet service,No internet service,No internet service,No internet service,No internet service,No internet service,Two year,0,Mailed check,19.65,225.75
4612-SSVHJ,1,No,Fiber optic,No,No,No,No,No,Yes,Month-to-month,1,Electronic check,81.45,1671.6
5168-MQQCA,1,Yes,Fiber optic,No,Yes,Yes,Yes,Yes,Yes,One year,1,Bank transfer (automatic),108.5,8003.8
7971-HLVXI,1,Yes,Fiber optic,No,No,No,No,No,Yes,Two year,1,Credit card (automatic),84.5,6130.85
9094-AZPHK,1,Yes,Fiber optic,No,Yes,No,No,Yes,Yes,Month-to-month,1,Electronic check,100.15,1415.0
3649-JPUGY,1,Yes,DSL,No,Yes,Yes,Yes,Yes,Yes,Two year,1,Bank transfer (automatic),88.6,6201.95
3552-CTCYF,1,Yes,Fiber optic,No,Yes,Yes,No,Yes,Yes,Two year,1,Bank transfer (automatic),104.8,6597.25
6778-YSNIH,1,No,DSL,No,Yes,No,No,Yes,No,Month-to-month,1,Electronic check,59.0,114.15
5756-OZRIO,1,Yes,DSL,No,Yes,No,No,No,Yes,One year,0,Bank transfer (automatic),64.05,3902.6
6579-JPICP,1,No,No,No internet service,No internet service,No internet service,No internet service,No internet service,No internet service,Month-to-month,0,Mailed check,20.4,20.4
4134-BSXLX,1,No,DSL,Yes,Yes,No,Yes,No,No,Month-to-month,0,Mailed check,60.9,1785.65
0505-SPOOW,1,No,No,No internet service,No internet service,No internet service,No internet service,No internet service,No internet service,Two year,0,Bank transfer (automatic),19.8,1397.65
4374-YMUSQ,1,Yes,Fiber optic,Yes,Yes,Yes,Yes,Yes,Yes,One year,0,Credit card (automatic),116.25,3899.05
4513-CXYIX,1,Yes,Fiber optic,Yes,No,No,No,No,No,Two year,1,Credit card (automatic),80.7,5676.0
3957-HHLMR,1,Yes,DSL,Yes,No,No,No,No,Yes,One year,0,Bank transfer (automatic),65.2,4543.15
7803-XOCCZ,1,No,Fiber optic,Yes,No,Yes,Yes,No,No,Month-to-month,1,Bank transfer (automatic),84.05,4326.8
5736-YEJAX,1,Yes,DSL,Yes,Yes,Yes,Yes,Yes,No,Two year,1,Credit card (automatic),79.45,5502.55
8981-FJGLA,1,Yes,Fiber optic,No,No,Yes,No,No,No,Month-to-month,1,Mailed check,78.0,851.8
1135-LMECX,1,No,No,No internet service,No internet service,No internet service,No internet service,No internet service,No internet service,Month-to-month,0,Mailed check,19.85,19.85
4332-MUOEZ,1,No,Fiber optic,Yes,No,Yes,Yes,No,Yes,One year,0,Credit card (automatic),94.3,1818.3
8535-SFUTN,1,Yes,Fiber optic,Yes,No,Yes,No,Yes,Yes,Month-to-month,1,Electronic check,106.45,6300.15
8677-HDZEE,1,Yes,Fiber optic,No,Yes,No,Yes,Yes,Yes,Month-to-month,1,Bank transfer (automatic),105.45,5916.95
2475-MROZF,1,Yes,Fiber optic,Yes,Yes,Yes,Yes,No,No,Month-to-month,1,Credit card (automatic),95.0,2852.4
3482-ABPKK,1,No,DSL,Yes,No,No,Yes,No,No,One year,0,Mailed check,54.3,1546.3
6705-LXORM,1,No,Fiber optic,No,No,No,No,No,No,Month-to-month,0,Electronic check,70.05,302.6
7531-GQHME,1,No,No,No internet service,No internet service,No internet service,No internet service,No internet service,No internet service,Month-to-month,0,Credit card (automatic),20.05,265.45
5174-ITUMV,1,Yes,Fiber optic,No,Yes,Yes,No,Yes,Yes,One year,1,Electronic check,105.4,6989.45
4109-CYRBD,1,Yes,DSL,No,No,No,No,No,No,Month-to-month,1,Electronic check,51.6,1442.0
0913-XWSCN,1,Yes,Fiber optic,No,No,No,No,No,Yes,Month-to-month,0,Bank transfer (automatic),85.5,4713.4
0750-EBAIU,1,No,Fiber optic,Yes,No,Yes,No,Yes,No,One year,0,Electronic check,91.25,4738.3
8606-CIQUL,1,Yes,Fiber optic,Yes,Yes,Yes,Yes,Yes,Yes,Two year,1,Credit card (automatic),115.75,8399.15
3571-DPYUH,1,Yes,Fiber optic,No,Yes,No,Yes,Yes,No,One year,1,Credit card (automatic),94.7,5430.35
7601-GNDYK,1,No,No,No internet service,No internet service,No internet service,No internet service,No internet service,No internet service,Two year,0,Mailed check,19.6,686.95
0356-OBMAC,1,Yes,Fiber optic,No,Yes,Yes,Yes,Yes,No,Two year,1,Bank transfer (automatic),99.9,5706.3
8067-NIOYM,1,No,No,No internet service,No internet service,No internet service,No internet service,No internet service,No internet service,Two year,1,Credit card (automatic),21.1,490.65
1403-GYAFU,1,No,No,No internet service,No internet service,No internet service,No internet service,No internet service,No internet service,Two year,0,Credit card (automatic),20.05,1360.25
4234-XTNEA,1,No,Fiber optic,No,No,No,No,Yes,No,Month-to-month,1,Electronic check,79.95,174.45
1297-VQDRP,1,Yes,Fiber optic,No,No,Yes,Yes,Yes,Yes,One year,1,Credit card (automatic),107.15,7379.8
5348-CAGXB,1,Yes,Fiber optic,No,No,Yes,No,Yes,No,Month-to-month,1,Electronic check,89.55,1021.75
0621-HJWXJ,1,Yes,Fiber optic,No,Yes,No,No,No,No,Month-to-month,1,Bank transfer (automatic),81.55,5029.05
5844-QVTAT,1,No,DSL,Yes,Yes,Yes,No,No,No,One year,1,Mailed check,58.45,1955.4
8905-IAZPF,1,No,Fiber optic,No,Yes,No,No,Yes,Yes,One year,1,Credit card (automatic),95.65,6744.2
5394-MEITZ,1,No,DSL,No,Yes,Yes,Yes,Yes,Yes,Two year,1,Bank transfer (automatic),80.6,4946.7
6859-QNXIQ,1,Yes,Fiber optic,Yes,Yes,Yes,Yes,Yes,Yes,Two year,1,Bank transfer (automatic),113.1,8248.5
2782-LFZVW,1,Yes,DSL,No,No,No,No,No,Yes,Month-to-month,1,Mailed check,58.95,601.6
2866-IKBTM,1,No,No,No internet service,No internet service,No internet service,No internet service,No internet service,No internet service,Month-to-month,0,Mailed check,19.55,19.55
7129-AZJDE,1,No,Fiber optic,No,No,No,No,No,Yes,One year,1,Bank transfer (automatic),78.95,2647.2
2560-PPCHE,1,Yes,Fiber optic,No,Yes,No,Yes,Yes,Yes,One year,1,Bank transfer (automatic),105.05,6744.25
4676-MQUEA,1,Yes,Fiber optic,Yes,Yes,Yes,No,Yes,No,One year,1,Bank transfer (automatic),101.9,5265.5
8138-EALND,1,No,No,No internet service,No internet service,No internet service,No internet service,No internet service,No internet service,Month-to-month,0,Mailed check,19.75,311.6
3580-HYCSP,1,Yes,Fiber optic,Yes,Yes,Yes,No,Yes,Yes,Two year,1,Bank transfer (automatic),110.3,7966.9
1352-HNSAW,1,Yes,Fiber optic,Yes,Yes,Yes,Yes,Yes,Yes,Two year,1,Bank transfer (automatic),115.6,8220.4
2075-PUEPR,1,No,No,No internet service,No internet service,No internet service,No internet service,No internet service,No internet service,Two year,0,Bank transfer (automatic),19.35,1153.25
1982-FEBTD,1,Yes,No,No internet service,No internet service,No internet service,No internet service,No internet service,No internet service,Two year,1,Credit card (automatic),25.6,514.75
5791-KAJFD,1,Yes,DSL,Yes,No,Yes,No,No,Yes,One year,1,Bank transfer (automatic),68.75,3808.0
2654-VBVPB,1,No,No,No internet service,No internet service,No internet service,No internet service,No internet service,No internet service,Month-to-month,0,Bank transfer (automatic),19.9,19.9
1154-HYWWO,1,No,DSL,Yes,Yes,No,Yes,Yes,No,One year,0,Mailed check,70.6,2708.2
2501-XWWTZ,1,No,Fiber optic,No,No,No,No,No,No,Month-to-month,0,Electronic check,70.2,760.05
3716-UVSPD,1,No,DSL,No,No,No,Yes,No,No,Month-to-month,1,Electronic check,49.3,49.3
6815-ABQFQ,1,Yes,Fiber optic,No,Yes,No,Yes,Yes,Yes,One year,1,Electronic check,107.25,6033.3
7343-EOBEU,1,Yes,No,No internet service,No internet service,No internet service,No internet service,No internet service,No internet service,Month-to-month,1,Mailed check,23.6,89.05
3701-SFMUH,1,No,DSL,Yes,No,No,No,Yes,Yes,Month-to-month,0,Credit card (automatic),69.7,516.15
6103-LIANB,1,Yes,Fiber optic,No,No,Yes,No,Yes,Yes,Two year,1,Credit card (automatic),99.5,5861.75
7319-VENRZ,1,No,DSL,No,No,Yes,Yes,Yes,No,Month-to-month,0,Bank transfer (automatic),64.3,445.95
5846-NEQVZ,1,No,DSL,Yes,No,Yes,Yes,No,Yes,Two year,1,Credit card (automatic),70.85,4973.4
6967-QIQRV,1,No,Fiber optic,Yes,No,No,Yes,Yes,Yes,One year,0,Electronic check,101.9,1667.25
5781-RFZRP,1,Yes,DSL,Yes,Yes,No,Yes,Yes,No,Two year,0,Credit card (automatic),73.5,5357.75
0308-IVGOK,0,No phone service,DSL,No,Yes,Yes,Yes,No,No,One year,1,Credit card (automatic),40.4,422.6
7293-LSCDV,1,No,No,No internet service,No internet service,No internet service,No internet service,No internet service,No internet service,Two year,1,Credit card (automatic),19.25,1103.25
7025-WCBNE,1,Yes,DSL,No,Yes,No,Yes,No,No,Two year,0,Bank transfer (automatic),59.6,2754.0
5756-JYOJT,1,No,DSL,No,No,Yes,Yes,No,Yes,One year,0,Credit card (automatic),64.9,697.25
6030-REHUX,1,Yes,Fiber optic,No,Yes,Yes,Yes,Yes,Yes,Month-to-month,1,Electronic check,110.85,3204.4
9548-LIGTA,1,No,DSL,Yes,Yes,No,Yes,Yes,Yes,Two year,1,Mailed check,81.05,4747.65
5150-LJNSR,1,Yes,Fiber optic,Yes,No,Yes,No,Yes,No,One year,0,Bank transfer (automatic),98.05,3082.1
8270-RKSAP,1,No,Fiber optic,No,No,No,No,No,No,Month-to-month,1,Electronic check,70.5,597.9
6522-YRBXD,1,Yes,Fiber optic,Yes,Yes,No,No,No,Yes,Month-to-month,1,Electronic check,94.55,3365.4
2640-LYMOV,1,No,No,No internet service,No internet service,No internet service,No internet service,No internet service,No internet service,Month-to-month,1,Mailed check,19.65,38.8
1423-BMPBQ,1,No,No,No internet service,No internet service,No internet service,No internet service,No internet service,No internet service,Month-to-month,1,Mailed check,19.0,19.0
2393-DIVAI,1,No,No,No internet service,No internet service,No internet service,No internet service,No internet service,No internet service,Month-to-month,1,Mailed check,20.0,61.7
4568-KNYWR,1,No,DSL,Yes,Yes,No,No,Yes,No,Two year,1,Credit card (automatic),63.25,3342.45
8752-IMQOS,1,No,No,No internet service,No internet service,No internet service,No internet service,No internet service,No internet service,One year,0,Mailed check,20.1,85.1
0742-LAFQK,1,Yes,Fiber optic,Yes,Yes,Yes,No,No,Yes,Two year,1,Electronic check,99.15,7422.1
0795-LAFGP,1,Yes,DSL,Yes,Yes,Yes,Yes,Yes,Yes,Two year,0,Electronic check,90.4,6668.05
0619-OLYUR,1,Yes,Fiber optic,Yes,No,Yes,Yes,Yes,Yes,Two year,1,Credit card (automatic),111.9,8071.05
5512-IDZEI,1,Yes,No,No internet service,No internet service,No internet service,No internet service,No internet service,No internet service,One year,0,Electronic check,24.9,1174.8
0459-SPZHJ,1,Yes,DSL,Yes,Yes,Yes,No,Yes,Yes,Two year,0,Credit card (automatic),83.5,5435.0
0215-BQKGS,1,No,Fiber optic,Yes,Yes,Yes,No,No,No,Month-to-month,1,Credit card (automatic),84.3,2438.6
9244-ZVAPM,1,No,DSL,No,No,No,No,No,No,Month-to-month,0,Mailed check,45.6,45.6
8208-EUMTE,0,No phone service,DSL,Yes,Yes,Yes,Yes,Yes,No,Two year,0,Mailed check,54.85,916.15
5172-MIGPM,1,Yes,DSL,No,No,No,Yes,No,Yes,Month-to-month,0,Mailed check,65.55,237.2
1710-RCXUS,1,Yes,Fiber optic,No,Yes,No,No,No,Yes,One year,1,Credit card (automatic),90.35,4614.55
0374-FIUCA,1,No,No,No internet service,No internet service,No internet service,No internet service,No internet service,No internet service,Two year,1,Credit card (automatic),20.4,1414.45
5839-SUYVZ,1,No,Fiber optic,No,No,No,Yes,No,No,Month-to-month,1,Credit card (automatic),74.55,1170.5
5173-ZXXXL,1,No,No,No internet service,No internet service,No internet service,No internet service,No internet service,No internet service,One year,0,Mailed check,19.95,47.7
1096-ADRUX,1,Yes,Fiber optic,No,No,No,No,No,No,One year,1,Bank transfer (automatic),74.25,4859.25
2001-MCUUW,1,Yes,Fiber optic,No,Yes,Yes,Yes,Yes,Yes,Two year,0,Electronic check,108.65,4903.2
2731-GJRDG,1,Yes,Fiber optic,Yes,No,Yes,Yes,Yes,Yes,One year,1,Bank transfer (automatic),109.55,3608.0
4723-BEGSG,1,Yes,DSL,Yes,No,Yes,Yes,Yes,Yes,Two year,0,Credit card (automatic),86.65,6094.25
6516-NKQBO,1,No,DSL,Yes,No,Yes,Yes,Yes,Yes,Two year,0,Credit card (automatic),81.0,3084.9
8672-OAUPW,1,No,DSL,No,No,No,Yes,No,No,One year,0,Credit card (automatic),47.85,2356.75
8207-DMRVL,1,Yes,Fiber optic,Yes,Yes,Yes,Yes,Yes,Yes,Two year,0,Bank transfer (automatic),114.55,8306.05
2804-ETQDK,1,No,No,No internet service,No internet service,No internet service,No internet service,No internet service,No internet service,Two year,0,Mailed check,20.55,1357.1
6689-VRRTK,1,Yes,Fiber optic,Yes,Yes,Yes,No,Yes,Yes,One year,1,Credit card (automatic),109.8,4860.35
7138-GIRSH,1,Yes,DSL,No,No,Yes,Yes,No,Yes,Two year,0,Bank transfer (automatic),69.5,3418.2
9396-ZSFLL,1,Yes,DSL,No,No,No,No,No,No,Month-to-month,0,Mailed check,48.85,631.4
6464-KEXXH,0,No phone service,DSL,No,No,No,No,No,No,Month-to-month,1,Credit card (automatic),25.25,186.3
7134-MJPDY,1,Yes,Fiber optic,No,No,Yes,Yes,Yes,Yes,One year,1,Credit card (automatic),102.85,6976.75
5240-CAOYT,1,Yes,Fiber optic,Yes,Yes,No,Yes,No,No,Month-to-month,1,Bank transfer (automatic),87.55,4884.85
4059-IIEBK,1,Yes,Fiber optic,No,Yes,No,No,No,No,Month-to-month,1,Bank transfer (automatic),78.55,522.95
4881-JVQOD,0,No phone service,DSL,No,No,No,No,No,Yes,Month-to-month,1,Bank transfer (automatic),34.55,362.6
0516-UXRMT,1,Yes,Fiber optic,Yes,Yes,Yes,No,No,No,One year,1,Electronic check,92.05,5755.8
4851-BQDNX,1,No,Fiber optic,No,No,Yes,No,Yes,No,One year,1,Electronic check,85.05,3355.65
5148-HKFIR,1,No,No,No internet service,No internet service,No internet service,No internet service,No internet service,No internet service,Two year,0,Mailed check,19.7,406.95
3003-CMDUU,1,No,Fiber optic,No,No,No,Yes,Yes,Yes,Month-to-month,1,Electronic check,95.15,2395.7
5016-IBERQ,1,Yes,Fiber optic,No,Yes,Yes,No,No,No,Month-to-month,0,Electronic check,84.25,1968.1
6797-UCJHZ,1,Yes,Fiber optic,No,Yes,Yes,No,Yes,Yes,One year,0,Credit card (automatic),104.6,6819.45
2469-DTSGX,1,Yes,Fiber optic,No,Yes,Yes,Yes,Yes,Yes,Two year,0,Electronic check,111.65,7943.45
9931-KGHOA,1,Yes,DSL,Yes,No,No,No,No,No,Month-to-month,0,Bank transfer (automatic),55.0,2473.95
1775-KWJKQ,1,Yes,DSL,Yes,Yes,Yes,Yes,Yes,Yes,Two year,0,Credit card (automatic),89.85,6562.9
7665-VIGUD,1,No,No,No internet service,No internet service,No internet service,No internet service,No internet service,No internet service,One year,0,Mailed check,20.35,176.3
9411-TPQQV,0,No phone service,DSL,Yes,No,No,Yes,Yes,Yes,One year,1,Bank transfer (automatic),54.55,2236.2
7954-MLBUN,1,No,Fiber optic,No,No,Yes,Yes,Yes,Yes,Two year,0,Bank transfer (automatic),99.45,3109.9
2077-DDHJK,1,Yes,DSL,Yes,Yes,Yes,Yes,No,No,Two year,0,Credit card (automatic),70.9,4911.35
9574-BOSMD,1,Yes,No,No internet service,No internet service,No internet service,No internet service,No internet service,No internet service,Two year,0,Bank transfer (automatic),25.4,1620.2
4908-XAXAY,1,No,Fiber optic,No,Yes,Yes,No,No,Yes,One year,1,Bank transfer (automatic),89.85,4287.2
8404-VLQFB,1,Yes,No,No internet service,No internet service,No internet service,No internet service,No internet service,No internet service,Month-to-month,1,Electronic check,25.25,394.85
2391-IPLOP,1,Yes,DSL,No,No,Yes,Yes,Yes,No,One year,1,Electronic check,69.65,3442.15
3509-GWQGF,1,No,Fiber optic,No,No,No,No,No,No,Month-to-month,0,Credit card (automatic),70.0,1732.6
5845-BZZIB,1,No,No,No internet service,No internet service,No internet service,No internet service,No internet service,No internet service,Two year,0,Mailed check,20.1,655.3
1140-UKVZG,1,Yes,No,No internet service,No internet service,No internet service,No internet service,No internet service,No internet service,Month-to-month,0,Mailed check,24.8,475.25
5183-SNMJQ,1,No,Fiber optic,No,No,No,Yes,Yes,Yes,Month-to-month,1,Credit card (automatic),95.1,865.1
8100-PNJMH,1,Yes,DSL,Yes,Yes,Yes,Yes,Yes,Yes,Two year,1,Credit card (automatic),88.85,6132.7
7838-LAZFO,1,No,DSL,Yes,Yes,Yes,No,Yes,Yes,One year,0,Bank transfer (automatic),78.8,3597.5
2085-JVGAD,1,No,No,No internet service,No internet service,No internet service,No internet service,No internet service,No internet service,Month-to-month,0,Bank transfer (automatic),20.35,697.65
8095-WANWK,1,No,DSL,No,No,No,No,No,No,Month-to-month,0,Mailed check,45.25,428.7
3030-ZKIWL,1,No,No,No internet service,No internet service,No internet service,No internet service,No internet service,No internet service,Month-to-month,0,Mailed check,20.05,20.05
9565-FLVCG,1,Yes,DSL,Yes,Yes,No,No,No,Yes,Two year,1,Mailed check,69.55,4459.15
8755-OGKNA,1,No,No,No internet service,No internet service,No internet service,No internet service,No internet service,No internet service,Two year,0,Bank transfer (automatic),19.5,1167.6
2800-VEQXM,1,No,Fiber optic,No,No,Yes,No,No,No,Month-to-month,1,Mailed check,74.75,238.1
5533-RJFTJ,0,No phone service,DSL,No,No,Yes,No,No,No,Month-to-month,1,Bank transfer (automatic),30.2,1453.1
0214-JHPFW,0,No phone service,DSL,No,Yes,Yes,Yes,Yes,Yes,Two year,0,Bank transfer (automatic),57.8,4039.3
5642-MHDQT,1,No,No,No internet service,No internet service,No internet service,No internet service,No internet service,No internet service,One year,1,Bank transfer (automatic),19.85,1039.45
3088-FVYWK,1,Yes,No,No internet service,No internet service,No internet service,No internet service,No internet service,No internet service,Two year,0,Credit card (automatic),25.55,1336.1
9092-GDZKO,1,Yes,No,No internet service,No internet service,No internet service,No internet service,No internet service,No internet service,Month-to-month,1,Credit card (automatic),24.85,493.4
3729-OWRVL,1,Yes,Fiber optic,Yes,No,Yes,Yes,Yes,Yes,Two year,1,Electronic check,110.35,7246.15
2324-AALNO,1,Yes,No,No internet service,No internet service,No internet service,No internet service,No internet service,No internet service,One year,0,Bank transfer (automatic),24.55,1203.95
5760-IFJOZ,1,Yes,Fiber optic,No,Yes,Yes,No,Yes,Yes,Month-to-month,0,Mailed check,107.95,313.6
2826-UWHIS,1,Yes,Fiber optic,No,Yes,No,No,No,No,Month-to-month,0,Bank transfer (automatic),81.4,3775.85
7501-IWUNG,1,No,DSL,No,No,Yes,Yes,Yes,Yes,Two year,1,Bank transfer (automatic),73.8,4616.05
4957-TREIR,1,No,DSL,Yes,No,No,Yes,Yes,No,Month-to-month,1,Credit card (automatic),64.4,195.65
7251-LJBQN,1,Yes,Fiber optic,No,No,Yes,Yes,Yes,Yes,One year,1,Credit card (automatic),103.75,4188.4
8040-MNRTF,1,No,Fiber optic,No,No,No,No,No,No,Month-to-month,0,Mailed check,71.1,71.1
1536-HBSWP,1,No,DSL,No,No,No,Yes,No,No,Month-to-month,1,Electronic check,49.9,49.9
5313-FPXWG,1,Yes,No,No internet service,No internet service,No internet service,No internet service,No internet service,No internet service,One year,1,Bank transfer (automatic),24.6,1266.4
0946-FKYTX,0,No phone service,DSL,No,Yes,No,No,No,No,One year,0,Mailed check,30.1,1623.4
5076-YVXCM,1,Yes,Fiber optic,No,No,No,No,No,Yes,Month-to-month,0,Bank transfer (automatic),83.4,4149.45
8262-COGGB,1,No,No,No internet service,No internet service,No internet service,No internet service,No internet service,No internet service,Month-to-month,1,Mailed check,20.45,20.45
6663-JOCQO,1,Yes,DSL,Yes,Yes,No,Yes,No,Yes,One year,1,Bank transfer (automatic),75.25,2344.5
9620-QJREV,1,No,No,No internet service,No internet service,No internet service,No internet service,No internet service,No internet service,One year,0,Credit card (automatic),20.55,1013.05
2682-KEVRP,1,No,No,No internet service,No internet service,No internet service,No internet service,No internet service,No internet service,One year,1,Mailed check,20.05,417.0
2480-JZOSN,1,No,No,No internet service,No internet service,No internet service,No internet service,No internet service,No internet service,Month-to-month,1,Mailed check,20.65,20.65
0078-XZMHT,1,Yes,DSL,No,Yes,Yes,Yes,Yes,Yes,Two year,1,Bank transfer (automatic),85.15,6316.2
9978-HYCIN,1,No,Fiber optic,No,Yes,No,No,Yes,No,One year,1,Bank transfer (automatic),84.95,4018.05
8338-QIUNR,1,Yes,DSL,Yes,No,Yes,Yes,No,No,Two year,1,Credit card (automatic),66.5,4811.6
1525-LNLOJ,1,Yes,DSL,No,No,Yes,No,Yes,No,Two year,1,Bank transfer (automatic),63.3,4189.7
9450-TRJUU,1,Yes,Fiber optic,No,No,No,No,Yes,No,Month-to-month,0,Electronic check,83.15,2848.45
1766-GKNMI,1,Yes,Fiber optic,No,No,No,No,No,Yes,Month-to-month,1,Electronic check,84.9,2516.2
6942-LBFDP,1,No,No,No internet service,No internet service,No internet service,No internet service,No internet service,No internet service,Month-to-month,1,Mailed check,20.55,33.6
1456-TWCGB,1,No,DSL,No,Yes,No,No,No,No,Month-to-month,0,Mailed check,49.25,208.45
7596-ZYWBB,1,No,DSL,Yes,Yes,No,Yes,No,No,Two year,1,Mailed check,59.6,3739.8
8329-UTMVM,1,Yes,Fiber optic,No,Yes,No,Yes,Yes,Yes,One year,1,Bank transfer (automatic),104.65,2964.0
3014-WJKSM,1,No,Fiber optic,No,No,Yes,No,No,No,Month-to-month,1,Credit card (automatic),75.3,2263.4
3347-YJZZE,1,Yes,DSL,No,Yes,Yes,No,Yes,Yes,Month-to-month,0,Credit card (automatic),80.1,2211.8
7929-DMBCV,1,No,Fiber optic,No,No,Yes,Yes,No,No,Month-to-month,1,Mailed check,81.0,1683.7
9661-JALZV,1,Yes,No,No internet service,No internet service,No internet service,No internet service,No internet service,No internet service,Two year,1,Credit card (automatic),24.7,1519.0
5433-KYGHE,1,Yes,Fiber optic,Yes,No,No,Yes,No,No,Month-to-month,1,Mailed check,86.0,1164.05
4312-KFRXN,1,Yes,No,No internet service,No internet service,No internet service,No internet service,No internet service,No internet service,Two year,0,Mailed check,25.4,1710.9
5575-TPIZQ,1,Yes,Fiber optic,Yes,No,No,No,Yes,No,Month-to-month,1,Credit card (automatic),89.15,4245.55
0114-IGABW,0,No phone service,DSL,No,Yes,Yes,Yes,Yes,Yes,Two year,0,Bank transfer (automatic),58.25,4145.9
9944-AEXBM,1,Yes,Fiber optic,No,No,No,No,No,Yes,Month-to-month,1,Bank transfer (automatic),85.65,2664.3
1853-ARAAQ,0,No phone service,DSL,No,No,Yes,No,Yes,Yes,Month-to-month,1,Credit card (automatic),50.35,1277.5
6952-OMNWB,1,Yes,Fiber optic,No,No,Yes,No,No,No,Month-to-month,1,Credit card (automatic),80.35,5589.3
4697-LUPSU,1,No,No,No internet service,No internet service,No internet service,No internet service,No internet service,No internet service,One year,0,Mailed check,20.2,34.75
8434-VGEQQ,1,No,No,No internet service,No internet service,No internet service,No internet service,No internet service,No internet service,Two year,0,Credit card (automatic),20.55,1305.95
6549-YMFAW,1,No,No,No internet service,No internet service,No internet service,No internet service,No internet service,No internet service,Month-to-month,1,Mailed check,21.25,204.55
4950-HKQTE,1,Yes,No,No internet service,No internet service,No internet service,No internet service,No internet service,No internet service,Two year,0,Mailed check,26.25,605.9
6786-OBWQR,1,No,Fiber optic,No,No,No,No,Yes,No,Month-to-month,1,Electronic check,80.85,356.1
2753-JMMCV,1,Yes,DSL,No,Yes,Yes,Yes,No,Yes,Two year,1,Credit card (automatic),74.2,4805.65
6621-YOBKI,1,No,No,No internet service,No internet service,No internet service,No internet service,No internet service,No internet service,Month-to-month,0,Mailed check,20.35,92.75
1216-JWVUX,1,No,Fiber optic,No,Yes,No,No,No,No,Month-to-month,1,Electronic check,75.5,1901.05
7564-GHCVB,1,Yes,Fiber optic,Yes,No,No,No,No,No,Two year,0,Bank transfer (automatic),79.05,5730.7
1173-NOEYG,1,Yes,Fiber optic,No,No,Yes,No,No,Yes,Month-to-month,0,Bank transfer (automatic),90.15,2423.4
7595-EHCDL,0,No phone service,DSL,No,No,Yes,No,Yes,Yes,Month-to-month,0,Credit card (automatic),50.6,1653.45
6647-ZEDXT,1,Yes,Fiber optic,No,Yes,Yes,Yes,Yes,Yes,One year,0,Credit card (automatic),110.45,3327.05
2521-NPUZR,1,No,Fiber optic,Yes,Yes,Yes,Yes,No,Yes,Two year,0,Credit card (automatic),101.0,7085.5
1307-TVUFB,1,Yes,Fiber optic,No,Yes,No,No,No,No,Month-to-month,1,Bank transfer (automatic),79.35,3344.1
7503-MIOGA,1,Yes,DSL,Yes,Yes,Yes,Yes,Yes,Yes,Two year,1,Bank transfer (automatic),89.85,6697.35
4381-MHQDC,1,Yes,DSL,Yes,No,Yes,Yes,No,No,Two year,1,Mailed check,65.0,2879.9
6923-JHPMP,1,No,Fiber optic,Yes,No,Yes,No,No,No,Month-to-month,1,Electronic check,80.45,137.1
4018-PPNDW,1,Yes,No,No internet service,No internet service,No internet service,No internet service,No internet service,No internet service,Two year,1,Mailed check,24.1,1551.6
1635-FJFCC,1,No,DSL,No,No,No,No,No,No,Month-to-month,1,Credit card (automatic),44.05,202.15
2499-AJYUA,1,Yes,Fiber optic,No,Yes,Yes,Yes,Yes,Yes,Two year,1,Credit card (automatic),110.8,7882.25
6919-ELBGL,1,Yes,Fiber optic,Yes,Yes,Yes,Yes,Yes,Yes,Two year,1,Bank transfer (automatic),114.95,8196.4
3966-HRMZA,1,No,Fiber optic,No,No,Yes,No,No,No,Month-to-month,0,Mailed check,75.05,202.9
6425-JWTDV,1,No,No,No internet service,No internet service,No internet service,No internet service,No internet service,No internet service,Two year,0,Mailed check,19.25,855.1
8405-IGQFX,1,No,Fiber optic,No,No,Yes,Yes,Yes,No,One year,1,Credit card (automatic),90.05,5817.0
8224-IVVPA,1,No,DSL,Yes,Yes,No,No,No,No,Month-to-month,1,Mailed check,56.7,1652.95
9477-LGWQI,1,No,DSL,Yes,Yes,Yes,No,Yes,Yes,Two year,1,Credit card (automatic),80.15,5600.15
1410-RSCMR,1,No,DSL,Yes,No,Yes,Yes,No,Yes,Month-to-month,1,Credit card (automatic),71.35,515.75
0139-IVFJG,1,No,Fiber optic,Yes,Yes,No,No,Yes,No,Month-to-month,0,Electronic check,90.35,190.5
5730-DBDSI,1,No,No,No internet service,No internet service,No internet service,No internet service,No internet service,No internet service,Two year,0,Bank transfer (automatic),19.7,1253.8
0030-FNXPP,1,No,No,No internet service,No internet service,No internet service,No internet service,No internet service,No internet service,Month-to-month,0,Mailed check,19.85,57.2
5684-FJVYR,1,Yes,Fiber optic,Yes,Yes,No,Yes,No,No,Two year,1,Bank transfer (automatic),90.35,6563.4
4013-GUXND,1,No,No,No internet service,No internet service,No internet service,No internet service,No internet service,No internet service,Month-to-month,0,Mailed check,20.8,20.8
1266-NZYUI,1,Yes,DSL,Yes,No,Yes,Yes,No,No,Two year,0,Bank transfer (automatic),66.85,4758.8
7969-FFOWG,1,No,No,No internet service,No internet service,No internet service,No internet service,No internet service,No internet service,Two year,0,Mailed check,19.9,1292.6
4718-DHSMV,0,No phone service,DSL,No,No,No,No,Yes,No,Month-to-month,1,Mailed check,35.8,363.15
5175-WLYXL,1,Yes,Fiber optic,No,Yes,No,No,No,No,Month-to-month,1,Mailed check,78.85,1600.25
7817-OMJNA,1,No,No,No internet service,No internet service,No internet service,No internet service,No internet service,No internet service,One year,0,Bank transfer (automatic),20.4,275.7
8728-SKJLR,1,No,Fiber optic,No,No,No,Yes,No,No,Month-to-month,1,Electronic check,74.25,3089.1
3137-NYQQI,1,No,DSL,Yes,Yes,No,No,No,Yes,One year,0,Mailed check,64.8,1175.6
7706-DZNKK,1,No,No,No internet service,No internet service,No internet service,No internet service,No internet service,No internet service,Month-to-month,1,Credit card (automatic),20.45,237.3
8823-RLPWL,1,Yes,Fiber optic,Yes,Yes,Yes,No,Yes,Yes,Two year,1,Credit card (automatic),110.65,8065.65
9505-SQFSW,0,No phone service,DSL,No,Yes,No,No,No,Yes,Month-to-month,0,Mailed check,40.3,92.5
3758-CKOQL,1,Yes,Fiber optic,Yes,Yes,Yes,Yes,No,Yes,One year,1,Credit card (automatic),107.0,6152.3
5676-CFLYY,1,No,DSL,No,Yes,No,Yes,Yes,Yes,Two year,1,Credit card (automatic),73.35,5154.5
7521-AFHAB,1,No,DSL,No,No,No,No,No,No,Month-to-month,0,Mailed check,44.8,220.45
0285-INHLN,1,No,DSL,Yes,Yes,No,No,No,No,Month-to-month,1,Credit card (automatic),54.75,1510.3
5125-CNDSP,0,No phone service,DSL,Yes,Yes,No,Yes,No,No,One year,1,Bank transfer (automatic),40.6,2588.95
4992-LTJNE,1,Yes,DSL,Yes,No,No,No,No,No,Two year,0,Bank transfer (automatic),55.3,3983.6
2202-OUTMO,1,Yes,DSL,Yes,No,No,Yes,No,No,Month-to-month,1,Bank transfer (automatic),60.85,2003.6
0810-BDHAW,1,Yes,DSL,Yes,Yes,No,No,Yes,Yes,One year,0,Electronic check,78.4,1832.4
0229-LFJAF,1,Yes,DSL,Yes,Yes,Yes,Yes,No,No,Two year,0,Bank transfer (automatic),69.65,4908.25
7131-ZQZNK,0,No phone service,DSL,Yes,No,Yes,Yes,Yes,Yes,Two year,0,Credit card (automatic),59.85,3590.2
3442-ZHHCC,1,Yes,DSL,Yes,Yes,Yes,No,No,Yes,One year,1,Credit card (automatic),76.9,5023.0
5726-CVNYA,1,No,No,No internet service,No internet service,No internet service,No internet service,No internet service,No internet service,Two year,1,Mailed check,19.85,146.6
9871-ELEYA,1,No,DSL,Yes,No,Yes,Yes,Yes,No,Two year,0,Credit card (automatic),67.65,2339.3
4257-GAESD,0,No phone service,DSL,No,No,No,No,Yes,Yes,Month-to-month,0,Credit card (automatic),45.0,298.7
5173-WXOQV,1,No,DSL,No,Yes,No,Yes,No,Yes,Month-to-month,1,Mailed check,64.2,143.65
2040-OBMLJ,1,Yes,Fiber optic,No,No,No,Yes,No,No,One year,0,Credit card (automatic),81.7,2548.65
6286-ZHAOK,1,Yes,No,No internet service,No internet service,No internet service,No internet service,No internet service,No internet service,Month-to-month,1,Bank transfer (automatic),25.55,507.4
3807-XHCJH,1,No,No,No internet service,No internet service,No internet service,No internet service,No internet service,No internet service,Month-to-month,0,Electronic check,20.0,20.0
5671-RQRLP,1,Yes,Fiber optic,No,No,No,No,No,No,Two year,1,Credit card (automatic),75.65,5411.4
8859-AXJZP,1,Yes,No,No internet service,No internet service,No internet service,No internet service,No internet service,No internet service,Two year,1,Mailed check,23.8,903.8
3174-AKMAS,1,No,DSL,No,Yes,No,Yes,Yes,No,Two year,1,Credit card (automatic),64.2,3009.5
9926-PJHDQ,1,Yes,DSL,No,No,Yes,No,Yes,Yes,Two year,1,Bank transfer (automatic),76.8,5468.45
7382-DFJTU,1,No,DSL,No,No,Yes,Yes,No,No,Month-to-month,0,Credit card (automatic),55.2,1058.1
2798-NYLMZ,1,Yes,Fiber optic,Yes,No,Yes,Yes,Yes,Yes,Two year,1,Credit card (automatic),108.55,7616.0
8098-TDCBU,1,Yes,No,No internet service,No internet service,No internet service,No internet service,No internet service,No internet service,Two year,0,Electronic check,25.25,1108.2
3551-GAEGL,0,No phone service,DSL,Yes,No,No,No,No,No,One year,0,Bank transfer (automatic),30.4,938.65
4785-NKHCX,1,No,No,No internet service,No internet service,No internet service,No internet service,No internet service,No internet service,Month-to-month,0,Bank transfer (automatic),20.05,94.15
3196-NVXLZ,1,Yes,Fiber optic,No,No,No,No,Yes,No,Month-to-month,1,Mailed check,84.6,2088.05
0036-IHMOT,1,No,Fiber optic,No,Yes,Yes,Yes,Yes,Yes,One year,1,Bank transfer (automatic),103.7,5656.75
4178-EGMON,1,Yes,Fiber optic,Yes,Yes,No,Yes,No,No,Two year,1,Credit card (automatic),88.0,5986.45
4220-TINQT,1,Yes,Fiber optic,No,No,Yes,Yes,Yes,Yes,Month-to-month,1,Electronic check,106.35,6751.35
5318-YKDPV,1,No,DSL,Yes,No,Yes,Yes,Yes,Yes,Two year,1,Credit card (automatic),79.15,3566.6
7975-TZMLR,1,Yes,Fiber optic,No,Yes,Yes,No,Yes,Yes,One year,1,Electronic check,103.1,4889.3
0295-QVKPB,1,No,DSL,No,No,Yes,Yes,Yes,No,Month-to-month,1,Credit card (automatic),63.95,318.1
4335-BSMJS,1,Yes,No,No internet service,No internet service,No internet service,No internet service,No internet service,No internet service,Two year,1,Credit card (automatic),25.8,1563.95
9146-JRIOX,1,Yes,No,No internet service,No internet service,No internet service,No internet service,No internet service,No internet service,Month-to-month,0,Mailed check,25.55,372.45
5337-IIWKZ,0,No phone service,DSL,No,No,Yes,Yes,Yes,No,Month-to-month,1,Electronic check,44.85,1442.6
9650-VBUOG,1,Yes,No,No internet service,No internet service,No internet service,No internet service,No internet service,No internet service,Two year,0,Credit card (automatic),25.05,963.95
3487-EARAT,1,No,DSL,Yes,Yes,Yes,Yes,No,Yes,One year,0,Credit card (automatic),74.1,5222.3
2672-TGEFF,1,Yes,Fiber optic,No,Yes,No,No,Yes,No,Month-to-month,1,Electronic check,88.8,3340.55
4250-WAROZ,1,Yes,Fiber optic,Yes,Yes,No,No,No,Yes,Month-to-month,1,Electronic check,93.25,5774.55
8184-WMOFI,1,No,DSL,Yes,No,Yes,Yes,No,Yes,One year,0,Credit card (automatic),71.4,4487.3
6092-QZVPP,1,No,DSL,Yes,No,Yes,Yes,Yes,Yes,Month-to-month,1,Credit card (automatic),79.2,2854.95
4625-LAMOB,1,No,No,No internet service,No internet service,No internet service,No internet service,No internet service,No internet service,Two year,0,Credit card (automatic),20.4,905.55
0392-BZIUW,1,Yes,Fiber optic,Yes,No,Yes,No,Yes,Yes,Two year,1,Credit card (automatic),105.0,7589.8
6549-NNDYT,0,No phone service,DSL,Yes,No,No,No,No,No,Month-to-month,1,Bank transfer (automatic),30.85,394.1
0422-OHQHQ,1,No,No,No internet service,No internet service,No internet service,No internet service,No internet service,No internet service,One year,0,Mailed check,20.55,295.95
6916-HIJSE,1,No,DSL,Yes,Yes,Yes,Yes,Yes,Yes,Two year,1,Bank transfer (automatic),84.85,5459.2
2316-ESMLS,0,No phone service,DSL,Yes,No,No,Yes,No,No,One year,0,Credit card (automatic),33.15,444.75
9778-OGKQZ,1,Yes,DSL,Yes,Yes,Yes,Yes,Yes,Yes,Two year,1,Credit card (automatic),92.0,6782.15
7408-OFWXJ,1,Yes,DSL,Yes,Yes,Yes,Yes,Yes,Yes,Two year,0,Credit card (automatic),89.8,6510.45
6007-TCTST,1,Yes,Fiber optic,Yes,Yes,Yes,Yes,Yes,Yes,Two year,1,Bank transfer (automatic),115.8,8476.5
2252-NKNSI,1,Yes,DSL,Yes,Yes,No,Yes,Yes,Yes,Two year,1,Mailed check,85.15,4461.85
8713-IGZSO,1,Yes,No,No internet service,No internet service,No internet service,No internet service,No internet service,No internet service,Month-to-month,0,Mailed check,24.85,62.0
7905-TVXTA,1,No,DSL,Yes,No,No,Yes,Yes,No,Month-to-month,1,Electronic check,64.35,352.65
7695-PKLCZ,1,No,No,No internet service,No internet service,No internet service,No internet service,No internet service,No internet service,Two year,0,Credit card (automatic),20.5,1424.9
8374-UULRV,1,Yes,DSL,Yes,Yes,No,Yes,Yes,Yes,Two year,0,Credit card (automatic),86.05,6309.65
3224-DFQNQ,1,Yes,Fiber optic,Yes,Yes,No,Yes,No,No,One year,0,Electronic check,89.0,5898.6
5275-PMFUT,0,No phone service,DSL,Yes,Yes,Yes,Yes,Yes,Yes,Two year,1,Credit card (automatic),64.8,4719.75
4795-UXVCJ,1,No,No,No internet service,No internet service,No internet service,No internet service,No internet service,No internet service,One year,0,Credit card (automatic),19.8,457.3
9777-IQHWP,1,Yes,Fiber optic,Yes,No,Yes,No,No,Yes,Two year,0,Bank transfer (automatic),93.4,5822.3
0979-MOZQI,0,No phone service,DSL,No,No,No,Yes,Yes,No,Two year,1,Bank transfer (automatic),39.0,2337.45
2732-ISEZX,1,No,No,No internet service,No internet service,No internet service,No internet service,No internet service,No internet service,Month-to-month,1,Mailed check,20.5,104.3
0323-XWWTN,1,Yes,No,No internet service,No internet service,No internet service,No internet service,No internet service,No internet service,Two year,1,Mailed check,26.4,121.25
1937-OTUKY,1,Yes,Fiber optic,Yes,No,Yes,Yes,Yes,No,Two year,1,Bank transfer (automatic),98.2,7015.9
1573-LGXBA,1,No,Fiber optic,No,Yes,Yes,No,Yes,Yes,One year,1,Credit card (automatic),97.55,5598.0
1764-VUUMT,1,No,No,No internet service,No internet service,No internet service,No internet service,No internet service,No internet service,Two year,0,Credit card (automatic),19.95,1269.1
4713-ZBURT,1,Yes,Fiber optic,No,No,Yes,No,Yes,Yes,Two year,0,Bank transfer (automatic),99.7,4634.35
3050-GBUSH,0,No phone service,DSL,No,No,No,No,Yes,No,Month-to-month,1,Credit card (automatic),34.8,113.95
7876-AEHIG,0,No phone service,DSL,Yes,No,Yes,Yes,Yes,Yes,One year,0,Bank transfer (automatic),60.15,3077.0
7945-HLKEA,1,Yes,DSL,Yes,No,Yes,Yes,No,No,One year,0,Electronic check,64.75,4039.5
9342-VNIMQ,1,Yes,DSL,No,Yes,No,No,No,No,Month-to-month,1,Bank transfer (automatic),54.65,1665.2
3523-BRGUW,1,No,No,No internet service,No internet service,No internet service,No internet service,No internet service,No internet service,One year,0,Credit card (automatic),19.3,504.2
3199-NPKCN,1,Yes,Fiber optic,Yes,No,Yes,Yes,Yes,Yes,One year,1,Electronic check,111.25,7511.65
5170-PTRKA,0,No phone service,DSL,Yes,No,No,Yes,No,No,One year,1,Credit card (automatic),35.8,1782.0
4661-NJEUX,1,No,No,No internet service,No internet service,No internet service,No internet service,No internet service,No internet service,Month-to-month,1,Mailed check,20.05,20.05
2123-AGEEN,1,No,Fiber optic,No,No,Yes,No,Yes,No,Month-to-month,1,Electronic check,84.35,609.65
1258-YMZNM,1,Yes,Fiber optic,Yes,Yes,Yes,No,Yes,Yes,One year,1,Bank transfer (automatic),110.5,2857.6
0048-LUMLS,1,No,Fiber optic,No,No,No,No,Yes,Yes,One year,0,Credit card (automatic),91.2,3247.55
5898-IGSLP,1,Yes,Fiber optic,Yes,No,Yes,Yes,No,No,Month-to-month,0,Electronic check,89.3,2823.0
6259-WJQLC,1,Yes,Fiber optic,No,No,Yes,No,No,No,Month-to-month,1,Credit card (automatic),81.1,2619.25
7997-EASSD,1,Yes,Fiber optic,No,No,No,Yes,No,No,One year,1,Credit card (automatic),81.2,4965.1
0730-KOAVE,1,Yes,Fiber optic,Yes,Yes,No,No,No,Yes,Month-to-month,1,Credit card (automatic),94.3,2679.7
8975-SKGRX,1,Yes,Fiber optic,Yes,Yes,Yes,Yes,Yes,Yes,Two year,1,Bank transfer (automatic),116.1,8310.55
0678-RLHVP,1,Yes,Fiber optic,No,Yes,Yes,No,Yes,Yes,Two year,0,Electronic check,105.55,5682.25
2267-FPIMA,1,Yes,Fiber optic,Yes,Yes,No,No,No,Yes,Month-to-month,1,Credit card (automatic),94.4,4914.9
1051-GEJLJ,1,No,No,No internet service,No internet service,No internet service,No internet service,No internet service,No internet service,Month-to-month,0,Mailed check,19.5,27.55
5285-MVEHD,1,No,Fiber optic,Yes,Yes,Yes,No,Yes,Yes,One year,1,Credit card (automatic),105.6,6068.65
0379-DJQHR,1,No,DSL,Yes,Yes,Yes,No,Yes,Yes,Two year,0,Credit card (automatic),81.35,5398.6
5543-QDCRY,1,No,DSL,No,No,No,No,Yes,No,Month-to-month,1,Electronic check,56.4,234.85
0297-RBCSG,1,No,DSL,No,Yes,No,Yes,No,Yes,One year,1,Bank transfer (automatic),65.35,1231.85
4694-PHWFW,1,No,No,No internet service,No internet service,No internet service,No internet service,No internet service,No internet service,Month-to-month,0,Mailed check,19.95,170.9
0835-JKADZ,1,Yes,Fiber optic,No,Yes,Yes,Yes,Yes,Yes,Two year,1,Electronic check,111.25,7984.15
7508-SMHXL,1,Yes,Fiber optic,No,Yes,No,No,Yes,No,Month-to-month,0,Credit card (automatic),89.0,1288.3
3865-YIOTT,1,Yes,Fiber optic,Yes,No,Yes,No,Yes,Yes,One year,1,Bank transfer (automatic),106.1,7848.5
5993-BQHEA,1,No,No,No internet service,No internet service,No internet service,No internet service,No internet service,No internet service,One year,0,Credit card (automatic),20.05,267.0
6024-RUGGH,1,Yes,No,No internet service,No internet service,No internet service,No internet service,No internet service,No internet service,Two year,1,Bank transfer (automatic),25.2,1798.9
3956-CJUST,1,No,Fiber optic,Yes,No,No,No,No,No,Month-to-month,1,Bank transfer (automatic),75.4,1643.55
4079-WWQQQ,0,No phone service,DSL,Yes,Yes,Yes,Yes,Yes,Yes,Two year,1,Bank transfer (automatic),65.55,4807.45
6103-BOCOU,1,Yes,Fiber optic,No,No,Yes,No,No,No,Month-to-month,1,Electronic check,80.7,2193.0
5149-TGWDZ,1,No,Fiber optic,No,Yes,Yes,Yes,Yes,Yes,One year,1,Mailed check,104.55,2239.4
7471-WNSUF,1,Yes,No,No internet service,No internet service,No internet service,No internet service,No internet service,No internet service,One year,0,Bank transfer (automatic),24.15,1505.9
8942-DBMHZ,1,No,No,No internet service,No internet service,No internet service,No internet service,No internet service,No internet service,Month-to-month,0,Mailed check,20.45,255.35
4301-VVZKA,1,Yes,Fiber optic,No,No,No,No,No,No,Month-to-month,1,Electronic check,75.4,1189.4
9199-PWQVC,1,Yes,DSL,Yes,Yes,No,No,Yes,Yes,One year,1,Credit card (automatic),79.7,4786.15
4824-GUCBY,1,No,Fiber optic,Yes,Yes,No,No,No,No,Month-to-month,0,Electronic check,81.7,1820.9
5393-HJZSM,1,No,DSL,Yes,Yes,Yes,Yes,No,Yes,Month-to-month,0,Bank transfer (automatic),76.3,2404.15
0862-PRCBS,1,Yes,Fiber optic,No,Yes,No,Yes,Yes,Yes,Two year,1,Credit card (automatic),103.75,7039.45
8812-ZRHFP,1,No,Fiber optic,No,No,Yes,No,No,Yes,One year,0,Electronic check,86.45,2538.05
5146-CBVOE,1,No,Fiber optic,No,Yes,No,No,No,No,Month-to-month,0,Bank transfer (automatic),75.1,1212.85
0454-OKRCT,1,No,Fiber optic,No,Yes,No,Yes,No,No,Two year,0,Bank transfer (automatic),80.6,2651.1
5787-KXGIY,1,No,No,No internet service,No internet service,No internet service,No internet service,No internet service,No internet service,Two year,0,Credit card (automatic),19.3,1304.8
4198-VFOEA,0,No phone service,DSL,Yes,No,No,Yes,No,No,One year,1,Mailed check,33.6,435.45
6630-UJZMY,1,Yes,Fiber optic,No,No,No,No,Yes,No,Month-to-month,1,Electronic check,83.25,308.05
2692-AQCPF,1,Yes,Fiber optic,No,Yes,Yes,Yes,Yes,Yes,One year,1,Credit card (automatic),108.05,7118.9
0347-UBKUZ,1,No,No,No internet service,No internet service,No internet service,No internet service,No internet service,No internet service,Month-to-month,0,Mailed check,19.9,320.45
0835-DUUIQ,1,No,No,No internet service,No internet service,No internet service,No internet service,No internet service,No internet service,One year,0,Bank transfer (automatic),21.05,531.55
0811-GSDTP,0,No phone service,DSL,No,Yes,No,No,No,No,Month-to-month,0,Electronic check,30.15,382.2
7567-ECMCM,1,No,Fiber optic,No,No,No,No,No,Yes,Month-to-month,1,Credit card (automatic),79.85,2001.0
6115-ZTBFQ,0,No phone service,DSL,Yes,Yes,Yes,Yes,Yes,Yes,Two year,0,Bank transfer (automatic),65.5,4919.7
6353-BRMMA,1,Yes,Fiber optic,Yes,Yes,No,No,Yes,Yes,Month-to-month,1,Bank transfer (automatic),104.1,5645.8
6231-WFGFH,1,No,No,No internet service,No internet service,No internet service,No internet service,No internet service,No internet service,Month-to-month,1,Mailed check,20.5,77.6
9904-EHEVJ,1,Yes,Fiber optic,No,No,Yes,No,Yes,No,Month-to-month,1,Mailed check,91.35,2896.55
6169-PPETC,1,No,No,No internet service,No internet service,No internet service,No internet service,No internet service,No internet service,Two year,0,Bank transfer (automatic),20.5,759.35
8584-KMVXD,1,No,Fiber optic,No,Yes,No,No,No,No,Month-to-month,0,Electronic check,75.6,535.55
8467-WYNSR,1,No,DSL,Yes,No,No,Yes,No,No,Month-to-month,0,Mailed check,55.1,1253.15
0851-DFJKB,1,No,DSL,Yes,No,Yes,Yes,No,No,Month-to-month,0,Electronic check,58.95,955.15
5382-SOYZL,1,Yes,Fiber optic,No,No,No,No,Yes,Yes,Month-to-month,1,Electronic check,95.1,2162.6
3261-CQXOL,1,Yes,No,No internet service,No internet service,No internet service,No internet service,No internet service,No internet service,Two year,0,Bank transfer (automatic),25.45,1813.35
8388-FYNPZ,1,No,DSL,Yes,No,Yes,No,No,No,Month-to-month,0,Electronic check,56.75,245.15
4002-BQWPQ,1,Yes,DSL,Yes,Yes,Yes,Yes,No,Yes,Month-to-month,0,Bank transfer (automatic),81.75,2028.8
5651-YLPRD,1,No,Fiber optic,No,Yes,No,No,Yes,No,Month-to-month,1,Electronic check,86.1,2723.75
2826-DXLQO,0,No phone service,DSL,Yes,No,No,No,No,No,Month-to-month,0,Bank transfer (automatic),29.8,220.45
4378-BZYFP,1,No,No,No internet service,No internet service,No internet service,No internet service,No internet service,No internet service,One year,1,Mailed check,20.5,365.8
9489-UTFKA,1,No,DSL,Yes,No,No,No,Yes,No,Month-to-month,0,Bank transfer (automatic),60.9,551.95
4849-PYRLQ,1,Yes,DSL,Yes,No,Yes,Yes,No,Yes,Two year,0,Bank transfer (automatic),73.25,4054.2
7764-BDPEE,1,No,No,No internet service,No internet service,No internet service,No internet service,No internet service,No internet service,Month-to-month,0,Mailed check,20.85,60.65
3429-IFLEM,1,No,DSL,Yes,Yes,Yes,Yes,Yes,No,Two year,0,Credit card (automatic),77.35,5550.1
5002-GCQFH,1,Yes,Fiber optic,Yes,Yes,No,No,Yes,No,Month-to-month,1,Bank transfer (automatic),93.85,4733.1
0556-FJEGU,1,No,DSL,No,Yes,Yes,Yes,Yes,No,Two year,0,Bank transfer (automatic),70.1,4048.95
0604-THJFP,1,No,DSL,No,Yes,No,Yes,Yes,Yes,Two year,1,Credit card (automatic),75.95,4542.35
5879-SESNB,1,Yes,Fiber optic,No,No,No,No,No,No,Month-to-month,0,Electronic check,75.25,888.65
6461-PPAXN,1,No,DSL,Yes,No,No,Yes,No,No,One year,1,Bank transfer (automatic),54.95,1916.0
3318-ISQFQ,1,No,No,No internet service,No internet service,No internet service,No internet service,No internet service,No internet service,Month-to-month,1,Bank transfer (automatic),19.5,413.0
1106-HRLKZ,1,No,No,No internet service,No internet service,No internet service,No internet service,No internet service,No internet service,Two year,0,Mailed check,19.6,808.95
2483-XSSMZ,1,No,DSL,Yes,No,No,No,No,No,One year,1,Electronic check,47.85,1886.4
8165-ZJRNM,1,Yes,No,No internet service,No internet service,No internet service,No internet service,No internet service,No internet service,Two year,0,Bank transfer (automatic),23.75,1679.25
2604-XVDAM,1,No,DSL,No,No,No,No,No,No,Month-to-month,0,Bank transfer (automatic),43.8,540.95
3717-OFRTN,1,No,No,No internet service,No internet service,No internet service,No internet service,No internet service,No internet service,Month-to-month,0,Bank transfer (automatic),19.75,19.75
9046-JBFWA,1,No,No,No internet service,No internet service,No internet service,No internet service,No internet service,No internet service,Month-to-month,0,Mailed check,19.15,537.35
3280-NMUVX,1,No,No,No internet service,No internet service,No internet service,No internet service,No internet service,No internet service,One year,0,Credit card (automatic),19.6,678.8
1206-EHBDD,1,No,Fiber optic,Yes,No,Yes,No,No,No,Two year,0,Bank transfer (automatic),80.3,4513.65
8361-LBRDI,1,Yes,No,No internet service,No internet service,No internet service,No internet service,No internet service,No internet service,Two year,0,Credit card (automatic),24.35,1423.85
4883-KCPZJ,1,Yes,No,No internet service,No internet service,No internet service,No internet service,No internet service,No internet service,Two year,0,Credit card (automatic),25.25,555.4
9108-EQPNQ,1,Yes,No,No internet service,No internet service,No internet service,No internet service,No internet service,No internet service,Two year,0,Credit card (automatic),26.1,225.55
7277-KAMWT,1,No,No,No internet service,No internet service,No internet service,No internet service,No internet service,No internet service,Two year,0,Credit card (automatic),20.0,268.45
2545-LXYVJ,1,No,No,No internet service,No internet service,No internet service,No internet service,No internet service,No internet service,Two year,0,Bank transfer (automatic),20.7,1492.1
3234-VKACU,1,No,DSL,No,No,No,Yes,Yes,Yes,Month-to-month,0,Electronic check,70.3,132.4
8120-JDCAM,1,No,Fiber optic,No,No,No,No,No,No,Month-to-month,1,Mailed check,69.55,284.9
8917-FAEMR,1,No,No,No internet service,No internet service,No internet service,No internet service,No internet service,No internet service,Two year,0,Mailed check,19.85,784.25
7047-YXDMZ,1,No,No,No internet service,No internet service,No internet service,No internet service,No internet service,No internet service,Month-to-month,0,Mailed check,20.0,417.7
2858-EIMXH,1,Yes,Fiber optic,No,No,No,No,Yes,Yes,One year,1,Credit card (automatic),95.85,5016.25
6419-ZTTLE,1,No,No,No internet service,No internet service,No internet service,No internet service,No internet service,No internet service,One year,1,Electronic check,20.75,485.2
0929-HYQEW,1,No,DSL,Yes,No,No,No,No,No,Month-to-month,1,Mailed check,50.15,160.85
6614-YOLAC,0,No phone service,DSL,Yes,Yes,No,Yes,Yes,Yes,Two year,0,Mailed check,58.65,4145.25
7426-RHZGU,1,No,Fiber optic,No,No,No,Yes,Yes,Yes,Month-to-month,1,Bank transfer (automatic),95.9,827.45
4065-JJAVA,1,No,DSL,No,Yes,No,No,No,No,Month-to-month,0,Electronic check,49.5,49.5
7649-SIJJF,1,Yes,DSL,Yes,Yes,Yes,Yes,No,Yes,Two year,1,Mailed check,80.1,5585.4
9361-YNQWJ,1,Yes,No,No internet service,No internet service,No internet service,No internet service,No internet service,No internet service,One year,1,Bank transfer (automatic),24.4,1601.2
3748-FVMZZ,0,No phone service,DSL,No,No,No,Yes,No,Yes,Month-to-month,1,Electronic check,40.05,162.45
9391-TTOYH,1,No,No,No internet service,No internet service,No internet service,No internet service,No internet service,No internet service,Month-to-month,1,Mailed check,19.5,470.2
1452-XRSJV,1,No,DSL,Yes,No,No,No,No,No,Month-to-month,0,Credit card (automatic),51.05,2066.0
3422-WJOYD,1,No,DSL,Yes,No,No,Yes,No,No,One year,0,Mailed check,54.35,1426.45
8242-SOQUO,1,No,Fiber optic,No,Yes,No,No,Yes,No,Month-to-month,1,Electronic check,84.7,392.5
7460-ITWWP,1,No,Fiber optic,No,No,Yes,No,No,Yes,Month-to-month,1,Electronic check,86.1,3861.45
7147-AYBAA,1,No,Fiber optic,No,No,No,No,No,No,Month-to-month,1,Mailed check,70.35,2552.9
7868-TMWMZ,1,No,Fiber optic,Yes,Yes,Yes,Yes,Yes,Yes,Two year,1,Bank transfer (automatic),110.0,6668.35
6732-FZUGP,1,Yes,Fiber optic,Yes,No,Yes,No,Yes,No,One year,0,Credit card (automatic),94.9,4615.25
8329-GWVPJ,1,No,Fiber optic,No,No,No,No,No,No,Month-to-month,1,Bank transfer (automatic),69.75,3557.7
1352-VHKAJ,1,Yes,DSL,No,No,No,Yes,Yes,Yes,Month-to-month,0,Bank transfer (automatic),71.6,1957.1
2632-TACXW,1,Yes,No,No internet service,No internet service,No internet service,No internet service,No internet service,No internet service,Two year,0,Bank transfer (automatic),23.65,1416.75
8146-QQKZH,1,No,DSL,Yes,No,Yes,Yes,Yes,Yes,Two year,0,Bank transfer (automatic),81.85,5924.4
1767-CJKBA,1,Yes,No,No internet service,No internet service,No internet service,No internet service,No internet service,No internet service,Two year,0,Mailed check,25.1,1697.7
6445-TNRXS,1,Yes,Fiber optic,Yes,Yes,Yes,Yes,Yes,Yes,Two year,1,Bank transfer (automatic),114.7,7849.85
4581-LNWUM,0,No phone service,DSL,No,No,Yes,No,Yes,Yes,Month-to-month,0,Electronic check,49.15,649.4
4869-EPIUS,1,No,Fiber optic,No,No,No,No,No,Yes,One year,1,Electronic check,80.9,4557.5
1915-OAKWD,1,No,No,No internet service,No internet service,No internet service,No internet service,No internet service,No internet service,One year,1,Bank transfer (automatic),19.3,360.35
7296-PIXQY,1,No,Fiber optic,No,No,No,No,No,No,Month-to-month,0,Electronic check,70.2,1046.5
3354-OADJP,1,No,DSL,Yes,No,No,Yes,No,No,One year,0,Bank transfer (automatic),54.25,447.75
3524-WQDSG,1,Yes,Fiber optic,No,No,Yes,No,Yes,Yes,Month-to-month,1,Bank transfer (automatic),99.3,4209.95
0810-DHDBD,1,Yes,DSL,Yes,No,Yes,Yes,Yes,No,One year,0,Credit card (automatic),74.0,3877.65
4026-SKKHW,1,No,DSL,No,No,No,Yes,No,No,Month-to-month,1,Mailed check,50.25,152.3
2829-HYVZP,1,No,No,No internet service,No internet service,No internet service,No internet service,No internet service,No internet service,One year,1,Mailed check,19.8,572.2
3845-JHAMY,0,No phone service,DSL,No,No,No,No,No,Yes,Month-to-month,1,Credit card (automatic),35.5,552.7
7013-PSXHK,1,Yes,DSL,No,No,Yes,Yes,Yes,Yes,One year,1,Mailed check,80.75,3208.65
3486-NPGST,1,No,No,No internet service,No internet service,No internet service,No internet service,No internet service,No internet service,One year,0,Mailed check,19.55,620.75
6100-FJZDG,1,No,No,No internet service,No internet service,No internet service,No internet service,No internet service,No internet service,One year,1,Bank transfer (automatic),20.05,505.9
4829-ZLJTK,1,Yes,Fiber optic,Yes,Yes,Yes,No,Yes,Yes,Two year,1,Electronic check,112.4,8046.85
1730-VFMWO,1,No,DSL,No,No,No,Yes,No,No,Month-to-month,0,Bank transfer (automatic),50.2,1815.3
7143-BQIBA,1,No,DSL,Yes,No,No,Yes,Yes,No,Month-to-month,0,Bank transfer (automatic),62.25,612.95
3800-LYTRK,1,No,DSL,Yes,No,No,Yes,No,No,One year,0,Mailed check,55.7,795.15
9646-NMHXE,1,No,No,No internet service,No internet service,No internet service,No internet service,No internet service,No internet service,Two year,0,Mailed check,19.65,973.1
7030-NJVDP,1,No,Fiber optic,Yes,No,No,Yes,No,Yes,Month-to-month,1,Electronic check,89.25,2210.2
8883-GRDWQ,1,No,DSL,Yes,No,No,Yes,No,No,One year,0,Mailed check,54.0,1055.9
7771-ZONAT,0,No phone service,DSL,No,No,Yes,Yes,Yes,Yes,Two year,0,Bank transfer (automatic),56.75,1304.85
2111-DWYHN,1,No,No,No internet service,No internet service,No internet service,No internet service,No internet service,No internet service,Month-to-month,0,Mailed check,21.1,21.1
4194-WHFCB,1,Yes,Fiber optic,No,Yes,No,Yes,No,Yes,Month-to-month,1,Bank transfer (automatic),96.65,5580.8
4121-AGSIN,1,Yes,No,No internet service,No internet service,No internet service,No internet service,No internet service,No internet service,One year,1,Credit card (automatic),24.5,1497.9
9845-PEEKO,1,Yes,Fiber optic,No,Yes,No,No,No,No,Two year,1,Credit card (automatic),79.2,4590.35
0455-XFASS,1,No,Fiber optic,No,No,No,No,No,No,Month-to-month,1,Electronic check,69.55,200.2
0301-KOBTQ,1,No,No,No internet service,No internet service,No internet service,No internet service,No internet service,No internet service,Two year,1,Bank transfer (automatic),20.05,614.45
1751-NCDLI,1,Yes,Fiber optic,No,No,Yes,No,Yes,Yes,Month-to-month,1,Electronic check,98.85,4564.9
9170-ARBTB,1,No,No,No internet service,No internet service,No internet service,No internet service,No internet service,No internet service,One year,0,Credit card (automatic),19.6,1012.4
7241-AJHFS,1,Yes,Fiber optic,Yes,No,No,Yes,No,No,Month-to-month,0,Bank transfer (automatic),87.65,2766.4
4546-FOKWR,1,Yes,Fiber optic,No,No,No,No,No,No,Month-to-month,1,Credit card (automatic),74.75,1129.35
9036-CSKBW,1,Yes,Fiber optic,Yes,Yes,Yes,No,Yes,Yes,One year,0,Bank transfer (automatic),107.45,5680.9
5832-TRLPB,1,No,DSL,No,No,Yes,Yes,Yes,Yes,One year,1,Bank transfer (automatic),75.35,2243.9
8590-YFFQO,1,No,DSL,Yes,Yes,Yes,Yes,No,No,Two year,0,Credit card (automatic),64.95,4523.25
8659-IOOPU,1,Yes,Fiber optic,Yes,No,Yes,Yes,No,Yes,Two year,0,Electronic check,100.45,7159.7
1338-CECEE,1,Yes,DSL,No,Yes,Yes,No,Yes,No,One year,0,Bank transfer (automatic),68.5,2839.95
7439-DKZTW,1,No,Fiber optic,No,No,No,No,Yes,No,Month-to-month,1,Electronic check,80.55,80.55
4646-QZXTF,1,No,DSL,Yes,No,Yes,Yes,Yes,Yes,Month-to-month,0,Bank transfer (automatic),81.25,580.1
9742-XOKTS,1,Yes,Fiber optic,Yes,Yes,No,Yes,No,No,One year,0,Electronic check,89.55,6038.55
6921-OZMFH,1,Yes,DSL,No,No,No,Yes,No,No,Month-to-month,1,Mailed check,55.7,259.4
9578-FOMUK,1,Yes,No,No internet service,No internet service,No internet service,No internet service,No internet service,No internet service,Month-to-month,1,Electronic check,24.8,324.15
4712-UYOOI,1,No,No,No internet service,No internet service,No internet service,No internet service,No internet service,No internet service,Month-to-month,0,Electronic check,20.0,417.65
7722-CVFXN,1,Yes,Fiber optic,No,Yes,No,Yes,Yes,Yes,One year,1,Electronic check,105.2,5637.85
8717-VCTXJ,1,No,No,No internet service,No internet service,No internet service,No internet service,No internet service,No internet service,One year,1,Mailed check,19.55,839.4
7363-QTBIW,1,No,Fiber optic,No,No,No,No,No,Yes,Month-to-month,1,Electronic check,79.75,769.1
4159-NAAIX,1,Yes,Fiber optic,No,Yes,No,No,Yes,Yes,Two year,0,Bank transfer (automatic),97.45,6253.0
0971-QIFJK,1,Yes,No,No internet service,No internet service,No internet service,No internet service,No internet service,No internet service,Two year,0,Bank transfer (automatic),24.25,1641.8
9397-TZSHA,1,Yes,No,No internet service,No internet service,No internet service,No internet service,No internet service,No internet service,Two year,0,Credit card (automatic),24.6,1678.05
3391-JSQEW,1,No,DSL,No,Yes,No,No,No,No,Month-to-month,1,Mailed check,50.15,2058.5
0343-QLUZP,0,No phone service,DSL,Yes,Yes,Yes,No,No,No,Two year,0,Bank transfer (automatic),39.6,2424.5
2176-LVPNX,1,Yes,DSL,Yes,Yes,Yes,Yes,Yes,Yes,Two year,0,Mailed check,89.85,6293.45
3312-UUMZW,1,Yes,Fiber optic,No,Yes,No,No,Yes,Yes,Month-to-month,1,Credit card (automatic),98.85,3145.9
1271-UODNO,1,Yes,DSL,No,No,No,Yes,No,No,Two year,1,Credit card (automatic),53.85,2200.7
8461-EFQYM,1,Yes,No,No internet service,No internet service,No internet service,No internet service,No internet service,No internet service,One year,1,Electronic check,24.25,914.4
6900-RBKER,1,Yes,Fiber optic,No,No,Yes,No,No,Yes,Two year,1,Credit card (automatic),89.45,4577.75
6891-JPYFF,1,Yes,Fiber optic,Yes,Yes,No,No,Yes,Yes,Month-to-month,1,Credit card (automatic),105.25,4997.5
1459-QNFQT,0,No phone service,DSL,Yes,No,Yes,Yes,Yes,Yes,Two year,0,Bank transfer (automatic),59.5,4144.8
1047-NNCBF,1,No,Fiber optic,No,No,No,No,No,No,Month-to-month,0,Credit card (automatic),70.55,1493.55
3696-XRIEN,1,Yes,DSL,Yes,No,Yes,Yes,Yes,Yes,One year,1,Credit card (automatic),82.5,4179.1
0074-HDKDG,1,No,DSL,Yes,Yes,Yes,No,No,No,One year,1,Bank transfer (automatic),61.6,1611.0
8791-GFXLZ,1,No,DSL,No,Yes,No,No,No,No,Month-to-month,1,Bank transfer (automatic),49.05,593.05
9330-DHBFL,1,No,DSL,Yes,Yes,Yes,Yes,No,No,One year,1,Mailed check,66.25,1533.8
0098-BOWSO,1,No,No,No internet service,No internet service,No internet service,No internet service,No internet service,No internet service,Month-to-month,1,Electronic check,19.4,529.8
3452-ABWRL,1,Yes,Fiber optic,No,No,No,No,Yes,No,Month-to-month,1,Credit card (automatic),86.05,3865.6
5859-HZYLF,1,No,No,No internet service,No internet service,No internet service,No internet service,No internet service,No internet service,Two year,1,Credit card (automatic),19.15,515.75
3156-QLHBO,1,No,No,No internet service,No internet service,No internet service,No internet service,No internet service,No internet service,Month-to-month,0,Mailed check,19.25,48.35
2208-NQBCT,1,No,Fiber optic,Yes,Yes,No,No,No,No,Month-to-month,0,Electronic check,81.95,2070.05
1779-PWPMG,1,Yes,Fiber optic,Yes,Yes,Yes,Yes,Yes,Yes,Two year,1,Bank transfer (automatic),114.65,8333.95
6621-NRZAK,1,No,No,No internet service,No internet service,No internet service,No internet service,No internet service,No internet service,Two year,0,Credit card (automatic),20.0,1209.25
0831-JNISG,1,No,No,No internet service,No internet service,No internet service,No internet service,No internet service,No internet service,Two year,0,Mailed check,19.8,1396.25
0774-IFUVM,1,Yes,DSL,Yes,No,No,No,Yes,No,Month-to-month,1,Bank transfer (automatic),65.15,723.35
3082-WQRVY,1,No,No,No internet service,No internet service,No internet service,No internet service,No internet service,No internet service,One year,0,Mailed check,19.65,228.65
9553-DLCLU,1,Yes,DSL,Yes,Yes,Yes,Yes,Yes,Yes,Two year,0,Credit card (automatic),88.95,1161.75
1641-BYBTK,1,No,No,No internet service,No internet service,No internet service,No internet service,No internet service,No internet service,Month-to-month,1,Mailed check,20.2,98.35
2460-NGXBJ,1,Yes,Fiber optic,No,No,No,No,No,No,Month-to-month,1,Credit card (automatic),75.2,775.3
2446-ZKVAF,1,Yes,DSL,No,Yes,No,No,No,No,Month-to-month,0,Credit card (automatic),56.8,1074.65
3522-CDKHF,1,No,Fiber optic,Yes,No,No,No,No,No,Month-to-month,1,Bank transfer (automatic),75.5,2324.7
1430-SFQSA,0,No phone service,DSL,Yes,No,No,Yes,No,No,One year,0,Mailed check,35.6,1072.6
0411-EZJZE,1,Yes,DSL,No,No,No,No,Yes,No,Month-to-month,1,Electronic check,60.25,170.5
8807-ARQET,0,No phone service,DSL,No,Yes,No,No,No,Yes,Month-to-month,1,Electronic check,40.35,1677.85
8992-CEUEN,1,No,No,No internet service,No internet service,No internet service,No internet service,No internet service,No internet service,Month-to-month,0,Electronic check,18.85,18.85
4320-QMLLA,1,No,DSL,No,No,No,No,Yes,No,Month-to-month,0,Mailed check,54.85,370.4
8777-PVYGU,1,No,DSL,Yes,No,Yes,No,Yes,No,One year,1,Mailed check,64.3,3410.6
8292-ITGYJ,1,Yes,No,No internet service,No internet service,No internet service,No internet service,No internet service,No internet service,Two year,1,Bank transfer (automatic),24.65,1138.8
6870-ZWMNX,1,Yes,DSL,No,Yes,Yes,Yes,Yes,No,Two year,0,Credit card (automatic),76.1,5264.25
0621-CXBKL,1,No,No,No internet service,No internet service,No internet service,No internet service,No internet service,No internet service,Two year,0,Mailed check,18.7,1005.7
5268-DSMNQ,1,Yes,Fiber optic,No,Yes,Yes,No,Yes,No,One year,1,Credit card (automatic),97.95,5936.55
5334-JLAXU,1,Yes,Fiber optic,Yes,Yes,No,No,No,Yes,Month-to-month,1,Credit card (automatic),94.1,5475.9
6242-MBHPK,1,No,Fiber optic,Yes,No,No,No,Yes,Yes,Month-to-month,1,Electronic check,95.1,2326.05
9359-UGBTK,1,No,DSL,Yes,No,Yes,Yes,No,Yes,One year,1,Bank transfer (automatic),72.35,4991.5
4782-OSFXZ,1,Yes,DSL,Yes,Yes,Yes,Yes,No,Yes,Two year,1,Bank transfer (automatic),82.7,5831.2
6479-OAUSD,1,No,No,No internet service,No internet service,No internet service,No internet service,No internet service,No internet service,One year,0,Credit card (automatic),19.9,510.8
7129-ACFOG,1,Yes,DSL,Yes,No,No,No,No,No,Month-to-month,1,Electronic check,53.8,283.95
4189-NAKJS,1,Yes,DSL,No,No,No,No,No,No,One year,1,Credit card (automatic),51.55,1295.4
5562-BETPV,1,No,No,No internet service,No internet service,No internet service,No internet service,No internet service,No internet service,One year,0,Mailed check,19.65,19.65
1282-IHQAC,0,No phone service,DSL,No,Yes,Yes,No,Yes,No,One year,1,Credit card (automatic),44.05,3011.65
9127-FHJBZ,1,Yes,Fiber optic,Yes,Yes,Yes,Yes,Yes,Yes,Two year,1,Electronic check,114.0,8093.15
1641-RQDAY,1,Yes,Fiber optic,No,Yes,No,No,Yes,Yes,Month-to-month,1,Electronic check,100.4,3217.65
6994-ORCWG,1,Yes,DSL,No,Yes,No,No,No,No,One year,1,Mailed check,54.25,773.2
1346-UFHAX,1,Yes,Fiber optic,Yes,No,No,No,No,No,Month-to-month,1,Credit card (automatic),80.0,1029.35
2933-XEUJM,1,Yes,DSL,Yes,No,Yes,No,Yes,Yes,Two year,0,Mailed check,79.2,3593.8
5461-QKNTN,1,Yes,Fiber optic,No,Yes,No,Yes,Yes,No,Month-to-month,1,Electronic check,94.3,3953.15
4835-YSJMR,1,No,DSL,No,No,No,Yes,No,No,Two year,1,Bank transfer (automatic),49.8,1971.15
3164-YAXFY,0,No phone service,DSL,Yes,No,Yes,No,Yes,Yes,Month-to-month,1,Electronic check,53.75,3196.0
0887-WBJVH,1,No,Fiber optic,No,No,No,Yes,Yes,Yes,One year,1,Electronic check,93.45,4872.2
4660-IRIBM,1,No,Fiber optic,Yes,No,Yes,No,Yes,No,Month-to-month,1,Mailed check,87.9,1500.5
7670-ZBPOQ,1,Yes,DSL,Yes,No,No,Yes,No,No,One year,1,Bank transfer (automatic),61.05,3478.75
8089-UZWLX,1,Yes,Fiber optic,No,No,Yes,No,Yes,Yes,Two year,0,Bank transfer (automatic),104.05,7413.55
0080-OROZO,1,No,Fiber optic,No,No,Yes,Yes,Yes,Yes,One year,1,Electronic check,99.25,3532.0
3916-NRPAP,1,No,Fiber optic,No,No,Yes,No,No,Yes,Month-to-month,0,Credit card (automatic),85.7,256.75
6807-SIWJI,1,Yes,Fiber optic,Yes,Yes,No,No,Yes,Yes,One year,1,Electronic check,104.85,3887.25
8221-HVAYI,1,Yes,DSL,Yes,Yes,Yes,Yes,No,No,Two year,1,Credit card (automatic),69.15,2490.15
5232-NXPAY,1,No,DSL,No,No,Yes,Yes,Yes,Yes,Two year,0,Mailed check,74.45,3510.3
8967-SZQAS,1,No,DSL,No,Yes,No,No,No,No,Month-to-month,0,Electronic check,50.45,765.45
4468-KAZHE,1,No,DSL,No,Yes,No,No,No,Yes,Month-to-month,1,Electronic check,60.0,1259.35
0455-ENTCR,1,Yes,DSL,Yes,Yes,No,Yes,Yes,Yes,Two year,0,Electronic check,85.25,5538.35
8944-AILEF,1,No,No,No internet service,No internet service,No internet service,No internet service,No internet service,No internet service,Month-to-month,1,Credit card (automatic),19.45,340.85
5542-NKVRU,1,No,No,No internet service,No internet service,No internet service,No internet service,No internet service,No internet service,Two year,1,Bank transfer (automatic),20.75,844.45
7126-RBHSD,1,Yes,Fiber optic,Yes,No,No,No,No,No,Month-to-month,0,Electronic check,78.9,1348.95
5370-IIVVL,1,Yes,Fiber optic,No,Yes,No,Yes,Yes,Yes,One year,1,Credit card (automatic),104.5,3778.0
6789-HJBWG,1,No,DSL,No,Yes,No,No,No,No,Month-to-month,1,Electronic check,49.4,611.65
9087-EYCPR,1,Yes,No,No internet service,No internet service,No internet service,No internet service,No internet service,No internet service,Two year,0,Mailed check,25.0,1505.05
6791-YBNAK,0,No phone service,DSL,No,No,No,No,No,No,Month-to-month,0,Credit card (automatic),25.55,467.85
6077-BDPXA,1,No,Fiber optic,No,No,No,No,No,No,Month-to-month,1,Electronic check,70.15,194.2
0013-MHZWF,1,No,DSL,No,No,No,Yes,Yes,Yes,Month-to-month,1,Credit card (automatic),69.4,571.45
8268-YDIXR,1,Yes,Fiber optic,Yes,Yes,Yes,No,No,No,One year,1,Electronic check,93.15,5253.95
4291-SHSBH,1,No,Fiber optic,No,No,No,No,No,No,Month-to-month,1,Electronic check,69.55,521.35
6980-IMXXE,1,No,No,No internet service,No internet service,No internet service,No internet service,No internet service,No internet service,Two year,0,Bank transfer (automatic),20.2,1412.65
0040-HALCW,1,No,No,No internet service,No internet service,No internet service,No internet service,No internet service,No internet service,Two year,0,Credit card (automatic),20.4,1090.6
0784-GTUUK,1,Yes,No,No internet service,No internet service,No internet service,No internet service,No internet service,No internet service,One year,1,Credit card (automatic),23.75,1446.8
2294-DMMUS,1,Yes,DSL,No,No,No,No,Yes,Yes,Month-to-month,1,Credit card (automatic),70.45,4300.45
0872-JCPIB,1,Yes,DSL,Yes,No,No,No,No,Yes,Month-to-month,0,Bank transfer (automatic),65.75,1111.2
3055-MJDSB,0,No phone service,DSL,No,No,No,No,No,No,Month-to-month,1,Mailed check,24.6,190.1
9091-WTUUY,1,No,DSL,Yes,No,Yes,Yes,Yes,No,Two year,0,Mailed check,69.25,4447.75
7115-IRDHS,1,Yes,No,No internet service,No internet service,No internet service,No internet service,No internet service,No internet service,Two year,0,Bank transfer (automatic),24.65,1830.05
8496-DMZUK,1,Yes,Fiber optic,Yes,Yes,Yes,No,No,No,One year,0,Bank transfer (automatic),90.4,2820.65
2040-VZIKE,1,Yes,Fiber optic,Yes,No,No,No,Yes,Yes,Month-to-month,1,Mailed check,100.85,4847.35
9068-VPWQQ,1,Yes,DSL,Yes,No,Yes,Yes,No,Yes,Two year,0,Credit card (automatic),75.35,4729.3
0178-SZBHO,1,Yes,Fiber optic,No,Yes,No,No,Yes,No,Month-to-month,0,Electronic check,87.2,4017.45
0384-RVBPI,1,No,DSL,Yes,No,Yes,No,No,Yes,Month-to-month,0,Credit card (automatic),64.4,1398.6
1299-AURJA,1,Yes,No,No internet service,No internet service,No internet service,No internet service,No internet service,No internet service,Two year,0,Bank transfer (automatic),24.7,1685.9
4525-VZCZG,1,No,Fiber optic,Yes,Yes,No,Yes,Yes,Yes,One year,1,Electronic check,105.85,5826.65
1543-LLLFT,1,Yes,Fiber optic,No,Yes,Yes,Yes,Yes,No,One year,1,Mailed check,98.3,6066.55
2788-CJQAQ,1,No,No,No internet service,No internet service,No internet service,No internet service,No internet service,No internet service,One year,0,Mailed check,19.45,270.2
0319-QZTCO,1,No,DSL,No,Yes,No,No,Yes,No,Month-to-month,1,Credit card (automatic),58.7,168.6
2120-SMPEX,1,No,No,No internet service,No internet service,No internet service,No internet service,No internet service,No internet service,Month-to-month,1,Mailed check,20.15,536.35
0096-FCPUF,1,Yes,DSL,Yes,No,No,No,No,Yes,Month-to-month,1,Mailed check,64.5,1888.45
0668-OGMHD,0,No phone service,DSL,Yes,No,No,No,No,No,Month-to-month,0,Electronic check,28.5,629.35
6507-ZJSUR,1,No,Fiber optic,No,No,No,No,Yes,Yes,Month-to-month,1,Electronic check,90.45,2117.25
9408-HRXRK,1,Yes,Fiber optic,Yes,Yes,No,No,Yes,Yes,Month-to-month,1,Electronic check,105.15,4730.9
5593-SUAOO,1,Yes,Fiber optic,No,Yes,Yes,No,No,No,One year,0,Bank transfer (automatic),83.15,2033.05
6766-HFKLA,1,Yes,Fiber optic,No,No,Yes,Yes,Yes,Yes,Two year,0,Bank transfer (automatic),103.2,5744.35
7617-EYGLW,1,No,No,No internet service,No internet service,No internet service,No internet service,No internet service,No internet service,Month-to-month,0,Electronic check,19.45,19.45
9220-ZNKJI,1,No,Fiber optic,No,No,Yes,Yes,Yes,No,Two year,0,Credit card (automatic),88.8,4805.3
2226-ICFDO,1,Yes,DSL,Yes,No,Yes,Yes,Yes,Yes,Two year,1,Credit card (automatic),85.9,6110.75
0723-VSOBE,0,No phone service,DSL,No,No,No,No,No,Yes,One year,0,Electronic check,34.2,1596.6
5529-GIBVH,1,No,No,No internet service,No internet service,No internet service,No internet service,No internet service,No internet service,Two year,0,Mailed check,20.15,1046.2
9992-UJOEL,1,No,DSL,No,Yes,No,No,No,No,Month-to-month,1,Mailed check,50.3,92.75
4741-WWJQZ,1,No,Fiber optic,Yes,No,No,Yes,No,No,Month-to-month,1,Electronic check,80.15,194.55
6625-UTXEW,1,No,DSL,No,Yes,No,No,No,No,Month-to-month,1,Electronic check,51.25,612.1
6244-BESBM,1,No,Fiber optic,No,No,No,Yes,Yes,Yes,Two year,1,Credit card (automatic),95.2,6671.7
1004-NOZNR,1,No,Fiber optic,Yes,No,No,No,Yes,Yes,One year,0,Credit card (automatic),94.8,5264.3
1251-STYSZ,1,Yes,Fiber optic,Yes,No,No,No,No,No,Month-to-month,1,Electronic check,80.25,303.7
2612-PHGOX,1,Yes,DSL,No,Yes,Yes,Yes,Yes,No,Two year,1,Bank transfer (automatic),76.1,4818.8
8480-PPONV,1,Yes,Fiber optic,Yes,Yes,Yes,Yes,Yes,Yes,Two year,0,Bank transfer (automatic),115.55,7159.05
8780-IHCRN,1,Yes,No,No internet service,No internet service,No internet service,No internet service,No internet service,No internet service,Two year,0,Credit card (automatic),24.65,1574.5
4598-ZADCK,0,No phone service,DSL,Yes,Yes,Yes,Yes,Yes,No,One year,1,Electronic check,53.6,2879.2
1257-SXUXQ,1,No,No,No internet service,No internet service,No internet service,No internet service,No internet service,No internet service,Month-to-month,0,Mailed check,19.45,86.05
9681-KYGYB,1,Yes,Fiber optic,Yes,Yes,Yes,No,No,No,Month-to-month,1,Electronic check,88.2,4159.45
7182-OVLBJ,1,Yes,Fiber optic,Yes,No,No,No,Yes,Yes,Two year,1,Bank transfer (automatic),101.15,6638.35
5095-ETBRJ,1,No,DSL,Yes,Yes,No,Yes,No,No,Two year,0,Mailed check,56.8,3112.05
7005-CYUIL,1,No,Fiber optic,Yes,Yes,Yes,Yes,Yes,No,Two year,1,Electronic check,99.4,7168.25
4821-WQOYN,1,No,No,No internet service,No internet service,No internet service,No internet service,No internet service,No internet service,Two year,1,Credit card (automatic),20.1,1326.25
4730-AWNAU,0,No phone service,DSL,Yes,No,Yes,Yes,Yes,Yes,One year,0,Credit card (automatic),60.7,2234.55
3452-FLHYD,1,No,No,No internet service,No internet service,No internet service,No internet service,No internet service,No internet service,One year,1,Bank transfer (automatic),20.95,495.15
2388-LAESQ,1,Yes,Fiber optic,Yes,Yes,Yes,Yes,Yes,Yes,Two year,1,Bank transfer (automatic),114.85,8317.95
9531-NSBMR,1,No,No,No internet service,No internet service,No internet service,No internet service,No internet service,No internet service,One year,1,Bank transfer (automatic),19.25,679.8
6260-ONULR,1,No,DSL,No,No,No,No,Yes,Yes,Month-to-month,1,Mailed check,62.8,62.8
4389-UEFCZ,1,Yes,Fiber optic,Yes,No,Yes,No,Yes,Yes,Two year,1,Electronic check,105.5,7544.0
8711-LOBKY,1,No,No,No internet service,No internet service,No internet service,No internet service,No internet service,No internet service,Two year,0,Mailed check,19.85,1188.25
8985-OOPOS,1,No,DSL,No,No,Yes,Yes,Yes,Yes,One year,0,Credit card (automatic),74.1,74.1
8800-ZKRFW,1,Yes,Fiber optic,No,Yes,Yes,Yes,Yes,Yes,Month-to-month,1,Electronic check,107.5,3242.5
2616-FLVQC,1,No,No,No internet service,No internet service,No internet service,No internet service,No internet service,No internet service,Two year,0,Mailed check,19.55,1240.15
9968-FFVVH,1,Yes,DSL,Yes,Yes,Yes,Yes,No,No,One year,0,Bank transfer (automatic),68.8,4111.35
3108-PCCGG,1,Yes,DSL,Yes,Yes,Yes,No,Yes,Yes,Two year,0,Credit card (automatic),84.45,5899.85
8390-FESFV,1,Yes,DSL,No,Yes,Yes,Yes,Yes,Yes,Two year,0,Bank transfer (automatic),84.5,5193.2
3022-BEXHZ,1,Yes,Fiber optic,No,Yes,Yes,Yes,Yes,Yes,Two year,1,Bank transfer (automatic),111.2,7530.8
6248-TKCQV,1,Yes,DSL,Yes,No,No,Yes,Yes,Yes,Two year,1,Bank transfer (automatic),80.6,5460.2
6729-GDNGC,1,No,Fiber optic,No,No,No,No,Yes,No,Month-to-month,0,Bank transfer (automatic),80.7,1614.2
6198-ZFIOJ,1,Yes,Fiber optic,No,No,No,No,No,No,Month-to-month,0,Electronic check,75.6,402.5
5989-OMNJE,0,No phone service,DSL,Yes,Yes,Yes,No,Yes,Yes,One year,0,Electronic check,57.6,1367.75
1291-CUOCY,1,Yes,Fiber optic,No,Yes,Yes,Yes,Yes,Yes,Two year,1,Credit card (automatic),110.6,7962.2
9795-SHUHB,1,No,DSL,Yes,Yes,No,Yes,No,No,Two year,1,Credit card (automatic),58.2,3810.8
3230-IUALN,1,No,DSL,Yes,No,Yes,Yes,Yes,Yes,Two year,1,Mailed check,81.0,3533.6
0042-RLHYP,1,No,No,No internet service,No internet service,No internet service,No internet service,No internet service,No internet service,Two year,0,Bank transfer (automatic),19.7,1396.9
4945-RVMTE,1,No,DSL,No,No,Yes,No,Yes,No,Month-to-month,1,Bank transfer (automatic),59.55,1646.45
1866-NXPSP,1,No,DSL,Yes,Yes,Yes,Yes,No,Yes,One year,1,Mailed check,75.55,2680.15
3941-XTSKM,0,No phone service,DSL,No,Yes,Yes,No,No,Yes,One year,1,Credit card (automatic),45.1,2049.05
1661-CZBAU,1,Yes,DSL,Yes,No,No,Yes,No,Yes,One year,1,Bank transfer (automatic),70.95,3629.2
5158-RIVOP,1,No,No,No internet service,No internet service,No internet service,No internet service,No internet service,No internet service,Two year,0,Credit card (automatic),20.9,202.3
9788-YTFGE,1,No,No,No internet service,No internet service,No internet service,No internet service,No internet service,No internet service,Month-to-month,1,Mailed check,19.95,147.5
9277-JOOMO,1,Yes,No,No internet service,No internet service,No internet service,No internet service,No internet service,No internet service,Month-to-month,0,Mailed check,24.6,86.35
1907-YLNYW,1,No,DSL,Yes,No,Yes,No,No,Yes,Month-to-month,1,Electronic check,66.7,579.0
8947-YRTDV,1,No,Fiber optic,Yes,Yes,Yes,No,No,Yes,One year,0,Mailed check,94.8,3131.55
3161-ONRWK,1,No,DSL,Yes,Yes,Yes,Yes,No,No,One year,1,Bank transfer (automatic),65.85,3928.3
0114-RSRRW,1,No,No,No internet service,No internet service,No internet service,No internet service,No internet service,No internet service,Month-to-month,1,Bank transfer (automatic),19.95,187.75
4565-NLZBV,1,Yes,No,No internet service,No internet service,No internet service,No internet service,No internet service,No internet service,Two year,1,Bank transfer (automatic),24.65,1710.15
6682-VCIXC,0,No phone service,DSL,Yes,Yes,No,Yes,Yes,No,One year,1,Bank transfer (automatic),51.25,2151.6
6475-VHUIZ,1,No,DSL,No,No,Yes,Yes,No,No,Month-to-month,0,Electronic check,54.25,1221.55
3910-MRQOY,1,No,No,No internet service,No internet service,No internet service,No internet service,No internet service,No internet service,Two year,0,Bank transfer (automatic),19.4,1496.45
0661-WCQNQ,1,No,DSL,Yes,No,No,Yes,No,No,One year,1,Credit card (automatic),56.25,1292.2
7537-RBWEA,0,No phone service,DSL,No,No,No,No,No,No,Month-to-month,1,Mailed check,25.15,25.15
4656-CAURT,1,Yes,No,No internet service,No internet service,No internet service,No internet service,No internet service,No internet service,Two year,0,Bank transfer (automatic),23.95,1713.1
0121-SNYRK,0,No phone service,DSL,Yes,No,No,Yes,No,No,One year,1,Mailed check,35.4,1748.9
3733-LSYCE,1,No,Fiber optic,No,Yes,No,No,No,No,Month-to-month,0,Bank transfer (automatic),75.35,1114.55
6265-FRMTQ,1,No,No,No internet service,No internet service,No internet service,No internet service,No internet service,No internet service,Two year,0,Bank transfer (automatic),20.4,609.1
2017-CCBLH,1,No,No,No internet service,No internet service,No internet service,No internet service,No internet service,No internet service,Two year,0,Mailed check,20.0,141.6
7690-KPNCU,1,No,DSL,Yes,No,Yes,No,Yes,Yes,One year,1,Credit card (automatic),73.05,4688.65
0536-BGFMZ,1,No,No,No internet service,No internet service,No internet service,No internet service,No internet service,No internet service,Month-to-month,0,Mailed check,20.5,563.05
2293-IJWPS,1,Yes,Fiber optic,No,No,Yes,No,Yes,Yes,One year,1,Credit card (automatic),100.75,5985.0
5469-NUJUR,1,No,No,No internet service,No internet service,No internet service,No internet service,No internet service,No internet service,Two year,1,Mailed check,19.95,373.5
2625-TRCZQ,0,No phone service,DSL,No,Yes,No,No,Yes,Yes,Month-to-month,1,Electronic check,49.65,2553.35
4102-HLENU,1,Yes,DSL,Yes,Yes,Yes,No,No,No,Two year,0,Mailed check,65.65,4322.85
7266-GSSJX,1,No,No,No internet service,No internet service,No internet service,No internet service,No internet service,No internet service,Month-to-month,1,Electronic check,20.45,250.8
7722-VJRQD,0,No phone service,DSL,Yes,No,Yes,Yes,Yes,Yes,Two year,0,Bank transfer (automatic),60.95,4549.05
7073-QETQY,1,No,No,No internet service,No internet service,No internet service,No internet service,No internet service,No internet service,One year,1,Electronic check,20.35,1359.5
5624-RYAMH,1,No,No,No internet service,No internet service,No internet service,No internet service,No internet service,No internet service,Month-to-month,1,Electronic check,19.5,178.85
0196-JTUQI,1,Yes,Fiber optic,No,No,No,No,No,No,Month-to-month,1,Credit card (automatic),75.2,633.85
7130-YXBRO,1,Yes,Fiber optic,Yes,Yes,Yes,No,Yes,Yes,Month-to-month,1,Bank transfer (automatic),111.45,5315.1
9272-LSVYH,1,No,Fiber optic,No,No,No,No,No,No,Month-to-month,0,Mailed check,70.15,735.5
3084-DOWLE,1,Yes,DSL,Yes,Yes,Yes,Yes,Yes,Yes,Two year,0,Bank transfer (automatic),92.0,6474.4
1084-MNSMJ,1,No,DSL,Yes,Yes,Yes,Yes,Yes,Yes,Two year,0,Credit card (automatic),85.5,4421.95
4238-HFHSN,1,Yes,Fiber optic,No,Yes,No,No,No,No,Month-to-month,1,Electronic check,82.15,4904.85
6250-CGGUN,1,No,Fiber optic,Yes,No,Yes,Yes,No,No,One year,0,Electronic check,84.4,4484.05
5478-JJVZK,1,Yes,DSL,Yes,Yes,No,No,No,No,Month-to-month,1,Mailed check,60.9,2033.85
7596-IIWYC,1,No,No,No internet service,No internet service,No internet service,No internet service,No internet service,No internet service,Two year,1,Bank transfer (automatic),20.25,538.2
9793-WECQC,1,No,Fiber optic,No,Yes,No,No,Yes,Yes,Month-to-month,0,Mailed check,95.3,2192.9
4291-HPAXL,1,No,No,No internet service,No internet service,No internet service,No internet service,No internet service,No internet service,Month-to-month,0,Mailed check,19.85,19.85
8999-YPYBV,1,No,DSL,Yes,Yes,Yes,Yes,Yes,Yes,Two year,1,Mailed check,84.35,3858.05
1839-FBNFR,1,No,No,No internet service,No internet service,No internet service,No internet service,No internet service,No internet service,Two year,1,Bank transfer (automatic),19.85,854.8
3071-MVJCD,1,Yes,DSL,Yes,Yes,Yes,Yes,Yes,No,Two year,0,Bank transfer (automatic),82.3,5815.15
1697-BCSHV,1,Yes,DSL,No,Yes,No,No,Yes,No,Month-to-month,1,Bank transfer (automatic),66.8,3970.4
0562-KBDVM,0,No phone service,DSL,Yes,Yes,Yes,Yes,No,No,Two year,1,Bank transfer (automatic),44.6,3058.15
1131-SUEKT,1,No,Fiber optic,No,Yes,No,Yes,Yes,Yes,One year,1,Bank transfer (automatic),98.45,6145.2
3717-OEAUQ,1,No,Fiber optic,No,No,No,No,No,No,Month-to-month,0,Mailed check,70.7,129.2
4538-WNTMJ,1,Yes,No,No internet service,No internet service,No internet service,No internet service,No internet service,No internet service,One year,0,Mailed check,24.95,1165.9
9432-RUVSL,1,No,Fiber optic,Yes,No,Yes,Yes,Yes,Yes,Two year,1,Credit card (automatic),102.5,4904.25
8060-HIWJJ,1,Yes,DSL,No,Yes,Yes,Yes,Yes,Yes,Two year,0,Credit card (automatic),86.55,5632.55
7684-XSZIY,1,Yes,No,No internet service,No internet service,No internet service,No internet service,No internet service,No internet service,Two year,0,Bank transfer (automatic),24.3,1643.25
9089-UOWJG,1,No,DSL,No,No,Yes,No,Yes,No,Month-to-month,1,Credit card (automatic),58.35,740.55
8039-ACLPL,1,No,DSL,Yes,Yes,Yes,No,No,Yes,Two year,0,Credit card (automatic),68.75,4888.2
9885-AIBVB,1,Yes,Fiber optic,No,Yes,Yes,No,No,No,Month-to-month,1,Electronic check,85.8,2440.25
1934-MKPXS,1,No,No,No internet service,No internet service,No internet service,No internet service,No internet service,No internet service,One year,0,Credit card (automatic),20.1,620.55
2592-YKDIF,1,No,No,No internet service,No internet service,No internet service,No internet service,No internet service,No internet service,Month-to-month,0,Mailed check,20.35,20.35
2272-JKMSI,1,Yes,Fiber optic,No,Yes,Yes,Yes,Yes,Yes,One year,1,Electronic check,110.8,6840.95
8714-CTZJW,1,No,Fiber optic,No,No,Yes,No,No,Yes,Month-to-month,1,Credit card (automatic),82.85,319.6
3569-EDBPQ,1,Yes,Fiber optic,Yes,No,No,Yes,No,No,Month-to-month,1,Electronic check,84.35,1938.05
3131-NWVFJ,1,No,No,No internet service,No internet service,No internet service,No internet service,No internet service,No internet service,One year,0,Mailed check,19.55,294.5
7521-YXVZY,1,No,No,No internet service,No internet service,No internet service,No internet service,No internet service,No internet service,Month-to-month,0,Mailed check,19.95,58.3
2373-NTKOD,1,No,DSL,No,No,No,No,Yes,Yes,Month-to-month,1,Electronic check,66.25,546.45
1970-KKFWL,1,Yes,No,No internet service,No internet service,No internet service,No internet service,No internet service,No internet service,Two year,0,Bank transfer (automatic),23.3,797.1
9337-SRRNI,1,Yes,No,No internet service,No internet service,No internet service,No internet service,No internet service,No internet service,Two year,1,Credit card (automatic),25.3,1673.8
0895-UADGO,0,No phone service,DSL,Yes,No,No,Yes,No,Yes,Two year,1,Mailed check,44.55,343.45
5678-VFNEQ,1,Yes,Fiber optic,Yes,No,Yes,No,Yes,Yes,One year,1,Credit card (automatic),104.1,7412.25
5977-CKHON,1,Yes,Fiber optic,No,No,Yes,No,No,Yes,Month-to-month,1,Bank transfer (automatic),92.55,4039.0
2692-BUCFV,1,No,Fiber optic,No,Yes,Yes,No,Yes,Yes,Month-to-month,1,Bank transfer (automatic),101.45,2948.6
1830-GGFNM,1,Yes,Fiber optic,Yes,Yes,Yes,Yes,No,No,Two year,0,Credit card (automatic),94.55,6078.75
5302-BDJNT,1,Yes,Fiber optic,No,No,Yes,Yes,Yes,No,Month-to-month,0,Electronic check,95.5,3418.2
5223-UZAVK,1,No,Fiber optic,Yes,Yes,No,No,Yes,Yes,One year,1,Credit card (automatic),100.3,6603.8
4859-ZSRDZ,0,No phone service,DSL,No,No,Yes,Yes,Yes,Yes,Two year,1,Credit card (automatic),55.5,3166.9
5651-WYIPH,1,No,DSL,No,Yes,No,No,No,No,Month-to-month,1,Credit card (automatic),49.85,865.75
9350-VLHMB,1,Yes,Fiber optic,No,Yes,No,No,No,Yes,Month-to-month,1,Bank transfer (automatic),89.55,6373.1
3498-LZGQZ,1,No,No,No internet service,No internet service,No internet service,No internet service,No internet service,No internet service,Two year,1,Mailed check,19.15,1177.05
8785-CJSHH,1,Yes,Fiber optic,No,Yes,No,No,Yes,Yes,Month-to-month,1,Electronic check,99.8,5985.75
3870-SPZSI,1,Yes,Fiber optic,Yes,Yes,Yes,Yes,Yes,Yes,Two year,1,Credit card (automatic),113.05,7869.05
7560-QRBXH,1,No,No,No internet service,No internet service,No internet service,No internet service,No internet service,No internet service,One year,0,Mailed check,19.95,936.7
7077-XJMET,1,No,DSL,No,No,Yes,Yes,Yes,Yes,Month-to-month,1,Electronic check,74.15,741.4
8752-GHJFU,1,Yes,Fiber optic,Yes,Yes,Yes,Yes,No,No,One year,1,Electronic check,92.0,6585.2
6896-SRVYQ,1,No,Fiber optic,No,No,Yes,No,No,No,Month-to-month,0,Electronic check,73.85,3122.4
4652-ODEVH,1,Yes,No,No internet service,No internet service,No internet service,No internet service,No internet service,No internet service,Two year,0,Mailed check,24.45,1088.25
6510-UPNKS,1,Yes,No,No internet service,No internet service,No internet service,No internet service,No internet service,No internet service,One year,0,Credit card (automatic),24.8,615.35
6718-BDGHG,1,Yes,DSL,No,No,No,Yes,Yes,No,One year,1,Bank transfer (automatic),64.85,2908.2
9046-DQMTP,1,No,No,No internet service,No internet service,No internet service,No internet service,No internet service,No internet service,Month-to-month,0,Bank transfer (automatic),20.75,739.9
6439-LAJXL,1,No,DSL,Yes,Yes,No,Yes,Yes,No,Month-to-month,1,Mailed check,68.95,593.85
9052-VKDUW,1,Yes,Fiber optic,Yes,Yes,Yes,No,Yes,Yes,Month-to-month,1,Credit card (automatic),109.4,7227.45
1666-JZPZT,1,Yes,DSL,No,No,No,No,No,No,Month-to-month,0,Mailed check,49.0,1291.35
5777-KJIRB,1,No,DSL,No,No,Yes,No,No,No,One year,1,Mailed check,50.25,2023.55
7677-SJJJK,1,No,No,No internet service,No internet service,No internet service,No internet service,No internet service,No internet service,One year,0,Credit card (automatic),19.9,153.95
2480-EJWYP,1,Yes,Fiber optic,No,Yes,No,No,Yes,Yes,One year,1,Bank transfer (automatic),97.8,5458.8
3253-HKOKL,1,No,Fiber optic,Yes,No,Yes,No,Yes,Yes,One year,0,Electronic check,100.3,5244.45
7055-HNEOJ,1,No,DSL,No,No,Yes,Yes,No,No,Month-to-month,1,Mailed check,55.8,154.55
5514-YQENT,1,No,Fiber optic,Yes,Yes,Yes,Yes,Yes,Yes,Two year,1,Electronic check,111.15,4507.15
3211-AAPKX,1,Yes,Fiber optic,No,No,No,Yes,Yes,Yes,Month-to-month,1,Mailed check,98.55,2031.95
8445-DNBAE,1,Yes,DSL,No,No,No,No,No,No,Month-to-month,1,Electronic check,50.05,50.05
2958-NHPPS,1,No,No,No internet service,No internet service,No internet service,No internet service,No internet service,No internet service,Month-to-month,0,Electronic check,20.85,473.9
6806-YDEUL,1,No,No,No internet service,No internet service,No internet service,No internet service,No internet service,No internet service,Month-to-month,0,Bank transfer (automatic),19.5,106.8
1735-XMJVH,1,No,No,No internet service,No internet service,No internet service,No internet service,No internet service,No internet service,Month-to-month,1,Mailed check,19.35,152.6
6890-PFRQX,1,Yes,DSL,Yes,No,Yes,No,Yes,No,Month-to-month,0,Mailed check,69.5,1199.4
0222-CNVPT,0,No phone service,DSL,Yes,No,No,No,Yes,Yes,Month-to-month,1,Credit card (automatic),48.8,2555.05
5899-OUVKV,1,No,Fiber optic,No,Yes,No,No,Yes,Yes,Month-to-month,1,Electronic check,94.5,2979.2
8681-ICONS,1,No,No,No internet service,No internet service,No internet service,No internet service,No internet service,No internet service,Month-to-month,1,Mailed check,20.65,654.85
1621-YNCJH,1,Yes,Fiber optic,Yes,Yes,Yes,Yes,No,Yes,Two year,1,Credit card (automatic),106.05,3834.4
6362-QHAFM,1,Yes,Fiber optic,No,No,Yes,Yes,Yes,Yes,One year,1,Electronic check,108.3,4586.15
3070-BDOQC,1,No,Fiber optic,No,Yes,Yes,No,Yes,Yes,Two year,1,Electronic check,99.65,5941.05
6234-PFPXL,1,Yes,Fiber optic,Yes,No,No,Yes,Yes,No,Month-to-month,0,Credit card (automatic),95.9,2234.95
9824-QCJPK,1,No,No,No internet service,No internet service,No internet service,No internet service,No internet service,No internet service,One year,0,Mailed check,20.0,666.75
4283-IVYCI,1,No,DSL,Yes,No,No,Yes,No,Yes,Month-to-month,0,Mailed check,64.95,547.8
1866-OBPNR,1,No,Fiber optic,No,Yes,No,No,No,No,Month-to-month,0,Credit card (automatic),74.6,74.6
8205-MQUGY,1,No,DSL,Yes,No,No,No,No,No,Month-to-month,1,Electronic check,49.2,571.15
8970-ANWXO,1,Yes,DSL,No,No,No,Yes,Yes,Yes,One year,1,Mailed check,73.75,1756.6
9480-BQJEI,1,Yes,Fiber optic,Yes,Yes,No,No,No,Yes,One year,1,Bank transfer (automatic),92.3,5731.45
6979-TNDEU,1,No,No,No internet service,No internet service,No internet service,No internet service,No internet service,No internet service,Month-to-month,0,Mailed check,19.2,156.85
9777-WJJPR,1,Yes,Fiber optic,No,No,Yes,No,Yes,No,Month-to-month,0,Credit card (automatic),88.65,2683.2
9495-SKLKD,1,Yes,Fiber optic,No,Yes,Yes,No,No,Yes,Month-to-month,1,Bank transfer (automatic),95.95,4456.65
6048-UWKAL,1,Yes,Fiber optic,No,Yes,No,Yes,Yes,Yes,Two year,0,Credit card (automatic),105.4,6998.95
5067-DGXLL,1,No,No,No internet service,No internet service,No internet service,No internet service,No internet service,No internet service,Month-to-month,0,Mailed check,20.25,36.8
6281-FKEWS,0,No phone service,DSL,No,No,Yes,No,Yes,Yes,One year,1,Electronic check,49.05,2265.0
8898-KASCD,0,No phone service,DSL,No,No,Yes,Yes,No,No,One year,0,Mailed check,35.55,1309.15
9242-TKFSV,0,No phone service,DSL,Yes,Yes,Yes,Yes,Yes,Yes,Two year,1,Credit card (automatic),65.1,4754.3
9290-SHCMB,1,No,Fiber optic,No,No,Yes,No,Yes,Yes,Month-to-month,1,Electronic check,96.85,1235.55
0743-HNPFG,1,No,DSL,Yes,Yes,No,Yes,No,Yes,One year,1,Credit card (automatic),69.75,3562.5
2277-BKJKN,1,No,Fiber optic,No,Yes,Yes,No,Yes,Yes,Two year,1,Electronic check,99.2,7213.75
5035-PGZXH,1,Yes,Fiber optic,No,Yes,Yes,No,Yes,Yes,One year,1,Electronic check,106.8,5914.4
8695-WDYEA,1,No,DSL,Yes,No,No,No,No,No,Month-to-month,0,Mailed check,51.25,51.25
6543-JXSOO,1,No,DSL,Yes,Yes,No,Yes,No,No,One year,1,Mailed check,57.75,1282.85
8016-ZMGMO,1,Yes,DSL,No,Yes,Yes,No,Yes,No,One year,1,Bank transfer (automatic),70.85,4738.85
8605-ITULD,1,No,No,No internet service,No internet service,No internet service,No internet service,No internet service,No internet service,Month-to-month,0,Mailed check,19.55,19.55
6416-YJTTB,1,No,Fiber optic,Yes,No,Yes,No,No,No,Month-to-month,1,Bank transfer (automatic),79.5,795.65
4472-VESGY,1,Yes,Fiber optic,Yes,Yes,Yes,No,No,Yes,Month-to-month,0,Bank transfer (automatic),98.15,4993.4
3195-TQDZX,1,No,No,No internet service,No internet service,No internet service,No internet service,No internet service,No internet service,Month-to-month,1,Electronic check,20.25,61.45
3128-YOVTD,1,No,Fiber optic,Yes,Yes,No,No,No,No,Month-to-month,1,Bank transfer (automatic),79.15,4018.55
1728-CXQBE,1,Yes,Fiber optic,No,Yes,Yes,No,No,Yes,Month-to-month,1,Electronic check,94.25,6081.4
7041-TXQJH,0,No phone service,DSL,No,No,Yes,No,No,Yes,Month-to-month,1,Credit card (automatic),40.2,1478.85
5014-GSOUQ,1,No,No,No internet service,No internet service,No internet service,No internet service,No internet service,No internet service,Two year,0,Mailed check,19.95,243.65
5724-BIDBU,1,Yes,DSL,Yes,No,No,No,No,No,One year,1,Electronic check,55.35,2633.95
0481-SUMCB,1,Yes,Fiber optic,No,No,Yes,No,Yes,Yes,One year,1,Bank transfer (automatic),102.15,4735.35
1769-GRUIK,1,No,Fiber optic,No,No,No,No,No,No,Month-to-month,1,Electronic check,71.1,1247.75
8819-WFGGJ,0,No phone service,DSL,Yes,No,Yes,No,Yes,Yes,Two year,1,Bank transfer (automatic),54.1,3794.5
7427-AUFPY,1,No,No,No internet service,No internet service,No internet service,No internet service,No internet service,No internet service,Two year,0,Credit card (automatic),19.65,1008.7
2811-POVEX,1,No,Fiber optic,No,Yes,Yes,No,No,Yes,Month-to-month,1,Bank transfer (automatic),88.45,2130.55
7898-PDWQE,1,Yes,DSL,Yes,Yes,Yes,Yes,No,Yes,Two year,0,Credit card (automatic),80.4,5727.15
9972-EWRJS,1,No,No,No internet service,No internet service,No internet service,No internet service,No internet service,No internet service,Two year,1,Bank transfer (automatic),19.25,1372.9
9314-IJWSQ,1,Yes,Fiber optic,No,No,No,No,Yes,No,Month-to-month,1,Electronic check,84.8,1203.9
5799-JRCZO,1,No,No,No internet service,No internet service,No internet service,No internet service,No internet service,No internet service,Two year,0,Credit card (automatic),19.5,1215.1
1921-KYSAY,1,Yes,DSL,No,No,Yes,Yes,No,Yes,One year,1,Electronic check,68.6,2877.05
6198-RTPMF,1,Yes,Fiber optic,No,No,No,No,Yes,Yes,Month-to-month,0,Electronic check,92.6,1579.7
2924-KHUVI,1,Yes,Fiber optic,Yes,No,No,No,Yes,Yes,One year,1,Electronic check,100.55,5514.95
1925-GMVBW,1,No,No,No internet service,No internet service,No internet service,No internet service,No internet service,No internet service,Month-to-month,0,Credit card (automatic),20.55,96.1
6184-DYUOB,1,No,No,No internet service,No internet service,No internet service,No internet service,No internet service,No internet service,Month-to-month,1,Mailed check,19.6,55.25
9207-ZPANB,1,Yes,DSL,Yes,Yes,Yes,Yes,No,No,One year,0,Electronic check,67.45,2443.3
9327-QSDED,1,No,DSL,No,No,No,No,No,No,Month-to-month,0,Mailed check,43.55,335.4
1656-DRSMG,1,Yes,Fiber optic,No,Yes,Yes,Yes,Yes,Yes,Month-to-month,1,Credit card (automatic),109.85,7002.95
3012-VFFMN,1,No,No,No internet service,No internet service,No internet service,No internet service,No internet service,No internet service,Month-to-month,0,Mailed check,20.65,158.95
2984-AFWNC,1,No,Fiber optic,No,Yes,No,No,Yes,Yes,Month-to-month,0,Electronic check,95.4,293.15
0640-YJTPY,1,No,No,No internet service,No internet service,No internet service,No internet service,No internet service,No internet service,Two year,0,Bank transfer (automatic),21.0,1493.75
8096-LOIST,1,No,DSL,No,No,No,No,No,Yes,Month-to-month,1,Electronic check,56.2,1093.4
9764-REAFF,1,No,No,No internet service,No internet service,No internet service,No internet service,No internet service,No internet service,Two year,0,Bank transfer (automatic),18.4,1057.85
7107-UBYKY,1,Yes,No,No internet service,No internet service,No internet service,No internet service,No internet service,No internet service,Month-to-month,1,Electronic check,25.75,882.55
4881-GQJTW,1,No,No,No internet service,No internet service,No internet service,No internet service,No internet service,No internet service,Month-to-month,0,Credit card (automatic),19.6,300.4
7876-DNYAP,1,No,No,No internet service,No internet service,No internet service,No internet service,No internet service,No internet service,Two year,0,Credit card (automatic),19.8,1436.95
7905-NJMXS,1,Yes,DSL,Yes,Yes,No,Yes,No,No,Month-to-month,0,Electronic check,64.2,475.0
2882-WDTBA,1,No,DSL,Yes,Yes,Yes,Yes,Yes,No,Two year,1,Bank transfer (automatic),75.75,5388.15
2091-GPPIQ,1,Yes,DSL,No,Yes,No,Yes,Yes,Yes,Two year,1,Electronic check,78.95,5730.15
5071-FBJFS,1,No,DSL,Yes,No,No,No,No,No,Month-to-month,0,Electronic check,50.3,217.1
2796-UUZZO,1,No,Fiber optic,No,Yes,Yes,No,No,No,Month-to-month,1,Credit card (automatic),80.3,4896.35
2429-AYKKO,1,No,No,No internet service,No internet service,No internet service,No internet service,No internet service,No internet service,Two year,0,Bank transfer (automatic),19.85,1434.1
9798-OPFEM,1,No,No,No internet service,No internet service,No internet service,No internet service,No internet service,No internet service,Two year,1,Electronic check,21.1,937.1
3794-NFNCH,1,No,DSL,No,No,Yes,No,No,No,Month-to-month,1,Mailed check,50.0,1474.9
5193-QLVZB,1,Yes,Fiber optic,No,Yes,Yes,No,Yes,Yes,Two year,1,Bank transfer (automatic),104.75,6536.5
7114-AEOZE,1,No,No,No internet service,No internet service,No internet service,No internet service,No internet service,No internet service,Two year,0,Bank transfer (automatic),19.85,1128.1
5522-NYKPB,1,No,Fiber optic,No,No,No,Yes,Yes,No,Month-to-month,0,Electronic check,85.9,2199.05
9957-YODKZ,1,Yes,Fiber optic,No,No,Yes,No,No,No,Month-to-month,1,Electronic check,80.8,457.1
6518-KZXCB,1,Yes,No,No internet service,No internet service,No internet service,No internet service,No internet service,No internet service,Two year,0,Mailed check,25.25,566.5
2245-ADZFJ,1,Yes,DSL,No,Yes,No,Yes,Yes,Yes,Two year,0,Bank transfer (automatic),80.55,2471.6
7776-QGYJC,1,No,Fiber optic,No,No,Yes,Yes,No,No,Month-to-month,1,Bank transfer (automatic),81.5,3107.3
9313-QOLTZ,1,No,No,No internet service,No internet service,No internet service,No internet service,No internet service,No internet service,Month-to-month,0,Mailed check,20.9,518.3
4672-FOTSD,1,Yes,DSL,Yes,Yes,No,Yes,No,No,Month-to-month,1,Electronic check,67.25,832.3
9818-XQCUV,1,No,No,No internet service,No internet service,No internet service,No internet service,No internet service,No internet service,Month-to-month,0,Mailed check,20.35,45.3
7338-ERIVA,0,No phone service,DSL,Yes,No,No,Yes,Yes,No,One year,0,Bank transfer (automatic),45.05,1790.6
8259-NFJTV,0,No phone service,DSL,Yes,No,No,Yes,No,No,Month-to-month,0,Mailed check,34.65,246.6
3223-DWFIO,1,No,Fiber optic,No,No,No,No,No,No,Month-to-month,0,Electronic check,69.35,261.65
6968-GMKPR,1,No,Fiber optic,No,Yes,Yes,No,No,No,Month-to-month,1,Electronic check,81.55,4509.5
4751-ERMAN,1,No,DSL,No,Yes,Yes,No,Yes,Yes,Two year,1,Bank transfer (automatic),75.4,5480.25
1436-ZMJAN,1,No,DSL,No,No,Yes,No,Yes,Yes,Month-to-month,1,Credit card (automatic),67.8,653.15
3292-PBZEJ,1,Yes,Fiber optic,No,Yes,Yes,Yes,Yes,Yes,Month-to-month,1,Electronic check,111.4,1183.05
0799-DDIHE,1,No,DSL,No,No,No,No,No,No,Month-to-month,0,Electronic check,46.3,639.45
3070-FNFZQ,1,No,No,No internet service,No internet service,No internet service,No internet service,No internet service,No internet service,Two year,0,Bank transfer (automatic),20.4,478.75
2812-SFXMJ,1,No,No,No internet service,No internet service,No internet service,No internet service,No internet service,No internet service,Month-to-month,0,Mailed check,20.05,20.05
5014-WUQMG,1,No,Fiber optic,Yes,Yes,Yes,No,No,Yes,One year,1,Electronic check,96.1,4391.45
5312-TSZVC,1,No,No,No internet service,No internet service,No internet service,No internet service,No internet service,No internet service,One year,0,Mailed check,19.65,270.6
0993-OSGPT,1,No,DSL,No,Yes,Yes,Yes,No,No,One year,1,Bank transfer (automatic),60.65,3975.9
7108-DGVUU,1,Yes,DSL,No,Yes,Yes,No,No,Yes,One year,0,Bank transfer (automatic),71.7,1497.05
2782-JEEBU,0,No phone service,DSL,No,Yes,No,Yes,No,No,Month-to-month,1,Mailed check,36.0,780.15
5127-BZENZ,1,Yes,DSL,Yes,No,No,No,Yes,No,One year,0,Bank transfer (automatic),65.2,3512.15
2720-FVBQP,1,Yes,DSL,No,No,No,No,No,No,Month-to-month,1,Credit card (automatic),48.95,273.25
9906-NHHVC,0,No phone service,DSL,No,Yes,Yes,No,Yes,Yes,Two year,1,Bank transfer (automatic),53.5,3517.9
4522-XRWWI,1,Yes,DSL,Yes,No,No,Yes,Yes,Yes,One year,0,Credit card (automatic),80.45,3375.9
3766-EJLFL,1,Yes,Fiber optic,Yes,No,Yes,Yes,Yes,Yes,Two year,1,Bank transfer (automatic),109.05,7508.55
5939-SXWHM,1,Yes,No,No internet service,No internet service,No internet service,No internet service,No internet service,No internet service,Two year,0,Bank transfer (automatic),26.3,1245.05
8152-UOBNY,1,Yes,Fiber optic,No,Yes,No,Yes,Yes,Yes,One year,1,Electronic check,106.8,5347.95
7351-KYHQH,1,No,DSL,No,Yes,Yes,No,Yes,No,Month-to-month,1,Electronic check,64.95,493.65
7643-RCHXS,1,No,No,No internet service,No internet service,No internet service,No internet service,No internet service,No internet service,Two year,0,Electronic check,19.35,1263.85
8246-SHFGA,1,No,No,No internet service,No internet service,No internet service,No internet service,No internet service,No internet service,Month-to-month,0,Credit card (automatic),21.1,385.55
0620-XEFWH,1,No,No,No internet service,No internet service,No internet service,No internet service,No internet service,No internet service,Month-to-month,0,Mailed check,18.85,84.2
6485-QXWWE,1,Yes,No,No internet service,No internet service,No internet service,No internet service,No internet service,No internet service,Two year,0,Bank transfer (automatic),26.0,1638.7
7321-VGNKU,1,No,Fiber optic,No,No,No,No,No,No,Month-to-month,1,Electronic check,70.35,120.25
5327-CNLUQ,1,Yes,Fiber optic,Yes,Yes,Yes,No,Yes,No,Two year,1,Bank transfer (automatic),96.9,4473.45
7552-KEYGT,1,No,No,No internet service,No internet service,No internet service,No internet service,No internet service,No internet service,Two year,0,Bank transfer (automatic),19.55,520.55
5816-JMLGY,1,No,DSL,No,Yes,Yes,Yes,Yes,Yes,Two year,1,Bank transfer (automatic),80.4,5717.85
2927-QRRQV,1,Yes,Fiber optic,No,Yes,Yes,No,Yes,No,One year,1,Electronic check,94.65,4312.5
6265-SXWBU,1,Yes,Fiber optic,No,Yes,Yes,No,Yes,No,One year,0,Credit card (automatic),95.75,6511.25
7941-RCJOW,1,No,No,No internet service,No internet service,No internet service,No internet service,No internet service,No internet service,Two year,1,Credit card (automatic),19.55,1218.65
6374-NTQLP,1,No,Fiber optic,Yes,No,Yes,Yes,Yes,Yes,Two year,1,Credit card (automatic),104.1,7447.7
2387-KDZQY,1,No,No,No internet service,No internet service,No internet service,No internet service,No internet service,No internet service,One year,1,Mailed check,20.1,279.5
3584-WKTTW,1,Yes,Fiber optic,Yes,No,Yes,Yes,Yes,Yes,One year,1,Electronic check,111.55,5720.35
3399-BMLVW,1,No,DSL,Yes,Yes,No,Yes,No,No,Two year,0,Credit card (automatic),60.5,3121.45
1971-DTCZB,1,Yes,DSL,Yes,Yes,Yes,Yes,Yes,Yes,Two year,1,Bank transfer (automatic),90.95,6468.6
3374-PZLXD,1,No,No,No internet service,No internet service,No internet service,No internet service,No internet service,No internet service,Month-to-month,0,Mailed check,19.7,675.6
3813-DHBBB,0,No phone service,DSL,Yes,Yes,No,Yes,No,Yes,Two year,1,Bank transfer (automatic),50.95,3521.7
2812-REYAT,1,No,No,No internet service,No internet service,No internet service,No internet service,No internet service,No internet service,One year,1,Bank transfer (automatic),20.05,923.1
6518-PPLMZ,1,No,No,No internet service,No internet service,No internet service,No internet service,No internet service,No internet service,Two year,1,Mailed check,19.4,1110.35
4939-KYYPY,1,Yes,DSL,No,No,Yes,Yes,No,No,Month-to-month,0,Electronic check,59.45,1611.65
5930-GBIWP,1,Yes,DSL,Yes,Yes,Yes,Yes,No,Yes,Two year,1,Credit card (automatic),81.5,5553.25
6022-KOUQO,0,No phone service,DSL,No,No,No,Yes,No,No,Month-to-month,0,Bank transfer (automatic),29.05,44.75
2361-UPSND,1,No,DSL,Yes,Yes,No,Yes,No,Yes,One year,0,Mailed check,70.6,3231.05
6035-RIIOM,1,Yes,Fiber optic,No,Yes,No,No,Yes,Yes,Two year,1,Bank transfer (automatic),97.2,5129.45
9504-DSHWM,1,Yes,DSL,Yes,No,No,Yes,No,No,Month-to-month,0,Bank transfer (automatic),59.2,1191.2
5035-BVCXS,1,No,Fiber optic,No,Yes,No,No,No,No,Month-to-month,1,Mailed check,75.9,866.4
6267-DCFFZ,1,Yes,Fiber optic,No,Yes,No,No,Yes,No,Month-to-month,1,Electronic check,90.05,2627.2
3533-UVMOM,1,No,DSL,Yes,Yes,Yes,No,No,Yes,Two year,0,Bank transfer (automatic),70.95,4741.45
2439-LYPMQ,1,Yes,Fiber optic,No,Yes,Yes,No,Yes,Yes,Month-to-month,1,Electronic check,102.6,4009.2
1478-VPOAD,1,No,DSL,No,No,No,No,No,No,Month-to-month,0,Electronic check,43.8,43.8
9995-HOTOH,0,No phone service,DSL,Yes,Yes,Yes,No,Yes,Yes,Two year,0,Electronic check,59.0,3707.6
2988-PLAHS,1,No,DSL,No,No,Yes,No,Yes,Yes,One year,1,Electronic check,69.95,220.45
1371-OJCEK,1,Yes,No,No internet service,No internet service,No internet service,No internet service,No internet service,No internet service,One year,0,Bank transfer (automatic),24.35,1133.7
4999-IEZLT,0,No phone service,DSL,No,No,No,Yes,No,No,One year,0,Credit card (automatic),29.45,1983.15
8883-ANODQ,1,Yes,Fiber optic,No,Yes,Yes,No,No,No,Two year,1,Credit card (automatic),84.4,5746.75
2351-RRBUE,1,No,No,No internet service,No internet service,No internet service,No internet service,No internet service,No internet service,One year,0,Mailed check,20.65,134.05
5980-BDHPY,1,Yes,DSL,Yes,Yes,Yes,Yes,Yes,Yes,Two year,1,Bank transfer (automatic),87.1,6230.1
1498-DQNRX,1,No,No,No internet service,No internet service,No internet service,No internet service,No internet service,No internet service,Month-to-month,0,Mailed check,19.85,573.05
9469-WEJBT,1,No,Fiber optic,No,No,Yes,Yes,No,Yes,Month-to-month,1,Electronic check,90.35,3419.3
2581-VKIRT,1,Yes,DSL,Yes,Yes,No,Yes,No,No,One year,0,Mailed check,65.5,3801.3
7426-WEIJX,1,Yes,Fiber optic,Yes,No,No,No,No,No,Month-to-month,1,Electronic check,80.95,4859.1
2851-MMUTZ,1,No,DSL,No,Yes,No,Yes,No,No,Month-to-month,1,Mailed check,56.15,1439.35
3307-TLCUD,0,No phone service,DSL,Yes,No,Yes,No,No,No,Month-to-month,0,Mailed check,34.4,592.75
6625-FLENO,1,No,No,No internet service,No internet service,No internet service,No internet service,No internet service,No internet service,Two year,0,Mailed check,20.75,1185.95
2967-MXRAV,1,No,No,No internet service,No internet service,No internet service,No internet service,No internet service,No internet service,One year,0,Mailed check,18.8,18.8
8189-HBVRW,1,Yes,Fiber optic,Yes,Yes,Yes,No,No,No,Month-to-month,0,Electronic check,90.8,4921.2
4163-KIUHY,1,Yes,No,No internet service,No internet service,No internet service,No internet service,No internet service,No internet service,Month-to-month,1,Electronic check,25.6,901.25
3500-NSDOA,1,Yes,DSL,No,Yes,No,Yes,No,Yes,Two year,0,Credit card (automatic),70.8,4859.95
1171-TYKUR,1,Yes,No,No internet service,No internet service,No internet service,No internet service,No internet service,No internet service,Month-to-month,0,Electronic check,25.4,1139.2
3761-FLYZI,1,Yes,Fiber optic,No,Yes,Yes,No,Yes,Yes,Month-to-month,1,Bank transfer (automatic),108.8,7082.45
1219-NNDDO,1,Yes,Fiber optic,No,No,No,No,No,No,Month-to-month,1,Electronic check,76.85,663.55
8388-DMKAE,1,No,No,No internet service,No internet service,No internet service,No internet service,No internet service,No internet service,Two year,0,Mailed check,20.25,174.65
4403-BWPAY,1,Yes,No,No internet service,No internet service,No internet service,No internet service,No internet service,No internet service,One year,1,Credit card (automatic),24.8,321.7
9659-QEQSY,1,Yes,Fiber optic,Yes,Yes,Yes,Yes,Yes,Yes,Month-to-month,1,Electronic check,115.65,5125.5
5405-ZMYXQ,1,Yes,Fiber optic,No,No,No,No,No,No,Month-to-month,1,Credit card (automatic),74.6,548.9
1442-OKRJE,1,No,Fiber optic,Yes,Yes,Yes,No,Yes,Yes,One year,1,Bank transfer (automatic),103.15,7031.3
4737-AQCPU,1,Yes,DSL,Yes,Yes,Yes,Yes,No,No,Two year,0,Credit card (automatic),72.1,5016.65
2808-CHTDM,1,Yes,No,No internet service,No internet service,No internet service,No internet service,No internet service,No internet service,Two year,0,Mailed check,25.1,611.45
0793-TWELN,1,Yes,Fiber optic,Yes,No,No,No,No,No,Month-to-month,1,Electronic check,80.15,319.85
3283-WCWXT,1,Yes,No,No internet service,No internet service,No internet service,No internet service,No internet service,No internet service,Two year,0,Mailed check,25.4,153.3
1060-ENTOF,1,Yes,Fiber optic,Yes,Yes,Yes,Yes,No,Yes,One year,1,Credit card (automatic),105.4,7035.6
0999-QXNSA,1,No,DSL,No,No,No,No,No,No,Month-to-month,1,Mailed check,45.75,344.2
5451-MHQOF,1,Yes,No,No internet service,No internet service,No internet service,No internet service,No internet service,No internet service,One year,1,Mailed check,24.45,1431.65
4836-WNFNO,1,Yes,No,No internet service,No internet service,No internet service,No internet service,No internet service,No internet service,Two year,0,Credit card (automatic),25.0,1849.2
9225-BZLNZ,1,Yes,DSL,Yes,Yes,Yes,No,Yes,Yes,Two year,1,Electronic check,85.25,6083.1
0354-VXMJC,1,No,No,No internet service,No internet service,No internet service,No internet service,No internet service,No internet service,Two year,0,Credit card (automatic),19.6,426.65
4422-QVIJA,1,Yes,DSL,No,No,No,No,No,No,Month-to-month,0,Mailed check,50.15,1655.35
9365-SRSZE,1,No,Fiber optic,No,No,No,No,No,No,Month-to-month,1,Electronic check,70.55,1943.9
8332-OSJDW,1,Yes,No,No internet service,No internet service,No internet service,No internet service,No internet service,No internet service,One year,0,Mailed check,26.4,314.95
4735-BJKOU,1,No,No,No internet service,No internet service,No internet service,No internet service,No internet service,No internet service,Two year,0,Mailed check,20.15,804.85
0274-JKUJR,0,No phone service,DSL,Yes,Yes,Yes,No,Yes,Yes,Month-to-month,0,Mailed check,58.85,465.7
5740-YHGTW,1,Yes,Fiber optic,Yes,Yes,No,No,Yes,No,Month-to-month,1,Credit card (automatic),97.55,6669.05
8917-SZTTJ,1,No,No,No internet service,No internet service,No internet service,No internet service,No internet service,No internet service,Two year,0,Credit card (automatic),19.65,1161.75
1696-MZVAU,0,No phone service,DSL,No,No,No,No,No,No,One year,1,Credit card (automatic),25.25,947.75
7359-WWYJV,1,Yes,Fiber optic,Yes,Yes,Yes,Yes,Yes,Yes,Two year,0,Credit card (automatic),114.45,8375.05
4906-ZHGPK,1,Yes,DSL,No,Yes,No,Yes,Yes,No,One year,1,Electronic check,70.7,3770.0
3795-GWTRD,1,No,DSL,Yes,Yes,Yes,Yes,Yes,No,Two year,0,Credit card (automatic),75.55,4707.85
1298-PHBTI,1,Yes,Fiber optic,No,Yes,No,Yes,No,No,Two year,1,Electronic check,84.8,6152.4
6223-DHJGV,1,No,No,No internet service,No internet service,No internet service,No internet service,No internet service,No internet service,One year,1,Mailed check,20.65,958.1
6961-MJKBO,1,No,No,No internet service,No internet service,No internet service,No internet service,No internet service,No internet service,Two year,0,Bank transfer (automatic),20.45,943.0
8158-WPEZG,0,No phone service,DSL,No,Yes,No,Yes,No,No,Month-to-month,1,Electronic check,35.65,425.1
4918-FYJNT,1,Yes,Fiber optic,No,Yes,Yes,Yes,No,No,Month-to-month,0,Electronic check,90.45,5044.8
0727-BNRLG,1,Yes,Fiber optic,No,Yes,Yes,Yes,Yes,No,Two year,1,Credit card (automatic),97.65,6743.55
4854-CIDCF,1,No,Fiber optic,No,No,Yes,No,No,No,Month-to-month,0,Electronic check,73.85,196.4
3280-MRDOF,1,Yes,DSL,No,No,Yes,Yes,Yes,No,Two year,1,Credit card (automatic),69.1,2093.9
6435-SRWBJ,1,Yes,Fiber optic,No,No,Yes,Yes,No,No,Month-to-month,1,Electronic check,82.75,417.75
9964-WBQDJ,1,Yes,No,No internet service,No internet service,No internet service,No internet service,No internet service,No internet service,Two year,1,Credit card (automatic),24.4,1725.4
6303-KFWSL,1,Yes,DSL,No,Yes,No,No,No,No,One year,1,Electronic check,55.25,1620.2
1702-CCFNJ,1,Yes,DSL,No,Yes,No,Yes,No,No,Month-to-month,0,Bank transfer (automatic),61.35,3169.55
8932-CZHRQ,1,Yes,DSL,Yes,Yes,Yes,No,No,Yes,One year,0,Credit card (automatic),76.75,5233.25
0386-CWRGM,1,No,No,No internet service,No internet service,No internet service,No internet service,No internet service,No internet service,Two year,0,Mailed check,19.4,967.85
5515-RUGKN,1,No,DSL,No,No,No,No,No,Yes,Month-to-month,1,Credit card (automatic),54.75,438.05
0404-AHASP,1,No,No,No internet service,No internet service,No internet service,No internet service,No internet service,No internet service,Two year,0,Credit card (automatic),19.7,1421.9
7279-NMVJC,1,No,No,No internet service,No internet service,No internet service,No internet service,No internet service,No internet service,One year,0,Bank transfer (automatic),19.9,323.15
2081-VEYEH,1,No,Fiber optic,No,Yes,Yes,Yes,Yes,Yes,Month-to-month,1,Electronic check,107.95,318.6
6407-UTSLV,1,No,Fiber optic,No,Yes,No,No,Yes,No,Month-to-month,1,Bank transfer (automatic),83.8,163.7
9060-HJJRW,0,No phone service,DSL,No,Yes,Yes,No,Yes,Yes,One year,1,Credit card (automatic),56.4,2928.5
2587-YNLES,1,No,No,No internet service,No internet service,No internet service,No internet service,No internet service,No internet service,Two year,0,Mailed check,20.1,100.35
7398-SKNQZ,1,Yes,Fiber optic,No,No,No,No,Yes,Yes,Month-to-month,0,Electronic check,94.9,273.2
5935-FCCNB,1,Yes,Fiber optic,No,No,No,No,Yes,Yes,Month-to-month,1,Electronic check,94.2,1608.15
1958-RNRKS,1,Yes,DSL,No,No,No,No,No,No,Month-to-month,0,Electronic check,49.9,1441.95
5136-RGMZO,1,Yes,DSL,No,Yes,No,Yes,Yes,No,Month-to-month,1,Electronic check,71.05,2168.15
8345-MVDYC,1,No,DSL,Yes,No,Yes,Yes,Yes,Yes,Two year,0,Bank transfer (automatic),81.65,3618.7
8226-BXGES,1,Yes,Fiber optic,Yes,Yes,Yes,No,No,No,One year,0,Bank transfer (automatic),89.45,5692.65
9705-IOVQQ,1,Yes,Fiber optic,No,Yes,No,No,Yes,Yes,One year,0,Electronic check,99.0,5969.3
1015-OWJKI,1,No,No,No internet service,No internet service,No internet service,No internet service,No internet service,No internet service,Month-to-month,0,Mailed check,19.05,19.05
2040-XBAVJ,1,Yes,Fiber optic,Yes,Yes,Yes,Yes,Yes,Yes,Two year,0,Bank transfer (automatic),114.45,8100.55
8887-IPQNC,1,No,DSL,No,No,No,No,No,No,Month-to-month,1,Mailed check,44.25,313.45
8646-JCOMS,1,Yes,Fiber optic,No,Yes,Yes,Yes,No,No,One year,1,Bank transfer (automatic),90.55,6130.95
1222-KJNZD,1,No,No,No internet service,No internet service,No internet service,No internet service,No internet service,No internet service,Month-to-month,1,Bank transfer (automatic),20.4,745.3
0106-GHRQR,1,Yes,DSL,No,Yes,Yes,No,No,Yes,Month-to-month,1,Bank transfer (automatic),71.4,1212.1
3768-VHXQO,1,Yes,No,No internet service,No internet service,No internet service,No internet service,No internet service,No internet service,Two year,0,Credit card (automatic),24.85,1583.5
8952-WCVCD,1,No,Fiber optic,Yes,Yes,Yes,No,Yes,Yes,One year,1,Bank transfer (automatic),104.45,4162.05
2418-TPEUN,1,No,No,No internet service,No internet service,No internet service,No internet service,No internet service,No internet service,Two year,1,Credit card (automatic),19.8,1119.9
3963-RYFNS,1,Yes,Fiber optic,Yes,Yes,Yes,Yes,Yes,Yes,Two year,1,Bank transfer (automatic),116.45,8013.55
8540-ZQGEA,1,No,No,No internet service,No internet service,No internet service,No internet service,No internet service,No internet service,Two year,0,Credit card (automatic),20.05,1102.4
1320-REHCS,1,Yes,Fiber optic,No,Yes,Yes,Yes,Yes,Yes,Month-to-month,1,Electronic check,110.75,5832.0
4137-JOPHL,1,No,Fiber optic,No,No,Yes,Yes,No,Yes,Two year,1,Bank transfer (automatic),89.7,4304.5
7801-CEDNV,1,No,DSL,Yes,No,No,No,No,No,One year,0,Credit card (automatic),48.7,1421.75
2057-BOYKM,1,Yes,Fiber optic,Yes,Yes,Yes,Yes,No,No,Two year,1,Bank transfer (automatic),96.6,6827.5
3658-QQJYD,1,No,DSL,Yes,Yes,No,No,Yes,Yes,One year,1,Credit card (automatic),74.3,4698.05
1803-BGNBD,1,No,DSL,No,Yes,No,Yes,No,No,Month-to-month,1,Electronic check,54.3,654.5
0134-XWXCE,1,No,DSL,No,No,Yes,Yes,Yes,Yes,One year,0,Bank transfer (automatic),74.85,3268.05
6950-TWMYB,1,No,Fiber optic,No,Yes,No,Yes,No,No,Two year,1,Bank transfer (automatic),79.95,4362.05
5848-FHRFC,1,No,No,No internet service,No internet service,No internet service,No internet service,No internet service,No internet service,Two year,0,Bank transfer (automatic),20.05,1386.9
2243-FNMMI,1,No,No,No internet service,No internet service,No internet service,No internet service,No internet service,No internet service,Month-to-month,0,Mailed check,19.4,415.4
2511-MORQY,1,Yes,DSL,No,No,Yes,No,No,No,One year,0,Bank transfer (automatic),54.9,2614.1
5356-KZCKT,1,Yes,No,No internet service,No internet service,No internet service,No internet service,No internet service,No internet service,Two year,1,Credit card (automatic),24.45,1513.6
9470-XCCEM,1,Yes,Fiber optic,No,Yes,No,No,Yes,No,Month-to-month,1,Bank transfer (automatic),89.65,3161.6
6519-CFDBX,1,No,DSL,No,No,No,No,No,No,Month-to-month,1,Electronic check,45.4,80.95
3902-MIVLE,1,Yes,DSL,Yes,No,Yes,Yes,No,Yes,Two year,0,Mailed check,75.7,4676.7
0409-WTMPL,1,Yes,Fiber optic,Yes,Yes,Yes,No,Yes,Yes,One year,1,Credit card (automatic),110.65,6526.65
8763-KIAFH,1,No,No,No internet service,No internet service,No internet service,No internet service,No internet service,No internet service,One year,1,Mailed check,20.55,583.3
3669-WHAFY,1,Yes,Fiber optic,Yes,Yes,Yes,Yes,Yes,Yes,Two year,1,Credit card (automatic),115.15,8078.1
3055-VTCGS,1,No,DSL,No,No,Yes,No,No,Yes,One year,0,Credit card (automatic),58.55,3503.5
3144-KMTWZ,1,Yes,Fiber optic,No,Yes,Yes,No,No,Yes,Month-to-month,1,Bank transfer (automatic),93.25,6669.45
2007-QVGAW,1,No,No,No internet service,No internet service,No internet service,No internet service,No internet service,No internet service,Two year,1,Bank transfer (automatic),19.35,1292.65
5207-PLSTK,1,No,DSL,Yes,No,No,No,No,No,Month-to-month,1,Mailed check,48.75,48.75
2307-FYNNL,1,Yes,Fiber optic,Yes,No,Yes,Yes,Yes,Yes,Two year,1,Electronic check,109.05,7108.2
5605-XNWEN,1,Yes,No,No internet service,No internet service,No internet service,No internet service,No internet service,No internet service,Two year,1,Bank transfer (automatic),25.0,1802.55
2155-AMQRX,1,Yes,DSL,No,No,No,Yes,No,No,Month-to-month,1,Credit card (automatic),54.9,1505.15
6181-AXXYF,1,Yes,No,No internet service,No internet service,No internet service,No internet service,No internet service,No internet service,Two year,0,Credit card (automatic),24.75,1859.1
5091-HFAZW,1,No,Fiber optic,Yes,Yes,No,No,Yes,No,Month-to-month,1,Electronic check,91.15,168.5
2519-LBNQL,1,Yes,Fiber optic,No,Yes,Yes,No,Yes,Yes,One year,1,Electronic check,104.35,6339.45
8623-ULFNQ,1,Yes,DSL,No,No,No,Yes,No,Yes,Month-to-month,1,Electronic check,66.05,1652.4
1568-LJSZU,1,Yes,DSL,Yes,Yes,Yes,Yes,Yes,Yes,Two year,1,Credit card (automatic),92.2,6392.85
7789-HKSBS,1,Yes,Fiber optic,Yes,No,Yes,No,Yes,Yes,One year,1,Bank transfer (automatic),105.2,4599.15
7416-CKTEP,1,No,No,No internet service,No internet service,No internet service,No internet service,No internet service,No internet service,Two year,1,Bank transfer (automatic),19.6,1134.25
2586-CWXVV,0,No phone service,DSL,No,Yes,No,No,No,No,Month-to-month,0,Electronic check,30.4,1621.35
2348-KCJLT,1,No,DSL,Yes,Yes,Yes,No,No,No,One year,1,Mailed check,61.5,2722.2
8401-EMUWF,1,Yes,DSL,Yes,Yes,No,No,Yes,No,Month-to-month,1,Bank transfer (automatic),69.4,3058.3
4193-IBKSW,1,Yes,No,No internet service,No internet service,No internet service,No internet service,No internet service,No internet service,Two year,0,Bank transfer (automatic),24.75,1769.6
5377-NDTOU,1,Yes,DSL,Yes,Yes,Yes,Yes,Yes,Yes,Two year,0,Mailed check,91.05,6293.75
2474-LCNUE,1,Yes,DSL,No,No,No,Yes,Yes,Yes,Month-to-month,1,Credit card (automatic),73.65,1642.75
0839-QNXME,1,No,No,No internet service,No internet service,No internet service,No internet service,No internet service,No internet service,Two year,0,Credit card (automatic),19.4,578.5
3506-OVLKD,1,Yes,No,No internet service,No internet service,No internet service,No internet service,No internet service,No internet service,One year,0,Bank transfer (automatic),26.2,954.9
6650-VJONK,1,No,DSL,No,No,No,No,No,No,Month-to-month,1,Bank transfer (automatic),43.85,43.85
2178-PMGCJ,1,No,Fiber optic,No,No,No,No,No,No,Month-to-month,1,Mailed check,69.7,1490.4
7492-TAFJD,0,No phone service,DSL,Yes,Yes,Yes,No,No,No,Two year,0,Mailed check,38.55,280.0
2773-MADBQ,0,No phone service,DSL,Yes,Yes,Yes,Yes,No,Yes,Two year,1,Mailed check,53.1,1901.25
6016-LVTJQ,1,No,No,No internet service,No internet service,No internet service,No internet service,No internet service,No internet service,Month-to-month,0,Mailed check,20.65,716.4
7860-KSUGX,1,Yes,DSL,Yes,Yes,Yes,No,No,No,Two year,0,Credit card (automatic),64.45,4720.0
8966-KZXXA,1,Yes,No,No internet service,No internet service,No internet service,No internet service,No internet service,No internet service,Two year,0,Credit card (automatic),25.1,930.95
5149-QYTTU,1,Yes,Fiber optic,Yes,Yes,Yes,Yes,No,No,One year,1,Credit card (automatic),95.15,6770.85
2070-XYMFH,1,Yes,Fiber optic,No,No,Yes,No,No,No,Month-to-month,1,Mailed check,79.35,1835.3
2085-BOJKI,1,No,Fiber optic,No,No,Yes,No,Yes,Yes,One year,1,Bank transfer (automatic),96.65,1588.25
0817-HSUSE,1,No,DSL,No,No,Yes,Yes,Yes,Yes,Month-to-month,1,Electronic check,75.5,75.5
5442-PPTJY,1,No,No,No internet service,No internet service,No internet service,No internet service,No internet service,No internet service,Two year,0,Mailed check,19.7,258.35
1927-QEWMY,1,No,No,No internet service,No internet service,No internet service,No internet service,No internet service,No internet service,Two year,0,Credit card (automatic),20.5,1502.25
1663-MHLHE,1,No,No,No internet service,No internet service,No internet service,No internet service,No internet service,No internet service,Month-to-month,0,Mailed check,19.2,19.2
5663-QBGIS,1,Yes,Fiber optic,No,Yes,No,No,Yes,Yes,Two year,0,Bank transfer (automatic),98.35,6929.4
4450-MDZFX,1,Yes,Fiber optic,No,No,No,No,No,No,Month-to-month,0,Bank transfer (automatic),74.35,4453.3
6701-DHKWQ,0,No phone service,DSL,No,Yes,Yes,Yes,Yes,No,Two year,0,Credit card (automatic),51.35,3244.4
7554-AKDQF,1,No,DSL,No,No,No,No,No,No,Month-to-month,0,Mailed check,45.65,323.45
0794-YVSGE,1,No,No,No internet service,No internet service,No internet service,No internet service,No internet service,No internet service,Two year,0,Bank transfer (automatic),20.3,1401.15
5423-BHIXO,1,Yes,DSL,No,Yes,No,No,No,No,Month-to-month,1,Electronic check,54.2,1739.6
6908-VVYHM,1,Yes,Fiber optic,No,Yes,No,No,No,Yes,Month-to-month,1,Electronic check,90.65,5931.0
2959-EEXWB,0,No phone service,DSL,Yes,No,No,No,Yes,Yes,Month-to-month,1,Bank transfer (automatic),50.9,2333.85
1839-UMACK,1,Yes,No,No internet service,No internet service,No internet service,No internet service,No internet service,No internet service,One year,0,Electronic check,25.05,949.85
3030-YDNRM,1,Yes,Fiber optic,No,No,No,No,No,No,Month-to-month,1,Electronic check,74.85,572.45
7321-KKSDU,1,No,No,No internet service,No internet service,No internet service,No internet service,No internet service,No internet service,Two year,0,Mailed check,20.5,696.8
3402-XRIUO,1,Yes,DSL,Yes,Yes,No,Yes,No,No,Month-to-month,1,Mailed check,63.55,1381.8
8286-AFUYI,1,No,DSL,Yes,No,No,No,No,No,Month-to-month,0,Electronic check,47.95,47.95
8356-WUAOJ,1,No,DSL,No,No,No,No,No,No,Month-to-month,1,Electronic check,45.0,45.0
8058-DMYRU,1,Yes,Fiber optic,No,Yes,No,No,No,Yes,Month-to-month,1,Electronic check,90.05,4931.8
9350-ZXYJC,1,Yes,No,No internet service,No internet service,No internet service,No internet service,No internet service,No internet service,Two year,1,Credit card (automatic),25.3,116.95
8958-JPTRR,1,Yes,No,No internet service,No internet service,No internet service,No internet service,No internet service,No internet service,One year,0,Electronic check,24.3,1261.7
6959-GQEGV,1,No,DSL,Yes,No,Yes,No,Yes,Yes,Month-to-month,1,Electronic check,75.95,3273.8
3173-WSSUE,1,No,No,No internet service,No internet service,No internet service,No internet service,No internet service,No internet service,Two year,0,Credit card (automatic),19.7,1415.85
1265-HVPZB,1,No,DSL,Yes,Yes,Yes,No,Yes,No,One year,0,Credit card (automatic),66.4,3958.2
4115-UMJFQ,0,No phone service,DSL,No,Yes,Yes,No,No,No,One year,1,Bank transfer (automatic),35.75,2492.25
7369-TRPFD,1,No,No,No internet service,No internet service,No internet service,No internet service,No internet service,No internet service,One year,0,Mailed check,18.8,279.2
1098-KFQEC,1,No,No,No internet service,No internet service,No internet service,No internet service,No internet service,No internet service,Two year,0,Credit card (automatic),19.4,1083.0
7190-XHTWJ,1,No,No,No internet service,No internet service,No internet service,No internet service,No internet service,No internet service,One year,0,Mailed check,19.3,755.5
3537-RYBHH,1,Yes,DSL,Yes,Yes,Yes,No,No,No,Month-to-month,1,Credit card (automatic),67.45,3252.0
5296-BFCYD,1,No,No,No internet service,No internet service,No internet service,No internet service,No internet service,No internet service,Two year,1,Mailed check,20.1,936.85
9359-JANWS,1,No,DSL,Yes,No,Yes,Yes,No,No,Two year,0,Credit card (automatic),58.9,3857.1
3279-DYZQM,1,No,No,No internet service,No internet service,No internet service,No internet service,No internet service,No internet service,Two year,0,Mailed check,19.45,1378.45
0523-VNGTF,0,No phone service,DSL,No,Yes,Yes,Yes,Yes,No,Month-to-month,1,Electronic check,50.5,2566.3
9575-IWCAZ,1,Yes,No,No internet service,No internet service,No internet service,No internet service,No internet service,No internet service,One year,0,Mailed check,25.1,171.0
7105-MXJLL,1,No,DSL,No,No,Yes,No,No,Yes,One year,0,Mailed check,60.7,1597.4
7064-FRRSW,1,Yes,Fiber optic,No,Yes,No,No,Yes,Yes,One year,1,Electronic check,99.0,4744.35
7940-UQQUG,1,Yes,Fiber optic,Yes,No,No,Yes,Yes,Yes,One year,1,Bank transfer (automatic),104.4,6721.6
3961-SXAXY,1,No,DSL,No,No,No,No,No,No,Month-to-month,1,Bank transfer (automatic),44.05,44.05
7010-BRBUU,1,Yes,No,No internet service,No internet service,No internet service,No internet service,No internet service,No internet service,Two year,0,Credit card (automatic),24.1,1734.65
3566-HJGPK,1,No,DSL,No,No,No,No,No,No,Month-to-month,1,Mailed check,45.55,45.55
3062-ICYZQ,1,Yes,Fiber optic,Yes,Yes,No,No,No,Yes,Month-to-month,1,Electronic check,93.8,4539.35
9938-PRCVK,1,No,No,No internet service,No internet service,No internet service,No internet service,No internet service,No internet service,Two year,0,Bank transfer (automatic),19.7,804.25
0973-KYVNF,1,No,DSL,Yes,Yes,Yes,No,Yes,No,Two year,1,Credit card (automatic),70.65,5011.15
5129-HHMZC,1,Yes,DSL,Yes,Yes,No,Yes,Yes,Yes,Two year,0,Credit card (automatic),86.45,3574.5
9637-CDTKZ,1,Yes,Fiber optic,Yes,Yes,Yes,Yes,Yes,Yes,Two year,1,Credit card (automatic),114.1,8086.4
3946-JEWRQ,1,Yes,Fiber optic,No,No,No,No,Yes,Yes,One year,1,Credit card (automatic),95.2,4563.0
7873-CVMAW,1,Yes,DSL,Yes,Yes,Yes,Yes,Yes,Yes,Two year,0,Credit card (automatic),88.55,6362.35
0463-WZZKO,1,No,No,No internet service,No internet service,No internet service,No internet service,No internet service,No internet service,Month-to-month,1,Credit card (automatic),20.75,67.1
4524-QCSSM,0,No phone service,DSL,Yes,Yes,No,No,No,Yes,Month-to-month,1,Bank transfer (automatic),44.65,1156.55
5832-EXGTT,1,No,DSL,Yes,No,No,No,No,Yes,Month-to-month,1,Mailed check,60.2,1834.15
2039-JONDJ,1,No,DSL,Yes,Yes,No,No,No,No,One year,0,Bank transfer (automatic),55.45,1477.65
7217-JYHOQ,1,No,DSL,Yes,Yes,No,Yes,No,Yes,Month-to-month,1,Credit card (automatic),70.3,1706.45
6695-FRVEC,1,No,DSL,Yes,No,Yes,Yes,No,No,Two year,1,Bank transfer (automatic),60.4,3953.7
9894-QMIMJ,1,No,DSL,No,Yes,Yes,No,No,No,One year,0,Bank transfer (automatic),55.8,1327.85
8069-YQQAJ,0,No phone service,DSL,No,Yes,No,No,No,No,Month-to-month,1,Mailed check,31.1,419.7
1636-NTNCO,0,No phone service,DSL,No,Yes,No,No,Yes,Yes,Month-to-month,1,Credit card (automatic),50.95,207.35
3466-WAESX,1,Yes,DSL,Yes,Yes,No,No,No,Yes,Month-to-month,1,Electronic check,69.1,1083.7
9281-PKKZE,0,No phone service,DSL,No,No,No,No,Yes,Yes,Month-to-month,1,Electronic check,43.95,2007.85
3638-VBZTA,1,Yes,DSL,Yes,Yes,No,Yes,Yes,Yes,Two year,1,Bank transfer (automatic),86.5,5882.75
7459-IMVYU,1,Yes,DSL,Yes,Yes,Yes,Yes,No,No,Month-to-month,0,Electronic check,69.95,2657.55
8563-OYMQY,1,No,Fiber optic,No,Yes,Yes,No,No,Yes,Month-to-month,1,Credit card (automatic),90.95,1612.2
0754-EEBDC,1,No,No,No internet service,No internet service,No internet service,No internet service,No internet service,No internet service,Two year,0,Mailed check,19.9,76.65
5777-ZPQNC,1,No,No,No internet service,No internet service,No internet service,No internet service,No internet service,No internet service,One year,0,Electronic check,20.15,260.7
1951-IEYXM,1,Yes,DSL,Yes,Yes,Yes,Yes,Yes,Yes,Two year,1,Credit card (automatic),90.6,6441.85
3318-NMQXL,1,No,Fiber optic,No,No,No,No,Yes,Yes,Month-to-month,1,Electronic check,92.0,266.8
1022-RKXDR,1,Yes,No,No internet service,No internet service,No internet service,No internet service,No internet service,No internet service,One year,1,Mailed check,24.85,962.25
2361-FJWNO,0,No phone service,DSL,No,Yes,No,Yes,No,No,One year,0,Credit card (automatic),36.0,1382.9
2272-UOINI,1,No,DSL,Yes,Yes,No,Yes,Yes,Yes,Month-to-month,1,Electronic check,78.5,571.05
8232-UTFOZ,1,No,No,No internet service,No internet service,No internet service,No internet service,No internet service,No internet service,Two year,0,Credit card (automatic),19.95,1399.35
3750-YHRYO,1,No,No,No internet service,No internet service,No internet service,No internet service,No internet service,No internet service,One year,0,Mailed check,20.65,150.0
6637-KYRCV,0,No phone service,DSL,No,Yes,No,No,No,No,Month-to-month,1,Electronic check,30.5,167.2
5668-MEISB,1,Yes,Fiber optic,Yes,Yes,Yes,Yes,Yes,No,Two year,0,Credit card (automatic),106.1,7657.4
0129-QMPDR,1,No,No,No internet service,No internet service,No internet service,No internet service,No internet service,No internet service,One year,1,Bank transfer (automatic),20.5,865.05
7188-CBBBA,1,Yes,Fiber optic,No,Yes,Yes,No,Yes,No,One year,1,Electronic check,95.5,6153.85
5356-CSVSQ,1,Yes,DSL,No,No,No,Yes,Yes,No,Month-to-month,0,Electronic check,64.6,174.2
3221-CJMSG,1,No,DSL,No,No,No,Yes,No,No,Month-to-month,1,Credit card (automatic),51.1,1269.6
3219-JQRSL,1,Yes,DSL,Yes,Yes,Yes,Yes,Yes,Yes,Two year,0,Credit card (automatic),89.1,6352.4
2801-NISEI,1,No,DSL,Yes,No,No,Yes,No,No,Month-to-month,0,Electronic check,54.95,1348.5
4623-ZKHLY,1,No,No,No internet service,No internet service,No internet service,No internet service,No internet service,No internet service,Month-to-month,1,Bank transfer (automatic),20.45,471.55
6732-VAILE,1,Yes,DSL,No,Yes,Yes,Yes,Yes,Yes,Two year,1,Credit card (automatic),85.95,5931.75
8201-AAXCB,1,Yes,DSL,No,No,No,No,Yes,No,Month-to-month,0,Electronic check,60.35,1404.65
7696-CFTAT,1,No,No,No internet service,No internet service,No internet service,No internet service,No internet service,No internet service,Two year,0,Bank transfer (automatic),19.8,726.1
1845-CSBRZ,1,Yes,Fiber optic,No,No,No,No,Yes,No,Month-to-month,0,Bank transfer (automatic),85.35,1961.6
2123-VSCOT,1,Yes,DSL,No,No,Yes,Yes,Yes,No,Two year,1,Bank transfer (automatic),72.1,4194.85
2018-QKYGT,1,No,Fiber optic,No,No,No,No,No,Yes,Month-to-month,1,Electronic check,81.05,81.05
2792-VPPET,1,No,No,No internet service,No internet service,No internet service,No internet service,No internet service,No internet service,Month-to-month,1,Electronic check,20.5,76.95
7409-JURKQ,1,Yes,Fiber optic,No,Yes,Yes,Yes,Yes,Yes,One year,1,Bank transfer (automatic),111.8,5809.75
3247-MHJKM,1,No,No,No internet service,No internet service,No internet service,No internet service,No internet service,No internet service,Month-to-month,0,Mailed check,20.2,20.2
1964-SVLEA,1,No,No,No internet service,No internet service,No internet service,No internet service,No internet service,No internet service,One year,1,Mailed check,19.7,415.9
7297-DVYGA,1,No,No,No internet service,No internet service,No internet service,No internet service,No internet service,No internet service,One year,1,Bank transfer (automatic),19.85,996.95
2239-CGBUZ,1,No,DSL,Yes,Yes,No,Yes,No,No,One year,1,Bank transfer (automatic),60.5,3145.15
0854-UYHZD,1,No,No,No internet service,No internet service,No internet service,No internet service,No internet service,No internet service,Two year,0,Mailed check,19.55,265.3
7243-LCGGZ,1,No,No,No internet service,No internet service,No internet service,No internet service,No internet service,No internet service,Month-to-month,0,Mailed check,20.9,20.9
8267-KFGYD,1,No,No,No internet service,No internet service,No internet service,No internet service,No internet service,No internet service,Month-to-month,1,Mailed check,21.05,21.05
4890-VMUAV,1,Yes,DSL,Yes,Yes,Yes,Yes,No,No,One year,0,Electronic check,71.5,4576.3
9261-WDCAF,1,No,DSL,No,No,No,No,No,Yes,Month-to-month,0,Mailed check,54.65,189.1
3764-MNMOI,1,No,No,No internet service,No internet service,No internet service,No internet service,No internet service,No internet service,Two year,0,Credit card (automatic),19.2,908.15
7442-YGZFK,1,Yes,DSL,No,No,No,No,No,No,Month-to-month,1,Credit card (automatic),49.8,49.8
8229-BUJHX,1,No,No,No internet service,No internet service,No internet service,No internet service,No internet service,No internet service,Two year,0,Bank transfer (automatic),20.5,1500.95
7449-HVPIV,1,Yes,Fiber optic,No,No,Yes,No,Yes,No,Month-to-month,1,Credit card (automatic),90.4,5099.15
5504-WSIUR,1,Yes,Fiber optic,No,Yes,Yes,Yes,No,No,One year,1,Bank transfer (automatic),90.25,6385.95
8466-PZBLH,1,Yes,Fiber optic,Yes,No,No,Yes,Yes,Yes,Two year,0,Bank transfer (automatic),104.6,6885.75
8735-IJJEG,1,No,DSL,No,No,Yes,No,No,No,Month-to-month,0,Credit card (automatic),50.2,668.85
0564-MUUQK,1,Yes,Fiber optic,No,No,Yes,Yes,No,Yes,Month-to-month,1,Bank transfer (automatic),95.5,1916.2
0701-RFGFI,1,Yes,Fiber optic,No,No,No,No,Yes,Yes,Month-to-month,1,Bank transfer (automatic),95.4,4613.95
0019-EFAEP,1,Yes,Fiber optic,Yes,Yes,Yes,No,Yes,No,Two year,1,Bank transfer (automatic),101.3,7261.25
5619-PTMIK,1,Yes,DSL,Yes,No,No,No,No,No,Month-to-month,0,Electronic check,53.1,2459.8
3737-XBQDD,1,Yes,Fiber optic,No,Yes,Yes,No,No,No,Month-to-month,1,Bank transfer (automatic),84.85,2048.8
5882-CMAZQ,0,No phone service,DSL,No,Yes,No,Yes,No,No,Month-to-month,0,Electronic check,34.25,163.55
5846-QFDFI,1,Yes,Fiber optic,No,Yes,Yes,Yes,No,No,Month-to-month,0,Credit card (automatic),88.6,2888.7
4445-KWOKW,1,Yes,DSL,Yes,Yes,No,No,No,No,One year,1,Bank transfer (automatic),60.15,2421.6
3511-APPBJ,1,No,Fiber optic,Yes,No,Yes,No,Yes,Yes,One year,1,Credit card (automatic),99.95,2292.75
7967-HYCDE,1,No,Fiber optic,No,No,No,No,No,No,Month-to-month,0,Bank transfer (automatic),70.7,553.4
2430-RRYUW,1,No,DSL,Yes,Yes,No,No,No,No,One year,1,Mailed check,54.8,3465.7
3723-BFBGR,1,Yes,DSL,No,Yes,No,No,No,No,Month-to-month,0,Credit card (automatic),54.8,1291.3
5447-WZAFP,1,No,Fiber optic,No,Yes,Yes,No,Yes,Yes,One year,1,Mailed check,100.3,5200.8
5110-CHOPY,0,No phone service,DSL,Yes,No,Yes,No,Yes,Yes,Two year,0,Electronic check,53.6,3237.05
4425-OWHWB,1,No,No,No internet service,No internet service,No internet service,No internet service,No internet service,No internet service,One year,1,Credit card (automatic),19.35,433.75
7892-QVYKW,1,Yes,Fiber optic,No,No,No,No,No,Yes,Month-to-month,0,Electronic check,85.6,1868.4
9675-ICXCT,1,No,DSL,Yes,No,Yes,Yes,Yes,Yes,Two year,1,Electronic check,80.8,5728.55
4703-MQYKT,1,No,No,No internet service,No internet service,No internet service,No internet service,No internet service,No internet service,Two year,0,Mailed check,19.6,390.4
5692-ICXLW,1,Yes,Fiber optic,No,Yes,No,No,Yes,No,Month-to-month,1,Electronic check,90.7,2845.15
0602-DDUML,1,No,DSL,No,Yes,Yes,Yes,Yes,No,Two year,0,Mailed check,69.75,3894.4
2208-MPXIO,1,No,No,No internet service,No internet service,No internet service,No internet service,No internet service,No internet service,Two year,1,Bank transfer (automatic),20.0,886.4
1960-UYCNN,1,Yes,Fiber optic,No,Yes,Yes,No,No,Yes,Month-to-month,1,Electronic check,95.25,1021.55
3190-FZATL,1,No,No,No internet service,No internet service,No internet service,No internet service,No internet service,No internet service,Month-to-month,0,Mailed check,19.95,268.4
7336-RLLRH,1,Yes,DSL,Yes,No,No,Yes,Yes,Yes,One year,0,Mailed check,80.85,2204.35
7710-JSYOA,1,Yes,Fiber optic,No,Yes,No,Yes,No,Yes,Two year,1,Bank transfer (automatic),93.3,6398.05
9885-MFVSU,0,No phone service,DSL,Yes,No,No,Yes,Yes,No,Two year,1,Credit card (automatic),46.35,1662.05
0607-MVMGC,1,Yes,DSL,No,Yes,Yes,No,Yes,Yes,One year,0,Credit card (automatic),78.75,3600.65
3365-SAIGS,1,No,Fiber optic,No,Yes,No,No,Yes,No,Month-to-month,1,Electronic check,83.55,1329.15
8022-BECSI,1,No,No,No internet service,No internet service,No internet service,No internet service,No internet service,No internet service,One year,0,Mailed check,19.6,422.5
9993-LHIEB,1,No,DSL,Yes,No,Yes,Yes,No,Yes,Two year,0,Mailed check,67.85,4627.65
0266-CLZKZ,1,Yes,Fiber optic,No,No,Yes,Yes,Yes,Yes,Two year,1,Bank transfer (automatic),105.65,6717.9
7020-OZKXZ,1,No,Fiber optic,No,No,Yes,No,No,No,Month-to-month,0,Credit card (automatic),75.5,637.4
3977-QCRSL,1,No,No,No internet service,No internet service,No internet service,No internet service,No internet service,No internet service,Month-to-month,0,Mailed check,20.15,117.95
0017-DINOC,0,No phone service,DSL,Yes,No,No,Yes,Yes,No,Two year,0,Credit card (automatic),45.2,2460.55
7639-OPLNG,1,Yes,DSL,Yes,Yes,Yes,Yes,Yes,No,Two year,1,Bank transfer (automatic),79.25,5731.85
1492-QGCLU,1,Yes,DSL,Yes,No,Yes,Yes,Yes,Yes,Month-to-month,0,Electronic check,85.7,4616.1
7328-OWMOM,1,No,No,No internet service,No internet service,No internet service,No internet service,No internet service,No internet service,One year,0,Credit card (automatic),20.1,589.25
4418-LZMSV,1,No,DSL,No,Yes,Yes,Yes,No,No,Month-to-month,0,Bank transfer (automatic),61.8,750.1
5155-AZQPB,1,Yes,DSL,No,No,No,No,No,No,Month-to-month,0,Mailed check,49.9,1410.25
1087-GRUYI,1,No,No,No internet service,No internet service,No internet service,No internet service,No internet service,No internet service,Two year,0,Bank transfer (automatic),20.4,743.5
2546-KZAAT,1,No,DSL,Yes,Yes,No,No,Yes,Yes,One year,1,Mailed check,75.4,3865.45
0181-RITDD,1,No,Fiber optic,Yes,Yes,Yes,Yes,Yes,Yes,Two year,0,Mailed check,108.15,6825.65
5989-PGKJB,1,No,Fiber optic,No,Yes,No,No,No,Yes,Month-to-month,1,Electronic check,86.25,1340.1
8272-ONJLV,1,No,Fiber optic,No,No,Yes,No,Yes,Yes,One year,0,Electronic check,95.7,1184.0
1488-PBLJN,1,Yes,Fiber optic,Yes,Yes,Yes,Yes,Yes,Yes,Two year,1,Bank transfer (automatic),116.85,8477.7
0308-GIQJT,1,Yes,Fiber optic,No,Yes,No,Yes,Yes,Yes,One year,0,Bank transfer (automatic),105.75,7382.85
3778-FOAQW,1,No,No,No internet service,No internet service,No internet service,No internet service,No internet service,No internet service,One year,0,Mailed check,20.15,456.85
4452-ROHMO,1,No,No,No internet service,No internet service,No internet service,No internet service,No internet service,No internet service,Two year,0,Mailed check,19.6,331.6
3090-LETTY,1,Yes,DSL,Yes,Yes,No,No,No,No,Month-to-month,0,Bank transfer (automatic),60.95,134.6
5349-AZPEW,0,No phone service,DSL,No,No,No,No,No,No,Month-to-month,0,Mailed check,25.05,125.5
9720-JJJOR,1,No,DSL,Yes,Yes,Yes,No,No,No,One year,1,Bank transfer (automatic),60.3,2511.3
8100-HZZLJ,1,No,DSL,Yes,Yes,No,No,No,Yes,Month-to-month,1,Electronic check,63.95,2737.05
8775-ERLNB,1,Yes,Fiber optic,No,No,No,No,No,No,Month-to-month,0,Electronic check,74.3,74.3
8309-IEYJD,1,No,Fiber optic,No,No,No,No,No,No,Month-to-month,1,Mailed check,70.6,70.6
7398-HPYZQ,1,Yes,DSL,Yes,Yes,Yes,Yes,Yes,Yes,Two year,0,Bank transfer (automatic),90.55,6404.0
3546-GHEAE,1,No,No,No internet service,No internet service,No internet service,No internet service,No internet service,No internet service,Two year,0,Mailed check,19.45,165.35
7361-YPXFS,1,Yes,DSL,No,Yes,Yes,Yes,No,No,Month-to-month,0,Bank transfer (automatic),64.45,1867.6
6557-BZXLQ,1,No,Fiber optic,No,No,No,No,No,No,Month-to-month,0,Electronic check,69.65,1043.3
2550-QHZGP,1,No,No,No internet service,No internet service,No internet service,No internet service,No internet service,No internet service,One year,0,Mailed check,19.5,128.6
7519-JTWQH,1,Yes,Fiber optic,No,Yes,Yes,Yes,Yes,Yes,Two year,1,Bank transfer (automatic),110.5,7455.45
2538-OIMXF,0,No phone service,DSL,No,No,No,No,No,No,Month-to-month,0,Mailed check,24.7,24.7
8543-MSDMF,1,No,DSL,Yes,No,Yes,No,Yes,Yes,Month-to-month,1,Electronic check,77.4,206.15
1170-SASML,1,Yes,Fiber optic,No,Yes,Yes,No,No,No,Month-to-month,1,Bank transfer (automatic),85.4,5869.4
4872-JCVCA,0,No phone service,DSL,Yes,Yes,Yes,Yes,No,No,Two year,1,Bank transfer (automatic),47.6,3377.8
5346-BZCHP,1,No,No,No internet service,No internet service,No internet service,No internet service,No internet service,No internet service,Two year,0,Mailed check,19.4,1346.2
2038-LLMLM,1,Yes,Fiber optic,No,No,Yes,Yes,Yes,Yes,Month-to-month,1,Electronic check,103.85,4946.05
1216-BGTSP,1,Yes,Fiber optic,Yes,No,Yes,Yes,Yes,Yes,Month-to-month,1,Credit card (automatic),108.45,4964.7
4138-NAXED,1,Yes,Fiber optic,No,Yes,No,No,No,No,Month-to-month,0,Bank transfer (automatic),81.0,4085.75
0744-BIKKF,1,Yes,DSL,Yes,Yes,Yes,Yes,Yes,Yes,Two year,0,Bank transfer (automatic),86.65,6224.8
7483-IQWIB,1,Yes,Fiber optic,No,Yes,Yes,No,Yes,No,Month-to-month,1,Electronic check,92.95,3415.25
5248-KWLAR,1,Yes,DSL,Yes,Yes,Yes,Yes,Yes,Yes,Two year,0,Electronic check,90.35,6325.25
7996-MHXLW,1,Yes,No,No internet service,No internet service,No internet service,No internet service,No internet service,No internet service,Two year,1,Credit card (automatic),25.15,1683.6
7833-PKIHD,1,No,DSL,Yes,No,No,Yes,Yes,Yes,One year,1,Bank transfer (automatic),76.4,3966.3
7061-OVMIM,1,No,No,No internet service,No internet service,No internet service,No internet service,No internet service,No internet service,One year,0,Bank transfer (automatic),19.55,608.5
5153-RTHKF,1,Yes,Fiber optic,No,No,No,No,Yes,No,Month-to-month,0,Electronic check,85.35,2896.6
1852-QSWCD,1,Yes,No,No internet service,No internet service,No internet service,No internet service,No internet service,No internet service,Two year,1,Mailed check,24.8,1514.85
4832-VRBMR,1,Yes,Fiber optic,No,Yes,Yes,No,Yes,Yes,One year,1,Bank transfer (automatic),103.15,6792.45
9079-LWTFD,1,Yes,Fiber optic,Yes,Yes,No,Yes,Yes,No,Month-to-month,0,Mailed check,100.75,4669.2
3392-EHMNK,1,Yes,Fiber optic,No,Yes,No,Yes,Yes,No,Two year,0,Credit card (automatic),94.1,6302.8
5986-WWXDV,1,No,No,No internet service,No internet service,No internet service,No internet service,No internet service,No internet service,One year,0,Bank transfer (automatic),19.35,779.2
3061-BCKYI,1,No,No,No internet service,No internet service,No internet service,No internet service,No internet service,No internet service,Month-to-month,0,Mailed check,19.9,283.75
7901-TBKJX,1,Yes,Fiber optic,No,No,Yes,No,Yes,Yes,Month-to-month,1,Electronic check,101.05,5594.0
7228-PAQPD,1,No,DSL,No,No,No,Yes,No,Yes,One year,0,Credit card (automatic),59.1,772.85
7746-QYVCO,1,No,DSL,Yes,Yes,No,No,No,No,One year,1,Mailed check,55.85,857.8
5804-HYIEZ,1,Yes,Fiber optic,Yes,Yes,No,No,Yes,Yes,Month-to-month,1,Electronic check,106.05,7554.05
9919-FZDED,1,Yes,DSL,Yes,Yes,Yes,No,Yes,Yes,Two year,1,Credit card (automatic),84.1,5981.65
5934-TSSAU,1,No,Fiber optic,No,No,Yes,No,No,No,Month-to-month,1,Credit card (automatic),75.3,1702.9
3486-KHMLI,1,Yes,No,No internet service,No internet service,No internet service,No internet service,No internet service,No internet service,Month-to-month,0,Mailed check,24.7,467.15
6784-XYJAE,1,Yes,DSL,No,No,Yes,No,No,No,One year,0,Electronic check,55.8,1941.5
3933-DQPWX,0,No phone service,DSL,No,Yes,Yes,Yes,No,No,Two year,0,Credit card (automatic),39.7,1932.75
6661-EIPZC,0,No phone service,DSL,No,No,No,Yes,No,No,Month-to-month,1,Credit card (automatic),29.5,1423.05
8957-THMOA,1,No,No,No internet service,No internet service,No internet service,No internet service,No internet service,No internet service,Two year,0,Credit card (automatic),20.15,970.85
2251-PYLPB,1,Yes,DSL,Yes,Yes,Yes,Yes,No,Yes,Two year,0,Credit card (automatic),79.55,5810.9
5555-RNPGT,1,Yes,No,No internet service,No internet service,No internet service,No internet service,No internet service,No internet service,Month-to-month,0,Credit card (automatic),24.8,223.9
1057-FOGLZ,1,No,No,No internet service,No internet service,No internet service,No internet service,No internet service,No internet service,Month-to-month,0,Mailed check,19.65,391.7
8087-LGYHQ,1,No,Fiber optic,No,No,Yes,No,Yes,Yes,Month-to-month,1,Electronic check,94.05,811.65
4137-BTIKL,1,Yes,Fiber optic,Yes,No,No,No,No,Yes,Month-to-month,0,Mailed check,90.75,174.75
2190-BCXEC,1,Yes,Fiber optic,No,No,No,Yes,No,No,Month-to-month,1,Credit card (automatic),78.85,3126.85
6227-FBDXH,1,Yes,Fiber optic,No,No,Yes,No,Yes,Yes,One year,0,Bank transfer (automatic),99.5,6841.45
2911-WDXMV,1,Yes,Fiber optic,No,No,Yes,No,No,No,Month-to-month,1,Credit card (automatic),80.55,1406.65
7206-PQBBZ,1,No,Fiber optic,No,No,No,No,No,No,Month-to-month,1,Electronic check,70.2,834.7
4547-FZJWE,1,No,DSL,Yes,No,No,No,No,Yes,One year,0,Credit card (automatic),59.45,3157.0
7422-WNBTY,1,Yes,Fiber optic,No,Yes,Yes,No,No,Yes,Month-to-month,1,Electronic check,93.35,3092.0
0842-IWYCP,1,No,DSL,No,No,No,No,No,No,Month-to-month,0,Bank transfer (automatic),44.95,2168.9
3521-HTQTV,1,Yes,No,No internet service,No internet service,No internet service,No internet service,No internet service,No internet service,Two year,0,Bank transfer (automatic),26.1,980.35
3744-ZBHON,1,No,No,No internet service,No internet service,No internet service,No internet service,No internet service,No internet service,Month-to-month,0,Electronic check,20.2,65.95
3373-DIUUN,1,No,No,No internet service,No internet service,No internet service,No internet service,No internet service,No internet service,Two year,0,Mailed check,21.25,711.9
8383-SGHJU,1,Yes,DSL,Yes,No,No,Yes,No,No,One year,0,Electronic check,59.4,1952.8
7607-QKKTJ,1,Yes,Fiber optic,No,Yes,Yes,No,No,Yes,One year,1,Credit card (automatic),95.0,4368.85
7707-PYBBH,1,No,DSL,Yes,Yes,No,Yes,No,No,Month-to-month,1,Mailed check,61.9,2647.1
8984-HPEMB,1,Yes,Fiber optic,Yes,Yes,Yes,Yes,Yes,Yes,Two year,1,Electronic check,118.65,8477.6
4139-DETXS,0,No phone service,DSL,Yes,Yes,Yes,Yes,Yes,Yes,Two year,0,Bank transfer (automatic),64.45,4528.0
9779-DPNEJ,1,No,Fiber optic,No,No,No,No,No,Yes,Month-to-month,1,Electronic check,80.15,1790.65
9805-FILKB,1,No,No,No internet service,No internet service,No internet service,No internet service,No internet service,No internet service,One year,1,Bank transfer (automatic),20.2,845.6
5793-YOLJN,1,No,No,No internet service,No internet service,No internet service,No internet service,No internet service,No internet service,Two year,0,Mailed check,21.0,1210.3
0673-IGUQO,1,No,No,No internet service,No internet service,No internet service,No internet service,No internet service,No internet service,Month-to-month,0,Mailed check,20.45,20.45
4123-FCVCB,1,Yes,DSL,No,No,No,Yes,Yes,Yes,One year,1,Mailed check,75.85,854.45
8819-IMISP,1,Yes,Fiber optic,No,Yes,No,No,No,No,Month-to-month,1,Electronic check,80.45,2429.1
8311-UEUAB,1,Yes,DSL,Yes,No,No,No,Yes,Yes,Two year,1,Electronic check,75.5,5229.45
5858-EAFCZ,1,No,DSL,No,No,No,No,No,No,Month-to-month,0,Mailed check,44.45,44.45
1163-ONYEY,1,Yes,DSL,Yes,Yes,Yes,No,Yes,No,Month-to-month,1,Credit card (automatic),74.55,3023.55
5656-MJEFC,0,No phone service,DSL,Yes,No,Yes,Yes,Yes,No,Two year,0,Credit card (automatic),48.15,2032.3
6082-OQFBA,1,No,No,No internet service,No internet service,No internet service,No internet service,No internet service,No internet service,One year,0,Mailed check,19.65,436.9
8974-OVACP,1,No,No,No internet service,No internet service,No internet service,No internet service,No internet service,No internet service,Month-to-month,0,Mailed check,20.15,20.15
4010-YLMVT,1,Yes,Fiber optic,Yes,Yes,No,No,Yes,Yes,Month-to-month,1,Credit card (automatic),106.6,5893.95
1379-FRVEB,1,Yes,Fiber optic,No,Yes,No,No,Yes,No,Month-to-month,1,Electronic check,91.0,1430.05
8612-GXIDD,1,Yes,No,No internet service,No internet service,No internet service,No internet service,No internet service,No internet service,Two year,1,Bank transfer (automatic),25.4,313.0
6288-CHQJB,1,No,DSL,Yes,No,Yes,Yes,No,Yes,Two year,0,Bank transfer (automatic),69.95,3871.85
8160-HOWOX,1,No,DSL,No,No,No,No,Yes,Yes,Month-to-month,1,Electronic check,66.85,458.1
6648-INWPS,1,No,No,No internet service,No internet service,No internet service,No internet service,No internet service,No internet service,Month-to-month,0,Electronic check,20.15,341.35
4223-BKEOR,1,No,DSL,Yes,No,Yes,No,No,Yes,One year,0,Mailed check,64.85,1336.8
4079-VTGLK,1,Yes,DSL,No,No,Yes,No,Yes,Yes,Two year,0,Electronic check,74.85,2181.75
1763-WQFUK,1,No,DSL,No,No,No,Yes,No,No,Month-to-month,1,Mailed check,50.5,147.75
1391-UBDAR,1,No,Fiber optic,No,No,Yes,No,No,No,Month-to-month,0,Electronic check,72.9,818.45
8894-JVDCV,1,Yes,Fiber optic,Yes,Yes,Yes,Yes,Yes,Yes,One year,1,Credit card (automatic),115.05,7133.45
2023-VQFDL,1,No,No,No internet service,No internet service,No internet service,No internet service,No internet service,No internet service,Month-to-month,0,Electronic check,19.0,348.8
1345-GKDZZ,1,No,No,No internet service,No internet service,No internet service,No internet service,No internet service,No internet service,Month-to-month,0,Mailed check,19.55,128.6
2014-MKGMH,1,Yes,Fiber optic,No,No,Yes,No,Yes,Yes,One year,1,Electronic check,101.1,4674.4
5628-FCGYG,1,Yes,Fiber optic,No,No,No,No,No,Yes,Month-to-month,1,Electronic check,84.1,1737.45
2560-WBWXF,1,Yes,No,No internet service,No internet service,No internet service,No internet service,No internet service,No internet service,Two year,1,Bank transfer (automatic),24.15,1498.85
0248-IPDFW,1,Yes,DSL,No,No,No,No,No,No,Month-to-month,1,Electronic check,50.1,50.1
7978-DKUQH,1,No,Fiber optic,No,No,Yes,No,No,No,Month-to-month,1,Electronic check,74.6,1797.75
4335-UPJSI,1,No,No,No internet service,No internet service,No internet service,No internet service,No internet service,No internet service,Two year,0,Mailed check,19.75,498.1
1784-EZDKJ,1,Yes,Fiber optic,No,Yes,Yes,No,Yes,Yes,One year,1,Bank transfer (automatic),106.8,5498.8
9297-FVVDH,1,Yes,DSL,Yes,No,Yes,Yes,Yes,Yes,Two year,1,Electronic check,84.5,4845.4
8007-YYPWD,1,Yes,No,No internet service,No internet service,No internet service,No internet service,No internet service,No internet service,Two year,0,Bank transfer (automatic),25.05,369.1
7101-HRBLJ,1,No,DSL,Yes,Yes,Yes,Yes,Yes,Yes,Two year,1,Bank transfer (automatic),83.7,6096.9
6635-CPNUN,1,Yes,Fiber optic,No,Yes,Yes,No,Yes,No,Month-to-month,0,Credit card (automatic),96.6,2684.35
5453-YBTWV,1,No,Fiber optic,Yes,Yes,Yes,Yes,Yes,No,Two year,1,Credit card (automatic),101.1,6994.8
5039-LZRQT,1,No,No,No internet service,No internet service,No internet service,No internet service,No internet service,No internet service,One year,0,Mailed check,20.2,273.25
2931-VUVJN,1,Yes,Fiber optic,Yes,Yes,Yes,Yes,No,No,One year,1,Electronic check,94.05,5483.9
6418-PIQSP,1,No,DSL,Yes,No,Yes,Yes,Yes,Yes,Two year,0,Mailed check,81.0,4985.9
8220-OCUFY,1,No,DSL,Yes,No,Yes,Yes,No,No,One year,1,Electronic check,60.25,1258.35
3995-WFCSM,1,No,DSL,No,No,Yes,No,No,Yes,Month-to-month,0,Electronic check,60.85,111.4
1895-QTKDO,1,No,DSL,No,No,No,No,No,No,Month-to-month,0,Credit card (automatic),43.95,43.95
2038-OEQZH,1,No,Fiber optic,No,No,Yes,No,No,Yes,Month-to-month,0,Electronic check,86.05,308.1
1178-PZGAB,1,No,No,No internet service,No internet service,No internet service,No internet service,No internet service,No internet service,One year,0,Credit card (automatic),20.25,383.65
2626-VEEWG,1,No,No,No internet service,No internet service,No internet service,No internet service,No internet service,No internet service,Two year,1,Credit card (automatic),19.4,1284.2
2878-RMWXY,1,Yes,Fiber optic,Yes,Yes,Yes,No,No,Yes,Two year,1,Credit card (automatic),102.65,7550.3
1657-DYMBM,1,No,No,No internet service,No internet service,No internet service,No internet service,No internet service,No internet service,Two year,0,Credit card (automatic),19.9,1110.05
7311-MQJCH,1,No,No,No internet service,No internet service,No internet service,No internet service,No internet service,No internet service,One year,0,Electronic check,19.55,99.6
7375-WMVMT,1,No,Fiber optic,No,Yes,Yes,Yes,No,Yes,Two year,1,Credit card (automatic),95.5,6707.15
1136-XGEQU,1,Yes,DSL,No,Yes,Yes,Yes,Yes,Yes,One year,1,Credit card (automatic),84.15,4164.4
2530-FMFXO,1,Yes,Fiber optic,No,No,Yes,Yes,Yes,Yes,Two year,1,Electronic check,103.2,5873.75
6844-DZKRF,1,No,DSL,No,No,No,Yes,No,No,Month-to-month,1,Credit card (automatic),50.2,109.25
5970-GHJAW,1,No,No,No internet service,No internet service,No internet service,No internet service,No internet service,No internet service,Two year,0,Credit card (automatic),19.95,862.4
8879-XUAHX,1,Yes,Fiber optic,Yes,Yes,Yes,Yes,Yes,Yes,Two year,1,Electronic check,116.25,8564.75
3689-MOZGR,0,No phone service,DSL,No,No,No,Yes,No,No,Month-to-month,1,Electronic check,31.2,926.2
4195-PNGZS,1,Yes,No,No internet service,No internet service,No internet service,No internet service,No internet service,No internet service,Two year,0,Bank transfer (automatic),24.45,1718.2
5003-XZWWO,1,Yes,DSL,No,Yes,Yes,Yes,Yes,Yes,Two year,0,Credit card (automatic),84.2,5956.85
7622-FWGEW,1,No,DSL,Yes,Yes,Yes,Yes,Yes,Yes,Two year,1,Bank transfer (automatic),85.65,4824.45
6922-NCEDI,1,No,No,No internet service,No internet service,No internet service,No internet service,No internet service,No internet service,One year,1,Mailed check,21.2,1238.65
9891-NQDBD,1,Yes,No,No internet service,No internet service,No internet service,No internet service,No internet service,No internet service,One year,0,Mailed check,25.55,672.2
6131-IUNXN,1,No,No,No internet service,No internet service,No internet service,No internet service,No internet service,No internet service,Month-to-month,0,Mailed check,20.2,382.2
8548-AWOFC,1,Yes,DSL,No,No,No,Yes,No,Yes,Month-to-month,0,Electronic check,63.85,4264.6
9798-DRYDS,1,Yes,DSL,No,No,Yes,Yes,No,No,One year,1,Mailed check,61.95,1070.7
8532-UEFWH,1,Yes,No,No internet service,No internet service,No internet service,No internet service,No internet service,No internet service,Two year,0,Mailed check,25.75,1345.85
6296-DDOOR,1,No,DSL,No,Yes,No,No,Yes,No,One year,0,Electronic check,58.2,1045.25
7951-VRDVK,1,No,DSL,Yes,Yes,Yes,Yes,Yes,Yes,One year,0,Bank transfer (automatic),85.85,3003.55
4815-YOSUK,1,Yes,Fiber optic,Yes,Yes,Yes,Yes,No,Yes,One year,1,Credit card (automatic),104.9,7537.5
0380-NEAVX,1,No,Fiber optic,No,Yes,Yes,No,Yes,Yes,One year,1,Electronic check,99.85,3343.15
4365-MSDYN,1,No,No,No internet service,No internet service,No internet service,No internet service,No internet service,No internet service,Month-to-month,1,Bank transfer (automatic),19.55,161.15
7036-TYDEC,1,Yes,Fiber optic,No,No,Yes,Yes,Yes,Yes,Two year,0,Electronic check,104.0,7028.5
5802-ADBRC,1,Yes,Fiber optic,Yes,No,Yes,No,Yes,Yes,One year,1,Mailed check,104.4,5232.9
8076-FEZKJ,1,No,No,No internet service,No internet service,No internet service,No internet service,No internet service,No internet service,One year,0,Mailed check,19.5,225.85
5197-YPYBZ,1,Yes,No,No internet service,No internet service,No internet service,No internet service,No internet service,No internet service,Two year,0,Credit card (automatic),25.25,274.7
4312-GVYNH,0,No phone service,DSL,Yes,No,Yes,Yes,No,Yes,Two year,1,Bank transfer (automatic),49.85,3370.2
8495-LJDFO,1,Yes,Fiber optic,Yes,No,Yes,Yes,Yes,Yes,Month-to-month,1,Bank transfer (automatic),108.95,7111.3
0839-JTCUD,1,Yes,DSL,Yes,Yes,Yes,Yes,Yes,Yes,Two year,0,Credit card (automatic),89.9,5958.85
5494-WOZRZ,1,No,DSL,Yes,No,Yes,Yes,Yes,Yes,Two year,1,Credit card (automatic),82.0,5999.85
1302-UHBDD,1,No,Fiber optic,No,No,No,No,Yes,Yes,Month-to-month,0,Electronic check,89.95,1648.45
2234-EOFPT,1,No,DSL,Yes,Yes,No,Yes,Yes,Yes,Two year,1,Bank transfer (automatic),79.35,5753.25
8619-IJNDK,1,No,DSL,Yes,Yes,Yes,Yes,No,No,Two year,0,Credit card (automatic),64.05,4492.9
8378-LKJAF,1,Yes,Fiber optic,No,No,Yes,No,Yes,Yes,Month-to-month,1,Credit card (automatic),101.15,3956.7
1153-GNOLC,0,No phone service,DSL,No,Yes,No,No,Yes,No,One year,1,Electronic check,39.1,1309.0
3298-QEICA,0,No phone service,DSL,Yes,No,No,Yes,No,No,Two year,0,Mailed check,34.6,813.45
0788-DXBFY,1,No,No,No internet service,No internet service,No internet service,No internet service,No internet service,No internet service,One year,1,Electronic check,19.55,1108.8
3597-YASZG,1,Yes,Fiber optic,No,Yes,No,Yes,Yes,Yes,Two year,1,Bank transfer (automatic),104.45,7349.35
3496-LFSZU,1,No,Fiber optic,No,No,No,No,No,No,Month-to-month,0,Electronic check,70.5,294.2
5242-UOWHD,1,No,No,No internet service,No internet service,No internet service,No internet service,No internet service,No internet service,Two year,0,Mailed check,20.35,929.2
6479-SZPLM,1,No,No,No internet service,No internet service,No internet service,No internet service,No internet service,No internet service,Two year,0,Credit card (automatic),19.45,754.5
8097-VBQTZ,1,No,DSL,Yes,Yes,No,Yes,Yes,No,Month-to-month,1,Mailed check,69.9,3883.3
4500-HKANN,1,Yes,DSL,No,Yes,No,Yes,No,No,Two year,0,Mailed check,59.7,1414.2
9917-KWRBE,1,Yes,DSL,Yes,Yes,Yes,No,Yes,No,One year,1,Credit card (automatic),78.35,3211.2
3420-ZDBMA,1,No,Fiber optic,No,No,No,No,No,No,Month-to-month,1,Mailed check,71.45,371.6
2212-LYASK,0,No phone service,DSL,No,Yes,Yes,No,No,Yes,One year,1,Credit card (automatic),45.85,1246.4
1393-IMKZG,1,No,Fiber optic,No,No,No,Yes,Yes,Yes,Month-to-month,1,Electronic check,95.85,95.85
8069-RHUXK,0,No phone service,DSL,Yes,No,No,Yes,No,No,Two year,0,Credit card (automatic),35.7,2545.7
3398-GCPMU,1,Yes,DSL,Yes,Yes,Yes,Yes,Yes,Yes,Two year,1,Credit card (automatic),89.55,6448.85
2908-WGAXL,1,Yes,No,No internet service,No internet service,No internet service,No internet service,No internet service,No internet service,Two year,1,Credit card (automatic),24.95,1468.9
3378-AJRAO,1,Yes,No,No internet service,No internet service,No internet service,No internet service,No internet service,No internet service,One year,0,Electronic check,24.85,1013.6
1013-QCWAM,1,Yes,Fiber optic,No,Yes,No,No,Yes,Yes,Month-to-month,1,Electronic check,100.8,6690.75
6050-FFXES,1,Yes,Fiber optic,No,No,Yes,Yes,Yes,Yes,Two year,0,Bank transfer (automatic),105.35,7240.65
0362-RAOQO,1,No,No,No internet service,No internet service,No internet service,No internet service,No internet service,No internet service,Two year,0,Credit card (automatic),19.65,830.25
9554-DFKIC,1,Yes,DSL,Yes,No,No,No,No,No,Month-to-month,1,Bank transfer (automatic),54.45,1588.7
5527-ACHSO,1,No,DSL,No,No,No,Yes,Yes,Yes,Month-to-month,0,Mailed check,70.5,829.3
0829-DDVLK,1,No,No,No internet service,No internet service,No internet service,No internet service,No internet service,No internet service,One year,0,Credit card (automatic),20.1,302.45
1399-UBQIU,1,No,DSL,No,No,Yes,No,Yes,Yes,Month-to-month,1,Electronic check,69.35,712.25
1813-JLKWR,1,No,No,No internet service,No internet service,No internet service,No internet service,No internet service,No internet service,One year,0,Bank transfer (automatic),19.8,1336.65
0336-PIKEI,1,No,DSL,Yes,Yes,Yes,Yes,Yes,No,Two year,0,Bank transfer (automatic),74.4,5360.75
7322-OCWHC,1,Yes,Fiber optic,Yes,Yes,Yes,Yes,No,No,Two year,1,Bank transfer (automatic),93.05,6735.05
9537-VHDTA,1,No,DSL,Yes,No,No,No,No,No,Month-to-month,0,Mailed check,51.2,51.2
4957-TIALW,1,No,DSL,Yes,Yes,Yes,Yes,No,No,One year,0,Credit card (automatic),65.6,1010.0
2054-PJOCK,1,Yes,DSL,No,No,Yes,Yes,Yes,Yes,One year,0,Credit card (automatic),80.55,4847.05
9150-HEPMB,1,No,DSL,Yes,No,Yes,No,No,No,One year,0,Mailed check,52.7,3019.7
9030-QGZNL,1,No,No,No internet service,No internet service,No internet service,No internet service,No internet service,No internet service,Two year,0,Mailed check,20.85,161.65
3126-WQMGH,1,Yes,DSL,No,No,No,No,No,No,Month-to-month,1,Credit card (automatic),52.15,2583.75
7176-WRTNX,1,Yes,Fiber optic,Yes,Yes,Yes,Yes,Yes,Yes,Two year,1,Bank transfer (automatic),114.95,7711.25
5732-IKGQH,1,No,Fiber optic,Yes,No,Yes,Yes,Yes,Yes,One year,1,Bank transfer (automatic),104.45,5481.25
9239-GZHZE,1,Yes,Fiber optic,Yes,Yes,Yes,Yes,Yes,Yes,Two year,1,Credit card (automatic),113.65,8124.2
7205-BAIAD,1,No,No,No internet service,No internet service,No internet service,No internet service,No internet service,No internet service,Two year,1,Bank transfer (automatic),20.6,827.3
0093-EXYQL,1,No,Fiber optic,No,No,No,No,Yes,Yes,Month-to-month,1,Electronic check,91.55,3673.6
8064-RAVOH,1,No,DSL,No,No,Yes,No,No,No,Month-to-month,1,Electronic check,49.85,49.85
0219-QAERP,1,No,No,No internet service,No internet service,No internet service,No internet service,No internet service,No internet service,One year,0,Credit card (automatic),19.8,576.65
9168-INPSZ,1,Yes,Fiber optic,No,No,Yes,Yes,Yes,Yes,Month-to-month,0,Electronic check,104.15,4495.65
0015-UOCOJ,1,No,DSL,Yes,No,No,No,No,No,Month-to-month,1,Electronic check,48.2,340.35
5334-AFQJB,1,Yes,No,No internet service,No internet service,No internet service,No internet service,No internet service,No internet service,Two year,1,Credit card (automatic),25.1,1789.9
2754-SDJRD,1,Yes,Fiber optic,No,No,No,Yes,Yes,Yes,Month-to-month,1,Credit card (automatic),100.15,908.55
8963-JLGJT,1,No,DSL,Yes,No,Yes,No,No,No,Month-to-month,0,Mailed check,55.9,157.55
1465-LNTLJ,1,No,DSL,No,No,Yes,Yes,No,Yes,Month-to-month,1,Credit card (automatic),64.4,581.7
2135-DQWAQ,1,No,Fiber optic,No,Yes,No,No,Yes,No,Month-to-month,1,Mailed check,85.3,420.45
4056-QHXHZ,1,Yes,Fiber optic,Yes,No,Yes,Yes,Yes,Yes,Two year,0,Mailed check,107.45,7576.7
7401-JIXNM,1,Yes,DSL,Yes,Yes,Yes,Yes,Yes,Yes,Two year,0,Credit card (automatic),91.3,4965.0
9339-FIIJL,1,Yes,DSL,No,Yes,Yes,Yes,Yes,Yes,Two year,0,Bank transfer (automatic),85.95,6151.9
4706-DGAHW,1,No,DSL,No,No,No,No,No,No,Month-to-month,0,Electronic check,45.2,45.2
6670-MFRPK,1,Yes,Fiber optic,No,No,Yes,No,No,No,Two year,1,Credit card (automatic),79.2,5420.65
6177-PEVRA,1,No,DSL,Yes,Yes,No,No,No,No,Two year,0,Credit card (automatic),55.5,2627.35
4813-HQMGZ,1,Yes,Fiber optic,No,No,No,Yes,No,Yes,Month-to-month,1,Electronic check,90.25,743.75
7579-KKLOE,1,Yes,DSL,Yes,Yes,Yes,Yes,Yes,Yes,Two year,1,Mailed check,91.25,6589.6
8402-EIVQS,1,No,Fiber optic,Yes,Yes,No,No,Yes,Yes,One year,1,Credit card (automatic),100.9,6733.15
4947-DSMXK,1,Yes,Fiber optic,No,Yes,No,No,Yes,Yes,Month-to-month,1,Bank transfer (automatic),97.7,3410.0
7245-NIIWQ,1,No,Fiber optic,No,No,No,No,No,No,Month-to-month,1,Electronic check,69.85,199.85
0002-ORFBO,1,No,DSL,No,Yes,No,Yes,Yes,No,One year,1,Mailed check,65.6,593.3
3324-OIRTO,1,No,Fiber optic,Yes,Yes,Yes,No,Yes,Yes,One year,1,Bank transfer (automatic),104.65,7288.4
5414-OFQCB,1,Yes,Fiber optic,No,No,No,Yes,Yes,No,Two year,1,Credit card (automatic),90.45,5229.8
4967-WPNCF,0,No phone service,DSL,Yes,Yes,Yes,Yes,Yes,Yes,Two year,1,Bank transfer (automatic),63.7,4464.8
8552-OBVRU,1,No,Fiber optic,Yes,No,Yes,Yes,Yes,Yes,Month-to-month,1,Electronic check,104.5,5068.05
8499-BRXTD,1,No,No,No internet service,No internet service,No internet service,No internet service,No internet service,No internet service,One year,0,Mailed check,20.1,401.85
9154-QDGTH,1,Yes,Fiber optic,No,No,Yes,Yes,Yes,Yes,One year,1,Credit card (automatic),104.3,4451.85
8197-BFWVU,1,Yes,DSL,Yes,Yes,Yes,Yes,Yes,Yes,Two year,1,Bank transfer (automatic),93.25,6688.95
2577-GVSIL,1,Yes,DSL,No,No,No,Yes,Yes,Yes,One year,1,Bank transfer (automatic),73.45,2661.1
9367-OIUXP,1,No,No,No internet service,No internet service,No internet service,No internet service,No internet service,No internet service,Month-to-month,0,Mailed check,20.7,73.05
6770-UAYGJ,1,Yes,No,No internet service,No internet service,No internet service,No internet service,No internet service,No internet service,Two year,0,Mailed check,25.25,1211.65
6463-HHXJR,1,Yes,Fiber optic,Yes,Yes,Yes,No,Yes,No,Two year,0,Bank transfer (automatic),100.5,7030.65
7928-VJYAB,1,No,Fiber optic,No,No,No,No,Yes,Yes,Month-to-month,0,Electronic check,90.6,1020.2
1187-WILMM,1,Yes,DSL,Yes,Yes,Yes,Yes,Yes,Yes,Two year,1,Credit card (automatic),89.4,5597.65
9776-OJUZI,1,Yes,Fiber optic,No,Yes,Yes,No,Yes,No,Month-to-month,1,Bank transfer (automatic),95.45,6223.3
1306-RPWXZ,1,No,No,No internet service,No internet service,No internet service,No internet service,No internet service,No internet service,Two year,0,Credit card (automatic),20.45,1024.65
3097-PYWXL,1,No,No,No internet service,No internet service,No internet service,No internet service,No internet service,No internet service,Month-to-month,1,Electronic check,19.95,82.9
2266-SJNAT,1,Yes,Fiber optic,No,Yes,Yes,Yes,Yes,Yes,One year,0,Credit card (automatic),109.15,7789.6
0869-PAPRP,1,No,Fiber optic,No,No,Yes,No,Yes,No,Month-to-month,1,Credit card (automatic),85.7,2067.0
4238-JSSWH,1,Yes,Fiber optic,No,No,Yes,No,Yes,Yes,Month-to-month,0,Bank transfer (automatic),102.05,3452.55
2972-YDYUW,1,Yes,Fiber optic,No,Yes,No,Yes,No,Yes,One year,0,Electronic check,94.7,5468.95
1104-FEJAM,1,Yes,DSL,No,Yes,No,No,No,Yes,Month-to-month,0,Electronic check,64.4,1802.15
2809-ILCYT,1,Yes,No,No internet service,No internet service,No internet service,No internet service,No internet service,No internet service,One year,1,Mailed check,26.8,733.55
5499-ECUTN,1,No,DSL,Yes,No,Yes,No,Yes,No,One year,1,Credit card (automatic),66.05,3021.45
4981-FLTMF,1,Yes,DSL,Yes,Yes,No,Yes,No,No,Month-to-month,0,Bank transfer (automatic),65.2,3687.85
9121-PHQSR,1,Yes,Fiber optic,No,No,No,No,Yes,No,Month-to-month,1,Credit card (automatic),85.05,1391.15
3113-IWHLC,1,No,DSL,Yes,No,Yes,No,No,No,Month-to-month,1,Mailed check,55.8,274.35
4277-BWBML,1,No,No,No internet service,No internet service,No internet service,No internet service,No internet service,No internet service,Two year,0,Bank transfer (automatic),19.95,1322.85
0234-TEVTT,0,No phone service,DSL,Yes,No,Yes,No,No,Yes,One year,0,Credit card (automatic),45.0,2196.3
4304-TSPVK,1,Yes,Fiber optic,Yes,Yes,Yes,Yes,Yes,Yes,Two year,0,Bank transfer (automatic),114.9,7843.55
1552-AAGRX,1,Yes,Fiber optic,Yes,No,No,Yes,Yes,Yes,Month-to-month,0,Bank transfer (automatic),106.4,3211.9
2637-FKFSY,1,No,DSL,No,No,No,No,No,No,Month-to-month,1,Mailed check,46.1,130.15
9796-MVYXX,0,No phone service,DSL,Yes,No,Yes,Yes,No,No,Two year,0,Mailed check,39.7,692.35
7874-ECPQJ,1,No,No,No internet service,No internet service,No internet service,No internet service,No internet service,No internet service,Month-to-month,1,Bank transfer (automatic),20.05,85.5
0020-INWCK,1,Yes,Fiber optic,No,Yes,Yes,No,No,Yes,Two year,1,Credit card (automatic),95.75,6849.4
7089-RKVSZ,1,Yes,No,No internet service,No internet service,No internet service,No internet service,No internet service,No internet service,One year,0,Mailed check,24.4,203.95
2683-JXWQQ,0,No phone service,DSL,Yes,No,Yes,No,No,No,Month-to-month,0,Bank transfer (automatic),33.6,2117.2
9548-ZMVTX,1,Yes,Fiber optic,No,Yes,Yes,Yes,No,No,Two year,0,Bank transfer (automatic),90.45,6565.85
8739-XNIKG,1,Yes,Fiber optic,No,No,No,No,Yes,No,Month-to-month,1,Electronic check,84.0,424.75
9755-JHNMN,1,No,DSL,Yes,Yes,Yes,Yes,No,No,Two year,0,Bank transfer (automatic),67.4,3306.85
3981-QSVQI,1,No,No,No internet service,No internet service,No internet service,No internet service,No internet service,No internet service,Month-to-month,1,Bank transfer (automatic),19.7,168.9
2789-HQBOU,1,No,Fiber optic,No,No,No,No,No,Yes,Month-to-month,1,Electronic check,80.35,253.8
9424-CMPOG,1,No,No,No internet service,No internet service,No internet service,No internet service,No internet service,No internet service,Two year,0,Mailed check,19.6,197.4
5067-WJEUN,1,No,DSL,Yes,Yes,No,No,No,No,Two year,1,Bank transfer (automatic),54.2,3838.2
3450-WXOAT,1,No,DSL,No,No,No,No,No,No,Month-to-month,1,Credit card (automatic),45.2,2065.15
9251-WNSOD,1,Yes,DSL,Yes,Yes,Yes,No,No,Yes,One year,0,Mailed check,75.1,5064.45
6974-DAFLI,1,No,No,No internet service,No internet service,No internet service,No internet service,No internet service,No internet service,One year,0,Electronic check,19.7,1140.05
2616-UUTFK,1,Yes,DSL,Yes,Yes,Yes,No,Yes,No,Month-to-month,1,Bank transfer (automatic),72.75,2447.45
7064-JHXCE,1,No,No,No internet service,No internet service,No internet service,No internet service,No internet service,No internet service,Two year,0,Credit card (automatic),20.05,1263.9
7989-AWGEH,0,No phone service,DSL,Yes,No,No,No,No,Yes,Month-to-month,1,Electronic check,39.2,1838.15
4373-VVHQL,1,No,DSL,No,No,No,No,No,No,Month-to-month,1,Electronic check,44.75,44.75
4559-UWIHT,1,Yes,Fiber optic,No,Yes,Yes,No,No,No,Month-to-month,1,Electronic check,82.65,1185.0
7268-IGMFD,1,Yes,Fiber optic,No,No,Yes,Yes,Yes,No,Month-to-month,0,Bank transfer (automatic),93.9,1743.9
6650-BWFRT,1,Yes,Fiber optic,Yes,Yes,Yes,Yes,Yes,Yes,Two year,1,Credit card (automatic),117.15,8529.5
9570-KYEUA,1,Yes,Fiber optic,Yes,No,Yes,Yes,No,Yes,Two year,0,Credit card (automatic),99.25,6549.45
6993-YGFJV,1,Yes,Fiber optic,Yes,Yes,Yes,Yes,Yes,Yes,Two year,1,Bank transfer (automatic),112.55,7806.5
2712-SYWAY,1,Yes,No,No internet service,No internet service,No internet service,No internet service,No internet service,No internet service,Month-to-month,1,Electronic check,25.7,25.7
0730-BGQGF,1,Yes,DSL,Yes,Yes,Yes,Yes,Yes,Yes,Two year,0,Credit card (automatic),90.3,6287.3
5498-IBWPI,1,No,DSL,No,No,No,Yes,No,No,One year,1,Credit card (automatic),49.4,3251.85
9101-NTIXF,1,No,No,No internet service,No internet service,No internet service,No internet service,No internet service,No internet service,Month-to-month,0,Mailed check,19.4,50.6
0013-SMEOE,1,No,Fiber optic,Yes,Yes,Yes,Yes,Yes,Yes,Two year,1,Bank transfer (automatic),109.7,7904.25
9314-QDMDW,1,No,DSL,No,Yes,No,No,Yes,No,One year,1,Electronic check,61.25,729.95
9308-ANMVE,1,No,DSL,Yes,Yes,No,No,No,No,Month-to-month,1,Electronic check,55.3,2654.05
3413-DHLPB,1,Yes,Fiber optic,No,Yes,No,Yes,Yes,Yes,Month-to-month,1,Bank transfer (automatic),103.75,5969.95
7649-PHJVR,1,No,No,No internet service,No internet service,No internet service,No internet service,No internet service,No internet service,One year,0,Mailed check,19.5,226.8
6114-TCFID,0,No phone service,DSL,Yes,Yes,No,Yes,No,No,One year,0,Credit card (automatic),39.5,1082.75
3787-TRIAL,0,No phone service,DSL,No,No,No,No,No,No,Month-to-month,1,Electronic check,26.05,565.75
2573-GYRUU,1,Yes,Fiber optic,No,No,Yes,No,No,Yes,Month-to-month,1,Credit card (automatic),91.05,4370.75
5156-UMKOW,0,No phone service,DSL,No,Yes,No,No,No,No,Month-to-month,0,Mailed check,29.65,90.05
1247-QBVSH,1,No,DSL,No,Yes,No,No,No,No,Month-to-month,0,Mailed check,50.2,2169.4
6734-GMPVK,1,Yes,Fiber optic,No,Yes,Yes,No,Yes,Yes,Month-to-month,0,Electronic check,105.3,550.6
9822-OAOVB,1,No,DSL,No,No,No,No,No,Yes,Month-to-month,1,Electronic check,55.45,55.45
6161-ERDGD,1,Yes,DSL,Yes,No,Yes,Yes,Yes,Yes,One year,0,Electronic check,85.45,6300.85
1226-JZNKR,1,No,No,No internet service,No internet service,No internet service,No internet service,No internet service,No internet service,One year,0,Electronic check,19.8,160.05
7318-EIVKO,1,Yes,DSL,No,No,No,No,Yes,No,Month-to-month,1,Electronic check,59.25,436.6
3771-PZOBW,1,Yes,Fiber optic,No,No,Yes,No,Yes,No,Month-to-month,1,Credit card (automatic),90.7,1781.35
8231-BSWXX,1,Yes,Fiber optic,No,Yes,No,No,No,No,One year,1,Credit card (automatic),79.05,5552.5
6486-LHTMA,1,Yes,Fiber optic,No,No,Yes,No,Yes,No,One year,1,Electronic check,90.7,2835.5
4083-BFNYK,1,Yes,Fiber optic,Yes,Yes,No,No,No,Yes,One year,0,Credit card (automatic),95.0,3591.25
7389-KBFIT,0,No phone service,DSL,No,Yes,No,No,No,No,Month-to-month,1,Mailed check,30.25,63.75
7176-WIONM,0,No phone service,DSL,No,No,Yes,No,Yes,Yes,Month-to-month,1,Bank transfer (automatic),49.85,617.15
5141-ZUVBH,1,No,Fiber optic,Yes,No,Yes,Yes,No,Yes,Month-to-month,0,Bank transfer (automatic),93.0,870.25
1089-HDMKP,1,No,DSL,No,Yes,No,Yes,No,No,Month-to-month,1,Electronic check,54.55,601.25
7623-HKYRK,1,No,No,No internet service,No internet service,No internet service,No internet service,No internet service,No internet service,Month-to-month,0,Mailed check,19.7,111.65
0310-SUCIN,1,No,DSL,Yes,Yes,Yes,Yes,Yes,Yes,One year,1,Bank transfer (automatic),84.8,6046.1
5197-PYEPU,1,Yes,Fiber optic,Yes,Yes,No,No,Yes,No,One year,1,Credit card (automatic),94.45,3923.8
6619-RPLQZ,1,No,No,No internet service,No internet service,No internet service,No internet service,No internet service,No internet service,Two year,0,Mailed check,20.85,892.15
3275-RHRNE,0,No phone service,DSL,No,Yes,Yes,Yes,Yes,Yes,One year,1,Credit card (automatic),60.0,1682.05
3503-TYDAY,1,Yes,Fiber optic,No,Yes,No,No,No,No,Month-to-month,0,Electronic check,80.45,3398.9
6901-GOGZG,1,Yes,DSL,Yes,No,Yes,Yes,Yes,Yes,Two year,1,Electronic check,84.95,4984.85
7021-XSNYE,0,No phone service,DSL,Yes,No,Yes,Yes,No,Yes,Two year,0,Credit card (automatic),49.65,305.55
9621-OUPYD,1,No,No,No internet service,No internet service,No internet service,No internet service,No internet service,No internet service,One year,1,Bank transfer (automatic),20.2,507.9
8982-NHAVY,1,Yes,Fiber optic,No,No,Yes,No,Yes,Yes,One year,1,Bank transfer (automatic),100.5,2673.45
4307-KWMXE,0,No phone service,DSL,No,Yes,No,Yes,No,No,Month-to-month,0,Electronic check,35.75,389.8
0141-YEAYS,1,Yes,Fiber optic,No,Yes,Yes,No,No,No,Month-to-month,1,Bank transfer (automatic),86.45,2401.05
2450-ZKEED,1,No,DSL,No,No,Yes,Yes,No,No,One year,0,Bank transfer (automatic),53.8,651.55
3694-DELSO,0,No phone service,DSL,Yes,No,No,No,Yes,No,Month-to-month,0,Credit card (automatic),38.55,156.1
3893-JRNFS,0,No phone service,DSL,No,No,Yes,No,No,Yes,Month-to-month,1,Bank transfer (automatic),39.9,2796.35
9603-OAIHC,1,No,Fiber optic,No,No,No,No,No,No,Month-to-month,1,Electronic check,70.05,70.05
1133-KXCGE,1,No,No,No internet service,No internet service,No internet service,No internet service,No internet service,No internet service,One year,0,Mailed check,20.1,407.05
0142-GVYSN,1,No,No,No internet service,No internet service,No internet service,No internet service,No internet service,No internet service,Month-to-month,1,Electronic check,20.3,511.25
1049-FYSYG,0,No phone service,DSL,No,Yes,Yes,No,No,No,Month-to-month,1,Credit card (automatic),35.65,646.05
8406-LNMHF,1,No,Fiber optic,Yes,Yes,Yes,No,No,No,One year,1,Credit card (automatic),82.95,4903.15
1821-BUCWY,1,No,DSL,Yes,No,Yes,No,No,No,Two year,1,Mailed check,55.65,1653.85
0023-UYUPN,1,Yes,No,No internet service,No internet service,No internet service,No internet service,No internet service,No internet service,One year,0,Electronic check,25.2,1306.3
8314-DPQHL,0,No phone service,DSL,Yes,No,Yes,Yes,No,Yes,One year,0,Mailed check,50.8,463.6
1465-WCZVT,1,No,No,No internet service,No internet service,No internet service,No internet service,No internet service,No internet service,Month-to-month,0,Mailed check,19.65,60.65
9481-SFCQY,1,No,DSL,No,No,Yes,No,Yes,No,Month-to-month,1,Credit card (automatic),59.8,824.85
6360-SVNWV,1,No,Fiber optic,Yes,No,No,No,No,No,Month-to-month,1,Credit card (automatic),73.55,2094.65
0567-GGCAC,1,No,DSL,Yes,Yes,Yes,No,No,No,Month-to-month,0,Electronic check,61.4,438.9
8884-MRNSU,1,No,No,No internet service,No internet service,No internet service,No internet service,No internet service,No internet service,One year,0,Bank transfer (automatic),19.9,329.75
2171-UDMFD,1,No,No,No internet service,No internet service,No internet service,No internet service,No internet service,No internet service,Month-to-month,1,Credit card (automatic),19.45,674.55
9050-IKDZA,1,No,Fiber optic,No,No,No,No,Yes,No,Month-to-month,0,Mailed check,81.5,162.55
9802-CAQUT,1,Yes,Fiber optic,Yes,Yes,Yes,No,Yes,Yes,Two year,0,Credit card (automatic),109.55,7887.25
0187-WZNAB,1,No,Fiber optic,Yes,No,No,No,No,No,Month-to-month,0,Mailed check,74.4,1972.35
1475-VWVDO,1,No,Fiber optic,No,No,Yes,No,No,No,Month-to-month,1,Electronic check,74.9,490.55
1357-MVDOZ,1,No,DSL,No,No,Yes,No,Yes,No,Month-to-month,1,Bank transfer (automatic),59.65,683.25
7602-MVRMB,1,Yes,Fiber optic,Yes,No,Yes,Yes,Yes,Yes,Two year,1,Bank transfer (automatic),110.45,8058.85
1197-BVMVG,1,Yes,Fiber optic,No,No,No,No,No,No,Month-to-month,1,Electronic check,74.45,294.45
5406-KGRMX,1,Yes,No,No internet service,No internet service,No internet service,No internet service,No internet service,No internet service,Two year,0,Electronic check,24.55,1719.15
5968-HYJRZ,1,Yes,No,No internet service,No internet service,No internet service,No internet service,No internet service,No internet service,Two year,0,Mailed check,24.55,1160.45
5198-EFNBM,1,No,Fiber optic,No,Yes,Yes,No,Yes,No,One year,1,Electronic check,90.65,5199.8
7516-GMHUV,1,Yes,Fiber optic,Yes,No,Yes,No,Yes,Yes,Two year,1,Credit card (automatic),105.05,5163.3
7140-ADSMJ,1,No,No,No internet service,No internet service,No internet service,No internet service,No internet service,No internet service,Month-to-month,1,Credit card (automatic),20.45,162.3
2230-XTUWL,1,No,No,No internet service,No internet service,No internet service,No internet service,No internet service,No internet service,Two year,0,Mailed check,19.55,883.35
7706-YLMQA,1,No,No,No internet service,No internet service,No internet service,No internet service,No internet service,No internet service,One year,0,Bank transfer (automatic),19.7,1341.5
2585-KTFRE,1,No,DSL,Yes,Yes,No,Yes,No,Yes,Month-to-month,1,Bank transfer (automatic),70.45,70.45
7994-UYIVZ,1,Yes,Fiber optic,No,No,No,No,No,Yes,Month-to-month,1,Bank transfer (automatic),85.65,659.45
7717-BICXI,1,No,No,No internet service,No internet service,No internet service,No internet service,No internet service,No internet service,Two year,0,Mailed check,20.55,1205.05
6559-RAKOZ,1,Yes,Fiber optic,No,No,No,Yes,Yes,Yes,One year,1,Electronic check,97.95,4917.9
4716-MRVEN,1,No,No,No internet service,No internet service,No internet service,No internet service,No internet service,No internet service,One year,0,Mailed check,20.0,599.3
2143-LJULT,1,Yes,No,No internet service,No internet service,No internet service,No internet service,No internet service,No internet service,Two year,1,Credit card (automatic),25.25,1733.15
3200-MNQTF,1,Yes,DSL,Yes,Yes,Yes,Yes,No,No,Two year,0,Credit card (automatic),70.9,4677.1
6164-HXUGH,1,No,No,No internet service,No internet service,No internet service,No internet service,No internet service,No internet service,Month-to-month,0,Mailed check,19.85,119.3
5630-IXDXV,1,Yes,Fiber optic,No,Yes,Yes,No,Yes,Yes,Month-to-month,1,Electronic check,106.35,4849.1
0320-DWVTU,1,No,Fiber optic,Yes,Yes,Yes,Yes,No,Yes,Two year,0,Mailed check,99.5,5424.25
9135-MGVPY,1,No,DSL,Yes,Yes,Yes,Yes,Yes,Yes,Two year,1,Mailed check,84.7,5878.9
1212-GLHMD,1,No,Fiber optic,Yes,No,No,No,No,Yes,Month-to-month,1,Mailed check,86.05,244.85
7878-JGDKK,1,No,DSL,No,No,No,No,No,No,Month-to-month,0,Mailed check,44.55,220.75
1088-AUUZZ,1,Yes,DSL,Yes,Yes,No,Yes,No,Yes,Two year,1,Credit card (automatic),75.85,4261.2
6614-YWYSC,1,Yes,No,No internet service,No internet service,No internet service,No internet service,No internet service,No internet service,Two year,0,Bank transfer (automatic),25.0,1501.75
9588-OZDMQ,1,No,DSL,No,No,No,No,No,No,Month-to-month,1,Electronic check,45.0,89.75
6476-EPYZR,1,No,No,No internet service,No internet service,No internet service,No internet service,No internet service,No internet service,Month-to-month,0,Mailed check,20.5,255.5
1174-FGIFN,1,Yes,Fiber optic,No,No,No,Yes,No,Yes,One year,1,Electronic check,90.45,2509.25
6620-HVDUJ,1,No,DSL,Yes,Yes,No,Yes,No,No,Month-to-month,0,Bank transfer (automatic),60.45,1440.75
1032-MAELW,1,Yes,DSL,Yes,Yes,Yes,Yes,No,Yes,One year,1,Electronic check,78.45,5333.35
7641-TQFHN,1,Yes,Fiber optic,No,No,No,Yes,Yes,Yes,Two year,0,Mailed check,100.55,3895.35
1552-TKMXS,1,No,No,No internet service,No internet service,No internet service,No internet service,No internet service,No internet service,Month-to-month,0,Credit card (automatic),20.35,869.9
8622-ZLFKO,1,Yes,Fiber optic,No,Yes,No,No,No,Yes,Month-to-month,1,Electronic check,90.75,512.25
6188-UXBBR,1,No,No,No internet service,No internet service,No internet service,No internet service,No internet service,No internet service,One year,1,Credit card (automatic),20.25,814.75
2333-KWEWW,1,No,No,No internet service,No internet service,No internet service,No internet service,No internet service,No internet service,Two year,0,Credit card (automatic),20.05,388.6
5702-SKUOB,1,No,No,No internet service,No internet service,No internet service,No internet service,No internet service,No internet service,Month-to-month,0,Mailed check,19.6,93.45
1134-YWTYF,1,No,DSL,No,Yes,No,Yes,No,No,Month-to-month,1,Electronic check,53.8,1389.85
6061-GWWAV,1,No,DSL,Yes,Yes,Yes,No,Yes,No,One year,0,Mailed check,70.2,2894.55
0679-TDGAK,1,No,DSL,Yes,No,No,Yes,Yes,Yes,One year,0,Electronic check,75.5,4025.6
6585-WCEWR,1,No,No,No internet service,No internet service,No internet service,No internet service,No internet service,No internet service,Two year,0,Electronic check,20.35,1354.4
9067-YGSCA,1,Yes,No,No internet service,No internet service,No internet service,No internet service,No internet service,No internet service,One year,0,Credit card (automatic),26.05,1856.4
9067-SQTNS,1,No,No,No internet service,No internet service,No internet service,No internet service,No internet service,No internet service,One year,0,Bank transfer (automatic),20.6,926.0
1776-SPBWV,1,No,No,No internet service,No internet service,No internet service,No internet service,No internet service,No internet service,One year,1,Bank transfer (automatic),20.1,682.1
8735-SDUFN,1,Yes,No,No internet service,No internet service,No internet service,No internet service,No internet service,No internet service,Two year,0,Bank transfer (automatic),24.3,1778.7
9668-PUGNU,1,Yes,No,No internet service,No internet service,No internet service,No internet service,No internet service,No internet service,Two year,1,Electronic check,24.5,1816.2
9405-GPBBG,1,Yes,Fiber optic,No,Yes,Yes,Yes,Yes,Yes,Two year,1,Credit card (automatic),110.5,7069.25
1926-QUZNN,1,Yes,No,No internet service,No internet service,No internet service,No internet service,No internet service,No internet service,Two year,1,Bank transfer (automatic),25.25,1841.2
7016-NVRIC,1,No,Fiber optic,Yes,No,Yes,No,No,Yes,One year,0,Bank transfer (automatic),90.1,2656.7
5829-NVSQN,1,No,DSL,Yes,No,Yes,Yes,No,Yes,One year,1,Bank transfer (automatic),68.75,1689.45
9565-AXSMR,1,No,No,No internet service,No internet service,No internet service,No internet service,No internet service,No internet service,Two year,0,Mailed check,19.2,1054.75
8869-LIHMK,1,Yes,Fiber optic,Yes,Yes,Yes,Yes,Yes,Yes,Two year,1,Bank transfer (automatic),115.1,7334.05
0447-RXSGD,1,Yes,Fiber optic,No,Yes,No,No,Yes,Yes,Month-to-month,1,Bank transfer (automatic),99.65,2404.85
4927-WWOOZ,1,Yes,Fiber optic,No,No,Yes,No,Yes,No,Month-to-month,1,Electronic check,91.45,171.45
5788-YPOEG,1,No,DSL,Yes,Yes,Yes,Yes,Yes,Yes,Two year,0,Mailed check,84.75,2839.45
0661-KBKPA,1,Yes,DSL,No,No,Yes,Yes,Yes,Yes,One year,1,Mailed check,78.75,3942.45
9081-WWXKP,1,No,No,No internet service,No internet service,No internet service,No internet service,No internet service,No internet service,Two year,0,Credit card (automatic),20.25,873.4
0784-ZQJZX,1,No,No,No internet service,No internet service,No internet service,No internet service,No internet service,No internet service,Two year,0,Credit card (automatic),19.9,1529.65
3133-PZNSR,1,Yes,Fiber optic,Yes,Yes,No,Yes,No,Yes,Two year,1,Credit card (automatic),97.75,6991.6
0722-SVSFK,1,No,Fiber optic,No,No,Yes,Yes,Yes,Yes,Month-to-month,1,Electronic check,100.4,715.0
3612-YVGSJ,1,Yes,No,No internet service,No internet service,No internet service,No internet service,No internet service,No internet service,Two year,1,Credit card (automatic),24.45,1681.6
9825-YCXWZ,1,No,Fiber optic,No,No,Yes,Yes,Yes,Yes,One year,1,Bank transfer (automatic),101.1,4016.2
5397-NSKQG,0,No phone service,DSL,Yes,No,No,No,Yes,Yes,Two year,0,Credit card (automatic),50.9,3281.65
8565-HBFNN,1,Yes,Fiber optic,Yes,Yes,Yes,Yes,No,Yes,One year,1,Credit card (automatic),107.2,7317.1
2000-DHJUY,1,Yes,DSL,Yes,Yes,Yes,Yes,Yes,Yes,Two year,1,Bank transfer (automatic),92.2,6474.45
8670-ERCJH,1,Yes,Fiber optic,Yes,Yes,Yes,Yes,Yes,Yes,Two year,0,Bank transfer (automatic),113.4,8164.1
7758-UJWYS,0,No phone service,DSL,No,No,No,Yes,Yes,No,Two year,1,Electronic check,40.55,1325.85
2050-ONYDQ,1,Yes,No,No internet service,No internet service,No internet service,No internet service,No internet service,No internet service,Two year,0,Credit card (automatic),26.0,1654.85
7055-JCGNI,1,Yes,Fiber optic,Yes,Yes,Yes,Yes,Yes,Yes,Two year,1,Credit card (automatic),111.95,7795.95
0739-UUAJR,0,No phone service,DSL,Yes,No,Yes,No,Yes,Yes,Two year,1,Credit card (automatic),53.8,3952.45
4826-DXMUP,1,No,DSL,No,No,No,Yes,Yes,Yes,One year,1,Mailed check,72.1,2495.15
7285-KLOTR,1,Yes,DSL,Yes,No,Yes,No,Yes,Yes,One year,0,Electronic check,78.85,876.75
0654-PQKDW,1,No,DSL,Yes,No,Yes,Yes,Yes,No,One year,1,Bank transfer (automatic),70.75,4263.45
7175-NTIXE,1,No,DSL,Yes,No,No,Yes,Yes,Yes,Month-to-month,1,Credit card (automatic),76.15,1992.95
7963-SHNDT,0,No phone service,DSL,Yes,Yes,No,Yes,No,No,Two year,0,Mailed check,39.1,1982.1
9796-BPKIW,1,No,Fiber optic,No,No,No,No,No,No,Month-to-month,1,Credit card (automatic),69.95,562.7
0188-GWFLE,1,No,No,No internet service,No internet service,No internet service,No internet service,No internet service,No internet service,Month-to-month,0,Mailed check,20.05,33.7
8129-GMVGI,1,No,No,No internet service,No internet service,No internet service,No internet service,No internet service,No internet service,Two year,0,Mailed check,20.05,1090.1
2882-DDZPG,1,No,No,No internet service,No internet service,No internet service,No internet service,No internet service,No internet service,Month-to-month,0,Bank transfer (automatic),19.45,227.45
3547-LQRIK,1,Yes,No,No internet service,No internet service,No internet service,No internet service,No internet service,No internet service,One year,0,Electronic check,26.9,1250.85
9137-NOQKA,1,No,No,No internet service,No internet service,No internet service,No internet service,No internet service,No internet service,Month-to-month,0,Electronic check,19.2,37.2
5843-TTHGI,1,No,DSL,No,No,Yes,No,No,No,Month-to-month,1,Mailed check,50.0,892.7
1849-RJYIG,1,No,DSL,Yes,No,No,No,Yes,No,Month-to-month,1,Electronic check,60.0,487.75
8868-GAGIO,1,Yes,Fiber optic,Yes,No,Yes,No,No,No,Month-to-month,1,Mailed check,84.55,3713.95
4061-UKJWL,1,No,DSL,No,No,No,No,No,No,Month-to-month,0,Mailed check,45.45,141.7
5380-XPJNZ,1,No,No,No internet service,No internet service,No internet service,No internet service,No internet service,No internet service,One year,0,Mailed check,20.05,678.2
8263-QMNTJ,1,Yes,Fiber optic,Yes,Yes,Yes,Yes,Yes,Yes,Two year,1,Electronic check,115.55,8425.3
3230-JCNZS,1,Yes,Fiber optic,Yes,Yes,Yes,No,Yes,No,Two year,1,Credit card (automatic),99.0,7061.65
0277-ORXQS,0,No phone service,DSL,No,No,No,Yes,Yes,Yes,Two year,0,Bank transfer (automatic),50.55,3364.55
7996-BPXHY,1,Yes,No,No internet service,No internet service,No internet service,No internet service,No internet service,No internet service,Two year,1,Bank transfer (automatic),25.0,332.5
3227-WLKLI,1,Yes,DSL,Yes,Yes,Yes,Yes,Yes,Yes,Two year,0,Bank transfer (automatic),91.55,5963.95
2266-FUBDZ,1,No,No,No internet service,No internet service,No internet service,No internet service,No internet service,No internet service,Two year,0,Mailed check,19.35,278.85
8237-ULIXL,1,Yes,No,No internet service,No internet service,No internet service,No internet service,No internet service,No internet service,Two year,0,Credit card (automatic),24.85,1871.85
8216-AZUUZ,1,No,Fiber optic,No,No,Yes,Yes,Yes,Yes,Two year,1,Electronic check,100.4,4303.65
9153-BTBVV,1,Yes,No,No internet service,No internet service,No internet service,No internet service,No internet service,No internet service,Two year,0,Bank transfer (automatic),25.0,1753.0
5186-PEIZU,1,No,No,No internet service,No internet service,No internet service,No internet service,No internet service,No internet service,Month-to-month,0,Bank transfer (automatic),19.25,617.65
1074-AMIOH,1,No,Fiber optic,No,Yes,Yes,Yes,Yes,Yes,Month-to-month,1,Bank transfer (automatic),108.25,5935.1
4361-FEBGN,1,No,No,No internet service,No internet service,No internet service,No internet service,No internet service,No internet service,Two year,0,Credit card (automatic),20.15,982.95
7748-UMTRK,1,Yes,Fiber optic,No,No,No,Yes,Yes,Yes,Month-to-month,1,Electronic check,101.3,2974.5
0380-ZCSBI,1,No,No,No internet service,No internet service,No internet service,No internet service,No internet service,No internet service,Month-to-month,0,Credit card (automatic),20.0,198.7
7145-FEJWU,1,Yes,Fiber optic,No,Yes,Yes,No,Yes,Yes,Month-to-month,1,Electronic check,105.3,1275.65
6463-MVYRY,1,No,DSL,Yes,No,Yes,Yes,Yes,No,Two year,0,Bank transfer (automatic),69.85,4003.0
3969-JQABI,1,No,DSL,Yes,Yes,No,No,Yes,No,Month-to-month,1,Credit card (automatic),65.25,3791.6
9624-EGDEQ,1,No,No,No internet service,No internet service,No internet service,No internet service,No internet service,No internet service,Two year,0,Mailed check,19.8,813.3
1051-EQPZR,1,No,No,No internet service,No internet service,No internet service,No internet service,No internet service,No internet service,Month-to-month,0,Mailed check,19.6,780.25
5849-ASHZJ,1,No,No,No internet service,No internet service,No internet service,No internet service,No internet service,No internet service,One year,0,Credit card (automatic),20.05,552.9
5780-INQIK,1,No,DSL,No,No,No,Yes,No,No,Month-to-month,0,Electronic check,49.4,408.25
4526-ZJJTM,1,No,Fiber optic,No,Yes,Yes,No,No,Yes,Month-to-month,0,Bank transfer (automatic),88.4,2191.15
8384-FZBJK,1,Yes,Fiber optic,No,Yes,No,No,Yes,Yes,Month-to-month,1,Electronic check,100.6,5611.7
3750-RNQKR,1,No,No,No internet service,No internet service,No internet service,No internet service,No internet service,No internet service,Month-to-month,0,Mailed check,19.45,246.25
0962-CQPWQ,1,No,No,No internet service,No internet service,No internet service,No internet service,No internet service,No internet service,Two year,0,Bank transfer (automatic),20.3,1296.15
3096-YXENJ,1,Yes,Fiber optic,No,Yes,Yes,Yes,Yes,Yes,Two year,1,Bank transfer (automatic),107.65,7082.85
1265-BCFEO,1,Yes,DSL,No,No,Yes,Yes,Yes,Yes,Two year,1,Bank transfer (automatic),80.45,5662.25
5837-LXSDN,1,No,DSL,No,Yes,No,No,Yes,No,One year,1,Credit card (automatic),58.85,1215.45
5945-AZYHT,1,Yes,Fiber optic,Yes,Yes,Yes,No,Yes,Yes,One year,1,Electronic check,109.6,7854.15
8325-QRPZR,1,No,Fiber optic,No,No,Yes,No,No,No,Month-to-month,1,Electronic check,75.15,525.0
6384-VMJHP,1,No,DSL,Yes,Yes,Yes,Yes,No,Yes,Two year,1,Credit card (automatic),73.0,5265.2
2262-SLNVK,1,No,Fiber optic,No,No,No,No,No,No,Month-to-month,0,Electronic check,70.1,70.1
7730-CLDSV,1,Yes,Fiber optic,No,Yes,Yes,Yes,No,Yes,Two year,1,Bank transfer (automatic),98.65,7129.45
1135-HIORI,1,Yes,Fiber optic,No,Yes,Yes,Yes,Yes,Yes,One year,1,Electronic check,111.45,7266.95
0164-APGRB,1,Yes,Fiber optic,Yes,Yes,Yes,Yes,Yes,Yes,Two year,1,Electronic check,114.9,8496.7
6481-ESCNL,1,Yes,Fiber optic,No,No,Yes,No,Yes,Yes,Month-to-month,0,Bank transfer (automatic),100.55,2878.75
1790-NESIO,1,No,No,No internet service,No internet service,No internet service,No internet service,No internet service,No internet service,Two year,1,Mailed check,20.4,261.3
1550-EENBN,1,Yes,Fiber optic,Yes,Yes,No,No,Yes,Yes,Month-to-month,0,Electronic check,104.35,3205.6
8198-RKSZG,1,Yes,DSL,No,Yes,No,Yes,Yes,Yes,Month-to-month,0,Credit card (automatic),80.45,1137.05
9297-EONCV,1,Yes,DSL,Yes,Yes,Yes,Yes,Yes,Yes,Two year,1,Bank transfer (automatic),91.35,6697.2
1069-QJOEE,1,No,No,No internet service,No internet service,No internet service,No internet service,No internet service,No internet service,One year,0,Electronic check,19.9,505.45
7799-DSEWS,1,No,DSL,Yes,No,Yes,Yes,Yes,No,Month-to-month,1,Electronic check,68.35,1299.8
8766-PAFNE,1,No,DSL,No,Yes,Yes,Yes,Yes,Yes,Two year,1,Credit card (automatic),79.1,5564.85
5315-CKEQK,1,Yes,DSL,No,No,No,No,No,No,One year,1,Electronic check,51.0,1381.8
3130-ICDUP,1,Yes,Fiber optic,Yes,No,No,No,No,No,Month-to-month,0,Credit card (automatic),80.55,188.1
0820-FNRNX,1,Yes,DSL,No,Yes,Yes,Yes,No,No,Month-to-month,1,Mailed check,66.7,1077.05
0880-FVFWF,1,Yes,Fiber optic,Yes,Yes,No,No,No,No,Month-to-month,1,Electronic check,86.4,4922.4
4611-ANLQC,0,No phone service,DSL,Yes,Yes,Yes,No,No,Yes,One year,0,Electronic check,50.05,2911.5
4213-HKBJO,1,Yes,No,No internet service,No internet service,No internet service,No internet service,No internet service,No internet service,Two year,0,Credit card (automatic),25.7,826.1
2792-LSHWX,1,No,Fiber optic,Yes,Yes,No,Yes,No,No,Month-to-month,1,Mailed check,83.4,83.4
0014-BMAQU,1,Yes,Fiber optic,Yes,No,No,Yes,No,No,Two year,1,Credit card (automatic),84.65,5377.8
9018-PCIOK,1,No,DSL,No,Yes,Yes,No,No,Yes,Two year,1,Mailed check,64.75,3617.1
4837-QUSFT,1,Yes,Fiber optic,Yes,Yes,No,Yes,Yes,No,One year,1,Bank transfer (automatic),100.15,6643.5
9953-ZMKSM,1,Yes,No,No internet service,No internet service,No internet service,No internet service,No internet service,No internet service,Two year,0,Mailed check,25.25,1559.3
0907-HQNTS,1,Yes,Fiber optic,Yes,Yes,Yes,Yes,Yes,Yes,Two year,1,Credit card (automatic),113.0,7987.6
7665-NKLAV,0,No phone service,DSL,Yes,No,Yes,Yes,No,No,Two year,0,Credit card (automatic),40.65,1547.35
4391-LNRXK,1,No,Fiber optic,No,Yes,Yes,Yes,No,Yes,Month-to-month,1,Bank transfer (automatic),94.95,2142.8
8250-ZNGGW,1,No,DSL,Yes,Yes,No,Yes,No,No,Month-to-month,0,Credit card (automatic),59.9,287.85
8562-GHPPI,1,No,No,No internet service,No internet service,No internet service,No internet service,No internet service,No internet service,Month-to-month,0,Credit card (automatic),19.8,19.8
5893-PYOLZ,1,No,DSL,No,Yes,Yes,Yes,Yes,Yes,Two year,1,Credit card (automatic),81.8,4534.45
4986-MXSFP,1,No,No,No internet service,No internet service,No internet service,No internet service,No internet service,No internet service,Month-to-month,1,Mailed check,20.0,40.9
6131-FOYAS,1,Yes,DSL,Yes,No,Yes,No,No,No,Month-to-month,1,Electronic check,59.6,2094.9
3027-YNWZU,1,Yes,No,No internet service,No internet service,No internet service,No internet service,No internet service,No internet service,Two year,0,Credit card (automatic),25.0,1584.8
5609-IMCGG,1,Yes,Fiber optic,Yes,No,Yes,No,No,No,Month-to-month,1,Credit card (automatic),84.35,1302.65
4727-MCYZG,1,No,DSL,No,No,No,No,No,Yes,Month-to-month,0,Mailed check,55.55,55.55
9481-WHGWY,1,No,DSL,Yes,No,No,Yes,Yes,Yes,Two year,0,Credit card (automatic),75.35,5437.75
4328-VUFWD,1,No,DSL,No,No,No,Yes,No,Yes,One year,0,Electronic check,59.3,2209.15
3301-LSLWQ,1,Yes,DSL,Yes,No,No,No,No,Yes,Month-to-month,1,Electronic check,66.1,1912.15
7473-ZBDSN,1,No,No,No internet service,No internet service,No internet service,No internet service,No internet service,No internet service,Two year,0,Mailed check,18.8,255.55
3166-PNEOF,1,Yes,DSL,Yes,No,Yes,Yes,Yes,Yes,Two year,0,Credit card (automatic),86.45,5175.3
5639-NTUPK,1,No,DSL,Yes,No,No,No,No,No,Month-to-month,1,Credit card (automatic),52.1,670.65
8780-YRMTT,0,No phone service,DSL,Yes,Yes,Yes,Yes,No,No,Two year,1,Mailed check,47.4,3177.25
5140-FOMCQ,1,Yes,Fiber optic,Yes,Yes,Yes,No,Yes,Yes,One year,1,Credit card (automatic),109.15,6557.75
6242-SGYTS,1,Yes,Fiber optic,Yes,Yes,No,No,Yes,No,One year,1,Credit card (automatic),94.95,5791.85
8166-ORCHU,1,No,Fiber optic,Yes,Yes,No,Yes,No,Yes,One year,1,Electronic check,93.55,3055.5
8414-OOEEL,1,No,DSL,No,Yes,Yes,Yes,Yes,Yes,Two year,1,Credit card (automatic),79.5,5196.1
8454-AATJP,1,Yes,Fiber optic,Yes,Yes,Yes,Yes,Yes,Yes,Two year,0,Credit card (automatic),115.05,8405.0
4531-AUZNK,1,Yes,Fiber optic,Yes,No,No,Yes,Yes,No,One year,1,Mailed check,95.15,5000.05
4191-XOVOM,1,Yes,Fiber optic,No,Yes,No,Yes,Yes,Yes,Month-to-month,0,Electronic check,105.4,6713.2
2150-OEGBV,1,No,No,No internet service,No internet service,No internet service,No internet service,No internet service,No internet service,One year,0,Bank transfer (automatic),20.1,562.6
1855-CFULU,1,No,No,No internet service,No internet service,No internet service,No internet service,No internet service,No internet service,Month-to-month,0,Mailed check,20.05,91.45
4878-BUNFV,1,No,No,No internet service,No internet service,No internet service,No internet service,No internet service,No internet service,Two year,0,Mailed check,20.7,828.85
1872-EBWSC,1,No,No,No internet service,No internet service,No internet service,No internet service,No internet service,No internet service,One year,0,Mailed check,20.35,617.35
7026-YMSBE,1,No,No,No internet service,No internet service,No internet service,No internet service,No internet service,No internet service,One year,0,Mailed check,19.7,625.05
6997-UVGOX,1,No,DSL,Yes,Yes,Yes,Yes,Yes,Yes,Two year,0,Bank transfer (automatic),85.45,6029.9
9674-EHPPG,0,No phone service,DSL,Yes,No,Yes,Yes,No,No,Two year,0,Credit card (automatic),40.4,1842.7
5440-VHLUL,1,Yes,Fiber optic,No,Yes,No,Yes,Yes,Yes,One year,1,Bank transfer (automatic),105.2,7386.05
5781-BKHOP,1,Yes,Fiber optic,Yes,Yes,Yes,No,Yes,No,Two year,0,Bank transfer (automatic),100.65,7334.05
5213-TWWJU,1,No,Fiber optic,No,No,Yes,Yes,No,Yes,Month-to-month,0,Electronic check,91.0,2626.15
8628-MFKAX,1,Yes,Fiber optic,Yes,Yes,Yes,Yes,Yes,Yes,Two year,1,Credit card (automatic),116.75,8277.05
7629-WIXZF,1,No,DSL,Yes,No,No,No,No,Yes,One year,1,Electronic check,59.1,369.25
5445-GLVOT,1,No,DSL,Yes,No,No,No,No,No,Month-to-month,1,Electronic check,49.8,1049.05
3976-HXHCE,1,No,No,No internet service,No internet service,No internet service,No internet service,No internet service,No internet service,Two year,0,Bank transfer (automatic),19.3,1414.8
2466-NEJOJ,1,No,No,No internet service,No internet service,No internet service,No internet service,No internet service,No internet service,Month-to-month,0,Credit card (automatic),19.65,169.75
0254-KCJGT,1,Yes,DSL,Yes,Yes,Yes,Yes,No,Yes,One year,1,Credit card (automatic),81.4,4354.45
5472-CVMDX,0,No phone service,DSL,Yes,No,Yes,Yes,No,No,Two year,0,Mailed check,38.9,2719.2
6461-SZMCV,1,Yes,DSL,Yes,Yes,Yes,Yes,Yes,Yes,Two year,0,Bank transfer (automatic),87.95,6365.35
8150-QUDFX,1,No,No,No internet service,No internet service,No internet service,No internet service,No internet service,No internet service,Month-to-month,0,Mailed check,19.85,51.6
9508-ILZDG,1,Yes,Fiber optic,No,Yes,No,Yes,Yes,No,Month-to-month,1,Electronic check,96.35,3190.25
2346-DJQTB,0,No phone service,DSL,No,No,No,No,No,No,Month-to-month,0,Electronic check,24.15,812.5
1697-LYYYX,1,No,No,No internet service,No internet service,No internet service,No internet service,No internet service,No internet service,One year,0,Credit card (automatic),19.1,1143.8
1942-OQFRW,1,No,DSL,No,No,No,No,No,No,Month-to-month,0,Electronic check,44.0,44.0
9640-ZSLDC,1,No,DSL,No,No,Yes,No,No,Yes,One year,0,Credit card (automatic),60.6,3297.0
4231-LZUYM,1,Yes,No,No internet service,No internet service,No internet service,No internet service,No internet service,No internet service,Two year,0,Bank transfer (automatic),25.65,1887.0
6128-AQBMT,0,No phone service,DSL,No,Yes,Yes,No,Yes,Yes,Month-to-month,1,Electronic check,53.95,2215.4
3594-BDSOA,1,No,No,No internet service,No internet service,No internet service,No internet service,No internet service,No internet service,One year,0,Credit card (automatic),20.4,482.8
5133-VRSAB,0,No phone service,DSL,Yes,No,No,No,No,No,Month-to-month,0,Mailed check,29.35,216.45
5996-DAOQL,1,No,No,No internet service,No internet service,No internet service,No internet service,No internet service,No internet service,Month-to-month,1,Mailed check,20.45,20.45
6838-YAUVY,1,Yes,Fiber optic,No,No,Yes,Yes,No,Yes,Two year,1,Bank transfer (automatic),95.1,5064.85
0484-JPBRU,1,Yes,No,No internet service,No internet service,No internet service,No internet service,No internet service,No internet service,Month-to-month,1,Bank transfer (automatic),25.25,996.45
7883-ROJOC,1,No,DSL,No,No,No,No,No,No,Month-to-month,0,Mailed check,44.9,839.65
0244-LGNFY,1,Yes,DSL,Yes,Yes,Yes,Yes,Yes,Yes,Two year,0,Bank transfer (automatic),92.65,6733.0
7274-CGTOD,0,No phone service,DSL,Yes,Yes,Yes,Yes,No,No,Two year,1,Bank transfer (automatic),43.7,2618.3
4295-YURET,1,No,DSL,Yes,No,No,Yes,Yes,Yes,Two year,1,Credit card (automatic),72.6,4084.35
4635-EJYPD,1,No,No,No internet service,No internet service,No internet service,No internet service,No internet service,No internet service,Two year,0,Mailed check,18.95,613.95
1866-ZSLJM,1,No,No,No internet service,No internet service,No internet service,No internet service,No internet service,No internet service,Month-to-month,0,Credit card (automatic),20.5,402.85
4636-TVXVG,1,No,No,No internet service,No internet service,No internet service,No internet service,No internet service,No internet service,One year,0,Bank transfer (automatic),19.95,1244.8
4236-UJPWO,0,No phone service,DSL,No,No,No,No,No,No,Month-to-month,0,Electronic check,24.5,46.4
9392-XBGTD,1,No,No,No internet service,No internet service,No internet service,No internet service,No internet service,No internet service,Two year,0,Mailed check,20.6,581.85
6402-SSEJG,0,No phone service,DSL,Yes,Yes,Yes,No,Yes,Yes,One year,0,Electronic check,61.05,1540.2
1169-SAOCL,1,Yes,Fiber optic,No,Yes,No,Yes,Yes,Yes,One year,1,Bank transfer (automatic),106.65,5168.1
1110-KYLGQ,1,Yes,Fiber optic,Yes,Yes,Yes,No,Yes,Yes,Month-to-month,0,Credit card (automatic),108.25,6780.1
9929-PLVPA,1,No,No,No internet service,No internet service,No internet service,No internet service,No internet service,No internet service,Month-to-month,0,Credit card (automatic),20.4,94.5
3518-PZXZQ,1,No,DSL,No,No,No,No,Yes,No,Month-to-month,1,Mailed check,55.3,55.3
2371-JUNGC,1,No,No,No internet service,No internet service,No internet service,No internet service,No internet service,No internet service,Month-to-month,0,Mailed check,20.25,208.0
7693-QPEFS,1,Yes,Fiber optic,No,No,No,No,No,No,Month-to-month,1,Bank transfer (automatic),72.95,3829.75
0924-BJCRC,1,Yes,Fiber optic,No,Yes,No,No,No,Yes,Month-to-month,0,Electronic check,89.45,5294.6
5074-FBGHB,1,Yes,Fiber optic,No,No,Yes,Yes,Yes,Yes,One year,1,Credit card (automatic),104.65,6889.8
2351-BKRZW,1,No,DSL,Yes,No,Yes,No,Yes,Yes,Two year,0,Bank transfer (automatic),75.2,3254.35
4455-BFSPD,1,Yes,Fiber optic,No,No,No,Yes,Yes,Yes,One year,0,Bank transfer (automatic),101.15,6383.9
3948-KXDUF,1,Yes,DSL,Yes,Yes,Yes,Yes,No,No,Two year,0,Bank transfer (automatic),68.75,4447.55
2323-ARSVR,1,No,Fiber optic,Yes,Yes,Yes,Yes,Yes,Yes,Two year,1,Electronic check,111.05,7321.05
0815-MFZGM,1,No,Fiber optic,No,No,Yes,Yes,Yes,Yes,Two year,1,Credit card (automatic),99.0,4135.0
5480-XTFFL,1,No,No,No internet service,No internet service,No internet service,No internet service,No internet service,No internet service,Two year,0,Mailed check,21.0,697.7
8295-FHIVV,1,No,No,No internet service,No internet service,No internet service,No internet service,No internet service,No internet service,Month-to-month,1,Mailed check,19.4,168.65
9086-YJYXS,1,Yes,DSL,No,No,Yes,No,Yes,Yes,One year,0,Bank transfer (automatic),77.2,2753.8
1179-INLAT,1,No,No,No internet service,No internet service,No internet service,No internet service,No internet service,No internet service,One year,1,Mailed check,19.45,69.25
7909-FIOIY,0,No phone service,DSL,No,No,No,No,No,No,Month-to-month,1,Mailed check,24.85,434.8
6351-SCJKT,0,No phone service,DSL,Yes,No,Yes,Yes,No,No,Month-to-month,0,Mailed check,41.35,107.25
5468-BPMMO,1,No,No,No internet service,No internet service,No internet service,No internet service,No internet service,No internet service,Month-to-month,0,Electronic check,19.6,851.2
0197-PNKNK,1,Yes,Fiber optic,Yes,No,Yes,No,No,No,One year,0,Bank transfer (automatic),84.45,5848.6
2439-QKJUL,1,No,No,No internet service,No internet service,No internet service,No internet service,No internet service,No internet service,Month-to-month,0,Mailed check,20.25,109.8
1194-SPVSP,1,No,No,No internet service,No internet service,No internet service,No internet service,No internet service,No internet service,Month-to-month,0,Bank transfer (automatic),19.65,19.65
9534-NSXEM,1,No,No,No internet service,No internet service,No internet service,No internet service,No internet service,No internet service,One year,1,Credit card (automatic),20.65,595.5
8929-KSWIH,1,No,Fiber optic,No,No,Yes,Yes,Yes,Yes,Two year,0,Bank transfer (automatic),99.3,2513.5
2250-IVBWA,1,No,Fiber optic,Yes,Yes,No,No,No,No,Month-to-month,0,Electronic check,81.05,5135.35
1810-MVMAI,1,Yes,DSL,Yes,Yes,Yes,Yes,No,No,Month-to-month,0,Electronic check,67.6,2000.2
9506-UXUSK,1,No,Fiber optic,No,No,No,No,No,No,Month-to-month,1,Electronic check,70.15,931.75
1229-RCALF,1,Yes,Fiber optic,Yes,Yes,Yes,Yes,Yes,Yes,One year,1,Electronic check,115.0,7396.15
3572-UOLYZ,1,Yes,Fiber optic,No,No,Yes,Yes,No,No,Month-to-month,1,Bank transfer (automatic),84.8,3958.85
1429-UYJSV,1,No,No,No internet service,No internet service,No internet service,No internet service,No internet service,No internet service,One year,0,Mailed check,19.7,260.9
6366-XIVKZ,1,No,DSL,Yes,No,Yes,No,No,Yes,Month-to-month,1,Mailed check,63.15,816.8
3470-OBUET,1,Yes,DSL,Yes,Yes,No,Yes,Yes,No,Two year,0,Credit card (automatic),74.0,4868.4
2770-NSVDG,0,No phone service,DSL,No,No,Yes,No,No,No,Month-to-month,0,Electronic check,29.1,688.0
9375-MHRRS,1,No,DSL,No,No,No,Yes,No,No,Month-to-month,0,Mailed check,50.05,288.35
4860-YZGZM,1,No,No,No internet service,No internet service,No internet service,No internet service,No internet service,No internet service,Month-to-month,0,Electronic check,20.0,185.4
6599-GZWCM,1,No,Fiber optic,No,Yes,No,No,No,No,One year,1,Mailed check,74.65,966.25
5533-NHFRF,0,No phone service,DSL,No,Yes,No,Yes,No,Yes,Month-to-month,1,Electronic check,44.4,265.8
7037-MTYVW,1,Yes,DSL,Yes,No,Yes,Yes,Yes,Yes,Two year,1,Bank transfer (automatic),85.4,3297.0
4760-THGOT,1,Yes,Fiber optic,Yes,Yes,No,No,No,Yes,Month-to-month,1,Electronic check,94.1,4107.3
4016-BJKTZ,1,Yes,Fiber optic,No,Yes,Yes,Yes,Yes,Yes,Two year,0,Electronic check,108.9,2809.05
6584-VQMYT,1,No,DSL,Yes,Yes,No,No,No,No,One year,0,Mailed check,56.2,1567.55
9838-BFCQT,1,Yes,No,No internet service,No internet service,No internet service,No internet service,No internet service,No internet service,Two year,0,Mailed check,26.1,1851.45
2790-XUYMV,1,Yes,Fiber optic,Yes,Yes,No,No,No,No,One year,1,Credit card (automatic),85.45,6028.95
0581-MDMPW,1,Yes,Fiber optic,No,No,Yes,No,Yes,No,Month-to-month,1,Credit card (automatic),88.95,2072.75
1023-BQXZE,1,No,DSL,Yes,No,Yes,No,Yes,Yes,Two year,1,Bank transfer (automatic),74.35,4317.35
9163-GHAYE,1,No,DSL,No,Yes,No,No,No,No,Month-to-month,0,Electronic check,48.85,736.8
3904-UKFRE,1,Yes,Fiber optic,Yes,No,No,No,No,No,Month-to-month,1,Electronic check,80.1,336.15
5353-WILCI,1,No,DSL,Yes,Yes,No,No,No,No,Month-to-month,0,Electronic check,56.05,1522.65
0058-EVZWM,1,Yes,Fiber optic,Yes,No,No,No,Yes,No,Month-to-month,1,Bank transfer (automatic),89.8,4959.6
7009-PCARS,1,No,No,No internet service,No internet service,No internet service,No internet service,No internet service,No internet service,One year,0,Bank transfer (automatic),19.1,1001.5
0519-DRGTI,1,No,No,No internet service,No internet service,No internet service,No internet service,No internet service,No internet service,Month-to-month,0,Mailed check,20.35,442.6
1017-FBQMM,1,Yes,Fiber optic,No,Yes,No,Yes,Yes,Yes,One year,1,Credit card (automatic),106.05,6703.5
1985-MBRYP,1,No,No,No internet service,No internet service,No internet service,No internet service,No internet service,No internet service,Two year,1,Bank transfer (automatic),19.65,779.25
9372-TXXPS,1,No,DSL,Yes,Yes,No,Yes,No,No,Two year,0,Bank transfer (automatic),59.85,3483.45
3259-QMXUN,1,Yes,DSL,Yes,Yes,Yes,No,Yes,Yes,Two year,1,Electronic check,86.1,4890.5
1015-JPFYW,1,No,No,No internet service,No internet service,No internet service,No internet service,No internet service,No internet service,One year,0,Mailed check,19.45,136.75
6645-MXQJT,1,No,Fiber optic,Yes,No,No,No,Yes,Yes,Month-to-month,0,Electronic check,97.1,184.15
4360-QRAVE,0,No phone service,DSL,No,Yes,Yes,No,No,No,Month-to-month,0,Electronic check,36.65,1315.0
8433-WPJTV,1,Yes,Fiber optic,No,No,Yes,Yes,Yes,Yes,One year,1,Bank transfer (automatic),103.9,6767.1
5804-JMYIO,1,No,No,No internet service,No internet service,No internet service,No internet service,No internet service,No internet service,Two year,0,Mailed check,19.75,757.95
6484-LATFU,1,Yes,No,No internet service,No internet service,No internet service,No internet service,No internet service,No internet service,Two year,0,Mailed check,24.55,1657.4
7599-NTMDP,0,No phone service,DSL,Yes,Yes,No,Yes,Yes,No,Two year,0,Bank transfer (automatic),48.7,3008.55
0536-ACXIP,1,Yes,Fiber optic,Yes,Yes,Yes,No,Yes,Yes,Two year,1,Electronic check,109.55,8165.1
0936-NQLJU,1,No,No,No internet service,No internet service,No internet service,No internet service,No internet service,No internet service,Two year,0,Credit card (automatic),20.65,875.55
1575-KRZZE,1,No,DSL,Yes,Yes,No,No,No,No,Month-to-month,0,Electronic check,55.2,220.65
3251-YMVWZ,1,Yes,No,No internet service,No internet service,No internet service,No internet service,No internet service,No internet service,One year,0,Bank transfer (automatic),24.05,1301.9
4884-LEVMQ,1,No,No,No internet service,No internet service,No internet service,No internet service,No internet service,No internet service,Two year,1,Bank transfer (automatic),20.45,790.0
8857-CUPFQ,1,No,No,No internet service,No internet service,No internet service,No internet service,No internet service,No internet service,Two year,0,Mailed check,19.25,1237.65
7610-TVOPG,1,Yes,No,No internet service,No internet service,No internet service,No internet service,No internet service,No internet service,Month-to-month,1,Electronic check,26.35,378.6
3638-DIMPH,1,No,DSL,No,No,No,No,No,No,One year,0,Electronic check,43.8,592.65
1845-ZLLIG,1,No,DSL,No,Yes,No,No,No,No,Month-to-month,1,Mailed check,50.15,50.15
8559-WNQZS,1,No,No,No internet service,No internet service,No internet service,No internet service,No internet service,No internet service,Two year,0,Mailed check,20.45,20.45
1699-UOTXU,1,No,DSL,Yes,Yes,Yes,No,No,No,Two year,0,Electronic check,61.4,3638.25
0635-WKOLD,1,Yes,DSL,No,Yes,No,Yes,Yes,No,One year,0,Credit card (automatic),70.75,2921.75
5993-JSUWV,1,No,DSL,Yes,Yes,Yes,No,No,No,Two year,1,Bank transfer (automatic),61.15,4017.45
4518-FZBSX,1,No,No,No internet service,No internet service,No internet service,No internet service,No internet service,No internet service,One year,0,Mailed check,20.25,854.9
5387-ASZNZ,1,Yes,DSL,Yes,Yes,No,Yes,No,No,One year,1,Credit card (automatic),63.85,4174.35
6988-CJEYV,1,Yes,Fiber optic,No,Yes,No,No,Yes,Yes,Month-to-month,0,Electronic check,98.7,4920.55
3097-FQTVJ,1,No,No,No internet service,No internet service,No internet service,No internet service,No internet service,No internet service,Two year,0,Mailed check,20.0,810.3
5465-BUBFA,1,No,No,No internet service,No internet service,No internet service,No internet service,No internet service,No internet service,Two year,0,Bank transfer (automatic),19.3,772.4
7299-GNVPL,1,No,Fiber optic,Yes,Yes,No,Yes,No,No,Month-to-month,0,Mailed check,84.4,1936.85
9743-DQKQW,0,No phone service,DSL,No,No,No,No,No,No,Month-to-month,0,Electronic check,25.1,79.8
1215-VFYVK,0,No phone service,DSL,Yes,No,Yes,Yes,No,Yes,Month-to-month,0,Mailed check,48.25,202.25
9371-BITHB,1,No,No,No internet service,No internet service,No internet service,No internet service,No internet service,No internet service,Two year,0,Mailed check,19.85,1070.5
9093-FPDLG,1,No,Fiber optic,No,Yes,Yes,Yes,No,Yes,Month-to-month,1,Electronic check,94.2,999.9
0541-FITGH,1,No,DSL,Yes,No,No,No,No,Yes,Month-to-month,1,Mailed check,62.15,113.1
6985-HAYWX,1,Yes,Fiber optic,No,Yes,No,No,No,No,Month-to-month,0,Bank transfer (automatic),79.3,2015.8
7508-KBIMB,1,No,DSL,Yes,No,Yes,No,No,No,One year,1,Credit card (automatic),56.25,1454.25
6838-HVLXG,1,No,No,No internet service,No internet service,No internet service,No internet service,No internet service,No internet service,Month-to-month,0,Mailed check,20.3,246.7
2277-DJJDL,1,Yes,Fiber optic,No,No,No,Yes,Yes,Yes,Month-to-month,1,Electronic check,99.0,6017.9
1897-OKVMW,1,Yes,DSL,Yes,Yes,Yes,Yes,Yes,Yes,Two year,1,Mailed check,90.6,5817.45
5485-ITNPC,1,No,DSL,Yes,Yes,Yes,Yes,Yes,Yes,Two year,1,Bank transfer (automatic),85.9,5595.3
0233-FTHAV,1,Yes,Fiber optic,No,No,Yes,No,No,No,One year,1,Bank transfer (automatic),79.2,4765.0
4644-PIZRT,1,Yes,DSL,Yes,No,Yes,No,Yes,No,One year,1,Bank transfer (automatic),70.35,1201.65
8922-NPKBJ,1,No,No,No internet service,No internet service,No internet service,No internet service,No internet service,No internet service,Two year,0,Mailed check,19.35,867.3
2740-TVLFN,1,Yes,DSL,No,No,No,No,No,No,Month-to-month,1,Electronic check,50.15,50.15
7771-CFQRQ,1,No,DSL,No,Yes,No,Yes,No,Yes,Two year,0,Bank transfer (automatic),63.8,3007.25
9512-PHSMG,1,No,No,No internet service,No internet service,No internet service,No internet service,No internet service,No internet service,Month-to-month,1,Mailed check,20.55,252.75
6963-EZQEE,1,Yes,DSL,Yes,Yes,Yes,Yes,Yes,Yes,Two year,1,Credit card (automatic),88.55,6306.5
2452-KDRRH,1,Yes,Fiber optic,No,No,Yes,No,Yes,Yes,Month-to-month,1,Credit card (automatic),101.4,6841.05
4146-SVFUD,1,No,DSL,No,No,No,No,No,No,Month-to-month,0,Mailed check,44.6,44.6
1564-HJUVY,1,No,DSL,No,Yes,No,Yes,Yes,No,Month-to-month,1,Bank transfer (automatic),63.75,226.2
3617-XLSGQ,1,Yes,Fiber optic,Yes,Yes,Yes,No,Yes,Yes,Two year,0,Bank transfer (automatic),109.25,7082.5
7517-LDMPS,1,No,Fiber optic,No,Yes,No,No,No,Yes,Month-to-month,1,Electronic check,84.6,1017.35
7244-KXYZN,1,No,No,No internet service,No internet service,No internet service,No internet service,No internet service,No internet service,One year,0,Credit card (automatic),20.45,527.35
5226-NOZFC,1,No,Fiber optic,No,Yes,No,No,Yes,No,Month-to-month,1,Electronic check,85.75,2146.5
1400-WIVLL,1,Yes,Fiber optic,No,No,Yes,Yes,Yes,Yes,Two year,0,Electronic check,107.95,5969.85
8148-NLEGT,1,Yes,No,No internet service,No internet service,No internet service,No internet service,No internet service,No internet service,Two year,0,Electronic check,22.95,1014.25
8347-GDTMP,1,No,No,No internet service,No internet service,No internet service,No internet service,No internet service,No internet service,Two year,0,Credit card (automatic),19.45,1225.65
6746-WAUWT,1,No,No,No internet service,No internet service,No internet service,No internet service,No internet service,No internet service,One year,1,Credit card (automatic),19.7,386.5
0428-IKYCP,1,No,Fiber optic,No,No,Yes,No,Yes,No,Month-to-month,1,Bank transfer (automatic),87.0,1850.65
2187-PKZAY,1,No,Fiber optic,No,No,No,No,No,Yes,Month-to-month,1,Bank transfer (automatic),79.95,1043.4
4003-OCTMP,1,No,DSL,Yes,No,No,Yes,No,Yes,One year,1,Electronic check,64.0,1910.75
6652-YFFJO,1,No,DSL,No,No,No,No,Yes,Yes,Month-to-month,1,Electronic check,64.9,716.1
7225-IILWY,1,Yes,No,No internet service,No internet service,No internet service,No internet service,No internet service,No internet service,Two year,0,Mailed check,25.75,1686.15
5248-RPYWW,1,Yes,DSL,Yes,Yes,Yes,Yes,Yes,Yes,Two year,1,Bank transfer (automatic),90.15,6716.45
7923-IYJWY,1,Yes,Fiber optic,Yes,Yes,Yes,Yes,Yes,Yes,Two year,1,Credit card (automatic),116.1,7839.85
3170-GWYKC,1,No,Fiber optic,Yes,No,Yes,Yes,Yes,Yes,Month-to-month,1,Bank transfer (automatic),104.95,6236.75
9830-ECLEN,0,No phone service,DSL,Yes,Yes,Yes,No,Yes,No,One year,0,Mailed check,50.0,2919.85
2668-TZSPS,1,No,No,No internet service,No internet service,No internet service,No internet service,No internet service,No internet service,Month-to-month,0,Mailed check,20.45,20.45
7446-SFAOA,1,No,No,No internet service,No internet service,No internet service,No internet service,No internet service,No internet service,One year,1,Bank transfer (automatic),19.85,717.5
9522-ZSINC,1,No,No,No internet service,No internet service,No internet service,No internet service,No internet service,No internet service,One year,1,Electronic check,19.95,253.8
8234-GSZYK,1,Yes,No,No internet service,No internet service,No internet service,No internet service,No internet service,No internet service,Two year,0,Bank transfer (automatic),26.45,1110.05
6505-OZNPG,0,No phone service,DSL,Yes,Yes,Yes,Yes,Yes,Yes,Two year,1,Mailed check,63.4,348.8
6164-HAQTX,0,No phone service,DSL,Yes,Yes,Yes,Yes,Yes,No,Two year,0,Bank transfer (automatic),53.95,3888.65
7765-LWVVH,1,Yes,Fiber optic,Yes,Yes,No,No,Yes,No,Two year,1,Electronic check,95.1,6843.15
1658-TJVOA,1,No,Fiber optic,Yes,No,No,No,No,No,Month-to-month,1,Electronic check,74.1,450.9
0953-LGOVU,0,No phone service,DSL,No,Yes,No,Yes,No,No,Month-to-month,0,Mailed check,35.5,432.25
4692-NNQRU,1,No,Fiber optic,No,No,Yes,Yes,No,No,One year,0,Electronic check,79.2,1742.45
7742-MYPGI,1,No,DSL,No,No,No,Yes,No,No,Month-to-month,1,Mailed check,48.8,297.35
9619-GSATL,1,No,DSL,No,Yes,No,Yes,No,No,One year,0,Electronic check,55.45,2444.25
5622-UEJFI,1,Yes,No,No internet service,No internet service,No internet service,No internet service,No internet service,No internet service,Two year,1,Credit card (automatic),25.4,949.8
0674-DGMAQ,1,Yes,Fiber optic,No,Yes,Yes,No,No,Yes,Month-to-month,1,Electronic check,93.5,2970.8
6203-HBZPA,0,No phone service,DSL,Yes,Yes,Yes,Yes,Yes,Yes,Two year,0,Credit card (automatic),63.9,3334.95
0484-FFVBJ,1,No,DSL,No,No,No,No,Yes,Yes,One year,1,Bank transfer (automatic),64.85,2010.95
0301-FIDRB,0,No phone service,DSL,Yes,Yes,Yes,Yes,Yes,Yes,Two year,1,Bank transfer (automatic),63.8,4684.3
4139-JPIAM,0,No phone service,DSL,Yes,No,No,Yes,No,Yes,Month-to-month,1,Credit card (automatic),44.45,2181.55
2181-TIDSV,1,No,No,No internet service,No internet service,No internet service,No internet service,No internet service,No internet service,Two year,1,Bank transfer (automatic),19.95,1303.25
2761-XECQW,0,No phone service,DSL,No,Yes,Yes,No,No,Yes,Month-to-month,1,Mailed check,43.35,371.4
1936-CZAKF,0,No phone service,DSL,No,Yes,No,No,Yes,Yes,Two year,0,Credit card (automatic),49.65,2409.9
9453-PATOS,1,No,DSL,Yes,Yes,Yes,Yes,Yes,Yes,Two year,0,Mailed check,85.1,6155.4
4402-FTBXC,1,No,Fiber optic,Yes,No,Yes,No,Yes,No,Month-to-month,0,Mailed check,89.8,4667.0
2931-XIQBR,1,No,Fiber optic,No,No,Yes,Yes,Yes,Yes,One year,0,Mailed check,103.05,5153.5
0106-UGRDO,1,Yes,Fiber optic,Yes,Yes,Yes,Yes,Yes,Yes,Two year,1,Electronic check,116.0,8182.85
5542-TBBWB,1,No,Fiber optic,No,No,No,No,No,No,Month-to-month,1,Electronic check,69.9,69.9
1930-QPBVZ,1,No,Fiber optic,Yes,Yes,No,Yes,No,Yes,Two year,0,Bank transfer (automatic),95.1,6683.4
2606-PKWJB,0,No phone service,DSL,Yes,Yes,No,Yes,No,No,One year,0,Mailed check,40.25,1564.05
5322-ZSMZY,1,Yes,No,No internet service,No internet service,No internet service,No internet service,No internet service,No internet service,Two year,0,Mailed check,25.75,755.6
8059-UDZFY,1,Yes,Fiber optic,No,Yes,Yes,No,Yes,Yes,Month-to-month,1,Bank transfer (automatic),105.35,3465.05
7740-BTPUX,1,Yes,Fiber optic,No,Yes,Yes,Yes,Yes,Yes,Two year,1,Electronic check,113.6,6292.7
5220-AGAAX,1,Yes,No,No internet service,No internet service,No internet service,No internet service,No internet service,No internet service,Two year,1,Bank transfer (automatic),24.0,1664.3
0208-BPQEJ,1,No,No,No internet service,No internet service,No internet service,No internet service,No internet service,No internet service,Month-to-month,0,Bank transfer (automatic),19.4,198.1
9435-JMLSX,1,No,DSL,Yes,Yes,Yes,Yes,Yes,Yes,Two year,1,Bank transfer (automatic),86.1,6045.9
3352-ALMCK,1,Yes,Fiber optic,No,Yes,Yes,No,Yes,Yes,Month-to-month,1,Mailed check,102.65,4108.15
5312-IRCFR,1,Yes,Fiber optic,No,Yes,Yes,No,No,Yes,One year,1,Electronic check,92.85,5980.75
5294-IMHHT,1,Yes,Fiber optic,No,Yes,No,Yes,No,Yes,One year,0,Bank transfer (automatic),97.75,5043.2
6176-YJWAS,1,Yes,Fiber optic,Yes,Yes,Yes,No,Yes,No,Two year,1,Credit card (automatic),97.95,7114.25
5310-NOOVA,1,No,No,No internet service,No internet service,No internet service,No internet service,No internet service,No internet service,Two year,0,Electronic check,19.95,907.05
4526-EXKKN,1,Yes,No,No internet service,No internet service,No internet service,No internet service,No internet service,No internet service,Two year,1,Mailed check,24.6,973.95
5311-IHLEI,0,No phone service,DSL,Yes,Yes,No,Yes,Yes,No,Month-to-month,1,Bank transfer (automatic),50.95,605.75
3987-KQDDU,1,No,Fiber optic,Yes,No,No,No,No,No,Month-to-month,0,Electronic check,75.6,661.55
3404-JNXAX,1,Yes,Fiber optic,No,No,No,Yes,No,No,Month-to-month,1,Electronic check,80.75,4116.9
5131-PONJI,1,No,Fiber optic,No,Yes,Yes,No,Yes,No,Month-to-month,1,Credit card (automatic),90.4,4494.65
3489-VSFRD,1,No,DSL,Yes,No,Yes,Yes,No,No,One year,1,Credit card (automatic),60.25,3282.75
3345-JHUEO,1,No,No,No internet service,No internet service,No internet service,No internet service,No internet service,No internet service,Month-to-month,1,Electronic check,20.2,55.7
5815-HGGHV,1,No,DSL,Yes,No,No,Yes,No,Yes,One year,1,Mailed check,64.15,1274.45
5260-UMPWX,1,No,No,No internet service,No internet service,No internet service,No internet service,No internet service,No internet service,Month-to-month,1,Credit card (automatic),20.25,493.95
5649-RXQTV,1,No,Fiber optic,No,Yes,Yes,No,Yes,Yes,Month-to-month,1,Electronic check,99.0,5038.15
2674-MIAHT,1,Yes,Fiber optic,No,Yes,No,No,No,No,Month-to-month,1,Mailed check,80.3,324.2
2576-HXMPA,1,No,No,No internet service,No internet service,No internet service,No internet service,No internet service,No internet service,Month-to-month,0,Credit card (automatic),19.55,19.55
7587-AOVVU,1,Yes,Fiber optic,Yes,Yes,No,Yes,Yes,No,Month-to-month,0,Electronic check,100.75,2793.55
6898-MDLZW,1,No,DSL,No,Yes,No,Yes,No,No,Month-to-month,1,Mailed check,53.75,648.65
4707-YNOQA,1,Yes,No,No internet service,No internet service,No internet service,No internet service,No internet service,No internet service,One year,1,Credit card (automatic),25.6,917.15
9357-UJRUN,1,Yes,DSL,Yes,No,No,Yes,No,No,One year,1,Electronic check,58.35,1346.9
8648-PFRMP,0,No phone service,DSL,No,No,No,No,Yes,Yes,Month-to-month,1,Electronic check,46.35,672.7
7663-CUXZB,1,Yes,Fiber optic,Yes,Yes,Yes,Yes,Yes,Yes,Two year,0,Electronic check,113.75,6561.25
0258-NOKBL,1,No,Fiber optic,No,Yes,Yes,No,No,Yes,Month-to-month,0,Electronic check,90.4,268.45
1163-VIPRI,1,Yes,Fiber optic,Yes,No,Yes,Yes,Yes,Yes,Two year,0,Electronic check,109.3,7337.55
9348-ROUAI,1,Yes,DSL,Yes,Yes,Yes,Yes,Yes,Yes,Two year,0,Credit card (automatic),90.3,5194.05
9443-JUBUO,0,No phone service,DSL,Yes,Yes,Yes,Yes,Yes,Yes,Two year,1,Credit card (automatic),65.25,4478.85
3043-TYBNO,1,No,DSL,No,No,No,Yes,No,Yes,Month-to-month,0,Mailed check,60.65,196.9
4830-FAXFM,1,Yes,No,No internet service,No internet service,No internet service,No internet service,No internet service,No internet service,Month-to-month,1,Credit card (automatic),24.1,439.2
5906-BFOZT,1,No,No,No internet service,No internet service,No internet service,No internet service,No internet service,No internet service,Month-to-month,1,Mailed check,19.5,19.5
2960-NKRSO,1,No,Fiber optic,No,Yes,Yes,Yes,No,No,Month-to-month,1,Electronic check,85.95,2107.15
8996-ZROXE,1,No,DSL,No,No,Yes,Yes,No,No,One year,1,Electronic check,53.5,3035.8
5598-IKHQQ,1,Yes,No,No internet service,No internet service,No internet service,No internet service,No internet service,No internet service,Two year,0,Credit card (automatic),25.45,1866.45
0397-ZXWQF,1,No,No,No internet service,No internet service,No internet service,No internet service,No internet service,No internet service,Two year,0,Bank transfer (automatic),20.5,1430.95
5266-PFRQK,1,No,No,No internet service,No internet service,No internet service,No internet service,No internet service,No internet service,One year,1,Credit card (automatic),20.85,1071.6
4674-HGNUA,1,Yes,DSL,Yes,Yes,Yes,Yes,Yes,Yes,Two year,0,Credit card (automatic),89.9,6457.15
6765-MBQNU,1,Yes,No,No internet service,No internet service,No internet service,No internet service,No internet service,No internet service,One year,0,Mailed check,26.0,684.05
9786-IJYDL,1,Yes,Fiber optic,Yes,Yes,Yes,Yes,Yes,Yes,Two year,1,Mailed check,113.2,3914.05
1303-SRDOK,1,No,Fiber optic,No,No,No,No,No,No,Two year,1,Credit card (automatic),69.05,3842.6
3769-MHZNV,1,No,No,No internet service,No internet service,No internet service,No internet service,No internet service,No internet service,Two year,0,Mailed check,20.1,670.35
6295-OSINB,1,Yes,Fiber optic,Yes,Yes,Yes,No,Yes,Yes,Two year,1,Electronic check,109.65,7880.25
3308-MHOOC,1,No,No,No internet service,No internet service,No internet service,No internet service,No internet service,No internet service,Month-to-month,1,Mailed check,19.2,19.2
2207-QPJED,1,No,Fiber optic,No,No,Yes,Yes,Yes,No,Month-to-month,0,Electronic check,90.0,3371.75
4177-JPDFU,0,No phone service,DSL,No,Yes,No,Yes,No,No,Month-to-month,0,Mailed check,34.0,442.45
2239-CFOUJ,1,No,No,No internet service,No internet service,No internet service,No internet service,No internet service,No internet service,One year,0,Mailed check,20.4,20.4
8046-DNVTL,0,No phone service,DSL,Yes,Yes,No,Yes,No,No,Two year,1,Credit card (automatic),38.6,2345.55
2209-XADXF,0,No phone service,DSL,No,No,No,No,No,No,Month-to-month,0,Bank transfer (automatic),25.25,25.25
6620-JDYNW,1,Yes,DSL,Yes,No,Yes,No,No,No,Month-to-month,1,Mailed check,60.6,1156.35
4770-UEZOX,1,No,Fiber optic,No,Yes,No,No,No,No,Month-to-month,1,Electronic check,74.75,144.8
1038-RQOST,1,No,No,No internet service,No internet service,No internet service,No internet service,No internet service,No internet service,Month-to-month,0,Mailed check,20.6,414.95
4568-TTZRT,1,No,No,No internet service,No internet service,No internet service,No internet service,No internet service,No internet service,Month-to-month,0,Mailed check,20.4,181.8
9513-DXHDA,1,No,DSL,Yes,No,Yes,Yes,Yes,Yes,One year,0,Electronic check,81.7,2212.55
0516-QREYC,1,No,No,No internet service,No internet service,No internet service,No internet service,No internet service,No internet service,Month-to-month,1,Mailed check,20.3,459.95
8084-OIVBS,1,No,No,No internet service,No internet service,No internet service,No internet service,No internet service,No internet service,One year,0,Mailed check,20.0,211.95
8896-BQTTI,1,Yes,No,No internet service,No internet service,No internet service,No internet service,No internet service,No internet service,Month-to-month,1,Mailed check,25.0,25.0
3865-QBWSJ,1,Yes,Fiber optic,Yes,No,No,No,No,No,Month-to-month,1,Mailed check,80.45,3162.65
3352-RICWQ,1,No,No,No internet service,No internet service,No internet service,No internet service,No internet service,No internet service,Two year,0,Mailed check,19.75,210.65
2160-GPFXD,1,Yes,DSL,Yes,Yes,No,Yes,No,No,Two year,1,Credit card (automatic),65.65,3566.7
2065-MMKGR,1,Yes,DSL,No,No,No,No,Yes,Yes,One year,1,Credit card (automatic),71.0,2080.1
5857-TYBCJ,1,Yes,Fiber optic,No,No,Yes,No,Yes,No,Month-to-month,1,Electronic check,89.2,4040.2
1498-NHTLT,1,No,DSL,Yes,Yes,Yes,Yes,Yes,Yes,Two year,1,Electronic check,86.75,5186.0
1402-PTHGN,1,No,DSL,Yes,Yes,No,Yes,No,No,One year,1,Mailed check,61.5,1087.45
4176-RELJR,1,Yes,No,No internet service,No internet service,No internet service,No internet service,No internet service,No internet service,Two year,0,Credit card (automatic),25.1,1672.15
5199-FPUSP,0,No phone service,DSL,Yes,No,No,Yes,No,No,One year,0,Credit card (automatic),34.05,1113.95
6377-KSLXC,1,No,No,No internet service,No internet service,No internet service,No internet service,No internet service,No internet service,Month-to-month,0,Mailed check,19.95,107.05
1796-JANOW,1,No,No,No internet service,No internet service,No internet service,No internet service,No internet service,No internet service,Month-to-month,0,Mailed check,19.95,38.15
0238-WHBIQ,1,Yes,DSL,Yes,Yes,Yes,Yes,Yes,Yes,Two year,0,Credit card (automatic),89.7,6339.3
8735-NBLWT,1,No,No,No internet service,No internet service,No internet service,No internet service,No internet service,No internet service,Month-to-month,0,Mailed check,20.4,184.1
6651-RLGGM,1,Yes,No,No internet service,No internet service,No internet service,No internet service,No internet service,No internet service,Two year,0,Mailed check,26.3,1688.9
1614-JBEBI,1,No,No,No internet service,No internet service,No internet service,No internet service,No internet service,No internet service,Month-to-month,1,Mailed check,20.7,137.6
5696-EXCYS,1,No,No,No internet service,No internet service,No internet service,No internet service,No internet service,No internet service,Two year,0,Credit card (automatic),19.45,369.05
5795-KTGUD,1,Yes,Fiber optic,Yes,Yes,Yes,No,Yes,Yes,Two year,1,Bank transfer (automatic),110.8,7553.6
7924-GJZFI,1,No,Fiber optic,No,No,No,No,No,No,Month-to-month,1,Electronic check,69.3,1813.1
4702-HDRKD,0,No phone service,DSL,Yes,No,Yes,Yes,Yes,No,One year,1,Bank transfer (automatic),49.35,3321.35
8512-WIWYV,1,No,No,No internet service,No internet service,No internet service,No internet service,No internet service,No internet service,One year,0,Credit card (automatic),20.35,707.5
5897-ZYEKH,1,Yes,Fiber optic,Yes,Yes,No,No,Yes,Yes,One year,1,Electronic check,105.6,7112.15
5456-ITGIC,0,No phone service,DSL,Yes,Yes,Yes,Yes,Yes,Yes,Two year,1,Credit card (automatic),64.45,4641.1
1406-PUQVY,1,No,DSL,No,Yes,No,No,No,No,Month-to-month,1,Electronic check,49.9,49.9
9114-AAFQH,1,No,DSL,No,Yes,Yes,No,No,Yes,One year,1,Electronic check,65.65,3094.65
8715-KKTFG,1,Yes,Fiber optic,No,No,Yes,Yes,Yes,Yes,One year,1,Bank transfer (automatic),103.3,6518.35
1728-BQDMA,1,No,DSL,No,No,No,No,No,No,Month-to-month,0,Electronic check,44.45,82.7
5117-ZSMHQ,1,Yes,DSL,Yes,Yes,Yes,Yes,Yes,Yes,Two year,0,Bank transfer (automatic),89.9,6342.7
5151-HQRDG,1,Yes,DSL,Yes,No,No,No,No,No,Month-to-month,1,Mailed check,55.05,2030.75
0960-HUWBM,1,Yes,Fiber optic,No,No,Yes,Yes,Yes,Yes,Two year,1,Bank transfer (automatic),104.1,6700.05
6465-GSRCL,1,Yes,Fiber optic,No,Yes,No,Yes,Yes,Yes,One year,1,Bank transfer (automatic),106.6,7244.7
0263-FJTQO,1,Yes,DSL,Yes,No,No,Yes,Yes,No,Two year,1,Credit card (automatic),70.5,3486.65
7319-ZNRTR,1,No,No,No internet service,No internet service,No internet service,No internet service,No internet service,No internet service,One year,0,Electronic check,19.6,411.15
7503-EPSZW,1,Yes,No,No internet service,No internet service,No internet service,No internet service,No internet service,No internet service,Two year,1,Mailed check,24.05,1559.15
7089-XXAYG,0,No phone service,DSL,No,No,Yes,No,Yes,No,One year,1,Credit card (automatic),38.1,970.4
8070-AAWZP,0,No phone service,DSL,No,No,Yes,Yes,No,No,Month-to-month,0,Mailed check,34.25,828.2
1666-JXLKU,1,Yes,Fiber optic,No,No,Yes,No,Yes,Yes,Month-to-month,1,Electronic check,100.05,3810.55
7855-DIWPO,1,No,Fiber optic,No,No,No,No,No,No,Month-to-month,1,Electronic check,68.65,1493.2
5133-POWUA,1,No,DSL,No,No,No,No,No,No,Month-to-month,1,Mailed check,45.8,45.8
5652-MSDEY,1,Yes,Fiber optic,No,No,No,No,No,No,Month-to-month,1,Mailed check,75.75,777.3
1810-BOHSY,1,Yes,Fiber optic,Yes,Yes,No,No,No,Yes,One year,1,Credit card (automatic),96.4,4911.05
1784-BXEFA,1,No,No,No internet service,No internet service,No internet service,No internet service,No internet service,No internet service,Month-to-month,1,Mailed check,20.55,187.35
7351-MHQVU,0,No phone service,DSL,Yes,Yes,No,Yes,No,Yes,Month-to-month,0,Credit card (automatic),50.95,307.6
9224-VTYID,1,Yes,DSL,Yes,Yes,Yes,Yes,Yes,Yes,Two year,1,Mailed check,90.5,4318.35
9500-IWPXQ,1,Yes,DSL,Yes,Yes,Yes,Yes,No,Yes,One year,1,Electronic check,79.4,4820.55
5762-TJXGK,0,No phone service,DSL,Yes,Yes,Yes,No,Yes,Yes,Two year,1,Bank transfer (automatic),58.75,3038.55
4504-YOULA,1,Yes,DSL,Yes,Yes,No,No,No,No,Month-to-month,1,Credit card (automatic),59.45,2136.9
5569-IDSEY,1,Yes,Fiber optic,No,Yes,Yes,No,Yes,Yes,One year,1,Bank transfer (automatic),105.7,7472.15
7284-ZZLOH,1,No,DSL,Yes,No,Yes,No,No,No,Two year,0,Credit card (automatic),53.3,2296.25
1777-JYQPJ,0,No phone service,DSL,No,No,No,No,No,No,Month-to-month,0,Mailed check,24.3,38.45
3401-URHDA,1,Yes,DSL,Yes,No,No,Yes,No,No,One year,0,Credit card (automatic),59.9,3043.6
1599-EAHXY,1,Yes,No,No internet service,No internet service,No internet service,No internet service,No internet service,No internet service,One year,0,Credit card (automatic),23.95,1506.4
8631-XVRZL,1,No,No,No internet service,No internet service,No internet service,No internet service,No internet service,No internet service,One year,1,Mailed check,20.15,163.7
3853-LYGAM,1,Yes,Fiber optic,No,No,Yes,Yes,No,Yes,Month-to-month,1,Bank transfer (automatic),95.65,1640.0
5751-USDBL,1,No,DSL,Yes,No,Yes,Yes,Yes,Yes,Two year,0,Mailed check,81.0,3846.35
5680-LQOGP,1,No,DSL,Yes,Yes,Yes,Yes,Yes,Yes,Two year,1,Credit card (automatic),82.45,5646.6
8189-DUKMV,1,No,No,No internet service,No internet service,No internet service,No internet service,No internet service,No internet service,One year,0,Bank transfer (automatic),20.5,79.05
9931-DCEZH,1,No,DSL,No,Yes,No,Yes,No,No,One year,1,Credit card (automatic),54.4,1516.6
1898-JSNDC,1,No,DSL,No,Yes,No,No,Yes,No,One year,1,Credit card (automatic),58.6,2224.5
0315-LVCRK,1,No,Fiber optic,No,No,Yes,No,No,Yes,Month-to-month,0,Electronic check,84.8,888.75
3911-RSNHI,0,No phone service,DSL,No,Yes,Yes,Yes,Yes,Yes,Two year,1,Credit card (automatic),61.4,4310.35
2410-CIYFZ,1,No,No,No internet service,No internet service,No internet service,No internet service,No internet service,No internet service,Month-to-month,0,Mailed check,20.4,42.9
5505-OVWQW,1,No,No,No internet service,No internet service,No internet service,No internet service,No internet service,No internet service,One year,0,Mailed check,20.15,353.65
7271-AJDTL,1,Yes,Fiber optic,No,Yes,Yes,No,Yes,No,Month-to-month,1,Credit card (automatic),94.45,5073.1
1867-TJHTS,1,Yes,Fiber optic,Yes,No,No,No,No,No,Month-to-month,1,Bank transfer (automatic),79.8,4526.85
6860-YRJZP,1,Yes,Fiber optic,No,No,No,No,No,No,Month-to-month,1,Electronic check,74.05,678.45
4429-WYGFR,1,No,DSL,No,No,No,Yes,No,No,Month-to-month,0,Bank transfer (automatic),49.15,1237.3
2817-LVCPP,1,No,No,No internet service,No internet service,No internet service,No internet service,No internet service,No internet service,Two year,0,Credit card (automatic),19.4,1023.95
5038-ETMLM,1,Yes,Fiber optic,Yes,Yes,Yes,Yes,Yes,Yes,Two year,1,Bank transfer (automatic),113.65,8182.75
5056-FIMPT,1,No,Fiber optic,Yes,Yes,No,Yes,Yes,Yes,One year,1,Credit card (automatic),106.0,4532.3
4521-WFJAI,1,Yes,No,No internet service,No internet service,No internet service,No internet service,No internet service,No internet service,Two year,1,Bank transfer (automatic),25.95,1444.05
6569-KTMDU,1,No,No,No internet service,No internet service,No internet service,No internet service,No internet service,No internet service,Month-to-month,0,Mailed check,19.1,19.1
8809-XKHMD,1,Yes,Fiber optic,Yes,Yes,No,Yes,No,Yes,Two year,1,Bank transfer (automatic),100.55,7325.1
0396-YCHWO,1,Yes,Fiber optic,No,No,No,No,Yes,Yes,Month-to-month,1,Electronic check,95.4,3474.2
0867-LDTTC,1,No,DSL,No,No,Yes,Yes,Yes,Yes,Month-to-month,0,Bank transfer (automatic),75.15,392.65
9391-DXGGG,1,No,Fiber optic,No,Yes,Yes,No,No,Yes,One year,0,Credit card (automatic),89.15,3990.75
9844-FELAJ,1,Yes,Fiber optic,No,Yes,Yes,Yes,Yes,Yes,One year,1,Electronic check,107.9,7475.85
2122-SZZZD,1,No,No,No internet service,No internet service,No internet service,No internet service,No internet service,No internet service,One year,0,Credit card (automatic),19.5,835.5
3148-AOIQT,1,Yes,No,No internet service,No internet service,No internet service,No internet service,No internet service,No internet service,Two year,1,Credit card (automatic),24.95,1718.35
8395-ETZKQ,1,No,No,No internet service,No internet service,No internet service,No internet service,No internet service,No internet service,One year,0,Bank transfer (automatic),19.5,1193.55
6692-YQHXC,1,No,Fiber optic,No,No,No,No,No,No,Month-to-month,1,Credit card (automatic),69.95,1205.5
3889-VWBID,1,No,DSL,Yes,Yes,No,Yes,Yes,Yes,Two year,0,Bank transfer (automatic),82.85,5776.45
5222-JCXZT,1,No,No,No internet service,No internet service,No internet service,No internet service,No internet service,No internet service,Month-to-month,0,Mailed check,19.0,78.9
9754-CLVZW,0,No phone service,DSL,Yes,Yes,No,Yes,No,No,Month-to-month,0,Credit card (automatic),38.85,1025.15
2739-CCZMB,1,No,No,No internet service,No internet service,No internet service,No internet service,No internet service,No internet service,Month-to-month,0,Credit card (automatic),20.35,122.0
7080-TNUWP,1,Yes,Fiber optic,No,Yes,Yes,No,Yes,No,One year,1,Bank transfer (automatic),95.0,6602.9
0496-AHOOK,1,No,DSL,Yes,No,No,Yes,Yes,Yes,One year,0,Bank transfer (automatic),74.4,1712.9
8336-TAVKX,1,Yes,DSL,Yes,Yes,Yes,Yes,No,Yes,Two year,0,Bank transfer (automatic),78.45,5682.25
2468-SJFLM,1,No,Fiber optic,No,No,No,Yes,No,No,Month-to-month,1,Mailed check,74.3,74.3
3181-VTHOE,0,No phone service,DSL,No,Yes,Yes,Yes,No,Yes,One year,1,Bank transfer (automatic),51.05,3635.15
7168-HDQHG,1,No,No,No internet service,No internet service,No internet service,No internet service,No internet service,No internet service,Month-to-month,0,Bank transfer (automatic),19.2,702.9
4567-AKPIA,1,Yes,Fiber optic,No,Yes,Yes,Yes,Yes,Yes,One year,1,Bank transfer (automatic),109.1,4454.25
7901-HXJVA,1,No,Fiber optic,No,No,Yes,No,No,No,Month-to-month,0,Electronic check,76.45,1117.55
5924-IFQTT,1,Yes,DSL,No,Yes,Yes,Yes,Yes,No,Month-to-month,1,Electronic check,72.8,930.05
7968-QUXNS,1,No,No,No internet service,No internet service,No internet service,No internet service,No internet service,No internet service,Month-to-month,0,Mailed check,18.95,110.15
8903-WMRNW,1,No,Fiber optic,Yes,No,Yes,No,Yes,Yes,Month-to-month,0,Electronic check,101.75,1669.4
2452-SNHFZ,1,No,Fiber optic,Yes,No,No,No,No,No,Month-to-month,0,Credit card (automatic),75.45,3545.1
3629-WEAAM,1,No,DSL,No,No,Yes,Yes,No,Yes,Month-to-month,0,Mailed check,64.1,504.05
6029-CSMJE,0,No phone service,DSL,No,No,No,No,No,No,Month-to-month,1,Mailed check,25.65,440.2
7993-NQLJE,1,No,Fiber optic,Yes,No,No,No,No,No,Month-to-month,0,Mailed check,75.1,1151.55
9909-DFRJA,1,No,Fiber optic,Yes,No,Yes,Yes,No,Yes,One year,1,Bank transfer (automatic),95.85,2475.35
9099-FTUHS,1,Yes,DSL,Yes,No,No,No,No,No,Month-to-month,0,Electronic check,54.4,1249.25
0581-BXBUB,1,No,Fiber optic,No,Yes,No,No,No,No,Month-to-month,0,Electronic check,72.75,317.75
4962-CHQPW,1,No,No,No internet service,No internet service,No internet service,No internet service,No internet service,No internet service,One year,0,Mailed check,19.85,535.05
9467-ROOLM,1,No,No,No internet service,No internet service,No internet service,No internet service,No internet service,No internet service,Month-to-month,0,Mailed check,19.05,461.3
5150-ITWWB,1,Yes,Fiber optic,No,No,No,No,Yes,Yes,Month-to-month,1,Electronic check,94.85,335.75
2253-KPMNB,0,No phone service,DSL,Yes,Yes,Yes,Yes,No,No,Two year,0,Bank transfer (automatic),46.25,3121.4
1345-ZUKID,1,No,No,No internet service,No internet service,No internet service,No internet service,No internet service,No internet service,One year,0,Mailed check,19.35,324.8
6429-SHBCB,1,Yes,DSL,No,No,No,No,Yes,Yes,Month-to-month,0,Mailed check,69.6,1394.55
9281-OFDMF,1,Yes,Fiber optic,No,Yes,No,No,No,Yes,Month-to-month,0,Electronic check,90.7,3413.25
2603-HVKCG,1,No,Fiber optic,No,Yes,Yes,No,Yes,Yes,Month-to-month,1,Electronic check,101.4,3143.65
1834-WULEG,1,No,No,No internet service,No internet service,No internet service,No internet service,No internet service,No internet service,One year,0,Mailed check,20.25,439.75
9097-ZUBYC,1,No,DSL,No,No,No,Yes,No,No,Month-to-month,0,Bank transfer (automatic),48.8,664.4
5148-ORICT,1,No,DSL,Yes,Yes,Yes,Yes,No,Yes,Two year,1,Mailed check,74.35,4759.55
4893-GYUJU,1,No,No,No internet service,No internet service,No internet service,No internet service,No internet service,No internet service,One year,1,Mailed check,19.35,1033.0
4578-PHJYZ,1,No,DSL,No,Yes,Yes,Yes,Yes,No,One year,1,Electronic check,68.75,3482.85
7272-QDCKA,1,Yes,Fiber optic,No,Yes,No,No,Yes,Yes,One year,0,Electronic check,100.2,2688.45
8908-SLFCJ,1,No,No,No internet service,No internet service,No internet service,No internet service,No internet service,No internet service,Two year,1,Credit card (automatic),20.85,435.25
9766-HGEDE,1,No,No,No internet service,No internet service,No internet service,No internet service,No internet service,No internet service,One year,0,Mailed check,19.35,307.0
6968-MHOMU,0,No phone service,DSL,No,No,No,No,Yes,Yes,One year,1,Credit card (automatic),45.0,2689.35
5044-XDPYX,1,Yes,No,No internet service,No internet service,No internet service,No internet service,No internet service,No internet service,Two year,0,Mailed check,25.5,1281.25
1814-WFGVS,0,No phone service,DSL,Yes,No,Yes,Yes,Yes,No,Two year,0,Mailed check,48.9,3527.0
3721-WKIIL,1,No,No,No internet service,No internet service,No internet service,No internet service,No internet service,No internet service,Two year,1,Mailed check,19.6,561.15
6734-CKRSM,1,No,No,No internet service,No internet service,No internet service,No internet service,No internet service,No internet service,Month-to-month,0,Mailed check,20.0,63.6
1265-ZFOSD,1,Yes,DSL,Yes,Yes,Yes,Yes,No,Yes,Two year,1,Mailed check,81.3,5129.3
6568-POCUI,1,No,Fiber optic,No,No,No,Yes,Yes,Yes,Two year,1,Credit card (automatic),95.2,4285.8
5197-LQXXH,1,Yes,DSL,No,Yes,Yes,Yes,Yes,Yes,Two year,1,Credit card (automatic),83.3,5894.5
3457-PQBYH,1,No,No,No internet service,No internet service,No internet service,No internet service,No internet service,No internet service,Two year,0,Credit card (automatic),20.3,1160.75
7682-AZNDK,1,No,Fiber optic,No,Yes,Yes,No,Yes,No,Month-to-month,1,Electronic check,89.85,3091.75
5384-ZTTWP,1,No,No,No internet service,No internet service,No internet service,No internet service,No internet service,No internet service,Month-to-month,0,Mailed check,19.8,272.95
3745-HRPHI,0,No phone service,DSL,No,No,Yes,Yes,Yes,Yes,Two year,0,Bank transfer (automatic),54.65,3632.0
7636-OWBPG,0,No phone service,DSL,No,Yes,No,No,No,No,Month-to-month,1,Credit card (automatic),29.35,381.2
1231-YNDEK,1,No,No,No internet service,No internet service,No internet service,No internet service,No internet service,No internet service,Two year,1,Bank transfer (automatic),19.15,1035.5
1407-DIGZV,1,No,No,No internet service,No internet service,No internet service,No internet service,No internet service,No internet service,Two year,0,Mailed check,19.1,52.0
0570-BFQHT,1,No,Fiber optic,No,Yes,Yes,No,No,No,Month-to-month,0,Electronic check,80.55,653.9
4393-OBCRR,1,No,No,No internet service,No internet service,No internet service,No internet service,No internet service,No internet service,One year,0,Mailed check,20.25,71.2
8564-LDKFL,1,Yes,Fiber optic,No,Yes,Yes,No,Yes,Yes,One year,1,Bank transfer (automatic),106.0,4178.65
3696-DFHHB,1,Yes,No,No internet service,No internet service,No internet service,No internet service,No internet service,No internet service,Two year,0,Bank transfer (automatic),25.5,1821.8
4717-GHADL,1,Yes,DSL,No,Yes,No,Yes,Yes,Yes,Two year,1,Mailed check,79.6,4024.2
5501-TVMGM,1,No,DSL,No,No,No,No,No,Yes,Month-to-month,1,Electronic check,55.25,55.25
5879-HMFFH,1,Yes,DSL,Yes,Yes,Yes,Yes,Yes,Yes,Two year,0,Bank transfer (automatic),88.05,6520.8
6772-WFQRD,1,No,No,No internet service,No internet service,No internet service,No internet service,No internet service,No internet service,One year,1,Bank transfer (automatic),20.4,854.9
3810-DVDQQ,1,Yes,Fiber optic,Yes,Yes,Yes,Yes,Yes,Yes,Two year,1,Bank transfer (automatic),117.6,8308.9
6972-SNKKW,1,No,No,No internet service,No internet service,No internet service,No internet service,No internet service,No internet service,Month-to-month,0,Mailed check,20.0,109.2
3694-GLTJM,1,No,No,No internet service,No internet service,No internet service,No internet service,No internet service,No internet service,Month-to-month,1,Credit card (automatic),19.65,92.05
8550-XSXUQ,1,Yes,DSL,No,Yes,Yes,No,No,Yes,One year,1,Credit card (automatic),70.55,3420.5
9055-MOJJJ,1,No,DSL,Yes,No,No,Yes,Yes,No,One year,0,Mailed check,65.8,4068.0
4359-INNWN,1,No,No,No internet service,No internet service,No internet service,No internet service,No internet service,No internet service,One year,0,Credit card (automatic),20.05,337.9
0585-EGDDA,1,No,Fiber optic,No,Yes,Yes,No,No,No,Month-to-month,1,Electronic check,80.0,3168.75
4032-RMHCI,0,No phone service,DSL,Yes,No,Yes,No,No,No,One year,0,Credit card (automatic),35.4,1412.4
0549-CYCQN,1,Yes,Fiber optic,No,Yes,No,No,No,No,One year,1,Bank transfer (automatic),79.6,3974.7
3481-JHUZH,1,Yes,Fiber optic,No,Yes,No,No,No,No,Month-to-month,1,Electronic check,80.25,3439.0
3594-IVHJZ,1,No,No,No internet service,No internet service,No internet service,No internet service,No internet service,No internet service,Month-to-month,1,Mailed check,20.45,42.45
6869-FGJJC,1,No,Fiber optic,No,Yes,Yes,No,No,No,One year,0,Credit card (automatic),79.6,5461.45
3896-ZVNET,1,Yes,No,No internet service,No internet service,No internet service,No internet service,No internet service,No internet service,Two year,0,Mailed check,24.7,571.75
8205-VSLRB,1,Yes,DSL,Yes,No,Yes,Yes,No,Yes,Two year,0,Credit card (automatic),77.3,5498.2
5960-MVTUK,0,No phone service,DSL,No,No,No,Yes,No,No,Month-to-month,1,Electronic check,29.75,96.85
6817-WTYHE,1,No,DSL,No,No,No,No,No,No,Month-to-month,0,Bank transfer (automatic),44.9,111.05
3082-VQXNH,0,No phone service,DSL,No,Yes,No,No,No,No,Month-to-month,0,Credit card (automatic),29.8,94.4
4931-TRZWN,1,No,DSL,Yes,No,No,No,Yes,Yes,Month-to-month,1,Electronic check,71.95,923.85
0750-EKNGL,1,No,No,No internet service,No internet service,No internet service,No internet service,No internet service,No internet service,Month-to-month,0,Mailed check,20.75,141.1
7669-LCRSD,1,No,DSL,No,No,No,No,Yes,No,Month-to-month,1,Mailed check,56.3,628.65
3567-PQTSO,1,Yes,Fiber optic,No,Yes,Yes,No,Yes,Yes,One year,1,Electronic check,105.25,5576.3
8043-PNYSD,1,No,No,No internet service,No internet service,No internet service,No internet service,No internet service,No internet service,Two year,0,Mailed check,19.55,1245.6
9938-EKRGF,1,No,DSL,Yes,Yes,Yes,Yes,Yes,Yes,Month-to-month,0,Mailed check,84.45,1287.85
2703-AMTUL,1,No,DSL,Yes,Yes,No,No,No,No,One year,0,Mailed check,53.65,1939.35
0928-JMXNP,0,No phone service,DSL,No,No,Yes,No,No,No,Month-to-month,1,Electronic check,29.9,118.25
8173-RXAYP,1,No,No,No internet service,No internet service,No internet service,No internet service,No internet service,No internet service,Two year,0,Mailed check,19.7,452.55
4825-XJGDM,0,No phone service,DSL,Yes,Yes,Yes,Yes,No,No,One year,0,Credit card (automatic),43.7,2696.55
5402-HTOTQ,1,Yes,DSL,No,Yes,No,No,No,No,Month-to-month,0,Electronic check,55.3,875.35
6734-JDTTV,1,No,No,No internet service,No internet service,No internet service,No internet service,No internet service,No internet service,Two year,1,Credit card (automatic),19.85,1267.05
7850-THJMU,1,No,No,No internet service,No internet service,No internet service,No internet service,No internet service,No internet service,Two year,0,Credit card (automatic),19.65,494.9
3890-RTCMS,1,No,DSL,No,No,No,Yes,No,No,Month-to-month,1,Mailed check,49.45,799.0
3717-FDJFU,1,No,No,No internet service,No internet service,No internet service,No internet service,No internet service,No internet service,Two year,0,Mailed check,20.45,106.9
3665-JATSN,0,No phone service,DSL,No,Yes,No,No,No,Yes,Month-to-month,1,Electronic check,39.7,710.05
7966-YOTQW,1,Yes,DSL,Yes,No,No,No,No,No,Month-to-month,1,Credit card (automatic),54.5,568.2
8853-TZDGH,1,Yes,Fiber optic,No,Yes,Yes,Yes,Yes,Yes,Two year,1,Bank transfer (automatic),111.6,8012.75
4324-BZCKL,1,No,DSL,No,Yes,Yes,No,No,No,Month-to-month,1,Mailed check,55.55,551.3
6924-TDGMT,1,No,No,No internet service,No internet service,No internet service,No internet service,No internet service,No internet service,One year,1,Mailed check,20.55,184.95
1536-YHDOE,1,Yes,DSL,Yes,No,No,Yes,No,No,One year,1,Mailed check,62.1,1096.65
8123-QBNAZ,1,Yes,Fiber optic,Yes,No,Yes,No,Yes,Yes,Month-to-month,1,Credit card (automatic),104.5,3684.95
3629-ZNKXA,1,No,Fiber optic,No,Yes,Yes,No,Yes,Yes,Month-to-month,1,Electronic check,101.8,1752.45
4827-LTQRJ,1,Yes,Fiber optic,Yes,Yes,No,Yes,Yes,Yes,One year,1,Credit card (automatic),110.6,7210.85
7711-YIJWC,1,No,DSL,Yes,Yes,Yes,Yes,Yes,Yes,One year,0,Bank transfer (automatic),84.9,5264.5
5482-VXSXJ,1,No,Fiber optic,No,Yes,No,No,Yes,Yes,Month-to-month,1,Mailed check,93.2,2157.3
7365-BVCJH,0,No phone service,DSL,No,No,No,No,No,No,Month-to-month,1,Electronic check,24.4,24.4
9620-ENEJV,1,No,Fiber optic,No,No,No,No,No,No,Month-to-month,0,Credit card (automatic),70.55,433.95
2378-YIZKA,1,No,DSL,Yes,Yes,Yes,Yes,Yes,Yes,Two year,1,Credit card (automatic),85.0,5607.75
0689-DSXGL,1,No,Fiber optic,No,Yes,Yes,Yes,No,No,Month-to-month,0,Bank transfer (automatic),85.8,4433.3
6818-DJXAA,1,No,Fiber optic,No,No,Yes,Yes,Yes,No,Month-to-month,1,Electronic check,91.1,964.35
0464-WJTKO,1,No,No,No internet service,No internet service,No internet service,No internet service,No internet service,No internet service,Two year,0,Bank transfer (automatic),20.1,1460.85
8902-ZEOVF,1,No,No,No internet service,No internet service,No internet service,No internet service,No internet service,No internet service,One year,0,Mailed check,20.05,951.55
6778-EICRF,1,Yes,DSL,Yes,No,No,No,Yes,Yes,One year,0,Mailed check,74.8,1821.2
2662-NNTDK,1,Yes,No,No internet service,No internet service,No internet service,No internet service,No internet service,No internet service,One year,0,Credit card (automatic),24.8,1600.95
4132-KALRO,1,Yes,Fiber optic,No,No,No,Yes,Yes,Yes,Month-to-month,1,Mailed check,100.85,399.25
2874-YXVVA,1,No,Fiber optic,No,Yes,Yes,Yes,Yes,Yes,Month-to-month,1,Electronic check,105.1,3634.8
1245-HARPS,1,No,No,No internet service,No internet service,No internet service,No internet service,No internet service,No internet service,Two year,0,Mailed check,20.4,292.4
4323-ELYYB,1,No,No,No internet service,No internet service,No internet service,No internet service,No internet service,No internet service,One year,0,Mailed check,20.0,218.55
4293-ETKAP,1,Yes,DSL,No,Yes,No,Yes,Yes,Yes,Two year,1,Bank transfer (automatic),79.4,5071.9
6064-PUPMC,1,No,DSL,Yes,No,No,Yes,No,No,One year,0,Credit card (automatic),57.2,1423.35
6504-VBLFL,1,No,DSL,Yes,Yes,Yes,No,No,No,Two year,0,Electronic check,58.6,3068.6
6322-PJJDJ,1,No,Fiber optic,No,Yes,No,No,Yes,Yes,Two year,1,Electronic check,94.8,4690.65
0330-BGYZE,1,Yes,Fiber optic,No,Yes,Yes,No,Yes,Yes,One year,0,Bank transfer (automatic),102.5,6157.6
1085-LDWAM,1,No,No,No internet service,No internet service,No internet service,No internet service,No internet service,No internet service,One year,1,Credit card (automatic),20.35,1442.65
7586-ZATGZ,1,Yes,Fiber optic,No,No,No,No,Yes,No,Month-to-month,1,Electronic check,84.9,3369.05
7197-VOJMM,1,No,DSL,Yes,Yes,No,Yes,No,Yes,Two year,1,Credit card (automatic),69.2,4671.65
1843-TLSGD,1,No,No,No internet service,No internet service,No internet service,No internet service,No internet service,No internet service,Two year,0,Mailed check,20.85,272.35
9626-VFRGG,1,Yes,Fiber optic,No,Yes,No,No,Yes,No,Month-to-month,1,Bank transfer (automatic),88.5,3645.05
7075-BNDVQ,0,No phone service,DSL,Yes,No,Yes,No,No,No,Month-to-month,0,Mailed check,35.0,135.75
9143-CANJF,1,No,DSL,Yes,No,No,Yes,No,No,Month-to-month,0,Electronic check,55.15,1319.85
7284-BUYEC,0,No phone service,DSL,No,Yes,No,No,Yes,Yes,Month-to-month,1,Credit card (automatic),50.95,229.4
2041-JIJCI,1,Yes,DSL,No,Yes,No,No,No,Yes,Month-to-month,1,Electronic check,64.0,370.25
4900-MSOMT,1,Yes,DSL,Yes,Yes,Yes,Yes,Yes,No,Two year,0,Bank transfer (automatic),80.2,5714.2
2229-VWQJH,1,No,DSL,No,No,Yes,No,No,No,Month-to-month,1,Credit card (automatic),49.3,1233.25
9194-GFVOI,1,Yes,DSL,Yes,No,Yes,Yes,Yes,Yes,Two year,0,Credit card (automatic),84.35,3571.6
1336-EZFZY,1,No,No,No internet service,No internet service,No internet service,No internet service,No internet service,No internet service,Month-to-month,0,Mailed check,20.05,83.3
4282-MSACW,1,Yes,Fiber optic,Yes,Yes,Yes,Yes,Yes,Yes,One year,1,Credit card (automatic),117.2,8035.95
1403-LKLIK,1,No,No,No internet service,No internet service,No internet service,No internet service,No internet service,No internet service,One year,0,Mailed check,20.1,579.4
0136-IFMYD,1,Yes,Fiber optic,No,Yes,Yes,Yes,Yes,Yes,Two year,1,Electronic check,109.95,7634.25
5144-TVGLP,1,Yes,Fiber optic,No,No,No,No,Yes,Yes,Month-to-month,0,Electronic check,94.75,3653.0
9643-AVVWI,1,No,Fiber optic,No,Yes,No,Yes,No,No,Month-to-month,1,Electronic check,80.0,241.3
0253-ZTEOB,1,Yes,DSL,No,Yes,No,Yes,Yes,Yes,Two year,0,Electronic check,79.65,3870.3
2706-QZIHY,1,Yes,No,No internet service,No internet service,No internet service,No internet service,No internet service,No internet service,Two year,0,Mailed check,25.2,387.9
6061-PQHMK,1,No,No,No internet service,No internet service,No internet service,No internet service,No internet service,No internet service,One year,0,Credit card (automatic),19.9,527.5
6137-MFAJN,0,No phone service,DSL,Yes,Yes,No,No,Yes,No,Month-to-month,1,Electronic check,44.8,2104.55
9122-UMROB,1,No,No,No internet service,No internet service,No internet service,No internet service,No internet service,No internet service,Month-to-month,0,Mailed check,20.3,20.3
4232-JGKIY,1,No,No,No internet service,No internet service,No internet service,No internet service,No internet service,No internet service,Month-to-month,0,Electronic check,19.2,19.2
2402-TAIRZ,1,No,Fiber optic,No,Yes,Yes,No,No,No,One year,0,Electronic check,80.05,3019.1
9659-ZTWSM,1,Yes,Fiber optic,No,Yes,Yes,Yes,Yes,Yes,One year,1,Bank transfer (automatic),107.35,7051.95
9139-TWBAS,0,No phone service,DSL,Yes,Yes,Yes,No,Yes,No,One year,0,Bank transfer (automatic),47.85,1190.5
6685-GBWJZ,1,No,DSL,Yes,Yes,No,Yes,Yes,No,One year,0,Credit card (automatic),70.8,4448.8
2195-VVRJF,1,No,DSL,Yes,No,No,No,No,Yes,Month-to-month,1,Credit card (automatic),59.1,1011.05
3913-RDSJZ,1,Yes,No,No internet service,No internet service,No internet service,No internet service,No internet service,No internet service,Two year,0,Mailed check,25.55,1714.95
4203-QGNZA,1,No,No,No internet service,No internet service,No internet service,No internet service,No internet service,No internet service,Month-to-month,0,Mailed check,20.25,535.35
5043-TRZWM,1,No,Fiber optic,No,No,Yes,No,No,No,Month-to-month,0,Electronic check,75.55,75.55
9494-BDNNC,1,Yes,Fiber optic,No,Yes,Yes,No,No,Yes,One year,0,Electronic check,95.3,6273.4
1640-PLFMP,1,No,Fiber optic,No,No,No,No,No,No,Month-to-month,1,Electronic check,70.25,70.25
5366-OBVMR,1,No,DSL,No,No,No,Yes,No,No,Month-to-month,1,Mailed check,50.3,908.75
4573-JKNAE,1,No,No,No internet service,No internet service,No internet service,No internet service,No internet service,No internet service,Two year,0,Bank transfer (automatic),19.35,212.3
9817-APLHW,1,Yes,No,No internet service,No internet service,No internet service,No internet service,No internet service,No internet service,Month-to-month,0,Electronic check,25.0,316.2
8380-MQINP,1,No,No,No internet service,No internet service,No internet service,No internet service,No internet service,No internet service,Two year,0,Mailed check,20.3,1079.05
0840-DFEZH,1,Yes,Fiber optic,No,No,No,No,No,No,Month-to-month,1,Electronic check,75.35,564.65
8690-ZVLCL,1,Yes,DSL,Yes,Yes,Yes,Yes,Yes,Yes,Two year,0,Credit card (automatic),88.0,6161.9
1125-SNVCK,1,No,DSL,No,No,No,No,No,No,Month-to-month,0,Mailed check,43.8,2106.05
0384-LPITE,0,No phone service,DSL,Yes,Yes,Yes,No,Yes,Yes,One year,0,Credit card (automatic),62.05,2511.55
4616-EWBNJ,1,No,No,No internet service,No internet service,No internet service,No internet service,No internet service,No internet service,One year,0,Bank transfer (automatic),20.1,318.6
1335-HQMKX,1,Yes,Fiber optic,No,Yes,Yes,No,Yes,Yes,One year,1,Electronic check,101.35,7323.15
2545-EBUPK,1,Yes,Fiber optic,No,No,No,No,No,Yes,Month-to-month,1,Electronic check,84.05,186.05
6923-AQONU,1,No,No,No internet service,No internet service,No internet service,No internet service,No internet service,No internet service,Two year,0,Mailed check,20.9,454.0
2172-EJXVF,1,Yes,Fiber optic,No,Yes,Yes,No,Yes,Yes,One year,1,Electronic check,105.9,7521.95
4536-PLEQY,1,No,Fiber optic,No,Yes,No,No,No,Yes,Month-to-month,1,Credit card (automatic),85.05,999.8
7029-IJEJK,0,No phone service,DSL,Yes,No,No,Yes,No,Yes,One year,0,Bank transfer (automatic),44.1,2369.7
8871-JLMHM,1,Yes,Fiber optic,No,Yes,Yes,Yes,No,No,Two year,0,Credit card (automatic),90.2,6297.65
5447-VYTKW,1,No,DSL,Yes,No,No,Yes,No,No,Month-to-month,0,Mailed check,53.45,1461.45
3623-FQBOX,1,No,No,No internet service,No internet service,No internet service,No internet service,No internet service,No internet service,Month-to-month,1,Mailed check,19.95,416.4
8659-HDIYE,1,Yes,DSL,No,Yes,Yes,Yes,No,Yes,Month-to-month,0,Credit card (automatic),74.65,4869.35
3474-BAFSJ,0,No phone service,DSL,No,Yes,Yes,Yes,Yes,Yes,Two year,1,Bank transfer (automatic),57.5,3265.95
3865-ZFZIB,1,No,No,No internet service,No internet service,No internet service,No internet service,No internet service,No internet service,Two year,0,Mailed check,19.65,358.15
1855-AGAWH,1,No,Fiber optic,No,No,Yes,No,Yes,Yes,One year,1,Electronic check,93.8,2939.8
7109-CQYUZ,1,Yes,DSL,Yes,Yes,Yes,Yes,Yes,Yes,Two year,1,Mailed check,89.25,4652.4
1370-GGAWX,1,Yes,Fiber optic,No,Yes,Yes,No,No,Yes,One year,1,Electronic check,94.15,4408.45
4680-KUTAJ,1,Yes,DSL,Yes,No,No,No,No,No,Month-to-month,1,Electronic check,55.6,580.8
5307-UVGNB,0,No phone service,DSL,Yes,Yes,Yes,No,No,Yes,Month-to-month,1,Bank transfer (automatic),48.7,2495.2
2883-ILGWO,1,Yes,Fiber optic,No,Yes,No,Yes,Yes,Yes,Month-to-month,1,Bank transfer (automatic),104.9,5913.95
3642-BYHDO,1,No,No,No internet service,No internet service,No internet service,No internet service,No internet service,No internet service,Two year,0,Bank transfer (automatic),19.9,1389.35
9629-NHXFW,1,No,No,No internet service,No internet service,No internet service,No internet service,No internet service,No internet service,Month-to-month,1,Mailed check,19.4,19.4
2696-RZVZW,1,Yes,No,No internet service,No internet service,No internet service,No internet service,No internet service,No internet service,Two year,0,Credit card (automatic),25.05,1629.2
5766-FTRTS,1,No,DSL,Yes,Yes,Yes,Yes,Yes,Yes,Two year,0,Mailed check,84.45,6033.1
0396-HUJBP,1,No,No,No internet service,No internet service,No internet service,No internet service,No internet service,No internet service,Month-to-month,0,Mailed check,19.3,44.4
8879-ZKJOF,1,No,DSL,Yes,No,Yes,Yes,Yes,Yes,One year,1,Bank transfer (automatic),79.85,3320.75
6285-FTQBF,1,Yes,No,No internet service,No internet service,No internet service,No internet service,No internet service,No internet service,Two year,0,Credit card (automatic),25.55,1867.7
1474-JUWSM,1,Yes,DSL,Yes,No,No,Yes,No,Yes,One year,1,Electronic check,68.4,3972.25
3530-CRZSB,1,No,No,No internet service,No internet service,No internet service,No internet service,No internet service,No internet service,Month-to-month,0,Mailed check,20.65,155.9
8498-XXGWA,1,No,DSL,Yes,No,Yes,No,No,No,Month-to-month,1,Mailed check,55.15,3673.15
9617-INGJY,1,No,Fiber optic,No,No,No,No,No,No,Month-to-month,1,Mailed check,70.6,70.6
0621-TSSMU,1,No,No,No internet service,No internet service,No internet service,No internet service,No internet service,No internet service,One year,0,Credit card (automatic),19.95,1126.75
7234-KMNRQ,1,No,No,No internet service,No internet service,No internet service,No internet service,No internet service,No internet service,Month-to-month,0,Mailed check,19.0,73.45
7636-PEPNS,1,No,DSL,No,No,No,No,No,No,One year,1,Mailed check,44.1,2413.05
4683-WYDOU,1,Yes,Fiber optic,No,No,Yes,Yes,Yes,Yes,Two year,1,Bank transfer (automatic),107.6,6912.7
9052-DHNKM,1,Yes,DSL,Yes,Yes,No,No,No,No,One year,0,Electronic check,61.55,1581.95
6794-HKIAJ,1,Yes,Fiber optic,Yes,Yes,Yes,No,No,No,Month-to-month,0,Bank transfer (automatic),90.7,5586.45
5578-NKCXI,1,No,Fiber optic,Yes,Yes,No,No,Yes,Yes,One year,0,Credit card (automatic),99.25,5846.65
1642-HMARX,1,Yes,DSL,Yes,Yes,Yes,Yes,Yes,Yes,Two year,1,Electronic check,91.7,6424.7
3096-WPXBT,1,Yes,Fiber optic,Yes,Yes,Yes,No,No,Yes,One year,1,Credit card (automatic),100.7,6018.65
8434-PNQZX,1,Yes,DSL,No,No,Yes,Yes,Yes,Yes,Two year,1,Credit card (automatic),78.45,3373.4
5950-AAAGJ,1,Yes,Fiber optic,No,No,No,No,Yes,No,Month-to-month,0,Bank transfer (automatic),84.3,1537.9
4299-OPXEJ,1,No,No,No internet service,No internet service,No internet service,No internet service,No internet service,No internet service,Two year,1,Bank transfer (automatic),19.55,1080.55
9618-LFJRU,1,No,No,No internet service,No internet service,No internet service,No internet service,No internet service,No internet service,Month-to-month,0,Credit card (automatic),20.45,82.85
6693-DJWTY,1,No,DSL,Yes,Yes,No,No,No,No,One year,0,Credit card (automatic),55.6,2016.45
0744-GKNGE,1,Yes,Fiber optic,Yes,No,No,Yes,No,No,Month-to-month,1,Bank transfer (automatic),86.8,5327.25
6447-EGDIV,1,No,No,No internet service,No internet service,No internet service,No internet service,No internet service,No internet service,One year,0,Mailed check,20.95,683.25
1167-OYZJF,1,No,No,No internet service,No internet service,No internet service,No internet service,No internet service,No internet service,Two year,1,Bank transfer (automatic),20.05,1263.05
4806-DXQCE,1,Yes,Fiber optic,Yes,Yes,Yes,Yes,Yes,Yes,Two year,1,Electronic check,113.65,7714.65
4854-SSLTN,1,No,DSL,Yes,Yes,No,Yes,No,No,Two year,0,Mailed check,59.5,130.5
5294-DMSFH,1,No,Fiber optic,No,No,No,No,Yes,Yes,Month-to-month,1,Credit card (automatic),87.8,2621.75
4837-PZTIC,0,No phone service,DSL,Yes,No,Yes,Yes,No,No,Two year,0,Mailed check,41.9,1875.25
0603-OLQDC,1,No,DSL,Yes,No,No,No,Yes,Yes,Month-to-month,1,Mailed check,69.85,837.5
3272-VUHPV,1,No,DSL,No,Yes,No,Yes,No,No,Month-to-month,0,Bank transfer (automatic),56.3,401.5
4176-FXYBO,1,Yes,Fiber optic,Yes,Yes,Yes,No,Yes,Yes,Month-to-month,0,Electronic check,109.55,6118.95
1063-DHQJF,1,No,Fiber optic,No,Yes,No,Yes,Yes,No,Two year,1,Mailed check,92.15,6480.9
8663-UPDGF,1,Yes,DSL,Yes,Yes,No,No,Yes,No,Month-to-month,1,Bank transfer (automatic),69.5,1800.05
6719-FGEDO,1,Yes,Fiber optic,Yes,Yes,Yes,Yes,No,No,Two year,1,Bank transfer (automatic),97.0,7104.2
1837-YQUCE,0,No phone service,DSL,Yes,No,Yes,Yes,Yes,Yes,Two year,1,Bank transfer (automatic),58.35,4214.25
0369-ZGOVK,1,No,Fiber optic,No,No,No,No,No,No,One year,1,Bank transfer (automatic),70.4,1992.2
9919-KNPOO,1,Yes,Fiber optic,No,No,No,No,Yes,Yes,Month-to-month,1,Electronic check,94.3,1948.35
7872-BAAZR,1,No,No,No internet service,No internet service,No internet service,No internet service,No internet service,No internet service,One year,0,Bank transfer (automatic),19.55,1007.9
9391-LMANN,1,No,Fiber optic,Yes,Yes,Yes,No,No,Yes,One year,0,Electronic check,95.95,5036.9
8174-TBVCF,1,Yes,DSL,Yes,Yes,Yes,Yes,Yes,Yes,Two year,1,Credit card (automatic),94.8,6859.05
1698-XFZCI,1,Yes,Fiber optic,Yes,Yes,Yes,No,Yes,Yes,One year,1,Electronic check,107.75,6521.9
1877-HKBQX,1,No,DSL,Yes,No,No,Yes,No,No,One year,1,Mailed check,54.6,617.85
4450-DLLMH,1,No,Fiber optic,No,No,No,No,No,No,Month-to-month,1,Credit card (automatic),71.3,157.75
0428-AXXLJ,1,No,No,No internet service,No internet service,No internet service,No internet service,No internet service,No internet service,One year,1,Bank transfer (automatic),19.5,516.3
2746-DIJLO,1,Yes,DSL,No,Yes,No,No,No,No,One year,1,Credit card (automatic),56.3,2364.0
3508-VLHCZ,1,Yes,DSL,Yes,Yes,Yes,Yes,Yes,Yes,Two year,1,Credit card (automatic),90.55,6239.05
4086-ATNFV,1,No,DSL,Yes,Yes,Yes,No,No,No,One year,1,Mailed check,60.8,2042.05
0468-YRPXN,1,No,Fiber optic,No,No,Yes,Yes,Yes,Yes,Month-to-month,1,Credit card (automatic),98.8,2807.1
5996-NRVXR,1,No,Fiber optic,Yes,Yes,Yes,Yes,Yes,No,One year,1,Credit card (automatic),98.15,4116.8
3739-YBWAB,0,No phone service,DSL,Yes,No,Yes,No,No,No,One year,0,Mailed check,35.35,1317.95
7047-FWEYA,1,Yes,Fiber optic,No,Yes,No,Yes,Yes,Yes,One year,1,Electronic check,103.15,4594.65
2000-MPKCA,1,Yes,Fiber optic,Yes,Yes,Yes,No,Yes,Yes,One year,1,Electronic check,107.75,6332.75
9762-YAQAA,1,Yes,Fiber optic,No,Yes,No,No,No,No,One year,0,Credit card (automatic),81.4,3213.75
5473-KHBPS,1,Yes,Fiber optic,No,Yes,Yes,No,Yes,No,One year,1,Credit card (automatic),95.7,4976.15
0100-DUVFC,1,Yes,Fiber optic,No,Yes,Yes,No,Yes,Yes,One year,1,Electronic check,104.8,7308.95
5397-TUPSH,1,No,Fiber optic,No,No,No,No,No,No,One year,1,Bank transfer (automatic),70.95,4555.2
8950-MTZNV,1,No,DSL,No,No,No,No,No,No,Month-to-month,1,Mailed check,44.95,44.95
0326-VDYXE,1,Yes,Fiber optic,No,No,Yes,No,Yes,Yes,One year,1,Electronic check,97.65,6982.5
6773-LQTVT,0,No phone service,DSL,No,Yes,Yes,No,No,No,Month-to-month,1,Mailed check,35.65,1025.15
0436-TWFFZ,1,Yes,DSL,Yes,No,Yes,Yes,Yes,Yes,Two year,1,Mailed check,85.25,5714.2
8566-YPRGL,1,No,No,No internet service,No internet service,No internet service,No internet service,No internet service,No internet service,Month-to-month,1,Mailed check,19.5,19.5
6609-MXJHJ,1,Yes,No,No internet service,No internet service,No internet service,No internet service,No internet service,No internet service,Two year,1,Mailed check,25.1,789.55
2669-OIDSD,1,No,Fiber optic,No,No,Yes,Yes,Yes,Yes,Month-to-month,1,Credit card (automatic),100.05,4834.0
8400-WZICQ,1,No,DSL,Yes,Yes,No,No,No,No,Month-to-month,0,Electronic check,55.7,3131.8
9576-SYUHJ,1,Yes,Fiber optic,Yes,No,No,No,Yes,No,Month-to-month,1,Electronic check,91.15,3369.25
0410-IPFTY,1,No,Fiber optic,No,Yes,No,No,No,Yes,Month-to-month,1,Bank transfer (automatic),83.85,2674.15
2831-EBWRN,1,No,DSL,No,No,No,No,No,No,Month-to-month,1,Electronic check,45.9,199.75
9430-NKQLY,1,Yes,No,No internet service,No internet service,No internet service,No internet service,No internet service,No internet service,Two year,1,Credit card (automatic),25.1,1790.8
0247-SLUJI,1,No,No,No internet service,No internet service,No internet service,No internet service,No internet service,No internet service,Month-to-month,0,Mailed check,19.7,19.7
9402-ORRAH,1,No,Fiber optic,No,No,No,No,Yes,Yes,Month-to-month,1,Electronic check,91.5,1400.3
6483-OATDN,1,No,DSL,Yes,No,No,No,No,No,Month-to-month,1,Credit card (automatic),51.3,411.6
1293-HHSHJ,1,No,No,No internet service,No internet service,No internet service,No internet service,No internet service,No internet service,One year,0,Mailed check,21.1,741.0
4840-ORQXB,1,Yes,Fiber optic,No,Yes,Yes,No,Yes,Yes,Month-to-month,0,Electronic check,104.75,5841.35
3982-DQLUS,1,Yes,Fiber optic,Yes,Yes,No,No,No,No,Month-to-month,1,Electronic check,85.75,5688.45
8610-ZIKJJ,1,No,No,No internet service,No internet service,No internet service,No internet service,No internet service,No internet service,One year,0,Mailed check,20.3,31.9
3756-VNWDH,1,Yes,Fiber optic,Yes,No,No,No,Yes,Yes,One year,1,Electronic check,100.75,6674.65
7801-KICAO,1,Yes,Fiber optic,No,No,No,No,No,No,Month-to-month,1,Electronic check,74.15,1345.75
7673-LPRNY,1,Yes,DSL,Yes,No,Yes,No,Yes,Yes,One year,1,Electronic check,78.55,1843.05
6060-QBMGV,1,No,No,No internet service,No internet service,No internet service,No internet service,No internet service,No internet service,Two year,0,Credit card (automatic),19.85,1433.8
7339-POGZN,1,Yes,DSL,No,No,No,No,No,No,Month-to-month,0,Electronic check,50.7,214.55
2828-SLQPF,1,No,DSL,No,No,No,No,No,No,Month-to-month,1,Bank transfer (automatic),45.0,865.85
4465-VDKIQ,1,No,Fiber optic,No,Yes,Yes,No,No,No,Month-to-month,0,Electronic check,77.8,1358.6
2921-XWDJH,1,No,Fiber optic,Yes,No,No,No,No,Yes,Month-to-month,1,Electronic check,83.45,3147.15
2558-BUOZZ,1,Yes,Fiber optic,Yes,Yes,No,No,Yes,No,One year,0,Bank transfer (automatic),94.8,4535.85
9257-AZMTZ,1,No,No,No internet service,No internet service,No internet service,No internet service,No internet service,No internet service,Two year,0,Bank transfer (automatic),20.1,1078.75
0003-MKNFE,1,Yes,DSL,No,No,No,No,No,Yes,Month-to-month,0,Mailed check,59.9,542.4
0975-UYDTX,1,Yes,DSL,Yes,Yes,Yes,Yes,Yes,Yes,One year,1,Credit card (automatic),90.1,2312.55
4682-BLBUC,1,No,DSL,No,Yes,Yes,Yes,Yes,No,One year,1,Electronic check,70.95,3250.45
0975-VOOVL,0,No phone service,DSL,No,Yes,No,No,No,No,Month-to-month,0,Mailed check,29.2,98.5
5968-VXZLG,1,No,DSL,No,No,No,No,No,No,Month-to-month,1,Bank transfer (automatic),46.6,87.9
5201-FRKKS,1,No,Fiber optic,Yes,No,No,No,No,No,Month-to-month,0,Bank transfer (automatic),74.3,1952.25
9799-CAYJJ,1,No,Fiber optic,No,No,No,No,No,No,Month-to-month,1,Electronic check,69.3,153.8
5443-SCMKX,1,Yes,Fiber optic,No,Yes,Yes,No,No,Yes,One year,1,Electronic check,94.3,5610.15
8295-KMENE,1,Yes,DSL,Yes,No,Yes,Yes,Yes,No,Two year,1,Mailed check,76.45,4519.5
6738-ISCBM,0,No phone service,DSL,Yes,No,Yes,No,Yes,Yes,One year,1,Electronic check,54.0,2440.25
9821-BESNZ,1,Yes,Fiber optic,No,Yes,No,Yes,Yes,Yes,One year,1,Electronic check,104.25,6860.6
3678-MNGZX,1,No,No,No internet service,No internet service,No internet service,No internet service,No internet service,No internet service,Two year,0,Bank transfer (automatic),19.95,1377.7
1335-NTIUC,0,No phone service,DSL,No,No,No,No,No,No,Month-to-month,1,Electronic check,24.95,190.25
2916-BQZLN,1,Yes,Fiber optic,Yes,No,Yes,No,No,No,Month-to-month,1,Electronic check,84.75,1651.95
4558-CGYCZ,1,No,No,No internet service,No internet service,No internet service,No internet service,No internet service,No internet service,Month-to-month,0,Mailed check,19.75,78.3
2368-GAKKQ,1,Yes,Fiber optic,Yes,Yes,Yes,Yes,Yes,Yes,Two year,1,Bank transfer (automatic),113.65,7939.25
8710-YGLWG,1,No,DSL,No,No,No,No,No,No,Month-to-month,1,Mailed check,44.9,44.9
3199-XGZCY,1,Yes,Fiber optic,No,No,No,No,No,No,Month-to-month,1,Electronic check,75.25,576.7
3785-KTYSH,1,Yes,No,No internet service,No internet service,No internet service,No internet service,No internet service,No internet service,Two year,0,Mailed check,24.6,1279.0
6814-ZPWFQ,1,Yes,No,No internet service,No internet service,No internet service,No internet service,No internet service,No internet service,One year,0,Bank transfer (automatic),25.0,1260.7
4063-EIKNQ,1,No,No,No internet service,No internet service,No internet service,No internet service,No internet service,No internet service,Month-to-month,0,Bank transfer (automatic),20.95,267.35
6993-YCOBK,1,Yes,Fiber optic,Yes,No,Yes,Yes,Yes,Yes,Two year,1,Electronic check,110.6,6586.85
5206-HPJKM,1,No,DSL,Yes,Yes,No,No,No,No,Month-to-month,1,Credit card (automatic),55.5,934.15
8393-JMVMB,1,No,No,No internet service,No internet service,No internet service,No internet service,No internet service,No internet service,Month-to-month,0,Mailed check,19.45,19.45
5019-GQVCR,1,Yes,Fiber optic,No,No,No,No,Yes,No,Month-to-month,1,Electronic check,84.85,3645.6
6036-TTFYU,1,No,No,No internet service,No internet service,No internet service,No internet service,No internet service,No internet service,Month-to-month,0,Mailed check,19.6,314.45
2550-AEVRU,1,No,DSL,Yes,Yes,No,No,No,No,One year,0,Electronic check,53.45,3053.0
0969-RGKCU,1,No,No,No internet service,No internet service,No internet service,No internet service,No internet service,No internet service,One year,0,Credit card (automatic),19.8,677.05
0378-CJKPV,1,Yes,Fiber optic,Yes,Yes,Yes,Yes,Yes,Yes,Two year,0,Credit card (automatic),112.1,7965.95
2880-FPNAE,1,No,Fiber optic,No,No,Yes,No,No,No,Month-to-month,1,Electronic check,74.2,140.1
1703-MGIAB,1,Yes,DSL,No,No,Yes,Yes,Yes,No,Month-to-month,1,Mailed check,69.0,1108.0
4311-QTTAI,1,No,No,No internet service,No internet service,No internet service,No internet service,No internet service,No internet service,One year,0,Credit card (automatic),19.35,295.55
4318-RAJVY,1,No,No,No internet service,No internet service,No internet service,No internet service,No internet service,No internet service,One year,1,Mailed check,19.8,198.25
3612-YUNGG,1,Yes,Fiber optic,No,Yes,Yes,Yes,Yes,Yes,Two year,1,Credit card (automatic),109.2,6741.15
2254-DLXRI,1,Yes,Fiber optic,No,Yes,No,No,No,No,Month-to-month,1,Mailed check,79.15,79.15
5062-CJJKH,1,No,DSL,No,Yes,Yes,No,No,No,One year,0,Mailed check,53.65,1355.45
9028-LIHRP,1,No,Fiber optic,Yes,Yes,Yes,Yes,Yes,No,Two year,0,Credit card (automatic),100.2,7209.0
1053-MXTTK,1,No,Fiber optic,Yes,Yes,Yes,Yes,Yes,Yes,Two year,1,Bank transfer (automatic),108.65,7726.35
1530-ZTDOZ,0,No phone service,DSL,Yes,No,No,No,Yes,No,Month-to-month,0,Bank transfer (automatic),40.65,2070.75
1301-LOPVR,0,No phone service,DSL,Yes,Yes,Yes,Yes,No,Yes,One year,1,Credit card (automatic),55.35,1636.95
0853-TWRVK,1,Yes,Fiber optic,Yes,Yes,Yes,Yes,No,Yes,Two year,0,Bank transfer (automatic),105.6,7581.5
6212-ATMLK,1,Yes,Fiber optic,No,No,No,No,Yes,Yes,Month-to-month,1,Electronic check,95.7,4729.75
8200-LGKSR,1,Yes,DSL,Yes,No,Yes,Yes,Yes,Yes,Two year,0,Electronic check,83.2,6126.1
1568-BEKZM,1,Yes,DSL,Yes,Yes,Yes,Yes,Yes,Yes,Two year,0,Credit card (automatic),90.05,6333.4
0670-ANMUU,1,Yes,Fiber optic,Yes,No,No,Yes,No,Yes,One year,0,Credit card (automatic),97.65,6687.85
6897-RWMUB,1,No,DSL,Yes,Yes,Yes,Yes,No,No,Two year,1,Bank transfer (automatic),68.05,4158.25
6999-CHVCF,1,Yes,Fiber optic,Yes,Yes,Yes,No,No,Yes,Two year,1,Bank transfer (automatic),102.1,7149.35
6134-KWTBV,1,Yes,No,No internet service,No internet service,No internet service,No internet service,No internet service,No internet service,Two year,0,Bank transfer (automatic),23.4,1429.65
1077-HUUJM,1,No,Fiber optic,No,No,No,No,No,No,Month-to-month,1,Electronic check,71.05,472.65
0895-LNKRC,1,No,No,No internet service,No internet service,No internet service,No internet service,No internet service,No internet service,One year,0,Mailed check,19.45,113.5
2045-BMBTJ,0,No phone service,DSL,Yes,Yes,Yes,No,Yes,Yes,Month-to-month,1,Bank transfer (automatic),59.45,1884.65
8417-GSODA,1,Yes,Fiber optic,No,No,No,No,Yes,Yes,One year,0,Bank transfer (automatic),92.2,2568.15
5171-EPLKN,1,No,No,No internet service,No internet service,No internet service,No internet service,No internet service,No internet service,Two year,0,Credit card (automatic),19.85,470.0
4452-QIIEB,1,No,DSL,No,No,No,No,No,No,Month-to-month,0,Mailed check,43.9,278.4
6741-EGCBI,1,Yes,Fiber optic,Yes,No,No,No,No,Yes,Month-to-month,1,Credit card (automatic),90.5,2595.85
7820-ZYGNY,1,Yes,Fiber optic,No,Yes,No,No,No,Yes,One year,0,Credit card (automatic),90.45,5825.5
9677-AVKED,1,Yes,DSL,No,Yes,Yes,Yes,Yes,Yes,One year,1,Electronic check,84.6,4449.75
2227-JRSJX,1,No,Fiber optic,No,Yes,No,Yes,Yes,Yes,Month-to-month,1,Bank transfer (automatic),99.15,1956.4
9847-HNVGP,1,No,No,No internet service,No internet service,No internet service,No internet service,No internet service,No internet service,One year,0,Mailed check,19.95,310.6
6696-YDAYZ,1,No,No,No internet service,No internet service,No internet service,No internet service,No internet service,No internet service,Two year,0,Mailed check,20.5,290.55
8980-WQFWL,1,No,DSL,No,No,Yes,No,No,Yes,Month-to-month,1,Electronic check,62.1,2096.1
1730-ZMAME,1,No,Fiber optic,No,No,No,No,No,Yes,Month-to-month,1,Electronic check,79.5,2665.0
6506-EYCNH,1,No,No,No internet service,No internet service,No internet service,No internet service,No internet service,No internet service,Month-to-month,1,Bank transfer (automatic),19.55,543.8
4634-JLRJT,1,No,No,No internet service,No internet service,No internet service,No internet service,No internet service,No internet service,Month-to-month,1,Mailed check,20.35,20.35
9501-UKKNL,0,No phone service,DSL,No,No,No,Yes,Yes,Yes,Month-to-month,1,Electronic check,51.7,3005.8
2560-QTSBS,1,Yes,No,No internet service,No internet service,No internet service,No internet service,No internet service,No internet service,One year,1,Bank transfer (automatic),23.3,1623.15
4795-WRNVT,1,No,DSL,Yes,Yes,No,No,Yes,No,Month-to-month,0,Mailed check,65.1,2586.0
6080-TCMYC,1,Yes,Fiber optic,No,No,Yes,No,No,No,Month-to-month,1,Electronic check,81.2,3292.3
7860-UXCRM,1,No,DSL,Yes,Yes,Yes,Yes,Yes,No,Two year,0,Credit card (automatic),74.5,4674.55
6357-JJPQT,1,No,Fiber optic,No,No,No,No,Yes,No,Month-to-month,1,Electronic check,80.5,232.35
2292-XQWSV,0,No phone service,DSL,No,Yes,Yes,Yes,Yes,Yes,One year,0,Mailed check,60.3,2448.5
9552-TGUZV,1,No,Fiber optic,Yes,No,No,No,No,No,Month-to-month,1,Mailed check,75.0,658.1
5913-INRQV,1,No,Fiber optic,Yes,No,No,Yes,Yes,No,One year,0,Mailed check,90.15,3128.8
9643-YBLUR,1,Yes,DSL,No,Yes,Yes,No,No,Yes,Month-to-month,1,Credit card (automatic),69.05,653.95
8734-FNWVH,1,Yes,DSL,No,No,No,No,No,Yes,Month-to-month,0,Bank transfer (automatic),59.7,1825.5
9447-YPTBX,1,No,No,No internet service,No internet service,No internet service,No internet service,No internet service,No internet service,One year,1,Bank transfer (automatic),19.85,943.1
9026-LHEVG,0,No phone service,DSL,No,Yes,No,No,No,Yes,Month-to-month,0,Electronic check,40.75,359.4
7011-CVEUC,1,No,Fiber optic,No,No,No,Yes,Yes,Yes,Month-to-month,1,Credit card (automatic),95.7,2338.35
6185-TASNN,1,No,DSL,No,No,No,No,No,No,Month-to-month,0,Electronic check,46.3,46.3
7925-PNRGI,1,Yes,DSL,Yes,Yes,Yes,Yes,Yes,No,Month-to-month,0,Mailed check,81.3,3541.1
1552-CZCLL,1,No,No,No internet service,No internet service,No internet service,No internet service,No internet service,No internet service,Month-to-month,0,Credit card (automatic),20.0,1087.25
3038-PQIUY,1,Yes,DSL,Yes,Yes,Yes,No,No,No,Month-to-month,1,Bank transfer (automatic),66.15,2522.4
9313-CDOGY,1,No,No,No internet service,No internet service,No internet service,No internet service,No internet service,No internet service,Month-to-month,0,Electronic check,19.6,717.3
8148-BPLZQ,1,No,DSL,No,Yes,No,No,No,No,Month-to-month,1,Electronic check,49.8,1734.2
2623-DRYAM,1,Yes,Fiber optic,No,No,Yes,No,Yes,Yes,One year,1,Electronic check,101.75,7069.3
9987-LUTYD,1,No,DSL,Yes,No,No,Yes,No,No,One year,0,Mailed check,55.15,742.9
4488-KQFDT,1,Yes,Fiber optic,No,Yes,Yes,No,Yes,Yes,One year,1,Electronic check,103.95,6423.0
5693-PIPCS,1,No,Fiber optic,No,Yes,No,Yes,Yes,Yes,Two year,1,Credit card (automatic),99.65,4220.35
0491-KAPQG,1,Yes,Fiber optic,No,No,No,No,No,No,Month-to-month,1,Electronic check,73.7,1558.7
1925-LFCZZ,0,No phone service,DSL,No,No,Yes,No,Yes,Yes,One year,1,Bank transfer (automatic),50.05,2743.45
8039-EQPIM,0,No phone service,DSL,Yes,No,Yes,Yes,Yes,Yes,Two year,0,Bank transfer (automatic),60.25,4055.5
8707-RMEZH,1,No,Fiber optic,Yes,Yes,No,No,No,Yes,One year,0,Credit card (automatic),87.3,6055.55
3209-ZPKFI,1,Yes,DSL,No,Yes,No,No,No,No,Month-to-month,0,Electronic check,54.25,2538.2
6479-VDGRK,1,No,DSL,Yes,Yes,Yes,Yes,Yes,Yes,Two year,0,Bank transfer (automatic),85.3,6129.2
9373-WSLOY,0,No phone service,DSL,No,Yes,Yes,Yes,Yes,No,Month-to-month,1,Electronic check,50.0,1750.85
3569-JFODW,1,Yes,DSL,Yes,Yes,Yes,Yes,Yes,Yes,Two year,0,Credit card (automatic),90.95,6652.45
9819-FBNSV,1,No,Fiber optic,No,No,No,No,No,No,Month-to-month,1,Bank transfer (automatic),72.25,2575.45
9544-PYPSJ,1,Yes,Fiber optic,No,Yes,Yes,No,No,Yes,Month-to-month,1,Credit card (automatic),96.1,6019.35
1591-XWLGB,1,No,No,No internet service,No internet service,No internet service,No internet service,No internet service,No internet service,Two year,0,Credit card (automatic),19.85,1379.6
0396-UKGAI,1,No,DSL,No,Yes,No,Yes,No,No,Month-to-month,1,Bank transfer (automatic),55.3,1284.2
3243-ZHOHY,1,No,No,No internet service,No internet service,No internet service,No internet service,No internet service,No internet service,One year,0,Mailed check,20.1,296.15
5186-EJEGL,1,No,DSL,Yes,No,Yes,Yes,Yes,No,Month-to-month,1,Mailed check,69.5,653.25
7527-QNRUS,1,Yes,No,No internet service,No internet service,No internet service,No internet service,No internet service,No internet service,Two year,1,Mailed check,25.15,412.6
2203-GHNWN,1,Yes,Fiber optic,No,No,Yes,No,No,No,Month-to-month,1,Mailed check,79.65,1928.7
3878-AVSOQ,1,No,Fiber optic,No,No,No,No,No,No,Month-to-month,1,Electronic check,71.25,71.25
3258-SYSWS,1,Yes,Fiber optic,Yes,Yes,Yes,Yes,Yes,Yes,Two year,0,Bank transfer (automatic),113.8,7845.8
5296-PSYVW,1,Yes,No,No internet service,No internet service,No internet service,No internet service,No internet service,No internet service,Two year,0,Electronic check,24.55,1750.7
6319-QSUSR,1,No,No,No internet service,No internet service,No internet service,No internet service,No internet service,No internet service,Month-to-month,0,Credit card (automatic),19.7,216.2
0512-FLFDW,1,Yes,Fiber optic,No,No,Yes,No,Yes,Yes,One year,1,Credit card (automatic),100.5,6029.0
0487-CRLZF,1,No,DSL,No,No,Yes,Yes,Yes,Yes,Two year,1,Bank transfer (automatic),74.45,3721.9
2107-FBPTK,1,Yes,Fiber optic,No,Yes,Yes,No,Yes,Yes,Month-to-month,1,Electronic check,104.1,3121.1
9451-WLYRI,1,No,No,No internet service,No internet service,No internet service,No internet service,No internet service,No internet service,One year,0,Credit card (automatic),19.05,990.45
8219-VYBVI,1,Yes,No,No internet service,No internet service,No internet service,No internet service,No internet service,No internet service,Two year,0,Mailed check,25.0,1004.35
1991-VOPLL,1,No,No,No internet service,No internet service,No internet service,No internet service,No internet service,No internet service,Month-to-month,0,Mailed check,19.05,157.65
9738-QLWTP,1,No,Fiber optic,No,No,Yes,Yes,No,No,One year,0,Electronic check,81.9,3219.75
1016-DJTSV,1,No,Fiber optic,No,No,No,No,No,No,Month-to-month,1,Electronic check,69.7,572.85
9419-IPPBE,1,Yes,Fiber optic,No,No,Yes,No,No,Yes,One year,1,Electronic check,90.15,4554.85
0174-QRVVY,1,Yes,No,No internet service,No internet service,No internet service,No internet service,No internet service,No internet service,Two year,0,Credit card (automatic),25.35,1847.55
5699-BNCAS,1,Yes,No,No internet service,No internet service,No internet service,No internet service,No internet service,No internet service,Two year,1,Mailed check,24.65,1766.75
2900-PHPLN,1,No,No,No internet service,No internet service,No internet service,No internet service,No internet service,No internet service,Two year,1,Credit card (automatic),19.55,1462.05
8106-GWQOK,0,No phone service,DSL,Yes,Yes,No,Yes,Yes,Yes,Two year,1,Bank transfer (automatic),60.0,2193.2
8751-EDEKA,1,No,Fiber optic,No,Yes,Yes,No,No,Yes,Month-to-month,0,Credit card (automatic),89.9,2433.5
6878-GGDWG,1,No,No,No internet service,No internet service,No internet service,No internet service,No internet service,No internet service,Month-to-month,0,Bank transfer (automatic),19.4,641.15
4039-PIMHX,1,No,DSL,No,Yes,No,No,No,No,Two year,0,Mailed check,49.8,2398.4
8450-LUGUK,1,Yes,No,No internet service,No internet service,No internet service,No internet service,No internet service,No internet service,Two year,1,Bank transfer (automatic),24.1,861.85
3604-WLABM,1,No,DSL,No,No,Yes,Yes,No,No,Month-to-month,0,Electronic check,54.25,583.0
0795-GMVQO,1,Yes,Fiber optic,Yes,Yes,Yes,No,Yes,Yes,One year,0,Credit card (automatic),109.9,7332.4
2259-OUUSZ,0,No phone service,DSL,No,No,Yes,Yes,No,No,One year,1,Credit card (automatic),35.5,249.55
1142-IHLOO,1,No,Fiber optic,No,No,No,No,Yes,Yes,One year,0,Credit card (automatic),87.55,4475.9
4633-MKHYU,1,No,Fiber optic,No,No,No,No,Yes,Yes,Month-to-month,1,Mailed check,88.4,788.6
6257-RJOHI,1,No,DSL,No,No,No,Yes,No,No,Month-to-month,1,Mailed check,50.8,202.3
1545-JFUML,1,Yes,Fiber optic,Yes,Yes,Yes,No,Yes,No,Two year,1,Electronic check,99.0,6994.6
7826-VVKWT,1,No,Fiber optic,No,No,Yes,No,Yes,Yes,Two year,1,Electronic check,96.55,2263.45
1353-GHZOS,1,No,DSL,Yes,No,No,No,Yes,No,One year,1,Bank transfer (automatic),59.75,1374.35
2587-EKXTS,1,Yes,Fiber optic,Yes,Yes,Yes,No,Yes,Yes,Month-to-month,1,Electronic check,111.5,4915.15
5442-BXVND,1,Yes,No,No internet service,No internet service,No internet service,No internet service,No internet service,No internet service,Month-to-month,0,Bank transfer (automatic),24.25,838.5
9753-OYLBX,1,No,No,No internet service,No internet service,No internet service,No internet service,No internet service,No internet service,Month-to-month,0,Mailed check,20.5,20.5
2364-UFROM,1,No,DSL,Yes,Yes,No,Yes,Yes,No,One year,0,Electronic check,70.4,2044.75
6656-JWRQX,0,No phone service,DSL,No,No,No,Yes,No,No,Month-to-month,0,Mailed check,30.55,30.55
6473-ULUHT,1,Yes,DSL,Yes,Yes,No,Yes,Yes,Yes,Month-to-month,0,Electronic check,84.9,1398.25
7688-AWMDX,1,No,DSL,Yes,No,No,Yes,No,No,Two year,0,Bank transfer (automatic),54.5,3778.2
2842-BCQGE,1,Yes,Fiber optic,No,No,No,No,No,No,Month-to-month,1,Credit card (automatic),75.35,3161.4
7244-QWYHG,0,No phone service,DSL,Yes,No,No,Yes,Yes,No,One year,1,Bank transfer (automatic),44.45,2188.45
5312-UXESG,1,Yes,Fiber optic,No,No,Yes,No,Yes,Yes,Month-to-month,0,Bank transfer (automatic),98.05,3990.6
2150-WLKUW,1,Yes,DSL,No,Yes,No,No,Yes,No,One year,0,Bank transfer (automatic),63.9,2635.0
7159-FVYPK,1,Yes,DSL,No,Yes,Yes,No,Yes,No,Month-to-month,1,Bank transfer (automatic),69.15,235.0
7032-LMBHI,1,Yes,DSL,Yes,No,No,No,Yes,No,One year,0,Bank transfer (automatic),64.65,2347.85
6088-BXMRG,1,Yes,Fiber optic,No,Yes,No,No,Yes,Yes,Month-to-month,1,Electronic check,98.85,3089.6
4821-SJHJV,1,Yes,Fiber optic,Yes,No,No,No,Yes,No,Month-to-month,0,Electronic check,89.6,2901.8
7346-MEDWM,1,Yes,Fiber optic,No,Yes,Yes,No,No,No,Month-to-month,1,Electronic check,83.25,4949.1
1137-DGOWI,1,No,DSL,No,Yes,Yes,Yes,No,Yes,One year,0,Bank transfer (automatic),70.25,2198.9
3812-LRZIR,1,Yes,No,No internet service,No internet service,No internet service,No internet service,No internet service,No internet service,Two year,0,Electronic check,24.5,761.95
9483-GCPWE,1,No,No,No internet service,No internet service,No internet service,No internet service,No internet service,No internet service,One year,0,Mailed check,20.1,190.25
4227-OJHAL,1,Yes,DSL,Yes,Yes,Yes,No,Yes,No,One year,1,Credit card (automatic),73.0,5163.0
9220-CXRSC,1,Yes,DSL,Yes,No,No,Yes,No,No,Two year,0,Credit card (automatic),61.4,4059.85
4993-JCRGJ,1,Yes,Fiber optic,No,No,Yes,Yes,No,No,Month-to-month,1,Mailed check,84.3,2281.6
9537-JALFH,1,No,No,No internet service,No internet service,No internet service,No internet service,No internet service,No internet service,Two year,0,Bank transfer (automatic),19.9,1356.7
6698-OXETB,1,No,No,No internet service,No internet service,No internet service,No internet service,No internet service,No internet service,Two year,0,Mailed check,20.4,231.45
2103-ZRXFN,1,Yes,DSL,No,No,No,No,No,No,Month-to-month,0,Mailed check,50.75,50.75
3724-BSCVH,1,No,No,No internet service,No internet service,No internet service,No internet service,No internet service,No internet service,One year,0,Mailed check,20.45,242.4
4877-TSOFF,1,Yes,DSL,Yes,Yes,No,Yes,No,Yes,One year,1,Bank transfer (automatic),75.75,4264.25
9209-NWPGU,1,No,DSL,Yes,No,No,Yes,Yes,No,One year,0,Electronic check,65.4,2774.55
7306-YDSOI,1,No,DSL,Yes,Yes,Yes,No,No,No,Two year,1,Bank transfer (automatic),59.75,4069.9
5288-AHOUP,1,No,Fiber optic,No,No,No,No,No,Yes,Month-to-month,1,Electronic check,78.5,874.2
0655-YDGFJ,1,No,DSL,No,No,Yes,No,No,No,Month-to-month,0,Bank transfer (automatic),48.95,1323.7
8468-EHYJA,1,Yes,Fiber optic,Yes,No,No,No,Yes,Yes,Month-to-month,1,Electronic check,99.65,5497.05
6823-SIDFQ,1,No,No,No internet service,No internet service,No internet service,No internet service,No internet service,No internet service,One year,0,Credit card (automatic),18.25,534.7
1097-FSPVW,1,No,DSL,Yes,No,Yes,No,No,No,Month-to-month,0,Credit card (automatic),54.55,2455.05
8328-SKJNO,0,No phone service,DSL,Yes,Yes,No,Yes,No,No,One year,0,Bank transfer (automatic),40.65,947.4
7010-ZMVBF,1,No,No,No internet service,No internet service,No internet service,No internet service,No internet service,No internet service,Month-to-month,0,Mailed check,20.45,357.0
5201-CBWYG,1,Yes,No,No internet service,No internet service,No internet service,No internet service,No internet service,No internet service,One year,0,Bank transfer (automatic),24.8,1476.25
6352-GIGGQ,1,Yes,DSL,Yes,Yes,Yes,Yes,Yes,Yes,One year,1,Bank transfer (automatic),88.8,5903.15
3635-QQRQD,1,No,No,No internet service,No internet service,No internet service,No internet service,No internet service,No internet service,Two year,1,Credit card (automatic),20.05,1201.65
2897-DOVND,1,No,Fiber optic,No,No,No,No,No,No,Month-to-month,1,Electronic check,69.8,146.65
3082-YVEKW,1,Yes,DSL,Yes,No,Yes,Yes,Yes,No,Two year,1,Bank transfer (automatic),77.15,1759.4
0191-EQUUH,0,No phone service,DSL,Yes,No,No,Yes,No,No,Two year,0,Bank transfer (automatic),35.05,844.45
7134-HBPBS,1,Yes,Fiber optic,No,Yes,Yes,Yes,Yes,Yes,Two year,1,Bank transfer (automatic),108.1,7774.05
3489-HHPFY,1,Yes,Fiber optic,No,No,No,No,Yes,No,Month-to-month,1,Electronic check,84.05,134.05
2926-JEJJC,1,No,No,No internet service,No internet service,No internet service,No internet service,No internet service,No internet service,One year,1,Bank transfer (automatic),20.2,140.95
4950-BDEUX,0,No phone service,DSL,No,No,Yes,No,Yes,Yes,Month-to-month,0,Electronic check,49.2,1701.65
5789-LDFXO,1,Yes,No,No internet service,No internet service,No internet service,No internet service,No internet service,No internet service,One year,0,Electronic check,24.6,592.65
0508-OOLTO,1,No,Fiber optic,No,No,No,No,No,No,Month-to-month,1,Electronic check,71.65,135.75
2984-TBYKU,1,Yes,Fiber optic,Yes,Yes,Yes,Yes,No,Yes,Two year,1,Credit card (automatic),104.9,7732.65
9822-WMWVG,1,Yes,Fiber optic,Yes,Yes,Yes,Yes,Yes,No,Month-to-month,1,Electronic check,106.5,4282.4
9040-KZVWO,1,No,Fiber optic,No,Yes,No,No,No,No,One year,0,Bank transfer (automatic),75.5,2018.1
1548-ARAGG,1,Yes,DSL,No,Yes,No,Yes,No,No,Month-to-month,1,Mailed check,58.5,224.85
6339-RZCBJ,1,No,DSL,No,Yes,Yes,Yes,Yes,Yes,Two year,0,Credit card (automatic),78.9,3771.5
4415-WNGVR,1,No,DSL,Yes,No,Yes,Yes,Yes,Yes,One year,1,Electronic check,79.2,943.85
2522-AHJXR,1,Yes,Fiber optic,Yes,No,Yes,Yes,Yes,Yes,Month-to-month,1,Bank transfer (automatic),109.45,6572.85
0412-UCCNP,1,No,DSL,Yes,No,Yes,Yes,No,No,Two year,1,Electronic check,59.2,3175.85
1816-FLZDK,0,No phone service,DSL,No,No,No,Yes,No,No,Month-to-month,0,Mailed check,29.15,29.15
7096-UCLNH,1,No,No,No internet service,No internet service,No internet service,No internet service,No internet service,No internet service,Month-to-month,0,Mailed check,20.05,20.05
4615-PIVVU,1,No,DSL,No,No,Yes,Yes,No,Yes,Two year,0,Credit card (automatic),66.5,2762.75
8885-QSQBX,1,No,DSL,Yes,No,No,No,No,No,Month-to-month,0,Bank transfer (automatic),49.55,49.55
8617-ENBDS,1,No,Fiber optic,No,No,Yes,No,No,No,Month-to-month,1,Credit card (automatic),73.6,232.5
9385-NXKDA,1,Yes,DSL,Yes,Yes,Yes,No,Yes,Yes,Two year,1,Credit card (automatic),82.65,5919.35
0430-IHCDJ,1,Yes,DSL,No,No,No,No,No,No,Month-to-month,1,Electronic check,49.0,749.25
6674-KVJHG,1,Yes,No,No internet service,No internet service,No internet service,No internet service,No internet service,No internet service,One year,0,Electronic check,25.2,245.15
1814-DKOLC,1,Yes,No,No internet service,No internet service,No internet service,No internet service,No internet service,No internet service,Month-to-month,0,Mailed check,25.45,134.75
9351-HXDMR,1,Yes,Fiber optic,Yes,No,Yes,Yes,Yes,Yes,Two year,1,Credit card (automatic),110.9,8240.85
3537-HPKQT,1,Yes,Fiber optic,No,Yes,No,No,No,No,Month-to-month,1,Credit card (automatic),77.75,4266.4
2129-ALKBS,1,Yes,No,No internet service,No internet service,No internet service,No internet service,No internet service,No internet service,Month-to-month,1,Electronic check,26.2,1077.5
5821-MMEIL,1,No,No,No internet service,No internet service,No internet service,No internet service,No internet service,No internet service,Two year,0,Bank transfer (automatic),19.9,1115.6
1309-XGFSN,1,Yes,DSL,No,Yes,Yes,No,Yes,Yes,One year,1,Electronic check,80.85,4079.55
6968-URWQU,1,No,DSL,No,No,No,No,Yes,No,One year,1,Mailed check,56.35,2391.15
4742-TXUEX,1,No,No,No internet service,No internet service,No internet service,No internet service,No internet service,No internet service,Two year,0,Bank transfer (automatic),19.3,890.5
9631-XEYKE,1,Yes,DSL,No,No,No,No,No,No,Month-to-month,0,Bank transfer (automatic),50.4,137.25
1335-MXCSE,1,No,DSL,No,No,Yes,Yes,No,No,Two year,1,Credit card (automatic),55.25,3119.9
8873-TMKGR,1,No,No,No internet service,No internet service,No internet service,No internet service,No internet service,No internet service,One year,0,Mailed check,19.1,529.5
8800-JOOCF,1,Yes,Fiber optic,No,No,No,No,Yes,No,Month-to-month,1,Electronic check,84.05,966.55
1469-LBJQJ,1,Yes,Fiber optic,No,Yes,Yes,No,Yes,Yes,Month-to-month,1,Electronic check,105.2,6936.85
0064-YIJGF,1,Yes,Fiber optic,No,No,No,No,No,No,Month-to-month,1,Bank transfer (automatic),75.75,1929.0
2386-OWURY,1,No,Fiber optic,No,No,No,Yes,Yes,Yes,Month-to-month,1,Electronic check,95.3,5817.7
0310-VQXAM,1,No,No,No internet service,No internet service,No internet service,No internet service,No internet service,No internet service,Month-to-month,0,Mailed check,19.85,178.8
3453-RTHJQ,1,No,Fiber optic,No,No,No,No,No,No,Month-to-month,1,Electronic check,69.1,435.0
6278-FEPBZ,1,No,No,No internet service,No internet service,No internet service,No internet service,No internet service,No internet service,Month-to-month,0,Mailed check,20.25,186.15
4280-DLSHD,1,No,DSL,No,Yes,Yes,No,No,No,Month-to-month,1,Mailed check,54.75,445.85
1508-DFXCU,1,No,Fiber optic,No,No,No,No,Yes,No,Month-to-month,1,Electronic check,81.45,912.0
7868-BGSZA,1,Yes,DSL,Yes,No,Yes,No,Yes,Yes,One year,1,Electronic check,80.2,3581.6
2800-QQUSO,1,Yes,Fiber optic,No,No,No,Yes,Yes,Yes,Month-to-month,1,Electronic check,100.3,4222.95
7973-DZRKH,1,Yes,Fiber optic,Yes,No,Yes,Yes,No,No,Two year,1,Credit card (automatic),90.95,5930.05
7698-YFGEZ,1,No,No,No internet service,No internet service,No internet service,No internet service,No internet service,No internet service,Month-to-month,0,Mailed check,20.0,20.0
9773-PEQBZ,1,Yes,Fiber optic,No,Yes,No,No,No,No,Month-to-month,0,Electronic check,79.85,797.25
0650-BWOZN,1,No,Fiber optic,No,Yes,No,No,No,No,Month-to-month,1,Electronic check,73.55,1359.45
7785-RDVIG,1,No,No,No internet service,No internet service,No internet service,No internet service,No internet service,No internet service,Month-to-month,0,Mailed check,19.3,54.7
9602-WCXPI,1,No,No,No internet service,No internet service,No internet service,No internet service,No internet service,No internet service,One year,0,Credit card (automatic),20.15,989.05
2903-YYTBW,1,No,DSL,No,No,No,No,No,No,Month-to-month,0,Electronic check,44.55,44.55
3620-MWJNE,1,No,DSL,Yes,No,No,Yes,No,No,Month-to-month,1,Mailed check,54.45,87.3
8573-JGCZW,1,No,No,No internet service,No internet service,No internet service,No internet service,No internet service,No internet service,One year,1,Bank transfer (automatic),19.65,351.55
6837-HAEVO,1,Yes,Fiber optic,No,Yes,Yes,No,Yes,Yes,Two year,1,Electronic check,105.0,7297.75
6701-YVNQG,1,Yes,DSL,Yes,Yes,Yes,Yes,Yes,Yes,Two year,1,Credit card (automatic),88.7,6301.7
4304-XUMGI,1,Yes,DSL,Yes,Yes,Yes,No,No,Yes,Two year,1,Bank transfer (automatic),75.15,3822.45
9504-YAZWB,1,No,No,No internet service,No internet service,No internet service,No internet service,No internet service,No internet service,Two year,0,Mailed check,20.25,1048.45
8819-ZBYNA,1,Yes,Fiber optic,Yes,Yes,No,Yes,Yes,Yes,Two year,1,Credit card (automatic),109.1,6393.65
6174-NRBTZ,0,No phone service,DSL,Yes,No,No,No,No,No,One year,1,Bank transfer (automatic),30.75,1489.3
9481-IEBZY,1,Yes,Fiber optic,Yes,Yes,Yes,Yes,Yes,Yes,Month-to-month,1,Credit card (automatic),112.9,8061.5
6137-NICCO,1,Yes,Fiber optic,No,Yes,Yes,No,Yes,No,Month-to-month,1,Mailed check,94.05,518.75
9065-ZCPQX,1,Yes,DSL,Yes,Yes,Yes,Yes,No,Yes,Two year,0,Bank transfer (automatic),78.85,5763.15
6402-EJMWF,1,No,DSL,No,No,No,No,No,Yes,Month-to-month,1,Mailed check,55.3,238.5
3620-EHIMZ,1,No,No,No internet service,No internet service,No internet service,No internet service,No internet service,No internet service,Two year,0,Mailed check,19.35,1031.7
6870-ECSHE,1,No,No,No internet service,No internet service,No internet service,No internet service,No internet service,No internet service,One year,0,Mailed check,20.45,34.8
8747-UDCOI,1,No,No,No internet service,No internet service,No internet service,No internet service,No internet service,No internet service,Two year,0,Bank transfer (automatic),19.35,1319.95
4626-OZDTJ,1,Yes,DSL,No,Yes,No,Yes,Yes,Yes,One year,1,Credit card (automatic),78.65,3950.85
9169-BSVIN,1,Yes,DSL,No,No,Yes,No,Yes,Yes,Month-to-month,0,Bank transfer (automatic),74.75,827.05
8194-PEEBY,1,No,No,No internet service,No internet service,No internet service,No internet service,No internet service,No internet service,One year,0,Mailed check,19.9,533.5
6872-HXFNF,1,Yes,DSL,No,No,Yes,Yes,No,No,One year,0,Bank transfer (automatic),58.35,3756.45
7714-YXSMB,1,Yes,Fiber optic,No,No,Yes,No,Yes,Yes,Month-to-month,1,Bank transfer (automatic),100.5,2599.95
8387-UGUSU,1,No,No,No internet service,No internet service,No internet service,No internet service,No internet service,No internet service,Month-to-month,0,Mailed check,20.05,284.3
1080-BWSYE,1,Yes,No,No internet service,No internet service,No internet service,No internet service,No internet service,No internet service,Two year,0,Credit card (automatic),25.65,1740.8
1194-HVAIF,1,Yes,Fiber optic,No,No,No,No,Yes,Yes,Month-to-month,0,Credit card (automatic),95.0,2462.55
1767-TGTKO,1,No,DSL,No,No,No,No,No,No,Month-to-month,1,Electronic check,45.45,411.75
8439-LTUGF,1,No,No,No internet service,No internet service,No internet service,No internet service,No internet service,No internet service,Month-to-month,1,Credit card (automatic),20.0,198.6
8805-JNRAZ,1,No,DSL,No,Yes,No,No,No,No,Month-to-month,0,Mailed check,49.2,103.7
6418-HNFED,1,No,DSL,Yes,Yes,Yes,Yes,Yes,Yes,Two year,1,Credit card (automatic),83.25,4089.45
0206-OYVOC,1,No,No,No internet service,No internet service,No internet service,No internet service,No internet service,No internet service,Two year,1,Mailed check,19.25,864.2
7291-CDTMJ,1,No,No,No internet service,No internet service,No internet service,No internet service,No internet service,No internet service,Month-to-month,1,Bank transfer (automatic),19.65,19.65
7128-GGCNO,1,Yes,Fiber optic,No,No,No,No,No,No,Month-to-month,0,Bank transfer (automatic),72.8,3249.4
0237-YFUTL,1,Yes,Fiber optic,Yes,Yes,No,Yes,Yes,Yes,Month-to-month,1,Bank transfer (automatic),109.65,5405.8
7691-KGKGP,1,No,DSL,No,Yes,No,Yes,Yes,No,Month-to-month,0,Credit card (automatic),65.0,3363.8
6710-HSJRD,1,Yes,Fiber optic,No,Yes,Yes,Yes,Yes,Yes,Month-to-month,1,Electronic check,114.1,7132.15
3675-EQOZA,1,No,No,No internet service,No internet service,No internet service,No internet service,No internet service,No internet service,Month-to-month,0,Bank transfer (automatic),20.65,93.55
0840-DCNZE,1,No,DSL,Yes,Yes,Yes,Yes,Yes,Yes,One year,1,Bank transfer (automatic),86.95,4138.9
1732-FEKLD,1,Yes,Fiber optic,No,Yes,Yes,No,Yes,No,One year,1,Bank transfer (automatic),94.75,5121.75
9862-KJTYK,0,No phone service,DSL,No,No,No,No,No,No,Month-to-month,1,Credit card (automatic),25.35,566.1
0479-HMSWA,1,No,Fiber optic,No,Yes,Yes,Yes,Yes,Yes,Two year,1,Electronic check,105.45,2715.3
5854-KSRBJ,1,Yes,No,No internet service,No internet service,No internet service,No internet service,No internet service,No internet service,Two year,0,Mailed check,25.4,1782.05
0365-BZUWY,1,Yes,Fiber optic,No,Yes,Yes,No,Yes,Yes,Month-to-month,1,Electronic check,102.55,1742.5
5701-SVCWR,1,Yes,No,No internet service,No internet service,No internet service,No internet service,No internet service,No internet service,Month-to-month,0,Mailed check,24.0,24.0
3129-AAQOU,1,Yes,No,No internet service,No internet service,No internet service,No internet service,No internet service,No internet service,Two year,0,Mailed check,25.6,485.9
4922-CVPDX,1,No,DSL,No,Yes,Yes,No,Yes,Yes,Two year,1,Credit card (automatic),73.5,1905.7
1357-BIJKI,1,Yes,Fiber optic,No,Yes,No,No,Yes,Yes,One year,1,Electronic check,98.25,4858.7
1099-BTKWT,0,No phone service,DSL,Yes,No,Yes,No,Yes,Yes,One year,1,Electronic check,54.4,3723.65
2018-PZKMU,1,No,Fiber optic,No,No,Yes,Yes,Yes,Yes,Month-to-month,0,Electronic check,103.1,970.45
7340-KEFQE,0,No phone service,DSL,Yes,No,No,Yes,No,No,Two year,0,Bank transfer (automatic),34.2,1782.0
4570-QHXHL,1,No,DSL,No,No,No,No,No,No,Month-to-month,1,Electronic check,43.75,405.7
7392-YYPYJ,1,Yes,Fiber optic,No,Yes,No,No,Yes,Yes,Month-to-month,1,Electronic check,100.65,2415.95
2223-GDSHL,1,Yes,Fiber optic,Yes,Yes,Yes,Yes,Yes,Yes,Two year,1,Bank transfer (automatic),116.05,8297.5
9470-RTWDV,1,Yes,DSL,No,No,Yes,Yes,Yes,Yes,One year,1,Credit card (automatic),82.0,2083.1
2176-OSJUV,1,Yes,DSL,Yes,Yes,No,Yes,No,No,Two year,0,Bank transfer (automatic),65.15,4681.75
9348-YVOMK,1,No,DSL,No,No,No,No,No,No,Month-to-month,1,Credit card (automatic),44.8,176.2
8104-OSKWT,1,Yes,Fiber optic,Yes,No,No,No,No,No,Month-to-month,1,Electronic check,79.8,1001.2
4521-YEEHE,1,Yes,Fiber optic,No,No,No,Yes,Yes,No,Month-to-month,1,Electronic check,88.85,1594.75
4090-KPJIP,1,Yes,Fiber optic,No,No,No,No,No,No,Month-to-month,1,Electronic check,74.95,212.4
3786-WOVKF,1,Yes,Fiber optic,Yes,Yes,No,No,Yes,Yes,One year,1,Bank transfer (automatic),106.85,7677.4
2592-HODOV,1,No,No,No internet service,No internet service,No internet service,No internet service,No internet service,No internet service,One year,0,Credit card (automatic),19.3,259.65
7995-ZHHNZ,1,Yes,DSL,Yes,No,No,No,No,No,One year,0,Credit card (automatic),56.1,2386.85
3824-RHKVR,1,No,No,No internet service,No internet service,No internet service,No internet service,No internet service,No internet service,Month-to-month,0,Credit card (automatic),19.7,340.35
5816-SCGFC,1,No,DSL,No,Yes,No,No,No,No,Month-to-month,1,Mailed check,51.3,419.35
5989-AXPUC,1,Yes,Fiber optic,Yes,Yes,Yes,Yes,Yes,Yes,Two year,0,Mailed check,118.6,7990.05
4979-HPRFL,1,Yes,No,No internet service,No internet service,No internet service,No internet service,No internet service,No internet service,Two year,0,Bank transfer (automatic),24.15,1402.25
8590-OHDIW,1,No,No,No internet service,No internet service,No internet service,No internet service,No internet service,No internet service,One year,0,Mailed check,20.3,749.35
8015-IHCGW,1,Yes,Fiber optic,Yes,Yes,Yes,Yes,Yes,Yes,Two year,1,Electronic check,115.5,8425.15
2332-TODQS,1,Yes,No,No internet service,No internet service,No internet service,No internet service,No internet service,No internet service,One year,0,Credit card (automatic),25.05,1171.5
9278-VZKCD,1,Yes,Fiber optic,Yes,Yes,Yes,No,Yes,Yes,Month-to-month,1,Electronic check,109.1,5647.95
8008-OTEZX,1,No,No,No internet service,No internet service,No internet service,No internet service,No internet service,No internet service,One year,0,Mailed check,19.65,708.8
2773-OVBPK,1,Yes,Fiber optic,No,Yes,Yes,Yes,Yes,Yes,Two year,1,Bank transfer (automatic),111.3,7567.2
5999-LCXAO,0,No phone service,DSL,Yes,No,No,No,No,No,Month-to-month,0,Mailed check,29.9,29.9
5206-XZZQI,1,No,Fiber optic,No,Yes,No,Yes,No,No,Month-to-month,1,Mailed check,80.6,4348.1
4803-LBYPN,1,No,No,No internet service,No internet service,No internet service,No internet service,No internet service,No internet service,Month-to-month,0,Mailed check,20.8,635.9
2139-FQHLM,1,No,Fiber optic,No,No,Yes,Yes,Yes,No,Month-to-month,0,Mailed check,89.95,1682.4
8261-GWDBQ,1,Yes,Fiber optic,Yes,Yes,Yes,Yes,Yes,Yes,Two year,1,Bank transfer (automatic),116.05,6925.9
1093-YSWCA,1,No,No,No internet service,No internet service,No internet service,No internet service,No internet service,No internet service,Two year,0,Credit card (automatic),19.55,223.15
3882-IYOIJ,1,Yes,Fiber optic,Yes,Yes,Yes,Yes,Yes,Yes,Two year,0,Credit card (automatic),115.25,6758.45
8749-TZYEC,1,Yes,No,No internet service,No internet service,No internet service,No internet service,No internet service,No internet service,Two year,0,Credit card (automatic),24.8,1874.3
1755-FZQEC,1,No,No,No internet service,No internet service,No internet service,No internet service,No internet service,No internet service,One year,0,Mailed check,19.9,791.15
3115-JPJDD,1,No,Fiber optic,Yes,No,Yes,No,No,No,One year,1,Credit card (automatic),81.25,4639.45
5600-KTXFM,1,No,Fiber optic,No,No,No,No,No,No,Month-to-month,0,Mailed check,69.95,143.9
6339-TBELP,1,Yes,Fiber optic,No,No,Yes,Yes,No,No,Two year,1,Credit card (automatic),86.4,6172.0
7964-YESJC,1,Yes,DSL,Yes,Yes,Yes,No,No,No,Month-to-month,0,Mailed check,66.3,1559.45
6173-GOLSU,1,Yes,Fiber optic,No,No,No,No,Yes,Yes,Month-to-month,1,Credit card (automatic),94.65,6079.0
9938-ZREHM,1,Yes,DSL,No,Yes,No,Yes,No,Yes,One year,0,Mailed check,72.1,2658.4
7950-XWOVN,0,No phone service,DSL,No,Yes,Yes,No,No,No,Month-to-month,0,Mailed check,34.7,383.55
4647-MUZON,1,No,Fiber optic,No,No,Yes,No,Yes,Yes,Month-to-month,1,Credit card (automatic),95.95,1745.5
9702-AIUJO,1,No,DSL,No,No,No,No,No,No,One year,1,Bank transfer (automatic),44.8,2230.85
8849-PRIQJ,1,Yes,Fiber optic,Yes,No,Yes,Yes,Yes,Yes,One year,1,Electronic check,109.4,7281.6
8851-RAGOV,1,No,DSL,Yes,Yes,No,Yes,No,Yes,Month-to-month,1,Mailed check,71.05,1837.7
5396-IZEPB,1,No,No,No internet service,No internet service,No internet service,No internet service,No internet service,No internet service,Month-to-month,0,Credit card (automatic),19.7,180.7
1729-VLAZJ,0,No phone service,DSL,Yes,Yes,No,Yes,No,No,One year,0,Mailed check,40.25,411.45
8285-ABVLB,1,No,No,No internet service,No internet service,No internet service,No internet service,No internet service,No internet service,Two year,0,Credit card (automatic),19.85,1328.35
0701-TJSEF,1,No,DSL,Yes,No,Yes,Yes,No,Yes,Month-to-month,1,Bank transfer (automatic),68.25,576.95
5712-VBOXD,1,No,No,No internet service,No internet service,No internet service,No internet service,No internet service,No internet service,Month-to-month,1,Credit card (automatic),20.15,68.45
6629-LADHQ,1,No,DSL,Yes,No,No,No,No,No,Month-to-month,0,Mailed check,50.95,123.05
1559-DTODC,0,No phone service,DSL,No,No,No,No,No,No,Month-to-month,1,Bank transfer (automatic),25.15,468.35
4797-MIWUM,1,No,No,No internet service,No internet service,No internet service,No internet service,No internet service,No internet service,Month-to-month,1,Bank transfer (automatic),20.25,174.7
8720-RQSBJ,1,No,DSL,No,No,No,No,No,No,Month-to-month,0,Electronic check,44.0,44.0
4537-CIBHB,1,No,No,No internet service,No internet service,No internet service,No internet service,No internet service,No internet service,One year,0,Mailed check,20.25,172.35
4324-AHJKS,1,No,DSL,Yes,No,Yes,No,No,No,Month-to-month,0,Credit card (automatic),55.8,300.4
4355-CVPVS,1,No,Fiber optic,No,No,No,No,Yes,Yes,One year,0,Bank transfer (automatic),88.9,4968.0
4495-LHSSK,1,Yes,DSL,Yes,No,No,No,No,No,Month-to-month,0,Mailed check,57.65,992.7
5915-ANOEI,1,Yes,DSL,Yes,Yes,Yes,Yes,Yes,No,Two year,0,Mailed check,79.15,5536.5
9861-PDSZP,1,Yes,Fiber optic,No,Yes,Yes,Yes,Yes,Yes,Two year,1,Credit card (automatic),108.05,7806.6
7225-CBZPL,1,Yes,Fiber optic,No,No,No,No,Yes,Yes,Month-to-month,1,Electronic check,94.8,1563.9
6704-UTUKK,0,No phone service,DSL,No,No,No,No,Yes,Yes,Month-to-month,1,Electronic check,45.9,1332.4
2019-HDCZY,1,Yes,Fiber optic,No,No,Yes,No,Yes,Yes,Two year,0,Electronic check,102.6,6296.75
8788-DOXSU,1,No,DSL,No,No,Yes,No,No,Yes,One year,1,Bank transfer (automatic),61.35,3645.5
7404-JLKQG,1,No,DSL,No,No,Yes,No,Yes,No,Month-to-month,0,Electronic check,57.55,161.45
7421-ZLUPA,0,No phone service,DSL,No,Yes,No,No,No,No,Month-to-month,1,Mailed check,29.25,226.95
3274-NSDWE,1,No,No,No internet service,No internet service,No internet service,No internet service,No internet service,No internet service,Two year,0,Credit card (automatic),19.6,1441.65
2632-IVXVF,1,Yes,Fiber optic,Yes,No,Yes,Yes,Yes,Yes,Two year,0,Credit card (automatic),111.75,7511.3
3692-JHONH,1,Yes,Fiber optic,No,Yes,Yes,No,Yes,Yes,One year,1,Electronic check,106.5,5621.85
8915-NNTRC,1,Yes,Fiber optic,Yes,Yes,No,Yes,Yes,Yes,Two year,1,Credit card (automatic),107.7,7919.8
5914-GXMDA,1,No,No,No internet service,No internet service,No internet service,No internet service,No internet service,No internet service,One year,0,Mailed check,19.3,593.2
7463-IFMQU,1,No,No,No internet service,No internet service,No internet service,No internet service,No internet service,No internet service,Two year,0,Bank transfer (automatic),20.05,1423.65
2920-RNCEZ,1,No,Fiber optic,No,No,No,No,No,No,Month-to-month,1,Credit card (automatic),69.95,69.95
2541-YGPKE,1,No,DSL,Yes,No,No,Yes,No,Yes,One year,0,Credit card (automatic),63.7,2763.35
5382-TEMLV,1,No,DSL,Yes,No,No,No,No,No,Month-to-month,1,Bank transfer (automatic),50.9,2298.55
3441-CGZJH,0,No phone service,DSL,Yes,No,Yes,Yes,Yes,Yes,One year,1,Credit card (automatic),60.4,2640.55
9592-ERDKV,1,Yes,DSL,Yes,No,Yes,No,Yes,Yes,One year,0,Mailed check,79.25,2911.8
4778-IZARL,1,No,Fiber optic,Yes,Yes,Yes,Yes,Yes,Yes,Two year,1,Credit card (automatic),110.1,6705.7
0432-CAJZV,1,No,Fiber optic,No,No,No,No,Yes,Yes,Month-to-month,0,Mailed check,90.7,237.65
7008-LZVOZ,1,Yes,No,No internet service,No internet service,No internet service,No internet service,No internet service,No internet service,Two year,1,Credit card (automatic),25.3,1672.35
1200-TUZHR,1,Yes,Fiber optic,No,No,No,No,No,Yes,Month-to-month,0,Electronic check,85.2,695.75
9365-CSLBQ,1,Yes,No,No internet service,No internet service,No internet service,No internet service,No internet service,No internet service,Two year,0,Mailed check,24.35,1654.6
5884-FBCTL,1,Yes,No,No internet service,No internet service,No internet service,No internet service,No internet service,No internet service,Two year,0,Bank transfer (automatic),25.1,1857.85
7130-CTCUS,1,No,DSL,Yes,Yes,No,No,No,No,Month-to-month,1,Bank transfer (automatic),54.55,825.1
6242-FEGFD,1,Yes,Fiber optic,Yes,Yes,Yes,Yes,No,No,Two year,0,Mailed check,96.6,6424.25
6194-HBGQN,1,Yes,DSL,Yes,Yes,Yes,Yes,Yes,No,One year,1,Credit card (automatic),81.15,4126.2
7634-WSWDB,0,No phone service,DSL,Yes,No,No,No,No,Yes,Month-to-month,1,Electronic check,38.5,330.8
6986-IXNDM,1,No,Fiber optic,No,No,No,No,Yes,Yes,Month-to-month,1,Electronic check,92.9,1337.45
2987-BJXIK,1,Yes,DSL,Yes,Yes,Yes,No,Yes,Yes,Two year,0,Mailed check,84.7,5991.05
9769-TSBZE,1,Yes,DSL,Yes,Yes,No,Yes,No,No,Two year,0,Electronic check,66.0,4891.5
1395-WSWXR,1,No,No,No internet service,No internet service,No internet service,No internet service,No internet service,No internet service,Two year,0,Mailed check,20.75,487.05
6023-GSSXW,1,No,DSL,No,Yes,No,No,No,Yes,Two year,1,Credit card (automatic),61.45,4131.2
6752-APNJL,1,No,DSL,Yes,Yes,No,No,No,No,Month-to-month,0,Mailed check,54.5,2301.15
0420-HLGXF,1,Yes,Fiber optic,No,No,Yes,No,Yes,Yes,Month-to-month,1,Electronic check,99.75,4036.0
7446-KQISO,1,Yes,Fiber optic,No,Yes,Yes,Yes,Yes,Yes,Two year,1,Bank transfer (automatic),109.75,4900.65
9823-EALYC,1,Yes,DSL,Yes,Yes,Yes,Yes,Yes,No,Two year,1,Bank transfer (automatic),80.85,5727.45
0582-AVCLN,1,No,No,No internet service,No internet service,No internet service,No internet service,No internet service,No internet service,Two year,0,Mailed check,20.3,743.05
5803-NQJZO,1,Yes,DSL,Yes,Yes,Yes,Yes,No,No,Two year,1,Bank transfer (automatic),67.8,4804.65
2607-DHDAK,1,No,No,No internet service,No internet service,No internet service,No internet service,No internet service,No internet service,Two year,1,Credit card (automatic),19.8,1414.65
1073-XXCZD,1,Yes,No,No internet service,No internet service,No internet service,No internet service,No internet service,No internet service,Two year,0,Bank transfer (automatic),25.7,1443.65
0743-HRVFF,0,No phone service,DSL,No,No,Yes,Yes,Yes,Yes,One year,1,Electronic check,56.15,2898.95
4006-HKYHO,1,No,DSL,Yes,Yes,Yes,Yes,Yes,Yes,Two year,1,Bank transfer (automatic),86.7,5309.5
3727-JEZTU,1,No,No,No internet service,No internet service,No internet service,No internet service,No internet service,No internet service,Month-to-month,0,Mailed check,20.4,20.4
8143-ETQTI,1,No,No,No internet service,No internet service,No internet service,No internet service,No internet service,No internet service,Two year,1,Mailed check,19.65,451.55
9667-TKTVZ,1,Yes,DSL,No,No,No,Yes,No,No,Month-to-month,1,Mailed check,54.35,117.05
3657-COGMW,1,Yes,Fiber optic,Yes,Yes,Yes,No,Yes,Yes,Month-to-month,0,Credit card (automatic),108.1,5839.3
8570-KLJYJ,1,Yes,DSL,Yes,No,No,No,No,No,One year,0,Mailed check,54.45,1893.5
7754-IXRMC,1,No,DSL,No,No,No,No,No,No,Month-to-month,0,Mailed check,45.35,45.35
9473-CBZOP,1,Yes,DSL,Yes,No,Yes,No,No,No,One year,0,Mailed check,59.0,1654.45
2969-WGHQO,1,No,DSL,Yes,Yes,Yes,No,Yes,No,One year,0,Electronic check,69.45,477.05
4334-HOWRP,0,No phone service,DSL,Yes,Yes,Yes,Yes,Yes,Yes,Two year,1,Credit card (automatic),64.95,4546.0
5863-OOKCL,1,No,No,No internet service,No internet service,No internet service,No internet service,No internet service,No internet service,Month-to-month,0,Mailed check,18.85,163.2
1686-STUHN,1,No,No,No internet service,No internet service,No internet service,No internet service,No internet service,No internet service,One year,0,Bank transfer (automatic),19.8,849.9
1329-VHWNP,0,No phone service,DSL,No,No,No,No,No,No,Month-to-month,0,Bank transfer (automatic),25.05,189.95
0266-GMEAO,1,Yes,Fiber optic,Yes,Yes,Yes,Yes,Yes,Yes,Two year,1,Credit card (automatic),114.3,8058.55
5574-NXZIU,1,No,Fiber optic,Yes,Yes,Yes,Yes,Yes,Yes,Two year,0,Credit card (automatic),109.2,7049.75
0019-GFNTW,0,No phone service,DSL,Yes,Yes,Yes,Yes,No,No,Two year,0,Bank transfer (automatic),45.05,2560.1
4256-ZWTZI,1,No,DSL,No,No,No,Yes,No,No,Month-to-month,1,Mailed check,51.0,286.8
8309-PPCED,1,Yes,Fiber optic,No,Yes,Yes,Yes,Yes,Yes,Two year,1,Bank transfer (automatic),110.45,7982.5
4098-NAUKP,1,Yes,Fiber optic,No,Yes,Yes,No,No,No,Month-to-month,1,Electronic check,84.65,5683.6
5196-WPYOW,1,No,DSL,Yes,Yes,No,Yes,No,No,One year,0,Mailed check,60.05,3994.05
4608-LCIMN,1,No,DSL,No,No,No,No,No,No,Month-to-month,0,Bank transfer (automatic),44.65,369.15
1485-YDHMM,1,Yes,Fiber optic,No,Yes,No,Yes,No,Yes,Month-to-month,1,Bank transfer (automatic),93.25,4631.7
4054-CUMIA,1,No,No,No internet service,No internet service,No internet service,No internet service,No internet service,No internet service,Month-to-month,1,Mailed check,20.25,401.95
0603-TPMIB,1,Yes,No,No internet service,No internet service,No internet service,No internet service,No internet service,No internet service,Two year,0,Mailed check,25.45,1534.05
2525-GVKQU,1,No,No,No internet service,No internet service,No internet service,No internet service,No internet service,No internet service,Two year,0,Mailed check,20.6,1093.0
8161-QYMTT,1,Yes,Fiber optic,No,No,No,No,Yes,Yes,Month-to-month,1,Electronic check,94.1,701.3
9581-GVBXT,0,No phone service,DSL,Yes,No,Yes,No,No,No,One year,0,Mailed check,34.8,1980.3
5862-BRIXZ,0,No phone service,DSL,Yes,No,Yes,Yes,Yes,Yes,Two year,1,Bank transfer (automatic),60.75,2893.4
5404-GGUKR,1,No,DSL,No,Yes,No,No,No,No,Month-to-month,1,Electronic check,51.35,262.3
3308-JSGML,0,No phone service,DSL,Yes,No,Yes,Yes,Yes,Yes,Two year,1,Credit card (automatic),64.05,3886.85
2126-GSEGL,1,Yes,DSL,No,Yes,Yes,Yes,Yes,Yes,Two year,1,Bank transfer (automatic),84.8,5917.55
0440-QEXBZ,1,Yes,DSL,No,No,No,No,No,No,Month-to-month,1,Mailed check,50.15,2139.1
2434-EEVDB,1,Yes,Fiber optic,Yes,No,Yes,No,Yes,No,Two year,1,Credit card (automatic),94.6,5948.7
6762-QVYJO,0,No phone service,DSL,Yes,No,Yes,Yes,Yes,Yes,Two year,0,Mailed check,59.75,3624.35
6199-IWKGC,1,Yes,Fiber optic,No,No,No,Yes,Yes,Yes,One year,0,Electronic check,100.25,4753.85
2675-DHUTR,1,Yes,Fiber optic,No,Yes,No,No,Yes,Yes,Month-to-month,1,Electronic check,98.9,5780.7
8152-VETUR,1,Yes,Fiber optic,No,Yes,No,No,Yes,Yes,Two year,1,Credit card (automatic),97.7,6869.7
7446-YPODE,1,Yes,DSL,Yes,Yes,No,No,No,No,Month-to-month,0,Bank transfer (automatic),60.25,662.95
9522-BNTHX,0,No phone service,DSL,No,Yes,Yes,No,Yes,Yes,Month-to-month,1,Electronic check,56.25,1765.95
4676-WLUHT,0,No phone service,DSL,Yes,Yes,No,No,No,Yes,Two year,0,Bank transfer (automatic),46.2,2431.95
7980-MHFLQ,1,Yes,No,No internet service,No internet service,No internet service,No internet service,No internet service,No internet service,Two year,0,Mailed check,24.9,1859.2
0757-WCUUZ,1,Yes,DSL,No,No,Yes,No,No,Yes,Two year,0,Credit card (automatic),63.35,3409.1
1629-DQQVB,1,No,DSL,Yes,No,No,No,No,No,Month-to-month,0,Bank transfer (automatic),50.1,709.5
0374-AACSZ,1,No,DSL,Yes,No,No,No,No,No,Month-to-month,0,Electronic check,50.15,50.15
4872-VXRIL,1,Yes,DSL,Yes,Yes,No,Yes,No,No,One year,1,Bank transfer (automatic),64.65,3665.55
9140-CZQZZ,1,No,DSL,Yes,Yes,No,Yes,Yes,Yes,Two year,1,Bank transfer (automatic),79.6,5515.8
3423-HHXAO,1,No,No,No internet service,No internet service,No internet service,No internet service,No internet service,No internet service,One year,1,Mailed check,19.5,272.0
9938-TKDGL,1,No,Fiber optic,Yes,No,No,Yes,Yes,Yes,Two year,1,Electronic check,99.55,6668.0
0531-ZZJWQ,1,Yes,Fiber optic,No,No,No,No,No,No,Month-to-month,1,Electronic check,74.0,4052.4
6537-QLGEX,0,No phone service,DSL,Yes,No,No,No,Yes,No,Month-to-month,1,Electronic check,38.9,664.4
2688-BHGOG,1,No,Fiber optic,No,No,No,No,No,Yes,Month-to-month,1,Electronic check,79.55,718.55
3160-TYXLT,0,No phone service,DSL,Yes,Yes,No,No,No,Yes,Month-to-month,1,Bank transfer (automatic),46.3,2546.85
1325-USMEC,1,Yes,Fiber optic,Yes,Yes,Yes,No,Yes,No,Two year,1,Credit card (automatic),99.35,6944.5
0916-QOFDP,1,Yes,Fiber optic,No,No,No,No,Yes,Yes,Month-to-month,1,Electronic check,95.8,1346.3
5606-AMZBO,1,Yes,Fiber optic,Yes,No,No,No,No,No,Month-to-month,1,Credit card (automatic),78.15,765.15
6199-IPCAO,1,Yes,No,No internet service,No internet service,No internet service,No internet service,No internet service,No internet service,Two year,0,Mailed check,26.1,692.55
5640-CAXOA,0,No phone service,DSL,No,No,No,Yes,No,Yes,One year,1,Credit card (automatic),40.35,1187.05
2235-EZAIK,1,Yes,DSL,Yes,Yes,Yes,Yes,Yes,No,Two year,0,Credit card (automatic),79.2,5401.9
3847-BAERP,1,No,No,No internet service,No internet service,No internet service,No internet service,No internet service,No internet service,Month-to-month,1,Mailed check,20.9,247.0
1453-RZFON,1,No,DSL,Yes,No,No,No,No,No,Month-to-month,0,Mailed check,49.9,49.9
8263-OKETD,1,Yes,DSL,No,Yes,No,Yes,No,Yes,Month-to-month,1,Credit card (automatic),68.9,1370.35
0670-KDOMA,1,No,No,No internet service,No internet service,No internet service,No internet service,No internet service,No internet service,Month-to-month,1,Mailed check,20.25,20.25
2476-YGEFM,1,Yes,Fiber optic,No,No,No,No,No,No,Month-to-month,1,Credit card (automatic),76.0,2215.25
8687-BAFGU,1,No,Fiber optic,No,No,No,Yes,No,No,Month-to-month,0,Electronic check,74.0,74.0
0641-EVBOJ,1,No,Fiber optic,Yes,No,No,Yes,No,No,Month-to-month,1,Mailed check,82.3,214.4
0829-XXPLX,1,No,Fiber optic,Yes,No,Yes,No,Yes,No,Month-to-month,1,Bank transfer (automatic),89.4,1871.15
9974-JFBHQ,1,No,Fiber optic,No,Yes,No,Yes,Yes,Yes,Month-to-month,1,Credit card (automatic),99.15,6171.2
6624-JDRDS,0,No phone service,DSL,Yes,No,No,No,No,No,Month-to-month,0,Bank transfer (automatic),29.45,161.45
0608-JDVEC,1,No,No,No internet service,No internet service,No internet service,No internet service,No internet service,No internet service,Two year,0,Electronic check,19.8,1013.2
9780-FKVVF,1,No,DSL,Yes,No,No,No,No,Yes,Month-to-month,1,Bank transfer (automatic),59.15,336.7
1919-RTPQD,1,No,DSL,No,No,No,No,No,No,Month-to-month,0,Electronic check,44.75,333.65
5214-NLTIT,1,Yes,Fiber optic,No,No,Yes,No,No,Yes,Two year,1,Credit card (automatic),90.8,6511.8
3345-PBBFH,1,No,DSL,No,Yes,No,No,No,No,Month-to-month,1,Bank transfer (automatic),49.55,393.45
5055-BRMNE,1,Yes,Fiber optic,Yes,No,No,Yes,Yes,Yes,Two year,0,Credit card (automatic),106.7,7009.5
2190-PHBHR,1,Yes,Fiber optic,Yes,Yes,No,No,No,Yes,Two year,1,Credit card (automatic),94.45,6921.7
2650-GYRYL,1,No,No,No internet service,No internet service,No internet service,No internet service,No internet service,No internet service,One year,1,Bank transfer (automatic),19.45,600.25
5208-FVQKB,1,No,DSL,Yes,Yes,No,Yes,No,Yes,Two year,0,Mailed check,67.95,4664.15
7184-LRUUR,1,No,DSL,No,Yes,Yes,No,Yes,No,One year,0,Bank transfer (automatic),65.25,1441.8
6627-CFOSN,1,Yes,Fiber optic,Yes,Yes,Yes,No,No,Yes,Month-to-month,1,Bank transfer (automatic),99.45,5623.7
3982-JGSFD,1,No,No,No internet service,No internet service,No internet service,No internet service,No internet service,No internet service,One year,1,Credit card (automatic),20.35,695.85
1574-DYCWE,1,No,No,No internet service,No internet service,No internet service,No internet service,No internet service,No internet service,Two year,0,Mailed check,19.95,1028.75
7247-XOZPB,1,Yes,DSL,Yes,No,Yes,Yes,Yes,No,One year,0,Bank transfer (automatic),77.4,4155.95
2466-FCCPT,1,No,No,No internet service,No internet service,No internet service,No internet service,No internet service,No internet service,One year,0,Bank transfer (automatic),19.7,395.6
6211-WWLTF,1,No,Fiber optic,Yes,No,Yes,No,Yes,Yes,Two year,0,Credit card (automatic),99.7,6330.4
4826-TZEVA,1,No,Fiber optic,No,Yes,No,No,No,No,Month-to-month,0,Credit card (automatic),74.8,2971.7
6016-NXBNJ,1,No,No,No internet service,No internet service,No internet service,No internet service,No internet service,No internet service,One year,1,Mailed check,19.15,638.0
9138-EFSMO,1,No,Fiber optic,No,No,No,No,No,Yes,One year,0,Bank transfer (automatic),78.95,2034.25
4632-XJMEX,1,No,DSL,Yes,Yes,No,Yes,No,No,One year,0,Credit card (automatic),62.85,3419.5
8910-LEDAG,1,No,Fiber optic,No,No,No,No,No,No,Month-to-month,0,Credit card (automatic),71.55,2427.35
3452-GWUIN,1,Yes,Fiber optic,No,No,No,No,Yes,Yes,Month-to-month,1,Electronic check,94.95,1760.25
2716-GFZOR,1,No,Fiber optic,Yes,Yes,Yes,No,No,No,Month-to-month,1,Credit card (automatic),86.1,3551.65
3724-UCSHY,1,No,No,No internet service,No internet service,No internet service,No internet service,No internet service,No internet service,Month-to-month,0,Mailed check,19.55,122.9
8626-XHBIE,1,Yes,No,No internet service,No internet service,No internet service,No internet service,No internet service,No internet service,Two year,1,Mailed check,24.8,1424.2
3192-LNKRK,1,No,Fiber optic,No,No,Yes,No,Yes,No,Month-to-month,1,Mailed check,84.05,2909.95
4439-YRNVD,0,No phone service,DSL,No,Yes,No,Yes,No,No,Month-to-month,0,Electronic check,36.25,374.0
2208-UGTGR,1,Yes,Fiber optic,No,Yes,No,No,Yes,Yes,Month-to-month,0,Electronic check,98.6,5581.05
3005-TYFRD,1,Yes,Fiber optic,No,Yes,Yes,No,Yes,Yes,Month-to-month,1,Credit card (automatic),103.65,5676.65
8670-MEFCP,1,Yes,DSL,Yes,Yes,Yes,Yes,Yes,Yes,Two year,1,Credit card (automatic),92.9,3379.25
3079-BCHLN,1,No,No,No internet service,No internet service,No internet service,No internet service,No internet service,No internet service,One year,0,Bank transfer (automatic),19.9,942.95
7777-UNYHB,1,No,No,No internet service,No internet service,No internet service,No internet service,No internet service,No internet service,Month-to-month,1,Credit card (automatic),20.1,232.4
7278-CKDNC,1,Yes,Fiber optic,No,Yes,No,No,No,No,Month-to-month,1,Electronic check,80.5,2088.45
8450-UYIBU,0,No phone service,DSL,No,No,Yes,No,Yes,No,Month-to-month,1,Electronic check,39.85,1434.6
2969-VAPYH,1,No,DSL,Yes,Yes,No,Yes,No,No,One year,0,Credit card (automatic),60.5,3870.0
7181-OQCUT,1,Yes,Fiber optic,Yes,No,Yes,No,Yes,Yes,Month-to-month,0,Mailed check,103.85,2215.0
8474-UMLNT,1,No,DSL,Yes,Yes,No,Yes,No,Yes,Month-to-month,0,Bank transfer (automatic),67.8,842.25
3836-FZSDJ,1,Yes,No,No internet service,No internet service,No internet service,No internet service,No internet service,No internet service,Two year,0,Bank transfer (automatic),24.85,1901.0
9142-XMYJH,1,No,No,No internet service,No internet service,No internet service,No internet service,No internet service,No internet service,Month-to-month,0,Credit card (automatic),19.35,601.6
0187-QSXOE,1,No,Fiber optic,No,No,No,No,Yes,Yes,Month-to-month,1,Electronic check,89.0,605.45
7733-UDMTP,0,No phone service,DSL,No,Yes,Yes,No,Yes,Yes,Month-to-month,1,Electronic check,55.0,3094.05
2649-HWLYB,1,Yes,DSL,Yes,No,Yes,Yes,No,Yes,Two year,0,Bank transfer (automatic),76.15,4929.55
5214-CHIWJ,1,No,No,No internet service,No internet service,No internet service,No internet service,No internet service,No internet service,One year,0,Mailed check,20.3,595.05
6904-JLBGY,1,Yes,Fiber optic,Yes,Yes,Yes,Yes,Yes,Yes,Two year,1,Credit card (automatic),117.35,8436.25
2465-BLLEU,1,No,No,No internet service,No internet service,No internet service,No internet service,No internet service,No internet service,Month-to-month,1,Mailed check,19.75,19.75
1685-VAYJF,1,No,DSL,No,No,No,No,No,No,Month-to-month,0,Credit card (automatic),45.2,492.0
8874-EJNSR,1,Yes,No,No internet service,No internet service,No internet service,No internet service,No internet service,No internet service,Two year,0,Mailed check,25.2,987.95
6917-YACBP,1,Yes,Fiber optic,Yes,Yes,Yes,No,No,No,Month-to-month,1,Electronic check,89.75,5496.9
5049-MUBWG,1,No,DSL,Yes,No,No,Yes,Yes,Yes,One year,0,Bank transfer (automatic),75.0,1908.35
4223-WOZCM,1,No,DSL,No,No,Yes,No,No,No,Month-to-month,0,Mailed check,49.95,107.1
0769-MURVM,0,No phone service,DSL,Yes,Yes,Yes,Yes,Yes,Yes,Two year,0,Bank transfer (automatic),65.7,4575.35
9253-VIFJQ,1,Yes,DSL,Yes,Yes,Yes,No,No,No,One year,0,Credit card (automatic),67.05,4309.55
7030-FZTFM,1,Yes,Fiber optic,No,Yes,Yes,Yes,Yes,Yes,Two year,0,Credit card (automatic),110.9,7922.75
9741-YLNTD,1,Yes,Fiber optic,No,No,No,Yes,No,Yes,Month-to-month,1,Bank transfer (automatic),87.95,522.35
5917-RYRMG,1,No,No,No internet service,No internet service,No internet service,No internet service,No internet service,No internet service,One year,0,Credit card (automatic),19.8,587.7
5120-ZBLAI,1,Yes,DSL,No,No,Yes,No,Yes,Yes,One year,0,Bank transfer (automatic),75.7,3876.2
1194-BHJYC,0,No phone service,DSL,Yes,No,Yes,Yes,Yes,Yes,Two year,1,Mailed check,62.15,3778.85
0906-QVPMS,1,Yes,Fiber optic,Yes,Yes,Yes,Yes,Yes,Yes,Two year,0,Bank transfer (automatic),115.15,8349.45
1905-OEILC,1,No,No,No internet service,No internet service,No internet service,No internet service,No internet service,No internet service,Month-to-month,0,Mailed check,19.5,19.5
7858-GTZSP,1,Yes,Fiber optic,No,No,No,No,No,Yes,Month-to-month,1,Electronic check,86.55,1066.9
6248-BSHKG,1,No,No,No internet service,No internet service,No internet service,No internet service,No internet service,No internet service,One year,0,Mailed check,20.4,1226.45
4685-TFLLS,1,No,No,No internet service,No internet service,No internet service,No internet service,No internet service,No internet service,One year,0,Bank transfer (automatic),19.8,342.3
3470-BTGQO,1,No,DSL,No,No,No,No,No,No,Month-to-month,0,Mailed check,45.65,985.05
1209-VFFOC,0,No phone service,DSL,Yes,Yes,Yes,Yes,No,Yes,Two year,1,Mailed check,56.4,3948.45
8224-DWCKX,1,Yes,Fiber optic,No,No,No,No,No,No,Month-to-month,1,Credit card (automatic),73.3,828.05
4553-DVPZG,1,Yes,Fiber optic,No,No,Yes,No,Yes,Yes,Month-to-month,1,Electronic check,101.35,6164.7
6917-IAYHD,0,No phone service,DSL,No,Yes,No,Yes,No,No,Month-to-month,0,Mailed check,33.6,33.6
8620-RJPZN,1,No,No,No internet service,No internet service,No internet service,No internet service,No internet service,No internet service,Month-to-month,0,Electronic check,20.7,20.7
7572-KPVKK,1,Yes,Fiber optic,No,No,Yes,Yes,Yes,Yes,Two year,1,Electronic check,104.05,6590.5
2642-MAWLJ,1,No,No,No internet service,No internet service,No internet service,No internet service,No internet service,No internet service,Two year,0,Bank transfer (automatic),20.25,717.95
7103-ZGVNT,1,Yes,DSL,Yes,Yes,No,Yes,Yes,No,One year,0,Credit card (automatic),73.7,4885.85
2027-WKXMW,1,Yes,Fiber optic,No,Yes,Yes,Yes,Yes,Yes,Month-to-month,1,Electronic check,108.75,6871.7
7137-NAXML,1,No,No,No internet service,No internet service,No internet service,No internet service,No internet service,No internet service,One year,0,Bank transfer (automatic),20.15,405.6
2428-ZMCTB,1,No,No,No internet service,No internet service,No internet service,No internet service,No internet service,No internet service,Month-to-month,0,Credit card (automatic),19.75,208.25
2961-VNFKL,1,Yes,No,No internet service,No internet service,No internet service,No internet service,No internet service,No internet service,Two year,1,Credit card (automatic),25.95,1801.9
1768-HNVGJ,1,Yes,DSL,Yes,No,No,Yes,No,Yes,Month-to-month,1,Electronic check,70.05,3062.45
6963-KQYQB,1,Yes,No,No internet service,No internet service,No internet service,No internet service,No internet service,No internet service,Two year,0,Mailed check,24.05,1764.75
5934-RMPOV,1,Yes,Fiber optic,No,No,No,No,No,Yes,Month-to-month,1,Electronic check,84.75,1816.75
1207-BLKSA,1,Yes,No,No internet service,No internet service,No internet service,No internet service,No internet service,No internet service,Two year,0,Mailed check,23.05,1255.1
8316-BBQAY,0,No phone service,DSL,Yes,No,Yes,Yes,Yes,Yes,Two year,0,Credit card (automatic),59.95,3921.1
1166-PQLGG,1,No,No,No internet service,No internet service,No internet service,No internet service,No internet service,No internet service,Two year,0,Bank transfer (automatic),19.55,1463.45
3146-JTQHR,1,No,No,No internet service,No internet service,No internet service,No internet service,No internet service,No internet service,One year,0,Bank transfer (automatic),19.6,189.45
4291-YZODP,1,No,No,No internet service,No internet service,No internet service,No internet service,No internet service,No internet service,One year,0,Mailed check,20.05,96.8
4395-PZMSN,1,No,Fiber optic,No,Yes,No,No,No,Yes,Month-to-month,1,Electronic check,85.55,408.5
6427-FEFIG,1,Yes,DSL,Yes,No,Yes,No,Yes,Yes,Two year,0,Credit card (automatic),78.6,1846.65
0017-IUDMW,1,Yes,Fiber optic,Yes,Yes,Yes,Yes,Yes,Yes,Two year,1,Credit card (automatic),116.8,8456.75
8706-HRADD,0,No phone service,DSL,Yes,No,No,Yes,Yes,No,Month-to-month,1,Mailed check,43.55,1011.5
9955-QOPOY,0,No phone service,DSL,No,Yes,Yes,Yes,Yes,Yes,One year,1,Credit card (automatic),60.8,4263.4
4385-ZKVNW,1,No,DSL,No,Yes,No,Yes,No,No,Month-to-month,1,Bank transfer (automatic),54.9,2549.1
5446-DKWYW,1,Yes,DSL,No,No,Yes,No,Yes,No,One year,1,Electronic check,65.2,3965.05
9031-ZVQPT,1,Yes,Fiber optic,No,Yes,Yes,Yes,Yes,Yes,Two year,1,Electronic check,108.2,7840.6
2990-IAJSV,1,Yes,DSL,Yes,Yes,Yes,Yes,Yes,Yes,Two year,0,Bank transfer (automatic),92.0,6632.75
8107-KNCIM,1,Yes,Fiber optic,No,No,No,No,No,No,Month-to-month,1,Electronic check,75.1,1013.35
9027-YFHQJ,1,Yes,No,No internet service,No internet service,No internet service,No internet service,No internet service,No internet service,Month-to-month,1,Bank transfer (automatic),25.05,152.95
5176-LDKUH,1,No,Fiber optic,No,Yes,No,No,No,No,One year,0,Electronic check,75.15,3772.65
4644-OBGFZ,1,No,No,No internet service,No internet service,No internet service,No internet service,No internet service,No internet service,One year,0,Mailed check,19.5,1026.35
7926-IJOOU,1,No,No,No internet service,No internet service,No internet service,No internet service,No internet service,No internet service,Month-to-month,0,Credit card (automatic),19.3,19.3
6480-YAGIY,1,No,Fiber optic,Yes,Yes,Yes,Yes,Yes,Yes,One year,0,Credit card (automatic),112.2,5031.85
4029-HPFVY,1,No,Fiber optic,No,No,No,No,No,No,Month-to-month,1,Mailed check,70.3,220.4
7602-DBTOU,1,No,No,No internet service,No internet service,No internet service,No internet service,No internet service,No internet service,Two year,0,Mailed check,19.6,1416.5
5345-BMKWB,1,No,No,No internet service,No internet service,No internet service,No internet service,No internet service,No internet service,Month-to-month,0,Mailed check,20.25,158.35
5457-COLHT,1,No,DSL,Yes,Yes,No,Yes,Yes,Yes,Two year,0,Bank transfer (automatic),80.65,5542.55
5451-YHYPW,1,Yes,Fiber optic,Yes,Yes,Yes,Yes,Yes,Yes,Two year,1,Credit card (automatic),115.75,8443.7
7998-WNZEM,1,Yes,DSL,Yes,Yes,Yes,Yes,No,Yes,Two year,0,Bank transfer (automatic),80.6,5708.2
4664-NJCMS,0,No phone service,DSL,Yes,No,Yes,Yes,Yes,Yes,Two year,0,Bank transfer (automatic),59.55,2016.3
0307-BCOPK,1,No,No,No internet service,No internet service,No internet service,No internet service,No internet service,No internet service,One year,0,Mailed check,19.05,326.65
7629-WFGLW,1,Yes,Fiber optic,Yes,Yes,Yes,Yes,No,No,One year,0,Electronic check,95.65,5471.75
2542-HYGIQ,1,No,No,No internet service,No internet service,No internet service,No internet service,No internet service,No internet service,Month-to-month,0,Credit card (automatic),19.95,19.95
5016-LIPDW,1,No,No,No internet service,No internet service,No internet service,No internet service,No internet service,No internet service,One year,0,Mailed check,19.4,1061.6
6481-LXPWL,0,No phone service,DSL,No,Yes,Yes,No,No,No,One year,1,Credit card (automatic),36.1,1971.5
6124-ACRHJ,1,No,No,No internet service,No internet service,No internet service,No internet service,No internet service,No internet service,Month-to-month,0,Mailed check,19.75,19.75
9362-MWODR,1,No,DSL,Yes,No,No,Yes,Yes,No,Month-to-month,1,Credit card (automatic),64.1,2460.35
9975-GPKZU,1,No,No,No internet service,No internet service,No internet service,No internet service,No internet service,No internet service,Two year,0,Credit card (automatic),19.75,856.5
9625-RZFUK,1,No,No,No internet service,No internet service,No internet service,No internet service,No internet service,No internet service,Two year,0,Mailed check,19.7,1275.85
5153-LXKDT,1,Yes,Fiber optic,Yes,Yes,Yes,No,Yes,Yes,Two year,1,Electronic check,110.2,7467.5
5161-UBZXI,1,No,Fiber optic,Yes,Yes,No,Yes,Yes,Yes,Two year,1,Credit card (automatic),106.35,7261.75
1020-JPQOW,1,Yes,Fiber optic,No,Yes,Yes,Yes,No,No,Month-to-month,0,Electronic check,90.55,5116.6
7919-ZODZZ,1,No,DSL,No,Yes,Yes,No,No,Yes,One year,1,Mailed check,65.9,660.05
0565-JUPYD,1,Yes,Fiber optic,Yes,Yes,Yes,Yes,Yes,No,One year,0,Credit card (automatic),104.5,6590.8
6867-ACCZI,0,No phone service,DSL,Yes,Yes,Yes,Yes,No,Yes,Two year,1,Mailed check,52.5,1208.15
5939-XAIXZ,1,Yes,DSL,No,No,Yes,No,No,No,Month-to-month,1,Mailed check,56.1,1033.9
9054-FOWNV,1,Yes,Fiber optic,No,No,Yes,No,Yes,No,Month-to-month,1,Electronic check,88.75,1885.15
8207-VVMYB,1,Yes,No,No internet service,No internet service,No internet service,No internet service,No internet service,No internet service,Two year,1,Bank transfer (automatic),26.0,2006.95
9732-EQMWY,1,No,Fiber optic,No,Yes,Yes,No,Yes,Yes,Month-to-month,0,Electronic check,99.4,5025.0
5269-NRGDP,1,No,DSL,No,No,Yes,Yes,Yes,Yes,One year,0,Electronic check,73.15,3088.25
6195-MELTI,1,No,DSL,No,Yes,No,Yes,No,No,One year,1,Mailed check,54.65,3134.7
2121-JAFOM,1,Yes,Fiber optic,Yes,Yes,Yes,Yes,Yes,Yes,Two year,1,Credit card (automatic),115.55,8312.4
8818-DOPVL,1,Yes,Fiber optic,No,Yes,Yes,No,Yes,Yes,Month-to-month,1,Electronic check,104.45,4863.85
1227-UDMZR,1,Yes,DSL,Yes,Yes,Yes,Yes,Yes,Yes,Two year,1,Bank transfer (automatic),91.15,6637.9
5198-HQAEN,1,No,Fiber optic,No,Yes,No,Yes,Yes,No,One year,1,Electronic check,89.7,3165.6
2167-FQSTQ,1,Yes,DSL,Yes,Yes,Yes,Yes,Yes,Yes,Two year,1,Electronic check,92.4,6786.1
2819-GWENI,1,No,No,No internet service,No internet service,No internet service,No internet service,No internet service,No internet service,One year,0,Mailed check,19.9,543.0
3572-UUHRS,1,No,No,No internet service,No internet service,No internet service,No internet service,No internet service,No internet service,One year,0,Bank transfer (automatic),18.85,867.3
2692-PFYTJ,1,Yes,No,No internet service,No internet service,No internet service,No internet service,No internet service,No internet service,Month-to-month,1,Mailed check,25.75,25.75
5955-EPOAZ,1,No,No,No internet service,No internet service,No internet service,No internet service,No internet service,No internet service,Month-to-month,1,Mailed check,20.95,109.5
6821-JPCDC,1,No,Fiber optic,No,Yes,Yes,No,Yes,Yes,One year,1,Electronic check,97.05,4692.95
8815-LMFLX,1,Yes,No,No internet service,No internet service,No internet service,No internet service,No internet service,No internet service,Month-to-month,1,Bank transfer (automatic),25.4,546.85
9135-HSWOC,1,No,No,No internet service,No internet service,No internet service,No internet service,No internet service,No internet service,Two year,1,Bank transfer (automatic),19.7,1274.05
8582-KRHPJ,0,No phone service,DSL,Yes,Yes,No,No,No,No,Month-to-month,1,Mailed check,35.0,1782.4
5811-IWXYM,1,Yes,Fiber optic,No,No,Yes,No,Yes,Yes,One year,0,Bank transfer (automatic),101.25,5301.1
7044-YAACC,1,No,Fiber optic,No,No,No,No,No,No,Month-to-month,1,Electronic check,70.2,280.35
8189-XRIKE,1,No,Fiber optic,No,No,No,No,Yes,Yes,Month-to-month,0,Electronic check,90.95,2897.95
1506-YJTYT,1,Yes,DSL,Yes,Yes,No,Yes,Yes,No,Two year,0,Credit card (automatic),73.85,3371.0
4123-DVHPH,1,Yes,Fiber optic,Yes,No,No,No,No,Yes,Month-to-month,1,Electronic check,88.05,801.3
2228-BZDEE,1,No,No,No internet service,No internet service,No internet service,No internet service,No internet service,No internet service,Two year,0,Mailed check,20.1,1079.45
2789-CZANW,1,Yes,Fiber optic,Yes,Yes,No,Yes,Yes,Yes,Two year,0,Bank transfer (automatic),110.3,6997.3
7596-LDUXP,1,No,Fiber optic,Yes,No,No,No,Yes,No,One year,1,Credit card (automatic),85.15,979.05
3740-RLMVT,1,No,DSL,Yes,Yes,No,Yes,No,No,One year,1,Bank transfer (automatic),60.95,4119.4
2192-OZITF,1,Yes,DSL,Yes,No,No,Yes,No,Yes,Two year,0,Mailed check,73.55,3349.1
5651-CPDND,1,No,DSL,No,No,No,No,No,No,Month-to-month,0,Mailed check,46.0,492.1
2186-QZEYA,1,Yes,DSL,Yes,Yes,No,No,No,No,Month-to-month,1,Bank transfer (automatic),58.55,1718.95
1131-ALZWV,1,Yes,No,No internet service,No internet service,No internet service,No internet service,No internet service,No internet service,One year,0,Bank transfer (automatic),24.6,605.25
7729-XBTWX,1,No,No,No internet service,No internet service,No internet service,No internet service,No internet service,No internet service,Two year,1,Mailed check,19.75,1344.5
9134-WYRVP,1,No,Fiber optic,Yes,No,No,No,Yes,No,One year,0,Mailed check,86.35,4267.15
3284-SVCRO,1,Yes,No,No internet service,No internet service,No internet service,No internet service,No internet service,No internet service,Two year,0,Mailed check,25.5,1121.05
9732-OUYRN,1,No,No,No internet service,No internet service,No internet service,No internet service,No internet service,No internet service,One year,0,Credit card (automatic),19.0,918.7
0559-CKHUS,1,No,No,No internet service,No internet service,No internet service,No internet service,No internet service,No internet service,Two year,1,Mailed check,19.55,521.8
2931-SVLTV,1,Yes,Fiber optic,Yes,Yes,No,Yes,Yes,Yes,Month-to-month,1,Credit card (automatic),110.1,4469.1
7504-UWHNB,1,No,Fiber optic,No,No,No,No,No,No,Month-to-month,0,Electronic check,69.75,1729.35
2582-FFFZR,0,No phone service,DSL,No,No,Yes,No,Yes,Yes,Month-to-month,1,Electronic check,50.6,1073.3
8908-NMQTX,0,No phone service,DSL,Yes,Yes,Yes,Yes,Yes,Yes,Two year,1,Bank transfer (automatic),65.6,4566.5
1431-AIDJQ,1,No,DSL,No,Yes,Yes,Yes,Yes,Yes,Two year,0,Credit card (automatic),82.1,2603.1
6288-LBEAR,1,No,Fiber optic,No,Yes,No,Yes,No,No,Month-to-month,1,Mailed check,79.1,1783.75
8413-YNHNV,1,Yes,DSL,Yes,Yes,Yes,Yes,Yes,Yes,Two year,0,Mailed check,90.65,6322.1
5808-TOTXO,1,No,No,No internet service,No internet service,No internet service,No internet service,No internet service,No internet service,One year,1,Credit card (automatic),20.55,57.4
4369-NYSCF,1,No,DSL,No,Yes,No,Yes,Yes,Yes,One year,1,Bank transfer (automatic),75.75,4284.65
6333-YDVLT,1,Yes,Fiber optic,Yes,No,Yes,Yes,Yes,Yes,One year,1,Credit card (automatic),110.0,7138.65
5324-KTGCG,1,No,No,No internet service,No internet service,No internet service,No internet service,No internet service,No internet service,One year,0,Electronic check,20.85,1539.75
5599-HVLTW,1,Yes,Fiber optic,No,No,Yes,No,No,No,Month-to-month,1,Bank transfer (automatic),80.35,1058.1
7394-LWLYN,1,No,Fiber optic,No,No,No,No,No,No,Month-to-month,1,Electronic check,70.15,123.8
6873-UDNLD,1,No,DSL,Yes,No,Yes,No,No,Yes,Month-to-month,0,Electronic check,67.45,2731.0
2700-LUEVA,1,No,No,No internet service,No internet service,No internet service,No internet service,No internet service,No internet service,Month-to-month,0,Credit card (automatic),20.75,20.75
0958-YHXGP,1,No,Fiber optic,No,No,No,No,No,No,Month-to-month,1,Mailed check,69.9,497.3
1101-SSWAG,1,Yes,DSL,No,No,No,No,No,No,Month-to-month,1,Electronic check,51.1,711.15
5743-KHMNA,1,Yes,No,No internet service,No internet service,No internet service,No internet service,No internet service,No internet service,Two year,0,Bank transfer (automatic),25.55,1898.1
4194-FJARJ,1,Yes,DSL,Yes,No,No,Yes,No,No,Two year,0,Bank transfer (automatic),60.0,3273.95
5325-UWTWJ,1,Yes,Fiber optic,Yes,Yes,No,Yes,No,No,Month-to-month,1,Credit card (automatic),90.55,2929.75
3969-GYXEL,1,No,Fiber optic,Yes,No,No,No,No,No,Month-to-month,0,Electronic check,76.4,838.7
9208-OLGAQ,1,No,Fiber optic,No,No,Yes,No,No,Yes,Month-to-month,1,Electronic check,84.95,1443.65
3244-CQPHU,1,Yes,Fiber optic,Yes,Yes,No,Yes,Yes,Yes,Two year,1,Bank transfer (automatic),110.1,7746.7
2674-MLXMN,1,Yes,Fiber optic,No,Yes,No,No,Yes,Yes,Month-to-month,1,Credit card (automatic),99.65,6951.15
9708-HPXWZ,0,No phone service,DSL,No,No,Yes,Yes,Yes,No,Month-to-month,0,Credit card (automatic),45.4,214.75
6992-TKNYO,1,Yes,DSL,No,No,Yes,Yes,No,Yes,One year,0,Credit card (automatic),69.0,2669.45
4468-YDOVK,1,No,DSL,No,No,No,Yes,No,No,Month-to-month,1,Bank transfer (automatic),48.65,235.2
5792-JALQC,1,Yes,DSL,Yes,No,Yes,No,No,No,Two year,0,Bank transfer (automatic),59.85,3103.25
2200-DSAAL,1,Yes,DSL,No,Yes,Yes,No,Yes,Yes,Two year,1,Electronic check,80.65,5330.2
4302-ZYFEL,1,No,No,No internet service,No internet service,No internet service,No internet service,No internet service,No internet service,One year,1,Credit card (automatic),20.55,1403.1
9351-LZYGF,1,Yes,DSL,Yes,Yes,No,Yes,No,No,Month-to-month,1,Credit card (automatic),66.4,2727.8
4366-CTOUZ,1,No,Fiber optic,No,Yes,No,Yes,Yes,Yes,Two year,1,Mailed check,100.2,5038.45
1518-OMDIK,1,No,DSL,No,No,No,No,No,No,Month-to-month,1,Credit card (automatic),44.55,1462.6
6671-NGWON,1,No,No,No internet service,No internet service,No internet service,No internet service,No internet service,No internet service,Month-to-month,0,Mailed check,20.35,150.6
0595-ITUDF,1,Yes,Fiber optic,Yes,Yes,Yes,No,No,No,Month-to-month,1,Electronic check,91.8,5960.5
1955-IBMMB,1,No,No,No internet service,No internet service,No internet service,No internet service,No internet service,No internet service,Two year,1,Bank transfer (automatic),20.2,1192.3
0096-BXERS,1,Yes,DSL,No,No,No,No,No,No,Month-to-month,0,Electronic check,50.35,314.55
3806-YAZOV,1,No,No,No internet service,No internet service,No internet service,No internet service,No internet service,No internet service,Month-to-month,0,Mailed check,18.8,56.0
7998-ZLXWN,1,No,No,No internet service,No internet service,No internet service,No internet service,No internet service,No internet service,Month-to-month,0,Credit card (automatic),20.45,330.8
6253-WRFHY,1,No,DSL,No,No,No,No,Yes,Yes,One year,1,Electronic check,64.75,877.35
9133-AYJZG,1,Yes,Fiber optic,No,Yes,No,No,Yes,Yes,Month-to-month,1,Credit card (automatic),98.7,2249.1
2675-OTVVJ,1,Yes,Fiber optic,Yes,No,No,No,Yes,No,Month-to-month,0,Electronic check,89.45,2807.65
8680-CGLTP,1,No,DSL,Yes,Yes,No,Yes,No,No,One year,1,Electronic check,58.75,1696.2
8430-TWCBX,1,No,No,No internet service,No internet service,No internet service,No internet service,No internet service,No internet service,One year,0,Credit card (automatic),20.7,1032.05
5018-GWURO,1,Yes,Fiber optic,No,No,No,No,Yes,No,Month-to-month,1,Bank transfer (automatic),85.6,4902.8
6741-QRLUP,1,Yes,DSL,Yes,Yes,Yes,Yes,No,Yes,Two year,1,Credit card (automatic),80.3,4995.35
4737-HOBAX,1,Yes,DSL,No,No,Yes,Yes,Yes,Yes,Two year,0,Credit card (automatic),79.8,5034.05
0537-QYZZN,1,Yes,Fiber optic,Yes,No,No,No,No,No,Month-to-month,1,Electronic check,79.85,1857.75
3340-QBBFM,1,No,DSL,No,No,Yes,Yes,No,No,One year,0,Credit card (automatic),54.1,1992.85
8200-KLNYW,1,No,DSL,Yes,No,Yes,Yes,Yes,Yes,One year,0,Mailed check,80.9,1714.95
3372-CDXFJ,1,Yes,No,No internet service,No internet service,No internet service,No internet service,No internet service,No internet service,One year,0,Bank transfer (automatic),24.5,343.6
4781-ZXYGU,1,No,No,No internet service,No internet service,No internet service,No internet service,No internet service,No internet service,Month-to-month,1,Bank transfer (automatic),20.15,20.15
7632-YUTXB,1,No,No,No internet service,No internet service,No internet service,No internet service,No internet service,No internet service,One year,0,Mailed check,20.05,520.1
2718-YSKCS,1,No,No,No internet service,No internet service,No internet service,No internet service,No internet service,No internet service,Two year,1,Bank transfer (automatic),19.6,1387.45
9896-UYMIE,1,Yes,Fiber optic,Yes,Yes,Yes,Yes,Yes,Yes,One year,1,Bank transfer (automatic),114.3,7383.7
0853-NWIFK,1,No,Fiber optic,Yes,Yes,No,No,Yes,Yes,One year,1,Electronic check,100.3,4483.95
8212-CRQXP,1,No,Fiber optic,No,No,No,No,Yes,No,Month-to-month,1,Credit card (automatic),80.0,1706.45
6980-CDGFC,1,No,No,No internet service,No internet service,No internet service,No internet service,No internet service,No internet service,One year,1,Bank transfer (automatic),20.85,1327.4
7691-XVTZH,1,Yes,Fiber optic,No,No,Yes,No,Yes,No,Two year,1,Bank transfer (automatic),89.95,5974.3
2277-VWCNI,1,Yes,DSL,No,No,No,No,No,No,Month-to-month,0,Mailed check,48.75,179.85
1088-CNNKB,1,Yes,DSL,Yes,Yes,Yes,Yes,No,Yes,One year,0,Credit card (automatic),80.0,5040.2
1930-BZLHI,1,No,No,No internet service,No internet service,No internet service,No internet service,No internet service,No internet service,One year,1,Mailed check,20.35,422.7
5868-YTYKS,1,No,No,No internet service,No internet service,No internet service,No internet service,No internet service,No internet service,Month-to-month,1,Mailed check,20.25,20.25
3525-DVKFN,1,No,No,No internet service,No internet service,No internet service,No internet service,No internet service,No internet service,Two year,0,Mailed check,19.4,358.05
1482-OXZSY,1,Yes,Fiber optic,Yes,No,No,No,Yes,Yes,Month-to-month,1,Bank transfer (automatic),100.4,2936.25
0377-JBKKT,1,No,DSL,Yes,Yes,No,Yes,No,No,Month-to-month,1,Mailed check,57.95,1271.8
5778-BVOFB,1,No,DSL,No,No,No,Yes,Yes,No,Month-to-month,1,Bank transfer (automatic),59.5,530.05
3373-YZZYM,1,No,No,No internet service,No internet service,No internet service,No internet service,No internet service,No internet service,Month-to-month,0,Mailed check,19.2,19.2
0228-MAUWC,1,Yes,DSL,No,No,Yes,Yes,No,No,Month-to-month,0,Electronic check,59.55,1144.6
7663-YJHSN,1,Yes,Fiber optic,Yes,Yes,Yes,Yes,Yes,No,Two year,1,Bank transfer (automatic),103.95,7556.9
4915-BFSXL,1,Yes,DSL,Yes,No,Yes,No,Yes,No,Two year,0,Credit card (automatic),68.95,4858.7
3086-RUCRN,1,Yes,Fiber optic,Yes,Yes,Yes,Yes,No,Yes,Month-to-month,1,Bank transfer (automatic),103.1,6595.0
5215-LNLDJ,0,No phone service,DSL,No,No,No,No,No,No,Month-to-month,1,Electronic check,24.7,149.05
7576-JMYWV,1,Yes,Fiber optic,Yes,Yes,No,Yes,Yes,Yes,Month-to-month,1,Electronic check,110.2,4972.1
0257-KXZGU,1,Yes,DSL,No,Yes,Yes,No,No,No,Month-to-month,0,Bank transfer (automatic),62.45,2045.55
1307-ATKGB,1,No,Fiber optic,No,Yes,Yes,No,No,Yes,Month-to-month,1,Electronic check,89.55,2187.15
3714-XPXBW,1,Yes,DSL,Yes,Yes,Yes,Yes,Yes,No,Month-to-month,1,Credit card (automatic),78.9,2976.95
1850-AKQEP,1,No,No,No internet service,No internet service,No internet service,No internet service,No internet service,No internet service,Month-to-month,0,Mailed check,20.35,178.7
2824-DXNKN,1,Yes,DSL,Yes,No,Yes,No,Yes,No,Two year,1,Bank transfer (automatic),71.45,5025.85
5227-JSCFE,0,No phone service,DSL,Yes,Yes,Yes,Yes,No,No,Two year,0,Credit card (automatic),46.35,3353.4
0848-ZGQIJ,1,No,Fiber optic,No,Yes,No,No,Yes,Yes,Month-to-month,1,Bank transfer (automatic),94.65,1461.15
3621-CHYVB,0,No phone service,DSL,Yes,No,Yes,Yes,No,Yes,Month-to-month,1,Bank transfer (automatic),49.9,2782.4
8042-RNLKO,1,Yes,No,No internet service,No internet service,No internet service,No internet service,No internet service,No internet service,One year,0,Bank transfer (automatic),25.45,1699.15
5372-FBKBN,1,No,No,No internet service,No internet service,No internet service,No internet service,No internet service,No internet service,Month-to-month,0,Mailed check,20.75,452.2
0420-TXVSG,1,Yes,DSL,Yes,Yes,Yes,No,No,No,Two year,1,Credit card (automatic),66.1,4428.45
6217-TOWGS,1,Yes,DSL,No,Yes,No,No,Yes,Yes,Month-to-month,1,Bank transfer (automatic),75.4,1322.55
1045-LTCYT,1,No,No,No internet service,No internet service,No internet service,No internet service,No internet service,No internet service,Month-to-month,0,Credit card (automatic),21.05,139.75
1544-JJMYL,1,No,DSL,Yes,No,Yes,Yes,Yes,No,One year,0,Credit card (automatic),69.35,1927.3
4636-JGAAI,1,Yes,Fiber optic,No,Yes,No,No,No,Yes,Month-to-month,0,Mailed check,88.85,3000.25
6874-SGLHU,1,No,Fiber optic,No,Yes,No,No,Yes,Yes,One year,1,Bank transfer (automatic),97.0,3021.3
5951-AOFIH,1,No,DSL,No,Yes,Yes,No,Yes,No,Month-to-month,1,Credit card (automatic),66.4,2245.4
3059-NGMXB,1,Yes,DSL,Yes,Yes,No,No,No,Yes,Month-to-month,0,Mailed check,69.2,944.65
8652-YHIYU,1,Yes,Fiber optic,No,No,No,Yes,No,No,One year,1,Credit card (automatic),79.5,1264.2
5278-PNYOX,1,No,Fiber optic,No,No,Yes,Yes,Yes,Yes,Two year,0,Credit card (automatic),100.65,4917.75
3486-HOOGQ,1,Yes,DSL,Yes,Yes,Yes,Yes,Yes,No,Two year,0,Bank transfer (automatic),79.7,5743.3
5061-PBXFW,1,No,DSL,Yes,Yes,No,Yes,No,No,Month-to-month,0,Bank transfer (automatic),61.4,1864.65
8630-FJLIB,1,No,Fiber optic,No,No,No,No,No,No,Month-to-month,1,Electronic check,69.8,1221.65
3891-NLXJB,0,No phone service,DSL,Yes,Yes,No,Yes,No,No,Two year,1,Mailed check,40.55,1390.85
4749-OJKQU,1,Yes,Fiber optic,No,No,No,No,No,No,Month-to-month,1,Electronic check,75.65,302.35
0577-WHMEV,1,Yes,Fiber optic,Yes,Yes,Yes,No,No,No,Month-to-month,0,Electronic check,90.7,1374.9
5453-AXEPF,1,Yes,Fiber optic,No,Yes,No,No,No,No,Month-to-month,1,Bank transfer (automatic),80.5,1336.9
3639-XJHKQ,1,No,DSL,Yes,Yes,Yes,No,No,No,Month-to-month,1,Electronic check,60.6,1297.8
3716-LRGXK,1,Yes,Fiber optic,No,No,Yes,No,Yes,Yes,Two year,0,Credit card (automatic),101.15,6067.4
2263-SFSQZ,1,Yes,No,No internet service,No internet service,No internet service,No internet service,No internet service,No internet service,Two year,1,Mailed check,24.95,1222.25
9950-MTGYX,1,No,No,No internet service,No internet service,No internet service,No internet service,No internet service,No internet service,Two year,1,Credit card (automatic),20.3,487.95
3397-AVTKU,1,No,DSL,No,Yes,No,No,No,Yes,Two year,1,Electronic check,60.0,2548.55
4825-FUREZ,1,No,No,No internet service,No internet service,No internet service,No internet service,No internet service,No internet service,Two year,0,Electronic check,20.25,835.5
2672-OJQZP,1,No,DSL,No,No,No,No,No,No,Month-to-month,0,Mailed check,44.75,44.75
3134-DSHVC,1,Yes,Fiber optic,Yes,Yes,Yes,No,Yes,No,Two year,0,Credit card (automatic),98.0,6218.45
7821-DPRQE,1,Yes,Fiber optic,Yes,Yes,No,Yes,Yes,Yes,Month-to-month,1,Electronic check,107.7,7320.9
2001-EWBQU,1,Yes,Fiber optic,No,Yes,Yes,No,Yes,Yes,Two year,0,Electronic check,104.7,6333.8
1608-GMEWB,1,Yes,Fiber optic,No,No,No,No,Yes,Yes,Month-to-month,1,Bank transfer (automatic),93.9,4200.25
6695-AMZUF,1,No,DSL,Yes,Yes,Yes,Yes,Yes,Yes,Two year,0,Credit card (automatic),86.45,5950.2
8410-BGQXN,1,No,No,No internet service,No internet service,No internet service,No internet service,No internet service,No internet service,Month-to-month,0,Mailed check,19.4,93.4
1619-YWUBB,1,Yes,No,No internet service,No internet service,No internet service,No internet service,No internet service,No internet service,Two year,1,Credit card (automatic),24.95,1614.9
7611-YKYTC,1,No,Fiber optic,Yes,No,No,No,No,No,Month-to-month,0,Bank transfer (automatic),75.0,1573.95
0365-GXEZS,1,No,Fiber optic,No,No,Yes,Yes,No,No,Month-to-month,0,Electronic check,78.2,1468.75
0082-OQIQY,1,No,Fiber optic,No,No,No,Yes,Yes,Yes,Month-to-month,1,Electronic check,94.2,2607.6
3606-SBKRY,0,No phone service,DSL,No,No,Yes,No,Yes,Yes,One year,1,Electronic check,50.05,1523.4
0667-NSRGI,1,Yes,DSL,No,No,Yes,Yes,No,Yes,One year,1,Mailed check,69.55,3435.6
6893-ODYYE,1,No,Fiber optic,Yes,Yes,Yes,Yes,No,No,One year,1,Credit card (automatic),90.1,4549.45
8242-JSVBO,1,No,DSL,No,No,No,No,No,No,Month-to-month,1,Bank transfer (automatic),44.65,322.5
9541-ZPSEA,1,No,Fiber optic,Yes,No,Yes,No,No,No,Two year,0,Credit card (automatic),80.35,5375.15
2665-NPTGL,1,Yes,Fiber optic,No,No,Yes,No,Yes,Yes,Month-to-month,1,Bank transfer (automatic),98.1,2510.7
1139-WUOAH,0,No phone service,DSL,No,No,Yes,Yes,Yes,Yes,Two year,0,Credit card (automatic),53.35,3090.05
4693-VWVBO,1,No,No,No internet service,No internet service,No internet service,No internet service,No internet service,No internet service,Month-to-month,0,Electronic check,19.55,61.05
6937-GCDGQ,1,No,DSL,Yes,No,No,No,No,No,One year,1,Bank transfer (automatic),48.95,955.6
0988-JRWWP,1,No,DSL,No,No,No,No,Yes,No,Month-to-month,1,Electronic check,54.2,140.4
5075-JSDKI,1,Yes,No,No internet service,No internet service,No internet service,No internet service,No internet service,No internet service,Two year,0,Electronic check,24.45,1493.1
8644-XYTSV,0,No phone service,DSL,Yes,No,No,No,Yes,No,Month-to-month,1,Bank transfer (automatic),40.15,1626.05
3873-WOSBC,1,Yes,No,No internet service,No internet service,No internet service,No internet service,No internet service,No internet service,Two year,0,Credit card (automatic),25.6,1784.9
7465-ZZRVX,1,No,Fiber optic,No,No,No,No,No,No,Month-to-month,1,Electronic check,70.35,70.35
7975-JMZNT,1,Yes,DSL,Yes,Yes,Yes,Yes,Yes,Yes,Two year,0,Bank transfer (automatic),91.7,6075.9
7251-XFOIL,1,Yes,Fiber optic,No,No,Yes,No,No,Yes,Month-to-month,0,Mailed check,89.2,5500.6
4116-IQRFR,1,Yes,No,No internet service,No internet service,No internet service,No internet service,No internet service,No internet service,One year,0,Credit card (automatic),24.1,73.1
8259-DZLIZ,1,Yes,DSL,No,Yes,No,No,No,No,One year,1,Bank transfer (automatic),53.85,3399.85
0442-ZXKVS,1,Yes,Fiber optic,Yes,Yes,Yes,Yes,Yes,Yes,One year,1,Bank transfer (automatic),115.6,6431.05
7853-WNZSY,1,No,No,No internet service,No internet service,No internet service,No internet service,No internet service,No internet service,Month-to-month,1,Credit card (automatic),19.75,19.75
3120-FAZKD,1,Yes,No,No internet service,No internet service,No internet service,No internet service,No internet service,No internet service,Two year,1,Bank transfer (automatic),24.05,1230.9
8606-OEGQZ,1,Yes,No,No internet service,No internet service,No internet service,No internet service,No internet service,No internet service,Two year,0,Credit card (automatic),25.3,454.65
0225-ZORZP,1,No,Fiber optic,No,Yes,No,No,No,Yes,Month-to-month,0,Electronic check,84.3,235.05
9489-JMTTN,1,Yes,DSL,Yes,Yes,Yes,Yes,Yes,Yes,Two year,0,Credit card (automatic),89.75,6595.9
0575-CUQOV,1,No,Fiber optic,No,Yes,Yes,No,Yes,Yes,One year,1,Electronic check,97.95,5867.0
0967-BMLBD,1,No,No,No internet service,No internet service,No internet service,No internet service,No internet service,No internet service,One year,1,Mailed check,20.0,196.35
2830-LEWOA,1,No,Fiber optic,No,Yes,Yes,Yes,Yes,Yes,One year,0,Credit card (automatic),103.9,6449.15
5006-MXVRN,1,No,No,No internet service,No internet service,No internet service,No internet service,No internet service,No internet service,Two year,0,Credit card (automatic),20.7,762.45
8327-WKMIE,1,No,No,No internet service,No internet service,No internet service,No internet service,No internet service,No internet service,One year,0,Credit card (automatic),20.15,785.75
6917-FIJHC,1,Yes,No,No internet service,No internet service,No internet service,No internet service,No internet service,No internet service,Two year,1,Mailed check,26.0,1776.0
5329-KRDTM,1,Yes,DSL,No,Yes,Yes,Yes,Yes,No,Two year,0,Credit card (automatic),77.35,5396.25
7797-EJMDP,1,No,DSL,Yes,No,No,Yes,No,Yes,Month-to-month,0,Bank transfer (automatic),66.05,574.5
3530-VWVGU,1,No,No,No internet service,No internet service,No internet service,No internet service,No internet service,No internet service,Month-to-month,0,Mailed check,19.9,400.3
6368-NWMCE,1,Yes,DSL,No,Yes,No,Yes,No,Yes,Month-to-month,0,Credit card (automatic),68.15,2656.3
3633-CDBUW,1,No,DSL,No,Yes,Yes,Yes,Yes,Yes,One year,0,Electronic check,80.85,1445.95
0707-HOVVN,1,Yes,DSL,No,Yes,Yes,Yes,Yes,No,Two year,1,Bank transfer (automatic),75.5,5212.65
3956-MGXOG,1,No,Fiber optic,No,No,No,No,No,Yes,Month-to-month,1,Electronic check,80.6,2244.95
9274-UARKJ,1,No,Fiber optic,No,Yes,No,No,Yes,No,Month-to-month,1,Bank transfer (automatic),83.2,1130.0
4077-HWUYD,1,Yes,DSL,Yes,Yes,Yes,Yes,Yes,Yes,Two year,1,Bank transfer (automatic),87.55,6463.15
0103-CSITQ,1,Yes,Fiber optic,No,Yes,Yes,Yes,Yes,Yes,One year,1,Bank transfer (automatic),109.4,6252.7
8671-KKKOS,0,No phone service,DSL,Yes,Yes,No,No,Yes,No,Month-to-month,0,Electronic check,45.55,2062.15
7305-ZWMAJ,1,No,No,No internet service,No internet service,No internet service,No internet service,No internet service,No internet service,One year,0,Credit card (automatic),20.7,587.1
9518-XXBXE,1,No,Fiber optic,Yes,No,No,No,No,No,Month-to-month,0,Electronic check,75.3,720.45
6578-KRMAW,1,No,Fiber optic,Yes,Yes,Yes,No,No,Yes,Month-to-month,1,Credit card (automatic),93.4,2979.3
4860-IJUDE,1,No,Fiber optic,Yes,No,No,No,No,No,Month-to-month,1,Credit card (automatic),73.75,956.65
9688-YGXVR,1,No,Fiber optic,No,Yes,Yes,No,Yes,No,Month-to-month,1,Credit card (automatic),88.15,3973.2
0423-UDIJQ,1,No,DSL,No,No,No,Yes,No,No,Month-to-month,0,Mailed check,49.2,447.9
1945-XISKS,1,No,No,No internet service,No internet service,No internet service,No internet service,No internet service,No internet service,Two year,0,Mailed check,19.65,1335.2
5360-LJCNJ,1,Yes,Fiber optic,No,Yes,Yes,No,Yes,Yes,Two year,1,Bank transfer (automatic),105.15,7555.0
2607-FBDFF,1,No,DSL,No,No,No,Yes,No,No,Month-to-month,0,Credit card (automatic),49.0,49.0
1100-DDVRV,0,No phone service,DSL,No,Yes,No,No,Yes,Yes,Month-to-month,1,Mailed check,49.8,836.35
6728-WYQBC,1,No,No,No internet service,No internet service,No internet service,No internet service,No internet service,No internet service,Month-to-month,0,Bank transfer (automatic),20.95,20.95
9029-FEGVJ,1,Yes,Fiber optic,No,No,Yes,No,No,No,Month-to-month,0,Mailed check,79.3,2570.0
7216-KAOID,1,No,No,No internet service,No internet service,No internet service,No internet service,No internet service,No internet service,One year,0,Bank transfer (automatic),19.5,798.2
6145-NNPNO,1,No,DSL,No,No,No,No,No,No,Month-to-month,0,Bank transfer (automatic),44.15,44.15
5339-TJFEK,1,Yes,Fiber optic,Yes,Yes,No,No,Yes,Yes,Month-to-month,1,Electronic check,105.5,6487.2
2074-GUHPQ,1,Yes,Fiber optic,No,Yes,Yes,Yes,No,No,Month-to-month,1,Credit card (automatic),92.7,1556.85
4625-XMOYM,1,Yes,No,No internet service,No internet service,No internet service,No internet service,No internet service,No internet service,Two year,1,Bank transfer (automatic),26.25,1988.05
5827-MWCZK,1,Yes,Fiber optic,No,Yes,No,Yes,Yes,No,Month-to-month,1,Credit card (automatic),96.95,5432.2
1385-TQOZW,1,No,No,No internet service,No internet service,No internet service,No internet service,No internet service,No internet service,Month-to-month,1,Credit card (automatic),20.45,147.55
5914-XRFQB,1,Yes,Fiber optic,Yes,Yes,Yes,Yes,Yes,Yes,Two year,1,Bank transfer (automatic),115.8,8424.9
4329-YPDDQ,1,No,Fiber optic,Yes,Yes,Yes,Yes,Yes,Yes,Month-to-month,1,Bank transfer (automatic),108.2,2203.7
4804-NCPET,1,No,No,No internet service,No internet service,No internet service,No internet service,No internet service,No internet service,Two year,0,Mailed check,20.2,387.4
5944-UGLLK,0,No phone service,DSL,No,No,Yes,Yes,Yes,Yes,One year,0,Credit card (automatic),54.9,3045.75
7787-BNTZM,1,No,No,No internet service,No internet service,No internet service,No internet service,No internet service,No internet service,Month-to-month,0,Bank transfer (automatic),20.15,130.5
2252-ISRNH,1,Yes,Fiber optic,No,No,Yes,No,Yes,No,One year,1,Electronic check,90.35,767.9
9415-TPKRV,1,Yes,DSL,No,Yes,No,No,No,No,Month-to-month,0,Electronic check,55.75,446.8
5322-TEUJK,1,Yes,Fiber optic,Yes,Yes,Yes,Yes,Yes,Yes,Two year,0,Bank transfer (automatic),114.6,8100.25
1866-DIOQZ,0,No phone service,DSL,Yes,Yes,Yes,Yes,Yes,Yes,One year,0,Bank transfer (automatic),66.8,4689.15
8375-KVTHK,1,No,Fiber optic,No,Yes,No,Yes,Yes,Yes,One year,1,Electronic check,100.3,6754.35
2697-NQBPF,1,Yes,Fiber optic,No,Yes,No,Yes,Yes,Yes,Month-to-month,1,Electronic check,105.35,3540.65
3709-OIJEA,1,No,Fiber optic,No,Yes,Yes,Yes,No,No,One year,1,Electronic check,85.2,2184.6
1386-ZIKUV,1,No,No,No internet service,No internet service,No internet service,No internet service,No internet service,No internet service,Month-to-month,1,Mailed check,18.95,130.55
0599-XNYDO,1,No,Fiber optic,No,No,No,No,No,No,Month-to-month,1,Bank transfer (automatic),69.8,1540.35
6377-WHAOX,1,Yes,Fiber optic,No,Yes,Yes,No,Yes,Yes,Month-to-month,1,Electronic check,106.15,6411.25
6855-VLGOS,1,No,No,No internet service,No internet service,No internet service,No internet service,No internet service,No internet service,Two year,0,Electronic check,20.55,1432.55
8999-XXGNS,1,Yes,Fiber optic,No,Yes,Yes,No,Yes,Yes,One year,1,Credit card (automatic),105.75,7629.85
8746-OQQRW,1,Yes,No,No internet service,No internet service,No internet service,No internet service,No internet service,No internet service,Month-to-month,0,Mailed check,25.25,101.9
3181-MIZBN,1,No,No,No internet service,No internet service,No internet service,No internet service,No internet service,No internet service,Month-to-month,0,Electronic check,19.75,313.4
0471-ARVMX,1,Yes,Fiber optic,Yes,No,Yes,No,Yes,Yes,One year,1,Electronic check,104.85,6312.9
7766-CLTIC,1,No,DSL,No,No,No,Yes,No,Yes,Month-to-month,1,Mailed check,60.95,629.55
5650-YLIBA,1,Yes,Fiber optic,No,Yes,No,No,No,No,Month-to-month,1,Electronic check,81.15,2640.55
0825-CPPQH,1,No,No,No internet service,No internet service,No internet service,No internet service,No internet service,No internet service,Two year,0,Credit card (automatic),19.1,1372.45
9084-OAYKL,1,No,No,No internet service,No internet service,No internet service,No internet service,No internet service,No internet service,Two year,0,Mailed check,20.8,1212.25
6122-LJADA,1,Yes,DSL,Yes,Yes,Yes,Yes,Yes,Yes,Two year,1,Credit card (automatic),90.15,6237.05
2400-XIWIO,1,Yes,DSL,Yes,Yes,Yes,Yes,Yes,Yes,Two year,0,Electronic check,90.1,6310.9
7524-VRLPL,1,Yes,DSL,Yes,No,Yes,Yes,No,Yes,Two year,0,Credit card (automatic),74.1,5031.0
7569-NMZYQ,1,Yes,Fiber optic,Yes,Yes,Yes,Yes,Yes,Yes,Two year,1,Bank transfer (automatic),118.75,8672.45
5201-USSQZ,1,No,Fiber optic,No,No,No,Yes,No,Yes,Month-to-month,0,Credit card (automatic),85.9,2196.45
2105-PHWON,1,Yes,Fiber optic,No,No,Yes,Yes,No,Yes,Month-to-month,1,Credit card (automatic),95.0,3008.15
1494-EJZDW,1,No,No,No internet service,No internet service,No internet service,No internet service,No internet service,No internet service,Two year,0,Mailed check,20.15,220.8
4884-TVUQF,1,Yes,Fiber optic,Yes,No,Yes,Yes,No,Yes,Two year,0,Credit card (automatic),101.3,5779.6
8003-EWNDZ,1,No,No,No internet service,No internet service,No internet service,No internet service,No internet service,No internet service,Month-to-month,1,Electronic check,21.2,222.65
1897-RCFUM,1,Yes,No,No internet service,No internet service,No internet service,No internet service,No internet service,No internet service,One year,1,Mailed check,24.2,914.6
9256-JTBNZ,1,No,No,No internet service,No internet service,No internet service,No internet service,No internet service,No internet service,Month-to-month,0,Bank transfer (automatic),20.3,246.3
2211-RMNHO,1,Yes,DSL,No,Yes,Yes,Yes,Yes,Yes,Two year,0,Bank transfer (automatic),85.3,5560.0
2432-TFSMK,1,Yes,Fiber optic,No,No,Yes,No,Yes,No,One year,1,Credit card (automatic),89.6,1633.0
4929-ROART,1,Yes,DSL,Yes,No,No,No,No,No,Month-to-month,0,Mailed check,56.25,969.85
1834-ABKHQ,1,No,DSL,No,No,Yes,No,No,No,One year,1,Bank transfer (automatic),50.95,2610.65
1741-WTPON,1,Yes,Fiber optic,Yes,Yes,Yes,Yes,Yes,Yes,Two year,0,Mailed check,115.85,6567.9
3932-IJWDZ,1,Yes,Fiber optic,No,No,Yes,Yes,Yes,Yes,Month-to-month,1,Bank transfer (automatic),103.65,4747.85
1240-HCBOH,1,Yes,No,No internet service,No internet service,No internet service,No internet service,No internet service,No internet service,Two year,1,Mailed check,26.1,1759.55
3594-KADLU,0,No phone service,DSL,Yes,No,No,Yes,No,No,Month-to-month,0,Mailed check,35.1,101.1
8065-BVEPF,1,No,Fiber optic,No,Yes,Yes,No,Yes,Yes,Month-to-month,1,Bank transfer (automatic),99.1,6496.15
3796-ENZGF,1,Yes,DSL,No,Yes,No,Yes,No,Yes,Two year,0,Mailed check,67.25,4234.15
1734-ZMNTZ,1,Yes,No,No internet service,No internet service,No internet service,No internet service,No internet service,No internet service,Two year,0,Mailed check,25.0,300.7
2853-CWQFQ,1,No,DSL,No,No,No,Yes,No,Yes,Month-to-month,1,Mailed check,59.55,59.55
0813-TAXXS,1,Yes,DSL,No,No,Yes,No,Yes,Yes,Two year,1,Bank transfer (automatic),77.8,4323.35
2519-TWKFS,1,Yes,DSL,No,No,No,Yes,No,No,One year,1,Mailed check,55.1,1466.1
0626-QXNGV,1,Yes,No,No internet service,No internet service,No internet service,No internet service,No internet service,No internet service,Two year,1,Credit card (automatic),24.15,1776.45
6723-CEGQI,0,No phone service,DSL,No,Yes,No,Yes,Yes,No,Two year,0,Mailed check,45.25,2933.95
4732-RRJZC,1,No,No,No internet service,No internet service,No internet service,No internet service,No internet service,No internet service,Month-to-month,0,Mailed check,20.25,144.35
9499-XPZXM,1,Yes,DSL,Yes,Yes,No,Yes,No,No,Two year,0,Bank transfer (automatic),64.75,4804.75
4338-EYCER,1,No,DSL,No,No,No,No,Yes,No,Month-to-month,0,Bank transfer (automatic),54.6,1125.2
3007-FDPEA,1,No,No,No internet service,No internet service,No internet service,No internet service,No internet service,No internet service,Month-to-month,1,Bank transfer (automatic),20.7,39.85
6350-XFYGW,1,No,Fiber optic,No,No,Yes,No,Yes,Yes,Month-to-month,1,Electronic check,94.75,422.4
8513-OLYGY,1,Yes,Fiber optic,Yes,Yes,Yes,Yes,Yes,Yes,Two year,0,Credit card (automatic),115.8,8332.15
0311-QYWSS,1,No,DSL,Yes,No,No,No,No,No,Month-to-month,1,Electronic check,49.45,314.6
8705-DWKTI,1,No,Fiber optic,No,No,Yes,No,No,Yes,Month-to-month,1,Credit card (automatic),83.8,4331.4
8755-IWJHN,1,Yes,Fiber optic,No,Yes,Yes,No,No,Yes,Month-to-month,1,Bank transfer (automatic),95.35,6382.0
4480-QQRHC,1,No,Fiber optic,No,No,Yes,No,No,No,Month-to-month,1,Bank transfer (automatic),74.05,600.15
0929-PECLO,1,Yes,Fiber optic,No,No,Yes,No,No,Yes,Month-to-month,1,Bank transfer (automatic),89.6,5538.8
3680-CTHUH,1,Yes,Fiber optic,Yes,Yes,Yes,Yes,Yes,Yes,One year,1,Credit card (automatic),116.6,7049.5
1202-KKGFU,1,No,DSL,Yes,No,No,Yes,No,No,Month-to-month,0,Bank transfer (automatic),54.2,690.5
6112-KTHFQ,1,No,No,No internet service,No internet service,No internet service,No internet service,No internet service,No internet service,Month-to-month,1,Mailed check,19.3,279.3
1852-XEMDW,1,Yes,DSL,Yes,Yes,Yes,No,No,No,Month-to-month,0,Mailed check,65.05,1427.55
1820-DJFPH,1,Yes,No,No internet service,No internet service,No internet service,No internet service,No internet service,No internet service,Two year,1,Bank transfer (automatic),24.05,1709.15
9426-SXNHE,1,No,No,No internet service,No internet service,No internet service,No internet service,No internet service,No internet service,Month-to-month,0,Bank transfer (automatic),18.75,53.15
9068-FHQHD,1,No,No,No internet service,No internet service,No internet service,No internet service,No internet service,No internet service,Two year,0,Bank transfer (automatic),20.15,777.35
1269-FOYWN,1,No,No,No internet service,No internet service,No internet service,No internet service,No internet service,No internet service,One year,0,Bank transfer (automatic),20.0,860.85
9470-YFUYI,1,No,DSL,Yes,Yes,No,Yes,Yes,No,One year,1,Bank transfer (automatic),71.0,5012.1
7402-EYFXX,1,Yes,Fiber optic,No,No,No,No,Yes,Yes,Month-to-month,1,Electronic check,93.6,2404.1
9895-VFOXH,0,No phone service,DSL,No,No,No,No,No,No,Month-to-month,0,Mailed check,24.4,24.4
1230-QAJDW,1,Yes,DSL,No,No,No,Yes,Yes,No,Month-to-month,1,Mailed check,65.25,209.9
5701-ZIKJE,1,No,DSL,No,No,No,Yes,No,No,Month-to-month,1,Mailed check,50.55,610.75
5032-MIYKT,1,No,Fiber optic,No,No,No,No,No,No,Month-to-month,1,Mailed check,70.7,70.7
7396-VJUZB,1,No,DSL,No,No,No,No,No,No,Month-to-month,0,Mailed check,45.25,155.35
9717-QEBGU,1,No,Fiber optic,No,No,No,No,No,No,Month-to-month,1,Electronic check,70.3,144.0
5172-RKOCB,1,Yes,Fiber optic,Yes,Yes,No,Yes,Yes,Yes,Two year,1,Credit card (automatic),108.95,7875.0
6509-TSGWN,1,Yes,No,No internet service,No internet service,No internet service,No internet service,No internet service,No internet service,Month-to-month,0,Mailed check,26.45,911.6
3178-CIFOT,1,No,No,No internet service,No internet service,No internet service,No internet service,No internet service,No internet service,One year,1,Credit card (automatic),19.65,478.1
4530-NDRKU,1,No,No,No internet service,No internet service,No internet service,No internet service,No internet service,No internet service,One year,1,Electronic check,19.05,761.85
5985-TBABQ,1,Yes,DSL,Yes,No,No,No,Yes,Yes,One year,0,Mailed check,74.75,2282.95
9800-ONTFE,1,Yes,Fiber optic,No,No,No,No,No,No,Month-to-month,1,Bank transfer (automatic),75.8,1615.1
6743-HHQPF,0,No phone service,DSL,No,No,No,No,No,No,Month-to-month,1,Credit card (automatic),25.1,1097.15
8455-HIRAQ,1,No,DSL,No,No,No,No,No,No,Month-to-month,0,Mailed check,44.45,369.3
6616-AALSR,1,Yes,Fiber optic,Yes,No,Yes,No,Yes,Yes,Two year,1,Credit card (automatic),104.3,6725.3
9415-ZNBSX,1,Yes,DSL,Yes,Yes,Yes,Yes,Yes,Yes,Two year,1,Bank transfer (automatic),89.0,6293.2
4018-KJYUY,1,No,No,No internet service,No internet service,No internet service,No internet service,No internet service,No internet service,Month-to-month,0,Credit card (automatic),20.15,432.5
3884-UEBXB,0,No phone service,DSL,Yes,Yes,No,No,No,No,Two year,0,Bank transfer (automatic),36.15,2434.45
8780-RSYYU,1,No,No,No internet service,No internet service,No internet service,No internet service,No internet service,No internet service,Month-to-month,1,Credit card (automatic),19.2,532.1
5537-UXXVS,1,No,No,No internet service,No internet service,No internet service,No internet service,No internet service,No internet service,Month-to-month,0,Bank transfer (automatic),19.25,375.25
1791-PQHBB,1,No,DSL,Yes,No,No,No,No,Yes,Month-to-month,1,Credit card (automatic),61.2,125.95
8701-DGLVH,1,No,No,No internet service,No internet service,No internet service,No internet service,No internet service,No internet service,Two year,0,Mailed check,20.45,1042.65
8741-LQOBK,0,No phone service,DSL,Yes,Yes,No,No,No,No,Month-to-month,0,Bank transfer (automatic),35.05,1620.25
8082-GHXOP,1,No,DSL,No,No,No,No,No,No,Month-to-month,0,Mailed check,44.0,659.35
0980-FEXWF,1,No,DSL,No,No,Yes,No,No,No,One year,0,Mailed check,50.35,1285.8
3011-WQKSZ,1,No,No,No internet service,No internet service,No internet service,No internet service,No internet service,No internet service,Month-to-month,1,Electronic check,20.0,377.55
8218-FFJDS,1,Yes,DSL,Yes,Yes,No,Yes,Yes,Yes,Two year,1,Bank transfer (automatic),86.4,6058.95
1986-PHGZF,1,Yes,DSL,Yes,Yes,No,No,No,No,Month-to-month,1,Credit card (automatic),58.4,964.9
9360-OMDZZ,1,Yes,Fiber optic,No,No,No,No,Yes,Yes,Month-to-month,1,Electronic check,94.1,2322.85
0345-XMMUG,1,Yes,Fiber optic,No,Yes,Yes,Yes,Yes,Yes,Two year,1,Credit card (automatic),108.9,4854.3
8024-XNAFQ,1,Yes,Fiber optic,Yes,Yes,Yes,Yes,No,Yes,Two year,1,Bank transfer (automatic),107.4,7748.75
2988-GBIVW,1,Yes,Fiber optic,Yes,No,No,No,No,Yes,Month-to-month,1,Electronic check,90.85,6470.1
2832-SCUCO,1,No,No,No internet service,No internet service,No internet service,No internet service,No internet service,No internet service,Month-to-month,0,Electronic check,19.9,57.4
7036-ZZKBD,1,No,DSL,No,No,Yes,Yes,No,Yes,Month-to-month,1,Credit card (automatic),66.4,2019.8
0265-PSUAE,1,No,Fiber optic,Yes,No,Yes,No,Yes,Yes,Month-to-month,0,Bank transfer (automatic),100.7,1522.7
0463-TXOAK,1,Yes,No,No internet service,No internet service,No internet service,No internet service,No internet service,No internet service,Two year,0,Credit card (automatic),25.6,1334.5
0594-UFTUL,1,No,No,No internet service,No internet service,No internet service,No internet service,No internet service,No internet service,Month-to-month,1,Mailed check,19.85,252.0
9509-MPYOD,1,No,No,No internet service,No internet service,No internet service,No internet service,No internet service,No internet service,One year,0,Mailed check,20.75,700.45
9128-CPXKI,1,No,Fiber optic,No,No,Yes,No,Yes,Yes,Two year,0,Electronic check,95.8,5655.45
0129-KPTWJ,1,No,Fiber optic,No,No,Yes,No,Yes,Yes,Month-to-month,1,Electronic check,94.65,6747.35
5855-EIBDE,1,Yes,Fiber optic,Yes,Yes,Yes,Yes,No,Yes,Two year,0,Credit card (automatic),106.65,5174.35
5365-LLFYV,1,No,DSL,No,No,No,No,No,No,Month-to-month,1,Mailed check,45.85,105.6
5956-YHHRX,1,Yes,Fiber optic,No,Yes,Yes,No,Yes,Yes,Month-to-month,1,Electronic check,104.35,2271.85
6008-NAIXK,0,No phone service,DSL,No,Yes,Yes,No,Yes,Yes,One year,1,Electronic check,55.45,2966.95
1928-BXYIV,1,Yes,DSL,Yes,Yes,No,No,No,No,Month-to-month,0,Electronic check,61.15,61.15
5760-FXFVO,1,No,Fiber optic,Yes,Yes,No,No,No,No,Month-to-month,1,Electronic check,78.95,494.95
0961-ZWLVI,1,Yes,Fiber optic,Yes,Yes,Yes,No,Yes,Yes,One year,1,Credit card (automatic),109.2,5290.45
5181-OABFK,1,No,DSL,Yes,Yes,Yes,No,No,No,Two year,1,Credit card (automatic),61.3,3346.8
4007-NHVHI,1,Yes,Fiber optic,Yes,Yes,No,No,No,Yes,Month-to-month,1,Electronic check,96.85,5219.65
7816-VGHTO,0,No phone service,DSL,No,Yes,Yes,Yes,No,No,Two year,0,Mailed check,40.55,217.5
5871-DGTXZ,1,No,No,No internet service,No internet service,No internet service,No internet service,No internet service,No internet service,One year,0,Mailed check,19.8,607.7
7550-WIQVA,1,Yes,Fiber optic,Yes,Yes,Yes,No,Yes,Yes,One year,1,Electronic check,108.25,5431.4
7544-ZVIKX,1,Yes,Fiber optic,No,No,Yes,Yes,Yes,Yes,One year,1,Bank transfer (automatic),105.05,6004.85
0016-QLJIS,1,Yes,DSL,Yes,Yes,Yes,Yes,Yes,Yes,Two year,1,Mailed check,90.45,5957.9
7508-DQAKK,1,Yes,DSL,Yes,Yes,Yes,Yes,Yes,Yes,Two year,1,Credit card (automatic),86.4,5442.05
5176-OLSKT,1,Yes,DSL,Yes,Yes,Yes,No,No,No,Two year,0,Bank transfer (automatic),66.9,4370.25
9356-AXGMP,1,Yes,Fiber optic,Yes,No,Yes,Yes,Yes,Yes,One year,1,Electronic check,110.7,4428.6
3556-BVQGL,1,No,No,No internet service,No internet service,No internet service,No internet service,No internet service,No internet service,One year,1,Mailed check,20.0,416.45
8979-CAMGB,1,Yes,Fiber optic,No,No,Yes,Yes,Yes,Yes,One year,0,Electronic check,102.1,6688.1
7581-EBBOU,1,No,DSL,No,Yes,Yes,Yes,Yes,No,One year,1,Credit card (automatic),70.15,4224.7
5073-RZGBK,1,Yes,DSL,Yes,Yes,Yes,Yes,No,Yes,One year,1,Bank transfer (automatic),80.05,4042.2
2192-CKRLV,0,No phone service,DSL,Yes,Yes,Yes,No,No,Yes,Two year,1,Electronic check,49.2,3580.95
3154-HMWUU,1,No,No,No internet service,No internet service,No internet service,No internet service,No internet service,No internet service,Two year,1,Bank transfer (automatic),20.5,1198.8
6119-SPUDB,0,No phone service,DSL,Yes,No,Yes,Yes,No,No,Two year,0,Mailed check,38.25,1755.35
6522-OIQSX,0,No phone service,DSL,No,Yes,Yes,No,Yes,Yes,Two year,1,Credit card (automatic),54.95,3772.5
7813-ZGGAW,1,Yes,Fiber optic,No,No,Yes,Yes,Yes,No,Month-to-month,1,Bank transfer (automatic),96.6,2877.95
8748-HFWBO,1,No,No,No internet service,No internet service,No internet service,No internet service,No internet service,No internet service,One year,0,Mailed check,19.9,357.7
1052-QJIBV,1,No,No,No internet service,No internet service,No internet service,No internet service,No internet service,No internet service,Two year,0,Credit card (automatic),19.9,1397.3
1319-YLZJG,1,No,Fiber optic,Yes,Yes,Yes,No,No,No,Month-to-month,1,Electronic check,84.6,959.9
0723-FDLAY,1,Yes,DSL,No,Yes,Yes,Yes,Yes,Yes,One year,1,Bank transfer (automatic),85.25,3704.15
3050-RLLXC,1,Yes,DSL,Yes,Yes,Yes,Yes,Yes,No,Two year,0,Credit card (automatic),81.25,4620.4
9298-WGMRW,1,Yes,Fiber optic,Yes,Yes,Yes,Yes,Yes,Yes,Two year,1,Bank transfer (automatic),115.5,8312.75
3088-LHEFH,1,Yes,Fiber optic,Yes,No,No,No,No,No,Month-to-month,1,Bank transfer (automatic),79.0,929.3
6583-KQJLK,1,No,Fiber optic,No,Yes,No,No,Yes,Yes,Month-to-month,1,Electronic check,94.65,1285.05
8544-JNBOX,1,No,No,No internet service,No internet service,No internet service,No internet service,No internet service,No internet service,Two year,1,Mailed check,20.8,1521.2
6681-ZSEXG,1,Yes,DSL,No,Yes,Yes,No,No,No,Two year,0,Credit card (automatic),59.5,3389.25
6139-ZZRBQ,1,No,No,No internet service,No internet service,No internet service,No internet service,No internet service,No internet service,Two year,1,Bank transfer (automatic),20.05,1198.05
6116-RFVHN,1,Yes,Fiber optic,No,No,Yes,No,Yes,Yes,Month-to-month,1,Electronic check,100.45,3414.65
8884-FEEWR,1,No,No,No internet service,No internet service,No internet service,No internet service,No internet service,No internet service,One year,0,Bank transfer (automatic),20.6,754.0
3125-RAHBV,1,No,No,No internet service,No internet service,No internet service,No internet service,No internet service,No internet service,One year,0,Credit card (automatic),20.3,467.15
0373-AIVNJ,0,No phone service,DSL,Yes,Yes,Yes,No,No,No,One year,0,Mailed check,39.55,373.0
1682-VCOIO,1,No,No,No internet service,No internet service,No internet service,No internet service,No internet service,No internet service,One year,0,Mailed check,20.45,481.1
2072-ZVJJX,1,Yes,No,No internet service,No internet service,No internet service,No internet service,No internet service,No internet service,Two year,0,Bank transfer (automatic),25.25,1728.2
8849-AYPTR,1,No,Fiber optic,No,No,No,No,Yes,Yes,Month-to-month,0,Electronic check,91.25,2964.05
9518-IMLHK,1,No,DSL,Yes,Yes,Yes,Yes,Yes,No,Month-to-month,1,Bank transfer (automatic),72.45,2156.25
3646-ITDGM,1,No,No,No internet service,No internet service,No internet service,No internet service,No internet service,No internet service,Two year,0,Bank transfer (automatic),19.7,1051.9
3569-VLDHH,1,No,DSL,Yes,Yes,Yes,Yes,Yes,No,One year,1,Electronic check,75.1,5013.0
8224-KDLKN,1,Yes,No,No internet service,No internet service,No internet service,No internet service,No internet service,No internet service,Two year,0,Bank transfer (automatic),25.0,1738.9
7594-LZNWR,1,No,Fiber optic,No,No,No,No,No,No,Month-to-month,0,Credit card (automatic),69.15,2275.1
4001-TSBTV,1,No,Fiber optic,No,Yes,Yes,No,Yes,No,Month-to-month,1,Electronic check,91.55,5511.65
8727-XDPUD,0,No phone service,DSL,No,No,No,No,Yes,No,Two year,0,Credit card (automatic),35.8,1316.9
1043-UXOVO,1,Yes,Fiber optic,Yes,Yes,Yes,Yes,Yes,Yes,Two year,1,Credit card (automatic),113.15,7993.3
1064-FBXNK,1,No,No,No internet service,No internet service,No internet service,No internet service,No internet service,No internet service,One year,0,Credit card (automatic),19.85,19.85
3996-ZNWYK,1,No,No,No internet service,No internet service,No internet service,No internet service,No internet service,No internet service,Two year,0,Credit card (automatic),19.8,1388.45
2878-DHMIN,1,No,No,No internet service,No internet service,No internet service,No internet service,No internet service,No internet service,One year,0,Electronic check,19.9,666.0
7762-ONLJY,1,No,No,No internet service,No internet service,No internet service,No internet service,No internet service,No internet service,One year,0,Mailed check,19.7,94.45
5795-BKOYE,1,No,DSL,No,Yes,Yes,Yes,No,No,One year,0,Bank transfer (automatic),59.1,4134.7
7402-PWYJJ,1,Yes,Fiber optic,No,No,No,Yes,No,Yes,One year,1,Electronic check,91.15,4862.5
0018-NYROU,1,No,Fiber optic,No,No,No,No,No,No,Month-to-month,1,Electronic check,68.95,351.5
7501-VTYLJ,1,No,DSL,No,Yes,No,No,No,No,Month-to-month,0,Mailed check,51.55,106.2
7608-RGIRO,1,Yes,No,No internet service,No internet service,No internet service,No internet service,No internet service,No internet service,Two year,1,Mailed check,24.4,1413.0
0480-BIXDE,1,No,Fiber optic,No,No,Yes,No,Yes,Yes,Month-to-month,1,Electronic check,96.8,1743.05
5895-QSXOD,1,No,Fiber optic,No,No,No,No,No,No,Month-to-month,0,Mailed check,70.05,657.5
9814-AOUDH,1,No,No,No internet service,No internet service,No internet service,No internet service,No internet service,No internet service,Two year,0,Credit card (automatic),19.5,1050.5
6175-IRFIT,1,No,Fiber optic,No,No,No,No,No,Yes,Month-to-month,0,Mailed check,78.75,426.35
8760-ZRHKE,1,Yes,DSL,Yes,Yes,No,No,Yes,No,One year,0,Electronic check,69.2,4982.5
1622-HSHSF,1,No,No,No internet service,No internet service,No internet service,No internet service,No internet service,No internet service,Month-to-month,1,Mailed check,19.55,19.55
6749-UTDVX,1,Yes,Fiber optic,No,Yes,Yes,No,Yes,Yes,Two year,1,Electronic check,103.65,7634.8
5542-DHSXL,1,No,DSL,Yes,Yes,No,No,No,No,Month-to-month,0,Mailed check,54.7,235.05
9102-OXKFY,1,Yes,DSL,No,No,Yes,No,No,No,Two year,0,Credit card (automatic),54.15,3116.15
5216-WASFJ,1,Yes,Fiber optic,No,No,No,No,No,Yes,Month-to-month,1,Electronic check,84.85,2633.4
7808-DVWEP,1,No,No,No internet service,No internet service,No internet service,No internet service,No internet service,No internet service,Month-to-month,0,Bank transfer (automatic),20.0,49.65
2284-VFLKH,1,No,Fiber optic,No,No,Yes,Yes,Yes,Yes,One year,1,Credit card (automatic),99.25,4920.8
0366-NQSHS,1,No,No,No internet service,No internet service,No internet service,No internet service,No internet service,No internet service,Month-to-month,0,Mailed check,19.35,46.35
3807-BPOMJ,1,No,Fiber optic,Yes,No,No,No,Yes,Yes,One year,1,Electronic check,94.75,5276.1
3892-NXAZG,1,Yes,Fiber optic,Yes,Yes,Yes,Yes,Yes,Yes,Two year,1,Credit card (automatic),114.05,8289.2
4948-WBBKL,1,Yes,Fiber optic,No,No,No,No,No,No,Month-to-month,1,Bank transfer (automatic),74.9,2659.45
4182-BGSIQ,1,No,No,No internet service,No internet service,No internet service,No internet service,No internet service,No internet service,Month-to-month,1,Bank transfer (automatic),19.8,196.75
0988-AADSA,1,Yes,DSL,Yes,Yes,Yes,Yes,No,Yes,Two year,0,Bank transfer (automatic),80.85,5824.75
9972-NKTFD,1,No,DSL,No,Yes,No,Yes,No,No,Month-to-month,0,Bank transfer (automatic),54.65,1517.5
3717-LNXKW,1,Yes,Fiber optic,Yes,No,No,No,Yes,No,Month-to-month,0,Bank transfer (automatic),91.7,3479.05
5734-EJKXG,1,Yes,Fiber optic,Yes,Yes,Yes,Yes,Yes,Yes,One year,1,Electronic check,118.6,7365.7
2207-RYYRL,1,Yes,No,No internet service,No internet service,No internet service,No internet service,No internet service,No internet service,Two year,0,Mailed check,24.55,1331.05
6729-FZWSY,1,No,No,No internet service,No internet service,No internet service,No internet service,No internet service,No internet service,One year,1,Mailed check,19.45,1195.95
9695-IDRZR,1,Yes,Fiber optic,Yes,Yes,Yes,Yes,Yes,Yes,Two year,1,Credit card (automatic),116.15,3946.9
8144-DGHXP,1,No,DSL,Yes,No,Yes,Yes,Yes,Yes,Two year,0,Electronic check,80.6,4299.95
7814-LEEVE,1,No,No,No internet service,No internet service,No internet service,No internet service,No internet service,No internet service,Month-to-month,1,Bank transfer (automatic),20.3,20.3
8631-WUXGY,1,No,Fiber optic,No,Yes,Yes,No,Yes,Yes,Month-to-month,1,Electronic check,99.8,4391.25
5906-DVAPM,1,Yes,DSL,Yes,Yes,No,Yes,Yes,No,One year,1,Credit card (automatic),75.0,4213.9
6654-QGBZZ,1,No,No,No internet service,No internet service,No internet service,No internet service,No internet service,No internet service,Month-to-month,0,Mailed check,19.9,19.9
8348-JLBUG,1,No,Fiber optic,Yes,No,Yes,No,No,No,One year,0,Credit card (automatic),80.3,5017.7
5641-DMBFJ,1,Yes,DSL,Yes,No,Yes,Yes,Yes,Yes,Two year,1,Electronic check,84.3,4916.4
9200-NLNPD,0,No phone service,DSL,No,No,Yes,Yes,Yes,Yes,One year,1,Bank transfer (automatic),54.05,2959.8
2664-XJZNO,1,No,Fiber optic,Yes,No,Yes,Yes,Yes,Yes,Two year,1,Credit card (automatic),104.9,7559.55
3339-EAQNV,1,Yes,Fiber optic,No,Yes,No,No,Yes,Yes,One year,1,Credit card (automatic),97.25,7133.1
0921-OHLVP,1,Yes,Fiber optic,No,No,No,No,No,Yes,Month-to-month,0,Electronic check,83.05,1799.3
8350-NYMVI,0,No phone service,DSL,No,Yes,Yes,Yes,No,No,Month-to-month,0,Bank transfer (automatic),41.1,1597.05
1600-DILPE,1,No,DSL,No,No,No,No,No,No,Month-to-month,1,Bank transfer (automatic),45.0,524.35
0536-ESJEP,1,No,DSL,Yes,Yes,No,No,Yes,Yes,Two year,1,Bank transfer (automatic),74.55,4191.45
4654-GGUII,0,No phone service,DSL,Yes,Yes,No,Yes,No,No,One year,1,Mailed check,40.2,711.95
6478-HRRCZ,1,No,DSL,Yes,Yes,No,Yes,No,Yes,One year,0,Mailed check,70.5,2201.75
8510-BBWMU,1,No,No,No internet service,No internet service,No internet service,No internet service,No internet service,No internet service,One year,1,Mailed check,19.75,806.95
6857-TKDJV,1,Yes,No,No internet service,No internet service,No internet service,No internet service,No internet service,No internet service,Two year,0,Bank transfer (automatic),24.65,1620.45
2360-RDGRO,1,Yes,Fiber optic,Yes,No,Yes,No,Yes,Yes,Month-to-month,1,Electronic check,104.25,6812.95
0584-BJQGZ,1,Yes,DSL,Yes,Yes,Yes,Yes,Yes,No,Month-to-month,1,Bank transfer (automatic),78.35,1837.9
1360-XFJMR,1,Yes,Fiber optic,No,Yes,Yes,Yes,Yes,Yes,One year,1,Credit card (automatic),109.7,7344.45
5730-RIITO,0,No phone service,DSL,Yes,Yes,No,No,No,No,Month-to-month,1,Credit card (automatic),33.45,1500.25
9058-MJLZC,1,No,Fiber optic,Yes,No,No,No,Yes,Yes,Month-to-month,1,Electronic check,94.6,2283.15
0902-XKXPN,1,No,No,No internet service,No internet service,No internet service,No internet service,No internet service,No internet service,Two year,0,Bank transfer (automatic),20.2,1376.5
5177-RVZNU,1,No,No,No internet service,No internet service,No internet service,No internet service,No internet service,No internet service,One year,0,Bank transfer (automatic),20.3,755.4
0056-EPFBG,0,No phone service,DSL,Yes,No,Yes,Yes,No,No,Two year,1,Credit card (automatic),39.4,825.4
8993-IZEUX,1,No,Fiber optic,No,No,No,No,No,No,Month-to-month,0,Bank transfer (automatic),69.15,488.65
8190-ZTQFB,0,No phone service,DSL,No,No,Yes,No,Yes,Yes,One year,1,Electronic check,51.35,2075.1
0931-MHTEM,1,No,Fiber optic,Yes,Yes,No,No,Yes,Yes,One year,1,Credit card (automatic),100.05,5299.65
7515-LODFU,1,No,No,No internet service,No internet service,No internet service,No internet service,No internet service,No internet service,Two year,0,Credit card (automatic),20.3,1356.3
0440-UEDAI,1,No,Fiber optic,No,Yes,Yes,Yes,No,Yes,One year,1,Credit card (automatic),94.45,5042.75
1337-BOZWO,0,No phone service,DSL,No,Yes,Yes,No,Yes,No,One year,0,Credit card (automatic),46.4,812.4
0868-VJRDR,1,No,Fiber optic,Yes,Yes,No,Yes,Yes,Yes,Two year,1,Credit card (automatic),104.05,6605.55
6344-SFJVH,0,No phone service,DSL,No,No,No,No,No,No,Month-to-month,0,Credit card (automatic),24.9,505.95
3950-VPYJB,1,No,DSL,Yes,Yes,No,Yes,No,No,One year,0,Mailed check,59.6,3509.4
8041-TMEID,1,Yes,Fiber optic,Yes,Yes,Yes,No,Yes,Yes,Two year,0,Credit card (automatic),108.5,6991.9
7321-ZNSLA,0,No phone service,DSL,Yes,Yes,No,Yes,No,No,Two year,0,Mailed check,40.55,590.35
6941-KXRRV,1,No,DSL,No,Yes,No,No,No,Yes,One year,1,Bank transfer (automatic),58.95,2789.7
8727-JQFHV,1,No,No,No internet service,No internet service,No internet service,No internet service,No internet service,No internet service,Two year,0,Mailed check,20.75,1123.15
9475-NNDGC,1,Yes,Fiber optic,No,Yes,Yes,Yes,Yes,Yes,One year,1,Bank transfer (automatic),113.15,7953.25
1355-KUSBG,1,Yes,DSL,No,No,No,No,No,No,Month-to-month,0,Electronic check,48.8,349.8
3688-FTHLT,1,Yes,DSL,No,No,No,No,No,Yes,Month-to-month,1,Bank transfer (automatic),63.05,1067.05
0899-LIIBW,1,Yes,Fiber optic,No,No,Yes,No,Yes,Yes,Month-to-month,0,Electronic check,100.85,3527.3
1384-RCUXW,1,Yes,Fiber optic,No,Yes,No,No,No,No,Month-to-month,1,Mailed check,80.55,1248.9
5825-XJOCM,1,Yes,DSL,Yes,Yes,Yes,No,No,No,One year,1,Bank transfer (automatic),64.4,3035.35
6848-YLDFR,1,No,DSL,No,Yes,No,Yes,Yes,Yes,One year,1,Credit card (automatic),75.2,4300.8
8125-QPFJD,1,Yes,DSL,Yes,No,Yes,Yes,Yes,Yes,Two year,1,Bank transfer (automatic),84.9,6065.3
2320-YKQBO,1,No,No,No internet service,No internet service,No internet service,No internet service,No internet service,No internet service,Month-to-month,0,Mailed check,19.3,144.95
4973-RLZVI,1,No,DSL,Yes,Yes,Yes,Yes,Yes,No,One year,0,Credit card (automatic),74.65,2308.6
7869-ZYDST,1,Yes,DSL,No,No,No,No,Yes,No,Month-to-month,1,Credit card (automatic),59.05,1882.8
4501-UYKBC,1,Yes,DSL,No,No,Yes,Yes,No,Yes,One year,1,Credit card (automatic),69.1,3255.35
1215-EXRMO,1,No,No,No internet service,No internet service,No internet service,No internet service,No internet service,No internet service,Two year,0,Mailed check,20.55,1067.65
2305-MRGLV,1,No,Fiber optic,No,No,No,Yes,No,No,Month-to-month,0,Bank transfer (automatic),76.55,2065.4
8404-VIOMB,0,No phone service,DSL,Yes,Yes,Yes,Yes,Yes,Yes,Two year,1,Bank transfer (automatic),62.5,4136.4
2359-KLTEK,1,No,Fiber optic,No,No,Yes,No,Yes,Yes,Month-to-month,1,Bank transfer (automatic),94.9,3848.0
5304-EFJLP,1,Yes,Fiber optic,No,Yes,Yes,Yes,Yes,Yes,Two year,1,Bank transfer (automatic),111.65,8022.85
2673-ZALNP,1,No,No,No internet service,No internet service,No internet service,No internet service,No internet service,No internet service,One year,0,Mailed check,19.9,173.15
9184-GALIL,1,No,No,No internet service,No internet service,No internet service,No internet service,No internet service,No internet service,Month-to-month,0,Mailed check,20.45,781.25
4393-RYCRE,1,No,Fiber optic,Yes,Yes,Yes,No,Yes,Yes,One year,1,Electronic check,106.05,4510.8
9746-MDMBK,1,Yes,Fiber optic,Yes,Yes,Yes,Yes,Yes,Yes,One year,1,Bank transfer (automatic),113.45,5317.8
3162-ZJZFU,1,No,Fiber optic,No,Yes,No,Yes,Yes,No,Month-to-month,1,Electronic check,92.55,4779.45
8404-GFGCZ,1,Yes,DSL,No,No,Yes,No,Yes,No,Month-to-month,0,Electronic check,65.6,250.1
8875-AKBYH,1,Yes,Fiber optic,No,No,No,No,Yes,No,Month-to-month,1,Electronic check,84.35,1745.2
0533-UCAAU,1,Yes,DSL,No,Yes,Yes,No,Yes,No,One year,1,Credit card (automatic),71.1,4140.1
1394-SUIUH,1,No,Fiber optic,Yes,Yes,No,Yes,No,No,Month-to-month,1,Electronic check,85.15,3670.5
3521-MNKLV,1,No,DSL,No,No,Yes,No,No,No,Month-to-month,1,Mailed check,49.7,1167.8
2533-TIBIX,0,No phone service,DSL,Yes,No,No,No,No,No,Month-to-month,1,Bank transfer (automatic),30.2,469.65
5092-STPKP,1,No,DSL,Yes,No,No,Yes,No,No,Month-to-month,0,Credit card (automatic),56.35,1381.2
0114-PEGZZ,1,Yes,Fiber optic,No,Yes,Yes,No,Yes,Yes,Month-to-month,0,Electronic check,107.55,3645.5
3359-DSRKA,1,No,No,No internet service,No internet service,No internet service,No internet service,No internet service,No internet service,Two year,1,Mailed check,19.85,1158.85
8639-NHQEI,1,Yes,Fiber optic,Yes,Yes,No,No,Yes,No,Two year,1,Bank transfer (automatic),95.9,6954.15
7161-DFHUF,1,Yes,No,No internet service,No internet service,No internet service,No internet service,No internet service,No internet service,Two year,0,Mailed check,23.85,1672.1
3720-DBRWL,1,No,DSL,Yes,Yes,Yes,Yes,Yes,Yes,Two year,1,Credit card (automatic),83.85,4307.1
8565-WUXZU,1,No,Fiber optic,Yes,Yes,No,Yes,No,No,Two year,1,Credit card (automatic),84.8,6141.65
4994-OBRSZ,1,No,DSL,Yes,Yes,Yes,Yes,No,Yes,Two year,0,Bank transfer (automatic),76.1,1054.8
0562-FGDCR,1,Yes,DSL,Yes,Yes,No,Yes,Yes,No,Two year,0,Mailed check,74.55,5430.65
2436-QBZFP,0,No phone service,DSL,No,Yes,No,No,Yes,No,Month-to-month,0,Electronic check,39.2,849.9
3420-YJLQT,1,Yes,Fiber optic,No,Yes,No,No,No,No,Month-to-month,0,Electronic check,79.55,151.75
6040-CGACY,1,No,No,No internet service,No internet service,No internet service,No internet service,No internet service,No internet service,Month-to-month,0,Mailed check,19.6,299.4
6582-PLFUU,1,No,No,No internet service,No internet service,No internet service,No internet service,No internet service,No internet service,Two year,0,Credit card (automatic),19.55,1086.75
8242-PDSGJ,0,No phone service,DSL,Yes,No,Yes,Yes,No,No,Two year,1,Credit card (automatic),39.15,2692.75
0264-CNITK,1,No,No,No internet service,No internet service,No internet service,No internet service,No internet service,No internet service,Two year,0,Bank transfer (automatic),20.1,1389.6
0089-IIQKO,1,Yes,Fiber optic,No,No,No,Yes,Yes,Yes,Month-to-month,1,Credit card (automatic),99.95,3767.4
7839-NUIAA,1,Yes,DSL,Yes,Yes,No,No,No,No,Month-to-month,0,Electronic check,59.8,3641.5
6075-QMNRR,1,No,DSL,Yes,No,No,No,No,No,Month-to-month,1,Bank transfer (automatic),49.75,2535.55
5966-EMAZU,1,Yes,Fiber optic,Yes,No,Yes,Yes,Yes,Yes,One year,1,Mailed check,108.5,6880.85
0440-EKDCF,1,No,DSL,No,Yes,Yes,Yes,No,No,Two year,1,Credit card (automatic),60.15,3753.2
4774-HHGGS,1,No,No,No internet service,No internet service,No internet service,No internet service,No internet service,No internet service,Two year,0,Mailed check,19.05,637.55
2055-BFOCC,1,No,DSL,Yes,Yes,Yes,Yes,Yes,Yes,One year,1,Bank transfer (automatic),84.0,5329.55
8180-AKMJV,1,No,DSL,No,No,No,No,No,No,Month-to-month,1,Credit card (automatic),44.55,44.55
4298-OYIFC,1,Yes,Fiber optic,No,No,Yes,Yes,Yes,Yes,Month-to-month,1,Electronic check,103.45,1539.8
5566-SOEZD,1,No,Fiber optic,Yes,Yes,No,No,No,No,One year,1,Credit card (automatic),80.65,2209.75
9842-EFSYY,0,No phone service,DSL,Yes,Yes,Yes,No,Yes,Yes,Month-to-month,1,Mailed check,57.2,223.75
2272-WUSPA,1,Yes,Fiber optic,Yes,Yes,Yes,No,Yes,Yes,Two year,1,Electronic check,110.75,7751.7
4584-LBNMK,1,Yes,No,No internet service,No internet service,No internet service,No internet service,No internet service,No internet service,One year,0,Credit card (automatic),24.7,1174.35
3898-GUYTS,1,Yes,Fiber optic,Yes,Yes,No,Yes,Yes,No,Month-to-month,1,Electronic check,97.05,4385.05
0930-EHUZA,1,No,DSL,Yes,Yes,Yes,Yes,Yes,No,One year,1,Mailed check,76.35,2606.35
9975-SKRNR,1,No,No,No internet service,No internet service,No internet service,No internet service,No internet service,No internet service,Month-to-month,0,Mailed check,18.9,18.9
3703-KBKZP,1,Yes,Fiber optic,No,No,No,No,No,No,Month-to-month,1,Bank transfer (automatic),74.45,1261.35
4973-MGTON,1,No,DSL,Yes,Yes,Yes,Yes,Yes,Yes,Two year,1,Credit card (automatic),84.4,5969.3
3682-YEUWS,1,Yes,No,No internet service,No internet service,No internet service,No internet service,No internet service,No internet service,Month-to-month,1,Mailed check,24.4,253.9
1223-UNPKS,1,No,No,No internet service,No internet service,No internet service,No internet service,No internet service,No internet service,Two year,0,Mailed check,20.05,400.0
3446-QDSZF,1,No,DSL,No,No,No,No,Yes,No,Month-to-month,0,Credit card (automatic),55.5,227.35
5117-IFGPS,1,Yes,Fiber optic,No,No,No,No,No,Yes,Month-to-month,1,Electronic check,84.3,2357.75
7379-FNIUJ,1,No,Fiber optic,Yes,Yes,No,No,Yes,Yes,Month-to-month,0,Electronic check,100.2,198.5
1627-AFWVJ,1,No,No,No internet service,No internet service,No internet service,No internet service,No internet service,No internet service,Two year,0,Mailed check,19.4,554.25
4486-EFAEB,1,No,No,No internet service,No internet service,No internet service,No internet service,No internet service,No internet service,Month-to-month,1,Electronic check,20.4,251.65
0060-FUALY,1,Yes,Fiber optic,Yes,Yes,No,No,Yes,No,Month-to-month,1,Electronic check,94.75,5597.65
6954-OOYZZ,1,No,DSL,No,No,No,No,No,No,Month-to-month,1,Bank transfer (automatic),44.35,768.05
7088-FBAWU,1,No,DSL,Yes,Yes,No,No,Yes,Yes,Month-to-month,0,Mailed check,74.55,1215.8
8313-AFGBW,1,No,DSL,No,Yes,Yes,No,Yes,Yes,Two year,0,Electronic check,73.6,3522.65
3097-IDVPU,1,Yes,DSL,No,No,No,No,No,No,Month-to-month,0,Credit card (automatic),50.1,910.45
2197-OMWGI,0,No phone service,DSL,No,Yes,Yes,No,Yes,Yes,Two year,1,Electronic check,53.0,3656.25
2303-PJYHN,1,No,No,No internet service,No internet service,No internet service,No internet service,No internet service,No internet service,Month-to-month,0,Bank transfer (automatic),19.85,52.0
9795-VOWON,0,No phone service,DSL,No,No,No,No,No,No,One year,1,Credit card (automatic),24.35,150.85
1237-WIYYZ,1,No,No,No internet service,No internet service,No internet service,No internet service,No internet service,No internet service,Month-to-month,1,Mailed check,19.55,389.25
1987-AUELQ,1,Yes,No,No internet service,No internet service,No internet service,No internet service,No internet service,No internet service,Two year,0,Credit card (automatic),25.05,1873.7
7852-LECYP,1,Yes,Fiber optic,Yes,Yes,No,No,No,Yes,Month-to-month,0,Credit card (automatic),93.8,1261.0
4822-LPTYJ,1,Yes,Fiber optic,No,Yes,Yes,No,Yes,Yes,Two year,1,Bank transfer (automatic),103.75,7346.2
8165-CBKXO,0,No phone service,DSL,No,Yes,Yes,No,Yes,Yes,Two year,1,Credit card (automatic),56.75,3708.4
6527-PZFPV,1,No,No,No internet service,No internet service,No internet service,No internet service,No internet service,No internet service,One year,1,Credit card (automatic),20.8,469.65
9593-CVZKR,1,Yes,No,No internet service,No internet service,No internet service,No internet service,No internet service,No internet service,Two year,1,Mailed check,24.45,1385.85
8595-SIZNC,1,Yes,No,No internet service,No internet service,No internet service,No internet service,No internet service,No internet service,One year,0,Bank transfer (automatic),25.6,548.8
5236-XMZJY,1,No,DSL,Yes,Yes,Yes,No,No,No,Month-to-month,0,Bank transfer (automatic),59.65,2536.55
4827-DPADN,1,Yes,DSL,Yes,No,Yes,Yes,Yes,Yes,Two year,1,Bank transfer (automatic),83.3,6042.7
2694-CIUMO,1,Yes,Fiber optic,No,No,No,Yes,No,No,Month-to-month,1,Credit card (automatic),79.55,958.25
5846-ABOBJ,1,Yes,No,No internet service,No internet service,No internet service,No internet service,No internet service,No internet service,Two year,0,Bank transfer (automatic),24.45,1730.65
1439-LCGVL,1,No,No,No internet service,No internet service,No internet service,No internet service,No internet service,No internet service,One year,0,Mailed check,19.2,459.6
0909-SDHNU,0,No phone service,DSL,Yes,No,No,No,No,No,Month-to-month,0,Mailed check,29.8,201.95
4647-XXZAM,1,No,DSL,No,No,No,No,No,No,Month-to-month,0,Mailed check,45.5,285.2
7740-KKCXF,0,No phone service,DSL,No,Yes,No,No,No,No,Month-to-month,1,Credit card (automatic),30.05,1529.45
5360-XGYAZ,0,No phone service,DSL,Yes,Yes,Yes,Yes,Yes,Yes,Two year,1,Bank transfer (automatic),65.65,4664.5
3557-HTYWR,1,Yes,DSL,Yes,Yes,No,Yes,No,Yes,Two year,0,Mailed check,74.05,3496.3
8920-NAVAY,1,Yes,Fiber optic,No,Yes,Yes,Yes,Yes,Yes,One year,1,Bank transfer (automatic),110.75,7053.35
1699-TLDLZ,1,No,No,No internet service,No internet service,No internet service,No internet service,No internet service,No internet service,Two year,0,Mailed check,19.7,301.55
5600-PDUJF,1,No,DSL,No,No,No,Yes,No,No,Month-to-month,1,Credit card (automatic),49.5,312.7
0567-XRHCU,0,No phone service,DSL,Yes,No,Yes,No,No,Yes,Two year,1,Credit card (automatic),43.95,2960.1
2067-QYTCF,1,Yes,Fiber optic,No,Yes,Yes,Yes,Yes,Yes,Month-to-month,1,Electronic check,111.15,6953.4
7407-SUJIZ,1,No,No,No internet service,No internet service,No internet service,No internet service,No internet service,No internet service,Month-to-month,0,Mailed check,20.6,541.5
9150-KPBJQ,1,No,No,No internet service,No internet service,No internet service,No internet service,No internet service,No internet service,Two year,0,Credit card (automatic),19.65,116.85
0052-DCKON,1,Yes,Fiber optic,Yes,Yes,Yes,Yes,Yes,Yes,One year,0,Bank transfer (automatic),115.8,7942.15
3654-ARMGP,1,Yes,DSL,No,Yes,Yes,Yes,Yes,Yes,Two year,0,Credit card (automatic),88.65,5321.25
9699-UBQFS,1,Yes,Fiber optic,Yes,Yes,No,No,Yes,No,Month-to-month,1,Electronic check,94.5,4156.8
9367-TCUYN,1,No,No,No internet service,No internet service,No internet service,No internet service,No internet service,No internet service,Month-to-month,0,Mailed check,20.1,223.6
1261-FWTTE,0,No phone service,DSL,No,No,No,No,No,Yes,Month-to-month,1,Bank transfer (automatic),34.65,768.45
3528-HFRIQ,0,No phone service,DSL,No,Yes,Yes,No,Yes,Yes,Month-to-month,1,Bank transfer (automatic),52.3,3765.05
0708-SJDIS,1,Yes,DSL,No,No,No,Yes,Yes,No,Month-to-month,0,Mailed check,65.0,2157.5
2073-QBVBI,0,No phone service,DSL,No,Yes,No,Yes,No,No,One year,0,Mailed check,35.45,1391.65
6928-ONTRW,1,No,No,No internet service,No internet service,No internet service,No internet service,No internet service,No internet service,Two year,0,Credit card (automatic),19.7,1379.8
3320-VEOYC,1,Yes,Fiber optic,No,No,No,No,Yes,Yes,Month-to-month,1,Electronic check,95.6,1273.3
5231-FIQPA,1,No,No,No internet service,No internet service,No internet service,No internet service,No internet service,No internet service,Two year,1,Mailed check,19.85,810.45
6617-WLBQC,1,Yes,Fiber optic,Yes,No,No,No,No,No,One year,0,Credit card (automatic),81.85,1810.85
2599-CIPQE,1,No,Fiber optic,Yes,Yes,Yes,Yes,Yes,Yes,Two year,0,Credit card (automatic),109.3,7782.85
8774-GSBUN,1,Yes,No,No internet service,No internet service,No internet service,No internet service,No internet service,No internet service,Two year,0,Mailed check,25.4,1797.1
7326-RIGQZ,1,No,Fiber optic,No,No,No,No,No,No,Month-to-month,1,Electronic check,69.8,377.85
1401-FTHFQ,1,No,No,No internet service,No internet service,No internet service,No internet service,No internet service,No internet service,One year,1,Credit card (automatic),20.0,445.3
0254-FNMCI,1,No,Fiber optic,Yes,Yes,Yes,Yes,Yes,Yes,Two year,1,Electronic check,109.9,7624.2
1848-LBZHY,1,No,DSL,Yes,No,No,No,No,No,Month-to-month,1,Bank transfer (automatic),50.3,355.1
8118-TJAFG,1,No,Fiber optic,No,Yes,No,Yes,Yes,Yes,Month-to-month,1,Electronic check,101.5,906.85
5429-LWCMV,1,Yes,Fiber optic,No,Yes,No,No,No,Yes,Month-to-month,1,Electronic check,89.15,1057.55
7298-IZWLY,1,No,No,No internet service,No internet service,No internet service,No internet service,No internet service,No internet service,Month-to-month,1,Mailed check,19.4,19.4
9758-MFWGD,0,No phone service,DSL,No,Yes,No,No,No,No,One year,0,Bank transfer (automatic),29.9,1388.75
3955-JBZZM,1,No,Fiber optic,No,No,No,No,Yes,No,Month-to-month,0,Electronic check,78.8,1641.3
4815-TUMEQ,1,No,No,No internet service,No internet service,No internet service,No internet service,No internet service,No internet service,One year,1,Mailed check,19.3,185.2
9909-IDLEK,1,Yes,Fiber optic,No,Yes,No,Yes,Yes,No,Month-to-month,0,Mailed check,96.8,1826.7
4092-OFQZS,1,No,No,No internet service,No internet service,No internet service,No internet service,No internet service,No internet service,One year,0,Mailed check,20.65,417.5
1561-BWHIN,1,No,No,No internet service,No internet service,No internet service,No internet service,No internet service,No internet service,One year,0,Mailed check,19.8,344.5
9927-DSWDF,1,No,Fiber optic,Yes,Yes,No,Yes,Yes,Yes,Month-to-month,1,Electronic check,104.6,2180.55
9500-LTVBP,1,Yes,Fiber optic,No,No,No,Yes,No,No,Month-to-month,0,Credit card (automatic),80.05,2835.9
7252-NTGSS,1,No,DSL,No,No,No,No,No,No,Month-to-month,0,Mailed check,45.15,45.15
8149-AIQCG,1,Yes,Fiber optic,No,No,No,No,No,No,Month-to-month,1,Credit card (automatic),73.15,2730.85
1360-JYXKQ,1,No,Fiber optic,No,No,Yes,Yes,Yes,Yes,One year,1,Electronic check,99.1,5437.1
0899-WZRSD,1,Yes,Fiber optic,Yes,No,No,Yes,Yes,Yes,Month-to-month,1,Mailed check,105.35,5794.45
3255-GRXMG,1,No,DSL,No,No,No,No,No,No,Month-to-month,1,Credit card (automatic),45.65,747.2
4828-FAZPK,1,Yes,Fiber optic,No,Yes,No,No,No,No,Month-to-month,1,Credit card (automatic),79.95,1267.95
6094-ZIVKX,1,No,DSL,Yes,No,Yes,No,No,No,One year,1,Credit card (automatic),54.45,3674.95
6925-BAYGL,1,Yes,No,No internet service,No internet service,No internet service,No internet service,No internet service,No internet service,Two year,0,Credit card (automatic),25.1,1275.6
3262-EIDHV,1,Yes,DSL,Yes,No,Yes,Yes,Yes,Yes,Two year,0,Credit card (automatic),84.7,5893.9
7354-OIJLX,1,Yes,Fiber optic,No,No,No,No,No,No,Month-to-month,1,Electronic check,75.85,724.65
1376-HHBDV,1,No,DSL,Yes,No,No,No,No,No,Month-to-month,1,Mailed check,48.8,1536.75
6133-OZILE,0,No phone service,DSL,No,No,Yes,Yes,No,No,Month-to-month,1,Electronic check,35.2,607.3
4135-FRWKJ,1,Yes,DSL,Yes,No,Yes,Yes,Yes,No,One year,0,Electronic check,76.25,4154.55
6551-ZCOTS,1,Yes,No,No internet service,No internet service,No internet service,No internet service,No internet service,No internet service,One year,1,Bank transfer (automatic),24.9,847.8
7191-ADRGF,0,No phone service,DSL,No,Yes,Yes,No,Yes,Yes,Two year,0,Bank transfer (automatic),54.3,2390.45
5018-LXQQG,1,No,DSL,Yes,No,No,Yes,No,Yes,Month-to-month,0,Bank transfer (automatic),66.3,1923.5
6892-BOGQE,1,No,No,No internet service,No internet service,No internet service,No internet service,No internet service,No internet service,Two year,1,Bank transfer (automatic),20.9,1493.2
1746-TGTWV,1,No,Fiber optic,No,No,Yes,No,No,No,Month-to-month,0,Credit card (automatic),75.35,75.35
5995-SNNEW,1,Yes,Fiber optic,No,Yes,Yes,No,Yes,Yes,Month-to-month,1,Electronic check,104.45,2184.85
8050-WYBND,0,No phone service,DSL,No,No,Yes,No,Yes,Yes,One year,1,Credit card (automatic),49.45,1031.4
2821-WARNZ,1,No,No,No internet service,No internet service,No internet service,No internet service,No internet service,No internet service,One year,0,Credit card (automatic),19.45,921.3
4879-GZLFH,1,No,Fiber optic,No,No,Yes,No,Yes,Yes,Month-to-month,1,Electronic check,92.15,3875.4
8314-HTWVE,1,No,No,No internet service,No internet service,No internet service,No internet service,No internet service,No internet service,Two year,0,Mailed check,19.85,144.15
9402-ROUMJ,1,Yes,Fiber optic,Yes,No,Yes,Yes,No,Yes,One year,1,Bank transfer (automatic),100.25,6689.0
2507-QZPQS,1,Yes,Fiber optic,No,Yes,No,Yes,No,Yes,Month-to-month,0,Electronic check,95.7,1451.1
7159-NOKYQ,1,Yes,Fiber optic,No,Yes,Yes,No,No,Yes,Two year,1,Electronic check,93.15,6368.2
5707-ZMDJP,1,No,DSL,Yes,Yes,No,Yes,Yes,No,Two year,1,Mailed check,69.7,3729.6
8779-YIQQA,1,No,No,No internet service,No internet service,No internet service,No internet service,No internet service,No internet service,One year,0,Mailed check,19.8,350.1
7136-IHZJA,1,No,DSL,Yes,Yes,No,Yes,No,Yes,Month-to-month,1,Mailed check,71.35,2847.2
8966-OIQHG,1,No,No,No internet service,No internet service,No internet service,No internet service,No internet service,No internet service,One year,0,Bank transfer (automatic),20.75,452.35
7074-STDCN,0,No phone service,DSL,No,No,No,Yes,No,Yes,Month-to-month,1,Electronic check,40.6,1494.5
8739-QOTTN,1,No,No,No internet service,No internet service,No internet service,No internet service,No internet service,No internet service,Month-to-month,0,Mailed check,20.35,41.85
1399-OUPJN,1,No,No,No internet service,No internet service,No internet service,No internet service,No internet service,No internet service,Two year,0,Bank transfer (automatic),19.75,1272.05
0277-BKSQP,1,No,DSL,No,No,No,No,Yes,No,Month-to-month,1,Electronic check,54.4,475.1
5774-XZTQC,1,No,No,No internet service,No internet service,No internet service,No internet service,No internet service,No internet service,Month-to-month,0,Mailed check,20.45,150.75
2676-SSLTO,1,Yes,DSL,No,No,No,Yes,Yes,No,Two year,1,Bank transfer (automatic),66.15,3199.0
6266-QHOJZ,1,Yes,Fiber optic,Yes,Yes,No,Yes,No,No,One year,1,Electronic check,89.85,5844.65
7269-JISCY,1,No,DSL,No,No,No,No,No,No,One year,0,Bank transfer (automatic),45.05,2462.6
0363-SVHYR,1,Yes,DSL,Yes,Yes,Yes,Yes,Yes,Yes,Two year,0,Bank transfer (automatic),86.85,6263.8
8547-NSBBO,1,Yes,Fiber optic,Yes,Yes,Yes,Yes,No,No,Month-to-month,1,Mailed check,96.75,3403.4
6591-QGOYB,1,Yes,Fiber optic,Yes,Yes,Yes,Yes,Yes,No,Month-to-month,1,Bank transfer (automatic),106.65,1672.1
9070-BCKQP,1,Yes,Fiber optic,Yes,No,Yes,Yes,Yes,Yes,Two year,1,Credit card (automatic),110.15,7881.2
6421-SZVEM,1,No,Fiber optic,Yes,No,No,No,No,Yes,One year,1,Bank transfer (automatic),82.85,2320.8
1328-EUZHC,1,No,No,No internet service,No internet service,No internet service,No internet service,No internet service,No internet service,Two year,0,Mailed check,20.1,370.5
8878-RYUKI,1,No,DSL,No,No,Yes,No,No,Yes,Month-to-month,1,Electronic check,59.45,3043.7
9633-DENPU,1,No,DSL,No,Yes,No,No,Yes,No,Month-to-month,1,Bank transfer (automatic),58.6,2723.4
7811-JIVPF,1,No,DSL,No,No,Yes,No,No,No,Month-to-month,0,Credit card (automatic),49.7,1081.25
7113-HIPFI,1,No,DSL,Yes,Yes,Yes,Yes,No,No,Two year,0,Mailed check,65.85,4097.05
8541-QVFKM,1,Yes,Fiber optic,No,No,No,No,No,No,Month-to-month,1,Electronic check,73.5,632.2
9258-CNWAC,1,Yes,Fiber optic,Yes,Yes,Yes,Yes,Yes,Yes,Two year,0,Credit card (automatic),113.65,8166.8
5371-VYLSX,1,Yes,Fiber optic,Yes,Yes,No,No,No,No,Month-to-month,1,Electronic check,83.4,4113.7
6374-AFWOX,1,No,DSL,Yes,Yes,Yes,Yes,No,No,Two year,0,Mailed check,65.65,3047.15
5317-FLPJF,0,No phone service,DSL,Yes,No,Yes,Yes,Yes,Yes,Two year,1,Bank transfer (automatic),61.35,4193.4
7621-VPNET,1,Yes,Fiber optic,No,No,Yes,Yes,No,No,Month-to-month,1,Credit card (automatic),85.9,3729.75
6034-YMTOB,1,No,Fiber optic,No,No,No,Yes,No,No,Month-to-month,1,Mailed check,75.65,399.45
4903-CNOZC,1,Yes,DSL,No,Yes,Yes,No,No,Yes,One year,0,Credit card (automatic),70.9,1964.6
4353-HYOJD,1,No,DSL,No,Yes,No,No,No,No,Month-to-month,0,Mailed check,49.85,1336.15
7267-FRMJW,1,No,No,No internet service,No internet service,No internet service,No internet service,No internet service,No internet service,Two year,0,Mailed check,20.1,486.05
4188-FRABG,1,Yes,Fiber optic,Yes,Yes,Yes,Yes,Yes,No,Month-to-month,1,Electronic check,103.05,5925.75
4128-ETESU,1,Yes,Fiber optic,No,No,Yes,No,Yes,Yes,Month-to-month,0,Electronic check,99.7,4747.2
0620-DLSLK,1,No,Fiber optic,No,No,No,No,Yes,No,Month-to-month,1,Mailed check,81.9,1028.9
3850-OKINF,1,Yes,DSL,Yes,No,No,No,Yes,No,One year,1,Electronic check,66.2,4692.55
1156-ZFYDO,1,No,No,No internet service,No internet service,No internet service,No internet service,No internet service,No internet service,Month-to-month,0,Electronic check,19.75,19.75
3295-YVUSR,1,Yes,Fiber optic,No,No,No,No,No,No,Month-to-month,1,Mailed check,72.6,154.3
8016-NCFVO,1,Yes,Fiber optic,Yes,Yes,Yes,Yes,Yes,Yes,Month-to-month,1,Electronic check,116.5,6382.55
4119-ZYPZY,1,Yes,Fiber optic,No,Yes,No,Yes,Yes,Yes,Two year,1,Electronic check,106.8,7623.2
5549-ZGHFB,1,Yes,No,No internet service,No internet service,No internet service,No internet service,No internet service,No internet service,Two year,0,Mailed check,24.95,1261.45
7577-SWIFR,1,No,Fiber optic,No,No,No,No,Yes,Yes,Month-to-month,1,Electronic check,89.25,89.25
0303-WMMRN,1,No,No,No internet service,No internet service,No internet service,No internet service,No internet service,No internet service,Month-to-month,1,Mailed check,19.25,86.05
6408-OTUBZ,1,Yes,Fiber optic,Yes,Yes,Yes,Yes,Yes,No,One year,1,Bank transfer (automatic),104.55,6779.05
5204-HMGYF,1,No,DSL,Yes,Yes,Yes,Yes,Yes,Yes,One year,1,Mailed check,87.2,4345.0
1078-TDCRN,0,No phone service,DSL,No,Yes,No,No,No,No,Month-to-month,1,Electronic check,30.75,82.85
3727-OVPRY,1,Yes,No,No internet service,No internet service,No internet service,No internet service,No internet service,No internet service,One year,1,Credit card (automatic),25.7,1714.55
3797-FKOGQ,1,Yes,Fiber optic,No,No,No,No,No,Yes,Month-to-month,0,Electronic check,86.2,893.2
7622-NXQZR,0,No phone service,DSL,No,No,No,Yes,No,No,Month-to-month,1,Credit card (automatic),30.1,810.85
6196-HBOBZ,1,Yes,Fiber optic,Yes,Yes,Yes,No,Yes,No,Two year,1,Electronic check,99.35,6347.55
3970-XGJDU,1,No,No,No internet service,No internet service,No internet service,No internet service,No internet service,No internet service,Two year,1,Credit card (automatic),19.2,1123.65
7017-VFULY,1,No,No,No internet service,No internet service,No internet service,No internet service,No internet service,No internet service,Month-to-month,0,Bank transfer (automatic),20.1,43.15
5562-YJQGT,1,No,No,No internet service,No internet service,No internet service,No internet service,No internet service,No internet service,Month-to-month,0,Credit card (automatic),20.35,35.1
8807-OPMBM,1,Yes,No,No internet service,No internet service,No internet service,No internet service,No internet service,No internet service,Two year,1,Credit card (automatic),25.65,1388.0
5439-WIKXB,1,No,Fiber optic,No,Yes,No,No,Yes,Yes,Month-to-month,1,Electronic check,94.55,3851.45
8294-UIMBA,1,No,Fiber optic,No,No,No,Yes,Yes,Yes,One year,1,Bank transfer (automatic),94.4,2638.1
8109-YUOHE,1,No,DSL,Yes,Yes,No,No,No,No,One year,0,Mailed check,56.1,946.95
5840-NVDCG,1,No,DSL,Yes,Yes,No,Yes,No,Yes,Two year,0,Bank transfer (automatic),68.25,1114.85
8092-NLTGF,1,Yes,No,No internet service,No internet service,No internet service,No internet service,No internet service,No internet service,Two year,0,Bank transfer (automatic),24.75,1777.6
5928-QLDHB,1,Yes,Fiber optic,No,No,No,No,No,No,Month-to-month,1,Electronic check,76.25,684.85
9840-EFJQB,1,No,Fiber optic,No,Yes,No,No,No,No,Month-to-month,0,Electronic check,74.35,74.35
0696-UKTOX,1,No,DSL,No,Yes,No,Yes,No,No,Month-to-month,0,Electronic check,54.15,1312.45
4801-KFYKL,1,No,No,No internet service,No internet service,No internet service,No internet service,No internet service,No internet service,Month-to-month,0,Bank transfer (automatic),19.45,159.2
3472-OAOOR,0,No phone service,DSL,Yes,Yes,No,No,No,No,Month-to-month,1,Mailed check,34.95,610.2
6135-OZQVA,1,Yes,DSL,Yes,No,No,No,No,No,Month-to-month,1,Electronic check,53.65,404.35
2252-JHJGE,1,Yes,Fiber optic,Yes,No,Yes,No,Yes,Yes,One year,0,Electronic check,104.0,6363.45
4188-PCPIG,1,No,DSL,Yes,Yes,No,Yes,Yes,No,Two year,1,Credit card (automatic),70.35,4124.65
7105-BENQF,1,No,DSL,Yes,No,Yes,No,No,Yes,One year,0,Mailed check,64.85,950.75
7721-DVEKZ,1,No,No,No internet service,No internet service,No internet service,No internet service,No internet service,No internet service,Month-to-month,0,Mailed check,19.65,19.65
3566-VVORZ,1,No,DSL,No,No,No,No,No,No,Month-to-month,0,Bank transfer (automatic),45.9,505.95
9507-HSMMZ,1,No,No,No internet service,No internet service,No internet service,No internet service,No internet service,No internet service,Two year,0,Mailed check,20.0,1149.65
2480-SQIOB,1,No,DSL,No,No,No,No,No,No,Month-to-month,0,Electronic check,44.8,169.65
7813-TKCVO,1,No,No,No internet service,No internet service,No internet service,No internet service,No internet service,No internet service,One year,0,Mailed check,20.35,393.15
0128-MKWSG,0,No phone service,DSL,Yes,No,No,Yes,No,Yes,Month-to-month,0,Mailed check,45.8,1147.0
4350-ZTLPI,1,Yes,Fiber optic,No,Yes,Yes,Yes,Yes,Yes,One year,1,Bank transfer (automatic),108.95,5718.2
0361-HJRDX,0,No phone service,DSL,Yes,Yes,Yes,Yes,Yes,Yes,Two year,0,Credit card (automatic),64.35,4539.6
5727-MYATE,1,Yes,DSL,Yes,Yes,Yes,Yes,Yes,Yes,Two year,1,Credit card (automatic),90.8,6397.6
3823-KYNQY,1,Yes,No,No internet service,No internet service,No internet service,No internet service,No internet service,No internet service,One year,0,Credit card (automatic),24.95,280.4
7570-WELNY,1,Yes,Fiber optic,Yes,Yes,No,No,No,No,Two year,1,Bank transfer (automatic),84.7,5711.05
3021-VLNRJ,1,No,DSL,Yes,No,Yes,Yes,Yes,No,One year,1,Credit card (automatic),70.8,3478.15
2080-CAZNM,1,Yes,Fiber optic,No,Yes,Yes,No,Yes,Yes,Month-to-month,1,Electronic check,104.4,4133.95
1028-FFNJK,1,Yes,Fiber optic,No,No,No,Yes,Yes,Yes,Month-to-month,1,Electronic check,101.5,2917.65
6907-FLBER,1,Yes,DSL,No,Yes,No,No,No,No,Month-to-month,0,Electronic check,54.3,54.3
3001-UNBTL,1,Yes,Fiber optic,No,No,Yes,No,Yes,Yes,Month-to-month,1,Electronic check,103.95,2964.8
5982-PSMKW,1,Yes,DSL,Yes,Yes,Yes,Yes,Yes,Yes,Two year,1,Credit card (automatic),91.1,2198.3
3507-GASNP,1,No,No,No internet service,No internet service,No internet service,No internet service,No internet service,No internet service,Two year,0,Mailed check,19.95,1189.9
7096-ZNBZI,1,Yes,No,No internet service,No internet service,No internet service,No internet service,No internet service,No internet service,Two year,0,Credit card (automatic),26.45,1914.5
1676-MQAOA,1,No,DSL,Yes,Yes,Yes,Yes,Yes,No,Two year,1,Bank transfer (automatic),75.1,5336.35
0786-IVLAW,1,Yes,Fiber optic,No,Yes,Yes,No,Yes,Yes,One year,0,Bank transfer (automatic),108.1,7238.6
7566-DSRLQ,1,Yes,Fiber optic,No,Yes,Yes,Yes,Yes,Yes,Two year,1,Electronic check,110.15,7998.8
7245-JMTTQ,1,Yes,Fiber optic,No,Yes,Yes,Yes,Yes,Yes,One year,1,Electronic check,111.5,5703.25
6050-IJRHS,1,Yes,Fiber optic,No,Yes,Yes,No,Yes,Yes,One year,1,Electronic check,106.5,7397.0
6202-JVYEU,1,No,No,No internet service,No internet service,No internet service,No internet service,No internet service,No internet service,One year,1,Electronic check,19.9,164.6
8591-TKMZH,1,Yes,Fiber optic,Yes,Yes,No,Yes,Yes,Yes,Two year,1,Mailed check,111.1,6555.2
0734-OXWBT,1,No,DSL,No,No,No,Yes,Yes,Yes,Month-to-month,0,Mailed check,70.7,225.65
4282-ACRXS,0,No phone service,DSL,No,No,No,No,No,No,Month-to-month,1,Electronic check,24.85,955.75
0365-TRTPY,1,Yes,Fiber optic,Yes,Yes,Yes,No,No,No,Month-to-month,0,Bank transfer (automatic),91.2,3382.3
7349-ALMUX,1,No,DSL,Yes,Yes,Yes,Yes,No,No,Two year,0,Bank transfer (automatic),65.6,2313.8
6502-KUGLL,1,No,DSL,Yes,Yes,No,Yes,No,No,Month-to-month,0,Bank transfer (automatic),59.45,780.85
1841-YSJGV,1,Yes,Fiber optic,Yes,Yes,No,Yes,Yes,Yes,Two year,1,Credit card (automatic),109.95,7852.4
3511-BFTJW,0,No phone service,DSL,Yes,Yes,Yes,No,No,No,Two year,0,Credit card (automatic),38.5,2763.0
7668-XCFYV,1,Yes,Fiber optic,No,No,No,No,Yes,Yes,Month-to-month,1,Electronic check,92.55,1614.7
5018-HEKFO,1,Yes,No,No internet service,No internet service,No internet service,No internet service,No internet service,No internet service,Month-to-month,1,Mailed check,24.5,270.15
3976-NLDEZ,1,No,No,No internet service,No internet service,No internet service,No internet service,No internet service,No internet service,Month-to-month,0,Mailed check,20.6,20.6
2282-YGNOR,1,No,DSL,Yes,No,Yes,Yes,No,No,One year,0,Credit card (automatic),58.0,1734.5
5336-UFNZP,1,Yes,Fiber optic,No,Yes,Yes,No,Yes,Yes,One year,1,Electronic check,107.45,7047.5
6854-EXGSF,1,Yes,DSL,Yes,Yes,Yes,No,No,No,Month-to-month,1,Bank transfer (automatic),65.5,573.15
1241-EZFMJ,1,Yes,No,No internet service,No internet service,No internet service,No internet service,No internet service,No internet service,Two year,0,Bank transfer (automatic),25.45,1538.6
9233-PSYHO,1,Yes,Fiber optic,No,No,Yes,No,Yes,Yes,One year,1,Bank transfer (automatic),100.15,4459.8
5376-PCKNB,1,Yes,Fiber optic,No,Yes,Yes,No,Yes,Yes,One year,1,Credit card (automatic),104.45,7459.0
8044-BGWPI,1,No,No,No internet service,No internet service,No internet service,No internet service,No internet service,No internet service,Month-to-month,1,Electronic check,21.15,306.05
4060-LDNLU,1,Yes,Fiber optic,No,No,No,No,Yes,Yes,Month-to-month,0,Electronic check,96.2,639.7
3589-PPVKW,1,No,DSL,No,No,No,No,No,No,Month-to-month,1,Mailed check,44.4,348.15
5887-IKKYO,1,Yes,Fiber optic,No,No,Yes,Yes,No,Yes,Two year,0,Bank transfer (automatic),94.35,5563.65
1755-RMCXH,1,No,No,No internet service,No internet service,No internet service,No internet service,No internet service,No internet service,Month-to-month,0,Mailed check,20.3,40.25
3858-XHYJO,1,Yes,Fiber optic,Yes,No,Yes,No,Yes,Yes,One year,0,Bank transfer (automatic),105.75,4228.55
4299-SIMNS,1,Yes,Fiber optic,Yes,No,No,No,No,No,Month-to-month,1,Electronic check,81.15,784.45
7025-IWFHT,1,No,Fiber optic,No,Yes,No,Yes,Yes,No,One year,1,Electronic check,89.55,3729.75
6261-LHRTG,1,No,DSL,No,Yes,Yes,No,No,No,Month-to-month,1,Credit card (automatic),54.75,1406.9
7841-FCRQD,1,No,DSL,No,Yes,No,Yes,No,No,One year,1,Credit card (automatic),53.75,1857.3
2056-EVGZL,1,No,Fiber optic,No,Yes,Yes,Yes,Yes,Yes,One year,0,Credit card (automatic),105.75,7322.5
8777-MBMTS,1,No,Fiber optic,No,Yes,Yes,Yes,Yes,Yes,Two year,1,Credit card (automatic),105.85,6725.5
7753-USQYQ,1,No,DSL,No,Yes,No,Yes,No,Yes,One year,1,Electronic check,64.2,3627.3
7661-CPURM,1,No,Fiber optic,No,No,No,Yes,No,Yes,One year,1,Credit card (automatic),87.7,1725.95
6233-HXJMX,1,Yes,Fiber optic,No,No,Yes,No,No,Yes,Month-to-month,1,Credit card (automatic),89.3,4192.15
5902-WBLSE,1,No,No,No internet service,No internet service,No internet service,No internet service,No internet service,No internet service,Two year,1,Credit card (automatic),20.15,1411.2
3239-TPHPZ,1,No,No,No internet service,No internet service,No internet service,No internet service,No internet service,No internet service,Two year,1,Electronic check,20.05,264.55
5115-GZDEL,0,No phone service,DSL,Yes,Yes,Yes,Yes,Yes,Yes,Two year,0,Credit card (automatic),67.2,4671.7
3338-CVVEH,1,Yes,Fiber optic,No,No,No,No,Yes,Yes,Month-to-month,0,Electronic check,94.55,1173.55
2615-YVMYX,1,Yes,Fiber optic,Yes,Yes,Yes,No,Yes,Yes,Month-to-month,1,Electronic check,107.5,7713.55
2851-STERV,1,No,DSL,No,No,Yes,Yes,Yes,Yes,One year,1,Electronic check,73.0,2471.25
4393-GEADV,1,Yes,Fiber optic,Yes,Yes,Yes,Yes,Yes,Yes,Two year,0,Credit card (automatic),114.75,7842.3
8486-AYEQH,1,Yes,Fiber optic,No,No,No,No,No,No,Month-to-month,1,Electronic check,76.05,2227.8
5419-JKZNQ,1,Yes,Fiber optic,No,No,No,No,No,No,Month-to-month,0,Mailed check,77.9,2351.45
2495-KZNFB,1,Yes,Fiber optic,Yes,No,No,No,No,Yes,Month-to-month,1,Electronic check,90.65,2989.6
1409-PHXTF,1,Yes,Fiber optic,No,Yes,Yes,Yes,Yes,Yes,Two year,1,Electronic check,110.45,6077.75
4560-WQAQW,1,Yes,DSL,Yes,No,No,Yes,No,Yes,One year,0,Bank transfer (automatic),68.7,4070.95
9591-YVTEB,0,No phone service,DSL,Yes,Yes,No,No,Yes,No,Month-to-month,1,Electronic check,44.85,2479.05
9309-BZGNT,0,No phone service,DSL,No,No,Yes,No,No,No,One year,1,Credit card (automatic),29.8,2134.3
4274-DRSQT,1,Yes,Fiber optic,No,Yes,No,No,Yes,No,One year,1,Bank transfer (automatic),88.9,6000.1
2027-DNKIV,1,No,DSL,Yes,No,Yes,Yes,No,No,One year,1,Mailed check,58.75,2203.1
8075-GXIUB,1,No,No,No internet service,No internet service,No internet service,No internet service,No internet service,No internet service,One year,0,Credit card (automatic),19.85,183.15
2885-HIJDH,1,Yes,DSL,Yes,No,Yes,Yes,Yes,Yes,Two year,0,Bank transfer (automatic),86.9,6194.1
5424-RLQLC,1,No,DSL,No,Yes,No,No,Yes,No,Month-to-month,1,Mailed check,59.65,638.95
6507-DTJZV,1,No,DSL,No,No,No,No,Yes,Yes,Month-to-month,0,Credit card (automatic),66.4,831.75
7673-BQGKU,1,No,No,No internet service,No internet service,No internet service,No internet service,No internet service,No internet service,Two year,0,Bank transfer (automatic),20.15,1337.5
6723-WSNTY,1,Yes,Fiber optic,No,Yes,Yes,Yes,Yes,Yes,One year,1,Credit card (automatic),108.1,7181.95
2725-IWWBA,1,No,DSL,Yes,No,Yes,Yes,No,No,One year,0,Mailed check,56.9,2560.1
1061-PNTHC,1,Yes,Fiber optic,Yes,No,Yes,Yes,Yes,Yes,Month-to-month,1,Mailed check,109.6,5953.0
0394-YONDK,1,Yes,No,No internet service,No internet service,No internet service,No internet service,No internet service,No internet service,Two year,0,Credit card (automatic),25.15,1790.15
6574-MCOEH,1,Yes,DSL,No,No,Yes,Yes,Yes,Yes,One year,1,Electronic check,79.15,2531.4
7399-QHBJS,1,Yes,DSL,Yes,Yes,No,Yes,No,No,Two year,0,Credit card (automatic),66.75,4760.3
0997-YTLNY,1,No,DSL,No,No,No,Yes,No,No,Month-to-month,0,Mailed check,48.8,953.65
9479-HYNYL,1,No,DSL,No,Yes,Yes,Yes,Yes,Yes,Two year,1,Credit card (automatic),80.7,5705.05
9708-KFDBY,1,No,No,No internet service,No internet service,No internet service,No internet service,No internet service,No internet service,Month-to-month,0,Credit card (automatic),20.55,20.55
3642-GKTCT,1,Yes,Fiber optic,Yes,Yes,Yes,Yes,Yes,Yes,One year,1,Mailed check,115.1,6993.65
0774-RMNUW,0,No phone service,DSL,Yes,Yes,No,Yes,Yes,Yes,Two year,0,Bank transfer (automatic),59.7,4122.65
1334-PDUKM,1,Yes,Fiber optic,No,Yes,Yes,No,No,No,One year,0,Credit card (automatic),86.45,5762.95
0756-MPZRL,0,No phone service,DSL,No,No,Yes,Yes,No,No,One year,0,Credit card (automatic),33.7,1537.85
2242-MFOTG,1,Yes,Fiber optic,Yes,No,No,No,No,No,One year,0,Bank transfer (automatic),80.1,2603.3
2927-CVULT,1,Yes,Fiber optic,Yes,Yes,Yes,Yes,No,Yes,Two year,1,Bank transfer (automatic),104.05,5566.4
2144-BFDSO,1,Yes,Fiber optic,Yes,Yes,Yes,No,Yes,Yes,Month-to-month,0,Bank transfer (automatic),108.75,5431.9
8745-PVESG,0,No phone service,DSL,Yes,No,Yes,Yes,No,No,One year,1,Credit card (automatic),41.1,2258.25
7647-GYYKX,1,No,No,No internet service,No internet service,No internet service,No internet service,No internet service,No internet service,Two year,1,Bank transfer (automatic),20.35,1092.35
5647-FXOTP,1,Yes,Fiber optic,No,Yes,Yes,No,Yes,Yes,Month-to-month,1,Electronic check,105.9,6401.25
9700-ISPUP,1,No,DSL,No,Yes,No,Yes,No,Yes,Month-to-month,1,Electronic check,65.5,616.9
9839-ETQOE,0,No phone service,DSL,Yes,Yes,Yes,No,No,No,Month-to-month,1,Electronic check,40.45,1912.85
6078-VESFR,1,No,Fiber optic,No,No,No,No,No,No,Month-to-month,0,Bank transfer (automatic),70.45,849.1
9027-TMATR,1,No,DSL,Yes,No,Yes,Yes,Yes,Yes,Two year,1,Electronic check,78.8,3460.3
1941-HOSAM,1,No,Fiber optic,No,No,No,No,Yes,Yes,Month-to-month,1,Electronic check,90.1,90.1
9110-HSGTV,1,No,DSL,Yes,No,Yes,Yes,Yes,Yes,Two year,1,Credit card (automatic),82.45,5555.3
0704-VCUMB,1,No,No,No internet service,No internet service,No internet service,No internet service,No internet service,No internet service,Two year,0,Credit card (automatic),20.25,1278.8
6171-ZTVYB,1,Yes,DSL,Yes,Yes,No,Yes,No,No,Month-to-month,0,Bank transfer (automatic),66.25,2907.35
1935-IMVBB,1,No,Fiber optic,No,No,No,No,Yes,Yes,Month-to-month,0,Mailed check,89.7,4952.95
2535-PBCGC,0,No phone service,DSL,Yes,Yes,Yes,Yes,Yes,Yes,Two year,0,Bank transfer (automatic),64.55,4504.9
1470-PSXNM,1,Yes,Fiber optic,No,Yes,Yes,No,Yes,No,One year,1,Electronic check,93.65,4520.15
2498-XLDZR,1,No,DSL,Yes,Yes,Yes,Yes,No,Yes,Two year,0,Mailed check,73.6,2316.85
9866-OCCKE,1,Yes,Fiber optic,Yes,No,Yes,Yes,Yes,Yes,Two year,1,Mailed check,109.75,8075.35
5338-YHWYT,1,No,DSL,Yes,Yes,No,Yes,No,No,Two year,0,Credit card (automatic),61.45,2302.35
7718-UPSKJ,1,No,Fiber optic,Yes,Yes,No,Yes,Yes,Yes,One year,1,Credit card (automatic),106.4,7251.9
8731-WBBMB,1,No,DSL,No,Yes,Yes,Yes,Yes,Yes,Month-to-month,0,Bank transfer (automatic),81.9,2078.55
1448-CYWKC,1,Yes,Fiber optic,No,Yes,Yes,No,Yes,Yes,One year,1,Credit card (automatic),105.2,6225.4
7901-IIDQV,1,Yes,DSL,No,No,No,Yes,No,No,One year,0,Bank transfer (automatic),54.6,1242.25
2690-DVRVK,1,No,No,No internet service,No internet service,No internet service,No internet service,No internet service,No internet service,One year,0,Electronic check,20.55,99.45
1270-XKUCC,1,No,No,No internet service,No internet service,No internet service,No internet service,No internet service,No internet service,Two year,0,Mailed check,19.7,599.25
0334-ZFJSR,1,Yes,DSL,Yes,Yes,No,Yes,No,No,One year,1,Credit card (automatic),66.05,3462.1
5583-EJXRD,0,No phone service,DSL,Yes,Yes,Yes,Yes,No,Yes,Two year,1,Credit card (automatic),54.05,2375.2
4565-EVZMJ,1,No,DSL,Yes,Yes,No,Yes,No,No,One year,1,Mailed check,58.9,2813.05
3327-YBAKM,1,No,Fiber optic,Yes,No,No,Yes,Yes,Yes,One year,1,Mailed check,96.9,6314.35
9441-QHEVC,1,No,No,No internet service,No internet service,No internet service,No internet service,No internet service,No internet service,Month-to-month,0,Mailed check,19.1,19.1
6705-LNMDD,1,No,DSL,No,No,No,Yes,No,No,Month-to-month,0,Mailed check,50.0,1003.05
2580-ASVVY,0,No phone service,DSL,Yes,No,No,Yes,Yes,No,Two year,0,Electronic check,45.4,1593.1
3370-GQEAL,1,Yes,Fiber optic,No,No,No,No,Yes,No,Month-to-month,0,Electronic check,85.45,2509.95
5032-USPKF,1,Yes,DSL,Yes,Yes,Yes,No,Yes,Yes,One year,0,Bank transfer (automatic),84.1,3187.65
4254-QPEDE,0,No phone service,DSL,Yes,Yes,Yes,Yes,Yes,Yes,Two year,0,Credit card (automatic),66.25,3330.1
6283-GITPX,1,No,DSL,Yes,Yes,Yes,Yes,Yes,No,Two year,1,Credit card (automatic),76.9,5522.7
0771-CHWSK,1,Yes,DSL,Yes,Yes,Yes,No,No,Yes,Two year,1,Credit card (automatic),74.6,4798.4
9788-HNGUT,1,Yes,Fiber optic,Yes,Yes,Yes,Yes,Yes,Yes,Two year,1,Credit card (automatic),116.95,8594.4
9495-REDIY,0,No phone service,DSL,Yes,No,No,No,Yes,No,One year,1,Credit card (automatic),40.65,970.55
5375-XLDOF,1,Yes,Fiber optic,Yes,Yes,Yes,Yes,Yes,Yes,Two year,1,Bank transfer (automatic),114.35,7665.8
1172-VIYBP,1,Yes,DSL,Yes,Yes,No,No,No,Yes,Two year,0,Bank transfer (automatic),69.7,3686.05
6559-PDZLR,1,No,Fiber optic,No,No,Yes,Yes,Yes,Yes,Month-to-month,1,Electronic check,98.65,2537.0
8992-OBVDG,1,No,DSL,No,No,Yes,No,No,Yes,Month-to-month,0,Mailed check,61.65,1393.6
4273-MBHYA,1,No,Fiber optic,No,No,No,No,Yes,Yes,Month-to-month,1,Electronic check,89.35,89.35
4724-WXVWF,1,Yes,Fiber optic,Yes,No,No,Yes,No,Yes,Month-to-month,1,Electronic check,95.4,4445.3
5701-GUXDC,0,No phone service,DSL,Yes,No,Yes,No,No,No,One year,0,Credit card (automatic),35.4,978.6
1460-UZPRJ,1,No,No,No internet service,No internet service,No internet service,No internet service,No internet service,No internet service,Two year,0,Mailed check,19.95,1258.15
6082-GLJIX,1,No,No,No internet service,No internet service,No internet service,No internet service,No internet service,No internet service,Month-to-month,0,Mailed check,19.25,331.35
2495-TTHBQ,1,No,No,No internet service,No internet service,No internet service,No internet service,No internet service,No internet service,One year,1,Mailed check,20.4,84.75
0485-ZBSLN,1,Yes,No,No internet service,No internet service,No internet service,No internet service,No internet service,No internet service,Two year,0,Credit card (automatic),24.75,1715.1
3810-PJUHR,1,Yes,No,No internet service,No internet service,No internet service,No internet service,No internet service,No internet service,Two year,0,Mailed check,25.35,1715.15
0847-HGRML,1,No,No,No internet service,No internet service,No internet service,No internet service,No internet service,No internet service,Two year,0,Bank transfer (automatic),20.0,1250.1
8232-CTLKO,1,No,DSL,Yes,No,No,No,Yes,No,Two year,1,Electronic check,59.75,3996.8
9227-YBAXE,1,Yes,DSL,Yes,Yes,No,Yes,Yes,Yes,Two year,1,Bank transfer (automatic),82.5,5215.1
9860-LISIZ,1,No,No,No internet service,No internet service,No internet service,No internet service,No internet service,No internet service,Month-to-month,0,Mailed check,20.35,673.2
0112-QAWRZ,1,Yes,Fiber optic,No,No,Yes,No,Yes,No,Month-to-month,1,Bank transfer (automatic),90.8,1442.2
2786-GCDPI,1,Yes,Fiber optic,No,No,Yes,Yes,Yes,Yes,Month-to-month,1,Electronic check,104.95,5222.35
4043-MKDTV,1,No,Fiber optic,No,Yes,Yes,Yes,Yes,Yes,Two year,1,Electronic check,105.25,7291.75
9229-RQABD,1,Yes,No,No internet service,No internet service,No internet service,No internet service,No internet service,No internet service,One year,0,Mailed check,23.75,424.5
8313-KTIHG,1,No,DSL,No,No,No,Yes,Yes,No,Month-to-month,1,Electronic check,61.3,249.4
5320-BRKGK,1,Yes,DSL,Yes,No,Yes,Yes,Yes,No,Two year,0,Mailed check,75.8,4415.75
6284-KMNUF,1,Yes,Fiber optic,Yes,No,No,No,Yes,Yes,One year,1,Electronic check,98.0,5270.6
6229-UOLQL,0,No phone service,DSL,Yes,Yes,No,Yes,Yes,No,One year,1,Mailed check,52.0,2884.9
3137-LUPIX,1,Yes,DSL,No,No,No,Yes,Yes,No,Month-to-month,1,Mailed check,64.4,253.0
6143-JQKEA,1,No,DSL,No,No,No,No,No,No,Month-to-month,1,Credit card (automatic),45.8,436.2
8676-OOQEJ,0,No phone service,DSL,No,No,No,Yes,No,No,Month-to-month,0,Electronic check,30.5,118.4
9701-CDXHR,1,No,Fiber optic,No,No,No,No,No,No,Month-to-month,0,Mailed check,69.15,3649.6
8124-NZVGJ,0,No phone service,DSL,No,No,No,Yes,Yes,Yes,One year,1,Mailed check,49.25,255.6
2162-FRZAA,0,No phone service,DSL,No,Yes,Yes,Yes,No,No,Two year,0,Bank transfer (automatic),39.35,2395.05
5118-MUEYH,1,Yes,Fiber optic,No,Yes,No,Yes,Yes,Yes,Month-to-month,1,Credit card (automatic),105.1,5083.55
5627-TVBPP,1,No,No,No internet service,No internet service,No internet service,No internet service,No internet service,No internet service,One year,1,Credit card (automatic),20.1,644.5
3936-QQFLL,1,No,No,No internet service,No internet service,No internet service,No internet service,No internet service,No internet service,Month-to-month,0,Mailed check,19.75,39.3
2589-AYCRP,1,No,No,No internet service,No internet service,No internet service,No internet service,No internet service,No internet service,One year,0,Bank transfer (automatic),19.75,989.05
4067-HLYQI,1,No,Fiber optic,No,No,No,No,No,No,Month-to-month,1,Bank transfer (automatic),70.4,2406.1
5124-EOGYE,1,No,No,No internet service,No internet service,No internet service,No internet service,No internet service,No internet service,Two year,0,Mailed check,20.45,638.55
5057-RKGLH,1,No,No,No internet service,No internet service,No internet service,No internet service,No internet service,No internet service,Two year,0,Mailed check,20.35,191.1
0292-WEGCH,1,Yes,DSL,No,Yes,Yes,Yes,Yes,Yes,Month-to-month,1,Electronic check,86.2,4524.05
8910-ICHIU,1,No,Fiber optic,Yes,Yes,Yes,No,Yes,No,One year,1,Credit card (automatic),95.65,4664.2
4097-YODCF,1,Yes,Fiber optic,Yes,Yes,No,No,Yes,Yes,One year,1,Electronic check,103.8,3470.8
9715-WZCLW,1,Yes,Fiber optic,Yes,No,No,No,Yes,Yes,Two year,1,Electronic check,97.2,6910.3
9786-YWNHU,1,No,DSL,Yes,Yes,Yes,Yes,No,No,Two year,0,Mailed check,63.55,4014.2
6407-GSJNL,1,Yes,No,No internet service,No internet service,No internet service,No internet service,No internet service,No internet service,Two year,0,Bank transfer (automatic),24.95,1288.0
4049-ZPALD,1,No,Fiber optic,Yes,No,Yes,No,Yes,Yes,Two year,1,Bank transfer (automatic),99.0,6375.8
3733-UOCWF,1,Yes,Fiber optic,No,Yes,No,Yes,No,No,One year,1,Bank transfer (automatic),85.55,5251.75
6833-JMZYP,1,No,Fiber optic,No,No,Yes,No,Yes,Yes,Month-to-month,1,Credit card (automatic),94.0,1505.45
1310-QRITU,1,Yes,DSL,No,No,No,No,No,No,Month-to-month,1,Electronic check,50.3,913.3
8961-QDZZJ,1,No,Fiber optic,No,Yes,No,No,Yes,Yes,One year,1,Electronic check,95.0,5535.8
9715-SBVSU,1,No,DSL,Yes,Yes,No,No,No,Yes,Two year,1,Bank transfer (automatic),61.4,815.55
8490-BXHEO,1,Yes,Fiber optic,No,Yes,No,No,No,No,Month-to-month,1,Credit card (automatic),80.55,1411.65
7173-TETGO,1,Yes,Fiber optic,Yes,No,No,No,No,No,Two year,0,Bank transfer (automatic),78.5,5602.25
7929-SKFGK,1,Yes,Fiber optic,Yes,Yes,Yes,Yes,Yes,Yes,Two year,0,Credit card (automatic),114.3,8244.3
2300-RQGOI,1,No,No,No internet service,No internet service,No internet service,No internet service,No internet service,No internet service,Two year,0,Mailed check,20.05,741.5
3563-SVYLG,1,No,DSL,Yes,Yes,Yes,Yes,No,No,Two year,0,Credit card (automatic),62.65,4375.8
6435-VWCCY,1,Yes,Fiber optic,Yes,Yes,No,No,Yes,No,Two year,1,Credit card (automatic),92.7,5968.4
4998-IKFSE,1,Yes,Fiber optic,No,No,Yes,No,Yes,Yes,Month-to-month,0,Electronic check,100.45,3096.9
8630-QSGXK,1,Yes,DSL,No,No,No,Yes,Yes,Yes,Two year,1,Bank transfer (automatic),75.2,3901.25
2455-USLMV,1,Yes,Fiber optic,Yes,No,Yes,No,No,No,Month-to-month,1,Credit card (automatic),84.75,2613.4
9488-FVZCC,1,Yes,DSL,Yes,Yes,Yes,Yes,No,Yes,Two year,1,Bank transfer (automatic),79.5,5661.7
5995-WWKKG,1,No,No,No internet service,No internet service,No internet service,No internet service,No internet service,No internet service,One year,1,Electronic check,19.8,695.05
7879-CGSFV,1,No,Fiber optic,Yes,Yes,No,No,Yes,Yes,One year,1,Mailed check,100.9,5552.05
9921-EZKBY,1,Yes,Fiber optic,Yes,No,Yes,No,No,Yes,Month-to-month,1,Bank transfer (automatic),95.3,3275.15
7432-FFVAR,1,No,Fiber optic,No,No,Yes,Yes,No,Yes,One year,0,Bank transfer (automatic),90.95,4236.6
7246-ZGQDF,1,No,DSL,Yes,No,No,Yes,No,No,Month-to-month,0,Electronic check,54.5,54.5
4456-RHSNB,1,No,DSL,No,No,Yes,No,No,No,Month-to-month,1,Bank transfer (automatic),49.6,962.9
2481-SBOYW,1,Yes,No,No internet service,No internet service,No internet service,No internet service,No internet service,No internet service,Two year,1,Credit card (automatic),25.0,1498.35
7109-MFBYV,1,No,DSL,No,No,No,No,No,No,Month-to-month,0,Electronic check,45.45,1233.15
1833-TCXKK,1,Yes,Fiber optic,No,Yes,Yes,No,Yes,Yes,Month-to-month,1,Bank transfer (automatic),107.75,4882.8
1832-PEUTS,1,Yes,Fiber optic,No,No,Yes,No,Yes,No,Two year,1,Credit card (automatic),89.1,5411.65
8660-BUETV,1,No,DSL,No,No,No,No,No,No,Month-to-month,0,Mailed check,44.75,148.05
0580-PIQHM,1,Yes,Fiber optic,Yes,Yes,Yes,No,No,Yes,One year,1,Bank transfer (automatic),101.6,3930.55
5696-CEIQJ,1,No,Fiber optic,No,Yes,Yes,Yes,Yes,Yes,Two year,0,Bank transfer (automatic),103.15,6895.5
1696-HXOWK,1,Yes,Fiber optic,Yes,Yes,No,No,Yes,No,One year,0,Mailed check,95.65,6856.95
3026-ATZYV,1,No,DSL,Yes,Yes,No,No,Yes,Yes,One year,0,Bank transfer (automatic),75.1,2658.8
4012-YCFAI,1,No,DSL,Yes,Yes,No,Yes,No,No,Two year,1,Mailed check,61.35,3766.2
9970-QBCDA,1,No,No,No internet service,No internet service,No internet service,No internet service,No internet service,No internet service,Month-to-month,0,Credit card (automatic),19.7,129.55
9496-IVVRP,1,No,DSL,Yes,No,No,No,No,No,Month-to-month,0,Bank transfer (automatic),51.0,581.7
2657-VPXTA,1,No,Fiber optic,No,No,No,No,Yes,Yes,Month-to-month,1,Electronic check,88.85,929.45
6551-VLJMV,1,No,No,No internet service,No internet service,No internet service,No internet service,No internet service,No internet service,Two year,0,Credit card (automatic),20.05,679.0
1221-GHZEP,1,No,DSL,Yes,No,No,Yes,No,Yes,Two year,1,Mailed check,65.1,3846.75
9289-LBQVU,1,Yes,DSL,No,Yes,No,Yes,No,Yes,One year,1,Mailed check,70.15,4480.7
3458-IDMFK,1,No,No,No internet service,No internet service,No internet service,No internet service,No internet service,No internet service,Two year,1,Mailed check,20.75,499.4
6933-FHBZC,1,No,DSL,No,Yes,Yes,No,No,No,One year,1,Mailed check,56.05,1553.2
0221-NAUXK,1,No,No,No internet service,No internet service,No internet service,No internet service,No internet service,No internet service,One year,1,Bank transfer (automatic),19.95,219.5
9770-KXGQU,1,Yes,Fiber optic,Yes,Yes,Yes,No,Yes,No,One year,0,Mailed check,98.6,5311.85
6538-POCHL,1,No,Fiber optic,No,Yes,Yes,No,No,No,Month-to-month,1,Credit card (automatic),79.0,2576.8
6726-NNFWD,1,No,Fiber optic,No,Yes,Yes,No,No,Yes,Two year,0,Credit card (automatic),89.45,6435.25
3002-WQZWT,1,Yes,Fiber optic,No,No,No,No,No,No,Month-to-month,1,Electronic check,74.2,1993.25
4277-UDIEF,1,Yes,DSL,Yes,No,No,Yes,Yes,Yes,Month-to-month,0,Bank transfer (automatic),81.0,1923.85
1208-NBVFH,1,No,DSL,No,No,Yes,No,No,No,Month-to-month,1,Electronic check,49.6,939.8
4912-PIGUY,1,Yes,Fiber optic,No,No,No,No,Yes,No,Month-to-month,1,Electronic check,84.6,84.6
2725-TTRIQ,1,Yes,DSL,Yes,No,Yes,Yes,Yes,Yes,Two year,1,Bank transfer (automatic),84.2,5986.55
3374-TTZTK,1,No,Fiber optic,Yes,Yes,Yes,Yes,Yes,Yes,Two year,1,Electronic check,106.3,5487.0
8990-ZXLSU,1,No,Fiber optic,No,No,No,No,No,No,Month-to-month,0,Electronic check,69.05,651.5
2275-RBYQS,1,No,DSL,No,No,No,No,No,No,Month-to-month,1,Mailed check,45.4,45.4
4419-UJMUS,1,Yes,Fiber optic,No,No,No,Yes,Yes,Yes,Two year,1,Electronic check,99.35,6856.45
7794-JASDG,1,No,DSL,Yes,No,No,No,No,No,Month-to-month,1,Mailed check,50.75,50.75
7609-YBPXG,1,Yes,DSL,Yes,No,Yes,Yes,Yes,Yes,Two year,0,Bank transfer (automatic),87.1,4735.2
5519-TEEUH,1,No,No,No internet service,No internet service,No internet service,No internet service,No internet service,No internet service,One year,1,Mailed check,20.15,682.15
7856-GANIL,1,Yes,Fiber optic,No,Yes,Yes,Yes,Yes,No,One year,1,Bank transfer (automatic),98.7,4525.8
0804-XBFBV,0,No phone service,DSL,No,No,No,No,No,No,Month-to-month,0,Electronic check,25.2,321.05
2676-OXPPQ,1,No,DSL,Yes,Yes,No,No,No,No,Month-to-month,1,Bank transfer (automatic),55.7,335.65
3703-TTEPD,1,No,DSL,Yes,No,Yes,No,Yes,No,Month-to-month,0,Bank transfer (automatic),65.35,1424.4
2799-TSLAG,1,Yes,No,No internet service,No internet service,No internet service,No internet service,No internet service,No internet service,Two year,1,Bank transfer (automatic),25.3,1748.55
2208-NKVVH,1,Yes,No,No internet service,No internet service,No internet service,No internet service,No internet service,No internet service,Two year,0,Mailed check,24.25,1077.95
7139-JZFVG,1,No,DSL,Yes,Yes,Yes,No,No,No,Two year,0,Bank transfer (automatic),60.5,3694.45
4987-GQWPO,0,No phone service,DSL,No,No,No,No,No,No,Month-to-month,0,Credit card (automatic),25.1,382.8
1757-TCATG,1,No,No,No internet service,No internet service,No internet service,No internet service,No internet service,No internet service,One year,0,Bank transfer (automatic),20.05,746.75
4776-XSKYQ,0,No phone service,DSL,No,No,No,Yes,No,No,One year,0,Credit card (automatic),30.25,368.85
8048-DSDFQ,1,No,No,No internet service,No internet service,No internet service,No internet service,No internet service,No internet service,Month-to-month,0,Mailed check,20.2,20.2
5753-QQWPW,1,No,DSL,Yes,Yes,No,Yes,No,No,One year,1,Electronic check,59.9,1654.7
6010-DDPPW,1,Yes,No,No internet service,No internet service,No internet service,No internet service,No internet service,No internet service,Two year,0,Bank transfer (automatic),25.15,1940.85
6693-FRIRW,1,No,Fiber optic,No,Yes,Yes,No,Yes,Yes,Month-to-month,0,Credit card (automatic),101.3,1794.65
6586-MYGKD,1,Yes,DSL,Yes,No,No,Yes,Yes,Yes,Two year,1,Credit card (automatic),76.95,5289.8
3173-NVMPX,1,Yes,DSL,No,Yes,No,No,No,No,Month-to-month,1,Mailed check,55.3,501.2
0248-PGHBZ,1,No,Fiber optic,Yes,Yes,No,Yes,Yes,No,Two year,1,Bank transfer (automatic),92.45,6140.85
0623-GDISB,1,No,DSL,Yes,No,No,No,No,No,Month-to-month,1,Bank transfer (automatic),48.45,48.45
2892-GESUL,1,No,No,No internet service,No internet service,No internet service,No internet service,No internet service,No internet service,Two year,0,Mailed check,19.35,309.25
7472-EQOAV,1,No,Fiber optic,Yes,Yes,Yes,No,No,No,One year,1,Bank transfer (automatic),86.7,6179.35
2043-WVTQJ,1,No,DSL,Yes,No,Yes,No,No,No,Month-to-month,0,Mailed check,55.7,55.7
8034-RYTVV,1,Yes,Fiber optic,Yes,No,Yes,No,No,No,One year,1,Credit card (automatic),84.25,4589.85
3863-QSTYI,1,No,DSL,No,No,Yes,Yes,Yes,No,Month-to-month,1,Electronic check,64.65,3735.45
5044-LRQAQ,1,No,Fiber optic,No,No,No,No,No,No,Month-to-month,1,Bank transfer (automatic),69.2,477.55
1716-LSAMB,1,No,DSL,Yes,No,No,Yes,No,No,Two year,0,Bank transfer (automatic),54.65,2553.7
1333-PBMXB,1,Yes,No,No internet service,No internet service,No internet service,No internet service,No internet service,No internet service,One year,1,Bank transfer (automatic),24.75,1342.15
6546-OPBBH,1,Yes,No,No internet service,No internet service,No internet service,No internet service,No internet service,No internet service,One year,1,Mailed check,23.95,1216.35
5985-BEHZK,1,Yes,Fiber optic,No,Yes,Yes,No,Yes,Yes,One year,0,Credit card (automatic),105.0,7578.05
9127-QRZMH,1,No,DSL,Yes,Yes,No,Yes,No,No,One year,1,Bank transfer (automatic),59.85,2603.95
5919-VCZYM,1,No,No,No internet service,No internet service,No internet service,No internet service,No internet service,No internet service,Month-to-month,0,Mailed check,20.05,42.7
9644-KVCNC,1,Yes,Fiber optic,No,No,Yes,No,Yes,No,One year,1,Bank transfer (automatic),92.15,6056.9
2137-DQMEV,0,No phone service,DSL,Yes,Yes,No,No,Yes,No,One year,0,Mailed check,44.8,2983.65
8174-LNWMW,1,No,No,No internet service,No internet service,No internet service,No internet service,No internet service,No internet service,Two year,0,Credit card (automatic),20.9,689.35
9279-CJEOJ,1,Yes,Fiber optic,No,No,No,No,Yes,Yes,Month-to-month,1,Bank transfer (automatic),95.4,2025.1
7964-VEXDG,1,Yes,Fiber optic,Yes,No,No,No,No,No,Month-to-month,0,Electronic check,80.35,1747.2
2404-JIBFC,1,Yes,DSL,Yes,No,Yes,Yes,Yes,Yes,Two year,1,Bank transfer (automatic),85.1,4657.95
8029-XYPWT,1,Yes,Fiber optic,Yes,Yes,Yes,Yes,Yes,Yes,Two year,1,Bank transfer (automatic),115.05,8016.6
4632-PAOYU,1,No,No,No internet service,No internet service,No internet service,No internet service,No internet service,No internet service,One year,0,Mailed check,19.95,433.5
2990-OGYTD,1,Yes,DSL,No,Yes,Yes,Yes,Yes,Yes,Two year,0,Bank transfer (automatic),86.15,5883.85
6646-JPPHA,1,No,Fiber optic,Yes,Yes,No,No,No,No,Month-to-month,0,Electronic check,78.85,1043.8
7658-UYUQS,1,No,Fiber optic,No,No,Yes,No,Yes,No,Month-to-month,0,Bank transfer (automatic),86.55,1857.25
7880-XSOJX,0,No phone service,DSL,Yes,Yes,No,Yes,No,No,Month-to-month,0,Mailed check,42.4,146.4
4589-IUAJB,1,Yes,No,No internet service,No internet service,No internet service,No internet service,No internet service,No internet service,Two year,0,Bank transfer (automatic),24.25,1724.15
8746-BFOAJ,1,No,No,No internet service,No internet service,No internet service,No internet service,No internet service,No internet service,One year,0,Bank transfer (automatic),20.5,429.55
8457-XIGKN,1,No,No,No internet service,No internet service,No internet service,No internet service,No internet service,No internet service,Month-to-month,1,Credit card (automatic),19.6,356.15
6072-NUQCB,1,No,No,No internet service,No internet service,No internet service,No internet service,No internet service,No internet service,One year,0,Bank transfer (automatic),20.25,488.25
8838-GPHZP,1,No,No,No internet service,No internet service,No internet service,No internet service,No internet service,No internet service,Two year,1,Mailed check,20.6,1298.7
8750-QWZAJ,1,No,No,No internet service,No internet service,No internet service,No internet service,No internet service,No internet service,Two year,0,Bank transfer (automatic),19.8,1378.75
6918-UMQCG,1,No,Fiber optic,No,No,No,No,Yes,No,Month-to-month,0,Electronic check,80.2,384.25
0675-NCDYU,1,Yes,Fiber optic,Yes,Yes,Yes,Yes,Yes,Yes,Two year,1,Credit card (automatic),116.4,8543.25
6339-DKLMK,0,No phone service,DSL,No,Yes,No,No,No,No,Month-to-month,1,Electronic check,31.65,389.95
1346-PJWTK,1,No,Fiber optic,No,Yes,Yes,Yes,No,Yes,Month-to-month,0,Credit card (automatic),94.15,5731.85
5088-QZLRL,1,No,No,No internet service,No internet service,No internet service,No internet service,No internet service,No internet service,Month-to-month,0,Electronic check,20.65,20.65
8023-QHAIO,1,Yes,Fiber optic,No,No,No,Yes,No,No,Month-to-month,1,Bank transfer (automatic),76.85,4275.75
4397-FRLTA,1,No,No,No internet service,No internet service,No internet service,No internet service,No internet service,No internet service,Month-to-month,0,Mailed check,20.15,84.5
3057-VJJQE,1,Yes,DSL,Yes,No,No,No,No,No,Two year,0,Mailed check,55.25,1924.1
2302-OUZXB,1,Yes,DSL,No,Yes,Yes,No,Yes,Yes,Two year,0,Bank transfer (automatic),82.15,5784.3
8133-ANHHJ,1,Yes,Fiber optic,Yes,Yes,Yes,Yes,No,Yes,One year,0,Bank transfer (automatic),103.0,5166.2
2270-CHBFN,1,Yes,Fiber optic,Yes,Yes,Yes,Yes,No,No,Month-to-month,1,Credit card (automatic),95.1,4060.55
5982-FPVQN,1,Yes,Fiber optic,No,Yes,Yes,No,No,Yes,Month-to-month,1,Electronic check,95.15,3532.85
9107-UKCKY,1,Yes,DSL,No,Yes,Yes,No,Yes,Yes,One year,1,Electronic check,79.8,4914.8
4654-ULTTN,1,Yes,DSL,Yes,No,Yes,Yes,No,Yes,Two year,1,Credit card (automatic),74.8,5315.8
5546-BYZSM,1,No,No,No internet service,No internet service,No internet service,No internet service,No internet service,No internet service,Month-to-month,0,Electronic check,20.45,775.6
1492-KGETH,1,Yes,DSL,Yes,Yes,Yes,Yes,No,Yes,One year,0,Bank transfer (automatic),78.35,5445.95
4163-HFTUK,1,No,No,No internet service,No internet service,No internet service,No internet service,No internet service,No internet service,One year,0,Electronic check,19.1,1007.8
8215-NGSPE,1,No,No,No internet service,No internet service,No internet service,No internet service,No internet service,No internet service,Two year,0,Mailed check,20.0,833.55
8859-YSTWS,1,No,No,No internet service,No internet service,No internet service,No internet service,No internet service,No internet service,One year,0,Bank transfer (automatic),19.95,1004.5
7601-DHFWZ,1,Yes,No,No internet service,No internet service,No internet service,No internet service,No internet service,No internet service,Two year,0,Credit card (automatic),24.0,1183.05
1998-VHJHK,1,No,No,No internet service,No internet service,No internet service,No internet service,No internet service,No internet service,One year,0,Mailed check,19.15,501.35
1707-HABPF,1,No,Fiber optic,No,Yes,Yes,No,Yes,No,One year,1,Bank transfer (automatic),91.3,4126.35
0487-VVUVK,1,No,No,No internet service,No internet service,No internet service,No internet service,No internet service,No internet service,Month-to-month,1,Mailed check,19.15,477.6
5063-IUOKK,1,No,No,No internet service,No internet service,No internet service,No internet service,No internet service,No internet service,Two year,0,Mailed check,19.75,265.75
4508-OEBEY,1,No,DSL,Yes,Yes,Yes,Yes,No,Yes,One year,1,Credit card (automatic),75.5,2424.45
0027-KWYKW,1,Yes,Fiber optic,No,No,No,No,Yes,No,Month-to-month,1,Electronic check,83.75,1849.95
2308-STERM,1,No,No,No internet service,No internet service,No internet service,No internet service,No internet service,No internet service,Month-to-month,0,Mailed check,19.4,61.05
5982-XMDEX,1,Yes,No,No internet service,No internet service,No internet service,No internet service,No internet service,No internet service,Two year,0,Bank transfer (automatic),26.5,1698.55
6051-PTVNS,1,No,No,No internet service,No internet service,No internet service,No internet service,No internet service,No internet service,One year,0,Credit card (automatic),19.15,998.1
2877-VDUER,0,No phone service,DSL,No,No,No,Yes,Yes,No,One year,0,Mailed check,40.9,1383.6
9152-AMKAK,1,No,DSL,Yes,No,Yes,Yes,Yes,Yes,Two year,1,Mailed check,80.25,493.4
9432-VOFYX,1,No,Fiber optic,No,No,No,No,No,No,Month-to-month,1,Electronic check,70.8,1207.0
8049-WJCLQ,1,No,DSL,No,No,Yes,No,Yes,No,Month-to-month,0,Mailed check,60.2,563.5
6586-PSJOX,1,No,DSL,No,No,Yes,Yes,No,No,One year,0,Credit card (automatic),55.2,864.55
9705-ZJBCG,1,No,DSL,Yes,No,No,Yes,No,No,One year,0,Bank transfer (automatic),54.15,701.05
6847-KJLTS,1,Yes,Fiber optic,No,No,No,Yes,Yes,Yes,Month-to-month,1,Bank transfer (automatic),100.4,5749.8
9670-BPNXF,1,No,DSL,Yes,Yes,No,Yes,No,No,One year,1,Credit card (automatic),62.55,2796.45
3913-FCUUW,1,Yes,DSL,Yes,Yes,Yes,Yes,No,No,Two year,1,Bank transfer (automatic),70.45,5165.7
3301-VKTGC,1,Yes,Fiber optic,Yes,Yes,No,No,No,No,One year,1,Bank transfer (automatic),85.5,5696.6
9555-SAHUZ,1,No,DSL,Yes,Yes,No,No,No,No,Month-to-month,0,Electronic check,54.5,2076.05
0816-TSPHQ,1,No,No,No internet service,No internet service,No internet service,No internet service,No internet service,No internet service,Month-to-month,0,Mailed check,20.75,44.2
9932-WBWIK,1,No,No,No internet service,No internet service,No internet service,No internet service,No internet service,No internet service,Month-to-month,0,Mailed check,20.35,215.25
4619-EVPHY,1,No,Fiber optic,No,No,No,No,Yes,Yes,One year,1,Bank transfer (automatic),91.0,1859.5
5286-YHCVC,1,Yes,Fiber optic,No,Yes,Yes,No,Yes,Yes,Two year,1,Bank transfer (automatic),104.8,7470.1
9115-YQHGA,1,No,DSL,No,No,No,Yes,No,No,Month-to-month,1,Electronic check,51.1,2092.9
4462-CYWMH,1,Yes,Fiber optic,No,Yes,No,No,No,Yes,Month-to-month,1,Bank transfer (automatic),89.8,5629.55
8963-MQVYN,1,No,No,No internet service,No internet service,No internet service,No internet service,No internet service,No internet service,Month-to-month,1,Electronic check,20.55,469.85
2458-EOMRE,1,No,DSL,Yes,No,Yes,No,No,Yes,Month-to-month,0,Bank transfer (automatic),64.05,733.95
9334-GWGOW,1,Yes,Fiber optic,No,No,No,No,No,No,Month-to-month,1,Electronic check,74.85,485.25
6542-LWGXJ,0,No phone service,DSL,No,No,No,No,No,No,Month-to-month,0,Mailed check,25.0,78.25
5567-GZKQY,1,No,No,No internet service,No internet service,No internet service,No internet service,No internet service,No internet service,Two year,0,Credit card (automatic),20.3,1131.5
1222-LRYKO,1,Yes,No,No internet service,No internet service,No internet service,No internet service,No internet service,No internet service,Month-to-month,0,Mailed check,26.35,184.05
2087-QAREY,1,No,DSL,No,Yes,Yes,No,No,No,Month-to-month,1,Mailed check,54.7,1178.75
4423-JWZJN,1,Yes,Fiber optic,No,No,Yes,No,No,Yes,One year,0,Credit card (automatic),90.25,5629.15
6490-FGZAT,1,No,No,No internet service,No internet service,No internet service,No internet service,No internet service,No internet service,Month-to-month,0,Mailed check,20.65,109.3
7452-FOLON,1,Yes,No,No internet service,No internet service,No internet service,No internet service,No internet service,No internet service,One year,0,Bank transfer (automatic),25.45,958.45
2320-TZRRH,1,No,No,No internet service,No internet service,No internet service,No internet service,No internet service,No internet service,One year,0,Mailed check,19.5,403.15
4942-VZZOM,1,Yes,DSL,Yes,No,No,No,Yes,No,One year,1,Credit card (automatic),66.15,4392.5
7502-BNYGS,1,No,DSL,No,Yes,No,No,Yes,Yes,Month-to-month,1,Credit card (automatic),69.1,3168.0
4291-HYEBC,0,No phone service,DSL,No,Yes,No,No,No,Yes,One year,1,Electronic check,39.1,1096.6
6147-CBCRA,1,No,No,No internet service,No internet service,No internet service,No internet service,No internet service,No internet service,Month-to-month,0,Mailed check,20.05,669.45
6047-SUHPR,1,No,DSL,Yes,Yes,Yes,No,No,No,One year,0,Electronic check,59.8,2343.85
9752-ZNQUT,1,No,DSL,No,Yes,No,No,No,No,Month-to-month,1,Electronic check,48.6,48.6
1576-PFZIW,1,No,Fiber optic,Yes,Yes,Yes,No,Yes,Yes,Two year,0,Credit card (automatic),105.35,7511.9
5666-MBJPT,1,Yes,No,No internet service,No internet service,No internet service,No internet service,No internet service,No internet service,Two year,1,Bank transfer (automatic),25.1,1725.0
7312-XSBAT,1,No,DSL,Yes,No,No,No,No,No,Month-to-month,0,Electronic check,49.75,49.75
3096-GKWEB,1,Yes,Fiber optic,No,No,No,No,Yes,Yes,Month-to-month,1,Electronic check,94.75,1691.9
2371-JQHZZ,1,Yes,Fiber optic,No,No,No,No,Yes,Yes,Month-to-month,1,Electronic check,93.0,2248.05
0674-GCDXG,1,Yes,DSL,Yes,No,Yes,Yes,No,Yes,Two year,1,Bank transfer (automatic),71.9,4479.2
1121-QSIVB,1,Yes,DSL,No,Yes,No,No,Yes,Yes,One year,1,Mailed check,77.55,3471.1
4396-KLSEH,1,No,No,No internet service,No internet service,No internet service,No internet service,No internet service,No internet service,Month-to-month,1,Electronic check,19.85,63.0
2824-MYYBN,1,Yes,Fiber optic,No,No,No,No,Yes,Yes,Month-to-month,1,Electronic check,95.25,3314.15
6345-HOVES,0,No phone service,DSL,No,No,No,No,No,No,Month-to-month,1,Bank transfer (automatic),25.05,852.7
8318-LCNBW,0,No phone service,DSL,Yes,No,Yes,No,Yes,Yes,One year,0,Credit card (automatic),53.15,1930.9
6469-QJKZW,1,No,No,No internet service,No internet service,No internet service,No internet service,No internet service,No internet service,Month-to-month,0,Electronic check,20.15,91.4
0147-ESWWR,1,Yes,Fiber optic,No,No,No,Yes,Yes,Yes,Month-to-month,1,Electronic check,101.25,3949.15
1217-VASWC,1,No,Fiber optic,No,Yes,Yes,No,Yes,Yes,One year,1,Bank transfer (automatic),100.55,4304.0
6370-ZVHDV,1,Yes,No,No internet service,No internet service,No internet service,No internet service,No internet service,No internet service,Two year,0,Bank transfer (automatic),25.3,1554.9
5915-DGNVC,1,Yes,DSL,Yes,Yes,Yes,No,No,Yes,One year,0,Electronic check,71.8,3472.05
6260-XLACS,1,No,No,No internet service,No internet service,No internet service,No internet service,No internet service,No internet service,One year,0,Mailed check,19.7,117.8
3566-CAAYU,0,No phone service,DSL,No,Yes,Yes,Yes,No,Yes,Two year,0,Electronic check,49.85,3210.35
4983-CCWMC,1,No,Fiber optic,No,No,No,No,No,No,Month-to-month,1,Mailed check,69.6,207.4
9103-CXVOK,1,No,No,No internet service,No internet service,No internet service,No internet service,No internet service,No internet service,Month-to-month,0,Electronic check,19.75,19.75
2896-TBNBE,1,No,Fiber optic,No,Yes,Yes,No,No,No,One year,0,Electronic check,80.8,3132.75
2522-WLNSF,1,No,DSL,No,No,Yes,Yes,Yes,No,One year,0,Bank transfer (automatic),64.2,2106.3
3841-CONLJ,0,No phone service,DSL,No,No,No,No,No,Yes,Month-to-month,0,Electronic check,35.0,35.0
4475-NVTLU,1,No,No,No internet service,No internet service,No internet service,No internet service,No internet service,No internet service,Two year,0,Electronic check,19.2,903.7
9386-LDCZR,1,No,Fiber optic,Yes,Yes,Yes,Yes,No,No,One year,1,Credit card (automatic),90.65,3882.3
9585-KKMFD,1,No,No,No internet service,No internet service,No internet service,No internet service,No internet service,No internet service,Two year,1,Mailed check,20.0,879.8
5399-ZIMKF,1,No,Fiber optic,No,Yes,No,No,No,No,Month-to-month,1,Electronic check,74.65,383.65
0336-KXKFK,0,No phone service,DSL,Yes,No,Yes,Yes,Yes,Yes,Two year,1,Credit card (automatic),61.2,4390.25
5619-XZZKR,1,No,No,No internet service,No internet service,No internet service,No internet service,No internet service,No internet service,One year,0,Mailed check,19.95,68.2
3948-FVVRP,1,No,DSL,No,Yes,No,Yes,No,No,Month-to-month,0,Mailed check,54.8,452.8
5327-XOKKY,1,Yes,DSL,No,No,Yes,No,Yes,Yes,Two year,1,Credit card (automatic),73.45,5329.0
0983-TATYJ,1,No,DSL,No,No,No,Yes,No,No,One year,1,Mailed check,51.45,1758.9
1813-JYWTO,1,Yes,Fiber optic,Yes,No,No,No,No,No,Two year,0,Bank transfer (automatic),80.45,5737.6
6719-OXYBR,1,No,Fiber optic,No,No,Yes,No,Yes,No,Month-to-month,0,Electronic check,85.3,1219.85
3312-ZWLGF,1,Yes,Fiber optic,No,No,No,Yes,No,No,Month-to-month,1,Electronic check,79.3,2414.55
6476-YHMGA,1,No,DSL,No,Yes,Yes,Yes,Yes,Yes,Month-to-month,0,Bank transfer (automatic),76.5,1155.6
0795-XCCTE,1,Yes,No,No internet service,No internet service,No internet service,No internet service,No internet service,No internet service,Two year,0,Bank transfer (automatic),25.4,1809.35
0168-XZKBB,1,Yes,Fiber optic,No,No,No,No,Yes,No,Month-to-month,1,Electronic check,86.85,1564.4
3785-NRHYR,1,No,No,No internet service,No internet service,No internet service,No internet service,No internet service,No internet service,Month-to-month,0,Mailed check,19.65,19.65
4537-DKTAL,1,No,DSL,No,No,No,No,No,No,Month-to-month,0,Electronic check,45.55,84.4
7072-MBHEV,1,Yes,Fiber optic,No,No,Yes,No,No,No,Month-to-month,1,Credit card (automatic),78.1,864.85
5602-BVFMK,1,No,No,No internet service,No internet service,No internet service,No internet service,No internet service,No internet service,One year,0,Mailed check,19.3,228.75
6297-NOOPG,1,Yes,Fiber optic,No,Yes,Yes,Yes,Yes,Yes,Two year,1,Electronic check,110.5,7752.05
8204-TIFGJ,1,No,No,No internet service,No internet service,No internet service,No internet service,No internet service,No internet service,Month-to-month,1,Bank transfer (automatic),20.3,470.6
8050-DVOJX,1,Yes,DSL,Yes,Yes,Yes,Yes,No,Yes,Two year,0,Credit card (automatic),81.35,4060.9
8903-XEBGX,1,No,DSL,No,No,No,No,No,Yes,Month-to-month,1,Electronic check,55.3,108.65
8169-SAEJD,0,No phone service,DSL,Yes,Yes,No,No,Yes,Yes,Two year,0,Credit card (automatic),56.55,3952.65
1089-XZWHH,1,No,No,No internet service,No internet service,No internet service,No internet service,No internet service,No internet service,Two year,1,Mailed check,19.7,494.05
2325-WINES,1,Yes,Fiber optic,No,Yes,Yes,No,Yes,Yes,One year,1,Credit card (automatic),104.05,3416.85
6064-ZATLR,1,No,DSL,Yes,Yes,No,No,No,No,Two year,0,Bank transfer (automatic),52.85,1498.65
7824-PANSQ,1,Yes,Fiber optic,No,No,No,Yes,No,No,Month-to-month,0,Bank transfer (automatic),80.65,4807.35
9648-BCHKM,1,Yes,No,No internet service,No internet service,No internet service,No internet service,No internet service,No internet service,Two year,1,Credit card (automatic),24.65,471.35
2888-ADFAO,1,No,No,No internet service,No internet service,No internet service,No internet service,No internet service,No internet service,Two year,1,Bank transfer (automatic),21.3,1041.8
8707-HOEDG,1,Yes,Fiber optic,No,Yes,Yes,Yes,Yes,Yes,Two year,1,Electronic check,110.2,7689.8
4072-IPYLT,1,No,DSL,Yes,No,No,No,No,No,Month-to-month,0,Credit card (automatic),51.05,1815.0
7167-PCEYD,1,No,No,No internet service,No internet service,No internet service,No internet service,No internet service,No internet service,Two year,1,Mailed check,19.8,1311.3
4936-YPJNK,1,No,No,No internet service,No internet service,No internet service,No internet service,No internet service,No internet service,Month-to-month,1,Mailed check,19.9,199.45
1580-BMCMR,1,No,Fiber optic,Yes,No,No,No,No,Yes,Month-to-month,1,Electronic check,87.3,1637.3
4817-KEQSP,1,No,No,No internet service,No internet service,No internet service,No internet service,No internet service,No internet service,Two year,0,Bank transfer (automatic),19.85,1326.35
6408-WHTEF,1,Yes,DSL,Yes,Yes,Yes,Yes,Yes,Yes,Two year,1,Mailed check,89.4,6376.55
9251-AWQGT,1,No,No,No internet service,No internet service,No internet service,No internet service,No internet service,No internet service,Two year,0,Mailed check,20.0,935.9
8749-CLJXC,1,No,No,No internet service,No internet service,No internet service,No internet service,No internet service,No internet service,Month-to-month,0,Mailed check,20.05,20.05
7989-VCQOH,1,No,DSL,Yes,No,Yes,Yes,Yes,Yes,Month-to-month,0,Electronic check,83.25,1611.15
4199-QHJNM,1,Yes,Fiber optic,No,Yes,No,Yes,Yes,Yes,Two year,0,Bank transfer (automatic),102.9,6989.7
8882-TLVRW,0,No phone service,DSL,Yes,No,Yes,Yes,No,No,Two year,0,Mailed check,39.1,2779.5
5135-GRQJV,1,Yes,Fiber optic,Yes,Yes,Yes,Yes,Yes,Yes,Two year,1,Mailed check,114.5,8331.95
2384-OVPSA,1,No,No,No internet service,No internet service,No internet service,No internet service,No internet service,No internet service,Two year,0,Mailed check,20.2,735.9
1371-WEPDS,1,No,DSL,No,No,No,No,No,Yes,One year,0,Electronic check,55.8,2283.3
3580-GICBM,1,Yes,No,No internet service,No internet service,No internet service,No internet service,No internet service,No internet service,Two year,1,Mailed check,24.2,1445.2
9730-DRTMJ,1,Yes,DSL,Yes,No,No,Yes,Yes,No,One year,1,Credit card (automatic),72.8,2333.05
4686-UXDML,1,Yes,Fiber optic,No,Yes,No,No,Yes,Yes,Month-to-month,1,Credit card (automatic),99.85,1992.55
3349-ANQNH,1,Yes,Fiber optic,No,No,Yes,No,Yes,Yes,One year,1,Electronic check,99.5,5890.0
0932-YIXYU,1,No,No,No internet service,No internet service,No internet service,No internet service,No internet service,No internet service,Two year,0,Credit card (automatic),20.25,1029.8
7480-SPLEF,1,Yes,No,No internet service,No internet service,No internet service,No internet service,No internet service,No internet service,Two year,1,Bank transfer (automatic),26.0,1796.55
7636-XUHWW,1,No,No,No internet service,No internet service,No internet service,No internet service,No internet service,No internet service,Month-to-month,1,Credit card (automatic),19.9,33.7
1431-CYWMH,1,No,No,No internet service,No internet service,No internet service,No internet service,No internet service,No internet service,Month-to-month,0,Bank transfer (automatic),19.05,454.05
5937-EORGB,1,Yes,Fiber optic,Yes,No,Yes,No,Yes,No,Month-to-month,1,Electronic check,96.5,1392.25
6349-JDHQP,1,No,No,No internet service,No internet service,No internet service,No internet service,No internet service,No internet service,Two year,0,Credit card (automatic),19.85,1049.6
5539-HIVAK,1,Yes,No,No internet service,No internet service,No internet service,No internet service,No internet service,No internet service,Month-to-month,0,Mailed check,25.7,734.6
5847-MXBEO,1,No,No,No internet service,No internet service,No internet service,No internet service,No internet service,No internet service,One year,0,Mailed check,20.3,475.1
4583-PARNH,1,No,Fiber optic,No,No,Yes,Yes,No,Yes,Month-to-month,1,Electronic check,91.55,1540.05
1116-FRYVH,0,No phone service,DSL,Yes,Yes,No,Yes,No,No,Two year,0,Mailed check,39.4,1978.65
1421-HCERK,1,Yes,Fiber optic,Yes,Yes,Yes,Yes,Yes,No,Month-to-month,1,Bank transfer (automatic),105.7,3181.8
9633-XQABV,1,No,Fiber optic,No,No,No,No,No,No,Month-to-month,1,Electronic check,70.25,229.7
0716-BQNDX,1,Yes,Fiber optic,Yes,No,No,Yes,No,Yes,Two year,0,Electronic check,93.75,5625.55
1183-CANVH,1,No,DSL,No,No,No,Yes,Yes,No,One year,0,Bank transfer (automatic),60.0,1347.15
1972-XMUWV,1,No,DSL,No,No,No,Yes,Yes,No,Two year,1,Credit card (automatic),59.8,3808.2
8679-LZBMD,1,No,Fiber optic,No,No,No,No,Yes,Yes,One year,1,Bank transfer (automatic),90.65,3974.15
3407-JMJQQ,1,Yes,Fiber optic,Yes,Yes,Yes,No,Yes,Yes,Two year,1,Bank transfer (automatic),109.0,7661.8
6252-DFGTK,1,Yes,DSL,Yes,No,Yes,Yes,No,No,One year,0,Credit card (automatic),68.1,2479.25
1539-LNKHM,1,No,No,No internet service,No internet service,No internet service,No internet service,No internet service,No internet service,Month-to-month,0,Mailed check,20.4,266.6
8645-KOMJQ,1,Yes,DSL,No,Yes,Yes,Yes,Yes,Yes,Two year,1,Bank transfer (automatic),81.95,5601.4
0289-IVARM,1,No,DSL,Yes,Yes,Yes,No,No,No,Month-to-month,0,Electronic check,60.55,1982.6
9761-XUJWD,1,No,DSL,No,Yes,No,Yes,No,Yes,Month-to-month,1,Bank transfer (automatic),65.6,339.9
4057-FKCZK,1,Yes,Fiber optic,No,No,No,No,Yes,No,Two year,0,Bank transfer (automatic),82.5,4828.05
4291-TPNFG,1,Yes,DSL,Yes,Yes,Yes,Yes,No,Yes,Two year,1,Bank transfer (automatic),82.3,5980.55
6087-YPWHO,1,Yes,DSL,Yes,Yes,Yes,Yes,No,No,Two year,0,Mailed check,68.15,4808.7
3090-QFUVD,1,No,No,No internet service,No internet service,No internet service,No internet service,No internet service,No internet service,Month-to-month,0,Credit card (automatic),20.3,20.3
1722-LDZJS,1,No,No,No internet service,No internet service,No internet service,No internet service,No internet service,No internet service,One year,0,Credit card (automatic),20.2,1068.15
1818-ESQMW,1,No,Fiber optic,No,No,Yes,Yes,No,Yes,Month-to-month,1,Electronic check,89.2,2383.6
7401-RUBNK,1,No,Fiber optic,Yes,No,No,No,No,No,Month-to-month,0,Electronic check,74.8,1438.05
0506-YLVKJ,1,No,No,No internet service,No internet service,No internet service,No internet service,No internet service,No internet service,Two year,1,Mailed check,20.2,917.45
8661-BOYNW,1,Yes,DSL,Yes,No,Yes,Yes,Yes,Yes,Two year,1,Credit card (automatic),84.4,6096.45
4815-GBTCD,0,No phone service,DSL,No,No,No,No,No,No,Month-to-month,1,Electronic check,25.15,99.95
2805-AUFQN,1,No,No,No internet service,No internet service,No internet service,No internet service,No internet service,No internet service,Two year,0,Credit card (automatic),19.8,475.2
0980-PVMRC,0,No phone service,DSL,No,Yes,No,No,Yes,Yes,Month-to-month,1,Electronic check,50.85,2036.55
7233-DRTRF,1,Yes,Fiber optic,No,Yes,Yes,No,Yes,Yes,Month-to-month,1,Electronic check,102.4,6444.05
3873-NFTGI,1,Yes,DSL,No,Yes,No,No,No,No,Month-to-month,1,Credit card (automatic),55.5,767.55
1162-ECVII,1,Yes,Fiber optic,No,Yes,Yes,Yes,Yes,Yes,Two year,1,Bank transfer (automatic),109.75,7932.5
7048-GXDAY,1,Yes,Fiber optic,Yes,Yes,No,No,Yes,Yes,Month-to-month,1,Electronic check,106.4,4040.65
8571-ZCMCX,0,No phone service,DSL,Yes,Yes,Yes,No,Yes,Yes,Two year,1,Credit card (automatic),60.0,2768.65
1169-WCVAK,1,Yes,Fiber optic,Yes,Yes,No,Yes,No,No,Month-to-month,1,Credit card (automatic),88.8,1672.35
7129-CAKJW,1,Yes,Fiber optic,No,No,Yes,No,No,No,Month-to-month,0,Bank transfer (automatic),80.05,1345.65
8695-ARGXZ,1,Yes,Fiber optic,No,No,No,No,No,No,Month-to-month,1,Electronic check,75.55,2425.4
3570-YUEKJ,1,No,DSL,No,Yes,No,No,No,No,Month-to-month,1,Electronic check,49.55,2077.95
1555-HAPSU,1,Yes,No,No internet service,No internet service,No internet service,No internet service,No internet service,No internet service,Two year,0,Credit card (automatic),23.9,1663.5
1697-NVVGY,1,No,DSL,Yes,No,Yes,No,Yes,No,Month-to-month,0,Bank transfer (automatic),66.4,1286.05
8464-EETCQ,1,No,No,No internet service,No internet service,No internet service,No internet service,No internet service,No internet service,Two year,0,Credit card (automatic),18.8,1094.35
2419-FSORS,1,Yes,Fiber optic,No,Yes,Yes,Yes,Yes,Yes,Two year,1,Electronic check,108.4,7719.5
8132-YPVBX,1,No,Fiber optic,No,Yes,No,No,No,Yes,Month-to-month,1,Mailed check,85.95,514.6
6754-LZUKA,1,Yes,DSL,No,Yes,Yes,No,Yes,Yes,Two year,0,Bank transfer (automatic),80.9,4932.5
8099-MZPUJ,1,Yes,Fiber optic,Yes,Yes,Yes,Yes,Yes,Yes,Two year,0,Credit card (automatic),111.8,5443.65
0787-LHDYT,1,No,No,No internet service,No internet service,No internet service,No internet service,No internet service,No internet service,Month-to-month,1,Credit card (automatic),20.6,330.25
0374-IOEGQ,1,No,DSL,No,No,No,No,No,No,Month-to-month,0,Electronic check,44.6,122.7
3197-NNYNB,1,Yes,Fiber optic,No,Yes,Yes,No,Yes,Yes,Two year,0,Credit card (automatic),105.1,6631.85
3396-DKDEL,1,Yes,Fiber optic,Yes,Yes,Yes,Yes,Yes,Yes,Two year,1,Credit card (automatic),115.15,8250.0
1752-OZXFY,1,No,DSL,Yes,No,No,No,Yes,No,One year,1,Mailed check,59.8,3561.15
9066-QRSDU,1,Yes,No,No internet service,No internet service,No internet service,No internet service,No internet service,No internet service,One year,1,Electronic check,26.3,1763.55
9112-WSNPU,1,No,Fiber optic,No,No,No,No,No,No,Month-to-month,0,Electronic check,70.55,2419.0
9867-NNXLC,1,No,No,No internet service,No internet service,No internet service,No internet service,No internet service,No internet service,Month-to-month,1,Mailed check,20.05,470.2
5321-NTRKC,1,Yes,DSL,No,Yes,Yes,No,Yes,Yes,Two year,0,Bank transfer (automatic),79.85,5234.95
3161-GETRM,1,Yes,Fiber optic,No,No,Yes,No,No,Yes,Month-to-month,1,Credit card (automatic),90.05,3097.0
0402-OAMEN,1,Yes,No,No internet service,No internet service,No internet service,No internet service,No internet service,No internet service,Two year,0,Bank transfer (automatic),24.45,1709.1
6933-VLYFX,0,No phone service,DSL,Yes,No,Yes,Yes,Yes,Yes,One year,0,Electronic check,59.95,1848.8
6754-WKSHP,1,Yes,No,No internet service,No internet service,No internet service,No internet service,No internet service,No internet service,One year,0,Bank transfer (automatic),25.35,723.3
4976-LNFVV,0,No phone service,DSL,No,Yes,Yes,No,No,No,Month-to-month,1,Credit card (automatic),34.3,577.15
5055-MGMGF,1,Yes,Fiber optic,Yes,No,Yes,No,Yes,Yes,Month-to-month,1,Electronic check,105.05,6914.95
4641-FROLU,1,No,No,No internet service,No internet service,No internet service,No internet service,No internet service,No internet service,Two year,0,Mailed check,19.3,602.9
2862-JVEOY,1,No,No,No internet service,No internet service,No internet service,No internet service,No internet service,No internet service,One year,0,Mailed check,19.15,124.4
2969-QWUBZ,0,No phone service,DSL,No,Yes,No,No,Yes,Yes,Month-to-month,0,Electronic check,51.4,96.8
9822-BIIGN,1,Yes,DSL,Yes,No,No,Yes,No,Yes,Month-to-month,0,Electronic check,71.85,3827.9
2077-MPJQO,1,Yes,Fiber optic,No,No,No,No,No,No,Month-to-month,1,Electronic check,75.4,533.05
1534-OULXE,1,No,DSL,Yes,No,No,No,No,No,One year,1,Bank transfer (automatic),49.7,2961.4
2971-SGAFL,1,Yes,DSL,Yes,No,Yes,No,Yes,Yes,Month-to-month,1,Electronic check,78.75,995.35
1480-IVEVR,1,Yes,Fiber optic,No,No,Yes,No,No,No,One year,1,Bank transfer (automatic),81.6,2815.25
2905-KFQUV,1,No,Fiber optic,No,No,No,No,No,No,Month-to-month,1,Credit card (automatic),70.4,154.8
3370-HXOPH,1,Yes,Fiber optic,No,No,No,No,No,No,Month-to-month,0,Electronic check,76.1,257.6
9391-YZEJW,1,Yes,Fiber optic,No,No,No,No,Yes,Yes,One year,1,Bank transfer (automatic),94.0,5757.2
9958-MEKUC,1,Yes,Fiber optic,Yes,Yes,Yes,Yes,No,Yes,Two year,0,Credit card (automatic),103.95,7517.7
0281-CNTZX,1,No,No,No internet service,No internet service,No internet service,No internet service,No internet service,No internet service,Two year,1,Bank transfer (automatic),19.95,1234.8
4118-CEVPF,1,Yes,Fiber optic,Yes,Yes,Yes,Yes,Yes,Yes,One year,1,Bank transfer (automatic),110.8,3836.3
9114-VEPUF,1,Yes,Fiber optic,Yes,Yes,No,No,No,Yes,One year,0,Electronic check,96.1,6001.45
7876-BEUTG,1,Yes,DSL,No,No,No,No,No,No,Month-to-month,1,Mailed check,48.8,720.1
2338-BQEZT,1,No,DSL,Yes,No,No,No,No,No,Month-to-month,1,Credit card (automatic),50.55,2832.75
9873-MNDKV,1,No,DSL,No,No,No,No,No,No,Month-to-month,1,Mailed check,44.65,472.25
8241-JUIQO,1,No,No,No internet service,No internet service,No internet service,No internet service,No internet service,No internet service,One year,0,Bank transfer (automatic),19.45,1336.35
2194-IIQOF,1,Yes,DSL,Yes,Yes,Yes,Yes,Yes,Yes,Two year,0,Credit card (automatic),89.3,6388.65
9631-RXVJM,1,No,No,No internet service,No internet service,No internet service,No internet service,No internet service,No internet service,Two year,0,Mailed check,19.25,677.9
9584-EXCDZ,1,No,Fiber optic,No,No,No,No,No,No,Month-to-month,0,Bank transfer (automatic),70.5,1165.6
5093-FEGLU,1,No,No,No internet service,No internet service,No internet service,No internet service,No internet service,No internet service,Two year,0,Bank transfer (automatic),19.65,921.55
2621-UDNLU,1,No,No,No internet service,No internet service,No internet service,No internet service,No internet service,No internet service,Month-to-month,0,Mailed check,20.85,72.0
7526-IVLYU,1,No,No,No internet service,No internet service,No internet service,No internet service,No internet service,No internet service,Month-to-month,1,Mailed check,19.65,68.35
2428-HYUNX,1,No,No,No internet service,No internet service,No internet service,No internet service,No internet service,No internet service,Two year,1,Credit card (automatic),19.35,847.25
9214-EKVXR,1,No,DSL,No,No,No,No,No,No,Month-to-month,1,Mailed check,44.0,44.0
3410-MHHUM,1,Yes,Fiber optic,No,Yes,Yes,No,No,Yes,One year,0,Electronic check,94.4,4295.35
2122-YWVYA,1,No,Fiber optic,Yes,No,No,No,No,No,Month-to-month,1,Electronic check,75.4,1380.4
2296-DKZFP,1,No,DSL,Yes,Yes,Yes,No,No,Yes,Two year,0,Bank transfer (automatic),71.0,4386.2
8909-BOLNL,1,No,No,No internet service,No internet service,No internet service,No internet service,No internet service,No internet service,One year,0,Mailed check,21.2,52.05
6603-YRDCJ,1,No,DSL,Yes,Yes,No,Yes,No,No,Two year,1,Mailed check,61.05,2018.4
3229-USWAR,1,No,DSL,Yes,No,Yes,Yes,Yes,Yes,One year,1,Bank transfer (automatic),79.95,2727.3
2138-VFAPZ,1,No,No,No internet service,No internet service,No internet service,No internet service,No internet service,No internet service,Two year,1,Mailed check,19.7,263.65
6131-JLWZM,1,No,No,No internet service,No internet service,No internet service,No internet service,No internet service,No internet service,Month-to-month,1,Mailed check,20.3,275.4
0269-XFESX,1,Yes,No,No internet service,No internet service,No internet service,No internet service,No internet service,No internet service,One year,0,Mailed check,24.35,538.5
1709-EJDOX,1,No,No,No internet service,No internet service,No internet service,No internet service,No internet service,No internet service,Two year,0,Mailed check,19.75,948.9
4316-XCSLJ,1,No,DSL,Yes,No,No,No,No,No,Month-to-month,1,Mailed check,50.3,846.8
9693-XMUOB,0,No phone service,DSL,No,Yes,No,No,Yes,Yes,Month-to-month,1,Electronic check,50.25,2997.45
0383-CLDDA,1,Yes,DSL,Yes,No,Yes,Yes,Yes,Yes,Two year,1,Credit card (automatic),85.35,5897.4
2709-UQGNP,1,No,DSL,Yes,No,No,No,No,No,Month-to-month,1,Mailed check,51.65,524.5
3549-ZTMNH,1,Yes,No,No internet service,No internet service,No internet service,No internet service,No internet service,No internet service,Two year,1,Bank transfer (automatic),24.0,269.65
8033-ATFAS,1,No,DSL,No,No,Yes,No,Yes,No,Month-to-month,1,Mailed check,59.85,2341.5
1635-NZATJ,1,Yes,No,No internet service,No internet service,No internet service,No internet service,No internet service,No internet service,Two year,0,Credit card (automatic),25.45,1789.65
0562-HKHML,1,Yes,No,No internet service,No internet service,No internet service,No internet service,No internet service,No internet service,Two year,0,Credit card (automatic),23.9,1626.4
8277-RVRSV,1,Yes,No,No internet service,No internet service,No internet service,No internet service,No internet service,No internet service,One year,0,Credit card (automatic),24.15,800.3
9943-VSZUV,1,Yes,Fiber optic,No,No,No,No,No,No,Month-to-month,1,Mailed check,75.7,5060.85
7054-ENNGU,1,No,DSL,No,Yes,No,No,No,No,Month-to-month,0,Mailed check,50.85,466.6
1455-HFBXA,1,Yes,Fiber optic,Yes,No,Yes,Yes,No,No,Two year,1,Credit card (automatic),91.6,4627.8
9402-CXWPL,1,Yes,Fiber optic,No,Yes,No,No,Yes,Yes,One year,0,Electronic check,98.9,6838.6
1628-BIZYP,1,No,Fiber optic,No,Yes,No,No,No,Yes,Month-to-month,1,Electronic check,85.0,85.0
0082-LDZUE,1,No,DSL,No,No,No,No,No,No,Month-to-month,1,Mailed check,44.3,44.3
5343-SGUBI,1,Yes,Fiber optic,No,Yes,No,No,No,No,One year,1,Mailed check,80.2,4297.6
0856-NAOES,1,No,DSL,No,No,Yes,No,Yes,No,Month-to-month,0,Mailed check,60.9,414.1
1976-AZZPJ,0,No phone service,DSL,Yes,Yes,No,No,No,No,Month-to-month,0,Mailed check,34.2,256.6
6156-UZDLF,1,No,Fiber optic,Yes,No,Yes,Yes,No,No,One year,1,Credit card (automatic),87.15,2274.1
3099-OONVS,1,No,DSL,Yes,No,No,Yes,No,No,Month-to-month,0,Electronic check,54.3,1296.8
9500-WBGRP,1,No,No,No internet service,No internet service,No internet service,No internet service,No internet service,No internet service,Two year,1,Mailed check,19.1,1268.85
5183-KLYEM,1,Yes,Fiber optic,Yes,Yes,Yes,Yes,Yes,Yes,Two year,1,Credit card (automatic),112.75,8192.6
5144-PQCDZ,1,No,No,No internet service,No internet service,No internet service,No internet service,No internet service,No internet service,Month-to-month,1,Mailed check,19.95,59.25
8514-VZHEB,1,No,No,No internet service,No internet service,No internet service,No internet service,No internet service,No internet service,Two year,0,Mailed check,19.5,1147.85
6625-IUTTT,1,No,DSL,Yes,No,Yes,No,No,Yes,Two year,0,Bank transfer (automatic),65.55,4361.55
9355-NPPFS,1,No,Fiber optic,No,No,No,No,No,Yes,Month-to-month,1,Electronic check,78.8,2006.1
0068-FIGTF,1,No,DSL,No,Yes,Yes,Yes,Yes,Yes,One year,0,Mailed check,78.2,2078.95
5965-GGPRW,1,Yes,Fiber optic,Yes,No,Yes,No,Yes,Yes,Two year,0,Bank transfer (automatic),105.25,7609.75
8035-PWSEV,1,No,Fiber optic,No,No,Yes,Yes,No,Yes,Month-to-month,1,Electronic check,89.25,487.05
2236-HILPA,1,No,No,No internet service,No internet service,No internet service,No internet service,No internet service,No internet service,Two year,0,Credit card (automatic),20.65,1218.45
1840-BIUOG,1,Yes,DSL,No,Yes,No,Yes,Yes,No,One year,1,Electronic check,68.7,1416.2
1356-MKYSK,1,No,DSL,Yes,No,Yes,Yes,Yes,Yes,Month-to-month,0,Credit card (automatic),78.65,483.3
6080-LNESI,1,Yes,No,No internet service,No internet service,No internet service,No internet service,No internet service,No internet service,Two year,0,Mailed check,24.75,1234.6
1830-IPXVJ,1,No,No,No internet service,No internet service,No internet service,No internet service,No internet service,No internet service,Two year,0,Credit card (automatic),19.75,1311.6
5828-DWPIL,1,Yes,Fiber optic,Yes,Yes,Yes,No,No,No,Month-to-month,1,Electronic check,89.1,5618.3
8398-TBIYD,1,Yes,Fiber optic,Yes,No,No,Yes,No,No,Two year,1,Bank transfer (automatic),84.7,6185.15
2931-FSOHN,1,No,DSL,No,Yes,No,No,Yes,No,Month-to-month,1,Electronic check,59.9,788.35
9418-RUKPH,1,No,No,No internet service,No internet service,No internet service,No internet service,No internet service,No internet service,Two year,1,Mailed check,19.95,756.4
9971-ZWPBF,1,Yes,Fiber optic,No,Yes,Yes,Yes,Yes,Yes,Month-to-month,1,Electronic check,108.9,3625.2
4712-AUQZO,0,No phone service,DSL,Yes,No,Yes,No,No,No,Month-to-month,0,Mailed check,33.6,550.35
9711-FJTBX,1,No,Fiber optic,No,Yes,Yes,Yes,No,No,One year,1,Mailed check,85.85,4793.8
2908-ZTPNF,0,No phone service,DSL,No,Yes,No,Yes,No,No,Month-to-month,1,Bank transfer (automatic),34.85,1267.2
8421-WZOOW,1,No,Fiber optic,No,Yes,Yes,Yes,Yes,No,Month-to-month,1,Credit card (automatic),95.3,5567.45
1414-YADCW,1,No,Fiber optic,Yes,Yes,No,Yes,No,No,Two year,0,Bank transfer (automatic),84.6,5706.2
8756-RDDLT,0,No phone service,DSL,No,Yes,No,Yes,No,Yes,Month-to-month,0,Electronic check,44.95,3085.35
2862-PFNIK,0,No phone service,DSL,No,No,No,No,No,No,Month-to-month,1,Electronic check,24.7,24.7
5816-QVHRX,1,Yes,Fiber optic,No,No,No,Yes,Yes,Yes,Month-to-month,0,Credit card (automatic),100.3,3541.4
4430-YHXGG,1,Yes,No,No internet service,No internet service,No internet service,No internet service,No internet service,No internet service,Month-to-month,1,Mailed check,25.45,84.2
6888-SBYAI,1,No,DSL,Yes,No,No,No,No,No,Month-to-month,1,Mailed check,50.7,50.7
7395-XWZOY,0,No phone service,DSL,Yes,Yes,Yes,Yes,Yes,No,Month-to-month,1,Credit card (automatic),55.0,1165.55
7169-YWAMK,1,No,DSL,Yes,Yes,No,Yes,Yes,No,Two year,0,Bank transfer (automatic),68.4,4855.35
6859-RKMZJ,1,No,DSL,No,No,No,No,Yes,No,Month-to-month,1,Bank transfer (automatic),55.05,608.15
2729-VNVAP,1,No,No,No internet service,No internet service,No internet service,No internet service,No internet service,No internet service,Two year,0,Credit card (automatic),19.8,641.35
2957-JIRMN,1,Yes,Fiber optic,No,No,No,No,Yes,No,One year,0,Electronic check,84.45,4959.15
2049-BAFNW,0,No phone service,DSL,No,No,Yes,Yes,No,No,Month-to-month,0,Mailed check,35.9,35.9
3842-QTGDL,1,No,Fiber optic,Yes,Yes,No,No,No,No,Month-to-month,0,Bank transfer (automatic),80.75,1321.3
7163-OCEQI,1,Yes,DSL,No,No,Yes,Yes,Yes,Yes,One year,1,Mailed check,78.65,1663.75
9782-LGXMC,1,No,DSL,Yes,No,Yes,Yes,No,No,Month-to-month,0,Bank transfer (automatic),61.75,3024.15
5975-BAICR,1,No,DSL,Yes,No,Yes,No,No,Yes,One year,1,Credit card (automatic),63.7,2188.5
4673-KKSLS,1,No,Fiber optic,Yes,No,Yes,Yes,No,No,Month-to-month,0,Electronic check,87.6,2724.25
4853-OITSN,1,Yes,Fiber optic,Yes,No,No,No,No,Yes,Month-to-month,1,Electronic check,89.15,413.25
9800-OUIGR,1,No,No,No internet service,No internet service,No internet service,No internet service,No internet service,No internet service,Two year,0,Credit card (automatic),20.0,1374.2
2324-EFHVG,1,Yes,Fiber optic,No,Yes,Yes,No,Yes,Yes,Two year,1,Bank transfer (automatic),104.4,6692.65
7094-MSZAO,1,No,No,No internet service,No internet service,No internet service,No internet service,No internet service,No internet service,Month-to-month,1,Credit card (automatic),20.05,218.5
6907-CQGPN,0,No phone service,DSL,No,Yes,No,Yes,No,No,Month-to-month,0,Electronic check,34.3,1004.75
0780-XNZFN,1,No,No,No internet service,No internet service,No internet service,No internet service,No internet service,No internet service,Two year,0,Bank transfer (automatic),20.65,1125.6
0239-OXEXL,1,Yes,Fiber optic,Yes,Yes,No,No,No,No,Month-to-month,0,Mailed check,84.25,3847.6
2675-IJRGJ,1,No,No,No internet service,No internet service,No internet service,No internet service,No internet service,No internet service,Two year,0,Bank transfer (automatic),19.65,978.0
7049-GKVZY,1,No,DSL,Yes,Yes,No,Yes,Yes,Yes,One year,0,Credit card (automatic),79.85,1387.35
8577-QSOCG,1,No,No,No internet service,No internet service,No internet service,No internet service,No internet service,No internet service,Two year,1,Mailed check,20.2,746.05
3721-CNZHX,1,No,No,No internet service,No internet service,No internet service,No internet service,No internet service,No internet service,One year,0,Mailed check,19.8,304.6
0212-ISBBF,0,No phone service,DSL,No,Yes,No,No,Yes,Yes,Month-to-month,1,Electronic check,50.35,1098.85
3585-YNADK,1,Yes,DSL,No,Yes,Yes,Yes,Yes,No,One year,0,Bank transfer (automatic),74.6,4368.95
5271-DBYSJ,1,No,Fiber optic,No,No,No,No,No,Yes,Month-to-month,1,Credit card (automatic),79.15,827.7
1099-GODLO,1,No,No,No internet service,No internet service,No internet service,No internet service,No internet service,No internet service,Two year,0,Mailed check,20.35,20.35
6828-HMKWP,1,No,No,No internet service,No internet service,No internet service,No internet service,No internet service,No internet service,Two year,0,Bank transfer (automatic),21.05,262.05
1472-TNCWL,1,No,Fiber optic,No,Yes,No,No,Yes,Yes,Month-to-month,1,Electronic check,94.7,3512.5
2080-GKCWQ,1,No,Fiber optic,No,Yes,No,No,No,No,Month-to-month,0,Electronic check,74.95,151.75
2193-SFWQW,1,No,Fiber optic,Yes,Yes,Yes,Yes,Yes,Yes,Two year,0,Bank transfer (automatic),111.95,8033.1
5656-JAMLX,1,No,No,No internet service,No internet service,No internet service,No internet service,No internet service,No internet service,Two year,0,Bank transfer (automatic),19.85,1253.65
3462-BJQQA,1,Yes,Fiber optic,No,Yes,No,No,Yes,No,Month-to-month,1,Electronic check,89.75,552.65
0442-TDYUO,1,No,No,No internet service,No internet service,No internet service,No internet service,No internet service,No internet service,Two year,1,Mailed check,20.05,1036.0
6733-LRIZX,1,Yes,Fiber optic,Yes,No,Yes,Yes,Yes,Yes,Two year,1,Electronic check,108.95,4025.5
9503-XJUME,1,No,No,No internet service,No internet service,No internet service,No internet service,No internet service,No internet service,One year,0,Credit card (automatic),19.65,928.4
4367-NHWMM,0,No phone service,DSL,No,No,No,No,No,No,Month-to-month,1,Mailed check,24.9,24.9
3779-OSWCF,1,Yes,DSL,Yes,Yes,Yes,Yes,Yes,Yes,Two year,0,Credit card (automatic),93.2,6506.15
6736-DHUQI,1,No,Fiber optic,Yes,Yes,Yes,No,No,No,One year,0,Bank transfer (automatic),84.8,5598.3
3915-ODIYG,1,Yes,DSL,Yes,Yes,No,No,No,Yes,One year,1,Electronic check,71.75,4374.55
1360-RCYRT,0,No phone service,DSL,No,No,No,Yes,No,No,Month-to-month,1,Bank transfer (automatic),30.35,678.75
2724-FJDYW,0,No phone service,DSL,No,No,Yes,Yes,Yes,Yes,One year,0,Bank transfer (automatic),54.85,2191.7
4451-RWASJ,1,No,No,No internet service,No internet service,No internet service,No internet service,No internet service,No internet service,One year,1,Mailed check,19.5,239.75
3460-TJBWI,1,Yes,No,No internet service,No internet service,No internet service,No internet service,No internet service,No internet service,Two year,0,Mailed check,24.2,609.05
5917-HBSDW,1,No,No,No internet service,No internet service,No internet service,No internet service,No internet service,No internet service,Month-to-month,0,Electronic check,19.35,683.75
5671-UUNXD,1,Yes,Fiber optic,No,No,No,Yes,Yes,Yes,One year,1,Electronic check,100.65,5189.75
0956-ACVZC,1,No,Fiber optic,No,No,Yes,No,Yes,Yes,One year,1,Credit card (automatic),94.1,5060.9
2325-NBPZG,1,No,Fiber optic,Yes,No,No,No,No,No,Month-to-month,1,Electronic check,74.55,233.65
4482-FTFFX,1,No,DSL,No,No,Yes,Yes,No,No,Month-to-month,0,Electronic check,56.15,291.45
8859-DZTGQ,1,No,No,No internet service,No internet service,No internet service,No internet service,No internet service,No internet service,Two year,0,Mailed check,20.35,689.75
0440-MOGPM,1,Yes,DSL,No,Yes,Yes,No,Yes,Yes,One year,1,Electronic check,80.55,3263.9
0020-JDNXP,0,No phone service,DSL,Yes,No,Yes,Yes,Yes,Yes,One year,0,Mailed check,61.25,1993.2
3752-CQSJI,1,No,No,No internet service,No internet service,No internet service,No internet service,No internet service,No internet service,Month-to-month,1,Mailed check,20.45,254.5
5025-GOOKI,1,No,No,No internet service,No internet service,No internet service,No internet service,No internet service,No internet service,Month-to-month,1,Credit card (automatic),18.9,347.65
4698-KVLLG,1,No,No,No internet service,No internet service,No internet service,No internet service,No internet service,No internet service,Two year,0,Credit card (automatic),19.6,967.9
2887-JPYLU,1,No,DSL,No,No,No,No,No,No,Month-to-month,0,Bank transfer (automatic),45.2,1841.9
4770-QAZXN,1,No,No,No internet service,No internet service,No internet service,No internet service,No internet service,No internet service,Month-to-month,0,Credit card (automatic),19.45,232.1
4896-CPRPF,1,Yes,No,No internet service,No internet service,No internet service,No internet service,No internet service,No internet service,Two year,0,Bank transfer (automatic),25.45,809.25
9714-EDSUC,1,No,Fiber optic,Yes,Yes,No,Yes,No,Yes,Month-to-month,1,Mailed check,94.9,360.55
0282-NVSJS,0,No phone service,DSL,No,No,No,Yes,No,No,Month-to-month,1,Mailed check,29.3,355.9
7353-YOWFP,1,No,No,No internet service,No internet service,No internet service,No internet service,No internet service,No internet service,One year,0,Mailed check,20.25,129.15
8008-ESFLK,1,No,Fiber optic,Yes,Yes,Yes,Yes,Yes,Yes,One year,0,Electronic check,110.5,5835.5
7537-CBQUZ,1,Yes,Fiber optic,Yes,Yes,Yes,No,Yes,Yes,Month-to-month,1,Bank transfer (automatic),109.4,7031.45
3363-EWLGO,1,No,No,No internet service,No internet service,No internet service,No internet service,No internet service,No internet service,Month-to-month,0,Mailed check,19.95,109.6
4750-UKWJK,1,No,No,No internet service,No internet service,No internet service,No internet service,No internet service,No internet service,One year,0,Mailed check,19.6,727.8
1689-YQBYY,1,Yes,Fiber optic,No,No,No,No,No,No,Month-to-month,1,Electronic check,76.6,893.0
4487-ZYJZK,1,No,No,No internet service,No internet service,No internet service,No internet service,No internet service,No internet service,One year,0,Credit card (automatic),19.6,763.1
2959-FENLU,1,No,Fiber optic,No,No,Yes,No,No,Yes,Month-to-month,1,Credit card (automatic),85.3,781.4
0708-LGSMF,1,Yes,DSL,Yes,No,No,No,No,Yes,Month-to-month,1,Electronic check,65.85,902.25
7634-HLQJR,1,No,No,No internet service,No internet service,No internet service,No internet service,No internet service,No internet service,Two year,0,Credit card (automatic),20.05,1016.7
0487-RPVUM,1,Yes,Fiber optic,Yes,No,Yes,Yes,Yes,No,Month-to-month,0,Bank transfer (automatic),99.4,5943.65
4079-ULGFR,1,No,No,No internet service,No internet service,No internet service,No internet service,No internet service,No internet service,Month-to-month,0,Mailed check,20.0,275.7
2516-XSJKX,1,No,DSL,Yes,Yes,No,Yes,Yes,Yes,Two year,0,Electronic check,78.45,3126.45
0057-QBUQH,1,Yes,No,No internet service,No internet service,No internet service,No internet service,No internet service,No internet service,Two year,1,Electronic check,25.1,1070.15
6599-SFQVE,1,No,DSL,No,No,No,No,No,Yes,Month-to-month,1,Electronic check,55.0,340.4
8331-ZXFOE,1,Yes,DSL,Yes,Yes,Yes,Yes,No,No,One year,1,Credit card (automatic),71.1,4299.2
4003-FUSHP,1,No,DSL,No,No,No,Yes,Yes,No,Month-to-month,1,Credit card (automatic),61.55,1093.2
0356-ERHVT,1,No,DSL,No,No,No,No,No,No,Month-to-month,1,Bank transfer (automatic),45.9,521.9
7325-ENZFI,0,No phone service,DSL,Yes,Yes,No,Yes,No,No,One year,1,Bank transfer (automatic),40.3,1630.4
4884-ZTHVF,1,No,Fiber optic,No,Yes,No,No,Yes,No,Month-to-month,1,Electronic check,87.1,713.6
3920-HIHMQ,1,Yes,DSL,No,No,No,No,No,No,Month-to-month,1,Mailed check,49.5,1265.65
3055-OYMSE,1,No,Fiber optic,No,Yes,No,No,No,No,Month-to-month,1,Credit card (automatic),73.8,4003.85
0613-WUXUM,1,No,No,No internet service,No internet service,No internet service,No internet service,No internet service,No internet service,Two year,1,Mailed check,19.2,1401.4
4458-KVRBJ,1,Yes,No,No internet service,No internet service,No internet service,No internet service,No internet service,No internet service,Two year,0,Mailed check,25.0,1510.5
1397-XKKWR,0,No phone service,DSL,Yes,No,Yes,No,No,No,One year,0,Mailed check,35.3,264.8
8097-OMULG,1,No,DSL,No,Yes,Yes,Yes,Yes,Yes,One year,0,Credit card (automatic),76.75,4541.9
6013-BHCAW,1,Yes,DSL,No,No,Yes,Yes,Yes,Yes,Two year,1,Bank transfer (automatic),81.0,4976.15
0401-WDBXM,1,Yes,Fiber optic,Yes,No,Yes,No,Yes,Yes,Two year,1,Bank transfer (automatic),105.55,7542.25
3387-PLKUI,1,No,No,No internet service,No internet service,No internet service,No internet service,No internet service,No internet service,Month-to-month,0,Mailed check,18.8,251.25
6096-EGVTU,1,Yes,No,No internet service,No internet service,No internet service,No internet service,No internet service,No internet service,One year,0,Mailed check,24.9,1595.5
5081-NWSUP,1,No,DSL,No,Yes,No,Yes,No,Yes,One year,0,Mailed check,64.9,685.55
2580-ATZSQ,1,No,DSL,Yes,Yes,Yes,No,No,No,One year,0,Bank transfer (automatic),61.35,3874.1
8085-MSNLK,1,Yes,Fiber optic,Yes,Yes,Yes,Yes,Yes,Yes,Two year,0,Mailed check,113.95,6891.4
9691-HKOVS,1,Yes,DSL,Yes,Yes,Yes,Yes,Yes,Yes,One year,1,Electronic check,90.15,4916.95
9881-VCZEP,1,Yes,DSL,No,Yes,No,No,No,No,Month-to-month,0,Electronic check,54.1,1373.0
8757-TFHHJ,1,No,DSL,Yes,No,No,No,No,No,Month-to-month,1,Credit card (automatic),49.8,49.8
1468-DEFNC,1,Yes,No,No internet service,No internet service,No internet service,No internet service,No internet service,No internet service,Two year,1,Bank transfer (automatic),24.4,1548.65
5119-KEPFY,1,Yes,Fiber optic,No,No,No,No,Yes,Yes,Month-to-month,1,Bank transfer (automatic),95.0,3440.25
0916-KNFAJ,1,Yes,DSL,Yes,No,Yes,No,No,Yes,Two year,1,Mailed check,69.9,4226.7
8319-QBEHW,0,No phone service,DSL,No,Yes,No,No,Yes,No,One year,1,Bank transfer (automatic),39.95,1023.75
9625-QNLUX,1,No,Fiber optic,Yes,Yes,Yes,No,Yes,Yes,Two year,1,Credit card (automatic),103.25,7074.4
4024-CSNBY,1,Yes,Fiber optic,Yes,Yes,Yes,Yes,No,No,Two year,1,Bank transfer (automatic),94.25,6849.75
7110-BDTWG,0,No phone service,DSL,No,No,Yes,Yes,No,Yes,Two year,1,Electronic check,47.05,3263.6
7493-GVFIO,1,No,No,No internet service,No internet service,No internet service,No internet service,No internet service,No internet service,Two year,0,Credit card (automatic),20.55,1252.85
0690-SRQID,1,No,No,No internet service,No internet service,No internet service,No internet service,No internet service,No internet service,Month-to-month,1,Mailed check,19.65,67.55
9605-WGJVW,1,No,Fiber optic,No,No,No,No,No,No,Month-to-month,1,Electronic check,70.2,70.2
9114-DPSIA,1,Yes,DSL,Yes,Yes,Yes,Yes,No,Yes,Two year,0,Credit card (automatic),81.0,5750.0
4700-UBQMV,1,Yes,DSL,Yes,No,No,No,Yes,Yes,One year,1,Bank transfer (automatic),75.9,1549.75
7711-GQBZC,1,Yes,No,No internet service,No internet service,No internet service,No internet service,No internet service,No internet service,Two year,0,Bank transfer (automatic),24.7,1810.55
4627-MIHJH,1,Yes,Fiber optic,Yes,No,Yes,Yes,Yes,Yes,Two year,0,Credit card (automatic),110.25,7467.55
9795-NREXC,1,Yes,DSL,Yes,No,Yes,Yes,Yes,Yes,Two year,1,Credit card (automatic),85.0,5484.4
8573-CGOCC,1,No,No,No internet service,No internet service,No internet service,No internet service,No internet service,No internet service,Month-to-month,0,Credit card (automatic),19.75,294.9
7356-AYNJP,1,Yes,No,No internet service,No internet service,No internet service,No internet service,No internet service,No internet service,One year,0,Electronic check,23.9,97.5
6286-SUUWT,1,No,No,No internet service,No internet service,No internet service,No internet service,No internet service,No internet service,Month-to-month,0,Mailed check,19.95,19.95
4819-HJPIW,0,No phone service,DSL,No,No,No,No,No,No,Month-to-month,0,Mailed check,25.15,476.8
8654-DHAOW,1,Yes,DSL,No,Yes,No,No,No,No,Month-to-month,0,Mailed check,54.15,101.65
5438-QMDDL,1,No,DSL,No,Yes,No,No,No,Yes,Month-to-month,1,Mailed check,59.8,1130.85
9812-GHVRI,1,Yes,Fiber optic,No,No,No,No,No,Yes,Month-to-month,0,Bank transfer (automatic),83.85,3532.25
5553-AOINX,1,Yes,Fiber optic,No,Yes,Yes,No,Yes,Yes,One year,1,Electronic check,104.9,6891.45
1228-ZLNBX,1,Yes,Fiber optic,No,No,No,No,No,No,Month-to-month,0,Mailed check,75.3,1570.7
4226-KKDON,1,No,DSL,No,Yes,No,Yes,Yes,No,Month-to-month,1,Electronic check,66.65,520.95
3831-YCPUO,1,No,Fiber optic,Yes,Yes,Yes,Yes,Yes,Yes,Two year,1,Credit card (automatic),109.5,7854.9
7445-WMRBW,1,Yes,DSL,No,Yes,Yes,Yes,Yes,No,One year,1,Bank transfer (automatic),73.85,3581.4
3308-DGHKL,1,No,No,No internet service,No internet service,No internet service,No internet service,No internet service,No internet service,Two year,1,Bank transfer (automatic),19.3,1447.9
9924-JPRMC,1,Yes,Fiber optic,Yes,Yes,Yes,Yes,Yes,Yes,Two year,1,Electronic check,118.2,8547.15
0080-EMYVY,1,No,DSL,No,Yes,No,No,No,No,One year,0,Credit card (automatic),51.45,727.85
6218-KNUBD,1,No,DSL,No,Yes,No,No,Yes,No,Month-to-month,0,Electronic check,59.45,357.6
7337-CINUD,1,No,No,No internet service,No internet service,No internet service,No internet service,No internet service,No internet service,Two year,0,Bank transfer (automatic),19.5,159.35
7609-NRNCA,1,No,No,No internet service,No internet service,No internet service,No internet service,No internet service,No internet service,One year,0,Mailed check,19.55,280.85
0623-EJQEG,1,Yes,Fiber optic,Yes,No,No,Yes,No,Yes,One year,0,Electronic check,93.55,6069.25
7153-CHRBV,1,No,DSL,Yes,No,Yes,Yes,No,No,One year,1,Mailed check,59.3,3274.35
6198-PNNSZ,1,Yes,Fiber optic,Yes,Yes,Yes,No,Yes,Yes,One year,0,Bank transfer (automatic),109.8,6109.65
3317-VLGQT,1,No,Fiber optic,No,No,No,No,No,Yes,Month-to-month,1,Electronic check,78.1,1122.4
4132-POCZS,0,No phone service,DSL,Yes,No,No,No,No,Yes,Month-to-month,1,Electronic check,39.9,2020.9
5614-DNZCE,1,No,DSL,Yes,Yes,Yes,Yes,No,No,Two year,1,Credit card (automatic),64.9,3795.45
3896-RCYYE,0,No phone service,DSL,No,No,Yes,Yes,Yes,Yes,Month-to-month,1,Credit card (automatic),53.4,3579.15
9638-JIQYA,0,No phone service,DSL,No,No,No,No,No,No,Month-to-month,1,Credit card (automatic),24.9,49.7
3258-SANFR,1,No,DSL,No,No,No,No,No,No,Month-to-month,0,Credit card (automatic),44.7,276.5
3726-TBHQT,1,Yes,Fiber optic,Yes,Yes,Yes,Yes,Yes,Yes,Two year,1,Bank transfer (automatic),114.0,8175.9
3190-ITQXP,1,No,No,No internet service,No internet service,No internet service,No internet service,No internet service,No internet service,Two year,0,Bank transfer (automatic),20.25,890.35
4833-QTJNO,1,Yes,Fiber optic,Yes,Yes,No,No,No,No,Month-to-month,0,Bank transfer (automatic),83.85,5588.8
3039-MJSLN,1,No,No,No internet service,No internet service,No internet service,No internet service,No internet service,No internet service,Month-to-month,0,Bank transfer (automatic),20.2,50.6
0178-CIIKR,1,No,No,No internet service,No internet service,No internet service,No internet service,No internet service,No internet service,Month-to-month,0,Mailed check,19.95,58.0
5774-QPLTF,1,No,No,No internet service,No internet service,No internet service,No internet service,No internet service,No internet service,One year,1,Mailed check,20.35,938.95
2322-VCZHZ,1,No,Fiber optic,Yes,Yes,No,No,No,Yes,Month-to-month,1,Electronic check,90.0,2024.1
5010-IPEAQ,0,No phone service,DSL,Yes,Yes,Yes,Yes,Yes,No,Two year,0,Credit card (automatic),54.2,3623.95
6383-ZTSIW,1,No,Fiber optic,Yes,Yes,No,No,Yes,Yes,One year,0,Mailed check,99.1,3877.95
8990-YOZLV,1,Yes,DSL,Yes,Yes,No,Yes,No,No,Two year,1,Mailed check,66.9,4577.9
3069-SSVSN,0,No phone service,DSL,No,No,No,No,No,No,One year,0,Mailed check,25.85,25.85
5222-IMUKT,1,No,Fiber optic,No,No,No,No,Yes,Yes,Month-to-month,0,Electronic check,91.05,2871.5
6685-XSHHU,1,No,No,No internet service,No internet service,No internet service,No internet service,No internet service,No internet service,Two year,1,Bank transfer (automatic),20.95,1270.55
8901-UPRHR,1,Yes,Fiber optic,No,Yes,Yes,Yes,Yes,Yes,Two year,1,Bank transfer (automatic),109.2,7711.45
0118-JPNOY,1,No,Fiber optic,Yes,No,No,No,Yes,No,Month-to-month,1,Credit card (automatic),85.8,2193.65
3845-FXCYS,1,No,No,No internet service,No internet service,No internet service,No internet service,No internet service,No internet service,Month-to-month,1,Electronic check,19.65,31.2
5857-XRECV,1,No,No,No internet service,No internet service,No internet service,No internet service,No internet service,No internet service,One year,0,Bank transfer (automatic),20.5,38.25
0725-CXOTM,1,Yes,DSL,Yes,No,Yes,Yes,Yes,Yes,One year,1,Credit card (automatic),89.65,3348.1
4343-EJVQB,1,No,Fiber optic,Yes,No,No,No,No,No,Month-to-month,0,Mailed check,74.35,533.6
9000-PLFUZ,0,No phone service,DSL,No,Yes,No,No,Yes,Yes,Two year,1,Credit card (automatic),49.45,2907.55
3427-GGZZI,1,Yes,Fiber optic,No,Yes,No,No,No,Yes,Month-to-month,1,Electronic check,89.1,1620.8
7779-ORAEL,1,Yes,DSL,Yes,No,Yes,Yes,No,Yes,Two year,0,Credit card (automatic),75.15,3480.35
0644-OQMDK,1,No,Fiber optic,No,No,No,No,No,No,Month-to-month,1,Electronic check,70.65,293.85
3154-CFSZG,1,No,Fiber optic,Yes,No,Yes,No,No,Yes,Month-to-month,0,Electronic check,90.05,4137.2
2220-IAHLS,1,No,No,No internet service,No internet service,No internet service,No internet service,No internet service,No internet service,Month-to-month,0,Credit card (automatic),19.4,19.4
1658-XUHBX,1,Yes,Fiber optic,No,No,Yes,No,No,Yes,Month-to-month,1,Credit card (automatic),88.75,5348.65
2378-HTWFW,1,Yes,Fiber optic,Yes,No,No,No,No,Yes,Month-to-month,0,Credit card (automatic),91.0,3180.5
4377-VDHYI,1,No,Fiber optic,Yes,Yes,No,No,No,Yes,One year,1,Electronic check,90.8,3023.85
3719-TDVQB,1,No,No,No internet service,No internet service,No internet service,No internet service,No internet service,No internet service,Two year,1,Mailed check,18.95,1031.1
0201-MIBOL,1,Yes,Fiber optic,Yes,No,No,No,Yes,Yes,Two year,1,Bank transfer (automatic),102.4,6471.85
4937-QPZPO,1,Yes,Fiber optic,No,No,Yes,No,Yes,Yes,One year,1,Electronic check,99.9,6241.35
2925-VDZHY,1,Yes,DSL,Yes,Yes,Yes,Yes,Yes,Yes,Two year,0,Credit card (automatic),88.7,6501.35
6981-TDRFT,0,No phone service,DSL,No,No,Yes,Yes,Yes,Yes,One year,1,Electronic check,54.3,2317.1
3413-CSSTH,1,Yes,DSL,No,No,Yes,No,No,No,Month-to-month,1,Bank transfer (automatic),55.7,2237.55
8033-VCZGH,1,Yes,Fiber optic,Yes,No,Yes,No,Yes,Yes,One year,1,Electronic check,103.95,5231.3
0224-NIJLP,1,No,No,No internet service,No internet service,No internet service,No internet service,No internet service,No internet service,Two year,0,Mailed check,20.15,165.5
7542-CYDDM,1,No,No,No internet service,No internet service,No internet service,No internet service,No internet service,No internet service,Month-to-month,0,Mailed check,20.05,358.5
4718-WXBGI,1,Yes,DSL,Yes,Yes,Yes,Yes,Yes,Yes,Two year,1,Credit card (automatic),91.95,6614.9
8495-PRWFH,1,Yes,DSL,No,No,Yes,No,No,No,Month-to-month,0,Electronic check,55.65,2421.75
0439-IFYUN,1,No,Fiber optic,No,Yes,No,No,No,No,Month-to-month,1,Electronic check,74.7,1294.6
5716-LIBJC,1,Yes,Fiber optic,No,Yes,Yes,No,Yes,Yes,One year,1,Credit card (automatic),104.15,1299.1
2868-LLSKM,1,Yes,Fiber optic,No,Yes,No,Yes,No,No,One year,1,Bank transfer (automatic),83.65,5733.4
2988-QRAJY,1,Yes,Fiber optic,Yes,Yes,Yes,No,Yes,Yes,Two year,1,Credit card (automatic),110.05,7430.75
0071-NDAFP,1,Yes,No,No internet service,No internet service,No internet service,No internet service,No internet service,No internet service,Two year,0,Credit card (automatic),25.5,630.6
7328-ZJAJO,1,No,No,No internet service,No internet service,No internet service,No internet service,No internet service,No internet service,Two year,0,Credit card (automatic),19.5,1222.65
6458-CYIDZ,1,No,Fiber optic,Yes,Yes,No,No,No,No,Month-to-month,0,Electronic check,80.7,374.8
1090-PYKCI,1,Yes,Fiber optic,Yes,Yes,Yes,Yes,Yes,No,One year,1,Credit card (automatic),105.1,7234.8
3058-WQDRE,0,No phone service,DSL,No,No,No,No,No,No,Month-to-month,1,Bank transfer (automatic),25.15,331.85
2279-AXJJK,1,Yes,Fiber optic,No,Yes,No,Yes,No,Yes,Month-to-month,1,Credit card (automatic),95.65,5088.4
0909-SELIE,1,Yes,DSL,Yes,Yes,Yes,Yes,No,Yes,Two year,1,Bank transfer (automatic),80.8,4860.85
3417-TSCIC,0,No phone service,DSL,No,No,No,No,No,No,One year,1,Mailed check,24.85,788.05
1042-HFUCW,1,No,DSL,No,Yes,No,Yes,No,No,One year,1,Credit card (automatic),54.75,1266.35
6537-OTKMY,0,No phone service,DSL,No,No,Yes,No,Yes,Yes,One year,0,Electronic check,50.75,688.2
8999-EXMNO,1,No,No,No internet service,No internet service,No internet service,No internet service,No internet service,No internet service,Two year,0,Mailed check,20.15,387.7
6725-TPKJO,1,No,No,No internet service,No internet service,No internet service,No internet service,No internet service,No internet service,Two year,0,Mailed check,20.05,845.25
7162-WPHPM,1,Yes,DSL,Yes,Yes,Yes,Yes,No,No,Two year,0,Credit card (automatic),71.6,4230.25
1599-MMYRQ,1,No,Fiber optic,Yes,Yes,No,No,No,No,One year,1,Credit card (automatic),81.45,4983.05
8821-KVZKQ,0,No phone service,DSL,No,Yes,Yes,Yes,Yes,Yes,One year,1,Bank transfer (automatic),58.4,4113.15
6434-TTGJP,0,No phone service,DSL,Yes,Yes,Yes,Yes,No,Yes,Two year,0,Credit card (automatic),53.7,521.0
0042-JVWOJ,1,No,No,No internet service,No internet service,No internet service,No internet service,No internet service,No internet service,One year,1,Bank transfer (automatic),19.6,471.85
0130-SXOUN,1,Yes,Fiber optic,No,Yes,No,No,No,Yes,Month-to-month,0,Credit card (automatic),89.4,5976.9
2330-PQGDQ,1,Yes,Fiber optic,No,Yes,No,Yes,No,No,One year,0,Bank transfer (automatic),84.2,4299.75
1452-UZOSF,1,Yes,Fiber optic,Yes,Yes,Yes,Yes,Yes,No,Two year,1,Credit card (automatic),106.1,7548.6
2097-YVPKN,1,Yes,No,No internet service,No internet service,No internet service,No internet service,No internet service,No internet service,Two year,0,Mailed check,25.75,1654.75
8597-CTXVJ,1,Yes,DSL,Yes,Yes,No,Yes,No,No,One year,0,Bank transfer (automatic),64.95,4551.5
6631-HMANX,1,Yes,DSL,No,Yes,Yes,Yes,Yes,Yes,Two year,1,Credit card (automatic),85.45,6227.5
9962-BFPDU,1,No,No,No internet service,No internet service,No internet service,No internet service,No internet service,No internet service,Month-to-month,0,Mailed check,20.05,20.05
6394-HHHZM,1,No,No,No internet service,No internet service,No internet service,No internet service,No internet service,No internet service,Month-to-month,0,Mailed check,20.7,57.5
5995-LFTLE,1,Yes,No,No internet service,No internet service,No internet service,No internet service,No internet service,No internet service,Two year,1,Credit card (automatic),25.3,1474.35
1932-UEDCX,1,Yes,Fiber optic,No,Yes,No,No,Yes,Yes,Month-to-month,1,Bank transfer (automatic),100.6,3270.25
5188-HGMLP,1,Yes,Fiber optic,No,No,No,No,No,No,Month-to-month,0,Bank transfer (automatic),74.0,3919.15
0665-XHDJU,1,Yes,Fiber optic,No,Yes,No,No,Yes,Yes,Two year,1,Electronic check,99.4,7285.7
8265-HKSOW,1,Yes,Fiber optic,Yes,Yes,Yes,Yes,No,Yes,Two year,0,Credit card (automatic),107.45,7658.3
3544-FBCAS,1,Yes,DSL,Yes,Yes,Yes,No,Yes,Yes,Two year,1,Credit card (automatic),83.6,5959.3
5331-RGMTT,1,Yes,Fiber optic,No,No,Yes,No,Yes,Yes,Month-to-month,1,Credit card (automatic),99.05,5295.7
4759-PXTAN,1,Yes,DSL,No,Yes,No,Yes,Yes,Yes,One year,1,Electronic check,80.1,4693.2
7054-DMVAS,1,No,DSL,Yes,Yes,No,No,Yes,No,Two year,1,Bank transfer (automatic),65.3,3512.9
3428-MMGUB,1,Yes,Fiber optic,No,No,Yes,No,Yes,No,Two year,1,Electronic check,89.55,5231.2
6549-BTYPG,0,No phone service,DSL,No,Yes,Yes,Yes,Yes,Yes,Two year,0,Credit card (automatic),60.8,3603.45
7823-JSOAG,1,Yes,Fiber optic,No,No,No,No,No,No,Month-to-month,0,Electronic check,74.5,217.45
3705-RHRFR,1,Yes,Fiber optic,Yes,No,No,No,Yes,Yes,Two year,0,Bank transfer (automatic),99.15,6875.35
9374-YOLBJ,1,No,No,No internet service,No internet service,No internet service,No internet service,No internet service,No internet service,Month-to-month,0,Electronic check,19.25,19.25
9074-KGVOX,0,No phone service,DSL,Yes,No,No,No,Yes,No,Month-to-month,1,Credit card (automatic),39.45,2021.35
6128-DAFVY,0,No phone service,DSL,No,No,No,No,Yes,Yes,Month-to-month,1,Credit card (automatic),44.85,2564.95
9933-QRGTX,1,No,Fiber optic,Yes,No,No,Yes,Yes,Yes,Two year,1,Electronic check,97.2,5611.75
4476-OSWTN,1,Yes,Fiber optic,Yes,No,Yes,Yes,Yes,Yes,One year,1,Mailed check,110.55,7610.1
5066-GFJMM,1,No,No,No internet service,No internet service,No internet service,No internet service,No internet service,No internet service,Month-to-month,1,Mailed check,19.9,45.75
2661-GKBTK,1,No,DSL,No,Yes,No,Yes,Yes,Yes,Two year,0,Bank transfer (automatic),76.95,4543.95
0458-HEUZG,0,No phone service,DSL,No,No,Yes,Yes,No,No,Two year,0,Mailed check,35.4,450.4
7268-WNTCP,1,No,No,No internet service,No internet service,No internet service,No internet service,No internet service,No internet service,Two year,0,Bank transfer (automatic),20.45,1297.35
0824-VWDPO,1,Yes,Fiber optic,Yes,Yes,No,No,No,Yes,One year,0,Bank transfer (automatic),96.75,4442.75
8409-WQJUX,0,No phone service,DSL,No,No,Yes,Yes,Yes,Yes,One year,0,Electronic check,54.2,1423.15
2578-JQPHZ,1,No,Fiber optic,No,No,Yes,Yes,Yes,Yes,Two year,0,Bank transfer (automatic),100.1,4378.35
3278-FSIXX,1,No,DSL,No,No,No,No,No,No,Month-to-month,1,Mailed check,45.25,74.2
9746-UGFAC,1,No,No,No internet service,No internet service,No internet service,No internet service,No internet service,No internet service,One year,0,Bank transfer (automatic),20.85,450.65
2946-KIQSP,0,No phone service,DSL,No,No,Yes,Yes,No,No,Month-to-month,1,Mailed check,33.45,1175.85
0625-AFOHS,1,No,No,No internet service,No internet service,No internet service,No internet service,No internet service,No internet service,Two year,0,Mailed check,20.2,558.8
6726-WEXXK,1,Yes,Fiber optic,Yes,No,Yes,No,No,No,One year,1,Electronic check,85.9,2220.1
4636-OLWOE,1,No,DSL,No,Yes,Yes,Yes,No,No,One year,1,Electronic check,61.0,3283.05
4685-ERGHK,1,Yes,Fiber optic,No,No,No,No,Yes,No,One year,1,Electronic check,86.9,4939.25
0885-HMGPY,1,Yes,DSL,Yes,Yes,Yes,Yes,No,No,Two year,0,Bank transfer (automatic),69.4,4237.5
5003-OKNNK,1,No,No,No internet service,No internet service,No internet service,No internet service,No internet service,No internet service,One year,0,Credit card (automatic),20.35,335.95
7208-PSIHR,1,Yes,Fiber optic,No,No,Yes,Yes,Yes,Yes,Two year,1,Bank transfer (automatic),104.3,7188.5
4012-ZTHBR,1,No,DSL,No,No,No,No,No,No,Month-to-month,1,Electronic check,44.95,926.25
0489-WMEMG,1,No,DSL,No,No,No,Yes,No,No,One year,1,Electronic check,49.45,1119.35
7435-ZNUYY,1,No,No,No internet service,No internet service,No internet service,No internet service,No internet service,No internet service,One year,0,Mailed check,20.6,116.6
1354-YZFNB,1,No,No,No internet service,No internet service,No internet service,No internet service,No internet service,No internet service,Two year,0,Credit card (automatic),19.55,68.8
2985-FMWYF,1,Yes,Fiber optic,No,No,No,No,Yes,Yes,Month-to-month,1,Electronic check,93.5,2341.55
2812-ENYMO,0,No phone service,DSL,Yes,No,No,Yes,Yes,Yes,One year,0,Credit card (automatic),54.55,1362.85
2717-HVIZY,1,No,No,No internet service,No internet service,No internet service,No internet service,No internet service,No internet service,Month-to-month,0,Mailed check,20.05,163.6
3422-GALYP,1,Yes,Fiber optic,No,Yes,No,No,No,No,Month-to-month,1,Electronic check,79.45,145.15
2890-WFBHU,1,Yes,DSL,Yes,Yes,Yes,Yes,No,Yes,One year,0,Credit card (automatic),79.85,4786.1
0327-WFZSY,1,Yes,Fiber optic,No,No,Yes,No,Yes,Yes,One year,0,Electronic check,100.0,3835.55
7977-HXJKU,1,No,No,No internet service,No internet service,No internet service,No internet service,No internet service,No internet service,Two year,0,Mailed check,19.6,397.0
7033-CLAMM,1,No,No,No internet service,No internet service,No internet service,No internet service,No internet service,No internet service,Two year,0,Bank transfer (automatic),20.2,1027.25
4023-RTIQM,0,No phone service,DSL,Yes,Yes,Yes,No,No,Yes,One year,1,Credit card (automatic),50.4,1580.1
0864-FVJNJ,1,Yes,Fiber optic,Yes,Yes,Yes,Yes,Yes,Yes,One year,0,Electronic check,113.35,7222.75
7356-IWLFW,1,Yes,Fiber optic,No,Yes,No,No,No,No,Month-to-month,1,Bank transfer (automatic),80.0,3769.7
9541-PWTWO,1,Yes,DSL,No,No,Yes,Yes,Yes,Yes,Two year,1,Bank transfer (automatic),80.95,4233.95
3967-VQOGC,1,Yes,No,No internet service,No internet service,No internet service,No internet service,No internet service,No internet service,Two year,1,Mailed check,24.9,1680.25
7872-RDDLZ,1,Yes,DSL,No,Yes,No,No,No,No,Month-to-month,0,Electronic check,54.9,3725.5
6308-CQRBU,1,Yes,Fiber optic,No,Yes,Yes,Yes,Yes,Yes,Two year,0,Electronic check,109.25,7707.7
0186-CAERR,1,Yes,Fiber optic,Yes,Yes,Yes,Yes,Yes,Yes,One year,1,Bank transfer (automatic),116.3,8309.55
3043-SUDUA,1,No,No,No internet service,No internet service,No internet service,No internet service,No internet service,No internet service,Month-to-month,0,Bank transfer (automatic),19.9,601.55
5442-BHQNG,1,No,Fiber optic,No,No,No,No,No,No,Month-to-month,0,Electronic check,70.35,139.25
2169-RRLFW,1,Yes,No,No internet service,No internet service,No internet service,No internet service,No internet service,No internet service,Two year,0,Credit card (automatic),25.6,1888.25
5872-OEQNH,0,No phone service,DSL,Yes,No,Yes,No,No,Yes,One year,1,Electronic check,44.45,2773.9
3162-KKZXO,1,Yes,Fiber optic,No,No,Yes,No,Yes,Yes,One year,1,Electronic check,100.15,5409.75
8873-GLDMH,1,Yes,Fiber optic,No,No,No,No,No,No,Month-to-month,1,Mailed check,73.85,401.3
5696-JVVQY,1,No,DSL,Yes,Yes,Yes,No,No,Yes,Two year,1,Credit card (automatic),70.1,3238.4
8946-BFWSG,1,Yes,No,No internet service,No internet service,No internet service,No internet service,No internet service,No internet service,Two year,0,Mailed check,25.25,1573.05
0547-HURJB,1,No,No,No internet service,No internet service,No internet service,No internet service,No internet service,No internet service,Month-to-month,0,Credit card (automatic),21.05,235.8
8904-OPDCK,0,No phone service,DSL,No,No,No,No,No,No,Month-to-month,1,Bank transfer (automatic),24.95,1364.75
8845-LWKGE,1,No,DSL,No,No,Yes,Yes,Yes,No,One year,1,Electronic check,64.5,1985.15
0691-NIKRI,1,Yes,Fiber optic,No,No,Yes,Yes,Yes,Yes,One year,1,Credit card (automatic),105.95,4335.2
5022-JNQEQ,1,No,Fiber optic,No,No,No,Yes,No,No,Month-to-month,1,Electronic check,75.85,647.5
3249-VHRIP,0,No phone service,DSL,No,Yes,Yes,No,No,Yes,Two year,1,Credit card (automatic),43.6,2748.7
3736-BLEPA,1,No,Fiber optic,No,Yes,No,Yes,Yes,No,One year,1,Bank transfer (automatic),91.25,2483.65
4701-LKOZD,1,Yes,DSL,Yes,Yes,Yes,Yes,Yes,Yes,Two year,0,Credit card (automatic),89.75,6367.2
6603-QWSPR,1,No,Fiber optic,No,Yes,Yes,Yes,Yes,Yes,Two year,1,Bank transfer (automatic),104.4,4904.2
9921-QFQUL,1,Yes,Fiber optic,No,No,Yes,No,No,Yes,Month-to-month,0,Mailed check,90.15,2044.95
1929-ZCBHE,0,No phone service,DSL,Yes,No,Yes,Yes,No,No,One year,0,Electronic check,40.3,1794.8
4378-MYPGO,1,No,Fiber optic,Yes,Yes,Yes,No,Yes,Yes,Two year,1,Bank transfer (automatic),105.25,7173.15
4129-LYCOI,1,Yes,Fiber optic,No,Yes,No,Yes,Yes,Yes,Two year,1,Electronic check,104.0,7039.05
7798-JVXYM,1,No,DSL,No,No,No,Yes,Yes,Yes,Month-to-month,1,Electronic check,69.65,921.4
8647-SDTWQ,1,Yes,Fiber optic,No,No,No,No,No,No,Month-to-month,1,Electronic check,74.3,4018.35
2696-ECXKC,1,Yes,Fiber optic,Yes,No,No,No,Yes,Yes,One year,0,Mailed check,100.9,5448.6
2081-KJSQF,1,No,No,No internet service,No internet service,No internet service,No internet service,No internet service,No internet service,Month-to-month,1,Mailed check,20.25,20.25
3323-CPBWR,1,Yes,Fiber optic,No,No,Yes,Yes,Yes,No,Month-to-month,1,Credit card (automatic),96.9,2085.45
3384-CTMSF,1,Yes,Fiber optic,No,Yes,Yes,No,Yes,Yes,Month-to-month,1,Electronic check,104.1,5135.15
0902-RFHOF,1,No,No,No internet service,No internet service,No internet service,No internet service,No internet service,No internet service,One year,0,Mailed check,20.1,730.1
6048-QBXKL,1,Yes,DSL,No,Yes,No,No,No,No,Month-to-month,1,Credit card (automatic),56.55,118.25
7718-RXDGG,1,No,Fiber optic,No,No,No,No,No,No,Month-to-month,1,Bank transfer (automatic),68.6,1108.6
1025-FALIX,1,No,Fiber optic,No,No,No,No,No,No,Month-to-month,1,Credit card (automatic),69.05,1815.65
3451-VAWLI,1,No,No,No internet service,No internet service,No internet service,No internet service,No internet service,No internet service,Two year,0,Credit card (automatic),19.7,730.4
3407-QGWLG,1,No,No,No internet service,No internet service,No internet service,No internet service,No internet service,No internet service,Month-to-month,1,Mailed check,20.05,75.45
2347-WKKAE,1,Yes,Fiber optic,Yes,No,Yes,No,No,Yes,Month-to-month,1,Electronic check,94.4,4014.6
8735-DCXNF,1,No,DSL,Yes,No,No,Yes,No,No,Month-to-month,1,Credit card (automatic),54.95,568.85
3214-IYUUQ,1,No,Fiber optic,Yes,Yes,No,Yes,No,Yes,One year,0,Bank transfer (automatic),93.7,5860.7
1936-UAFEH,1,Yes,Fiber optic,Yes,Yes,No,Yes,Yes,Yes,Two year,0,Credit card (automatic),110.25,7279.35
3587-PMCOY,1,No,Fiber optic,Yes,No,Yes,No,Yes,Yes,One year,1,Electronic check,98.9,1064.95
1027-LKKQQ,1,No,DSL,Yes,No,Yes,Yes,Yes,Yes,Two year,1,Bank transfer (automatic),80.45,5886.85
7148-XZPHA,1,No,Fiber optic,No,Yes,No,Yes,No,No,Month-to-month,0,Electronic check,79.4,4238.45
5309-TAIKL,1,No,DSL,No,No,Yes,Yes,No,Yes,Month-to-month,0,Bank transfer (automatic),62.8,418.3
6856-RAURS,1,Yes,Fiber optic,No,No,No,No,No,No,Month-to-month,1,Mailed check,74.9,136.05
8778-LMWTJ,1,No,Fiber optic,Yes,No,No,No,No,No,Month-to-month,1,Electronic check,74.85,708.2
9717-IOAAF,1,Yes,No,No internet service,No internet service,No internet service,No internet service,No internet service,No internet service,Two year,1,Credit card (automatic),25.85,788.55
2845-KDHVX,1,No,DSL,No,Yes,Yes,Yes,No,Yes,Two year,1,Mailed check,68.3,4378.8
0848-SOMKO,0,No phone service,DSL,Yes,No,Yes,Yes,No,Yes,Two year,0,Bank transfer (automatic),48.4,3442.8
6734-FQAJX,1,No,Fiber optic,Yes,Yes,No,Yes,Yes,Yes,Two year,1,Electronic check,105.05,7171.7
1535-VTJOQ,1,Yes,No,No internet service,No internet service,No internet service,No internet service,No internet service,No internet service,Two year,0,Credit card (automatic),25.15,553.0
6368-TZZDT,1,No,No,No internet service,No internet service,No internet service,No internet service,No internet service,No internet service,Two year,0,Credit card (automatic),19.5,96.85
0943-ZQPXH,1,No,Fiber optic,No,No,Yes,No,Yes,Yes,Month-to-month,1,Bank transfer (automatic),92.95,4122.9
1293-BSEUN,1,No,No,No internet service,No internet service,No internet service,No internet service,No internet service,No internet service,Two year,1,Mailed check,20.7,1482.3
1302-TPUBN,1,No,No,No internet service,No internet service,No internet service,No internet service,No internet service,No internet service,Two year,0,Bank transfer (automatic),19.35,1240.8
2378-VTKDH,1,Yes,Fiber optic,No,Yes,Yes,No,Yes,Yes,Month-to-month,1,Electronic check,104.35,6578.55
0927-CNGRH,1,No,No,No internet service,No internet service,No internet service,No internet service,No internet service,No internet service,Month-to-month,0,Mailed check,19.55,19.55
8608-OZTLB,1,No,DSL,Yes,Yes,Yes,Yes,Yes,No,One year,0,Electronic check,74.05,2802.3
2335-GSODA,0,No phone service,DSL,Yes,No,Yes,Yes,No,No,Two year,0,Mailed check,40.1,857.75
1952-DVVSW,1,No,No,No internet service,No internet service,No internet service,No internet service,No internet service,No internet service,One year,0,Mailed check,20.1,184.4
6656-GULJQ,1,Yes,DSL,Yes,No,Yes,Yes,Yes,Yes,Two year,1,Credit card (automatic),83.55,6093.3
9853-JFZDU,1,No,DSL,No,Yes,No,Yes,No,No,Month-to-month,0,Electronic check,56.85,1861.1
3777-XROBG,1,No,No,No internet service,No internet service,No internet service,No internet service,No internet service,No internet service,Two year,0,Credit card (automatic),19.55,1079.65
6994-FGRHH,1,No,Fiber optic,No,Yes,Yes,Yes,Yes,Yes,One year,1,Electronic check,106.15,7475.1
4000-VGMQP,1,Yes,DSL,No,Yes,Yes,No,Yes,Yes,One year,0,Credit card (automatic),78.95,2862.55
3999-WRNGR,0,No phone service,DSL,No,Yes,No,No,Yes,Yes,Month-to-month,1,Electronic check,49.75,3069.45
3466-RITXD,1,Yes,Fiber optic,Yes,Yes,No,No,Yes,No,Month-to-month,1,Credit card (automatic),92.4,2349.8
2680-XKKNJ,1,No,DSL,Yes,Yes,No,Yes,No,No,One year,0,Bank transfer (automatic),58.2,469.25
2974-GGUXS,1,Yes,Fiber optic,No,Yes,No,No,Yes,No,Month-to-month,1,Credit card (automatic),91.95,3301.05
7994-XIRTR,1,No,DSL,No,No,Yes,Yes,No,Yes,One year,0,Bank transfer (automatic),65.25,3529.95
2101-RANCD,1,Yes,Fiber optic,No,No,No,No,No,No,Month-to-month,1,Electronic check,73.1,4144.9
7921-BEPCI,1,Yes,DSL,Yes,Yes,No,No,No,No,Two year,0,Bank transfer (automatic),59.75,4265.0
8510-TMWYB,1,Yes,DSL,No,Yes,Yes,No,No,No,Two year,1,Bank transfer (automatic),59.8,3246.45
3258-ZKPAI,1,Yes,Fiber optic,Yes,Yes,Yes,Yes,Yes,Yes,Two year,1,Bank transfer (automatic),116.6,8337.45
1428-IEDPR,1,Yes,Fiber optic,Yes,No,Yes,Yes,Yes,Yes,Two year,1,Electronic check,109.3,5731.4
5298-GSTLM,1,Yes,Fiber optic,Yes,No,No,No,Yes,Yes,One year,1,Bank transfer (automatic),101.4,6176.6
4450-YOOHP,0,No phone service,DSL,No,No,Yes,No,Yes,Yes,Month-to-month,1,Credit card (automatic),50.65,1905.4
6728-CZFEI,1,No,DSL,No,No,No,No,Yes,No,One year,0,Mailed check,56.15,931.9
3653-NCRDJ,1,No,No,No internet service,No internet service,No internet service,No internet service,No internet service,No internet service,One year,1,Mailed check,19.2,776.25
6121-TNHBO,1,Yes,DSL,Yes,Yes,Yes,Yes,Yes,No,One year,0,Bank transfer (automatic),83.0,5243.05
5119-NZPTV,1,No,Fiber optic,No,No,No,No,No,No,Month-to-month,0,Electronic check,70.1,141.65
6519-ZHPXP,1,No,Fiber optic,Yes,Yes,Yes,Yes,Yes,Yes,Two year,1,Bank transfer (automatic),108.3,7679.65
3472-QPRCH,1,Yes,No,No internet service,No internet service,No internet service,No internet service,No internet service,No internet service,Two year,0,Credit card (automatic),25.25,1006.9
8224-UAXBZ,0,No phone service,DSL,Yes,Yes,No,No,Yes,No,One year,1,Electronic check,45.35,2540.1
9610-WCESF,0,No phone service,DSL,Yes,No,No,Yes,Yes,No,Two year,0,Electronic check,43.9,3097.2
2486-WYVVE,1,Yes,DSL,No,No,Yes,Yes,Yes,Yes,One year,1,Mailed check,79.3,2484.0
3865-ZYKAD,1,Yes,Fiber optic,Yes,Yes,No,No,No,No,Month-to-month,1,Credit card (automatic),84.9,5785.65
1422-DGUBX,1,Yes,Fiber optic,No,No,No,Yes,No,No,One year,1,Electronic check,79.25,2619.15
2999-AANRQ,1,No,DSL,Yes,Yes,No,Yes,Yes,No,Two year,0,Credit card (automatic),71.05,1524.85
8668-KNZTI,1,No,DSL,Yes,No,Yes,No,No,No,One year,0,Electronic check,53.75,2790.65
0480-KYJVA,1,Yes,No,No internet service,No internet service,No internet service,No internet service,No internet service,No internet service,Two year,0,Credit card (automatic),24.25,1784.5
9746-YKGXB,0,No phone service,DSL,Yes,No,Yes,No,No,Yes,One year,0,Bank transfer (automatic),44.25,2276.1
3926-YZVVX,1,No,DSL,No,No,No,Yes,No,No,One year,0,Bank transfer (automatic),50.05,2029.05
6000-UKLWI,1,No,No,No internet service,No internet service,No internet service,No internet service,No internet service,No internet service,Two year,0,Mailed check,20.15,802.35
6332-FBZRI,1,Yes,DSL,Yes,Yes,Yes,Yes,No,No,One year,1,Credit card (automatic),69.35,4653.25
2096-XOTMO,1,No,No,No internet service,No internet service,No internet service,No internet service,No internet service,No internet service,Month-to-month,0,Mailed check,19.35,275.9
3266-FTKHB,1,No,No,No internet service,No internet service,No internet service,No internet service,No internet service,No internet service,Two year,0,Mailed check,19.15,343.45
8221-EQDGL,1,No,DSL,Yes,Yes,Yes,No,No,No,Month-to-month,0,Mailed check,61.0,2130.45
2346-LOCWC,1,No,No,No internet service,No internet service,No internet service,No internet service,No internet service,No internet service,Two year,0,Credit card (automatic),20.5,1191.4
0298-XACET,0,No phone service,DSL,No,Yes,Yes,Yes,Yes,No,Two year,0,Mailed check,50.2,2554.0
7560-QJAVJ,1,No,DSL,Yes,No,Yes,Yes,Yes,Yes,Two year,0,Bank transfer (automatic),79.6,5589.45
2995-YWTCD,1,Yes,No,No internet service,No internet service,No internet service,No internet service,No internet service,No internet service,Two year,1,Bank transfer (automatic),24.9,467.7
9137-UIYPG,1,No,Fiber optic,Yes,No,Yes,Yes,Yes,Yes,Month-to-month,1,Electronic check,106.9,3756.45
2809-ZMYOQ,1,Yes,Fiber optic,No,No,Yes,No,Yes,Yes,Month-to-month,1,Electronic check,101.35,3334.9
5084-OOVCJ,1,No,DSL,Yes,No,No,Yes,No,No,Month-to-month,1,Credit card (automatic),55.35,920.5
0254-WWRKD,1,No,DSL,No,Yes,No,No,No,No,One year,0,Credit card (automatic),50.55,3431.75
7727-SHVZV,1,No,No,No internet service,No internet service,No internet service,No internet service,No internet service,No internet service,Month-to-month,0,Bank transfer (automatic),19.5,150.35
5339-PXDVH,1,Yes,Fiber optic,Yes,No,No,No,Yes,No,Month-to-month,0,Electronic check,90.65,367.95
2205-LPVGL,1,Yes,Fiber optic,Yes,Yes,No,Yes,No,No,One year,1,Bank transfer (automatic),89.85,5125.75
8782-NUUOL,1,No,DSL,Yes,No,Yes,Yes,Yes,Yes,One year,0,Mailed check,79.0,4801.1
7601-WFVZV,1,No,No,No internet service,No internet service,No internet service,No internet service,No internet service,No internet service,Month-to-month,0,Mailed check,19.55,19.55
4609-KNNWG,1,No,No,No internet service,No internet service,No internet service,No internet service,No internet service,No internet service,Two year,0,Mailed check,19.9,550.1
4868-AADLV,1,Yes,Fiber optic,Yes,Yes,Yes,Yes,Yes,Yes,One year,1,Electronic check,116.25,7862.25
9529-OFXHY,1,Yes,Fiber optic,Yes,No,No,No,Yes,No,Month-to-month,1,Bank transfer (automatic),87.75,1242.2
2669-QVCRG,1,Yes,Fiber optic,Yes,No,No,No,No,No,Month-to-month,1,Credit card (automatic),81.3,3190.65
2478-EEWWM,0,No phone service,DSL,No,No,No,No,Yes,Yes,Month-to-month,1,Electronic check,44.3,2666.75
9174-IHETN,1,No,Fiber optic,No,No,No,No,No,No,Two year,0,Credit card (automatic),70.35,3533.6
2233-TXSIU,0,No phone service,DSL,Yes,No,Yes,No,Yes,No,One year,0,Credit card (automatic),44.45,792.15
9644-UMGQA,1,No,DSL,Yes,No,No,No,No,No,Month-to-month,1,Electronic check,49.15,295.65
3256-EZDBI,0,No phone service,DSL,No,Yes,No,No,No,No,Month-to-month,1,Credit card (automatic),29.45,1459.35
0419-YAAPX,1,No,Fiber optic,No,Yes,No,No,Yes,No,Month-to-month,1,Credit card (automatic),85.3,4297.95
0872-CASZJ,1,Yes,DSL,Yes,No,No,Yes,No,Yes,One year,1,Mailed check,69.1,4096.9
4726-DLWQN,1,Yes,DSL,Yes,Yes,No,No,Yes,No,Month-to-month,1,Bank transfer (automatic),70.35,3454.6
8164-OCKUJ,1,No,No,No internet service,No internet service,No internet service,No internet service,No internet service,No internet service,Two year,0,Mailed check,20.6,1286.0
3094-JOJAI,1,Yes,Fiber optic,No,No,No,No,No,No,Month-to-month,0,Mailed check,74.15,1387.0
9494-MRNYX,1,Yes,Fiber optic,No,No,No,No,No,No,Month-to-month,0,Electronic check,75.05,786.3
2599-CZABP,1,No,DSL,No,No,No,No,No,No,One year,0,Electronic check,44.6,641.25
7945-PRBVF,1,No,No,No internet service,No internet service,No internet service,No internet service,No internet service,No internet service,Two year,0,Bank transfer (automatic),21.45,705.45
4544-RXFMG,1,No,DSL,No,No,No,No,No,No,One year,1,Mailed check,43.45,345.5
0859-YGKFW,1,No,No,No internet service,No internet service,No internet service,No internet service,No internet service,No internet service,One year,0,Bank transfer (automatic),20.05,345.9
1150-FTQGN,1,Yes,Fiber optic,Yes,Yes,No,No,Yes,No,One year,0,Bank transfer (automatic),94.15,5811.8
7196-LIWRH,1,No,No,No internet service,No internet service,No internet service,No internet service,No internet service,No internet service,Two year,0,Mailed check,19.55,124.45
5448-VWNAM,1,Yes,DSL,Yes,Yes,No,Yes,Yes,No,Month-to-month,1,Mailed check,75.9,1375.6
1177-XZBJL,1,Yes,DSL,Yes,Yes,No,Yes,No,No,One year,0,Bank transfer (automatic),64.15,3491.55
3518-FSTWG,1,Yes,Fiber optic,Yes,Yes,Yes,No,Yes,Yes,Two year,1,Bank transfer (automatic),109.55,7920.7
9330-VOFSZ,1,Yes,Fiber optic,No,Yes,Yes,Yes,Yes,Yes,Two year,1,Credit card (automatic),110.8,6640.7
0939-EREMR,1,No,DSL,No,No,Yes,Yes,No,No,Month-to-month,0,Mailed check,53.45,718.1
9389-ACWBI,1,No,Fiber optic,No,No,No,No,No,No,Month-to-month,0,Credit card (automatic),69.95,320.4
3644-QXEHN,1,No,Fiber optic,No,No,Yes,No,Yes,Yes,Month-to-month,0,Electronic check,97.0,1334.45
2911-IJORQ,1,Yes,DSL,Yes,Yes,Yes,Yes,Yes,Yes,One year,1,Bank transfer (automatic),90.6,3358.65
5921-NGYRH,1,No,Fiber optic,Yes,No,No,No,No,No,Month-to-month,1,Mailed check,73.55,4764.0
5998-DZLYR,1,Yes,Fiber optic,No,Yes,No,Yes,No,Yes,Two year,1,Bank transfer (automatic),94.35,5703.0
3985-HOYPM,1,No,No,No internet service,No internet service,No internet service,No internet service,No internet service,No internet service,One year,0,Mailed check,19.4,525.55
9548-LERKT,1,No,No,No internet service,No internet service,No internet service,No internet service,No internet service,No internet service,Two year,0,Mailed check,19.75,483.15
6576-FBXOJ,0,No phone service,DSL,No,No,Yes,Yes,Yes,Yes,One year,0,Electronic check,54.6,934.8
4310-KEDTB,0,No phone service,DSL,No,No,Yes,No,No,No,Month-to-month,1,Mailed check,29.8,786.5
4062-HBMOS,1,Yes,Fiber optic,No,Yes,Yes,No,Yes,Yes,Month-to-month,1,Electronic check,103.05,5364.8
2676-ISHSF,1,No,No,No internet service,No internet service,No internet service,No internet service,No internet service,No internet service,Month-to-month,0,Mailed check,20.3,20.3
9236-NDUCW,0,No phone service,DSL,Yes,No,No,Yes,No,No,Two year,0,Mailed check,35.1,770.4
4753-PADAS,1,Yes,Fiber optic,No,Yes,Yes,No,Yes,Yes,One year,1,Bank transfer (automatic),105.7,6816.95
6103-QCKFX,1,No,DSL,Yes,No,No,Yes,No,No,Month-to-month,0,Bank transfer (automatic),56.25,2419.55
7781-EWARA,0,No phone service,DSL,No,Yes,Yes,Yes,Yes,Yes,One year,0,Electronic check,60.35,4138.7
7018-FPXHH,1,No,DSL,Yes,Yes,Yes,No,No,No,Two year,1,Bank transfer (automatic),59.8,3457.45
0572-ZJKLT,1,Yes,Fiber optic,Yes,No,Yes,Yes,No,Yes,Two year,0,Mailed check,99.65,4630.2
5135-RDDQL,1,No,DSL,Yes,No,No,No,No,No,Two year,1,Bank transfer (automatic),50.65,3221.25
1353-LJWEM,1,No,DSL,No,Yes,Yes,Yes,No,No,Month-to-month,1,Electronic check,60.9,688.5
1794-SWWKL,1,Yes,DSL,No,No,Yes,Yes,No,No,Month-to-month,1,Bank transfer (automatic),59.65,867.1
6166-YIPFO,0,No phone service,DSL,Yes,Yes,Yes,Yes,Yes,Yes,Two year,1,Electronic check,64.7,4746.05
9332-GYWLO,1,No,DSL,No,No,No,No,Yes,No,Month-to-month,0,Electronic check,54.85,355.1
4184-VODJZ,1,Yes,Fiber optic,No,Yes,No,No,No,Yes,One year,1,Electronic check,91.35,5764.7
1092-WPIVQ,1,Yes,No,No internet service,No internet service,No internet service,No internet service,No internet service,No internet service,Two year,0,Mailed check,25.1,428.45
7233-IOQNP,0,No phone service,DSL,Yes,No,No,Yes,No,No,Month-to-month,0,Bank transfer (automatic),34.0,1505.35
2834-JKOOW,0,No phone service,DSL,Yes,Yes,Yes,Yes,No,No,One year,0,Mailed check,45.9,693.45
2400-FEQME,1,No,No,No internet service,No internet service,No internet service,No internet service,No internet service,No internet service,Two year,0,Mailed check,20.5,1177.95
4957-SREEC,1,No,No,No internet service,No internet service,No internet service,No internet service,No internet service,No internet service,Two year,0,Credit card (automatic),20.35,1458.1
0230-UBYPQ,0,No phone service,DSL,Yes,No,No,Yes,No,No,One year,0,Bank transfer (automatic),36.1,2298.9
4923-ADWXJ,1,No,DSL,No,Yes,No,Yes,No,Yes,Month-to-month,1,Bank transfer (automatic),65.8,1679.65
1763-KUAAW,1,No,No,No internet service,No internet service,No internet service,No internet service,No internet service,No internet service,One year,0,Bank transfer (automatic),20.35,369.6
1104-TNLZA,1,Yes,Fiber optic,No,Yes,No,Yes,Yes,Yes,Month-to-month,1,Electronic check,105.8,2998.0
5195-KPUNQ,1,No,Fiber optic,Yes,Yes,No,Yes,No,Yes,One year,1,Mailed check,96.75,5206.55
3439-GVUSX,0,No phone service,DSL,No,No,No,No,No,No,Month-to-month,0,Mailed check,24.4,24.4
5949-HGVJL,1,No,DSL,No,Yes,No,Yes,Yes,Yes,Month-to-month,1,Electronic check,73.05,1959.5
5203-XEHAX,1,No,DSL,Yes,Yes,No,No,No,Yes,One year,0,Electronic check,64.35,2053.05
1635-HDGFT,1,No,No,No internet service,No internet service,No internet service,No internet service,No internet service,No internet service,Two year,0,Mailed check,20.5,398.55
8050-XGRVL,1,No,DSL,Yes,No,Yes,No,No,No,One year,0,Credit card (automatic),54.75,3425.35
9828-QHFBK,1,No,DSL,Yes,No,No,No,No,No,Month-to-month,1,Electronic check,51.15,1275.7
3908-MKIMJ,0,No phone service,DSL,Yes,Yes,Yes,No,No,No,Two year,1,Electronic check,41.95,2965.75
5012-YSPJJ,1,No,DSL,No,No,Yes,Yes,No,No,Month-to-month,0,Mailed check,54.35,1647.0
6728-VOIFY,1,No,Fiber optic,No,Yes,No,No,Yes,Yes,One year,1,Electronic check,96.0,6109.75
4891-NLUBA,0,No phone service,DSL,No,Yes,Yes,Yes,Yes,Yes,Two year,1,Bank transfer (automatic),61.45,3751.15
8969-PRHFK,1,No,No,No internet service,No internet service,No internet service,No internet service,No internet service,No internet service,One year,0,Mailed check,19.65,411.25
0661-KQHNK,1,No,No,No internet service,No internet service,No internet service,No internet service,No internet service,No internet service,One year,0,Credit card (automatic),19.0,105.5
8709-KRDVL,1,Yes,Fiber optic,No,Yes,No,No,Yes,Yes,Month-to-month,1,Electronic check,100.0,3320.6
1427-VERSM,1,No,Fiber optic,No,No,Yes,Yes,Yes,Yes,Month-to-month,1,Electronic check,98.7,5669.5
9801-NOSHQ,1,No,No,No internet service,No internet service,No internet service,No internet service,No internet service,No internet service,One year,0,Mailed check,19.8,465.45
6339-YPSAH,1,No,Fiber optic,No,No,Yes,No,No,No,Month-to-month,1,Electronic check,73.8,704.3
2159-TURXX,1,No,No,No internet service,No internet service,No internet service,No internet service,No internet service,No internet service,Month-to-month,0,Credit card (automatic),20.05,95.55
1548-FEHVL,1,Yes,Fiber optic,Yes,Yes,No,No,Yes,Yes,Month-to-month,1,Electronic check,106.2,6375.2
3795-CAWEX,1,Yes,Fiber optic,Yes,Yes,Yes,Yes,Yes,Yes,Two year,1,Credit card (automatic),116.55,8152.3
6215-NQCPY,1,Yes,Fiber optic,Yes,No,No,No,Yes,Yes,Month-to-month,1,Electronic check,99.7,1566.75
5647-URDKA,1,No,No,No internet service,No internet service,No internet service,No internet service,No internet service,No internet service,Two year,0,Mailed check,19.7,130.25
2229-DPMBI,1,No,No,No internet service,No internet service,No internet service,No internet service,No internet service,No internet service,Two year,0,Mailed check,19.5,162.15
9626-WEQRM,0,No phone service,DSL,Yes,No,No,No,No,No,Month-to-month,1,Mailed check,29.15,110.05
2188-SXWVT,1,No,DSL,Yes,Yes,No,No,No,No,One year,0,Mailed check,55.0,1885.15
6258-PVZWJ,1,Yes,DSL,Yes,Yes,Yes,Yes,Yes,Yes,Two year,1,Credit card (automatic),90.8,6302.85
1094-BKOSX,0,No phone service,DSL,No,Yes,Yes,Yes,No,Yes,One year,0,Bank transfer (automatic),51.0,2264.5
6969-MVBAI,1,Yes,Fiber optic,No,No,Yes,No,Yes,No,Month-to-month,1,Electronic check,90.1,816.8
2978-XXSOG,1,Yes,DSL,Yes,No,No,Yes,No,No,Month-to-month,1,Mailed check,59.05,1253.5
2342-CKIAO,1,No,No,No internet service,No internet service,No internet service,No internet service,No internet service,No internet service,Month-to-month,0,Mailed check,20.3,41.2
6953-PBDIN,1,Yes,DSL,No,Yes,Yes,Yes,Yes,No,Two year,0,Bank transfer (automatic),72.95,5265.55
3898-BSJYF,1,Yes,DSL,Yes,No,Yes,Yes,No,Yes,One year,0,Credit card (automatic),73.55,693.3
3938-YFPXD,1,Yes,DSL,Yes,No,Yes,Yes,Yes,Yes,Two year,0,Credit card (automatic),84.3,5997.1
7696-AMHOD,1,No,DSL,No,Yes,Yes,No,Yes,Yes,One year,0,Credit card (automatic),78.0,3824.2
2453-SAFNS,1,Yes,DSL,No,Yes,No,Yes,Yes,No,One year,0,Mailed check,72.1,3886.05
9558-IHEZX,1,Yes,Fiber optic,Yes,Yes,Yes,No,Yes,Yes,Two year,1,Credit card (automatic),106.75,7283.25
9617-UDPEU,1,No,No,No internet service,No internet service,No internet service,No internet service,No internet service,No internet service,One year,1,Mailed check,19.25,412.55
6340-DACFT,1,No,No,No internet service,No internet service,No internet service,No internet service,No internet service,No internet service,Two year,0,Credit card (automatic),20.55,1070.25
4955-VCWBI,1,No,No,No internet service,No internet service,No internet service,No internet service,No internet service,No internet service,One year,0,Mailed check,20.0,817.95
6813-GZQCG,1,Yes,No,No internet service,No internet service,No internet service,No internet service,No internet service,No internet service,Two year,1,Credit card (automatic),24.65,1171.3
7426-GSWPO,1,Yes,Fiber optic,Yes,Yes,No,No,Yes,Yes,Month-to-month,1,Bank transfer (automatic),103.5,6548.65
3389-KTRXV,1,Yes,No,No internet service,No internet service,No internet service,No internet service,No internet service,No internet service,Two year,0,Mailed check,23.85,625.65
3118-UHVVQ,1,Yes,No,No internet service,No internet service,No internet service,No internet service,No internet service,No internet service,Two year,0,Credit card (automatic),25.8,1911.5
3205-MXZRA,1,No,DSL,No,No,No,Yes,Yes,No,One year,0,Credit card (automatic),59.45,1507.0
8317-BVKSO,1,No,No,No internet service,No internet service,No internet service,No internet service,No internet service,No internet service,Month-to-month,1,Electronic check,20.05,299.3
5702-KVQRD,1,No,DSL,Yes,No,Yes,Yes,Yes,Yes,Two year,1,Electronic check,82.55,5832.65
0083-PIVIK,1,Yes,DSL,Yes,Yes,Yes,Yes,Yes,No,One year,0,Electronic check,81.25,5567.55
6169-PGNCD,1,No,DSL,Yes,Yes,Yes,Yes,Yes,No,Two year,1,Credit card (automatic),74.3,4166.35
4909-JOUPP,1,Yes,Fiber optic,No,Yes,Yes,Yes,Yes,Yes,Two year,0,Credit card (automatic),109.7,7898.45
4657-FWVFY,1,Yes,Fiber optic,No,Yes,Yes,No,Yes,No,Month-to-month,1,Credit card (automatic),96.35,3915.4
2257-BOVXD,1,Yes,DSL,No,No,No,Yes,Yes,No,Month-to-month,1,Credit card (automatic),66.6,979.5
7729-JTEEC,1,No,DSL,No,No,No,No,No,No,Month-to-month,1,Electronic check,44.5,90.05
9696-RMYBA,1,No,Fiber optic,No,No,No,No,Yes,No,Month-to-month,1,Mailed check,80.1,398.55
8690-UPCZI,1,Yes,DSL,Yes,No,No,Yes,Yes,No,One year,0,Bank transfer (automatic),69.05,1958.45
9770-LXDBK,1,No,No,No internet service,No internet service,No internet service,No internet service,No internet service,No internet service,Month-to-month,0,Mailed check,20.4,63.15
4086-WITJG,1,No,No,No internet service,No internet service,No internet service,No internet service,No internet service,No internet service,Two year,0,Credit card (automatic),19.7,1301.1
8344-WFMFH,1,No,DSL,No,Yes,No,No,No,No,Month-to-month,1,Electronic check,50.1,484.05
8822-KNBHV,1,Yes,DSL,Yes,Yes,Yes,No,Yes,Yes,One year,1,Credit card (automatic),83.45,3887.85
8404-FYDIB,1,Yes,Fiber optic,Yes,Yes,No,No,No,No,Month-to-month,1,Credit card (automatic),86.65,2208.75
2791-SFVEW,1,No,No,No internet service,No internet service,No internet service,No internet service,No internet service,No internet service,Month-to-month,0,Bank transfer (automatic),20.15,238.15
6762-NSODU,1,No,No,No internet service,No internet service,No internet service,No internet service,No internet service,No internet service,Two year,0,Credit card (automatic),19.4,958.15
9888-ZCUMM,0,No phone service,DSL,Yes,No,Yes,Yes,Yes,Yes,Two year,1,Bank transfer (automatic),60.05,3845.45
1074-WVEVG,1,No,No,No internet service,No internet service,No internet service,No internet service,No internet service,No internet service,One year,0,Mailed check,20.35,1267.0
9979-RGMZT,1,No,Fiber optic,No,Yes,No,No,Yes,Yes,One year,1,Mailed check,94.05,633.45
6437-UDQJM,1,Yes,DSL,Yes,Yes,Yes,No,Yes,Yes,Two year,1,Credit card (automatic),84.1,6129.65
1226-IENZN,1,No,Fiber optic,No,No,No,No,No,Yes,Month-to-month,1,Electronic check,78.75,1218.25
2108-GLPQB,1,Yes,DSL,No,No,Yes,No,No,No,Month-to-month,0,Credit card (automatic),55.55,1405.3
5474-LAMUQ,1,No,No,No internet service,No internet service,No internet service,No internet service,No internet service,No internet service,One year,0,Mailed check,20.1,533.9
3468-DRVQJ,1,Yes,DSL,Yes,Yes,No,No,Yes,No,One year,0,Electronic check,70.3,676.15
1122-YJBCS,1,No,DSL,Yes,Yes,No,No,No,No,One year,1,Credit card (automatic),53.65,3804.4
4990-ALDGW,1,No,No,No internet service,No internet service,No internet service,No internet service,No internet service,No internet service,Two year,0,Mailed check,20.75,1118.8
4816-OKWNX,1,No,Fiber optic,No,Yes,Yes,Yes,Yes,Yes,One year,1,Bank transfer (automatic),103.4,5236.4
3315-IKYZQ,0,No phone service,DSL,Yes,No,Yes,Yes,Yes,No,One year,0,Mailed check,50.8,1386.8
4747-LCAQL,1,No,DSL,Yes,Yes,No,Yes,Yes,Yes,Month-to-month,1,Mailed check,79.0,1902.0
3411-WLRSQ,1,No,Fiber optic,No,Yes,No,No,No,No,Month-to-month,1,Bank transfer (automatic),74.6,239.05
0898-XCGTF,1,Yes,Fiber optic,No,No,No,No,Yes,Yes,One year,1,Bank transfer (automatic),96.5,5673.7
8006-PYCSW,1,No,No,No internet service,No internet service,No internet service,No internet service,No internet service,No internet service,Month-to-month,0,Mailed check,20.1,39.8
8249-THVEC,1,No,No,No internet service,No internet service,No internet service,No internet service,No internet service,No internet service,One year,0,Mailed check,19.4,997.75
8722-PRFDV,1,No,DSL,Yes,No,Yes,No,Yes,Yes,Two year,0,Credit card (automatic),77.55,5574.35
2164-SOQXL,1,No,No,No internet service,No internet service,No internet service,No internet service,No internet service,No internet service,Month-to-month,0,Mailed check,20.05,406.05
4020-KIUDI,1,No,No,No internet service,No internet service,No internet service,No internet service,No internet service,No internet service,Month-to-month,0,Credit card (automatic),19.85,138.85
5850-BDWCY,1,No,No,No internet service,No internet service,No internet service,No internet service,No internet service,No internet service,Month-to-month,0,Mailed check,20.2,123.65
2038-YSEZE,1,Yes,DSL,Yes,Yes,No,Yes,No,No,Month-to-month,0,Mailed check,67.45,1801.1
0827-ITJPH,1,No,No,No internet service,No internet service,No internet service,No internet service,No internet service,No internet service,Two year,1,Credit card (automatic),18.55,689.0
8799-OXZMD,0,No phone service,DSL,No,No,Yes,No,No,No,Month-to-month,1,Mailed check,29.75,790.7
1705-GUHPV,1,Yes,No,No internet service,No internet service,No internet service,No internet service,No internet service,No internet service,Two year,0,Mailed check,24.2,1618.2
4779-ZGICK,1,Yes,No,No internet service,No internet service,No internet service,No internet service,No internet service,No internet service,Two year,0,Mailed check,23.55,1173.35
0048-PIHNL,1,No,No,No internet service,No internet service,No internet service,No internet service,No internet service,No internet service,One year,0,Bank transfer (automatic),20.45,900.9
3967-KXAPS,1,Yes,DSL,Yes,Yes,Yes,Yes,Yes,Yes,Two year,0,Credit card (automatic),92.3,6719.9
3704-IEAXF,0,No phone service,DSL,No,Yes,No,Yes,Yes,Yes,Two year,0,Credit card (automatic),53.65,3784.0
6810-VCAEX,0,No phone service,DSL,Yes,Yes,No,Yes,No,No,One year,0,Credit card (automatic),39.65,1798.65
0674-EYYZV,1,No,DSL,No,No,No,No,Yes,No,Month-to-month,1,Electronic check,54.65,54.65
4480-MBMLB,1,Yes,Fiber optic,No,Yes,Yes,No,Yes,Yes,One year,1,Bank transfer (automatic),104.8,3886.45
1395-OFUWC,0,No phone service,DSL,No,Yes,No,No,No,No,Month-to-month,0,Credit card (automatic),29.3,1224.05
0822-QGCXA,1,Yes,DSL,No,Yes,Yes,Yes,Yes,Yes,Month-to-month,0,Electronic check,83.85,2310.2
2832-KJCRD,1,Yes,Fiber optic,No,No,Yes,Yes,Yes,Yes,Month-to-month,1,Electronic check,103.65,3988.5
3588-WSTTJ,1,Yes,Fiber optic,Yes,No,No,No,Yes,Yes,Month-to-month,1,Electronic check,99.05,3554.6
5090-EMGTC,1,No,Fiber optic,No,Yes,No,Yes,Yes,Yes,Two year,1,Mailed check,100.05,6034.85
2346-CZYIL,1,No,No,No internet service,No internet service,No internet service,No internet service,No internet service,No internet service,Two year,0,Credit card (automatic),20.35,531.6
3798-EPWRR,1,No,DSL,No,No,No,No,No,No,Month-to-month,0,Electronic check,43.95,85.1
6258-NGCNG,1,Yes,No,No internet service,No internet service,No internet service,No internet service,No internet service,No internet service,Month-to-month,0,Mailed check,23.5,173.0
4186-ZBUEW,1,Yes,DSL,No,Yes,No,Yes,No,Yes,One year,1,Mailed check,70.7,2511.95
5274-XHAKY,1,Yes,Fiber optic,Yes,Yes,No,No,Yes,No,Month-to-month,1,Bank transfer (automatic),94.3,3893.6
1442-BQPVU,0,No phone service,DSL,No,Yes,No,No,No,No,Month-to-month,0,Electronic check,29.15,357.15
3978-YNKDD,1,No,No,No internet service,No internet service,No internet service,No internet service,No internet service,No internet service,Two year,0,Credit card (automatic),20.85,467.5
4940-KHCWD,0,No phone service,DSL,Yes,Yes,No,Yes,No,No,Two year,0,Bank transfer (automatic),37.7,2288.7
9589-ABEPT,1,Yes,Fiber optic,No,Yes,No,Yes,Yes,No,Two year,1,Mailed check,92.45,6460.55
9388-ZEYVT,0,No phone service,DSL,No,No,Yes,Yes,No,Yes,One year,0,Electronic check,44.15,1931.3
0305-SQECB,0,No phone service,DSL,Yes,No,No,Yes,No,No,One year,1,Mailed check,36.05,402.6
7605-SNLQG,1,No,DSL,No,No,Yes,No,No,No,Month-to-month,1,Credit card (automatic),50.25,2221.55
4670-TABXH,1,Yes,Fiber optic,No,Yes,Yes,Yes,Yes,Yes,Two year,1,Credit card (automatic),109.75,7758.9
0064-SUDOG,1,No,No,No internet service,No internet service,No internet service,No internet service,No internet service,No internet service,Two year,0,Bank transfer (automatic),20.3,224.5
8561-NMTBD,1,Yes,Fiber optic,No,Yes,Yes,Yes,Yes,Yes,One year,1,Credit card (automatic),112.35,7388.45
5161-XEUVX,1,Yes,Fiber optic,No,No,Yes,Yes,Yes,No,Two year,0,Mailed check,94.3,3460.95
8292-FRFZQ,0,No phone service,DSL,Yes,Yes,No,Yes,No,No,One year,0,Bank transfer (automatic),41.15,1700.9
8591-NXRCV,1,Yes,DSL,Yes,No,Yes,Yes,No,Yes,Month-to-month,1,Bank transfer (automatic),74.65,3090.65
7895-VONWT,0,No phone service,DSL,No,No,Yes,No,Yes,Yes,Month-to-month,1,Electronic check,48.25,1293.8
4526-RMTLL,1,Yes,DSL,Yes,Yes,No,Yes,No,Yes,Two year,1,Credit card (automatic),76.15,645.8
6253-GNHWH,1,Yes,DSL,Yes,Yes,Yes,Yes,No,No,Two year,0,Mailed check,71.1,5224.95
4566-NECEV,1,Yes,Fiber optic,No,Yes,Yes,No,No,Yes,Month-to-month,0,Electronic check,96.55,500.1
8080-POTJR,1,Yes,DSL,Yes,No,Yes,No,Yes,Yes,One year,1,Credit card (automatic),79.3,2427.1
6906-MPARY,1,No,Fiber optic,No,Yes,No,Yes,No,Yes,One year,1,Credit card (automatic),89.6,3488.15
3662-FXJFO,1,No,No,No internet service,No internet service,No internet service,No internet service,No internet service,No internet service,Two year,1,Mailed check,20.5,1035.7
8107-RZLNV,1,Yes,Fiber optic,No,Yes,Yes,No,Yes,Yes,Two year,1,Bank transfer (automatic),106.3,7565.35
0516-OOHAR,1,No,Fiber optic,No,Yes,Yes,No,Yes,Yes,One year,0,Bank transfer (automatic),100.35,2799.0
2027-CWDNU,1,No,Fiber optic,No,No,No,Yes,No,Yes,Month-to-month,1,Electronic check,85.6,1601.5
9912-OMZDS,1,Yes,Fiber optic,No,Yes,Yes,No,Yes,Yes,One year,1,Electronic check,106.15,6256.2
3733-ZEECP,1,No,DSL,No,No,No,Yes,No,No,Month-to-month,1,Electronic check,51.1,1232.9
7878-RTCZG,1,No,No,No internet service,No internet service,No internet service,No internet service,No internet service,No internet service,Month-to-month,0,Mailed check,19.9,19.9
2452-MRMZF,1,Yes,No,No internet service,No internet service,No internet service,No internet service,No internet service,No internet service,Two year,1,Credit card (automatic),25.7,1937.4
7103-IPXPJ,1,Yes,Fiber optic,No,No,No,Yes,Yes,Yes,One year,0,Electronic check,99.4,5059.75
4342-HFXWS,1,No,DSL,Yes,No,Yes,Yes,Yes,No,One year,0,Bank transfer (automatic),69.7,3023.65
3545-CNWRG,1,Yes,Fiber optic,No,Yes,No,No,Yes,Yes,Month-to-month,1,Electronic check,98.35,4889.2
1785-BPHTP,1,No,Fiber optic,No,No,Yes,No,Yes,No,Month-to-month,0,Electronic check,85.45,2289.9
4989-LIXVT,1,Yes,Fiber optic,No,Yes,Yes,No,No,Yes,Month-to-month,1,Electronic check,95.9,6503.2
7315-WYOAW,1,Yes,Fiber optic,No,No,No,Yes,Yes,Yes,Month-to-month,0,Electronic check,100.75,1313.25
1173-XZPYF,1,Yes,Fiber optic,No,No,Yes,No,Yes,No,Month-to-month,1,Electronic check,89.2,990.3
2509-TFPJU,1,Yes,No,No internet service,No internet service,No internet service,No internet service,No internet service,No internet service,Two year,0,Credit card (automatic),25.75,1864.2
9530-GRMJG,1,Yes,DSL,No,Yes,Yes,Yes,Yes,Yes,Two year,1,Electronic check,84.1,5979.7
6898-RBTLU,1,Yes,DSL,No,Yes,No,Yes,Yes,Yes,Two year,0,Bank transfer (automatic),79.3,3902.45
5481-NTDOH,1,Yes,Fiber optic,Yes,No,Yes,No,Yes,Yes,One year,1,Credit card (automatic),107.05,7142.5
2068-WWXQZ,1,No,No,No internet service,No internet service,No internet service,No internet service,No internet service,No internet service,Two year,0,Bank transfer (automatic),20.05,902.0
2061-VVFST,1,No,No,No internet service,No internet service,No internet service,No internet service,No internet service,No internet service,Month-to-month,0,Bank transfer (automatic),19.5,805.2
0749-IRGQE,0,No phone service,DSL,No,No,No,No,Yes,Yes,Month-to-month,0,Electronic check,45.3,528.45
2380-DAMQP,1,Yes,Fiber optic,Yes,Yes,Yes,Yes,Yes,Yes,Two year,0,Electronic check,115.15,8349.7
2256-YLYLP,1,No,DSL,No,No,Yes,Yes,Yes,Yes,Two year,1,Bank transfer (automatic),72.95,4953.25
1272-ILHFG,1,No,No,No internet service,No internet service,No internet service,No internet service,No internet service,No internet service,One year,0,Mailed check,19.65,332.65
0164-XAIRP,1,No,No,No internet service,No internet service,No internet service,No internet service,No internet service,No internet service,Two year,1,Bank transfer (automatic),19.55,470.2
5666-CYCYZ,1,Yes,Fiber optic,No,No,No,Yes,No,Yes,Month-to-month,1,Electronic check,89.55,2259.35
4011-ARPHK,1,No,DSL,Yes,No,No,No,No,No,Month-to-month,0,Mailed check,50.35,1411.35
6365-HITVU,1,No,DSL,Yes,Yes,Yes,Yes,Yes,Yes,Two year,0,Credit card (automatic),87.25,6328.7
7558-IMLMT,1,No,No,No internet service,No internet service,No internet service,No internet service,No internet service,No internet service,Two year,1,Mailed check,20.8,1411.9
9488-FYQAU,1,Yes,Fiber optic,No,Yes,Yes,Yes,Yes,Yes,Two year,1,Bank transfer (automatic),109.25,6841.4
3590-TCXTB,1,No,No,No internet service,No internet service,No internet service,No internet service,No internet service,No internet service,Month-to-month,0,Mailed check,20.35,20.35
6994-KERXL,1,No,DSL,No,No,No,No,No,Yes,Month-to-month,1,Electronic check,55.9,238.5
1960-UOTYM,1,No,DSL,Yes,Yes,Yes,No,Yes,Yes,Two year,0,Electronic check,79.2,4016.3
2740-JFBOK,1,Yes,No,No internet service,No internet service,No internet service,No internet service,No internet service,No internet service,Month-to-month,1,Electronic check,24.0,226.55
6500-JVEGC,1,Yes,Fiber optic,Yes,Yes,Yes,No,Yes,No,One year,0,Bank transfer (automatic),101.35,7110.75
5245-VDBUR,0,No phone service,DSL,Yes,No,Yes,No,No,No,One year,0,Mailed check,35.45,1958.95
8469-SNFFH,1,Yes,DSL,Yes,Yes,Yes,Yes,Yes,No,One year,0,Bank transfer (automatic),79.4,5528.9
2144-ESWKO,0,No phone service,DSL,Yes,No,Yes,No,No,No,One year,1,Credit card (automatic),35.2,1463.7
1241-FPMOF,1,No,No,No internet service,No internet service,No internet service,No internet service,No internet service,No internet service,Two year,0,Mailed check,19.65,1025.05
9928-BZVLZ,0,No phone service,DSL,Yes,No,Yes,Yes,No,Yes,Two year,0,Mailed check,49.85,552.1
4114-QMKVN,1,Yes,DSL,Yes,Yes,No,No,No,Yes,One year,0,Bank transfer (automatic),68.75,3815.4
9003-CPATH,1,Yes,Fiber optic,No,No,Yes,No,No,No,Month-to-month,0,Electronic check,79.9,3313.4
1754-GKYPY,1,No,Fiber optic,No,No,No,No,Yes,Yes,Month-to-month,1,Bank transfer (automatic),89.75,1938.9
7956-XQWGU,1,No,No,No internet service,No internet service,No internet service,No internet service,No internet service,No internet service,Month-to-month,1,Credit card (automatic),19.4,460.25
1591-MQJTP,1,Yes,Fiber optic,Yes,No,Yes,No,No,Yes,One year,1,Bank transfer (automatic),93.65,4839.15
2369-FEVNO,1,No,No,No internet service,No internet service,No internet service,No internet service,No internet service,No internet service,Month-to-month,1,Mailed check,19.9,19.9
7471-MQPOS,1,Yes,DSL,No,Yes,Yes,Yes,No,Yes,One year,1,Bank transfer (automatic),72.9,5139.65
5115-SQAAU,1,Yes,No,No internet service,No internet service,No internet service,No internet service,No internet service,No internet service,Two year,1,Bank transfer (automatic),25.6,1673.4
9845-QOMAD,1,No,No,No internet service,No internet service,No internet service,No internet service,No internet service,No internet service,One year,0,Mailed check,19.75,309.35
7672-VFMXZ,1,No,DSL,Yes,No,No,Yes,No,No,Month-to-month,0,Electronic check,55.7,3171.6
9739-JLPQJ,1,Yes,Fiber optic,Yes,Yes,Yes,Yes,Yes,Yes,Two year,0,Credit card (automatic),117.5,8670.1
9916-AYHTC,1,No,No,No internet service,No internet service,No internet service,No internet service,No internet service,No internet service,Two year,0,Credit card (automatic),19.85,916.0
3855-ONCAR,1,No,Fiber optic,No,No,No,No,Yes,No,Month-to-month,1,Mailed check,78.9,299.75
1488-SYSFC,1,No,No,No internet service,No internet service,No internet service,No internet service,No internet service,No internet service,Month-to-month,1,Electronic check,20.65,702.05
0970-QXPXW,1,No,No,No internet service,No internet service,No internet service,No internet service,No internet service,No internet service,Month-to-month,0,Mailed check,19.65,19.65
3259-KNMRR,1,Yes,DSL,No,Yes,Yes,No,Yes,Yes,Two year,1,Bank transfer (automatic),79.75,4438.2
6120-RJKLU,1,No,DSL,Yes,No,Yes,Yes,Yes,Yes,Two year,1,Credit card (automatic),79.95,4819.75
9572-WUKSB,0,No phone service,DSL,No,No,No,Yes,No,No,Month-to-month,1,Electronic check,29.9,92.25
5893-KCLGT,1,No,No,No internet service,No internet service,No internet service,No internet service,No internet service,No internet service,Two year,1,Mailed check,19.75,1567.0
0076-LVEPS,0,No phone service,DSL,Yes,Yes,Yes,Yes,No,No,Month-to-month,1,Mailed check,45.0,1242.45
3640-JQGJG,1,No,DSL,No,No,No,No,No,No,Month-to-month,0,Bank transfer (automatic),44.8,559.2
1596-OQSPS,1,No,DSL,No,Yes,No,No,No,No,Month-to-month,0,Electronic check,51.1,531.15
9867-XOBQA,0,No phone service,DSL,Yes,Yes,Yes,Yes,Yes,No,Two year,0,Mailed check,53.15,1183.2
9546-KDTRB,1,Yes,No,No internet service,No internet service,No internet service,No internet service,No internet service,No internet service,Month-to-month,0,Bank transfer (automatic),24.7,465.85
3174-RKMOW,1,Yes,Fiber optic,No,Yes,Yes,Yes,Yes,Yes,Month-to-month,1,Electronic check,109.95,3782.4
1760-CAZHT,1,No,No,No internet service,No internet service,No internet service,No internet service,No internet service,No internet service,Month-to-month,0,Mailed check,20.8,460.2
8441-SHIPE,1,Yes,No,No internet service,No internet service,No internet service,No internet service,No internet service,No internet service,Two year,1,Bank transfer (automatic),25.6,1790.35
1320-GVNHT,1,Yes,Fiber optic,Yes,Yes,Yes,No,Yes,Yes,Two year,1,Credit card (automatic),108.4,7767.25
1047-RNXZV,1,No,No,No internet service,No internet service,No internet service,No internet service,No internet service,No internet service,Two year,0,Mailed check,19.55,876.15
3541-ZNUHK,1,Yes,Fiber optic,Yes,Yes,No,No,No,No,Month-to-month,1,Electronic check,85.1,4600.95
8725-JEDFD,1,No,Fiber optic,No,No,No,No,No,No,Month-to-month,1,Mailed check,69.05,1793.25
7562-UXTPG,1,No,Fiber optic,No,No,No,No,No,No,Month-to-month,1,Mailed check,70.15,886.7
8071-SBTRN,1,Yes,Fiber optic,Yes,Yes,Yes,No,Yes,Yes,Two year,1,Mailed check,111.15,7737.55
6668-CNMFP,1,Yes,Fiber optic,No,No,No,Yes,No,Yes,One year,1,Bank transfer (automatic),89.35,1686.85
5626-MGTUK,1,Yes,Fiber optic,Yes,No,No,No,Yes,No,Month-to-month,1,Bank transfer (automatic),89.1,1879.25
5681-LLOEI,1,Yes,Fiber optic,Yes,No,Yes,Yes,No,No,One year,1,Credit card (automatic),91.25,4013.8
8212-DJRCH,1,No,Fiber optic,Yes,No,Yes,No,No,Yes,Month-to-month,1,Mailed check,90.35,434.5
4323-OHFOW,1,Yes,Fiber optic,No,Yes,No,Yes,Yes,Yes,One year,1,Bank transfer (automatic),105.55,7195.35
4933-BSAIP,1,No,No,No internet service,No internet service,No internet service,No internet service,No internet service,No internet service,Two year,0,Mailed check,19.1,780.1
2030-BTZRO,1,No,No,No internet service,No internet service,No internet service,No internet service,No internet service,No internet service,Two year,1,Credit card (automatic),20.4,107.6
1116-DXXDF,1,No,Fiber optic,Yes,No,Yes,No,Yes,Yes,Two year,1,Electronic check,100.45,3801.7
6563-VNPMN,1,No,Fiber optic,Yes,Yes,No,Yes,No,No,Month-to-month,1,Bank transfer (automatic),85.7,3778.1
2267-WTPYD,1,Yes,Fiber optic,No,Yes,Yes,No,No,Yes,Month-to-month,0,Credit card (automatic),94.0,5438.95
0270-THENM,1,Yes,DSL,Yes,Yes,Yes,Yes,No,No,Two year,0,Bank transfer (automatic),69.85,5102.35
4707-MAXGU,1,Yes,No,No internet service,No internet service,No internet service,No internet service,No internet service,No internet service,Two year,0,Credit card (automatic),25.85,1872.2
2710-WYVXG,1,No,DSL,Yes,Yes,No,Yes,No,Yes,Two year,0,Mailed check,71.1,213.35
6300-BWMJX,1,Yes,Fiber optic,No,No,Yes,Yes,Yes,No,Month-to-month,0,Electronic check,93.35,5386.5
7009-LGECI,1,No,DSL,Yes,No,No,No,No,No,Month-to-month,1,Bank transfer (automatic),50.55,235.65
5022-KVDQT,1,Yes,Fiber optic,No,No,Yes,No,No,No,Month-to-month,1,Electronic check,81.3,2272.8
7976-CICYS,1,No,No,No internet service,No internet service,No internet service,No internet service,No internet service,No internet service,Month-to-month,1,Credit card (automatic),20.7,83.75
1036-GUDCL,1,No,DSL,Yes,Yes,No,Yes,Yes,Yes,Month-to-month,1,Credit card (automatic),79.05,4663.4
2005-DWQZJ,1,No,No,No internet service,No internet service,No internet service,No internet service,No internet service,No internet service,Two year,0,Mailed check,19.05,201.7
8148-WOCMK,1,No,No,No internet service,No internet service,No internet service,No internet service,No internet service,No internet service,Two year,0,Credit card (automatic),19.6,125.0
7815-PDTHL,1,No,No,No internet service,No internet service,No internet service,No internet service,No internet service,No internet service,Two year,1,Mailed check,20.2,684.4
9173-IVZVP,1,No,No,No internet service,No internet service,No internet service,No internet service,No internet service,No internet service,Two year,0,Mailed check,20.9,1146.05
9129-UXERG,1,Yes,Fiber optic,No,Yes,No,Yes,Yes,Yes,Month-to-month,1,Credit card (automatic),103.6,1806.35
3635-JBPSG,0,No phone service,DSL,No,Yes,No,No,No,Yes,Two year,1,Mailed check,38.8,603.0
7964-ZRKKG,1,Yes,Fiber optic,No,Yes,No,No,Yes,No,One year,1,Bank transfer (automatic),88.4,5798.3
6229-LSCKB,1,No,Fiber optic,No,No,No,No,Yes,No,Month-to-month,1,Electronic check,79.7,497.6
1724-IQWNM,1,No,No,No internet service,No internet service,No internet service,No internet service,No internet service,No internet service,Month-to-month,1,Mailed check,19.3,19.3
8217-QYOHV,1,No,DSL,Yes,No,No,Yes,No,No,Month-to-month,1,Mailed check,55.75,266.95
5546-QUERU,1,No,No,No internet service,No internet service,No internet service,No internet service,No internet service,No internet service,One year,1,Mailed check,19.95,257.0
6897-UUBNU,1,No,Fiber optic,No,Yes,No,Yes,Yes,No,Month-to-month,0,Mailed check,89.65,2623.65
6127-IYJOZ,1,No,DSL,No,No,No,No,No,No,Month-to-month,1,Mailed check,45.85,45.85
8930-XOTDP,1,No,DSL,No,No,No,No,Yes,No,Month-to-month,0,Mailed check,55.95,1082.8
5916-QEWPT,1,No,DSL,No,No,Yes,No,Yes,Yes,Month-to-month,0,Credit card (automatic),69.0,147.8
5060-TQUQN,1,Yes,Fiber optic,No,Yes,No,Yes,No,No,Month-to-month,1,Bank transfer (automatic),83.55,2570.2
0531-XBKMM,1,Yes,DSL,Yes,Yes,No,Yes,No,No,Two year,0,Bank transfer (automatic),65.7,4378.9
8465-SBRXP,1,Yes,Fiber optic,No,No,Yes,Yes,Yes,No,Two year,1,Bank transfer (automatic),94.9,3616.25
2408-PSJVE,1,No,DSL,No,Yes,Yes,Yes,No,No,Month-to-month,1,Mailed check,61.9,2924.05
9700-ZCLOT,1,No,No,No internet service,No internet service,No internet service,No internet service,No internet service,No internet service,Month-to-month,0,Mailed check,20.0,32.7
8738-JOKAR,1,No,DSL,Yes,Yes,No,Yes,No,Yes,One year,1,Mailed check,67.7,2882.25
4534-WGCIR,1,Yes,No,No internet service,No internet service,No internet service,No internet service,No internet service,No internet service,Two year,0,Credit card (automatic),25.15,1509.9
1930-WNXSB,1,No,Fiber optic,No,Yes,No,No,Yes,Yes,Month-to-month,1,Electronic check,92.85,5305.05
3508-CFVZL,1,Yes,Fiber optic,Yes,Yes,Yes,Yes,Yes,Yes,Two year,0,Mailed check,111.3,7985.9
0657-DOGUM,1,Yes,DSL,Yes,No,No,Yes,No,No,One year,1,Bank transfer (automatic),60.6,2985.25
8792-AOROI,1,No,DSL,Yes,No,No,Yes,No,Yes,Two year,0,Mailed check,65.5,564.35
5146-YYFRZ,1,No,No,No internet service,No internet service,No internet service,No internet service,No internet service,No internet service,Two year,0,Bank transfer (automatic),19.95,1311.75
3452-SRFEG,1,Yes,Fiber optic,No,No,No,No,No,No,Month-to-month,1,Bank transfer (automatic),74.6,3720.35
4070-OKWVH,1,Yes,Fiber optic,No,Yes,Yes,No,Yes,No,Month-to-month,0,Bank transfer (automatic),94.6,5025.8
5297-MDOIR,1,No,Fiber optic,Yes,No,Yes,No,No,No,One year,1,Credit card (automatic),81.15,5224.5
6369-MCAKO,1,Yes,DSL,Yes,Yes,Yes,Yes,Yes,Yes,Two year,1,Bank transfer (automatic),89.05,6185.8
4926-UMJZD,1,No,DSL,No,No,No,Yes,No,No,Month-to-month,1,Mailed check,49.2,1498.55
6848-HJTXY,1,No,No,No internet service,No internet service,No internet service,No internet service,No internet service,No internet service,Two year,0,Credit card (automatic),19.45,1208.6
6341-AEVKX,1,No,Fiber optic,Yes,No,Yes,Yes,Yes,Yes,One year,1,Electronic check,104.3,6613.65
0682-USIXD,1,No,Fiber optic,No,No,No,Yes,Yes,No,Month-to-month,1,Electronic check,86.05,1818.9
6976-BWGLQ,1,Yes,No,No internet service,No internet service,No internet service,No internet service,No internet service,No internet service,Two year,0,Bank transfer (automatic),25.2,1787.35
7078-NVFAM,0,No phone service,DSL,Yes,Yes,No,No,No,No,Month-to-month,1,Electronic check,35.15,1051.05
8065-QBYTO,1,Yes,Fiber optic,Yes,Yes,No,Yes,Yes,No,One year,1,Credit card (automatic),99.65,7181.25
2133-TSRRM,1,No,Fiber optic,Yes,Yes,Yes,No,Yes,Yes,Month-to-month,1,Bank transfer (automatic),105.35,3688.6
2511-ALLCS,1,Yes,No,No internet service,No internet service,No internet service,No internet service,No internet service,No internet service,Two year,0,Bank transfer (automatic),24.3,821.6
3191-CSNMG,1,No,Fiber optic,No,No,No,No,Yes,No,Month-to-month,1,Electronic check,80.7,239.45
7952-OBOYL,1,No,Fiber optic,No,No,Yes,Yes,Yes,No,Month-to-month,1,Mailed check,89.85,244.45
7470-DYNOE,1,No,DSL,No,No,Yes,No,No,Yes,One year,1,Electronic check,61.1,3357.9
7853-OETYL,0,No phone service,DSL,Yes,No,No,No,No,No,Month-to-month,1,Electronic check,29.05,129.6
1545-ACTAS,1,No,Fiber optic,Yes,No,Yes,No,Yes,Yes,One year,1,Bank transfer (automatic),99.7,4977.2
5126-RCXYW,0,No phone service,DSL,No,No,Yes,Yes,No,Yes,Two year,0,Credit card (automatic),46.0,2424.05
2363-BJLSL,1,No,DSL,No,Yes,Yes,Yes,Yes,Yes,Month-to-month,1,Bank transfer (automatic),80.4,4981.15
1956-YIFGE,1,No,Fiber optic,No,Yes,Yes,No,Yes,Yes,One year,1,Mailed check,100.05,2090.25
7921-LMDFQ,1,No,Fiber optic,No,No,Yes,No,Yes,Yes,One year,1,Bank transfer (automatic),94.0,4905.75
2925-MXLSX,1,Yes,DSL,No,Yes,Yes,No,Yes,No,One year,1,Credit card (automatic),68.95,2038.7
5820-PTRYM,1,Yes,DSL,Yes,Yes,Yes,Yes,No,No,One year,1,Credit card (automatic),68.45,4014.0
9609-BENEA,1,Yes,DSL,No,Yes,No,Yes,Yes,No,One year,1,Electronic check,69.0,2441.7
6211-WHMYA,0,No phone service,DSL,No,Yes,No,Yes,Yes,No,Month-to-month,1,Electronic check,43.85,2751.0
4459-BBGHE,0,No phone service,DSL,No,No,No,No,Yes,Yes,Month-to-month,1,Electronic check,44.5,1307.8
9945-PSVIP,1,No,No,No internet service,No internet service,No internet service,No internet service,No internet service,No internet service,Two year,1,Mailed check,18.7,383.65
9108-EJFJP,1,No,DSL,Yes,Yes,No,No,No,No,Month-to-month,1,Mailed check,53.55,53.55
0530-IJVDB,1,Yes,Fiber optic,Yes,Yes,Yes,Yes,Yes,Yes,Two year,1,Electronic check,114.6,7882.5
0508-SQWPL,1,No,No,No internet service,No internet service,No internet service,No internet service,No internet service,No internet service,Two year,1,Bank transfer (automatic),20.1,1087.7
2215-ZAFGX,1,Yes,Fiber optic,No,No,No,No,Yes,No,Month-to-month,1,Electronic check,85.5,791.7
8213-TAZPM,1,Yes,Fiber optic,No,Yes,Yes,Yes,Yes,Yes,One year,1,Bank transfer (automatic),108.75,7493.05
1304-SEGFY,1,Yes,Fiber optic,No,No,Yes,No,Yes,Yes,Two year,1,Electronic check,97.85,6841.3
7242-EDTYC,1,No,No,No internet service,No internet service,No internet service,No internet service,No internet service,No internet service,Two year,0,Bank transfer (automatic),19.55,819.95
2904-GGUAZ,1,Yes,Fiber optic,Yes,Yes,No,No,No,No,Two year,1,Bank transfer (automatic),84.05,6052.25
5136-GFPMB,1,Yes,Fiber optic,No,No,Yes,No,No,Yes,Month-to-month,0,Credit card (automatic),89.4,4869.5
2595-KIWPV,1,No,No,No internet service,No internet service,No internet service,No internet service,No internet service,No internet service,Two year,0,Credit card (automatic),19.7,509.3
5243-SAOTC,1,Yes,Fiber optic,No,Yes,No,No,No,No,Month-to-month,1,Bank transfer (automatic),79.85,4308.25
9398-MMQTO,1,No,Fiber optic,No,Yes,No,No,No,No,Month-to-month,0,Credit card (automatic),74.45,221.1
7619-PLRLP,1,Yes,DSL,Yes,Yes,Yes,No,No,Yes,One year,0,Bank transfer (automatic),74.1,3833.95
6508-NJYRO,1,No,No,No internet service,No internet service,No internet service,No internet service,No internet service,No internet service,One year,0,Mailed check,18.8,294.95
4710-NKCAW,1,Yes,DSL,Yes,Yes,No,Yes,No,No,Month-to-month,0,Credit card (automatic),64.4,316.9
5306-BVTKJ,1,No,DSL,No,Yes,Yes,No,No,No,One year,1,Credit card (automatic),55.8,2651.2
0357-NVCRI,1,No,No,No internet service,No internet service,No internet service,No internet service,No internet service,No internet service,Month-to-month,0,Credit card (automatic),20.05,471.7
2371-KFUOG,1,No,Fiber optic,Yes,Yes,No,No,Yes,Yes,One year,0,Bank transfer (automatic),99.15,5720.95
0463-ZSDNT,1,No,DSL,No,No,No,No,No,Yes,Month-to-month,1,Bank transfer (automatic),56.75,503.25
6257-DTAYD,1,Yes,Fiber optic,No,Yes,No,Yes,Yes,Yes,Two year,1,Credit card (automatic),104.15,7365.3
4616-ULAOA,1,Yes,Fiber optic,No,Yes,Yes,Yes,Yes,Yes,Two year,1,Credit card (automatic),110.8,7245.9
7746-AWNQW,0,No phone service,DSL,No,No,Yes,Yes,No,No,Month-to-month,1,Mailed check,35.75,961.4
5996-EBTKM,1,Yes,DSL,No,No,Yes,Yes,No,Yes,Two year,1,Bank transfer (automatic),69.9,4615.9
2758-RNWXS,1,No,Fiber optic,Yes,No,No,Yes,No,Yes,One year,1,Electronic check,89.2,3251.3
2314-TNDJQ,0,No phone service,DSL,Yes,Yes,Yes,Yes,No,Yes,Two year,0,Credit card (automatic),55.65,3880.05
2405-LBMUW,0,No phone service,DSL,Yes,Yes,No,Yes,No,Yes,One year,1,Bank transfer (automatic),50.7,3088.75
3454-JFUBC,1,No,No,No internet service,No internet service,No internet service,No internet service,No internet service,No internet service,Two year,1,Credit card (automatic),20.0,1396.0
9039-ZVJDC,1,No,No,No internet service,No internet service,No internet service,No internet service,No internet service,No internet service,Month-to-month,1,Mailed check,19.1,53.05
9013-AQORL,0,No phone service,DSL,No,Yes,Yes,No,No,Yes,Month-to-month,0,Credit card (automatic),45.55,2108.35
2898-MRKPI,1,Yes,Fiber optic,No,Yes,No,No,Yes,Yes,One year,1,Credit card (automatic),101.05,6770.5
2750-BJLSB,1,No,Fiber optic,Yes,No,Yes,Yes,Yes,Yes,One year,1,Electronic check,103.7,4730.6
3648-GZPHF,0,No phone service,DSL,No,No,Yes,Yes,No,No,One year,1,Mailed check,36.25,1151.05
2075-RMJIK,1,No,DSL,Yes,No,No,No,No,No,Month-to-month,1,Mailed check,49.4,232.55
9588-YRFHY,1,No,No,No internet service,No internet service,No internet service,No internet service,No internet service,No internet service,Two year,1,Credit card (automatic),19.9,1022.6
9364-YKUVW,1,No,No,No internet service,No internet service,No internet service,No internet service,No internet service,No internet service,Month-to-month,1,Mailed check,19.8,309.4
5392-AKEMH,1,No,DSL,No,No,No,No,No,No,Month-to-month,1,Electronic check,45.05,523.1
2451-YMUXS,1,Yes,DSL,Yes,Yes,No,Yes,No,No,Two year,1,Bank transfer (automatic),64.55,4250.1
3914-FDRHP,1,No,Fiber optic,No,No,No,Yes,Yes,No,Month-to-month,0,Electronic check,86.25,770.5
3078-ZKNTS,1,No,No,No internet service,No internet service,No internet service,No internet service,No internet service,No internet service,Two year,1,Bank transfer (automatic),19.75,246.7
1024-KPRBB,1,No,Fiber optic,No,No,No,No,Yes,Yes,One year,1,Mailed check,89.1,3342.0
4690-PKDQG,1,Yes,Fiber optic,No,Yes,Yes,No,Yes,No,Month-to-month,1,Electronic check,95.55,3930.6
9547-ITEFG,1,Yes,Fiber optic,No,Yes,Yes,No,Yes,Yes,Month-to-month,1,Credit card (automatic),102.6,897.75
1264-FUHCX,0,No phone service,DSL,No,Yes,No,Yes,Yes,Yes,One year,1,Credit card (automatic),56.3,2780.6
7789-CRUVC,1,Yes,Fiber optic,Yes,Yes,Yes,Yes,No,No,Month-to-month,1,Credit card (automatic),94.2,5895.45
6598-KELSS,0,No phone service,DSL,Yes,Yes,No,No,Yes,No,One year,1,Bank transfer (automatic),43.05,2208.05
9972-VAFJJ,1,No,Fiber optic,No,Yes,Yes,Yes,Yes,No,One year,1,Electronic check,94.0,4871.45
0422-UXFAP,1,Yes,Fiber optic,No,No,Yes,No,Yes,Yes,One year,1,Electronic check,98.85,4947.55
1904-WAJAA,1,Yes,DSL,Yes,Yes,Yes,No,No,No,Two year,0,Electronic check,64.35,1558.65
5130-YPIRV,1,No,DSL,Yes,Yes,Yes,No,Yes,No,Two year,1,Credit card (automatic),72.0,4284.2
2843-CQMEG,1,No,DSL,No,Yes,No,No,No,No,Month-to-month,1,Mailed check,49.7,1218.25
6439-PKTRR,1,Yes,DSL,Yes,Yes,Yes,Yes,Yes,No,Two year,0,Electronic check,80.7,5617.95
5351-QESIO,0,No phone service,DSL,No,No,No,No,No,No,Month-to-month,0,Mailed check,24.2,24.2
5568-DMXZS,1,No,DSL,No,Yes,No,Yes,Yes,No,Month-to-month,1,Electronic check,65.45,554.45
8468-FZTOE,1,No,DSL,Yes,Yes,Yes,Yes,No,Yes,Two year,1,Electronic check,74.35,5237.4
6633-SYEUS,1,No,Fiber optic,No,Yes,Yes,Yes,No,No,Month-to-month,0,Bank transfer (automatic),83.2,2032.3
6447-GORXK,0,No phone service,DSL,No,No,No,No,No,No,Month-to-month,0,Credit card (automatic),25.0,789.2
6967-PEJLL,0,No phone service,DSL,Yes,No,Yes,Yes,No,No,One year,1,Electronic check,40.2,1525.35
5981-ZVXOT,1,Yes,Fiber optic,Yes,Yes,Yes,No,Yes,Yes,One year,1,Electronic check,108.35,3726.15
1684-FLBGS,1,Yes,DSL,No,Yes,No,Yes,Yes,No,Month-to-month,1,Credit card (automatic),69.5,1652.1
1389-WNUIB,1,Yes,DSL,Yes,No,No,No,Yes,Yes,One year,0,Bank transfer (automatic),76.0,1588.75
0376-OIWME,1,No,Fiber optic,Yes,No,No,No,Yes,Yes,Month-to-month,1,Electronic check,93.6,3366.05
0218-QNVAS,1,Yes,Fiber optic,No,Yes,No,No,Yes,Yes,One year,0,Bank transfer (automatic),100.55,7113.75
0804-YGEQV,1,Yes,No,No internet service,No internet service,No internet service,No internet service,No internet service,No internet service,One year,1,Bank transfer (automatic),24.45,993.15
7164-BPTUT,1,Yes,DSL,Yes,Yes,Yes,Yes,Yes,Yes,Two year,0,Mailed check,89.55,5012.35
2523-EWWZL,1,No,Fiber optic,No,Yes,No,No,No,No,Month-to-month,1,Electronic check,76.1,2093.4
0928-XUTSN,1,No,Fiber optic,No,No,No,No,No,Yes,Month-to-month,1,Electronic check,80.5,1011.8
0052-YNYOT,1,No,No,No internet service,No internet service,No internet service,No internet service,No internet service,No internet service,One year,0,Electronic check,20.55,1343.4
9586-JGQKH,1,Yes,Fiber optic,No,Yes,No,Yes,Yes,Yes,Two year,1,Bank transfer (automatic),105.4,6794.75
4501-VCPFK,0,No phone service,DSL,No,No,Yes,Yes,No,No,Month-to-month,0,Electronic check,35.75,1022.5
6075-SLNIL,1,Yes,Fiber optic,No,Yes,Yes,No,No,Yes,Month-to-month,1,Credit card (automatic),95.1,3691.2
9347-AERRL,1,No,No,No internet service,No internet service,No internet service,No internet service,No internet service,No internet service,One year,0,Credit card (automatic),19.3,486.2
2274-XUATA,0,No phone service,DSL,Yes,Yes,Yes,Yes,Yes,Yes,Two year,1,Bank transfer (automatic),63.1,4685.55
6691-CCIHA,1,Yes,DSL,Yes,Yes,No,Yes,Yes,Yes,Two year,1,Electronic check,84.95,5150.55
1685-BQULA,1,Yes,Fiber optic,No,Yes,Yes,No,Yes,No,Month-to-month,1,Bank transfer (automatic),93.4,3756.4
9053-EJUNL,1,Yes,Fiber optic,No,Yes,No,No,Yes,No,Month-to-month,1,Electronic check,89.2,3645.75
0666-UXTJO,1,No,Fiber optic,No,No,Yes,No,Yes,No,Month-to-month,1,Credit card (automatic),85.2,2874.45
1471-GIQKQ,1,No,DSL,No,Yes,No,No,No,No,Month-to-month,0,Electronic check,49.95,49.95
4807-IZYOZ,1,No,No,No internet service,No internet service,No internet service,No internet service,No internet service,No internet service,Two year,0,Bank transfer (automatic),20.65,1020.75
9710-NJERN,1,No,No,No internet service,No internet service,No internet service,No internet service,No internet service,No internet service,Two year,0,Mailed check,20.15,826.0
9837-FWLCH,1,No,No,No internet service,No internet service,No internet service,No internet service,No internet service,No internet service,Month-to-month,1,Electronic check,19.2,239.0
7203-OYKCT,1,Yes,Fiber optic,No,Yes,Yes,No,Yes,Yes,One year,1,Electronic check,104.95,7544.3
1035-IPQPU,1,Yes,Fiber optic,No,Yes,Yes,No,Yes,Yes,Month-to-month,1,Electronic check,103.5,6479.4
7398-LXGYX,1,Yes,Fiber optic,Yes,No,Yes,No,No,No,Month-to-month,1,Credit card (automatic),84.8,3626.35
2823-LKABH,1,Yes,Fiber optic,No,No,Yes,Yes,No,Yes,Month-to-month,1,Bank transfer (automatic),95.05,1679.4
0550-DCXLH,1,No,DSL,No,Yes,No,Yes,Yes,Yes,Month-to-month,0,Mailed check,73.35,931.55
9281-CEDRU,1,No,DSL,No,Yes,No,Yes,Yes,No,Two year,0,Bank transfer (automatic),64.1,4326.25
2235-DWLJU,0,No phone service,DSL,No,No,No,No,Yes,Yes,Month-to-month,1,Electronic check,44.4,263.05
0871-OPBXW,1,No,No,No internet service,No internet service,No internet service,No internet service,No internet service,No internet service,Month-to-month,1,Mailed check,20.05,39.25
3605-JISKB,1,Yes,DSL,Yes,Yes,No,No,No,No,One year,0,Credit card (automatic),60.0,3316.1
9767-FFLEM,1,No,Fiber optic,No,No,No,No,No,No,Month-to-month,1,Credit card (automatic),69.5,2625.25
8456-QDAVC,1,No,Fiber optic,No,No,No,No,Yes,No,Month-to-month,1,Bank transfer (automatic),78.7,1495.1
7750-EYXWZ,0,No phone service,DSL,No,Yes,Yes,Yes,Yes,Yes,One year,0,Electronic check,60.65,743.3
2569-WGERO,1,No,No,No internet service,No internet service,No internet service,No internet service,No internet service,No internet service,Two year,1,Bank transfer (automatic),21.15,1419.4
6840-RESVB,1,Yes,DSL,Yes,No,Yes,Yes,Yes,Yes,One year,1,Mailed check,84.8,1990.5
2234-XADUH,1,Yes,Fiber optic,No,Yes,Yes,No,Yes,Yes,One year,1,Credit card (automatic),103.2,7362.9
4801-JZAZL,0,No phone service,DSL,Yes,No,No,No,No,No,Month-to-month,1,Electronic check,29.6,346.45
3186-AJIEK,1,No,Fiber optic,Yes,No,Yes,Yes,Yes,Yes,Two year,1,Bank transfer (automatic),105.65,6844.5
