customer_id,churn_probability,risk_segment,estimated_revenue_at_risk,predicted_on,model_name
0002-ORFBO,0.046101335,Low,3.0242476046085356,2026-03-30 19:32:06.333434,XGBoost
0003-MKNFE,0.2044252,Low,12.245069529116153,2026-03-30 19:32:06.333434,XGBoost
0004-TLHLJ,0.80820554,High,59.72638977169991,2026-03-30 19:32:06.333434,XGBoost
0011-IGKFF,0.9998481,High,97.985116481781,2026-03-30 19:32:06.333434,XGBoost
0013-EXCHZ,0.94978493,High,79.68695600628854,2026-03-30 19:32:06.333434,XGBoost
0013-MHZWF,0.00039683728,Low,0.02754050699877553,2026-03-30 19:32:06.333434,XGBoost
0013-SMEOE,3.864028e-05,Low,0.004238838600213057,2026-03-30 19:32:06.333434,XGBoost
0014-BMAQU,0.00014194443,Low,0.012015596054698109,2026-03-30 19:32:06.333434,XGBoost
0015-UOCOJ,0.00014160889,Low,0.006825548622873612,2026-03-30 19:32:06.333434,XGBoost
0016-QLJIS,2.7338041e-05,Low,0.002472725811730925,2026-03-30 19:32:06.333434,XGBoost
0017-DINOC,7.288714e-05,Low,0.003294498648028821,2026-03-30 19:32:06.333434,XGBoost
0017-IUDMW,9.61822e-06,Low,0.0011234081248403527,2026-03-30 19:32:06.333434,XGBoost
0018-NYROU,0.0009561153,Low,0.06592415082268417,2026-03-30 19:32:06.333434,XGBoost
0019-EFAEP,0.00036750105,Low,0.03722785657737404,2026-03-30 19:32:06.333434,XGBoost
0019-GFNTW,2.495978e-05,Low,0.0011244380752032156,2026-03-30 19:32:06.333434,XGBoost
0020-INWCK,1.5376396e-05,Low,0.0014722898999934841,2026-03-30 19:32:06.333434,XGBoost
0020-JDNXP,1.9822552e-05,Low,0.0012141312868152454,2026-03-30 19:32:06.333434,XGBoost
0021-IKXGC,0.0014770438,Low,0.10649486107286064,2026-03-30 19:32:06.333434,XGBoost
0022-TCJCI,0.9979705,High,62.572751694917685,2026-03-30 19:32:06.333434,XGBoost
0023-HGHWL,0.99994934,High,25.09872833490372,2026-03-30 19:32:06.333434,XGBoost
0023-UYUPN,7.214239e-05,Low,0.001817988304537721,2026-03-30 19:32:06.333434,XGBoost
0023-XUOPT,0.95699704,High,90.05342117547988,2026-03-30 19:32:06.333434,XGBoost
0027-KWYKW,0.12143743,Low,10.170384794473648,2026-03-30 19:32:06.333434,XGBoost
0030-FNXPP,0.00017336519,Low,0.0034412989807606213,2026-03-30 19:32:06.333434,XGBoost
0031-PVLZI,0.999451,High,20.33882747590542,2026-03-30 19:32:06.333434,XGBoost
0032-PGELS,0.96280366,High,29.365511685609818,2026-03-30 19:32:06.333434,XGBoost
0036-IHMOT,0.0067200763,Low,0.6968719138763845,2026-03-30 19:32:06.333434,XGBoost
0040-HALCW,3.589911e-05,Low,0.0007323418278247117,2026-03-30 19:32:06.333434,XGBoost
0042-JVWOJ,4.3758067e-05,Low,0.0008576581225497649,2026-03-30 19:32:06.333434,XGBoost
0042-RLHYP,0.000438483,Low,0.008638115008943714,2026-03-30 19:32:06.333434,XGBoost
0048-LUMLS,0.0002761258,Low,0.025182672310620546,2026-03-30 19:32:06.333434,XGBoost
0048-PIHNL,6.791044e-05,Low,0.00138876852724934,2026-03-30 19:32:06.333434,XGBoost
0052-DCKON,5.478155e-05,Low,0.006343703572929371,2026-03-30 19:32:06.333434,XGBoost
0052-YNYOT,0.0011590597,Low,0.023818676808150484,2026-03-30 19:32:06.333434,XGBoost
0056-EPFBG,2.4443598e-05,Low,0.0009630777531128842,2026-03-30 19:32:06.333434,XGBoost
0057-QBUQH,2.8322369e-05,Low,0.0007108914609489148,2026-03-30 19:32:06.333434,XGBoost
0058-EVZWM,8.33348e-05,Low,0.007483465236146003,2026-03-30 19:32:06.333434,XGBoost
0060-FUALY,9.739623e-05,Low,0.009228292845364194,2026-03-30 19:32:06.333434,XGBoost
0064-SUDOG,0.00035761797,Low,0.007259644859004766,2026-03-30 19:32:06.333434,XGBoost
0064-YIJGF,1.2198654e-05,Low,0.0009240480462722189,2026-03-30 19:32:06.333434,XGBoost
0067-DKWBL,0.99982697,High,49.24147816002369,2026-03-30 19:32:06.333434,XGBoost
0068-FIGTF,3.221279e-05,Low,0.0025190400949213656,2026-03-30 19:32:06.333434,XGBoost
0071-NDAFP,0.00051806687,Low,0.013210705103119835,2026-03-30 19:32:06.333434,XGBoost
0074-HDKDG,0.008203402,Low,0.5053295731544495,2026-03-30 19:32:06.333434,XGBoost
0076-LVEPS,0.009517679,Low,0.42829555459320545,2026-03-30 19:32:06.333434,XGBoost
0078-XZMHT,0.012346743,Low,1.0513251387514175,2026-03-30 19:32:06.333434,XGBoost
0080-EMYVY,0.00022121865,Low,0.011381699638150167,2026-03-30 19:32:06.333434,XGBoost
0080-OROZO,0.0004132115,Low,0.04101124128646916,2026-03-30 19:32:06.333434,XGBoost
0082-LDZUE,0.0005043905,Low,0.022344499645987524,2026-03-30 19:32:06.333434,XGBoost
0082-OQIQY,0.00025712186,Low,0.024220879655331373,2026-03-30 19:32:06.333434,XGBoost
0083-PIVIK,0.041614015,Low,3.3811386907473207,2026-03-30 19:32:06.333434,XGBoost
0089-IIQKO,0.0002159527,Low,0.021584473028633512,2026-03-30 19:32:06.333434,XGBoost
0093-EXYQL,0.00010754547,Low,0.009845787880112766,2026-03-30 19:32:06.333434,XGBoost
0093-XWZFY,0.99975914,High,104.47482988238335,2026-03-30 19:32:06.333434,XGBoost
0094-OIFMO,0.9997278,High,94.97413963079453,2026-03-30 19:32:06.333434,XGBoost
0096-BXERS,0.10946933,Low,5.511780856177211,2026-03-30 19:32:06.333434,XGBoost
0096-FCPUF,0.00012882863,Low,0.008309446595376357,2026-03-30 19:32:06.333434,XGBoost
0098-BOWSO,5.635351e-05,Low,0.0010932581026281696,2026-03-30 19:32:06.333434,XGBoost
0100-DUVFC,0.00077071093,Low,0.08077050573192536,2026-03-30 19:32:06.333434,XGBoost
0103-CSITQ,0.04780321,Low,5.229670980572701,2026-03-30 19:32:06.333434,XGBoost
0104-PPXDV,0.00014527433,Low,0.007307298842351883,2026-03-30 19:32:06.333434,XGBoost
0106-GHRQR,7.037356e-05,Low,0.00502467195619829,2026-03-30 19:32:06.333434,XGBoost
0106-UGRDO,0.0011442755,Low,0.13273596204817295,2026-03-30 19:32:06.333434,XGBoost
0107-WESLM,0.93267703,High,18.51363905668259,2026-03-30 19:32:06.333434,XGBoost
0107-YHINA,0.9999243,High,99.74244913458824,2026-03-30 19:32:06.333434,XGBoost
0111-KLBQG,0.0016977538,Low,0.15950396846747025,2026-03-30 19:32:06.333434,XGBoost
0112-QAWRZ,0.057678826,Low,5.237237414717674,2026-03-30 19:32:06.333434,XGBoost
0112-QWPNC,0.85337734,High,71.98237881660461,2026-03-30 19:32:06.333434,XGBoost
0114-IGABW,0.0095207635,Low,0.5545844756998122,2026-03-30 19:32:06.333434,XGBoost
0114-PEGZZ,0.00023261007,Low,0.02501721256849123,2026-03-30 19:32:06.333434,XGBoost
0114-RSRRW,0.0009738977,Low,0.019429259016760625,2026-03-30 19:32:06.333434,XGBoost
0115-TFERT,0.9992447,High,111.11600952148437,2026-03-30 19:32:06.333434,XGBoost
0117-LFRMW,0.7518723,High,30.22526650428772,2026-03-30 19:32:06.333434,XGBoost
0118-JPNOY,8.78746e-05,Low,0.007539640642062295,2026-03-30 19:32:06.333434,XGBoost
0121-SNYRK,7.9622805e-05,Low,0.002818647299136501,2026-03-30 19:32:06.333434,XGBoost
0122-OAHPZ,0.76268196,High,56.32406282424926,2026-03-30 19:32:06.333434,XGBoost
0123-CRBRT,0.0001258873,Low,0.011090670638077426,2026-03-30 19:32:06.333434,XGBoost
0125-LZQXK,0.9983546,High,101.18324010670185,2026-03-30 19:32:06.333434,XGBoost
0128-MKWSG,7.620676e-05,Low,0.003490269494068343,2026-03-30 19:32:06.333434,XGBoost
0129-KPTWJ,1.678381e-05,Low,0.0015885875946878515,2026-03-30 19:32:06.333434,XGBoost
0129-QMPDR,0.00018546749,Low,0.003802083585469518,2026-03-30 19:32:06.333434,XGBoost
0130-SXOUN,6.44794e-05,Low,0.005764458193152678,2026-03-30 19:32:06.333434,XGBoost
0133-BMFZO,0.9998155,High,86.23408891260624,2026-03-30 19:32:06.333434,XGBoost
0134-XWXCE,0.13312393,Low,9.964326480031012,2026-03-30 19:32:06.333434,XGBoost
0135-NMXAP,0.99986494,High,89.73787799477577,2026-03-30 19:32:06.333434,XGBoost
0136-IFMYD,0.00022038036,Low,0.024230820546654288,2026-03-30 19:32:06.333434,XGBoost
0137-OCGAB,0.9998473,High,80.18775289058685,2026-03-30 19:32:06.333434,XGBoost
0137-UDEUO,0.99903214,High,19.830787974596024,2026-03-30 19:32:06.333434,XGBoost
0139-IVFJG,0.0025616006,Low,0.23144061836646868,2026-03-30 19:32:06.333434,XGBoost
0141-YEAYS,0.068864696,Low,5.953352945670486,2026-03-30 19:32:06.333434,XGBoost
0142-GVYSN,0.04197698,Low,0.8521327115595341,2026-03-30 19:32:06.333434,XGBoost
0147-ESWWR,0.29270193,Low,29.636070393025875,2026-03-30 19:32:06.333434,XGBoost
0148-DCDOS,0.9993438,High,94.63785904049874,2026-03-30 19:32:06.333434,XGBoost
0151-ONTOV,0.97783923,High,69.3288015127182,2026-03-30 19:32:06.333434,XGBoost
0156-FVPTA,0.9999193,High,54.1956258058548,2026-03-30 19:32:06.333434,XGBoost
0164-APGRB,0.0096230395,Low,1.10568724013865,2026-03-30 19:32:06.333434,XGBoost
0164-XAIRP,5.0899052e-05,Low,0.000995076475192036,2026-03-30 19:32:06.333434,XGBoost
0168-XZKBB,0.0005759131,Low,0.050018054153770204,2026-03-30 19:32:06.333434,XGBoost
0174-QRVVY,3.1142725e-05,Low,0.000789468072798627,2026-03-30 19:32:06.333434,XGBoost
0177-PXBAT,0.00025453567,Low,0.027973470048164018,2026-03-30 19:32:06.333434,XGBoost
0178-CIIKR,0.10972676,Low,2.189048798382282,2026-03-30 19:32:06.333434,XGBoost
0178-SZBHO,0.03635724,Low,3.170351231098175,2026-03-30 19:32:06.333434,XGBoost
0181-RITDD,4.218579e-06,Low,0.00045623930279816707,2026-03-30 19:32:06.333434,XGBoost
0186-CAERR,8.6903274e-05,Low,0.01010685073924833,2026-03-30 19:32:06.333434,XGBoost
0187-QSXOE,7.709882e-05,Low,0.006861794892756734,2026-03-30 19:32:06.333434,XGBoost
0187-WZNAB,1.6876065e-05,Low,0.0012555792563944124,2026-03-30 19:32:06.333434,XGBoost
0188-GWFLE,0.00018054542,Low,0.0036199357324221636,2026-03-30 19:32:06.333434,XGBoost
0191-EQUUH,0.06257944,Low,2.1934093050658703,2026-03-30 19:32:06.333434,XGBoost
0191-ZHSKZ,0.00041199414,Low,0.030796562270552386,2026-03-30 19:32:06.333434,XGBoost
0193-ESZXP,0.99972826,High,105.47133168578148,2026-03-30 19:32:06.333434,XGBoost
0195-IESCP,0.9350576,High,79.71365873515606,2026-03-30 19:32:06.333434,XGBoost
0196-JTUQI,0.087268315,Low,6.562577307224274,2026-03-30 19:32:06.333434,XGBoost
0196-VULGZ,0.9665617,High,81.52947729229926,2026-03-30 19:32:06.333434,XGBoost
0197-PNKNK,3.0648966e-06,Low,0.0002588305217386733,2026-03-30 19:32:06.333434,XGBoost
0201-MIBOL,0.01548675,Low,1.5858431816101075,2026-03-30 19:32:06.333434,XGBoost
0201-OAMXR,0.99919254,High,115.45669752061367,2026-03-30 19:32:06.333434,XGBoost
0203-HHYIJ,0.01002116,Low,0.2535353570245206,2026-03-30 19:32:06.333434,XGBoost
0206-OYVOC,0.0034636536,Low,0.06667533208383247,2026-03-30 19:32:06.333434,XGBoost
0206-TBWLC,0.034082558,Low,3.9075652753934267,2026-03-30 19:32:06.333434,XGBoost
0207-MDKNV,0.9970976,High,104.79495896100997,2026-03-30 19:32:06.333434,XGBoost
0208-BPQEJ,0.00010564029,Low,0.0020494216398219576,2026-03-30 19:32:06.333434,XGBoost
0212-ISBBF,0.31525296,Low,15.872986522316934,2026-03-30 19:32:06.333434,XGBoost
0214-JHPFW,2.114341e-05,Low,0.001222089142902405,2026-03-30 19:32:06.333434,XGBoost
0215-BQKGS,0.07507417,Low,6.32875282689929,2026-03-30 19:32:06.333434,XGBoost
0218-QNVAS,1.21745625e-05,Low,0.0012241522564636397,2026-03-30 19:32:06.333434,XGBoost
0219-QAERP,0.0029108825,Low,0.05763547285459936,2026-03-30 19:32:06.333434,XGBoost
0219-YTZUE,0.9793444,High,83.04840745925902,2026-03-30 19:32:06.333434,XGBoost
0220-EBGCE,0.8892725,High,76.34404506981372,2026-03-30 19:32:06.333434,XGBoost
0221-NAUXK,0.000114538634,Low,0.0022850457498861942,2026-03-30 19:32:06.333434,XGBoost
0221-WMXNQ,0.00046810225,Low,0.03527150488953339,2026-03-30 19:32:06.333434,XGBoost
0222-CNVPT,0.19466566,Low,9.49968398809433,2026-03-30 19:32:06.333434,XGBoost
0224-HJAPT,0.9997329,High,47.1374067813158,2026-03-30 19:32:06.333434,XGBoost
0224-NIJLP,7.271968e-05,Low,0.001465301593634649,2026-03-30 19:32:06.333434,XGBoost
0224-RLWWD,0.00039999824,Low,0.017719922194373794,2026-03-30 19:32:06.333434,XGBoost
0225-ZORZP,0.0007168695,Low,0.06043209771160036,2026-03-30 19:32:06.333434,XGBoost
0228-MAUWC,0.0001385612,Low,0.008251319321425398,2026-03-30 19:32:06.333434,XGBoost
0229-LFJAF,3.4563414e-05,Low,0.0024073418111584034,2026-03-30 19:32:06.333434,XGBoost
0230-UBYPQ,0.00017342585,Low,0.006260673361248337,2026-03-30 19:32:06.333434,XGBoost
0230-WEQUW,0.018920412,Low,1.0708953354507684,2026-03-30 19:32:06.333434,XGBoost
0231-LXVAP,0.9805567,High,74.42425553798677,2026-03-30 19:32:06.333434,XGBoost
0233-FTHAV,1.9346813e-05,Low,0.001532267600123305,2026-03-30 19:32:06.333434,XGBoost
0234-TEVTT,5.2690193e-05,Low,0.0023710586901870556,2026-03-30 19:32:06.333434,XGBoost
0235-KGSLC,0.99971145,High,85.52531488239765,2026-03-30 19:32:06.333434,XGBoost
0236-HFWSV,0.9263132,High,86.4713392227888,2026-03-30 19:32:06.333434,XGBoost
0237-YFUTL,0.00014612555,Low,0.016022666024946376,2026-03-30 19:32:06.333434,XGBoost
0238-WHBIQ,1.4083196e-05,Low,0.0012632627009224963,2026-03-30 19:32:06.333434,XGBoost
0239-OXEXL,0.0008912226,Low,0.07508550561033189,2026-03-30 19:32:06.333434,XGBoost
0244-LGNFY,0.00024967562,Low,0.02313244624674553,2026-03-30 19:32:06.333434,XGBoost
0247-SLUJI,0.00079367653,Low,0.015635427687084303,2026-03-30 19:32:06.333434,XGBoost
0248-IPDFW,0.0013704057,Low,0.06865732365986332,2026-03-30 19:32:06.333434,XGBoost
0248-PGHBZ,0.021738416,Low,2.009716520737857,2026-03-30 19:32:06.333434,XGBoost
0253-ZTEOB,4.4654495e-05,Low,0.0035567304916185095,2026-03-30 19:32:06.333434,XGBoost
0254-FNMCI,6.503964e-05,Low,0.007147856391384266,2026-03-30 19:32:06.333434,XGBoost
0254-KCJGT,5.1080035e-05,Low,0.0041579148171877025,2026-03-30 19:32:06.333434,XGBoost
0254-WWRKD,1.0247845e-05,Low,0.0005180285768346948,2026-03-30 19:32:06.333434,XGBoost
0256-LTHVJ,0.9998628,High,81.03887913823128,2026-03-30 19:32:06.333434,XGBoost
0257-KXZGU,0.009084278,Low,0.5673131477553398,2026-03-30 19:32:06.333434,XGBoost
0257-ZESQC,0.99944526,High,75.15828351974487,2026-03-30 19:32:06.333434,XGBoost
0258-NOKBL,0.00031291222,Low,0.028287264658138158,2026-03-30 19:32:06.333434,XGBoost
0259-GBZSH,0.9858905,High,84.44152198433876,2026-03-30 19:32:06.333434,XGBoost
0260-ZDLGK,0.77051294,High,56.17039321660996,2026-03-30 19:32:06.333434,XGBoost
0263-FJTQO,3.5680337e-06,Low,0.0002515463731924683,2026-03-30 19:32:06.333434,XGBoost
0264-CNITK,2.0478961e-05,Low,0.0004116271207749378,2026-03-30 19:32:06.333434,XGBoost
0265-EDXBD,0.9051315,High,67.79435076117517,2026-03-30 19:32:06.333434,XGBoost
0265-PSUAE,0.08995614,Low,9.058583500236272,2026-03-30 19:32:06.333434,XGBoost
0266-CLZKZ,5.049079e-05,Low,0.005334352088357264,2026-03-30 19:32:06.333434,XGBoost
0266-GMEAO,0.00022744312,Low,0.025996748293982817,2026-03-30 19:32:06.333434,XGBoost
0268-QKIWO,0.99987066,High,19.74744549393654,2026-03-30 19:32:06.333434,XGBoost
0269-XFESX,4.7281833e-06,Low,0.00011513126298723364,2026-03-30 19:32:06.333434,XGBoost
0270-THENM,0.0009841847,Low,0.06874529967317357,2026-03-30 19:32:06.333434,XGBoost
0274-JKUJR,0.111498356,Low,6.561678242683411,2026-03-30 19:32:06.333434,XGBoost
0277-BKSQP,0.0002216126,Low,0.012055725511163472,2026-03-30 19:32:06.333434,XGBoost
0277-ORXQS,2.9260347e-05,Low,0.0014791105519179836,2026-03-30 19:32:06.333434,XGBoost
0278-YXOOG,0.005834764,Low,0.1228217794559896,2026-03-30 19:32:06.333434,XGBoost
0280-XJGEX,0.99781847,High,103.47377533912659,2026-03-30 19:32:06.333434,XGBoost
0281-CNTZX,0.0024335855,Low,0.04855003010015935,2026-03-30 19:32:06.333434,XGBoost
0282-NVSJS,0.046431474,Low,1.3604421995580196,2026-03-30 19:32:06.333434,XGBoost
0285-INHLN,1.4306432e-05,Low,0.0007832771352696,2026-03-30 19:32:06.333434,XGBoost
0289-IVARM,8.630619e-05,Low,0.005225839614286088,2026-03-30 19:32:06.333434,XGBoost
0292-WEGCH,0.00017958516,Low,0.015480240510078147,2026-03-30 19:32:06.333434,XGBoost
0295-PPHDO,0.9961433,High,95.08187621533871,2026-03-30 19:32:06.333434,XGBoost
0295-QVKPB,0.00011071343,Low,0.007080123869673116,2026-03-30 19:32:06.333434,XGBoost
0297-RBCSG,0.00024118772,Low,0.015761617584212215,2026-03-30 19:32:06.333434,XGBoost
0298-XACET,3.615917e-05,Low,0.0018151903401303572,2026-03-30 19:32:06.333434,XGBoost
0301-FIDRB,5.284787e-06,Low,0.0003371694247107371,2026-03-30 19:32:06.333434,XGBoost
0301-KOBTQ,4.7937785e-05,Low,0.0009611525889340556,2026-03-30 19:32:06.333434,XGBoost
0302-JOIVN,0.9868645,High,99.82134490311147,2026-03-30 19:32:06.333434,XGBoost
0303-UNCIP,0.00021566791,Low,0.014018414221936837,2026-03-30 19:32:06.333434,XGBoost
0303-WMMRN,0.00011439204,Low,0.002202046733145835,2026-03-30 19:32:06.333434,XGBoost
0305-SQECB,0.0055409265,Low,0.19975039942655712,2026-03-30 19:32:06.333434,XGBoost
0306-JAELE,0.8701174,High,83.61828463077545,2026-03-30 19:32:06.333434,XGBoost
0307-BCOPK,3.5932844e-05,Low,0.0006845206817160943,2026-03-30 19:32:06.333434,XGBoost
0308-GIQJT,0.00012335705,Low,0.013045008148765191,2026-03-30 19:32:06.333434,XGBoost
0308-IVGOK,0.00034887224,Low,0.014094438625033944,2026-03-30 19:32:06.333434,XGBoost
0310-MVLET,0.905064,High,89.73709428906442,2026-03-30 19:32:06.333434,XGBoost
0310-SUCIN,2.22451e-05,Low,0.0018863844714360311,2026-03-30 19:32:06.333434,XGBoost
0310-VQXAM,9.678296e-05,Low,0.0019211417940823595,2026-03-30 19:32:06.333434,XGBoost
0311-QYWSS,0.00022111955,Low,0.010934361911495216,2026-03-30 19:32:06.333434,XGBoost
0311-UNPFF,0.9950997,High,88.36485543251037,2026-03-30 19:32:06.333434,XGBoost
0314-TKOSI,0.00030291537,Low,0.016705782878852913,2026-03-30 19:32:06.333434,XGBoost
0315-LVCRK,0.00018320544,Low,0.01553582134656608,2026-03-30 19:32:06.333434,XGBoost
0318-QUUOB,0.9999275,High,80.54416179656982,2026-03-30 19:32:06.333434,XGBoost
0318-ZOPWS,4.186153e-05,Low,0.0008435098479822044,2026-03-30 19:32:06.333434,XGBoost
0319-QZTCO,0.0010622744,Low,0.062355509912595156,2026-03-30 19:32:06.333434,XGBoost
0320-DWVTU,0.00025055103,Low,0.024929827952291816,2026-03-30 19:32:06.333434,XGBoost
0320-JDNQG,0.99860793,High,99.71100216209888,2026-03-30 19:32:06.333434,XGBoost
0322-CHQRU,0.9998223,High,45.34194214642048,2026-03-30 19:32:06.333434,XGBoost
0322-YINQP,0.98177576,High,47.665213179588314,2026-03-30 19:32:06.333434,XGBoost
0323-XWWTN,0.015826419,Low,0.4178174614906311,2026-03-30 19:32:06.333434,XGBoost
0324-BRPCJ,0.7814096,High,78.2972440481186,2026-03-30 19:32:06.333434,XGBoost
0325-XBFAC,0.9996487,High,94.66673096418381,2026-03-30 19:32:06.333434,XGBoost
0326-VDYXE,0.0010099144,Low,0.09861814525793307,2026-03-30 19:32:06.333434,XGBoost
0327-WFZSY,0.00011335819,Low,0.011335818999214098,2026-03-30 19:32:06.333434,XGBoost
0328-GRPMV,0.9976562,High,69.93570145368575,2026-03-30 19:32:06.333434,XGBoost
0329-GTIAJ,0.99971026,High,97.87163463234901,2026-03-30 19:32:06.333434,XGBoost
0330-BGYZE,0.00033536644,Low,0.03437505969486665,2026-03-30 19:32:06.333434,XGBoost
0330-IVZHA,0.99918765,High,69.89317599833012,2026-03-30 19:32:06.333434,XGBoost
0334-GDDSO,0.96780694,High,78.73109418749809,2026-03-30 19:32:06.333434,XGBoost
0334-ZFJSR,0.04775892,Low,3.1544765507802364,2026-03-30 19:32:06.333434,XGBoost
0336-KXKFK,2.9009676e-05,Low,0.0017753921667463147,2026-03-30 19:32:06.333434,XGBoost
0336-PIKEI,2.4716022e-05,Low,0.0018388720651273617,2026-03-30 19:32:06.333434,XGBoost
0337-CNPZE,0.9987747,High,106.16975138783455,2026-03-30 19:32:06.333434,XGBoost
0343-QLUZP,8.096818e-05,Low,0.00320633994997479,2026-03-30 19:32:06.333434,XGBoost
0345-HKJVM,0.9991959,High,89.22819152474403,2026-03-30 19:32:06.333434,XGBoost
0345-XMMUG,0.00012966247,Low,0.01412024283927167,2026-03-30 19:32:06.333434,XGBoost
0347-UBKUZ,6.267624e-05,Low,0.0012472572001570369,2026-03-30 19:32:06.333434,XGBoost
0348-SDKOL,0.9997855,High,102.07809780240058,2026-03-30 19:32:06.333434,XGBoost
0354-VXMJC,3.3173994e-05,Low,0.0006502102798549459,2026-03-30 19:32:06.333434,XGBoost
0354-WYROK,0.9996773,High,98.86808501482011,2026-03-30 19:32:06.333434,XGBoost
0356-ERHVT,0.0014280893,Low,0.06554930058773607,2026-03-30 19:32:06.333434,XGBoost
0356-OBMAC,4.5447334e-05,Low,0.004540188649843913,2026-03-30 19:32:06.333434,XGBoost
0357-NVCRI,0.00066135696,Low,0.01326020698179491,2026-03-30 19:32:06.333434,XGBoost
0361-HJRDX,3.578986e-05,Low,0.0023030775362713027,2026-03-30 19:32:06.333434,XGBoost
0362-RAOQO,0.01070676,Low,0.21038783378899095,2026-03-30 19:32:06.333434,XGBoost
0362-ZBZWJ,0.8165649,High,69.3263615012169,2026-03-30 19:32:06.333434,XGBoost
0363-QJVFX,0.7568048,High,81.84844170212746,2026-03-30 19:32:06.333434,XGBoost
0363-SVHYR,3.0013625e-06,Low,0.00026066833565892007,2026-03-30 19:32:06.333434,XGBoost
0365-BZUWY,0.53748626,Medium,55.11921546757221,2026-03-30 19:32:06.333434,XGBoost
0365-GXEZS,0.34769085,Low,27.189424508810045,2026-03-30 19:32:06.333434,XGBoost
0365-TRTPY,0.0005440924,Low,0.04962122552096844,2026-03-30 19:32:06.333434,XGBoost
0366-NQSHS,0.0002430933,Low,0.0047038552496815106,2026-03-30 19:32:06.333434,XGBoost
0369-ZGOVK,5.1279108e-06,Low,0.00036100491706747567,2026-03-30 19:32:06.333434,XGBoost
0373-AIVNJ,0.017062128,Low,0.674807146191597,2026-03-30 19:32:06.333434,XGBoost
0374-AACSZ,0.0008074059,Low,0.04049140664283186,2026-03-30 19:32:06.333434,XGBoost
0374-FIUCA,0.0050344793,Low,0.10270337797701358,2026-03-30 19:32:06.333434,XGBoost
0374-IOEGQ,0.08030685,Low,3.5816855266690255,2026-03-30 19:32:06.333434,XGBoost
0375-HVGXO,0.9993488,High,34.677404028177264,2026-03-30 19:32:06.333434,XGBoost
0376-OIWME,0.00082271826,Low,0.07700642868876456,2026-03-30 19:32:06.333434,XGBoost
0376-YMCJC,0.9990658,High,90.51536296606064,2026-03-30 19:32:06.333434,XGBoost
0377-JBKKT,0.00014589359,Low,0.008454533402255038,2026-03-30 19:32:06.333434,XGBoost
0378-CJKPV,8.5673324e-05,Low,0.009603979627718218,2026-03-30 19:32:06.333434,XGBoost
0378-NHQXU,0.86801857,High,76.60263858735561,2026-03-30 19:32:06.333434,XGBoost
0378-TOVMS,0.99980026,High,85.78286272287369,2026-03-30 19:32:06.333434,XGBoost
0378-XSZPU,0.99807215,High,60.183750486373896,2026-03-30 19:32:06.333434,XGBoost
0379-DJQHR,0.000783901,Low,0.06377034808683674,2026-03-30 19:32:06.333434,XGBoost
0380-NEAVX,0.22399852,Low,22.366251902282237,2026-03-30 19:32:06.333434,XGBoost
0380-ZCSBI,0.010768261,Low,0.2153652161359787,2026-03-30 19:32:06.333434,XGBoost
0383-CLDDA,2.3408256e-05,Low,0.0019978946761511907,2026-03-30 19:32:06.333434,XGBoost
0384-LPITE,8.777301e-05,Low,0.0054463154341647165,2026-03-30 19:32:06.333434,XGBoost
0384-RVBPI,0.007500049,Low,0.4830031679943204,2026-03-30 19:32:06.333434,XGBoost
0386-CWRGM,1.3594929e-05,Low,0.00026374163116997805,2026-03-30 19:32:06.333434,XGBoost
0388-EOPEX,0.6715217,Medium,49.96121621131898,2026-03-30 19:32:06.333434,XGBoost
0390-DCFDQ,0.9711103,High,68.41471953094006,2026-03-30 19:32:06.333434,XGBoost
0392-BZIUW,0.27142236,Low,28.499347418546677,2026-03-30 19:32:06.333434,XGBoost
0394-YONDK,4.2244324e-06,Low,0.00010624447384088853,2026-03-30 19:32:06.333434,XGBoost
0396-HUJBP,9.994909e-05,Low,0.0019290173906483688,2026-03-30 19:32:06.333434,XGBoost
0396-UKGAI,0.0050047655,Low,0.2767635302618146,2026-03-30 19:32:06.333434,XGBoost
0396-YCHWO,0.0038526815,Low,0.36754581411369147,2026-03-30 19:32:06.333434,XGBoost
0397-GZBBC,0.9996828,High,93.82022928595542,2026-03-30 19:32:06.333434,XGBoost
0397-ZXWQF,5.8494345e-05,Low,0.0011991340634267544,2026-03-30 19:32:06.333434,XGBoost
0401-WDBXM,9.330163e-06,Low,0.0009847987327248119,2026-03-30 19:32:06.333434,XGBoost
0402-CQAJN,0.9994374,High,101.84267022013665,2026-03-30 19:32:06.333434,XGBoost
0402-OAMEN,1.7953085e-05,Low,0.00043895293465538997,2026-03-30 19:32:06.333434,XGBoost
0404-AHASP,4.6838035e-05,Low,0.0009227092876244569,2026-03-30 19:32:06.333434,XGBoost
0404-SWRVG,0.6302226,Medium,46.888562822341925,2026-03-30 19:32:06.333434,XGBoost
0406-BPDVR,0.7341977,High,74.52106413245201,2026-03-30 19:32:06.333434,XGBoost
0407-BDJKB,0.9998318,High,95.7338944375515,2026-03-30 19:32:06.333434,XGBoost
0409-WTMPL,4.190279e-05,Low,0.004636543628839718,2026-03-30 19:32:06.333434,XGBoost
0410-IPFTY,0.0012218073,Low,0.10244854414486325,2026-03-30 19:32:06.333434,XGBoost
0411-EZJZE,0.001380471,Low,0.08317338058259338,2026-03-30 19:32:06.333434,XGBoost
0412-UCCNP,0.000702803,Low,0.04160593897104264,2026-03-30 19:32:06.333434,XGBoost
0415-MOSGF,0.8325198,High,36.96388041973114,2026-03-30 19:32:06.333434,XGBoost
0419-YAAPX,0.1495615,Low,12.75759548842907,2026-03-30 19:32:06.333434,XGBoost
0420-BWTPW,0.82920486,High,21.14472386240959,2026-03-30 19:32:06.333434,XGBoost
0420-HLGXF,0.00030513358,Low,0.030437074674409814,2026-03-30 19:32:06.333434,XGBoost
0420-TXVSG,0.026871094,Low,1.776179345138371,2026-03-30 19:32:06.333434,XGBoost
0422-OHQHQ,5.5037446e-05,Low,0.0011310195182886674,2026-03-30 19:32:06.333434,XGBoost
0422-UXFAP,3.8236805e-05,Low,0.003779708200636378,2026-03-30 19:32:06.333434,XGBoost
0423-UDIJQ,0.0002836231,Low,0.013954257220029832,2026-03-30 19:32:06.333434,XGBoost
0426-TIRNE,0.9996395,High,20.892465782165527,2026-03-30 19:32:06.333434,XGBoost
0428-AXXLJ,2.2404307e-05,Low,0.0004368839854578255,2026-03-30 19:32:06.333434,XGBoost
0428-IKYCP,0.00029854593,Low,0.025973495794460177,2026-03-30 19:32:06.333434,XGBoost
0430-IHCDJ,0.00028850327,Low,0.014136660407530144,2026-03-30 19:32:06.333434,XGBoost
0431-APWVY,0.9976793,High,89.89090431332588,2026-03-30 19:32:06.333434,XGBoost
0432-CAJZV,0.15378426,Low,13.94823239594698,2026-03-30 19:32:06.333434,XGBoost
0434-CSFON,0.20973589,Low,21.078456468880177,2026-03-30 19:32:06.333434,XGBoost
0436-TWFFZ,9.487481e-05,Low,0.00808807780231291,2026-03-30 19:32:06.333434,XGBoost
0439-IFYUN,4.8977625e-05,Low,0.003658628574703471,2026-03-30 19:32:06.333434,XGBoost
0440-EKDCF,0.008841708,Low,0.5318287543952465,2026-03-30 19:32:06.333434,XGBoost
0440-MOGPM,0.0013013559,Low,0.10482421716442332,2026-03-30 19:32:06.333434,XGBoost
0440-QEXBZ,1.3292349e-05,Low,0.000666611289307184,2026-03-30 19:32:06.333434,XGBoost
0440-UEDAI,0.00010660306,Low,0.010068659014723381,2026-03-30 19:32:06.333434,XGBoost
0442-TDYUO,2.4901508e-05,Low,0.0004992752427824598,2026-03-30 19:32:06.333434,XGBoost
0442-ZXKVS,8.2927974e-05,Low,0.009586473827948793,2026-03-30 19:32:06.333434,XGBoost
0447-BEMNG,0.7861468,High,35.612450927495956,2026-03-30 19:32:06.333434,XGBoost
0447-RXSGD,0.00087422977,Low,0.08711699608538766,2026-03-30 19:32:06.333434,XGBoost
0454-OKRCT,0.12117797,Low,9.76694449186325,2026-03-30 19:32:06.333434,XGBoost
0455-ENTCR,0.00046892554,Low,0.03997590261133155,2026-03-30 19:32:06.333434,XGBoost
0455-XFASS,0.0010195756,Low,0.07091148528270423,2026-03-30 19:32:06.333434,XGBoost
0458-HEUZG,0.014310048,Low,0.5065756978467106,2026-03-30 19:32:06.333434,XGBoost
0459-SPZHJ,0.018355345,Low,1.5326713370159268,2026-03-30 19:32:06.333434,XGBoost
0461-CVKMU,0.94991744,High,79.60308110713959,2026-03-30 19:32:06.333434,XGBoost
0463-TXOAK,0.00095460797,Low,0.02443796396255493,2026-03-30 19:32:06.333434,XGBoost
0463-WZZKO,5.8822538e-05,Low,0.0012205676539451815,2026-03-30 19:32:06.333434,XGBoost
0463-ZSDNT,0.19629495,Low,11.139738325029612,2026-03-30 19:32:06.333434,XGBoost
0464-WJTKO,8.740568e-05,Low,0.0017568541406944862,2026-03-30 19:32:06.333434,XGBoost
0468-YRPXN,0.00030362315,Low,0.029997967230156065,2026-03-30 19:32:06.333434,XGBoost
0471-ARVMX,0.070552014,Low,7.3973786484450095,2026-03-30 19:32:06.333434,XGBoost
0471-LVHGK,0.998509,High,72.89115625619888,2026-03-30 19:32:06.333434,XGBoost
0475-RIJEP,0.99831945,High,77.71916895210742,2026-03-30 19:32:06.333434,XGBoost
0479-HMSWA,9.5943826e-05,Low,0.010117276422897703,2026-03-30 19:32:06.333434,XGBoost
0480-BIXDE,0.91930926,High,88.98913621902466,2026-03-30 19:32:06.333434,XGBoost
0480-KYJVA,1.2842224e-05,Low,0.000311423940502209,2026-03-30 19:32:06.333434,XGBoost
0481-SUMCB,0.16785161,Low,17.146042162925006,2026-03-30 19:32:06.333434,XGBoost
0484-FFVBJ,0.00020362026,Low,0.013204774125188123,2026-03-30 19:32:06.333434,XGBoost
0484-JPBRU,3.3944445e-05,Low,0.0008570972368033836,2026-03-30 19:32:06.333434,XGBoost
0485-ZBSLN,1.4960423e-05,Low,0.00037027046823823184,2026-03-30 19:32:06.333434,XGBoost
0486-HECZI,0.85476464,High,82.69847895205021,2026-03-30 19:32:06.333434,XGBoost
0486-LGCCH,0.000105700856,Low,0.002077021816148772,2026-03-30 19:32:06.333434,XGBoost
0487-CRLZF,7.161953e-05,Low,0.005332073872341425,2026-03-30 19:32:06.333434,XGBoost
0487-RPVUM,0.00020956513,Low,0.02083077381248586,2026-03-30 19:32:06.333434,XGBoost
0487-VVUVK,3.0014777e-05,Low,0.0005747829740357701,2026-03-30 19:32:06.333434,XGBoost
0488-GSLFR,0.99936455,High,69.45583656430244,2026-03-30 19:32:06.333434,XGBoost
0489-WMEMG,0.009366751,Low,0.46318582296371463,2026-03-30 19:32:06.333434,XGBoost
0491-KAPQG,0.000667952,Low,0.049228062480688096,2026-03-30 19:32:06.333434,XGBoost
0495-RVCBF,0.95365167,High,76.00603783130646,2026-03-30 19:32:06.333434,XGBoost
0495-ZBNGW,0.9997619,High,79.88097416758538,2026-03-30 19:32:06.333434,XGBoost
0496-AHOOK,0.0286227,Low,2.129528872668743,2026-03-30 19:32:06.333434,XGBoost
0504-HHAPI,0.9977679,High,88.10290780067443,2026-03-30 19:32:06.333434,XGBoost
0505-SPOOW,0.0001008297,Low,0.001996427995618433,2026-03-30 19:32:06.333434,XGBoost
0506-LVNGN,0.99936646,High,75.50213622152805,2026-03-30 19:32:06.333434,XGBoost
0506-YLVKJ,1.11872305e-05,Low,0.0002259820557810599,2026-03-30 19:32:06.333434,XGBoost
0508-OOLTO,0.06025562,Low,4.317315218038857,2026-03-30 19:32:06.333434,XGBoost
0508-SQWPL,4.127635e-05,Low,0.0008296546573546949,2026-03-30 19:32:06.333434,XGBoost
0511-JTEOY,0.9997037,High,71.07893344759941,2026-03-30 19:32:06.333434,XGBoost
0512-FLFDW,0.00020996956,Low,0.021101940350490622,2026-03-30 19:32:06.333434,XGBoost
0513-RBGPE,0.028263805,Low,1.7749669812619686,2026-03-30 19:32:06.333434,XGBoost
0515-YPMCW,0.99966097,High,70.42611525058747,2026-03-30 19:32:06.333434,XGBoost
0516-OOHAR,7.652332e-05,Low,0.007679115149585413,2026-03-30 19:32:06.333434,XGBoost
0516-QREYC,0.008132028,Low,0.16508017638698222,2026-03-30 19:32:06.333434,XGBoost
0516-UXRMT,0.01025765,Low,0.9442166978493333,2026-03-30 19:32:06.333434,XGBoost
0516-VRYBW,0.9985232,High,20.12024199068546,2026-03-30 19:32:06.333434,XGBoost
0516-WJVXC,0.8763468,High,47.497997999191284,2026-03-30 19:32:06.333434,XGBoost
0519-DRGTI,1.3265666e-05,Low,0.0002699563027817931,2026-03-30 19:32:06.333434,XGBoost
0519-XUZJU,0.999567,High,70.71936328709126,2026-03-30 19:32:06.333434,XGBoost
0520-FDVVT,0.7527996,High,77.0490360468626,2026-03-30 19:32:06.333434,XGBoost
0523-VNGTF,0.1937888,Low,9.786334231495857,2026-03-30 19:32:06.333434,XGBoost
0524-IAVZO,0.9996252,High,84.96814250946045,2026-03-30 19:32:06.333434,XGBoost
0526-SXDJP,0.00031803834,Low,0.01338941392605193,2026-03-30 19:32:06.333434,XGBoost
0529-ONKER,0.9996346,High,75.62235926985741,2026-03-30 19:32:06.333434,XGBoost
0530-IJVDB,0.015081104,Low,1.7282945059239863,2026-03-30 19:32:06.333434,XGBoost
0531-XBKMM,7.299908e-06,Low,0.00047960394199435545,2026-03-30 19:32:06.333434,XGBoost
0531-ZZJWQ,0.00036399532,Low,0.026935653761029243,2026-03-30 19:32:06.333434,XGBoost
0533-BNWKF,0.9999232,High,85.44343993663789,2026-03-30 19:32:06.333434,XGBoost
0533-UCAAU,1.252978e-05,Low,0.0008908673707082926,2026-03-30 19:32:06.333434,XGBoost
0536-ACXIP,3.0199506e-05,Low,0.0033083558822909255,2026-03-30 19:32:06.333434,XGBoost
0536-BGFMZ,0.00019794267,Low,0.004057824822666589,2026-03-30 19:32:06.333434,XGBoost
0536-ESJEP,7.103085e-05,Low,0.005295350036612944,2026-03-30 19:32:06.333434,XGBoost
0537-QYZZN,0.0002433841,Low,0.019434220387483946,2026-03-30 19:32:06.333434,XGBoost
0541-FITGH,0.00011204846,Low,0.0069638117525755655,2026-03-30 19:32:06.333434,XGBoost
0547-HURJB,0.0049612517,Low,0.10443434927146882,2026-03-30 19:32:06.333434,XGBoost
0549-CYCQN,4.335669e-05,Low,0.0034511924663092938,2026-03-30 19:32:06.333434,XGBoost
0550-DCXLH,0.12910144,Low,9.469590646773575,2026-03-30 19:32:06.333434,XGBoost
0556-FJEGU,1.8596704e-05,Low,0.001303628932146239,2026-03-30 19:32:06.333434,XGBoost
0557-ASKVU,0.0011427102,Low,0.06216343566775322,2026-03-30 19:32:06.333434,XGBoost
0559-CKHUS,0.00095609494,Low,0.0186916560807731,2026-03-30 19:32:06.333434,XGBoost
0562-FGDCR,1.0393798e-05,Low,0.0007748576573249011,2026-03-30 19:32:06.333434,XGBoost
0562-HKHML,8.251077e-05,Low,0.001972007424046751,2026-03-30 19:32:06.333434,XGBoost
0562-KBDVM,0.00034497306,Low,0.015385798364877702,2026-03-30 19:32:06.333434,XGBoost
0564-JJHGS,0.9997185,High,95.47311553359032,2026-03-30 19:32:06.333434,XGBoost
0564-MUUQK,0.012649432,Low,1.2080207392573357,2026-03-30 19:32:06.333434,XGBoost
0565-IYCGT,0.99682426,High,78.35038719177246,2026-03-30 19:32:06.333434,XGBoost
0565-JUPYD,0.00012966235,Low,0.013549715811677743,2026-03-30 19:32:06.333434,XGBoost
0567-GGCAC,0.37409222,Low,22.969262385368346,2026-03-30 19:32:06.333434,XGBoost
0567-XRHCU,0.0011224193,Low,0.049330326332710686,2026-03-30 19:32:06.333434,XGBoost
0568-ONFPC,0.9975268,High,25.83594475388527,2026-03-30 19:32:06.333434,XGBoost
0570-BFQHT,0.00084535696,Low,0.06809350319090299,2026-03-30 19:32:06.333434,XGBoost
0572-ZJKLT,6.1288694e-05,Low,0.006107418383908225,2026-03-30 19:32:06.333434,XGBoost
0575-CUQOV,4.1825537e-05,Low,0.00409681132514379,2026-03-30 19:32:06.333434,XGBoost
0576-WNXXC,0.9228942,High,88.18253888189793,2026-03-30 19:32:06.333434,XGBoost
0577-WHMEV,0.5029841,Medium,45.62065846323967,2026-03-30 19:32:06.333434,XGBoost
0578-SKVMF,0.9996449,High,83.27041813135146,2026-03-30 19:32:06.333434,XGBoost
0580-PIQHM,0.00010445818,Low,0.010612951131770387,2026-03-30 19:32:06.333434,XGBoost
0581-BXBUB,0.00054932886,Low,0.03996367476065643,2026-03-30 19:32:06.333434,XGBoost
0581-MDMPW,8.1548715e-05,Low,0.007253758169099456,2026-03-30 19:32:06.333434,XGBoost
0582-AVCLN,4.086351e-05,Low,0.0008295292456750758,2026-03-30 19:32:06.333434,XGBoost
0584-BJQGZ,0.00012385691,Low,0.009704188846808392,2026-03-30 19:32:06.333434,XGBoost
0585-EGDDA,0.0007631741,Low,0.061053927056491375,2026-03-30 19:32:06.333434,XGBoost
0587-DMGBH,0.8589939,High,42.82084531188011,2026-03-30 19:32:06.333434,XGBoost
0594-UFTUL,3.545883e-05,Low,0.0007038577774437727,2026-03-30 19:32:06.333434,XGBoost
0595-ITUDF,5.707493e-05,Low,0.00523947847468662,2026-03-30 19:32:06.333434,XGBoost
0596-BQCEQ,0.999874,High,100.13738067746164,2026-03-30 19:32:06.333434,XGBoost
0599-XNYDO,5.5842676e-05,Low,0.0038978188109467737,2026-03-30 19:32:06.333434,XGBoost
0601-WZHJF,0.9465125,High,43.87085531651974,2026-03-30 19:32:06.333434,XGBoost
0602-DDUML,2.3518369e-05,Low,0.0016404062262154184,2026-03-30 19:32:06.333434,XGBoost
0603-OLQDC,6.554947e-05,Low,0.004578630704418173,2026-03-30 19:32:06.333434,XGBoost
0603-TPMIB,2.046994e-05,Low,0.000520959994992154,2026-03-30 19:32:06.333434,XGBoost
0604-THJFP,0.00010031403,Low,0.00761885041174537,2026-03-30 19:32:06.333434,XGBoost
0607-DAAHE,0.7198857,High,14.217742711305618,2026-03-30 19:32:06.333434,XGBoost
0607-MVMGC,0.00018568321,Low,0.014622552753280615,2026-03-30 19:32:06.333434,XGBoost
0608-JDVEC,0.00042676483,Low,0.008449943689629437,2026-03-30 19:32:06.333434,XGBoost
0611-DFXKO,0.14116818,Low,12.563967764377594,2026-03-30 19:32:06.333434,XGBoost
0612-RTZZA,0.9997904,High,25.244706854224205,2026-03-30 19:32:06.333434,XGBoost
0613-WUXUM,1.7058943e-05,Low,0.00032753170235082506,2026-03-30 19:32:06.333434,XGBoost
0616-ATFGB,0.99940073,High,25.03498840928078,2026-03-30 19:32:06.333434,XGBoost
0617-AQNWT,0.8173057,High,39.10807698369026,2026-03-30 19:32:06.333434,XGBoost
0617-FHSGK,0.9939839,High,74.7475911140442,2026-03-30 19:32:06.333434,XGBoost
0618-XWMSS,0.99911445,High,74.83367258906365,2026-03-30 19:32:06.333434,XGBoost
0619-OLYUR,0.0071308487,Low,0.7979419705923647,2026-03-30 19:32:06.333434,XGBoost
0620-DLSLK,0.106545664,Low,8.726089911907913,2026-03-30 19:32:06.333434,XGBoost
0620-XEFWH,0.00080860005,Low,0.015242110853432678,2026-03-30 19:32:06.333434,XGBoost
0621-CXBKL,3.569861e-05,Low,0.0006675639935565413,2026-03-30 19:32:06.333434,XGBoost
0621-HJWXJ,0.00023017685,Low,0.01877092248687404,2026-03-30 19:32:06.333434,XGBoost
0621-JFHOL,0.0001297754,Low,0.003841352020390332,2026-03-30 19:32:06.333434,XGBoost
0621-TSSMU,0.0058666593,Low,0.11703985382337123,2026-03-30 19:32:06.333434,XGBoost
0621-TWIEM,0.87212884,High,39.72546885609626,2026-03-30 19:32:06.333434,XGBoost
0623-EJQEG,0.030412167,Low,2.845058251917362,2026-03-30 19:32:06.333434,XGBoost
0623-GDISB,9.500092e-05,Low,0.004602794565653313,2026-03-30 19:32:06.333434,XGBoost
0623-IIHUG,0.9999474,High,41.89779726266861,2026-03-30 19:32:06.333434,XGBoost
0625-AFOHS,0.0009791986,Low,0.019779811892658473,2026-03-30 19:32:06.333434,XGBoost
0626-QXNGV,0.0074762525,Low,0.18055149796418846,2026-03-30 19:32:06.333434,XGBoost
0628-CNQRM,0.76793015,High,51.83528512716293,2026-03-30 19:32:06.333434,XGBoost
0634-SZPQA,0.7929978,High,71.4094498604536,2026-03-30 19:32:06.333434,XGBoost
0635-WKOLD,8.664346e-05,Low,0.0061300245542952325,2026-03-30 19:32:06.333434,XGBoost
0637-KVDLV,0.98702383,High,75.5073230266571,2026-03-30 19:32:06.333434,XGBoost
0637-UBJRP,0.69784665,Medium,58.65401102304458,2026-03-30 19:32:06.333434,XGBoost
0637-YLETY,0.99769586,High,95.37972452640533,2026-03-30 19:32:06.333434,XGBoost
0639-TSIQW,0.9380702,High,96.57432482838631,2026-03-30 19:32:06.333434,XGBoost
0640-YJTPY,0.00034542012,Low,0.007253822550410405,2026-03-30 19:32:06.333434,XGBoost
0641-EVBOJ,0.00025444734,Low,0.020941016008146105,2026-03-30 19:32:06.333434,XGBoost
0643-OKLRP,0.99976534,High,80.33114478886127,2026-03-30 19:32:06.333434,XGBoost
0644-OQMDK,0.00021054411,Low,0.014874941300513457,2026-03-30 19:32:06.333434,XGBoost
0650-BWOZN,0.015188799,Low,1.1171361840795726,2026-03-30 19:32:06.333434,XGBoost
0654-HMSHN,0.71871513,High,75.033859705925,2026-03-30 19:32:06.333434,XGBoost
0654-PQKDW,6.2650342e-06,Low,0.00044325117278276593,2026-03-30 19:32:06.333434,XGBoost
0655-RBDUG,0.9996666,High,98.01730734705924,2026-03-30 19:32:06.333434,XGBoost
0655-YDGFJ,0.011817976,Low,0.5784899203572422,2026-03-30 19:32:06.333434,XGBoost
0657-DOGUM,0.055936582,Low,3.3897568926215174,2026-03-30 19:32:06.333434,XGBoost
0661-KBKPA,0.0012767524,Low,0.10054425511043519,2026-03-30 19:32:06.333434,XGBoost
0661-KQHNK,8.700054e-05,Low,0.0016530102366232313,2026-03-30 19:32:06.333434,XGBoost
0661-WCQNQ,0.00011968916,Low,0.006732515294061159,2026-03-30 19:32:06.333434,XGBoost
0661-XEYAN,0.99988174,High,25.796949005126955,2026-03-30 19:32:06.333434,XGBoost
0665-XHDJU,0.00013133413,Low,0.013054612968699076,2026-03-30 19:32:06.333434,XGBoost
0666-UXTJO,5.05087e-05,Low,0.004303341321065091,2026-03-30 19:32:06.333434,XGBoost
0667-NSRGI,0.051107496,Low,3.5545263484120366,2026-03-30 19:32:06.333434,XGBoost
0668-OGMHD,0.58786243,Medium,16.754079312086105,2026-03-30 19:32:06.333434,XGBoost
0670-ANMUU,3.1451124e-05,Low,0.0030712022102306947,2026-03-30 19:32:06.333434,XGBoost
0670-KDOMA,0.17695484,Low,3.5833354219794273,2026-03-30 19:32:06.333434,XGBoost
0673-IGUQO,0.00036194563,Low,0.007401788044080604,2026-03-30 19:32:06.333434,XGBoost
0674-DGMAQ,0.15357742,Low,14.359488502144814,2026-03-30 19:32:06.333434,XGBoost
0674-EYYZV,0.10678153,Low,5.8356104724109175,2026-03-30 19:32:06.333434,XGBoost
0674-GCDXG,1.3866838e-06,Low,9.970256769520348e-05,2026-03-30 19:32:06.333434,XGBoost
0675-NCDYU,0.0002294531,Low,0.02670834089512937,2026-03-30 19:32:06.333434,XGBoost
0678-RLHVP,0.084832065,Low,8.954024440422653,2026-03-30 19:32:06.333434,XGBoost
0679-IDSTG,0.9998814,High,69.24178603291512,2026-03-30 19:32:06.333434,XGBoost
0679-TDGAK,5.7047393e-05,Low,0.0043070781757705845,2026-03-30 19:32:06.333434,XGBoost
0680-DFNNY,0.99748933,High,100.84617158174514,2026-03-30 19:32:06.333434,XGBoost
0682-USIXD,0.0004945999,Low,0.04256032349658199,2026-03-30 19:32:06.333434,XGBoost
0684-AOSIH,0.99996877,High,94.99703288078308,2026-03-30 19:32:06.333434,XGBoost
0685-MLYYM,0.99981195,High,70.73669527471066,2026-03-30 19:32:06.333434,XGBoost
0687-ZVTHB,0.7236325,High,52.427175673842434,2026-03-30 19:32:06.333434,XGBoost
0689-DSXGL,7.2945615e-05,Low,0.006258733775757718,2026-03-30 19:32:06.333434,XGBoost
0689-NKYLF,0.99818355,High,83.0488712310791,2026-03-30 19:32:06.333434,XGBoost
0690-SRQID,0.030308986,Low,0.5955715765245259,2026-03-30 19:32:06.333434,XGBoost
0691-IFBQW,0.99908495,High,109.8993444442749,2026-03-30 19:32:06.333434,XGBoost
0691-JVSYA,0.17845124,Low,16.926100119948387,2026-03-30 19:32:06.333434,XGBoost
0691-NIKRI,0.0001714139,Low,0.01816130345541751,2026-03-30 19:32:06.333434,XGBoost
0696-UKTOX,0.44980997,Medium,24.35720979273319,2026-03-30 19:32:06.333434,XGBoost
0697-ZMSWS,0.999305,High,85.59047409296036,2026-03-30 19:32:06.333434,XGBoost
0699-NDKJM,0.00038093698,Low,0.022380047630576883,2026-03-30 19:32:06.333434,XGBoost
0701-RFGFI,5.8670208e-05,Low,0.005597137851873413,2026-03-30 19:32:06.333434,XGBoost
0701-TJSEF,0.0001366853,Low,0.00932877143350197,2026-03-30 19:32:06.333434,XGBoost
0702-PGIBZ,0.9998332,High,101.68303910493852,2026-03-30 19:32:06.333434,XGBoost
0704-VCUMB,7.801664e-05,Low,0.0015798369076946983,2026-03-30 19:32:06.333434,XGBoost
0707-HOVVN,3.8526254e-05,Low,0.0029087321599945426,2026-03-30 19:32:06.333434,XGBoost
0708-LGSMF,0.00036765964,Low,0.02421038721950026,2026-03-30 19:32:06.333434,XGBoost
0708-SJDIS,8.323267e-05,Low,0.0054101235218695365,2026-03-30 19:32:06.333434,XGBoost
0709-TVGUR,0.893872,High,66.63815928697586,2026-03-30 19:32:06.333434,XGBoost
0716-BQNDX,0.028180255,Low,2.641898870933801,2026-03-30 19:32:06.333434,XGBoost
0719-SYFRB,0.9236125,High,56.94070910811424,2026-03-30 19:32:06.333434,XGBoost
0722-SVSFK,0.0005752638,Low,0.057756486511789266,2026-03-30 19:32:06.333434,XGBoost
0722-TROQR,0.9187629,High,68.81534287929536,2026-03-30 19:32:06.333434,XGBoost
0723-DRCLG,0.9998092,High,74.43579535186291,2026-03-30 19:32:06.333434,XGBoost
0723-FDLAY,0.00020694686,Low,0.017642219900153577,2026-03-30 19:32:06.333434,XGBoost
0723-VSOBE,2.945172e-05,Low,0.0010072488053992858,2026-03-30 19:32:06.333434,XGBoost
0725-CXOTM,0.03855724,Low,3.456656465306878,2026-03-30 19:32:06.333434,XGBoost
0727-BMPLR,0.9995408,High,99.95408058166504,2026-03-30 19:32:06.333434,XGBoost
0727-BNRLG,2.2224596e-05,Low,0.002170231823856739,2026-03-30 19:32:06.333434,XGBoost
0727-IWKVK,0.99793905,High,79.73533011078835,2026-03-30 19:32:06.333434,XGBoost
0730-BGQGF,4.944118e-06,Low,0.00044645383650276926,2026-03-30 19:32:06.333434,XGBoost
0730-KOAVE,0.15224196,Low,14.35641684383154,2026-03-30 19:32:06.333434,XGBoost
0731-EBJQB,4.5109504e-05,Low,0.0009202338784234597,2026-03-30 19:32:06.333434,XGBoost
0732-OCQOC,0.00012432905,Low,0.0031144426080572884,2026-03-30 19:32:06.333434,XGBoost
0733-VUNUW,0.9987895,High,55.58263507783413,2026-03-30 19:32:06.333434,XGBoost
0734-OXWBT,0.00030711584,Low,0.021713090070988983,2026-03-30 19:32:06.333434,XGBoost
0739-UUAJR,2.32491e-05,Low,0.0012508015905041247,2026-03-30 19:32:06.333434,XGBoost
0742-LAFQK,0.00023056235,Low,0.0228602569346549,2026-03-30 19:32:06.333434,XGBoost
0742-MOABM,0.9995931,High,50.02963360846042,2026-03-30 19:32:06.333434,XGBoost
0742-NXBGR,0.9954651,High,81.92677771449088,2026-03-30 19:32:06.333434,XGBoost
0743-HNPFG,1.0880237e-05,Low,0.0007588965247578017,2026-03-30 19:32:06.333434,XGBoost
0743-HRVFF,7.961681e-05,Low,0.004470483863042318,2026-03-30 19:32:06.333434,XGBoost
0744-BIKKF,0.0030813492,Low,0.26699890734162185,2026-03-30 19:32:06.333434,XGBoost
0744-GKNGE,0.0035603885,Low,0.3090417183935642,2026-03-30 19:32:06.333434,XGBoost
0746-JTRFU,0.9764256,High,24.459460982680323,2026-03-30 19:32:06.333434,XGBoost
0748-RDGGM,0.9999031,High,109.48938757181168,2026-03-30 19:32:06.333434,XGBoost
0749-IRGQE,0.0021624567,Low,0.09795929056126623,2026-03-30 19:32:06.333434,XGBoost
0750-EBAIU,4.3244745e-05,Low,0.003946082983929955,2026-03-30 19:32:06.333434,XGBoost
0750-EKNGL,0.00013802871,Low,0.0028640958153118845,2026-03-30 19:32:06.333434,XGBoost
0754-EEBDC,0.0011898505,Low,0.023678025021217762,2026-03-30 19:32:06.333434,XGBoost
0754-UKWQP,0.7285051,High,69.8272114366293,2026-03-30 19:32:06.333434,XGBoost
0756-MPZRL,2.6291893e-05,Low,0.0008860367919623969,2026-03-30 19:32:06.333434,XGBoost
0757-WCUUZ,4.022617e-05,Low,0.0025483277740931953,2026-03-30 19:32:06.333434,XGBoost
0761-AETCS,0.9924994,High,19.155238634347917,2026-03-30 19:32:06.333434,XGBoost
0769-MURVM,5.5345113e-06,Low,0.000363617390712534,2026-03-30 19:32:06.333434,XGBoost
0771-CHWSK,0.0016427453,Low,0.12254880217369644,2026-03-30 19:32:06.333434,XGBoost
0771-WLCLA,0.057673056,Low,6.514171638898552,2026-03-30 19:32:06.333434,XGBoost
0772-GYEQQ,0.9998043,High,88.33271149098873,2026-03-30 19:32:06.333434,XGBoost
0774-IFUVM,0.00017817326,Low,0.01160798770360998,2026-03-30 19:32:06.333434,XGBoost
0774-RMNUW,3.3373647e-06,Low,0.00019924067021293013,2026-03-30 19:32:06.333434,XGBoost
0778-NELLA,0.99813676,High,34.63534553050995,2026-03-30 19:32:06.333434,XGBoost
0780-XNZFN,0.0001348101,Low,0.0027838287060149014,2026-03-30 19:32:06.333434,XGBoost
0781-LKXBR,0.92267877,High,92.72921624779701,2026-03-30 19:32:06.333434,XGBoost
0784-GTUUK,0.006201886,Low,0.14729479502420872,2026-03-30 19:32:06.333434,XGBoost
0784-ZQJZX,9.020096e-05,Low,0.001794999169942457,2026-03-30 19:32:06.333434,XGBoost
0786-IVLAW,0.00020899484,Low,0.02259234213270247,2026-03-30 19:32:06.333434,XGBoost
0786-VSSUD,0.9995964,High,38.98426026105881,2026-03-30 19:32:06.333434,XGBoost
0787-LHDYT,0.0003153383,Low,0.006495968688977883,2026-03-30 19:32:06.333434,XGBoost
0788-DXBFY,0.029733758,Low,0.581294977106154,2026-03-30 19:32:06.333434,XGBoost
0793-TWELN,0.0010676709,Low,0.08557382079889067,2026-03-30 19:32:06.333434,XGBoost
0794-YVSGE,0.00034688713,Low,0.007041808721260168,2026-03-30 19:32:06.333434,XGBoost
0795-GMVQO,0.00017607534,Low,0.019350679496710654,2026-03-30 19:32:06.333434,XGBoost
0795-LAFGP,1.9876938e-05,Low,0.0017968751577427612,2026-03-30 19:32:06.333434,XGBoost
0795-XCCTE,4.104641e-05,Low,0.0010425787892017978,2026-03-30 19:32:06.333434,XGBoost
0799-DDIHE,0.31614676,Low,14.637595042586325,2026-03-30 19:32:06.333434,XGBoost
0804-XBFBV,0.00027511592,Low,0.0069329211604781445,2026-03-30 19:32:06.333434,XGBoost
0804-YGEQV,0.054906454,Low,1.3424627987667919,2026-03-30 19:32:06.333434,XGBoost
0807-ZABDG,0.9993105,High,55.062008190155034,2026-03-30 19:32:06.333434,XGBoost
0810-BDHAW,0.5208481,Medium,40.834490680694586,2026-03-30 19:32:06.333434,XGBoost
0810-DHDBD,2.7499068e-06,Low,0.00020349310307210544,2026-03-30 19:32:06.333434,XGBoost
0811-GSDTP,0.0003593627,Low,0.010834785096812993,2026-03-30 19:32:06.333434,XGBoost
0812-WUPTB,0.9799626,High,69.43034931421279,2026-03-30 19:32:06.333434,XGBoost
0813-TAXXS,2.0461372e-05,Low,0.0015918947108730208,2026-03-30 19:32:06.333434,XGBoost
0815-MFZGM,0.012028854,Low,1.1908565796911716,2026-03-30 19:32:06.333434,XGBoost
0816-TSPHQ,0.12421767,Low,2.57751658372581,2026-03-30 19:32:06.333434,XGBoost
0817-HSUSE,0.0029013474,Low,0.21905172523111105,2026-03-30 19:32:06.333434,XGBoost
0818-OCPZO,0.99794024,High,81.28223273456096,2026-03-30 19:32:06.333434,XGBoost
0820-FNRNX,0.00012804627,Low,0.00854068652697606,2026-03-30 19:32:06.333434,XGBoost
0822-GAVAP,0.38720447,Low,13.435995048284532,2026-03-30 19:32:06.333434,XGBoost
0822-QGCXA,1.1957912e-05,Low,0.0010026708992427302,2026-03-30 19:32:06.333434,XGBoost
0823-HSCDJ,0.99853146,High,49.07782129645347,2026-03-30 19:32:06.333434,XGBoost
0824-VWDPO,0.091190256,Low,8.822657285258174,2026-03-30 19:32:06.333434,XGBoost
0825-CPPQH,0.0011288201,Low,0.021560464298818263,2026-03-30 19:32:06.333434,XGBoost
0827-ITJPH,2.192953e-05,Low,0.00040679279454707283,2026-03-30 19:32:06.333434,XGBoost
0829-DDVLK,0.006768683,Low,0.13605052772909404,2026-03-30 19:32:06.333434,XGBoost
0829-XXPLX,0.5949067,Medium,53.18465788364411,2026-03-30 19:32:06.333434,XGBoost
0831-JNISG,3.4633034e-05,Low,0.0006857340806163848,2026-03-30 19:32:06.333434,XGBoost
0835-DUUIQ,9.144402e-05,Low,0.0019248965581937227,2026-03-30 19:32:06.333434,XGBoost
0835-JKADZ,0.00013234527,Low,0.014723411768500227,2026-03-30 19:32:06.333434,XGBoost
0836-SEYLU,0.9995739,High,40.63267848193645,2026-03-30 19:32:06.333434,XGBoost
0839-JTCUD,0.0011849655,Low,0.1065283969976008,2026-03-30 19:32:06.333434,XGBoost
0839-QNXME,0.001921729,Low,0.03728154166601598,2026-03-30 19:32:06.333434,XGBoost
0840-DCNZE,4.7281243e-05,Low,0.0041111040429314015,2026-03-30 19:32:06.333434,XGBoost
0840-DFEZH,0.001241646,Low,0.09355802674544975,2026-03-30 19:32:06.333434,XGBoost
0841-NULXI,0.9736622,High,34.61369112432003,2026-03-30 19:32:06.333434,XGBoost
0842-IWYCP,0.00010441267,Low,0.004693349485751242,2026-03-30 19:32:06.333434,XGBoost
0843-WTBXE,0.9977259,High,85.25567849576474,2026-03-30 19:32:06.333434,XGBoost
0847-HGRML,5.628364e-05,Low,0.0011256727884756401,2026-03-30 19:32:06.333434,XGBoost
0848-SOMKO,0.01034921,Low,0.5009017810225487,2026-03-30 19:32:06.333434,XGBoost
0848-ZGQIJ,0.0012666906,Low,0.11989226085715927,2026-03-30 19:32:06.333434,XGBoost
0851-DFJKB,0.0002823319,Low,0.016643465132801794,2026-03-30 19:32:06.333434,XGBoost
0853-NWIFK,0.00014766236,Low,0.01481053454335779,2026-03-30 19:32:06.333434,XGBoost
0853-TWRVK,0.00026021694,Low,0.027478908933699128,2026-03-30 19:32:06.333434,XGBoost
0854-UYHZD,5.4153945e-05,Low,0.0010587096208837467,2026-03-30 19:32:06.333434,XGBoost
0856-NAOES,0.008822598,Low,0.5372961916029453,2026-03-30 19:32:06.333434,XGBoost
0859-YGKFW,0.00014777575,Low,0.0029629037249833345,2026-03-30 19:32:06.333434,XGBoost
0862-PRCBS,0.00032711306,Low,0.03393797949684085,2026-03-30 19:32:06.333434,XGBoost
0864-FVJNJ,4.7142752e-05,Low,0.0053436309402968615,2026-03-30 19:32:06.333434,XGBoost
0866-QLSIR,0.67174494,Medium,43.26037430763245,2026-03-30 19:32:06.333434,XGBoost
0867-LDTTC,0.19057587,Low,14.321776472032072,2026-03-30 19:32:06.333434,XGBoost
0867-MKZVY,0.99900454,High,82.31797432899475,2026-03-30 19:32:06.333434,XGBoost
0868-VJRDR,0.00010434917,Low,0.010857531350120552,2026-03-30 19:32:06.333434,XGBoost
0869-PAPRP,0.00014349118,Low,0.012297194368147758,2026-03-30 19:32:06.333434,XGBoost
0870-VEMYL,0.5858909,Medium,31.550224381685258,2026-03-30 19:32:06.333434,XGBoost
0871-OPBXW,0.16751406,Low,3.3586568221449853,2026-03-30 19:32:06.333434,XGBoost
0871-URUWO,0.84859145,High,86.76847544312477,2026-03-30 19:32:06.333434,XGBoost
0872-CASZJ,5.7961235e-05,Low,0.00400512134838209,2026-03-30 19:32:06.333434,XGBoost
0872-JCPIB,0.00012541917,Low,0.008246310680988245,2026-03-30 19:32:06.333434,XGBoost
0872-NXJYS,0.99712175,High,79.32103531658649,2026-03-30 19:32:06.333434,XGBoost
0875-CABNR,0.9996706,High,84.57213485240936,2026-03-30 19:32:06.333434,XGBoost
0876-WDUUZ,0.99892515,High,85.30820776224137,2026-03-30 19:32:06.333434,XGBoost
0877-SDMBN,0.9995921,High,103.90760143697263,2026-03-30 19:32:06.333434,XGBoost
0880-FVFWF,9.5784846e-05,Low,0.008275810698978604,2026-03-30 19:32:06.333434,XGBoost
0880-TKATG,0.9999033,High,101.14022094607354,2026-03-30 19:32:06.333434,XGBoost
0883-EIBTI,0.9994392,High,19.489064007997513,2026-03-30 19:32:06.333434,XGBoost
0885-HMGPY,0.0030625854,Low,0.2125434245914221,2026-03-30 19:32:06.333434,XGBoost
0886-QGENL,0.8124637,High,82.26194970309734,2026-03-30 19:32:06.333434,XGBoost
0887-HJGAR,0.99983203,High,45.69232395887375,2026-03-30 19:32:06.333434,XGBoost
0887-WBJVH,8.056107e-05,Low,0.007528431888567866,2026-03-30 19:32:06.333434,XGBoost
0895-DQHEW,0.774366,High,80.76637600660324,2026-03-30 19:32:06.333434,XGBoost
0895-LMRSF,1.7608954e-05,Low,0.0011428211337261018,2026-03-30 19:32:06.333434,XGBoost
0895-LNKRC,4.021884e-05,Low,0.0007822564692105515,2026-03-30 19:32:06.333434,XGBoost
0895-UADGO,0.07368667,Low,3.2827410053461787,2026-03-30 19:32:06.333434,XGBoost
0897-FEGMU,0.9999788,High,99.49788868427277,2026-03-30 19:32:06.333434,XGBoost
0898-XCGTF,3.466584e-05,Low,0.0033452537209086586,2026-03-30 19:32:06.333434,XGBoost
0899-LIIBW,0.08128759,Low,8.197853718698024,2026-03-30 19:32:06.333434,XGBoost
0899-WZRSD,0.0001941765,Low,0.020456493547681018,2026-03-30 19:32:06.333434,XGBoost
0902-RFHOF,2.6679065e-05,Low,0.000536249203105399,2026-03-30 19:32:06.333434,XGBoost
0902-XKXPN,0.00083582464,Low,0.016883657756261525,2026-03-30 19:32:06.333434,XGBoost
0906-QVPMS,6.5128894e-05,Low,0.007499592117164867,2026-03-30 19:32:06.333434,XGBoost
0907-HQNTS,0.00023476956,Low,0.026528959759161808,2026-03-30 19:32:06.333434,XGBoost
0909-SDHNU,0.000117246585,Low,0.0034939482458867135,2026-03-30 19:32:06.333434,XGBoost
0909-SELIE,0.008461471,Low,0.6836868338286877,2026-03-30 19:32:06.333434,XGBoost
0913-XWSCN,2.2928622e-05,Low,0.0019603971422839095,2026-03-30 19:32:06.333434,XGBoost
0916-KNFAJ,0.002709732,Low,0.18941026157699528,2026-03-30 19:32:06.333434,XGBoost
0916-QOFDP,0.002254848,Low,0.21601442908868193,2026-03-30 19:32:06.333434,XGBoost
0917-EZOLA,0.89603376,High,93.32191650867463,2026-03-30 19:32:06.333434,XGBoost
0921-OHLVP,0.00014784143,Low,0.012278231112577486,2026-03-30 19:32:06.333434,XGBoost
0923-PNFUB,0.9264385,High,77.58922524750233,2026-03-30 19:32:06.333434,XGBoost
0924-BJCRC,0.0002561346,Low,0.02291124037874397,2026-03-30 19:32:06.333434,XGBoost
0925-VYDLG,0.9996871,High,75.22645244002342,2026-03-30 19:32:06.333434,XGBoost
0927-CNGRH,0.0012770346,Low,0.024966027145273986,2026-03-30 19:32:06.333434,XGBoost
0927-LCSMG,0.81456476,High,60.80725966989994,2026-03-30 19:32:06.333434,XGBoost
0928-JMXNP,0.00037684978,Low,0.011267808557022363,2026-03-30 19:32:06.333434,XGBoost
0928-XUTSN,7.355682e-05,Low,0.005921323798247613,2026-03-30 19:32:06.333434,XGBoost
0929-HYQEW,0.0011063099,Low,0.05548144335625693,2026-03-30 19:32:06.333434,XGBoost
0929-PECLO,0.000110959576,Low,0.009941978007555008,2026-03-30 19:32:06.333434,XGBoost
0930-EHUZA,0.00014640782,Low,0.011178237300919136,2026-03-30 19:32:06.333434,XGBoost
0931-MHTEM,0.116160154,Low,11.621823441982269,2026-03-30 19:32:06.333434,XGBoost
0932-YIXYU,2.0572134e-05,Low,0.000416585703533201,2026-03-30 19:32:06.333434,XGBoost
0936-NQLJU,0.049328435,Low,1.0186321871355175,2026-03-30 19:32:06.333434,XGBoost
0939-EREMR,0.0003063663,Low,0.016375278870691547,2026-03-30 19:32:06.333434,XGBoost
0939-YAPAF,0.94963896,High,95.20130601525307,2026-03-30 19:32:06.333434,XGBoost
0940-OUQEC,0.78317547,High,63.20226030349732,2026-03-30 19:32:06.333434,XGBoost
0942-KOWSM,0.00010011697,Low,0.00808945142198354,2026-03-30 19:32:06.333434,XGBoost
0943-ZQPXH,0.086761735,Low,8.064503303542734,2026-03-30 19:32:06.333434,XGBoost
0945-TSONX,0.0001878703,Low,0.016025336949678604,2026-03-30 19:32:06.333434,XGBoost
0946-CLJTI,0.9997582,High,98.67613275647163,2026-03-30 19:32:06.333434,XGBoost
0946-FKYTX,3.499988e-05,Low,0.0010534964145335836,2026-03-30 19:32:06.333434,XGBoost
0947-IDHRQ,0.8420064,High,67.61311274170875,2026-03-30 19:32:06.333434,XGBoost
0947-MUGVO,0.9980597,High,73.50709616839886,2026-03-30 19:32:06.333434,XGBoost
0952-KMEEH,0.9998474,High,98.13502349853516,2026-03-30 19:32:06.333434,XGBoost
0953-LGOVU,0.03668865,Low,1.302447009831667,2026-03-30 19:32:06.333434,XGBoost
0956-ACVZC,0.038383227,Low,3.6118616458028554,2026-03-30 19:32:06.333434,XGBoost
0956-SYCWG,0.0010616427,Low,0.020861278247321022,2026-03-30 19:32:06.333434,XGBoost
0958-YHXGP,0.6427787,Medium,44.93023075461388,2026-03-30 19:32:06.333434,XGBoost
0959-WHOKV,0.00045323995,Low,0.04487075476208702,2026-03-30 19:32:06.333434,XGBoost
0960-HUWBM,1.3260379e-05,Low,0.0013804054634420026,2026-03-30 19:32:06.333434,XGBoost
0961-ZWLVI,7.031479e-05,Low,0.007678374947863631,2026-03-30 19:32:06.333434,XGBoost
0962-CQPWQ,6.490359e-05,Low,0.0013175428051908967,2026-03-30 19:32:06.333434,XGBoost
0963-ZBDRN,0.99906737,High,96.11028062105179,2026-03-30 19:32:06.333434,XGBoost
0967-BMLBD,0.0010398068,Low,0.02079613506793976,2026-03-30 19:32:06.333434,XGBoost
0968-GSIKN,0.9582368,High,67.84316639900207,2026-03-30 19:32:06.333434,XGBoost
0969-RGKCU,2.5748803e-05,Low,0.000509826294000959,2026-03-30 19:32:06.333434,XGBoost
0970-ETWGE,0.9998832,High,89.53953831195831,2026-03-30 19:32:06.333434,XGBoost
0970-QXPXW,0.00027898847,Low,0.005482123528781812,2026-03-30 19:32:06.333434,XGBoost
0971-QIFJK,0.00010339256,Low,0.002507269537090906,2026-03-30 19:32:06.333434,XGBoost
0973-KYVNF,0.008762817,Low,0.6190930138807744,2026-03-30 19:32:06.333434,XGBoost
0975-UYDTX,0.00050126814,Low,0.045164259040029714,2026-03-30 19:32:06.333434,XGBoost
0975-VOOVL,0.00012813226,Low,0.0037414620514027775,2026-03-30 19:32:06.333434,XGBoost
0979-MOZQI,0.00057877373,Low,0.022572175541426986,2026-03-30 19:32:06.333434,XGBoost
0979-PHULV,0.96871716,High,96.33892134726048,2026-03-30 19:32:06.333434,XGBoost
0980-FEXWF,1.4541204e-05,Low,0.0007321496269014461,2026-03-30 19:32:06.333434,XGBoost
0980-PVMRC,0.0003555264,Low,0.018078517311369068,2026-03-30 19:32:06.333434,XGBoost
0983-TATYJ,0.0002954004,Low,0.015198349894490093,2026-03-30 19:32:06.333434,XGBoost
0988-AADSA,5.2365294e-06,Low,0.0004233734046010795,2026-03-30 19:32:06.333434,XGBoost
0988-JRWWP,0.14705174,Low,7.970204129815102,2026-03-30 19:32:06.333434,XGBoost
0991-BRRFB,0.8353924,High,41.26838532686234,2026-03-30 19:32:06.333434,XGBoost
0993-OSGPT,4.882991e-06,Low,0.00029615341061344224,2026-03-30 19:32:06.333434,XGBoost
0997-YTLNY,0.0072393273,Low,0.3532791722565889,2026-03-30 19:32:06.333434,XGBoost
0999-QXNSA,0.00013347078,Low,0.006106288077717181,2026-03-30 19:32:06.333434,XGBoost
1000-AJSLD,0.87648296,High,17.617307567596438,2026-03-30 19:32:06.333434,XGBoost
1004-NOZNR,6.970565e-05,Low,0.006608095904812217,2026-03-30 19:32:06.333434,XGBoost
1009-IRMNA,0.9978921,High,19.957841634750366,2026-03-30 19:32:06.333434,XGBoost
1010-DIAUQ,0.9999391,High,96.49412161111832,2026-03-30 19:32:06.333434,XGBoost
1013-QCWAM,8.4220694e-05,Low,0.008489445922896266,2026-03-30 19:32:06.333434,XGBoost
1015-JPFYW,0.00027712932,Low,0.005390165314020123,2026-03-30 19:32:06.333434,XGBoost
1015-OWJKI,0.0007297202,Low,0.013901170279132203,2026-03-30 19:32:06.333434,XGBoost
1016-DJTSV,3.8188376e-05,Low,0.00266172984156583,2026-03-30 19:32:06.333434,XGBoost
1017-FBQMM,0.004457554,Low,0.4727235856465995,2026-03-30 19:32:06.333434,XGBoost
1020-JPQOW,0.00022256421,Low,0.020153189147822558,2026-03-30 19:32:06.333434,XGBoost
1022-RKXDR,2.5136042e-05,Low,0.0006246306334105611,2026-03-30 19:32:06.333434,XGBoost
1023-BQXZE,0.0018486873,Low,0.13744990085833705,2026-03-30 19:32:06.333434,XGBoost
1024-GUALD,0.9998728,High,24.796845531463624,2026-03-30 19:32:06.333434,XGBoost
1024-KPRBB,0.00050766754,Low,0.04523317819694057,2026-03-30 19:32:06.333434,XGBoost
1024-VRZHF,0.9185467,High,68.84507341384888,2026-03-30 19:32:06.333434,XGBoost
1025-FALIX,2.4790996e-05,Low,0.0017118182508056633,2026-03-30 19:32:06.333434,XGBoost
1027-LKKQQ,1.5242674e-05,Low,0.0012262731012469886,2026-03-30 19:32:06.333434,XGBoost
1028-FFNJK,0.28370473,Low,28.79602988064289,2026-03-30 19:32:06.333434,XGBoost
1029-QFBEN,0.7965863,High,15.573261678218842,2026-03-30 19:32:06.333434,XGBoost
1031-IIDEO,0.9114602,High,64.57695664465427,2026-03-30 19:32:06.333434,XGBoost
1032-MAELW,0.001955615,Low,0.15341798819135874,2026-03-30 19:32:06.333434,XGBoost
1035-IPQPU,8.660761e-05,Low,0.008963887423306005,2026-03-30 19:32:06.333434,XGBoost
1036-GUDCL,2.2399267e-05,Low,0.0017706620189528622,2026-03-30 19:32:06.333434,XGBoost
1038-RQOST,3.23947e-05,Low,0.0006673307951132302,2026-03-30 19:32:06.333434,XGBoost
1038-ZAGBI,0.99928504,High,19.7858438372612,2026-03-30 19:32:06.333434,XGBoost
1041-RXHRA,0.31431663,Low,22.08074328303337,2026-03-30 19:32:06.333434,XGBoost
1042-HFUCW,1.792132e-05,Low,0.0009811922836888698,2026-03-30 19:32:06.333434,XGBoost
1043-UXOVO,0.00010907941,Low,0.01234233527793549,2026-03-30 19:32:06.333434,XGBoost
1043-YCUTE,0.6382451,Medium,16.051864409446715,2026-03-30 19:32:06.333434,XGBoost
1045-LTCYT,0.023685418,Low,0.4985780503600836,2026-03-30 19:32:06.333434,XGBoost
1047-NNCBF,1.9832878e-06,Low,0.00013992095446155873,2026-03-30 19:32:06.333434,XGBoost
1047-RNXZV,0.0031913999,Low,0.0623918671393767,2026-03-30 19:32:06.333434,XGBoost
1049-FYSYG,0.00022370966,Low,0.007975249495211756,2026-03-30 19:32:06.333434,XGBoost
1051-EQPZR,5.849719e-05,Low,0.001146544913353864,2026-03-30 19:32:06.333434,XGBoost
1051-GEJLJ,0.013689136,Low,0.2669381545856595,2026-03-30 19:32:06.333434,XGBoost
1052-QJIBV,1.3043972e-05,Low,0.0002595750448563194,2026-03-30 19:32:06.333434,XGBoost
1053-MXTTK,3.9748855e-05,Low,0.0043187130697333485,2026-03-30 19:32:06.333434,XGBoost
1057-FOGLZ,0.00013520829,Low,0.0026568429158942307,2026-03-30 19:32:06.333434,XGBoost
1060-ENTOF,0.0007026845,Low,0.07406294760294259,2026-03-30 19:32:06.333434,XGBoost
1061-PNTHC,0.005881548,Low,0.6446176528930664,2026-03-30 19:32:06.333434,XGBoost
1062-LHZOD,0.9997105,High,69.87976396679879,2026-03-30 19:32:06.333434,XGBoost
1063-DHQJF,1.5386385e-06,Low,0.00014178553386159367,2026-03-30 19:32:06.333434,XGBoost
1064-FBXNK,8.181406e-06,Low,0.00016240090858445912,2026-03-30 19:32:06.333434,XGBoost
1066-JKSGK,0.9968748,High,20.087027406692503,2026-03-30 19:32:06.333434,XGBoost
1069-QJOEE,0.0051367152,Low,0.10222063343971967,2026-03-30 19:32:06.333434,XGBoost
1069-XAIEM,0.99983275,High,85.03577533364296,2026-03-30 19:32:06.333434,XGBoost
1073-XXCZD,0.14281783,Low,3.670418104529381,2026-03-30 19:32:06.333434,XGBoost
1074-AMIOH,0.024035051,Low,2.601794321089983,2026-03-30 19:32:06.333434,XGBoost
1074-WVEVG,1.3889621e-05,Low,0.00028265379114600364,2026-03-30 19:32:06.333434,XGBoost
1075-BGWOH,0.9993591,High,98.68670828640461,2026-03-30 19:32:06.333434,XGBoost
1077-HUUJM,0.0005727379,Low,0.040693026973167436,2026-03-30 19:32:06.333434,XGBoost
1078-TDCRN,0.0021153723,Low,0.06504769931780174,2026-03-30 19:32:06.333434,XGBoost
1080-BWSYE,2.7498429e-05,Low,0.0007053346937937021,2026-03-30 19:32:06.333434,XGBoost
1084-MNSMJ,0.000117974756,Low,0.010086841637530597,2026-03-30 19:32:06.333434,XGBoost
1084-UQCHV,0.9762112,High,68.09073051810265,2026-03-30 19:32:06.333434,XGBoost
1085-LDWAM,5.370294e-06,Low,0.0001092854792432263,2026-03-30 19:32:06.333434,XGBoost
1086-LXKFY,0.99984145,High,69.08904430866241,2026-03-30 19:32:06.333434,XGBoost
1087-GRUYI,0.022232626,Low,0.4535455629229545,2026-03-30 19:32:06.333434,XGBoost
1087-UDSIH,0.9987519,High,19.575536823272706,2026-03-30 19:32:06.333434,XGBoost
1088-AUUZZ,3.5860867e-06,Low,0.000272004674479831,2026-03-30 19:32:06.333434,XGBoost
1088-CNNKB,0.00010176114,Low,0.00814089144114405,2026-03-30 19:32:06.333434,XGBoost
1089-HDMKP,0.0002960652,Low,0.016150356958678457,2026-03-30 19:32:06.333434,XGBoost
1089-XZWHH,2.6865953e-05,Low,0.0005292592792102369,2026-03-30 19:32:06.333434,XGBoost
1090-ESELR,0.0001930305,Low,0.020364717820484657,2026-03-30 19:32:06.333434,XGBoost
1090-PYKCI,0.00020358666,Low,0.021396958355035165,2026-03-30 19:32:06.333434,XGBoost
1091-SOZGA,0.00015192159,Low,0.01516177443554625,2026-03-30 19:32:06.333434,XGBoost
1092-GANHU,0.99799687,High,76.49645983278752,2026-03-30 19:32:06.333434,XGBoost
1092-WPIVQ,2.3097784e-05,Low,0.0005797543764856528,2026-03-30 19:32:06.333434,XGBoost
1093-YSWCA,0.00016026011,Low,0.0031330851787060967,2026-03-30 19:32:06.333434,XGBoost
1094-BKOSX,2.4920442e-05,Low,0.0012709425536741037,2026-03-30 19:32:06.333434,XGBoost
1095-JUDTC,0.8558825,High,81.35163404345512,2026-03-30 19:32:06.333434,XGBoost
1095-WGNGG,0.00024493472,Low,0.02475065376056591,2026-03-30 19:32:06.333434,XGBoost
1096-ADRUX,0.00010742545,Low,0.007976339433298563,2026-03-30 19:32:06.333434,XGBoost
1097-FSPVW,0.1837878,Low,10.025624103844166,2026-03-30 19:32:06.333434,XGBoost
1098-KFQEC,5.214142e-05,Low,0.0010115435201441868,2026-03-30 19:32:06.333434,XGBoost
1098-TDVUQ,0.22537698,Low,4.3385068364441395,2026-03-30 19:32:06.333434,XGBoost
1099-BTKWT,0.0667535,Low,3.631390357017517,2026-03-30 19:32:06.333434,XGBoost
1099-GODLO,0.0002469137,Low,0.0050246937171323225,2026-03-30 19:32:06.333434,XGBoost
1100-DDVRV,0.00025794492,Low,0.012845657067373395,2026-03-30 19:32:06.333434,XGBoost
1101-SSWAG,0.0010856428,Low,0.0554763492080383,2026-03-30 19:32:06.333434,XGBoost
1104-FEJAM,4.7499434e-05,Low,0.0030589635498472494,2026-03-30 19:32:06.333434,XGBoost
1104-TNLZA,0.35561532,Low,37.624100625514984,2026-03-30 19:32:06.333434,XGBoost
1106-HRLKZ,7.330758e-06,Low,0.00014368285392265536,2026-03-30 19:32:06.333434,XGBoost
1110-KYLGQ,3.970847e-05,Low,0.004298441829632793,2026-03-30 19:32:06.333434,XGBoost
1112-CUNAO,0.99964356,High,89.81797424554824,2026-03-30 19:32:06.333434,XGBoost
1113-IUJYX,0.9998933,High,105.93869594931603,2026-03-30 19:32:06.333434,XGBoost
1114-CENIM,0.9985852,High,54.92218732833862,2026-03-30 19:32:06.333434,XGBoost
1116-DXXDF,0.0005964146,Low,0.059909847695962526,2026-03-30 19:32:06.333434,XGBoost
1116-FRYVH,2.889603e-05,Low,0.0011385035468265414,2026-03-30 19:32:06.333434,XGBoost
1120-BMWUB,0.9135945,High,49.24274270534515,2026-03-30 19:32:06.333434,XGBoost
1121-QSIVB,1.8399394e-05,Low,0.001426873029595299,2026-03-30 19:32:06.333434,XGBoost
1122-JWTJW,0.99962556,High,70.62354606986047,2026-03-30 19:32:06.333434,XGBoost
1122-YJBCS,1.070109e-05,Low,0.0005741134841173334,2026-03-30 19:32:06.333434,XGBoost
1125-SNVCK,0.03292218,Low,1.4419914186000824,2026-03-30 19:32:06.333434,XGBoost
1131-ALZWV,2.6386337e-05,Low,0.0006491038824606222,2026-03-30 19:32:06.333434,XGBoost
1131-QQZEB,0.00025348994,Low,0.006071084050927311,2026-03-30 19:32:06.333434,XGBoost
1131-SUEKT,2.1333903e-05,Low,0.002100322713249625,2026-03-30 19:32:06.333434,XGBoost
1133-KXCGE,2.7158589e-05,Low,0.0005458876315969975,2026-03-30 19:32:06.333434,XGBoost
1134-YWTYF,0.2446141,Low,13.160238283872603,2026-03-30 19:32:06.333434,XGBoost
1135-HIORI,0.0030262535,Low,0.3372759574558586,2026-03-30 19:32:06.333434,XGBoost
1135-LMECX,0.0005797197,Low,0.011507436496322044,2026-03-30 19:32:06.333434,XGBoost
1136-XGEQU,0.00013500641,Low,0.0113607895837049,2026-03-30 19:32:06.333434,XGBoost
1137-DGOWI,0.0041280612,Low,0.2899963017553091,2026-03-30 19:32:06.333434,XGBoost
1139-WUOAH,0.000118030235,Low,0.0062969130463898185,2026-03-30 19:32:06.333434,XGBoost
1140-UKVZG,0.17821461,Low,4.419722318649292,2026-03-30 19:32:06.333434,XGBoost
1142-IHLOO,4.744547e-05,Low,0.004153850743205112,2026-03-30 19:32:06.333434,XGBoost
1142-WACZW,0.9996518,High,29.839605921506884,2026-03-30 19:32:06.333434,XGBoost
1143-NMNQJ,0.99900585,High,85.61480169892312,2026-03-30 19:32:06.333434,XGBoost
1150-FTQGN,7.709715e-06,Low,0.0007258696424742085,2026-03-30 19:32:06.333434,XGBoost
1150-WFARN,0.9996166,High,108.70830774307251,2026-03-30 19:32:06.333434,XGBoost
1153-GNOLC,0.0005372764,Low,0.021007506630849094,2026-03-30 19:32:06.333434,XGBoost
1154-HYWWO,0.12286512,Low,8.674277336895464,2026-03-30 19:32:06.333434,XGBoost
1156-ZFYDO,0.0009777946,Low,0.01931144413538277,2026-03-30 19:32:06.333434,XGBoost
1157-BQCUW,0.9996284,High,74.92215042710305,2026-03-30 19:32:06.333434,XGBoost
1159-WFSGR,0.00012761027,Low,0.0026032495137769725,2026-03-30 19:32:06.333434,XGBoost
1162-ECVII,4.4371103e-05,Low,0.00486972858561785,2026-03-30 19:32:06.333434,XGBoost
1163-ONYEY,0.0006682379,Low,0.04981713672168553,2026-03-30 19:32:06.333434,XGBoost
1163-VIPRI,8.353124e-05,Low,0.009129964366729837,2026-03-30 19:32:06.333434,XGBoost
1166-PQLGG,0.001872979,Low,0.03661673921742477,2026-03-30 19:32:06.333434,XGBoost
1167-OYZJF,0.007191987,Low,0.14419933487661182,2026-03-30 19:32:06.333434,XGBoost
1169-SAOCL,0.00013277377,Low,0.014160322572570294,2026-03-30 19:32:06.333434,XGBoost
1169-WCVAK,8.481153e-05,Low,0.007531263912096619,2026-03-30 19:32:06.333434,XGBoost
1170-SASML,5.382095e-05,Low,0.004596309103362728,2026-03-30 19:32:06.333434,XGBoost
1171-TYKUR,3.230409e-05,Low,0.0008205239188100676,2026-03-30 19:32:06.333434,XGBoost
1172-VIYBP,7.0511464e-06,Low,0.000491464906872352,2026-03-30 19:32:06.333434,XGBoost
1173-NOEYG,0.059157033,Low,5.333006481640041,2026-03-30 19:32:06.333434,XGBoost
1173-XZPYF,3.2164502e-05,Low,0.0028690735824056903,2026-03-30 19:32:06.333434,XGBoost
1174-FGIFN,0.0024886974,Low,0.2251026810379699,2026-03-30 19:32:06.333434,XGBoost
1177-XZBJL,1.3863947e-05,Low,0.0008893722039374553,2026-03-30 19:32:06.333434,XGBoost
1178-PZGAB,0.021982709,Low,0.4451498561538756,2026-03-30 19:32:06.333434,XGBoost
1179-INLAT,5.538515e-05,Low,0.0010772411598736654,2026-03-30 19:32:06.333434,XGBoost
1183-CANVH,8.0972655e-05,Low,0.0048583593161311,2026-03-30 19:32:06.333434,XGBoost
1184-PJVDB,0.7546883,High,60.33733138740063,2026-03-30 19:32:06.333434,XGBoost
1187-WILMM,0.027093438,Low,2.4221533957868817,2026-03-30 19:32:06.333434,XGBoost
1193-RTSLK,0.99780613,High,83.71593446135522,2026-03-30 19:32:06.333434,XGBoost
1194-BHJYC,1.6811811e-05,Low,0.0010448540718243748,2026-03-30 19:32:06.333434,XGBoost
1194-HVAIF,0.27345496,Low,25.978221595287323,2026-03-30 19:32:06.333434,XGBoost
1194-SPVSP,0.09220634,Low,1.8118545133620498,2026-03-30 19:32:06.333434,XGBoost
1195-OIYEJ,0.9553532,High,87.03267655968665,2026-03-30 19:32:06.333434,XGBoost
1196-AMORA,0.99915016,High,73.53745155334472,2026-03-30 19:32:06.333434,XGBoost
1197-BVMVG,0.0012245796,Low,0.09116995410877281,2026-03-30 19:32:06.333434,XGBoost
1200-TUZHR,2.3661582e-05,Low,0.0020159667445113884,2026-03-30 19:32:06.333434,XGBoost
1202-KKGFU,0.0016363304,Low,0.08868910700548441,2026-03-30 19:32:06.333434,XGBoost
1205-WNWPJ,0.99835986,High,59.40241160988808,2026-03-30 19:32:06.333434,XGBoost
1206-EHBDD,0.02255182,Low,1.8109111204743384,2026-03-30 19:32:06.333434,XGBoost
1207-BLKSA,2.1849184e-05,Low,0.0005036236940213712,2026-03-30 19:32:06.333434,XGBoost
1208-DNHLN,0.99886835,High,48.295284539461136,2026-03-30 19:32:06.333434,XGBoost
1208-NBVFH,0.015385692,Low,0.7631303235888481,2026-03-30 19:32:06.333434,XGBoost
1209-VFFOC,5.6601357e-06,Low,0.0003192316526110517,2026-03-30 19:32:06.333434,XGBoost
1212-GLHMD,3.736922e-05,Low,0.0032156213879716232,2026-03-30 19:32:06.333434,XGBoost
1213-NGCUN,0.99817204,High,49.5592420220375,2026-03-30 19:32:06.333434,XGBoost
1215-EXRMO,0.0091104945,Low,0.18722066232003273,2026-03-30 19:32:06.333434,XGBoost
1215-FIGMP,1.7835067e-05,Low,0.0016033725602028427,2026-03-30 19:32:06.333434,XGBoost
1215-VFYVK,7.6099575e-05,Low,0.0036718045121233445,2026-03-30 19:32:06.333434,XGBoost
1216-BGTSP,3.0577925e-05,Low,0.0033161759572976736,2026-03-30 19:32:06.333434,XGBoost
1216-JWVUX,6.640829e-05,Low,0.005013825961214025,2026-03-30 19:32:06.333434,XGBoost
1217-VASWC,0.11362636,Low,11.425130587816238,2026-03-30 19:32:06.333434,XGBoost
1218-VKFPE,0.0031843462,Low,0.06050257873721421,2026-03-30 19:32:06.333434,XGBoost
1219-NNDDO,0.00029058915,Low,0.02233177580492338,2026-03-30 19:32:06.333434,XGBoost
1221-GHZEP,3.3143384e-05,Low,0.0021576342929620295,2026-03-30 19:32:06.333434,XGBoost
1222-KJNZD,0.006939114,Low,0.141557927057147,2026-03-30 19:32:06.333434,XGBoost
1222-LRYKO,0.00071881677,Low,0.01894082177313976,2026-03-30 19:32:06.333434,XGBoost
1223-UNPKS,5.7214325e-05,Low,0.0011471472233097301,2026-03-30 19:32:06.333434,XGBoost
1226-IENZN,0.3991541,Low,31.433385126292706,2026-03-30 19:32:06.333434,XGBoost
1226-JZNKR,0.0008988266,Low,0.017796766210813077,2026-03-30 19:32:06.333434,XGBoost
1226-UDFZR,0.65722907,Medium,32.598561668395995,2026-03-30 19:32:06.333434,XGBoost
1227-UDMZR,5.273247e-05,Low,0.004806564646605694,2026-03-30 19:32:06.333434,XGBoost
1228-FZFRV,0.91292685,High,96.72460004389286,2026-03-30 19:32:06.333434,XGBoost
1228-ZLNBX,0.00035535172,Low,0.02675798423588276,2026-03-30 19:32:06.333434,XGBoost
1229-RCALF,6.0625036e-05,Low,0.006971879138291115,2026-03-30 19:32:06.333434,XGBoost
1230-QAJDW,4.6365232e-05,Low,0.003025331405297038,2026-03-30 19:32:06.333434,XGBoost
1231-YNDEK,0.00032604297,Low,0.006243722794170025,2026-03-30 19:32:06.333434,XGBoost
1236-WFCDV,0.99931455,High,90.38800073862076,2026-03-30 19:32:06.333434,XGBoost
1237-WIYYZ,0.00039965688,Low,0.00781329209858086,2026-03-30 19:32:06.333434,XGBoost
1240-HCBOH,1.661576e-05,Low,0.0004336713520388003,2026-03-30 19:32:06.333434,XGBoost
1240-KNSEZ,0.9994824,High,20.08959610462189,2026-03-30 19:32:06.333434,XGBoost
1241-EZFMJ,6.539806e-05,Low,0.0016643806407955707,2026-03-30 19:32:06.333434,XGBoost
1241-FPMOF,0.0001316304,Low,0.0025865372997941447,2026-03-30 19:32:06.333434,XGBoost
1245-HARPS,0.004857102,Low,0.0990848796442151,2026-03-30 19:32:06.333434,XGBoost
1247-QBVSH,6.3879255e-05,Low,0.0032067386171547698,2026-03-30 19:32:06.333434,XGBoost
1248-DYXUB,0.0010206151,Low,0.025311254616826772,2026-03-30 19:32:06.333434,XGBoost
1251-KRREG,0.9995677,High,54.376482200622554,2026-03-30 19:32:06.333434,XGBoost
1251-STYSZ,0.00050685473,Low,0.040675092284800485,2026-03-30 19:32:06.333434,XGBoost
1254-IZEYF,0.9997733,High,99.92734368741513,2026-03-30 19:32:06.333434,XGBoost
1257-SXUXQ,0.094034754,Low,1.828975960239768,2026-03-30 19:32:06.333434,XGBoost
1258-YMZNM,0.0003079306,Low,0.034026331777567975,2026-03-30 19:32:06.333434,XGBoost
1260-TTRXI,0.999635,High,54.28017947673797,2026-03-30 19:32:06.333434,XGBoost
1261-FWTTE,0.026058797,Low,0.9029373088851571,2026-03-30 19:32:06.333434,XGBoost
1262-OPMFY,0.9994165,High,75.7057976424694,2026-03-30 19:32:06.333434,XGBoost
1264-BYWMS,0.9998641,High,96.78684501647949,2026-03-30 19:32:06.333434,XGBoost
1264-FUHCX,9.938711e-05,Low,0.0055954941344680265,2026-03-30 19:32:06.333434,XGBoost
1265-BCFEO,0.0028743232,Low,0.23123929877765478,2026-03-30 19:32:06.333434,XGBoost
1265-HVPZB,2.1276179e-05,Low,0.0014127382732112893,2026-03-30 19:32:06.333434,XGBoost
1265-XTECC,0.9982698,High,96.38294883966445,2026-03-30 19:32:06.333434,XGBoost
1265-ZFOSD,0.032316845,Low,2.6273594912141562,2026-03-30 19:32:06.333434,XGBoost
1266-NZYUI,3.5053592e-05,Low,0.0023433326252416007,2026-03-30 19:32:06.333434,XGBoost
1268-ASBGA,0.06657848,Low,5.682473064959049,2026-03-30 19:32:06.333434,XGBoost
1269-FOYWN,0.0016997649,Low,0.03399529727175832,2026-03-30 19:32:06.333434,XGBoost
1270-XKUCC,7.2988405e-05,Low,0.0014378715786733665,2026-03-30 19:32:06.333434,XGBoost
1271-SJBGZ,0.94095033,High,41.07248208224773,2026-03-30 19:32:06.333434,XGBoost
1271-UODNO,0.014209242,Low,0.7651676604989917,2026-03-30 19:32:06.333434,XGBoost
1272-ILHFG,0.0072909305,Low,0.14326678407378493,2026-03-30 19:32:06.333434,XGBoost
1273-MTETI,0.95211506,High,84.59542298316956,2026-03-30 19:32:06.333434,XGBoost
1282-IHQAC,0.02542453,Low,1.1199505786411463,2026-03-30 19:32:06.333434,XGBoost
1285-OKIPP,0.99981755,High,79.88542225956917,2026-03-30 19:32:06.333434,XGBoost
1291-CUOCY,6.8291716e-05,Low,0.007553063807426951,2026-03-30 19:32:06.333434,XGBoost
1293-BSEUN,1.9108094e-05,Low,0.00039553755450469905,2026-03-30 19:32:06.333434,XGBoost
1293-HHSHJ,0.05221555,Low,1.1017481070011854,2026-03-30 19:32:06.333434,XGBoost
1297-VQDRP,0.0650518,Low,6.9703005310148,2026-03-30 19:32:06.333434,XGBoost
1298-PHBTI,1.6671109e-05,Low,0.0014137100282823666,2026-03-30 19:32:06.333434,XGBoost
1299-AURJA,8.153467e-06,Low,0.00020139063999522478,2026-03-30 19:32:06.333434,XGBoost
1301-LOPVR,0.0021263822,Low,0.11769525466952473,2026-03-30 19:32:06.333434,XGBoost
1302-TPUBN,9.645368e-05,Low,0.0018663787308469183,2026-03-30 19:32:06.333434,XGBoost
1302-UHBDD,0.00020738796,Low,0.018654546880861746,2026-03-30 19:32:06.333434,XGBoost
1303-SRDOK,0.00020817229,Low,0.014374296785535989,2026-03-30 19:32:06.333434,XGBoost
1304-BCCFO,0.09802001,Low,6.866301679238677,2026-03-30 19:32:06.333434,XGBoost
1304-NECVQ,0.99994934,High,78.54602034687996,2026-03-30 19:32:06.333434,XGBoost
1304-SEGFY,0.00012148013,Low,0.011886830766889032,2026-03-30 19:32:06.333434,XGBoost
1306-RPWXZ,2.7171383e-05,Low,0.0005556547906962805,2026-03-30 19:32:06.333434,XGBoost
1307-ATKGB,0.0008593418,Low,0.07695405971026048,2026-03-30 19:32:06.333434,XGBoost
1307-TVUFB,0.09374181,Low,7.4384127672761675,2026-03-30 19:32:06.333434,XGBoost
1309-BXVOQ,0.75017244,High,79.59329548478127,2026-03-30 19:32:06.333434,XGBoost
1309-XGFSN,0.015211576,Low,1.2298558924812824,2026-03-30 19:32:06.333434,XGBoost
1310-QRITU,0.04521683,Low,2.2744064778089523,2026-03-30 19:32:06.333434,XGBoost
1319-YLZJG,0.000102518214,Low,0.008673040877329185,2026-03-30 19:32:06.333434,XGBoost
1320-GVNHT,3.3541153e-05,Low,0.003635861011571251,2026-03-30 19:32:06.333434,XGBoost
1320-HTRDR,0.9730207,High,73.46306079626083,2026-03-30 19:32:06.333434,XGBoost
1320-REHCS,2.659224e-05,Low,0.002945090671801154,2026-03-30 19:32:06.333434,XGBoost
1322-AGOQM,0.9953023,High,30.157660281658174,2026-03-30 19:32:06.333434,XGBoost
1323-OOEPC,0.9995715,High,98.35783581733705,2026-03-30 19:32:06.333434,XGBoost
1324-NLTJE,0.99818593,High,54.900226294994354,2026-03-30 19:32:06.333434,XGBoost
1325-USMEC,0.000875995,Low,0.08703010610770434,2026-03-30 19:32:06.333434,XGBoost
1328-EUZHC,0.00017751649,Low,0.0035680813598446552,2026-03-30 19:32:06.333434,XGBoost
1329-VHWNP,0.0012060296,Low,0.030211040371796116,2026-03-30 19:32:06.333434,XGBoost
1333-PBMXB,0.008735217,Low,0.21619662456214428,2026-03-30 19:32:06.333434,XGBoost
1334-FJSVR,0.9878697,High,23.95583973824978,2026-03-30 19:32:06.333434,XGBoost
1334-PDUKM,0.0002933541,Low,0.025360461630043574,2026-03-30 19:32:06.333434,XGBoost
1335-HQMKX,6.954154e-05,Low,0.007048034724721219,2026-03-30 19:32:06.333434,XGBoost
1335-MXCSE,2.0483394e-05,Low,0.0011317075245642627,2026-03-30 19:32:06.333434,XGBoost
1335-NTIUC,0.0017562623,Low,0.04381874356186017,2026-03-30 19:32:06.333434,XGBoost
1336-EZFZY,4.3809923e-05,Low,0.0008783889607002493,2026-03-30 19:32:06.333434,XGBoost
1337-BOZWO,1.8305007e-05,Low,0.0008493523229844868,2026-03-30 19:32:06.333434,XGBoost
1338-CECEE,0.001100396,Low,0.07537712866906077,2026-03-30 19:32:06.333434,XGBoost
1342-JPNKI,0.9994929,High,86.00636264085769,2026-03-30 19:32:06.333434,XGBoost
1343-EHPYB,0.9991905,High,103.31629866361618,2026-03-30 19:32:06.333434,XGBoost
1345-GKDZZ,0.01677697,Low,0.32798975678160786,2026-03-30 19:32:06.333434,XGBoost
1345-ZUKID,2.5563293e-05,Low,0.0004946497213495605,2026-03-30 19:32:06.333434,XGBoost
1346-PJWTK,0.08530569,Low,8.031530785560609,2026-03-30 19:32:06.333434,XGBoost
1346-UFHAX,0.24519669,Low,19.615734815597534,2026-03-30 19:32:06.333434,XGBoost
1347-KTTTA,6.433629e-05,Low,0.006591252636280842,2026-03-30 19:32:06.333434,XGBoost
1349-WXNGG,0.83577913,High,16.75737156569958,2026-03-30 19:32:06.333434,XGBoost
1352-HNSAW,0.0008853488,Low,0.10234632419887929,2026-03-30 19:32:06.333434,XGBoost
1352-VHKAJ,5.177902e-06,Low,0.0003707377860337146,2026-03-30 19:32:06.333434,XGBoost
1353-GHZOS,0.00038320504,Low,0.022896501286595594,2026-03-30 19:32:06.333434,XGBoost
1353-LJWEM,0.00021932198,Low,0.01335670884582214,2026-03-30 19:32:06.333434,XGBoost
1354-YZFNB,0.00022368599,Low,0.004373061051592231,2026-03-30 19:32:06.333434,XGBoost
1355-KUSBG,0.0003898106,Low,0.01902275695465505,2026-03-30 19:32:06.333434,XGBoost
1356-MKYSK,0.07185454,Low,5.651359509304166,2026-03-30 19:32:06.333434,XGBoost
1357-BIJKI,0.0002772181,Low,0.027236677218752448,2026-03-30 19:32:06.333434,XGBoost
1357-MVDOZ,0.036446113,Low,2.17401064876467,2026-03-30 19:32:06.333434,XGBoost
1360-JYXKQ,0.00023053288,Low,0.02284580857522087,2026-03-30 19:32:06.333434,XGBoost
1360-RCYRT,7.614037e-05,Low,0.002310860280340421,2026-03-30 19:32:06.333434,XGBoost
1360-XFJMR,0.00050026027,Low,0.054878551641013476,2026-03-30 19:32:06.333434,XGBoost
1363-TXLSL,0.9992887,High,70.2499940752983,2026-03-30 19:32:06.333434,XGBoost
1370-GGAWX,0.04857542,Low,4.573375786654651,2026-03-30 19:32:06.333434,XGBoost
1371-OJCEK,0.029554263,Low,0.7196462981402875,2026-03-30 19:32:06.333434,XGBoost
1371-WEPDS,0.16108009,Low,8.988269144296646,2026-03-30 19:32:06.333434,XGBoost
1373-ORVIZ,0.99828005,High,66.23588120937347,2026-03-30 19:32:06.333434,XGBoost
1374-DMZUI,0.99993,High,94.29340127706527,2026-03-30 19:32:06.333434,XGBoost
1376-HHBDV,0.0028016288,Low,0.13671948462724684,2026-03-30 19:32:06.333434,XGBoost
1379-FRVEB,0.000108374086,Low,0.009862041850283276,2026-03-30 19:32:06.333434,XGBoost
1383-EZRWL,0.9997527,High,20.04504164159298,2026-03-30 19:32:06.333434,XGBoost
1384-RCUXW,0.00046321316,Low,0.03731182007031748,2026-03-30 19:32:06.333434,XGBoost
1385-TQOZW,0.0003473736,Low,0.007103790112887509,2026-03-30 19:32:06.333434,XGBoost
1386-ZIKUV,0.00012844971,Low,0.0024341220436326695,2026-03-30 19:32:06.333434,XGBoost
1389-CXMLU,0.99967265,High,91.02019490003586,2026-03-30 19:32:06.333434,XGBoost
1389-WNUIB,0.0022657102,Low,0.17219397146254778,2026-03-30 19:32:06.333434,XGBoost
1391-UBDAR,0.4015454,Medium,29.272660052776338,2026-03-30 19:32:06.333434,XGBoost
1393-IMKZG,0.00047204495,Low,0.045245508513471575,2026-03-30 19:32:06.333434,XGBoost
1394-SUIUH,0.0020755404,Low,0.17673226229380817,2026-03-30 19:32:06.333434,XGBoost
1395-OFUWC,0.0024526897,Low,0.07186380787752569,2026-03-30 19:32:06.333434,XGBoost
1395-WSWXR,3.386109e-05,Low,0.000702617651768378,2026-03-30 19:32:06.333434,XGBoost
1396-QWFBJ,0.99895954,High,73.9729540348053,2026-03-30 19:32:06.333434,XGBoost
1397-XKKWR,9.62074e-05,Low,0.0033961211243877187,2026-03-30 19:32:06.333434,XGBoost
1399-OUPJN,0.003500934,Low,0.06914344633696601,2026-03-30 19:32:06.333434,XGBoost
1399-UBQIU,0.00062233495,Low,0.04315892866288777,2026-03-30 19:32:06.333434,XGBoost
1400-MMYXY,0.9669088,High,102.39564324617386,2026-03-30 19:32:06.333434,XGBoost
1400-WIVLL,8.742851e-05,Low,0.009437907718893258,2026-03-30 19:32:06.333434,XGBoost
1401-FTHFQ,6.222733e-06,Low,0.00012445466381905135,2026-03-30 19:32:06.333434,XGBoost
1402-PTHGN,0.006760469,Low,0.41576885408721864,2026-03-30 19:32:06.333434,XGBoost
1403-GYAFU,1.3088956e-05,Low,0.0002624335620112106,2026-03-30 19:32:06.333434,XGBoost
1403-LKLIK,3.4020177e-05,Low,0.0006838055542175425,2026-03-30 19:32:06.333434,XGBoost
1406-PUQVY,0.00022859602,Low,0.011406941486347933,2026-03-30 19:32:06.333434,XGBoost
1407-DIGZV,2.445724e-05,Low,0.00046713328811165416,2026-03-30 19:32:06.333434,XGBoost
1409-PHXTF,0.0099425195,Low,1.0981512764003127,2026-03-30 19:32:06.333434,XGBoost
1410-RSCMR,8.8995934e-05,Low,0.00634985987417167,2026-03-30 19:32:06.333434,XGBoost
1414-YADCW,5.718056e-05,Low,0.004837475483509479,2026-03-30 19:32:06.333434,XGBoost
1415-YFWLT,0.9991684,High,89.22573776245117,2026-03-30 19:32:06.333434,XGBoost
1421-HCERK,0.0014312466,Low,0.15128276956966147,2026-03-30 19:32:06.333434,XGBoost
1422-DGUBX,0.0025673942,Low,0.203465988044627,2026-03-30 19:32:06.333434,XGBoost
1423-BMPBQ,0.00014726921,Low,0.0027981149760307744,2026-03-30 19:32:06.333434,XGBoost
1427-VERSM,0.0006231246,Low,0.061502397368894894,2026-03-30 19:32:06.333434,XGBoost
1428-GTBJJ,0.99934715,High,74.50133005678653,2026-03-30 19:32:06.333434,XGBoost
1428-IEDPR,4.090269e-05,Low,0.004470664090331411,2026-03-30 19:32:06.333434,XGBoost
1429-UYJSV,5.6497232e-05,Low,0.0011129954789794283,2026-03-30 19:32:06.333434,XGBoost
1430-SFQSA,0.009374948,Low,0.33374815657734874,2026-03-30 19:32:06.333434,XGBoost
1431-AIDJQ,6.960941e-05,Low,0.005714932284899987,2026-03-30 19:32:06.333434,XGBoost
1431-CYWMH,4.844431e-05,Low,0.000922864137646684,2026-03-30 19:32:06.333434,XGBoost
1432-FPAXX,0.35376304,Low,10.825149142742157,2026-03-30 19:32:06.333434,XGBoost
1436-ZMJAN,0.19274044,Low,13.067801856994627,2026-03-30 19:32:06.333434,XGBoost
1439-LCGVL,7.448352e-06,Low,0.00014300835609901697,2026-03-30 19:32:06.333434,XGBoost
1442-BQPVU,0.016608926,Low,0.4841501793824136,2026-03-30 19:32:06.333434,XGBoost
1442-OKRJE,0.038257103,Low,3.946220217086375,2026-03-30 19:32:06.333434,XGBoost
1444-VVSGW,0.9996675,High,115.61154929995537,2026-03-30 19:32:06.333434,XGBoost
1447-GIQMR,0.99946123,High,69.11274430453778,2026-03-30 19:32:06.333434,XGBoost
1447-PJGGA,0.99592054,High,94.86143133044243,2026-03-30 19:32:06.333434,XGBoost
1448-CYWKC,5.451447e-05,Low,0.005734922086412553,2026-03-30 19:32:06.333434,XGBoost
1448-PWKYE,0.99958235,High,79.9665880203247,2026-03-30 19:32:06.333434,XGBoost
1449-XQEMT,0.5477062,Medium,10.844582498073578,2026-03-30 19:32:06.333434,XGBoost
1450-GALXR,0.9977701,High,98.28035199642181,2026-03-30 19:32:06.333434,XGBoost
1450-SKCVI,0.12300843,Low,9.084172555804251,2026-03-30 19:32:06.333434,XGBoost
1452-KIOVK,2.2797843e-05,Low,0.00203128785451554,2026-03-30 19:32:06.333434,XGBoost
1452-UZOSF,6.98302e-05,Low,0.007408984522044193,2026-03-30 19:32:06.333434,XGBoost
1452-VOQCH,0.001438149,Low,0.10800499126780777,2026-03-30 19:32:06.333434,XGBoost
1452-XRSJV,5.22732e-05,Low,0.0026685468961659352,2026-03-30 19:32:06.333434,XGBoost
1453-RZFON,0.0013405303,Low,0.06689246431924402,2026-03-30 19:32:06.333434,XGBoost
1455-ESIQH,0.89725006,High,79.94498001337051,2026-03-30 19:32:06.333434,XGBoost
1455-HFBXA,7.183163e-05,Low,0.006579777272418141,2026-03-30 19:32:06.333434,XGBoost
1455-UGQVH,0.99981517,High,98.48179385066032,2026-03-30 19:32:06.333434,XGBoost
1456-TWCGB,0.00011241983,Low,0.005536676704650745,2026-03-30 19:32:06.333434,XGBoost
1459-QNFQT,8.3470964e-05,Low,0.004966522385075223,2026-03-30 19:32:06.333434,XGBoost
1460-UZPRJ,0.013842595,Low,0.27615976645611223,2026-03-30 19:32:06.333434,XGBoost
1465-LNTLJ,0.13824807,Low,8.903175777196886,2026-03-30 19:32:06.333434,XGBoost
1465-VINDH,0.8635355,High,88.16697694063186,2026-03-30 19:32:06.333434,XGBoost
1465-WCZVT,0.00022696653,Low,0.004459892263548681,2026-03-30 19:32:06.333434,XGBoost
1468-DEFNC,0.000627264,Low,0.015305240941233932,2026-03-30 19:32:06.333434,XGBoost
1469-LBJQJ,0.0011164551,Low,0.11745107304304839,2026-03-30 19:32:06.333434,XGBoost
1470-PSXNM,0.00798037,Low,0.7473616470117123,2026-03-30 19:32:06.333434,XGBoost
1471-GIQKQ,0.0013638274,Low,0.06812317769508809,2026-03-30 19:32:06.333434,XGBoost
1472-TNCWL,0.047229357,Low,4.472620113939047,2026-03-30 19:32:06.333434,XGBoost
1474-JUWSM,5.474416e-05,Low,0.0037445005145855252,2026-03-30 19:32:06.333434,XGBoost
1475-VWVDO,0.0001193476,Low,0.008939135107357289,2026-03-30 19:32:06.333434,XGBoost
1478-VPOAD,0.0005023209,Low,0.02200165452668443,2026-03-30 19:32:06.333434,XGBoost
1480-BKXGA,8.775033e-05,Low,0.010183426200092072,2026-03-30 19:32:06.333434,XGBoost
1480-IVEVR,0.00043533312,Low,0.03552318233996629,2026-03-30 19:32:06.333434,XGBoost
1481-ZUWZA,0.75998735,High,71.81880497932434,2026-03-30 19:32:06.333434,XGBoost
1482-OXZSY,0.0002910777,Low,0.029224202199839056,2026-03-30 19:32:06.333434,XGBoost
1485-YDHMM,2.1585496e-05,Low,0.0020128475152887404,2026-03-30 19:32:06.333434,XGBoost
1488-PBLJN,2.057908e-05,Low,0.002404665524682059,2026-03-30 19:32:06.333434,XGBoost
1488-SYSFC,0.005092442,Low,0.10515892803668975,2026-03-30 19:32:06.333434,XGBoost
1492-KGETH,3.107452e-05,Low,0.0024346886371859,2026-03-30 19:32:06.333434,XGBoost
1492-QGCLU,0.00014936367,Low,0.012800466212502215,2026-03-30 19:32:06.333434,XGBoost
1493-AMTIE,0.99928206,High,20.185497653484344,2026-03-30 19:32:06.333434,XGBoost
1494-EJZDW,0.0004697337,Low,0.00946513403468998,2026-03-30 19:32:06.333434,XGBoost
1496-GGSUK,0.9998672,High,25.696587061882017,2026-03-30 19:32:06.333434,XGBoost
1498-DQNRX,0.00012793278,Low,0.002539465769950766,2026-03-30 19:32:06.333434,XGBoost
1498-NHTLT,7.183286e-05,Low,0.0062315005397977075,2026-03-30 19:32:06.333434,XGBoost
1501-SGHBW,0.9996822,High,45.83542832136154,2026-03-30 19:32:06.333434,XGBoost
1502-XFCVR,0.9998259,High,106.43146650493145,2026-03-30 19:32:06.333434,XGBoost
1506-YJTYT,0.00095741166,Low,0.07070485077274496,2026-03-30 19:32:06.333434,XGBoost
1508-DFXCU,0.13360977,Low,10.882515907287598,2026-03-30 19:32:06.333434,XGBoost
1513-XNPPH,0.816997,High,73.03953105211258,2026-03-30 19:32:06.333434,XGBoost
1518-OMDIK,0.00060589553,Low,0.026992646005237472,2026-03-30 19:32:06.333434,XGBoost
1518-VOWAV,0.9975242,High,74.46518166959287,2026-03-30 19:32:06.333434,XGBoost
1522-VVDMG,0.99978966,High,89.73112155497074,2026-03-30 19:32:06.333434,XGBoost
1525-LNLOJ,5.5908058e-05,Low,0.003538980079611065,2026-03-30 19:32:06.333434,XGBoost
1527-SXDPN,0.99625623,High,95.88966235518456,2026-03-30 19:32:06.333434,XGBoost
1530-ZTDOZ,9.9869634e-05,Low,0.004059700627840356,2026-03-30 19:32:06.333434,XGBoost
1534-OULXE,3.5672543e-05,Low,0.0017729253951983992,2026-03-30 19:32:06.333434,XGBoost
1535-VTJOQ,1.9900626e-05,Low,0.0005005007510590076,2026-03-30 19:32:06.333434,XGBoost
1536-HBSWP,0.00089983986,Low,0.04490200877771713,2026-03-30 19:32:06.333434,XGBoost
1536-YHDOE,8.423185e-06,Low,0.0005230797969488776,2026-03-30 19:32:06.333434,XGBoost
1539-LNKHM,0.00013264305,Low,0.0027059182233642783,2026-03-30 19:32:06.333434,XGBoost
1541-ETJZO,0.9996363,High,62.02743194699287,2026-03-30 19:32:06.333434,XGBoost
1543-LLLFT,0.1481462,Low,14.56277118474245,2026-03-30 19:32:06.333434,XGBoost
1544-JJMYL,6.184137e-06,Low,0.0004288698984737493,2026-03-30 19:32:06.333434,XGBoost
1545-ACTAS,1.6730037e-05,Low,0.001667984669438738,2026-03-30 19:32:06.333434,XGBoost
1545-JFUML,9.408558e-05,Low,0.009314472670666873,2026-03-30 19:32:06.333434,XGBoost
1548-ARAGG,0.000658255,Low,0.03850791821605526,2026-03-30 19:32:06.333434,XGBoost
1548-FEHVL,0.08907008,Low,9.459242677688598,2026-03-30 19:32:06.333434,XGBoost
1550-EENBN,0.22735608,Low,23.7246065557003,2026-03-30 19:32:06.333434,XGBoost
1550-LOAHA,0.6316204,Medium,53.15085725784302,2026-03-30 19:32:06.333434,XGBoost
1552-AAGRX,0.0006446464,Low,0.06859037806279958,2026-03-30 19:32:06.333434,XGBoost
1552-CZCLL,4.9589013e-05,Low,0.000991780252661556,2026-03-30 19:32:06.333434,XGBoost
1552-TKMXS,0.052606083,Low,1.070533798262477,2026-03-30 19:32:06.333434,XGBoost
1555-DJEQW,0.7684544,High,87.75748938322067,2026-03-30 19:32:06.333434,XGBoost
1555-HAPSU,1.011362e-05,Low,0.0002417155225884926,2026-03-30 19:32:06.333434,XGBoost
1557-EMYVT,2.0157624e-05,Low,0.0023191346436760795,2026-03-30 19:32:06.333434,XGBoost
1559-DTODC,0.00014383558,Low,0.0036174649125314314,2026-03-30 19:32:06.333434,XGBoost
1561-BWHIN,7.080997e-05,Low,0.001402037381194532,2026-03-30 19:32:06.333434,XGBoost
1563-IWQEX,0.09911044,Low,1.952475656569004,2026-03-30 19:32:06.333434,XGBoost
1564-HJUVY,4.5581757e-05,Low,0.0029058370182610815,2026-03-30 19:32:06.333434,XGBoost
1564-NTYXF,0.9996166,High,81.96856307983398,2026-03-30 19:32:06.333434,XGBoost
1565-RHDJD,0.9998487,High,84.03728520274161,2026-03-30 19:32:06.333434,XGBoost
1567-DSCIC,0.9467954,High,88.99876797199249,2026-03-30 19:32:06.333434,XGBoost
1568-BEKZM,1.7423736e-05,Low,0.0015690073996665888,2026-03-30 19:32:06.333434,XGBoost
1568-LJSZU,9.241866e-05,Low,0.008521000511245802,2026-03-30 19:32:06.333434,XGBoost
1569-TTNYJ,0.96553904,High,76.03619925677776,2026-03-30 19:32:06.333434,XGBoost
1571-SAVHK,0.96862036,High,96.81360497176648,2026-03-30 19:32:06.333434,XGBoost
1573-LGXBA,1.9875799e-05,Low,0.0019388841825275448,2026-03-30 19:32:06.333434,XGBoost
1574-DYCWE,0.0005271673,Low,0.010516987342271022,2026-03-30 19:32:06.333434,XGBoost
1575-KRZZE,0.19016802,Low,10.49727487564087,2026-03-30 19:32:06.333434,XGBoost
1576-PFZIW,0.0005232348,Low,0.05512278362584766,2026-03-30 19:32:06.333434,XGBoost
1577-HKTFG,0.7646651,High,15.025669741630553,2026-03-30 19:32:06.333434,XGBoost
1579-KLYDT,0.99952936,High,90.407430768013,2026-03-30 19:32:06.333434,XGBoost
1580-BMCMR,0.2058293,Low,17.968898539245128,2026-03-30 19:32:06.333434,XGBoost
1582-RAFML,0.99992096,High,60.09524995088577,2026-03-30 19:32:06.333434,XGBoost
1583-IHQZE,0.997908,High,112.71370816826821,2026-03-30 19:32:06.333434,XGBoost
1585-MQSSU,0.99973553,High,51.48638001084328,2026-03-30 19:32:06.333434,XGBoost
1587-FKLZB,0.99985063,High,99.48513776063919,2026-03-30 19:32:06.333434,XGBoost
1589-AGTLK,0.8737472,High,39.62443686127663,2026-03-30 19:32:06.333434,XGBoost
1591-MQJTP,0.049732823,Low,4.657478866912425,2026-03-30 19:32:06.333434,XGBoost
1591-NFNLQ,0.9930693,High,79.44554328918457,2026-03-30 19:32:06.333434,XGBoost
1591-XWLGB,7.7920355e-05,Low,0.001546719040197786,2026-03-30 19:32:06.333434,XGBoost
1596-BBVTG,0.85413766,High,64.3592726111412,2026-03-30 19:32:06.333434,XGBoost
1596-OQSPS,0.00045948545,Low,0.02347970672417432,2026-03-30 19:32:06.333434,XGBoost
1597-FZREH,0.99978715,High,76.38373839855194,2026-03-30 19:32:06.333434,XGBoost
1597-LHYNC,0.99940336,High,94.94331896305084,2026-03-30 19:32:06.333434,XGBoost
1599-EAHXY,0.0005635408,Low,0.013496801847941243,2026-03-30 19:32:06.333434,XGBoost
1599-MMYRQ,0.0009183113,Low,0.07479645536514,2026-03-30 19:32:06.333434,XGBoost
1600-DILPE,0.0010336087,Low,0.046512390836142004,2026-03-30 19:32:06.333434,XGBoost
1602-IJQQE,0.999726,High,75.32935390770434,2026-03-30 19:32:06.333434,XGBoost
1608-GMEWB,0.00027346736,Low,0.025678585263085554,2026-03-30 19:32:06.333434,XGBoost
1612-EOHDH,0.9998024,High,45.141078838706015,2026-03-30 19:32:06.333434,XGBoost
1614-JBEBI,5.53926e-05,Low,0.0011466268239018972,2026-03-30 19:32:06.333434,XGBoost
1618-CFHME,0.99820876,High,75.76404497623444,2026-03-30 19:32:06.333434,XGBoost
1619-YWUBB,0.005820086,Low,0.14521115133538842,2026-03-30 19:32:06.333434,XGBoost
1621-YNCJH,0.00048381678,Low,0.05130876958428416,2026-03-30 19:32:06.333434,XGBoost
1622-HSHSF,0.0004924212,Low,0.009626834688242525,2026-03-30 19:32:06.333434,XGBoost
1623-NLDOT,0.9967758,High,33.44182828962803,2026-03-30 19:32:06.333434,XGBoost
1624-NALOJ,0.9997392,High,89.77658282518387,2026-03-30 19:32:06.333434,XGBoost
1624-WOIWJ,0.9869892,High,83.59798524975777,2026-03-30 19:32:06.333434,XGBoost
1625-JAIIY,0.999403,High,82.95044898986816,2026-03-30 19:32:06.333434,XGBoost
1626-ERCMM,0.99888486,High,94.44456320106983,2026-03-30 19:32:06.333434,XGBoost
1627-AFWVJ,3.478035e-05,Low,0.0006747388033545576,2026-03-30 19:32:06.333434,XGBoost
1628-BIZYP,0.00091532024,Low,0.07780222047585994,2026-03-30 19:32:06.333434,XGBoost
1629-DQQVB,0.00019866666,Low,0.00995319972425932,2026-03-30 19:32:06.333434,XGBoost
1635-FJFCC,0.098714516,Low,4.348374410718679,2026-03-30 19:32:06.333434,XGBoost
1635-HDGFT,0.0020527665,Low,0.04208171332720667,2026-03-30 19:32:06.333434,XGBoost
1635-NZATJ,3.941619e-05,Low,0.0010031420533778146,2026-03-30 19:32:06.333434,XGBoost
1636-NTNCO,0.00011723551,Low,0.005973149307101267,2026-03-30 19:32:06.333434,XGBoost
1640-PLFMP,0.0006194347,Low,0.04351528720872011,2026-03-30 19:32:06.333434,XGBoost
1641-BYBTK,0.008200288,Low,0.16564581394195557,2026-03-30 19:32:06.333434,XGBoost
1641-RQDAY,0.00077047053,Low,0.0773552417056635,2026-03-30 19:32:06.333434,XGBoost
1642-HMARX,0.05393065,Low,4.945440733060241,2026-03-30 19:32:06.333434,XGBoost
1644-IRKSF,0.76897514,High,72.12986800670623,2026-03-30 19:32:06.333434,XGBoost
1656-DRSMG,0.038331393,Low,4.210703537799418,2026-03-30 19:32:06.333434,XGBoost
1657-DYMBM,0.000109543886,Low,0.00217992332400172,2026-03-30 19:32:06.333434,XGBoost
1658-BYGOY,0.99614125,High,95.08168278038502,2026-03-30 19:32:06.333434,XGBoost
1658-TJVOA,0.25833422,Low,19.142565661668776,2026-03-30 19:32:06.333434,XGBoost
1658-XUHBX,5.713935e-05,Low,0.0050711173344097915,2026-03-30 19:32:06.333434,XGBoost
1660-HSOOQ,0.99977237,High,49.638698163628575,2026-03-30 19:32:06.333434,XGBoost
1661-CZBAU,0.00016147974,Low,0.01145698730906588,2026-03-30 19:32:06.333434,XGBoost
1663-MHLHE,8.8666595e-05,Low,0.001702398620545864,2026-03-30 19:32:06.333434,XGBoost
1666-JXLKU,0.0026173997,Low,0.2618708373745903,2026-03-30 19:32:06.333434,XGBoost
1666-JZPZT,1.4833953e-05,Low,0.0007268637054949068,2026-03-30 19:32:06.333434,XGBoost
1670-SVOWZ,0.99949,High,89.6042805314064,2026-03-30 19:32:06.333434,XGBoost
1676-MQAOA,3.1955744e-05,Low,0.002399876367417164,2026-03-30 19:32:06.333434,XGBoost
1678-FYZOW,0.9995758,High,79.36631802320481,2026-03-30 19:32:06.333434,XGBoost
1679-JRFBR,0.00027955614,Low,0.030233997077448296,2026-03-30 19:32:06.333434,XGBoost
1680-VDCWW,0.08595019,Low,1.70181372910738,2026-03-30 19:32:06.333434,XGBoost
1682-VCOIO,1.279455e-05,Low,0.00026164853825321187,2026-03-30 19:32:06.333434,XGBoost
1684-FLBGS,0.03841221,Low,2.669648567214608,2026-03-30 19:32:06.333434,XGBoost
1685-BQULA,0.00029925522,Low,0.0279504373727832,2026-03-30 19:32:06.333434,XGBoost
1685-VAYJF,0.00052672054,Low,0.023807768477126956,2026-03-30 19:32:06.333434,XGBoost
1686-STUHN,0.00022326964,Low,0.004420738920453005,2026-03-30 19:32:06.333434,XGBoost
1689-MRZQR,0.92764497,High,72.63460099697113,2026-03-30 19:32:06.333434,XGBoost
1689-YQBYY,0.0027405482,Low,0.20992599404416976,2026-03-30 19:32:06.333434,XGBoost
1696-HXOWK,0.0012309719,Low,0.11774246105924249,2026-03-30 19:32:06.333434,XGBoost
1696-MZVAU,2.480289e-05,Low,0.000626272973477171,2026-03-30 19:32:06.333434,XGBoost
1697-BCSHV,0.0017452061,Low,0.11657976554706692,2026-03-30 19:32:06.333434,XGBoost
1697-LYYYX,2.9653396e-05,Low,0.0005663798687237432,2026-03-30 19:32:06.333434,XGBoost
1697-NVVGY,0.0003728708,Low,0.024758620862849058,2026-03-30 19:32:06.333434,XGBoost
1698-XFZCI,2.597927e-05,Low,0.0027992663967779663,2026-03-30 19:32:06.333434,XGBoost
1699-HPSBG,0.7382247,High,44.14583617448807,2026-03-30 19:32:06.333434,XGBoost
1699-TLDLZ,9.279725e-05,Low,0.0018281058357388245,2026-03-30 19:32:06.333434,XGBoost
1699-UOTXU,3.900588e-05,Low,0.0023949611095304135,2026-03-30 19:32:06.333434,XGBoost
1702-CCFNJ,0.00030855567,Low,0.018929890188155697,2026-03-30 19:32:06.333434,XGBoost
1703-MGIAB,0.00023225415,Low,0.016025536693632603,2026-03-30 19:32:06.333434,XGBoost
1704-NRWYE,0.8692161,High,70.27612043023109,2026-03-30 19:32:06.333434,XGBoost
1705-GUHPV,2.5300827e-05,Low,0.0006122800248704152,2026-03-30 19:32:06.333434,XGBoost
1707-HABPF,9.192383e-05,Low,0.008392645682761213,2026-03-30 19:32:06.333434,XGBoost
1708-PBBOA,4.1395593e-05,Low,0.002266408724608482,2026-03-30 19:32:06.333434,XGBoost
1709-EJDOX,1.982514e-05,Low,0.00039154651585704414,2026-03-30 19:32:06.333434,XGBoost
1710-RCXUS,0.00015909277,Low,0.014374031891929916,2026-03-30 19:32:06.333434,XGBoost
1716-LSAMB,6.792482e-05,Low,0.00371209134318633,2026-03-30 19:32:06.333434,XGBoost
1722-LDZJS,4.4896387e-05,Low,0.0009069070256373379,2026-03-30 19:32:06.333434,XGBoost
1723-HKXJQ,0.8371227,High,85.17723256349564,2026-03-30 19:32:06.333434,XGBoost
1724-BQUHA,0.82833546,High,74.13602402806282,2026-03-30 19:32:06.333434,XGBoost
1724-IQWNM,0.00034147568,Low,0.0065904806106118485,2026-03-30 19:32:06.333434,XGBoost
1725-IQNIY,0.9993456,High,109.67817966639996,2026-03-30 19:32:06.333434,XGBoost
1725-MIMXW,0.98543257,High,19.166663393378258,2026-03-30 19:32:06.333434,XGBoost
1728-BQDMA,0.0002513056,Low,0.011170534351549577,2026-03-30 19:32:06.333434,XGBoost
1728-CXQBE,5.9122558e-05,Low,0.005572301092797716,2026-03-30 19:32:06.333434,XGBoost
1729-VLAZJ,0.00048108053,Low,0.019363491162948776,2026-03-30 19:32:06.333434,XGBoost
1730-VFMWO,0.00024601366,Low,0.012349885742878541,2026-03-30 19:32:06.333434,XGBoost
1730-ZMAME,0.0012942977,Low,0.10289667098550126,2026-03-30 19:32:06.333434,XGBoost
1731-TVIUK,0.9862423,High,92.21365451812744,2026-03-30 19:32:06.333434,XGBoost
1732-FEKLD,7.061112e-05,Low,0.006690403319225879,2026-03-30 19:32:06.333434,XGBoost
1732-VHUBQ,0.9979851,High,70.40785053968429,2026-03-30 19:32:06.333434,XGBoost
1734-ZMNTZ,0.013363023,Low,0.3340755822136998,2026-03-30 19:32:06.333434,XGBoost
1735-XMJVH,0.00051283906,Low,0.009923435852397234,2026-03-30 19:32:06.333434,XGBoost
1740-CSDJP,0.9994617,High,35.23102529346943,2026-03-30 19:32:06.333434,XGBoost
1741-WTPON,0.0001661517,Low,0.019248674642585683,2026-03-30 19:32:06.333434,XGBoost
1744-JHKYS,0.00894286,Low,0.2208886464126408,2026-03-30 19:32:06.333434,XGBoost
1746-TGTWV,0.3410925,Low,25.701319657266136,2026-03-30 19:32:06.333434,XGBoost
1750-CSKKM,0.8439483,High,46.71253866255284,2026-03-30 19:32:06.333434,XGBoost
1751-NCDLI,0.00029878825,Low,0.02953521823219489,2026-03-30 19:32:06.333434,XGBoost
1752-OZXFY,5.672927e-05,Low,0.0033924103459867182,2026-03-30 19:32:06.333434,XGBoost
1754-GKYPY,0.00073176686,Low,0.06567607606120873,2026-03-30 19:32:06.333434,XGBoost
1755-FZQEC,0.0018121877,Low,0.036062535666860636,2026-03-30 19:32:06.333434,XGBoost
1755-RMCXH,0.00081902626,Low,0.016626233072020113,2026-03-30 19:32:06.333434,XGBoost
1757-TCATG,3.6738205e-05,Low,0.0007366010178884608,2026-03-30 19:32:06.333434,XGBoost
1760-CAZHT,0.00010800186,Low,0.0022464387468062344,2026-03-30 19:32:06.333434,XGBoost
1761-AEZZR,0.9932335,High,79.01172507703303,2026-03-30 19:32:06.333434,XGBoost
1763-KUAAW,0.00023938676,Low,0.004871520600136137,2026-03-30 19:32:06.333434,XGBoost
1763-WQFUK,0.00020072857,Low,0.01013679256720934,2026-03-30 19:32:06.333434,XGBoost
1764-VUUMT,3.3608616e-05,Low,0.0006704918876494048,2026-03-30 19:32:06.333434,XGBoost
1766-GKNMI,0.21186489,Low,17.987329047918323,2026-03-30 19:32:06.333434,XGBoost
1767-CJKBA,4.279258e-05,Low,0.001074093774150242,2026-03-30 19:32:06.333434,XGBoost
1767-TGTKO,0.00034893476,Low,0.015859084761177655,2026-03-30 19:32:06.333434,XGBoost
1768-HNVGJ,0.0002241467,Low,0.015701476400136017,2026-03-30 19:32:06.333434,XGBoost
1768-ZAIFU,0.9964516,High,25.110580730438233,2026-03-30 19:32:06.333434,XGBoost
1769-GRUIK,0.00019996427,Low,0.014217459596693514,2026-03-30 19:32:06.333434,XGBoost
1771-OADNZ,0.9993643,High,95.83903794884682,2026-03-30 19:32:06.333434,XGBoost
1775-KWJKQ,2.0511934e-05,Low,0.0018429972747071586,2026-03-30 19:32:06.333434,XGBoost
1776-SPBWV,3.6493188e-05,Low,0.0007335130689170911,2026-03-30 19:32:06.333434,XGBoost
1777-JYQPJ,0.072196625,Low,1.7543779917061328,2026-03-30 19:32:06.333434,XGBoost
1779-PWPMG,2.9492221e-05,Low,0.003381283146154601,2026-03-30 19:32:06.333434,XGBoost
1784-BXEFA,0.00047299758,Low,0.009720100210688544,2026-03-30 19:32:06.333434,XGBoost
1784-EZDKJ,0.00018004498,Low,0.019228804152226074,2026-03-30 19:32:06.333434,XGBoost
1785-BPHTP,3.2950007e-05,Low,0.0028155781112218395,2026-03-30 19:32:06.333434,XGBoost
1790-NESIO,0.002208021,Low,0.04504362847656011,2026-03-30 19:32:06.333434,XGBoost
1791-PQHBB,0.0008287245,Low,0.05071793762035668,2026-03-30 19:32:06.333434,XGBoost
1792-UXAFY,0.99872404,High,89.0362484663725,2026-03-30 19:32:06.333434,XGBoost
1794-HBQTJ,0.99773884,High,48.49010753631592,2026-03-30 19:32:06.333434,XGBoost
1794-SWWKL,0.09949859,Low,5.935091031715274,2026-03-30 19:32:06.333434,XGBoost
1796-JANOW,0.00011448578,Low,0.002283991341391811,2026-03-30 19:32:06.333434,XGBoost
1803-BGNBD,0.00028668976,Low,0.015567253736662678,2026-03-30 19:32:06.333434,XGBoost
1809-DMJHQ,0.9987299,High,45.941574692726135,2026-03-30 19:32:06.333434,XGBoost
1810-BOHSY,0.00012246234,Low,0.011805369681678713,2026-03-30 19:32:06.333434,XGBoost
1810-MVMAI,3.9012502e-05,Low,0.002637245161167811,2026-03-30 19:32:06.333434,XGBoost
1813-JLKWR,6.4835105e-05,Low,0.001283735081960913,2026-03-30 19:32:06.333434,XGBoost
1813-JYWTO,0.00018125176,Low,0.014581703969452065,2026-03-30 19:32:06.333434,XGBoost
1814-DKOLC,8.8262845e-05,Low,0.0022462893964984684,2026-03-30 19:32:06.333434,XGBoost
1814-WFGVS,1.47573655e-05,Low,0.0007216351746137661,2026-03-30 19:32:06.333434,XGBoost
1816-FLZDK,0.0008263265,Low,0.02408741718099918,2026-03-30 19:32:06.333434,XGBoost
1818-ESQMW,4.106156e-05,Low,0.003662691259523854,2026-03-30 19:32:06.333434,XGBoost
1820-DJFPH,2.8985645e-05,Low,0.0006971047684601217,2026-03-30 19:32:06.333434,XGBoost
1820-TQVEV,0.96839976,High,67.3522035241127,2026-03-30 19:32:06.333434,XGBoost
1821-BUCWY,0.003735007,Low,0.20785314064705743,2026-03-30 19:32:06.333434,XGBoost
1830-GGFNM,2.5461013e-05,Low,0.0024073387921816902,2026-03-30 19:32:06.333434,XGBoost
1830-IPXVJ,3.771682e-05,Low,0.0007449072281815461,2026-03-30 19:32:06.333434,XGBoost
1832-PEUTS,0.0021196916,Low,0.18886451949365435,2026-03-30 19:32:06.333434,XGBoost
1833-TCXKK,8.355681e-05,Low,0.009003246652355301,2026-03-30 19:32:06.333434,XGBoost
1833-VGRUM,0.9917686,High,73.58923001289368,2026-03-30 19:32:06.333434,XGBoost
1834-ABKHQ,0.0010478052,Low,0.053385674150194976,2026-03-30 19:32:06.333434,XGBoost
1834-WULEG,6.1015603e-06,Low,0.00012355659612239833,2026-03-30 19:32:06.333434,XGBoost
1837-YQUCE,2.4128827e-05,Low,0.0014079170633522155,2026-03-30 19:32:06.333434,XGBoost
1839-FBNFR,0.0011924204,Low,0.023669544380391018,2026-03-30 19:32:06.333434,XGBoost
1839-UMACK,1.9633624e-05,Low,0.0004918222838568908,2026-03-30 19:32:06.333434,XGBoost
1840-BIUOG,0.114536084,Low,7.868628986924887,2026-03-30 19:32:06.333434,XGBoost
1841-YSJGV,3.3788678e-05,Low,0.0037150651112824564,2026-03-30 19:32:06.333434,XGBoost
1842-EZJMK,0.99985576,High,103.68504197597504,2026-03-30 19:32:06.333434,XGBoost
1843-TLSGD,4.327651e-05,Low,0.0009023151964356658,2026-03-30 19:32:06.333434,XGBoost
1845-CSBRZ,3.69567e-05,Low,0.0031542542383249383,2026-03-30 19:32:06.333434,XGBoost
1845-ZLLIG,0.00040220065,Low,0.020170362443604973,2026-03-30 19:32:06.333434,XGBoost
1846-XWOQN,0.96965384,High,68.0212172150612,2026-03-30 19:32:06.333434,XGBoost
1848-LBZHY,0.000273538,Low,0.013758961233543232,2026-03-30 19:32:06.333434,XGBoost
1849-RJYIG,0.00010982942,Low,0.0065897653985302895,2026-03-30 19:32:06.333434,XGBoost
1850-AKQEP,0.00022303496,Low,0.0045387615115032535,2026-03-30 19:32:06.333434,XGBoost
1852-QSWCD,2.8266351e-05,Low,0.0007010055138380267,2026-03-30 19:32:06.333434,XGBoost
1852-XEMDW,2.9357192e-05,Low,0.0019096853417977398,2026-03-30 19:32:06.333434,XGBoost
1853-ARAAQ,9.817839e-05,Low,0.004943281872328953,2026-03-30 19:32:06.333434,XGBoost
1853-UDXBW,0.9992404,High,69.94682788848877,2026-03-30 19:32:06.333434,XGBoost
1855-AGAWH,0.0009917142,Low,0.09302279073745012,2026-03-30 19:32:06.333434,XGBoost
1855-CFULU,0.0005713467,Low,0.011455501843011006,2026-03-30 19:32:06.333434,XGBoost
1862-QRWPE,0.00015319939,Low,0.0031635674284189006,2026-03-30 19:32:06.333434,XGBoost
1862-SKORY,0.99953616,High,39.28177095651626,2026-03-30 19:32:06.333434,XGBoost
1866-DIOQZ,7.507476e-05,Low,0.005014993750955909,2026-03-30 19:32:06.333434,XGBoost
1866-NXPSP,0.00014628614,Low,0.01105191788301454,2026-03-30 19:32:06.333434,XGBoost
1866-OBPNR,0.00064332865,Low,0.047992317075841125,2026-03-30 19:32:06.333434,XGBoost
1866-RZZQS,0.99976605,High,98.37697949409485,2026-03-30 19:32:06.333434,XGBoost
1866-ZSLJM,0.06551617,Low,1.3430814109742641,2026-03-30 19:32:06.333434,XGBoost
1867-BDVFH,0.8903484,High,66.19740166962146,2026-03-30 19:32:06.333434,XGBoost
1867-TJHTS,0.11534594,Low,9.204606011509895,2026-03-30 19:32:06.333434,XGBoost
1871-MOWRM,0.99965227,High,80.82188574671744,2026-03-30 19:32:06.333434,XGBoost
1872-EBWSC,0.0004451838,Low,0.009059490392974113,2026-03-30 19:32:06.333434,XGBoost
1875-QIVME,0.99984133,High,104.38343510627747,2026-03-30 19:32:06.333434,XGBoost
1877-HKBQX,0.00011275931,Low,0.006156658500549384,2026-03-30 19:32:06.333434,XGBoost
1891-FZYSA,0.99858356,High,89.82259079217911,2026-03-30 19:32:06.333434,XGBoost
1891-QRQSA,0.009059044,Low,1.0109892658889292,2026-03-30 19:32:06.333434,XGBoost
1891-UAWWU,0.999554,High,90.75950124263763,2026-03-30 19:32:06.333434,XGBoost
1894-IGFSG,0.9957743,High,88.8728588372469,2026-03-30 19:32:06.333434,XGBoost
1895-QTKDO,0.00046995634,Low,0.020654581287817567,2026-03-30 19:32:06.333434,XGBoost
1897-OKVMW,3.679125e-05,Low,0.0033332873179460873,2026-03-30 19:32:06.333434,XGBoost
1897-RCFUM,0.0005508733,Low,0.01333113353466615,2026-03-30 19:32:06.333434,XGBoost
1898-JSNDC,4.473637e-05,Low,0.002621551335323602,2026-03-30 19:32:06.333434,XGBoost
1899-VXWXM,0.83787984,High,88.89905065894126,2026-03-30 19:32:06.333434,XGBoost
1902-XBTFB,0.9993524,High,89.34210416078568,2026-03-30 19:32:06.333434,XGBoost
1904-WAJAA,2.6838272e-05,Low,0.0017270427953917531,2026-03-30 19:32:06.333434,XGBoost
1905-OEILC,0.00030820403,Low,0.006009978678775951,2026-03-30 19:32:06.333434,XGBoost
1907-UBQFC,0.99744105,High,72.66358073949813,2026-03-30 19:32:06.333434,XGBoost
1907-YLNYW,0.0001390659,Low,0.009275695646647365,2026-03-30 19:32:06.333434,XGBoost
1910-FMXJM,0.0009460787,Low,0.07606472605839372,2026-03-30 19:32:06.333434,XGBoost
1915-IOFGU,0.99728596,High,70.30866032838821,2026-03-30 19:32:06.333434,XGBoost
1915-OAKWD,6.9475915e-05,Low,0.0013408851526037324,2026-03-30 19:32:06.333434,XGBoost
1918-ZBFQJ,0.8727473,High,69.16522368788719,2026-03-30 19:32:06.333434,XGBoost
1919-RTPQD,0.18954417,Low,8.482101656496525,2026-03-30 19:32:06.333434,XGBoost
1921-KYSAY,0.0007955495,Low,0.05457469434477388,2026-03-30 19:32:06.333434,XGBoost
1925-GMVBW,0.00023605411,Low,0.004850911984249251,2026-03-30 19:32:06.333434,XGBoost
1925-LFCZZ,0.45804667,Medium,22.925236070156096,2026-03-30 19:32:06.333434,XGBoost
1925-TIBLE,0.9594439,High,82.99189966917038,2026-03-30 19:32:06.333434,XGBoost
1926-QUZNN,0.00027223816,Low,0.006874013575725257,2026-03-30 19:32:06.333434,XGBoost
1927-QEWMY,2.9076396e-05,Low,0.0005960661274002632,2026-03-30 19:32:06.333434,XGBoost
1928-BXYIV,0.0020285589,Low,0.12404637483414262,2026-03-30 19:32:06.333434,XGBoost
1929-ZCBHE,0.00024971488,Low,0.010063509730389341,2026-03-30 19:32:06.333434,XGBoost
1930-BZLHI,4.0706065e-05,Low,0.0008283684266643832,2026-03-30 19:32:06.333434,XGBoost
1930-QPBVZ,1.801994e-06,Low,0.0001713696310275736,2026-03-30 19:32:06.333434,XGBoost
1930-WNXSB,5.9115515e-05,Low,0.005488875557239225,2026-03-30 19:32:06.333434,XGBoost
1932-UEDCX,0.00088962464,Low,0.08949623914668337,2026-03-30 19:32:06.333434,XGBoost
1934-MKPXS,3.4544366e-05,Low,0.0006943417549337028,2026-03-30 19:32:06.333434,XGBoost
1934-SJVJK,0.659658,Medium,13.292108997702597,2026-03-30 19:32:06.333434,XGBoost
1935-IMVBB,4.6663896e-05,Low,0.004185751450859243,2026-03-30 19:32:06.333434,XGBoost
1936-CZAKF,0.00012074679,Low,0.005995077959960326,2026-03-30 19:32:06.333434,XGBoost
1936-UAFEH,0.00058539095,Low,0.06453935260651633,2026-03-30 19:32:06.333434,XGBoost
1937-OTUKY,0.008702145,Low,0.8545506348833442,2026-03-30 19:32:06.333434,XGBoost
1941-HOSAM,0.0022689526,Low,0.20443262478802351,2026-03-30 19:32:06.333434,XGBoost
1942-OQFRW,0.0007735342,Low,0.03403550386428833,2026-03-30 19:32:06.333434,XGBoost
1945-XISKS,7.2643095e-05,Low,0.0014274368233600397,2026-03-30 19:32:06.333434,XGBoost
1950-KSVVJ,4.955342e-05,Low,0.00561440233286703,2026-03-30 19:32:06.333434,XGBoost
1951-IEYXM,0.063009165,Low,5.708630369603633,2026-03-30 19:32:06.333434,XGBoost
1952-DVVSW,0.025920266,Low,0.5209973523393274,2026-03-30 19:32:06.333434,XGBoost
1955-IBMMB,0.0058117546,Low,0.11739744320511818,2026-03-30 19:32:06.333434,XGBoost
1956-YIFGE,9.286877e-05,Low,0.009291520759506965,2026-03-30 19:32:06.333434,XGBoost
1958-RNRKS,0.00020069088,Low,0.010014474723720922,2026-03-30 19:32:06.333434,XGBoost
1960-UOTYM,3.104129e-05,Low,0.002458470218698494,2026-03-30 19:32:06.333434,XGBoost
1960-UYCNN,0.00055278366,Low,0.052652643804322,2026-03-30 19:32:06.333434,XGBoost
1963-SVUCV,0.92592764,High,41.944522047042845,2026-03-30 19:32:06.333434,XGBoost
1963-VAUKV,0.9996922,High,20.393720912933347,2026-03-30 19:32:06.333434,XGBoost
1964-SVLEA,0.020487932,Low,0.4036122700199485,2026-03-30 19:32:06.333434,XGBoost
1965-AKTSX,0.99976,High,78.9310497969389,2026-03-30 19:32:06.333434,XGBoost
1965-DDBWU,0.99612504,High,88.70493502914906,2026-03-30 19:32:06.333434,XGBoost
1970-KKFWL,0.0574078,Low,1.3376017425209283,2026-03-30 19:32:06.333434,XGBoost
1971-DTCZB,2.7724669e-05,Low,0.002521558650369116,2026-03-30 19:32:06.333434,XGBoost
1972-XMUWV,5.6617664e-05,Low,0.0033857363123388495,2026-03-30 19:32:06.333434,XGBoost
1976-AZZPJ,0.0019104959,Low,0.06533896049950272,2026-03-30 19:32:06.333434,XGBoost
1976-CFOCS,0.99439263,High,45.742061138153076,2026-03-30 19:32:06.333434,XGBoost
1977-STDKI,0.974567,High,71.14339071512222,2026-03-30 19:32:06.333434,XGBoost
1980-KXVPM,0.9992893,High,74.99666002988815,2026-03-30 19:32:06.333434,XGBoost
1981-INRFU,0.9999088,High,79.74272719025612,2026-03-30 19:32:06.333434,XGBoost
1982-FEBTD,0.0026826104,Low,0.06867482662200929,2026-03-30 19:32:06.333434,XGBoost
1984-FCOWB,0.9998901,High,109.48796474933624,2026-03-30 19:32:06.333434,XGBoost
1984-GPTEH,2.0382302e-05,Low,0.0005126148941599239,2026-03-30 19:32:06.333434,XGBoost
1985-MBRYP,9.572578e-05,Low,0.0018810115736414444,2026-03-30 19:32:06.333434,XGBoost
1986-PHGZF,0.00017981099,Low,0.010500961693469434,2026-03-30 19:32:06.333434,XGBoost
1987-AUELQ,1.0304803e-05,Low,0.00025813532151914843,2026-03-30 19:32:06.333434,XGBoost
1989-PRJHP,0.817691,High,61.73567262291908,2026-03-30 19:32:06.333434,XGBoost
1991-VOPLL,0.00013369547,Low,0.002546898775472073,2026-03-30 19:32:06.333434,XGBoost
1996-DBMUS,0.079493,Low,5.6161805279552945,2026-03-30 19:32:06.333434,XGBoost
1998-VHJHK,2.480367e-05,Low,0.0004749902878756984,2026-03-30 19:32:06.333434,XGBoost
2000-DHJUY,1.1667984e-05,Low,0.0010757881180325057,2026-03-30 19:32:06.333434,XGBoost
2000-MPKCA,4.155372e-05,Low,0.004477413494896609,2026-03-30 19:32:06.333434,XGBoost
2001-EWBQU,0.03456691,Low,3.6191553801298144,2026-03-30 19:32:06.333434,XGBoost
2001-MCUUW,4.1528565e-05,Low,0.004512078577135981,2026-03-30 19:32:06.333434,XGBoost
2002-MZHWP,0.8105722,High,16.616730242967606,2026-03-30 19:32:06.333434,XGBoost
2003-CKLOR,0.92434496,High,91.97232320904732,2026-03-30 19:32:06.333434,XGBoost
2004-OCQXK,0.99992883,High,81.94416778683663,2026-03-30 19:32:06.333434,XGBoost
2005-DWQZJ,1.8407205e-05,Low,0.0003506572564219823,2026-03-30 19:32:06.333434,XGBoost
2007-QVGAW,2.2809521e-05,Low,0.00044136423903182734,2026-03-30 19:32:06.333434,XGBoost
2011-TRQYE,0.9979113,High,33.430027693510056,2026-03-30 19:32:06.333434,XGBoost
2012-NWRPA,0.9810765,High,97.66616348028182,2026-03-30 19:32:06.333434,XGBoost
2013-SGDXK,0.9317549,High,78.5469369828701,2026-03-30 19:32:06.333434,XGBoost
2014-MKGMH,0.00011109467,Low,0.011231671003770316,2026-03-30 19:32:06.333434,XGBoost
2017-CCBLH,0.0006381761,Low,0.01276352209970355,2026-03-30 19:32:06.333434,XGBoost
2018-PZKMU,0.0003026397,Low,0.03120215333474334,2026-03-30 19:32:06.333434,XGBoost
2018-QKYGT,0.0019779454,Low,0.16031247832579537,2026-03-30 19:32:06.333434,XGBoost
2019-HDCZY,7.612244e-05,Low,0.0078101619787048545,2026-03-30 19:32:06.333434,XGBoost
2023-VQFDL,0.00012881377,Low,0.002447461665724404,2026-03-30 19:32:06.333434,XGBoost
2024-BASKD,0.99971074,High,74.57842110395431,2026-03-30 19:32:06.333434,XGBoost
2025-JKFWI,0.99801135,High,98.80312371253967,2026-03-30 19:32:06.333434,XGBoost
2026-TGDHM,0.9017872,High,71.51172665953636,2026-03-30 19:32:06.333434,XGBoost
2027-CWDNU,2.0776193e-05,Low,0.0017784421375836245,2026-03-30 19:32:06.333434,XGBoost
2027-DNKIV,5.05758e-05,Low,0.002971328240164439,2026-03-30 19:32:06.333434,XGBoost
2027-FECZV,0.99925655,High,106.62067402005196,2026-03-30 19:32:06.333434,XGBoost
2027-OAQQC,0.9985359,High,48.97818449735641,2026-03-30 19:32:06.333434,XGBoost
2027-WKXMW,0.00013308406,Low,0.014472891580226133,2026-03-30 19:32:06.333434,XGBoost
2030-BTZRO,0.00012886242,Low,0.0026287933462299405,2026-03-30 19:32:06.333434,XGBoost
2034-CGRHZ,0.9150869,High,94.20819893181324,2026-03-30 19:32:06.333434,XGBoost
2034-GDRCN,0.95191294,High,86.05292973518372,2026-03-30 19:32:06.333434,XGBoost
2037-SGXHH,0.7471055,High,70.71353361010551,2026-03-30 19:32:06.333434,XGBoost
2037-XJFUP,0.44399834,Medium,42.53504066467285,2026-03-30 19:32:06.333434,XGBoost
2038-LLMLM,0.033094376,Low,3.436850981414318,2026-03-30 19:32:06.333434,XGBoost
2038-OEQZH,0.00043307192,Low,0.03726583905227016,2026-03-30 19:32:06.333434,XGBoost
2038-YSEZE,0.02457164,Low,1.657357146125287,2026-03-30 19:32:06.333434,XGBoost
2039-JONDJ,0.022820573,Low,1.2654007894918322,2026-03-30 19:32:06.333434,XGBoost
2040-LDIWQ,0.00020190446,Low,0.01700035572575871,2026-03-30 19:32:06.333434,XGBoost
2040-OBMLJ,0.051826518,Low,4.234226522967219,2026-03-30 19:32:06.333434,XGBoost
2040-VZIKE,0.00020769428,Low,0.020945967781881333,2026-03-30 19:32:06.333434,XGBoost
2040-XBAVJ,1.5744828e-05,Low,0.0018019956204625488,2026-03-30 19:32:06.333434,XGBoost
2041-JIJCI,0.20886038,Low,13.367064476013184,2026-03-30 19:32:06.333434,XGBoost
2043-WVTQJ,0.0071430625,Low,0.39786858344450593,2026-03-30 19:32:06.333434,XGBoost
2045-BMBTJ,0.00070774753,Low,0.04207559072528966,2026-03-30 19:32:06.333434,XGBoost
2049-BAFNW,0.00053310156,Low,0.019138345873216167,2026-03-30 19:32:06.333434,XGBoost
2050-ONYDQ,0.00036533934,Low,0.009498822735622525,2026-03-30 19:32:06.333434,XGBoost
2054-PJOCK,0.0001349229,Low,0.010868039492197567,2026-03-30 19:32:06.333434,XGBoost
2055-BFOCC,0.000101911464,Low,0.00856056300108321,2026-03-30 19:32:06.333434,XGBoost
2055-PDADH,0.59025776,Medium,41.55414657592774,2026-03-30 19:32:06.333434,XGBoost
2055-SIFSS,0.0016645208,Low,0.08597250052844174,2026-03-30 19:32:06.333434,XGBoost
2056-EVGZL,0.0009244323,Low,0.09775871582678519,2026-03-30 19:32:06.333434,XGBoost
2057-BOYKM,0.0030747517,Low,0.2970210143364966,2026-03-30 19:32:06.333434,XGBoost
2057-ZBLPD,0.73028964,High,63.17005369067192,2026-03-30 19:32:06.333434,XGBoost
2058-DCJBE,0.9989818,High,69.67897872626781,2026-03-30 19:32:06.333434,XGBoost
2061-VVFST,0.05140127,Low,1.002324739471078,2026-03-30 19:32:06.333434,XGBoost
2065-MMKGR,5.13924e-06,Low,0.0003648860310931923,2026-03-30 19:32:06.333434,XGBoost
2067-QYTCF,4.744452e-05,Low,0.005273458255032892,2026-03-30 19:32:06.333434,XGBoost
2068-WWXQZ,8.1330334e-05,Low,0.0016306731980876067,2026-03-30 19:32:06.333434,XGBoost
2070-FNEXE,0.99915755,High,76.38559454083443,2026-03-30 19:32:06.333434,XGBoost
2070-XYMFH,0.0003729458,Low,0.029593248968012627,2026-03-30 19:32:06.333434,XGBoost
2072-ZVJJX,0.0040218476,Low,0.10155165242031217,2026-03-30 19:32:06.333434,XGBoost
2073-QBVBI,0.07896404,Low,2.7992752067744733,2026-03-30 19:32:06.333434,XGBoost
2074-GKOWZ,0.9333134,High,83.57821759879589,2026-03-30 19:32:06.333434,XGBoost
2074-GUHPQ,0.0009853565,Low,0.09134254879318178,2026-03-30 19:32:06.333434,XGBoost
2075-PUEPR,0.0001213412,Low,0.0023479522846173496,2026-03-30 19:32:06.333434,XGBoost
2075-RMJIK,0.0007123343,Low,0.035189314163289964,2026-03-30 19:32:06.333434,XGBoost
2077-DDHJK,0.00015209813,Low,0.010783757513854653,2026-03-30 19:32:06.333434,XGBoost
2077-MPJQO,0.0008140098,Low,0.061376339453272526,2026-03-30 19:32:06.333434,XGBoost
2079-FBMZK,0.39706185,Low,27.496533431112766,2026-03-30 19:32:06.333434,XGBoost
2080-CAZNM,0.00012738803,Low,0.01329931069049053,2026-03-30 19:32:06.333434,XGBoost
2080-GKCWQ,0.93792963,High,70.29782578945161,2026-03-30 19:32:06.333434,XGBoost
2080-SRCDE,0.0003470977,Low,0.008816281461622565,2026-03-30 19:32:06.333434,XGBoost
2081-KJSQF,0.00021108784,Low,0.004274528786481824,2026-03-30 19:32:06.333434,XGBoost
2081-VEYEH,0.08978726,Low,9.69253468438983,2026-03-30 19:32:06.333434,XGBoost
2082-CEFLT,0.9977169,High,45.49589080810547,2026-03-30 19:32:06.333434,XGBoost
2082-OJVTK,0.99848264,High,89.0646518945694,2026-03-30 19:32:06.333434,XGBoost
2085-BOJKI,0.0015893505,Low,0.15361072763917039,2026-03-30 19:32:06.333434,XGBoost
2085-JVGAD,0.00016439051,Low,0.0033453469295636755,2026-03-30 19:32:06.333434,XGBoost
2087-QAREY,0.00022414522,Low,0.01226074334990699,2026-03-30 19:32:06.333434,XGBoost
2088-IEBAU,0.00016555171,Low,0.014593383385363269,2026-03-30 19:32:06.333434,XGBoost
2091-GPPIQ,0.017007226,Low,1.3427205025218427,2026-03-30 19:32:06.333434,XGBoost
2091-MJTFX,0.014174345,Low,0.7257264614105225,2026-03-30 19:32:06.333434,XGBoost
2091-RFFBA,0.7942414,High,58.69444155693055,2026-03-30 19:32:06.333434,XGBoost
2096-XOTMO,3.991405e-05,Low,0.000772336901172821,2026-03-30 19:32:06.333434,XGBoost
2097-YVPKN,0.004390933,Low,0.11306652694474906,2026-03-30 19:32:06.333434,XGBoost
2100-BDNSN,0.65905714,Medium,44.78293268680573,2026-03-30 19:32:06.333434,XGBoost
2101-RANCD,1.822883e-05,Low,0.001332527436716191,2026-03-30 19:32:06.333434,XGBoost
2103-ZRXFN,0.41055256,Medium,20.835542485117912,2026-03-30 19:32:06.333434,XGBoost
2105-PHWON,0.14571106,Low,13.842551112174988,2026-03-30 19:32:06.333434,XGBoost
2107-FBPTK,0.0009901159,Low,0.10307106737745925,2026-03-30 19:32:06.333434,XGBoost
2108-GLPQB,0.00026872125,Low,0.014927465689834206,2026-03-30 19:32:06.333434,XGBoost
2108-XWMPY,0.76985997,High,27.291535922884943,2026-03-30 19:32:06.333434,XGBoost
2108-YKQTY,0.9988613,High,50.6422685623169,2026-03-30 19:32:06.333434,XGBoost
2111-DWYHN,0.00019078334,Low,0.004025528383499477,2026-03-30 19:32:06.333434,XGBoost
2114-MGINA,0.9992803,High,89.73536859750747,2026-03-30 19:32:06.333434,XGBoost
2115-BFTIW,0.072124936,Low,5.117264186963439,2026-03-30 19:32:06.333434,XGBoost
2120-SMPEX,3.9005805e-05,Low,0.0007859669680328807,2026-03-30 19:32:06.333434,XGBoost
2121-JAFOM,4.5119916e-05,Low,0.005213606263714609,2026-03-30 19:32:06.333434,XGBoost
2122-SZZZD,3.239411e-05,Low,0.0006316851340670837,2026-03-30 19:32:06.333434,XGBoost
2122-YWVYA,0.00010864746,Low,0.008192018374393229,2026-03-30 19:32:06.333434,XGBoost
2123-AGEEN,0.00061032845,Low,0.05148120509984437,2026-03-30 19:32:06.333434,XGBoost
2123-VSCOT,2.7949545e-05,Low,0.0020151622129560565,2026-03-30 19:32:06.333434,XGBoost
2126-GSEGL,0.00014734913,Low,0.01249520608689636,2026-03-30 19:32:06.333434,XGBoost
2129-ALKBS,2.8058746e-05,Low,0.0007351391574047739,2026-03-30 19:32:06.333434,XGBoost
2133-TSRRM,0.0001119421,Low,0.011793100178692839,2026-03-30 19:32:06.333434,XGBoost
2135-DQWAQ,0.24236228,Low,20.673502118885516,2026-03-30 19:32:06.333434,XGBoost
2135-RXIHG,0.9684591,High,44.21015925407409,2026-03-30 19:32:06.333434,XGBoost
2137-DQMEV,0.0036463698,Low,0.16335736662149428,2026-03-30 19:32:06.333434,XGBoost
2138-VFAPZ,0.002086974,Low,0.04111338744405657,2026-03-30 19:32:06.333434,XGBoost
2139-FQHLM,0.0004405374,Low,0.03962633963965345,2026-03-30 19:32:06.333434,XGBoost
2141-RRYGO,0.8427486,High,57.85469017922879,2026-03-30 19:32:06.333434,XGBoost
2143-LJULT,2.2167676e-05,Low,0.0005597338299594412,2026-03-30 19:32:06.333434,XGBoost
2144-BFDSO,7.59766e-05,Low,0.008262454939540476,2026-03-30 19:32:06.333434,XGBoost
2144-ESWKO,0.02609233,Low,0.91845001578331,2026-03-30 19:32:06.333434,XGBoost
2146-EGVDT,4.5185625e-05,Low,0.0008720825608179439,2026-03-30 19:32:06.333434,XGBoost
2150-OEGBV,2.3158771e-05,Low,0.00046549129710911076,2026-03-30 19:32:06.333434,XGBoost
2150-UWTFY,0.9936739,High,60.76316024661064,2026-03-30 19:32:06.333434,XGBoost
2150-WLKUW,0.00018007882,Low,0.01150703633611556,2026-03-30 19:32:06.333434,XGBoost
2153-MREFK,0.9216942,High,91.43206653594972,2026-03-30 19:32:06.333434,XGBoost
2154-KVJFF,0.8510516,High,67.871367380023,2026-03-30 19:32:06.333434,XGBoost
2155-AMQRX,0.00010775724,Low,0.00591587235830957,2026-03-30 19:32:06.333434,XGBoost
2157-MXBJS,0.9992987,High,75.24719148874283,2026-03-30 19:32:06.333434,XGBoost
2159-TURXX,1.4590697e-05,Low,0.0002925434746885003,2026-03-30 19:32:06.333434,XGBoost
2160-GPFXD,3.4691611e-06,Low,0.00022775042812099857,2026-03-30 19:32:06.333434,XGBoost
2162-FRZAA,9.3509836e-05,Low,0.003679612046835246,2026-03-30 19:32:06.333434,XGBoost
2164-SOQXL,3.1316053e-05,Low,0.0006278868551817141,2026-03-30 19:32:06.333434,XGBoost
2165-VOEGB,0.99840146,High,105.03183391094208,2026-03-30 19:32:06.333434,XGBoost
2167-FQSTQ,6.7516296e-05,Low,0.00623850570700597,2026-03-30 19:32:06.333434,XGBoost
2169-RRLFW,0.0029520486,Low,0.07557244300842286,2026-03-30 19:32:06.333434,XGBoost
2171-UDMFD,1.8847071e-05,Low,0.00036657553600889515,2026-03-30 19:32:06.333434,XGBoost
2172-EJXVF,9.920058e-05,Low,0.01050534149981104,2026-03-30 19:32:06.333434,XGBoost
2176-LVPNX,2.8063885e-05,Low,0.0025215400772140126,2026-03-30 19:32:06.333434,XGBoost
2176-OSJUV,0.0019992667,Low,0.13025222410215065,2026-03-30 19:32:06.333434,XGBoost
2178-PMGCJ,1.4377375e-05,Low,0.0010021030381722085,2026-03-30 19:32:06.333434,XGBoost
2180-DXNEG,0.9999145,High,95.99179458618164,2026-03-30 19:32:06.333434,XGBoost
2181-TIDSV,0.0006617892,Low,0.01320269467541948,2026-03-30 19:32:06.333434,XGBoost
2181-UAESM,0.00088604377,Low,0.047359039320144805,2026-03-30 19:32:06.333434,XGBoost
2186-QZEYA,0.0002054748,Low,0.012030549762857844,2026-03-30 19:32:06.333434,XGBoost
2187-LZGPL,0.60523194,Medium,24.269800823926925,2026-03-30 19:32:06.333434,XGBoost
2187-PKZAY,0.27169257,Low,21.721821293234825,2026-03-30 19:32:06.333434,XGBoost
2188-SXWVT,3.6772344e-05,Low,0.0020224789295753,2026-03-30 19:32:06.333434,XGBoost
2189-UXTKY,0.9988937,High,79.11237931251526,2026-03-30 19:32:06.333434,XGBoost
2189-WWOEW,0.9988423,High,85.80055348277092,2026-03-30 19:32:06.333434,XGBoost
2190-BCXEC,0.0025131926,Low,0.1981652360409498,2026-03-30 19:32:06.333434,XGBoost
2190-PHBHR,9.4253424e-05,Low,0.00890223592723487,2026-03-30 19:32:06.333434,XGBoost
2192-CKRLV,0.00078841357,Low,0.0387899476569146,2026-03-30 19:32:06.333434,XGBoost
2192-OZITF,7.96762e-05,Low,0.00586018475369201,2026-03-30 19:32:06.333434,XGBoost
2193-SFWQW,1.3506602e-05,Low,0.001512064098915289,2026-03-30 19:32:06.333434,XGBoost
2194-IIQOF,8.232098e-05,Low,0.007351263293094234,2026-03-30 19:32:06.333434,XGBoost
2195-VVRJF,6.0183113e-05,Low,0.0035568219493143263,2026-03-30 19:32:06.333434,XGBoost
2195-ZRVAX,0.9998623,High,85.28825532197952,2026-03-30 19:32:06.333434,XGBoost
2197-OMWGI,1.5882426e-05,Low,0.0008417685749009252,2026-03-30 19:32:06.333434,XGBoost
2200-DSAAL,0.023725605,Low,1.9134700140915812,2026-03-30 19:32:06.333434,XGBoost
2202-CUYXZ,0.9845685,High,83.54063524603843,2026-03-30 19:32:06.333434,XGBoost
2202-OUTMO,0.20662563,Low,12.573169311136008,2026-03-30 19:32:06.333434,XGBoost
2203-GHNWN,0.40955845,Medium,32.62133016139269,2026-03-30 19:32:06.333434,XGBoost
2205-LPVGL,1.6746877e-05,Low,0.001504706899231678,2026-03-30 19:32:06.333434,XGBoost
2205-YMZZJ,0.9054054,High,76.77837810516357,2026-03-30 19:32:06.333434,XGBoost
2207-NHRJK,0.9967386,High,50.6343215227127,2026-03-30 19:32:06.333434,XGBoost
2207-OBZNX,0.99791914,High,50.89387625455856,2026-03-30 19:32:06.333434,XGBoost
2207-QPJED,0.0007045268,Low,0.06340741063468158,2026-03-30 19:32:06.333434,XGBoost
2207-RYYRL,2.7513039e-05,Low,0.0006754451008418983,2026-03-30 19:32:06.333434,XGBoost
2208-MPXIO,0.005448975,Low,0.10897950269281864,2026-03-30 19:32:06.333434,XGBoost
2208-NKVVH,1.6326743e-05,Low,0.0003959235227739555,2026-03-30 19:32:06.333434,XGBoost
2208-NQBCT,0.051988907,Low,4.260490941628814,2026-03-30 19:32:06.333434,XGBoost
2208-UGTGR,3.8052633e-05,Low,0.0037519895733566953,2026-03-30 19:32:06.333434,XGBoost
2209-XADXF,0.00033014172,Low,0.008336078339198139,2026-03-30 19:32:06.333434,XGBoost
2211-RMNHO,5.1001502e-06,Low,0.00043504281607056324,2026-03-30 19:32:06.333434,XGBoost
2212-LYASK,4.717756e-05,Low,0.0021630911347529035,2026-03-30 19:32:06.333434,XGBoost
2215-ZAFGX,0.18872346,Low,16.135855816304684,2026-03-30 19:32:06.333434,XGBoost
2219-MVUSO,0.9992797,High,45.117477455735205,2026-03-30 19:32:06.333434,XGBoost
2220-IAHLS,0.00013937762,Low,0.0027039257955038917,2026-03-30 19:32:06.333434,XGBoost
2223-GDSHL,1.770718e-05,Low,0.0020549182067952643,2026-03-30 19:32:06.333434,XGBoost
2223-KAGMX,0.9980958,High,19.363058722019193,2026-03-30 19:32:06.333434,XGBoost
2225-ZRGSG,0.99576354,High,93.50219643115997,2026-03-30 19:32:06.333434,XGBoost
2226-ICFDO,0.022216814,Low,1.908424291573465,2026-03-30 19:32:06.333434,XGBoost
2227-JRSJX,0.00042424977,Low,0.04206436440726975,2026-03-30 19:32:06.333434,XGBoost
2228-BZDEE,1.3021041e-05,Low,0.0002617229243696784,2026-03-30 19:32:06.333434,XGBoost
2229-DPMBI,5.6467714e-05,Low,0.001101120420571533,2026-03-30 19:32:06.333434,XGBoost
2229-VWQJH,0.034668177,Low,1.709141144156456,2026-03-30 19:32:06.333434,XGBoost
2230-XTUWL,0.0023401324,Low,0.04574958784505725,2026-03-30 19:32:06.333434,XGBoost
2232-DMLXU,0.9997936,High,55.188606119155885,2026-03-30 19:32:06.333434,XGBoost
2233-FAGXV,5.106323e-05,Low,0.0012408365080773364,2026-03-30 19:32:06.333434,XGBoost
2233-TXSIU,0.010442632,Low,0.46417500353418295,2026-03-30 19:32:06.333434,XGBoost
2234-EOFPT,0.000111013236,Low,0.008808900289659504,2026-03-30 19:32:06.333434,XGBoost
2234-XADUH,0.0037634878,Low,0.3883919404819608,2026-03-30 19:32:06.333434,XGBoost
2235-DWLJU,0.31488526,Low,13.980905485153198,2026-03-30 19:32:06.333434,XGBoost
2235-EZAIK,0.013889742,Low,1.100067573040724,2026-03-30 19:32:06.333434,XGBoost
2235-ZGKPT,0.9973348,High,50.71447347700596,2026-03-30 19:32:06.333434,XGBoost
2236-HILPA,1.1680075e-05,Low,0.00024119354357026167,2026-03-30 19:32:06.333434,XGBoost
2237-ZFSMY,0.8143394,High,77.81012960672378,2026-03-30 19:32:06.333434,XGBoost
2239-CFOUJ,0.00035637018,Low,0.007269951584748923,2026-03-30 19:32:06.333434,XGBoost
2239-CGBUZ,0.00020515552,Low,0.012411908974172547,2026-03-30 19:32:06.333434,XGBoost
2239-JALAW,0.9084774,High,93.80029419064522,2026-03-30 19:32:06.333434,XGBoost
2240-HSJQD,0.0005884876,Low,0.048167710134293884,2026-03-30 19:32:06.333434,XGBoost
2242-MFOTG,0.00033113718,Low,0.026524088424048384,2026-03-30 19:32:06.333434,XGBoost
2243-FNMMI,6.95609e-05,Low,0.0013494814178557134,2026-03-30 19:32:06.333434,XGBoost
2245-ADZFJ,0.00045194026,Low,0.03640378772834083,2026-03-30 19:32:06.333434,XGBoost
2249-YPRNG,0.9984956,High,105.69075701236724,2026-03-30 19:32:06.333434,XGBoost
2250-IVBWA,4.196161e-05,Low,0.0034009886294370517,2026-03-30 19:32:06.333434,XGBoost
2251-PYLPB,0.0001925654,Low,0.015318578119331504,2026-03-30 19:32:06.333434,XGBoost
2252-ISRNH,0.00011983854,Low,0.010827412402431945,2026-03-30 19:32:06.333434,XGBoost
2252-JHJGE,0.00030892214,Low,0.03212790284305811,2026-03-30 19:32:06.333434,XGBoost
2252-NKNSI,0.005294351,Low,0.4508139797486365,2026-03-30 19:32:06.333434,XGBoost
2253-KPMNB,0.00010605959,Low,0.004905256018901127,2026-03-30 19:32:06.333434,XGBoost
2254-DLXRI,0.00056473474,Low,0.0446987548697507,2026-03-30 19:32:06.333434,XGBoost
2256-YLYLP,8.405404e-06,Low,0.0006131741929948476,2026-03-30 19:32:06.333434,XGBoost
2257-BOVXD,3.15002e-05,Low,0.002097913309262367,2026-03-30 19:32:06.333434,XGBoost
2259-OUUSZ,0.0005180837,Low,0.01839197095250711,2026-03-30 19:32:06.333434,XGBoost
2260-USTRB,0.7910639,High,55.53268611431122,2026-03-30 19:32:06.333434,XGBoost
2262-SLNVK,0.6294813,Medium,44.126640224456786,2026-03-30 19:32:06.333434,XGBoost
2263-SFSQZ,2.4115232e-05,Low,0.0006016750386152126,2026-03-30 19:32:06.333434,XGBoost
2265-CYWIV,0.9975949,High,99.36045134067535,2026-03-30 19:32:06.333434,XGBoost
2266-FUBDZ,6.664056e-06,Low,0.00012894948254142948,2026-03-30 19:32:06.333434,XGBoost
2266-SJNAT,5.9429156e-05,Low,0.0064866923723457155,2026-03-30 19:32:06.333434,XGBoost
2267-FPIMA,0.00043585568,Low,0.041144775832071906,2026-03-30 19:32:06.333434,XGBoost
2267-WTPYD,0.00021840693,Low,0.02053025149507448,2026-03-30 19:32:06.333434,XGBoost
2270-CHBFN,0.00035895692,Low,0.034136803488945586,2026-03-30 19:32:06.333434,XGBoost
2272-JKMSI,6.943995e-05,Low,0.007693946413928642,2026-03-30 19:32:06.333434,XGBoost
2272-QAGFO,0.8012342,High,59.53169999718666,2026-03-30 19:32:06.333434,XGBoost
2272-UOINI,0.0007937152,Low,0.06230664180475287,2026-03-30 19:32:06.333434,XGBoost
2272-WUSPA,0.00011062678,Low,0.012251915990418638,2026-03-30 19:32:06.333434,XGBoost
2273-QCKXA,0.00032114127,Low,0.015751979270135053,2026-03-30 19:32:06.333434,XGBoost
2274-XUATA,0.000118038006,Low,0.007448198171914555,2026-03-30 19:32:06.333434,XGBoost
2275-RBYQS,0.0020003058,Low,0.09081388339400291,2026-03-30 19:32:06.333434,XGBoost
2276-YDAVZ,0.9357658,High,70.27601179480553,2026-03-30 19:32:06.333434,XGBoost
2277-AXSDC,0.000119191216,Low,0.0023540265174233355,2026-03-30 19:32:06.333434,XGBoost
2277-BKJKN,0.00021732695,Low,0.02155883302912116,2026-03-30 19:32:06.333434,XGBoost
2277-DJJDL,0.0001491246,Low,0.01476333470782265,2026-03-30 19:32:06.333434,XGBoost
2277-VWCNI,0.0013276063,Low,0.06472080553066917,2026-03-30 19:32:06.333434,XGBoost
2279-AXJJK,0.00024432223,Low,0.023369421577081086,2026-03-30 19:32:06.333434,XGBoost
2282-YGNOR,0.00012819887,Low,0.007435534236719832,2026-03-30 19:32:06.333434,XGBoost
2284-VFLKH,0.00055360567,Low,0.05494536280457396,2026-03-30 19:32:06.333434,XGBoost
2292-XQWSV,1.9970494e-05,Low,0.001204220768158848,2026-03-30 19:32:06.333434,XGBoost
2293-IJWPS,0.00015838712,Low,0.015957502328092232,2026-03-30 19:32:06.333434,XGBoost
2294-DMMUS,9.734668e-06,Low,0.0006858073824787426,2026-03-30 19:32:06.333434,XGBoost
2294-SALNE,6.2695784e-05,Low,0.00544199408905115,2026-03-30 19:32:06.333434,XGBoost
2296-DKZFP,3.862812e-05,Low,0.0027425965781731065,2026-03-30 19:32:06.333434,XGBoost
2300-RQGOI,4.3435233e-05,Low,0.0008708764264156344,2026-03-30 19:32:06.333434,XGBoost
2302-ANTDP,0.30896622,Low,36.28808247148991,2026-03-30 19:32:06.333434,XGBoost
2302-OUZXB,0.003610216,Low,0.29657925106585026,2026-03-30 19:32:06.333434,XGBoost
2303-PJYHN,0.066730745,Low,1.3246052909642458,2026-03-30 19:32:06.333434,XGBoost
2305-MRGLV,0.12351371,Low,9.45497476682067,2026-03-30 19:32:06.333434,XGBoost
2307-FYNNL,0.00019207415,Low,0.020945685926562874,2026-03-30 19:32:06.333434,XGBoost
2308-STERM,9.271083e-05,Low,0.0017985900383791886,2026-03-30 19:32:06.333434,XGBoost
2309-OSFEU,0.9972343,High,33.806242257356644,2026-03-30 19:32:06.333434,XGBoost
2311-QYMUQ,0.85859877,High,76.80165986120701,2026-03-30 19:32:06.333434,XGBoost
2314-TNDJQ,1.5621827e-05,Low,0.0008693546506037819,2026-03-30 19:32:06.333434,XGBoost
2316-ESMLS,0.0735206,Low,2.437207916378975,2026-03-30 19:32:06.333434,XGBoost
2320-JRSDE,0.8622646,High,17.159065014123914,2026-03-30 19:32:06.333434,XGBoost
2320-SLKMB,0.00011116768,Low,0.004941403505654307,2026-03-30 19:32:06.333434,XGBoost
2320-TZRRH,2.780039e-05,Low,0.0005421076039056061,2026-03-30 19:32:06.333434,XGBoost
2320-YKQBO,0.00011221506,Low,0.002165750600397587,2026-03-30 19:32:06.333434,XGBoost
2321-OMBXY,0.9988751,High,80.20966904759406,2026-03-30 19:32:06.333434,XGBoost
2322-VCZHZ,0.0005157544,Low,0.04641789535526186,2026-03-30 19:32:06.333434,XGBoost
2323-ARSVR,0.11948437,Low,13.26873955912888,2026-03-30 19:32:06.333434,XGBoost
2324-AALNO,2.8200737e-05,Low,0.000692328087916394,2026-03-30 19:32:06.333434,XGBoost
2324-EFHVG,0.00023212243,Low,0.024233581800945106,2026-03-30 19:32:06.333434,XGBoost
2325-NBPZG,0.00086692756,Low,0.06462944928207434,2026-03-30 19:32:06.333434,XGBoost
2325-WINES,0.0012669082,Low,0.1318218033935409,2026-03-30 19:32:06.333434,XGBoost
2325-ZUSFD,0.9945399,High,69.71724814772605,2026-03-30 19:32:06.333434,XGBoost
2330-PQGDQ,9.305265e-06,Low,0.00078350330786634,2026-03-30 19:32:06.333434,XGBoost
2332-EFBJY,0.9975655,High,19.65204050540924,2026-03-30 19:32:06.333434,XGBoost
2332-TODQS,1.2702418e-05,Low,0.00031819556425034535,2026-03-30 19:32:06.333434,XGBoost
2333-KWEWW,1.0234826e-05,Low,0.00020520825773928664,2026-03-30 19:32:06.333434,XGBoost
2335-GSODA,0.00040045226,Low,0.016058135763159953,2026-03-30 19:32:06.333434,XGBoost
2338-BQEZT,0.00027141767,Low,0.013720163027755916,2026-03-30 19:32:06.333434,XGBoost
2342-CKIAO,0.00013831131,Low,0.0028077196373487824,2026-03-30 19:32:06.333434,XGBoost
2344-JMOGN,0.9567346,High,90.74627659022808,2026-03-30 19:32:06.333434,XGBoost
2346-CZYIL,1.4343043e-05,Low,0.00029188093326411036,2026-03-30 19:32:06.333434,XGBoost
2346-DJQTB,0.12536739,Low,3.0276224233210085,2026-03-30 19:32:06.333434,XGBoost
2346-LOCWC,0.00180729,Low,0.03704944526543841,2026-03-30 19:32:06.333434,XGBoost
2347-WKKAE,0.0013939051,Low,0.13158464543521406,2026-03-30 19:32:06.333434,XGBoost
2348-KCJLT,0.00022802937,Low,0.014023806266777683,2026-03-30 19:32:06.333434,XGBoost
2351-BKRZW,5.094956e-05,Low,0.003831406799145043,2026-03-30 19:32:06.333434,XGBoost
2351-RRBUE,0.006954832,Low,0.14361728085204958,2026-03-30 19:32:06.333434,XGBoost
2357-COQEK,0.76774675,High,79.30823891758918,2026-03-30 19:32:06.333434,XGBoost
2359-KLTEK,0.0003400949,Low,0.03227500660577789,2026-03-30 19:32:06.333434,XGBoost
2359-KMGLI,0.65038484,Medium,52.19338367879391,2026-03-30 19:32:06.333434,XGBoost
2359-QWQUL,0.5034424,Medium,52.71041997671127,2026-03-30 19:32:06.333434,XGBoost
2360-RDGRO,0.034086183,Low,3.553484547883272,2026-03-30 19:32:06.333434,XGBoost
2361-FJWNO,2.1074644e-05,Low,0.000758687179768458,2026-03-30 19:32:06.333434,XGBoost
2361-UPSND,4.081736e-05,Low,0.0028817054917453784,2026-03-30 19:32:06.333434,XGBoost
2362-IBOOY,0.95319504,High,80.78327925503254,2026-03-30 19:32:06.333434,XGBoost
2363-BJLSL,0.044403676,Low,3.5700555458664898,2026-03-30 19:32:06.333434,XGBoost
2364-UFROM,0.018276727,Low,1.2866815686225892,2026-03-30 19:32:06.333434,XGBoost
2368-GAKKQ,0.044767108,Low,5.0877818031236535,2026-03-30 19:32:06.333434,XGBoost
2369-FEVNO,0.00039626684,Low,0.00788571014709305,2026-03-30 19:32:06.333434,XGBoost
2369-UAPKZ,0.8065154,High,83.95825268626213,2026-03-30 19:32:06.333434,XGBoost
2371-JQHZZ,6.192612e-05,Low,0.005759129075158853,2026-03-30 19:32:06.333434,XGBoost
2371-JUNGC,0.00016861015,Low,0.0034143554548791144,2026-03-30 19:32:06.333434,XGBoost
2371-KFUOG,0.00010018803,Low,0.009933643179101637,2026-03-30 19:32:06.333434,XGBoost
2372-HWUHI,0.9298934,High,41.24077115654946,2026-03-30 19:32:06.333434,XGBoost
2373-NTKOD,0.00033312503,Low,0.022069533479225356,2026-03-30 19:32:06.333434,XGBoost
2378-HTWFW,0.00017470268,Low,0.015897944205789827,2026-03-30 19:32:06.333434,XGBoost
2378-VTKDH,0.18314014,Low,19.110674000531436,2026-03-30 19:32:06.333434,XGBoost
2378-YIZKA,0.0003719059,Low,0.031612000457243994,2026-03-30 19:32:06.333434,XGBoost
2379-ENZGV,0.8566205,High,72.6842486232519,2026-03-30 19:32:06.333434,XGBoost
2379-GYFLQ,4.4915352e-05,Low,0.004262466922955355,2026-03-30 19:32:06.333434,XGBoost
2380-DAMQP,0.0143505,Low,1.65246007014066,2026-03-30 19:32:06.333434,XGBoost
2382-BCKQJ,0.9979069,High,99.94037836790085,2026-03-30 19:32:06.333434,XGBoost
2384-OVPSA,0.0029428308,Low,0.059445181954652065,2026-03-30 19:32:06.333434,XGBoost
2386-LAHRK,0.91390353,High,48.893839091062546,2026-03-30 19:32:06.333434,XGBoost
2386-OWURY,0.031520817,Low,3.0039339009672403,2026-03-30 19:32:06.333434,XGBoost
2387-KDZQY,5.3012354e-05,Low,0.0010655483220034512,2026-03-30 19:32:06.333434,XGBoost
2388-LAESQ,7.0361275e-05,Low,0.008080992432951462,2026-03-30 19:32:06.333434,XGBoost
2391-IPLOP,0.00013349764,Low,0.009298110660165549,2026-03-30 19:32:06.333434,XGBoost
2391-SOORI,0.99984396,High,49.34229918122292,2026-03-30 19:32:06.333434,XGBoost
2393-DIVAI,5.9992417e-05,Low,0.0011998483387287706,2026-03-30 19:32:06.333434,XGBoost
2397-BRLOM,0.99881893,High,80.35498323738575,2026-03-30 19:32:06.333434,XGBoost
2398-YPMUR,0.9983419,High,70.03368554711342,2026-03-30 19:32:06.333434,XGBoost
2400-FEQME,2.3337865e-05,Low,0.00047842623371252557,2026-03-30 19:32:06.333434,XGBoost
2400-XIWIO,0.0030196917,Low,0.2720742201665416,2026-03-30 19:32:06.333434,XGBoost
2402-TAIRZ,0.00037493446,Low,0.030013503637746908,2026-03-30 19:32:06.333434,XGBoost
2403-BCASL,0.9997693,High,111.92416982352734,2026-03-30 19:32:06.333434,XGBoost
2404-JIBFC,0.001324873,Low,0.11274668821133672,2026-03-30 19:32:06.333434,XGBoost
2405-LBMUW,4.2417574e-05,Low,0.0021505710094061217,2026-03-30 19:32:06.333434,XGBoost
2408-PSJVE,6.983793e-05,Low,0.0043229678616626185,2026-03-30 19:32:06.333434,XGBoost
2408-TZMJL,0.9976107,High,109.88681730628014,2026-03-30 19:32:06.333434,XGBoost
2408-WITXK,0.9971113,High,34.599762821197515,2026-03-30 19:32:06.333434,XGBoost
2410-CIYFZ,0.07008751,Low,1.4297851502895353,2026-03-30 19:32:06.333434,XGBoost
2418-TPEUN,5.5573495e-05,Low,0.0011003552019246854,2026-03-30 19:32:06.333434,XGBoost
2419-FSORS,0.00030568303,Low,0.0331360406591557,2026-03-30 19:32:06.333434,XGBoost
2424-WVHPL,0.0022843415,Low,0.1706403094343841,2026-03-30 19:32:06.333434,XGBoost
2428-HYUNX,2.0139621e-05,Low,0.00038970167570369086,2026-03-30 19:32:06.333434,XGBoost
2428-ZMCTB,0.000244028,Low,0.004819552865228616,2026-03-30 19:32:06.333434,XGBoost
2429-AYKKO,4.3066095e-05,Low,0.0008548619818611769,2026-03-30 19:32:06.333434,XGBoost
2430-RRYUW,4.3935983e-05,Low,0.002407691859116312,2026-03-30 19:32:06.333434,XGBoost
2430-USGXP,0.8850115,High,89.43041148483753,2026-03-30 19:32:06.333434,XGBoost
2432-TFSMK,0.00012299669,Low,0.01102050319314003,2026-03-30 19:32:06.333434,XGBoost
2433-KMEAS,0.8009313,High,43.61070791780949,2026-03-30 19:32:06.333434,XGBoost
2434-EEVDB,0.0004761515,Low,0.045043932000407946,2026-03-30 19:32:06.333434,XGBoost
2436-QBZFP,7.929176e-05,Low,0.0031082371308002624,2026-03-30 19:32:06.333434,XGBoost
2439-LYPMQ,0.0006953037,Low,0.07133816195419058,2026-03-30 19:32:06.333434,XGBoost
2439-QKJUL,0.0004946756,Low,0.010017180786235258,2026-03-30 19:32:06.333434,XGBoost
2446-BEGGB,0.9996842,High,98.21897408366203,2026-03-30 19:32:06.333434,XGBoost
2446-PLQVO,0.9294181,High,65.33809151649474,2026-03-30 19:32:06.333434,XGBoost
2446-ZKVAF,0.00014726556,Low,0.00836468362249434,2026-03-30 19:32:06.333434,XGBoost
2450-ZKEED,5.7604004e-05,Low,0.0030990954051958396,2026-03-30 19:32:06.333434,XGBoost
2451-YMUXS,0.0036032675,Low,0.2325909160543233,2026-03-30 19:32:06.333434,XGBoost
2452-KDRRH,4.5396828e-05,Low,0.004603238336130744,2026-03-30 19:32:06.333434,XGBoost
2452-MRMZF,2.2667055e-05,Low,0.0005825433008794789,2026-03-30 19:32:06.333434,XGBoost
2452-SNHFZ,0.1637211,Low,12.35275695696473,2026-03-30 19:32:06.333434,XGBoost
2453-SAFNS,4.8039565e-05,Low,0.003463652616119361,2026-03-30 19:32:06.333434,XGBoost
2454-RPBRZ,0.9997923,High,98.07962245345115,2026-03-30 19:32:06.333434,XGBoost
2455-USLMV,0.00017288713,Low,0.014652184134320123,2026-03-30 19:32:06.333434,XGBoost
2458-EOMRE,0.00032999695,Low,0.02113630490057403,2026-03-30 19:32:06.333434,XGBoost
2460-FPSYH,0.99935704,High,55.764123094081874,2026-03-30 19:32:06.333434,XGBoost
2460-NGXBJ,0.00020704475,Low,0.015569765330292286,2026-03-30 19:32:06.333434,XGBoost
2462-XIIJB,0.97124195,High,89.83988046646118,2026-03-30 19:32:06.333434,XGBoost
2465-BLLEU,0.00035718307,Low,0.007054365727526601,2026-03-30 19:32:06.333434,XGBoost
2466-FCCPT,0.00015614531,Low,0.003076062607578933,2026-03-30 19:32:06.333434,XGBoost
2466-NEJOJ,0.00033978684,Low,0.006676811449870001,2026-03-30 19:32:06.333434,XGBoost
2468-SJFLM,0.0010873377,Low,0.08078919351100922,2026-03-30 19:32:06.333434,XGBoost
2469-DTSGX,0.005423614,Low,0.6055464834440499,2026-03-30 19:32:06.333434,XGBoost
2472-OVKUP,0.99958545,High,90.96227592229843,2026-03-30 19:32:06.333434,XGBoost
2474-BRUCM,0.9998047,High,101.83010620772838,2026-03-30 19:32:06.333434,XGBoost
2474-LCNUE,0.0001154744,Low,0.008504689726760262,2026-03-30 19:32:06.333434,XGBoost
2475-MROZF,0.00023867708,Low,0.022674322535749525,2026-03-30 19:32:06.333434,XGBoost
2476-YGEFM,3.26393e-05,Low,0.002480586670571938,2026-03-30 19:32:06.333434,XGBoost
2478-EEWWM,0.0014465048,Low,0.06408016460482031,2026-03-30 19:32:06.333434,XGBoost
2479-BRAMR,0.85775226,High,71.83675207197666,2026-03-30 19:32:06.333434,XGBoost
2480-EJWYP,0.00013578453,Low,0.013279727246845141,2026-03-30 19:32:06.333434,XGBoost
2480-JZOSN,0.0011825445,Low,0.024419544148258865,2026-03-30 19:32:06.333434,XGBoost
2480-SQIOB,0.0036532348,Low,0.1636649191379547,2026-03-30 19:32:06.333434,XGBoost
2481-SBOYW,1.1805409e-05,Low,0.00029513521440094337,2026-03-30 19:32:06.333434,XGBoost
2482-CZGBB,0.81978405,High,57.3848831653595,2026-03-30 19:32:06.333434,XGBoost
2483-XSSMZ,4.9028236e-05,Low,0.0023460011112547362,2026-03-30 19:32:06.333434,XGBoost
2484-DGXPZ,0.04424117,Low,0.8649148995056749,2026-03-30 19:32:06.333434,XGBoost
2485-ITVKB,0.94930965,High,33.32076861262322,2026-03-30 19:32:06.333434,XGBoost
2486-WYVVE,0.0010945669,Low,0.08679915445391088,2026-03-30 19:32:06.333434,XGBoost
2495-INZWQ,0.9741528,High,43.39850739240646,2026-03-30 19:32:06.333434,XGBoost
2495-KZNFB,0.00045611826,Low,0.04134712006198243,2026-03-30 19:32:06.333434,XGBoost
2495-TTHBQ,7.821911e-05,Low,0.0015956699004163965,2026-03-30 19:32:06.333434,XGBoost
2498-XLDZR,3.539775e-05,Low,0.002605274284724146,2026-03-30 19:32:06.333434,XGBoost
2499-AJYUA,0.038696744,Low,4.287599185109138,2026-03-30 19:32:06.333434,XGBoost
2501-XWWTZ,0.00025087158,Low,0.017611185216810554,2026-03-30 19:32:06.333434,XGBoost
2504-DSHIH,2.8420827e-05,Low,0.0024669278027431574,2026-03-30 19:32:06.333434,XGBoost
2506-CLAKW,0.94428545,High,92.68161714971066,2026-03-30 19:32:06.333434,XGBoost
2506-TNFCO,0.96024686,High,66.78516918122769,2026-03-30 19:32:06.333434,XGBoost
2507-QZPQS,0.00042862704,Low,0.04101960786210839,2026-03-30 19:32:06.333434,XGBoost
2509-TFPJU,0.00016510527,Low,0.0042514607921475545,2026-03-30 19:32:06.333434,XGBoost
2511-ALLCS,3.8592625e-05,Low,0.0009378007889608853,2026-03-30 19:32:06.333434,XGBoost
2511-MORQY,0.0011899185,Low,0.06532652510795742,2026-03-30 19:32:06.333434,XGBoost
2514-GINMM,0.99993396,High,79.49474966526031,2026-03-30 19:32:06.333434,XGBoost
2516-VQRRV,0.94054186,High,70.9638835966587,2026-03-30 19:32:06.333434,XGBoost
2516-XSJKX,0.00012058362,Low,0.009459785252329312,2026-03-30 19:32:06.333434,XGBoost
2519-ERQOJ,0.000111004985,Low,0.006060872193484101,2026-03-30 19:32:06.333434,XGBoost
2519-FAKOD,0.87356544,High,86.70136946439743,2026-03-30 19:32:06.333434,XGBoost
2519-LBNQL,0.21214305,Low,22.13712712600827,2026-03-30 19:32:06.333434,XGBoost
2519-TWKFS,1.8772038e-05,Low,0.0010343392908907846,2026-03-30 19:32:06.333434,XGBoost
2521-NPUZR,0.0004963923,Low,0.0501356236054562,2026-03-30 19:32:06.333434,XGBoost
2522-AHJXR,0.056787483,Low,6.215390057489276,2026-03-30 19:32:06.333434,XGBoost
2522-WLNSF,9.7312586e-05,Low,0.006247468030778691,2026-03-30 19:32:06.333434,XGBoost
2523-EWWZL,0.00020864583,Low,0.015877947374247012,2026-03-30 19:32:06.333434,XGBoost
2525-GVKQU,7.83564e-05,Low,0.0016141418978804724,2026-03-30 19:32:06.333434,XGBoost
2528-HFYZX,0.9990866,High,76.38017197847367,2026-03-30 19:32:06.333434,XGBoost
2530-ENDWQ,0.9845367,High,92.25108948349953,2026-03-30 19:32:06.333434,XGBoost
2530-FMFXO,0.0001391171,Low,0.014356884243898095,2026-03-30 19:32:06.333434,XGBoost
2533-QVMSK,0.04369645,Low,4.1118357762694355,2026-03-30 19:32:06.333434,XGBoost
2533-TIBIX,0.044183724,Low,1.334348453581333,2026-03-30 19:32:06.333434,XGBoost
2535-PBCGC,5.383147e-05,Low,0.003474821435156627,2026-03-30 19:32:06.333434,XGBoost
2538-OIMXF,0.0006441876,Low,0.01591143415425904,2026-03-30 19:32:06.333434,XGBoost
2541-YGPKE,2.2383549e-05,Low,0.0014258320483349963,2026-03-30 19:32:06.333434,XGBoost
2542-HYGIQ,6.3744345e-05,Low,0.001271699673088733,2026-03-30 19:32:06.333434,XGBoost
2545-EBUPK,0.52634937,Medium,44.23966418802738,2026-03-30 19:32:06.333434,XGBoost
2545-LXYVJ,0.000104450904,Low,0.0021621337225951717,2026-03-30 19:32:06.333434,XGBoost
2546-KZAAT,0.00017065671,Low,0.012867516139522197,2026-03-30 19:32:06.333434,XGBoost
2550-AEVRU,0.00018627603,Low,0.00995645356233581,2026-03-30 19:32:06.333434,XGBoost
2550-QHZGP,0.0077634,Low,0.1513863040599972,2026-03-30 19:32:06.333434,XGBoost
2558-BUOZZ,0.038021576,Low,3.604445372521877,2026-03-30 19:32:06.333434,XGBoost
2560-PPCHE,0.050723385,Low,5.328491601161659,2026-03-30 19:32:06.333434,XGBoost
2560-QTSBS,3.7471993e-05,Low,0.000873097436488024,2026-03-30 19:32:06.333434,XGBoost
2560-WBWXF,0.0016238273,Low,0.039215428463649005,2026-03-30 19:32:06.333434,XGBoost
2565-JSLRY,0.6786287,Medium,16.32101982831955,2026-03-30 19:32:06.333434,XGBoost
2568-BRGYX,0.9965348,High,69.95674467086792,2026-03-30 19:32:06.333434,XGBoost
2568-OIADY,0.99992657,High,99.49269342422485,2026-03-30 19:32:06.333434,XGBoost
2569-WGERO,1.639807e-05,Low,0.0003468191682259203,2026-03-30 19:32:06.333434,XGBoost
2573-GYRUU,0.00019816398,Low,0.01804283036108245,2026-03-30 19:32:06.333434,XGBoost
2575-GFSOE,0.96414566,High,66.52605056762695,2026-03-30 19:32:06.333434,XGBoost
2576-HXMPA,0.00016696563,Low,0.0032641781443089714,2026-03-30 19:32:06.333434,XGBoost
2577-GVSIL,0.17772403,Low,13.053830267488957,2026-03-30 19:32:06.333434,XGBoost
2578-JQPHZ,0.016297508,Low,1.6313805539160966,2026-03-30 19:32:06.333434,XGBoost
2580-ASVVY,0.00079140253,Low,0.03592967502772808,2026-03-30 19:32:06.333434,XGBoost
2580-ATZSQ,3.22529e-06,Low,0.00019787153547667913,2026-03-30 19:32:06.333434,XGBoost
2581-VKIRT,1.3484183e-05,Low,0.0008832139865262434,2026-03-30 19:32:06.333434,XGBoost
2582-FFFZR,0.00026905685,Low,0.013614276651060209,2026-03-30 19:32:06.333434,XGBoost
2585-KTFRE,0.00079081947,Low,0.055713231486151926,2026-03-30 19:32:06.333434,XGBoost
2586-CWXVV,0.6017928,Medium,18.294501495361327,2026-03-30 19:32:06.333434,XGBoost
2587-EKXTS,0.0003885038,Low,0.04331817394995596,2026-03-30 19:32:06.333434,XGBoost
2587-YNLES,3.3141172e-05,Low,0.0006661375577095897,2026-03-30 19:32:06.333434,XGBoost
2589-AYCRP,0.020821648,Low,0.4112275424413383,2026-03-30 19:32:06.333434,XGBoost
2592-HODOV,0.0031027086,Low,0.05988227613270283,2026-03-30 19:32:06.333434,XGBoost
2592-SEIFQ,0.87917244,High,21.75951799750328,2026-03-30 19:32:06.333434,XGBoost
2592-YKDIF,0.06794981,Low,1.3827786158770323,2026-03-30 19:32:06.333434,XGBoost
2595-KIWPV,0.0019301157,Low,0.03802328016608953,2026-03-30 19:32:06.333434,XGBoost
2599-CIPQE,1.8746652e-05,Low,0.0020490090779276215,2026-03-30 19:32:06.333434,XGBoost
2599-CZABP,0.0018447171,Low,0.08227438146714121,2026-03-30 19:32:06.333434,XGBoost
2603-HVKCG,0.2522246,Low,25.575573867559434,2026-03-30 19:32:06.333434,XGBoost
2604-IJPDU,0.0012785869,Low,0.12344756698003038,2026-03-30 19:32:06.333434,XGBoost
2604-XVDAM,0.00032111586,Low,0.01406487475032918,2026-03-30 19:32:06.333434,XGBoost
2606-PKWJB,3.182206e-05,Low,0.0012808378787667607,2026-03-30 19:32:06.333434,XGBoost
2606-RMDHZ,0.9990445,High,30.470856577157974,2026-03-30 19:32:06.333434,XGBoost
2607-DHDAK,7.977851e-06,Low,0.00015796145089552738,2026-03-30 19:32:06.333434,XGBoost
2607-FBDFF,0.0005429201,Low,0.026603084057569504,2026-03-30 19:32:06.333434,XGBoost
2608-BHKFN,0.9977518,High,69.89251165688037,2026-03-30 19:32:06.333434,XGBoost
2609-IAICY,0.96682143,High,74.59027348756791,2026-03-30 19:32:06.333434,XGBoost
2612-PHGOX,9.755955e-05,Low,0.007424281504063401,2026-03-30 19:32:06.333434,XGBoost
2612-RANWT,0.99977845,High,100.1278117209673,2026-03-30 19:32:06.333434,XGBoost
2612-RRIDN,0.99970824,High,80.97636705636978,2026-03-30 19:32:06.333434,XGBoost
2615-YVMYX,1.4591449e-05,Low,0.0015685807829868281,2026-03-30 19:32:06.333434,XGBoost
2616-FLVQC,8.228573e-05,Low,0.0016086860759969568,2026-03-30 19:32:06.333434,XGBoost
2616-UUTFK,0.11095927,Low,8.072286827489734,2026-03-30 19:32:06.333434,XGBoost
2619-WFQWU,0.99942917,High,70.10995601713658,2026-03-30 19:32:06.333434,XGBoost
2621-UDNLU,6.12412e-05,Low,0.0012768789536494298,2026-03-30 19:32:06.333434,XGBoost
2623-DRYAM,0.00040568828,Low,0.041278782016888727,2026-03-30 19:32:06.333434,XGBoost
2625-TRCZQ,0.00017913143,Low,0.0088938754008268,2026-03-30 19:32:06.333434,XGBoost
2626-URJFX,0.9543798,High,48.577931666374205,2026-03-30 19:32:06.333434,XGBoost
2626-VEEWG,0.00010536384,Low,0.00204405850963667,2026-03-30 19:32:06.333434,XGBoost
2632-IVXVF,0.0033891003,Low,0.37873195979045704,2026-03-30 19:32:06.333434,XGBoost
2632-TACXW,0.0002589162,Low,0.006123368204862345,2026-03-30 19:32:06.333434,XGBoost
2632-UCGVD,0.9234468,High,92.39084978699684,2026-03-30 19:32:06.333434,XGBoost
2634-HCZGT,0.62892574,Medium,37.766990730166434,2026-03-30 19:32:06.333434,XGBoost
2636-ALXXZ,0.99586535,High,69.31222801208496,2026-03-30 19:32:06.333434,XGBoost
2636-OHFMN,0.99980396,High,48.54048227369785,2026-03-30 19:32:06.333434,XGBoost
2636-SJDOU,8.049602e-05,Low,0.006785814640898024,2026-03-30 19:32:06.333434,XGBoost
2637-FKFSY,0.00015449208,Low,0.007122084956790786,2026-03-30 19:32:06.333434,XGBoost
2639-UGMAZ,0.033522964,Low,1.892371290922165,2026-03-30 19:32:06.333434,XGBoost
2640-LYMOV,0.05170166,Low,1.0159376425668596,2026-03-30 19:32:06.333434,XGBoost
2640-PMGFL,0.9994067,High,79.45283228158951,2026-03-30 19:32:06.333434,XGBoost
2642-DTVCO,0.93052256,High,79.14094381928443,2026-03-30 19:32:06.333434,XGBoost
2642-MAWLJ,6.6721615e-05,Low,0.0013511127126548672,2026-03-30 19:32:06.333434,XGBoost
2645-QTLMB,0.9996494,High,94.21695646643639,2026-03-30 19:32:06.333434,XGBoost
2649-HWLYB,8.506099e-05,Low,0.006477394140893012,2026-03-30 19:32:06.333434,XGBoost
2650-GYRYL,0.0025718904,Low,0.05002326756948605,2026-03-30 19:32:06.333434,XGBoost
2651-ZCBXV,0.04429948,Low,4.784343793988228,2026-03-30 19:32:06.333434,XGBoost
2654-VBVPB,0.0010000255,Low,0.019900508294813334,2026-03-30 19:32:06.333434,XGBoost
2656-FMOKZ,0.9990416,High,74.37864837944508,2026-03-30 19:32:06.333434,XGBoost
2656-TABEH,0.99989927,High,100.18990666866303,2026-03-30 19:32:06.333434,XGBoost
2657-ALMWY,0.8748952,High,74.32234851717949,2026-03-30 19:32:06.333434,XGBoost
2657-VPXTA,0.00023672666,Low,0.021033163476386105,2026-03-30 19:32:06.333434,XGBoost
2659-VXMWZ,0.99987614,High,111.28621455430984,2026-03-30 19:32:06.333434,XGBoost
2660-EMUBI,0.99389875,High,94.76824575066566,2026-03-30 19:32:06.333434,XGBoost
2661-GKBTK,8.138428e-06,Low,0.0006262520193558885,2026-03-30 19:32:06.333434,XGBoost
2662-NNTDK,0.000761484,Low,0.01888480391353369,2026-03-30 19:32:06.333434,XGBoost
2664-XJZNO,3.46019e-05,Low,0.0036297393678978553,2026-03-30 19:32:06.333434,XGBoost
2665-NPTGL,0.00238089,Low,0.2335653161862865,2026-03-30 19:32:06.333434,XGBoost
2667-WYLWJ,0.9998441,High,19.746920466423035,2026-03-30 19:32:06.333434,XGBoost
2668-TZSPS,6.113768e-05,Low,0.0012502655921707627,2026-03-30 19:32:06.333434,XGBoost
2669-OIDSD,0.00032008183,Low,0.0320241872803308,2026-03-30 19:32:06.333434,XGBoost
2669-QVCRG,0.0008487287,Low,0.06900164312683045,2026-03-30 19:32:06.333434,XGBoost
2672-DZUOY,0.99990857,High,25.147700446844098,2026-03-30 19:32:06.333434,XGBoost
2672-HUYVI,0.8789884,High,80.07584189176559,2026-03-30 19:32:06.333434,XGBoost
2672-OJQZP,0.0005335456,Low,0.023876166611444205,2026-03-30 19:32:06.333434,XGBoost
2672-TGEFF,0.00021983113,Low,0.019521004054695368,2026-03-30 19:32:06.333434,XGBoost
2673-CXQEU,6.6118446e-05,Low,0.007306088264158461,2026-03-30 19:32:06.333434,XGBoost
2673-ZALNP,5.16111e-05,Low,0.0010270608796417945,2026-03-30 19:32:06.333434,XGBoost
2674-MIAHT,0.2589015,Low,20.789790984988212,2026-03-30 19:32:06.333434,XGBoost
2674-MLXMN,0.037784975,Low,3.765272760950029,2026-03-30 19:32:06.333434,XGBoost
2675-DHUTR,7.916597e-05,Low,0.007829514384502545,2026-03-30 19:32:06.333434,XGBoost
2675-IJRGJ,0.013729111,Low,0.269777036877349,2026-03-30 19:32:06.333434,XGBoost
2675-OTVVJ,0.20985942,Low,18.771924751251937,2026-03-30 19:32:06.333434,XGBoost
2676-ISHSF,0.0009815651,Low,0.019925771513953805,2026-03-30 19:32:06.333434,XGBoost
2676-OXPPQ,6.003425e-05,Low,0.0033439077280490895,2026-03-30 19:32:06.333434,XGBoost
2676-SSLTO,0.000120275065,Low,0.007956195519727772,2026-03-30 19:32:06.333434,XGBoost
2680-XKKNJ,0.00012607963,Low,0.007337834296049551,2026-03-30 19:32:06.333434,XGBoost
2682-KEVRP,0.00015757323,Low,0.0031593432868248783,2026-03-30 19:32:06.333434,XGBoost
2683-BPJSO,0.9991486,High,84.3780998826027,2026-03-30 19:32:06.333434,XGBoost
2683-JXWQQ,1.6578058e-05,Low,0.0005570227629505099,2026-03-30 19:32:06.333434,XGBoost
2684-EIWEO,0.9995913,High,91.66252138018608,2026-03-30 19:32:06.333434,XGBoost
2685-SREOM,0.99650025,High,88.7881726026535,2026-03-30 19:32:06.333434,XGBoost
2688-BHGOG,0.12894814,Low,10.25782431140542,2026-03-30 19:32:06.333434,XGBoost
2690-DVRVK,0.00025868847,Low,0.005316047969972715,2026-03-30 19:32:06.333434,XGBoost
2691-NZETQ,0.9983005,High,85.20494705736637,2026-03-30 19:32:06.333434,XGBoost
2692-AQCPF,0.13662857,Low,14.762716791033744,2026-03-30 19:32:06.333434,XGBoost
2692-BUCFV,0.11733629,Low,11.903766427189112,2026-03-30 19:32:06.333434,XGBoost
2692-PFYTJ,0.18820801,Low,4.846356354653835,2026-03-30 19:32:06.333434,XGBoost
2694-CIUMO,0.00024810847,Low,0.019737028519739398,2026-03-30 19:32:06.333434,XGBoost
2696-ECXKC,6.863231e-05,Low,0.006925000181217911,2026-03-30 19:32:06.333434,XGBoost
2696-NARTR,0.41445425,Medium,30.607446475327013,2026-03-30 19:32:06.333434,XGBoost
2696-RZVZW,4.101886e-05,Low,0.0010275224081851776,2026-03-30 19:32:06.333434,XGBoost
2697-NQBPF,0.18161018,Low,19.13263266608119,2026-03-30 19:32:06.333434,XGBoost
2700-LUEVA,0.049963515,Low,1.0367429414764047,2026-03-30 19:32:06.333434,XGBoost
2703-AMTUL,2.8309136e-05,Low,0.0015187851364316884,2026-03-30 19:32:06.333434,XGBoost
2706-QZIHY,0.0001395586,Low,0.0035168767324648795,2026-03-30 19:32:06.333434,XGBoost
2709-UQGNP,0.00020139496,Low,0.01040204948221799,2026-03-30 19:32:06.333434,XGBoost
2710-WYVXG,0.000116348456,Low,0.00827237520570634,2026-03-30 19:32:06.333434,XGBoost
2712-SYWAY,0.0010099337,Low,0.02595529481768608,2026-03-30 19:32:06.333434,XGBoost
2716-GFZOR,0.00044376127,Low,0.038207845008582805,2026-03-30 19:32:06.333434,XGBoost
2717-HVIZY,0.00013887098,Low,0.002784363125829259,2026-03-30 19:32:06.333434,XGBoost
2718-GAXQD,0.9996499,High,45.98389458656311,2026-03-30 19:32:06.333434,XGBoost
2718-YSKCS,3.8893224e-05,Low,0.0007623071898706258,2026-03-30 19:32:06.333434,XGBoost
2719-BDAQO,0.996885,High,93.55765740573406,2026-03-30 19:32:06.333434,XGBoost
2720-FVBQP,0.00017680835,Low,0.008654768522683298,2026-03-30 19:32:06.333434,XGBoost
2720-WGKHP,0.9999515,High,93.99543929100037,2026-03-30 19:32:06.333434,XGBoost
2722-JMONI,0.9857633,High,48.84457207918167,2026-03-30 19:32:06.333434,XGBoost
2722-VOJQL,0.9975526,High,105.39142940938473,2026-03-30 19:32:06.333434,XGBoost
2724-FJDYW,0.0023175308,Low,0.12711656446335837,2026-03-30 19:32:06.333434,XGBoost
2725-IWWBA,2.3980912e-05,Low,0.0013645139140862738,2026-03-30 19:32:06.333434,XGBoost
2725-KXXWT,0.99995804,High,90.74619197845459,2026-03-30 19:32:06.333434,XGBoost
2725-TTRIQ,0.0001899328,Low,0.015992342212121004,2026-03-30 19:32:06.333434,XGBoost
2729-VNVAP,2.7873259e-05,Low,0.000551890521455789,2026-03-30 19:32:06.333434,XGBoost
2731-GJRDG,0.06569121,Low,7.196472091600299,2026-03-30 19:32:06.333434,XGBoost
2732-ISEZX,0.00014377729,Low,0.0029474344046320766,2026-03-30 19:32:06.333434,XGBoost
2737-WFVYW,0.86988246,High,39.36218151450157,2026-03-30 19:32:06.333434,XGBoost
2737-YNGYW,0.9314026,High,75.02448133528232,2026-03-30 19:32:06.333434,XGBoost
2739-CACDQ,0.00010454617,Low,0.008640740833652672,2026-03-30 19:32:06.333434,XGBoost
2739-CCZMB,0.00018938161,Low,0.0038539157212653667,2026-03-30 19:32:06.333434,XGBoost
2740-JFBOK,0.14919737,Low,3.5807368755340576,2026-03-30 19:32:06.333434,XGBoost
2740-TVLFN,0.11935808,Low,5.985807593911886,2026-03-30 19:32:06.333434,XGBoost
2746-DIJLO,0.0004247388,Low,0.023912794369971378,2026-03-30 19:32:06.333434,XGBoost
2748-MYRVK,0.7619009,High,76.11390008926392,2026-03-30 19:32:06.333434,XGBoost
2749-CTKAJ,0.001411252,Low,0.028436726925428955,2026-03-30 19:32:06.333434,XGBoost
2750-BJLSB,9.824179e-05,Low,0.010187673770269612,2026-03-30 19:32:06.333434,XGBoost
2753-JMMCV,0.0001799288,Low,0.013350716975401156,2026-03-30 19:32:06.333434,XGBoost
2754-SDJRD,0.00073879637,Low,0.0739904565125471,2026-03-30 19:32:06.333434,XGBoost
2754-VDLTR,0.93249506,High,88.77352948188782,2026-03-30 19:32:06.333434,XGBoost
2754-XBHTB,0.9983638,High,77.52294851839542,2026-03-30 19:32:06.333434,XGBoost
2758-RNWXS,0.00019948247,Low,0.01779383638058789,2026-03-30 19:32:06.333434,XGBoost
2761-OCIAX,0.9998621,High,74.68969699144364,2026-03-30 19:32:06.333434,XGBoost
2761-XECQW,0.0794759,Low,3.4452803526073694,2026-03-30 19:32:06.333434,XGBoost
2770-NSVDG,0.00037503632,Low,0.010913557052845135,2026-03-30 19:32:06.333434,XGBoost
2773-MADBQ,0.00033644724,Low,0.017865348226041532,2026-03-30 19:32:06.333434,XGBoost
2773-OVBPK,0.00042138,Low,0.04689959544630255,2026-03-30 19:32:06.333434,XGBoost
2774-LVQUS,0.8937878,High,74.22907689511776,2026-03-30 19:32:06.333434,XGBoost
2777-PHDEI,0.9995815,High,78.01733730733395,2026-03-30 19:32:06.333434,XGBoost
2778-OCLGR,0.9998822,High,39.09539484977722,2026-03-30 19:32:06.333434,XGBoost
2782-JEEBU,0.0001112172,Low,0.00400381931103766,2026-03-30 19:32:06.333434,XGBoost
2782-LFZVW,0.00011703602,Low,0.006899273332965095,2026-03-30 19:32:06.333434,XGBoost
2786-GCDPI,0.00018906155,Low,0.019842009997955757,2026-03-30 19:32:06.333434,XGBoost
2788-CJQAQ,3.504724e-05,Low,0.0006816688197432086,2026-03-30 19:32:06.333434,XGBoost
2789-CZANW,6.448924e-05,Low,0.007113163448229897,2026-03-30 19:32:06.333434,XGBoost
2789-HQBOU,0.00024011736,Low,0.019293429484969236,2026-03-30 19:32:06.333434,XGBoost
2790-XUYMV,1.45423e-05,Low,0.0012426395393049462,2026-03-30 19:32:06.333434,XGBoost
2791-SFVEW,0.00016088986,Low,0.003241930681542726,2026-03-30 19:32:06.333434,XGBoost
2792-LSHWX,0.0013307704,Low,0.11098625434096904,2026-03-30 19:32:06.333434,XGBoost
2792-VPPET,0.00097398163,Low,0.019966623425716534,2026-03-30 19:32:06.333434,XGBoost
2794-XIMMO,0.9994844,High,60.41883317828179,2026-03-30 19:32:06.333434,XGBoost
2796-NNUFI,0.004255286,Low,0.08489295474719256,2026-03-30 19:32:06.333434,XGBoost
2796-UUZZO,0.005808543,Low,0.4664259987417608,2026-03-30 19:32:06.333434,XGBoost
2798-NYLMZ,0.000104521656,Low,0.01134582574632077,2026-03-30 19:32:06.333434,XGBoost
2799-ARNLO,0.00024625656,Low,0.01707789249048801,2026-03-30 19:32:06.333434,XGBoost
2799-TSLAG,3.6123565e-05,Low,0.0009139262001554016,2026-03-30 19:32:06.333434,XGBoost
2800-QQUSO,0.00027619503,Low,0.02770236159849446,2026-03-30 19:32:06.333434,XGBoost
2800-VEQXM,0.00066293497,Low,0.049554388737306,2026-03-30 19:32:06.333434,XGBoost
2801-NISEI,4.627936e-05,Low,0.0025430509096622702,2026-03-30 19:32:06.333434,XGBoost
2804-ETQDK,0.00019448723,Low,0.003996712672960712,2026-03-30 19:32:06.333434,XGBoost
2805-AUFQN,2.6205707e-05,Low,0.0005188730065128766,2026-03-30 19:32:06.333434,XGBoost
2805-EDJPQ,0.21640468,Low,21.58636647462845,2026-03-30 19:32:06.333434,XGBoost
2806-MLNTI,0.00012107584,Low,0.012725070982560281,2026-03-30 19:32:06.333434,XGBoost
2808-CHTDM,0.0008102943,Low,0.0203383868210949,2026-03-30 19:32:06.333434,XGBoost
2809-ILCYT,0.011009692,Low,0.29505975134670737,2026-03-30 19:32:06.333434,XGBoost
2809-ZMYOQ,0.18456389,Low,18.705550261586904,2026-03-30 19:32:06.333434,XGBoost
2810-FTLEM,0.8551613,High,42.88633965849876,2026-03-30 19:32:06.333434,XGBoost
2811-POVEX,0.028874543,Low,2.5539532897993924,2026-03-30 19:32:06.333434,XGBoost
2812-ENYMO,6.7915594e-06,Low,0.0003704795637304414,2026-03-30 19:32:06.333434,XGBoost
2812-REYAT,0.011533525,Low,0.23124717306345702,2026-03-30 19:32:06.333434,XGBoost
2812-SFXMJ,0.00094165595,Low,0.018880201753927395,2026-03-30 19:32:06.333434,XGBoost
2815-CPTUL,0.9994062,High,70.20828685164452,2026-03-30 19:32:06.333434,XGBoost
2817-LVCPP,0.000101782,Low,0.001974570861784741,2026-03-30 19:32:06.333434,XGBoost
2817-NTQDO,0.72762054,High,33.143115690350534,2026-03-30 19:32:06.333434,XGBoost
2819-GWENI,1.293954e-05,Low,0.0002574968516455556,2026-03-30 19:32:06.333434,XGBoost
2821-WARNZ,2.6364554e-05,Low,0.0005127905808876676,2026-03-30 19:32:06.333434,XGBoost
2823-LKABH,0.00021233494,Low,0.020182436089089605,2026-03-30 19:32:06.333434,XGBoost
2824-DXNKN,1.1078556e-05,Low,0.0007915628170394485,2026-03-30 19:32:06.333434,XGBoost
2824-MYYBN,0.0002904875,Low,0.027668932991218753,2026-03-30 19:32:06.333434,XGBoost
2826-DXLQO,0.049440764,Low,1.473334763944149,2026-03-30 19:32:06.333434,XGBoost
2826-UWHIS,4.2564257e-05,Low,0.0034647305568796583,2026-03-30 19:32:06.333434,XGBoost
2828-SLQPF,0.0019986797,Low,0.08994058705866337,2026-03-30 19:32:06.333434,XGBoost
2829-HYVZP,0.012574039,Low,0.24896598011255267,2026-03-30 19:32:06.333434,XGBoost
2830-LEWOA,2.2262122e-05,Low,0.0023130344759920264,2026-03-30 19:32:06.333434,XGBoost
2831-EBWRN,0.00014848792,Low,0.006815595418447629,2026-03-30 19:32:06.333434,XGBoost
2832-KJCRD,0.00017055975,Low,0.017678518431057454,2026-03-30 19:32:06.333434,XGBoost
2832-SCUCO,0.00016629022,Low,0.003309175405593123,2026-03-30 19:32:06.333434,XGBoost
2833-SLKDQ,0.99911565,High,45.01015984714031,2026-03-30 19:32:06.333434,XGBoost
2834-JKOOW,9.35069e-05,Low,0.004291966550226789,2026-03-30 19:32:06.333434,XGBoost
2834-JRTUA,0.9957183,High,107.58736235201359,2026-03-30 19:32:06.333434,XGBoost
2834-SPCJV,0.9142921,High,76.89196536540985,2026-03-30 19:32:06.333434,XGBoost
2839-RFSQE,0.99902856,High,20.629939836263656,2026-03-30 19:32:06.333434,XGBoost
2840-XANRC,0.9603159,High,89.45342451632024,2026-03-30 19:32:06.333434,XGBoost
2842-BCQGE,0.00039303888,Low,0.029615479421045164,2026-03-30 19:32:06.333434,XGBoost
2842-JTCCU,0.7190769,High,33.113489949703215,2026-03-30 19:32:06.333434,XGBoost
2843-CQMEG,0.00024490507,Low,0.012171781790675596,2026-03-30 19:32:06.333434,XGBoost
2845-AFFTX,0.81653845,High,81.49053761959075,2026-03-30 19:32:06.333434,XGBoost
2845-HSJCY,0.7361117,High,64.2257458716631,2026-03-30 19:32:06.333434,XGBoost
2845-KDHVX,4.5048764e-05,Low,0.003076830591453472,2026-03-30 19:32:06.333434,XGBoost
2848-YXSMW,4.578621e-05,Low,0.0008882525042281486,2026-03-30 19:32:06.333434,XGBoost
2851-MMUTZ,0.02986033,Low,1.676657571364194,2026-03-30 19:32:06.333434,XGBoost
2851-STERV,0.0012821564,Low,0.09359742049127817,2026-03-30 19:32:06.333434,XGBoost
2853-CWQFQ,0.00087247026,Low,0.05195560421270784,2026-03-30 19:32:06.333434,XGBoost
2856-HYAPG,0.9991498,High,68.59163372516633,2026-03-30 19:32:06.333434,XGBoost
2856-NNASM,0.8370985,High,74.96216881871223,2026-03-30 19:32:06.333434,XGBoost
2858-EIMXH,0.06030148,Low,5.779896757565439,2026-03-30 19:32:06.333434,XGBoost
2858-MOFSQ,0.85028076,High,47.488180541992186,2026-03-30 19:32:06.333434,XGBoost
2860-RANUS,0.35604763,Low,30.548886680603026,2026-03-30 19:32:06.333434,XGBoost
2862-JVEOY,0.00024203684,Low,0.004635005487216404,2026-03-30 19:32:06.333434,XGBoost
2862-PFNIK,0.0018606838,Low,0.04595888946205377,2026-03-30 19:32:06.333434,XGBoost
2863-IMQDR,7.419975e-05,Low,0.006652007595403121,2026-03-30 19:32:06.333434,XGBoost
2865-TCHJW,0.85471874,High,76.24091203212738,2026-03-30 19:32:06.333434,XGBoost
2866-IKBTM,0.10886798,Low,2.1283690195530656,2026-03-30 19:32:06.333434,XGBoost
2867-UIMSS,0.99979025,High,80.48311522603035,2026-03-30 19:32:06.333434,XGBoost
2868-LLSKM,6.598829e-06,Low,0.0005519920294773329,2026-03-30 19:32:06.333434,XGBoost
2868-MZAGQ,0.9999105,High,79.24290505051613,2026-03-30 19:32:06.333434,XGBoost
2868-SNELZ,0.99962556,High,80.56982042789458,2026-03-30 19:32:06.333434,XGBoost
2869-ADAWR,0.9962638,High,88.96635752320289,2026-03-30 19:32:06.333434,XGBoost
2873-ZLIWT,0.9997979,High,84.83285017311573,2026-03-30 19:32:06.333434,XGBoost
2874-YXVVA,0.22146034,Low,23.27548198699951,2026-03-30 19:32:06.333434,XGBoost
2876-GZYZC,0.0001745723,Low,0.015004489049169933,2026-03-30 19:32:06.333434,XGBoost
2876-VBBBL,0.99847823,High,20.21918423473835,2026-03-30 19:32:06.333434,XGBoost
2877-VDUER,0.017525913,Low,0.716809849627316,2026-03-30 19:32:06.333434,XGBoost
2878-DHMIN,3.7547685e-05,Low,0.0007471989269106416,2026-03-30 19:32:06.333434,XGBoost
2878-RMWXY,0.028546045,Low,2.930251478496939,2026-03-30 19:32:06.333434,XGBoost
2880-FPNAE,0.00019155547,Low,0.01421341623645276,2026-03-30 19:32:06.333434,XGBoost
2882-DDZPG,0.014330455,Low,0.2787273517344147,2026-03-30 19:32:06.333434,XGBoost
2882-WDTBA,0.0014285014,Low,0.10820898466045037,2026-03-30 19:32:06.333434,XGBoost
2883-ILGWO,0.10210731,Low,10.711056693643332,2026-03-30 19:32:06.333434,XGBoost
2884-GBPFB,0.52622515,Medium,36.993628019094466,2026-03-30 19:32:06.333434,XGBoost
2885-HIJDH,3.2568728e-06,Low,0.0002830222452303133,2026-03-30 19:32:06.333434,XGBoost
2886-KEFUM,0.99870145,High,107.36040621995926,2026-03-30 19:32:06.333434,XGBoost
2887-JPYLU,8.0952355e-05,Low,0.003659046461689286,2026-03-30 19:32:06.333434,XGBoost
2888-ADFAO,2.1961572e-05,Low,0.0004677814878959907,2026-03-30 19:32:06.333434,XGBoost
2889-FPWRM,0.9992993,High,117.71745610237122,2026-03-30 19:32:06.333434,XGBoost
2890-WFBHU,1.9464032e-05,Low,0.0015542029909738628,2026-03-30 19:32:06.333434,XGBoost
2892-GESUL,2.4489424e-05,Low,0.0004738703465591243,2026-03-30 19:32:06.333434,XGBoost
2894-QOJRX,0.99988043,High,33.99593472480774,2026-03-30 19:32:06.333434,XGBoost
2896-TBNBE,0.0017550471,Low,0.1418078076094389,2026-03-30 19:32:06.333434,XGBoost
2897-DOVND,0.00013954303,Low,0.009740103490184992,2026-03-30 19:32:06.333434,XGBoost
2898-LSJGD,0.90630466,High,50.70774558484555,2026-03-30 19:32:06.333434,XGBoost
2898-MRKPI,1.880454e-05,Low,0.0019001987316187297,2026-03-30 19:32:06.333434,XGBoost
2900-PHPLN,8.1797525e-06,Low,0.00015991416162250971,2026-03-30 19:32:06.333434,XGBoost
2903-YYTBW,0.00013120446,Low,0.005845158798911143,2026-03-30 19:32:06.333434,XGBoost
2904-GGUAZ,6.8228444e-05,Low,0.005734600754658458,2026-03-30 19:32:06.333434,XGBoost
2905-KFQUV,0.0012793045,Low,0.09006303697824479,2026-03-30 19:32:06.333434,XGBoost
2907-ILJBN,0.00019120109,Low,0.003938742497120984,2026-03-30 19:32:06.333434,XGBoost
2908-WGAXL,0.0037131666,Low,0.09264350602170453,2026-03-30 19:32:06.333434,XGBoost
2908-ZTPNF,9.022496e-05,Low,0.003144339835853316,2026-03-30 19:32:06.333434,XGBoost
2911-IJORQ,0.00027491848,Low,0.024907614168478174,2026-03-30 19:32:06.333434,XGBoost
2911-UREFD,0.81046414,High,45.30494563579559,2026-03-30 19:32:06.333434,XGBoost
2911-WDXMV,1.1626176e-05,Low,0.0009364884988826816,2026-03-30 19:32:06.333434,XGBoost
2916-BQZLN,0.00019356907,Low,0.016404978432547068,2026-03-30 19:32:06.333434,XGBoost
2919-HBCJO,0.9995135,High,76.61271030306817,2026-03-30 19:32:06.333434,XGBoost
2920-RNCEZ,0.0016065823,Low,0.11238043291377836,2026-03-30 19:32:06.333434,XGBoost
2921-XWDJH,0.005984436,Low,0.4994011666160077,2026-03-30 19:32:06.333434,XGBoost
2924-KHUVI,0.0003580538,Low,0.0360023099128739,2026-03-30 19:32:06.333434,XGBoost
2925-MXLSX,1.6793449e-05,Low,0.0011579082805837971,2026-03-30 19:32:06.333434,XGBoost
2925-VDZHY,3.206343e-06,Low,0.0002844026312686765,2026-03-30 19:32:06.333434,XGBoost
2926-JEJJC,3.7748236e-05,Low,0.0007625143596669659,2026-03-30 19:32:06.333434,XGBoost
2927-CVULT,4.3906206e-05,Low,0.004568440731600276,2026-03-30 19:32:06.333434,XGBoost
2927-QRRQV,0.2616848,Low,24.76846680790186,2026-03-30 19:32:06.333434,XGBoost
2928-HLDBA,9.516867e-05,Low,0.001969991407531779,2026-03-30 19:32:06.333434,XGBoost
2929-ERCFZ,0.9682359,High,91.20782271623612,2026-03-30 19:32:06.333434,XGBoost
2929-QNSRW,0.9991115,High,98.16270227730274,2026-03-30 19:32:06.333434,XGBoost
2930-UOTMB,0.07731747,Low,5.044964840635657,2026-03-30 19:32:06.333434,XGBoost
2931-FSOHN,0.0002816831,Low,0.01687281835475005,2026-03-30 19:32:06.333434,XGBoost
2931-SVLTV,0.000118851305,Low,0.013085528698138659,2026-03-30 19:32:06.333434,XGBoost
2931-VUVJN,9.996902e-05,Low,0.009402085996771347,2026-03-30 19:32:06.333434,XGBoost
2931-XIQBR,0.017275905,Low,1.7802820346318184,2026-03-30 19:32:06.333434,XGBoost
2933-FILNV,0.9971276,High,24.32991325855255,2026-03-30 19:32:06.333434,XGBoost
2933-XEUJM,0.00017363833,Low,0.013752155529800802,2026-03-30 19:32:06.333434,XGBoost
2937-FTHUR,0.0007065416,Low,0.04578389469534159,2026-03-30 19:32:06.333434,XGBoost
2946-KIQSP,0.0029187168,Low,0.09763107538456098,2026-03-30 19:32:06.333434,XGBoost
2947-DOMLJ,0.9992617,High,50.56264086961746,2026-03-30 19:32:06.333434,XGBoost
2951-QOQTK,0.98294514,High,79.42196764945983,2026-03-30 19:32:06.333434,XGBoost
2952-QAYZF,0.9997532,High,85.27894601225853,2026-03-30 19:32:06.333434,XGBoost
2954-PIBKO,7.206782e-06,Low,0.0004623150590077785,2026-03-30 19:32:06.333434,XGBoost
2955-BJZHG,0.9592333,High,77.55401101112365,2026-03-30 19:32:06.333434,XGBoost
2955-PSXOE,0.99457717,High,20.090458822250366,2026-03-30 19:32:06.333434,XGBoost
2956-GGUCQ,0.92395616,High,72.85394288301467,2026-03-30 19:32:06.333434,XGBoost
2957-JIRMN,0.00024038558,Low,0.020300561896146974,2026-03-30 19:32:06.333434,XGBoost
2957-LOLHO,0.8404526,High,38.15654855966568,2026-03-30 19:32:06.333434,XGBoost
2958-NHPPS,0.00023348912,Low,0.004868248106504325,2026-03-30 19:32:06.333434,XGBoost
2959-EEXWB,2.9979878e-05,Low,0.0015259757688909303,2026-03-30 19:32:06.333434,XGBoost
2959-FENLU,4.1487718e-05,Low,0.0035389023181778612,2026-03-30 19:32:06.333434,XGBoost
2959-MJHIC,0.94580024,High,75.99504967033863,2026-03-30 19:32:06.333434,XGBoost
2960-NKRSO,9.34543e-05,Low,0.008032396966518718,2026-03-30 19:32:06.333434,XGBoost
2961-VNFKL,3.590801e-05,Low,0.0009318128943050396,2026-03-30 19:32:06.333434,XGBoost
2962-XPMCQ,0.9998858,High,45.14484375715256,2026-03-30 19:32:06.333434,XGBoost
2967-MXRAV,0.0011776402,Low,0.022139635123312473,2026-03-30 19:32:06.333434,XGBoost
2968-SSGAA,0.9365706,High,94.21900082826613,2026-03-30 19:32:06.333434,XGBoost
2969-QWUBZ,8.748848e-05,Low,0.004496907822613139,2026-03-30 19:32:06.333434,XGBoost
2969-VAPYH,7.559747e-05,Low,0.00457364686371875,2026-03-30 19:32:06.333434,XGBoost
2969-WGHQO,0.0005264866,Low,0.03656449471309316,2026-03-30 19:32:06.333434,XGBoost
2971-SGAFL,0.23147787,Low,18.228882383555174,2026-03-30 19:32:06.333434,XGBoost
2972-YDYUW,0.014972747,Low,1.4179191696457565,2026-03-30 19:32:06.333434,XGBoost
2974-GGUXS,0.0004531704,Low,0.041669017262756826,2026-03-30 19:32:06.333434,XGBoost
2977-CEBSX,0.014527733,Low,1.3082223960664123,2026-03-30 19:32:06.333434,XGBoost
2978-XXSOG,7.885044e-05,Low,0.004656118501588935,2026-03-30 19:32:06.333434,XGBoost
2979-SXESE,0.955528,High,90.20184516906738,2026-03-30 19:32:06.333434,XGBoost
2982-IHMFT,0.99155104,High,73.82097504734993,2026-03-30 19:32:06.333434,XGBoost
2982-VPSGI,0.97197175,High,91.36534452438354,2026-03-30 19:32:06.333434,XGBoost
2983-ZANRP,0.9997898,High,73.53453790843487,2026-03-30 19:32:06.333434,XGBoost
2984-AFWNC,0.46720204,Medium,44.57107438445092,2026-03-30 19:32:06.333434,XGBoost
2984-MIIZL,0.8065813,High,60.33228261470794,2026-03-30 19:32:06.333434,XGBoost
2984-RGEYA,0.00089312816,Low,0.017639281213632785,2026-03-30 19:32:06.333434,XGBoost
2984-TBYKU,4.714001e-05,Low,0.004944986941336538,2026-03-30 19:32:06.333434,XGBoost
2985-FMWYF,0.4054746,Medium,37.911875396966934,2026-03-30 19:32:06.333434,XGBoost
2985-JUUBZ,0.00046001223,Low,0.034293912030989304,2026-03-30 19:32:06.333434,XGBoost
2987-BJXIK,0.00025953632,Low,0.02198272617533803,2026-03-30 19:32:06.333434,XGBoost
2988-GBIVW,3.8236147e-05,Low,0.0034737539361231026,2026-03-30 19:32:06.333434,XGBoost
2988-PLAHS,0.13992807,Low,9.787968684732915,2026-03-30 19:32:06.333434,XGBoost
2988-QRAJY,0.0001392121,Low,0.015320292137766955,2026-03-30 19:32:06.333434,XGBoost
2990-HWIML,0.999022,High,89.41246962547302,2026-03-30 19:32:06.333434,XGBoost
2990-IAJSV,0.0032204755,Low,0.29628374706953764,2026-03-30 19:32:06.333434,XGBoost
2990-OGYTD,0.00012648049,Low,0.010896294100530213,2026-03-30 19:32:06.333434,XGBoost
2995-UPRYS,0.8122444,High,80.57464599609375,2026-03-30 19:32:06.333434,XGBoost
2995-YWTCD,0.0041395095,Low,0.10307378699071705,2026-03-30 19:32:06.333434,XGBoost
2996-XAUVF,9.364404e-05,Low,0.0037504438438190845,2026-03-30 19:32:06.333434,XGBoost
2999-AANRQ,0.00011058534,Low,0.007857088200762518,2026-03-30 19:32:06.333434,XGBoost
3001-CBHLQ,0.9112457,High,95.58967431783677,2026-03-30 19:32:06.333434,XGBoost
3001-UNBTL,0.00049430726,Low,0.05138323929277249,2026-03-30 19:32:06.333434,XGBoost
3002-WQZWT,4.51581e-05,Low,0.0033507310174172747,2026-03-30 19:32:06.333434,XGBoost
3003-CMDUU,0.0007052416,Low,0.06710373585228809,2026-03-30 19:32:06.333434,XGBoost
3005-NFMTA,0.90850294,High,89.76009011268616,2026-03-30 19:32:06.333434,XGBoost
3005-TYFRD,0.001677657,Low,0.17388914928305896,2026-03-30 19:32:06.333434,XGBoost
3006-XIMLN,0.9895459,High,93.21522206068039,2026-03-30 19:32:06.333434,XGBoost
3007-FDPEA,0.00020393074,Low,0.004221366395358928,2026-03-30 19:32:06.333434,XGBoost
3009-JWMPU,0.997416,High,96.49999988079071,2026-03-30 19:32:06.333434,XGBoost
3011-WQKSZ,0.00011376926,Low,0.00227538519538939,2026-03-30 19:32:06.333434,XGBoost
3012-VFFMN,0.027442545,Low,0.566688548028469,2026-03-30 19:32:06.333434,XGBoost
3014-WJKSM,8.047016e-05,Low,0.0060594032802328,2026-03-30 19:32:06.333434,XGBoost
3016-KSVCP,7.660721e-05,Low,0.00258549339378078,2026-03-30 19:32:06.333434,XGBoost
3018-TFTSU,0.8756196,High,71.53812052607536,2026-03-30 19:32:06.333434,XGBoost
3021-VLNRJ,7.5257217e-06,Low,0.0005328210952939116,2026-03-30 19:32:06.333434,XGBoost
3022-BEXHZ,0.029311497,Low,3.2594384402036667,2026-03-30 19:32:06.333434,XGBoost
3023-GFLBR,0.89168805,High,76.81892540752888,2026-03-30 19:32:06.333434,XGBoost
3026-ATZYV,2.1041387e-05,Low,0.0015802081861693293,2026-03-30 19:32:06.333434,XGBoost
3027-YNWZU,4.698562e-05,Low,0.0011746405107260216,2026-03-30 19:32:06.333434,XGBoost
3027-ZTDHO,0.99734193,High,89.66103958487511,2026-03-30 19:32:06.333434,XGBoost
3030-YDNRM,5.2834603e-05,Low,0.003954670010898553,2026-03-30 19:32:06.333434,XGBoost
3030-YZADT,0.8072959,High,36.2879515349865,2026-03-30 19:32:06.333434,XGBoost
3030-ZKIWL,0.00014097527,Low,0.002826554225612199,2026-03-30 19:32:06.333434,XGBoost
3034-ZBEQN,0.99872476,High,34.65574912428856,2026-03-30 19:32:06.333434,XGBoost
3038-PQIUY,0.088325664,Low,5.842742700129748,2026-03-30 19:32:06.333434,XGBoost
3039-MJSLN,0.00055581913,Low,0.0112275464925915,2026-03-30 19:32:06.333434,XGBoost
3043-SUDUA,0.00011821349,Low,0.0023524484000517986,2026-03-30 19:32:06.333434,XGBoost
3043-TYBNO,0.00020109542,Low,0.012196437190868891,2026-03-30 19:32:06.333434,XGBoost
3045-XETSH,0.9993765,High,94.79085873067379,2026-03-30 19:32:06.333434,XGBoost
3049-NDXFL,0.99978584,High,85.78162511587142,2026-03-30 19:32:06.333434,XGBoost
3049-SOLAY,0.9998672,High,95.18735752105714,2026-03-30 19:32:06.333434,XGBoost
3050-GBUSH,0.029166875,Low,1.0150072641670702,2026-03-30 19:32:06.333434,XGBoost
3050-RLLXC,1.9543211e-05,Low,0.0015878859130680212,2026-03-30 19:32:06.333434,XGBoost
3055-MJDSB,0.00023723209,Low,0.005835909381858073,2026-03-30 19:32:06.333434,XGBoost
3055-OYMSE,5.1666397e-05,Low,0.003812980080692796,2026-03-30 19:32:06.333434,XGBoost
3055-VTCGS,1.1982215e-05,Low,0.0007015587032128678,2026-03-30 19:32:06.333434,XGBoost
3057-VJJQE,0.00011925443,Low,0.006588807234948035,2026-03-30 19:32:06.333434,XGBoost
3058-HJCUY,0.99908555,High,102.50617697238921,2026-03-30 19:32:06.333434,XGBoost
3058-WQDRE,0.00043913155,Low,0.011044158360164147,2026-03-30 19:32:06.333434,XGBoost
3059-NGMXB,8.3399435e-05,Low,0.005771240868489258,2026-03-30 19:32:06.333434,XGBoost
3061-BCKYI,7.3686286e-05,Low,0.0014663570866105145,2026-03-30 19:32:06.333434,XGBoost
3062-ICYZQ,0.00028036462,Low,0.026298201380996034,2026-03-30 19:32:06.333434,XGBoost
3063-QFSZL,0.9891206,High,54.79728138446808,2026-03-30 19:32:06.333434,XGBoost
3066-RRJIO,0.9927614,High,69.44365807771683,2026-03-30 19:32:06.333434,XGBoost
3067-SVMTC,0.019447997,Low,1.0871430441737175,2026-03-30 19:32:06.333434,XGBoost
3068-OMWZA,0.99984396,High,88.78614320755004,2026-03-30 19:32:06.333434,XGBoost
3069-SSVSN,0.00048458434,Low,0.012526505083951634,2026-03-30 19:32:06.333434,XGBoost
3070-BDOQC,0.00017781685,Low,0.017719449266587618,2026-03-30 19:32:06.333434,XGBoost
3070-DVEYC,0.99920976,High,73.69171991944313,2026-03-30 19:32:06.333434,XGBoost
3070-FNFZQ,5.6192737e-05,Low,0.0011463318398455156,2026-03-30 19:32:06.333434,XGBoost
3071-MVJCD,0.00012421838,Low,0.010223172584665008,2026-03-30 19:32:06.333434,XGBoost
3071-VBYPO,0.00039965482,Low,0.0359089854391641,2026-03-30 19:32:06.333434,XGBoost
3074-GQWYX,0.9996706,High,75.87500041723251,2026-03-30 19:32:06.333434,XGBoost
3077-RSNTJ,6.302013e-05,Low,0.001241496601869585,2026-03-30 19:32:06.333434,XGBoost
3078-ZKNTS,0.00011343009,Low,0.0022402442973543657,2026-03-30 19:32:06.333434,XGBoost
3079-BCHLN,0.011110334,Low,0.22109564114362,2026-03-30 19:32:06.333434,XGBoost
3082-VQXNH,0.0014476982,Low,0.0431414068909362,2026-03-30 19:32:06.333434,XGBoost
3082-WQRVY,0.010787015,Low,0.21196484179235994,2026-03-30 19:32:06.333434,XGBoost
3082-YVEKW,8.848719e-06,Low,0.0006826786405781604,2026-03-30 19:32:06.333434,XGBoost
3084-DOWLE,2.1596697e-05,Low,0.0019868961680913344,2026-03-30 19:32:06.333434,XGBoost
3085-QUOZK,0.8325198,High,36.58924649655819,2026-03-30 19:32:06.333434,XGBoost
3086-RUCRN,0.0007992949,Low,0.08240730526158585,2026-03-30 19:32:06.333434,XGBoost
3088-FVYWK,7.605918e-06,Low,0.00019433120999110543,2026-03-30 19:32:06.333434,XGBoost
3088-LHEFH,0.00011841623,Low,0.00935488232789794,2026-03-30 19:32:06.333434,XGBoost
3090-HAWSU,0.994909,High,111.03184311389923,2026-03-30 19:32:06.333434,XGBoost
3090-LETTY,0.6850762,Medium,41.755392995476726,2026-03-30 19:32:06.333434,XGBoost
3090-QFUVD,5.5405224e-05,Low,0.0011247260466916487,2026-03-30 19:32:06.333434,XGBoost
3091-FYHKI,0.8436919,High,29.908877339959147,2026-03-30 19:32:06.333434,XGBoost
3092-IGHWF,0.62553424,Medium,54.67169226408005,2026-03-30 19:32:06.333434,XGBoost
3094-JOJAI,2.176498e-05,Low,0.0016138732273248025,2026-03-30 19:32:06.333434,XGBoost
3096-GKWEB,0.00035144144,Low,0.03329907663282938,2026-03-30 19:32:06.333434,XGBoost
3096-IZETN,0.9987967,High,78.00602238178253,2026-03-30 19:32:06.333434,XGBoost
3096-JRDSO,0.9155705,High,95.49400289058686,2026-03-30 19:32:06.333434,XGBoost
3096-WPXBT,9.390184e-05,Low,0.009455915567377815,2026-03-30 19:32:06.333434,XGBoost
3096-YXENJ,0.00023505781,Low,0.025303973707195837,2026-03-30 19:32:06.333434,XGBoost
3097-FQTVJ,3.898379e-05,Low,0.0007796758291078731,2026-03-30 19:32:06.333434,XGBoost
3097-IDVPU,0.019058974,Low,0.9548546204343439,2026-03-30 19:32:06.333434,XGBoost
3097-NNSPB,0.9985066,High,48.97674900591373,2026-03-30 19:32:06.333434,XGBoost
3097-NQYSN,0.97985554,High,85.10045342445373,2026-03-30 19:32:06.333434,XGBoost
3097-PYWXL,3.036692e-05,Low,0.0006058200605366437,2026-03-30 19:32:06.333434,XGBoost
3099-OONVS,6.357576e-05,Low,0.0034521637993748296,2026-03-30 19:32:06.333434,XGBoost
3104-OWCGK,0.63442904,Medium,57.70132096707821,2026-03-30 19:32:06.333434,XGBoost
3106-ULWFW,0.99895763,High,85.11119041442872,2026-03-30 19:32:06.333434,XGBoost
3108-PCCGG,3.5725036e-05,Low,0.0030169792529704865,2026-03-30 19:32:06.333434,XGBoost
3113-IWHLC,0.08455554,Low,4.718198937177658,2026-03-30 19:32:06.333434,XGBoost
3115-JPJDD,0.00010411828,Low,0.00845960998958617,2026-03-30 19:32:06.333434,XGBoost
3118-UHVVQ,8.4559324e-05,Low,0.0021816305597894825,2026-03-30 19:32:06.333434,XGBoost
3120-FAZKD,2.0977315e-05,Low,0.0005045044309554214,2026-03-30 19:32:06.333434,XGBoost
3125-RAHBV,7.0935776e-06,Low,0.00014399962428797154,2026-03-30 19:32:06.333434,XGBoost
3126-WQMGH,0.0004298083,Low,0.0224145032450906,2026-03-30 19:32:06.333434,XGBoost
3128-YOVTD,1.5266329e-05,Low,0.0012083299224286748,2026-03-30 19:32:06.333434,XGBoost
3129-AAQOU,0.0001440909,Low,0.0036887269467115406,2026-03-30 19:32:06.333434,XGBoost
3130-ICDUP,0.0025807444,Low,0.20787896522087976,2026-03-30 19:32:06.333434,XGBoost
3131-NWVFJ,8.835438e-05,Low,0.001727328197011957,2026-03-30 19:32:06.333434,XGBoost
3132-TVFDZ,0.99994516,High,44.84754059314728,2026-03-30 19:32:06.333434,XGBoost
3133-PZNSR,1.7843113e-05,Low,0.0017441642762605625,2026-03-30 19:32:06.333434,XGBoost
3134-DSHVC,0.03902808,Low,3.8247516751289368,2026-03-30 19:32:06.333434,XGBoost
3137-LUPIX,0.00019183072,Low,0.01235389864887111,2026-03-30 19:32:06.333434,XGBoost
3137-NYQQI,0.039487265,Low,2.5587747752666474,2026-03-30 19:32:06.333434,XGBoost
3138-BKYAV,0.7587099,High,64.75589060783386,2026-03-30 19:32:06.333434,XGBoost
3143-ILDAL,0.9959816,High,94.07045966982842,2026-03-30 19:32:06.333434,XGBoost
3143-JQEGI,0.99965703,High,88.31969903111457,2026-03-30 19:32:06.333434,XGBoost
3144-AUDBS,0.99898714,High,49.10021784603595,2026-03-30 19:32:06.333434,XGBoost
3144-KMTWZ,1.35442415e-05,Low,0.0012630005182927562,2026-03-30 19:32:06.333434,XGBoost
3146-JTQHR,0.0009357388,Low,0.018340480281040072,2026-03-30 19:32:06.333434,XGBoost
3146-MSEGF,9.2486014e-05,Low,0.008143393548743915,2026-03-30 19:32:06.333434,XGBoost
3148-AOIQT,5.6937173e-05,Low,0.001420582471655507,2026-03-30 19:32:06.333434,XGBoost
3148-BLQJT,0.77631086,High,15.603848308324816,2026-03-30 19:32:06.333434,XGBoost
3154-CFSZG,0.013174424,Low,1.1863568765111268,2026-03-30 19:32:06.333434,XGBoost
3154-HMWUU,4.0342376e-05,Low,0.0008270187172456644,2026-03-30 19:32:06.333434,XGBoost
3156-QLHBO,8.5928186e-05,Low,0.0016541175864404067,2026-03-30 19:32:06.333434,XGBoost
3158-MOERK,0.9998698,High,95.98750305175781,2026-03-30 19:32:06.333434,XGBoost
3160-TYXLT,0.00011078767,Low,0.005129468978702789,2026-03-30 19:32:06.333434,XGBoost
3161-GETRM,3.043087e-05,Low,0.002740299891956965,2026-03-30 19:32:06.333434,XGBoost
3161-ONRWK,0.00011381006,Low,0.007494392670923843,2026-03-30 19:32:06.333434,XGBoost
3162-KKZXO,0.00016915282,Low,0.01694065451665665,2026-03-30 19:32:06.333434,XGBoost
3162-ZJZFU,9.439823e-05,Low,0.008736556226358516,2026-03-30 19:32:06.333434,XGBoost
3164-AALRN,0.72230035,High,50.56102454662323,2026-03-30 19:32:06.333434,XGBoost
3164-YAXFY,0.0005709937,Low,0.030690911153214984,2026-03-30 19:32:06.333434,XGBoost
3165-HDOEW,0.8497476,High,38.96092737615108,2026-03-30 19:32:06.333434,XGBoost
3166-PNEOF,0.015450593,Low,1.3357037721201779,2026-03-30 19:32:06.333434,XGBoost
3167-SNQPL,0.07759513,Low,7.848747359961272,2026-03-30 19:32:06.333434,XGBoost
3170-GWYKC,0.001273731,Low,0.13367806872120128,2026-03-30 19:32:06.333434,XGBoost
3170-NMYVV,1.3195589e-05,Low,0.00026589112676447254,2026-03-30 19:32:06.333434,XGBoost
3173-NVMPX,0.007684495,Low,0.4249525643419474,2026-03-30 19:32:06.333434,XGBoost
3173-WSSUE,1.7506814e-05,Low,0.00034488424371375003,2026-03-30 19:32:06.333434,XGBoost
3174-AKMAS,0.00015350047,Low,0.009854730195365846,2026-03-30 19:32:06.333434,XGBoost
3174-RKMOW,0.006692638,Low,0.7358555651502684,2026-03-30 19:32:06.333434,XGBoost
3177-LASXD,0.9495438,High,67.74994828402995,2026-03-30 19:32:06.333434,XGBoost
3178-CIFOT,2.2896304e-05,Low,0.00044991236500209193,2026-03-30 19:32:06.333434,XGBoost
3178-FESZO,0.9999397,High,100.2439529299736,2026-03-30 19:32:06.333434,XGBoost
3179-GBRWV,0.00016615487,Low,0.010791759067797103,2026-03-30 19:32:06.333434,XGBoost
3181-MIZBN,0.15417181,Low,3.0448932386934757,2026-03-30 19:32:06.333434,XGBoost
3181-VTHOE,0.033170562,Low,1.6933572022244334,2026-03-30 19:32:06.333434,XGBoost
3186-AJIEK,4.8700276e-05,Low,0.00514518418458465,2026-03-30 19:32:06.333434,XGBoost
3186-BAXNB,0.99828583,High,91.54281061291695,2026-03-30 19:32:06.333434,XGBoost
3190-FZATL,0.002900895,Low,0.057872854534070935,2026-03-30 19:32:06.333434,XGBoost
3190-ITQXP,4.7801976e-05,Low,0.0009679900058472413,2026-03-30 19:32:06.333434,XGBoost
3190-XFANI,0.9977191,High,100.37054237127303,2026-03-30 19:32:06.333434,XGBoost
3191-CSNMG,0.0005226877,Low,0.042180895933415744,2026-03-30 19:32:06.333434,XGBoost
3192-LNKRK,0.099889204,Low,8.39568758830428,2026-03-30 19:32:06.333434,XGBoost
3192-NQECA,0.9993899,High,109.9328875541687,2026-03-30 19:32:06.333434,XGBoost
3194-ORPIK,0.88497144,High,74.69158952236177,2026-03-30 19:32:06.333434,XGBoost
3195-TQDZX,0.0005140731,Low,0.010409980735857971,2026-03-30 19:32:06.333434,XGBoost
3196-NVXLZ,0.00010962121,Low,0.009273954131640493,2026-03-30 19:32:06.333434,XGBoost
3197-ARFOY,0.0006476519,Low,0.06800344999646768,2026-03-30 19:32:06.333434,XGBoost
3197-NNYNB,0.00019565568,Low,0.02056341204443015,2026-03-30 19:32:06.333434,XGBoost
3198-VELRD,0.9986615,High,84.6365636587143,2026-03-30 19:32:06.333434,XGBoost
3199-NPKCN,9.099483e-05,Low,0.010123174670297885,2026-03-30 19:32:06.333434,XGBoost
3199-XGZCY,0.9594471,High,72.1983932107687,2026-03-30 19:32:06.333434,XGBoost
3200-MNQTF,0.017941853,Low,1.2720773799344898,2026-03-30 19:32:06.333434,XGBoost
3205-MXZRA,2.4885197e-05,Low,0.001479424990793632,2026-03-30 19:32:06.333434,XGBoost
3207-OYBWH,0.9995395,High,95.20613685250282,2026-03-30 19:32:06.333434,XGBoost
3208-YPIOE,0.99980956,High,75.23566962778568,2026-03-30 19:32:06.333434,XGBoost
3209-ZPKFI,0.080993354,Low,4.393889471888542,2026-03-30 19:32:06.333434,XGBoost
3211-AAPKX,0.00018893884,Low,0.018619922366633544,2026-03-30 19:32:06.333434,XGBoost
3211-ILJTT,0.4263465,Medium,30.014794349670414,2026-03-30 19:32:06.333434,XGBoost
3212-KXOCR,0.0060780924,Low,0.12763994000852108,2026-03-30 19:32:06.333434,XGBoost
3214-IYUUQ,9.040643e-05,Low,0.008471082404867047,2026-03-30 19:32:06.333434,XGBoost
3217-FZDMN,0.9959279,High,94.06538734734059,2026-03-30 19:32:06.333434,XGBoost
3219-JQRSL,5.3599633e-05,Low,0.004775727322339662,2026-03-30 19:32:06.333434,XGBoost
3221-CJMSG,7.30818e-05,Low,0.003734479939157609,2026-03-30 19:32:06.333434,XGBoost
3223-DWFIO,0.00033516026,Low,0.02324336434394354,2026-03-30 19:32:06.333434,XGBoost
3223-WZWJM,0.9996619,High,83.92161839008331,2026-03-30 19:32:06.333434,XGBoost
3224-DFQNQ,9.797796e-05,Low,0.008720038254978135,2026-03-30 19:32:06.333434,XGBoost
3227-WLKLI,1.1616734e-05,Low,0.0010635119885591849,2026-03-30 19:32:06.333434,XGBoost
3229-USWAR,0.00039006397,Low,0.03118561450392008,2026-03-30 19:32:06.333434,XGBoost
3230-IUALN,0.0011438418,Low,0.09265118348412216,2026-03-30 19:32:06.333434,XGBoost
3230-JCNZS,0.00058556616,Low,0.05797104968223721,2026-03-30 19:32:06.333434,XGBoost
3230-WYKIR,0.038899772,Low,3.189781293272972,2026-03-30 19:32:06.333434,XGBoost
3234-VKACU,0.00021466348,Low,0.015090842623612842,2026-03-30 19:32:06.333434,XGBoost
3235-ETOOB,0.99972063,High,74.47918716073036,2026-03-30 19:32:06.333434,XGBoost
3237-AJGEH,0.8125014,High,25.187542498111725,2026-03-30 19:32:06.333434,XGBoost
3239-TPHPZ,0.008187662,Low,0.16416262066923082,2026-03-30 19:32:06.333434,XGBoost
3243-ZHOHY,0.009931034,Low,0.19961379161104562,2026-03-30 19:32:06.333434,XGBoost
3244-CQPHU,2.8008646e-05,Low,0.0030837519290798808,2026-03-30 19:32:06.333434,XGBoost
3244-DCJWY,0.99563,High,69.94300931692123,2026-03-30 19:32:06.333434,XGBoost
3247-MHJKM,0.08895134,Low,1.7968171045184136,2026-03-30 19:32:06.333434,XGBoost
3247-ZVOUO,0.9998074,High,85.53352455794811,2026-03-30 19:32:06.333434,XGBoost
3249-VHRIP,0.000237962,Low,0.010375143121927976,2026-03-30 19:32:06.333434,XGBoost
3249-ZPQRG,0.9244071,High,72.51973891854287,2026-03-30 19:32:06.333434,XGBoost
3251-YMVWZ,6.343139e-05,Low,0.0015255249541951345,2026-03-30 19:32:06.333434,XGBoost
3253-HKOKL,0.00010220849,Low,0.010251511618844232,2026-03-30 19:32:06.333434,XGBoost
3254-YRILK,0.9352911,High,82.49267603158951,2026-03-30 19:32:06.333434,XGBoost
3255-GRXMG,0.035007503,Low,1.5980925066396594,2026-03-30 19:32:06.333434,XGBoost
3256-EZDBI,0.13807438,Low,4.066290583461523,2026-03-30 19:32:06.333434,XGBoost
3258-SANFR,4.930665e-05,Low,0.0022040072955860526,2026-03-30 19:32:06.333434,XGBoost
3258-SYSWS,5.9340586e-05,Low,0.00675295865512453,2026-03-30 19:32:06.333434,XGBoost
3258-ZKPAI,1.0921414e-05,Low,0.0012734369058307494,2026-03-30 19:32:06.333434,XGBoost
3259-FDWOY,0.9993123,High,105.92710185050964,2026-03-30 19:32:06.333434,XGBoost
3259-KNMRR,0.013126113,Low,1.0468075477983803,2026-03-30 19:32:06.333434,XGBoost
3259-QMXUN,0.00028655722,Low,0.024672576374723573,2026-03-30 19:32:06.333434,XGBoost
3261-CQXOL,1.2192571e-05,Low,0.0003103009415099223,2026-03-30 19:32:06.333434,XGBoost
3262-EIDHV,8.871168e-06,Low,0.0007513879012549296,2026-03-30 19:32:06.333434,XGBoost
3266-FTKHB,1.666637e-05,Low,0.0003191609923305805,2026-03-30 19:32:06.333434,XGBoost
3269-ATYWD,0.8833076,High,84.4883696615696,2026-03-30 19:32:06.333434,XGBoost
3272-VUHPV,0.00016744282,Low,0.00942703078762861,2026-03-30 19:32:06.333434,XGBoost
3274-NSDWE,0.0013041706,Low,0.025561743415892128,2026-03-30 19:32:06.333434,XGBoost
3275-RHRNE,0.0016052916,Low,0.09631749708205462,2026-03-30 19:32:06.333434,XGBoost
3276-HDUEG,0.9448033,High,70.90748747885227,2026-03-30 19:32:06.333434,XGBoost
3278-FSIXX,0.000161736,Low,0.007318553809454897,2026-03-30 19:32:06.333434,XGBoost
3279-DYZQM,4.3918975e-05,Low,0.0008542240691895131,2026-03-30 19:32:06.333434,XGBoost
3280-MRDOF,0.00068547827,Low,0.04736654842854477,2026-03-30 19:32:06.333434,XGBoost
3280-NMUVX,6.616164e-05,Low,0.0012967682065209375,2026-03-30 19:32:06.333434,XGBoost
3282-ZISZV,0.057933062,Low,4.848997315764428,2026-03-30 19:32:06.333434,XGBoost
3283-WCWXT,1.9792007e-05,Low,0.0005027169816457899,2026-03-30 19:32:06.333434,XGBoost
3284-SVCRO,6.685479e-05,Low,0.0017047970759449527,2026-03-30 19:32:06.333434,XGBoost
3285-UCQVC,0.9992781,High,28.579354465007782,2026-03-30 19:32:06.333434,XGBoost
3292-PBZEJ,0.0003353418,Low,0.03735707810265012,2026-03-30 19:32:06.333434,XGBoost
3295-YVUSR,0.0009021209,Low,0.06549397712806239,2026-03-30 19:32:06.333434,XGBoost
3296-SILRA,0.99993193,High,76.39479956626893,2026-03-30 19:32:06.333434,XGBoost
3298-QEICA,0.013421314,Low,0.4643774587661028,2026-03-30 19:32:06.333434,XGBoost
3301-LSLWQ,0.081795394,Low,5.406675571203231,2026-03-30 19:32:06.333434,XGBoost
3301-VKTGC,1.1800163e-05,Low,0.0010089139032061212,2026-03-30 19:32:06.333434,XGBoost
3307-TLCUD,0.0004188947,Low,0.014409977383911608,2026-03-30 19:32:06.333434,XGBoost
3308-DGHKL,1.3107318e-05,Low,0.0002529712452997046,2026-03-30 19:32:06.333434,XGBoost
3308-JSGML,2.177702e-05,Low,0.0013948180897386919,2026-03-30 19:32:06.333434,XGBoost
3308-MHOOC,0.18191057,Low,3.4926830291748048,2026-03-30 19:32:06.333434,XGBoost
3312-UUMZW,0.00021070256,Low,0.020827948530495632,2026-03-30 19:32:06.333434,XGBoost
3312-ZWLGF,0.00018785473,Low,0.014896880379819776,2026-03-30 19:32:06.333434,XGBoost
3313-QKNKB,0.8066572,High,69.00952304005622,2026-03-30 19:32:06.333434,XGBoost
3315-IKYZQ,4.5199336e-06,Low,0.00022961262457101838,2026-03-30 19:32:06.333434,XGBoost
3315-TOTBP,0.65478134,Medium,49.76338195800781,2026-03-30 19:32:06.333434,XGBoost
3316-UWXUY,0.25797543,Low,24.120702639222145,2026-03-30 19:32:06.333434,XGBoost
3317-HRTNN,0.88367385,High,40.38389479517937,2026-03-30 19:32:06.333434,XGBoost
3317-VLGQT,0.7664822,High,59.86225782036781,2026-03-30 19:32:06.333434,XGBoost
3318-ISQFQ,6.3315725e-05,Low,0.0012346566400083248,2026-03-30 19:32:06.333434,XGBoost
3318-NMQXL,0.0003305316,Low,0.030408906401135027,2026-03-30 19:32:06.333434,XGBoost
3318-OSATS,0.9995827,High,95.41016946732998,2026-03-30 19:32:06.333434,XGBoost
3319-DWOEP,0.99970144,High,95.72141291201115,2026-03-30 19:32:06.333434,XGBoost
3320-VEOYC,0.46523306,Medium,44.4762803196907,2026-03-30 19:32:06.333434,XGBoost
3323-CPBWR,0.00012628958,Low,0.012237460506730713,2026-03-30 19:32:06.333434,XGBoost
3324-OIRTO,0.007854674,Low,0.8219916353002191,2026-03-30 19:32:06.333434,XGBoost
3325-FUYCG,0.9992304,High,106.01834383010863,2026-03-30 19:32:06.333434,XGBoost
3327-YBAKM,3.1574185e-05,Low,0.003059538566594711,2026-03-30 19:32:06.333434,XGBoost
3329-WDIOK,0.999647,High,50.58213927745819,2026-03-30 19:32:06.333434,XGBoost
3331-HQDTW,0.09757792,Low,10.714055840671062,2026-03-30 19:32:06.333434,XGBoost
3334-CTHOL,0.9380833,High,46.85726038813591,2026-03-30 19:32:06.333434,XGBoost
3336-JORSO,0.94426465,High,104.29403063058854,2026-03-30 19:32:06.333434,XGBoost
3338-CVVEH,0.0011741589,Low,0.11101672232616693,2026-03-30 19:32:06.333434,XGBoost
3339-EAQNV,0.03654968,Low,3.5544563736766577,2026-03-30 19:32:06.333434,XGBoost
3340-QBBFM,8.231705e-05,Low,0.0044533523243444504,2026-03-30 19:32:06.333434,XGBoost
3345-JHUEO,0.0006930197,Low,0.013998998189345002,2026-03-30 19:32:06.333434,XGBoost
3345-PBBFH,0.00031731089,Low,0.015722754366288425,2026-03-30 19:32:06.333434,XGBoost
3346-BRMIS,0.9996209,High,48.3316712141037,2026-03-30 19:32:06.333434,XGBoost
3347-YJZZE,0.0004873354,Low,0.03903556590958032,2026-03-30 19:32:06.333434,XGBoost
3348-CFRNX,0.894645,High,82.62046350240706,2026-03-30 19:32:06.333434,XGBoost
3349-ANQNH,0.00023074112,Low,0.022958741399634164,2026-03-30 19:32:06.333434,XGBoost
3351-NGXYI,0.0017493998,Low,0.0946425300789997,2026-03-30 19:32:06.333434,XGBoost
3351-NQLDI,0.9987882,High,94.2356645911932,2026-03-30 19:32:06.333434,XGBoost
3352-ALMCK,0.00022242546,Low,0.02283197313445271,2026-03-30 19:32:06.333434,XGBoost
3352-RICWQ,7.155467e-05,Low,0.0014132047381281154,2026-03-30 19:32:06.333434,XGBoost
3354-OADJP,0.047182627,Low,2.5596575159579515,2026-03-30 19:32:06.333434,XGBoost
3359-DSRKA,8.5183965e-05,Low,0.0016909017049329125,2026-03-30 19:32:06.333434,XGBoost
3363-DTIVD,6.14368e-05,Low,0.006484653858569799,2026-03-30 19:32:06.333434,XGBoost
3363-EWLGO,0.054774456,Low,1.0927503917366266,2026-03-30 19:32:06.333434,XGBoost
3365-SAIGS,0.00018333789,Low,0.015317880871589295,2026-03-30 19:32:06.333434,XGBoost
3370-GQEAL,7.247274e-05,Low,0.006192795918468619,2026-03-30 19:32:06.333434,XGBoost
3370-HXOPH,0.00035389917,Low,0.02693172708095517,2026-03-30 19:32:06.333434,XGBoost
3372-CDXFJ,0.00019805877,Low,0.004852439851674717,2026-03-30 19:32:06.333434,XGBoost
3372-KWFBM,0.9989712,High,86.5109079837799,2026-03-30 19:32:06.333434,XGBoost
3373-DIUUN,7.549028e-05,Low,0.001604168437552289,2026-03-30 19:32:06.333434,XGBoost
3373-YZZYM,0.0001511918,Low,0.0029028824530541895,2026-03-30 19:32:06.333434,XGBoost
3374-LXDEV,0.9147612,High,81.77964999675751,2026-03-30 19:32:06.333434,XGBoost
3374-PZLXD,0.0056298245,Low,0.11090754214674234,2026-03-30 19:32:06.333434,XGBoost
3374-TTZTK,0.0007156555,Low,0.07607418044935911,2026-03-30 19:32:06.333434,XGBoost
3376-BMGFE,0.12004116,Low,8.51091836988926,2026-03-30 19:32:06.333434,XGBoost
3378-AJRAO,0.00023288968,Low,0.005787308567232686,2026-03-30 19:32:06.333434,XGBoost
3384-CTMSF,0.18748695,Low,19.517391139268874,2026-03-30 19:32:06.333434,XGBoost
3387-PLKUI,0.011025918,Low,0.2072872530668974,2026-03-30 19:32:06.333434,XGBoost
3387-VATUS,0.9931079,High,94.19628573060035,2026-03-30 19:32:06.333434,XGBoost
3389-KTRXV,0.00411897,Low,0.09823743759188802,2026-03-30 19:32:06.333434,XGBoost
3389-YGYAI,0.9063822,High,95.6233224272728,2026-03-30 19:32:06.333434,XGBoost
3391-JSQEW,0.053364716,Low,2.6762405309826134,2026-03-30 19:32:06.333434,XGBoost
3392-EHMNK,1.0126002e-05,Low,0.0009528567931738507,2026-03-30 19:32:06.333434,XGBoost
3393-FMZPV,0.9507874,High,95.31643936038017,2026-03-30 19:32:06.333434,XGBoost
3396-DKDEL,0.026115714,Low,3.0072244257666174,2026-03-30 19:32:06.333434,XGBoost
3397-AVTKU,0.044599995,Low,2.675999701023102,2026-03-30 19:32:06.333434,XGBoost
3398-FSHON,0.99910575,High,91.21835511326789,2026-03-30 19:32:06.333434,XGBoost
3398-GCPMU,0.00012141876,Low,0.01087304975844745,2026-03-30 19:32:06.333434,XGBoost
3398-ZOUAA,0.71476036,High,49.38994109034538,2026-03-30 19:32:06.333434,XGBoost
3399-BMLVW,0.00533451,Low,0.32273785513825715,2026-03-30 19:32:06.333434,XGBoost
3400-ESFUW,0.57579714,Medium,33.137125441432,2026-03-30 19:32:06.333434,XGBoost
3401-URHDA,0.0002067453,Low,0.012384043615020346,2026-03-30 19:32:06.333434,XGBoost
3402-XRIUO,0.00045241136,Low,0.02875074199400842,2026-03-30 19:32:06.333434,XGBoost
3404-JNXAX,8.4522246e-05,Low,0.006825171343734837,2026-03-30 19:32:06.333434,XGBoost
3407-JMJQQ,2.2634697e-05,Low,0.0024671819192008115,2026-03-30 19:32:06.333434,XGBoost
3407-QGWLG,0.009025946,Low,0.18097022250294686,2026-03-30 19:32:06.333434,XGBoost
3410-MHHUM,0.0122078275,Low,1.1524189189076424,2026-03-30 19:32:06.333434,XGBoost
3410-YOQBQ,0.0057347715,Low,0.45419390201568605,2026-03-30 19:32:06.333434,XGBoost
3411-WLRSQ,0.0004135628,Low,0.03085178573383018,2026-03-30 19:32:06.333434,XGBoost
3413-BMNZE,0.00022242377,Low,0.010064675534522394,2026-03-30 19:32:06.333434,XGBoost
3413-CSSTH,0.00021714446,Low,0.012094946691649967,2026-03-30 19:32:06.333434,XGBoost
3413-DHLPB,0.00014415453,Low,0.014956032682675868,2026-03-30 19:32:06.333434,XGBoost
3415-TAILE,0.9985971,High,65.60782851576805,2026-03-30 19:32:06.333434,XGBoost
3417-TSCIC,3.0234372e-05,Low,0.0007513241538617877,2026-03-30 19:32:06.333434,XGBoost
3419-SNJJD,0.99983585,High,105.23272308707237,2026-03-30 19:32:06.333434,XGBoost
3420-YJLQT,0.0017365722,Low,0.1381443221005611,2026-03-30 19:32:06.333434,XGBoost
3420-ZDBMA,0.00018661113,Low,0.013333365023572697,2026-03-30 19:32:06.333434,XGBoost
3422-GALYP,0.43934274,Medium,34.90578047037125,2026-03-30 19:32:06.333434,XGBoost
3422-LYEPQ,0.99923587,High,70.94574666023254,2026-03-30 19:32:06.333434,XGBoost
3422-WJOYD,0.1520253,Low,8.262574907392263,2026-03-30 19:32:06.333434,XGBoost
3423-HHXAO,0.0003786908,Low,0.007384470707620494,2026-03-30 19:32:06.333434,XGBoost
3424-NMNBO,0.99932766,High,108.77681574821472,2026-03-30 19:32:06.333434,XGBoost
3426-NIYYL,0.96683073,High,49.84012415409088,2026-03-30 19:32:06.333434,XGBoost
3427-GGZZI,0.21941262,Low,19.549664872884748,2026-03-30 19:32:06.333434,XGBoost
3428-MMGUB,0.024165884,Low,2.1640548817813396,2026-03-30 19:32:06.333434,XGBoost
3428-XZMAZ,0.9996835,High,69.32805067896842,2026-03-30 19:32:06.333434,XGBoost
3429-IFLEM,5.6539324e-05,Low,0.004373316699820861,2026-03-30 19:32:06.333434,XGBoost
3439-GVUSX,0.075294904,Low,1.8371956676244734,2026-03-30 19:32:06.333434,XGBoost
3440-JPSCL,0.99946445,High,99.89647200405598,2026-03-30 19:32:06.333434,XGBoost
3441-CGZJH,0.00021540877,Low,0.013010689744260161,2026-03-30 19:32:06.333434,XGBoost
3442-ZHHCC,7.589875e-05,Low,0.005836614003783325,2026-03-30 19:32:06.333434,XGBoost
3445-HXXGF,0.9999206,High,45.29640347957611,2026-03-30 19:32:06.333434,XGBoost
3446-QDSZF,0.124888726,Low,6.931324269622564,2026-03-30 19:32:06.333434,XGBoost
3450-WXOAT,0.04009223,Low,1.8121687889099123,2026-03-30 19:32:06.333434,XGBoost
3451-VAWLI,3.5029698e-05,Low,0.0006900850457896013,2026-03-30 19:32:06.333434,XGBoost
3452-ABWRL,0.11964227,Low,10.295217556506396,2026-03-30 19:32:06.333434,XGBoost
3452-FLHYD,0.038897343,Low,0.8148993354290723,2026-03-30 19:32:06.333434,XGBoost
3452-GWUIN,0.00023540703,Low,0.022351897606858986,2026-03-30 19:32:06.333434,XGBoost
3452-SRFEG,0.05350519,Low,3.9914871528744693,2026-03-30 19:32:06.333434,XGBoost
3453-RTHJQ,0.00024653025,Low,0.017035240496625192,2026-03-30 19:32:06.333434,XGBoost
3454-JFUBC,1.3971284e-05,Low,0.0002794256761262659,2026-03-30 19:32:06.333434,XGBoost
3457-PQBYH,0.0008444251,Low,0.017141829821048307,2026-03-30 19:32:06.333434,XGBoost
3458-IDMFK,0.0033138113,Low,0.06876158370869234,2026-03-30 19:32:06.333434,XGBoost
3460-TJBWI,5.892427e-06,Low,0.00014259673334890977,2026-03-30 19:32:06.333434,XGBoost
3462-BJQQA,0.00031236914,Low,0.028035130511852913,2026-03-30 19:32:06.333434,XGBoost
3466-BYAVD,5.128733e-05,Low,0.0035644694544316735,2026-03-30 19:32:06.333434,XGBoost
3466-RITXD,0.27634588,Low,25.534359204769135,2026-03-30 19:32:06.333434,XGBoost
3466-WAESX,0.29524782,Low,20.401624569296835,2026-03-30 19:32:06.333434,XGBoost
3468-DRVQJ,5.5862387e-05,Low,0.003927125802147202,2026-03-30 19:32:06.333434,XGBoost
3470-BTGQO,4.8494556e-05,Low,0.0022137764728540786,2026-03-30 19:32:06.333434,XGBoost
3470-OBUET,3.454786e-05,Low,0.002556541519879829,2026-03-30 19:32:06.333434,XGBoost
3472-OAOOR,0.03252301,Low,1.1366791969165206,2026-03-30 19:32:06.333434,XGBoost
3472-QPRCH,4.140213e-06,Low,0.00010454038203988603,2026-03-30 19:32:06.333434,XGBoost
3473-XIIIT,0.92316425,High,92.31642484664917,2026-03-30 19:32:06.333434,XGBoost
3474-BAFSJ,0.04003166,Low,2.301820470020175,2026-03-30 19:32:06.333434,XGBoost
3481-JHUZH,7.232693e-05,Low,0.00580423638530192,2026-03-30 19:32:06.333434,XGBoost
3482-ABPKK,1.1498478e-05,Low,0.0006243673424251028,2026-03-30 19:32:06.333434,XGBoost
3486-HOOGQ,3.0577612e-06,Low,0.0002437035680486588,2026-03-30 19:32:06.333434,XGBoost
3486-KHMLI,5.372567e-05,Low,0.0013270240742713213,2026-03-30 19:32:06.333434,XGBoost
3486-NPGST,8.901444e-05,Low,0.001740232234078576,2026-03-30 19:32:06.333434,XGBoost
3487-EARAT,5.8749883e-05,Low,0.004353366364739486,2026-03-30 19:32:06.333434,XGBoost
3488-PGMQJ,0.8704804,High,64.85079115629196,2026-03-30 19:32:06.333434,XGBoost
3489-HHPFY,0.35504624,Low,29.841636680066586,2026-03-30 19:32:06.333434,XGBoost
3489-VSFRD,5.9749593e-05,Low,0.003599912964091345,2026-03-30 19:32:06.333434,XGBoost
3494-JCHRQ,0.92948604,High,65.11049684286117,2026-03-30 19:32:06.333434,XGBoost
3496-LFSZU,0.2702469,Low,19.05240596830845,2026-03-30 19:32:06.333434,XGBoost
3498-LZGQZ,6.273711e-05,Low,0.0012014156924124108,2026-03-30 19:32:06.333434,XGBoost
3500-NSDOA,1.0749614e-05,Low,0.0007610726977873127,2026-03-30 19:32:06.333434,XGBoost
3500-RMZLT,0.8740651,High,84.17246924042702,2026-03-30 19:32:06.333434,XGBoost
3503-TYDAY,0.0008299624,Low,0.06677047292760108,2026-03-30 19:32:06.333434,XGBoost
3506-LCJDC,0.3352514,Low,6.68826524913311,2026-03-30 19:32:06.333434,XGBoost
3506-OVLKD,0.059870254,Low,1.5686006613075734,2026-03-30 19:32:06.333434,XGBoost
3507-GASNP,0.00024640688,Low,0.004915817297296598,2026-03-30 19:32:06.333434,XGBoost
3508-CFVZL,5.747517e-05,Low,0.006396986246545566,2026-03-30 19:32:06.333434,XGBoost
3508-VLHCZ,0.00017511712,Low,0.015856855408492264,2026-03-30 19:32:06.333434,XGBoost
3509-GWQGF,0.13521288,Low,9.464901834726334,2026-03-30 19:32:06.333434,XGBoost
3511-APPBJ,6.467147e-05,Low,0.006463913312836667,2026-03-30 19:32:06.333434,XGBoost
3511-BFTJW,4.3703476e-05,Low,0.0016825838247314095,2026-03-30 19:32:06.333434,XGBoost
3512-IZIKN,0.9937914,High,64.89457851052283,2026-03-30 19:32:06.333434,XGBoost
3518-FSTWG,5.0052902e-05,Low,0.005483295438716595,2026-03-30 19:32:06.333434,XGBoost
3518-PZXZQ,0.0043137087,Low,0.2385480938013643,2026-03-30 19:32:06.333434,XGBoost
3519-ZKXGG,0.8810956,High,66.83110036551952,2026-03-30 19:32:06.333434,XGBoost
3520-FJGCV,0.00029273776,Low,0.03296227228711359,2026-03-30 19:32:06.333434,XGBoost
3521-HTQTV,6.148433e-05,Low,0.0016047410186729395,2026-03-30 19:32:06.333434,XGBoost
3521-MNKLV,2.3148063e-05,Low,0.0011504587117087796,2026-03-30 19:32:06.333434,XGBoost
3521-SYVOR,0.7138895,High,46.2243438065052,2026-03-30 19:32:06.333434,XGBoost
3522-CDKHF,0.22818333,Low,17.22784134745598,2026-03-30 19:32:06.333434,XGBoost
3523-BRGUW,8.254582e-06,Low,0.00015931343450574788,2026-03-30 19:32:06.333434,XGBoost
3523-QRQLL,0.99964726,High,69.47548454999924,2026-03-30 19:32:06.333434,XGBoost
3524-WQDSG,0.051774573,Low,5.141215057298541,2026-03-30 19:32:06.333434,XGBoost
3525-DVKFN,2.3171451e-05,Low,0.0004495261528063565,2026-03-30 19:32:06.333434,XGBoost
3528-HFRIQ,4.3638258e-05,Low,0.0022822808892669854,2026-03-30 19:32:06.333434,XGBoost
3530-CRZSB,0.0011767923,Low,0.024300761270569637,2026-03-30 19:32:06.333434,XGBoost
3530-VWVGU,0.00017535522,Low,0.0034895688891992903,2026-03-30 19:32:06.333434,XGBoost
3533-UVMOM,1.6583626e-05,Low,0.0011766082893700514,2026-03-30 19:32:06.333434,XGBoost
3536-IQCTX,0.92351174,High,78.7755517244339,2026-03-30 19:32:06.333434,XGBoost
3537-HPKQT,0.00022394698,Low,0.017411877375707263,2026-03-30 19:32:06.333434,XGBoost
3537-RYBHH,0.12353608,Low,8.332508604228497,2026-03-30 19:32:06.333434,XGBoost
3538-WZPHD,0.5534451,Medium,16.381974983215333,2026-03-30 19:32:06.333434,XGBoost
3540-RZJYU,0.9994241,High,86.15035741329193,2026-03-30 19:32:06.333434,XGBoost
3541-ZNUHK,0.0699794,Low,5.955246892571449,2026-03-30 19:32:06.333434,XGBoost
3544-FBCAS,0.0007303603,Low,0.061058119079098104,2026-03-30 19:32:06.333434,XGBoost
3545-CNWRG,9.990974e-05,Low,0.009826122852246044,2026-03-30 19:32:06.333434,XGBoost
3546-GHEAE,2.6676265e-05,Low,0.000518853362154914,2026-03-30 19:32:06.333434,XGBoost
3547-LQRIK,9.167487e-05,Low,0.002466053965326864,2026-03-30 19:32:06.333434,XGBoost
3549-ZTMNH,0.0020892723,Low,0.05014253407716751,2026-03-30 19:32:06.333434,XGBoost
3550-SAHFP,0.82465243,High,68.73478032350539,2026-03-30 19:32:06.333434,XGBoost
3551-GAEGL,0.0004447762,Low,0.013521196600049733,2026-03-30 19:32:06.333434,XGBoost
3551-HUAZH,0.9994153,High,74.35649671554566,2026-03-30 19:32:06.333434,XGBoost
3552-CTCYF,9.247939e-06,Low,0.0009691839630249887,2026-03-30 19:32:06.333434,XGBoost
3556-BVQGL,0.0020548403,Low,0.04109680652618408,2026-03-30 19:32:06.333434,XGBoost
3557-HTYWR,0.019050743,Low,1.4107075510546565,2026-03-30 19:32:06.333434,XGBoost
3563-SVYLG,4.1126546e-06,Low,0.00025765780762867504,2026-03-30 19:32:06.333434,XGBoost
3565-UNOCC,0.99939716,High,98.99028856158256,2026-03-30 19:32:06.333434,XGBoost
3566-CAAYU,0.00023260631,Low,0.01159542461973615,2026-03-30 19:32:06.333434,XGBoost
3566-HJGPK,0.0004450506,Low,0.020272054595989172,2026-03-30 19:32:06.333434,XGBoost
3566-VVORZ,0.00012830869,Low,0.005889368845964782,2026-03-30 19:32:06.333434,XGBoost
3567-PQTSO,0.00014751515,Low,0.015525969662121497,2026-03-30 19:32:06.333434,XGBoost
3569-EDBPQ,0.00019496756,Low,0.016445514049701158,2026-03-30 19:32:06.333434,XGBoost
3569-JFODW,0.00042645517,Low,0.03878609753446654,2026-03-30 19:32:06.333434,XGBoost
3569-VLDHH,0.00025364055,Low,0.019048405441571957,2026-03-30 19:32:06.333434,XGBoost
3570-YUEKJ,7.030796e-05,Low,0.003483759258233476,2026-03-30 19:32:06.333434,XGBoost
3571-DPYUH,4.146948e-05,Low,0.003927159802697133,2026-03-30 19:32:06.333434,XGBoost
3571-RFHAR,0.9978108,High,108.91104674637319,2026-03-30 19:32:06.333434,XGBoost
3572-UOLYZ,1.2418482e-05,Low,0.0010530872459639795,2026-03-30 19:32:06.333434,XGBoost
3572-UUHRS,0.058058836,Low,1.0944090504199266,2026-03-30 19:32:06.333434,XGBoost
3577-AMVUX,0.0024956819,Low,0.13738728677853942,2026-03-30 19:32:06.333434,XGBoost
3580-GICBM,3.225939e-05,Low,0.0007806772729963995,2026-03-30 19:32:06.333434,XGBoost
3580-HYCSP,0.0002801204,Low,0.03089728122577071,2026-03-30 19:32:06.333434,XGBoost
3580-REOAC,0.9991161,High,44.81035810410977,2026-03-30 19:32:06.333434,XGBoost
3583-EKAPL,0.9824594,High,54.03526842594147,2026-03-30 19:32:06.333434,XGBoost
3583-KRKMD,7.236757e-05,Low,0.005492698515445227,2026-03-30 19:32:06.333434,XGBoost
3584-WKTTW,8.372207e-05,Low,0.009339197165536462,2026-03-30 19:32:06.333434,XGBoost
3585-ISXZP,0.99971193,High,95.62244617640972,2026-03-30 19:32:06.333434,XGBoost
3585-YNADK,0.045913428,Low,3.425141733884811,2026-03-30 19:32:06.333434,XGBoost
3587-PMCOY,0.0005871844,Low,0.05807253613020294,2026-03-30 19:32:06.333434,XGBoost
3588-WSTTJ,0.0002571947,Low,0.02547513618337689,2026-03-30 19:32:06.333434,XGBoost
3589-PPVKW,9.558357e-05,Low,0.00424391056294553,2026-03-30 19:32:06.333434,XGBoost
3590-TCXTB,6.113768e-05,Low,0.0012441518239938887,2026-03-30 19:32:06.333434,XGBoost
3594-BDSOA,0.0015071133,Low,0.030745112104341384,2026-03-30 19:32:06.333434,XGBoost
3594-IVHJZ,2.4951236e-05,Low,0.0005102527741655649,2026-03-30 19:32:06.333434,XGBoost
3594-KADLU,0.0021470166,Low,0.07536028199829162,2026-03-30 19:32:06.333434,XGBoost
3594-UVONA,0.9992906,High,85.88902582526207,2026-03-30 19:32:06.333434,XGBoost
3597-MVHJT,0.0005807548,Low,0.05552015614230185,2026-03-30 19:32:06.333434,XGBoost
3597-YASZG,0.0005635666,Low,0.058864528546109796,2026-03-30 19:32:06.333434,XGBoost
3604-WLABM,0.000687919,Low,0.03731960439472459,2026-03-30 19:32:06.333434,XGBoost
3605-JISKB,0.09760243,Low,5.856145620346069,2026-03-30 19:32:06.333434,XGBoost
3606-SBKRY,0.00017002311,Low,0.00850965654462925,2026-03-30 19:32:06.333434,XGBoost
3606-TWKGI,0.9988574,High,106.7778538107872,2026-03-30 19:32:06.333434,XGBoost
3612-YUNGG,9.055941e-06,Low,0.0009889087144983933,2026-03-30 19:32:06.333434,XGBoost
3612-YVGSJ,0.0056014005,Low,0.13695424245670437,2026-03-30 19:32:06.333434,XGBoost
3617-XLSGQ,3.833725e-05,Low,0.004188344547401357,2026-03-30 19:32:06.333434,XGBoost
3620-EHIMZ,0.013805736,Low,0.26714098881930115,2026-03-30 19:32:06.333434,XGBoost
3620-MWJNE,0.3297594,Low,17.955398739874365,2026-03-30 19:32:06.333434,XGBoost
3621-CEOVK,0.9995889,High,100.1588084578514,2026-03-30 19:32:06.333434,XGBoost
3621-CHYVB,0.047079183,Low,2.349251239746809,2026-03-30 19:32:06.333434,XGBoost
3623-FQBOX,0.0001663145,Low,0.003317974154924741,2026-03-30 19:32:06.333434,XGBoost
3627-FCRDW,0.99862695,High,70.90251326560974,2026-03-30 19:32:06.333434,XGBoost
3627-FHKBK,0.9991798,High,75.23823747038841,2026-03-30 19:32:06.333434,XGBoost
3629-WEAAM,0.00023345038,Low,0.014964169397717341,2026-03-30 19:32:06.333434,XGBoost
3629-ZNKXA,0.00032232585,Low,0.032812771899625656,2026-03-30 19:32:06.333434,XGBoost
3633-CDBUW,2.5486204e-05,Low,0.0020605596194400275,2026-03-30 19:32:06.333434,XGBoost
3635-JBPSG,0.00017837655,Low,0.00692101003951393,2026-03-30 19:32:06.333434,XGBoost
3635-QQRQD,0.00023505537,Low,0.004712860159634147,2026-03-30 19:32:06.333434,XGBoost
3638-DIMPH,0.000845564,Low,0.0370357034378685,2026-03-30 19:32:06.333434,XGBoost
3638-VBZTA,2.1811773e-05,Low,0.0018867183616748662,2026-03-30 19:32:06.333434,XGBoost
3638-WEABW,2.099905e-05,Low,0.001257843114217394,2026-03-30 19:32:06.333434,XGBoost
3639-XJHKQ,0.00024901473,Low,0.015090292686363683,2026-03-30 19:32:06.333434,XGBoost
3640-JQGJG,0.00017174995,Low,0.007694397959858179,2026-03-30 19:32:06.333434,XGBoost
3640-PHQXK,0.9970124,High,89.63141267299653,2026-03-30 19:32:06.333434,XGBoost
3642-BYHDO,1.2557629e-05,Low,0.0002498968152394809,2026-03-30 19:32:06.333434,XGBoost
3642-GKTCT,5.8972044e-05,Low,0.00678768225479871,2026-03-30 19:32:06.333434,XGBoost
3643-AHCFP,0.9997478,High,95.57589089870453,2026-03-30 19:32:06.333434,XGBoost
3644-QXEHN,0.0009630329,Low,0.09341418993426487,2026-03-30 19:32:06.333434,XGBoost
3645-DEYGF,0.0014320163,Low,0.02971433737548068,2026-03-30 19:32:06.333434,XGBoost
3646-ITDGM,0.000102244856,Low,0.002014223662263248,2026-03-30 19:32:06.333434,XGBoost
3647-GMGDH,0.7960215,High,75.38323804736137,2026-03-30 19:32:06.333434,XGBoost
3648-GZPHF,3.7520087e-05,Low,0.0013601031560028787,2026-03-30 19:32:06.333434,XGBoost
3649-JPUGY,2.3844952e-05,Low,0.002112662748186267,2026-03-30 19:32:06.333434,XGBoost
3653-NCRDJ,0.0023816526,Low,0.04572772979736328,2026-03-30 19:32:06.333434,XGBoost
3654-ARMGP,0.004081715,Low,0.36184402573853736,2026-03-30 19:32:06.333434,XGBoost
3655-SNQYZ,9.238059e-05,Low,0.010462102138262708,2026-03-30 19:32:06.333434,XGBoost
3656-TKRVZ,0.9320837,High,51.590834230184555,2026-03-30 19:32:06.333434,XGBoost
3657-COGMW,0.05660707,Low,6.119224408641458,2026-03-30 19:32:06.333434,XGBoost
3658-KIBGF,0.9966247,High,54.714696478843685,2026-03-30 19:32:06.333434,XGBoost
3658-QQJYD,0.018419636,Low,1.3685789855197072,2026-03-30 19:32:06.333434,XGBoost
3662-FXJFO,7.420463e-05,Low,0.001521194961242145,2026-03-30 19:32:06.333434,XGBoost
3663-MITLP,0.99869967,High,101.11834108829498,2026-03-30 19:32:06.333434,XGBoost
3665-JATSN,0.18332951,Low,7.278181456029416,2026-03-30 19:32:06.333434,XGBoost
3668-QPYBK,0.9982309,High,53.754732593894005,2026-03-30 19:32:06.333434,XGBoost
3669-LVWZB,0.9989317,High,50.945517003536224,2026-03-30 19:32:06.333434,XGBoost
3669-OYSJI,0.7217635,High,33.3454733133316,2026-03-30 19:32:06.333434,XGBoost
3669-WHAFY,9.664342e-05,Low,0.011128490227929434,2026-03-30 19:32:06.333434,XGBoost
3671-SHRSP,0.9996038,High,80.56806691884994,2026-03-30 19:32:06.333434,XGBoost
3672-YITQD,0.94345653,High,79.34469422101974,2026-03-30 19:32:06.333434,XGBoost
3675-EQOZA,0.00071639585,Low,0.01479357431817334,2026-03-30 19:32:06.333434,XGBoost
3675-YDUPJ,0.00034902824,Low,0.006928210558544379,2026-03-30 19:32:06.333434,XGBoost
3677-IYRBF,0.9998764,High,30.396241950988767,2026-03-30 19:32:06.333434,XGBoost
3677-TNKIO,0.9943963,High,70.60213935375214,2026-03-30 19:32:06.333434,XGBoost
3678-MNGZX,3.5442707e-05,Low,0.000707081996188208,2026-03-30 19:32:06.333434,XGBoost
3679-XASPY,0.00086631527,Low,0.016849831989384254,2026-03-30 19:32:06.333434,XGBoost
3680-CTHUH,0.03287235,Low,3.832915896177292,2026-03-30 19:32:06.333434,XGBoost
3682-YEUWS,0.00011493699,Low,0.0028044626233167946,2026-03-30 19:32:06.333434,XGBoost
3683-QKIUE,0.9972319,High,50.65938055515289,2026-03-30 19:32:06.333434,XGBoost
3685-YLCMQ,0.8213595,High,85.95527326464654,2026-03-30 19:32:06.333434,XGBoost
3688-FTHLT,0.21936814,Low,13.831161534041165,2026-03-30 19:32:06.333434,XGBoost
3689-MOZGR,0.00011798365,Low,0.0036810897930990905,2026-03-30 19:32:06.333434,XGBoost
3692-JHONH,0.0002885041,Low,0.030725685428478755,2026-03-30 19:32:06.333434,XGBoost
3694-DELSO,0.00013375121,Low,0.005156109053496038,2026-03-30 19:32:06.333434,XGBoost
3694-GLTJM,0.00010135575,Low,0.001991640457708854,2026-03-30 19:32:06.333434,XGBoost
3696-DFHHB,1.4306527e-05,Low,0.0003648164433798229,2026-03-30 19:32:06.333434,XGBoost
3696-XRIEN,0.035278372,Low,2.9104657284915447,2026-03-30 19:32:06.333434,XGBoost
3701-SFMUH,2.878107e-05,Low,0.002006040634478268,2026-03-30 19:32:06.333434,XGBoost
3703-KBKZP,0.00026102553,Low,0.019433350885810798,2026-03-30 19:32:06.333434,XGBoost
3703-TTEPD,0.00013598148,Low,0.008886389574036,2026-03-30 19:32:06.333434,XGBoost
3703-VAVCL,0.9997634,High,89.97870862483978,2026-03-30 19:32:06.333434,XGBoost
3704-IEAXF,1.3920704e-05,Low,0.000746845773755922,2026-03-30 19:32:06.333434,XGBoost
3705-PSNGL,0.9974361,High,20.347696566581725,2026-03-30 19:32:06.333434,XGBoost
3705-RHRFR,0.00025153908,Low,0.024940099845116494,2026-03-30 19:32:06.333434,XGBoost
3707-GNWHM,0.99973434,High,74.23027490079403,2026-03-30 19:32:06.333434,XGBoost
3707-LRWZD,0.77753115,High,65.35149290561675,2026-03-30 19:32:06.333434,XGBoost
3709-OIJEA,0.00012204244,Low,0.010398015743703581,2026-03-30 19:32:06.333434,XGBoost
3712-PKXZA,2.9306786e-05,Low,0.0006022544526786078,2026-03-30 19:32:06.333434,XGBoost
3714-JTVOV,0.9986726,High,74.05157362818719,2026-03-30 19:32:06.333434,XGBoost
3714-NTNFO,0.1119097,Low,9.45636985450983,2026-03-30 19:32:06.333434,XGBoost
3714-XPXBW,0.0005874349,Low,0.046348614821908996,2026-03-30 19:32:06.333434,XGBoost
3716-BDVDB,0.99969614,High,69.07900296449661,2026-03-30 19:32:06.333434,XGBoost
3716-LRGXK,0.0002753912,Low,0.027855821113917045,2026-03-30 19:32:06.333434,XGBoost
3716-UVSPD,0.0009864626,Low,0.04863260496640578,2026-03-30 19:32:06.333434,XGBoost
3717-FDJFU,0.007821286,Low,0.15994530068710447,2026-03-30 19:32:06.333434,XGBoost
3717-LNXKW,0.00079679943,Low,0.07306650787359104,2026-03-30 19:32:06.333434,XGBoost
3717-OEAUQ,0.00018826625,Low,0.013310423682560213,2026-03-30 19:32:06.333434,XGBoost
3717-OFRTN,0.00059155584,Low,0.011683227901812643,2026-03-30 19:32:06.333434,XGBoost
3719-TDVQB,9.922244e-05,Low,0.0018802651946316473,2026-03-30 19:32:06.333434,XGBoost
3720-DBRWL,5.8968388e-05,Low,0.0049444993126598995,2026-03-30 19:32:06.333434,XGBoost
3721-CNEYS,0.9977223,High,70.7883991509676,2026-03-30 19:32:06.333434,XGBoost
3721-CNZHX,0.000117441385,Low,0.0023253394159837627,2026-03-30 19:32:06.333434,XGBoost
3721-WKIIL,7.284003e-05,Low,0.0014276645175414161,2026-03-30 19:32:06.333434,XGBoost
3722-WPXTK,0.9968172,High,88.06879710853099,2026-03-30 19:32:06.333434,XGBoost
3723-BFBGR,8.026439e-05,Low,0.004398488666629418,2026-03-30 19:32:06.333434,XGBoost
3724-BSCVH,0.00013704052,Low,0.002802478685771348,2026-03-30 19:32:06.333434,XGBoost
3724-UCSHY,0.000120507066,Low,0.0023559131350339158,2026-03-30 19:32:06.333434,XGBoost
3726-TBHQT,2.3165132e-05,Low,0.0026408250487293117,2026-03-30 19:32:06.333434,XGBoost
3727-JEZTU,0.0006163371,Low,0.012573277135379611,2026-03-30 19:32:06.333434,XGBoost
3727-OVPRY,1.4515849e-05,Low,0.0003730573248503788,2026-03-30 19:32:06.333434,XGBoost
3727-OWVYD,0.019057058,Low,1.1662919372320175,2026-03-30 19:32:06.333434,XGBoost
3727-RJMEO,0.91253775,High,75.60375288426876,2026-03-30 19:32:06.333434,XGBoost
3729-OWRVL,0.15820183,Low,17.457571785897017,2026-03-30 19:32:06.333434,XGBoost
3733-LSYCE,0.9130553,High,68.79871690869331,2026-03-30 19:32:06.333434,XGBoost
3733-UOCWF,4.943476e-05,Low,0.0042291436062441784,2026-03-30 19:32:06.333434,XGBoost
3733-ZEECP,7.694846e-05,Low,0.00393206637527328,2026-03-30 19:32:06.333434,XGBoost
3736-BLEPA,0.00025611164,Low,0.023370187300315592,2026-03-30 19:32:06.333434,XGBoost
3737-GCSPV,0.9997056,High,96.17167993783951,2026-03-30 19:32:06.333434,XGBoost
3737-XBQDD,0.00025811984,Low,0.02190146800421644,2026-03-30 19:32:06.333434,XGBoost
3739-YBWAB,5.277584e-05,Low,0.0018656258878763767,2026-03-30 19:32:06.333434,XGBoost
3740-RLMVT,6.1425517e-06,Low,0.000374388525096947,2026-03-30 19:32:06.333434,XGBoost
3744-ZBHON,0.0003563151,Low,0.007197565247770398,2026-03-30 19:32:06.333434,XGBoost
3744-ZRRDZ,0.9984024,High,82.21843901574611,2026-03-30 19:32:06.333434,XGBoost
3745-HRPHI,3.0467952e-05,Low,0.001665073601725453,2026-03-30 19:32:06.333434,XGBoost
3746-EUBYR,0.8041161,High,59.98705884218216,2026-03-30 19:32:06.333434,XGBoost
3748-FVMZZ,0.0045648743,Low,0.1828232173109427,2026-03-30 19:32:06.333434,XGBoost
3750-CKVKH,0.9657024,High,65.42633858323097,2026-03-30 19:32:06.333434,XGBoost
3750-RNQKR,6.312058e-05,Low,0.0012276952162210363,2026-03-30 19:32:06.333434,XGBoost
3750-YHRYO,6.0064885e-05,Low,0.0012403398850437952,2026-03-30 19:32:06.333434,XGBoost
3751-KTZEL,0.99975854,High,35.04153688251972,2026-03-30 19:32:06.333434,XGBoost
3752-CQSJI,0.00015289542,Low,0.003126711262302706,2026-03-30 19:32:06.333434,XGBoost
3753-TSEMP,0.8425027,High,74.26661416888237,2026-03-30 19:32:06.333434,XGBoost
3754-DXMRT,0.9999441,High,44.147531610727306,2026-03-30 19:32:06.333434,XGBoost
3755-JBMNH,0.99951196,High,71.76495852470397,2026-03-30 19:32:06.333434,XGBoost
3756-VNWDH,0.12928604,Low,13.02556811645627,2026-03-30 19:32:06.333434,XGBoost
3757-NJYBX,0.7675276,High,81.62655816078185,2026-03-30 19:32:06.333434,XGBoost
3758-CKOQL,0.00033638277,Low,0.035992956487461925,2026-03-30 19:32:06.333434,XGBoost
3761-FLYZI,9.030671e-06,Low,0.0009825370274484156,2026-03-30 19:32:06.333434,XGBoost
3763-GCZHZ,0.99972564,High,104.02145282328128,2026-03-30 19:32:06.333434,XGBoost
3764-MNMOI,1.5213005e-05,Low,0.0002920896979048848,2026-03-30 19:32:06.333434,XGBoost
3765-JXVKY,0.97245556,High,72.64243041872979,2026-03-30 19:32:06.333434,XGBoost
3766-EJLFL,0.04353362,Low,4.7473412057384845,2026-03-30 19:32:06.333434,XGBoost
3768-NLUBH,0.9261466,High,93.17035062313079,2026-03-30 19:32:06.333434,XGBoost
3768-VHXQO,0.00012374205,Low,0.003074989969172748,2026-03-30 19:32:06.333434,XGBoost
3769-MHZNV,2.0563328e-05,Low,0.0004133228883802076,2026-03-30 19:32:06.333434,XGBoost
3771-PZOBW,0.1428986,Low,12.960903407633305,2026-03-30 19:32:06.333434,XGBoost
3774-VBNXY,0.00013374482,Low,0.002701645350316539,2026-03-30 19:32:06.333434,XGBoost
3776-EKTKM,0.9999504,High,36.44819240570069,2026-03-30 19:32:06.333434,XGBoost
3777-XROBG,0.0012754307,Low,0.024934669525828214,2026-03-30 19:32:06.333434,XGBoost
3778-FOAQW,2.2002912e-05,Low,0.00044335868433336144,2026-03-30 19:32:06.333434,XGBoost
3779-OSWCF,0.00447296,Low,0.41687985211610795,2026-03-30 19:32:06.333434,XGBoost
3780-DDGSE,0.00014021594,Low,0.01066342220728984,2026-03-30 19:32:06.333434,XGBoost
3780-YVMFA,0.00057725044,Low,0.03957051748002414,2026-03-30 19:32:06.333434,XGBoost
3785-KTYSH,2.8762031e-05,Low,0.0007075459732732271,2026-03-30 19:32:06.333434,XGBoost
3785-NRHYR,0.00044134987,Low,0.008672524910070933,2026-03-30 19:32:06.333434,XGBoost
3786-WOVKF,7.3687544e-05,Low,0.007873514129823888,2026-03-30 19:32:06.333434,XGBoost
3787-TRIAL,8.617e-05,Low,0.0022447285718953935,2026-03-30 19:32:06.333434,XGBoost
3791-LGQCY,0.99986005,High,100.63591386079788,2026-03-30 19:32:06.333434,XGBoost
3793-MMFUH,0.9996755,High,95.01915744543075,2026-03-30 19:32:06.333434,XGBoost
3794-NFNCH,0.00014617237,Low,0.007308618660317734,2026-03-30 19:32:06.333434,XGBoost
3795-CAWEX,7.9250494e-05,Low,0.009236645111741382,2026-03-30 19:32:06.333434,XGBoost
3795-GWTRD,0.00010102873,Low,0.007632720594483544,2026-03-30 19:32:06.333434,XGBoost
3796-ENZGF,2.8174445e-05,Low,0.0018947314333672693,2026-03-30 19:32:06.333434,XGBoost
3797-FKOGQ,0.0016133486,Low,0.139070649840869,2026-03-30 19:32:06.333434,XGBoost
3797-VTIDR,0.99942493,High,23.436514711380003,2026-03-30 19:32:06.333434,XGBoost
3798-EPWRR,0.00048461667,Low,0.021298902659327726,2026-03-30 19:32:06.333434,XGBoost
3799-ISUZQ,0.9992229,High,69.89564008116723,2026-03-30 19:32:06.333434,XGBoost
3800-LYTRK,0.00018720745,Low,0.010427454960881733,2026-03-30 19:32:06.333434,XGBoost
3801-HMYNL,0.8081732,High,72.04863896369935,2026-03-30 19:32:06.333434,XGBoost
3803-KMQFW,0.8926902,High,18.344783234596253,2026-03-30 19:32:06.333434,XGBoost
3804-RVTGV,0.99954957,High,103.80322260558604,2026-03-30 19:32:06.333434,XGBoost
3806-DXQOM,0.9994634,High,33.63194271624088,2026-03-30 19:32:06.333434,XGBoost
3806-YAZOV,0.03732653,Low,0.7017387568950654,2026-03-30 19:32:06.333434,XGBoost
3807-BPOMJ,9.376458e-05,Low,0.008884194128768286,2026-03-30 19:32:06.333434,XGBoost
3807-XHCJH,0.0009685419,Low,0.01937083783559501,2026-03-30 19:32:06.333434,XGBoost
3808-HFKDE,2.6674255e-05,Low,0.0011830032280158776,2026-03-30 19:32:06.333434,XGBoost
3810-DVDQQ,2.3020664e-05,Low,0.0027072301134467122,2026-03-30 19:32:06.333434,XGBoost
3810-PJUHR,0.00044180136,Low,0.01119966437254334,2026-03-30 19:32:06.333434,XGBoost
3811-VBYBZ,0.999092,High,99.70937988758087,2026-03-30 19:32:06.333434,XGBoost
3812-LRZIR,0.00073240773,Low,0.01794398939819075,2026-03-30 19:32:06.333434,XGBoost
3813-DHBBB,0.019367896,Low,0.9867943022400141,2026-03-30 19:32:06.333434,XGBoost
3814-MLAXC,0.79547465,High,63.518650680780404,2026-03-30 19:32:06.333434,XGBoost
3815-SLMEF,0.9984201,High,34.195889085531235,2026-03-30 19:32:06.333434,XGBoost
3823-KYNQY,0.007231412,Low,0.1804237291449681,2026-03-30 19:32:06.333434,XGBoost
3824-RHKVR,0.000111459165,Low,0.0021957455515803303,2026-03-30 19:32:06.333434,XGBoost
3831-YCPUO,1.1602385e-05,Low,0.001270461135845835,2026-03-30 19:32:06.333434,XGBoost
3834-XUIFC,0.9992237,High,85.13386001586915,2026-03-30 19:32:06.333434,XGBoost
3836-FZSDJ,0.00022496223,Low,0.005590311512787594,2026-03-30 19:32:06.333434,XGBoost
3838-OZURD,0.9999305,High,104.99270260334015,2026-03-30 19:32:06.333434,XGBoost
3841-CONLJ,0.001979191,Low,0.06927168811671436,2026-03-30 19:32:06.333434,XGBoost
3841-NFECX,1.0102254e-05,Low,0.0009733521957059565,2026-03-30 19:32:06.333434,XGBoost
3842-IYKUE,0.99938726,High,85.24773364067077,2026-03-30 19:32:06.333434,XGBoost
3842-QTGDL,0.0004253038,Low,0.034343281156907324,2026-03-30 19:32:06.333434,XGBoost
3845-FXCYS,0.00033476687,Low,0.006578168956912122,2026-03-30 19:32:06.333434,XGBoost
3845-JHAMY,0.00024578322,Low,0.00872530417109374,2026-03-30 19:32:06.333434,XGBoost
3847-BAERP,0.00018935832,Low,0.003957588989578653,2026-03-30 19:32:06.333434,XGBoost
3850-OKINF,1.5940634e-05,Low,0.0010552699444815517,2026-03-30 19:32:06.333434,XGBoost
3853-LYGAM,0.00019261004,Low,0.018423150099260967,2026-03-30 19:32:06.333434,XGBoost
3855-ONCAR,0.0006219937,Low,0.04907530109630898,2026-03-30 19:32:06.333434,XGBoost
3858-VOBET,0.99935716,High,74.901819434762,2026-03-30 19:32:06.333434,XGBoost
3858-XHYJO,0.00012135602,Low,0.012833398817747366,2026-03-30 19:32:06.333434,XGBoost
3859-CVCET,0.8004228,High,36.53930025696754,2026-03-30 19:32:06.333434,XGBoost
3863-IUBJR,0.8485027,High,45.522169616818424,2026-03-30 19:32:06.333434,XGBoost
3863-QSTYI,0.00011075165,Low,0.007160094233040582,2026-03-30 19:32:06.333434,XGBoost
3865-QBWSJ,0.012835218,Low,1.0325932591222227,2026-03-30 19:32:06.333434,XGBoost
3865-YIOTT,0.0029430266,Low,0.3122551223030314,2026-03-30 19:32:06.333434,XGBoost
3865-ZFZIB,0.00023040673,Low,0.004527492266788613,2026-03-30 19:32:06.333434,XGBoost
3865-ZYKAD,0.00013418503,Low,0.011392308988433797,2026-03-30 19:32:06.333434,XGBoost
3866-MDTUB,0.7749092,High,54.824825778603554,2026-03-30 19:32:06.333434,XGBoost
3870-MQAMG,0.9982206,High,110.15364569723606,2026-03-30 19:32:06.333434,XGBoost
3870-SPZSI,0.0001530385,Low,0.01730100301647326,2026-03-30 19:32:06.333434,XGBoost
3871-IKPYH,0.9995203,High,69.06685285568237,2026-03-30 19:32:06.333434,XGBoost
3873-NFTGI,0.14476313,Low,8.03435354679823,2026-03-30 19:32:06.333434,XGBoost
3873-WOSBC,0.0001267282,Low,0.003244242072105408,2026-03-30 19:32:06.333434,XGBoost
3874-EQOEP,0.99989283,High,94.98981893062592,2026-03-30 19:32:06.333434,XGBoost
3877-JRJIP,0.9657575,High,57.800585728883746,2026-03-30 19:32:06.333434,XGBoost
3878-AVSOQ,0.0015476311,Low,0.1102687165257521,2026-03-30 19:32:06.333434,XGBoost
3882-IYOIJ,6.7552633e-06,Low,0.0007785440903944618,2026-03-30 19:32:06.333434,XGBoost
3884-HCSWG,0.6722048,Medium,47.05433547496796,2026-03-30 19:32:06.333434,XGBoost
3884-UEBXB,1.2810971e-05,Low,0.0004631166155377286,2026-03-30 19:32:06.333434,XGBoost
3886-CERTZ,0.9989293,High,109.13302840292454,2026-03-30 19:32:06.333434,XGBoost
3887-PBQAO,0.012613465,Low,0.32668874552473426,2026-03-30 19:32:06.333434,XGBoost
3889-VWBID,6.9209677e-06,Low,0.0005734021768375896,2026-03-30 19:32:06.333434,XGBoost
3890-RTCMS,7.728107e-05,Low,0.0038215487733396004,2026-03-30 19:32:06.333434,XGBoost
3891-NLXJB,2.935428e-05,Low,0.0011903160471774753,2026-03-30 19:32:06.333434,XGBoost
3891-PUQOD,0.9935533,High,58.81835422515869,2026-03-30 19:32:06.333434,XGBoost
3892-NXAZG,0.0006368771,Low,0.07263583150052,2026-03-30 19:32:06.333434,XGBoost
3893-JRNFS,0.040289305,Low,1.6075432755053043,2026-03-30 19:32:06.333434,XGBoost
3896-RCYYE,4.3011587e-05,Low,0.002296818744071061,2026-03-30 19:32:06.333434,XGBoost
3896-ZVNET,2.9716157e-05,Low,0.0007339890744333388,2026-03-30 19:32:06.333434,XGBoost
3898-BSJYF,0.00036678393,Low,0.026976958324667066,2026-03-30 19:32:06.333434,XGBoost
3898-GUYTS,0.00026169856,Low,0.025397845098632386,2026-03-30 19:32:06.333434,XGBoost
3900-AQPHZ,0.99951804,High,19.89040893316269,2026-03-30 19:32:06.333434,XGBoost
3902-FOIGH,0.90088737,High,91.3049349606037,2026-03-30 19:32:06.333434,XGBoost
3902-MIVLE,0.00011348744,Low,0.00859099921581219,2026-03-30 19:32:06.333434,XGBoost
3904-UKFRE,0.27646098,Low,22.14452413022518,2026-03-30 19:32:06.333434,XGBoost
3908-BLSYF,0.9991067,High,83.82505256533624,2026-03-30 19:32:06.333434,XGBoost
3908-MKIMJ,0.0003319441,Low,0.013925054471474142,2026-03-30 19:32:06.333434,XGBoost
3910-MRQOY,0.025148308,Low,0.48787717334926123,2026-03-30 19:32:06.333434,XGBoost
3911-RSNHI,3.347389e-05,Low,0.002055296886101132,2026-03-30 19:32:06.333434,XGBoost
3913-FCUUW,2.38695e-05,Low,0.001681606223792187,2026-03-30 19:32:06.333434,XGBoost
3913-RDSJZ,5.3008513e-05,Low,0.0013543674975153408,2026-03-30 19:32:06.333434,XGBoost
3914-FDRHP,4.0081195e-05,Low,0.0034570030720715295,2026-03-30 19:32:06.333434,XGBoost
3915-ODIYG,0.020704126,Low,1.4855210394598544,2026-03-30 19:32:06.333434,XGBoost
3916-NRPAP,0.00046246272,Low,0.039633054943988104,2026-03-30 19:32:06.333434,XGBoost
3920-HIHMQ,2.5306232e-05,Low,0.0012526584687293507,2026-03-30 19:32:06.333434,XGBoost
3923-CSIHK,0.9991289,High,70.98810679018497,2026-03-30 19:32:06.333434,XGBoost
3926-CUQZX,0.8549517,High,38.55832075476646,2026-03-30 19:32:06.333434,XGBoost
3926-YZVVX,8.791844e-05,Low,0.004400317781983176,2026-03-30 19:32:06.333434,XGBoost
3927-NLNRY,0.9989089,High,94.1471616923809,2026-03-30 19:32:06.333434,XGBoost
3930-ZGWVE,0.07058618,Low,1.3940770979970694,2026-03-30 19:32:06.333434,XGBoost
3932-CMDTD,0.90033185,High,95.12006046175958,2026-03-30 19:32:06.333434,XGBoost
3932-IJWDZ,7.2890616e-05,Low,0.00755511236275197,2026-03-30 19:32:06.333434,XGBoost
3933-DQPWX,4.9317467e-05,Low,0.001957903424772667,2026-03-30 19:32:06.333434,XGBoost
3934-HXCFZ,0.9529466,High,94.57995037734509,2026-03-30 19:32:06.333434,XGBoost
3935-TBRZZ,0.0036566418,Low,0.09397569459397345,2026-03-30 19:32:06.333434,XGBoost
3936-QQFLL,0.15645394,Low,3.0899652615189552,2026-03-30 19:32:06.333434,XGBoost
3938-YFPXD,8.7157976e-05,Low,0.007347417371784104,2026-03-30 19:32:06.333434,XGBoost
3941-XTSKM,0.068363406,Low,3.0831895999610426,2026-03-30 19:32:06.333434,XGBoost
3943-KDREE,0.8415888,High,63.077080199122435,2026-03-30 19:32:06.333434,XGBoost
3945-GFWQL,0.99807847,High,44.46439563632011,2026-03-30 19:32:06.333434,XGBoost
3946-JEWRQ,0.17859031,Low,17.00179775953293,2026-03-30 19:32:06.333434,XGBoost
3946-MHCZW,0.9995303,High,50.87609305381775,2026-03-30 19:32:06.333434,XGBoost
3948-FVVRP,0.036333214,Low,1.9910601541399955,2026-03-30 19:32:06.333434,XGBoost
3948-KXDUF,3.1554377e-05,Low,0.0021693633925679023,2026-03-30 19:32:06.333434,XGBoost
3948-XHGNA,0.7819858,High,38.74739734828472,2026-03-30 19:32:06.333434,XGBoost
3950-VPYJB,5.817112e-06,Low,0.00034669988690438913,2026-03-30 19:32:06.333434,XGBoost
3951-NJCVI,0.0009930269,Low,0.09438720552716404,2026-03-30 19:32:06.333434,XGBoost
3955-JBZZM,0.12795238,Low,10.08264769911766,2026-03-30 19:32:06.333434,XGBoost
3956-CJUST,0.00021157486,Low,0.015952744806418197,2026-03-30 19:32:06.333434,XGBoost
3956-MGXOG,0.15483071,Low,12.479355153441428,2026-03-30 19:32:06.333434,XGBoost
3957-HHLMR,6.9953408e-06,Low,0.0004560962172035943,2026-03-30 19:32:06.333434,XGBoost
3957-LXOLK,0.999243,High,106.06964668035508,2026-03-30 19:32:06.333434,XGBoost
3957-SQXML,3.4253233e-05,Low,0.0008546181639758288,2026-03-30 19:32:06.333434,XGBoost
3961-SXAXY,0.00037882026,Low,0.01668703242467018,2026-03-30 19:32:06.333434,XGBoost
3963-RYFNS,0.00015764132,Low,0.018357331676088506,2026-03-30 19:32:06.333434,XGBoost
3966-HRMZA,0.0009118441,Low,0.06843389815767295,2026-03-30 19:32:06.333434,XGBoost
3967-KXAPS,1.823961e-05,Low,0.0016835160633490887,2026-03-30 19:32:06.333434,XGBoost
3967-VQOGC,6.7527635e-06,Low,0.00016814381142467026,2026-03-30 19:32:06.333434,XGBoost
3969-GYXEL,0.0012117826,Low,0.09258018820546568,2026-03-30 19:32:06.333434,XGBoost
3969-JQABI,2.477932e-05,Low,0.0016168506022040674,2026-03-30 19:32:06.333434,XGBoost
3970-XGJDU,1.4263682e-05,Low,0.00027386269066482783,2026-03-30 19:32:06.333434,XGBoost
3973-SKMLN,9.4707575e-06,Low,0.00018846807433874345,2026-03-30 19:32:06.333434,XGBoost
3976-BWUCK,0.9997893,High,94.08017290234565,2026-03-30 19:32:06.333434,XGBoost
3976-HXHCE,1.3621767e-05,Low,0.0002629000994602393,2026-03-30 19:32:06.333434,XGBoost
3976-NLDEZ,0.0016465527,Low,0.0339189856313169,2026-03-30 19:32:06.333434,XGBoost
3977-QCRSL,0.071399406,Low,1.4386980228126047,2026-03-30 19:32:06.333434,XGBoost
3978-YNKDD,2.7630282e-05,Low,0.0005760913732956397,2026-03-30 19:32:06.333434,XGBoost
3981-QSVQI,0.0003988943,Low,0.007858217833563686,2026-03-30 19:32:06.333434,XGBoost
3982-DQLUS,6.385599e-05,Low,0.0054756508689024486,2026-03-30 19:32:06.333434,XGBoost
3982-JGSFD,1.0883277e-05,Low,0.00022147469417177493,2026-03-30 19:32:06.333434,XGBoost
3982-XWFZQ,0.99907863,High,50.203701227903366,2026-03-30 19:32:06.333434,XGBoost
3985-HOYPM,0.0003932482,Low,0.007629014929989352,2026-03-30 19:32:06.333434,XGBoost
3987-KQDDU,7.1830254e-05,Low,0.005430367236840539,2026-03-30 19:32:06.333434,XGBoost
3988-RQIXO,0.99895287,High,91.20439662933349,2026-03-30 19:32:06.333434,XGBoost
3990-QYKBE,0.9997713,High,92.4788449704647,2026-03-30 19:32:06.333434,XGBoost
3992-YWPKO,0.87584245,High,96.25508548021317,2026-03-30 19:32:06.333434,XGBoost
3995-WFCSM,0.00018236956,Low,0.011097187959967414,2026-03-30 19:32:06.333434,XGBoost
3996-ZNWYK,0.00010572818,Low,0.0020934179046889767,2026-03-30 19:32:06.333434,XGBoost
3999-QGRJH,0.9989247,High,69.62504968047142,2026-03-30 19:32:06.333434,XGBoost
3999-WRNGR,0.1685225,Low,8.383994720876217,2026-03-30 19:32:06.333434,XGBoost
4000-VGMQP,0.00013762733,Low,0.010865677586116363,2026-03-30 19:32:06.333434,XGBoost
4001-TSBTV,3.8077826e-05,Low,0.003486024933044973,2026-03-30 19:32:06.333434,XGBoost
4002-BQWPQ,2.1078766e-05,Low,0.001723189096992428,2026-03-30 19:32:06.333434,XGBoost
4003-FUSHP,3.4702723e-05,Low,0.002135952631215332,2026-03-30 19:32:06.333434,XGBoost
4003-OCTMP,0.000160066,Low,0.010244224220514297,2026-03-30 19:32:06.333434,XGBoost
4006-HKYHO,0.0046827025,Low,0.4059903048444539,2026-03-30 19:32:06.333434,XGBoost
4007-NHVHI,0.0004350228,Low,0.04213195932970848,2026-03-30 19:32:06.333434,XGBoost
4009-ALQFH,0.99871063,High,99.37170791625977,2026-03-30 19:32:06.333434,XGBoost
4010-YLMVT,0.396488,Low,42.26562196016312,2026-03-30 19:32:06.333434,XGBoost
4011-ARPHK,0.039421495,Low,1.984872275777161,2026-03-30 19:32:06.333434,XGBoost
4012-YCFAI,0.006022243,Low,0.36946459757164124,2026-03-30 19:32:06.333434,XGBoost
4012-ZTHBR,3.4115237e-05,Low,0.0015334799127231236,2026-03-30 19:32:06.333434,XGBoost
4013-GUXND,0.0009024694,Low,0.018771363236010075,2026-03-30 19:32:06.333434,XGBoost
4013-TLDHQ,0.30985585,Low,24.246220149099827,2026-03-30 19:32:06.333434,XGBoost
4013-UBXWQ,0.95249325,High,71.10362114012241,2026-03-30 19:32:06.333434,XGBoost
4016-BJKTZ,0.037916277,Low,4.129082522168756,2026-03-30 19:32:06.333434,XGBoost
4018-KJYUY,0.07136222,Low,1.437948727980256,2026-03-30 19:32:06.333434,XGBoost
4018-PPNDW,0.000117873446,Low,0.0028407500380126295,2026-03-30 19:32:06.333434,XGBoost
4020-KIUDI,5.7563204e-05,Low,0.0011426295970522915,2026-03-30 19:32:06.333434,XGBoost
4021-RQSNY,0.9352842,High,92.12549343705177,2026-03-30 19:32:06.333434,XGBoost
4023-RTIQM,0.00024609154,Low,0.012403013720177113,2026-03-30 19:32:06.333434,XGBoost
4024-CSNBY,1.9610085e-05,Low,0.0018482504701751168,2026-03-30 19:32:06.333434,XGBoost
4026-SKKHW,0.2889958,Low,14.522039070725441,2026-03-30 19:32:06.333434,XGBoost
4029-HPFVY,0.17007521,Low,11.956287118792533,2026-03-30 19:32:06.333434,XGBoost
4030-VPZBD,0.99895227,High,30.86762512922287,2026-03-30 19:32:06.333434,XGBoost
4032-RMHCI,1.3445313e-05,Low,0.0004759640807606047,2026-03-30 19:32:06.333434,XGBoost
4039-HEUNW,0.99958926,High,96.4603640139103,2026-03-30 19:32:06.333434,XGBoost
4039-PIMHX,0.00022876261,Low,0.011392378082382491,2026-03-30 19:32:06.333434,XGBoost
4043-MKDTV,0.00015525542,Low,0.016340632613719208,2026-03-30 19:32:06.333434,XGBoost
4049-ZPALD,0.008462455,Low,0.8377830572426319,2026-03-30 19:32:06.333434,XGBoost
4054-CUMIA,4.2734304e-05,Low,0.000865369653183734,2026-03-30 19:32:06.333434,XGBoost
4056-QHXHZ,1.3912238e-05,Low,0.001494869929183551,2026-03-30 19:32:06.333434,XGBoost
4057-FKCZK,1.0655255e-05,Low,0.0008790585548013041,2026-03-30 19:32:06.333434,XGBoost
4059-IIEBK,0.0010699675,Low,0.08404594858293421,2026-03-30 19:32:06.333434,XGBoost
4060-LDNLU,0.00025553943,Low,0.024582893284969033,2026-03-30 19:32:06.333434,XGBoost
4061-UKJWL,0.26671425,Low,12.122162438929081,2026-03-30 19:32:06.333434,XGBoost
4062-HBMOS,0.25346446,Low,26.1195126414299,2026-03-30 19:32:06.333434,XGBoost
4063-EIKNQ,0.00012540662,Low,0.0026272685958247167,2026-03-30 19:32:06.333434,XGBoost
4065-JJAVA,0.002134498,Low,0.10565764980856329,2026-03-30 19:32:06.333434,XGBoost
4067-HLYQI,0.00010994594,Low,0.007740194210782648,2026-03-30 19:32:06.333434,XGBoost
4070-OKWVH,0.000104259554,Low,0.009862953814445062,2026-03-30 19:32:06.333434,XGBoost
4072-IPYLT,0.00012050087,Low,0.006151569240682875,2026-03-30 19:32:06.333434,XGBoost
4074-SJFFA,0.9990466,High,54.697802647948265,2026-03-30 19:32:06.333434,XGBoost
4075-JFPGR,0.10812686,Low,10.109861072152853,2026-03-30 19:32:06.333434,XGBoost
4077-CROMM,0.9344194,High,97.36650080680847,2026-03-30 19:32:06.333434,XGBoost
4077-HWUYD,3.8249154e-06,Low,0.0003348713466493791,2026-03-30 19:32:06.333434,XGBoost
4078-SAYYN,0.96784425,High,97.51030796766281,2026-03-30 19:32:06.333434,XGBoost
4079-ULGFR,0.014356045,Low,0.28712090104818344,2026-03-30 19:32:06.333434,XGBoost
4079-VTGLK,2.1511332e-05,Low,0.00161012322314491,2026-03-30 19:32:06.333434,XGBoost
4079-WWQQQ,3.4570137e-05,Low,0.002266072503880423,2026-03-30 19:32:06.333434,XGBoost
4080-IIARD,0.0002141998,Low,0.016322024568216877,2026-03-30 19:32:06.333434,XGBoost
4080-OGPJL,0.78616273,High,55.93547852635384,2026-03-30 19:32:06.333434,XGBoost
4081-DYXAV,0.9311329,High,41.76131113171578,2026-03-30 19:32:06.333434,XGBoost
4083-BFNYK,0.18598078,Low,17.668174281716347,2026-03-30 19:32:06.333434,XGBoost
4083-EUGRJ,0.99917716,High,20.233337447047234,2026-03-30 19:32:06.333434,XGBoost
4086-ATNFV,1.1424981e-05,Low,0.000694638819550164,2026-03-30 19:32:06.333434,XGBoost
4086-WITJG,1.9286117e-05,Low,0.0003799365067607141,2026-03-30 19:32:06.333434,XGBoost
4086-YQSNZ,0.99978834,High,80.38298285007477,2026-03-30 19:32:06.333434,XGBoost
4088-YLDSU,0.99992776,High,104.14247611761094,2026-03-30 19:32:06.333434,XGBoost
4090-KPJIP,0.3424767,Low,25.66862834841013,2026-03-30 19:32:06.333434,XGBoost
4091-TVOCN,0.029981665,Low,2.3610561434179544,2026-03-30 19:32:06.333434,XGBoost
4092-OFQZS,0.0002561964,Low,0.0052904554948327125,2026-03-30 19:32:06.333434,XGBoost
4094-NSEDU,0.75556755,High,71.21224164962769,2026-03-30 19:32:06.333434,XGBoost
4097-YODCF,0.012854844,Low,1.3343328416347504,2026-03-30 19:32:06.333434,XGBoost
4098-NAUKP,0.049000192,Low,4.147866289503873,2026-03-30 19:32:06.333434,XGBoost
4102-HLENU,2.328309e-05,Low,0.001528534847420815,2026-03-30 19:32:06.333434,XGBoost
4102-OQUPX,0.99995005,High,74.39628381729126,2026-03-30 19:32:06.333434,XGBoost
4104-PVRPS,0.00043355417,Low,0.023238503746688368,2026-03-30 19:32:06.333434,XGBoost
4106-HADHQ,0.14694324,Low,11.755459308624268,2026-03-30 19:32:06.333434,XGBoost
4109-CYRBD,0.00010880079,Low,0.005614120871177875,2026-03-30 19:32:06.333434,XGBoost
4110-PFEUZ,0.99105185,High,68.92765635550022,2026-03-30 19:32:06.333434,XGBoost
4111-BNXIF,0.0013530795,Low,0.08057588143274187,2026-03-30 19:32:06.333434,XGBoost
4112-LUEIZ,0.99977726,High,89.48006454110146,2026-03-30 19:32:06.333434,XGBoost
4114-QMKVN,7.446221e-06,Low,0.000511927689217373,2026-03-30 19:32:06.333434,XGBoost
4115-BNPJY,1.5250643e-05,Low,0.0011521860573793675,2026-03-30 19:32:06.333434,XGBoost
4115-NZRKS,0.00010610582,Low,0.009459333945051185,2026-03-30 19:32:06.333434,XGBoost
4115-UMJFQ,7.806368e-05,Low,0.0027907764342671726,2026-03-30 19:32:06.333434,XGBoost
4116-IQRFR,7.18282e-05,Low,0.0017310596835159232,2026-03-30 19:32:06.333434,XGBoost
4116-TZAQJ,0.8219068,High,61.02658027410507,2026-03-30 19:32:06.333434,XGBoost
4118-CEVPF,0.00033990692,Low,0.03766168724978342,2026-03-30 19:32:06.333434,XGBoost
4119-ZYPZY,0.00032439563,Low,0.03464545336319134,2026-03-30 19:32:06.333434,XGBoost
4121-AGSIN,0.00017664421,Low,0.004327783259213902,2026-03-30 19:32:06.333434,XGBoost
4123-DVHPH,0.00013435837,Low,0.011830254630331183,2026-03-30 19:32:06.333434,XGBoost
4123-FCVCB,0.08251263,Low,6.2585831381380554,2026-03-30 19:32:06.333434,XGBoost
4124-MMETB,0.9965383,High,94.32234833836556,2026-03-30 19:32:06.333434,XGBoost
4128-ETESU,0.24803928,Low,24.729515758156776,2026-03-30 19:32:06.333434,XGBoost
4129-LYCOI,0.0002673245,Low,0.027801748365163803,2026-03-30 19:32:06.333434,XGBoost
4130-MZLCC,0.00013181868,Low,0.006663434484653407,2026-03-30 19:32:06.333434,XGBoost
4132-KALRO,0.0019205094,Low,0.19368337147170678,2026-03-30 19:32:06.333434,XGBoost
4132-POCZS,0.0003109136,Low,0.012405452696839347,2026-03-30 19:32:06.333434,XGBoost
4134-BSXLX,0.02450615,Low,1.4924245236441493,2026-03-30 19:32:06.333434,XGBoost
4135-FRWKJ,9.425998e-05,Low,0.0071873234719532775,2026-03-30 19:32:06.333434,XGBoost
4137-BTIKL,0.0009182431,Low,0.08333055954426527,2026-03-30 19:32:06.333434,XGBoost
4137-JOPHL,5.8785525e-05,Low,0.0052730615694599695,2026-03-30 19:32:06.333434,XGBoost
4138-NAXED,4.8004396e-05,Low,0.0038883561064722016,2026-03-30 19:32:06.333434,XGBoost
4139-DETXS,4.193013e-05,Low,0.002702396791210049,2026-03-30 19:32:06.333434,XGBoost
4139-JPIAM,3.310813e-05,Low,0.0014716563013280393,2026-03-30 19:32:06.333434,XGBoost
4139-SUGLD,0.16236565,Low,5.747743839025497,2026-03-30 19:32:06.333434,XGBoost
4140-MUHUG,0.9036909,High,78.48555245697497,2026-03-30 19:32:06.333434,XGBoost
4140-WJAWW,0.99517435,High,19.75421081483364,2026-03-30 19:32:06.333434,XGBoost
4143-HHPMK,0.9993555,High,85.29499149620533,2026-03-30 19:32:06.333434,XGBoost
4143-OOBWZ,0.99985754,High,81.28841840028763,2026-03-30 19:32:06.333434,XGBoost
4145-UQXUQ,0.99993,High,92.09355522394179,2026-03-30 19:32:06.333434,XGBoost
4146-SVFUD,0.23932774,Low,10.67401736676693,2026-03-30 19:32:06.333434,XGBoost
4154-AQUGT,0.9993487,High,88.99200173914433,2026-03-30 19:32:06.333434,XGBoost
4159-NAAIX,0.02775705,Low,2.704924568254501,2026-03-30 19:32:06.333434,XGBoost
4160-AMJTL,0.99937695,High,19.6377571195364,2026-03-30 19:32:06.333434,XGBoost
4163-HFTUK,0.025185086,Low,0.4810351394116879,2026-03-30 19:32:06.333434,XGBoost
4163-KIUHY,2.0538202e-05,Low,0.0005257779732346535,2026-03-30 19:32:06.333434,XGBoost
4163-NCJAK,0.038085423,Low,0.9311886023730039,2026-03-30 19:32:06.333434,XGBoost
4174-LPGTI,0.7374494,High,49.040385603904724,2026-03-30 19:32:06.333434,XGBoost
4176-FXYBO,9.564639e-05,Low,0.010478062227775808,2026-03-30 19:32:06.333434,XGBoost
4176-RELJR,3.112289e-05,Low,0.0007811845516698668,2026-03-30 19:32:06.333434,XGBoost
4177-JPDFU,0.00023814538,Low,0.008096942969132215,2026-03-30 19:32:06.333434,XGBoost
4178-EGMON,7.743798e-05,Low,0.0068145422847010195,2026-03-30 19:32:06.333434,XGBoost
4182-BGSIQ,0.00014428105,Low,0.0028567647153977306,2026-03-30 19:32:06.333434,XGBoost
4183-MYFRB,0.00016574885,Low,0.014925683625915552,2026-03-30 19:32:06.333434,XGBoost
4183-WCSEP,0.8191861,High,64.26514887213708,2026-03-30 19:32:06.333434,XGBoost
4184-TJFAN,0.95363486,High,84.20595797300338,2026-03-30 19:32:06.333434,XGBoost
4184-VODJZ,1.1468352e-05,Low,0.0010476339240085507,2026-03-30 19:32:06.333434,XGBoost
4186-ZBUEW,0.0707596,Low,5.002703853696585,2026-03-30 19:32:06.333434,XGBoost
4187-CINZD,0.99589515,High,94.8590127825737,2026-03-30 19:32:06.333434,XGBoost
4188-FRABG,0.00046850176,Low,0.04827910667227115,2026-03-30 19:32:06.333434,XGBoost
4188-PCPIG,4.3228797e-06,Low,0.0003041145871748085,2026-03-30 19:32:06.333434,XGBoost
4189-NAKJS,1.1398297e-05,Low,0.000587582206208026,2026-03-30 19:32:06.333434,XGBoost
4190-MFLUW,0.74105895,High,40.90645380020142,2026-03-30 19:32:06.333434,XGBoost
4191-XOVOM,0.07577928,Low,7.987136276066304,2026-03-30 19:32:06.333434,XGBoost
4192-GORJT,0.9792037,High,92.48578956127167,2026-03-30 19:32:06.333434,XGBoost
4193-IBKSW,0.0021286213,Low,0.05268337792949751,2026-03-30 19:32:06.333434,XGBoost
4193-ORFCL,0.9804095,High,44.21646858453751,2026-03-30 19:32:06.333434,XGBoost
4194-FJARJ,4.729761e-05,Low,0.0028378565912134945,2026-03-30 19:32:06.333434,XGBoost
4194-WHFCB,7.277948e-05,Low,0.007034137047594414,2026-03-30 19:32:06.333434,XGBoost
4195-NZGTA,0.19961208,Low,5.040205046534538,2026-03-30 19:32:06.333434,XGBoost
4195-PNGZS,2.0153282e-05,Low,0.0004927477471937891,2026-03-30 19:32:06.333434,XGBoost
4195-SMMNX,0.85204387,High,17.339092695713045,2026-03-30 19:32:06.333434,XGBoost
4198-VFOEA,5.0461527e-05,Low,0.0016955073166172953,2026-03-30 19:32:06.333434,XGBoost
4199-QHJNM,0.0011224519,Low,0.11550029567442835,2026-03-30 19:32:06.333434,XGBoost
4201-JMNGR,0.99991333,High,55.795164084434504,2026-03-30 19:32:06.333434,XGBoost
4203-QGNZA,2.7555287e-05,Low,0.0005579945532190322,2026-03-30 19:32:06.333434,XGBoost
4208-UFFGW,0.9997098,High,44.936954835057264,2026-03-30 19:32:06.333434,XGBoost
4210-QFJMF,0.7686911,High,60.84190234839917,2026-03-30 19:32:06.333434,XGBoost
4211-MMAZN,0.9938294,High,20.12504594027996,2026-03-30 19:32:06.333434,XGBoost
4213-HKBJO,4.208067e-05,Low,0.0010814731729624327,2026-03-30 19:32:06.333434,XGBoost
4220-TINQT,0.00034859596,Low,0.03707318040251266,2026-03-30 19:32:06.333434,XGBoost
4223-BKEOR,2.4770625e-05,Low,0.0016063750185821843,2026-03-30 19:32:06.333434,XGBoost
4223-WOZCM,0.9851896,High,49.21022135317326,2026-03-30 19:32:06.333434,XGBoost
4226-KKDON,9.549247e-05,Low,0.00636457305699878,2026-03-30 19:32:06.333434,XGBoost
4227-OJHAL,0.0012558098,Low,0.0916741150431335,2026-03-30 19:32:06.333434,XGBoost
4228-ZGYUW,0.99929893,High,89.98686866164208,2026-03-30 19:32:06.333434,XGBoost
4229-CZMLL,0.9995839,High,74.86883410811424,2026-03-30 19:32:06.333434,XGBoost
4231-LZUYM,7.685628e-05,Low,0.0019713636396772928,2026-03-30 19:32:06.333434,XGBoost
4232-JGKIY,0.00016170222,Low,0.0031046826392412187,2026-03-30 19:32:06.333434,XGBoost
4234-XTNEA,0.0021262243,Low,0.1699916359037161,2026-03-30 19:32:06.333434,XGBoost
4236-UJPWO,0.00015120363,Low,0.003704488815856166,2026-03-30 19:32:06.333434,XGBoost
4236-XPXAV,0.9890997,High,98.0692334085703,2026-03-30 19:32:06.333434,XGBoost
4237-CLSMM,0.04433183,Low,0.8866365998983383,2026-03-30 19:32:06.333434,XGBoost
4237-RLAQD,0.99986255,High,45.84369799494743,2026-03-30 19:32:06.333434,XGBoost
4238-HFHSN,0.000113712435,Low,0.0093414764975023,2026-03-30 19:32:06.333434,XGBoost
4238-JSSWH,0.0016405345,Low,0.1674165451200679,2026-03-30 19:32:06.333434,XGBoost
4248-HCETZ,0.7909385,High,62.998251253366476,2026-03-30 19:32:06.333434,XGBoost
4248-QPAVC,0.4283372,Medium,36.55857887417078,2026-03-30 19:32:06.333434,XGBoost
4250-FDVOU,0.9964573,High,56.05072192847729,2026-03-30 19:32:06.333434,XGBoost
4250-WAROZ,0.03019761,Low,2.815927059389651,2026-03-30 19:32:06.333434,XGBoost
4250-ZBWLV,0.922584,High,100.05423450171948,2026-03-30 19:32:06.333434,XGBoost
4254-QPEDE,0.000118455086,Low,0.00784764942181937,2026-03-30 19:32:06.333434,XGBoost
4255-DDUOU,0.89528537,High,18.353350043296814,2026-03-30 19:32:06.333434,XGBoost
4256-ZWTZI,0.0011710108,Low,0.059721549740061164,2026-03-30 19:32:06.333434,XGBoost
4257-GAESD,0.39797872,Low,17.909042537212372,2026-03-30 19:32:06.333434,XGBoost
4273-MBHYA,0.00031906395,Low,0.02850836433644872,2026-03-30 19:32:06.333434,XGBoost
4274-DRSQT,3.1028503e-05,Low,0.0027584339295572136,2026-03-30 19:32:06.333434,XGBoost
4274-OWWYO,0.9676183,High,71.94241960942745,2026-03-30 19:32:06.333434,XGBoost
4277-BWBML,3.2640764e-05,Low,0.000651183249829046,2026-03-30 19:32:06.333434,XGBoost
4277-PVRAN,0.900966,High,72.16737568974494,2026-03-30 19:32:06.333434,XGBoost
4277-UDIEF,9.0800495e-05,Low,0.007354840090556536,2026-03-30 19:32:06.333434,XGBoost
4280-DLSHD,0.00026928398,Low,0.014743297746463213,2026-03-30 19:32:06.333434,XGBoost
4282-ACRXS,0.00015139939,Low,0.003762274892505957,2026-03-30 19:32:06.333434,XGBoost
4282-MSACW,0.00037174142,Low,0.04356809465680272,2026-03-30 19:32:06.333434,XGBoost
4282-YMKNA,0.99670094,High,74.50339545309544,2026-03-30 19:32:06.333434,XGBoost
4283-FUTGF,0.14480543,Low,11.562713694572448,2026-03-30 19:32:06.333434,XGBoost
4283-IVYCI,0.13739157,Low,8.923582291603088,2026-03-30 19:32:06.333434,XGBoost
4285-GYRQC,0.99977654,High,86.23072676360607,2026-03-30 19:32:06.333434,XGBoost
4289-DTDKW,0.80448663,High,81.49449585676193,2026-03-30 19:32:06.333434,XGBoost
4290-BSXUX,0.99973696,High,79.62904923856259,2026-03-30 19:32:06.333434,XGBoost
4291-HPAXL,0.12510769,Low,2.4833876602351665,2026-03-30 19:32:06.333434,XGBoost
4291-HYEBC,4.2693166e-05,Low,0.0016693027748260647,2026-03-30 19:32:06.333434,XGBoost
4291-SHSBH,0.2688331,Low,18.697342160344125,2026-03-30 19:32:06.333434,XGBoost
4291-TPNFG,0.006758772,Low,0.5562469221651554,2026-03-30 19:32:06.333434,XGBoost
4291-YZODP,5.055039e-05,Low,0.0010135352904399042,2026-03-30 19:32:06.333434,XGBoost
4293-ETKAP,0.0013578727,Low,0.10781509536318482,2026-03-30 19:32:06.333434,XGBoost
4295-YURET,0.0025719358,Low,0.18672253657132384,2026-03-30 19:32:06.333434,XGBoost
4298-OYIFC,0.0008716189,Low,0.09016897713008802,2026-03-30 19:32:06.333434,XGBoost
4299-OPXEJ,1.4874794e-05,Low,0.0002908022233441443,2026-03-30 19:32:06.333434,XGBoost
4299-SIMNS,0.35935926,Low,29.162004303932193,2026-03-30 19:32:06.333434,XGBoost
4301-VVZKA,7.671065e-05,Low,0.005783982759749052,2026-03-30 19:32:06.333434,XGBoost
4302-ZYFEL,6.3323946e-06,Low,0.00013013070913530102,2026-03-30 19:32:06.333434,XGBoost
4304-TSPVK,0.03070241,Low,3.5277069395408036,2026-03-30 19:32:06.333434,XGBoost
4304-XUMGI,4.8370134e-06,Low,0.0003635015585814472,2026-03-30 19:32:06.333434,XGBoost
4307-KTUMW,0.81603414,High,76.62560557723046,2026-03-30 19:32:06.333434,XGBoost
4307-KWMXE,0.0007909951,Low,0.028278074110858142,2026-03-30 19:32:06.333434,XGBoost
4310-KEDTB,1.76348e-05,Low,0.0005255170493910555,2026-03-30 19:32:06.333434,XGBoost
4311-QTTAI,0.000161705,Low,0.0031289917540561875,2026-03-30 19:32:06.333434,XGBoost
4312-GVYNH,3.886197e-05,Low,0.0019372692093384102,2026-03-30 19:32:06.333434,XGBoost
4312-KFRXN,9.527835e-05,Low,0.0024200701431254853,2026-03-30 19:32:06.333434,XGBoost
4315-MURBD,0.99438393,High,98.34457079172135,2026-03-30 19:32:06.333434,XGBoost
4316-XCSLJ,0.00021639979,Low,0.010884909192100167,2026-03-30 19:32:06.333434,XGBoost
4317-VTEOA,0.9994999,High,50.724620789289474,2026-03-30 19:32:06.333434,XGBoost
4318-RAJVY,0.0001897431,Low,0.0037569135107332844,2026-03-30 19:32:06.333434,XGBoost
4320-QMLLA,0.00010152416,Low,0.00556860005526687,2026-03-30 19:32:06.333434,XGBoost
4322-RCYMT,0.9973086,High,75.59599277973174,2026-03-30 19:32:06.333434,XGBoost
4323-ELYYB,0.0006720828,Low,0.013441656483337283,2026-03-30 19:32:06.333434,XGBoost
4323-OHFOW,0.00062006584,Low,0.06544794930960052,2026-03-30 19:32:06.333434,XGBoost
4323-SADQS,0.9996049,High,34.486368387937546,2026-03-30 19:32:06.333434,XGBoost
4324-AHJKS,0.00035225504,Low,0.019655831210548057,2026-03-30 19:32:06.333434,XGBoost
4324-BZCKL,0.00010754424,Low,0.005974082613829523,2026-03-30 19:32:06.333434,XGBoost
4325-NFSKC,0.9988154,High,90.49267680644988,2026-03-30 19:32:06.333434,XGBoost
4328-VUFWD,1.9172056e-05,Low,0.001136902893813385,2026-03-30 19:32:06.333434,XGBoost
4329-YPDDQ,0.11089322,Low,11.998646372556687,2026-03-30 19:32:06.333434,XGBoost
4332-MUOEZ,3.546884e-05,Low,0.003344711783211096,2026-03-30 19:32:06.333434,XGBoost
4334-HOWRP,0.0038867875,Low,0.2524468451156281,2026-03-30 19:32:06.333434,XGBoost
4335-BSMJS,1.658804e-05,Low,0.00042797141177288724,2026-03-30 19:32:06.333434,XGBoost
4335-UPJSI,0.00014491627,Low,0.0028620962621062063,2026-03-30 19:32:06.333434,XGBoost
4338-EYCER,0.000107900676,Low,0.005891376914223656,2026-03-30 19:32:06.333434,XGBoost
4342-HENTK,0.9084623,High,64.1828605055809,2026-03-30 19:32:06.333434,XGBoost
4342-HFXWS,0.00013536193,Low,0.009434726521431003,2026-03-30 19:32:06.333434,XGBoost
4343-EJVQB,7.6040815e-05,Low,0.005653634576447075,2026-03-30 19:32:06.333434,XGBoost
4349-GFQHK,0.9962238,High,54.14476392865181,2026-03-30 19:32:06.333434,XGBoost
4350-ZTLPI,0.00012635777,Low,0.013766679301625118,2026-03-30 19:32:06.333434,XGBoost
4351-QLCSU,0.9993444,High,54.96394246816635,2026-03-30 19:32:06.333434,XGBoost
4353-HYOJD,0.0050640856,Low,0.25244466674048455,2026-03-30 19:32:06.333434,XGBoost
4355-CVPVS,0.0015440292,Low,0.13726419757585973,2026-03-30 19:32:06.333434,XGBoost
4355-HBJHH,0.86364216,High,68.83227984309197,2026-03-30 19:32:06.333434,XGBoost
4359-INNWN,0.010035726,Low,0.20121631114743652,2026-03-30 19:32:06.333434,XGBoost
4360-PNRQB,0.07160156,Low,5.413078102469444,2026-03-30 19:32:06.333434,XGBoost
4360-QRAVE,0.2807094,Low,10.287998992204665,2026-03-30 19:32:06.333434,XGBoost
4361-BKAXE,0.9303308,High,106.52287808060646,2026-03-30 19:32:06.333434,XGBoost
4361-FEBGN,2.6366064e-05,Low,0.0005312761905770457,2026-03-30 19:32:06.333434,XGBoost
4361-JEIVL,0.99683315,High,44.25939166545868,2026-03-30 19:32:06.333434,XGBoost
4365-MSDYN,0.0011175994,Low,0.02184906884795055,2026-03-30 19:32:06.333434,XGBoost
4366-CTOUZ,7.1378774e-05,Low,0.007152153155766428,2026-03-30 19:32:06.333434,XGBoost
4367-NHWMM,0.000688179,Low,0.017135656817117706,2026-03-30 19:32:06.333434,XGBoost
4369-HTUIF,0.9997087,High,85.12519683539868,2026-03-30 19:32:06.333434,XGBoost
4369-NYSCF,2.7944243e-05,Low,0.0021167763998164446,2026-03-30 19:32:06.333434,XGBoost
4373-MAVJG,0.9932596,High,90.28729843497277,2026-03-30 19:32:06.333434,XGBoost
4373-VVHQL,0.0019284097,Low,0.08629633308737539,2026-03-30 19:32:06.333434,XGBoost
4374-YMUSQ,5.2659256e-05,Low,0.006121638480180991,2026-03-30 19:32:06.333434,XGBoost
4376-KFVRS,6.533716e-05,Low,0.007451703186598024,2026-03-30 19:32:06.333434,XGBoost
4377-VDHYI,0.0096543515,Low,0.8766151171177625,2026-03-30 19:32:06.333434,XGBoost
4378-BZYFP,0.0025143619,Low,0.05154441832564771,2026-03-30 19:32:06.333434,XGBoost
4378-MYPGO,0.00010120489,Low,0.010651814543962246,2026-03-30 19:32:06.333434,XGBoost
4381-MHQDC,6.985931e-05,Low,0.004540854934020899,2026-03-30 19:32:06.333434,XGBoost
4385-GZQXV,0.9992893,High,94.3828719496727,2026-03-30 19:32:06.333434,XGBoost
4385-ZKVNW,0.00016107252,Low,0.008842881115560886,2026-03-30 19:32:06.333434,XGBoost
4389-UEFCZ,0.00037737307,Low,0.03981285903137177,2026-03-30 19:32:06.333434,XGBoost
4390-KYULV,0.99914765,High,20.53248428106308,2026-03-30 19:32:06.333434,XGBoost
4391-LNRXK,0.00016421865,Low,0.015592561234370805,2026-03-30 19:32:06.333434,XGBoost
4391-RESHN,0.99915504,High,103.96208238601685,2026-03-30 19:32:06.333434,XGBoost
4393-GEADV,0.0057515986,Low,0.659995942376554,2026-03-30 19:32:06.333434,XGBoost
4393-OBCRR,0.0001625796,Low,0.003292236888228217,2026-03-30 19:32:06.333434,XGBoost
4393-RYCRE,0.00017180564,Low,0.018219988614146133,2026-03-30 19:32:06.333434,XGBoost
4395-PZMSN,0.00028072813,Low,0.02401629127416527,2026-03-30 19:32:06.333434,XGBoost
4396-KLSEH,0.10419688,Low,2.0683079943060876,2026-03-30 19:32:06.333434,XGBoost
4397-FRLTA,0.029558925,Low,0.5956123379059135,2026-03-30 19:32:06.333434,XGBoost
4398-HSCJH,0.86424,High,54.965663409233095,2026-03-30 19:32:06.333434,XGBoost
4402-FTBXC,0.08025277,Low,7.206698441505432,2026-03-30 19:32:06.333434,XGBoost
4403-BWPAY,0.00011252912,Low,0.002790722087956965,2026-03-30 19:32:06.333434,XGBoost
4404-HIBDJ,0.9990307,High,74.22798169851303,2026-03-30 19:32:06.333434,XGBoost
4412-YLTKF,0.99823004,High,77.91185462772846,2026-03-30 19:32:06.333434,XGBoost
4415-IJZTP,0.9843315,High,73.33269590139389,2026-03-30 19:32:06.333434,XGBoost
4415-WNGVR,0.00025130823,Low,0.019903611741028726,2026-03-30 19:32:06.333434,XGBoost
4418-LZMSV,0.00031640253,Low,0.01955367608461529,2026-03-30 19:32:06.333434,XGBoost
4419-UJMUS,0.007138479,Low,0.7092078921617939,2026-03-30 19:32:06.333434,XGBoost
4422-QVIJA,0.0012765055,Low,0.06401675227680244,2026-03-30 19:32:06.333434,XGBoost
4423-JWZJN,8.869578e-06,Low,0.0008004794026419404,2026-03-30 19:32:06.333434,XGBoost
4423-YLHDV,0.9695136,High,101.21721932888032,2026-03-30 19:32:06.333434,XGBoost
4424-TKOPW,0.8740741,High,82.03185442090034,2026-03-30 19:32:06.333434,XGBoost
4425-OWHWB,0.007441506,Low,0.14399313703179362,2026-03-30 19:32:06.333434,XGBoost
4429-WYGFR,9.958415e-05,Low,0.004894560844331863,2026-03-30 19:32:06.333434,XGBoost
4430-UZIPO,0.9998579,High,36.84476370811463,2026-03-30 19:32:06.333434,XGBoost
4430-YHXGG,0.026361452,Low,0.6708989639766514,2026-03-30 19:32:06.333434,XGBoost
4431-EDMIQ,0.0030564405,Low,0.23137254603207114,2026-03-30 19:32:06.333434,XGBoost
4432-ADRLB,0.9992901,High,44.618303352594374,2026-03-30 19:32:06.333434,XGBoost
4433-JCGCG,0.9998029,High,100.9800916314125,2026-03-30 19:32:06.333434,XGBoost
4439-JMPMT,0.8876609,High,76.11692394316196,2026-03-30 19:32:06.333434,XGBoost
4439-YRNVD,0.0003063853,Low,0.011106467391073238,2026-03-30 19:32:06.333434,XGBoost
4441-NIHPT,0.9957974,High,73.98774650096892,2026-03-30 19:32:06.333434,XGBoost
4443-EMBNA,0.00024585682,Low,0.006084956286940724,2026-03-30 19:32:06.333434,XGBoost
4445-KWOKW,3.8076698e-05,Low,0.0022903133738509493,2026-03-30 19:32:06.333434,XGBoost
4445-ZJNMU,0.20360173,Low,20.217652072012424,2026-03-30 19:32:06.333434,XGBoost
4446-BZKHU,0.9994849,High,105.49563084244728,2026-03-30 19:32:06.333434,XGBoost
4450-DLLMH,0.0002380312,Low,0.016971625067526475,2026-03-30 19:32:06.333434,XGBoost
4450-MDZFX,5.4906614e-06,Low,0.000408230671473575,2026-03-30 19:32:06.333434,XGBoost
4450-YOOHP,6.474527e-05,Low,0.0032793478698295076,2026-03-30 19:32:06.333434,XGBoost
4451-RWASJ,0.00030644695,Low,0.005975715510430746,2026-03-30 19:32:06.333434,XGBoost
4452-QIIEB,0.15317701,Low,6.724470652639866,2026-03-30 19:32:06.333434,XGBoost
4452-ROHMO,7.253566e-05,Low,0.0014216989075066522,2026-03-30 19:32:06.333434,XGBoost
4455-BFSPD,0.037918266,Low,3.835432596690953,2026-03-30 19:32:06.333434,XGBoost
4456-RHSNB,4.303633e-05,Low,0.0021346019115298987,2026-03-30 19:32:06.333434,XGBoost
4458-KVRBJ,0.0021216907,Low,0.05304226651787758,2026-03-30 19:32:06.333434,XGBoost
4459-BBGHE,2.4632467e-05,Low,0.0010961447860609042,2026-03-30 19:32:06.333434,XGBoost
4462-CYWMH,0.043918397,Low,3.9438720755279064,2026-03-30 19:32:06.333434,XGBoost
4464-JCOLN,0.0020043526,Low,0.03978639972629026,2026-03-30 19:32:06.333434,XGBoost
4465-VDKIQ,8.349198e-05,Low,0.0064956758433254436,2026-03-30 19:32:06.333434,XGBoost
4468-KAZHE,0.00069715653,Low,0.04182939184829593,2026-03-30 19:32:06.333434,XGBoost
4468-YDOVK,0.13605456,Low,6.619054370373488,2026-03-30 19:32:06.333434,XGBoost
4471-KXAUH,0.9996972,High,84.2744746685028,2026-03-30 19:32:06.333434,XGBoost
4472-VESGY,0.00010715831,Low,0.010517588139191503,2026-03-30 19:32:06.333434,XGBoost
4475-NVTLU,2.080149e-05,Low,0.00039938860572874546,2026-03-30 19:32:06.333434,XGBoost
4476-OSWTN,0.0003508976,Low,0.03879173054883722,2026-03-30 19:32:06.333434,XGBoost
4480-MBMLB,0.060856536,Low,6.377764976024627,2026-03-30 19:32:06.333434,XGBoost
4480-QQRHC,0.24155892,Low,17.887438345700502,2026-03-30 19:32:06.333434,XGBoost
4482-EWFMI,0.0005356113,Low,0.03733210733626038,2026-03-30 19:32:06.333434,XGBoost
4482-FTFFX,0.38415864,Low,21.57050769776106,2026-03-30 19:32:06.333434,XGBoost
4484-CGXFK,0.9985246,High,55.21841072440147,2026-03-30 19:32:06.333434,XGBoost
4484-GLZOU,0.80664897,High,84.73847426176071,2026-03-30 19:32:06.333434,XGBoost
4486-EFAEB,9.933699e-05,Low,0.0020264746039174494,2026-03-30 19:32:06.333434,XGBoost
4487-ZYJZK,2.9976904e-05,Low,0.000587547309260117,2026-03-30 19:32:06.333434,XGBoost
4488-KQFDT,0.0009127303,Low,0.09487831375154201,2026-03-30 19:32:06.333434,XGBoost
4488-PSYCG,0.99915266,High,20.23284137248993,2026-03-30 19:32:06.333434,XGBoost
4489-SNOJF,0.99925476,High,72.19615663588047,2026-03-30 19:32:06.333434,XGBoost
4495-LHSSK,0.019675517,Low,1.134293581265956,2026-03-30 19:32:06.333434,XGBoost
4500-HKANN,2.3641485e-05,Low,0.0014113966732111295,2026-03-30 19:32:06.333434,XGBoost
4501-EQDRN,0.9997696,High,69.68394307494164,2026-03-30 19:32:06.333434,XGBoost
4501-UYKBC,6.843455e-05,Low,0.004728827438520966,2026-03-30 19:32:06.333434,XGBoost
4501-VCPFK,0.06264932,Low,2.2397130858153105,2026-03-30 19:32:06.333434,XGBoost
4503-BDXBD,0.7860051,High,58.91108072698117,2026-03-30 19:32:06.333434,XGBoost
4504-YOULA,1.0753562e-05,Low,0.0006392992360815697,2026-03-30 19:32:06.333434,XGBoost
4505-EXZHB,0.9988543,High,74.31475839614869,2026-03-30 19:32:06.333434,XGBoost
4508-OEBEY,4.4849483e-05,Low,0.0033861359625007026,2026-03-30 19:32:06.333434,XGBoost
4510-HIMLV,0.99942636,High,69.75996026992797,2026-03-30 19:32:06.333434,XGBoost
4510-PYUSH,0.6706199,Medium,38.32592757046223,2026-03-30 19:32:06.333434,XGBoost
4512-ZUIYL,0.99986875,High,69.99081254005432,2026-03-30 19:32:06.333434,XGBoost
4513-CXYIX,7.44618e-05,Low,0.006009067338891327,2026-03-30 19:32:06.333434,XGBoost
4514-GFCFI,0.99979097,High,84.73228441178799,2026-03-30 19:32:06.333434,XGBoost
4518-FZBSX,5.390015e-05,Low,0.0010914780068560503,2026-03-30 19:32:06.333434,XGBoost
4521-WFJAI,3.437093e-05,Low,0.0008919256053559365,2026-03-30 19:32:06.333434,XGBoost
4521-YEEHE,0.00021284472,Low,0.01891125365073094,2026-03-30 19:32:06.333434,XGBoost
4522-AKYLR,0.00015678714,Low,0.00859193509677425,2026-03-30 19:32:06.333434,XGBoost
4522-XRWWI,0.00037986063,Low,0.030559788004029545,2026-03-30 19:32:06.333434,XGBoost
4523-WXCEF,0.999701,High,101.06977343559265,2026-03-30 19:32:06.333434,XGBoost
4524-QCSSM,0.00018937024,Low,0.008455381344538182,2026-03-30 19:32:06.333434,XGBoost
4525-VZCZG,0.00024933426,Low,0.026392031606519595,2026-03-30 19:32:06.333434,XGBoost
4526-EXKKN,0.00047077934,Low,0.01158117179875262,2026-03-30 19:32:06.333434,XGBoost
4526-RMTLL,5.107672e-05,Low,0.0038894922592589867,2026-03-30 19:32:06.333434,XGBoost
4526-ZJJTM,0.00028478663,Low,0.025175137841142715,2026-03-30 19:32:06.333434,XGBoost
4529-CKBCL,0.99954104,High,80.16319174766541,2026-03-30 19:32:06.333434,XGBoost
4530-NDRKU,0.011351527,Low,0.21624658391810955,2026-03-30 19:32:06.333434,XGBoost
4531-AUZNK,1.5012117e-05,Low,0.0014284029153259327,2026-03-30 19:32:06.333434,XGBoost
4534-WGCIR,0.0034266487,Low,0.08618021421134471,2026-03-30 19:32:06.333434,XGBoost
4536-PLEQY,0.17998935,Low,15.308094457536935,2026-03-30 19:32:06.333434,XGBoost
4537-CIBHB,0.00010762775,Low,0.0021794618896819884,2026-03-30 19:32:06.333434,XGBoost
4537-DKTAL,0.44579053,Medium,20.305758607387542,2026-03-30 19:32:06.333434,XGBoost
4538-WNTMJ,5.765385e-05,Low,0.0014384635924216127,2026-03-30 19:32:06.333434,XGBoost
4541-RMRLG,0.99888176,High,19.22847382724285,2026-03-30 19:32:06.333434,XGBoost
4544-RXFMG,2.2158949e-05,Low,0.0009628063306990954,2026-03-30 19:32:06.333434,XGBoost
4546-FOKWR,0.00015730302,Low,0.011758400502003497,2026-03-30 19:32:06.333434,XGBoost
4547-FZJWE,0.105017394,Low,6.2432840630412105,2026-03-30 19:32:06.333434,XGBoost
4547-KQRTM,0.9108849,High,72.91633758842944,2026-03-30 19:32:06.333434,XGBoost
4547-LYTDD,0.77740216,High,56.478267109394075,2026-03-30 19:32:06.333434,XGBoost
4548-SDBKE,0.9996898,High,85.17357244491578,2026-03-30 19:32:06.333434,XGBoost
4549-ZDQYY,0.00011063745,Low,0.0064114400829566875,2026-03-30 19:32:06.333434,XGBoost
4550-EVXNY,0.98594147,High,68.67082336246968,2026-03-30 19:32:06.333434,XGBoost
4550-VBOFE,0.9997968,High,102.92908135950566,2026-03-30 19:32:06.333434,XGBoost
4553-DVPZG,0.21725377,Low,22.018670035898683,2026-03-30 19:32:06.333434,XGBoost
4554-YGZIH,0.99986243,High,90.03761204481124,2026-03-30 19:32:06.333434,XGBoost
4558-CGYCZ,0.00024674,Low,0.004873115089139901,2026-03-30 19:32:06.333434,XGBoost
4558-FANTW,0.99979407,High,91.83108495771884,2026-03-30 19:32:06.333434,XGBoost
4559-UWIHT,0.3682156,Low,30.4330185726285,2026-03-30 19:32:06.333434,XGBoost
4560-WQAQW,5.4090928e-05,Low,0.003716046735280543,2026-03-30 19:32:06.333434,XGBoost
4565-EVZMJ,2.6945727e-05,Low,0.0015871033119765343,2026-03-30 19:32:06.333434,XGBoost
4565-NLZBV,0.00014523443,Low,0.0035800286874291486,2026-03-30 19:32:06.333434,XGBoost
4566-GOLUK,0.99974424,High,107.322543784976,2026-03-30 19:32:06.333434,XGBoost
4566-NECEV,0.00016786053,Low,0.016206934471847487,2026-03-30 19:32:06.333434,XGBoost
4566-QVRRW,0.99875045,High,43.994957244396204,2026-03-30 19:32:06.333434,XGBoost
4567-AKPIA,0.0005973886,Low,0.06517509625991806,2026-03-30 19:32:06.333434,XGBoost
4568-KNYWR,3.175137e-05,Low,0.0020082741229998646,2026-03-30 19:32:06.333434,XGBoost
4568-TTZRT,0.0009728117,Low,0.019845358980819582,2026-03-30 19:32:06.333434,XGBoost
4570-QHXHL,0.107840836,Low,4.718036577105522,2026-03-30 19:32:06.333434,XGBoost
4572-DVCGN,0.9997899,High,80.23313896358013,2026-03-30 19:32:06.333434,XGBoost
4573-JKNAE,0.0012370528,Low,0.023936972493538634,2026-03-30 19:32:06.333434,XGBoost
4576-CSAJH,0.9993475,High,55.11401506364346,2026-03-30 19:32:06.333434,XGBoost
4578-PHJYZ,8.863624e-05,Low,0.006093741467338987,2026-03-30 19:32:06.333434,XGBoost
4580-TMHJU,0.91240245,High,51.23139762580394,2026-03-30 19:32:06.333434,XGBoost
4581-LNWUM,0.18000145,Low,8.847071393579244,2026-03-30 19:32:06.333434,XGBoost
4581-SSPWD,0.9997725,High,75.78275467157364,2026-03-30 19:32:06.333434,XGBoost
4583-PARNH,0.0006800055,Low,0.062254506006138396,2026-03-30 19:32:06.333434,XGBoost
4584-LBNMK,4.4229073e-05,Low,0.001092458101993543,2026-03-30 19:32:06.333434,XGBoost
4585-HETAI,0.9991621,High,73.68820324540138,2026-03-30 19:32:06.333434,XGBoost
4587-NUKOX,0.98289824,High,77.74725041389465,2026-03-30 19:32:06.333434,XGBoost
4587-VVTOX,0.9998161,High,105.28063740134239,2026-03-30 19:32:06.333434,XGBoost
4588-YBNIB,0.9995382,High,19.590948390960694,2026-03-30 19:32:06.333434,XGBoost
4589-IUAJB,0.005896393,Low,0.14298753533512354,2026-03-30 19:32:06.333434,XGBoost
4592-IWTJI,0.9941566,High,29.526450991630554,2026-03-30 19:32:06.333434,XGBoost
4597-ELFTS,0.998514,High,24.862998515367508,2026-03-30 19:32:06.333434,XGBoost
4597-NUCQV,0.9996314,High,101.21267974376678,2026-03-30 19:32:06.333434,XGBoost
4598-XLKNJ,0.9994966,High,98.45041304826736,2026-03-30 19:32:06.333434,XGBoost
4598-ZADCK,0.00068770204,Low,0.036860829079523684,2026-03-30 19:32:06.333434,XGBoost
4603-JANFB,0.99969375,High,69.82860853075981,2026-03-30 19:32:06.333434,XGBoost
4607-CHPCA,0.99901366,High,90.31083507537842,2026-03-30 19:32:06.333434,XGBoost
4608-LCIMN,4.2379324e-05,Low,0.0018922368362837005,2026-03-30 19:32:06.333434,XGBoost
4609-KNNWG,3.1657306e-05,Low,0.0006299803884758148,2026-03-30 19:32:06.333434,XGBoost
4611-ANLQC,0.27353802,Low,13.690578062832355,2026-03-30 19:32:06.333434,XGBoost
4612-SSVHJ,4.3765493e-05,Low,0.0035646993715999996,2026-03-30 19:32:06.333434,XGBoost
4612-THJBS,0.9992255,High,104.66887083649635,2026-03-30 19:32:06.333434,XGBoost
4614-NUVZD,0.99887854,High,81.00904948115348,2026-03-30 19:32:06.333434,XGBoost
4615-PIVVU,0.0002190386,Low,0.014566066922270693,2026-03-30 19:32:06.333434,XGBoost
4616-EWBNJ,0.00016057384,Low,0.003227534107281827,2026-03-30 19:32:06.333434,XGBoost
4616-ULAOA,2.1603433e-05,Low,0.002393660398229258,2026-03-30 19:32:06.333434,XGBoost
4619-EVPHY,0.00049349957,Low,0.044908460578881204,2026-03-30 19:32:06.333434,XGBoost
4622-YNKIJ,0.0020328795,Low,0.1808246321626939,2026-03-30 19:32:06.333434,XGBoost
4623-ZKHLY,0.00034843877,Low,0.007125572861696128,2026-03-30 19:32:06.333434,XGBoost
4625-EWPTF,0.9994412,High,30.432984736561774,2026-03-30 19:32:06.333434,XGBoost
4625-LAMOB,3.7712827e-05,Low,0.0007693416744587011,2026-03-30 19:32:06.333434,XGBoost
4625-XMOYM,2.1081378e-05,Low,0.0005533861667572637,2026-03-30 19:32:06.333434,XGBoost
4626-GYCZP,0.9330049,High,87.56251133978367,2026-03-30 19:32:06.333434,XGBoost
4626-OZDTJ,0.029711295,Low,2.336793345399201,2026-03-30 19:32:06.333434,XGBoost
4627-MIHJH,0.0655924,Low,7.231562180444598,2026-03-30 19:32:06.333434,XGBoost
4628-CTTLA,0.32818693,Low,12.897746318578719,2026-03-30 19:32:06.333434,XGBoost
4628-WQCQQ,0.99986863,High,85.13881396055223,2026-03-30 19:32:06.333434,XGBoost
4629-NRXKX,0.9452436,High,66.54514923095704,2026-03-30 19:32:06.333434,XGBoost
4631-OACRM,0.92556065,High,73.4895158648491,2026-03-30 19:32:06.333434,XGBoost
4632-PAOYU,6.149667e-06,Low,0.0001226858589461699,2026-03-30 19:32:06.333434,XGBoost
4632-XJMEX,1.1785127e-05,Low,0.0007406952221572283,2026-03-30 19:32:06.333434,XGBoost
4633-MKHYU,0.00044699915,Low,0.039514725259505216,2026-03-30 19:32:06.333434,XGBoost
4634-JLRJT,0.001008637,Low,0.02052576328860596,2026-03-30 19:32:06.333434,XGBoost
4635-EJYPD,1.3737941e-05,Low,0.0002603339841698471,2026-03-30 19:32:06.333434,XGBoost
4636-JGAAI,0.101904795,Low,9.054240997880697,2026-03-30 19:32:06.333434,XGBoost
4636-OLWOE,4.0534847e-05,Low,0.002472625688824337,2026-03-30 19:32:06.333434,XGBoost
4636-QRJKY,0.9992454,High,80.43925511837006,2026-03-30 19:32:06.333434,XGBoost
4636-TVXVG,5.0942657e-05,Low,0.001016306012206769,2026-03-30 19:32:06.333434,XGBoost
4640-UHDOS,0.9995437,High,55.924471494555476,2026-03-30 19:32:06.333434,XGBoost
4641-FROLU,1.6373971e-05,Low,0.0003160176489473088,2026-03-30 19:32:06.333434,XGBoost
4644-OBGFZ,6.79578e-05,Low,0.0013251771124487277,2026-03-30 19:32:06.333434,XGBoost
4644-PIZRT,2.200837e-05,Low,0.0015482887832149572,2026-03-30 19:32:06.333434,XGBoost
4646-QZXTF,0.0005352775,Low,0.04349129485490266,2026-03-30 19:32:06.333434,XGBoost
4647-MUZON,0.0024540995,Low,0.23547084493329748,2026-03-30 19:32:06.333434,XGBoost
4647-XXZAM,0.00013110167,Low,0.00596512587799225,2026-03-30 19:32:06.333434,XGBoost
4648-YPBTM,1.5703052e-05,Low,0.0011604555249505211,2026-03-30 19:32:06.333434,XGBoost
4652-NNHNY,0.60423267,Medium,44.62258259654045,2026-03-30 19:32:06.333434,XGBoost
4652-ODEVH,1.788144e-05,Low,0.00043720122575905405,2026-03-30 19:32:06.333434,XGBoost
4654-DLAMQ,0.042721212,Low,4.143957555294037,2026-03-30 19:32:06.333434,XGBoost
4654-GGUII,0.0002811926,Low,0.011303942324593664,2026-03-30 19:32:06.333434,XGBoost
4654-ULTTN,9.7450575e-05,Low,0.007289302986464463,2026-03-30 19:32:06.333434,XGBoost
4656-CAURT,2.746538e-05,Low,0.0006577958363777725,2026-03-30 19:32:06.333434,XGBoost
4657-FWVFY,0.00023255643,Low,0.02240681177645456,2026-03-30 19:32:06.333434,XGBoost
4658-HCOHW,0.9988256,High,102.67927267551421,2026-03-30 19:32:06.333434,XGBoost
4659-NZRUF,0.76609296,High,72.89374476969243,2026-03-30 19:32:06.333434,XGBoost
4660-IRIBM,0.00012669788,Low,0.011136743630049751,2026-03-30 19:32:06.333434,XGBoost
4661-NJEUX,0.0013321578,Low,0.026709763030521572,2026-03-30 19:32:06.333434,XGBoost
4662-EKDPQ,0.9998964,High,62.04357206225395,2026-03-30 19:32:06.333434,XGBoost
4664-NJCMS,0.07891081,Low,4.6991388984024525,2026-03-30 19:32:06.333434,XGBoost
4667-OHGKG,0.9965056,High,19.23255842924118,2026-03-30 19:32:06.333434,XGBoost
4667-QONEA,1.8237626e-05,Low,0.0013650863163093161,2026-03-30 19:32:06.333434,XGBoost
4670-TABXH,0.0023062408,Low,0.25310993258608505,2026-03-30 19:32:06.333434,XGBoost
4671-LXRDQ,0.99993896,High,44.99725341796875,2026-03-30 19:32:06.333434,XGBoost
4671-VJLCL,0.0032181311,Low,0.2569677715189755,2026-03-30 19:32:06.333434,XGBoost
4672-FOTSD,0.0013048328,Low,0.08775000262539834,2026-03-30 19:32:06.333434,XGBoost
4673-KKSLS,0.0021323469,Low,0.18679358437657356,2026-03-30 19:32:06.333434,XGBoost
4674-HGNUA,2.140627e-05,Low,0.0019244236098529656,2026-03-30 19:32:06.333434,XGBoost
4676-MQUEA,0.00012858011,Low,0.01310231339011807,2026-03-30 19:32:06.333434,XGBoost
4676-WLUHT,0.000118159514,Low,0.005458969564642757,2026-03-30 19:32:06.333434,XGBoost
4678-DVQEO,0.947338,High,49.45104281902314,2026-03-30 19:32:06.333434,XGBoost
4680-KUTAJ,0.1479502,Low,8.226031243801117,2026-03-30 19:32:06.333434,XGBoost
4682-BLBUC,0.3716817,Low,26.370815920829774,2026-03-30 19:32:06.333434,XGBoost
4683-WYDOU,7.1670765e-05,Low,0.007711774363997392,2026-03-30 19:32:06.333434,XGBoost
4685-ERGHK,0.09427299,Low,8.192323135584594,2026-03-30 19:32:06.333434,XGBoost
4685-TFLLS,0.009673953,Low,0.1915442705154419,2026-03-30 19:32:06.333434,XGBoost
4686-GEFRM,2.7382317e-05,Low,0.002702634693559958,2026-03-30 19:32:06.333434,XGBoost
4686-UXDML,0.14021273,Low,14.000241047888993,2026-03-30 19:32:06.333434,XGBoost
4690-LLKUA,0.84783155,High,38.19481120407581,2026-03-30 19:32:06.333434,XGBoost
4690-PKDQG,0.00049333996,Low,0.04713863331126049,2026-03-30 19:32:06.333434,XGBoost
4692-NNQRU,0.0003750971,Low,0.02970768981613219,2026-03-30 19:32:06.333434,XGBoost
4693-VWVBO,0.000333438,Low,0.006518712648539804,2026-03-30 19:32:06.333434,XGBoost
4694-PHWFW,0.0003275303,Low,0.006534229243698064,2026-03-30 19:32:06.333434,XGBoost
4695-VADHF,0.9990767,High,57.39695779681206,2026-03-30 19:32:06.333434,XGBoost
4695-WJZUE,0.96360385,High,85.3271212875843,2026-03-30 19:32:06.333434,XGBoost
4697-LUPSU,0.0002466819,Low,0.004982974648009985,2026-03-30 19:32:06.333434,XGBoost
4698-KVLLG,0.0026971458,Low,0.05286405766382814,2026-03-30 19:32:06.333434,XGBoost
4700-UBQMV,4.4349406e-05,Low,0.003366119944257662,2026-03-30 19:32:06.333434,XGBoost
4701-AHWMW,0.5759795,Medium,31.419680154323576,2026-03-30 19:32:06.333434,XGBoost
4701-LKOZD,0.00492873,Low,0.4423535141395405,2026-03-30 19:32:06.333434,XGBoost
4701-MLJPN,0.70780325,High,39.10612952709198,2026-03-30 19:32:06.333434,XGBoost
4702-HDRKD,3.9445033e-05,Low,0.001946612358733546,2026-03-30 19:32:06.333434,XGBoost
4702-IOQDC,0.996714,High,69.86965111494064,2026-03-30 19:32:06.333434,XGBoost
4703-MQYKT,6.0560546e-05,Low,0.0011869866924826057,2026-03-30 19:32:06.333434,XGBoost
4704-ERYFC,0.99799395,High,69.11108076572418,2026-03-30 19:32:06.333434,XGBoost
4706-AXVKM,0.98587036,High,83.601806640625,2026-03-30 19:32:06.333434,XGBoost
4706-DGAHW,0.0024300122,Low,0.10983655219897628,2026-03-30 19:32:06.333434,XGBoost
4707-MAXGU,3.928646e-05,Low,0.0010155550007766578,2026-03-30 19:32:06.333434,XGBoost
4707-YNOQA,2.7383815e-06,Low,7.010256522335113e-05,2026-03-30 19:32:06.333434,XGBoost
4709-LKHYG,8.132304e-05,Low,0.001626460871193558,2026-03-30 19:32:06.333434,XGBoost
4710-FDUIZ,0.8133311,High,81.57711205482482,2026-03-30 19:32:06.333434,XGBoost
4710-NKCAW,3.200991e-05,Low,0.0020614381894120018,2026-03-30 19:32:06.333434,XGBoost
4712-AUQZO,8.190355e-05,Low,0.002751959231682122,2026-03-30 19:32:06.333434,XGBoost
4712-UYOOI,0.0157705,Low,0.3154100105166435,2026-03-30 19:32:06.333434,XGBoost
4713-LZDRV,0.9997987,High,79.58397772312163,2026-03-30 19:32:06.333434,XGBoost
4713-ZBURT,8.9517765e-05,Low,0.008924921214929783,2026-03-30 19:32:06.333434,XGBoost
4716-HHKQH,0.14964484,Low,16.019479777663946,2026-03-30 19:32:06.333434,XGBoost
4716-MRVEN,0.0006037649,Low,0.012075298000127077,2026-03-30 19:32:06.333434,XGBoost
4717-GHADL,1.7386688e-05,Low,0.0013839803919836412,2026-03-30 19:32:06.333434,XGBoost
4718-DHSMV,5.980141e-05,Low,0.002140890424198005,2026-03-30 19:32:06.333434,XGBoost
4718-WXBGI,1.5993319e-05,Low,0.0014705856647196924,2026-03-30 19:32:06.333434,XGBoost
4719-UMSIY,0.00023149852,Low,0.004548945872375042,2026-03-30 19:32:06.333434,XGBoost
4720-VSTSI,0.6528863,Medium,55.36475582122802,2026-03-30 19:32:06.333434,XGBoost
4723-BEGSG,0.000106890824,Low,0.00926208990822488,2026-03-30 19:32:06.333434,XGBoost
4724-WXVWF,0.00022287489,Low,0.021262264758115636,2026-03-30 19:32:06.333434,XGBoost
4726-DLWQN,1.1391787e-05,Low,0.0008014121983251243,2026-03-30 19:32:06.333434,XGBoost
4727-MCYZG,0.0009176299,Low,0.05097434210474602,2026-03-30 19:32:06.333434,XGBoost
4729-XKASR,0.99329066,High,24.583943903446198,2026-03-30 19:32:06.333434,XGBoost
4730-AWNAU,0.013842099,Low,0.840215430315584,2026-03-30 19:32:06.333434,XGBoost
4732-RRJZC,0.00015992885,Low,0.003238559245801298,2026-03-30 19:32:06.333434,XGBoost
4735-ASGMA,0.9989773,High,98.24941779971122,2026-03-30 19:32:06.333434,XGBoost
4735-BJKOU,1.7552018e-05,Low,0.00035367316486372146,2026-03-30 19:32:06.333434,XGBoost
4737-AQCPU,5.9467762e-05,Low,0.004287625653523718,2026-03-30 19:32:06.333434,XGBoost
4737-HOBAX,0.0003808999,Low,0.03039581223274581,2026-03-30 19:32:06.333434,XGBoost
4741-WWJQZ,0.0032014532,Low,0.2565964778303169,2026-03-30 19:32:06.333434,XGBoost
4742-DRORA,0.00011542156,Low,0.0110112165362807,2026-03-30 19:32:06.333434,XGBoost
4742-TXUEX,3.5080346e-05,Low,0.0006770506719476543,2026-03-30 19:32:06.333434,XGBoost
4745-LSPLO,0.99938715,High,20.4874364733696,2026-03-30 19:32:06.333434,XGBoost
4747-LCAQL,0.00018822605,Low,0.014869858336169273,2026-03-30 19:32:06.333434,XGBoost
4749-OJKQU,0.00035651235,Low,0.026970159121265172,2026-03-30 19:32:06.333434,XGBoost
4749-VFKVB,0.998723,High,50.03602082133293,2026-03-30 19:32:06.333434,XGBoost
4750-UKWJK,0.014048145,Low,0.2753436449915171,2026-03-30 19:32:06.333434,XGBoost
4750-ZRXIU,0.99968123,High,84.5730324268341,2026-03-30 19:32:06.333434,XGBoost
4751-ERMAN,0.00017311262,Low,0.013052691917982884,2026-03-30 19:32:06.333434,XGBoost
4753-PADAS,0.038941786,Low,4.116146747767925,2026-03-30 19:32:06.333434,XGBoost
4759-PXTAN,0.00051534746,Low,0.041279331792611625,2026-03-30 19:32:06.333434,XGBoost
4759-TRPLW,0.88350743,High,62.19892311096192,2026-03-30 19:32:06.333434,XGBoost
4760-THGOT,0.2078343,Low,19.557207947969435,2026-03-30 19:32:06.333434,XGBoost
4760-XOHVN,0.99835604,High,19.41802506148815,2026-03-30 19:32:06.333434,XGBoost
4763-PGDPO,0.99868053,High,70.30710945129395,2026-03-30 19:32:06.333434,XGBoost
4765-OXPPD,0.11391598,Low,7.404538691043854,2026-03-30 19:32:06.333434,XGBoost
4767-HZZHQ,9.573326e-05,Low,0.007854913943083375,2026-03-30 19:32:06.333434,XGBoost
4770-QAZXN,0.00016444398,Low,0.003198435337981209,2026-03-30 19:32:06.333434,XGBoost
4770-UEZOX,0.00031268765,Low,0.023373402174911462,2026-03-30 19:32:06.333434,XGBoost
4774-HHGGS,2.7048838e-05,Low,0.0005152803656528704,2026-03-30 19:32:06.333434,XGBoost
4776-XSKYQ,5.380704e-05,Low,0.0016276630112770363,2026-03-30 19:32:06.333434,XGBoost
4778-IZARL,2.3950057e-05,Low,0.002636901259938895,2026-03-30 19:32:06.333434,XGBoost
4779-ZGICK,0.0011966337,Low,0.028180723049445078,2026-03-30 19:32:06.333434,XGBoost
4781-ZXYGU,0.00059264444,Low,0.011941785522503778,2026-03-30 19:32:06.333434,XGBoost
4782-OSFXZ,1.8011031e-05,Low,0.0014895122627422098,2026-03-30 19:32:06.333434,XGBoost
4785-FCIFB,0.00016376768,Low,0.0039959312940482045,2026-03-30 19:32:06.333434,XGBoost
4785-NKHCX,0.00018318606,Low,0.0036728804479935206,2026-03-30 19:32:06.333434,XGBoost
4785-QRJHC,0.69560236,Medium,41.66658120751381,2026-03-30 19:32:06.333434,XGBoost
4786-UKSNZ,0.99948716,High,20.18964066505432,2026-03-30 19:32:06.333434,XGBoost
4789-KWMXN,0.99936384,High,110.77948162257671,2026-03-30 19:32:06.333434,XGBoost
4791-QRGMF,0.86548877,High,86.11613237857819,2026-03-30 19:32:06.333434,XGBoost
4795-KTRTH,0.99986637,High,80.9891756772995,2026-03-30 19:32:06.333434,XGBoost
4795-UXVCJ,0.000807172,Low,0.015982005174737423,2026-03-30 19:32:06.333434,XGBoost
4795-WRNVT,8.6301494e-05,Low,0.005618227250670315,2026-03-30 19:32:06.333434,XGBoost
4797-AXPXK,0.9985279,High,59.911673069000244,2026-03-30 19:32:06.333434,XGBoost
4797-MIWUM,0.00023473958,Low,0.004753476463520201,2026-03-30 19:32:06.333434,XGBoost
4800-CZMPC,0.2890806,Low,29.847570918500423,2026-03-30 19:32:06.333434,XGBoost
4800-VHZKI,0.9994137,High,19.888333201408386,2026-03-30 19:32:06.333434,XGBoost
4801-JZAZL,0.00012857141,Low,0.003805713728070259,2026-03-30 19:32:06.333434,XGBoost
4801-KFYKL,0.00015746838,Low,0.00306276008268469,2026-03-30 19:32:06.333434,XGBoost
4803-AXVYP,0.9998888,High,99.53892782330513,2026-03-30 19:32:06.333434,XGBoost
4803-LBYPN,1.3836408e-05,Low,0.0002877972772694193,2026-03-30 19:32:06.333434,XGBoost
4804-NCPET,4.181381e-05,Low,0.0008446389932942111,2026-03-30 19:32:06.333434,XGBoost
4806-DXQCE,0.00016763483,Low,0.01905169875972206,2026-03-30 19:32:06.333434,XGBoost
4806-HIPDW,0.9870716,High,68.05858500897885,2026-03-30 19:32:06.333434,XGBoost
4806-KEXQR,0.9419011,High,75.25789691209793,2026-03-30 19:32:06.333434,XGBoost
4807-IZYOZ,0.0055456893,Low,0.1145184831926599,2026-03-30 19:32:06.333434,XGBoost
4808-YNLEU,0.00017032344,Low,0.010585602092032785,2026-03-30 19:32:06.333434,XGBoost
4811-JBUVU,0.00020163186,Low,0.01812670432846062,2026-03-30 19:32:06.333434,XGBoost
4813-HQMGZ,0.35421225,Low,31.967655949294567,2026-03-30 19:32:06.333434,XGBoost
4815-GBTCD,0.00050714327,Low,0.012754653187585063,2026-03-30 19:32:06.333434,XGBoost
4815-TUMEQ,0.0002558527,Low,0.0049379572039470075,2026-03-30 19:32:06.333434,XGBoost
4815-YOSUK,5.1667626e-05,Low,0.005419934008750716,2026-03-30 19:32:06.333434,XGBoost
4816-JBHOV,0.9995759,High,44.681043308973315,2026-03-30 19:32:06.333434,XGBoost
4816-LXZYW,0.81324506,High,64.36834634542465,2026-03-30 19:32:06.333434,XGBoost
4816-OKWNX,0.013297835,Low,1.3749961767345669,2026-03-30 19:32:06.333434,XGBoost
4817-KEQSP,2.333326e-05,Low,0.0004631651986528596,2026-03-30 19:32:06.333434,XGBoost
4817-QRJSX,0.9992065,High,80.93572515249252,2026-03-30 19:32:06.333434,XGBoost
4817-VYYWS,0.9990687,High,100.10668147802353,2026-03-30 19:32:06.333434,XGBoost
4818-DRBQT,0.9995041,High,80.11025276184083,2026-03-30 19:32:06.333434,XGBoost
4818-QIUFN,0.99931693,High,79.09593507051468,2026-03-30 19:32:06.333434,XGBoost
4819-HJPIW,2.8162143e-05,Low,0.000708277903504495,2026-03-30 19:32:06.333434,XGBoost
4821-SJHJV,0.00015595321,Low,0.013973407633602618,2026-03-30 19:32:06.333434,XGBoost
4821-WQOYN,4.68166e-05,Low,0.000941013658666634,2026-03-30 19:32:06.333434,XGBoost
4822-LPTYJ,5.0225175e-05,Low,0.005210861913838016,2026-03-30 19:32:06.333434,XGBoost
4822-NGOCH,0.8049238,High,67.97581261396408,2026-03-30 19:32:06.333434,XGBoost
4822-RVYBB,0.999476,High,100.54728716611862,2026-03-30 19:32:06.333434,XGBoost
4822-YCXMX,0.5909892,Medium,50.11588182449341,2026-03-30 19:32:06.333434,XGBoost
4824-GUCBY,4.468005e-05,Low,0.0036503601961157986,2026-03-30 19:32:06.333434,XGBoost
4825-FUREZ,0.00034807358,Low,0.007048489911539946,2026-03-30 19:32:06.333434,XGBoost
4825-XJGDM,6.3827254e-05,Low,0.0027892510021047204,2026-03-30 19:32:06.333434,XGBoost
4826-DXMUP,1.4473261e-05,Low,0.0010435221337502297,2026-03-30 19:32:06.333434,XGBoost
4826-TZEVA,0.0002696997,Low,0.020173537277150898,2026-03-30 19:32:06.333434,XGBoost
4826-XTSOH,0.9999417,High,86.0449838578701,2026-03-30 19:32:06.333434,XGBoost
4827-DPADN,6.2730455e-06,Low,0.0005225446925123833,2026-03-30 19:32:06.333434,XGBoost
4827-LTQRJ,0.0017045853,Low,0.1885271311737597,2026-03-30 19:32:06.333434,XGBoost
4827-USJHP,0.00016534363,Low,0.008564800233580172,2026-03-30 19:32:06.333434,XGBoost
4828-FAZPK,0.011179975,Low,0.8938390199560672,2026-03-30 19:32:06.333434,XGBoost
4829-AUOAX,0.9310207,High,89.42453603446484,2026-03-30 19:32:06.333434,XGBoost
4829-ZLJTK,2.5170006e-05,Low,0.002829108646983514,2026-03-30 19:32:06.333434,XGBoost
4830-FAXFM,0.00016699877,Low,0.004024670325452462,2026-03-30 19:32:06.333434,XGBoost
4831-EOBFE,0.8916983,High,84.39924417436123,2026-03-30 19:32:06.333434,XGBoost
4832-VRBMR,0.00014241732,Low,0.014690346995485016,2026-03-30 19:32:06.333434,XGBoost
4833-QTJNO,5.774227e-05,Low,0.004841689241948188,2026-03-30 19:32:06.333434,XGBoost
4835-YSJMR,5.386932e-05,Low,0.0026826921486645004,2026-03-30 19:32:06.333434,XGBoost
4836-WNFNO,1.323284e-05,Low,0.0003308209898023051,2026-03-30 19:32:06.333434,XGBoost
4837-PZTIC,3.493742e-05,Low,0.001463877915739431,2026-03-30 19:32:06.333434,XGBoost
4837-QUSFT,0.06123455,Low,6.132640051096678,2026-03-30 19:32:06.333434,XGBoost
4840-ORQXB,0.00013282403,Low,0.013913317387050483,2026-03-30 19:32:06.333434,XGBoost
4844-JJWUY,0.9999517,High,85.99584794044495,2026-03-30 19:32:06.333434,XGBoost
4846-WHAFZ,0.9479747,High,72.52006316184998,2026-03-30 19:32:06.333434,XGBoost
4847-QNOKA,0.8611967,High,38.66773168444633,2026-03-30 19:32:06.333434,XGBoost
4847-TAJYI,0.23036885,Low,20.583456981182096,2026-03-30 19:32:06.333434,XGBoost
4849-PYRLQ,3.3929296e-05,Low,0.0024853209670254728,2026-03-30 19:32:06.333434,XGBoost
4851-BQDNX,8.78865e-05,Low,0.007474747082233079,2026-03-30 19:32:06.333434,XGBoost
4853-OITSN,3.248503e-05,Low,0.00289604040717677,2026-03-30 19:32:06.333434,XGBoost
4853-RULSV,0.88581383,High,92.12463855743408,2026-03-30 19:32:06.333434,XGBoost
4854-CIDCF,0.2510664,Low,18.54125265777111,2026-03-30 19:32:06.333434,XGBoost
4854-SSLTN,0.0006312919,Low,0.03756186715327203,2026-03-30 19:32:06.333434,XGBoost
4855-SNKMY,0.9335269,High,41.16853512525559,2026-03-30 19:32:06.333434,XGBoost
4859-ZSRDZ,0.0892318,Low,4.952364709228277,2026-03-30 19:32:06.333434,XGBoost
4860-IJUDE,0.11848464,Low,8.738242099061608,2026-03-30 19:32:06.333434,XGBoost
4860-YZGZM,0.00016092422,Low,0.0032184843439608812,2026-03-30 19:32:06.333434,XGBoost
4868-AADLV,0.0001119344,Low,0.013012374174650176,2026-03-30 19:32:06.333434,XGBoost
4869-EPIUS,0.0002627188,Low,0.021253950372920372,2026-03-30 19:32:06.333434,XGBoost
4871-JTKJF,0.99979335,High,69.63560687601567,2026-03-30 19:32:06.333434,XGBoost
4872-JCVCA,0.00075528905,Low,0.03595175857190043,2026-03-30 19:32:06.333434,XGBoost
4872-VXRIL,0.012602387,Low,0.8147443193010987,2026-03-30 19:32:06.333434,XGBoost
4873-ILOLJ,0.77103144,High,69.66269054114818,2026-03-30 19:32:06.333434,XGBoost
4877-EVATK,0.9986765,High,19.97352957725525,2026-03-30 19:32:06.333434,XGBoost
4877-TSOFF,7.0372944e-06,Low,0.0005330750493612868,2026-03-30 19:32:06.333434,XGBoost
4878-BUNFV,0.0009068845,Low,0.01877250905963592,2026-03-30 19:32:06.333434,XGBoost
4879-GZLFH,0.00027340636,Low,0.025194396080041773,2026-03-30 19:32:06.333434,XGBoost
4881-GQJTW,9.179165e-05,Low,0.001799116295296699,2026-03-30 19:32:06.333434,XGBoost
4881-JVQOD,0.00023308696,Low,0.008053154505614656,2026-03-30 19:32:06.333434,XGBoost
4883-KCPZJ,0.0007729579,Low,0.019517187552992254,2026-03-30 19:32:06.333434,XGBoost
4883-QICIH,0.99930143,High,69.70127499103546,2026-03-30 19:32:06.333434,XGBoost
4884-LEVMQ,0.0047843633,Low,0.09784022993408144,2026-03-30 19:32:06.333434,XGBoost
4884-TVUQF,6.7513785e-05,Low,0.006839146453421562,2026-03-30 19:32:06.333434,XGBoost
4884-ZTHVF,0.2979456,Low,25.9510607868433,2026-03-30 19:32:06.333434,XGBoost
4890-VMUAV,2.9508283e-05,Low,0.002109842216668767,2026-03-30 19:32:06.333434,XGBoost
4891-NLUBA,1.17072295e-05,Low,0.0007194092547706532,2026-03-30 19:32:06.333434,XGBoost
4892-VLANZ,0.99983597,High,19.796752166748046,2026-03-30 19:32:06.333434,XGBoost
4893-GYUJU,7.872197e-05,Low,0.0015232700952765301,2026-03-30 19:32:06.333434,XGBoost
4895-TMWIR,0.09359589,Low,1.8672380492091178,2026-03-30 19:32:06.333434,XGBoost
4896-CPRPF,2.2810109e-05,Low,0.0005805172722830321,2026-03-30 19:32:06.333434,XGBoost
4897-QSUYC,0.99959475,High,20.141834172606465,2026-03-30 19:32:06.333434,XGBoost
4900-MSOMT,5.891449e-06,Low,0.00047249419667423355,2026-03-30 19:32:06.333434,XGBoost
4902-OHLSK,0.99952674,High,98.6033128142357,2026-03-30 19:32:06.333434,XGBoost
4903-CNOZC,1.7288427e-05,Low,0.0012257494412551751,2026-03-30 19:32:06.333434,XGBoost
4903-UYAVB,0.99904424,High,19.331506034731866,2026-03-30 19:32:06.333434,XGBoost
4905-JEFDW,0.99938595,High,41.574455642700194,2026-03-30 19:32:06.333434,XGBoost
4906-ZHGPK,0.07160738,Low,5.062641844153404,2026-03-30 19:32:06.333434,XGBoost
4908-XAXAY,8.147969e-05,Low,0.0073209499354561555,2026-03-30 19:32:06.333434,XGBoost
4909-JOUPP,3.7363516e-05,Low,0.004098777675608289,2026-03-30 19:32:06.333434,XGBoost
4910-AQFFX,0.9974362,High,79.14656448662281,2026-03-30 19:32:06.333434,XGBoost
4910-GMJOT,0.9998072,High,94.58175913095474,2026-03-30 19:32:06.333434,XGBoost
4911-BANWH,0.72391146,High,62.65453722774982,2026-03-30 19:32:06.333434,XGBoost
4912-PIGUY,0.0003949977,Low,0.03341680633602664,2026-03-30 19:32:06.333434,XGBoost
4913-EHYUI,0.9998683,High,104.5362280189991,2026-03-30 19:32:06.333434,XGBoost
4915-BFSXL,4.502136e-06,Low,0.0003104222846104676,2026-03-30 19:32:06.333434,XGBoost
4918-FYJNT,9.186931e-05,Low,0.008309579206252238,2026-03-30 19:32:06.333434,XGBoost
4918-QLLIW,0.47178972,Medium,25.193570923805236,2026-03-30 19:32:06.333434,XGBoost
4919-IKATY,0.99988663,High,84.49042040109634,2026-03-30 19:32:06.333434,XGBoost
4919-MOAVT,0.99950373,High,69.61543491482735,2026-03-30 19:32:06.333434,XGBoost
4922-CVPDX,0.0041292594,Low,0.30350056453607976,2026-03-30 19:32:06.333434,XGBoost
4923-ADWXJ,0.040192503,Low,2.6446667291224,2026-03-30 19:32:06.333434,XGBoost
4925-LMHOK,0.99635243,High,58.386252641677856,2026-03-30 19:32:06.333434,XGBoost
4926-UMJZD,0.0004430854,Low,0.02179980108048767,2026-03-30 19:32:06.333434,XGBoost
4927-WWOOZ,0.002641144,Low,0.24153261658502742,2026-03-30 19:32:06.333434,XGBoost
4929-BSTRX,0.76170456,High,40.789279407262796,2026-03-30 19:32:06.333434,XGBoost
4929-ROART,0.00013544572,Low,0.00761882174629136,2026-03-30 19:32:06.333434,XGBoost
4929-XIHVW,0.13360177,Low,12.758969016373158,2026-03-30 19:32:06.333434,XGBoost
4931-TRZWN,0.22160915,Low,15.944778011739254,2026-03-30 19:32:06.333434,XGBoost
4933-BSAIP,0.0003115269,Low,0.0059501639130758125,2026-03-30 19:32:06.333434,XGBoost
4933-IKULF,0.00011119515,Low,0.00229617984041397,2026-03-30 19:32:06.333434,XGBoost
4936-YPJNK,0.047207937,Low,0.9394379392266273,2026-03-30 19:32:06.333434,XGBoost
4937-QPZPO,6.5388645e-05,Low,0.006532325680745999,2026-03-30 19:32:06.333434,XGBoost
4939-KYYPY,5.839976e-05,Low,0.0034718657763733065,2026-03-30 19:32:06.333434,XGBoost
4940-KHCWD,0.0002443164,Low,0.009210728737525643,2026-03-30 19:32:06.333434,XGBoost
4942-VZZOM,4.1539417e-05,Low,0.002747832434397424,2026-03-30 19:32:06.333434,XGBoost
4945-RVMTE,3.825661e-05,Low,0.0022781811507229578,2026-03-30 19:32:06.333434,XGBoost
4946-EDSEW,0.8545601,High,16.450281485915184,2026-03-30 19:32:06.333434,XGBoost
4947-DSMXK,2.2083215e-05,Low,0.0021575301347183996,2026-03-30 19:32:06.333434,XGBoost
4948-WBBKL,0.001055008,Low,0.07902010169345886,2026-03-30 19:32:06.333434,XGBoost
4950-BDEUX,0.00065083697,Low,0.032021178910508756,2026-03-30 19:32:06.333434,XGBoost
4950-HKQTE,8.015501e-05,Low,0.002104069071720005,2026-03-30 19:32:06.333434,XGBoost
4951-UKAAQ,0.9689686,High,86.18975432217121,2026-03-30 19:32:06.333434,XGBoost
4952-YSOGZ,0.98741144,High,84.86801321804523,2026-03-30 19:32:06.333434,XGBoost
4955-VCWBI,0.0009956004,Low,0.01991200726479292,2026-03-30 19:32:06.333434,XGBoost
4957-SREEC,2.5869971e-05,Low,0.0005264539112431522,2026-03-30 19:32:06.333434,XGBoost
4957-TIALW,0.00021298011,Low,0.013971495488658546,2026-03-30 19:32:06.333434,XGBoost
4957-TREIR,0.00038646316,Low,0.024888227379415186,2026-03-30 19:32:06.333434,XGBoost
4958-GZWIY,0.9974056,High,48.57365216612816,2026-03-30 19:32:06.333434,XGBoost
4958-XCBDQ,0.99969745,High,101.36932110786438,2026-03-30 19:32:06.333434,XGBoost
4959-JOSRX,0.9987011,High,44.54206886291504,2026-03-30 19:32:06.333434,XGBoost
4962-CHQPW,7.3417716e-05,Low,0.001457341654895572,2026-03-30 19:32:06.333434,XGBoost
4967-WPNCF,8.312844e-05,Low,0.00529528172191931,2026-03-30 19:32:06.333434,XGBoost
4971-PUYQO,0.99842393,High,94.40098295807839,2026-03-30 19:32:06.333434,XGBoost
4973-MGTON,9.1345886e-05,Low,0.007709592793253251,2026-03-30 19:32:06.333434,XGBoost
4973-RLZVI,5.634221e-06,Low,0.0004205945974490533,2026-03-30 19:32:06.333434,XGBoost
4976-LNFVV,0.00045106182,Low,0.015471420303219928,2026-03-30 19:32:06.333434,XGBoost
4979-HPRFL,3.745495e-05,Low,0.0009045370195963187,2026-03-30 19:32:06.333434,XGBoost
4980-URKXC,0.03519908,Low,0.7339008109644056,2026-03-30 19:32:06.333434,XGBoost
4981-FLTMF,0.0011066361,Low,0.07215267587453127,2026-03-30 19:32:06.333434,XGBoost
4983-CCWMC,0.00020387302,Low,0.014189561933744698,2026-03-30 19:32:06.333434,XGBoost
4983-CLMLV,0.00023542633,Low,0.024178283780929632,2026-03-30 19:32:06.333434,XGBoost
4986-MXSFP,9.252783e-05,Low,0.0018505565822124481,2026-03-30 19:32:06.333434,XGBoost
4987-GQWPO,0.00014268224,Low,0.0035813242706353777,2026-03-30 19:32:06.333434,XGBoost
4988-IQIGL,0.9999124,High,75.34339792132377,2026-03-30 19:32:06.333434,XGBoost
4989-LIXVT,0.09889839,Low,9.48435545191169,2026-03-30 19:32:06.333434,XGBoost
4990-ALDGW,9.397682e-05,Low,0.001950019046489615,2026-03-30 19:32:06.333434,XGBoost
4992-LTJNE,8.3301115e-05,Low,0.004606551631877664,2026-03-30 19:32:06.333434,XGBoost
4993-JCRGJ,0.2031173,Low,17.12278806120157,2026-03-30 19:32:06.333434,XGBoost
4994-OBRSZ,0.0010645853,Low,0.08101494049187749,2026-03-30 19:32:06.333434,XGBoost
4998-IKFSE,0.00030539726,Low,0.030677154907607473,2026-03-30 19:32:06.333434,XGBoost
4999-IEZLT,1.7180346e-05,Low,0.0005059611844444589,2026-03-30 19:32:06.333434,XGBoost
5002-GCQFH,0.0006887577,Low,0.06463990913180169,2026-03-30 19:32:06.333434,XGBoost
5003-OKNNK,0.0009787481,Low,0.019917523453477772,2026-03-30 19:32:06.333434,XGBoost
5003-XZWWO,8.327292e-05,Low,0.0070115798778715545,2026-03-30 19:32:06.333434,XGBoost
5006-MXVRN,2.7914995e-05,Low,0.0005778404041848262,2026-03-30 19:32:06.333434,XGBoost
5010-IPEAQ,1.4951978e-05,Low,0.0008103972239041469,2026-03-30 19:32:06.333434,XGBoost
5012-YSPJJ,5.8685877e-05,Low,0.003189577407647448,2026-03-30 19:32:06.333434,XGBoost
5013-SBUIH,0.9970381,High,109.32523051500321,2026-03-30 19:32:06.333434,XGBoost
5014-GSOUQ,2.1644553e-05,Low,0.00043180883776585685,2026-03-30 19:32:06.333434,XGBoost
5014-WUQMG,0.0030384534,Low,0.29199537211097776,2026-03-30 19:32:06.333434,XGBoost
5016-ETTFF,0.1704816,Low,5.029207415878773,2026-03-30 19:32:06.333434,XGBoost
5016-IBERQ,0.00041792865,Low,0.03521048858965514,2026-03-30 19:32:06.333434,XGBoost
5016-LIPDW,4.235213e-05,Low,0.00082163133265567,2026-03-30 19:32:06.333434,XGBoost
5018-GWURO,7.472421e-05,Low,0.0063963922380935396,2026-03-30 19:32:06.333434,XGBoost
5018-HEKFO,0.16397077,Low,4.0172838270664215,2026-03-30 19:32:06.333434,XGBoost
5018-LXQQG,0.019132204,Low,1.2684651486575602,2026-03-30 19:32:06.333434,XGBoost
5019-GQVCR,0.00046091687,Low,0.039108796264918054,2026-03-30 19:32:06.333434,XGBoost
5020-ZSTTY,0.99844295,High,82.32162105143071,2026-03-30 19:32:06.333434,XGBoost
5022-JNQEQ,0.0004217793,Low,0.03199195902852807,2026-03-30 19:32:06.333434,XGBoost
5022-KVDQT,0.79893714,High,64.95358963608741,2026-03-30 19:32:06.333434,XGBoost
5025-GOOKI,4.036955e-05,Low,0.0007629844669281737,2026-03-30 19:32:06.333434,XGBoost
5027-QPKTE,0.9984653,High,69.24356852769851,2026-03-30 19:32:06.333434,XGBoost
5027-XWQHA,0.3580842,Low,16.0242680311203,2026-03-30 19:32:06.333434,XGBoost
5027-YOCXN,7.2174735e-05,Low,0.007942829550302122,2026-03-30 19:32:06.333434,XGBoost
5028-GZLDO,0.9985267,High,70.59583715200425,2026-03-30 19:32:06.333434,XGBoost
5028-HTLJB,0.99915063,High,20.032970207929612,2026-03-30 19:32:06.333434,XGBoost
5032-MIYKT,0.00048660455,Low,0.03440294163010549,2026-03-30 19:32:06.333434,XGBoost
5032-USPKF,0.07430599,Low,6.249133662134408,2026-03-30 19:32:06.333434,XGBoost
5035-BVCXS,0.5871569,Medium,44.56520808935166,2026-03-30 19:32:06.333434,XGBoost
5035-PGZXH,0.00013460022,Low,0.014375303982524202,2026-03-30 19:32:06.333434,XGBoost
5038-ETMLM,0.00010664586,Low,0.012120301666072919,2026-03-30 19:32:06.333434,XGBoost
5039-LZRQT,2.5335426e-05,Low,0.0005117756147228646,2026-03-30 19:32:06.333434,XGBoost
5043-TRZWM,0.0017028627,Low,0.12865127511904575,2026-03-30 19:32:06.333434,XGBoost
5044-LRQAQ,0.7432473,High,51.432711124420166,2026-03-30 19:32:06.333434,XGBoost
5044-XDPYX,6.805176e-05,Low,0.0017353199400531594,2026-03-30 19:32:06.333434,XGBoost
5046-NUHWD,0.0002178888,Low,0.009804995788726956,2026-03-30 19:32:06.333434,XGBoost
5047-LHVLY,0.9948902,High,49.893744182586666,2026-03-30 19:32:06.333434,XGBoost
5049-GLYVG,0.9991061,High,20.581585848331454,2026-03-30 19:32:06.333434,XGBoost
5049-MUBWG,0.013384365,Low,1.003827340900898,2026-03-30 19:32:06.333434,XGBoost
5052-PNLOS,0.84608656,High,89.13521927297114,2026-03-30 19:32:06.333434,XGBoost
5054-IEXZT,0.99991727,High,75.34376620054245,2026-03-30 19:32:06.333434,XGBoost
5055-BRMNE,0.00020158803,Low,0.021509442897513508,2026-03-30 19:32:06.333434,XGBoost
5055-MGMGF,0.00016683308,Low,0.017525815115368458,2026-03-30 19:32:06.333434,XGBoost
5056-FIMPT,0.013714022,Low,1.4536863323301077,2026-03-30 19:32:06.333434,XGBoost
5057-LCOUI,0.99966216,High,50.732854664325714,2026-03-30 19:32:06.333434,XGBoost
5057-RKGLH,0.020649003,Low,0.420207208301872,2026-03-30 19:32:06.333434,XGBoost
5060-TQUQN,8.447414e-05,Low,0.007057814155632514,2026-03-30 19:32:06.333434,XGBoost
5061-PBXFW,1.68279e-05,Low,0.0010332330755773,2026-03-30 19:32:06.333434,XGBoost
5062-CJJKH,4.40228e-06,Low,0.00023618231962245772,2026-03-30 19:32:06.333434,XGBoost
5063-IUOKK,0.00026304714,Low,0.005195181067392696,2026-03-30 19:32:06.333434,XGBoost
5066-GFJMM,0.0002492539,Low,0.0049601527309278024,2026-03-30 19:32:06.333434,XGBoost
5067-DGXLL,0.000628971,Low,0.012736663338728249,2026-03-30 19:32:06.333434,XGBoost
5067-WJEUN,1.2311235e-05,Low,0.0006672689352853923,2026-03-30 19:32:06.333434,XGBoost
5067-XJQFU,0.09661532,Low,10.477931663766503,2026-03-30 19:32:06.333434,XGBoost
5071-FBJFS,0.035230733,Low,1.7721058927476405,2026-03-30 19:32:06.333434,XGBoost
5073-RZGBK,1.7580633e-06,Low,0.0001407329642006516,2026-03-30 19:32:06.333434,XGBoost
5073-WXOYN,0.8022297,High,40.753268885612485,2026-03-30 19:32:06.333434,XGBoost
5074-FBGHB,0.10241667,Low,10.717904705181718,2026-03-30 19:32:06.333434,XGBoost
5075-JSDKI,5.31581e-05,Low,0.0012997155214179656,2026-03-30 19:32:06.333434,XGBoost
5076-YVXCM,0.0829809,Low,6.9206071436405185,2026-03-30 19:32:06.333434,XGBoost
5077-DXTCG,0.9998592,High,45.29362238645553,2026-03-30 19:32:06.333434,XGBoost
5081-NWSUP,0.00011981192,Low,0.007775793656037423,2026-03-30 19:32:06.333434,XGBoost
5084-OOVCJ,0.00010939524,Low,0.006055026413014275,2026-03-30 19:32:06.333434,XGBoost
5087-SUURX,0.5679282,Medium,22.177596014738082,2026-03-30 19:32:06.333434,XGBoost
5088-QZLRL,7.843362e-05,Low,0.0016196543056139487,2026-03-30 19:32:06.333434,XGBoost
5089-IFSDP,0.9990453,High,109.34550944268703,2026-03-30 19:32:06.333434,XGBoost
5090-EMGTC,0.035223093,Low,3.5240704430267216,2026-03-30 19:32:06.333434,XGBoost
5091-HFAZW,0.0003978454,Low,0.03626360859489069,2026-03-30 19:32:06.333434,XGBoost
5092-STPKP,9.497628e-05,Low,0.005351913571576006,2026-03-30 19:32:06.333434,XGBoost
5093-FEGLU,0.0005475085,Low,0.010758541559334844,2026-03-30 19:32:06.333434,XGBoost
5095-AESKG,0.99346715,High,90.90224441885948,2026-03-30 19:32:06.333434,XGBoost
5095-ETBRJ,0.0010519931,Low,0.05975320860743522,2026-03-30 19:32:06.333434,XGBoost
5099-BAILX,0.9397382,High,104.07600720226765,2026-03-30 19:32:06.333434,XGBoost
5103-MHMHY,0.9991246,High,45.90977475345135,2026-03-30 19:32:06.333434,XGBoost
5108-ADXWO,0.730793,High,53.71328544616699,2026-03-30 19:32:06.333434,XGBoost
5110-CHOPY,0.0008513603,Low,0.045632913382723926,2026-03-30 19:32:06.333434,XGBoost
5115-GZDEL,6.765675e-06,Low,0.0004546533702523448,2026-03-30 19:32:06.333434,XGBoost
5115-SQAAU,5.913628e-06,Low,0.00015138887101784348,2026-03-30 19:32:06.333434,XGBoost
5117-IFGPS,0.3920706,Low,33.051550859212874,2026-03-30 19:32:06.333434,XGBoost
5117-ZSMHQ,3.5234696e-06,Low,0.0003167599133348631,2026-03-30 19:32:06.333434,XGBoost
5118-MUEYH,0.0011427309,Low,0.1201010214164853,2026-03-30 19:32:06.333434,XGBoost
5119-KEPFY,0.0003917556,Low,0.03721678222063929,2026-03-30 19:32:06.333434,XGBoost
5119-NZPTV,0.20721126,Low,14.525509047508239,2026-03-30 19:32:06.333434,XGBoost
5120-ZBLAI,0.012847948,Low,0.9725896551273764,2026-03-30 19:32:06.333434,XGBoost
5122-CYFXA,0.0010956555,Low,0.08250285844551399,2026-03-30 19:32:06.333434,XGBoost
5124-EOGYE,8.02641e-06,Low,0.00016414008218816888,2026-03-30 19:32:06.333434,XGBoost
5125-CNDSP,0.045340374,Low,1.8408191889524461,2026-03-30 19:32:06.333434,XGBoost
5126-RCXYW,0.001427351,Low,0.0656581474468112,2026-03-30 19:32:06.333434,XGBoost
5127-BZENZ,6.983187e-05,Low,0.0045530378614785155,2026-03-30 19:32:06.333434,XGBoost
5129-HHMZC,0.0017001817,Low,0.14698071201564744,2026-03-30 19:32:06.333434,XGBoost
5129-JLPIS,0.13938864,Low,14.705501072108746,2026-03-30 19:32:06.333434,XGBoost
5130-IEKQT,0.9995609,High,105.90347656905651,2026-03-30 19:32:06.333434,XGBoost
5130-YPIRV,3.320973e-05,Low,0.00239110054099001,2026-03-30 19:32:06.333434,XGBoost
5131-PONJI,0.009044796,Low,0.8176495790481568,2026-03-30 19:32:06.333434,XGBoost
5133-POWUA,0.00041997628,Low,0.019234913488617167,2026-03-30 19:32:06.333434,XGBoost
5133-VRSAB,0.00046101815,Low,0.013530882688064594,2026-03-30 19:32:06.333434,XGBoost
5134-IKDAY,0.9991135,High,69.73812230825423,2026-03-30 19:32:06.333434,XGBoost
5135-GRQJV,6.0517712e-05,Low,0.006929278020834317,2026-03-30 19:32:06.333434,XGBoost
5135-RDDQL,8.1662794e-05,Low,0.004136220536383917,2026-03-30 19:32:06.333434,XGBoost
5136-GFPMB,0.000110211826,Low,0.009852937227697112,2026-03-30 19:32:06.333434,XGBoost
5136-KCKGI,0.7424654,High,76.99365957975388,2026-03-30 19:32:06.333434,XGBoost
5136-RGMZO,0.0002727123,Low,0.019376208340690936,2026-03-30 19:32:06.333434,XGBoost
5138-WVKYJ,0.9180836,High,90.47713958323001,2026-03-30 19:32:06.333434,XGBoost
5140-FOMCQ,0.010833707,Low,1.1824990870431067,2026-03-30 19:32:06.333434,XGBoost
5141-ZUVBH,0.0034520123,Low,0.32103714533150196,2026-03-30 19:32:06.333434,XGBoost
5143-EGQFK,0.999754,High,29.642706444859503,2026-03-30 19:32:06.333434,XGBoost
5143-WMWOG,0.9975395,High,19.900913429260253,2026-03-30 19:32:06.333434,XGBoost
5144-PQCDZ,0.00017071156,Low,0.0034056955999403724,2026-03-30 19:32:06.333434,XGBoost
5144-TVGLP,0.2053602,Low,19.457879327237606,2026-03-30 19:32:06.333434,XGBoost
5146-CBVOE,0.00031925045,Low,0.02397570893517695,2026-03-30 19:32:06.333434,XGBoost
5146-YYFRZ,0.017068014,Low,0.3405068702995777,2026-03-30 19:32:06.333434,XGBoost
5148-HKFIR,0.004398555,Low,0.08665153407491744,2026-03-30 19:32:06.333434,XGBoost
5148-ORICT,0.003941013,Low,0.2930143174482509,2026-03-30 19:32:06.333434,XGBoost
5149-CUZUJ,0.00069954747,Low,0.06498795984080062,2026-03-30 19:32:06.333434,XGBoost
5149-QYTTU,1.065176e-05,Low,0.0010135149660527533,2026-03-30 19:32:06.333434,XGBoost
5149-TGWDZ,0.00059462787,Low,0.06216834368824493,2026-03-30 19:32:06.333434,XGBoost
5150-ITWWB,0.0005122757,Low,0.04858935283846222,2026-03-30 19:32:06.333434,XGBoost
5150-LJNSR,0.013022997,Low,1.276904896693304,2026-03-30 19:32:06.333434,XGBoost
5151-HQRDG,0.00038290047,Low,0.021078670921269804,2026-03-30 19:32:06.333434,XGBoost
5153-LXKDT,0.00042848653,Low,0.04721921539749019,2026-03-30 19:32:06.333434,XGBoost
5153-RTHKF,0.23697366,Low,20.225701727718114,2026-03-30 19:32:06.333434,XGBoost
5154-VEKBL,0.9973072,High,58.34247010946274,2026-03-30 19:32:06.333434,XGBoost
5155-AZQPB,0.0163875,Low,0.8177362434566021,2026-03-30 19:32:06.333434,XGBoost
5156-UMKOW,0.041861217,Low,1.2411850979551673,2026-03-30 19:32:06.333434,XGBoost
5158-RIVOP,0.00024938417,Low,0.005212129253777675,2026-03-30 19:32:06.333434,XGBoost
5159-YFPKQ,0.99989665,High,75.79216573238372,2026-03-30 19:32:06.333434,XGBoost
5160-UXJED,0.12771598,Low,5.69613248705864,2026-03-30 19:32:06.333434,XGBoost
5161-UBZXI,0.00058327685,Low,0.062031493114773184,2026-03-30 19:32:06.333434,XGBoost
5161-XEUVX,0.00023512439,Low,0.022172229910211172,2026-03-30 19:32:06.333434,XGBoost
5167-GBFRE,0.9447045,High,23.806552720069885,2026-03-30 19:32:06.333434,XGBoost
5167-ZFFMM,0.9997013,High,90.82286502420902,2026-03-30 19:32:06.333434,XGBoost
5168-MQQCA,8.640237e-05,Low,0.009374656900035916,2026-03-30 19:32:06.333434,XGBoost
5168-MSWXT,0.0003770719,Low,0.03572756299399771,2026-03-30 19:32:06.333434,XGBoost
5170-PTRKA,0.05810815,Low,2.080271804332733,2026-03-30 19:32:06.333434,XGBoost
5171-EPLKN,1.23518075e-05,Low,0.00024518337941117354,2026-03-30 19:32:06.333434,XGBoost
5172-MIGPM,0.0007710588,Low,0.050542903129826296,2026-03-30 19:32:06.333434,XGBoost
5172-RKOCB,3.0708492e-05,Low,0.003345690200876561,2026-03-30 19:32:06.333434,XGBoost
5173-WXOQV,0.00019367576,Low,0.012433983900700697,2026-03-30 19:32:06.333434,XGBoost
5173-ZXXXL,7.7551194e-05,Low,0.0015471463284484344,2026-03-30 19:32:06.333434,XGBoost
5174-ITUMV,0.00035241945,Low,0.037145009730011225,2026-03-30 19:32:06.333434,XGBoost
5174-RNGBH,0.7448776,High,49.348139464855194,2026-03-30 19:32:06.333434,XGBoost
5175-AOBHI,0.99957734,High,45.980557799339294,2026-03-30 19:32:06.333434,XGBoost
5175-WLYXL,0.12333533,Low,9.72499090284109,2026-03-30 19:32:06.333434,XGBoost
5176-LDKUH,0.067170165,Low,5.047837935760618,2026-03-30 19:32:06.333434,XGBoost
5176-LMJXE,2.6099686e-05,Low,0.000536348542846099,2026-03-30 19:32:06.333434,XGBoost
5176-OLSKT,6.303005e-05,Low,0.004216710291802883,2026-03-30 19:32:06.333434,XGBoost
5177-RVZNU,4.8316884e-05,Low,0.0009808327493374235,2026-03-30 19:32:06.333434,XGBoost
5178-LMXOP,0.99102306,High,94.24629335403442,2026-03-30 19:32:06.333434,XGBoost
5180-UCIIQ,0.8489387,High,33.99999507665634,2026-03-30 19:32:06.333434,XGBoost
5181-OABFK,7.007422e-05,Low,0.004295549479866168,2026-03-30 19:32:06.333434,XGBoost
5183-KLYEM,0.00011726592,Low,0.01322173221524281,2026-03-30 19:32:06.333434,XGBoost
5183-SNMJQ,0.00025171973,Low,0.023938546143472194,2026-03-30 19:32:06.333434,XGBoost
5186-EJEGL,0.5170174,Medium,35.932710975408554,2026-03-30 19:32:06.333434,XGBoost
5186-PEIZU,0.0067366124,Low,0.12967978895176202,2026-03-30 19:32:06.333434,XGBoost
5186-SAMNZ,0.9926958,High,68.9923586845398,2026-03-30 19:32:06.333434,XGBoost
5188-HGMLP,6.280847e-05,Low,0.004647826572181657,2026-03-30 19:32:06.333434,XGBoost
5192-EBGOV,0.997954,High,85.5246587395668,2026-03-30 19:32:06.333434,XGBoost
5193-QLVZB,0.0001293746,Low,0.013551989632105688,2026-03-30 19:32:06.333434,XGBoost
5195-KPUNQ,0.00011631752,Low,0.01125371990565327,2026-03-30 19:32:06.333434,XGBoost
5196-SGOAK,0.99982446,High,75.68671194911003,2026-03-30 19:32:06.333434,XGBoost
5196-WPYOW,5.379787e-06,Low,0.00032305621691648413,2026-03-30 19:32:06.333434,XGBoost
5197-LQXXH,0.0002610932,Low,0.021749063458992166,2026-03-30 19:32:06.333434,XGBoost
5197-PYEPU,4.223678e-05,Low,0.003989263980110991,2026-03-30 19:32:06.333434,XGBoost
5197-YPYBZ,1.5972879e-05,Low,0.0004033151903968246,2026-03-30 19:32:06.333434,XGBoost
5198-EFNBM,7.596088e-05,Low,0.006885853869607672,2026-03-30 19:32:06.333434,XGBoost
5198-HQAEN,0.0006909733,Low,0.06198030551313423,2026-03-30 19:32:06.333434,XGBoost
5199-FPUSP,0.0016781577,Low,0.05714127016835845,2026-03-30 19:32:06.333434,XGBoost
5201-CBWYG,2.4002373e-05,Low,0.0005952588457148522,2026-03-30 19:32:06.333434,XGBoost
5201-FRKKS,3.7323134e-05,Low,0.0027731088684959104,2026-03-30 19:32:06.333434,XGBoost
5201-USSQZ,0.5884096,Medium,50.544384866952896,2026-03-30 19:32:06.333434,XGBoost
5202-IVJNU,0.0065140235,Low,0.1960721080657095,2026-03-30 19:32:06.333434,XGBoost
5203-XEHAX,4.9264632e-05,Low,0.003170179085464042,2026-03-30 19:32:06.333434,XGBoost
5204-HMGYF,0.00050165656,Low,0.04374445164576173,2026-03-30 19:32:06.333434,XGBoost
5204-QZXPU,0.67431957,Medium,26.736770763993263,2026-03-30 19:32:06.333434,XGBoost
5206-HPJKM,2.0395251e-05,Low,0.0011319364493829198,2026-03-30 19:32:06.333434,XGBoost
5206-XZZQI,0.09004104,Low,7.257307934761047,2026-03-30 19:32:06.333434,XGBoost
5207-PLSTK,0.0032393162,Low,0.15791666315635666,2026-03-30 19:32:06.333434,XGBoost
5208-FVQKB,2.440547e-05,Low,0.0016583516836362834,2026-03-30 19:32:06.333434,XGBoost
5208-HFSBT,0.99907744,High,54.999213033914565,2026-03-30 19:32:06.333434,XGBoost
5213-TWWJU,0.7173692,High,65.28059709072113,2026-03-30 19:32:06.333434,XGBoost
5214-CHIWJ,0.00052914873,Low,0.01074171926593408,2026-03-30 19:32:06.333434,XGBoost
5214-NLTIT,4.464745e-06,Low,0.000405398842485738,2026-03-30 19:32:06.333434,XGBoost
5215-LNLDJ,0.00026973724,Low,0.006662509831949137,2026-03-30 19:32:06.333434,XGBoost
5216-WASFJ,0.00010387936,Low,0.008814163988790823,2026-03-30 19:32:06.333434,XGBoost
5219-YIPTK,0.8304955,High,86.7037277698517,2026-03-30 19:32:06.333434,XGBoost
5220-AGAAX,1.2855434e-05,Low,0.00030853041243972257,2026-03-30 19:32:06.333434,XGBoost
5222-IMUKT,0.42219922,Medium,38.441238932311535,2026-03-30 19:32:06.333434,XGBoost
5222-JCXZT,0.00010215723,Low,0.001940987400303129,2026-03-30 19:32:06.333434,XGBoost
5223-UZAVK,0.01330656,Low,1.334647967480123,2026-03-30 19:32:06.333434,XGBoost
5226-NOZFC,7.742883e-05,Low,0.006639521945544402,2026-03-30 19:32:06.333434,XGBoost
5227-JSCFE,0.000120968965,Low,0.005606911543873139,2026-03-30 19:32:06.333434,XGBoost
5228-EXCET,0.99873656,High,80.74785090386867,2026-03-30 19:32:06.333434,XGBoost
5229-DTFYB,0.04041262,Low,3.9927668273448944,2026-03-30 19:32:06.333434,XGBoost
5229-PRWKT,0.77729785,High,67.27512930035591,2026-03-30 19:32:06.333434,XGBoost
5231-FIQPA,4.5809054e-05,Low,0.0009093097303775722,2026-03-30 19:32:06.333434,XGBoost
5232-NXPAY,6.461081e-05,Low,0.004810274745250353,2026-03-30 19:32:06.333434,XGBoost
5233-AOZUF,0.71884966,High,53.877781939506534,2026-03-30 19:32:06.333434,XGBoost
5233-GEEAX,0.99994314,High,29.398328232765195,2026-03-30 19:32:06.333434,XGBoost
5236-PERKL,0.9977851,High,112.69982607364655,2026-03-30 19:32:06.333434,XGBoost
5236-XMZJY,0.21692714,Low,12.939703957736493,2026-03-30 19:32:06.333434,XGBoost
5240-CAOYT,6.307172e-05,Low,0.005521928964662947,2026-03-30 19:32:06.333434,XGBoost
5240-IJOQT,0.9997092,High,74.67827641367913,2026-03-30 19:32:06.333434,XGBoost
5242-UOWHD,1.7740073e-05,Low,0.000361010475535295,2026-03-30 19:32:06.333434,XGBoost
5243-SAOTC,8.21017e-05,Low,0.006555820904031861,2026-03-30 19:32:06.333434,XGBoost
5244-IRFIH,0.99933594,High,94.43724676966667,2026-03-30 19:32:06.333434,XGBoost
5245-VDBUR,4.0488256e-05,Low,0.001435308666805213,2026-03-30 19:32:06.333434,XGBoost
5248-KWLAR,2.329433e-05,Low,0.002104642658287048,2026-03-30 19:32:06.333434,XGBoost
5248-RPYWW,4.6054693e-06,Low,0.0004151830535647605,2026-03-30 19:32:06.333434,XGBoost
5248-YGIJN,1.4951266e-05,Low,0.0013493517715232883,2026-03-30 19:32:06.333434,XGBoost
5249-QYHEX,0.00016333243,Low,0.0040506442193873225,2026-03-30 19:32:06.333434,XGBoost
5256-SKJGO,0.0010862119,Low,0.05930716863367707,2026-03-30 19:32:06.333434,XGBoost
5260-UMPWX,4.3924378e-05,Low,0.000889468647983449,2026-03-30 19:32:06.333434,XGBoost
5261-QSHQM,0.8103293,High,19.812551826238632,2026-03-30 19:32:06.333434,XGBoost
5266-PFRQK,1.1828026e-05,Low,0.00024661433981236773,2026-03-30 19:32:06.333434,XGBoost
5268-DSMNQ,7.4284566e-05,Low,0.00727617323245795,2026-03-30 19:32:06.333434,XGBoost
5269-NRGDP,0.00018349898,Low,0.013422950507083442,2026-03-30 19:32:06.333434,XGBoost
5271-DBYSJ,0.00020333796,Low,0.016094199290091638,2026-03-30 19:32:06.333434,XGBoost
5271-YNWVR,0.9997011,High,113.11617750823498,2026-03-30 19:32:06.333434,XGBoost
5274-XHAKY,7.95046e-05,Low,0.007497283766133477,2026-03-30 19:32:06.333434,XGBoost
5275-PMFUT,0.007062835,Low,0.45767171792685984,2026-03-30 19:32:06.333434,XGBoost
5275-SQEIZ,0.98776335,High,79.86066646277904,2026-03-30 19:32:06.333434,XGBoost
5276-KQWHG,0.9428639,High,65.62332615852355,2026-03-30 19:32:06.333434,XGBoost
5277-ZLOOR,0.99993265,High,85.5442379295826,2026-03-30 19:32:06.333434,XGBoost
5278-PNYOX,0.00012311462,Low,0.012391486114938744,2026-03-30 19:32:06.333434,XGBoost
5281-BUZGT,0.99995565,High,90.84597117900847,2026-03-30 19:32:06.333434,XGBoost
5285-MVEHD,0.000650437,Low,0.06868614982813596,2026-03-30 19:32:06.333434,XGBoost
5286-YHCVC,0.00010702658,Low,0.011216385470470413,2026-03-30 19:32:06.333434,XGBoost
5287-QWLKY,0.42816907,Medium,45.00056943297386,2026-03-30 19:32:06.333434,XGBoost
5288-AHOUP,0.00073673076,Low,0.05783336429158226,2026-03-30 19:32:06.333434,XGBoost
5293-WXJAK,0.99993396,High,104.04312833547591,2026-03-30 19:32:06.333434,XGBoost
5294-CDGWY,0.9994759,High,59.268920654058455,2026-03-30 19:32:06.333434,XGBoost
5294-DMSFH,2.4756904e-05,Low,0.0021736561859142965,2026-03-30 19:32:06.333434,XGBoost
5294-IMHHT,7.246418e-05,Low,0.0070833735499036266,2026-03-30 19:32:06.333434,XGBoost
5295-PCJOO,0.9996207,High,49.38126139640808,2026-03-30 19:32:06.333434,XGBoost
5296-BFCYD,1.4162323e-05,Low,0.00028466269568525607,2026-03-30 19:32:06.333434,XGBoost
5296-PSYVW,0.0004376032,Low,0.010743158230616246,2026-03-30 19:32:06.333434,XGBoost
5297-MDOIR,0.00025273697,Low,0.02050960472552106,2026-03-30 19:32:06.333434,XGBoost
5298-GSTLM,0.15840624,Low,16.06239301264286,2026-03-30 19:32:06.333434,XGBoost
5299-RULOA,0.9997224,High,100.22217272222042,2026-03-30 19:32:06.333434,XGBoost
5299-SJCZT,0.8982021,High,91.21242541372776,2026-03-30 19:32:06.333434,XGBoost
5301-GAUUY,0.9978788,High,80.17956076860428,2026-03-30 19:32:06.333434,XGBoost
5302-BDJNT,0.00015555149,Low,0.014855167297355365,2026-03-30 19:32:06.333434,XGBoost
5304-EFJLP,8.775033e-05,Low,0.009797324732790004,2026-03-30 19:32:06.333434,XGBoost
5306-BVTKJ,1.9156283e-05,Low,0.0010689205962989945,2026-03-30 19:32:06.333434,XGBoost
5307-DZCVC,0.95286936,High,81.89912112057209,2026-03-30 19:32:06.333434,XGBoost
5307-UVGNB,5.785052e-05,Low,0.002817320350004593,2026-03-30 19:32:06.333434,XGBoost
5309-TAIKL,0.0003169191,Low,0.019902518822345883,2026-03-30 19:32:06.333434,XGBoost
5310-NOOVA,0.0001852987,Low,0.0036967091509723105,2026-03-30 19:32:06.333434,XGBoost
5311-IHLEI,0.4950919,Medium,25.224931557476523,2026-03-30 19:32:06.333434,XGBoost
5312-IRCFR,5.9930375e-05,Low,0.0055645353044383224,2026-03-30 19:32:06.333434,XGBoost
5312-TSZVC,9.7082724e-05,Low,0.0019076755284913815,2026-03-30 19:32:06.333434,XGBoost
5312-UXESG,0.00043151673,Low,0.042310215535690074,2026-03-30 19:32:06.333434,XGBoost
5313-FPXWG,0.005753039,Low,0.1415247573517263,2026-03-30 19:32:06.333434,XGBoost
5315-CKEQK,3.6638143e-05,Low,0.0018685452814679593,2026-03-30 19:32:06.333434,XGBoost
5317-FLPJF,0.002943956,Low,0.1806117043015547,2026-03-30 19:32:06.333434,XGBoost
5318-IXUZF,0.92683965,High,80.77407546937467,2026-03-30 19:32:06.333434,XGBoost
5318-YKDPV,0.00015896601,Low,0.012582159661542393,2026-03-30 19:32:06.333434,XGBoost
5320-BRKGK,1.6775824e-05,Low,0.0012716074899799424,2026-03-30 19:32:06.333434,XGBoost
5321-NTRKC,3.886838e-05,Low,0.0031036401602250407,2026-03-30 19:32:06.333434,XGBoost
5322-TEUJK,0.000418556,Low,0.04796651875949465,2026-03-30 19:32:06.333434,XGBoost
5322-ZSMZY,2.4136607e-05,Low,0.0006215176290425006,2026-03-30 19:32:06.333434,XGBoost
5324-KTGCG,0.038592968,Low,0.8046633856371046,2026-03-30 19:32:06.333434,XGBoost
5325-UWTWJ,0.00012351418,Low,0.011184209237399045,2026-03-30 19:32:06.333434,XGBoost
5327-CNLUQ,0.00011041,Low,0.010698729103751248,2026-03-30 19:32:06.333434,XGBoost
5327-XOKKY,7.762081e-05,Low,0.005701248551122262,2026-03-30 19:32:06.333434,XGBoost
5329-KRDTM,0.00012876058,Low,0.009959631221136078,2026-03-30 19:32:06.333434,XGBoost
5331-RGMTT,0.0002841826,Low,0.028148287150543183,2026-03-30 19:32:06.333434,XGBoost
5334-AFQJB,0.00052336673,Low,0.013136504986323417,2026-03-30 19:32:06.333434,XGBoost
5334-JLAXU,0.00070299394,Low,0.06615173015743493,2026-03-30 19:32:06.333434,XGBoost
5336-UFNZP,2.9803028e-05,Low,0.003202335375317489,2026-03-30 19:32:06.333434,XGBoost
5337-IIWKZ,0.00011188468,Low,0.005018027790720226,2026-03-30 19:32:06.333434,XGBoost
5338-YHWYT,0.0024095054,Low,0.14806410836754366,2026-03-30 19:32:06.333434,XGBoost
5339-PXDVH,0.36358094,Low,32.95861240625381,2026-03-30 19:32:06.333434,XGBoost
5339-TJFEK,4.206935e-05,Low,0.004438316473169834,2026-03-30 19:32:06.333434,XGBoost
5343-SGUBI,1.0669257e-05,Low,0.000855674401827855,2026-03-30 19:32:06.333434,XGBoost
5345-BMKWB,0.00038374605,Low,0.00777085758454632,2026-03-30 19:32:06.333434,XGBoost
5346-BZCHP,1.8497001e-05,Low,0.0003588418250728864,2026-03-30 19:32:06.333434,XGBoost
5348-CAGXB,0.28006506,Low,25.07982609272003,2026-03-30 19:32:06.333434,XGBoost
5349-AZPEW,9.1496615e-05,Low,0.002291990203593741,2026-03-30 19:32:06.333434,XGBoost
5349-IECLD,0.9999211,High,94.94250687360764,2026-03-30 19:32:06.333434,XGBoost
5351-QESIO,0.19763058,Low,4.782660138607025,2026-03-30 19:32:06.333434,XGBoost
5353-WILCI,6.14129e-05,Low,0.003442193165028584,2026-03-30 19:32:06.333434,XGBoost
5356-CSVSQ,0.0007999883,Low,0.05167924289125949,2026-03-30 19:32:06.333434,XGBoost
5356-KZCKT,2.6049878e-05,Low,0.0006369195223669521,2026-03-30 19:32:06.333434,XGBoost
5356-RHIPP,0.99948716,High,20.18964066505432,2026-03-30 19:32:06.333434,XGBoost
5357-TZHPP,0.9992428,High,84.33609085083009,2026-03-30 19:32:06.333434,XGBoost
5360-LJCNJ,0.0005216838,Low,0.05485504888056312,2026-03-30 19:32:06.333434,XGBoost
5360-XGYAZ,1.6571154e-05,Low,0.001087896229728358,2026-03-30 19:32:06.333434,XGBoost
5364-EVNIB,0.8384801,High,66.91071317195892,2026-03-30 19:32:06.333434,XGBoost
5364-XYIRR,0.99944645,High,94.59760664999486,2026-03-30 19:32:06.333434,XGBoost
5365-LLFYV,0.14275584,Low,6.54535509198904,2026-03-30 19:32:06.333434,XGBoost
5366-IJEQJ,0.9990963,High,88.6198395371437,2026-03-30 19:32:06.333434,XGBoost
5366-OBVMR,0.23171885,Low,11.655458311736583,2026-03-30 19:32:06.333434,XGBoost
5370-IIVVL,0.00033858896,Low,0.03538254607701674,2026-03-30 19:32:06.333434,XGBoost
5371-VYLSX,0.5530583,Medium,46.125064408779146,2026-03-30 19:32:06.333434,XGBoost
5372-FBKBN,0.00087806204,Low,0.018219787350972183,2026-03-30 19:32:06.333434,XGBoost
5373-SFODM,0.999567,High,85.213084384799,2026-03-30 19:32:06.333434,XGBoost
5375-XLDOF,0.00016842198,Low,0.01925905285315821,2026-03-30 19:32:06.333434,XGBoost
5376-DEQCP,0.9979007,High,70.45179114341735,2026-03-30 19:32:06.333434,XGBoost
5376-PCKNB,3.6009274e-05,Low,0.0037611687195749257,2026-03-30 19:32:06.333434,XGBoost
5377-NDTOU,7.0194736e-05,Low,0.006391230676308623,2026-03-30 19:32:06.333434,XGBoost
5378-IKEEG,0.740657,High,26.478486746549606,2026-03-30 19:32:06.333434,XGBoost
5380-AFSSK,0.99991834,High,93.89233227968217,2026-03-30 19:32:06.333434,XGBoost
5380-WJKOV,0.9547954,High,101.54249293506145,2026-03-30 19:32:06.333434,XGBoost
5380-XPJNZ,1.7071117e-05,Low,0.00034227590240334396,2026-03-30 19:32:06.333434,XGBoost
5382-SOYZL,0.00028211746,Low,0.02682937012868933,2026-03-30 19:32:06.333434,XGBoost
5382-TEMLV,0.15734349,Low,8.008783738315104,2026-03-30 19:32:06.333434,XGBoost
5383-MMTWC,0.99913895,High,83.92767190933228,2026-03-30 19:32:06.333434,XGBoost
5384-ZTTWP,0.00010771347,Low,0.002132726764830295,2026-03-30 19:32:06.333434,XGBoost
5385-SUIRI,0.69735694,Medium,72.66459307670594,2026-03-30 19:32:06.333434,XGBoost
5386-THSLQ,9.239355e-05,Low,0.004208526262300438,2026-03-30 19:32:06.333434,XGBoost
5387-ASZNZ,0.011882825,Low,0.7587183649651706,2026-03-30 19:32:06.333434,XGBoost
5389-FFVKB,0.99964833,High,80.27176110744476,2026-03-30 19:32:06.333434,XGBoost
5392-AKEMH,0.0004956087,Low,0.022327172898803836,2026-03-30 19:32:06.333434,XGBoost
5393-HJZSM,0.006178498,Low,0.47141938232816755,2026-03-30 19:32:06.333434,XGBoost
5393-RXQSZ,0.99992216,High,79.5938036441803,2026-03-30 19:32:06.333434,XGBoost
5394-MEITZ,7.871003e-05,Low,0.006344028329476714,2026-03-30 19:32:06.333434,XGBoost
5394-SVGJV,0.9997687,High,98.77714502811432,2026-03-30 19:32:06.333434,XGBoost
5396-IZEPB,0.11973657,Low,2.3588103726506233,2026-03-30 19:32:06.333434,XGBoost
5397-NSKQG,3.958676e-05,Low,0.0020149661337200086,2026-03-30 19:32:06.333434,XGBoost
5397-TUPSH,4.843826e-05,Low,0.0034366946696536616,2026-03-30 19:32:06.333434,XGBoost
5399-ZIMKF,0.000256203,Low,0.019125553843332456,2026-03-30 19:32:06.333434,XGBoost
5402-HTOTQ,0.00034060937,Low,0.018835698420298284,2026-03-30 19:32:06.333434,XGBoost
5404-GGUKR,0.00030438715,Low,0.01563028039672645,2026-03-30 19:32:06.333434,XGBoost
5405-ZMYXQ,0.0016215693,Low,0.12096906783990562,2026-03-30 19:32:06.333434,XGBoost
5406-KGRMX,0.0032480129,Low,0.07973871565191075,2026-03-30 19:32:06.333434,XGBoost
5414-OFQCB,0.00015060043,Low,0.013621809228061466,2026-03-30 19:32:06.333434,XGBoost
5419-CONWX,0.9998895,High,99.78897140026092,2026-03-30 19:32:06.333434,XGBoost
5419-JKZNQ,0.0011945815,Low,0.0930578993051313,2026-03-30 19:32:06.333434,XGBoost
5419-JPRRN,0.99308735,High,100.74871179163456,2026-03-30 19:32:06.333434,XGBoost
5419-KLXBN,0.9988537,High,89.04780588150025,2026-03-30 19:32:06.333434,XGBoost
5423-BHIXO,0.00014890137,Low,0.008070454071275891,2026-03-30 19:32:06.333434,XGBoost
5424-RLQLC,0.00036172,Low,0.021576598759565968,2026-03-30 19:32:06.333434,XGBoost
5429-LWCMV,0.079834804,Low,7.117272771149874,2026-03-30 19:32:06.333434,XGBoost
5433-KYGHE,0.00040458853,Low,0.03479461348615587,2026-03-30 19:32:06.333434,XGBoost
5438-QMDDL,0.00018302735,Low,0.010945035773329436,2026-03-30 19:32:06.333434,XGBoost
5439-WIKXB,0.0006402737,Low,0.06053787608980201,2026-03-30 19:32:06.333434,XGBoost
5440-FLBQG,0.84431684,High,91.52394547462464,2026-03-30 19:32:06.333434,XGBoost
5440-VHLUL,0.003117595,Low,0.327971004601568,2026-03-30 19:32:06.333434,XGBoost
5442-BHQNG,0.17325963,Low,12.188815026730298,2026-03-30 19:32:06.333434,XGBoost
5442-BXVND,0.0075146416,Low,0.18223005929030478,2026-03-30 19:32:06.333434,XGBoost
5442-PPTJY,0.00039580546,Low,0.007797367533203214,2026-03-30 19:32:06.333434,XGBoost
5442-UTCVD,0.99966586,High,91.8193089067936,2026-03-30 19:32:06.333434,XGBoost
5442-XSDCW,0.9012815,High,71.65187734365463,2026-03-30 19:32:06.333434,XGBoost
5443-SCMKX,0.071299456,Low,6.723538706451654,2026-03-30 19:32:06.333434,XGBoost
5445-GLVOT,0.00046940809,Low,0.02337652264977805,2026-03-30 19:32:06.333434,XGBoost
5445-PZWGX,0.9823564,High,100.20035576820374,2026-03-30 19:32:06.333434,XGBoost
5445-UTODQ,0.99961346,High,81.06865192055702,2026-03-30 19:32:06.333434,XGBoost
5446-DKWYW,2.0044046e-05,Low,0.0013068718202703168,2026-03-30 19:32:06.333434,XGBoost
5447-VYTKW,0.017519502,Low,0.9364173802547158,2026-03-30 19:32:06.333434,XGBoost
5447-WZAFP,0.30080605,Low,30.170846366882323,2026-03-30 19:32:06.333434,XGBoost
5448-VWNAM,0.0031801672,Low,0.24137468836270273,2026-03-30 19:32:06.333434,XGBoost
5449-FIBXJ,0.68831885,Medium,71.10333706140518,2026-03-30 19:32:06.333434,XGBoost
5451-MHQOF,0.05884183,Low,1.4386827008798717,2026-03-30 19:32:06.333434,XGBoost
5451-YHYPW,3.0669682e-05,Low,0.0035500156936905114,2026-03-30 19:32:06.333434,XGBoost
5453-AXEPF,0.2768003,Low,22.28242452442646,2026-03-30 19:32:06.333434,XGBoost
5453-YBTWV,0.00013735805,Low,0.013886898382043,2026-03-30 19:32:06.333434,XGBoost
5456-ITGIC,0.0043896013,Low,0.28290980339515953,2026-03-30 19:32:06.333434,XGBoost
5457-COLHT,3.7285022e-06,Low,0.00030070370073644883,2026-03-30 19:32:06.333434,XGBoost
5458-CQJTA,0.99849427,High,74.68737120628357,2026-03-30 19:32:06.333434,XGBoost
5461-QKNTN,0.00078416854,Low,0.07394709367654285,2026-03-30 19:32:06.333434,XGBoost
5465-BUBFA,3.964426e-05,Low,0.0007651342031749664,2026-03-30 19:32:06.333434,XGBoost
5468-BPMMO,0.00022840062,Low,0.004476652125595138,2026-03-30 19:32:06.333434,XGBoost
5469-CTCWN,0.9995813,High,105.955615401268,2026-03-30 19:32:06.333434,XGBoost
5469-NUJUR,1.9057432e-05,Low,0.0003801957669566036,2026-03-30 19:32:06.333434,XGBoost
5472-CVMDX,2.6162084e-05,Low,0.0010177050829952349,2026-03-30 19:32:06.333434,XGBoost
5473-KHBPS,2.344883e-05,Low,0.0022440530969106477,2026-03-30 19:32:06.333434,XGBoost
5474-LAMUQ,0.008807853,Low,0.17703784257173538,2026-03-30 19:32:06.333434,XGBoost
5478-JJVZK,0.0001870037,Low,0.011388524965150281,2026-03-30 19:32:06.333434,XGBoost
5480-HPRRX,0.90499854,High,22.896463084220887,2026-03-30 19:32:06.333434,XGBoost
5480-TBGPH,0.91873294,High,91.23018105626106,2026-03-30 19:32:06.333434,XGBoost
5480-XTFFL,0.00011551372,Low,0.0024257881523226388,2026-03-30 19:32:06.333434,XGBoost
5481-NTDOH,0.0010349527,Low,0.11079168654978275,2026-03-30 19:32:06.333434,XGBoost
5482-NUPNA,0.99971384,High,60.382715821266174,2026-03-30 19:32:06.333434,XGBoost
5482-PLVPE,0.87685007,High,21.351299169659615,2026-03-30 19:32:06.333434,XGBoost
5482-VXSXJ,0.00038935398,Low,0.03628779124701396,2026-03-30 19:32:06.333434,XGBoost
5485-ITNPC,0.0001202511,Low,0.01032956927883788,2026-03-30 19:32:06.333434,XGBoost
5485-WUYWF,0.99996555,High,66.39771242141724,2026-03-30 19:32:06.333434,XGBoost
5493-SDRDQ,0.6971011,Medium,38.41027150154114,2026-03-30 19:32:06.333434,XGBoost
5494-HECPR,0.9524712,High,76.43581353127956,2026-03-30 19:32:06.333434,XGBoost
5494-WOZRZ,0.0024031342,Low,0.19705700827762485,2026-03-30 19:32:06.333434,XGBoost
5495-GPSRW,0.00013454659,Low,0.002650567748059984,2026-03-30 19:32:06.333434,XGBoost
5498-IBWPI,1.9207997e-05,Low,0.0009488750496529974,2026-03-30 19:32:06.333434,XGBoost
5498-TXHLF,0.99953425,High,87.40927010178567,2026-03-30 19:32:06.333434,XGBoost
5499-ECUTN,0.059988216,Low,3.96222163811326,2026-03-30 19:32:06.333434,XGBoost
5501-TVMGM,0.0006441395,Low,0.035588706261478364,2026-03-30 19:32:06.333434,XGBoost
5502-RLUYV,0.99997985,High,103.94790578484536,2026-03-30 19:32:06.333434,XGBoost
5504-WSIUR,2.0907253e-05,Low,0.00188687960144307,2026-03-30 19:32:06.333434,XGBoost
5505-OVWQW,8.636909e-05,Low,0.0017403371133696054,2026-03-30 19:32:06.333434,XGBoost
5510-BOIUJ,0.86452186,High,16.642045825719833,2026-03-30 19:32:06.333434,XGBoost
5512-IDZEI,0.00031026275,Low,0.007725542536354623,2026-03-30 19:32:06.333434,XGBoost
5514-YQENT,3.8569076e-05,Low,0.004286952844449843,2026-03-30 19:32:06.333434,XGBoost
5515-AKOAJ,0.16381896,Low,16.398277437686918,2026-03-30 19:32:06.333434,XGBoost
5515-IDEJJ,0.985995,High,19.62130039334297,2026-03-30 19:32:06.333434,XGBoost
5515-RUGKN,7.209233e-05,Low,0.0039470549127145205,2026-03-30 19:32:06.333434,XGBoost
5519-NPHVG,0.92301637,High,86.94814199209213,2026-03-30 19:32:06.333434,XGBoost
5519-TEEUH,2.3047463e-05,Low,0.00046440638752756055,2026-03-30 19:32:06.333434,XGBoost
5519-YLDGW,0.9997813,High,103.87727816700937,2026-03-30 19:32:06.333434,XGBoost
5520-FVEWJ,0.9995215,High,84.4595662355423,2026-03-30 19:32:06.333434,XGBoost
5522-JBWMO,0.00029955094,Low,0.013180241454392672,2026-03-30 19:32:06.333434,XGBoost
5522-NYKPB,0.02084448,Low,1.7905408339574935,2026-03-30 19:32:06.333434,XGBoost
5524-KHNJP,0.00022957826,Low,0.017160975046863314,2026-03-30 19:32:06.333434,XGBoost
5527-ACHSO,0.35224578,Low,24.83332733809948,2026-03-30 19:32:06.333434,XGBoost
5529-GIBVH,0.0006394778,Low,0.012885477728559634,2026-03-30 19:32:06.333434,XGBoost
5533-NHFRF,0.19710678,Low,8.751540970802306,2026-03-30 19:32:06.333434,XGBoost
5533-RJFTJ,8.3851104e-05,Low,0.0025323033449240026,2026-03-30 19:32:06.333434,XGBoost
5536-RTPWK,0.9998586,High,99.03599609136582,2026-03-30 19:32:06.333434,XGBoost
5536-SLHPM,0.8677047,High,67.46403960883617,2026-03-30 19:32:06.333434,XGBoost
5537-UXXVS,0.037252355,Low,0.7171078408136964,2026-03-30 19:32:06.333434,XGBoost
5539-HIVAK,0.046709266,Low,1.2004281248897313,2026-03-30 19:32:06.333434,XGBoost
5539-TMZLF,0.9934035,High,69.28989373147488,2026-03-30 19:32:06.333434,XGBoost
5542-DHSXL,0.0005146254,Low,0.028150009218370544,2026-03-30 19:32:06.333434,XGBoost
5542-NKVRU,4.298215e-05,Low,0.0008918795801946544,2026-03-30 19:32:06.333434,XGBoost
5542-TBBWB,0.0014760197,Low,0.10317377963801846,2026-03-30 19:32:06.333434,XGBoost
5543-QDCRY,0.00031059334,Low,0.01751746453810483,2026-03-30 19:32:06.333434,XGBoost
5546-BYZSM,0.015303315,Low,0.31295278486795725,2026-03-30 19:32:06.333434,XGBoost
5546-QUERU,0.0030552782,Low,0.06095280032604933,2026-03-30 19:32:06.333434,XGBoost
5549-ZGHFB,5.4968474e-05,Low,0.0013714634189454955,2026-03-30 19:32:06.333434,XGBoost
5550-VFRLC,0.99298686,High,69.36013202369213,2026-03-30 19:32:06.333434,XGBoost
5552-ZNFSJ,0.981499,High,44.4619054377079,2026-03-30 19:32:06.333434,XGBoost
5553-AOINX,8.574892e-05,Low,0.008995061840687412,2026-03-30 19:32:06.333434,XGBoost
5555-RNPGT,0.00061334064,Low,0.015210847929120063,2026-03-30 19:32:06.333434,XGBoost
5561-NWEVX,0.94197017,High,74.60403742790223,2026-03-30 19:32:06.333434,XGBoost
5562-BETPV,0.00013321737,Low,0.0026177213323535396,2026-03-30 19:32:06.333434,XGBoost
5562-YJQGT,0.00011716141,Low,0.0023842347560275815,2026-03-30 19:32:06.333434,XGBoost
5564-NEMQO,0.9948527,High,74.91240994334221,2026-03-30 19:32:06.333434,XGBoost
5565-FILXA,0.9984926,High,96.00506334900857,2026-03-30 19:32:06.333434,XGBoost
5566-SOEZD,8.04844e-07,Low,6.491066683622648e-05,2026-03-30 19:32:06.333434,XGBoost
5567-GZKQY,3.8768838e-05,Low,0.000787007408143836,2026-03-30 19:32:06.333434,XGBoost
5567-WSELE,0.99974746,High,94.57610925436019,2026-03-30 19:32:06.333434,XGBoost
5568-DMXZS,0.12174513,Low,7.968218883499503,2026-03-30 19:32:06.333434,XGBoost
5569-IDSEY,0.00024077966,Low,0.025450409686891363,2026-03-30 19:32:06.333434,XGBoost
5569-KGJHX,0.99890363,High,85.25642500519751,2026-03-30 19:32:06.333434,XGBoost
5569-OUICF,0.88728845,High,89.88232010602951,2026-03-30 19:32:06.333434,XGBoost
5570-PTWEH,0.9340707,High,70.19541358351708,2026-03-30 19:32:06.333434,XGBoost
5572-ZDXHY,0.99840075,High,84.16518303751945,2026-03-30 19:32:06.333434,XGBoost
5574-NXZIU,6.23834e-05,Low,0.006812267113127746,2026-03-30 19:32:06.333434,XGBoost
5575-GNVDE,2.1442127e-05,Low,0.0012211291346829968,2026-03-30 19:32:06.333434,XGBoost
5575-TPIZQ,5.990221e-05,Low,0.005340281987082563,2026-03-30 19:32:06.333434,XGBoost
5577-OTWWW,0.6469886,Medium,12.778024271130562,2026-03-30 19:32:06.333434,XGBoost
5578-NKCXI,9.28763e-05,Low,0.00921797243245237,2026-03-30 19:32:06.333434,XGBoost
5583-EJXRD,0.002032749,Low,0.10987007746007293,2026-03-30 19:32:06.333434,XGBoost
5583-SXDAG,0.9995617,High,69.96932089328766,2026-03-30 19:32:06.333434,XGBoost
5590-BYNII,0.9990596,High,100.6552564650774,2026-03-30 19:32:06.333434,XGBoost
5590-YRFJT,0.9981754,High,24.40538810491562,2026-03-30 19:32:06.333434,XGBoost
5590-ZSKRV,0.00020627411,Low,0.011272880188334966,2026-03-30 19:32:06.333434,XGBoost
5593-SUAOO,2.0413152e-05,Low,0.001697353590043349,2026-03-30 19:32:06.333434,XGBoost
5597-GLBUC,0.9998765,High,85.43944685459137,2026-03-30 19:32:06.333434,XGBoost
5598-IKHQQ,2.310664e-05,Low,0.0005880640028408379,2026-03-30 19:32:06.333434,XGBoost
5599-HVLTW,0.00019667823,Low,0.015803095720912097,2026-03-30 19:32:06.333434,XGBoost
5600-KTXFM,0.00016380359,Low,0.011458061128359986,2026-03-30 19:32:06.333434,XGBoost
5600-PDUJF,0.65600854,Medium,32.47242280840874,2026-03-30 19:32:06.333434,XGBoost
5602-BVFMK,0.0058842697,Low,0.11356640555895865,2026-03-30 19:32:06.333434,XGBoost
5605-IYGFG,0.00014845975,Low,0.010369913195609114,2026-03-30 19:32:06.333434,XGBoost
5605-XNWEN,0.014820547,Low,0.3705136710777879,2026-03-30 19:32:06.333434,XGBoost
5606-AMZBO,0.0010881257,Low,0.08503702717716806,2026-03-30 19:32:06.333434,XGBoost
5609-CEBID,0.9994319,High,94.04654255509377,2026-03-30 19:32:06.333434,XGBoost
5609-IMCGG,0.00018838207,Low,0.015890027264686066,2026-03-30 19:32:06.333434,XGBoost
5614-DNZCE,2.713697e-05,Low,0.0017611893495995902,2026-03-30 19:32:06.333434,XGBoost
5616-PRTNT,0.99768496,High,19.35508813858032,2026-03-30 19:32:06.333434,XGBoost
5619-PTMIK,0.22558977,Low,11.978816632926465,2026-03-30 19:32:06.333434,XGBoost
5619-XZZKR,4.084056e-05,Low,0.0008147691973135806,2026-03-30 19:32:06.333434,XGBoost
5622-UEJFI,4.320229e-05,Low,0.0010973381613439415,2026-03-30 19:32:06.333434,XGBoost
5624-BQSSA,0.8486422,High,17.77905347049236,2026-03-30 19:32:06.333434,XGBoost
5624-RYAMH,0.0004643137,Low,0.009054117006598972,2026-03-30 19:32:06.333434,XGBoost
5626-MGTUK,0.10919853,Low,9.72958929017186,2026-03-30 19:32:06.333434,XGBoost
5627-TVBPP,0.0002540423,Low,0.005106250251992606,2026-03-30 19:32:06.333434,XGBoost
5628-FCGYG,0.2259396,Low,19.00152049958706,2026-03-30 19:32:06.333434,XGBoost
5628-RKIFK,0.00028372993,Low,0.028812773912795818,2026-03-30 19:32:06.333434,XGBoost
5630-AHZIL,0.0018783397,Low,0.12115290941437706,2026-03-30 19:32:06.333434,XGBoost
5630-IXDXV,0.09481332,Low,10.083396269381046,2026-03-30 19:32:06.333434,XGBoost
5639-NTUPK,0.00021045642,Low,0.010964779437927064,2026-03-30 19:32:06.333434,XGBoost
5640-CAXOA,6.0865486e-06,Low,0.000245592237524761,2026-03-30 19:32:06.333434,XGBoost
5641-DMBFJ,0.07570868,Low,6.382241711765528,2026-03-30 19:32:06.333434,XGBoost
5642-MHDQT,0.00021952616,Low,0.004357594320754288,2026-03-30 19:32:06.333434,XGBoost
5644-PDMZC,0.94128084,High,84.24463534355164,2026-03-30 19:32:06.333434,XGBoost
5647-FXOTP,0.000125278,Low,0.013266940806352068,2026-03-30 19:32:06.333434,XGBoost
5647-URDKA,0.00034876898,Low,0.006870748961227946,2026-03-30 19:32:06.333434,XGBoost
5649-ANRML,0.99985063,High,95.08579498529434,2026-03-30 19:32:06.333434,XGBoost
5649-RXQTV,0.16996105,Low,16.826143965125084,2026-03-30 19:32:06.333434,XGBoost
5649-TJHOV,0.9998523,High,36.494608938694,2026-03-30 19:32:06.333434,XGBoost
5649-VUKMC,0.9998802,High,95.48855859041214,2026-03-30 19:32:06.333434,XGBoost
5650-VDUDS,0.99844044,High,24.21218077838421,2026-03-30 19:32:06.333434,XGBoost
5650-YLIBA,0.00090426794,Low,0.07338134372548666,2026-03-30 19:32:06.333434,XGBoost
5651-CPDND,0.00052306947,Low,0.02406119543593377,2026-03-30 19:32:06.333434,XGBoost
5651-CRHKQ,8.349381e-05,Low,0.00719716650492046,2026-03-30 19:32:06.333434,XGBoost
5651-WYIPH,0.29069316,Low,14.491054219007493,2026-03-30 19:32:06.333434,XGBoost
5651-YLPRD,0.00037776542,Low,0.03252560267283115,2026-03-30 19:32:06.333434,XGBoost
5652-MSDEY,0.00043200215,Low,0.032724163196689915,2026-03-30 19:32:06.333434,XGBoost
5655-JSMZM,0.8117288,High,78.08830820322036,2026-03-30 19:32:06.333434,XGBoost
5656-JAMLX,4.1092466e-05,Low,0.0008156854468325037,2026-03-30 19:32:06.333434,XGBoost
5656-MJEFC,0.00012602819,Low,0.0060682571587676645,2026-03-30 19:32:06.333434,XGBoost
5663-QBGIS,0.04910766,Low,4.829738322459161,2026-03-30 19:32:06.333434,XGBoost
5666-CYCYZ,0.75095505,High,67.24802429974079,2026-03-30 19:32:06.333434,XGBoost
5666-MBJPT,4.403783e-05,Low,0.0011053495753003517,2026-03-30 19:32:06.333434,XGBoost
5668-MEISB,4.4625038e-05,Low,0.004734716515304172,2026-03-30 19:32:06.333434,XGBoost
5669-SRAIP,0.9993604,High,39.474735110998154,2026-03-30 19:32:06.333434,XGBoost
5671-RQRLP,9.889551e-05,Low,0.007481445112716757,2026-03-30 19:32:06.333434,XGBoost
5671-UUNXD,4.7468187e-05,Low,0.0047776730621990286,2026-03-30 19:32:06.333434,XGBoost
5673-FSSMF,0.9993487,High,60.11082430779934,2026-03-30 19:32:06.333434,XGBoost
5673-TIYIB,0.99966085,High,40.38629832267761,2026-03-30 19:32:06.333434,XGBoost
5676-CFLYY,0.004440261,Low,0.3256931480951607,2026-03-30 19:32:06.333434,XGBoost
5678-VFNEQ,0.00022303537,Low,0.02321798213815782,2026-03-30 19:32:06.333434,XGBoost
5680-LQOGP,0.002642271,Low,0.2178552529308945,2026-03-30 19:32:06.333434,XGBoost
5681-LLOEI,8.294883e-06,Low,0.0007569080480607226,2026-03-30 19:32:06.333434,XGBoost
5684-FJVYR,1.1097462e-05,Low,0.0010026557321452855,2026-03-30 19:32:06.333434,XGBoost
5685-IIXLY,0.9998349,High,83.58619723320007,2026-03-30 19:32:06.333434,XGBoost
5686-CMAWK,7.570301e-05,Low,0.006567235821421491,2026-03-30 19:32:06.333434,XGBoost
5687-DKDTV,0.6708846,Medium,13.652501797676088,2026-03-30 19:32:06.333434,XGBoost
5688-KZTSN,0.80084187,High,16.01683735847473,2026-03-30 19:32:06.333434,XGBoost
5692-FPTAH,0.952753,High,43.254986536502834,2026-03-30 19:32:06.333434,XGBoost
5692-ICXLW,0.0004120776,Low,0.037375439578318036,2026-03-30 19:32:06.333434,XGBoost
5693-PIPCS,0.042369753,Low,4.222145898640156,2026-03-30 19:32:06.333434,XGBoost
5696-CEIQJ,4.9046706e-05,Low,0.005059167766012252,2026-03-30 19:32:06.333434,XGBoost
5696-EXCYS,6.3191284e-05,Low,0.001229070482077077,2026-03-30 19:32:06.333434,XGBoost
5696-JVVQY,1.3995207e-05,Low,0.000981064021561906,2026-03-30 19:32:06.333434,XGBoost
5696-QURRL,0.9261278,High,41.72205700278282,2026-03-30 19:32:06.333434,XGBoost
5697-GOMBF,1.4033123e-05,Low,0.0005037891185565968,2026-03-30 19:32:06.333434,XGBoost
5698-BQJOH,0.9997589,High,94.37724008560181,2026-03-30 19:32:06.333434,XGBoost
5699-BNCAS,0.0035634877,Low,0.08783997105201706,2026-03-30 19:32:06.333434,XGBoost
5701-GUXDC,4.6318833e-05,Low,0.0016396867053117602,2026-03-30 19:32:06.333434,XGBoost
5701-SVCWR,0.00015776236,Low,0.003786296700127423,2026-03-30 19:32:06.333434,XGBoost
5701-YVSVF,0.00047756243,Low,0.039589925087057054,2026-03-30 19:32:06.333434,XGBoost
5701-ZIKJE,0.00011815635,Low,0.005972803459371789,2026-03-30 19:32:06.333434,XGBoost
5702-KVQRD,0.010800654,Low,0.8915939933620393,2026-03-30 19:32:06.333434,XGBoost
5702-SKUOB,0.05770564,Low,1.131030559539795,2026-03-30 19:32:06.333434,XGBoost
5707-ORNDZ,0.5863468,Medium,31.98521821796894,2026-03-30 19:32:06.333434,XGBoost
5707-ZMDJP,4.3834866e-06,Low,0.00030552901685041437,2026-03-30 19:32:06.333434,XGBoost
5708-EVONK,0.8663305,High,80.91526911258698,2026-03-30 19:32:06.333434,XGBoost
5712-AHQNN,0.30295476,Low,27.765804044902325,2026-03-30 19:32:06.333434,XGBoost
5712-PTIWW,0.9996051,High,79.81846877038478,2026-03-30 19:32:06.333434,XGBoost
5712-VBOXD,0.049833845,Low,1.004151983745396,2026-03-30 19:32:06.333434,XGBoost
5716-EZXZN,8.824677e-05,Low,0.0087408427731134,2026-03-30 19:32:06.333434,XGBoost
5716-LIBJC,0.0031762,Low,0.33080122695537284,2026-03-30 19:32:06.333434,XGBoost
5724-BIDBU,0.00028023074,Low,0.015510771605477203,2026-03-30 19:32:06.333434,XGBoost
5726-CVNYA,0.007232935,Low,0.14357376308180392,2026-03-30 19:32:06.333434,XGBoost
5727-MYATE,2.7192978e-05,Low,0.0024691224432899614,2026-03-30 19:32:06.333434,XGBoost
5729-KLZAR,0.9495772,High,76.77331761717795,2026-03-30 19:32:06.333434,XGBoost
5730-DBDSI,7.07414e-05,Low,0.0013936055824160575,2026-03-30 19:32:06.333434,XGBoost
5730-RIITO,0.035656195,Low,1.1926997272297741,2026-03-30 19:32:06.333434,XGBoost
5732-IKGQH,0.5030672,Medium,52.54536856114864,2026-03-30 19:32:06.333434,XGBoost
5734-EJKXG,0.033221226,Low,3.940037425607443,2026-03-30 19:32:06.333434,XGBoost
5736-YEJAX,4.7631565e-05,Low,0.003784327870562265,2026-03-30 19:32:06.333434,XGBoost
5740-YHGTW,1.2797771e-05,Low,0.0012484225589105334,2026-03-30 19:32:06.333434,XGBoost
5743-KHMNA,2.724936e-05,Low,0.0006962211440622923,2026-03-30 19:32:06.333434,XGBoost
5747-PMBSQ,0.97229195,High,89.93700504302979,2026-03-30 19:32:06.333434,XGBoost
5748-RNCJT,0.9998312,High,106.48202276229858,2026-03-30 19:32:06.333434,XGBoost
5751-USDBL,2.3524222e-05,Low,0.0019054620097449515,2026-03-30 19:32:06.333434,XGBoost
5753-QQWPW,0.014887477,Low,0.8917598885484039,2026-03-30 19:32:06.333434,XGBoost
5756-JYOJT,0.00011349372,Low,0.007365742379624863,2026-03-30 19:32:06.333434,XGBoost
5756-OZRIO,2.3086355e-05,Low,0.0014786810514124226,2026-03-30 19:32:06.333434,XGBoost
5759-RCVCB,0.9994454,High,35.18047733306885,2026-03-30 19:32:06.333434,XGBoost
5760-FXFVO,0.00028927447,Low,0.022838219163531903,2026-03-30 19:32:06.333434,XGBoost
5760-IFJOZ,0.23415352,Low,25.276872920244934,2026-03-30 19:32:06.333434,XGBoost
5760-WRAHC,0.00015240983,Low,0.010630585878971033,2026-03-30 19:32:06.333434,XGBoost
5762-TJXGK,0.00026012963,Low,0.015282615713658743,2026-03-30 19:32:06.333434,XGBoost
5766-FTRTS,4.378854e-05,Low,0.003697942134385812,2026-03-30 19:32:06.333434,XGBoost
5766-XQXMQ,0.6376442,Medium,43.90180122256279,2026-03-30 19:32:06.333434,XGBoost
5766-ZJYBB,0.7939017,High,15.401692628860472,2026-03-30 19:32:06.333434,XGBoost
5774-QPLTF,0.0054214513,Low,0.11032653381116689,2026-03-30 19:32:06.333434,XGBoost
5774-XZTQC,0.044751808,Low,0.9151744745671749,2026-03-30 19:32:06.333434,XGBoost
5777-KJIRB,7.591026e-05,Low,0.003814490677541471,2026-03-30 19:32:06.333434,XGBoost
5777-ZPQNC,0.00019862896,Low,0.004002373486582655,2026-03-30 19:32:06.333434,XGBoost
5778-BVOFB,0.00018481663,Low,0.010996589393471368,2026-03-30 19:32:06.333434,XGBoost
5780-INQIK,0.00017173604,Low,0.00848376051580999,2026-03-30 19:32:06.333434,XGBoost
5781-BKHOP,6.509126e-05,Low,0.006551435571964248,2026-03-30 19:32:06.333434,XGBoost
5781-RFZRP,5.6891255e-05,Low,0.004181507216344471,2026-03-30 19:32:06.333434,XGBoost
5787-KXGIY,2.4530678e-05,Low,0.0004734420906970627,2026-03-30 19:32:06.333434,XGBoost
5788-YPOEG,0.00026358315,Low,0.022338671784382313,2026-03-30 19:32:06.333434,XGBoost
5789-LDFXO,0.03427333,Low,0.843123921006918,2026-03-30 19:32:06.333434,XGBoost
5791-KAJFD,1.9104871e-05,Low,0.0013134598930264474,2026-03-30 19:32:06.333434,XGBoost
5792-JALQC,0.024763595,Low,1.482101179473102,2026-03-30 19:32:06.333434,XGBoost
5793-YOLJN,3.231765e-05,Low,0.0006786706508137286,2026-03-30 19:32:06.333434,XGBoost
5795-BKOYE,7.529131e-06,Low,0.00044497163771666236,2026-03-30 19:32:06.333434,XGBoost
5795-KTGUD,0.36711466,Low,40.67630467414856,2026-03-30 19:32:06.333434,XGBoost
5797-APWZC,0.99960464,High,90.56418060064316,2026-03-30 19:32:06.333434,XGBoost
5799-JRCZO,3.0842468e-05,Low,0.0006014281225361628,2026-03-30 19:32:06.333434,XGBoost
5802-ADBRC,0.0012558241,Low,0.13110803752206265,2026-03-30 19:32:06.333434,XGBoost
5803-NQJZO,0.0035854706,Low,0.24309490718878804,2026-03-30 19:32:06.333434,XGBoost
5804-HYIEZ,0.00081113755,Low,0.08602113718225154,2026-03-30 19:32:06.333434,XGBoost
5804-JMYIO,3.0152973e-05,Low,0.0005955212091066642,2026-03-30 19:32:06.333434,XGBoost
5804-LEPIM,0.8714001,High,61.302998292446134,2026-03-30 19:32:06.333434,XGBoost
5808-TOTXO,0.007277797,Low,0.1495587278623134,2026-03-30 19:32:06.333434,XGBoost
5811-IWXYM,0.00012990912,Low,0.01315329876888427,2026-03-30 19:32:06.333434,XGBoost
5813-UECBU,0.8595812,High,72.07588131129741,2026-03-30 19:32:06.333434,XGBoost
5815-HGGHV,5.291013e-05,Low,0.003394184888384189,2026-03-30 19:32:06.333434,XGBoost
5816-JMLGY,3.2515993e-05,Low,0.0026142858085222544,2026-03-30 19:32:06.333434,XGBoost
5816-QVHRX,0.00034791732,Low,0.0348961069365032,2026-03-30 19:32:06.333434,XGBoost
5816-SCGFC,0.00019512992,Low,0.010010164897539652,2026-03-30 19:32:06.333434,XGBoost
5820-PTRYM,0.07675573,Low,5.253929875791073,2026-03-30 19:32:06.333434,XGBoost
5821-MMEIL,0.0004894977,Low,0.009741003706585614,2026-03-30 19:32:06.333434,XGBoost
5825-XJOCM,0.00066485524,Low,0.042816677270457154,2026-03-30 19:32:06.333434,XGBoost
5827-MWCZK,0.010248742,Low,0.9936155433300883,2026-03-30 19:32:06.333434,XGBoost
5828-AVIPD,0.8426702,High,85.06755691766739,2026-03-30 19:32:06.333434,XGBoost
5828-DWPIL,1.7001807e-05,Low,0.0015148609640164067,2026-03-30 19:32:06.333434,XGBoost
5829-NVSQN,8.349636e-05,Low,0.005740374581364449,2026-03-30 19:32:06.333434,XGBoost
5832-EXGTT,0.014431321,Low,0.8687655279412866,2026-03-30 19:32:06.333434,XGBoost
5832-TRLPB,0.011001418,Low,0.8289568722713738,2026-03-30 19:32:06.333434,XGBoost
5832-XKAES,0.8561646,High,59.76028730869293,2026-03-30 19:32:06.333434,XGBoost
5834-ASPWA,0.9969056,High,75.21652939617634,2026-03-30 19:32:06.333434,XGBoost
5835-BEQEU,0.9996947,High,76.92650755047798,2026-03-30 19:32:06.333434,XGBoost
5837-LXSDN,0.000114733,Low,0.006752036857869826,2026-03-30 19:32:06.333434,XGBoost
5839-SUYVZ,0.20908947,Low,15.587620203942059,2026-03-30 19:32:06.333434,XGBoost
5840-NVDCG,0.00016718022,Low,0.011410049777623499,2026-03-30 19:32:06.333434,XGBoost
5842-POCOP,0.8748266,High,77.77208563685417,2026-03-30 19:32:06.333434,XGBoost
5843-TTHGI,0.00026615948,Low,0.013307973858900368,2026-03-30 19:32:06.333434,XGBoost
5844-QVTAT,0.00023605702,Low,0.013797532908938592,2026-03-30 19:32:06.333434,XGBoost
5845-BZZIB,0.00059678627,Low,0.01199540396919474,2026-03-30 19:32:06.333434,XGBoost
5846-ABOBJ,0.003680689,Low,0.08999284672318027,2026-03-30 19:32:06.333434,XGBoost
5846-NEQVZ,3.4367586e-05,Low,0.002434943440675852,2026-03-30 19:32:06.333434,XGBoost
5846-QFDFI,0.010217514,Low,0.9052717305719852,2026-03-30 19:32:06.333434,XGBoost
5847-MXBEO,0.00014952384,Low,0.003035333938896656,2026-03-30 19:32:06.333434,XGBoost
5848-FHRFC,8.042416e-06,Low,0.00016125044248838094,2026-03-30 19:32:06.333434,XGBoost
5849-ASHZJ,0.001974072,Low,0.039580145094078034,2026-03-30 19:32:06.333434,XGBoost
5850-BDWCY,0.0001093799,Low,0.0022094739819294774,2026-03-30 19:32:06.333434,XGBoost
5854-KSRBJ,8.6276395e-06,Low,0.0002191420444432879,2026-03-30 19:32:06.333434,XGBoost
5855-EIBDE,0.0017065688,Low,0.18200555794173853,2026-03-30 19:32:06.333434,XGBoost
5857-TYBCJ,0.0003714782,Low,0.033135856059379874,2026-03-30 19:32:06.333434,XGBoost
5857-XRECV,9.8468765e-05,Low,0.0020186096808174625,2026-03-30 19:32:06.333434,XGBoost
5858-EAFCZ,0.15114914,Low,6.718579220026732,2026-03-30 19:32:06.333434,XGBoost
5859-HZYLF,8.944523e-06,Low,0.00017128761469393792,2026-03-30 19:32:06.333434,XGBoost
5862-BRIXZ,0.0010238747,Low,0.06220039012259804,2026-03-30 19:32:06.333434,XGBoost
5863-OOKCL,0.0019846323,Low,0.03741031963145361,2026-03-30 19:32:06.333434,XGBoost
5868-CZJDR,0.9994159,High,31.331687664985658,2026-03-30 19:32:06.333434,XGBoost
5868-YTYKS,0.00022665987,Low,0.004589862466673367,2026-03-30 19:32:06.333434,XGBoost
5868-YWPDW,0.9692496,High,81.61081683635712,2026-03-30 19:32:06.333434,XGBoost
5871-DGTXZ,6.974083e-05,Low,0.0013808684787363745,2026-03-30 19:32:06.333434,XGBoost
5872-OEQNH,0.000714141,Low,0.031743567556259226,2026-03-30 19:32:06.333434,XGBoost
5875-YPQFJ,0.999801,High,69.88608850836755,2026-03-30 19:32:06.333434,XGBoost
5876-HZVZM,0.9880222,High,55.23044143915176,2026-03-30 19:32:06.333434,XGBoost
5876-QMYLD,3.0299e-05,Low,0.0006074949352296244,2026-03-30 19:32:06.333434,XGBoost
5879-HMFFH,2.0001124e-05,Low,0.001761098935639893,2026-03-30 19:32:06.333434,XGBoost
5879-SESNB,0.22810738,Low,17.165080185979605,2026-03-30 19:32:06.333434,XGBoost
5882-CMAZQ,0.0015156405,Low,0.051910688081989065,2026-03-30 19:32:06.333434,XGBoost
5883-GTGVD,0.75665486,High,75.62765311598778,2026-03-30 19:32:06.333434,XGBoost
5884-FBCTL,0.0006455782,Low,0.01620401278487407,2026-03-30 19:32:06.333434,XGBoost
5884-GCYMI,0.99985576,High,69.38998951911927,2026-03-30 19:32:06.333434,XGBoost
5886-VLQVU,0.090305686,Low,8.113965886831283,2026-03-30 19:32:06.333434,XGBoost
5887-IKKYO,9.491508e-06,Low,0.0008955237445206876,2026-03-30 19:32:06.333434,XGBoost
5889-JTMUL,0.99959093,High,95.01111821234225,2026-03-30 19:32:06.333434,XGBoost
5889-LFOLL,0.807855,High,68.34453384876251,2026-03-30 19:32:06.333434,XGBoost
5893-KCLGT,0.0015993936,Low,0.031588022655341774,2026-03-30 19:32:06.333434,XGBoost
5893-PYOLZ,0.004949841,Low,0.4048970087431371,2026-03-30 19:32:06.333434,XGBoost
5895-QSXOD,3.5075933e-05,Low,0.0024570690946347892,2026-03-30 19:32:06.333434,XGBoost
5896-NPFWW,0.99928683,High,50.11423454582691,2026-03-30 19:32:06.333434,XGBoost
5897-ZYEKH,0.00025507572,Low,0.026935996022075415,2026-03-30 19:32:06.333434,XGBoost
5898-IGSLP,0.00012066598,Low,0.01077547200693516,2026-03-30 19:32:06.333434,XGBoost
5899-MQZZL,0.7731305,High,57.98478573560715,2026-03-30 19:32:06.333434,XGBoost
5899-OUVKV,0.00051976414,Low,0.049117711605504155,2026-03-30 19:32:06.333434,XGBoost
5902-WBLSE,0.0001506135,Low,0.0030348620515724175,2026-03-30 19:32:06.333434,XGBoost
5906-BFOZT,0.00031310171,Low,0.006105483436840586,2026-03-30 19:32:06.333434,XGBoost
5906-CVLHP,0.9991868,High,54.10596596896648,2026-03-30 19:32:06.333434,XGBoost
5906-DVAPM,0.0005663953,Low,0.04247964679962024,2026-03-30 19:32:06.333434,XGBoost
5908-QMGOE,0.77606094,High,57.583721661567694,2026-03-30 19:32:06.333434,XGBoost
5909-ECHUI,0.9486415,High,53.36108319461346,2026-03-30 19:32:06.333434,XGBoost
5913-INRQV,0.00078836584,Low,0.07107118047424593,2026-03-30 19:32:06.333434,XGBoost
5914-DVBWJ,0.9994869,High,85.40615758895875,2026-03-30 19:32:06.333434,XGBoost
5914-GXMDA,0.0042732614,Low,0.08247394519858063,2026-03-30 19:32:06.333434,XGBoost
5914-XRFQB,0.02283922,Low,2.6447817038744685,2026-03-30 19:32:06.333434,XGBoost
5915-ANOEI,0.00048413093,Low,0.038318962900666526,2026-03-30 19:32:06.333434,XGBoost
5915-DGNVC,0.17385522,Low,12.482804459333419,2026-03-30 19:32:06.333434,XGBoost
5916-QEWPT,0.0027947554,Low,0.19283812190406024,2026-03-30 19:32:06.333434,XGBoost
5917-HBSDW,8.160262e-05,Low,0.001579010740169906,2026-03-30 19:32:06.333434,XGBoost
5917-RYRMG,0.031148562,Low,0.6167415317147971,2026-03-30 19:32:06.333434,XGBoost
5918-VUKWP,0.012207662,Low,0.250867449073121,2026-03-30 19:32:06.333434,XGBoost
5919-TMRGD,0.9997476,High,79.329970023036,2026-03-30 19:32:06.333434,XGBoost
5919-VCZYM,0.00017013776,Low,0.003411262134613935,2026-03-30 19:32:06.333434,XGBoost
5921-NGYRH,7.383899e-05,Low,0.005430857976170955,2026-03-30 19:32:06.333434,XGBoost
5922-ABDVO,0.83329797,High,74.70516282320023,2026-03-30 19:32:06.333434,XGBoost
5923-GXUOC,0.9997732,High,104.37632253170014,2026-03-30 19:32:06.333434,XGBoost
5924-IFQTT,0.00013021956,Low,0.009479983942583203,2026-03-30 19:32:06.333434,XGBoost
5924-SNGKP,3.7146056e-05,Low,0.0007522076248278609,2026-03-30 19:32:06.333434,XGBoost
5928-QLDHB,0.00027787674,Low,0.02118810123647563,2026-03-30 19:32:06.333434,XGBoost
5930-GBIWP,2.895763e-05,Low,0.002360046778449032,2026-03-30 19:32:06.333434,XGBoost
5931-FLJJF,0.99781704,High,69.94697446823119,2026-03-30 19:32:06.333434,XGBoost
5934-RMPOV,0.059339598,Low,5.029030915349722,2026-03-30 19:32:06.333434,XGBoost
5934-TSSAU,1.3364368e-05,Low,0.001006336909449601,2026-03-30 19:32:06.333434,XGBoost
5935-FCCNB,0.00036272267,Low,0.03416847540065646,2026-03-30 19:32:06.333434,XGBoost
5937-EORGB,0.0005316875,Low,0.051307845453266054,2026-03-30 19:32:06.333434,XGBoost
5939-SXWHM,0.0005103768,Low,0.013422910362714901,2026-03-30 19:32:06.333434,XGBoost
5939-XAIXZ,7.908418e-05,Low,0.0044366225243720695,2026-03-30 19:32:06.333434,XGBoost
5940-AHUHD,0.90772104,High,64.08510560989379,2026-03-30 19:32:06.333434,XGBoost
5940-NFXKV,0.9972882,High,83.42316019535065,2026-03-30 19:32:06.333434,XGBoost
5944-UGLLK,0.16464329,Low,9.038916492462159,2026-03-30 19:32:06.333434,XGBoost
5945-AZYHT,9.208657e-05,Low,0.010092688223812728,2026-03-30 19:32:06.333434,XGBoost
5947-SGKCL,0.070247635,Low,7.400588373094797,2026-03-30 19:32:06.333434,XGBoost
5948-UJZLF,0.0009504039,Low,0.04680739300965797,2026-03-30 19:32:06.333434,XGBoost
5949-EBSQK,0.9910033,High,60.89715124368668,2026-03-30 19:32:06.333434,XGBoost
5949-HGVJL,0.00036608733,Low,0.02674267971451627,2026-03-30 19:32:06.333434,XGBoost
5949-XIKAE,0.90216017,High,75.37548201084137,2026-03-30 19:32:06.333434,XGBoost
5950-AAAGJ,0.06822094,Low,5.751025512814522,2026-03-30 19:32:06.333434,XGBoost
5951-AOFIH,0.010497444,Low,0.6970303021371366,2026-03-30 19:32:06.333434,XGBoost
5954-BDFSG,0.00014485893,Low,0.015572335178148933,2026-03-30 19:32:06.333434,XGBoost
5955-EPOAZ,0.25364593,Low,5.313882164657116,2026-03-30 19:32:06.333434,XGBoost
5955-ERIHD,0.96115446,High,91.02132744789124,2026-03-30 19:32:06.333434,XGBoost
5956-VKDTT,0.9995565,High,74.31702442467213,2026-03-30 19:32:06.333434,XGBoost
5956-YHHRX,0.00051137904,Low,0.05336240275937598,2026-03-30 19:32:06.333434,XGBoost
5959-BELXA,0.7248059,High,69.69008646905422,2026-03-30 19:32:06.333434,XGBoost
5960-MVTUK,0.0003318362,Low,0.009872126938716974,2026-03-30 19:32:06.333434,XGBoost
5960-WPXQM,0.98398083,High,77.78368496596813,2026-03-30 19:32:06.333434,XGBoost
5961-VUSRV,5.8871803e-05,Low,0.001139169388989103,2026-03-30 19:32:06.333434,XGBoost
5965-GGPRW,0.0009809817,Low,0.10324832834885456,2026-03-30 19:32:06.333434,XGBoost
5966-EMAZU,3.6535213e-05,Low,0.003964070658184937,2026-03-30 19:32:06.333434,XGBoost
5968-HYJRZ,0.0056507112,Low,0.138724961085245,2026-03-30 19:32:06.333434,XGBoost
5968-VXZLG,0.0014102195,Low,0.06571622726041824,2026-03-30 19:32:06.333434,XGBoost
5968-XQIVE,0.038714737,Low,3.472711881995201,2026-03-30 19:32:06.333434,XGBoost
5970-GHJAW,0.0009169971,Low,0.018294091889401898,2026-03-30 19:32:06.333434,XGBoost
5973-EJGDP,0.00026059186,Low,0.022762698639417066,2026-03-30 19:32:06.333434,XGBoost
5975-BAICR,3.3426233e-05,Low,0.002129251050428138,2026-03-30 19:32:06.333434,XGBoost
5976-JCJRH,0.9955147,High,69.9846827685833,2026-03-30 19:32:06.333434,XGBoost
5977-CKHON,3.8281756e-05,Low,0.003542976530115993,2026-03-30 19:32:06.333434,XGBoost
5980-BDHPY,0.031656712,Low,2.757299640774727,2026-03-30 19:32:06.333434,XGBoost
5980-NOPLP,0.9995726,High,96.05892446637154,2026-03-30 19:32:06.333434,XGBoost
5981-ITEMU,0.94007957,High,91.28172622919082,2026-03-30 19:32:06.333434,XGBoost
5981-ZVXOT,0.00014896783,Low,0.01614066386318882,2026-03-30 19:32:06.333434,XGBoost
5982-FPVQN,0.0004140638,Low,0.03939817102509551,2026-03-30 19:32:06.333434,XGBoost
5982-PSMKW,0.0010992838,Low,0.10014475481584667,2026-03-30 19:32:06.333434,XGBoost
5982-XMDEX,0.000109215645,Low,0.00289421460183803,2026-03-30 19:32:06.333434,XGBoost
5985-BEHZK,0.00018987196,Low,0.019936556200264022,2026-03-30 19:32:06.333434,XGBoost
5985-TBABQ,0.45710853,Medium,34.16886242479086,2026-03-30 19:32:06.333434,XGBoost
5986-WWXDV,0.005629173,Low,0.10892449782695622,2026-03-30 19:32:06.333434,XGBoost
5989-AXPUC,0.00088648166,Low,0.10513672520173713,2026-03-30 19:32:06.333434,XGBoost
5989-OMNJE,0.043002613,Low,2.47695050239563,2026-03-30 19:32:06.333434,XGBoost
5989-PGKJB,0.5743675,Medium,49.539198875427246,2026-03-30 19:32:06.333434,XGBoost
5993-BQHEA,5.588402e-05,Low,0.001120474568233476,2026-03-30 19:32:06.333434,XGBoost
5993-JSUWV,0.0014506031,Low,0.08870438135927543,2026-03-30 19:32:06.333434,XGBoost
5995-LFTLE,1.7536358e-05,Low,0.00044366986821842147,2026-03-30 19:32:06.333434,XGBoost
5995-OIGLP,0.9982943,High,56.55337174832821,2026-03-30 19:32:06.333434,XGBoost
5995-SNNEW,0.00030159124,Low,0.031501204712549226,2026-03-30 19:32:06.333434,XGBoost
5995-WWKKG,0.000137546,Low,0.0027234107576077807,2026-03-30 19:32:06.333434,XGBoost
5996-DAOQL,0.044989433,Low,0.9200339077040552,2026-03-30 19:32:06.333434,XGBoost
5996-EBTKM,6.3909524e-06,Low,0.0004467275742626953,2026-03-30 19:32:06.333434,XGBoost
5996-NRVXR,0.0001619403,Low,0.01589444090423058,2026-03-30 19:32:06.333434,XGBoost
5997-OPVFA,2.2941656e-05,Low,0.0020429545046681597,2026-03-30 19:32:06.333434,XGBoost
5998-DZLYR,6.824191e-05,Low,0.006438624419024563,2026-03-30 19:32:06.333434,XGBoost
5998-VVEJY,0.8476148,High,68.23299339413643,2026-03-30 19:32:06.333434,XGBoost
5999-LCXAO,0.0008297307,Low,0.02480894813197665,2026-03-30 19:32:06.333434,XGBoost
6000-APYLU,0.9981665,High,80.65185332298279,2026-03-30 19:32:06.333434,XGBoost
6000-UKLWI,3.7844147e-05,Low,0.0007625595681020059,2026-03-30 19:32:06.333434,XGBoost
6005-OBZPH,0.9989434,High,89.05580308139325,2026-03-30 19:32:06.333434,XGBoost
6007-TCTST,1.5744965e-05,Low,0.0018232669368444475,2026-03-30 19:32:06.333434,XGBoost
6008-NAIXK,0.0006751051,Low,0.03743457681557629,2026-03-30 19:32:06.333434,XGBoost
6010-DDPPW,0.00011817923,Low,0.0029722076906182338,2026-03-30 19:32:06.333434,XGBoost
6013-BHCAW,2.7119042e-06,Low,0.00021966424378661031,2026-03-30 19:32:06.333434,XGBoost
6015-VVHHE,0.9965654,High,82.86441313922406,2026-03-30 19:32:06.333434,XGBoost
6016-LVTJQ,0.0027396532,Low,0.05657383907819166,2026-03-30 19:32:06.333434,XGBoost
6016-NXBNJ,1.9013301e-05,Low,0.00036410472230272715,2026-03-30 19:32:06.333434,XGBoost
6017-PPLPX,0.9974177,High,70.26807614564896,2026-03-30 19:32:06.333434,XGBoost
6022-KOUQO,0.00030038314,Low,0.008726130131981336,2026-03-30 19:32:06.333434,XGBoost
6022-UGGSO,0.9993949,High,74.35498008728028,2026-03-30 19:32:06.333434,XGBoost
6023-GSSXW,3.6819332e-05,Low,0.0022625479703492603,2026-03-30 19:32:06.333434,XGBoost
6023-YEBUP,0.9998673,High,100.93660596013069,2026-03-30 19:32:06.333434,XGBoost
6024-RUGGH,2.1902466e-05,Low,0.0005519421421922743,2026-03-30 19:32:06.333434,XGBoost
6029-CSMJE,8.160138e-05,Low,0.0020930753467837348,2026-03-30 19:32:06.333434,XGBoost
6029-WTIPC,0.9997162,High,101.07131007313728,2026-03-30 19:32:06.333434,XGBoost
6030-REHUX,0.0006613261,Low,0.07330799892079085,2026-03-30 19:32:06.333434,XGBoost
6032-IGALN,0.6738903,Medium,16.91464634537697,2026-03-30 19:32:06.333434,XGBoost
6032-KRXXO,0.99948275,High,90.20331826806068,2026-03-30 19:32:06.333434,XGBoost
6034-YMTOB,0.00021029894,Low,0.015909114684473025,2026-03-30 19:32:06.333434,XGBoost
6034-ZRYCV,0.6146956,Medium,33.31650198698044,2026-03-30 19:32:06.333434,XGBoost
6035-BXTTY,0.00012127376,Low,0.006627611119984067,2026-03-30 19:32:06.333434,XGBoost
6035-RIIOM,6.0546576e-05,Low,0.005885127157671377,2026-03-30 19:32:06.333434,XGBoost
6036-TTFYU,0.0478988,Low,0.9388164639472962,2026-03-30 19:32:06.333434,XGBoost
6038-GCYEC,0.99943846,High,54.11959286034107,2026-03-30 19:32:06.333434,XGBoost
6040-CGACY,5.1775154e-05,Low,0.0010147930210223422,2026-03-30 19:32:06.333434,XGBoost
6047-SUHPR,0.00026653302,Low,0.01593867488554679,2026-03-30 19:32:06.333434,XGBoost
6047-YHPVI,0.95754725,High,66.7410431444645,2026-03-30 19:32:06.333434,XGBoost
6048-NJXHX,0.0013872662,Low,0.027398507634643465,2026-03-30 19:32:06.333434,XGBoost
6048-QBXKL,0.00046666496,Low,0.026389903601375407,2026-03-30 19:32:06.333434,XGBoost
6048-UWKAL,0.000749073,Low,0.07895229328423739,2026-03-30 19:32:06.333434,XGBoost
6050-FFXES,0.0010547976,Low,0.11112292235484346,2026-03-30 19:32:06.333434,XGBoost
6050-IJRHS,0.00042428295,Low,0.04518613369145896,2026-03-30 19:32:06.333434,XGBoost
6051-PTVNS,2.4195211e-05,Low,0.0004633382935935515,2026-03-30 19:32:06.333434,XGBoost
6060-DRTNL,0.97206724,High,82.47990505099295,2026-03-30 19:32:06.333434,XGBoost
6060-QBMGV,4.2512253e-05,Low,0.0008438682130872621,2026-03-30 19:32:06.333434,XGBoost
6061-GWWAV,3.2717522e-05,Low,0.002296770052635111,2026-03-30 19:32:06.333434,XGBoost
6061-PQHMK,1.8339691e-05,Low,0.0003649598598713055,2026-03-30 19:32:06.333434,XGBoost
6064-PUPMC,0.00021554026,Low,0.012328902969602496,2026-03-30 19:32:06.333434,XGBoost
6064-ZATLR,6.900731e-05,Low,0.0036470361534156836,2026-03-30 19:32:06.333434,XGBoost
6067-NGCEU,4.1509997e-05,Low,0.0046096851294350925,2026-03-30 19:32:06.333434,XGBoost
6072-NUQCB,5.1843086e-05,Low,0.0010498224937691703,2026-03-30 19:32:06.333434,XGBoost
6075-QMNRR,5.848699e-05,Low,0.002909727681071672,2026-03-30 19:32:06.333434,XGBoost
6075-SLNIL,0.0001802886,Low,0.01714544550923165,2026-03-30 19:32:06.333434,XGBoost
6077-BDPXA,0.00026439762,Low,0.018547492944344414,2026-03-30 19:32:06.333434,XGBoost
6078-VESFR,0.000106008825,Low,0.007468321738269879,2026-03-30 19:32:06.333434,XGBoost
6080-LNESI,2.95283e-05,Low,0.0007308254430427041,2026-03-30 19:32:06.333434,XGBoost
6080-TCMYC,0.00044622135,Low,0.03623317399760708,2026-03-30 19:32:06.333434,XGBoost
6082-GLJIX,5.0013827e-05,Low,0.0009627661638660356,2026-03-30 19:32:06.333434,XGBoost
6082-OQFBA,0.003149648,Low,0.06189058249583467,2026-03-30 19:32:06.333434,XGBoost
6086-ESGRL,0.98934233,High,79.29578790068626,2026-03-30 19:32:06.333434,XGBoost
6087-MVHJH,0.9996567,High,88.419633102417,2026-03-30 19:32:06.333434,XGBoost
6087-YPWHO,7.857257e-05,Low,0.005354720748437103,2026-03-30 19:32:06.333434,XGBoost
6088-BXMRG,0.0005795159,Low,0.05728514468937646,2026-03-30 19:32:06.333434,XGBoost
6092-QZVPP,0.0006026938,Low,0.047733350610360506,2026-03-30 19:32:06.333434,XGBoost
6094-ZIVKX,4.0347745e-06,Low,0.00021969347260437645,2026-03-30 19:32:06.333434,XGBoost
6096-EGVTU,1.8294468e-05,Low,0.00045553224663308356,2026-03-30 19:32:06.333434,XGBoost
6097-EQISJ,0.9974535,High,102.1891121774912,2026-03-30 19:32:06.333434,XGBoost
6100-FJZDG,2.8122344e-05,Low,0.0005638529930365622,2026-03-30 19:32:06.333434,XGBoost
6100-QQHEB,0.9991873,High,92.47478375136852,2026-03-30 19:32:06.333434,XGBoost
6101-IMRMM,0.99904877,High,94.41010871529579,2026-03-30 19:32:06.333434,XGBoost
6103-BOCOU,0.00022406274,Low,0.0180818628257839,2026-03-30 19:32:06.333434,XGBoost
6103-LIANB,7.078722e-05,Low,0.0070433280743600335,2026-03-30 19:32:06.333434,XGBoost
6103-QCKFX,3.902493e-05,Low,0.002195152296735614,2026-03-30 19:32:06.333434,XGBoost
6108-OQZDQ,0.9833536,High,96.31948657035828,2026-03-30 19:32:06.333434,XGBoost
6110-OHIHY,0.99970067,High,79.22627773880959,2026-03-30 19:32:06.333434,XGBoost
6112-KTHFQ,0.00013784273,Low,0.0026603646110743284,2026-03-30 19:32:06.333434,XGBoost
6114-TCFID,2.1894215e-05,Low,0.0008648214934510179,2026-03-30 19:32:06.333434,XGBoost
6115-ZTBFQ,8.5366766e-05,Low,0.005591523182374658,2026-03-30 19:32:06.333434,XGBoost
6116-RFVHN,0.0003783332,Low,0.03800357061845716,2026-03-30 19:32:06.333434,XGBoost
6119-SPUDB,0.010584742,Low,0.40486637502908707,2026-03-30 19:32:06.333434,XGBoost
6120-RJKLU,6.594867e-05,Low,0.005272596057329793,2026-03-30 19:32:06.333434,XGBoost
6121-TNHBO,3.5456735e-05,Low,0.002942908973636804,2026-03-30 19:32:06.333434,XGBoost
6121-VZNQB,0.9996693,High,19.093683886528016,2026-03-30 19:32:06.333434,XGBoost
6122-EFVKN,3.5977213e-05,Low,0.0012861853638241882,2026-03-30 19:32:06.333434,XGBoost
6122-LJADA,3.3378674e-06,Low,0.00030090874461166097,2026-03-30 19:32:06.333434,XGBoost
6124-ACRHJ,0.000719196,Low,0.014204120772774331,2026-03-30 19:32:06.333434,XGBoost
6127-ISGTU,0.9250796,High,78.58551067113876,2026-03-30 19:32:06.333434,XGBoost
6127-IYJOZ,0.0013603242,Low,0.06237086509354413,2026-03-30 19:32:06.333434,XGBoost
6128-AQBMT,0.0007981251,Low,0.04305884974019136,2026-03-30 19:32:06.333434,XGBoost
6128-CZOMY,0.9168574,High,41.854541286826134,2026-03-30 19:32:06.333434,XGBoost
6128-DAFVY,9.1799e-05,Low,0.004117184990172973,2026-03-30 19:32:06.333434,XGBoost
6131-FOYAS,0.0005479251,Low,0.03265633755363524,2026-03-30 19:32:06.333434,XGBoost
6131-IUNXN,4.469467e-05,Low,0.0009028323089296464,2026-03-30 19:32:06.333434,XGBoost
6131-JLWZM,3.0102292e-05,Low,0.0006110765261837514,2026-03-30 19:32:06.333434,XGBoost
6133-OZILE,9.754272e-05,Low,0.003433503652922809,2026-03-30 19:32:06.333434,XGBoost
6134-KWTBV,0.0005057298,Low,0.011834077583625912,2026-03-30 19:32:06.333434,XGBoost
6135-OZQVA,0.00042376897,Low,0.022735205337812658,2026-03-30 19:32:06.333434,XGBoost
6137-MFAJN,0.00017756388,Low,0.007954861875623465,2026-03-30 19:32:06.333434,XGBoost
6137-NICCO,0.00070183823,Low,0.06600788564246614,2026-03-30 19:32:06.333434,XGBoost
6139-ZZRBQ,4.012747e-05,Low,0.0008045557760851807,2026-03-30 19:32:06.333434,XGBoost
6140-QNRQQ,0.9999037,High,71.54310822486877,2026-03-30 19:32:06.333434,XGBoost
6141-OOXUQ,0.8869275,High,17.428125089406965,2026-03-30 19:32:06.333434,XGBoost
6142-VSJQO,0.99667466,High,44.20252103209496,2026-03-30 19:32:06.333434,XGBoost
6143-JQKEA,0.22860816,Low,10.47025378346443,2026-03-30 19:32:06.333434,XGBoost
6145-NNPNO,0.0005988591,Low,0.026439629271044394,2026-03-30 19:32:06.333434,XGBoost
6147-CBCRA,2.1843289e-05,Low,0.00043795793999379384,2026-03-30 19:32:06.333434,XGBoost
6152-ONASV,0.032084815,Low,1.8689404856413603,2026-03-30 19:32:06.333434,XGBoost
6156-UZDLF,0.062004585,Low,5.403699566982687,2026-03-30 19:32:06.333434,XGBoost
6158-DWPZT,0.9984713,High,24.06315880417824,2026-03-30 19:32:06.333434,XGBoost
6158-HDPXZ,0.0013274791,Low,0.033651596243726094,2026-03-30 19:32:06.333434,XGBoost
6161-ERDGD,2.2044962e-05,Low,0.001883741998790356,2026-03-30 19:32:06.333434,XGBoost
6161-UUUTA,0.999835,High,79.88681764602661,2026-03-30 19:32:06.333434,XGBoost
6164-HAQTX,0.0044559543,Low,0.24039873459842057,2026-03-30 19:32:06.333434,XGBoost
6164-HXUGH,0.00013373194,Low,0.0026545790264208336,2026-03-30 19:32:06.333434,XGBoost
6166-ILMNY,0.98369676,High,68.61284892261028,2026-03-30 19:32:06.333434,XGBoost
6166-YIPFO,6.3013766e-05,Low,0.004076990635076072,2026-03-30 19:32:06.333434,XGBoost
6168-WFVVF,0.99796534,High,70.15696310997009,2026-03-30 19:32:06.333434,XGBoost
6168-YBYNP,3.04345e-05,Low,0.0033888815106365654,2026-03-30 19:32:06.333434,XGBoost
6169-PGNCD,7.7054365e-06,Low,0.0005725139300011506,2026-03-30 19:32:06.333434,XGBoost
6169-PPETC,4.179707e-05,Low,0.0008568399262003368,2026-03-30 19:32:06.333434,XGBoost
6171-ZTVYB,0.0010823822,Low,0.07170781842432916,2026-03-30 19:32:06.333434,XGBoost
6172-FECYY,0.9997609,High,84.4797982275486,2026-03-30 19:32:06.333434,XGBoost
6173-GOLSU,0.00022999675,Low,0.02176919195917435,2026-03-30 19:32:06.333434,XGBoost
6173-ITPWD,0.99830085,High,83.20837588012218,2026-03-30 19:32:06.333434,XGBoost
6174-NRBTZ,3.8662136e-05,Low,0.0011888606795764645,2026-03-30 19:32:06.333434,XGBoost
6175-IRFIT,0.11813964,Low,9.303496610373259,2026-03-30 19:32:06.333434,XGBoost
6176-YJWAS,8.663924e-05,Low,0.008486313219327713,2026-03-30 19:32:06.333434,XGBoost
6177-PEVRA,0.00017218744,Low,0.009556403099850286,2026-03-30 19:32:06.333434,XGBoost
6178-KFNHS,0.997721,High,78.12155558466911,2026-03-30 19:32:06.333434,XGBoost
6179-GJPSO,0.99942064,High,108.08734252452851,2026-03-30 19:32:06.333434,XGBoost
6180-YBIQI,0.00026608564,Low,0.006465881070471369,2026-03-30 19:32:06.333434,XGBoost
6181-AXXYF,0.0002427475,Low,0.006008000560541404,2026-03-30 19:32:06.333434,XGBoost
6184-DYUOB,0.00036613693,Low,0.007176283758599311,2026-03-30 19:32:06.333434,XGBoost
6185-TASNN,0.95203006,High,44.07899190187454,2026-03-30 19:32:06.333434,XGBoost
6188-UXBBR,0.00015839543,Low,0.003207507437764434,2026-03-30 19:32:06.333434,XGBoost
6194-HBGQN,1.5487181e-05,Low,0.001256784768338548,2026-03-30 19:32:06.333434,XGBoost
6195-MELTI,0.00021477549,Low,0.01173748029905255,2026-03-30 19:32:06.333434,XGBoost
6196-HBOBZ,0.030447565,Low,3.0249655846506354,2026-03-30 19:32:06.333434,XGBoost
6198-PNNSZ,0.022676427,Low,2.4898716755211354,2026-03-30 19:32:06.333434,XGBoost
6198-RTPMF,0.0018640992,Low,0.1726155837532133,2026-03-30 19:32:06.333434,XGBoost
6198-ZFIOJ,0.000579208,Low,0.04378812625072896,2026-03-30 19:32:06.333434,XGBoost
6199-IPCAO,0.00013699388,Low,0.003575540363090113,2026-03-30 19:32:06.333434,XGBoost
6199-IWKGC,0.00014795015,Low,0.014832002696493873,2026-03-30 19:32:06.333434,XGBoost
6202-DYYFX,0.00043652573,Low,0.033175955759361386,2026-03-30 19:32:06.333434,XGBoost
6202-JVYEU,0.00036963332,Low,0.007355702971108258,2026-03-30 19:32:06.333434,XGBoost
6203-HBZPA,2.2430153e-05,Low,0.0014332867745906696,2026-03-30 19:32:06.333434,XGBoost
6204-IEUXJ,0.89157236,High,71.4149457335472,2026-03-30 19:32:06.333434,XGBoost
6207-WIOLX,0.9990446,High,58.544013392925265,2026-03-30 19:32:06.333434,XGBoost
6210-KBBPI,0.99974495,High,99.42463544905186,2026-03-30 19:32:06.333434,XGBoost
6211-WHMYA,0.00019602521,Low,0.008595705548941623,2026-03-30 19:32:06.333434,XGBoost
6211-WWLTF,2.8803835e-05,Low,0.0028717423941998278,2026-03-30 19:32:06.333434,XGBoost
6212-ATMLK,0.00020107145,Low,0.019242538000980858,2026-03-30 19:32:06.333434,XGBoost
6214-EDAKZ,0.76758766,High,42.3324595451355,2026-03-30 19:32:06.333434,XGBoost
6215-NQCPY,0.00054700335,Low,0.05453623401699588,2026-03-30 19:32:06.333434,XGBoost
6217-KDYWC,6.701622e-05,Low,0.0013135178916854784,2026-03-30 19:32:06.333434,XGBoost
6217-TOWGS,0.0001564556,Low,0.011796752279042267,2026-03-30 19:32:06.333434,XGBoost
6218-KNUBD,0.00024127397,Low,0.0143437375438225,2026-03-30 19:32:06.333434,XGBoost
6221-AVQYL,0.88916427,High,65.13128270208836,2026-03-30 19:32:06.333434,XGBoost
6223-DHJGV,4.4105458e-05,Low,0.0009107777092140167,2026-03-30 19:32:06.333434,XGBoost
6227-FBDXH,0.00020417744,Low,0.02031565551442327,2026-03-30 19:32:06.333434,XGBoost
6227-HWPWX,0.9366458,High,64.62856060266495,2026-03-30 19:32:06.333434,XGBoost
6229-LSCKB,0.0003091994,Low,0.02464319104910828,2026-03-30 19:32:06.333434,XGBoost
6229-UOLQL,1.9395196e-05,Low,0.0010085502144647762,2026-03-30 19:32:06.333434,XGBoost
6230-BSUXY,0.9998171,High,84.98445123434067,2026-03-30 19:32:06.333434,XGBoost
6231-WFGFH,0.00090890913,Low,0.018632637220434844,2026-03-30 19:32:06.333434,XGBoost
6233-HXJMX,0.00019536243,Low,0.01744586504646577,2026-03-30 19:32:06.333434,XGBoost
6234-PFPXL,0.00015370538,Low,0.014740345544123557,2026-03-30 19:32:06.333434,XGBoost
6234-RAAPL,0.103649974,Low,10.354632389545442,2026-03-30 19:32:06.333434,XGBoost
6235-VDHOM,0.9996475,High,28.43997132182121,2026-03-30 19:32:06.333434,XGBoost
6240-EURKS,0.8188021,High,28.658074140548706,2026-03-30 19:32:06.333434,XGBoost
6242-FEGFD,0.028487714,Low,2.751913173124194,2026-03-30 19:32:06.333434,XGBoost
6242-MBHPK,0.91835165,High,87.33524193763732,2026-03-30 19:32:06.333434,XGBoost
6242-SGYTS,2.9595594e-05,Low,0.002810101673276222,2026-03-30 19:32:06.333434,XGBoost
6243-OZGFH,0.012500219,Low,0.5618848461657763,2026-03-30 19:32:06.333434,XGBoost
6244-BESBM,3.5993598e-06,Low,0.00034265905705979096,2026-03-30 19:32:06.333434,XGBoost
6248-BSHKG,0.002062245,Low,0.042069798801094294,2026-03-30 19:32:06.333434,XGBoost
6248-TKCQV,0.00083003874,Low,0.06690112258074804,2026-03-30 19:32:06.333434,XGBoost
6250-CGGUN,0.00047201343,Low,0.03983793358784169,2026-03-30 19:32:06.333434,XGBoost
6252-DFGTK,0.0020820224,Low,0.1417857235763222,2026-03-30 19:32:06.333434,XGBoost
6253-GNHWH,9.645032e-06,Low,0.0006857617859168385,2026-03-30 19:32:06.333434,XGBoost
6253-WRFHY,0.038325068,Low,2.48154812771827,2026-03-30 19:32:06.333434,XGBoost
6257-DTAYD,0.22549537,Low,23.485342602431775,2026-03-30 19:32:06.333434,XGBoost
6257-RJOHI,0.00033556568,Low,0.017046736588235942,2026-03-30 19:32:06.333434,XGBoost
6258-NGCNG,0.0010348635,Low,0.024319292861036956,2026-03-30 19:32:06.333434,XGBoost
6258-PVZWJ,0.0049154665,Low,0.446324361115694,2026-03-30 19:32:06.333434,XGBoost
6259-WJQLC,0.0002798898,Low,0.02269906207220629,2026-03-30 19:32:06.333434,XGBoost
6260-ONULR,0.0012650489,Low,0.07944506867788732,2026-03-30 19:32:06.333434,XGBoost
6260-XLACS,0.00050661084,Low,0.009980233595706522,2026-03-30 19:32:06.333434,XGBoost
6261-LHRTG,2.1349777e-05,Low,0.0011689002876664745,2026-03-30 19:32:06.333434,XGBoost
6261-RCVNS,0.66980815,Medium,49.4988222360611,2026-03-30 19:32:06.333434,XGBoost
6265-FRMTQ,5.7886446e-05,Low,0.001180883489723783,2026-03-30 19:32:06.333434,XGBoost
6265-SXWBU,0.0014587492,Low,0.13967523351311684,2026-03-30 19:32:06.333434,XGBoost
6266-QHOJZ,0.04860756,Low,4.367389422096312,2026-03-30 19:32:06.333434,XGBoost
6267-DCFFZ,0.0013517361,Low,0.12172383911092766,2026-03-30 19:32:06.333434,XGBoost
6270-OMFIW,0.99907815,High,94.31297779083252,2026-03-30 19:32:06.333434,XGBoost
6275-YDUVO,0.99951994,High,86.1586191892624,2026-03-30 19:32:06.333434,XGBoost
6278-FEPBZ,0.18322247,Low,3.7102550715208054,2026-03-30 19:32:06.333434,XGBoost
6281-FKEWS,0.077274054,Low,3.7902923628687857,2026-03-30 19:32:06.333434,XGBoost
6283-GITPX,1.3242371e-05,Low,0.0010183383373259859,2026-03-30 19:32:06.333434,XGBoost
6284-AHOOQ,0.87825054,High,79.48167380690575,2026-03-30 19:32:06.333434,XGBoost
6284-KMNUF,0.00016018617,Low,0.01569824496982619,2026-03-30 19:32:06.333434,XGBoost
6285-FTQBF,6.2927643e-06,Low,0.00016078012743037107,2026-03-30 19:32:06.333434,XGBoost
6286-SUUWT,0.001155439,Low,0.02305100703961216,2026-03-30 19:32:06.333434,XGBoost
6286-ZHAOK,5.4829474e-05,Low,0.001400893055870256,2026-03-30 19:32:06.333434,XGBoost
6288-CHQJB,3.8834074e-05,Low,0.0027164434815858843,2026-03-30 19:32:06.333434,XGBoost
6288-LBEAR,0.25455162,Low,20.13503308594227,2026-03-30 19:32:06.333434,XGBoost
6289-CPNLD,0.67335993,Medium,49.76129886507989,2026-03-30 19:32:06.333434,XGBoost
6292-TOSSS,0.003869119,Low,0.09634106559678912,2026-03-30 19:32:06.333434,XGBoost
6295-OSINB,2.9774505e-05,Low,0.0032647744274981964,2026-03-30 19:32:06.333434,XGBoost
6296-DDOOR,0.16026291,Low,9.327301508188247,2026-03-30 19:32:06.333434,XGBoost
6297-NOOPG,0.00042812192,Low,0.04730747164285276,2026-03-30 19:32:06.333434,XGBoost
6298-QDFNH,0.7252201,High,57.54621368050575,2026-03-30 19:32:06.333434,XGBoost
6300-BWMJX,0.00034737462,Low,0.032427420617023014,2026-03-30 19:32:06.333434,XGBoost
6302-JGYRJ,0.8133552,High,64.6210712313652,2026-03-30 19:32:06.333434,XGBoost
6303-KFWSL,9.1709835e-06,Low,0.0005066968385563086,2026-03-30 19:32:06.333434,XGBoost
6304-IJFSQ,0.8844984,High,44.13647102713585,2026-03-30 19:32:06.333434,XGBoost
6305-YLBMM,0.99989724,High,104.03930798768997,2026-03-30 19:32:06.333434,XGBoost
6308-CQRBU,8.294157e-05,Low,0.009061366856258246,2026-03-30 19:32:06.333434,XGBoost
6311-UEUME,0.99856466,High,78.78675171732903,2026-03-30 19:32:06.333434,XGBoost
6313-GIDIT,0.86583626,High,47.14478450417519,2026-03-30 19:32:06.333434,XGBoost
6317-YPKDH,0.9993968,High,29.931934189796447,2026-03-30 19:32:06.333434,XGBoost
6319-IEJWJ,0.9962768,High,89.8641669869423,2026-03-30 19:32:06.333434,XGBoost
6319-QSUSR,0.04152373,Low,0.8180174518376588,2026-03-30 19:32:06.333434,XGBoost
6322-HRPFA,0.038914304,Low,2.3192925319075584,2026-03-30 19:32:06.333434,XGBoost
6322-PJJDJ,0.00017569664,Low,0.01665604124427773,2026-03-30 19:32:06.333434,XGBoost
6323-AYBRX,0.9963832,High,19.28001472949982,2026-03-30 19:32:06.333434,XGBoost
6326-MTTXK,0.9997658,High,100.82638227641581,2026-03-30 19:32:06.333434,XGBoost
6328-ZPBGN,0.9451384,High,89.92991826832295,2026-03-30 19:32:06.333434,XGBoost
6330-JKLPC,0.97763515,High,78.69962918758392,2026-03-30 19:32:06.333434,XGBoost
6331-EWIEB,0.9958085,High,84.89267310500145,2026-03-30 19:32:06.333434,XGBoost
6331-LWDTQ,0.9996655,High,72.12586573362351,2026-03-30 19:32:06.333434,XGBoost
6332-FBZRI,7.5356174e-06,Low,0.0005225950696058135,2026-03-30 19:32:06.333434,XGBoost
6333-YDVLT,0.035615746,Low,3.9177320525050163,2026-03-30 19:32:06.333434,XGBoost
6338-AVWCY,0.8928296,High,35.84710831940174,2026-03-30 19:32:06.333434,XGBoost
6339-DKLMK,0.00025362094,Low,0.008027102619234937,2026-03-30 19:32:06.333434,XGBoost
6339-RZCBJ,5.61855e-05,Low,0.004433036053160322,2026-03-30 19:32:06.333434,XGBoost
6339-TBELP,0.00020321684,Low,0.017557935090735555,2026-03-30 19:32:06.333434,XGBoost
6339-YPSAH,4.037001e-05,Low,0.0029793067777063695,2026-03-30 19:32:06.333434,XGBoost
6340-DACFT,2.5644653e-05,Low,0.0005269976160889201,2026-03-30 19:32:06.333434,XGBoost
6341-AEVKX,0.00033063212,Low,0.034484929693280715,2026-03-30 19:32:06.333434,XGBoost
6341-JVQGF,8.2626044e-05,Low,0.006705103460626561,2026-03-30 19:32:06.333434,XGBoost
6344-SFJVH,0.000102911865,Low,0.002562505433888873,2026-03-30 19:32:06.333434,XGBoost
6345-FZOQH,2.2667122e-05,Low,0.0004510757240495877,2026-03-30 19:32:06.333434,XGBoost
6345-HOVES,9.593248e-05,Low,0.0024031086868490092,2026-03-30 19:32:06.333434,XGBoost
6345-ULYRW,0.99924916,High,88.33362576961518,2026-03-30 19:32:06.333434,XGBoost
6347-DCUIK,0.9989604,High,74.07291186451913,2026-03-30 19:32:06.333434,XGBoost
6348-SNFUS,0.00029272746,Low,0.016231737755879296,2026-03-30 19:32:06.333434,XGBoost
6349-JDHQP,0.00010318247,Low,0.002048172073773458,2026-03-30 19:32:06.333434,XGBoost
6350-XFYGW,0.00024077621,Low,0.022813545674580382,2026-03-30 19:32:06.333434,XGBoost
6351-SCJKT,0.0013023397,Low,0.05385174736729823,2026-03-30 19:32:06.333434,XGBoost
6352-GIGGQ,0.028715402,Low,2.5499276876449586,2026-03-30 19:32:06.333434,XGBoost
6352-TWCAU,0.80398816,High,69.50477631986142,2026-03-30 19:32:06.333434,XGBoost
6353-BRMMA,0.00020854617,Low,0.021709656785242257,2026-03-30 19:32:06.333434,XGBoost
6356-ELRKD,0.9924246,High,94.8757924556732,2026-03-30 19:32:06.333434,XGBoost
6357-JJPQT,0.0005291167,Low,0.04259389580693096,2026-03-30 19:32:06.333434,XGBoost
6358-LYNGM,0.9996284,High,74.87216900587083,2026-03-30 19:32:06.333434,XGBoost
6360-SVNWV,0.0006941665,Low,0.05105594752239995,2026-03-30 19:32:06.333434,XGBoost
6362-QHAFM,0.00018314309,Low,0.019834396154328714,2026-03-30 19:32:06.333434,XGBoost
6365-HITVU,1.9997595e-05,Low,0.0017447901454943349,2026-03-30 19:32:06.333434,XGBoost
6365-MTGZX,0.9110322,High,87.45909118652344,2026-03-30 19:32:06.333434,XGBoost
6366-XIVKZ,6.817615e-05,Low,0.00430532400678203,2026-03-30 19:32:06.333434,XGBoost
6366-ZGQGL,0.9007671,High,22.339023780822753,2026-03-30 19:32:06.333434,XGBoost
6368-NWMCE,0.17502227,Low,11.927767990529539,2026-03-30 19:32:06.333434,XGBoost
6368-TZZDT,0.0002529566,Low,0.004932653930154629,2026-03-30 19:32:06.333434,XGBoost
6369-MCAKO,5.9642784e-06,Low,0.0005311189953999928,2026-03-30 19:32:06.333434,XGBoost
6370-ZVHDV,0.008146445,Low,0.20610506525263192,2026-03-30 19:32:06.333434,XGBoost
6371-NZYEG,0.24201453,Low,15.549433380365372,2026-03-30 19:32:06.333434,XGBoost
6372-RFVNS,0.999967,High,78.7973979473114,2026-03-30 19:32:06.333434,XGBoost
6374-AFWOX,0.02268304,Low,1.4891415305435658,2026-03-30 19:32:06.333434,XGBoost
6374-NTQLP,2.9331362e-05,Low,0.0030533948242009498,2026-03-30 19:32:06.333434,XGBoost
6376-GAHQE,0.8868887,High,69.04428395926952,2026-03-30 19:32:06.333434,XGBoost
6377-KSLXC,0.00032156712,Low,0.006415263979579322,2026-03-30 19:32:06.333434,XGBoost
6377-WHAOX,0.0009248749,Low,0.09817547191050835,2026-03-30 19:32:06.333434,XGBoost
6379-RXJRQ,0.9983047,High,69.9811612010002,2026-03-30 19:32:06.333434,XGBoost
6380-ARCEH,0.023915658,Low,0.48309628702700136,2026-03-30 19:32:06.333434,XGBoost
6383-ZTSIW,0.0004493673,Low,0.04453229983628262,2026-03-30 19:32:06.333434,XGBoost
6384-VMJHP,0.0019695538,Low,0.14377742470242083,2026-03-30 19:32:06.333434,XGBoost
6386-SZZKH,0.9987766,High,107.8179355531931,2026-03-30 19:32:06.333434,XGBoost
6388-TABGU,2.8770042e-05,Low,0.0016154378730789175,2026-03-30 19:32:06.333434,XGBoost
6390-DSAZX,0.95603746,High,70.36435718536376,2026-03-30 19:32:06.333434,XGBoost
6393-WRYZE,0.9997241,High,97.62305739820005,2026-03-30 19:32:06.333434,XGBoost
6394-HHHZM,0.00025961897,Low,0.005374112748540938,2026-03-30 19:32:06.333434,XGBoost
6394-MFYNG,0.99426454,High,106.78401192426682,2026-03-30 19:32:06.333434,XGBoost
6397-JNZZG,0.9994143,High,55.517465740442276,2026-03-30 19:32:06.333434,XGBoost
6400-BWQKW,0.9986981,High,78.9470860183239,2026-03-30 19:32:06.333434,XGBoost
6402-EJMWF,0.00022959425,Low,0.012696562249038833,2026-03-30 19:32:06.333434,XGBoost
6402-SSEJG,0.04438681,Low,2.709814845398068,2026-03-30 19:32:06.333434,XGBoost
6402-ZFPPI,0.9993562,High,102.73381841182709,2026-03-30 19:32:06.333434,XGBoost
6407-GSJNL,0.0043278574,Low,0.10798004216048866,2026-03-30 19:32:06.333434,XGBoost
6407-UTSLV,0.001269772,Low,0.1064068894367665,2026-03-30 19:32:06.333434,XGBoost
6408-OTUBZ,0.00018673607,Low,0.019523256090906216,2026-03-30 19:32:06.333434,XGBoost
6408-WHTEF,5.7242396e-06,Low,0.000511747020209441,2026-03-30 19:32:06.333434,XGBoost
6410-LEFEN,0.8718668,High,39.36478702425956,2026-03-30 19:32:06.333434,XGBoost
6413-XKKPU,0.9993925,High,89.34569034576417,2026-03-30 19:32:06.333434,XGBoost
6416-JNVRK,0.0009781898,Low,0.05443625977495685,2026-03-30 19:32:06.333434,XGBoost
6416-TVAIH,0.99975795,High,68.48341926932335,2026-03-30 19:32:06.333434,XGBoost
6416-YJTTB,0.0003513463,Low,0.027932030978263356,2026-03-30 19:32:06.333434,XGBoost
6418-HNFED,6.515536e-05,Low,0.005424183422292117,2026-03-30 19:32:06.333434,XGBoost
6418-PIQSP,0.00010397956,Low,0.008422344413702376,2026-03-30 19:32:06.333434,XGBoost
6419-ZTTLE,9.52178e-06,Low,0.00019757693826250033,2026-03-30 19:32:06.333434,XGBoost
6421-SZVEM,0.00010076011,Low,0.008347975071228574,2026-03-30 19:32:06.333434,XGBoost
6424-ELEYH,0.9091449,High,67.95857965946198,2026-03-30 19:32:06.333434,XGBoost
6425-JWTDV,7.67648e-05,Low,0.0014777224314457271,2026-03-30 19:32:06.333434,XGBoost
6425-YQLLO,0.9999199,High,105.94151248931885,2026-03-30 19:32:06.333434,XGBoost
6427-FEFIG,6.662999e-05,Low,0.005237117159413173,2026-03-30 19:32:06.333434,XGBoost
6429-SHBCB,0.12672737,Low,8.82022511959076,2026-03-30 19:32:06.333434,XGBoost
6432-TWQLB,0.9413129,High,80.38812243938446,2026-03-30 19:32:06.333434,XGBoost
6434-TTGJP,0.00015713886,Low,0.008438356599071994,2026-03-30 19:32:06.333434,XGBoost
6435-SRWBJ,0.0019110325,Low,0.1581379376584664,2026-03-30 19:32:06.333434,XGBoost
6435-VWCCY,0.00011199313,Low,0.01038176343208761,2026-03-30 19:32:06.333434,XGBoost
6437-UDQJM,3.4733017e-05,Low,0.0029210467251687077,2026-03-30 19:32:06.333434,XGBoost
6437-UKHMV,0.999522,High,79.66190106868744,2026-03-30 19:32:06.333434,XGBoost
6439-GTPCA,0.95566297,High,83.38159376382828,2026-03-30 19:32:06.333434,XGBoost
6439-LAJXL,0.00015047095,Low,0.010374972054705722,2026-03-30 19:32:06.333434,XGBoost
6439-PKTRR,6.251859e-05,Low,0.005045250458351802,2026-03-30 19:32:06.333434,XGBoost
6440-DKQGE,3.963125e-06,Low,0.0002556215613367385,2026-03-30 19:32:06.333434,XGBoost
6445-TNRXS,0.00016678488,Low,0.01913022626831662,2026-03-30 19:32:06.333434,XGBoost
6447-EGDIV,0.0008199481,Low,0.017177912578335962,2026-03-30 19:32:06.333434,XGBoost
6447-GORXK,0.001401156,Low,0.03502889885567129,2026-03-30 19:32:06.333434,XGBoost
6457-GIRWB,0.9990741,High,69.28578893542289,2026-03-30 19:32:06.333434,XGBoost
6457-USBER,0.9998627,High,80.78890380859374,2026-03-30 19:32:06.333434,XGBoost
6458-CYIDZ,0.0006462486,Low,0.05215226010186598,2026-03-30 19:32:06.333434,XGBoost
6461-PPAXN,0.0002426089,Low,0.013331359327276006,2026-03-30 19:32:06.333434,XGBoost
6461-SZMCV,0.0031557325,Low,0.27754667578265074,2026-03-30 19:32:06.333434,XGBoost
6463-HHXJR,2.5710131e-05,Low,0.0025838681667664787,2026-03-30 19:32:06.333434,XGBoost
6463-MVYRY,0.0083727855,Low,0.5848390688188374,2026-03-30 19:32:06.333434,XGBoost
6464-KEXXH,0.00015287049,Low,0.003859979842673056,2026-03-30 19:32:06.333434,XGBoost
6465-GSRCL,0.034045123,Low,3.629210065305233,2026-03-30 19:32:06.333434,XGBoost
6467-CHFZW,0.73007864,High,72.53331264555455,2026-03-30 19:32:06.333434,XGBoost
6469-MRVET,0.0036067427,Low,0.07285620281472802,2026-03-30 19:32:06.333434,XGBoost
6469-QJKZW,0.00045149348,Low,0.009097593711339868,2026-03-30 19:32:06.333434,XGBoost
6473-ULUHT,0.000109066714,Low,0.009259763999580173,2026-03-30 19:32:06.333434,XGBoost
6474-FVJLC,0.9776978,High,84.08200991153717,2026-03-30 19:32:06.333434,XGBoost
6475-VHUIZ,0.0003972396,Low,0.02155024873354705,2026-03-30 19:32:06.333434,XGBoost
6476-EPYZR,0.008474743,Low,0.17373223137110472,2026-03-30 19:32:06.333434,XGBoost
6476-YHMGA,0.07145605,Low,5.466388005763292,2026-03-30 19:32:06.333434,XGBoost
6478-HRRCZ,1.5716956e-05,Low,0.0011080454059992917,2026-03-30 19:32:06.333434,XGBoost
6479-OAUSD,1.4718152e-05,Low,0.00029289122003319786,2026-03-30 19:32:06.333434,XGBoost
6479-SZPLM,1.0741867e-05,Low,0.00020892931897833477,2026-03-30 19:32:06.333434,XGBoost
6479-VDGRK,2.128383e-05,Low,0.0018155106548874754,2026-03-30 19:32:06.333434,XGBoost
6480-YAGIY,0.04927725,Low,5.528907418996096,2026-03-30 19:32:06.333434,XGBoost
6481-ESCNL,0.00082152284,Low,0.0826041220134357,2026-03-30 19:32:06.333434,XGBoost
6481-LXPWL,1.5821306e-05,Low,0.0005711491494366783,2026-03-30 19:32:06.333434,XGBoost
6481-OGDOO,0.85923266,High,77.84647936820983,2026-03-30 19:32:06.333434,XGBoost
6483-OATDN,0.01576794,Low,0.8088952906429767,2026-03-30 19:32:06.333434,XGBoost
6484-LATFU,1.9764111e-05,Low,0.0004852089282394445,2026-03-30 19:32:06.333434,XGBoost
6485-QXWWE,2.7136504e-05,Low,0.0007055491114442702,2026-03-30 19:32:06.333434,XGBoost
6486-LHTMA,0.00088146294,Low,0.07994868865935133,2026-03-30 19:32:06.333434,XGBoost
6490-FGZAT,0.038049456,Low,0.7857212608680129,2026-03-30 19:32:06.333434,XGBoost
6496-JDSSB,0.00026227083,Low,0.020981666166335344,2026-03-30 19:32:06.333434,XGBoost
6496-SLWHQ,0.99993026,High,104.99267756938934,2026-03-30 19:32:06.333434,XGBoost
6497-TILVL,0.00030950317,Low,0.015691810799762607,2026-03-30 19:32:06.333434,XGBoost
6500-JVEGC,0.0005365863,Low,0.0543830189097207,2026-03-30 19:32:06.333434,XGBoost
6502-HCJTI,0.81188315,High,76.88533445000648,2026-03-30 19:32:06.333434,XGBoost
6502-KUGLL,0.00010341169,Low,0.006147824775689515,2026-03-30 19:32:06.333434,XGBoost
6502-MJQAE,0.99922943,High,69.54636840820312,2026-03-30 19:32:06.333434,XGBoost
6504-VBLFL,0.0023019437,Low,0.1348939020652324,2026-03-30 19:32:06.333434,XGBoost
6505-OZNPG,3.4578185e-05,Low,0.002192256901616929,2026-03-30 19:32:06.333434,XGBoost
6506-EYCNH,4.1349194e-05,Low,0.0008083767497737426,2026-03-30 19:32:06.333434,XGBoost
6507-DTJZV,0.00029996934,Low,0.01991796409711242,2026-03-30 19:32:06.333434,XGBoost
6507-ZJSUR,0.00039687208,Low,0.03589708007202717,2026-03-30 19:32:06.333434,XGBoost
6508-NJYRO,5.211512e-05,Low,0.0009797642487683333,2026-03-30 19:32:06.333434,XGBoost
6509-TSGWN,0.0048493133,Low,0.12826433659065514,2026-03-30 19:32:06.333434,XGBoost
6510-UPNKS,3.5851586e-05,Low,0.0008891193399904296,2026-03-30 19:32:06.333434,XGBoost
6513-EECDB,0.9994155,High,73.5070112645626,2026-03-30 19:32:06.333434,XGBoost
6516-NKQBO,0.019467846,Low,1.5768954902887344,2026-03-30 19:32:06.333434,XGBoost
6518-KZXCB,1.9419034e-05,Low,0.000490330615775747,2026-03-30 19:32:06.333434,XGBoost
6518-LGAOV,0.99987364,High,104.986732006073,2026-03-30 19:32:06.333434,XGBoost
6518-PPLMZ,0.00019917477,Low,0.0038639905455056574,2026-03-30 19:32:06.333434,XGBoost
6519-CFDBX,0.0005753812,Low,0.026122307148762045,2026-03-30 19:32:06.333434,XGBoost
6519-ZHPXP,2.4654604e-05,Low,0.002670093635242665,2026-03-30 19:32:06.333434,XGBoost
6521-YYTYI,0.9502051,High,88.65413467884063,2026-03-30 19:32:06.333434,XGBoost
6522-OIQSX,8.6456685e-06,Low,0.00047507948179372763,2026-03-30 19:32:06.333434,XGBoost
6522-YRBXD,0.2406762,Low,22.75593418329954,2026-03-30 19:32:06.333434,XGBoost
6527-PZFPV,1.6342523e-05,Low,0.000339924477157183,2026-03-30 19:32:06.333434,XGBoost
6532-YLWSI,0.5824991,Medium,12.115981006622315,2026-03-30 19:32:06.333434,XGBoost
6537-OTKMY,0.00032716763,Low,0.016603756972472183,2026-03-30 19:32:06.333434,XGBoost
6537-QLGEX,6.441726e-05,Low,0.0025058314706257077,2026-03-30 19:32:06.333434,XGBoost
6538-POCHL,0.00019714498,Low,0.015574453573208302,2026-03-30 19:32:06.333434,XGBoost
6542-LWGXJ,0.0960554,Low,2.401385083794594,2026-03-30 19:32:06.333434,XGBoost
6543-CPZMK,0.9992557,High,29.927708718180657,2026-03-30 19:32:06.333434,XGBoost
6543-JXSOO,5.810845e-05,Low,0.0033557629640199593,2026-03-30 19:32:06.333434,XGBoost
6543-XRMYR,0.8780738,High,87.54395900964737,2026-03-30 19:32:06.333434,XGBoost
6546-OPBBH,2.7785465e-05,Low,0.0006654618900029163,2026-03-30 19:32:06.333434,XGBoost
6549-BTYPG,0.0012675921,Low,0.07706959806382656,2026-03-30 19:32:06.333434,XGBoost
6549-NNDYT,8.445191e-05,Low,0.0026053413945192005,2026-03-30 19:32:06.333434,XGBoost
6549-YMFAW,0.021673853,Low,0.4605693672783673,2026-03-30 19:32:06.333434,XGBoost
6551-GNYDG,0.00013207938,Low,0.010685221981839278,2026-03-30 19:32:06.333434,XGBoost
6551-VLJMV,2.175454e-05,Low,0.00043617853270916385,2026-03-30 19:32:06.333434,XGBoost
6551-ZCOTS,4.6622663e-05,Low,0.0011609043067437597,2026-03-30 19:32:06.333434,XGBoost
6556-DBKZF,1.5868694e-05,Low,0.0012068142083990097,2026-03-30 19:32:06.333434,XGBoost
6557-BZXLQ,5.8799764e-05,Low,0.004095403548126342,2026-03-30 19:32:06.333434,XGBoost
6559-ILWKJ,0.99975246,High,49.33778399527073,2026-03-30 19:32:06.333434,XGBoost
6559-PDZLR,0.00051132956,Low,0.05044266137701925,2026-03-30 19:32:06.333434,XGBoost
6559-RAKOZ,6.0051087e-05,Low,0.005882003934493696,2026-03-30 19:32:06.333434,XGBoost
6563-VNPMN,7.412613e-05,Low,0.006352609508030582,2026-03-30 19:32:06.333434,XGBoost
6563-VRERX,0.0005029028,Low,0.01035979730077088,2026-03-30 19:32:06.333434,XGBoost
6567-HOOPW,0.9954952,High,78.84321985244752,2026-03-30 19:32:06.333434,XGBoost
6568-POCUI,0.00015585733,Low,0.014837617590092124,2026-03-30 19:32:06.333434,XGBoost
6569-KTMDU,0.00033717614,Low,0.006440064299385995,2026-03-30 19:32:06.333434,XGBoost
6572-ADKRS,6.2816434e-05,Low,0.0046986692905193195,2026-03-30 19:32:06.333434,XGBoost
6574-MCOEH,0.013199306,Low,1.0447250772733243,2026-03-30 19:32:06.333434,XGBoost
6575-SUVOI,4.376604e-05,Low,0.0030417396610573633,2026-03-30 19:32:06.333434,XGBoost
6576-FBXOJ,0.0034233823,Low,0.18691667332313955,2026-03-30 19:32:06.333434,XGBoost
6578-KRMAW,0.19768977,Low,18.464224672317506,2026-03-30 19:32:06.333434,XGBoost
6579-JPICP,0.00014979184,Low,0.0030557535763364283,2026-03-30 19:32:06.333434,XGBoost
6581-NQCBA,0.9447846,High,47.19198985397816,2026-03-30 19:32:06.333434,XGBoost
6582-OIVSP,0.00051757006,Low,0.023445923917461184,2026-03-30 19:32:06.333434,XGBoost
6582-PLFUU,5.0086997e-05,Low,0.000979200798428792,2026-03-30 19:32:06.333434,XGBoost
6583-KQJLK,0.2624936,Low,24.84502022266388,2026-03-30 19:32:06.333434,XGBoost
6583-QGCSI,0.99991524,High,88.04253707528115,2026-03-30 19:32:06.333434,XGBoost
6583-SZVGP,0.13370042,Low,14.453014914691448,2026-03-30 19:32:06.333434,XGBoost
6584-VQMYT,2.850482e-06,Low,0.00016019708309613633,2026-03-30 19:32:06.333434,XGBoost
6585-WCEWR,6.968426e-05,Low,0.0014180747253703886,2026-03-30 19:32:06.333434,XGBoost
6586-MYGKD,0.00010364565,Low,0.00797553295342368,2026-03-30 19:32:06.333434,XGBoost
6586-PSJOX,0.03504652,Low,1.934567990899086,2026-03-30 19:32:06.333434,XGBoost
6591-QGOYB,8.278757e-05,Low,0.008829294355018646,2026-03-30 19:32:06.333434,XGBoost
6595-COKXZ,0.93964136,High,41.76705829501152,2026-03-30 19:32:06.333434,XGBoost
6595-YGXIT,0.99923134,High,88.88162755966187,2026-03-30 19:32:06.333434,XGBoost
6598-KELSS,7.809643e-05,Low,0.003362051433941815,2026-03-30 19:32:06.333434,XGBoost
6598-RFFVI,0.9985701,High,19.27240263223648,2026-03-30 19:32:06.333434,XGBoost
6599-CEBNN,0.998838,High,73.86407065093518,2026-03-30 19:32:06.333434,XGBoost
6599-GZWCM,0.00015451977,Low,0.011534901113191155,2026-03-30 19:32:06.333434,XGBoost
6599-RCLCJ,0.9989686,High,109.43701026439666,2026-03-30 19:32:06.333434,XGBoost
6599-SFQVE,0.00012866584,Low,0.007076621041051112,2026-03-30 19:32:06.333434,XGBoost
6603-QWSPR,5.6193167e-05,Low,0.005866566585609689,2026-03-30 19:32:06.333434,XGBoost
6603-YRDCJ,3.0158784e-05,Low,0.0018411937805467458,2026-03-30 19:32:06.333434,XGBoost
6608-QQLVK,0.9970489,High,50.350970178842545,2026-03-30 19:32:06.333434,XGBoost
6609-MXJHJ,5.2696337e-06,Low,0.00013226780524746573,2026-03-30 19:32:06.333434,XGBoost
6614-FHDBO,9.516267e-05,Low,0.010391763743245975,2026-03-30 19:32:06.333434,XGBoost
6614-VBEGU,0.00024265423,Low,0.016852336563169958,2026-03-30 19:32:06.333434,XGBoost
6614-YOLAC,0.00038207351,Low,0.022408611632999963,2026-03-30 19:32:06.333434,XGBoost
6614-YWYSC,0.054132614,Low,1.353315357118845,2026-03-30 19:32:06.333434,XGBoost
6615-NGGZJ,0.9248594,High,92.99461312890053,2026-03-30 19:32:06.333434,XGBoost
6615-ZGEDR,0.999944,High,19.69889624118805,2026-03-30 19:32:06.333434,XGBoost
6616-AALSR,0.00136449,Low,0.14231630880385637,2026-03-30 19:32:06.333434,XGBoost
6617-WLBQC,0.002011057,Low,0.16460501458495855,2026-03-30 19:32:06.333434,XGBoost
6618-RYATB,0.999907,High,79.54260318279266,2026-03-30 19:32:06.333434,XGBoost
6619-RPLQZ,4.067774e-05,Low,0.0008481308766931762,2026-03-30 19:32:06.333434,XGBoost
6620-HVDUJ,0.00013664945,Low,0.00826045951616834,2026-03-30 19:32:06.333434,XGBoost
6620-JDYNW,0.17761615,Low,10.763538640737535,2026-03-30 19:32:06.333434,XGBoost
6621-NRZAK,3.9178034e-05,Low,0.0007835606811568141,2026-03-30 19:32:06.333434,XGBoost
6621-YOBKI,0.043892488,Low,0.893212128430605,2026-03-30 19:32:06.333434,XGBoost
6624-JDRDS,0.0012725845,Low,0.03747761483537033,2026-03-30 19:32:06.333434,XGBoost
6625-FLENO,4.0809144e-05,Low,0.0008467897314403672,2026-03-30 19:32:06.333434,XGBoost
6625-IUTTT,1.713481e-05,Low,0.0011231867457354382,2026-03-30 19:32:06.333434,XGBoost
6625-UTXEW,0.0014088087,Low,0.07220144834718667,2026-03-30 19:32:06.333434,XGBoost
6627-CFOSN,0.00019324967,Low,0.0192186793894507,2026-03-30 19:32:06.333434,XGBoost
6629-CZTTH,0.9053652,High,50.428843235969545,2026-03-30 19:32:06.333434,XGBoost
6629-LADHQ,0.000276932,Low,0.014109685302537402,2026-03-30 19:32:06.333434,XGBoost
6630-UJZMY,0.002315623,Low,0.1927756136865355,2026-03-30 19:32:06.333434,XGBoost
6631-HMANX,8.530501e-05,Low,0.007289312917782809,2026-03-30 19:32:06.333434,XGBoost
6633-MPWBS,0.82853043,High,40.763697195053105,2026-03-30 19:32:06.333434,XGBoost
6633-SYEUS,0.00029803146,Low,0.024796217493712903,2026-03-30 19:32:06.333434,XGBoost
6635-CPNUN,0.0002790422,Low,0.02695547656039707,2026-03-30 19:32:06.333434,XGBoost
6635-MYYYZ,0.08090322,Low,6.905089587718248,2026-03-30 19:32:06.333434,XGBoost
6637-KYRCV,0.0039378414,Low,0.12010416248813272,2026-03-30 19:32:06.333434,XGBoost
6641-XRPSU,0.999595,High,69.97164905071259,2026-03-30 19:32:06.333434,XGBoost
6645-MXQJT,0.002592937,Low,0.251774191390723,2026-03-30 19:32:06.333434,XGBoost
6646-JPPHA,6.7977824e-05,Low,0.005360051428215228,2026-03-30 19:32:06.333434,XGBoost
6646-QVXLR,0.995188,High,103.25075477361679,2026-03-30 19:32:06.333434,XGBoost
6646-VRFOL,0.99987566,High,103.8370877802372,2026-03-30 19:32:06.333434,XGBoost
6647-ZEDXT,0.00017240265,Low,0.019041872859816067,2026-03-30 19:32:06.333434,XGBoost
6648-INWPS,0.00039077966,Low,0.007874210221052634,2026-03-30 19:32:06.333434,XGBoost
6650-BWFRT,0.00011736022,Low,0.013748749929800397,2026-03-30 19:32:06.333434,XGBoost
6650-VJONK,0.0002696264,Low,0.011823118200118188,2026-03-30 19:32:06.333434,XGBoost
6651-AZVTJ,0.99936527,High,99.73665395975112,2026-03-30 19:32:06.333434,XGBoost
6651-RLGGM,1.9466723e-05,Low,0.0005119748078868724,2026-03-30 19:32:06.333434,XGBoost
6652-YFFJO,0.124351665,Low,8.070423083007336,2026-03-30 19:32:06.333434,XGBoost
6653-CBBOM,0.99964976,High,70.27537834644318,2026-03-30 19:32:06.333434,XGBoost
6654-QGBZZ,0.0007609679,Low,0.015143261238699779,2026-03-30 19:32:06.333434,XGBoost
6655-LHBYW,5.100736e-05,Low,0.005832691468094708,2026-03-30 19:32:06.333434,XGBoost
6656-GULJQ,8.644415e-06,Low,0.0007222408878533315,2026-03-30 19:32:06.333434,XGBoost
6656-JWRQX,0.0017569803,Low,0.05367574867559597,2026-03-30 19:32:06.333434,XGBoost
6661-EIPZC,1.4201694e-05,Low,0.00041894998139468953,2026-03-30 19:32:06.333434,XGBoost
6661-HBGWL,0.9192306,High,96.2894032895565,2026-03-30 19:32:06.333434,XGBoost
6663-JOCQO,0.0002520759,Low,0.018968711534398608,2026-03-30 19:32:06.333434,XGBoost
6664-FPDAC,0.9996172,High,111.90714766383171,2026-03-30 19:32:06.333434,XGBoost
6668-CNMFP,1.461309e-05,Low,0.0013056795612101267,2026-03-30 19:32:06.333434,XGBoost
6670-MFRPK,2.0017515e-05,Low,0.0015853871518629603,2026-03-30 19:32:06.333434,XGBoost
6671-NGWON,0.0002603125,Low,0.005297359141695779,2026-03-30 19:32:06.333434,XGBoost
6674-KVJHG,0.0004155819,Low,0.010472663620021194,2026-03-30 19:32:06.333434,XGBoost
6680-NENYN,0.99825305,High,104.41726876497268,2026-03-30 19:32:06.333434,XGBoost
6680-WKXRZ,0.9988356,High,74.31337037086487,2026-03-30 19:32:06.333434,XGBoost
6681-ZSEXG,0.0072231595,Low,0.42977799265645444,2026-03-30 19:32:06.333434,XGBoost
6682-QJDGB,0.81570935,High,45.06794172525406,2026-03-30 19:32:06.333434,XGBoost
6682-VCIXC,5.6380282e-05,Low,0.0028894894694531104,2026-03-30 19:32:06.333434,XGBoost
6683-VLCTZ,0.9995807,High,98.5086761444807,2026-03-30 19:32:06.333434,XGBoost
6685-GBWJZ,9.155665e-06,Low,0.0006482210737885907,2026-03-30 19:32:06.333434,XGBoost
6685-XSHHU,4.578573e-05,Low,0.000959211071676691,2026-03-30 19:32:06.333434,XGBoost
6686-YPGHK,0.8009686,High,68.48281422257423,2026-03-30 19:32:06.333434,XGBoost
6688-UZPWD,0.9998387,High,101.98354840278625,2026-03-30 19:32:06.333434,XGBoost
6689-KXGBO,0.98535955,High,49.809925228357315,2026-03-30 19:32:06.333434,XGBoost
6689-TCZHQ,0.92346555,High,72.90760516822338,2026-03-30 19:32:06.333434,XGBoost
6689-VRRTK,5.692463e-05,Low,0.006250324314896715,2026-03-30 19:32:06.333434,XGBoost
6691-CCIHA,0.00051133585,Low,0.04343798039772082,2026-03-30 19:32:06.333434,XGBoost
6692-UDPJC,0.75736016,High,69.41205869615078,2026-03-30 19:32:06.333434,XGBoost
6692-YQHXC,2.688174e-05,Low,0.0018803777317771165,2026-03-30 19:32:06.333434,XGBoost
6693-DJWTY,0.020898081,Low,1.1619333237409593,2026-03-30 19:32:06.333434,XGBoost
6693-FRIRW,0.18464658,Low,18.704698213934897,2026-03-30 19:32:06.333434,XGBoost
6695-AMZUF,7.03388e-05,Low,0.006080789221960004,2026-03-30 19:32:06.333434,XGBoost
6695-FRVEC,0.011912945,Low,0.7195418614894151,2026-03-30 19:32:06.333434,XGBoost
6696-YDAYZ,1.5511763e-05,Low,0.0003179911454935791,2026-03-30 19:32:06.333434,XGBoost
6698-OXETB,0.00027388067,Low,0.005587165569886565,2026-03-30 19:32:06.333434,XGBoost
6701-DHKWQ,0.000492275,Low,0.025278320943471044,2026-03-30 19:32:06.333434,XGBoost
6701-YVNQG,1.9280396e-05,Low,0.0017101711582654389,2026-03-30 19:32:06.333434,XGBoost
6702-OHFWR,0.99993074,High,43.29700101613998,2026-03-30 19:32:06.333434,XGBoost
6704-UTUKK,0.0003468974,Low,0.015922590787522495,2026-03-30 19:32:06.333434,XGBoost
6705-LNMDD,6.35022e-05,Low,0.0031751100323162973,2026-03-30 19:32:06.333434,XGBoost
6705-LXORM,0.0010748437,Low,0.07529280053568073,2026-03-30 19:32:06.333434,XGBoost
6710-HSJRD,3.7764366e-05,Low,0.004308914209104842,2026-03-30 19:32:06.333434,XGBoost
6711-FLDFB,0.9480858,High,71.01162528991699,2026-03-30 19:32:06.333434,XGBoost
6711-VTNRE,0.9995401,High,87.50973492860794,2026-03-30 19:32:06.333434,XGBoost
6712-OAWRH,0.9482378,High,86.52669712901115,2026-03-30 19:32:06.333434,XGBoost
6713-OKOMC,0.0008489859,Low,0.02525733104266692,2026-03-30 19:32:06.333434,XGBoost
6715-OFDBP,0.9962173,High,69.78502259552478,2026-03-30 19:32:06.333434,XGBoost
6718-BDGHG,0.112994395,Low,7.327686528488993,2026-03-30 19:32:06.333434,XGBoost
6719-FGEDO,0.010948005,Low,1.0619564978405833,2026-03-30 19:32:06.333434,XGBoost
6719-OXYBR,0.00020636285,Low,0.017602751018421257,2026-03-30 19:32:06.333434,XGBoost
6723-CEGQI,4.041423e-05,Low,0.0018287439152118168,2026-03-30 19:32:06.333434,XGBoost
6723-WSNTY,8.744502e-05,Low,0.009452806634362787,2026-03-30 19:32:06.333434,XGBoost
6725-TPKJO,4.8951617e-05,Low,0.00098147991920996,2026-03-30 19:32:06.333434,XGBoost
6726-NNFWD,0.08408425,Low,7.521336165443063,2026-03-30 19:32:06.333434,XGBoost
6726-WEXXK,6.0852835e-06,Low,0.0005227258552622516,2026-03-30 19:32:06.333434,XGBoost
6727-IOTLZ,6.458426e-05,Low,0.005292680044294684,2026-03-30 19:32:06.333434,XGBoost
6728-CZFEI,0.00022641277,Low,0.012713076969521352,2026-03-30 19:32:06.333434,XGBoost
6728-DKUCO,0.00021443254,Low,0.022333149125915955,2026-03-30 19:32:06.333434,XGBoost
6728-VOIFY,0.1753073,Low,16.829501152038574,2026-03-30 19:32:06.333434,XGBoost
6728-WYQBC,0.00017990377,Low,0.0037689840006351004,2026-03-30 19:32:06.333434,XGBoost
6729-FZWSY,4.2136726e-05,Low,0.0008195593172786175,2026-03-30 19:32:06.333434,XGBoost
6729-GDNGC,0.19208096,Low,15.500933445990086,2026-03-30 19:32:06.333434,XGBoost
6732-FZUGP,2.3968976e-05,Low,0.0022746558381186335,2026-03-30 19:32:06.333434,XGBoost
6732-VAILE,3.0767616e-05,Low,0.002644476630302961,2026-03-30 19:32:06.333434,XGBoost
6733-LRIZX,0.00010109504,Low,0.011014304212585558,2026-03-30 19:32:06.333434,XGBoost
6734-CKRSM,0.05192259,Low,1.0384517908096313,2026-03-30 19:32:06.333434,XGBoost
6734-FQAJX,0.001012631,Low,0.10637688586721196,2026-03-30 19:32:06.333434,XGBoost
6734-GMPVK,0.25921494,Low,27.295332938432693,2026-03-30 19:32:06.333434,XGBoost
6734-JDTTV,5.0444683e-05,Low,0.0010013269662522363,2026-03-30 19:32:06.333434,XGBoost
6734-PSBAW,0.000116483454,Low,0.0027431853392045013,2026-03-30 19:32:06.333434,XGBoost
6736-DHUQI,0.0005071024,Low,0.04300228403881192,2026-03-30 19:32:06.333434,XGBoost
6738-ISCBM,0.0004061406,Low,0.02193159278249368,2026-03-30 19:32:06.333434,XGBoost
6741-EGCBI,1.6448454e-05,Low,0.0014885850514474441,2026-03-30 19:32:06.333434,XGBoost
6741-QRLUP,0.009396531,Low,0.7545414142310619,2026-03-30 19:32:06.333434,XGBoost
6743-HHQPF,0.00015212584,Low,0.0038183585391379895,2026-03-30 19:32:06.333434,XGBoost
6745-JEFZB,0.09463798,Low,8.65937540307641,2026-03-30 19:32:06.333434,XGBoost
6746-WAUWT,7.470832e-05,Low,0.0014717538586410228,2026-03-30 19:32:06.333434,XGBoost
6749-UTDVX,0.00043890014,Low,0.045491999571095225,2026-03-30 19:32:06.333434,XGBoost
6752-APNJL,5.697481e-05,Low,0.003105127239905414,2026-03-30 19:32:06.333434,XGBoost
6754-LZUKA,9.671837e-05,Low,0.007824516395339744,2026-03-30 19:32:06.333434,XGBoost
6754-WKSHP,7.497075e-06,Low,0.00019005084809577968,2026-03-30 19:32:06.333434,XGBoost
6762-NSODU,0.0005548878,Low,0.010764823528006673,2026-03-30 19:32:06.333434,XGBoost
6762-QVYJO,6.284512e-06,Low,0.00037549959097304964,2026-03-30 19:32:06.333434,XGBoost
6765-MBQNU,3.091836e-05,Low,0.0008038773521548137,2026-03-30 19:32:06.333434,XGBoost
6766-HFKLA,0.00031638503,Low,0.03265093553345651,2026-03-30 19:32:06.333434,XGBoost
6769-DCQLI,0.99867743,High,104.86113041639328,2026-03-30 19:32:06.333434,XGBoost
6769-DYBQN,0.90032405,High,76.5275439620018,2026-03-30 19:32:06.333434,XGBoost
6770-UAYGJ,2.4311947e-05,Low,0.0006138766520962236,2026-03-30 19:32:06.333434,XGBoost
6770-XUAGN,0.9998204,High,20.996228635311127,2026-03-30 19:32:06.333434,XGBoost
6771-XWBDM,0.87422913,High,91.35694441199303,2026-03-30 19:32:06.333434,XGBoost
6772-KSATR,0.99996924,High,81.69748723506927,2026-03-30 19:32:06.333434,XGBoost
6772-WFQRD,9.89925e-05,Low,0.0020194470591377465,2026-03-30 19:32:06.333434,XGBoost
6773-LQTVT,4.59993e-05,Low,0.0016398750054577248,2026-03-30 19:32:06.333434,XGBoost
6776-TLWOI,0.99622333,High,19.775033110380175,2026-03-30 19:32:06.333434,XGBoost
6777-TGHTM,0.99955255,High,106.90214500129223,2026-03-30 19:32:06.333434,XGBoost
6778-EICRF,5.2851606e-06,Low,0.0003953300105422386,2026-03-30 19:32:06.333434,XGBoost
6778-JFCMK,2.6938405e-05,Low,0.0013630833145725774,2026-03-30 19:32:06.333434,XGBoost
6778-YSNIH,8.356334e-05,Low,0.0049302370607620105,2026-03-30 19:32:06.333434,XGBoost
6784-XYJAE,0.00011013671,Low,0.006145628352533094,2026-03-30 19:32:06.333434,XGBoost
6786-OBWQR,0.9524779,High,77.0078359812498,2026-03-30 19:32:06.333434,XGBoost
6789-HJBWG,0.2871435,Low,14.184888833761216,2026-03-30 19:32:06.333434,XGBoost
6791-YBNAK,3.05357e-05,Low,0.0007801871068295441,2026-03-30 19:32:06.333434,XGBoost
6794-HKIAJ,0.027280051,Low,2.4743006493896247,2026-03-30 19:32:06.333434,XGBoost
6797-LNAQX,0.9957704,High,97.88422980904579,2026-03-30 19:32:06.333434,XGBoost
6797-UCJHZ,0.0003679912,Low,0.03849187844316475,2026-03-30 19:32:06.333434,XGBoost
6804-GDMOI,0.7078524,High,75.45706831216812,2026-03-30 19:32:06.333434,XGBoost
6806-YDEUL,0.05340004,Low,1.0413007736206055,2026-03-30 19:32:06.333434,XGBoost
6807-SIWJI,0.0015014289,Low,0.15742481960915028,2026-03-30 19:32:06.333434,XGBoost
6810-VCAEX,2.0999792e-05,Low,0.0008326417713760747,2026-03-30 19:32:06.333434,XGBoost
6813-GZQCG,2.1700791e-05,Low,0.0005349244973331224,2026-03-30 19:32:06.333434,XGBoost
6814-ZPWFQ,6.6020286e-05,Low,0.0016505071471328847,2026-03-30 19:32:06.333434,XGBoost
6815-ABQFQ,0.07200414,Low,7.722443953156471,2026-03-30 19:32:06.333434,XGBoost
6817-WTYHE,0.0008981058,Low,0.040324950008653104,2026-03-30 19:32:06.333434,XGBoost
6818-DJXAA,0.00014591863,Low,0.013293187326053156,2026-03-30 19:32:06.333434,XGBoost
6818-WOBHJ,0.15311109,Low,13.718753242492674,2026-03-30 19:32:06.333434,XGBoost
6821-BUXUX,0.97942483,High,94.66141023039819,2026-03-30 19:32:06.333434,XGBoost
6821-JPCDC,0.04376724,Low,4.247610632143915,2026-03-30 19:32:06.333434,XGBoost
6823-SIDFQ,0.0011654894,Low,0.021270182158332318,2026-03-30 19:32:06.333434,XGBoost
6825-UYPFK,0.9929772,High,75.06907646656036,2026-03-30 19:32:06.333434,XGBoost
6827-IEAUQ,0.0041497834,Low,0.2745081720873714,2026-03-30 19:32:06.333434,XGBoost
6828-HMKWP,0.00011575465,Low,0.002436635389312869,2026-03-30 19:32:06.333434,XGBoost
6833-JMZYP,0.12697539,Low,11.93568640947342,2026-03-30 19:32:06.333434,XGBoost
6834-NXDCA,0.9916011,High,23.69926651716232,2026-03-30 19:32:06.333434,XGBoost
6837-BJYDQ,5.0452094e-05,Low,0.0009888610424241052,2026-03-30 19:32:06.333434,XGBoost
6837-HAEVO,0.0008456555,Low,0.0887938283267431,2026-03-30 19:32:06.333434,XGBoost
6838-HVLXG,0.00024565787,Low,0.00498685467755422,2026-03-30 19:32:06.333434,XGBoost
6838-YAUVY,0.0017491915,Low,0.16634811636758967,2026-03-30 19:32:06.333434,XGBoost
6839-ITVZJ,0.5620275,Medium,33.74975221455097,2026-03-30 19:32:06.333434,XGBoost
6840-RESVB,3.3915872e-05,Low,0.0028760659741237757,2026-03-30 19:32:06.333434,XGBoost
6844-DZKRF,0.0009182929,Low,0.0460983038879931,2026-03-30 19:32:06.333434,XGBoost
6845-RGTYS,0.95527226,High,94.3331354111433,2026-03-30 19:32:06.333434,XGBoost
6847-KJLTS,0.00023360089,Low,0.023453529464313762,2026-03-30 19:32:06.333434,XGBoost
6848-HJTXY,0.00010926732,Low,0.0021252493585052433,2026-03-30 19:32:06.333434,XGBoost
6848-YLDFR,6.1340284e-06,Low,0.00046127893219818363,2026-03-30 19:32:06.333434,XGBoost
6849-OYAMU,0.4223268,Medium,42.232680320739746,2026-03-30 19:32:06.333434,XGBoost
6849-WLEYG,0.99915564,High,19.73332390189171,2026-03-30 19:32:06.333434,XGBoost
6851-WEFYX,0.00034927172,Low,0.03520658961497247,2026-03-30 19:32:06.333434,XGBoost
6854-EXGSF,0.00027945408,Low,0.018304242097656243,2026-03-30 19:32:06.333434,XGBoost
6855-VLGOS,3.112197e-05,Low,0.000639556485475623,2026-03-30 19:32:06.333434,XGBoost
6856-RAURS,0.00021732155,Low,0.016277383877604735,2026-03-30 19:32:06.333434,XGBoost
6857-TKDJV,4.4555807e-05,Low,0.001098300645207928,2026-03-30 19:32:06.333434,XGBoost
6857-VWJDT,0.9998845,High,95.63895110487938,2026-03-30 19:32:06.333434,XGBoost
6859-QNXIQ,2.2755075e-05,Low,0.0025735990284374566,2026-03-30 19:32:06.333434,XGBoost
6859-RKMZJ,0.0010114465,Low,0.05568012804142199,2026-03-30 19:32:06.333434,XGBoost
6860-YRJZP,0.0008327374,Low,0.0616642062086612,2026-03-30 19:32:06.333434,XGBoost
6861-OKBCE,0.99768853,High,20.05353949069977,2026-03-30 19:32:06.333434,XGBoost
6861-XWTWQ,0.9998585,High,99.23595598340034,2026-03-30 19:32:06.333434,XGBoost
6862-CQUMB,0.33325815,Low,32.02610840797424,2026-03-30 19:32:06.333434,XGBoost
6865-JZNKO,0.049961615,Low,2.7628773290663955,2026-03-30 19:32:06.333434,XGBoost
6867-ACCZI,1.3280629e-05,Low,0.0006972330220378353,2026-03-30 19:32:06.333434,XGBoost
6869-FGJJC,5.0100658e-05,Low,0.003988012374611571,2026-03-30 19:32:06.333434,XGBoost
6870-ECSHE,0.00015763259,Low,0.00322358643534244,2026-03-30 19:32:06.333434,XGBoost
6870-ZWMNX,0.0126549965,Low,0.9630452319048345,2026-03-30 19:32:06.333434,XGBoost
6872-HXFNF,4.8460577e-05,Low,0.0028276746732444737,2026-03-30 19:32:06.333434,XGBoost
6873-UDNLD,0.0018697333,Low,0.12611351303639823,2026-03-30 19:32:06.333434,XGBoost
6874-SGLHU,6.7766305e-05,Low,0.006573331556865014,2026-03-30 19:32:06.333434,XGBoost
6876-ADESB,0.9465182,High,46.33206504583359,2026-03-30 19:32:06.333434,XGBoost
6877-LGWXO,0.9987833,High,78.454427459836,2026-03-30 19:32:06.333434,XGBoost
6877-TJMBR,0.98456687,High,83.49127035140991,2026-03-30 19:32:06.333434,XGBoost
6878-GGDWG,0.00013543862,Low,0.002627509200829081,2026-03-30 19:32:06.333434,XGBoost
6885-PKOAM,0.00021324286,Low,0.01828557554836152,2026-03-30 19:32:06.333434,XGBoost
6888-SBYAI,0.00091660925,Low,0.046472088951850316,2026-03-30 19:32:06.333434,XGBoost
6890-PFRQX,5.172625e-05,Low,0.0035949742905359017,2026-03-30 19:32:06.333434,XGBoost
6891-JPYFF,0.010944681,Low,1.1519277007319033,2026-03-30 19:32:06.333434,XGBoost
6892-BOGQE,0.0001858933,Low,0.003885169877321459,2026-03-30 19:32:06.333434,XGBoost
6892-EZDTG,0.9990171,High,91.55991899371148,2026-03-30 19:32:06.333434,XGBoost
6892-XPFPU,0.9320019,High,97.1611969023943,2026-03-30 19:32:06.333434,XGBoost
6893-ODYYE,7.6273136e-05,Low,0.0068722095602424815,2026-03-30 19:32:06.333434,XGBoost
6894-LFHLY,0.99995875,High,75.74687558412552,2026-03-30 19:32:06.333434,XGBoost
6896-SRVYQ,0.00038955858,Low,0.028768901374132835,2026-03-30 19:32:06.333434,XGBoost
6897-RWMUB,0.00011019008,Low,0.007498434806257137,2026-03-30 19:32:06.333434,XGBoost
6897-UUBNU,0.0006154977,Low,0.0551793689664919,2026-03-30 19:32:06.333434,XGBoost
6898-MDLZW,0.0003640774,Low,0.01956915992195718,2026-03-30 19:32:06.333434,XGBoost
6898-RBTLU,6.301196e-06,Low,0.0004996848593236791,2026-03-30 19:32:06.333434,XGBoost
6899-PPEEA,0.99985445,High,96.53594670891762,2026-03-30 19:32:06.333434,XGBoost
6900-PXRMS,0.99979454,High,105.72827289998531,2026-03-30 19:32:06.333434,XGBoost
6900-RBKER,3.697059e-05,Low,0.0033070191460865318,2026-03-30 19:32:06.333434,XGBoost
6901-GOGZG,3.6229238e-05,Low,0.0030776737336054793,2026-03-30 19:32:06.333434,XGBoost
6904-JLBGY,0.0070618424,Low,0.8287072013365104,2026-03-30 19:32:06.333434,XGBoost
6905-NIQIN,0.9547003,High,48.355569747090335,2026-03-30 19:32:06.333434,XGBoost
6906-ANDWJ,0.99960285,High,74.87025378346443,2026-03-30 19:32:06.333434,XGBoost
6906-MPARY,0.00039849657,Low,0.03570529296994209,2026-03-30 19:32:06.333434,XGBoost
6907-CQGPN,0.0108986925,Low,0.37382515389472243,2026-03-30 19:32:06.333434,XGBoost
6907-FLBER,0.109861515,Low,5.96548028960824,2026-03-30 19:32:06.333434,XGBoost
6907-NZZIJ,0.8366425,High,82.9531042456627,2026-03-30 19:32:06.333434,XGBoost
6908-VVYHM,0.04384298,Low,3.974366025999189,2026-03-30 19:32:06.333434,XGBoost
6910-HADCM,0.98917425,High,75.5234537422657,2026-03-30 19:32:06.333434,XGBoost
6916-HIJSE,0.024357712,Low,2.0667518544010814,2026-03-30 19:32:06.333434,XGBoost
6917-FIJHC,0.00013568578,Low,0.0035278303548693657,2026-03-30 19:32:06.333434,XGBoost
6917-IAYHD,0.0008760568,Low,0.02943550804629922,2026-03-30 19:32:06.333434,XGBoost
6917-YACBP,0.339406,Low,30.461689710617065,2026-03-30 19:32:06.333434,XGBoost
6918-UMQCG,0.00035094962,Low,0.02814615923562087,2026-03-30 19:32:06.333434,XGBoost
6919-ELBGL,8.189269e-05,Low,0.009413565041177208,2026-03-30 19:32:06.333434,XGBoost
6921-OZMFH,0.00027039615,Low,0.015061065604095349,2026-03-30 19:32:06.333434,XGBoost
6922-NCEDI,0.00010087971,Low,0.0021386498876381664,2026-03-30 19:32:06.333434,XGBoost
6923-AQONU,1.3400843e-05,Low,0.00028007762439301586,2026-03-30 19:32:06.333434,XGBoost
6923-EFPNL,0.9984658,High,51.670603930950165,2026-03-30 19:32:06.333434,XGBoost
6923-JHPMP,0.21864413,Low,17.58992003723979,2026-03-30 19:32:06.333434,XGBoost
6924-TDGMT,0.0005276841,Low,0.010843908484093846,2026-03-30 19:32:06.333434,XGBoost
6925-BAYGL,0.006412559,Low,0.1609552356414497,2026-03-30 19:32:06.333434,XGBoost
6927-WTFIV,0.99360377,High,70.84394851326942,2026-03-30 19:32:06.333434,XGBoost
6928-ONTRW,2.4764106e-05,Low,0.0004878528792687575,2026-03-30 19:32:06.333434,XGBoost
6933-FHBZC,4.5482153e-05,Low,0.0025492746715826795,2026-03-30 19:32:06.333434,XGBoost
6933-VLYFX,9.108372e-05,Low,0.005460468946330366,2026-03-30 19:32:06.333434,XGBoost
6937-GCDGQ,5.6915622e-05,Low,0.0027860196883921166,2026-03-30 19:32:06.333434,XGBoost
6941-KXRRV,0.00058423687,Low,0.03444076348969247,2026-03-30 19:32:06.333434,XGBoost
6941-PMGEP,0.99921036,High,79.93682861328125,2026-03-30 19:32:06.333434,XGBoost
6942-LBFDP,0.00029440562,Low,0.006050035444786772,2026-03-30 19:32:06.333434,XGBoost
6946-LMSQS,0.995099,High,88.61356666982174,2026-03-30 19:32:06.333434,XGBoost
6950-TWMYB,1.0903535e-05,Low,0.0008717376584172599,2026-03-30 19:32:06.333434,XGBoost
6952-OMNWB,3.65487e-05,Low,0.0029366879989538575,2026-03-30 19:32:06.333434,XGBoost
6953-PBDIN,0.017214091,Low,1.255767974536866,2026-03-30 19:32:06.333434,XGBoost
6954-OOYZZ,0.004223155,Low,0.18729691794142128,2026-03-30 19:32:06.333434,XGBoost
6956-SMUCM,0.96540767,High,95.57535928487778,2026-03-30 19:32:06.333434,XGBoost
6959-GQEGV,0.0019109215,Low,0.14513449061778375,2026-03-30 19:32:06.333434,XGBoost
6959-UWKHF,0.9997254,High,42.8882197201252,2026-03-30 19:32:06.333434,XGBoost
6960-HVYXR,0.98570454,High,74.91354513168335,2026-03-30 19:32:06.333434,XGBoost
6961-MJKBO,0.006003166,Low,0.1227647464023903,2026-03-30 19:32:06.333434,XGBoost
6961-VCPMC,0.49917975,Medium,40.13405195474625,2026-03-30 19:32:06.333434,XGBoost
6963-EZQEE,5.973461e-05,Low,0.005289499854370661,2026-03-30 19:32:06.333434,XGBoost
6963-KQYQB,8.889368e-06,Low,0.00021378928990998248,2026-03-30 19:32:06.333434,XGBoost
6967-PEJLL,0.00032555746,Low,0.013087409717263654,2026-03-30 19:32:06.333434,XGBoost
6967-QIQRV,0.0001144705,Low,0.011664544155064505,2026-03-30 19:32:06.333434,XGBoost
6968-GMKPR,0.8173076,High,66.65143408179283,2026-03-30 19:32:06.333434,XGBoost
6968-MHOMU,0.00035205597,Low,0.015842518623685464,2026-03-30 19:32:06.333434,XGBoost
6968-URWQU,0.0819374,Low,4.617172630131245,2026-03-30 19:32:06.333434,XGBoost
6969-MVBAI,0.0007827612,Low,0.0705267840239685,2026-03-30 19:32:06.333434,XGBoost
6972-SNKKW,2.8297558e-05,Low,0.0005659511589328758,2026-03-30 19:32:06.333434,XGBoost
6974-DAFLI,0.00021446771,Low,0.004225013942050282,2026-03-30 19:32:06.333434,XGBoost
6976-BWGLQ,3.8578204e-05,Low,0.000972170743625611,2026-03-30 19:32:06.333434,XGBoost
6979-TNDEU,0.0002343594,Low,0.004499700386077166,2026-03-30 19:32:06.333434,XGBoost
6979-ZNSFF,0.8155762,High,70.99590783715247,2026-03-30 19:32:06.333434,XGBoost
6980-CDGFC,0.013571115,Low,0.28295775214210156,2026-03-30 19:32:06.333434,XGBoost
6980-IMXXE,1.2126971e-05,Low,0.0002449648211040767,2026-03-30 19:32:06.333434,XGBoost
6981-TDRFT,5.0160943e-05,Low,0.0027237392005190486,2026-03-30 19:32:06.333434,XGBoost
6982-SSHFK,0.99811244,High,44.316192340850826,2026-03-30 19:32:06.333434,XGBoost
6982-UQZLY,0.99990535,High,20.848026502132416,2026-03-30 19:32:06.333434,XGBoost
6985-HAYWX,0.00048875733,Low,0.038758456305367874,2026-03-30 19:32:06.333434,XGBoost
6986-IJDHX,0.99940217,High,86.24840687513351,2026-03-30 19:32:06.333434,XGBoost
6986-IXNDM,0.00037776178,Low,0.0350940695614554,2026-03-30 19:32:06.333434,XGBoost
6987-XQSJT,0.9435284,High,75.01050889492035,2026-03-30 19:32:06.333434,XGBoost
6988-CJEYV,0.0874083,Low,8.62719889059663,2026-03-30 19:32:06.333434,XGBoost
6990-YNRIO,0.7954784,High,86.4287285476923,2026-03-30 19:32:06.333434,XGBoost
6992-TKNYO,0.00014141419,Low,0.009757578969583847,2026-03-30 19:32:06.333434,XGBoost
6993-OHLXR,0.9995509,High,68.91903310716152,2026-03-30 19:32:06.333434,XGBoost
6993-YCOBK,6.513932e-06,Low,0.0007204408815596252,2026-03-30 19:32:06.333434,XGBoost
6993-YGFJV,0.00038016422,Low,0.04278748251526849,2026-03-30 19:32:06.333434,XGBoost
6994-FGRHH,0.00066159054,Low,0.07022783624997829,2026-03-30 19:32:06.333434,XGBoost
6994-KERXL,0.0002532568,Low,0.014157054488896393,2026-03-30 19:32:06.333434,XGBoost
6994-ORCWG,0.00026151875,Low,0.014187392458552495,2026-03-30 19:32:06.333434,XGBoost
6996-KNSML,0.97356683,High,72.9201555788517,2026-03-30 19:32:06.333434,XGBoost
6997-UVGOX,5.3862914e-06,Low,0.00046025859819565085,2026-03-30 19:32:06.333434,XGBoost
6999-CHVCF,0.00054319185,Low,0.055459888331824914,2026-03-30 19:32:06.333434,XGBoost
7000-WCEVQ,0.9991755,High,61.54921011924744,2026-03-30 19:32:06.333434,XGBoost
7005-CCBKV,0.7807297,High,65.89358761310578,2026-03-30 19:32:06.333434,XGBoost
7005-CYUIL,0.00021732695,Low,0.021602298418292778,2026-03-30 19:32:06.333434,XGBoost
7008-LZVOZ,1.0666113e-05,Low,0.0002698526527638023,2026-03-30 19:32:06.333434,XGBoost
7009-LGECI,0.19628415,Low,9.922163535654544,2026-03-30 19:32:06.333434,XGBoost
7009-PCARS,0.006454812,Low,0.12328690723516048,2026-03-30 19:32:06.333434,XGBoost
7010-BRBUU,6.7998035e-06,Low,0.00016387526402468212,2026-03-30 19:32:06.333434,XGBoost
7010-ZMVBF,0.018743273,Low,0.3832999302074313,2026-03-30 19:32:06.333434,XGBoost
7011-CVEUC,0.00034020565,Low,0.032557680355967025,2026-03-30 19:32:06.333434,XGBoost
7013-PSXHK,0.0010344741,Low,0.08353378492756747,2026-03-30 19:32:06.333434,XGBoost
7014-ZZXAW,2.6999127e-05,Low,0.0006547288280671637,2026-03-30 19:32:06.333434,XGBoost
7016-BPGEU,0.995187,High,24.979193311929706,2026-03-30 19:32:06.333434,XGBoost
7016-NVRIC,0.00033599432,Low,0.03027308841992635,2026-03-30 19:32:06.333434,XGBoost
7017-VFHAY,2.8676415e-05,Low,0.003300655394195928,2026-03-30 19:32:06.333434,XGBoost
7017-VFULY,0.00046915087,Low,0.009429932400234976,2026-03-30 19:32:06.333434,XGBoost
7018-FPXHH,0.00011988254,Low,0.007168975962849799,2026-03-30 19:32:06.333434,XGBoost
7018-WBJNK,4.6923964e-05,Low,0.0036741463783982907,2026-03-30 19:32:06.333434,XGBoost
7020-OZKXZ,0.0014352424,Low,0.10836079821456224,2026-03-30 19:32:06.333434,XGBoost
7021-XSNYE,4.7870224e-05,Low,0.002376756625562848,2026-03-30 19:32:06.333434,XGBoost
7024-OHCCK,0.9901315,High,92.9238410294056,2026-03-30 19:32:06.333434,XGBoost
7025-IWFHT,0.07309657,Low,6.545798143744468,2026-03-30 19:32:06.333434,XGBoost
7025-WCBNE,0.00030778738,Low,0.01834412810858339,2026-03-30 19:32:06.333434,XGBoost
7026-YMSBE,2.2231337e-05,Low,0.0004379573472760967,2026-03-30 19:32:06.333434,XGBoost
7028-DVOIQ,0.99882275,High,98.93339325487614,2026-03-30 19:32:06.333434,XGBoost
7029-IJEJK,1.591117e-05,Low,0.0007016825798928039,2026-03-30 19:32:06.333434,XGBoost
7029-RPUAV,0.99961394,High,100.41122034490108,2026-03-30 19:32:06.333434,XGBoost
7030-FZTFM,9.366779e-06,Low,0.0010387757482021697,2026-03-30 19:32:06.333434,XGBoost
7030-NJVDP,0.27825773,Low,24.834502190351486,2026-03-30 19:32:06.333434,XGBoost
7032-LMBHI,0.00014412237,Low,0.009317511359404307,2026-03-30 19:32:06.333434,XGBoost
7033-CLAMM,1.2693676e-05,Low,0.0002564122485637199,2026-03-30 19:32:06.333434,XGBoost
7036-TYDEC,0.003112834,Low,0.32373473048210144,2026-03-30 19:32:06.333434,XGBoost
7036-ZZKBD,0.19486314,Low,12.938912534713745,2026-03-30 19:32:06.333434,XGBoost
7037-MTYVW,2.7095593e-05,Low,0.0023139636759879068,2026-03-30 19:32:06.333434,XGBoost
7041-TXQJH,1.9997175e-05,Low,0.0008038864190893947,2026-03-30 19:32:06.333434,XGBoost
7044-YAACC,0.0003353447,Low,0.02354119762312621,2026-03-30 19:32:06.333434,XGBoost
7047-FWEYA,0.00049962814,Low,0.05153664212557488,2026-03-30 19:32:06.333434,XGBoost
7047-YXDMZ,6.291128e-05,Low,0.0012582255294546485,2026-03-30 19:32:06.333434,XGBoost
7048-GXDAY,0.1608232,Low,17.111588072776794,2026-03-30 19:32:06.333434,XGBoost
7049-GKVZY,7.355135e-05,Low,0.005873075547060579,2026-03-30 19:32:06.333434,XGBoost
7054-DMVAS,3.41264e-05,Low,0.0022284538241365225,2026-03-30 19:32:06.333434,XGBoost
7054-ENNGU,0.00061921513,Low,0.03148708956723567,2026-03-30 19:32:06.333434,XGBoost
7054-LGEQW,0.9720223,High,44.664424455165864,2026-03-30 19:32:06.333434,XGBoost
7055-HNEOJ,0.00037781402,Low,0.021082022512564434,2026-03-30 19:32:06.333434,XGBoost
7055-JCGNI,0.0006995128,Low,0.07831045537604951,2026-03-30 19:32:06.333434,XGBoost
7055-VKGDA,0.99965346,High,105.36347453594209,2026-03-30 19:32:06.333434,XGBoost
7056-IMHCC,0.9998884,High,101.88863000869752,2026-03-30 19:32:06.333434,XGBoost
7061-OVMIM,0.00010609944,Low,0.0020742440523463302,2026-03-30 19:32:06.333434,XGBoost
7064-FRRSW,0.06995586,Low,6.925630442798138,2026-03-30 19:32:06.333434,XGBoost
7064-JHXCE,2.0711861e-05,Low,0.00041527281300659526,2026-03-30 19:32:06.333434,XGBoost
7065-YUNRY,0.96256495,High,43.60419201850891,2026-03-30 19:32:06.333434,XGBoost
7067-KSAZT,0.84233516,High,89.4981112331152,2026-03-30 19:32:06.333434,XGBoost
7072-MBHEV,0.0014476011,Low,0.1130576480529271,2026-03-30 19:32:06.333434,XGBoost
7073-QETQY,0.00028076587,Low,0.005713585551711731,2026-03-30 19:32:06.333434,XGBoost
7074-IEVOJ,0.9995247,High,79.36226217746736,2026-03-30 19:32:06.333434,XGBoost
7074-STDCN,0.0004221248,Low,0.017138267250265928,2026-03-30 19:32:06.333434,XGBoost
7075-BNDVQ,0.1703948,Low,5.96381776034832,2026-03-30 19:32:06.333434,XGBoost
7077-XJMET,6.319454e-05,Low,0.004685874902133947,2026-03-30 19:32:06.333434,XGBoost
7078-NVFAM,0.0112359915,Low,0.39494510097429153,2026-03-30 19:32:06.333434,XGBoost
7079-QRCBC,0.99960417,High,98.7109113484621,2026-03-30 19:32:06.333434,XGBoost
7080-TNUWP,0.0063125817,Low,0.5996952624991536,2026-03-30 19:32:06.333434,XGBoost
7083-MIOPC,2.302376e-05,Low,0.0004662311430365662,2026-03-30 19:32:06.333434,XGBoost
7083-YNSKY,0.9927797,High,25.216603672504423,2026-03-30 19:32:06.333434,XGBoost
7088-FBAWU,6.032907e-05,Low,0.004497532035748008,2026-03-30 19:32:06.333434,XGBoost
7089-IVVAZ,0.96559685,High,99.79443493187426,2026-03-30 19:32:06.333434,XGBoost
7089-RKVSZ,0.00013011381,Low,0.0031747769855428485,2026-03-30 19:32:06.333434,XGBoost
7089-XXAYG,0.019487757,Low,0.7424835506826639,2026-03-30 19:32:06.333434,XGBoost
7094-MSZAO,0.00023216537,Low,0.004654915743594757,2026-03-30 19:32:06.333434,XGBoost
7096-UCLNH,0.00016213668,Low,0.0032508404896361754,2026-03-30 19:32:06.333434,XGBoost
7096-ZNBZI,3.609409e-05,Low,0.000954688688943861,2026-03-30 19:32:06.333434,XGBoost
7100-FQPRV,0.00015888932,Low,0.01142414218193153,2026-03-30 19:32:06.333434,XGBoost
7101-HRBLJ,8.660141e-05,Low,0.007248537919804221,2026-03-30 19:32:06.333434,XGBoost
7102-JJVTX,0.00033574647,Low,0.01631727862986736,2026-03-30 19:32:06.333434,XGBoost
7103-IPXPJ,0.09694074,Low,9.63590964972973,2026-03-30 19:32:06.333434,XGBoost
7103-ZGVNT,0.0009040966,Low,0.06663191805710085,2026-03-30 19:32:06.333434,XGBoost
7105-BENQF,3.0953022e-05,Low,0.0020073035000677916,2026-03-30 19:32:06.333434,XGBoost
7105-MXJLL,0.019935118,Low,1.2100616646930575,2026-03-30 19:32:06.333434,XGBoost
7107-UBYKY,7.4822245e-05,Low,0.0019266727995272959,2026-03-30 19:32:06.333434,XGBoost
7108-DGVUU,0.0003526367,Low,0.025284051909693517,2026-03-30 19:32:06.333434,XGBoost
7109-CQYUZ,2.1690135e-05,Low,0.0019358445779289468,2026-03-30 19:32:06.333434,XGBoost
7109-MFBYV,0.14753887,Low,6.7056416675448425,2026-03-30 19:32:06.333434,XGBoost
7110-BDTWG,0.0861668,Low,4.054147896170616,2026-03-30 19:32:06.333434,XGBoost
7112-OPOTK,0.99939394,High,68.2086364030838,2026-03-30 19:32:06.333434,XGBoost
7113-HIPFI,7.245636e-06,Low,0.000477125128645639,2026-03-30 19:32:06.333434,XGBoost
7114-AEOZE,8.33476e-05,Low,0.0016544498717848911,2026-03-30 19:32:06.333434,XGBoost
7115-IRDHS,0.012857325,Low,0.31693307049572467,2026-03-30 19:32:06.333434,XGBoost
7120-RFMVS,0.9978508,High,84.31839054822922,2026-03-30 19:32:06.333434,XGBoost
7123-WQUHX,0.000102386126,Low,0.009726681964821182,2026-03-30 19:32:06.333434,XGBoost
7124-UGSUR,0.99888366,High,104.28345458507539,2026-03-30 19:32:06.333434,XGBoost
7126-RBHSD,0.00069251726,Low,0.05463961211498827,2026-03-30 19:32:06.333434,XGBoost
7128-GGCNO,0.15712562,Low,11.438745284080506,2026-03-30 19:32:06.333434,XGBoost
7129-ACFOG,0.17031138,Low,9.162752053141594,2026-03-30 19:32:06.333434,XGBoost
7129-AZJDE,8.275205e-05,Low,0.006533274261528277,2026-03-30 19:32:06.333434,XGBoost
7129-CAKJW,0.0001062734,Low,0.008507185741109424,2026-03-30 19:32:06.333434,XGBoost
7130-CTCUS,0.00057650707,Low,0.031448460521642116,2026-03-30 19:32:06.333434,XGBoost
7130-VTEWQ,0.9996848,High,75.7261244058609,2026-03-30 19:32:06.333434,XGBoost
7130-YXBRO,0.67420924,Medium,75.14061947464943,2026-03-30 19:32:06.333434,XGBoost
7131-ZQZNK,6.785254e-06,Low,0.00040609744262383175,2026-03-30 19:32:06.333434,XGBoost
7133-VBDCG,0.99770796,High,79.66698084473609,2026-03-30 19:32:06.333434,XGBoost
7134-HBPBS,0.0698738,Low,7.55335803553462,2026-03-30 19:32:06.333434,XGBoost
7134-MJPDY,0.0010267327,Low,0.10559946135035715,2026-03-30 19:32:06.333434,XGBoost
7136-IHZJA,2.0575038e-05,Low,0.0014680289922580413,2026-03-30 19:32:06.333434,XGBoost
7136-RVDTZ,0.9960246,High,45.07011353969574,2026-03-30 19:32:06.333434,XGBoost
7137-NAXML,5.7725258e-05,Low,0.001163163941600942,2026-03-30 19:32:06.333434,XGBoost
7137-RYLPP,0.9997477,High,85.67837733626367,2026-03-30 19:32:06.333434,XGBoost
7138-GIRSH,0.0037923204,Low,0.2635662662796676,2026-03-30 19:32:06.333434,XGBoost
7139-JZFVG,6.516331e-06,Low,0.00039423801422344695,2026-03-30 19:32:06.333434,XGBoost
7140-ADSMJ,0.0011377697,Low,0.023267389641841874,2026-03-30 19:32:06.333434,XGBoost
7142-HVGBG,0.9998871,High,102.98837220668793,2026-03-30 19:32:06.333434,XGBoost
7143-BQIBA,0.1389171,Low,8.647589687258005,2026-03-30 19:32:06.333434,XGBoost
7145-FEJWU,0.050443046,Low,5.311652722209692,2026-03-30 19:32:06.333434,XGBoost
7147-AYBAA,3.9727445e-05,Low,0.002794825773707998,2026-03-30 19:32:06.333434,XGBoost
7148-XZPHA,0.00016700369,Low,0.013260092766722666,2026-03-30 19:32:06.333434,XGBoost
7153-CHRBV,2.3845041e-05,Low,0.0014140109396976186,2026-03-30 19:32:06.333434,XGBoost
7153-OANIO,0.9814206,High,68.65036933124065,2026-03-30 19:32:06.333434,XGBoost
7156-MHUGY,0.92903346,High,84.07752797007561,2026-03-30 19:32:06.333434,XGBoost
7156-MXBJE,0.00048661916,Low,0.04141129046038258,2026-03-30 19:32:06.333434,XGBoost
7157-SMCFK,0.00077732303,Low,0.0153521298780106,2026-03-30 19:32:06.333434,XGBoost
7159-FVYPK,0.00014228864,Low,0.00983925957043539,2026-03-30 19:32:06.333434,XGBoost
7159-NOKYQ,8.477401e-05,Low,0.007896698885087972,2026-03-30 19:32:06.333434,XGBoost
7161-DFHUF,0.017061831,Low,0.4069246795959771,2026-03-30 19:32:06.333434,XGBoost
7162-WPHPM,3.7424593e-06,Low,0.0002679600847841357,2026-03-30 19:32:06.333434,XGBoost
7163-OCEQI,0.009239274,Low,0.7266689061652869,2026-03-30 19:32:06.333434,XGBoost
7164-BPTUT,1.9605466e-05,Low,0.001755669493741152,2026-03-30 19:32:06.333434,XGBoost
7167-PCEYD,0.0012634824,Low,0.0250169511185959,2026-03-30 19:32:06.333434,XGBoost
7168-HDQHG,0.032446142,Low,0.622965931892395,2026-03-30 19:32:06.333434,XGBoost
7169-YWAMK,0.0009859214,Low,0.06743702106177807,2026-03-30 19:32:06.333434,XGBoost
7173-TETGO,0.007626701,Low,0.5986960399895906,2026-03-30 19:32:06.333434,XGBoost
7175-NTIXE,6.3062274e-05,Low,0.004802192197166733,2026-03-30 19:32:06.333434,XGBoost
7176-WIONM,0.0024481707,Low,0.12204130833270029,2026-03-30 19:32:06.333434,XGBoost
7176-WRTNX,0.0008140109,Low,0.09357055445143488,2026-03-30 19:32:06.333434,XGBoost
7180-PISOG,0.9945662,High,74.09518206119537,2026-03-30 19:32:06.333434,XGBoost
7181-BQYBV,0.99992704,High,102.44252564907075,2026-03-30 19:32:06.333434,XGBoost
7181-OQCUT,0.22299966,Low,23.158514915406702,2026-03-30 19:32:06.333434,XGBoost
7182-OVLBJ,5.5035453e-05,Low,0.005566836023717769,2026-03-30 19:32:06.333434,XGBoost
7184-LRUUR,0.00015557047,Low,0.010150972888368415,2026-03-30 19:32:06.333434,XGBoost
7188-CBBBA,3.9777904e-05,Low,0.0037987898340361426,2026-03-30 19:32:06.333434,XGBoost
7190-XHTWJ,1.36489325e-05,Low,0.0002634243974171113,2026-03-30 19:32:06.333434,XGBoost
7191-ADRGF,0.00020835796,Low,0.011313837239868008,2026-03-30 19:32:06.333434,XGBoost
7196-LIWRH,0.00016296886,Low,0.0031860412746027578,2026-03-30 19:32:06.333434,XGBoost
7197-VOJMM,0.00023172486,Low,0.016035360185196624,2026-03-30 19:32:06.333434,XGBoost
7198-GLXTC,0.99965084,High,78.97241604328156,2026-03-30 19:32:06.333434,XGBoost
7203-OYKCT,9.7947326e-05,Low,0.010279571878345451,2026-03-30 19:32:06.333434,XGBoost
7205-BAIAD,6.955692e-05,Low,0.0014328725083032623,2026-03-30 19:32:06.333434,XGBoost
7206-GZCDC,0.98552287,High,68.2474584877491,2026-03-30 19:32:06.333434,XGBoost
7206-PQBBZ,0.00090109167,Low,0.06325663517927752,2026-03-30 19:32:06.333434,XGBoost
7207-RMRDB,0.9999039,High,105.48986327648163,2026-03-30 19:32:06.333434,XGBoost
7208-PSIHR,0.8537917,High,89.05047574043273,2026-03-30 19:32:06.333434,XGBoost
7209-JCUDS,0.9996001,High,94.86205067038537,2026-03-30 19:32:06.333434,XGBoost
7216-EWTRS,0.98091197,High,98.87592658996581,2026-03-30 19:32:06.333434,XGBoost
7216-KAOID,0.0031224417,Low,0.06088761321734637,2026-03-30 19:32:06.333434,XGBoost
7217-JYHOQ,1.857214e-05,Low,0.0013056214495009045,2026-03-30 19:32:06.333434,XGBoost
7218-HKQFK,0.9862083,High,92.90082371234894,2026-03-30 19:32:06.333434,XGBoost
7219-TLZHO,0.031177307,Low,0.6500468415208162,2026-03-30 19:32:06.333434,XGBoost
7225-CBZPL,0.00045134698,Low,0.04278769330121577,2026-03-30 19:32:06.333434,XGBoost
7225-IILWY,1.0239542e-05,Low,0.00026366819497525285,2026-03-30 19:32:06.333434,XGBoost
7228-OMTPN,0.99962234,High,88.41659641265869,2026-03-30 19:32:06.333434,XGBoost
7228-PAQPD,0.00011018966,Low,0.006512209097854793,2026-03-30 19:32:06.333434,XGBoost
7233-DRTRF,2.960169e-05,Low,0.0030312130227684976,2026-03-30 19:32:06.333434,XGBoost
7233-IOQNP,0.12462734,Low,4.237329453229904,2026-03-30 19:32:06.333434,XGBoost
7233-PAHHL,6.0764927e-05,Low,0.005104253883473575,2026-03-30 19:32:06.333434,XGBoost
7234-FECYN,0.9471189,High,95.99049832224846,2026-03-30 19:32:06.333434,XGBoost
7234-KMNRQ,0.0001952332,Low,0.0037094307044753805,2026-03-30 19:32:06.333434,XGBoost
7235-NXZCP,0.99995244,High,74.84643979668617,2026-03-30 19:32:06.333434,XGBoost
7239-HZZCX,0.9985851,High,19.722055822610855,2026-03-30 19:32:06.333434,XGBoost
7240-ETPTR,0.9993919,High,48.72035577893257,2026-03-30 19:32:06.333434,XGBoost
7240-FQLHE,0.38391107,Low,38.29512955248356,2026-03-30 19:32:06.333434,XGBoost
7241-AJHFS,0.5805826,Medium,50.88806653022766,2026-03-30 19:32:06.333434,XGBoost
7242-EDTYC,1.8742683e-05,Low,0.00036641945453084194,2026-03-30 19:32:06.333434,XGBoost
7242-QZLXF,0.9998646,High,25.296573829650878,2026-03-30 19:32:06.333434,XGBoost
7243-LCGGZ,0.54699045,Medium,11.432100492715835,2026-03-30 19:32:06.333434,XGBoost
7244-KXYZN,1.58754e-05,Low,0.0003246519133426773,2026-03-30 19:32:06.333434,XGBoost
7244-QWYHG,0.0010317513,Low,0.04586134434212,2026-03-30 19:32:06.333434,XGBoost
7245-JMTTQ,3.4977325e-05,Low,0.003899971783539513,2026-03-30 19:32:06.333434,XGBoost
7245-NIIWQ,0.00033556984,Low,0.02343955351389013,2026-03-30 19:32:06.333434,XGBoost
7246-ZGQDF,0.00038287748,Low,0.020866822596872225,2026-03-30 19:32:06.333434,XGBoost
7247-XOZPB,0.05060975,Low,3.917194557935,2026-03-30 19:32:06.333434,XGBoost
7248-VZQLC,0.81309605,High,69.27578315734864,2026-03-30 19:32:06.333434,XGBoost
7249-WBIYX,0.8583816,High,73.47746744155883,2026-03-30 19:32:06.333434,XGBoost
7250-EQKIY,0.93763524,High,47.30369800627232,2026-03-30 19:32:06.333434,XGBoost
7251-LJBQN,0.00057336193,Low,0.059486300524440594,2026-03-30 19:32:06.333434,XGBoost
7251-XFOIL,3.7006004e-05,Low,0.0033009355815011077,2026-03-30 19:32:06.333434,XGBoost
7252-NTGSS,0.0006450548,Low,0.02912422400841024,2026-03-30 19:32:06.333434,XGBoost
7253-UVNDW,0.9989563,High,54.29327613711357,2026-03-30 19:32:06.333434,XGBoost
7254-IQWOZ,0.9904839,High,68.98720224499704,2026-03-30 19:32:06.333434,XGBoost
7255-SSFBC,1.1592409e-05,Low,0.0013012478602831834,2026-03-30 19:32:06.333434,XGBoost
7266-GSSJX,5.760587e-05,Low,0.0011780400434872717,2026-03-30 19:32:06.333434,XGBoost
7267-FRMJW,3.365772e-05,Low,0.0006765201993403025,2026-03-30 19:32:06.333434,XGBoost
7268-IGMFD,0.0002525934,Low,0.023718519884278068,2026-03-30 19:32:06.333434,XGBoost
7268-WNTCP,2.078973e-05,Low,0.0004251499808560766,2026-03-30 19:32:06.333434,XGBoost
7269-JISCY,0.00018833969,Low,0.008484703070280375,2026-03-30 19:32:06.333434,XGBoost
7270-BDIOA,0.9993375,High,89.94037449359894,2026-03-30 19:32:06.333434,XGBoost
7271-AJDTL,0.00067466486,Low,0.06372209581895731,2026-03-30 19:32:06.333434,XGBoost
7272-QDCKA,0.22543205,Low,22.588291731476783,2026-03-30 19:32:06.333434,XGBoost
7273-TEFQD,0.99995077,High,41.14797404408455,2026-03-30 19:32:06.333434,XGBoost
7274-CGTOD,0.00014519705,Low,0.006345110894471873,2026-03-30 19:32:06.333434,XGBoost
7274-RTAPZ,0.9998271,High,90.53434272110462,2026-03-30 19:32:06.333434,XGBoost
7277-KAMWT,1.4827971e-05,Low,0.00029655942853423767,2026-03-30 19:32:06.333434,XGBoost
7277-OZCGZ,0.285487,Low,25.42261700928211,2026-03-30 19:32:06.333434,XGBoost
7278-CKDNC,0.00021400402,Low,0.01722732328926213,2026-03-30 19:32:06.333434,XGBoost
7279-BUYWN,0.99977416,High,113.1744346857071,2026-03-30 19:32:06.333434,XGBoost
7279-NMVJC,0.011555044,Low,0.22994537521153688,2026-03-30 19:32:06.333434,XGBoost
7284-BUYEC,0.13977946,Low,7.1217636607587345,2026-03-30 19:32:06.333434,XGBoost
7284-ZZLOH,0.11399084,Low,6.075711947679519,2026-03-30 19:32:06.333434,XGBoost
7285-KLOTR,0.0012570663,Low,0.09911967504885978,2026-03-30 19:32:06.333434,XGBoost
7291-CDTMJ,0.023506733,Low,0.46190729672089215,2026-03-30 19:32:06.333434,XGBoost
7293-LSCDV,5.128381e-05,Low,0.0009872133177850628,2026-03-30 19:32:06.333434,XGBoost
7294-TMAOP,0.9814457,High,88.86991082727909,2026-03-30 19:32:06.333434,XGBoost
7295-JOMMD,0.9997404,High,98.0745353758335,2026-03-30 19:32:06.333434,XGBoost
7296-PIXQY,3.393907e-05,Low,0.0023825228352507112,2026-03-30 19:32:06.333434,XGBoost
7297-DVYGA,0.005652549,Low,0.11220310183707626,2026-03-30 19:32:06.333434,XGBoost
7298-IZWLY,0.00020506397,Low,0.003978241098229773,2026-03-30 19:32:06.333434,XGBoost
7299-GNVPL,0.00015004356,Low,0.012663676548982039,2026-03-30 19:32:06.333434,XGBoost
7301-ABVAD,0.00010748816,Low,0.009308474516728893,2026-03-30 19:32:06.333434,XGBoost
7302-ZHMHP,7.513442e-05,Low,0.001438824135402683,2026-03-30 19:32:06.333434,XGBoost
7305-ZWMAJ,0.0068459557,Low,0.14171128375455735,2026-03-30 19:32:06.333434,XGBoost
7306-YDSOI,7.066192e-06,Low,0.00042220498460210365,2026-03-30 19:32:06.333434,XGBoost
7310-EGVHZ,0.26146618,Low,5.281616741418838,2026-03-30 19:32:06.333434,XGBoost
7311-MQJCH,0.00012067231,Low,0.002359143660578411,2026-03-30 19:32:06.333434,XGBoost
7312-XSBAT,0.18133552,Low,9.02144230529666,2026-03-30 19:32:06.333434,XGBoost
7314-OXENN,0.99977654,High,81.98167645931244,2026-03-30 19:32:06.333434,XGBoost
7315-WYOAW,0.11142601,Low,11.22617058083415,2026-03-30 19:32:06.333434,XGBoost
7317-GGVPB,0.9972268,High,108.29882773160934,2026-03-30 19:32:06.333434,XGBoost
7318-EIVKO,0.00031351362,Low,0.018575682057416998,2026-03-30 19:32:06.333434,XGBoost
7319-VENRZ,0.00010815171,Low,0.006954155028506648,2026-03-30 19:32:06.333434,XGBoost
7319-ZNRTR,1.1023827e-05,Low,0.0002160670097509865,2026-03-30 19:32:06.333434,XGBoost
7321-KKSDU,3.104801e-05,Low,0.0006364842047332786,2026-03-30 19:32:06.333434,XGBoost
7321-PKUYW,0.94270706,High,84.98504161834717,2026-03-30 19:32:06.333434,XGBoost
7321-VGNKU,0.00029540432,Low,0.020781693609023932,2026-03-30 19:32:06.333434,XGBoost
7321-ZNSLA,0.00024426216,Low,0.009904830693267285,2026-03-30 19:32:06.333434,XGBoost
7322-OCWHC,1.4833217e-05,Low,0.0013802308783397166,2026-03-30 19:32:06.333434,XGBoost
7325-ENZFI,0.024824644,Low,1.000433133356273,2026-03-30 19:32:06.333434,XGBoost
7326-RIGQZ,0.00010116514,Low,0.007061326787516009,2026-03-30 19:32:06.333434,XGBoost
7328-OWMOM,5.3218508e-05,Low,0.0010696920042391868,2026-03-30 19:32:06.333434,XGBoost
7328-ZJAJO,1.9330235e-05,Low,0.00037693957983719883,2026-03-30 19:32:06.333434,XGBoost
7330-WZLNC,0.99355704,High,90.21497886180877,2026-03-30 19:32:06.333434,XGBoost
7336-RLLRH,3.820462e-05,Low,0.0030888435325323368,2026-03-30 19:32:06.333434,XGBoost
7337-CINUD,0.0008051966,Low,0.0157013334101066,2026-03-30 19:32:06.333434,XGBoost
7338-ERIVA,0.0001161908,Low,0.0052343955547257785,2026-03-30 19:32:06.333434,XGBoost
7339-POGZN,0.0002206518,Low,0.011187046085251496,2026-03-30 19:32:06.333434,XGBoost
7340-KEFQE,1.6383548e-05,Low,0.0005603173562121811,2026-03-30 19:32:06.333434,XGBoost
7341-LXCAF,0.99982125,High,74.6366559892893,2026-03-30 19:32:06.333434,XGBoost
7343-EOBEU,0.0009946608,Low,0.02347399429418147,2026-03-30 19:32:06.333434,XGBoost
7346-MEDWM,0.0002000501,Low,0.01665417059120955,2026-03-30 19:32:06.333434,XGBoost
7349-ALMUX,3.650979e-05,Low,0.002395042305579409,2026-03-30 19:32:06.333434,XGBoost
7351-KYHQH,0.00016194895,Low,0.010518584206147352,2026-03-30 19:32:06.333434,XGBoost
7351-MHQVU,0.033087924,Low,1.6858297340571882,2026-03-30 19:32:06.333434,XGBoost
7353-YOWFP,8.271828e-05,Low,0.0016750451941334177,2026-03-30 19:32:06.333434,XGBoost
7354-OIJLX,0.23262225,Low,17.644397731870413,2026-03-30 19:32:06.333434,XGBoost
7356-AYNJP,0.00027601552,Low,0.006596770891337655,2026-03-30 19:32:06.333434,XGBoost
7356-IWLFW,6.63381e-05,Low,0.005307047977112234,2026-03-30 19:32:06.333434,XGBoost
7359-PTSXY,0.9989505,High,45.70198452472687,2026-03-30 19:32:06.333434,XGBoost
7359-SSBJK,0.99398804,High,69.77796020507813,2026-03-30 19:32:06.333434,XGBoost
7359-WWYJV,1.2780342e-05,Low,0.0014627101797941577,2026-03-30 19:32:06.333434,XGBoost
7361-YPXFS,4.9834052e-05,Low,0.003211804672901053,2026-03-30 19:32:06.333434,XGBoost
7363-QTBIW,0.00041725967,Low,0.03327645846729865,2026-03-30 19:32:06.333434,XGBoost
7365-BVCJH,0.28795275,Low,7.026047122478484,2026-03-30 19:32:06.333434,XGBoost
7369-TRPFD,3.611082e-05,Low,0.0006788834420149214,2026-03-30 19:32:06.333434,XGBoost
7375-WMVMT,0.010057984,Low,0.9605374643579125,2026-03-30 19:32:06.333434,XGBoost
7377-DMMRI,0.9998441,High,47.79254674911499,2026-03-30 19:32:06.333434,XGBoost
7379-FNIUJ,0.0006698326,Low,0.06711722393520177,2026-03-30 19:32:06.333434,XGBoost
7379-POKDZ,0.82916135,High,58.29004262089729,2026-03-30 19:32:06.333434,XGBoost
7382-DFJTU,0.00017636703,Low,0.009735460043884814,2026-03-30 19:32:06.333434,XGBoost
7384-GHBPI,0.99973875,High,35.14081716239452,2026-03-30 19:32:06.333434,XGBoost
7389-KBFIT,0.00018136362,Low,0.005486249476234661,2026-03-30 19:32:06.333434,XGBoost
7392-YYPYJ,0.0005199051,Low,0.05232845062273555,2026-03-30 19:32:06.333434,XGBoost
7394-FKDNK,0.9972051,High,89.19999428093433,2026-03-30 19:32:06.333434,XGBoost
7394-LWLYN,0.5722284,Medium,40.14182030260563,2026-03-30 19:32:06.333434,XGBoost
7395-IGJOS,0.3486625,Low,28.4159933924675,2026-03-30 19:32:06.333434,XGBoost
7395-XWZOY,0.14988048,Low,8.243426606059074,2026-03-30 19:32:06.333434,XGBoost
7396-VJUZB,0.0006995211,Low,0.03165332980279345,2026-03-30 19:32:06.333434,XGBoost
7398-HPYZQ,7.2387855e-05,Low,0.006554720247004297,2026-03-30 19:32:06.333434,XGBoost
7398-LXGYX,0.0011302453,Low,0.09584479946643114,2026-03-30 19:32:06.333434,XGBoost
7398-SKNQZ,0.00076659844,Low,0.07275019242078998,2026-03-30 19:32:06.333434,XGBoost
7399-QHBJS,7.912265e-05,Low,0.0052814367845712695,2026-03-30 19:32:06.333434,XGBoost
7401-JIXNM,0.00014462415,Low,0.013204185012727975,2026-03-30 19:32:06.333434,XGBoost
7401-RUBNK,0.00020327013,Low,0.015204605757026,2026-03-30 19:32:06.333434,XGBoost
7402-EYFXX,0.00031069314,Low,0.02908087789546698,2026-03-30 19:32:06.333434,XGBoost
7402-PWYJJ,5.5891156e-05,Low,0.005094478876708309,2026-03-30 19:32:06.333434,XGBoost
7404-JLKQG,0.0013724111,Low,0.07898226160323248,2026-03-30 19:32:06.333434,XGBoost
7407-SUJIZ,4.5649616e-05,Low,0.0009403820971783717,2026-03-30 19:32:06.333434,XGBoost
7408-OFWXJ,0.0020594737,Low,0.18494073431938887,2026-03-30 19:32:06.333434,XGBoost
7409-JURKQ,7.504004e-05,Low,0.008389476824959274,2026-03-30 19:32:06.333434,XGBoost
7409-KIUTL,0.9918162,High,70.41895180940628,2026-03-30 19:32:06.333434,XGBoost
7410-KTVFV,0.9997609,High,49.53815387189388,2026-03-30 19:32:06.333434,XGBoost
7410-OIEDU,8.297298e-05,Low,0.006625392721616662,2026-03-30 19:32:06.333434,XGBoost
7410-YTJIK,0.9064996,High,68.3953966498375,2026-03-30 19:32:06.333434,XGBoost
7416-CKTEP,0.04527438,Low,0.8873778596520424,2026-03-30 19:32:06.333434,XGBoost
7421-ZLUPA,0.00016509992,Low,0.004829172612517141,2026-03-30 19:32:06.333434,XGBoost
7422-WNBTY,0.0011120378,Low,0.10380872900132089,2026-03-30 19:32:06.333434,XGBoost
7426-GSWPO,1.2589585e-05,Low,0.0013030220384280256,2026-03-30 19:32:06.333434,XGBoost
7426-RHZGU,0.97374016,High,93.38168138861657,2026-03-30 19:32:06.333434,XGBoost
7426-WEIJX,0.012026621,Low,0.9735549722798169,2026-03-30 19:32:06.333434,XGBoost
7427-AUFPY,0.005991222,Low,0.11772750976961105,2026-03-30 19:32:06.333434,XGBoost
7432-FFVAR,0.00011074658,Low,0.010072401414072374,2026-03-30 19:32:06.333434,XGBoost
7434-SHXLS,0.99965644,High,20.892819571495053,2026-03-30 19:32:06.333434,XGBoost
7435-ZNUYY,0.00026155065,Low,0.005387943447567523,2026-03-30 19:32:06.333434,XGBoost
7439-DKZTW,0.0009177877,Low,0.07392780099471565,2026-03-30 19:32:06.333434,XGBoost
7442-YGZFK,0.23920748,Low,11.91253232359886,2026-03-30 19:32:06.333434,XGBoost
7445-WMRBW,5.2489595e-05,Low,0.003876356588079943,2026-03-30 19:32:06.333434,XGBoost
7446-KQISO,5.1247134e-06,Low,0.0005624372984129877,2026-03-30 19:32:06.333434,XGBoost
7446-SFAOA,7.0627146e-05,Low,0.001401948843340506,2026-03-30 19:32:06.333434,XGBoost
7446-YPODE,0.00015322174,Low,0.009231610012648162,2026-03-30 19:32:06.333434,XGBoost
7449-HVPIV,2.491146e-05,Low,0.0022519959893543273,2026-03-30 19:32:06.333434,XGBoost
7450-NWRTR,0.99986804,High,99.43687611222268,2026-03-30 19:32:06.333434,XGBoost
7452-FOLON,5.5684744e-05,Low,0.0014171767459629336,2026-03-30 19:32:06.333434,XGBoost
7459-IMVYU,6.0260638e-05,Low,0.004215231616763049,2026-03-30 19:32:06.333434,XGBoost
7459-RRWQZ,0.99952495,High,64.61928808093072,2026-03-30 19:32:06.333434,XGBoost
7460-ITWWP,0.0028491358,Low,0.24531059071887282,2026-03-30 19:32:06.333434,XGBoost
7463-IFMQU,0.0044507096,Low,0.08923672665841878,2026-03-30 19:32:06.333434,XGBoost
7465-ZZRVX,0.00039274205,Low,0.02762940304528456,2026-03-30 19:32:06.333434,XGBoost
7469-LKBCI,2.3821156e-05,Low,0.00045141090604374764,2026-03-30 19:32:06.333434,XGBoost
7470-DYNOE,7.426771e-05,Low,0.004537756930221804,2026-03-30 19:32:06.333434,XGBoost
7470-MCQTK,0.9994973,High,48.72549310326576,2026-03-30 19:32:06.333434,XGBoost
7471-MQPOS,1.1290391e-05,Low,0.00082306949152553,2026-03-30 19:32:06.333434,XGBoost
7471-WNSUF,0.00033379454,Low,0.008061138096672948,2026-03-30 19:32:06.333434,XGBoost
7472-EQOAV,7.26582e-06,Low,0.0006299465880601929,2026-03-30 19:32:06.333434,XGBoost
7473-ZBDSN,6.366568e-05,Low,0.0011969147250056268,2026-03-30 19:32:06.333434,XGBoost
7479-NITWS,0.9993488,High,89.2918170005083,2026-03-30 19:32:06.333434,XGBoost
7480-QNVZJ,0.7433567,High,71.13923664093018,2026-03-30 19:32:06.333434,XGBoost
7480-SPLEF,2.2755834e-05,Low,0.0005916516820434481,2026-03-30 19:32:06.333434,XGBoost
7481-ATQQS,0.8406878,High,76.37648766338825,2026-03-30 19:32:06.333434,XGBoost
7483-IQWIB,0.0002624957,Low,0.024398976465454327,2026-03-30 19:32:06.333434,XGBoost
7486-KSRVI,0.9983683,High,99.83683228492737,2026-03-30 19:32:06.333434,XGBoost
7488-MXJIV,0.9992384,High,85.584766548872,2026-03-30 19:32:06.333434,XGBoost
7492-TAFJD,0.012418421,Low,0.4787301289848983,2026-03-30 19:32:06.333434,XGBoost
7493-GVFIO,1.1670065e-05,Low,0.00023981983267731268,2026-03-30 19:32:06.333434,XGBoost
7493-TPUWZ,0.99985635,High,79.13863032460213,2026-03-30 19:32:06.333434,XGBoost
7495-OOKFY,0.8855341,High,71.41832578480245,2026-03-30 19:32:06.333434,XGBoost
7501-IWUNG,5.0063547e-05,Low,0.0036946897649613674,2026-03-30 19:32:06.333434,XGBoost
7501-VTYLJ,0.06098349,Low,3.14369891975075,2026-03-30 19:32:06.333434,XGBoost
7502-BNYGS,0.0011770289,Low,0.08133269486716016,2026-03-30 19:32:06.333434,XGBoost
7503-EPSZW,2.1328919e-05,Low,0.000512960492142156,2026-03-30 19:32:06.333434,XGBoost
7503-MIOGA,1.6501417e-05,Low,0.0014826523283772985,2026-03-30 19:32:06.333434,XGBoost
7503-QQRVF,0.9976107,High,74.12247413396835,2026-03-30 19:32:06.333434,XGBoost
7503-ZGUZJ,0.97610044,High,82.6269026517868,2026-03-30 19:32:06.333434,XGBoost
7504-UWHNB,0.00043560067,Low,0.030383146622625645,2026-03-30 19:32:06.333434,XGBoost
7508-DQAKK,0.00012328109,Low,0.010651486180722715,2026-03-30 19:32:06.333434,XGBoost
7508-KBIMB,8.0945165e-06,Low,0.0004553165524612268,2026-03-30 19:32:06.333434,XGBoost
7508-MYBOG,0.9962818,High,85.77986320853233,2026-03-30 19:32:06.333434,XGBoost
7508-SMHXL,0.09681104,Low,8.616182669997215,2026-03-30 19:32:06.333434,XGBoost
7511-YMXVQ,0.9997135,High,45.38699201345444,2026-03-30 19:32:06.333434,XGBoost
7515-LODFU,4.2842516e-06,Low,8.697030839357468e-05,2026-03-30 19:32:06.333434,XGBoost
7516-GMHUV,0.0001465162,Low,0.015391527425526874,2026-03-30 19:32:06.333434,XGBoost
7517-LDMPS,0.26365268,Low,22.305016922950742,2026-03-30 19:32:06.333434,XGBoost
7517-SAWMO,0.99918586,High,73.14040496349335,2026-03-30 19:32:06.333434,XGBoost
7519-JTWQH,0.0007048112,Low,0.07788163621444255,2026-03-30 19:32:06.333434,XGBoost
7520-HQWJU,4.8428377e-05,Low,0.003266494051604241,2026-03-30 19:32:06.333434,XGBoost
7521-AFHAB,3.710325e-05,Low,0.0016622256487607955,2026-03-30 19:32:06.333434,XGBoost
7521-YXVZY,0.072924204,Low,1.4548378732055425,2026-03-30 19:32:06.333434,XGBoost
7524-VRLPL,7.3168485e-05,Low,0.005421784735517576,2026-03-30 19:32:06.333434,XGBoost
7526-BEZQB,0.9998355,High,96.03419892787933,2026-03-30 19:32:06.333434,XGBoost
7526-IVLYU,0.000187039,Low,0.0036753162901732137,2026-03-30 19:32:06.333434,XGBoost
7527-QNRUS,1.677461e-05,Low,0.00042188142442682873,2026-03-30 19:32:06.333434,XGBoost
7529-ZDFXI,7.9257596e-05,Low,0.007121294968601432,2026-03-30 19:32:06.333434,XGBoost
7530-HDYDS,0.8955791,High,75.4525391459465,2026-03-30 19:32:06.333434,XGBoost
7531-GQHME,0.00016312386,Low,0.0032706333047826776,2026-03-30 19:32:06.333434,XGBoost
7534-BFESC,0.9990435,High,76.02721219658851,2026-03-30 19:32:06.333434,XGBoost
7537-CBQUZ,9.463374e-05,Low,0.010352931005763823,2026-03-30 19:32:06.333434,XGBoost
7537-RBWEA,0.0008977772,Low,0.02257909679610748,2026-03-30 19:32:06.333434,XGBoost
7538-GWHML,0.93052846,High,64.81130737364293,2026-03-30 19:32:06.333434,XGBoost
7541-YLXCL,0.7135682,High,46.66736097335816,2026-03-30 19:32:06.333434,XGBoost
7542-CYDDM,0.00011205317,Low,0.0022466659975179937,2026-03-30 19:32:06.333434,XGBoost
7544-ZVIKX,0.005798006,Low,0.6090805265819653,2026-03-30 19:32:06.333434,XGBoost
7547-EKNFS,0.9957028,High,94.84069199860096,2026-03-30 19:32:06.333434,XGBoost
7548-SEPYI,0.9947107,High,95.74090331792831,2026-03-30 19:32:06.333434,XGBoost
7549-MYGPK,0.86227804,High,86.70205734670162,2026-03-30 19:32:06.333434,XGBoost
7550-WIQVA,0.0014860576,Low,0.1608657404431142,2026-03-30 19:32:06.333434,XGBoost
7551-DACSP,0.9900917,High,54.75206998586654,2026-03-30 19:32:06.333434,XGBoost
7551-JOHTI,0.8524255,High,16.622297555208206,2026-03-30 19:32:06.333434,XGBoost
7552-KEYGT,0.0001204432,Low,0.0023546645086753417,2026-03-30 19:32:06.333434,XGBoost
7554-AKDQF,0.00030255254,Low,0.013811523295589722,2026-03-30 19:32:06.333434,XGBoost
7554-NEWDD,0.00016025324,Low,0.004118508343526628,2026-03-30 19:32:06.333434,XGBoost
7558-IMLMT,0.0013318964,Low,0.027703445218503476,2026-03-30 19:32:06.333434,XGBoost
7560-QJAVJ,1.4443975e-05,Low,0.0011497403764224145,2026-03-30 19:32:06.333434,XGBoost
7560-QRBXH,2.2469825e-05,Low,0.00044827301126133535,2026-03-30 19:32:06.333434,XGBoost
7562-GSUHK,0.86199594,High,80.33802118301392,2026-03-30 19:32:06.333434,XGBoost
7562-UXTPG,0.0003845215,Low,0.026974182945559734,2026-03-30 19:32:06.333434,XGBoost
7563-BIUPC,0.8754352,High,70.56007498502731,2026-03-30 19:32:06.333434,XGBoost
7564-GHCVB,0.00014149067,Low,0.011184837687324034,2026-03-30 19:32:06.333434,XGBoost
7566-DSRLQ,0.0024824042,Low,0.27343682636274025,2026-03-30 19:32:06.333434,XGBoost
7567-ECMCM,0.00023565965,Low,0.01881742324330844,2026-03-30 19:32:06.333434,XGBoost
7568-PODML,0.95688677,High,43.34697060585022,2026-03-30 19:32:06.333434,XGBoost
7569-NMZYQ,3.8248585e-05,Low,0.004542019473774417,2026-03-30 19:32:06.333434,XGBoost
7570-WELNY,4.138766e-05,Low,0.0035055346928857035,2026-03-30 19:32:06.333434,XGBoost
7571-YXDAD,0.9994117,High,74.85593649148942,2026-03-30 19:32:06.333434,XGBoost
7572-KPVKK,8.51929e-05,Low,0.008864321230430504,2026-03-30 19:32:06.333434,XGBoost
7576-ASEJU,0.00046677887,Low,0.034868381917476654,2026-03-30 19:32:06.333434,XGBoost
7576-JMYWV,3.4588837e-05,Low,0.0038116897900181356,2026-03-30 19:32:06.333434,XGBoost
7576-OYWBN,0.9504616,High,72.28260666131973,2026-03-30 19:32:06.333434,XGBoost
7577-SWIFR,0.0008333903,Low,0.07438008254393935,2026-03-30 19:32:06.333434,XGBoost
7579-KKLOE,3.0712035e-05,Low,0.002802473227347946,2026-03-30 19:32:06.333434,XGBoost
7579-OOPEC,0.962322,High,48.26044813394547,2026-03-30 19:32:06.333434,XGBoost
7580-UGXNC,0.9998511,High,54.84183325171471,2026-03-30 19:32:06.333434,XGBoost
7581-EBBOU,2.4250421e-05,Low,0.0017011670415740812,2026-03-30 19:32:06.333434,XGBoost
7586-ZATGZ,0.0016461522,Low,0.13975832448340952,2026-03-30 19:32:06.333434,XGBoost
7587-AOVVU,0.0004000333,Low,0.04030335636343807,2026-03-30 19:32:06.333434,XGBoost
7587-RZNME,0.999801,High,43.29138243794441,2026-03-30 19:32:06.333434,XGBoost
7590-VHVEG,0.0019620967,Low,0.058568585396278655,2026-03-30 19:32:06.333434,XGBoost
7593-JNWRU,0.9933482,High,44.30332888364792,2026-03-30 19:32:06.333434,XGBoost
7593-XFKDI,0.892798,High,41.33654770255089,2026-03-30 19:32:06.333434,XGBoost
7594-LZNWR,7.254397e-05,Low,0.005016415365753347,2026-03-30 19:32:06.333434,XGBoost
7594-RQHXR,0.999572,High,79.56592953205109,2026-03-30 19:32:06.333434,XGBoost
7595-EHCDL,0.00010392604,Low,0.005258657559170388,2026-03-30 19:32:06.333434,XGBoost
7595-EUIVN,0.9798606,High,74.27343376874923,2026-03-30 19:32:06.333434,XGBoost
7596-IIWYC,0.0023168582,Low,0.04691637761425227,2026-03-30 19:32:06.333434,XGBoost
7596-LDUXP,0.0001601541,Low,0.013637121678038967,2026-03-30 19:32:06.333434,XGBoost
7596-ZYWBB,0.002499003,Low,0.14894057661294938,2026-03-30 19:32:06.333434,XGBoost
7598-UAASY,0.9612769,High,73.44155430793762,2026-03-30 19:32:06.333434,XGBoost
7599-FKVXZ,0.9997787,High,106.12650772631169,2026-03-30 19:32:06.333434,XGBoost
7599-NTMDP,4.3501892e-05,Low,0.0021185421366681115,2026-03-30 19:32:06.333434,XGBoost
7601-DHFWZ,0.001091568,Low,0.026197632774710655,2026-03-30 19:32:06.333434,XGBoost
7601-GNDYK,1.3959817e-05,Low,0.0002736124111834215,2026-03-30 19:32:06.333434,XGBoost
7601-WFVZV,0.2446426,Low,4.782762838155032,2026-03-30 19:32:06.333434,XGBoost
7602-DBTOU,8.1198596e-05,Low,0.0015914924733806404,2026-03-30 19:32:06.333434,XGBoost
7602-MVRMB,2.5100015e-05,Low,0.002772296621606074,2026-03-30 19:32:06.333434,XGBoost
7603-USHJS,0.8344073,High,61.537540555000305,2026-03-30 19:32:06.333434,XGBoost
7605-BDWDC,0.014319184,Low,0.7138113341759891,2026-03-30 19:32:06.333434,XGBoost
7605-SNLQG,0.00073404174,Low,0.036885597233776934,2026-03-30 19:32:06.333434,XGBoost
7606-BPHHN,2.327237e-05,Low,0.00046079293642833365,2026-03-30 19:32:06.333434,XGBoost
7607-QKKTJ,5.285834e-05,Low,0.00502154234709451,2026-03-30 19:32:06.333434,XGBoost
7608-RGIRO,0.00012717854,Low,0.00310315647511743,2026-03-30 19:32:06.333434,XGBoost
7609-NRNCA,7.61109e-05,Low,0.0014879680318699684,2026-03-30 19:32:06.333434,XGBoost
7609-YBPXG,2.6123314e-05,Low,0.0022753406890842595,2026-03-30 19:32:06.333434,XGBoost
7610-TVOPG,0.073483825,Low,1.9362987816333772,2026-03-30 19:32:06.333434,XGBoost
7611-YKYTC,1.5839876e-05,Low,0.0011879907106049359,2026-03-30 19:32:06.333434,XGBoost
7613-LLQFO,0.998511,High,84.32425533235073,2026-03-30 19:32:06.333434,XGBoost
7614-QVWQL,0.7517529,High,38.94080089330673,2026-03-30 19:32:06.333434,XGBoost
7615-ESMYF,0.8741579,High,38.987442588806154,2026-03-30 19:32:06.333434,XGBoost
7617-EYGLW,0.00050421,Low,0.009806884679710493,2026-03-30 19:32:06.333434,XGBoost
7619-ODSGN,0.9997013,High,54.73364733159542,2026-03-30 19:32:06.333434,XGBoost
7619-PLRLP,5.7193974e-05,Low,0.0042380735103506595,2026-03-30 19:32:06.333434,XGBoost
7621-VPNET,0.0009470463,Low,0.08135127944406123,2026-03-30 19:32:06.333434,XGBoost
7622-FWGEW,0.067970335,Low,5.8216592341661455,2026-03-30 19:32:06.333434,XGBoost
7622-NXQZR,1.8328887e-05,Low,0.0005516994882782455,2026-03-30 19:32:06.333434,XGBoost
7623-HKYRK,0.00022527581,Low,0.0044379335187841205,2026-03-30 19:32:06.333434,XGBoost
7623-TRNQN,0.8690528,High,43.365736085176465,2026-03-30 19:32:06.333434,XGBoost
7625-XCQRH,0.9754578,High,74.62252074480057,2026-03-30 19:32:06.333434,XGBoost
7627-JKIAZ,0.9990964,High,78.87866027355194,2026-03-30 19:32:06.333434,XGBoost
7629-WFGLW,6.120138e-05,Low,0.00585391226268257,2026-03-30 19:32:06.333434,XGBoost
7629-WIXZF,0.00030343476,Low,0.01793299437558744,2026-03-30 19:32:06.333434,XGBoost
7632-MNYOY,0.999718,High,110.86872735619545,2026-03-30 19:32:06.333434,XGBoost
7632-YUTXB,4.078051e-05,Low,0.0008176492085112841,2026-03-30 19:32:06.333434,XGBoost
7633-MVPUY,0.07021855,Low,4.195558253675699,2026-03-30 19:32:06.333434,XGBoost
7634-HLQJR,6.6661346e-06,Low,0.00013365599863846,2026-03-30 19:32:06.333434,XGBoost
7634-WSWDB,0.00022481235,Low,0.008655275443743449,2026-03-30 19:32:06.333434,XGBoost
7636-OWBPG,7.129952e-05,Low,0.002092640824048431,2026-03-30 19:32:06.333434,XGBoost
7636-PEPNS,5.1196443e-05,Low,0.002257763121087919,2026-03-30 19:32:06.333434,XGBoost
7636-XUHWW,0.00018050153,Low,0.0035919805362937037,2026-03-30 19:32:06.333434,XGBoost
7638-QVMVY,0.9996126,High,78.96939772367477,2026-03-30 19:32:06.333434,XGBoost
7639-LIAYI,1.7184326e-05,Low,0.0013704499801860948,2026-03-30 19:32:06.333434,XGBoost
7639-OPLNG,4.0843406e-05,Low,0.003236839938836056,2026-03-30 19:32:06.333434,XGBoost
7639-SUPCW,0.9982785,High,48.71599073410034,2026-03-30 19:32:06.333434,XGBoost
7641-EUYET,0.9394079,High,94.59837402701378,2026-03-30 19:32:06.333434,XGBoost
7641-TQFHN,0.0024003305,Low,0.24135323184309526,2026-03-30 19:32:06.333434,XGBoost
7643-RCHXS,3.661572e-05,Low,0.0007085141485731584,2026-03-30 19:32:06.333434,XGBoost
7647-GYYKX,0.0063970736,Low,0.13018044822383673,2026-03-30 19:32:06.333434,XGBoost
7649-PHJVR,0.00025875212,Low,0.00504566625750158,2026-03-30 19:32:06.333434,XGBoost
7649-SIJJF,5.7109115e-05,Low,0.004574440111900912,2026-03-30 19:32:06.333434,XGBoost
7654-YWJUF,0.0007044086,Low,0.05934642651118338,2026-03-30 19:32:06.333434,XGBoost
7657-DYEPJ,0.99819106,High,70.02310276329519,2026-03-30 19:32:06.333434,XGBoost
7658-UYUQS,0.18294917,Low,15.834250704199075,2026-03-30 19:32:06.333434,XGBoost
7660-HDPJV,0.9994949,High,69.16504778862,2026-03-30 19:32:06.333434,XGBoost
7661-CPURM,0.07786698,Low,6.828934053331614,2026-03-30 19:32:06.333434,XGBoost
7663-CUXZB,2.1075086e-05,Low,0.0023972910207703535,2026-03-30 19:32:06.333434,XGBoost
7663-RGWBC,0.9953166,High,43.94322897791862,2026-03-30 19:32:06.333434,XGBoost
7663-YJHSN,0.00010736932,Low,0.011161040832303116,2026-03-30 19:32:06.333434,XGBoost
7663-ZTEGJ,0.047503237,Low,4.776450448296964,2026-03-30 19:32:06.333434,XGBoost
7665-NKLAV,6.121725e-05,Low,0.0024884812792151934,2026-03-30 19:32:06.333434,XGBoost
7665-TOALD,0.96263576,High,66.99944858551025,2026-03-30 19:32:06.333434,XGBoost
7665-VIGUD,0.0005667336,Low,0.011533028629492037,2026-03-30 19:32:06.333434,XGBoost
7666-WKRON,0.99940777,High,80.40235495567322,2026-03-30 19:32:06.333434,XGBoost
7668-XCFYV,0.0007452374,Low,0.06897172113822307,2026-03-30 19:32:06.333434,XGBoost
7669-LCRSD,0.00073815347,Low,0.04155804018955678,2026-03-30 19:32:06.333434,XGBoost
7670-ZBPOQ,0.0002455642,Low,0.014991695006028748,2026-03-30 19:32:06.333434,XGBoost
7672-VFMXZ,0.0026937607,Low,0.15004246956668796,2026-03-30 19:32:06.333434,XGBoost
7673-BQGKU,4.111587e-05,Low,0.0008284847594040911,2026-03-30 19:32:06.333434,XGBoost
7673-LPRNY,5.4141605e-05,Low,0.0042528230553216416,2026-03-30 19:32:06.333434,XGBoost
7674-YTAFD,0.0007859872,Low,0.06283967535418924,2026-03-30 19:32:06.333434,XGBoost
7675-OZCZG,0.97705954,High,43.96767944097519,2026-03-30 19:32:06.333434,XGBoost
7677-SJJJK,4.1342257e-05,Low,0.0008227109090512385,2026-03-30 19:32:06.333434,XGBoost
7682-AZNDK,0.0005098301,Low,0.04580823226715438,2026-03-30 19:32:06.333434,XGBoost
7683-CBDKJ,0.99361646,High,65.03219742178918,2026-03-30 19:32:06.333434,XGBoost
7684-XSZIY,3.3682383e-05,Low,0.0008184819122107001,2026-03-30 19:32:06.333434,XGBoost
7688-AWMDX,0.0003949461,Low,0.021524562980630435,2026-03-30 19:32:06.333434,XGBoost
7690-KPNCU,0.00021552012,Low,0.015743744901556056,2026-03-30 19:32:06.333434,XGBoost
7691-KGKGP,1.2825028e-05,Low,0.0008336267956110532,2026-03-30 19:32:06.333434,XGBoost
7691-XVTZH,6.369889e-05,Low,0.00572971530018549,2026-03-30 19:32:06.333434,XGBoost
7693-LCKZL,0.99982846,High,80.13625089526177,2026-03-30 19:32:06.333434,XGBoost
7693-QPEFS,0.20872633,Low,15.22658588960767,2026-03-30 19:32:06.333434,XGBoost
7694-VLBWQ,0.5698407,Medium,59.320419913530344,2026-03-30 19:32:06.333434,XGBoost
7695-PKLCZ,0.00055912655,Low,0.011462094291346148,2026-03-30 19:32:06.333434,XGBoost
7696-AMHOD,0.0005809958,Low,0.04531767312437296,2026-03-30 19:32:06.333434,XGBoost
7696-CFTAT,1.3037605e-05,Low,0.0002581445736723254,2026-03-30 19:32:06.333434,XGBoost
7698-YFGEZ,0.0015942127,Low,0.031884254422038794,2026-03-30 19:32:06.333434,XGBoost
7703-ZEKEF,0.9551384,High,77.3662092089653,2026-03-30 19:32:06.333434,XGBoost
7706-DZNKK,2.8472072e-05,Low,0.0005822538681059086,2026-03-30 19:32:06.333434,XGBoost
7706-YLMQA,0.0011877851,Low,0.023399365739896892,2026-03-30 19:32:06.333434,XGBoost
7707-PYBBH,0.00015154252,Low,0.009380482278356793,2026-03-30 19:32:06.333434,XGBoost
7710-JSYOA,7.660069e-06,Low,0.0007146844432099897,2026-03-30 19:32:06.333434,XGBoost
7711-GQBZC,2.6193315e-05,Low,0.0006469748712333967,2026-03-30 19:32:06.333434,XGBoost
7711-YIJWC,0.0011810721,Low,0.10027302042581142,2026-03-30 19:32:06.333434,XGBoost
7714-YXSMB,0.00059231377,Low,0.05952753339079209,2026-03-30 19:32:06.333434,XGBoost
7716-YTYHG,0.99863017,High,81.937605124712,2026-03-30 19:32:06.333434,XGBoost
7717-BICXI,1.6357664e-05,Low,0.00033614999947531035,2026-03-30 19:32:06.333434,XGBoost
7718-RXDGG,0.00044655195,Low,0.03063346343114972,2026-03-30 19:32:06.333434,XGBoost
7718-UPSKJ,0.0053460672,Low,0.5688215553760528,2026-03-30 19:32:06.333434,XGBoost
7721-DVEKZ,0.14816779,Low,2.91149705350399,2026-03-30 19:32:06.333434,XGBoost
7721-JXEAW,0.75284606,High,30.90433085262775,2026-03-30 19:32:06.333434,XGBoost
7722-CVFXN,0.04072691,Low,4.284471066296101,2026-03-30 19:32:06.333434,XGBoost
7722-VJRQD,7.792258e-05,Low,0.004749381318833912,2026-03-30 19:32:06.333434,XGBoost
7727-SHVZV,0.00023630855,Low,0.0046080167521722615,2026-03-30 19:32:06.333434,XGBoost
7729-JTEEC,0.0012139961,Low,0.054022825963329524,2026-03-30 19:32:06.333434,XGBoost
7729-XBTWX,4.845577e-05,Low,0.0009570014835844631,2026-03-30 19:32:06.333434,XGBoost
7730-CLDSV,0.00038799696,Low,0.038275900008738976,2026-03-30 19:32:06.333434,XGBoost
7730-IUTDZ,0.89957184,High,67.64780206680298,2026-03-30 19:32:06.333434,XGBoost
7733-UDMTP,0.17529751,Low,9.641363248229027,2026-03-30 19:32:06.333434,XGBoost
7734-DBOAI,0.99992955,High,40.097174847126006,2026-03-30 19:32:06.333434,XGBoost
7739-LAXOG,0.686694,Medium,62.523491066694255,2026-03-30 19:32:06.333434,XGBoost
7740-BTPUX,8.860507e-06,Low,0.001006553546176292,2026-03-30 19:32:06.333434,XGBoost
7740-KKCXF,3.1927233e-05,Low,0.000959413353666605,2026-03-30 19:32:06.333434,XGBoost
7742-MYPGI,8.1748585e-05,Low,0.00398933095857501,2026-03-30 19:32:06.333434,XGBoost
7743-EXURX,0.18829304,Low,9.6123596817255,2026-03-30 19:32:06.333434,XGBoost
7746-AWNQW,0.070685536,Low,2.5270079001784325,2026-03-30 19:32:06.333434,XGBoost
7746-QYVCO,0.0014225628,Low,0.07945012974669226,2026-03-30 19:32:06.333434,XGBoost
7748-UMTRK,0.0015203267,Low,0.15400909575400873,2026-03-30 19:32:06.333434,XGBoost
7750-EYXWZ,0.00035626467,Low,0.021607452498574275,2026-03-30 19:32:06.333434,XGBoost
7752-XUSCI,0.99982363,High,105.88132240176202,2026-03-30 19:32:06.333434,XGBoost
7753-USQYQ,5.4129112e-05,Low,0.0034750889877614103,2026-03-30 19:32:06.333434,XGBoost
7754-IXRMC,0.00047290922,Low,0.021446433033270297,2026-03-30 19:32:06.333434,XGBoost
7758-UJWYS,0.00010337817,Low,0.004191984646968194,2026-03-30 19:32:06.333434,XGBoost
7758-XKCBS,0.9987544,High,29.66300514936447,2026-03-30 19:32:06.333434,XGBoost
7760-OYPDY,0.99900717,High,80.5699278920889,2026-03-30 19:32:06.333434,XGBoost
7762-ONLJY,3.8050093e-05,Low,0.0007495868376281578,2026-03-30 19:32:06.333434,XGBoost
7762-URZQH,0.99989223,High,106.03857150077819,2026-03-30 19:32:06.333434,XGBoost
7764-BDPEE,0.0001606576,Low,0.0033497108976007443,2026-03-30 19:32:06.333434,XGBoost
7765-LWVVH,2.850834e-05,Low,0.0027111431929370154,2026-03-30 19:32:06.333434,XGBoost
7766-CLTIC,0.00023705687,Low,0.014448616170557217,2026-03-30 19:32:06.333434,XGBoost
7767-UXAGJ,0.7569294,High,38.187088108062746,2026-03-30 19:32:06.333434,XGBoost
7771-CFQRQ,7.2284594e-05,Low,0.004611757119710091,2026-03-30 19:32:06.333434,XGBoost
7771-ZONAT,0.0001888511,Low,0.010717300112446537,2026-03-30 19:32:06.333434,XGBoost
7774-OJSXI,0.8390623,High,86.80099219381809,2026-03-30 19:32:06.333434,XGBoost
7776-QGYJC,0.00046406442,Low,0.037821250094566494,2026-03-30 19:32:06.333434,XGBoost
7776-QWNFX,0.99946743,High,50.373158597946166,2026-03-30 19:32:06.333434,XGBoost
7777-UNYHB,0.00015735882,Low,0.0031629123492166403,2026-03-30 19:32:06.333434,XGBoost
7779-LGOVN,0.9997291,High,86.62652624547482,2026-03-30 19:32:06.333434,XGBoost
7779-ORAEL,5.0479675e-06,Low,0.000379354760161732,2026-03-30 19:32:06.333434,XGBoost
7780-OTDSO,0.9994537,High,99.34570010900498,2026-03-30 19:32:06.333434,XGBoost
7781-EWARA,3.922088e-05,Low,0.002366980019542098,2026-03-30 19:32:06.333434,XGBoost
7781-HVGMK,8.050409e-05,Low,0.005248866725014523,2026-03-30 19:32:06.333434,XGBoost
7783-YKGDV,0.94113034,High,93.83069490790368,2026-03-30 19:32:06.333434,XGBoost
7785-RDVIG,0.00044307398,Low,0.008551327796885744,2026-03-30 19:32:06.333434,XGBoost
7786-WBJYI,0.9998528,High,77.9385239303112,2026-03-30 19:32:06.333434,XGBoost
7787-BNTZM,0.06097752,Low,1.2286969989538192,2026-03-30 19:32:06.333434,XGBoost
7789-CRUVC,0.8259202,High,77.80168511867524,2026-03-30 19:32:06.333434,XGBoost
7789-HKSBS,0.0003100005,Low,0.03261205237358809,2026-03-30 19:32:06.333434,XGBoost
7794-JASDG,0.6610824,Medium,33.54993113875389,2026-03-30 19:32:06.333434,XGBoost
7795-CFOCW,0.0679283,Low,2.8733670607209203,2026-03-30 19:32:06.333434,XGBoost
7797-EJMDP,0.00014769024,Low,0.00975494034064468,2026-03-30 19:32:06.333434,XGBoost
7798-JVXYM,0.30750632,Low,21.417815387248993,2026-03-30 19:32:06.333434,XGBoost
7799-DSEWS,4.5375233e-05,Low,0.0031013971571155706,2026-03-30 19:32:06.333434,XGBoost
7799-LGRDP,0.002246702,Low,0.05774024371057749,2026-03-30 19:32:06.333434,XGBoost
7801-CEDNV,4.8917395e-06,Low,0.00023822771540835675,2026-03-30 19:32:06.333434,XGBoost
7801-KICAO,0.10415394,Low,7.723014546558262,2026-03-30 19:32:06.333434,XGBoost
7802-EFKNY,0.95450443,High,23.81488553583622,2026-03-30 19:32:06.333434,XGBoost
7803-XOCCZ,1.9180485e-05,Low,0.0016121197425491118,2026-03-30 19:32:06.333434,XGBoost
7808-DVWEP,0.00045498638,Low,0.009099727612920105,2026-03-30 19:32:06.333434,XGBoost
7811-JIVPF,0.0001871655,Low,0.009302125188696664,2026-03-30 19:32:06.333434,XGBoost
7812-FZHPE,0.9960218,High,24.004125553369523,2026-03-30 19:32:06.333434,XGBoost
7813-TKCVO,0.00020091546,Low,0.004088629528268939,2026-03-30 19:32:06.333434,XGBoost
7813-ZGGAW,0.0008332037,Low,0.08048747983993962,2026-03-30 19:32:06.333434,XGBoost
7814-LEEVE,0.0021334135,Low,0.04330829305108637,2026-03-30 19:32:06.333434,XGBoost
7815-PDTHL,1.5397027e-05,Low,0.00031101994136406574,2026-03-30 19:32:06.333434,XGBoost
7816-VGHTO,5.5084547e-05,Low,0.002233678383163351,2026-03-30 19:32:06.333434,XGBoost
7817-BOQPW,0.97457355,High,73.62903189957142,2026-03-30 19:32:06.333434,XGBoost
7817-OMJNA,0.00019887797,Low,0.004057110578287393,2026-03-30 19:32:06.333434,XGBoost
7820-ZYGNY,2.9851157e-05,Low,0.0027000371322174034,2026-03-30 19:32:06.333434,XGBoost
7821-DPRQE,0.00039550508,Low,0.042595896890270525,2026-03-30 19:32:06.333434,XGBoost
7823-JSOAG,0.00065373676,Low,0.04870338854379952,2026-03-30 19:32:06.333434,XGBoost
7824-PANSQ,1.37835705e-05,Low,0.0011116449581095368,2026-03-30 19:32:06.333434,XGBoost
7825-ECJRF,0.016205767,Low,1.727534780278802,2026-03-30 19:32:06.333434,XGBoost
7825-GKXMW,0.9863258,High,45.1737216591835,2026-03-30 19:32:06.333434,XGBoost
7826-VVKWT,0.017005114,Low,1.6418437455780803,2026-03-30 19:32:06.333434,XGBoost
7831-QGOXH,0.5856901,Medium,49.90079491138459,2026-03-30 19:32:06.333434,XGBoost
7833-PKIHD,2.6539368e-05,Low,0.0020276077353628356,2026-03-30 19:32:06.333434,XGBoost
7838-LAZFO,0.00025725062,Low,0.02027134886011481,2026-03-30 19:32:06.333434,XGBoost
7839-NUIAA,5.2915428e-05,Low,0.003164342574018519,2026-03-30 19:32:06.333434,XGBoost
7839-QRKXN,0.8874974,High,17.927447986602782,2026-03-30 19:32:06.333434,XGBoost
7841-FCRQD,0.00014292393,Low,0.0076821614857180975,2026-03-30 19:32:06.333434,XGBoost
7841-TZDMQ,0.8083462,High,37.1839257478714,2026-03-30 19:32:06.333434,XGBoost
7845-URHJN,0.99929595,High,20.135813391208647,2026-03-30 19:32:06.333434,XGBoost
7850-THJMU,4.8248923e-05,Low,0.0009480913393417722,2026-03-30 19:32:06.333434,XGBoost
7850-VWJUU,0.00016233933,Low,0.012175449955975637,2026-03-30 19:32:06.333434,XGBoost
7851-FLGGQ,0.93754125,High,41.86121665239334,2026-03-30 19:32:06.333434,XGBoost
7851-WZEKY,0.99979824,High,95.13080237209797,2026-03-30 19:32:06.333434,XGBoost
7852-LECYP,3.756853e-05,Low,0.0035239281503891104,2026-03-30 19:32:06.333434,XGBoost
7853-GVUDZ,0.94359857,High,19.013511154055593,2026-03-30 19:32:06.333434,XGBoost
7853-OETYL,0.00010219884,Low,0.0029688763832382394,2026-03-30 19:32:06.333434,XGBoost
7853-WNZSY,0.00021771374,Low,0.0042998462813557126,2026-03-30 19:32:06.333434,XGBoost
7854-EDSSA,0.85489756,High,50.43895596265793,2026-03-30 19:32:06.333434,XGBoost
7854-EKTJL,0.860343,High,16.862722396850586,2026-03-30 19:32:06.333434,XGBoost
7854-FOKSF,0.99961025,High,35.88600780367851,2026-03-30 19:32:06.333434,XGBoost
7855-DIWPO,0.0009739803,Low,0.06686374702840113,2026-03-30 19:32:06.333434,XGBoost
7856-GANIL,0.106272936,Low,10.489138770103455,2026-03-30 19:32:06.333434,XGBoost
7858-GTZSP,0.32471168,Low,28.103795939683913,2026-03-30 19:32:06.333434,XGBoost
7860-KSUGX,0.0073774694,Low,0.47547790582757443,2026-03-30 19:32:06.333434,XGBoost
7860-UXCRM,1.5184494e-05,Low,0.0011312448223179672,2026-03-30 19:32:06.333434,XGBoost
7861-UVUFT,0.9996026,High,84.26650051474572,2026-03-30 19:32:06.333434,XGBoost
7868-BGSZA,3.6959627e-05,Low,0.0029641621113114525,2026-03-30 19:32:06.333434,XGBoost
7868-TMWMZ,3.843748e-05,Low,0.004228122779750265,2026-03-30 19:32:06.333434,XGBoost
7869-ZYDST,9.774427e-06,Low,0.000577179906758829,2026-03-30 19:32:06.333434,XGBoost
7872-BAAZR,8.215527e-05,Low,0.0016061354814155494,2026-03-30 19:32:06.333434,XGBoost
7872-RDDLZ,9.400532e-05,Low,0.005160892147250706,2026-03-30 19:32:06.333434,XGBoost
7873-CVMAW,6.8968555e-05,Low,0.006107165531284408,2026-03-30 19:32:06.333434,XGBoost
7874-ECPQJ,9.11209e-05,Low,0.001826974025243544,2026-03-30 19:32:06.333434,XGBoost
7876-AEHIG,7.5436306e-05,Low,0.004537493827592698,2026-03-30 19:32:06.333434,XGBoost
7876-BEUTG,6.053953e-05,Low,0.002954329011845402,2026-03-30 19:32:06.333434,XGBoost
7876-DNYAP,7.530862e-06,Low,0.00014911107055013418,2026-03-30 19:32:06.333434,XGBoost
7878-JGDKK,0.00026827405,Low,0.011951608708477578,2026-03-30 19:32:06.333434,XGBoost
7878-RTCZG,0.07500874,Low,1.4926739759743213,2026-03-30 19:32:06.333434,XGBoost
7879-CGSFV,9.756783e-05,Low,0.009844593718298711,2026-03-30 19:32:06.333434,XGBoost
7880-XSOJX,0.20700888,Low,8.777176654338836,2026-03-30 19:32:06.333434,XGBoost
7881-EVUAD,0.8981662,High,38.261879253387455,2026-03-30 19:32:06.333434,XGBoost
7881-INRLC,0.7850735,High,79.17466436624527,2026-03-30 19:32:06.333434,XGBoost
7883-ROJOC,0.081737235,Low,3.67000185996294,2026-03-30 19:32:06.333434,XGBoost
7890-VYYWG,0.999926,High,36.44730164408684,2026-03-30 19:32:06.333434,XGBoost
7892-POOKP,0.9995747,High,104.75543074607849,2026-03-30 19:32:06.333434,XGBoost
7892-QVYKW,0.00026659147,Low,0.0228202294325456,2026-03-30 19:32:06.333434,XGBoost
7893-IXHRQ,0.9999325,High,20.548613440990447,2026-03-30 19:32:06.333434,XGBoost
7895-VONWT,5.642272e-05,Low,0.002722396208810096,2026-03-30 19:32:06.333434,XGBoost
7898-PDWQE,0.00012704413,Low,0.010214347892906518,2026-03-30 19:32:06.333434,XGBoost
7901-HXJVA,0.00037905812,Low,0.028978993653436192,2026-03-30 19:32:06.333434,XGBoost
7901-IIDQV,3.341511e-05,Low,0.0018244649072585162,2026-03-30 19:32:06.333434,XGBoost
7901-TBKJX,0.1833692,Low,18.52945810481906,2026-03-30 19:32:06.333434,XGBoost
7903-CMPEY,0.9999428,High,80.29540519714355,2026-03-30 19:32:06.333434,XGBoost
7905-NJMXS,0.1564499,Low,10.044083520770073,2026-03-30 19:32:06.333434,XGBoost
7905-TVXTA,0.00027646165,Low,0.017790307247196324,2026-03-30 19:32:06.333434,XGBoost
7908-QCBCA,0.98648083,High,68.46176974773408,2026-03-30 19:32:06.333434,XGBoost
7909-FIOIY,4.7287827e-05,Low,0.0011751025091143676,2026-03-30 19:32:06.333434,XGBoost
7912-SYRQT,0.999445,High,75.05832108855247,2026-03-30 19:32:06.333434,XGBoost
7916-VCCPB,5.9416067e-05,Low,0.0043522268715605605,2026-03-30 19:32:06.333434,XGBoost
7919-ZODZZ,0.17430197,Low,11.48649962693453,2026-03-30 19:32:06.333434,XGBoost
7921-BEPCI,7.309776e-05,Low,0.004367591318441555,2026-03-30 19:32:06.333434,XGBoost
7921-LMDFQ,0.025991311,Low,2.44318326190114,2026-03-30 19:32:06.333434,XGBoost
7923-IYJWY,0.00020515942,Low,0.023819008679129183,2026-03-30 19:32:06.333434,XGBoost
7924-GJZFI,0.0003828908,Low,0.026534333021845668,2026-03-30 19:32:06.333434,XGBoost
7925-PNRGI,0.012712453,Low,1.03352239318192,2026-03-30 19:32:06.333434,XGBoost
7926-IJOOU,0.0005298756,Low,0.010226598527515307,2026-03-30 19:32:06.333434,XGBoost
7927-AUXBZ,0.46144405,Medium,39.291960863769056,2026-03-30 19:32:06.333434,XGBoost
7928-VJYAB,0.5305569,Medium,48.068456697463986,2026-03-30 19:32:06.333434,XGBoost
7929-DMBCV,0.0002447706,Low,0.019826419127639383,2026-03-30 19:32:06.333434,XGBoost
7929-SKFGK,0.0005193816,Low,0.0593653172487393,2026-03-30 19:32:06.333434,XGBoost
7931-PXHFC,0.9992218,High,62.25151824951172,2026-03-30 19:32:06.333434,XGBoost
7932-WPTDS,0.9912544,High,24.583108854293823,2026-03-30 19:32:06.333434,XGBoost
7938-OUHIO,0.95745426,High,94.50073587298394,2026-03-30 19:32:06.333434,XGBoost
7940-UQQUG,7.1399054e-06,Low,0.0007454061229509535,2026-03-30 19:32:06.333434,XGBoost
7941-RCJOW,0.0017376993,Low,0.03397202056949027,2026-03-30 19:32:06.333434,XGBoost
7943-RQCHR,0.99980396,High,94.73142524063587,2026-03-30 19:32:06.333434,XGBoost
7945-HLKEA,2.8553863e-05,Low,0.0018488626064936398,2026-03-30 19:32:06.333434,XGBoost
7945-PRBVF,0.004013485,Low,0.08608924916479736,2026-03-30 19:32:06.333434,XGBoost
7950-XWOVN,0.057959236,Low,2.011185496300459,2026-03-30 19:32:06.333434,XGBoost
7951-QKZPL,0.62347275,Medium,15.275082379579544,2026-03-30 19:32:06.333434,XGBoost
7951-VRDVK,0.00033746104,Low,0.028971030174579936,2026-03-30 19:32:06.333434,XGBoost
7952-OBOYL,0.0002533341,Low,0.022762067850271704,2026-03-30 19:32:06.333434,XGBoost
7954-MLBUN,0.0007397781,Low,0.07357093214232009,2026-03-30 19:32:06.333434,XGBoost
7956-XQWGU,7.6379045e-05,Low,0.0014817534713074563,2026-03-30 19:32:06.333434,XGBoost
7957-RYHQD,0.9988341,High,79.10765862464905,2026-03-30 19:32:06.333434,XGBoost
7963-GQRMY,0.9979777,High,44.21041095852851,2026-03-30 19:32:06.333434,XGBoost
7963-SHNDT,2.6512074e-05,Low,0.00103662210622133,2026-03-30 19:32:06.333434,XGBoost
7964-VEXDG,2.6272719e-05,Low,0.0021110129691805923,2026-03-30 19:32:06.333434,XGBoost
7964-YESJC,0.00035931094,Low,0.023822315532015637,2026-03-30 19:32:06.333434,XGBoost
7964-ZRKKG,0.00012034182,Low,0.010638217016821728,2026-03-30 19:32:06.333434,XGBoost
7966-YOTQW,0.00019124431,Low,0.010422814964840654,2026-03-30 19:32:06.333434,XGBoost
7967-HYCDE,6.205162e-05,Low,0.004387049681099597,2026-03-30 19:32:06.333434,XGBoost
7968-QUXNS,0.25769597,Low,4.883338686823845,2026-03-30 19:32:06.333434,XGBoost
7969-AULMZ,0.9995383,High,97.30505374073982,2026-03-30 19:32:06.333434,XGBoost
7969-FFOWG,0.0002219012,Low,0.004415833778330124,2026-03-30 19:32:06.333434,XGBoost
7971-HLVXI,7.987017e-06,Low,0.0006749029316779342,2026-03-30 19:32:06.333434,XGBoost
7973-DZRKH,0.0020565952,Low,0.18704733079066502,2026-03-30 19:32:06.333434,XGBoost
7975-JMZNT,8.468982e-05,Low,0.007766056340187788,2026-03-30 19:32:06.333434,XGBoost
7975-TZMLR,0.00014368177,Low,0.014813590410631149,2026-03-30 19:32:06.333434,XGBoost
7976-CICYS,0.014725791,Low,0.3048238797113299,2026-03-30 19:32:06.333434,XGBoost
7977-HXJKU,0.00012646035,Low,0.0024786228372249753,2026-03-30 19:32:06.333434,XGBoost
7978-DKUQH,0.0008587664,Low,0.06406397165264933,2026-03-30 19:32:06.333434,XGBoost
7979-CORPM,0.12195731,Low,11.043234379217028,2026-03-30 19:32:06.333434,XGBoost
7980-MHFLQ,0.0012475336,Low,0.03106358656659722,2026-03-30 19:32:06.333434,XGBoost
7982-VCELR,0.0015453325,Low,0.14649751991964877,2026-03-30 19:32:06.333434,XGBoost
7989-AWGEH,0.00017303109,Low,0.006782818748615683,2026-03-30 19:32:06.333434,XGBoost
7989-CHGTL,0.99799526,High,19.560707044601443,2026-03-30 19:32:06.333434,XGBoost
7989-VCQOH,0.00013505174,Low,0.011243057469982887,2026-03-30 19:32:06.333434,XGBoost
7993-NQLJE,0.000100897116,Low,0.00757737339445157,2026-03-30 19:32:06.333434,XGBoost
7993-PYKOF,0.8565229,High,64.23921883106232,2026-03-30 19:32:06.333434,XGBoost
7994-UYIVZ,0.39471576,Low,33.80740451663733,2026-03-30 19:32:06.333434,XGBoost
7994-XIRTR,0.012153352,Low,0.7930061970837414,2026-03-30 19:32:06.333434,XGBoost
7995-ZHHNZ,0.07041395,Low,3.950222432613373,2026-03-30 19:32:06.333434,XGBoost
7996-BPXHY,7.350809e-05,Low,0.0018377022570348345,2026-03-30 19:32:06.333434,XGBoost
7996-MHXLW,2.099633e-05,Low,0.0005280576771838241,2026-03-30 19:32:06.333434,XGBoost
7997-EASSD,4.9262282e-05,Low,0.004000097308016848,2026-03-30 19:32:06.333434,XGBoost
7998-WNZEM,1.3840552e-05,Low,0.0011155485015478916,2026-03-30 19:32:06.333434,XGBoost
7998-ZLXWN,0.15638015,Low,3.197974000871181,2026-03-30 19:32:06.333434,XGBoost
8000-REIQB,0.9994741,High,69.91321386992932,2026-03-30 19:32:06.333434,XGBoost
8003-EWNDZ,0.001801623,Low,0.038194408267736436,2026-03-30 19:32:06.333434,XGBoost
8006-PYCSW,0.09782478,Low,1.9662781208753588,2026-03-30 19:32:06.333434,XGBoost
8007-YYPWD,0.0001632029,Low,0.004088232685171534,2026-03-30 19:32:06.333434,XGBoost
8008-ESFLK,0.00018862652,Low,0.020843230857281014,2026-03-30 19:32:06.333434,XGBoost
8008-HAWED,0.9995005,High,50.7246510386467,2026-03-30 19:32:06.333434,XGBoost
8008-OTEZX,2.6824328e-05,Low,0.0005270980354907806,2026-03-30 19:32:06.333434,XGBoost
8010-EZLOU,0.7745366,High,62.11783609390259,2026-03-30 19:32:06.333434,XGBoost
8012-SOUDQ,0.00015015979,Low,0.013551920790632721,2026-03-30 19:32:06.333434,XGBoost
8015-IHCGW,0.0020937757,Low,0.24183108913712204,2026-03-30 19:32:06.333434,XGBoost
8016-NCFVO,5.677408e-05,Low,0.006614180201722775,2026-03-30 19:32:06.333434,XGBoost
8016-ZMGMO,2.4263816e-05,Low,0.001719091374798154,2026-03-30 19:32:06.333434,XGBoost
8017-LXHFA,0.99903995,High,94.65903507173061,2026-03-30 19:32:06.333434,XGBoost
8017-UVSZU,0.17396745,Low,9.846557718515397,2026-03-30 19:32:06.333434,XGBoost
8019-ENHXU,0.9999292,High,99.44295791387559,2026-03-30 19:32:06.333434,XGBoost
8020-BWHYL,0.9996699,High,75.2751441836357,2026-03-30 19:32:06.333434,XGBoost
8022-BECSI,4.3717315e-05,Low,0.0008568593708332628,2026-03-30 19:32:06.333434,XGBoost
8023-QHAIO,0.029956894,Low,2.302187303546816,2026-03-30 19:32:06.333434,XGBoost
8024-XNAFQ,5.7093104e-05,Low,0.00613179939755355,2026-03-30 19:32:06.333434,XGBoost
8028-PNXHQ,0.00026123715,Low,0.006335000798571855,2026-03-30 19:32:06.333434,XGBoost
8029-XYPWT,3.633532e-05,Low,0.004180378687487973,2026-03-30 19:32:06.333434,XGBoost
8033-ATFAS,3.373362e-05,Low,0.0020189571876471748,2026-03-30 19:32:06.333434,XGBoost
8033-VCZGH,0.00045215033,Low,0.04700102667702595,2026-03-30 19:32:06.333434,XGBoost
8034-RYTVV,8.117467e-05,Low,0.006838966135546798,2026-03-30 19:32:06.333434,XGBoost
8035-BUYVG,0.84702647,High,35.87157089114189,2026-03-30 19:32:06.333434,XGBoost
8035-PWSEV,0.21478972,Low,19.169982366263866,2026-03-30 19:32:06.333434,XGBoost
8039-ACLPL,0.0003699693,Low,0.025435388670302927,2026-03-30 19:32:06.333434,XGBoost
8039-EQPIM,1.9879288e-05,Low,0.0011977270851275534,2026-03-30 19:32:06.333434,XGBoost
8040-MNRTF,0.0011724517,Low,0.08336131243268027,2026-03-30 19:32:06.333434,XGBoost
8041-TMEID,0.00012381098,Low,0.013433491709292866,2026-03-30 19:32:06.333434,XGBoost
8042-JVNFH,0.9999243,High,71.344598954916,2026-03-30 19:32:06.333434,XGBoost
8042-RNLKO,7.163633e-05,Low,0.0018231445566925686,2026-03-30 19:32:06.333434,XGBoost
8043-PNYSD,6.8014786e-05,Low,0.0013296890650963179,2026-03-30 19:32:06.333434,XGBoost
8044-BGWPI,0.00046391404,Low,0.009811781921598595,2026-03-30 19:32:06.333434,XGBoost
8046-DNVTL,0.00014328405,Low,0.005530764363356866,2026-03-30 19:32:06.333434,XGBoost
8048-DSDFQ,0.00025438282,Low,0.005138532881392166,2026-03-30 19:32:06.333434,XGBoost
8049-WJCLQ,8.4789775e-05,Low,0.005104344480787404,2026-03-30 19:32:06.333434,XGBoost
8050-DVOJX,0.002895265,Low,0.23552979850210248,2026-03-30 19:32:06.333434,XGBoost
8050-WYBND,3.1526557e-05,Low,0.0015589882434142055,2026-03-30 19:32:06.333434,XGBoost
8050-XGRVL,0.00015148633,Low,0.0082938763043785,2026-03-30 19:32:06.333434,XGBoost
8051-HJRLT,0.99943787,High,70.51034162938595,2026-03-30 19:32:06.333434,XGBoost
8053-WWDRO,0.9183301,High,17.907436430454254,2026-03-30 19:32:06.333434,XGBoost
8058-DMYRU,0.00019549175,Low,0.017604032393865054,2026-03-30 19:32:06.333434,XGBoost
8058-INTPH,0.98260164,High,78.26422083377838,2026-03-30 19:32:06.333434,XGBoost
8058-JMEQO,0.99806494,High,84.28658377826214,2026-03-30 19:32:06.333434,XGBoost
8059-UDZFY,0.000402676,Low,0.04242191657831426,2026-03-30 19:32:06.333434,XGBoost
8060-HIWJJ,6.499736e-05,Low,0.005625521421825396,2026-03-30 19:32:06.333434,XGBoost
8062-YBDOE,0.97383976,High,67.82793927192688,2026-03-30 19:32:06.333434,XGBoost
8063-GBATB,0.94291973,High,80.38390707969666,2026-03-30 19:32:06.333434,XGBoost
8063-RJYNF,0.83423984,High,78.62710496783257,2026-03-30 19:32:06.333434,XGBoost
8064-RAVOH,0.0016995658,Low,0.08472335480037145,2026-03-30 19:32:06.333434,XGBoost
8065-BVEPF,1.9542931e-05,Low,0.0019367044733371583,2026-03-30 19:32:06.333434,XGBoost
8065-QBYTO,0.00011032255,Low,0.010993642240646296,2026-03-30 19:32:06.333434,XGBoost
8065-YKXKD,0.90173393,High,67.4046116322279,2026-03-30 19:32:06.333434,XGBoost
8066-POXGX,0.17659573,Low,6.198510213196278,2026-03-30 19:32:06.333434,XGBoost
8067-NIOYM,4.2645355e-05,Low,0.0008998169963888359,2026-03-30 19:32:06.333434,XGBoost
8069-RHUXK,7.925246e-05,Low,0.002829312779795146,2026-03-30 19:32:06.333434,XGBoost
8069-YQQAJ,6.965503e-05,Low,0.0021662713363184596,2026-03-30 19:32:06.333434,XGBoost
8070-AAWZP,6.119817e-05,Low,0.0020960372130502947,2026-03-30 19:32:06.333434,XGBoost
8071-SBTRN,0.00055509567,Low,0.06169888375152369,2026-03-30 19:32:06.333434,XGBoost
8073-IJDCM,0.87346905,High,17.731421810388564,2026-03-30 19:32:06.333434,XGBoost
8075-GXIUB,0.00035322015,Low,0.0070114200119860475,2026-03-30 19:32:06.333434,XGBoost
8076-FEZKJ,0.023722695,Low,0.4625925561413169,2026-03-30 19:32:06.333434,XGBoost
8079-XRJRS,0.7813092,High,70.12249957025051,2026-03-30 19:32:06.333434,XGBoost
8080-DDEMJ,0.9239763,High,41.671331226825714,2026-03-30 19:32:06.333434,XGBoost
8080-POTJR,0.029517453,Low,2.3407340358942745,2026-03-30 19:32:06.333434,XGBoost
8082-GHXOP,0.00015541523,Low,0.0068382699391804636,2026-03-30 19:32:06.333434,XGBoost
8083-YTZES,0.8916884,High,66.29703302085399,2026-03-30 19:32:06.333434,XGBoost
8084-OIVBS,8.065654e-05,Low,0.0016131307347677648,2026-03-30 19:32:06.333434,XGBoost
8085-MSNLK,0.011082221,Low,1.26281906273216,2026-03-30 19:32:06.333434,XGBoost
8086-OVPWV,0.9998523,High,80.18815443515778,2026-03-30 19:32:06.333434,XGBoost
8087-LGYHQ,0.00013709151,Low,0.012893456745223375,2026-03-30 19:32:06.333434,XGBoost
8089-UZWLX,0.05069629,Low,5.274949081614613,2026-03-30 19:32:06.333434,XGBoost
8091-TTVAX,0.2536359,Low,25.45236388295889,2026-03-30 19:32:06.333434,XGBoost
8092-NLTGF,5.286489e-05,Low,0.001308405999225215,2026-03-30 19:32:06.333434,XGBoost
8095-WANWK,0.0008827623,Low,0.03994499451073352,2026-03-30 19:32:06.333434,XGBoost
8096-LOIST,0.000114322575,Low,0.006424928687920328,2026-03-30 19:32:06.333434,XGBoost
8097-OMULG,8.271367e-06,Low,0.0006348274037009105,2026-03-30 19:32:06.333434,XGBoost
8097-VBQTZ,0.007022185,Low,0.49085071650333706,2026-03-30 19:32:06.333434,XGBoost
8098-LLAZX,0.99983716,High,95.4344569325447,2026-03-30 19:32:06.333434,XGBoost
8098-TDCBU,3.3805405e-05,Low,0.0008535864790246706,2026-03-30 19:32:06.333434,XGBoost
8099-MZPUJ,8.559772e-06,Low,0.0009569825253493035,2026-03-30 19:32:06.333434,XGBoost
8100-HZZLJ,0.00030207384,Low,0.019317621862865054,2026-03-30 19:32:06.333434,XGBoost
8100-PNJMH,9.6956166e-05,Low,0.008614555357053176,2026-03-30 19:32:06.333434,XGBoost
8104-OSKWT,3.167005e-05,Low,0.0025272699735069183,2026-03-30 19:32:06.333434,XGBoost
8106-GWQOK,0.00031700247,Low,0.019020148320123553,2026-03-30 19:32:06.333434,XGBoost
8107-KNCIM,0.36518458,Low,27.42536160647869,2026-03-30 19:32:06.333434,XGBoost
8107-RZLNV,0.00014382489,Low,0.015288585524831432,2026-03-30 19:32:06.333434,XGBoost
8108-UXRQN,0.00021021515,Low,0.010626375751598971,2026-03-30 19:32:06.333434,XGBoost
8109-YUOHE,0.0015176524,Low,0.08514030062360689,2026-03-30 19:32:06.333434,XGBoost
8111-BKVDS,0.0007101403,Low,0.028902709129033612,2026-03-30 19:32:06.333434,XGBoost
8111-RKSPX,0.9999279,High,72.19479281902314,2026-03-30 19:32:06.333434,XGBoost
8111-SLLHI,0.99967253,High,105.61540301442147,2026-03-30 19:32:06.333434,XGBoost
8118-LSUEL,0.4760207,Medium,50.64860181808472,2026-03-30 19:32:06.333434,XGBoost
8118-TJAFG,0.00024804674,Low,0.025176743845804594,2026-03-30 19:32:06.333434,XGBoost
8120-JDCAM,0.0001450985,Low,0.010091600679879775,2026-03-30 19:32:06.333434,XGBoost
8123-QBNAZ,0.0002899598,Low,0.030300799509859644,2026-03-30 19:32:06.333434,XGBoost
8124-NZVGJ,0.00011785119,Low,0.00580417102901265,2026-03-30 19:32:06.333434,XGBoost
8125-QPFJD,0.017298507,Low,1.4686432080343366,2026-03-30 19:32:06.333434,XGBoost
8128-YVJRG,0.9996433,High,79.62159090042115,2026-03-30 19:32:06.333434,XGBoost
8129-GMVGI,9.1616486e-05,Low,0.0018369105506280904,2026-03-30 19:32:06.333434,XGBoost
8132-YPVBX,0.19864953,Low,17.07392672896385,2026-03-30 19:32:06.333434,XGBoost
8133-ANHHJ,0.117922254,Low,12.145992152392864,2026-03-30 19:32:06.333434,XGBoost
8138-EALND,0.00017173079,Low,0.003391683094378095,2026-03-30 19:32:06.333434,XGBoost
8143-ETQTI,0.00090379163,Low,0.017759505560388786,2026-03-30 19:32:06.333434,XGBoost
8144-DGHXP,0.00017042791,Low,0.013736489784787408,2026-03-30 19:32:06.333434,XGBoost
8146-QQKZH,0.0020288522,Low,0.16606155547779053,2026-03-30 19:32:06.333434,XGBoost
8148-BPLZQ,0.00022943385,Low,0.011425805644830688,2026-03-30 19:32:06.333434,XGBoost
8148-NLEGT,5.8233923e-05,Low,0.0013364685439228197,2026-03-30 19:32:06.333434,XGBoost
8148-WOCMK,0.0015167876,Low,0.02972903633490205,2026-03-30 19:32:06.333434,XGBoost
8149-AIQCG,0.00014328705,Low,0.01048144760206924,2026-03-30 19:32:06.333434,XGBoost
8149-RSOUN,0.98097974,High,92.06494865715503,2026-03-30 19:32:06.333434,XGBoost
8150-QUDFX,0.00013847112,Low,0.002748651758156484,2026-03-30 19:32:06.333434,XGBoost
8152-UOBNY,0.00020461458,Low,0.021852837345795705,2026-03-30 19:32:06.333434,XGBoost
8152-VETUR,0.025564257,Low,2.497627914324403,2026-03-30 19:32:06.333434,XGBoost
8155-IBNHG,0.84931105,High,64.0380534529686,2026-03-30 19:32:06.333434,XGBoost
8158-WPEZG,0.0022824404,Low,0.08136900131357834,2026-03-30 19:32:06.333434,XGBoost
8160-HOWOX,0.00040969616,Low,0.027388188552868085,2026-03-30 19:32:06.333434,XGBoost
8161-QYMTT,0.00024782334,Low,0.0233201759547228,2026-03-30 19:32:06.333434,XGBoost
8164-OCKUJ,4.7744346e-05,Low,0.0009835335353272968,2026-03-30 19:32:06.333434,XGBoost
8165-CBKXO,2.3429038e-06,Low,0.00013295979215399711,2026-03-30 19:32:06.333434,XGBoost
8165-ZJRNM,0.0005124591,Low,0.012170903210062534,2026-03-30 19:32:06.333434,XGBoost
8166-ORCHU,0.0013710206,Low,0.12825897409929893,2026-03-30 19:32:06.333434,XGBoost
8166-ZZTFS,0.99977905,High,80.53220212161541,2026-03-30 19:32:06.333434,XGBoost
8167-GJLRN,0.00028430833,Low,0.008642973378300667,2026-03-30 19:32:06.333434,XGBoost
8168-UQWWF,0.99785525,High,97.64013582766056,2026-03-30 19:32:06.333434,XGBoost
8169-SAEJD,5.387261e-05,Low,0.0030464960382232675,2026-03-30 19:32:06.333434,XGBoost
8173-RXAYP,6.2144594e-05,Low,0.0012242485070601105,2026-03-30 19:32:06.333434,XGBoost
8174-LNWMW,2.4840976e-05,Low,0.0005191763992115738,2026-03-30 19:32:06.333434,XGBoost
8174-TBVCF,0.042711552,Low,4.049055151641369,2026-03-30 19:32:06.333434,XGBoost
8178-EYZUO,0.7399544,High,69.33372840285301,2026-03-30 19:32:06.333434,XGBoost
8180-AKMJV,7.0118e-05,Low,0.0031237570492521627,2026-03-30 19:32:06.333434,XGBoost
8181-YHCMF,0.00010085268,Low,0.006081416694360086,2026-03-30 19:32:06.333434,XGBoost
8182-BJDSI,0.9996,High,89.91401939094067,2026-03-30 19:32:06.333434,XGBoost
8182-PNAGI,0.67622066,Medium,33.98008793592453,2026-03-30 19:32:06.333434,XGBoost
8183-ONMXC,0.9990689,High,80.67481495440006,2026-03-30 19:32:06.333434,XGBoost
8184-WMOFI,2.7851393e-05,Low,0.0019885894307662966,2026-03-30 19:32:06.333434,XGBoost
8185-UPYBR,0.9996393,High,75.47276508808136,2026-03-30 19:32:06.333434,XGBoost
8189-DUKMV,0.038195122,Low,0.7830000016838312,2026-03-30 19:32:06.333434,XGBoost
8189-HBVRW,0.00013868861,Low,0.012592926173238083,2026-03-30 19:32:06.333434,XGBoost
8189-XRIKE,0.00010443606,Low,0.009498459795213422,2026-03-30 19:32:06.333434,XGBoost
8190-ZTQFB,0.00013637896,Low,0.00700305976861273,2026-03-30 19:32:06.333434,XGBoost
8191-XWSZG,3.6216803e-05,Low,0.0007478769815861597,2026-03-30 19:32:06.333434,XGBoost
8194-PEEBY,0.0015051329,Low,0.02995214433176443,2026-03-30 19:32:06.333434,XGBoost
8197-BFWVU,3.676039e-05,Low,0.003427906346587406,2026-03-30 19:32:06.333434,XGBoost
8198-RKSZG,7.30931e-05,Low,0.0058803397954761754,2026-03-30 19:32:06.333434,XGBoost
8199-ZLLSA,0.9993098,High,118.26831225156783,2026-03-30 19:32:06.333434,XGBoost
8200-KLNYW,4.6570272e-05,Low,0.003767535036240588,2026-03-30 19:32:06.333434,XGBoost
8200-LGKSR,0.030084584,Low,2.5030373811721804,2026-03-30 19:32:06.333434,XGBoost
8201-AAXCB,0.023470148,Low,1.4164234586060047,2026-03-30 19:32:06.333434,XGBoost
8203-XJZRC,0.00070725905,Low,0.014321995811769739,2026-03-30 19:32:06.333434,XGBoost
8204-TIFGJ,8.584162e-05,Low,0.0017425848243874497,2026-03-30 19:32:06.333434,XGBoost
8204-YJCLA,0.009522037,Low,0.6170279748737811,2026-03-30 19:32:06.333434,XGBoost
8205-MQUGY,0.0025640214,Low,0.1261498522013426,2026-03-30 19:32:06.333434,XGBoost
8205-OTCHB,0.80039805,High,35.01741476356983,2026-03-30 19:32:06.333434,XGBoost
8205-VSLRB,0.00010364565,Low,0.008011808931769338,2026-03-30 19:32:06.333434,XGBoost
8207-DMRVL,1.9779403e-05,Low,0.002265730656472442,2026-03-30 19:32:06.333434,XGBoost
8207-VVMYB,0.005191104,Low,0.13496870454400778,2026-03-30 19:32:06.333434,XGBoost
8208-EUMTE,0.00034076054,Low,0.018690715618140532,2026-03-30 19:32:06.333434,XGBoost
8212-CRQXP,0.14258114,Low,11.406490802764893,2026-03-30 19:32:06.333434,XGBoost
8212-DJRCH,0.051595323,Low,4.661637413874268,2026-03-30 19:32:06.333434,XGBoost
8213-TAZPM,0.0001269326,Low,0.01380392048304202,2026-03-30 19:32:06.333434,XGBoost
8215-NGSPE,2.5180114e-05,Low,0.0005036022776039317,2026-03-30 19:32:06.333434,XGBoost
8216-AZUUZ,0.0014140307,Low,0.14196867966093124,2026-03-30 19:32:06.333434,XGBoost
8217-QYOHV,0.00021954061,Low,0.012239389136084355,2026-03-30 19:32:06.333434,XGBoost
8218-FFJDS,2.9998753e-05,Low,0.0025918922794517132,2026-03-30 19:32:06.333434,XGBoost
8219-VYBVI,1.36080425e-05,Low,0.0003402010634090402,2026-03-30 19:32:06.333434,XGBoost
8220-OCUFY,0.00029048082,Low,0.017501469446870033,2026-03-30 19:32:06.333434,XGBoost
8221-EQDGL,0.2081667,Low,12.69816891849041,2026-03-30 19:32:06.333434,XGBoost
8221-HVAYI,5.8279038e-05,Low,0.004029995481687365,2026-03-30 19:32:06.333434,XGBoost
8224-DWCKX,8.359842e-05,Low,0.0061277639957552305,2026-03-30 19:32:06.333434,XGBoost
8224-IVVPA,0.053960234,Low,3.059545263648033,2026-03-30 19:32:06.333434,XGBoost
8224-KDLKN,2.1641003e-05,Low,0.000541025065103895,2026-03-30 19:32:06.333434,XGBoost
8224-UAXBZ,0.0008766522,Low,0.039756176964147016,2026-03-30 19:32:06.333434,XGBoost
8225-BTJAU,0.9995757,High,79.21637220680714,2026-03-30 19:32:06.333434,XGBoost
8226-BXGES,0.05057071,Low,4.523550143092871,2026-03-30 19:32:06.333434,XGBoost
8229-BUJHX,3.661928e-05,Low,0.0007506952370022191,2026-03-30 19:32:06.333434,XGBoost
8229-MYEJZ,0.00016692521,Low,0.0085465706884861,2026-03-30 19:32:06.333434,XGBoost
8229-TNIQA,0.9992931,High,45.26797692775726,2026-03-30 19:32:06.333434,XGBoost
8231-BSWXX,3.6466678e-05,Low,0.002882690860860748,2026-03-30 19:32:06.333434,XGBoost
8232-CTLKO,0.0038922504,Low,0.2325619589537382,2026-03-30 19:32:06.333434,XGBoost
8232-UTFOZ,1.2912753e-05,Low,0.0002576094210780866,2026-03-30 19:32:06.333434,XGBoost
8234-GSZYK,5.2055417e-05,Low,0.0013768657729087864,2026-03-30 19:32:06.333434,XGBoost
8237-ULIXL,0.02841212,Low,0.7060411923564971,2026-03-30 19:32:06.333434,XGBoost
8241-JUIQO,1.5867936e-05,Low,0.00030863135270919884,2026-03-30 19:32:06.333434,XGBoost
8242-JSVBO,0.20871358,Low,9.31906117722392,2026-03-30 19:32:06.333434,XGBoost
8242-PDSGJ,8.1456565e-06,Low,0.00031890245063550534,2026-03-30 19:32:06.333434,XGBoost
8242-SOQUO,0.00018014201,Low,0.0152580286594457,2026-03-30 19:32:06.333434,XGBoost
8245-UMPYT,0.92864126,High,89.52101743221283,2026-03-30 19:32:06.333434,XGBoost
8246-SHFGA,0.01244728,Low,0.2626376054249704,2026-03-30 19:32:06.333434,XGBoost
8249-THVEC,0.00020010083,Low,0.003881956008262932,2026-03-30 19:32:06.333434,XGBoost
8250-ZNGGW,0.00020904826,Low,0.012521990739332977,2026-03-30 19:32:06.333434,XGBoost
8257-RZAHR,0.99799687,High,64.57039727568626,2026-03-30 19:32:06.333434,XGBoost
8258-GSTJK,0.9996358,High,76.97195780277252,2026-03-30 19:32:06.333434,XGBoost
8259-DZLIZ,1.9512352e-05,Low,0.0010507401596441923,2026-03-30 19:32:06.333434,XGBoost
8259-NFJTV,0.00051070703,Low,0.01769599865656346,2026-03-30 19:32:06.333434,XGBoost
8260-NGFNY,0.9996891,High,25.19216537475586,2026-03-30 19:32:06.333434,XGBoost
8261-GWDBQ,0.008303483,Low,0.9636192040983588,2026-03-30 19:32:06.333434,XGBoost
8262-COGGB,0.0014863781,Low,0.03039643295924179,2026-03-30 19:32:06.333434,XGBoost
8263-JQAIK,0.95863473,High,23.438619250059126,2026-03-30 19:32:06.333434,XGBoost
8263-OKETD,3.0408246e-05,Low,0.0020951281458110316,2026-03-30 19:32:06.333434,XGBoost
8263-QMNTJ,3.222477e-05,Low,0.003723572035050893,2026-03-30 19:32:06.333434,XGBoost
8265-HKSOW,2.5316516e-05,Low,0.0027202596718780116,2026-03-30 19:32:06.333434,XGBoost
8266-VBFQL,0.00020124964,Low,0.018192967516370118,2026-03-30 19:32:06.333434,XGBoost
8267-KFGYD,0.0014320163,Low,0.030143942253198476,2026-03-30 19:32:06.333434,XGBoost
8267-ZNYVZ,0.9999119,High,103.74086007475853,2026-03-30 19:32:06.333434,XGBoost
8268-YDIXR,0.00013830881,Low,0.012883465582126519,2026-03-30 19:32:06.333434,XGBoost
8270-RKSAP,4.39075e-05,Low,0.0030954788271628786,2026-03-30 19:32:06.333434,XGBoost
8272-ONJLV,0.0012738288,Low,0.12190541534218938,2026-03-30 19:32:06.333434,XGBoost
8276-MQBYC,0.98857796,High,96.68292467594146,2026-03-30 19:32:06.333434,XGBoost
8277-RVRSV,0.00065154076,Low,0.0157347093190765,2026-03-30 19:32:06.333434,XGBoost
8280-MQRQN,0.9366769,High,47.25535058677197,2026-03-30 19:32:06.333434,XGBoost
8285-ABVLB,0.007160592,Low,0.14213774907402696,2026-03-30 19:32:06.333434,XGBoost
8286-AFUYI,0.002803612,Low,0.13443319706711918,2026-03-30 19:32:06.333434,XGBoost
8290-YWKHZ,0.99979097,High,93.18051807880401,2026-03-30 19:32:06.333434,XGBoost
8292-FRFZQ,0.030432828,Low,1.2523108627647161,2026-03-30 19:32:06.333434,XGBoost
8292-ITGYJ,0.0014099636,Low,0.03475560244987719,2026-03-30 19:32:06.333434,XGBoost
8292-TYSPY,0.70496166,High,38.77289116382599,2026-03-30 19:32:06.333434,XGBoost
8294-UIMBA,0.073969305,Low,6.982702350616456,2026-03-30 19:32:06.333434,XGBoost
8295-FHIVV,0.0011804018,Low,0.022899794345721602,2026-03-30 19:32:06.333434,XGBoost
8295-KMENE,1.0258601e-05,Low,0.0007842700405944925,2026-03-30 19:32:06.333434,XGBoost
8305-VHZBZ,0.9993513,High,20.18689671754837,2026-03-30 19:32:06.333434,XGBoost
8309-IEYJD,0.00033405685,Low,0.0235844136797823,2026-03-30 19:32:06.333434,XGBoost
8309-PPCED,9.7213255e-05,Low,0.01073720398999285,2026-03-30 19:32:06.333434,XGBoost
8311-UEUAB,0.028329764,Low,2.1388971488922834,2026-03-30 19:32:06.333434,XGBoost
8313-AFGBW,9.744835e-05,Low,0.007172198430635035,2026-03-30 19:32:06.333434,XGBoost
8313-KTIHG,0.00021269073,Low,0.013037942041410133,2026-03-30 19:32:06.333434,XGBoost
8313-NDOIA,0.00021097918,Low,0.021973481821623866,2026-03-30 19:32:06.333434,XGBoost
8314-DPQHL,0.00019778532,Low,0.010047494480386375,2026-03-30 19:32:06.333434,XGBoost
8314-HTWVE,0.00013534374,Low,0.0026865732412261426,2026-03-30 19:32:06.333434,XGBoost
8316-BBQAY,0.008107792,Low,0.4860621097031981,2026-03-30 19:32:06.333434,XGBoost
8317-BVKSO,0.00029067695,Low,0.0058280728757381444,2026-03-30 19:32:06.333434,XGBoost
8318-LCNBW,5.229908e-05,Low,0.0027796961705462307,2026-03-30 19:32:06.333434,XGBoost
8319-QBEHW,0.047498263,Low,1.8975556235760451,2026-03-30 19:32:06.333434,XGBoost
8325-QRPZR,0.0008616782,Low,0.06475511780299713,2026-03-30 19:32:06.333434,XGBoost
8327-LZKAS,0.9994062,High,107.4861388027668,2026-03-30 19:32:06.333434,XGBoost
8327-WKMIE,0.0011483983,Low,0.023140225082170215,2026-03-30 19:32:06.333434,XGBoost
8328-SKJNO,5.918822e-05,Low,0.0024060011386609404,2026-03-30 19:32:06.333434,XGBoost
8329-GWVPJ,3.4181117e-05,Low,0.002384132936640526,2026-03-30 19:32:06.333434,XGBoost
8329-IBCTI,0.9996006,High,19.642151579260826,2026-03-30 19:32:06.333434,XGBoost
8329-UTMVM,0.000601491,Low,0.0629460350057343,2026-03-30 19:32:06.333434,XGBoost
8331-ZXFOE,8.382021e-06,Low,0.0005959617219559732,2026-03-30 19:32:06.333434,XGBoost
8332-OSJDW,0.0062289503,Low,0.16444428898394106,2026-03-30 19:32:06.333434,XGBoost
8336-TAVKX,0.005689561,Low,0.4463460527127609,2026-03-30 19:32:06.333434,XGBoost
8337-MSSXB,0.78883463,High,68.07642869353295,2026-03-30 19:32:06.333434,XGBoost
8337-UPOAQ,0.9671049,High,86.84602108001708,2026-03-30 19:32:06.333434,XGBoost
8338-QIUNR,0.00038222907,Low,0.02541823346109595,2026-03-30 19:32:06.333434,XGBoost
8344-WFMFH,0.0004704101,Low,0.02356754606589675,2026-03-30 19:32:06.333434,XGBoost
8345-MVDYC,3.0225036e-05,Low,0.002467874149897398,2026-03-30 19:32:06.333434,XGBoost
8347-GDTMP,0.011154906,Low,0.21696291961707173,2026-03-30 19:32:06.333434,XGBoost
8348-HFYIV,0.99985397,High,49.24280795454979,2026-03-30 19:32:06.333434,XGBoost
8348-JLBUG,0.00020717233,Low,0.016635937968385407,2026-03-30 19:32:06.333434,XGBoost
8350-NYMVI,8.566834e-05,Low,0.003520968775410438,2026-03-30 19:32:06.333434,XGBoost
8356-WUAOJ,0.00242816,Low,0.10926720220595598,2026-03-30 19:32:06.333434,XGBoost
8357-EQXFO,0.9996126,High,95.3130642145872,2026-03-30 19:32:06.333434,XGBoost
8361-LBRDI,1.9569954e-05,Low,0.00047652838038629857,2026-03-30 19:32:06.333434,XGBoost
8361-LTMKD,0.9130239,High,67.9289773464203,2026-03-30 19:32:06.333434,XGBoost
8364-TRMMK,0.82328904,High,41.699589711427684,2026-03-30 19:32:06.333434,XGBoost
8372-JUXUI,0.9988558,High,74.26493090391159,2026-03-30 19:32:06.333434,XGBoost
8374-UULRV,7.416374e-05,Low,0.006381789945226046,2026-03-30 19:32:06.333434,XGBoost
8374-XGEJJ,0.9995701,High,100.95657724142075,2026-03-30 19:32:06.333434,XGBoost
8375-DKEBR,0.9994785,High,69.56370491981505,2026-03-30 19:32:06.333434,XGBoost
8375-KVTHK,1.3054687e-05,Low,0.0013093850920995465,2026-03-30 19:32:06.333434,XGBoost
8378-LKJAF,6.0119673e-05,Low,0.006081104967961437,2026-03-30 19:32:06.333434,XGBoost
8380-MQINP,9.847468e-05,Low,0.0019990360095107464,2026-03-30 19:32:06.333434,XGBoost
8380-PEFPE,0.99958926,High,71.6205707937479,2026-03-30 19:32:06.333434,XGBoost
8382-SHQEH,0.99942183,High,84.85091378688813,2026-03-30 19:32:06.333434,XGBoost
8383-SGHJU,0.0011686122,Low,0.06941556218080222,2026-03-30 19:32:06.333434,XGBoost
8384-FZBJK,8.767923e-05,Low,0.00882053082168568,2026-03-30 19:32:06.333434,XGBoost
8387-MOJJT,0.9981893,High,77.80885363519192,2026-03-30 19:32:06.333434,XGBoost
8387-UGUSU,5.1122915e-05,Low,0.0010250144550809637,2026-03-30 19:32:06.333434,XGBoost
8388-DMKAE,4.309748e-05,Low,0.0008727239628569805,2026-03-30 19:32:06.333434,XGBoost
8388-FYNPZ,0.0005028057,Low,0.02853422297630459,2026-03-30 19:32:06.333434,XGBoost
8390-FESFV,7.1623355e-05,Low,0.006052173524949467,2026-03-30 19:32:06.333434,XGBoost
8393-DLHGA,0.9598221,High,92.04694114327431,2026-03-30 19:32:06.333434,XGBoost
8393-JMVMB,0.00035734414,Low,0.006950343433709349,2026-03-30 19:32:06.333434,XGBoost
8395-ETZKQ,2.9352406e-05,Low,0.000572371922316961,2026-03-30 19:32:06.333434,XGBoost
8397-MVTAZ,0.9111892,High,91.16447930932044,2026-03-30 19:32:06.333434,XGBoost
8398-TBIYD,0.0020343938,Low,0.1723131580511108,2026-03-30 19:32:06.333434,XGBoost
8399-YNDCH,0.7179497,High,43.11287879049778,2026-03-30 19:32:06.333434,XGBoost
8400-WZICQ,0.0004393365,Low,0.024471042733057405,2026-03-30 19:32:06.333434,XGBoost
8401-EMUWF,7.103397e-05,Low,0.004929757266654633,2026-03-30 19:32:06.333434,XGBoost
8402-EIVQS,0.00023446667,Low,0.02365768718736945,2026-03-30 19:32:06.333434,XGBoost
8402-OOOHJ,4.8383372e-05,Low,0.0009991166298277676,2026-03-30 19:32:06.333434,XGBoost
8404-FYDIB,3.902236e-05,Low,0.0033812876072261138,2026-03-30 19:32:06.333434,XGBoost
8404-GFGCZ,0.00066220434,Low,0.04344060495495796,2026-03-30 19:32:06.333434,XGBoost
8404-VIOMB,3.969287e-05,Low,0.002480804369042744,2026-03-30 19:32:06.333434,XGBoost
8404-VLQFB,0.000148825,Low,0.0037578312039840966,2026-03-30 19:32:06.333434,XGBoost
8405-IGQFX,0.00016078817,Low,0.014478974829398793,2026-03-30 19:32:06.333434,XGBoost
8406-LNMHF,5.5389377e-05,Low,0.004594548817112809,2026-03-30 19:32:06.333434,XGBoost
8409-WQJUX,3.278964e-05,Low,0.0017771985643776135,2026-03-30 19:32:06.333434,XGBoost
8410-BGQXN,0.00011261317,Low,0.002184695465257391,2026-03-30 19:32:06.333434,XGBoost
8413-VONUO,0.99990904,High,95.64129999279976,2026-03-30 19:32:06.333434,XGBoost
8413-YNHNV,3.959544e-05,Low,0.0035893267442588697,2026-03-30 19:32:06.333434,XGBoost
8414-MYSHR,0.94693923,High,86.5502456188202,2026-03-30 19:32:06.333434,XGBoost
8414-OOEEL,0.0044007082,Low,0.3498563056346029,2026-03-30 19:32:06.333434,XGBoost
8417-FMLZI,0.9987111,High,83.44231317043304,2026-03-30 19:32:06.333434,XGBoost
8417-GSODA,9.5616844e-05,Low,0.008815873034473043,2026-03-30 19:32:06.333434,XGBoost
8421-WZOOW,0.00018536038,Low,0.017664843768579883,2026-03-30 19:32:06.333434,XGBoost
8429-XIBUM,0.38814023,Low,39.33801244944334,2026-03-30 19:32:06.333434,XGBoost
8430-TWCBX,9.3813505e-05,Low,0.0019419395612203516,2026-03-30 19:32:06.333434,XGBoost
8433-WPJTV,0.0065383413,Low,0.6793336597736925,2026-03-30 19:32:06.333434,XGBoost
8433-WXGNA,0.9998565,High,75.68913493156434,2026-03-30 19:32:06.333434,XGBoost
8434-PNQZX,6.209027e-05,Low,0.0048709818358474875,2026-03-30 19:32:06.333434,XGBoost
8434-VGEQQ,6.939308e-05,Low,0.0014260277501307427,2026-03-30 19:32:06.333434,XGBoost
8436-BJUMM,0.99918073,High,83.68138648569584,2026-03-30 19:32:06.333434,XGBoost
8439-LTUGF,0.00019927033,Low,0.003985406656283885,2026-03-30 19:32:06.333434,XGBoost
8441-SHIPE,4.1491003e-05,Low,0.0010621696710586548,2026-03-30 19:32:06.333434,XGBoost
8443-WVPSS,0.94215757,High,94.07443301975727,2026-03-30 19:32:06.333434,XGBoost
8443-ZRDBZ,0.87731034,High,66.71945102512836,2026-03-30 19:32:06.333434,XGBoost
8444-WRIDW,0.8155853,High,65.61383861005307,2026-03-30 19:32:06.333434,XGBoost
8445-DNBAE,0.00260731,Low,0.13049586339620872,2026-03-30 19:32:06.333434,XGBoost
8450-JOVAH,0.9529759,High,54.03373516201973,2026-03-30 19:32:06.333434,XGBoost
8450-LUGUK,4.202821e-05,Low,0.0010128798261575867,2026-03-30 19:32:06.333434,XGBoost
8450-UYIBU,0.0004106733,Low,0.016365330839471427,2026-03-30 19:32:06.333434,XGBoost
8454-AATJP,8.909477e-05,Low,0.010250353331502992,2026-03-30 19:32:06.333434,XGBoost
8455-HIRAQ,0.106795184,Low,4.747045942768455,2026-03-30 19:32:06.333434,XGBoost
8456-QDAVC,4.572866e-05,Low,0.003598845442320453,2026-03-30 19:32:06.333434,XGBoost
8457-XIGKN,7.940178e-05,Low,0.0015562749525997789,2026-03-30 19:32:06.333434,XGBoost
8461-EFQYM,1.099054e-05,Low,0.00026652060546439316,2026-03-30 19:32:06.333434,XGBoost
8464-EETCQ,0.00010102873,Low,0.0018993401346961037,2026-03-30 19:32:06.333434,XGBoost
8465-SBRXP,6.309668e-05,Low,0.005987875162099954,2026-03-30 19:32:06.333434,XGBoost
8466-PZBLH,2.9075509e-05,Low,0.0030412982196139637,2026-03-30 19:32:06.333434,XGBoost
8467-WYNSR,0.00015677398,Low,0.008638246401096695,2026-03-30 19:32:06.333434,XGBoost
8468-EHYJA,0.0004613468,Low,0.04597320761968149,2026-03-30 19:32:06.333434,XGBoost
8468-FZTOE,0.00031297933,Low,0.023270013416185974,2026-03-30 19:32:06.333434,XGBoost
8469-SNFFH,4.8050104e-05,Low,0.0038151782529894265,2026-03-30 19:32:06.333434,XGBoost
8473-VUVJN,0.99989986,High,73.64262499809266,2026-03-30 19:32:06.333434,XGBoost
8474-UMLNT,0.001079702,Low,0.07320379908196628,2026-03-30 19:32:06.333434,XGBoost
8480-PPONV,3.656268e-05,Low,0.004224817694739613,2026-03-30 19:32:06.333434,XGBoost
8481-YYXWG,0.2276555,Low,20.341018940508363,2026-03-30 19:32:06.333434,XGBoost
8485-GJCDN,0.9271461,High,64.01943662762642,2026-03-30 19:32:06.333434,XGBoost
8486-AYEQH,0.0007004664,Low,0.05327046918973792,2026-03-30 19:32:06.333434,XGBoost
8490-BXHEO,0.0001292688,Low,0.010412601495045236,2026-03-30 19:32:06.333434,XGBoost
8495-LJDFO,6.6311346e-05,Low,0.007224621148634469,2026-03-30 19:32:06.333434,XGBoost
8495-PRWFH,0.14935039,Low,8.31134919449687,2026-03-30 19:32:06.333434,XGBoost
8496-DMZUK,0.013316943,Low,1.2038516752421857,2026-03-30 19:32:06.333434,XGBoost
8496-EJAUI,0.9973224,High,73.65225780308246,2026-03-30 19:32:06.333434,XGBoost
8498-XXGWA,9.1496615e-05,Low,0.005046038312502788,2026-03-30 19:32:06.333434,XGBoost
8499-BRXTD,0.00018330837,Low,0.0036844981586909857,2026-03-30 19:32:06.333434,XGBoost
8510-AWCXC,0.8557983,High,86.26446905136108,2026-03-30 19:32:06.333434,XGBoost
8510-BBWMU,9.734442e-05,Low,0.0019225522646593163,2026-03-30 19:32:06.333434,XGBoost
8510-TMWYB,4.617479e-05,Low,0.002761252522759605,2026-03-30 19:32:06.333434,XGBoost
8512-WIWYV,1.7827126e-05,Low,0.0003627820080509992,2026-03-30 19:32:06.333434,XGBoost
8513-OLYGY,3.3798828e-05,Low,0.0039139042411989065,2026-03-30 19:32:06.333434,XGBoost
8514-VZHEB,6.9314636e-05,Low,0.0013516353974409867,2026-03-30 19:32:06.333434,XGBoost
8515-OCTJS,0.99709463,High,24.678092122077942,2026-03-30 19:32:06.333434,XGBoost
8519-IMDHU,0.9961921,High,85.27404356002808,2026-03-30 19:32:06.333434,XGBoost
8519-QJGJD,0.7928572,High,59.74179225862026,2026-03-30 19:32:06.333434,XGBoost
8532-UEFWH,1.2131783e-05,Low,0.0003123934011455276,2026-03-30 19:32:06.333434,XGBoost
8535-SFUTN,0.09325192,Low,9.926667015627027,2026-03-30 19:32:06.333434,XGBoost
8540-ZQGEA,0.00015234546,Low,0.003054526387131773,2026-03-30 19:32:06.333434,XGBoost
8541-QVFKM,8.666899e-05,Low,0.006370170613081427,2026-03-30 19:32:06.333434,XGBoost
8543-MSDMF,0.00042441135,Low,0.03284943861071952,2026-03-30 19:32:06.333434,XGBoost
8544-GOQSH,0.00036951335,Low,0.02957954359881114,2026-03-30 19:32:06.333434,XGBoost
8544-JNBOX,2.4913455e-05,Low,0.0005181998742045835,2026-03-30 19:32:06.333434,XGBoost
8547-NSBBO,0.0015109832,Low,0.14618762620375492,2026-03-30 19:32:06.333434,XGBoost
8548-AWOFC,0.04606577,Low,2.94129942022264,2026-03-30 19:32:06.333434,XGBoost
8550-XSXUQ,5.3491076e-05,Low,0.003773795408960723,2026-03-30 19:32:06.333434,XGBoost
8552-OBVRU,0.018211387,Low,1.903089951723814,2026-03-30 19:32:06.333434,XGBoost
8559-CIZFV,0.67635477,Medium,52.41749435663223,2026-03-30 19:32:06.333434,XGBoost
8559-WNQZS,0.00083576527,Low,0.017091399763012303,2026-03-30 19:32:06.333434,XGBoost
8561-NMTBD,4.6716388e-05,Low,0.005248586210836947,2026-03-30 19:32:06.333434,XGBoost
8562-GHPPI,0.00011213793,Low,0.0022203310509212315,2026-03-30 19:32:06.333434,XGBoost
8563-IIOXK,0.8559638,High,42.584200352430344,2026-03-30 19:32:06.333434,XGBoost
8563-OYMQY,0.00054477714,Low,0.04954748088493943,2026-03-30 19:32:06.333434,XGBoost
8564-LDKFL,0.12996823,Low,13.776631951332092,2026-03-30 19:32:06.333434,XGBoost
8565-CLBZW,0.9967007,High,89.55355826318264,2026-03-30 19:32:06.333434,XGBoost
8565-HBFNN,0.002414509,Low,0.2588353600353003,2026-03-30 19:32:06.333434,XGBoost
8565-WUXZU,8.446762e-05,Low,0.007162853993941098,2026-03-30 19:32:06.333434,XGBoost
8566-YPRGL,0.00051468716,Low,0.010036399529781193,2026-03-30 19:32:06.333434,XGBoost
8570-KLJYJ,6.3330575e-05,Low,0.003448349828249775,2026-03-30 19:32:06.333434,XGBoost
8571-ZCMCX,2.414165e-05,Low,0.001448498951504007,2026-03-30 19:32:06.333434,XGBoost
8573-CGOCC,0.00016061349,Low,0.0031721164305054117,2026-03-30 19:32:06.333434,XGBoost
8573-JGCZW,0.00042960513,Low,0.008441740879788995,2026-03-30 19:32:06.333434,XGBoost
8577-QSOCG,6.33324e-06,Low,0.00012793144760507856,2026-03-30 19:32:06.333434,XGBoost
8580-AECUZ,0.99995506,High,79.09644509553908,2026-03-30 19:32:06.333434,XGBoost
8580-QVLOC,0.7224007,High,66.78594701588155,2026-03-30 19:32:06.333434,XGBoost
8582-KRHPJ,5.1949195e-05,Low,0.0018182218263973482,2026-03-30 19:32:06.333434,XGBoost
8584-KMVXD,0.0020608148,Low,0.15579759590327738,2026-03-30 19:32:06.333434,XGBoost
8587-XYZSF,0.00018976355,Low,0.00959254755580332,2026-03-30 19:32:06.333434,XGBoost
8590-OHDIW,2.2944305e-05,Low,0.0004657693889384973,2026-03-30 19:32:06.333434,XGBoost
8590-YFFQO,0.016882924,Low,1.0965459373779596,2026-03-30 19:32:06.333434,XGBoost
8591-NXRCV,0.13206096,Low,9.858350659161808,2026-03-30 19:32:06.333434,XGBoost
8591-TKMZH,0.00017194019,Low,0.019102555292192847,2026-03-30 19:32:06.333434,XGBoost
8592-PLTMQ,2.7452521e-05,Low,0.0006780772675483603,2026-03-30 19:32:06.333434,XGBoost
8593-WHYHV,0.9108329,High,77.69404482841492,2026-03-30 19:32:06.333434,XGBoost
8595-SIZNC,0.012808511,Low,0.3278978824615479,2026-03-30 19:32:06.333434,XGBoost
8597-CTXVJ,9.868158e-05,Low,0.006409368582171737,2026-03-30 19:32:06.333434,XGBoost
8597-CWYHH,1.9922463e-05,Low,0.0018796844078678985,2026-03-30 19:32:06.333434,XGBoost
8601-QACRS,0.99832064,High,50.51502434015274,2026-03-30 19:32:06.333434,XGBoost
8603-IJWDN,0.99996793,High,86.5972229719162,2026-03-30 19:32:06.333434,XGBoost
8605-ITULD,0.00019114386,Low,0.0037368624514783734,2026-03-30 19:32:06.333434,XGBoost
8606-CIQUL,8.580254e-06,Low,0.000993164396049906,2026-03-30 19:32:06.333434,XGBoost
8606-OEGQZ,0.0016335408,Low,0.041328583343420176,2026-03-30 19:32:06.333434,XGBoost
8608-OZTLB,0.00014242614,Low,0.01054665586707415,2026-03-30 19:32:06.333434,XGBoost
8610-WFCJF,0.8830576,High,84.42030601501465,2026-03-30 19:32:06.333434,XGBoost
8610-ZIKJJ,4.013141e-05,Low,0.0008146676242176909,2026-03-30 19:32:06.333434,XGBoost
8612-GXIDD,0.0009589357,Low,0.024356966954655945,2026-03-30 19:32:06.333434,XGBoost
8614-VGMMV,0.9973164,High,48.968236225843434,2026-03-30 19:32:06.333434,XGBoost
8617-ENBDS,0.00018272882,Low,0.013448841264471411,2026-03-30 19:32:06.333434,XGBoost
8619-IJNDK,0.003775946,Low,0.2418493475415744,2026-03-30 19:32:06.333434,XGBoost
8620-RJPZN,0.19582939,Low,4.053668403625488,2026-03-30 19:32:06.333434,XGBoost
8621-MNIHH,0.99939966,High,94.19341814517975,2026-03-30 19:32:06.333434,XGBoost
8622-ZLFKO,0.0012647797,Low,0.11477875887067057,2026-03-30 19:32:06.333434,XGBoost
8623-TMRBY,0.94393414,High,79.47925480604172,2026-03-30 19:32:06.333434,XGBoost
8623-ULFNQ,8.3149775e-05,Low,0.005492042611149372,2026-03-30 19:32:06.333434,XGBoost
8624-GIOUT,0.6952689,Medium,41.542318508028984,2026-03-30 19:32:06.333434,XGBoost
8625-AZYZY,0.8824995,High,92.35357435047626,2026-03-30 19:32:06.333434,XGBoost
8626-PTQGE,1.245158e-05,Low,0.0007477173793176916,2026-03-30 19:32:06.333434,XGBoost
8626-XHBIE,0.00044082262,Low,0.010932401055470109,2026-03-30 19:32:06.333434,XGBoost
8627-EHGIP,0.99854577,High,53.871544069051744,2026-03-30 19:32:06.333434,XGBoost
8627-ZYGSZ,0.00058328157,Low,0.04602091555134394,2026-03-30 19:32:06.333434,XGBoost
8628-MFKAX,0.002975174,Low,0.3473515636869706,2026-03-30 19:32:06.333434,XGBoost
8630-FJLIB,0.21760929,Low,15.189128184318541,2026-03-30 19:32:06.333434,XGBoost
8630-QSGXK,5.7254165e-05,Low,0.004305513197323307,2026-03-30 19:32:06.333434,XGBoost
8631-NBHFZ,0.7937485,High,63.02363073825837,2026-03-30 19:32:06.333434,XGBoost
8631-WUXGY,0.0011607186,Low,0.11583971797954291,2026-03-30 19:32:06.333434,XGBoost
8631-XVRZL,0.0031730959,Low,0.06393788183340803,2026-03-30 19:32:06.333434,XGBoost
8634-CILSZ,0.92938924,High,97.30705325603485,2026-03-30 19:32:06.333434,XGBoost
8634-MPHTR,0.9997466,High,100.02464939653873,2026-03-30 19:32:06.333434,XGBoost
8637-XJIVR,0.9955634,High,78.59972947239876,2026-03-30 19:32:06.333434,XGBoost
8639-NHQEI,1.562199e-05,Low,0.0014981488711782731,2026-03-30 19:32:06.333434,XGBoost
8640-SDGKB,0.79060495,High,58.821008205413825,2026-03-30 19:32:06.333434,XGBoost
8642-GVWRF,0.95662695,High,76.24316805005074,2026-03-30 19:32:06.333434,XGBoost
8644-XLFBW,0.999969,High,71.64777925014496,2026-03-30 19:32:06.333434,XGBoost
8644-XYTSV,0.4503851,Medium,18.082961511611938,2026-03-30 19:32:06.333434,XGBoost
8645-KOMJQ,5.6635213e-06,Low,0.0004641255687829471,2026-03-30 19:32:06.333434,XGBoost
8645-KWHJO,0.000551529,Low,0.03033409477211535,2026-03-30 19:32:06.333434,XGBoost
8646-JCOMS,8.300408e-05,Low,0.007516019517061067,2026-03-30 19:32:06.333434,XGBoost
8647-SDTWQ,0.011950925,Low,0.8879537269473076,2026-03-30 19:32:06.333434,XGBoost
8648-PFRMP,0.0024774887,Low,0.11483160186326132,2026-03-30 19:32:06.333434,XGBoost
8650-RHRKE,0.948455,High,28.121690040826795,2026-03-30 19:32:06.333434,XGBoost
8651-ENBZX,0.77624214,High,82.28166651725769,2026-03-30 19:32:06.333434,XGBoost
8652-YHIYU,0.00036172642,Low,0.028757250038324855,2026-03-30 19:32:06.333434,XGBoost
8654-DHAOW,9.1353635e-05,Low,0.0049467993390862825,2026-03-30 19:32:06.333434,XGBoost
8659-HDIYE,5.2239113e-05,Low,0.0038996497740299675,2026-03-30 19:32:06.333434,XGBoost
8659-IOOPU,2.168927e-05,Low,0.0021786871200674797,2026-03-30 19:32:06.333434,XGBoost
8660-BUETV,0.00019303952,Low,0.008638518647785531,2026-03-30 19:32:06.333434,XGBoost
8661-BOYNW,0.0002473847,Low,0.02087926974054426,2026-03-30 19:32:06.333434,XGBoost
8663-UPDGF,4.3093987e-05,Low,0.0029950321095384425,2026-03-30 19:32:06.333434,XGBoost
8665-UTDHZ,0.98673546,High,29.79941098690033,2026-03-30 19:32:06.333434,XGBoost
8668-KNZTI,0.0013089778,Low,0.0703575587249361,2026-03-30 19:32:06.333434,XGBoost
8670-ERCJH,9.420553e-05,Low,0.010682906727015508,2026-03-30 19:32:06.333434,XGBoost
8670-MEFCP,0.00044092874,Low,0.04096227955305949,2026-03-30 19:32:06.333434,XGBoost
8671-KKKOS,0.00022940761,Low,0.010449516689550364,2026-03-30 19:32:06.333434,XGBoost
8672-OAUPW,5.6137033e-05,Low,0.0026861570058827056,2026-03-30 19:32:06.333434,XGBoost
8676-OOQEJ,0.00028132697,Low,0.00858047250949312,2026-03-30 19:32:06.333434,XGBoost
8676-TRMJS,0.99963975,High,74.97298121452332,2026-03-30 19:32:06.333434,XGBoost
8677-HDZEE,0.00010386838,Low,0.010952920328782057,2026-03-30 19:32:06.333434,XGBoost
8679-JOEVF,0.9993092,High,59.35896542072296,2026-03-30 19:32:06.333434,XGBoost
8679-LZBMD,0.00015618566,Low,0.014158230304747122,2026-03-30 19:32:06.333434,XGBoost
8680-CGLTP,0.08655245,Low,5.084956353530288,2026-03-30 19:32:06.333434,XGBoost
8681-ICONS,0.0012998291,Low,0.026841471035731954,2026-03-30 19:32:06.333434,XGBoost
8685-WHQPW,0.99905294,High,74.3295388698578,2026-03-30 19:32:06.333434,XGBoost
8687-BAFGU,0.000702711,Low,0.05200061376672238,2026-03-30 19:32:06.333434,XGBoost
8690-UPCZI,1.0623406e-05,Low,0.0007335461576985835,2026-03-30 19:32:06.333434,XGBoost
8690-ZVLCL,1.678666e-05,Low,0.0014772260910831392,2026-03-30 19:32:06.333434,XGBoost
8695-ARGXZ,0.00039866072,Low,0.030118817315087653,2026-03-30 19:32:06.333434,XGBoost
8695-WDYEA,0.0004829733,Low,0.02475238128681667,2026-03-30 19:32:06.333434,XGBoost
8696-JKZNU,0.9998535,High,76.23882874846458,2026-03-30 19:32:06.333434,XGBoost
8699-ASUFO,0.99935955,High,74.3523503780365,2026-03-30 19:32:06.333434,XGBoost
8701-DGLVH,0.05151169,Low,1.053414060920477,2026-03-30 19:32:06.333434,XGBoost
8705-DWKTI,3.8495553e-05,Low,0.0032259273306408432,2026-03-30 19:32:06.333434,XGBoost
8705-WZCYL,0.0017733653,Low,0.0794467657804489,2026-03-30 19:32:06.333434,XGBoost
8706-HRADD,5.751772e-05,Low,0.0025048966290341923,2026-03-30 19:32:06.333434,XGBoost
8707-HOEDG,0.0005217487,Low,0.057496704091317956,2026-03-30 19:32:06.333434,XGBoost
8707-RMEZH,0.12884478,Low,11.248149530589581,2026-03-30 19:32:06.333434,XGBoost
8708-XPXHZ,0.9998388,High,94.18481769561768,2026-03-30 19:32:06.333434,XGBoost
8709-KRDVL,0.2701614,Low,27.016139030456543,2026-03-30 19:32:06.333434,XGBoost
8710-YGLWG,0.0012771611,Low,0.057344531756825745,2026-03-30 19:32:06.333434,XGBoost
8711-LOBKY,8.749474e-05,Low,0.0017367705167998795,2026-03-30 19:32:06.333434,XGBoost
8713-IGZSO,0.0013059145,Low,0.032451974926516414,2026-03-30 19:32:06.333434,XGBoost
8714-CTZJW,0.48552045,Medium,40.22536946982145,2026-03-30 19:32:06.333434,XGBoost
8714-EUHJO,0.99980754,High,91.13245696127416,2026-03-30 19:32:06.333434,XGBoost
8715-KKTFG,0.00010597497,Low,0.010947214422776597,2026-03-30 19:32:06.333434,XGBoost
8717-VCTXJ,0.00011922055,Low,0.0023307618059334348,2026-03-30 19:32:06.333434,XGBoost
8718-PTMEZ,0.9985827,High,31.005993479490282,2026-03-30 19:32:06.333434,XGBoost
8720-RQSBJ,0.0010774123,Low,0.04740614024922252,2026-03-30 19:32:06.333434,XGBoost
8722-NGNBH,0.7264438,High,29.057753086090088,2026-03-30 19:32:06.333434,XGBoost
8722-PRFDV,1.2661407e-05,Low,0.000981892097297532,2026-03-30 19:32:06.333434,XGBoost
8725-JEDFD,1.8227021e-05,Low,0.001258575829615438,2026-03-30 19:32:06.333434,XGBoost
8727-JQFHV,0.00045145588,Low,0.009367709557409398,2026-03-30 19:32:06.333434,XGBoost
8727-XDPUD,0.0058726133,Low,0.21023955559357999,2026-03-30 19:32:06.333434,XGBoost
8728-SKJLR,0.037712887,Low,2.8001818545162678,2026-03-30 19:32:06.333434,XGBoost
8731-WBBMB,0.0004184441,Low,0.03427057227236219,2026-03-30 19:32:06.333434,XGBoost
8734-DKSTZ,0.00039637112,Low,0.03406809781445191,2026-03-30 19:32:06.333434,XGBoost
8734-FNWVH,0.00012091534,Low,0.007218645889952313,2026-03-30 19:32:06.333434,XGBoost
8735-DCXNF,0.00028589193,Low,0.015709761687321588,2026-03-30 19:32:06.333434,XGBoost
8735-IJJEG,0.0002991103,Low,0.015015337569639088,2026-03-30 19:32:06.333434,XGBoost
8735-NBLWT,0.05295082,Low,1.0801967650651931,2026-03-30 19:32:06.333434,XGBoost
8735-SDUFN,0.000217006,Low,0.005273245881835464,2026-03-30 19:32:06.333434,XGBoost
8738-JOKAR,0.00029120565,Low,0.019714622612809762,2026-03-30 19:32:06.333434,XGBoost
8739-QOTTN,0.037969183,Low,0.7726728776469827,2026-03-30 19:32:06.333434,XGBoost
8739-WWKDU,0.99784875,High,89.30746304988861,2026-03-30 19:32:06.333434,XGBoost
8739-XNIKG,0.00045594218,Low,0.03829914308153093,2026-03-30 19:32:06.333434,XGBoost
8740-CRYFY,0.98009723,High,77.37867664396764,2026-03-30 19:32:06.333434,XGBoost
8740-XLHDR,0.75074106,High,32.4695510417223,2026-03-30 19:32:06.333434,XGBoost
8741-LQOBK,5.2151412e-05,Low,0.0018279069938216706,2026-03-30 19:32:06.333434,XGBoost
8745-PVESG,2.4613963e-05,Low,0.0010116338597072172,2026-03-30 19:32:06.333434,XGBoost
8746-BFOAJ,5.8342765e-05,Low,0.0011960266729147406,2026-03-30 19:32:06.333434,XGBoost
8746-OQQRW,0.00047667965,Low,0.012036161118885502,2026-03-30 19:32:06.333434,XGBoost
8747-UDCOI,0.0037629013,Low,0.07281214005779475,2026-03-30 19:32:06.333434,XGBoost
8748-HFWBO,0.00019081552,Low,0.0037972289384924805,2026-03-30 19:32:06.333434,XGBoost
8749-CLJXC,0.08922492,Low,1.7889596395194531,2026-03-30 19:32:06.333434,XGBoost
8749-JMNKX,0.99966633,High,93.76870205402373,2026-03-30 19:32:06.333434,XGBoost
8749-TZYEC,0.0070244498,Low,0.17420635409653187,2026-03-30 19:32:06.333434,XGBoost
8750-QWZAJ,1.1167852e-05,Low,0.00022112346723588417,2026-03-30 19:32:06.333434,XGBoost
8751-EDEKA,0.000472877,Low,0.042511642299359664,2026-03-30 19:32:06.333434,XGBoost
8752-GHJFU,0.027970742,Low,2.573308303952217,2026-03-30 19:32:06.333434,XGBoost
8752-IMQOS,5.2014526e-05,Low,0.001045491969853174,2026-03-30 19:32:06.333434,XGBoost
8752-STIVR,0.9029065,High,71.32961171865463,2026-03-30 19:32:06.333434,XGBoost
8755-IWJHN,1.4660661e-05,Low,0.0013978940055039855,2026-03-30 19:32:06.333434,XGBoost
8755-OGKNA,2.4793406e-05,Low,0.0004834714136450202,2026-03-30 19:32:06.333434,XGBoost
8756-RDDLT,4.9967726e-05,Low,0.0022460492938989776,2026-03-30 19:32:06.333434,XGBoost
8757-TFHHJ,0.00034259658,Low,0.017061309894779695,2026-03-30 19:32:06.333434,XGBoost
8760-ZRHKE,0.00063302496,Low,0.04380532721988857,2026-03-30 19:32:06.333434,XGBoost
8761-NSOBC,0.9996996,High,100.51979403495788,2026-03-30 19:32:06.333434,XGBoost
8763-KIAFH,6.070059e-05,Low,0.0012473971148210695,2026-03-30 19:32:06.333434,XGBoost
8766-PAFNE,4.918502e-05,Low,0.003890534981110249,2026-03-30 19:32:06.333434,XGBoost
8769-KKTPH,0.053928923,Low,5.374017163179815,2026-03-30 19:32:06.333434,XGBoost
8773-HHUOZ,0.72869235,High,47.146395224332814,2026-03-30 19:32:06.333434,XGBoost
8774-GSBUN,4.7109857e-05,Low,0.0011965903780946972,2026-03-30 19:32:06.333434,XGBoost
8775-CEBBJ,0.9980128,High,44.11216492652893,2026-03-30 19:32:06.333434,XGBoost
8775-ERLNB,0.000901564,Low,0.0669862070120871,2026-03-30 19:32:06.333434,XGBoost
8775-LHDJH,0.9998111,High,90.58288682699202,2026-03-30 19:32:06.333434,XGBoost
8777-MBMTS,0.14385061,Low,15.22658703252673,2026-03-30 19:32:06.333434,XGBoost
8777-PVYGU,0.027165085,Low,1.7467149704694747,2026-03-30 19:32:06.333434,XGBoost
8778-LMWTJ,0.042286206,Low,3.165122521854937,2026-03-30 19:32:06.333434,XGBoost
8779-QRDMV,0.999879,High,39.64520245194435,2026-03-30 19:32:06.333434,XGBoost
8779-YIQQA,1.43813795e-05,Low,0.0002847513143933611,2026-03-30 19:32:06.333434,XGBoost
8780-IHCRN,1.1066761e-05,Low,0.000272795649652835,2026-03-30 19:32:06.333434,XGBoost
8780-IXSTS,0.96914357,High,87.31983560919761,2026-03-30 19:32:06.333434,XGBoost
8780-RSYYU,0.000148667,Low,0.002854406274855137,2026-03-30 19:32:06.333434,XGBoost
8780-YRMTT,0.00016674593,Low,0.007903757042367942,2026-03-30 19:32:06.333434,XGBoost
8782-LKFPK,0.00013618014,Low,0.012310684705153108,2026-03-30 19:32:06.333434,XGBoost
8782-NUUOL,3.7281265e-05,Low,0.002945219908724539,2026-03-30 19:32:06.333434,XGBoost
8784-CGILN,0.99935347,High,99.7854438215494,2026-03-30 19:32:06.333434,XGBoost
8785-CJSHH,0.00019917743,Low,0.019877907852060162,2026-03-30 19:32:06.333434,XGBoost
8785-EPNCG,0.8714756,High,20.17465961575508,2026-03-30 19:32:06.333434,XGBoost
8788-DOXSU,2.718507e-05,Low,0.001667804012868146,2026-03-30 19:32:06.333434,XGBoost
8791-GFXLZ,0.0877461,Low,4.303946138173342,2026-03-30 19:32:06.333434,XGBoost
8792-AOROI,0.010102119,Low,0.6616888139396906,2026-03-30 19:32:06.333434,XGBoost
8799-OXZMD,0.02145157,Low,0.6381842102855444,2026-03-30 19:32:06.333434,XGBoost
8800-JOOCF,0.21450876,Low,18.029461025446654,2026-03-30 19:32:06.333434,XGBoost
8800-ZKRFW,0.0012027858,Low,0.12929946911754087,2026-03-30 19:32:06.333434,XGBoost
8802-UNOJF,0.87363213,High,73.21037274599075,2026-03-30 19:32:06.333434,XGBoost
8805-JNRAZ,0.3479271,Low,17.118013000488283,2026-03-30 19:32:06.333434,XGBoost
8806-EAGWC,0.9925135,High,54.73711830079555,2026-03-30 19:32:06.333434,XGBoost
8807-ARQET,0.60058373,Medium,24.233553591370583,2026-03-30 19:32:06.333434,XGBoost
8807-OPMBM,1.7029555e-05,Low,0.00043680809185389077,2026-03-30 19:32:06.333434,XGBoost
8808-ELEHO,0.90197605,High,73.28555397689342,2026-03-30 19:32:06.333434,XGBoost
8809-RIHDD,0.9989525,High,103.29168932437898,2026-03-30 19:32:06.333434,XGBoost
8809-XKHMD,9.0387635e-05,Low,0.009088476727629313,2026-03-30 19:32:06.333434,XGBoost
8812-ZRHFP,8.425676e-05,Low,0.0072839969539927555,2026-03-30 19:32:06.333434,XGBoost
8815-LMFLX,4.8898477e-05,Low,0.0012420213148288894,2026-03-30 19:32:06.333434,XGBoost
8816-VXNZD,0.9994547,High,75.05904625058173,2026-03-30 19:32:06.333434,XGBoost
8818-DOPVL,0.07474128,Low,7.806726859882474,2026-03-30 19:32:06.333434,XGBoost
8818-XYFCQ,0.9278833,High,92.37078520357609,2026-03-30 19:32:06.333434,XGBoost
8819-IMISP,0.00034644196,Low,0.027871255435456987,2026-03-30 19:32:06.333434,XGBoost
8819-WFGGJ,0.0002505264,Low,0.013553478935500607,2026-03-30 19:32:06.333434,XGBoost
8819-ZBYNA,0.00011127937,Low,0.01214057914330624,2026-03-30 19:32:06.333434,XGBoost
8821-KVZKQ,6.7334718e-06,Low,0.00039323475102719384,2026-03-30 19:32:06.333434,XGBoost
8821-XNHVZ,0.9998683,High,80.03945531249046,2026-03-30 19:32:06.333434,XGBoost
8822-KNBHV,5.5517405e-05,Low,0.004632927421334899,2026-03-30 19:32:06.333434,XGBoost
8823-RLPWL,8.5673324e-05,Low,0.009479753307823557,2026-03-30 19:32:06.333434,XGBoost
8824-RWFXJ,0.9998109,High,56.139380601048465,2026-03-30 19:32:06.333434,XGBoost
8835-VSDSE,0.9980685,High,70.56344376206398,2026-03-30 19:32:06.333434,XGBoost
8837-VVWLQ,0.9984101,High,84.81493847966195,2026-03-30 19:32:06.333434,XGBoost
8838-GPHZP,3.1066727e-05,Low,0.0006399745841918048,2026-03-30 19:32:06.333434,XGBoost
8840-DQLGN,0.9998952,High,100.48946911096573,2026-03-30 19:32:06.333434,XGBoost
8844-TONUD,0.98349077,High,95.05438244640828,2026-03-30 19:32:06.333434,XGBoost
8845-LWKGE,2.8081016e-05,Low,0.0018112255547748646,2026-03-30 19:32:06.333434,XGBoost
8847-GEOOQ,0.17363739,Low,10.452970886230469,2026-03-30 19:32:06.333434,XGBoost
8849-AYPTR,0.0005724912,Low,0.05223982239840552,2026-03-30 19:32:06.333434,XGBoost
8849-GYOKR,0.9996699,High,106.51482885479926,2026-03-30 19:32:06.333434,XGBoost
8849-PRIQJ,0.00024504826,Low,0.026808279321994633,2026-03-30 19:32:06.333434,XGBoost
8851-RAGOV,3.801912e-05,Low,0.002701258442539256,2026-03-30 19:32:06.333434,XGBoost
8853-TZDGH,0.00011738529,Low,0.013100198030588216,2026-03-30 19:32:06.333434,XGBoost
8854-CCVSQ,0.9976979,High,80.46433481276036,2026-03-30 19:32:06.333434,XGBoost
8857-CUPFQ,3.841315e-05,Low,0.0007394531185127562,2026-03-30 19:32:06.333434,XGBoost
8859-AXJZP,0.0002731932,Low,0.0065019982459489254,2026-03-30 19:32:06.333434,XGBoost
8859-DZTGQ,0.00030152887,Low,0.006136112454987597,2026-03-30 19:32:06.333434,XGBoost
8859-YSTWS,9.959745e-05,Low,0.001986969084464363,2026-03-30 19:32:06.333434,XGBoost
8861-HGGKB,0.9537593,High,82.45249257683754,2026-03-30 19:32:06.333434,XGBoost
8865-TNMNX,0.00031833653,Low,0.01577357522910461,2026-03-30 19:32:06.333434,XGBoost
8868-GAGIO,0.00056463084,Low,0.047739537677261974,2026-03-30 19:32:06.333434,XGBoost
8868-WOZGU,0.8180315,High,86.46592847704888,2026-03-30 19:32:06.333434,XGBoost
8869-LIHMK,0.008196174,Low,0.9433796466328204,2026-03-30 19:32:06.333434,XGBoost
8869-TORSS,0.852932,High,51.47444477081299,2026-03-30 19:32:06.333434,XGBoost
8871-JLMHM,7.7752906e-05,Low,0.007013312101480551,2026-03-30 19:32:06.333434,XGBoost
8873-GLDMH,0.24530372,Low,18.115679739415643,2026-03-30 19:32:06.333434,XGBoost
8873-TMKGR,1.6320688e-05,Low,0.00031172513681667626,2026-03-30 19:32:06.333434,XGBoost
8874-EJNSR,0.0019029668,Low,0.04795476235449314,2026-03-30 19:32:06.333434,XGBoost
8875-AKBYH,0.15844697,Low,13.365001717209815,2026-03-30 19:32:06.333434,XGBoost
8878-HMWBV,0.94682586,High,46.536491113901135,2026-03-30 19:32:06.333434,XGBoost
8878-RYUKI,0.0009208872,Low,0.05474674532306381,2026-03-30 19:32:06.333434,XGBoost
8879-XUAHX,3.862753e-05,Low,0.004490450533012336,2026-03-30 19:32:06.333434,XGBoost
8879-ZKJOF,3.0912313e-05,Low,0.0024683482231921514,2026-03-30 19:32:06.333434,XGBoost
8882-TLVRW,1.9269311e-05,Low,0.0007534300777479075,2026-03-30 19:32:06.333434,XGBoost
8883-ANODQ,2.8018878e-05,Low,0.002364793291053502,2026-03-30 19:32:06.333434,XGBoost
8883-GRDWQ,0.0011094692,Low,0.059911337681114674,2026-03-30 19:32:06.333434,XGBoost
8884-ADFVN,0.96515256,High,98.39730366170407,2026-03-30 19:32:06.333434,XGBoost
8884-FEEWR,0.0026490465,Low,0.05457035750150681,2026-03-30 19:32:06.333434,XGBoost
8884-MRNSU,8.9991845e-05,Low,0.001790837715816451,2026-03-30 19:32:06.333434,XGBoost
8885-QSQBX,0.00068869535,Low,0.03412485453300178,2026-03-30 19:32:06.333434,XGBoost
8887-IPQNC,0.0013094023,Low,0.057941051200032234,2026-03-30 19:32:06.333434,XGBoost
8894-JVDCV,3.79194e-05,Low,0.004362626842521422,2026-03-30 19:32:06.333434,XGBoost
8896-BQTTI,0.0007959904,Low,0.01989976008189842,2026-03-30 19:32:06.333434,XGBoost
8896-RAZCR,0.00014407291,Low,0.002867050912755076,2026-03-30 19:32:06.333434,XGBoost
8898-KASCD,0.01842367,Low,0.654961500596255,2026-03-30 19:32:06.333434,XGBoost
8901-HJXTF,0.99844116,High,29.154481863975523,2026-03-30 19:32:06.333434,XGBoost
8901-UPRHR,0.0014262674,Low,0.15574840418994426,2026-03-30 19:32:06.333434,XGBoost
8902-ZEOVF,0.00015437015,Low,0.003095121527439915,2026-03-30 19:32:06.333434,XGBoost
8903-WMRNW,0.0008896802,Low,0.09052495767537039,2026-03-30 19:32:06.333434,XGBoost
8903-XEBGX,0.8611678,High,47.622578704357146,2026-03-30 19:32:06.333434,XGBoost
8904-OPDCK,0.00039174946,Low,0.009774149062286597,2026-03-30 19:32:06.333434,XGBoost
8905-IAZPF,2.9912424e-05,Low,0.002861123355341988,2026-03-30 19:32:06.333434,XGBoost
8908-NMQTX,0.0034161587,Low,0.22410001233220098,2026-03-30 19:32:06.333434,XGBoost
8908-SLFCJ,4.585315e-05,Low,0.0009560381851770217,2026-03-30 19:32:06.333434,XGBoost
8909-BOLNL,6.144922e-05,Low,0.0013027233886532485,2026-03-30 19:32:06.333434,XGBoost
8910-ICHIU,8.18279e-05,Low,0.007826838676191984,2026-03-30 19:32:06.333434,XGBoost
8910-LEDAG,0.19960909,Low,14.28203009739518,2026-03-30 19:32:06.333434,XGBoost
8914-RBTSB,0.724696,High,67.97648297548294,2026-03-30 19:32:06.333434,XGBoost
8915-NNTRC,1.9782383e-05,Low,0.0021305626360117458,2026-03-30 19:32:06.333434,XGBoost
8917-FAEMR,2.6155074e-05,Low,0.0005191782191104722,2026-03-30 19:32:06.333434,XGBoost
8917-SZTTJ,6.197675e-05,Low,0.0012178431861684658,2026-03-30 19:32:06.333434,XGBoost
8919-FYFQZ,0.99986565,High,30.345922511816028,2026-03-30 19:32:06.333434,XGBoost
8920-NAVAY,5.89558e-06,Low,0.0006529355089242017,2026-03-30 19:32:06.333434,XGBoost
8922-LIEGH,0.99965394,High,89.66895800828934,2026-03-30 19:32:06.333434,XGBoost
8922-NPKBJ,1.3339258e-05,Low,0.00025811463742684285,2026-03-30 19:32:06.333434,XGBoost
8929-KSWIH,0.00010285398,Low,0.010213399945496348,2026-03-30 19:32:06.333434,XGBoost
8930-XOTDP,0.042176772,Low,2.3597903883084657,2026-03-30 19:32:06.333434,XGBoost
8931-GJJIQ,0.99943656,High,83.25306522250175,2026-03-30 19:32:06.333434,XGBoost
8932-CZHRQ,6.5201595e-05,Low,0.005004222426578053,2026-03-30 19:32:06.333434,XGBoost
8937-RDTHP,0.92414397,High,78.18257986307144,2026-03-30 19:32:06.333434,XGBoost
8938-UMKPI,0.9963702,High,106.01378889083863,2026-03-30 19:32:06.333434,XGBoost
8942-DBMHZ,0.007367935,Low,0.15067427139729261,2026-03-30 19:32:06.333434,XGBoost
8943-URTMR,0.99990594,High,79.64250842928887,2026-03-30 19:32:06.333434,XGBoost
8944-AILEF,0.017114835,Low,0.33288353802636267,2026-03-30 19:32:06.333434,XGBoost
8945-GRKHX,0.9996228,High,78.6203349351883,2026-03-30 19:32:06.333434,XGBoost
8945-MUQUF,0.99728835,High,94.54293522834777,2026-03-30 19:32:06.333434,XGBoost
8946-BFWSG,2.0357009e-05,Low,0.0005140144749020692,2026-03-30 19:32:06.333434,XGBoost
8947-YRTDV,0.00019209814,Low,0.01821090413723141,2026-03-30 19:32:06.333434,XGBoost
8949-JTMAY,0.94739795,High,93.41343760490417,2026-03-30 19:32:06.333434,XGBoost
8950-MTZNV,0.33931628,Low,15.252266727387907,2026-03-30 19:32:06.333434,XGBoost
8952-WCVCD,0.8637273,High,90.21631351411342,2026-03-30 19:32:06.333434,XGBoost
8957-THMOA,3.231913e-05,Low,0.0006512304835268878,2026-03-30 19:32:06.333434,XGBoost
8958-JPTRR,8.108269e-05,Low,0.0019703093566931784,2026-03-30 19:32:06.333434,XGBoost
8961-QDZZJ,0.0008217256,Low,0.07806393026839942,2026-03-30 19:32:06.333434,XGBoost
8963-JLGJT,0.00042514814,Low,0.023765781256952324,2026-03-30 19:32:06.333434,XGBoost
8963-MQVYN,6.394002e-05,Low,0.0013139673461409985,2026-03-30 19:32:06.333434,XGBoost
8966-KZXXA,6.9441994e-06,Low,0.00017429940526199063,2026-03-30 19:32:06.333434,XGBoost
8966-OIQHG,3.8594873e-05,Low,0.0008008436216186965,2026-03-30 19:32:06.333434,XGBoost
8966-SNIZF,1.8659237e-05,Low,0.0003629221588198561,2026-03-30 19:32:06.333434,XGBoost
8967-SZQAS,8.423877e-05,Low,0.004249845803133212,2026-03-30 19:32:06.333434,XGBoost
8969-PRHFK,0.00013376676,Low,0.0026285169049515386,2026-03-30 19:32:06.333434,XGBoost
8970-ANWXO,2.8372408e-05,Low,0.0020924650561937597,2026-03-30 19:32:06.333434,XGBoost
8972-HJWNV,0.9200721,High,77.7920942544937,2026-03-30 19:32:06.333434,XGBoost
8974-OVACP,0.00040102281,Low,0.008080609720491337,2026-03-30 19:32:06.333434,XGBoost
8975-SKGRX,4.7414218e-05,Low,0.005504790708437212,2026-03-30 19:32:06.333434,XGBoost
8976-OQHGT,0.9993692,High,56.464360028505325,2026-03-30 19:32:06.333434,XGBoost
8979-CAMGB,0.00011258493,Low,0.011494921385747148,2026-03-30 19:32:06.333434,XGBoost
8980-WQFWL,0.08132761,Low,5.050444563478232,2026-03-30 19:32:06.333434,XGBoost
8981-FJGLA,0.00021901439,Low,0.017083122103940696,2026-03-30 19:32:06.333434,XGBoost
8982-NHAVY,3.9936745e-05,Low,0.004013642917925608,2026-03-30 19:32:06.333434,XGBoost
8984-EYLLL,0.062855504,Low,6.615541843697429,2026-03-30 19:32:06.333434,XGBoost
8984-HPEMB,0.009991411,Low,1.1854809293523432,2026-03-30 19:32:06.333434,XGBoost
8985-OOPOS,0.0004512911,Low,0.033440670242998745,2026-03-30 19:32:06.333434,XGBoost
8988-ECPJR,0.87032956,High,69.27823288440703,2026-03-30 19:32:06.333434,XGBoost
8990-YOZLV,0.0006934075,Low,0.0463889612001367,2026-03-30 19:32:06.333434,XGBoost
8990-ZXLSU,0.00010002232,Low,0.0069065412037161876,2026-03-30 19:32:06.333434,XGBoost
8992-CEUEN,0.000326588,Low,0.006156183671555482,2026-03-30 19:32:06.333434,XGBoost
8992-JQYUN,0.989787,High,49.83577457070351,2026-03-30 19:32:06.333434,XGBoost
8992-OBVDG,0.0001637897,Low,0.010097634575504343,2026-03-30 19:32:06.333434,XGBoost
8992-VONJD,0.0004918784,Low,0.027545191813260317,2026-03-30 19:32:06.333434,XGBoost
8993-IZEUX,0.00014004236,Low,0.009683929495804478,2026-03-30 19:32:06.333434,XGBoost
8993-PHFWD,0.55816585,Medium,14.093687668442726,2026-03-30 19:32:06.333434,XGBoost
8996-ZROXE,0.00040353328,Low,0.021589030598988757,2026-03-30 19:32:06.333434,XGBoost
8999-BOHSE,0.9994542,High,89.65104176402092,2026-03-30 19:32:06.333434,XGBoost
8999-EXMNO,3.1697396e-05,Low,0.0006387025390722556,2026-03-30 19:32:06.333434,XGBoost
8999-XXGNS,0.00014648966,Low,0.015491281879803864,2026-03-30 19:32:06.333434,XGBoost
8999-YPYBV,0.00051753037,Low,0.04365368643775582,2026-03-30 19:32:06.333434,XGBoost
9000-PLFUZ,8.913012e-05,Low,0.0044074842844565865,2026-03-30 19:32:06.333434,XGBoost
9003-CPATH,0.16076404,Low,12.845046681165696,2026-03-30 19:32:06.333434,XGBoost
9013-AQORL,3.0157458e-05,Low,0.0013736722228713915,2026-03-30 19:32:06.333434,XGBoost
9018-PCIOK,2.859373e-05,Low,0.0018514439811951888,2026-03-30 19:32:06.333434,XGBoost
9019-QVLZD,0.99995923,High,79.54675678014755,2026-03-30 19:32:06.333434,XGBoost
9025-AOMKI,0.9862554,High,92.26419335603714,2026-03-30 19:32:06.333434,XGBoost
9025-ZRPVR,0.7986047,High,15.133559572696685,2026-03-30 19:32:06.333434,XGBoost
9026-LHEVG,0.000106843436,Low,0.004353870008344529,2026-03-30 19:32:06.333434,XGBoost
9026-RNUJS,0.99941254,High,50.32042121887207,2026-03-30 19:32:06.333434,XGBoost
9027-TMATR,0.0007358519,Low,0.05798512797337025,2026-03-30 19:32:06.333434,XGBoost
9027-YFHQJ,0.0005884977,Low,0.014741868112469093,2026-03-30 19:32:06.333434,XGBoost
9028-LIHRP,6.3600564e-05,Low,0.006372776544594672,2026-03-30 19:32:06.333434,XGBoost
9029-FEGVJ,0.0007507853,Low,0.05953727318556048,2026-03-30 19:32:06.333434,XGBoost
9030-QGZNL,0.00037167908,Low,0.007749508850974963,2026-03-30 19:32:06.333434,XGBoost
9031-ZVQPT,0.00016098593,Low,0.017418677828391082,2026-03-30 19:32:06.333434,XGBoost
9033-EOXWV,0.9999231,High,74.04430629611015,2026-03-30 19:32:06.333434,XGBoost
9036-CSKBW,6.57325e-05,Low,0.007062957117886981,2026-03-30 19:32:06.333434,XGBoost
9039-RBEEE,0.7113182,High,34.819025638699536,2026-03-30 19:32:06.333434,XGBoost
9039-ZVJDC,0.016750624,Low,0.3199369261041284,2026-03-30 19:32:06.333434,XGBoost
9040-KZVWO,4.0550432e-05,Low,0.0030615576506534126,2026-03-30 19:32:06.333434,XGBoost
9046-DQMTP,0.007178704,Low,0.14895810361485928,2026-03-30 19:32:06.333434,XGBoost
9046-JBFWA,1.50656115e-05,Low,0.00028850645981037815,2026-03-30 19:32:06.333434,XGBoost
9048-JVYVF,0.9996309,High,69.32440485954284,2026-03-30 19:32:06.333434,XGBoost
9050-IKDZA,0.0009306636,Low,0.07584908386343159,2026-03-30 19:32:06.333434,XGBoost
9050-QLROH,0.9980155,High,90.52000793218613,2026-03-30 19:32:06.333434,XGBoost
9052-DHNKM,3.0131558e-05,Low,0.0018545973734035214,2026-03-30 19:32:06.333434,XGBoost
9052-VKDUW,0.00016626994,Low,0.01818993100023363,2026-03-30 19:32:06.333434,XGBoost
9053-EJUNL,0.07996942,Low,7.133272355794907,2026-03-30 19:32:06.333434,XGBoost
9053-JZFKV,0.99945253,High,116.13638414144516,2026-03-30 19:32:06.333434,XGBoost
9054-FOWNV,6.916562e-05,Low,0.006138448497949867,2026-03-30 19:32:06.333434,XGBoost
9055-MOJJJ,9.104555e-06,Low,0.0005990797137201297,2026-03-30 19:32:06.333434,XGBoost
9057-MSWCO,0.9991198,High,30.722934409976006,2026-03-30 19:32:06.333434,XGBoost
9057-SIHCH,0.9274691,High,89.59351261854171,2026-03-30 19:32:06.333434,XGBoost
9058-CBREO,0.9996176,High,50.53066849708557,2026-03-30 19:32:06.333434,XGBoost
9058-HRZSV,0.00021936298,Low,0.0207078650360927,2026-03-30 19:32:06.333434,XGBoost
9058-MJLZC,0.00020629124,Low,0.01951515121036209,2026-03-30 19:32:06.333434,XGBoost
9060-HJJRW,0.00028008517,Low,0.015796803322155026,2026-03-30 19:32:06.333434,XGBoost
9061-TIHDA,0.9997396,High,95.2251956909895,2026-03-30 19:32:06.333434,XGBoost
9063-ZGTUY,0.99616855,High,19.325669944286346,2026-03-30 19:32:06.333434,XGBoost
9065-ZCPQX,5.1482897e-05,Low,0.004059426436833746,2026-03-30 19:32:06.333434,XGBoost
9066-QRSDU,3.2575183e-05,Low,0.000856727301288629,2026-03-30 19:32:06.333434,XGBoost
9067-SQTNS,5.7250313e-06,Low,0.00011793564508479904,2026-03-30 19:32:06.333434,XGBoost
9067-YGSCA,1.6431944e-05,Low,0.0004280521531654813,2026-03-30 19:32:06.333434,XGBoost
9068-FHQHD,4.8193833e-05,Low,0.0009711057391541543,2026-03-30 19:32:06.333434,XGBoost
9068-VPWQQ,5.831823e-05,Low,0.004394278630752524,2026-03-30 19:32:06.333434,XGBoost
9069-LGEUL,0.00021067064,Low,0.01262970474199392,2026-03-30 19:32:06.333434,XGBoost
9070-BCKQP,0.00013447924,Low,0.014812888278538595,2026-03-30 19:32:06.333434,XGBoost
9073-ZZIAY,4.5556942e-05,Low,0.003922452748884098,2026-03-30 19:32:06.333434,XGBoost
9074-KGVOX,1.6686392e-05,Low,0.0006582781633369451,2026-03-30 19:32:06.333434,XGBoost
9076-AXYIK,6.4893924e-05,Low,0.006625669639470288,2026-03-30 19:32:06.333434,XGBoost
9079-LWTFD,0.00025800665,Low,0.025994170013291296,2026-03-30 19:32:06.333434,XGBoost
9079-YEXQJ,0.99857354,High,110.94152047634124,2026-03-30 19:32:06.333434,XGBoost
9081-WWXKP,0.00010391315,Low,0.002104241348206415,2026-03-30 19:32:06.333434,XGBoost
9084-OAYKL,0.0015023821,Low,0.03124954774975777,2026-03-30 19:32:06.333434,XGBoost
9086-YJYXS,5.664283e-05,Low,0.0043728266013204125,2026-03-30 19:32:06.333434,XGBoost
9087-EYCPR,3.8295595e-05,Low,0.0009573898751114029,2026-03-30 19:32:06.333434,XGBoost
9089-UOWJG,0.00071381946,Low,0.04165136568190064,2026-03-30 19:32:06.333434,XGBoost
9090-SGQXL,0.93891704,High,98.86796439886093,2026-03-30 19:32:06.333434,XGBoost
9091-WTUUY,6.598667e-05,Low,0.004569576964058797,2026-03-30 19:32:06.333434,XGBoost
9092-GDZKO,4.9942577e-05,Low,0.0012410730354531553,2026-03-30 19:32:06.333434,XGBoost
9093-FPDLG,0.00040218607,Low,0.037885927408933644,2026-03-30 19:32:06.333434,XGBoost
9094-AZPHK,0.3800967,Low,38.06668488234282,2026-03-30 19:32:06.333434,XGBoost
9095-HFAFX,0.99920505,High,80.93560928106308,2026-03-30 19:32:06.333434,XGBoost
9097-ZUBYC,0.1314711,Low,6.415789556503295,2026-03-30 19:32:06.333434,XGBoost
9099-FTUHS,0.00014263504,Low,0.00775934592820704,2026-03-30 19:32:06.333434,XGBoost
9101-BWFSS,0.9996093,High,108.50758859813213,2026-03-30 19:32:06.333434,XGBoost
9101-NTIXF,0.0001252583,Low,0.0024300110671902075,2026-03-30 19:32:06.333434,XGBoost
9102-IAYHT,0.99963593,High,85.41889063119889,2026-03-30 19:32:06.333434,XGBoost
9102-OXKFY,0.000137196,Low,0.007429163139750017,2026-03-30 19:32:06.333434,XGBoost
9103-CXVOK,0.0001289926,Low,0.0025476038572378457,2026-03-30 19:32:06.333434,XGBoost
9103-TCIHJ,0.8336991,High,46.43704026937485,2026-03-30 19:32:06.333434,XGBoost
9107-UKCKY,0.0001226029,Low,0.009783711264026352,2026-03-30 19:32:06.333434,XGBoost
9108-EJFJP,0.0013052367,Low,0.06989542603259906,2026-03-30 19:32:06.333434,XGBoost
9108-EQPNQ,3.1448904e-05,Low,0.0008208164032112109,2026-03-30 19:32:06.333434,XGBoost
9110-HSGTV,0.0051567527,Low,0.42517425627447664,2026-03-30 19:32:06.333434,XGBoost
9112-WSNPU,1.8675632e-05,Low,0.001317565802946774,2026-03-30 19:32:06.333434,XGBoost
9114-AAFQH,0.2457055,Low,16.130566091090444,2026-03-30 19:32:06.333434,XGBoost
9114-DPSIA,0.00020135731,Low,0.016309942133375444,2026-03-30 19:32:06.333434,XGBoost
9114-VEPUF,5.4559456e-05,Low,0.0052431636973778945,2026-03-30 19:32:06.333434,XGBoost
9115-YQHGA,0.17780259,Low,9.085712477564812,2026-03-30 19:32:06.333434,XGBoost
9117-SHLZX,0.59824175,Medium,27.339647811651233,2026-03-30 19:32:06.333434,XGBoost
9121-PHQSR,0.21888904,Low,18.616513084620237,2026-03-30 19:32:06.333434,XGBoost
9122-UMROB,0.057088375,Low,1.1588940143585205,2026-03-30 19:32:06.333434,XGBoost
9124-LHCJQ,0.9996376,High,85.41903324127198,2026-03-30 19:32:06.333434,XGBoost
9127-FHJBZ,3.3118045e-05,Low,0.003775457174924668,2026-03-30 19:32:06.333434,XGBoost
9127-QRZMH,0.00012528601,Low,0.007498367655352923,2026-03-30 19:32:06.333434,XGBoost
9128-CPXKI,5.3200853e-05,Low,0.005096641675481806,2026-03-30 19:32:06.333434,XGBoost
9129-UXERG,0.15369979,Low,15.923297774791717,2026-03-30 19:32:06.333434,XGBoost
9133-AYJZG,0.11771336,Low,11.618308827280998,2026-03-30 19:32:06.333434,XGBoost
9134-CEQMF,0.9990958,High,89.41907387971878,2026-03-30 19:32:06.333434,XGBoost
9134-WYRVP,0.12217717,Low,10.549998519569634,2026-03-30 19:32:06.333434,XGBoost
9135-HSWOC,0.007936245,Low,0.15634402316063642,2026-03-30 19:32:06.333434,XGBoost
9135-MGVPY,0.0023613058,Low,0.20000259757507594,2026-03-30 19:32:06.333434,XGBoost
9136-ALYBR,0.88184845,High,21.561194711923598,2026-03-30 19:32:06.333434,XGBoost
9137-NOQKA,0.00015349066,Low,0.0029470207169651984,2026-03-30 19:32:06.333434,XGBoost
9137-UIYPG,0.09688192,Low,10.356677099317313,2026-03-30 19:32:06.333434,XGBoost
9138-EFSMO,4.886634e-06,Low,0.0003857997612158215,2026-03-30 19:32:06.333434,XGBoost
9139-TWBAS,0.14366978,Low,6.874599167704583,2026-03-30 19:32:06.333434,XGBoost
9139-WQQDY,0.99798137,High,100.24722856581211,2026-03-30 19:32:06.333434,XGBoost
9140-CZQZZ,1.8099172e-05,Low,0.0014406940863409545,2026-03-30 19:32:06.333434,XGBoost
9142-KZXOP,0.0004254946,Low,0.029295302943501154,2026-03-30 19:32:06.333434,XGBoost
9142-XMYJH,4.8441172e-05,Low,0.0009373366803629324,2026-03-30 19:32:06.333434,XGBoost
9143-CANJF,0.07513128,Low,4.1434902139008045,2026-03-30 19:32:06.333434,XGBoost
9146-JRIOX,0.01366344,Low,0.34910089229233565,2026-03-30 19:32:06.333434,XGBoost
9150-HEPMB,0.00021888973,Low,0.011535488994559273,2026-03-30 19:32:06.333434,XGBoost
9150-KPBJQ,5.507966e-05,Low,0.0010823153435921993,2026-03-30 19:32:06.333434,XGBoost
9152-AMKAK,2.1119851e-05,Low,0.0016948680608948052,2026-03-30 19:32:06.333434,XGBoost
9153-BTBVV,0.025937887,Low,0.64844717271626,2026-03-30 19:32:06.333434,XGBoost
9154-QDGTH,3.6850313e-05,Low,0.003843487680933322,2026-03-30 19:32:06.333434,XGBoost
9158-VCTQB,0.9991571,High,113.50424327850341,2026-03-30 19:32:06.333434,XGBoost
9163-GHAYE,8.761304e-05,Low,0.004279897171727498,2026-03-30 19:32:06.333434,XGBoost
9167-APMXZ,0.00020799015,Low,0.017502370786678514,2026-03-30 19:32:06.333434,XGBoost
9168-INPSZ,0.0017375181,Low,0.1809625121590216,2026-03-30 19:32:06.333434,XGBoost
9169-BSVIN,0.00031826523,Low,0.02379032586759422,2026-03-30 19:32:06.333434,XGBoost
9170-ARBTB,0.000117950905,Low,0.0023118377459468323,2026-03-30 19:32:06.333434,XGBoost
9170-CCKOU,0.9972984,High,89.9563174366951,2026-03-30 19:32:06.333434,XGBoost
9170-GYZJC,0.98727113,High,78.88296329379082,2026-03-30 19:32:06.333434,XGBoost
9172-ANCRX,0.98954624,High,97.66821382641793,2026-03-30 19:32:06.333434,XGBoost
9172-JITSM,0.8706189,High,79.05219428539276,2026-03-30 19:32:06.333434,XGBoost
9173-IVZVP,3.1644297e-05,Low,0.0006613657977140974,2026-03-30 19:32:06.333434,XGBoost
9174-FKWZE,0.91187936,High,17.736053565144537,2026-03-30 19:32:06.333434,XGBoost
9174-IHETN,3.6153433e-06,Low,0.00025433940136281307,2026-03-30 19:32:06.333434,XGBoost
9178-JHUVJ,2.8731243e-05,Low,0.000692422961583361,2026-03-30 19:32:06.333434,XGBoost
9184-GALIL,6.332949e-05,Low,0.0012950880958669585,2026-03-30 19:32:06.333434,XGBoost
9185-TQCVP,0.9993451,High,85.09423728883267,2026-03-30 19:32:06.333434,XGBoost
9189-JWSHV,0.9981071,High,93.37291693091392,2026-03-30 19:32:06.333434,XGBoost
9190-MFJLN,0.7840868,High,75.1939263701439,2026-03-30 19:32:06.333434,XGBoost
9191-MYQKX,0.7990106,High,60.04564469754696,2026-03-30 19:32:06.333434,XGBoost
9194-GFVOI,0.0008599045,Low,0.07253294545516836,2026-03-30 19:32:06.333434,XGBoost
9199-PWQVC,0.00056139205,Low,0.04474294647807255,2026-03-30 19:32:06.333434,XGBoost
9200-NLNPD,0.0004291872,Low,0.023197568312752992,2026-03-30 19:32:06.333434,XGBoost
9206-GVPEQ,0.9996419,High,54.43050119876862,2026-03-30 19:32:06.333434,XGBoost
9207-ZPANB,0.00016536524,Low,0.01115388567050104,2026-03-30 19:32:06.333434,XGBoost
9208-OLGAQ,0.3421333,Low,29.06422497481108,2026-03-30 19:32:06.333434,XGBoost
9209-NWPGU,0.043500595,Low,2.8449388995766642,2026-03-30 19:32:06.333434,XGBoost
9210-IAHGH,0.9996258,High,70.72352549433708,2026-03-30 19:32:06.333434,XGBoost
9214-EKVXR,0.2565237,Low,11.287042737007141,2026-03-30 19:32:06.333434,XGBoost
9220-CXRSC,0.000112491354,Low,0.006906969149713405,2026-03-30 19:32:06.333434,XGBoost
9220-ZNKJI,0.06151576,Low,5.462599459290504,2026-03-30 19:32:06.333434,XGBoost
9221-OTIVJ,0.9996836,High,104.81682740449905,2026-03-30 19:32:06.333434,XGBoost
9223-UCPVT,0.99502546,High,93.93040304183961,2026-03-30 19:32:06.333434,XGBoost
9224-VTYID,4.017495e-05,Low,0.0036358329198264983,2026-03-30 19:32:06.333434,XGBoost
9225-BZLNZ,3.960443e-05,Low,0.0033762777120500687,2026-03-30 19:32:06.333434,XGBoost
9227-LUNBG,0.891578,High,21.93281925916672,2026-03-30 19:32:06.333434,XGBoost
9227-UAQFT,9.676441e-05,Low,0.0019110970624751644,2026-03-30 19:32:06.333434,XGBoost
9227-YBAXE,2.3629313e-05,Low,0.0019494182924972847,2026-03-30 19:32:06.333434,XGBoost
9229-RQABD,0.0014820118,Low,0.035197779070585966,2026-03-30 19:32:06.333434,XGBoost
9231-ZJYAM,0.9898745,High,78.05160291790962,2026-03-30 19:32:06.333434,XGBoost
9233-PSYHO,0.00020460755,Low,0.020491446464438925,2026-03-30 19:32:06.333434,XGBoost
9236-NDUCW,0.00030991214,Low,0.010877916065510362,2026-03-30 19:32:06.333434,XGBoost
9237-HQITU,0.96544635,High,68.25705715417863,2026-03-30 19:32:06.333434,XGBoost
9239-GZHZE,0.0066854213,Low,0.7597981348866597,2026-03-30 19:32:06.333434,XGBoost
9239-ZBZZV,0.83919454,High,40.239378011226655,2026-03-30 19:32:06.333434,XGBoost
9242-TKFSV,0.00011852457,Low,0.007715949572593672,2026-03-30 19:32:06.333434,XGBoost
9244-ZVAPM,0.0011549208,Low,0.052664387784898285,2026-03-30 19:32:06.333434,XGBoost
9248-OJYKK,0.999642,High,76.42263200879097,2026-03-30 19:32:06.333434,XGBoost
9249-FXSCK,0.9971064,High,110.92808403074741,2026-03-30 19:32:06.333434,XGBoost
9250-WYPLL,0.8450236,High,63.841530898213385,2026-03-30 19:32:06.333434,XGBoost
9251-AWQGT,5.356187e-06,Low,0.00010712374205468222,2026-03-30 19:32:06.333434,XGBoost
9251-WNSOD,0.00016883473,Low,0.012679487894638441,2026-03-30 19:32:06.333434,XGBoost
9253-QXKBE,0.95784247,High,90.46822121739388,2026-03-30 19:32:06.333434,XGBoost
9253-VIFJQ,3.5821788e-05,Low,0.002401850858950638,2026-03-30 19:32:06.333434,XGBoost
9254-RBFON,0.9999577,High,98.59582731723785,2026-03-30 19:32:06.333434,XGBoost
9256-JTBNZ,0.036216445,Low,0.7351938389241696,2026-03-30 19:32:06.333434,XGBoost
9257-AZMTZ,0.0013760601,Low,0.02765880741644651,2026-03-30 19:32:06.333434,XGBoost
9258-CNWAC,9.61822e-06,Low,0.001093110731062552,2026-03-30 19:32:06.333434,XGBoost
9259-PACGQ,0.9988932,High,62.58065906465053,2026-03-30 19:32:06.333434,XGBoost
9261-WDCAF,0.00058731093,Low,0.03209654249076266,2026-03-30 19:32:06.333434,XGBoost
9269-CQOOL,0.57257,Medium,31.319580417871478,2026-03-30 19:32:06.333434,XGBoost
9272-LSVYH,0.2855322,Low,20.030084271728995,2026-03-30 19:32:06.333434,XGBoost
9274-CNFMO,0.95322883,High,71.44450090527535,2026-03-30 19:32:06.333434,XGBoost
9274-UARKJ,0.00021805776,Low,0.018142405431717634,2026-03-30 19:32:06.333434,XGBoost
9277-JOOMO,4.8064998e-05,Low,0.0011823989465483465,2026-03-30 19:32:06.333434,XGBoost
9278-VZKCD,5.4701264e-05,Low,0.005967907920057768,2026-03-30 19:32:06.333434,XGBoost
9279-CJEOJ,0.000109069835,Low,0.010405262274434791,2026-03-30 19:32:06.333434,XGBoost
9281-CEDRU,1.1599332e-05,Low,0.0007435171573888509,2026-03-30 19:32:06.333434,XGBoost
9281-OFDMF,0.00036314287,Low,0.03293705830001272,2026-03-30 19:32:06.333434,XGBoost
9281-PKKZE,0.0015270632,Low,0.06711442761006765,2026-03-30 19:32:06.333434,XGBoost
9282-IZGQK,0.99867475,High,84.88735377788544,2026-03-30 19:32:06.333434,XGBoost
9283-LZQOH,0.9993383,High,74.35077166557312,2026-03-30 19:32:06.333434,XGBoost
9286-BHDQG,0.0007963152,Low,0.03603326289157849,2026-03-30 19:32:06.333434,XGBoost
9286-DOJGF,0.99989736,High,74.94230719208717,2026-03-30 19:32:06.333434,XGBoost
9289-LBQVU,4.067809e-05,Low,0.0028535679528431503,2026-03-30 19:32:06.333434,XGBoost
9290-SHCMB,0.0014809149,Low,0.14342660662950946,2026-03-30 19:32:06.333434,XGBoost
9294-TDIPC,0.00059723575,Low,0.012064162082970143,2026-03-30 19:32:06.333434,XGBoost
9297-EONCV,6.5990505e-05,Low,0.006028232667449628,2026-03-30 19:32:06.333434,XGBoost
9297-FVVDH,0.00026231483,Low,0.02216560330998618,2026-03-30 19:32:06.333434,XGBoost
9298-WGMRW,0.00013625274,Low,0.01573719147563679,2026-03-30 19:32:06.333434,XGBoost
9300-AGZNL,0.99790776,High,93.80332922935486,2026-03-30 19:32:06.333434,XGBoost
9300-RENDD,0.9999083,High,79.94267082810403,2026-03-30 19:32:06.333434,XGBoost
9305-CDSKC,0.99979204,High,99.62927672564985,2026-03-30 19:32:06.333434,XGBoost
9306-CPCBC,0.9981219,High,74.11055235564709,2026-03-30 19:32:06.333434,XGBoost
9308-ANMVE,0.0002478914,Low,0.013708394987042993,2026-03-30 19:32:06.333434,XGBoost
9309-BZGNT,1.0480033e-05,Low,0.00031230497952492445,2026-03-30 19:32:06.333434,XGBoost
9313-CDOGY,0.00014948891,Low,0.002929982729256153,2026-03-30 19:32:06.333434,XGBoost
9313-QOLTZ,1.9868086e-05,Low,0.00041524300540913823,2026-03-30 19:32:06.333434,XGBoost
9314-IJWSQ,0.06864322,Low,5.820945036411286,2026-03-30 19:32:06.333434,XGBoost
9314-QDMDW,0.00032750497,Low,0.02005967926379526,2026-03-30 19:32:06.333434,XGBoost
9317-WZPGV,0.95093924,High,75.83740423619747,2026-03-30 19:32:06.333434,XGBoost
9318-NKNFC,0.99682415,High,18.790135139226916,2026-03-30 19:32:06.333434,XGBoost
9323-HGFWY,0.14787728,Low,15.068694418668748,2026-03-30 19:32:06.333434,XGBoost
9327-QSDED,6.196269e-05,Low,0.002698475064607919,2026-03-30 19:32:06.333434,XGBoost
9330-DHBFL,9.0361005e-05,Low,0.005986416599625954,2026-03-30 19:32:06.333434,XGBoost
9330-IJWIO,0.90812325,High,91.1301686167717,2026-03-30 19:32:06.333434,XGBoost
9330-VOFSZ,0.04188549,Low,4.640912453830242,2026-03-30 19:32:06.333434,XGBoost
9332-GYWLO,0.13014287,Low,7.138336285948753,2026-03-30 19:32:06.333434,XGBoost
9334-GWGOW,0.000532745,Low,0.03987596147053409,2026-03-30 19:32:06.333434,XGBoost
9337-SRRNI,1.0806857e-05,Low,0.00027341348368281615,2026-03-30 19:32:06.333434,XGBoost
9339-FIIJL,2.67996e-05,Low,0.0023034256340906723,2026-03-30 19:32:06.333434,XGBoost
9342-VNIMQ,0.00061590143,Low,0.03365901315701194,2026-03-30 19:32:06.333434,XGBoost
9347-AERRL,0.0006635921,Low,0.012807327002519742,2026-03-30 19:32:06.333434,XGBoost
9348-ROUAI,1.8548775e-05,Low,0.0016749543994592387,2026-03-30 19:32:06.333434,XGBoost
9348-YVOMK,0.00046353892,Low,0.020766543596982955,2026-03-30 19:32:06.333434,XGBoost
9350-VLHMB,2.064225e-06,Low,0.00018485135772152716,2026-03-30 19:32:06.333434,XGBoost
9350-ZXYJC,5.9682625e-05,Low,0.001509970408733352,2026-03-30 19:32:06.333434,XGBoost
9351-HXDMR,0.009740188,Low,1.0801868255250155,2026-03-30 19:32:06.333434,XGBoost
9351-LZYGF,0.0005014765,Low,0.03329804087989033,2026-03-30 19:32:06.333434,XGBoost
9355-NPPFS,0.00025876964,Low,0.020391047338489444,2026-03-30 19:32:06.333434,XGBoost
9356-AXGMP,0.00013348911,Low,0.014777244816650636,2026-03-30 19:32:06.333434,XGBoost
9357-UJRUN,5.8007736e-05,Low,0.003384751383237017,2026-03-30 19:32:06.333434,XGBoost
9359-JANWS,6.7086745e-05,Low,0.003951409269939176,2026-03-30 19:32:06.333434,XGBoost
9359-UGBTK,7.113056e-05,Low,0.005146296160091879,2026-03-30 19:32:06.333434,XGBoost
9360-AHGNL,0.011362437,Low,1.2447549907490612,2026-03-30 19:32:06.333434,XGBoost
9360-OMDZZ,0.40083733,Medium,37.718792942166324,2026-03-30 19:32:06.333434,XGBoost
9361-YNQWJ,3.526765e-05,Low,0.0008605306764366105,2026-03-30 19:32:06.333434,XGBoost
9362-MWODR,0.14743474,Low,9.45056691467762,2026-03-30 19:32:06.333434,XGBoost
9364-YKUVW,0.014470697,Low,0.28651980813592676,2026-03-30 19:32:06.333434,XGBoost
9365-CSLBQ,1.6884967e-05,Low,0.0004111489563911164,2026-03-30 19:32:06.333434,XGBoost
9365-SRSZE,0.09173095,Low,6.471618682146072,2026-03-30 19:32:06.333434,XGBoost
9367-OIUXP,0.11999829,Low,2.4839646264910695,2026-03-30 19:32:06.333434,XGBoost
9367-TCUYN,0.000389408,Low,0.007827100800932386,2026-03-30 19:32:06.333434,XGBoost
9367-WXLCH,0.9976782,High,84.30380961298943,2026-03-30 19:32:06.333434,XGBoost
9369-XFEHK,0.8288132,High,66.80234353542328,2026-03-30 19:32:06.333434,XGBoost
9371-BITHB,3.643616e-05,Low,0.0007232577472677804,2026-03-30 19:32:06.333434,XGBoost
9372-TXXPS,0.00028069923,Low,0.016799848736263813,2026-03-30 19:32:06.333434,XGBoost
9373-WSLOY,0.14512266,Low,7.256133109331131,2026-03-30 19:32:06.333434,XGBoost
9374-YOLBJ,0.0012446387,Low,0.02395929492195137,2026-03-30 19:32:06.333434,XGBoost
9375-MHRRS,7.896225e-05,Low,0.003952060611118213,2026-03-30 19:32:06.333434,XGBoost
9378-FXTIZ,0.9951202,High,69.80768394768239,2026-03-30 19:32:06.333434,XGBoost
9381-NDKME,0.99931526,High,40.62216539382934,2026-03-30 19:32:06.333434,XGBoost
9385-EHGDO,5.2941676e-05,Low,0.001050892262173875,2026-03-30 19:32:06.333434,XGBoost
9385-NXKDA,0.0005517782,Low,0.04560446681280155,2026-03-30 19:32:06.333434,XGBoost
9386-LDCZR,0.00017220469,Low,0.015610354900127278,2026-03-30 19:32:06.333434,XGBoost
9388-ZEYVT,0.00018172471,Low,0.008023145958577515,2026-03-30 19:32:06.333434,XGBoost
9389-ACWBI,0.07072668,Low,4.947331110388041,2026-03-30 19:32:06.333434,XGBoost
9391-DXGGG,0.00011657612,Low,0.010392761141702067,2026-03-30 19:32:06.333434,XGBoost
9391-EOYLI,0.820935,High,66.04422162771225,2026-03-30 19:32:06.333434,XGBoost
9391-LMANN,2.2638518e-05,Low,0.002172165821593808,2026-03-30 19:32:06.333434,XGBoost
9391-TTOYH,0.00018579725,Low,0.0036230464320397004,2026-03-30 19:32:06.333434,XGBoost
9391-YZEJW,1.3821703e-05,Low,0.0012992400679650018,2026-03-30 19:32:06.333434,XGBoost
9392-XBGTD,4.7238518e-05,Low,0.0009731134741741699,2026-03-30 19:32:06.333434,XGBoost
9396-ZSFLL,0.19484614,Low,9.518233858793975,2026-03-30 19:32:06.333434,XGBoost
9397-TZSHA,0.0004289027,Low,0.010551006736932322,2026-03-30 19:32:06.333434,XGBoost
9398-MMQTO,0.00011257881,Low,0.008381492496846476,2026-03-30 19:32:06.333434,XGBoost
9399-APLBT,0.9950932,High,74.33346401453018,2026-03-30 19:32:06.333434,XGBoost
9402-CXWPL,4.0720817e-05,Low,0.004027288820725517,2026-03-30 19:32:06.333434,XGBoost
9402-ORRAH,0.00070040335,Low,0.06408690690295771,2026-03-30 19:32:06.333434,XGBoost
9402-ROUMJ,2.38457e-05,Low,0.002390531386481598,2026-03-30 19:32:06.333434,XGBoost
9405-GPBBG,0.00012316828,Low,0.013610095338663086,2026-03-30 19:32:06.333434,XGBoost
9408-HRXRK,0.0003991756,Low,0.041973313792550475,2026-03-30 19:32:06.333434,XGBoost
9408-SSNVZ,0.88729185,High,62.24352318346501,2026-03-30 19:32:06.333434,XGBoost
9411-TPQQV,0.10139308,Low,5.530992582067847,2026-03-30 19:32:06.333434,XGBoost
9412-ARGBX,0.9954131,High,95.06195339560509,2026-03-30 19:32:06.333434,XGBoost
9412-GHEEC,0.99982494,High,104.78165383338929,2026-03-30 19:32:06.333434,XGBoost
9415-DPEWS,0.9997311,High,88.3262447565794,2026-03-30 19:32:06.333434,XGBoost
9415-TPKRV,0.00048348092,Low,0.026954061424476095,2026-03-30 19:32:06.333434,XGBoost
9415-ZNBSX,3.463079e-06,Low,0.00030821404084235837,2026-03-30 19:32:06.333434,XGBoost
9418-RUKPH,0.0007194154,Low,0.01435233669471927,2026-03-30 19:32:06.333434,XGBoost
9419-IPPBE,4.4786015e-05,Low,0.004037459231403773,2026-03-30 19:32:06.333434,XGBoost
9420-LOJKX,0.9995877,High,99.05914252400397,2026-03-30 19:32:06.333434,XGBoost
9424-CMPOG,0.0033940305,Low,0.06652299780398607,2026-03-30 19:32:06.333434,XGBoost
9426-SXNHE,0.00013129946,Low,0.002461864823999349,2026-03-30 19:32:06.333434,XGBoost
9430-FRQOC,0.96043,High,83.65345526933669,2026-03-30 19:32:06.333434,XGBoost
9430-NKQLY,8.594241e-06,Low,0.000215715451122378,2026-03-30 19:32:06.333434,XGBoost
9432-RUVSL,0.0042854035,Low,0.4392538615502417,2026-03-30 19:32:06.333434,XGBoost
9432-VOFYX,3.5456735e-05,Low,0.002510336811246816,2026-03-30 19:32:06.333434,XGBoost
9435-JMLSX,2.2818092e-05,Low,0.0019646377621029385,2026-03-30 19:32:06.333434,XGBoost
9436-ZBZCT,0.9990238,High,89.8621903717518,2026-03-30 19:32:06.333434,XGBoost
9441-QHEVC,0.0003584127,Low,0.006845682792481967,2026-03-30 19:32:06.333434,XGBoost
9442-JTWDL,0.00014097917,Low,0.002826632418873487,2026-03-30 19:32:06.333434,XGBoost
9443-JUBUO,0.00016097089,Low,0.010503350258659339,2026-03-30 19:32:06.333434,XGBoost
9444-JTXHZ,0.999984,High,76.19878277778626,2026-03-30 19:32:06.333434,XGBoost
9445-SZLCH,0.99986076,High,97.33644533157349,2026-03-30 19:32:06.333434,XGBoost
9445-ZUEQE,9.056502e-06,Low,0.0007716139505646425,2026-03-30 19:32:06.333434,XGBoost
9447-YPTBX,0.00037433195,Low,0.0074304892856162045,2026-03-30 19:32:06.333434,XGBoost
9448-REEVD,0.29158533,Low,13.033864080905914,2026-03-30 19:32:06.333434,XGBoost
9450-TRJUU,0.67578864,Medium,56.191825497150425,2026-03-30 19:32:06.333434,XGBoost
9451-LPGOO,0.56017303,Medium,48.62301940917968,2026-03-30 19:32:06.333434,XGBoost
9451-WLYRI,0.056563757,Low,1.0775395777076484,2026-03-30 19:32:06.333434,XGBoost
9453-PATOS,0.00028675018,Low,0.024402439917321314,2026-03-30 19:32:06.333434,XGBoost
9462-MJUAW,0.9993024,High,50.36484031677246,2026-03-30 19:32:06.333434,XGBoost
9465-RWMXL,0.99975914,High,78.8809959590435,2026-03-30 19:32:06.333434,XGBoost
9467-ROOLM,0.009182455,Low,0.17492576809599997,2026-03-30 19:32:06.333434,XGBoost
9469-WEJBT,0.29402563,Low,26.565215648710726,2026-03-30 19:32:06.333434,XGBoost
9470-RTWDV,4.1107646e-06,Low,0.0003370826989339548,2026-03-30 19:32:06.333434,XGBoost
9470-XCCEM,8.236424e-05,Low,0.007383954149190687,2026-03-30 19:32:06.333434,XGBoost
9470-YFUYI,1.0875641e-05,Low,0.0007721705278527224,2026-03-30 19:32:06.333434,XGBoost
9473-CBZOP,0.0033672093,Low,0.19866535114124417,2026-03-30 19:32:06.333434,XGBoost
9474-PHLYD,0.9113128,High,54.177547061443335,2026-03-30 19:32:06.333434,XGBoost
9475-NNDGC,0.03219185,Low,3.6425078552216292,2026-03-30 19:32:06.333434,XGBoost
9477-LGWQI,0.0043685394,Low,0.3501384356291965,2026-03-30 19:32:06.333434,XGBoost
9479-HYNYL,8.570061e-05,Low,0.006916039138741325,2026-03-30 19:32:06.333434,XGBoost
9480-BQJEI,1.9825027e-05,Low,0.0018298500166565644,2026-03-30 19:32:06.333434,XGBoost
9481-IEBZY,7.459229e-05,Low,0.00842146931536263,2026-03-30 19:32:06.333434,XGBoost
9481-SFCQY,0.00036671906,Low,0.021929799864301457,2026-03-30 19:32:06.333434,XGBoost
9481-WHGWY,1.4406734e-05,Low,0.0010855474376512573,2026-03-30 19:32:06.333434,XGBoost
9483-GCPWE,0.00013589658,Low,0.0027315212966641414,2026-03-30 19:32:06.333434,XGBoost
9488-FVZCC,0.00012392862,Low,0.009852325383690186,2026-03-30 19:32:06.333434,XGBoost
9488-FYQAU,0.02076223,Low,2.2682735552079976,2026-03-30 19:32:06.333434,XGBoost
9488-HGMJH,0.99981993,High,71.1371883302927,2026-03-30 19:32:06.333434,XGBoost
9489-DEDVP,3.7337624e-05,Low,0.0025837635970674456,2026-03-30 19:32:06.333434,XGBoost
9489-JMTTN,1.1614208e-05,Low,0.0010423751889447885,2026-03-30 19:32:06.333434,XGBoost
9489-UTFKA,0.00015365364,Low,0.009357506906962952,2026-03-30 19:32:06.333434,XGBoost
9490-DFPMD,0.7059965,High,59.762604856491095,2026-03-30 19:32:06.333434,XGBoost
9492-TOKRI,0.998992,High,89.9092823266983,2026-03-30 19:32:06.333434,XGBoost
9494-BDNNC,4.46789e-05,Low,0.00425789933760825,2026-03-30 19:32:06.333434,XGBoost
9494-MRNYX,0.00061050593,Low,0.04581846998771653,2026-03-30 19:32:06.333434,XGBoost
9495-REDIY,3.128483e-05,Low,0.0012717284002064842,2026-03-30 19:32:06.333434,XGBoost
9495-SKLKD,7.4972595e-05,Low,0.007193620493126218,2026-03-30 19:32:06.333434,XGBoost
9496-IVVRP,7.7053686e-05,Low,0.003929737998987548,2026-03-30 19:32:06.333434,XGBoost
9497-QCMMS,0.9999796,High,93.5480930030346,2026-03-30 19:32:06.333434,XGBoost
9498-FIMXL,0.00028760632,Low,0.005522041395306587,2026-03-30 19:32:06.333434,XGBoost
9499-XPZXM,7.7278346e-05,Low,0.005003772903364734,2026-03-30 19:32:06.333434,XGBoost
9500-IWPXQ,0.0030415156,Low,0.24149633804336193,2026-03-30 19:32:06.333434,XGBoost
9500-LTVBP,0.000483254,Low,0.03868448268767679,2026-03-30 19:32:06.333434,XGBoost
9500-WBGRP,4.7642534e-06,Low,9.099723974941299e-05,2026-03-30 19:32:06.333434,XGBoost
9501-UKKNL,0.0009269243,Low,0.047921985655557366,2026-03-30 19:32:06.333434,XGBoost
9503-XJUME,2.575099e-05,Low,0.00050600693684828,2026-03-30 19:32:06.333434,XGBoost
9504-DSHWM,0.00012024673,Low,0.007118606532458216,2026-03-30 19:32:06.333434,XGBoost
9504-YAZWB,0.0038613419,Low,0.07819217263022438,2026-03-30 19:32:06.333434,XGBoost
9505-SQFSW,0.21240215,Low,8.55980664640665,2026-03-30 19:32:06.333434,XGBoost
9506-UXUSK,5.5254426e-05,Low,0.0038760979919970854,2026-03-30 19:32:06.333434,XGBoost
9507-EXLTT,0.9770527,High,77.5291308403015,2026-03-30 19:32:06.333434,XGBoost
9507-HSMMZ,0.00015391553,Low,0.003078310692217201,2026-03-30 19:32:06.333434,XGBoost
9508-ILZDG,0.00043278388,Low,0.04169872715574456,2026-03-30 19:32:06.333434,XGBoost
9509-MPYOD,0.0048596216,Low,0.10083714895881712,2026-03-30 19:32:06.333434,XGBoost
9512-PHSMG,0.014837823,Low,0.3049172601196915,2026-03-30 19:32:06.333434,XGBoost
9512-UIBFX,0.76955575,High,73.22322937548161,2026-03-30 19:32:06.333434,XGBoost
9513-DXHDA,3.2806063e-05,Low,0.002680255367158679,2026-03-30 19:32:06.333434,XGBoost
9514-JDSKI,0.93745834,High,37.68582512140274,2026-03-30 19:32:06.333434,XGBoost
9518-IMLHK,0.13397533,Low,9.706512442231178,2026-03-30 19:32:06.333434,XGBoost
9518-RWHZL,0.841448,High,84.18687330186367,2026-03-30 19:32:06.333434,XGBoost
9518-XXBXE,0.0001850764,Low,0.013936252520943526,2026-03-30 19:32:06.333434,XGBoost
9522-BNTHX,4.2533295e-05,Low,0.0023924978222567006,2026-03-30 19:32:06.333434,XGBoost
9522-ZSINC,0.00010401795,Low,0.002075158074876526,2026-03-30 19:32:06.333434,XGBoost
9524-EGPJC,0.7638393,High,68.82192133069037,2026-03-30 19:32:06.333434,XGBoost
9526-BIHHD,0.70282215,High,20.87381781935692,2026-03-30 19:32:06.333434,XGBoost
9526-JAWYF,0.7810739,High,70.14043872356415,2026-03-30 19:32:06.333434,XGBoost
9529-OFXHY,0.000100786725,Low,0.008844035113725113,2026-03-30 19:32:06.333434,XGBoost
9530-EHPOH,0.99587387,High,53.52822043001652,2026-03-30 19:32:06.333434,XGBoost
9530-GRMJG,1.9984516e-05,Low,0.0016806978172098752,2026-03-30 19:32:06.333434,XGBoost
9531-NSBMR,0.0058594523,Low,0.11279445677064359,2026-03-30 19:32:06.333434,XGBoost
9534-NSXEM,0.00097196084,Low,0.020070991246029735,2026-03-30 19:32:06.333434,XGBoost
9537-JALFH,3.964116e-05,Low,0.000788859077511006,2026-03-30 19:32:06.333434,XGBoost
9537-VHDTA,0.0005820628,Low,0.029801616072654726,2026-03-30 19:32:06.333434,XGBoost
9540-JYROE,0.47128144,Medium,33.036828878521916,2026-03-30 19:32:06.333434,XGBoost
9541-PWTWO,3.6228168e-05,Low,0.002932670201880683,2026-03-30 19:32:06.333434,XGBoost
9541-ZPSEA,2.2093347e-05,Low,0.0017752004370777284,2026-03-30 19:32:06.333434,XGBoost
9544-PYPSJ,8.8411696e-05,Low,0.008496364004531642,2026-03-30 19:32:06.333434,XGBoost
9546-CQJSU,0.96919703,High,88.58460898399353,2026-03-30 19:32:06.333434,XGBoost
9546-KDTRB,8.018368e-05,Low,0.0019805368843663017,2026-03-30 19:32:06.333434,XGBoost
9547-ITEFG,0.00020631838,Low,0.021168265616870484,2026-03-30 19:32:06.333434,XGBoost
9548-LERKT,6.289921e-05,Low,0.0012422594554664101,2026-03-30 19:32:06.333434,XGBoost
9548-LIGTA,0.00017907577,Low,0.01451409091023379,2026-03-30 19:32:06.333434,XGBoost
9548-ZMVTX,3.7922084e-06,Low,0.0003430052513635928,2026-03-30 19:32:06.333434,XGBoost
9552-TGUZV,0.29851443,Low,22.388581931591034,2026-03-30 19:32:06.333434,XGBoost
9553-DLCLU,0.00050339196,Low,0.04477671473287046,2026-03-30 19:32:06.333434,XGBoost
9554-DFKIC,4.4462467e-05,Low,0.0024209813545894576,2026-03-30 19:32:06.333434,XGBoost
9555-SAHUZ,0.00024061922,Low,0.013113747576426249,2026-03-30 19:32:06.333434,XGBoost
9558-IHEZX,0.00087286683,Low,0.09317853438551538,2026-03-30 19:32:06.333434,XGBoost
9560-ARGQJ,0.9988023,High,80.90298664569855,2026-03-30 19:32:06.333434,XGBoost
9560-BBZXK,0.00011584222,Low,0.0035969008215033685,2026-03-30 19:32:06.333434,XGBoost
9564-KCLHR,0.99703884,High,51.09824061393738,2026-03-30 19:32:06.333434,XGBoost
9565-AXSMR,0.0017788851,Low,0.03415459468960762,2026-03-30 19:32:06.333434,XGBoost
9565-DJPIB,0.99954647,High,89.55936355590819,2026-03-30 19:32:06.333434,XGBoost
9565-FLVCG,0.006574687,Low,0.4572694865753874,2026-03-30 19:32:06.333434,XGBoost
9565-JSNFM,0.99925655,High,70.39762403666974,2026-03-30 19:32:06.333434,XGBoost
9570-KYEUA,0.00010887272,Low,0.010805617677760893,2026-03-30 19:32:06.333434,XGBoost
9571-EDEBV,8.5947366e-05,Low,0.00847870762954699,2026-03-30 19:32:06.333434,XGBoost
9572-MTILT,0.9997267,High,106.72082658112049,2026-03-30 19:32:06.333434,XGBoost
9572-WUKSB,0.005764716,Low,0.17236500359140336,2026-03-30 19:32:06.333434,XGBoost
9574-BOSMD,0.00017518943,Low,0.004449811537051573,2026-03-30 19:32:06.333434,XGBoost
9574-RKJIF,0.9428702,High,89.00694684982301,2026-03-30 19:32:06.333434,XGBoost
9575-IWCAZ,0.0035004416,Low,0.08786108302883805,2026-03-30 19:32:06.333434,XGBoost
9576-ANLXO,0.9995266,High,69.51707641482353,2026-03-30 19:32:06.333434,XGBoost
9576-SYUHJ,0.00010228815,Low,0.00932356468110811,2026-03-30 19:32:06.333434,XGBoost
9577-WJVCQ,1.6279075e-05,Low,0.0008863956212735503,2026-03-30 19:32:06.333434,XGBoost
9578-FOMUK,7.046858e-05,Low,0.0017476208042353392,2026-03-30 19:32:06.333434,XGBoost
9578-VRMNM,0.86036575,High,56.09584679603577,2026-03-30 19:32:06.333434,XGBoost
9581-GVBXT,2.9145745e-05,Low,0.0010142719409486744,2026-03-30 19:32:06.333434,XGBoost
9584-EXCDZ,3.4256533e-05,Low,0.002415085553366225,2026-03-30 19:32:06.333434,XGBoost
9585-KKMFD,4.1922493e-05,Low,0.0008384498505620286,2026-03-30 19:32:06.333434,XGBoost
9586-JGQKH,0.00017548887,Low,0.018496526408125647,2026-03-30 19:32:06.333434,XGBoost
9588-OZDMQ,0.00086016924,Low,0.03870761574944481,2026-03-30 19:32:06.333434,XGBoost
9588-YRFHY,0.0017656577,Low,0.035136587871238585,2026-03-30 19:32:06.333434,XGBoost
9589-ABEPT,0.00012666793,Low,0.011710450304963161,2026-03-30 19:32:06.333434,XGBoost
9591-YVTEB,0.00012615768,Low,0.00565817210735986,2026-03-30 19:32:06.333434,XGBoost
9592-ERDKV,0.22522314,Low,17.84893376007676,2026-03-30 19:32:06.333434,XGBoost
9593-CVZKR,2.4864157e-05,Low,0.0006079286445128673,2026-03-30 19:32:06.333434,XGBoost
9600-NAXZN,0.8169255,High,82.83624830245972,2026-03-30 19:32:06.333434,XGBoost
9600-UDOPK,0.73609424,High,69.22966293096542,2026-03-30 19:32:06.333434,XGBoost
9601-BRXPO,0.9721878,High,102.03111140429974,2026-03-30 19:32:06.333434,XGBoost
9602-WCXPI,2.6775153e-05,Low,0.0005395193318690871,2026-03-30 19:32:06.333434,XGBoost
9603-OAIHC,0.000500593,Low,0.035066538612591104,2026-03-30 19:32:06.333434,XGBoost
9605-WGJVW,0.00080364814,Low,0.05641609977465123,2026-03-30 19:32:06.333434,XGBoost
9606-PBKBQ,0.99961436,High,84.96722042560577,2026-03-30 19:32:06.333434,XGBoost
9609-BENEA,0.00019411671,Low,0.013394053254160099,2026-03-30 19:32:06.333434,XGBoost
9610-WCESF,0.0015227173,Low,0.06684728942345827,2026-03-30 19:32:06.333434,XGBoost
9611-CTWIH,0.9993544,High,89.39225305616856,2026-03-30 19:32:06.333434,XGBoost
9614-RMGHA,0.99971753,High,91.8240554600954,2026-03-30 19:32:06.333434,XGBoost
9617-INGJY,0.0002903734,Low,0.020500361931044608,2026-03-30 19:32:06.333434,XGBoost
9617-UDPEU,2.8378956e-05,Low,0.000546294901141664,2026-03-30 19:32:06.333434,XGBoost
9618-LFJRU,0.00010532737,Low,0.002153944790188689,2026-03-30 19:32:06.333434,XGBoost
9619-GSATL,0.000107318345,Low,0.005950802220104379,2026-03-30 19:32:06.333434,XGBoost
9620-ENEJV,0.00018201604,Low,0.012841231594939018,2026-03-30 19:32:06.333434,XGBoost
9620-QJREV,7.256416e-06,Low,0.0001491193531364843,2026-03-30 19:32:06.333434,XGBoost
9621-OUPYD,7.014609e-05,Low,0.0014169509886414744,2026-03-30 19:32:06.333434,XGBoost
9624-EGDEQ,5.665888e-05,Low,0.0011218457992072217,2026-03-30 19:32:06.333434,XGBoost
9625-QNLUX,8.804832e-05,Low,0.009090989073229139,2026-03-30 19:32:06.333434,XGBoost
9625-QSTYE,0.1929083,Low,15.65450870320201,2026-03-30 19:32:06.333434,XGBoost
9625-RZFUK,3.0407868e-05,Low,0.0005990349916828563,2026-03-30 19:32:06.333434,XGBoost
9626-VFRGG,6.247359e-05,Low,0.005528912824956933,2026-03-30 19:32:06.333434,XGBoost
9626-WEQRM,0.07343382,Low,2.1405957490205765,2026-03-30 19:32:06.333434,XGBoost
9629-NHXFW,0.15707916,Low,3.047335708141327,2026-03-30 19:32:06.333434,XGBoost
9631-RXVJM,0.0021147723,Low,0.04070936737116426,2026-03-30 19:32:06.333434,XGBoost
9631-XEYKE,0.00032099342,Low,0.016178068472072482,2026-03-30 19:32:06.333434,XGBoost
9633-DENPU,0.00037492142,Low,0.021970395382959397,2026-03-30 19:32:06.333434,XGBoost
9633-XQABV,0.0005066731,Low,0.03559378700447269,2026-03-30 19:32:06.333434,XGBoost
9637-CDTKZ,6.8432004e-05,Low,0.0078080916449835055,2026-03-30 19:32:06.333434,XGBoost
9637-EIHEQ,0.95096904,High,48.30922725200653,2026-03-30 19:32:06.333434,XGBoost
9638-JIQYA,0.00013404933,Low,0.003337828384246677,2026-03-30 19:32:06.333434,XGBoost
9639-BUJXT,6.5704364e-05,Low,0.0013469394580170047,2026-03-30 19:32:06.333434,XGBoost
9640-ZSLDC,1.869955e-05,Low,0.0011331926936691162,2026-03-30 19:32:06.333434,XGBoost
9643-AVVWI,0.14395246,Low,11.516196727752686,2026-03-30 19:32:06.333434,XGBoost
9643-YBLUR,0.00015748972,Low,0.01087466501558083,2026-03-30 19:32:06.333434,XGBoost
9644-KVCNC,0.0172006,Low,1.5850353227928282,2026-03-30 19:32:06.333434,XGBoost
9644-UMGQA,0.00032327804,Low,0.015889115845493507,2026-03-30 19:32:06.333434,XGBoost
9646-NMHXE,0.007990039,Low,0.15700426544062793,2026-03-30 19:32:06.333434,XGBoost
9647-ERGBE,0.99956805,High,100.00678291618824,2026-03-30 19:32:06.333434,XGBoost
9648-BCHKM,0.0040162914,Low,0.09900158178061247,2026-03-30 19:32:06.333434,XGBoost
9650-VBUOG,0.00016220071,Low,0.004063127815607004,2026-03-30 19:32:06.333434,XGBoost
9651-GTSAQ,0.9998388,High,106.08289976119994,2026-03-30 19:32:06.333434,XGBoost
9658-WYUFB,0.9016268,High,85.11357231140137,2026-03-30 19:32:06.333434,XGBoost
9659-QEQSY,0.014134768,Low,1.6346859650686385,2026-03-30 19:32:06.333434,XGBoost
9659-ZTWSM,0.0002116154,Low,0.022716913881595246,2026-03-30 19:32:06.333434,XGBoost
9661-ACXBS,0.99896276,High,105.09088234901428,2026-03-30 19:32:06.333434,XGBoost
9661-JALZV,1.3586167e-05,Low,0.0003355783340339258,2026-03-30 19:32:06.333434,XGBoost
9661-MHUMO,0.99856216,High,49.1791862398386,2026-03-30 19:32:06.333434,XGBoost
9667-EQRXU,0.9992938,High,40.271540307998656,2026-03-30 19:32:06.333434,XGBoost
9667-TKTVZ,0.51562905,Medium,28.02443903684616,2026-03-30 19:32:06.333434,XGBoost
9668-PUGNU,0.00040049138,Low,0.009812038784730248,2026-03-30 19:32:06.333434,XGBoost
9670-BPNXF,0.13782701,Low,8.621079410612582,2026-03-30 19:32:06.333434,XGBoost
9674-EHPPG,0.0001964288,Low,0.007935723313130439,2026-03-30 19:32:06.333434,XGBoost
9675-ICXCT,0.034407306,Low,2.7801103621721266,2026-03-30 19:32:06.333434,XGBoost
9677-AVKED,2.7185562e-05,Low,0.002299898581622983,2026-03-30 19:32:06.333434,XGBoost
9680-NIAUV,0.033304725,Low,3.653528315201402,2026-03-30 19:32:06.333434,XGBoost
9681-KYGYB,0.00044133747,Low,0.03892596485093236,2026-03-30 19:32:06.333434,XGBoost
9681-OXGVC,0.99979264,High,100.47915986180305,2026-03-30 19:32:06.333434,XGBoost
9685-WKZGT,0.89630616,High,67.17814647555352,2026-03-30 19:32:06.333434,XGBoost
9688-YGXVR,0.00028101893,Low,0.02477181890717475,2026-03-30 19:32:06.333434,XGBoost
9689-PTNPG,0.9270318,High,74.3943031579256,2026-03-30 19:32:06.333434,XGBoost
9691-HKOVS,0.046737265,Low,4.213364425487817,2026-03-30 19:32:06.333434,XGBoost
9692-TUSXH,0.9998388,High,96.03451952934265,2026-03-30 19:32:06.333434,XGBoost
9693-XMUOB,0.00036206486,Low,0.01819375941704493,2026-03-30 19:32:06.333434,XGBoost
9695-IDRZR,9.695126e-05,Low,0.011260889092227444,2026-03-30 19:32:06.333434,XGBoost
9696-RMYBA,0.0007537392,Low,0.06037451059673912,2026-03-30 19:32:06.333434,XGBoost
9699-UBQFS,8.060825e-05,Low,0.007617479954205919,2026-03-30 19:32:06.333434,XGBoost
9700-ISPUP,0.0003837869,Low,0.025138041048194282,2026-03-30 19:32:06.333434,XGBoost
9700-ZCLOT,0.055726726,Low,1.1145345121622086,2026-03-30 19:32:06.333434,XGBoost
9701-CDXHR,0.00019115717,Low,0.013218518610665343,2026-03-30 19:32:06.333434,XGBoost
9702-AIUJO,4.5950987e-05,Low,0.0020586041966453193,2026-03-30 19:32:06.333434,XGBoost
9705-IOVQQ,3.2179352e-05,Low,0.0031857558751653414,2026-03-30 19:32:06.333434,XGBoost
9705-ZJBCG,0.00014819838,Low,0.008024942177144112,2026-03-30 19:32:06.333434,XGBoost
9708-HPXWZ,0.13613287,Low,6.180432122945786,2026-03-30 19:32:06.333434,XGBoost
9708-KFDBY,0.00013481834,Low,0.0027705169530236164,2026-03-30 19:32:06.333434,XGBoost
9710-NJERN,0.0001445821,Low,0.002913329239527229,2026-03-30 19:32:06.333434,XGBoost
9710-ZUSHQ,0.99869066,High,106.61022846400738,2026-03-30 19:32:06.333434,XGBoost
9711-FJTBX,2.0061316e-05,Low,0.0017222639621650158,2026-03-30 19:32:06.333434,XGBoost
9714-EDSUC,0.0001230956,Low,0.011681772135489155,2026-03-30 19:32:06.333434,XGBoost
9715-SBVSU,5.6452693e-05,Low,0.003466195329383481,2026-03-30 19:32:06.333434,XGBoost
9715-WZCLW,2.169709e-05,Low,0.0021089570822368842,2026-03-30 19:32:06.333434,XGBoost
9717-IOAAF,2.4634885e-05,Low,0.0006368117653437367,2026-03-30 19:32:06.333434,XGBoost
9717-QEBGU,0.00026360273,Low,0.018531272254767826,2026-03-30 19:32:06.333434,XGBoost
9720-JJJOR,0.0008755903,Low,0.052798095747129986,2026-03-30 19:32:06.333434,XGBoost
9722-UJOJR,0.808802,High,57.2227421104908,2026-03-30 19:32:06.333434,XGBoost
9725-SCPZG,0.9989047,High,90.75049245357513,2026-03-30 19:32:06.333434,XGBoost
9728-FTTVZ,0.9994112,High,69.15925679206849,2026-03-30 19:32:06.333434,XGBoost
9730-DRTMJ,0.06375723,Low,4.641526585817337,2026-03-30 19:32:06.333434,XGBoost
9732-EQMWY,0.00072510866,Low,0.0720758012495935,2026-03-30 19:32:06.333434,XGBoost
9732-KPKBW,0.9924198,High,53.54104709327221,2026-03-30 19:32:06.333434,XGBoost
9732-OUYRN,4.1841056e-05,Low,0.0007949800710775889,2026-03-30 19:32:06.333434,XGBoost
9734-UYXQI,0.9998023,High,49.390233194828035,2026-03-30 19:32:06.333434,XGBoost
9734-YWGEX,0.99919707,High,98.22107157111168,2026-03-30 19:32:06.333434,XGBoost
9738-QLWTP,0.0007225134,Low,0.05917384891072289,2026-03-30 19:32:06.333434,XGBoost
9739-JLPQJ,1.038397e-05,Low,0.0012201165009173565,2026-03-30 19:32:06.333434,XGBoost
9741-YLNTD,2.1488719e-05,Low,0.0018899328035331564,2026-03-30 19:32:06.333434,XGBoost
9742-XOKTS,0.002274721,Low,0.20370125924237073,2026-03-30 19:32:06.333434,XGBoost
9743-DQKQW,0.0029211366,Low,0.07332052770070732,2026-03-30 19:32:06.333434,XGBoost
9746-MDMBK,1.317415e-05,Low,0.0014946073060400523,2026-03-30 19:32:06.333434,XGBoost
9746-UGFAC,0.009697471,Low,0.20219226647168398,2026-03-30 19:32:06.333434,XGBoost
9746-YKGXB,9.362011e-05,Low,0.004142689886066364,2026-03-30 19:32:06.333434,XGBoost
9747-DDZOS,0.9638755,High,70.84484723210335,2026-03-30 19:32:06.333434,XGBoost
9750-BOOHV,3.341836e-05,Low,0.0010075635704197337,2026-03-30 19:32:06.333434,XGBoost
9752-ZNQUT,0.0005220586,Low,0.025372046674601734,2026-03-30 19:32:06.333434,XGBoost
9753-OYLBX,0.00046895212,Low,0.009613518370315433,2026-03-30 19:32:06.333434,XGBoost
9754-CLVZW,5.0514973e-06,Low,0.00019625066943262937,2026-03-30 19:32:06.333434,XGBoost
9755-JHNMN,0.003907014,Low,0.2633327537216246,2026-03-30 19:32:06.333434,XGBoost
9758-MFWGD,1.7511475e-05,Low,0.000523593092111696,2026-03-30 19:32:06.333434,XGBoost
9761-XUJWD,0.7714247,High,50.605461025238036,2026-03-30 19:32:06.333434,XGBoost
9762-YAQAA,0.00030979395,Low,0.025217227364191786,2026-03-30 19:32:06.333434,XGBoost
9763-GRSKD,0.01989665,Low,0.9938377018086613,2026-03-30 19:32:06.333434,XGBoost
9763-PDTKK,0.92867005,High,87.66645259857178,2026-03-30 19:32:06.333434,XGBoost
9764-REAFF,0.00015842443,Low,0.002915009530261159,2026-03-30 19:32:06.333434,XGBoost
9766-HGEDE,0.02057676,Low,0.3981603093445301,2026-03-30 19:32:06.333434,XGBoost
9767-FFLEM,6.5882174e-05,Low,0.004578811069222866,2026-03-30 19:32:06.333434,XGBoost
9769-TSBZE,0.0002099091,Low,0.01385400106664747,2026-03-30 19:32:06.333434,XGBoost
9770-KXGQU,4.4436612e-05,Low,0.004381449979700846,2026-03-30 19:32:06.333434,XGBoost
9770-LXDBK,0.00061020924,Low,0.012448268593288958,2026-03-30 19:32:06.333434,XGBoost
9773-PEQBZ,0.1123506,Low,8.971195248514412,2026-03-30 19:32:06.333434,XGBoost
9774-NRNAU,0.18996347,Low,16.10890266895294,2026-03-30 19:32:06.333434,XGBoost
9776-CLUJA,0.99945515,High,77.45777443051338,2026-03-30 19:32:06.333434,XGBoost
9776-OJUZI,0.00020528973,Low,0.019594904971745566,2026-03-30 19:32:06.333434,XGBoost
9777-IQHWP,1.1410814e-05,Low,0.001065770055174653,2026-03-30 19:32:06.333434,XGBoost
9777-WJJPR,0.00021206767,Low,0.01879979853911209,2026-03-30 19:32:06.333434,XGBoost
9778-OGKQZ,3.8273614e-05,Low,0.0035211725189583376,2026-03-30 19:32:06.333434,XGBoost
9779-DPNEJ,0.00011041189,Low,0.008849513209497673,2026-03-30 19:32:06.333434,XGBoost
9780-FKVVF,0.1466756,Low,8.675861834734677,2026-03-30 19:32:06.333434,XGBoost
9782-LGXMC,0.00016618783,Low,0.010262098756356863,2026-03-30 19:32:06.333434,XGBoost
9786-IJYDL,0.0011161541,Low,0.12634864789433778,2026-03-30 19:32:06.333434,XGBoost
9786-YWNHU,6.6682205e-06,Low,0.0004237654141434177,2026-03-30 19:32:06.333434,XGBoost
9787-XVQIU,0.9993049,High,75.247658264637,2026-03-30 19:32:06.333434,XGBoost
9788-HNGUT,0.02999146,Low,3.5075011419132354,2026-03-30 19:32:06.333434,XGBoost
9788-YTFGE,0.0001372821,Low,0.0027387778725824316,2026-03-30 19:32:06.333434,XGBoost
9793-WECQC,0.824039,High,78.53091502189636,2026-03-30 19:32:06.333434,XGBoost
9795-NREXC,0.0004985941,Low,0.04238049645209685,2026-03-30 19:32:06.333434,XGBoost
9795-SHUHB,0.0068492186,Low,0.3986245240084827,2026-03-30 19:32:06.333434,XGBoost
9795-VOWON,0.00021933705,Low,0.0053408570594911005,2026-03-30 19:32:06.333434,XGBoost
9796-BPKIW,0.000121916,Low,0.008528023970211508,2026-03-30 19:32:06.333434,XGBoost
9796-MVYXX,0.0003021755,Low,0.011996367209940219,2026-03-30 19:32:06.333434,XGBoost
9798-DRYDS,0.00055444846,Low,0.03434808205347508,2026-03-30 19:32:06.333434,XGBoost
9798-OPFEM,6.3119856e-05,Low,0.0013318289689777886,2026-03-30 19:32:06.333434,XGBoost
9799-CAYJJ,0.0038936369,Low,0.26982903478201475,2026-03-30 19:32:06.333434,XGBoost
9800-ONTFE,4.6055527e-05,Low,0.003491008983837673,2026-03-30 19:32:06.333434,XGBoost
9800-OUIGR,0.00029750855,Low,0.005950171034783125,2026-03-30 19:32:06.333434,XGBoost
9801-GDWGV,0.9992625,High,103.37370683848859,2026-03-30 19:32:06.333434,XGBoost
9801-NOSHQ,2.4177498e-05,Low,0.0004787144571309909,2026-03-30 19:32:06.333434,XGBoost
9802-CAQUT,2.6134405e-05,Low,0.0028630240495658653,2026-03-30 19:32:06.333434,XGBoost
9803-FTJCG,0.00020740555,Low,0.013865061145770595,2026-03-30 19:32:06.333434,XGBoost
9804-ICWBG,0.9993808,High,69.85671980381012,2026-03-30 19:32:06.333434,XGBoost
9805-FILKB,0.00917221,Low,0.18527863267809153,2026-03-30 19:32:06.333434,XGBoost
9809-IMGCQ,0.9995395,High,96.6554691195488,2026-03-30 19:32:06.333434,XGBoost
9812-GHVRI,0.00036065502,Low,0.030240923113888128,2026-03-30 19:32:06.333434,XGBoost
9814-AOUDH,6.650221e-05,Low,0.0012967930742888711,2026-03-30 19:32:06.333434,XGBoost
9817-APLHW,0.0012797364,Low,0.0319934100843966,2026-03-30 19:32:06.333434,XGBoost
9818-XQCUV,0.00036845985,Low,0.007498157920781523,2026-03-30 19:32:06.333434,XGBoost
9819-FBNSV,0.00044103232,Low,0.03186458485288313,2026-03-30 19:32:06.333434,XGBoost
9820-RMCQV,0.9975079,High,48.42900999188423,2026-03-30 19:32:06.333434,XGBoost
9821-BESNZ,0.000406496,Low,0.04237720737000927,2026-03-30 19:32:06.333434,XGBoost
9821-POOTN,0.9997954,High,75.18461236953736,2026-03-30 19:32:06.333434,XGBoost
9822-BIIGN,7.11934e-05,Low,0.005115245586057426,2026-03-30 19:32:06.333434,XGBoost
9822-OAOVB,0.0015256745,Low,0.08459864996839316,2026-03-30 19:32:06.333434,XGBoost
9822-WMWVG,0.11444083,Low,12.187948241829872,2026-03-30 19:32:06.333434,XGBoost
9823-EALYC,5.9688473e-06,Low,0.0004825813034130988,2026-03-30 19:32:06.333434,XGBoost
9824-BEMCV,0.8969578,High,61.890089213848114,2026-03-30 19:32:06.333434,XGBoost
9824-QCJPK,0.00017025784,Low,0.0034051568945869803,2026-03-30 19:32:06.333434,XGBoost
9825-YCXWZ,0.00030125098,Low,0.03045647450198885,2026-03-30 19:32:06.333434,XGBoost
9828-AOQLM,0.99621576,High,45.52706026434899,2026-03-30 19:32:06.333434,XGBoost
9828-QHFBK,3.65547e-05,Low,0.0018697728259212453,2026-03-30 19:32:06.333434,XGBoost
9830-ECLEN,2.7435275e-05,Low,0.0013717637557419948,2026-03-30 19:32:06.333434,XGBoost
9831-BPFRI,0.69590986,Medium,62.318727761507034,2026-03-30 19:32:06.333434,XGBoost
9833-TGFHX,0.23140554,Low,22.469478060305118,2026-03-30 19:32:06.333434,XGBoost
9835-ZIITK,0.6737147,Medium,74.68127420246601,2026-03-30 19:32:06.333434,XGBoost
9837-BMCLM,0.8320946,High,65.3194268643856,2026-03-30 19:32:06.333434,XGBoost
9837-FWLCH,0.0042526945,Low,0.08165173530578614,2026-03-30 19:32:06.333434,XGBoost
9838-BFCQT,2.5090561e-05,Low,0.0006548636523802998,2026-03-30 19:32:06.333434,XGBoost
9839-ETQOE,0.026764562,Low,1.0826265471987426,2026-03-30 19:32:06.333434,XGBoost
9840-DVNDC,0.99645424,High,80.21456623077393,2026-03-30 19:32:06.333434,XGBoost
9840-EFJQB,0.446153,Medium,33.171476657688615,2026-03-30 19:32:06.333434,XGBoost
9842-EFSYY,0.0006524132,Low,0.03731803360860795,2026-03-30 19:32:06.333434,XGBoost
9844-FELAJ,0.000400072,Low,0.04316776802006644,2026-03-30 19:32:06.333434,XGBoost
9845-PEEKO,2.1943946e-05,Low,0.0017379605385940522,2026-03-30 19:32:06.333434,XGBoost
9845-QOMAD,3.2647706e-05,Low,0.0006447921869039419,2026-03-30 19:32:06.333434,XGBoost
9846-GKXAS,0.8341674,High,75.74240181446075,2026-03-30 19:32:06.333434,XGBoost
9847-HNVGP,0.0075160074,Low,0.1499443477252498,2026-03-30 19:32:06.333434,XGBoost
9848-JQJTX,4.412022e-05,Low,0.004451730298023904,2026-03-30 19:32:06.333434,XGBoost
9850-OWRHQ,0.99358386,High,73.62456387877464,2026-03-30 19:32:06.333434,XGBoost
9851-KIELU,0.26025814,Low,28.654421013593673,2026-03-30 19:32:06.333434,XGBoost
9851-QXEEQ,0.9994167,High,104.63892942667007,2026-03-30 19:32:06.333434,XGBoost
9853-JFZDU,0.0008104495,Low,0.04607405278366059,2026-03-30 19:32:06.333434,XGBoost
9860-LISIZ,0.0037818842,Low,0.07696134367724881,2026-03-30 19:32:06.333434,XGBoost
9861-PDSZP,0.00013757813,Low,0.014865316783107119,2026-03-30 19:32:06.333434,XGBoost
9862-KJTYK,0.012324277,Low,0.31242042984813456,2026-03-30 19:32:06.333434,XGBoost
9863-JZAIC,0.99943763,High,54.96906965970993,2026-03-30 19:32:06.333434,XGBoost
9866-OCCKE,6.28292e-05,Low,0.006895504304338829,2026-03-30 19:32:06.333434,XGBoost
9866-QEVEE,0.9768859,High,84.01218867301941,2026-03-30 19:32:06.333434,XGBoost
9867-JCZSP,6.163685e-05,Low,0.0012789646134478971,2026-03-30 19:32:06.333434,XGBoost
9867-NNXLC,4.2950065e-05,Low,0.0008611488054157235,2026-03-30 19:32:06.333434,XGBoost
9867-XOBQA,7.35191e-05,Low,0.003907540101499762,2026-03-30 19:32:06.333434,XGBoost
9871-ELEYA,5.150642e-05,Low,0.003484409331758798,2026-03-30 19:32:06.333434,XGBoost
9873-MNDKV,0.00035912482,Low,0.016034923399274703,2026-03-30 19:32:06.333434,XGBoost
9874-QLCLH,0.9148009,High,95.32225193977357,2026-03-30 19:32:06.333434,XGBoost
9878-TNQGW,0.9301296,High,75.29399012029171,2026-03-30 19:32:06.333434,XGBoost
9880-TDQAC,0.00014201606,Low,0.008520963310729712,2026-03-30 19:32:06.333434,XGBoost
9881-VCZEP,0.00020705188,Low,0.011201506825455,2026-03-30 19:32:06.333434,XGBoost
9885-AIBVB,0.18624352,Low,15.979693946242332,2026-03-30 19:32:06.333434,XGBoost
9885-CSMWE,0.9639349,High,75.62069277763366,2026-03-30 19:32:06.333434,XGBoost
9885-MFVSU,0.00021282889,Low,0.009864619081781711,2026-03-30 19:32:06.333434,XGBoost
9888-ZCUMM,0.00014195012,Low,0.008524104733078275,2026-03-30 19:32:06.333434,XGBoost
9889-TMAHG,0.99333584,High,99.63158506155014,2026-03-30 19:32:06.333434,XGBoost
9891-NQDBD,2.7335354e-05,Low,0.0006984183046370163,2026-03-30 19:32:06.333434,XGBoost
9894-EZEWG,0.94694245,High,70.35782393217086,2026-03-30 19:32:06.333434,XGBoost
9894-QMIMJ,5.5468983e-05,Low,0.003095169262087438,2026-03-30 19:32:06.333434,XGBoost
9895-VFOXH,0.0014459491,Low,0.03528115749359131,2026-03-30 19:32:06.333434,XGBoost
9896-UYMIE,0.0002618216,Low,0.02992620996083133,2026-03-30 19:32:06.333434,XGBoost
9897-KXHCM,0.9178551,High,73.70376324057578,2026-03-30 19:32:06.333434,XGBoost
9898-KZQDZ,0.99993086,High,94.54346268177032,2026-03-30 19:32:06.333434,XGBoost
9903-LYSAB,0.34402642,Low,25.165532369911674,2026-03-30 19:32:06.333434,XGBoost
9904-EHEVJ,0.0012757429,Low,0.11653911320026963,2026-03-30 19:32:06.333434,XGBoost
9906-NHHVC,0.023390913,Low,1.2514138659462333,2026-03-30 19:32:06.333434,XGBoost
9907-SWKKF,0.9818855,High,24.59623159468174,2026-03-30 19:32:06.333434,XGBoost
9909-DFRJA,7.367989e-05,Low,0.0070622174749587424,2026-03-30 19:32:06.333434,XGBoost
9909-IDLEK,0.00013396512,Low,0.012967823690269142,2026-03-30 19:32:06.333434,XGBoost
9912-GVSEQ,0.9995565,High,93.80837582051754,2026-03-30 19:32:06.333434,XGBoost
9912-OMZDS,0.000108648186,Low,0.011533004958982929,2026-03-30 19:32:06.333434,XGBoost
9916-AYHTC,7.9108095e-06,Low,0.0001570295680267009,2026-03-30 19:32:06.333434,XGBoost
9917-KWRBE,0.0022828423,Low,0.17886069383239372,2026-03-30 19:32:06.333434,XGBoost
9919-FZDED,8.8006935e-05,Low,0.007401383206160971,2026-03-30 19:32:06.333434,XGBoost
9919-KNPOO,0.0021323296,Low,0.20107868355698882,2026-03-30 19:32:06.333434,XGBoost
9919-YLNNG,7.551014e-05,Low,0.007837952820409555,2026-03-30 19:32:06.333434,XGBoost
9921-EZKBY,0.001141097,Low,0.10874654861399903,2026-03-30 19:32:06.333434,XGBoost
9921-QFQUL,0.0021397218,Low,0.19289591704728082,2026-03-30 19:32:06.333434,XGBoost
9921-ZVRHG,0.9989606,High,80.36638141274453,2026-03-30 19:32:06.333434,XGBoost
9924-JPRMC,0.00010921231,Low,0.01290889539232012,2026-03-30 19:32:06.333434,XGBoost
9926-PJHDQ,7.995462e-05,Low,0.0061405146494507784,2026-03-30 19:32:06.333434,XGBoost
9927-DSWDF,0.49494773,Medium,51.77153271436691,2026-03-30 19:32:06.333434,XGBoost
9928-BZVLZ,0.0004404278,Low,0.02195532586192712,2026-03-30 19:32:06.333434,XGBoost
9929-PLVPA,0.036751557,Low,0.7497317656874656,2026-03-30 19:32:06.333434,XGBoost
9931-DCEZH,0.00011825983,Low,0.006433334643952548,2026-03-30 19:32:06.333434,XGBoost
9931-KGHOA,0.00021295474,Low,0.011712510458892211,2026-03-30 19:32:06.333434,XGBoost
9932-WBWIK,0.000995073,Low,0.02024973558727652,2026-03-30 19:32:06.333434,XGBoost
9933-QRGTX,0.00023970629,Low,0.02329945164383389,2026-03-30 19:32:06.333434,XGBoost
9938-EKRGF,0.00012667723,Low,0.01069789212269825,2026-03-30 19:32:06.333434,XGBoost
9938-PRCVK,0.00014445766,Low,0.0028458159576985054,2026-03-30 19:32:06.333434,XGBoost
9938-TKDGL,0.00016393796,Low,0.01632002416663454,2026-03-30 19:32:06.333434,XGBoost
9938-ZREHM,0.00058333355,Low,0.042058348620776086,2026-03-30 19:32:06.333434,XGBoost
9940-HPQPG,0.9998913,High,91.74002504348755,2026-03-30 19:32:06.333434,XGBoost
9940-RHLFB,0.98062885,High,73.84135226011276,2026-03-30 19:32:06.333434,XGBoost
9943-VSZUV,3.7642407e-05,Low,0.0028495301965449473,2026-03-30 19:32:06.333434,XGBoost
9944-AEXBM,0.00017566196,Low,0.01504544690687908,2026-03-30 19:32:06.333434,XGBoost
9944-HKVVB,0.97308934,High,92.540795981884,2026-03-30 19:32:06.333434,XGBoost
9945-PSVIP,1.6253865e-05,Low,0.0003039472829186707,2026-03-30 19:32:06.333434,XGBoost
9947-OTFQU,0.9997985,High,74.38500666618347,2026-03-30 19:32:06.333434,XGBoost
9948-YPTDG,0.999635,High,79.42099925279618,2026-03-30 19:32:06.333434,XGBoost
9950-MTGYX,8.829298e-05,Low,0.0017923475279530976,2026-03-30 19:32:06.333434,XGBoost
9953-ZMKSM,0.0012638302,Low,0.03191171327489428,2026-03-30 19:32:06.333434,XGBoost
9955-QOPOY,8.2132e-06,Low,0.0004993625654606148,2026-03-30 19:32:06.333434,XGBoost
9957-YODKZ,0.74320525,High,60.050984144210815,2026-03-30 19:32:06.333434,XGBoost
9958-MEKUC,4.124857e-05,Low,0.0042877890080490035,2026-03-30 19:32:06.333434,XGBoost
9959-WOFKT,0.029227862,Low,3.1186128897592424,2026-03-30 19:32:06.333434,XGBoost
9961-JBNMK,0.9994789,High,96.74955525398254,2026-03-30 19:32:06.333434,XGBoost
9962-BFPDU,0.00038006387,Low,0.007620280513947364,2026-03-30 19:32:06.333434,XGBoost
9964-WBQDJ,0.00017397308,Low,0.00424494314356707,2026-03-30 19:32:06.333434,XGBoost
9965-YOKZB,0.86354685,High,72.40840322971343,2026-03-30 19:32:06.333434,XGBoost
9967-ATRFS,3.756448e-05,Low,0.0007475331782188731,2026-03-30 19:32:06.333434,XGBoost
9968-FFVVH,1.2274963e-05,Low,0.000844517482619267,2026-03-30 19:32:06.333434,XGBoost
9970-QBCDA,0.023979032,Low,0.47238693851977587,2026-03-30 19:32:06.333434,XGBoost
9971-ZWPBF,0.00019125562,Low,0.020827736813225785,2026-03-30 19:32:06.333434,XGBoost
9972-EWRJS,4.658844e-05,Low,0.000896827478754858,2026-03-30 19:32:06.333434,XGBoost
9972-NKTFD,0.01037445,Low,0.5669636993203312,2026-03-30 19:32:06.333434,XGBoost
9972-VAFJJ,0.11495106,Low,10.80539956688881,2026-03-30 19:32:06.333434,XGBoost
9974-JFBHQ,0.00027427706,Low,0.027194570435676725,2026-03-30 19:32:06.333434,XGBoost
9975-GPKZU,1.8839344e-05,Low,0.0003720770478139457,2026-03-30 19:32:06.333434,XGBoost
9975-SKRNR,0.1110093,Low,2.0980757653713225,2026-03-30 19:32:06.333434,XGBoost
9978-HYCIN,0.0091371825,Low,0.7762036530766636,2026-03-30 19:32:06.333434,XGBoost
9979-RGMZT,0.0013117584,Low,0.12337087909108958,2026-03-30 19:32:06.333434,XGBoost
9985-MWVIX,0.9993674,High,70.10562422573567,2026-03-30 19:32:06.333434,XGBoost
9986-BONCE,0.9990422,High,20.929934361577033,2026-03-30 19:32:06.333434,XGBoost
9987-LUTYD,0.0003444443,Low,0.018996103096287697,2026-03-30 19:32:06.333434,XGBoost
9992-RRAMN,0.9447538,High,80.39855056405067,2026-03-30 19:32:06.333434,XGBoost
9992-UJOEL,0.00024391888,Low,0.012269119810662232,2026-03-30 19:32:06.333434,XGBoost
9993-LHIEB,5.615031e-05,Low,0.0038097986107459287,2026-03-30 19:32:06.333434,XGBoost
9995-HOTOH,7.839594e-05,Low,0.004625360481441021,2026-03-30 19:32:06.333434,XGBoost
