customer_id,churn_probability,risk_segment,estimated_revenue_at_risk,predicted_on,model_name
0002-ORFBO,0.22654192,Low,14.861150050163268,2026-03-30 22:18:27.211093,XGBoost
0003-MKNFE,0.51986384,Medium,31.139844250679015,2026-03-30 22:18:27.211093,XGBoost
0004-TLHLJ,0.74042445,High,54.71736716628075,2026-03-30 22:18:27.211093,XGBoost
0011-IGKFF,0.998858,High,97.88808155059814,2026-03-30 22:18:27.211093,XGBoost
0013-EXCHZ,0.82591647,High,69.29439175724984,2026-03-30 22:18:27.211093,XGBoost
0013-MHZWF,0.00075780693,Low,0.05259180124849081,2026-03-30 22:18:27.211093,XGBoost
0013-SMEOE,0.00028108165,Low,0.030834657151717692,2026-03-30 22:18:27.211093,XGBoost
0014-BMAQU,0.0003103805,Low,0.026273709880479147,2026-03-30 22:18:27.211093,XGBoost
0015-UOCOJ,0.0011231852,Low,0.05413752438034863,2026-03-30 22:18:27.211093,XGBoost
0016-QLJIS,0.0001958892,Low,0.01771817771586939,2026-03-30 22:18:27.211093,XGBoost
0017-DINOC,0.00034090463,Low,0.015408889413811267,2026-03-30 22:18:27.211093,XGBoost
0017-IUDMW,0.00018126126,Low,0.021171315270476044,2026-03-30 22:18:27.211093,XGBoost
0018-NYROU,0.0016925168,Low,0.11669903650763445,2026-03-30 22:18:27.211093,XGBoost
0019-EFAEP,0.00041625195,Low,0.04216632224852219,2026-03-30 22:18:27.211093,XGBoost
0019-GFNTW,0.00026621632,Low,0.011993045078997965,2026-03-30 22:18:27.211093,XGBoost
0020-INWCK,0.00014008752,Low,0.013413379940175219,2026-03-30 22:18:27.211093,XGBoost
0020-JDNXP,0.00023196824,Low,0.014208054635673761,2026-03-30 22:18:27.211093,XGBoost
0021-IKXGC,0.0034156004,Low,0.24626478860154746,2026-03-30 22:18:27.211093,XGBoost
0022-TCJCI,0.9952727,High,62.40359804034233,2026-03-30 22:18:27.211093,XGBoost
0023-HGHWL,0.99875295,High,25.068699085712435,2026-03-30 22:18:27.211093,XGBoost
0023-UYUPN,0.00051692175,Low,0.013026428036391735,2026-03-30 22:18:27.211093,XGBoost
0023-XUOPT,0.86185086,High,81.1001657128334,2026-03-30 22:18:27.211093,XGBoost
0027-KWYKW,0.1620854,Low,13.574652168899775,2026-03-30 22:18:27.211093,XGBoost
0030-FNXPP,0.0008117016,Low,0.01611227640823927,2026-03-30 22:18:27.211093,XGBoost
0031-PVLZI,0.9939073,High,20.226013001799586,2026-03-30 22:18:27.211093,XGBoost
0032-PGELS,0.8246933,High,25.1531463265419,2026-03-30 22:18:27.211093,XGBoost
0036-IHMOT,0.024178522,Low,2.5073127010837197,2026-03-30 22:18:27.211093,XGBoost
0040-HALCW,0.00047947545,Low,0.00978129917057231,2026-03-30 22:18:27.211093,XGBoost
0042-JVWOJ,0.00048647306,Low,0.009534871939104052,2026-03-30 22:18:27.211093,XGBoost
0042-RLHYP,0.0055431467,Low,0.1091999909374863,2026-03-30 22:18:27.211093,XGBoost
0048-LUMLS,0.00029924238,Low,0.027290905360132456,2026-03-30 22:18:27.211093,XGBoost
0048-PIHNL,0.0005957615,Low,0.012183323109638877,2026-03-30 22:18:27.211093,XGBoost
0052-DCKON,0.00059108465,Low,0.06844760271487757,2026-03-30 22:18:27.211093,XGBoost
0052-YNYOT,0.039534505,Low,0.8124340871348977,2026-03-30 22:18:27.211093,XGBoost
0056-EPFBG,0.0002757982,Low,0.010866449086461215,2026-03-30 22:18:27.211093,XGBoost
0057-QBUQH,0.00027384906,Low,0.006873611366609112,2026-03-30 22:18:27.211093,XGBoost
0058-EVZWM,0.0007099261,Low,0.06375136624556034,2026-03-30 22:18:27.211093,XGBoost
0060-FUALY,0.0011410791,Low,0.10811724656377919,2026-03-30 22:18:27.211093,XGBoost
0064-SUDOG,0.00035141932,Low,0.007133812259417028,2026-03-30 22:18:27.211093,XGBoost
0064-YIJGF,0.00039204367,Low,0.029697308156755753,2026-03-30 22:18:27.211093,XGBoost
0067-DKWBL,0.99823797,High,49.16321989893913,2026-03-30 22:18:27.211093,XGBoost
0068-FIGTF,0.00051960914,Low,0.04063343451125547,2026-03-30 22:18:27.211093,XGBoost
0071-NDAFP,0.01745186,Low,0.44502243027091026,2026-03-30 22:18:27.211093,XGBoost
0074-HDKDG,0.1359577,Low,8.374994504451752,2026-03-30 22:18:27.211093,XGBoost
0076-LVEPS,0.047946826,Low,2.157607153058052,2026-03-30 22:18:27.211093,XGBoost
0078-XZMHT,0.049014527,Low,4.173587003909052,2026-03-30 22:18:27.211093,XGBoost
0080-EMYVY,0.000621753,Low,0.03198919123678934,2026-03-30 22:18:27.211093,XGBoost
0080-OROZO,0.00085467775,Low,0.08482676703715697,2026-03-30 22:18:27.211093,XGBoost
0082-LDZUE,0.0015445292,Low,0.06842264457372949,2026-03-30 22:18:27.211093,XGBoost
0082-OQIQY,0.0011097684,Low,0.10454018362797797,2026-03-30 22:18:27.211093,XGBoost
0083-PIVIK,0.09947553,Low,8.082387037575245,2026-03-30 22:18:27.211093,XGBoost
0089-IIQKO,0.00057643396,Low,0.05761457415064797,2026-03-30 22:18:27.211093,XGBoost
0093-EXYQL,0.0012500004,Low,0.1144375400734134,2026-03-30 22:18:27.211093,XGBoost
0093-XWZFY,0.99829715,High,104.32205268740654,2026-03-30 22:18:27.211093,XGBoost
0094-OIFMO,0.99792165,High,94.80255633592606,2026-03-30 22:18:27.211093,XGBoost
0096-BXERS,0.47775242,Medium,24.054834212362767,2026-03-30 22:18:27.211093,XGBoost
0096-FCPUF,0.00058078987,Low,0.0374609466525726,2026-03-30 22:18:27.211093,XGBoost
0098-BOWSO,0.000567558,Low,0.011010624980553984,2026-03-30 22:18:27.211093,XGBoost
0100-DUVFC,0.0016180228,Low,0.16956878919154406,2026-03-30 22:18:27.211093,XGBoost
0103-CSITQ,0.15231213,Low,16.662946993112566,2026-03-30 22:18:27.211093,XGBoost
0104-PPXDV,0.00061487115,Low,0.030928019073326138,2026-03-30 22:18:27.211093,XGBoost
0106-GHRQR,0.0011026531,Low,0.07872943128459156,2026-03-30 22:18:27.211093,XGBoost
0106-UGRDO,0.0009135694,Low,0.10597405186854303,2026-03-30 22:18:27.211093,XGBoost
0107-WESLM,0.688935,Medium,13.675359389185907,2026-03-30 22:18:27.211093,XGBoost
0107-YHINA,0.9992968,High,99.67985424399376,2026-03-30 22:18:27.211093,XGBoost
0111-KLBQG,0.0011703271,Low,0.10995222841738723,2026-03-30 22:18:27.211093,XGBoost
0112-QAWRZ,0.2567933,Low,23.31683076620102,2026-03-30 22:18:27.211093,XGBoost
0112-QWPNC,0.41557387,Medium,35.0536555275321,2026-03-30 22:18:27.211093,XGBoost
0114-IGABW,0.026256934,Low,1.5294663943350315,2026-03-30 22:18:27.211093,XGBoost
0114-PEGZZ,0.0012000313,Low,0.1290633616154082,2026-03-30 22:18:27.211093,XGBoost
0114-RSRRW,0.0008908249,Low,0.0177719564671861,2026-03-30 22:18:27.211093,XGBoost
0115-TFERT,0.99814224,High,110.99341735839845,2026-03-30 22:18:27.211093,XGBoost
0117-LFRMW,0.09962567,Low,4.004951910674572,2026-03-30 22:18:27.211093,XGBoost
0118-JPNOY,0.0011395594,Low,0.0977741994196549,2026-03-30 22:18:27.211093,XGBoost
0121-SNYRK,0.00038031305,Low,0.013463082077214493,2026-03-30 22:18:27.211093,XGBoost
0122-OAHPZ,0.74520105,High,55.03309763371944,2026-03-30 22:18:27.211093,XGBoost
0123-CRBRT,0.00028811433,Low,0.025382872475893235,2026-03-30 22:18:27.211093,XGBoost
0125-LZQXK,0.99805593,High,101.1529690027237,2026-03-30 22:18:27.211093,XGBoost
0128-MKWSG,0.0003258643,Low,0.014924584818072616,2026-03-30 22:18:27.211093,XGBoost
0129-KPTWJ,0.0007662563,Low,0.07252615882025566,2026-03-30 22:18:27.211093,XGBoost
0129-QMPDR,0.00042538956,Low,0.008720485988305882,2026-03-30 22:18:27.211093,XGBoost
0130-SXOUN,0.00063265435,Low,0.05655929903732613,2026-03-30 22:18:27.211093,XGBoost
0133-BMFZO,0.99872094,High,86.13968141376972,2026-03-30 22:18:27.211093,XGBoost
0134-XWXCE,0.0941933,Low,7.050368661805987,2026-03-30 22:18:27.211093,XGBoost
0135-NMXAP,0.9988966,High,89.65096974372864,2026-03-30 22:18:27.211093,XGBoost
0136-IFMYD,0.0011012638,Low,0.1210839546751231,2026-03-30 22:18:27.211093,XGBoost
0137-OCGAB,0.99899036,High,80.11902662515641,2026-03-30 22:18:27.211093,XGBoost
0137-UDEUO,0.9931503,High,19.714033332467082,2026-03-30 22:18:27.211093,XGBoost
0139-IVFJG,0.0028403858,Low,0.2566288545262068,2026-03-30 22:18:27.211093,XGBoost
0141-YEAYS,0.35982984,Low,31.107289931178094,2026-03-30 22:18:27.211093,XGBoost
0142-GVYSN,0.13733895,Low,2.7879807099699976,2026-03-30 22:18:27.211093,XGBoost
0147-ESWWR,0.5892944,Medium,59.666055366396904,2026-03-30 22:18:27.211093,XGBoost
0148-DCDOS,0.9973494,High,94.4489864230156,2026-03-30 22:18:27.211093,XGBoost
0151-ONTOV,0.8881299,High,62.96840919852257,2026-03-30 22:18:27.211093,XGBoost
0156-FVPTA,0.99857473,High,54.1227505683899,2026-03-30 22:18:27.211093,XGBoost
0164-APGRB,0.04634713,Low,5.3252852473407986,2026-03-30 22:18:27.211093,XGBoost
0164-XAIRP,0.00032632035,Low,0.006379562927759252,2026-03-30 22:18:27.211093,XGBoost
0168-XZKBB,0.0016281497,Low,0.14140479710767975,2026-03-30 22:18:27.211093,XGBoost
0174-QRVVY,0.003322865,Low,0.0842346306773834,2026-03-30 22:18:27.211093,XGBoost
0177-PXBAT,0.0011569804,Low,0.12715214646887035,2026-03-30 22:18:27.211093,XGBoost
0178-CIIKR,0.2576072,Low,5.13926347643137,2026-03-30 22:18:27.211093,XGBoost
0178-SZBHO,0.11227654,Low,9.790514218807221,2026-03-30 22:18:27.211093,XGBoost
0181-RITDD,0.00014112268,Low,0.015262418274505763,2026-03-30 22:18:27.211093,XGBoost
0186-CAERR,0.0005302497,Low,0.061668036854825914,2026-03-30 22:18:27.211093,XGBoost
0187-QSXOE,0.0018878208,Low,0.16801604919601232,2026-03-30 22:18:27.211093,XGBoost
0187-WZNAB,0.00037419389,Low,0.027840025071054698,2026-03-30 22:18:27.211093,XGBoost
0188-GWFLE,0.0006972984,Low,0.013980832576635294,2026-03-30 22:18:27.211093,XGBoost
0191-EQUUH,0.02683699,Low,0.9406364801339805,2026-03-30 22:18:27.211093,XGBoost
0191-ZHSKZ,0.0015475065,Low,0.11567611421924084,2026-03-30 22:18:27.211093,XGBoost
0193-ESZXP,0.9974776,High,105.23388585448265,2026-03-30 22:18:27.211093,XGBoost
0195-IESCP,0.8205305,High,69.95022292435169,2026-03-30 22:18:27.211093,XGBoost
0196-JTUQI,0.4067501,Medium,30.587608480453493,2026-03-30 22:18:27.211093,XGBoost
0196-VULGZ,0.8751469,High,73.81864316165446,2026-03-30 22:18:27.211093,XGBoost
0197-PNKNK,0.00021802762,Low,0.0184124325576704,2026-03-30 22:18:27.211093,XGBoost
0201-MIBOL,0.091591366,Low,9.378955841064453,2026-03-30 22:18:27.211093,XGBoost
0201-OAMXR,0.9973373,High,115.2423229008913,2026-03-30 22:18:27.211093,XGBoost
0203-HHYIJ,0.034188047,Low,0.8649575904011727,2026-03-30 22:18:27.211093,XGBoost
0206-OYVOC,0.020116927,Low,0.38725084671750665,2026-03-30 22:18:27.211093,XGBoost
0206-TBWLC,0.12379227,Low,14.192783564701678,2026-03-30 22:18:27.211093,XGBoost
0207-MDKNV,0.9980393,High,104.89393097758293,2026-03-30 22:18:27.211093,XGBoost
0208-BPQEJ,0.00062174385,Low,0.012061830679886042,2026-03-30 22:18:27.211093,XGBoost
0212-ISBBF,0.51732093,Medium,26.047108873724937,2026-03-30 22:18:27.211093,XGBoost
0214-JHPFW,0.00027815532,Low,0.016077377460896967,2026-03-30 22:18:27.211093,XGBoost
0215-BQKGS,0.4150006,Medium,34.98454954326153,2026-03-30 22:18:27.211093,XGBoost
0218-QNVAS,0.00023874648,Low,0.0240059583033144,2026-03-30 22:18:27.211093,XGBoost
0219-QAERP,0.026799673,Low,0.5306335296481848,2026-03-30 22:18:27.211093,XGBoost
0219-YTZUE,0.83599216,High,70.89213495254516,2026-03-30 22:18:27.211093,XGBoost
0220-EBGCE,0.7687155,High,65.9942257463932,2026-03-30 22:18:27.211093,XGBoost
0221-NAUXK,0.00030496228,Low,0.006083997397217899,2026-03-30 22:18:27.211093,XGBoost
0221-WMXNQ,0.0019343173,Low,0.1457508077903185,2026-03-30 22:18:27.211093,XGBoost
0222-CNVPT,0.28756183,Low,14.033017492294311,2026-03-30 22:18:27.211093,XGBoost
0224-HJAPT,0.9978041,High,47.04646356403828,2026-03-30 22:18:27.211093,XGBoost
0224-NIJLP,0.00022655747,Low,0.004565133082360262,2026-03-30 22:18:27.211093,XGBoost
0224-RLWWD,0.0016666092,Low,0.0738307874649763,2026-03-30 22:18:27.211093,XGBoost
0225-ZORZP,0.0021263955,Low,0.17925513808149843,2026-03-30 22:18:27.211093,XGBoost
0228-MAUWC,0.0009923654,Low,0.05909536042017862,2026-03-30 22:18:27.211093,XGBoost
0229-LFJAF,0.0001961548,Low,0.013662181601830527,2026-03-30 22:18:27.211093,XGBoost
0230-UBYPQ,0.00042195944,Low,0.015232735825702549,2026-03-30 22:18:27.211093,XGBoost
0230-WEQUW,0.053450502,Low,3.0252984389662743,2026-03-30 22:18:27.211093,XGBoost
0231-LXVAP,0.9362222,High,71.05926464796067,2026-03-30 22:18:27.211093,XGBoost
0233-FTHAV,0.00040923632,Low,0.032411516807042066,2026-03-30 22:18:27.211093,XGBoost
0234-TEVTT,0.00029127562,Low,0.013107402774039656,2026-03-30 22:18:27.211093,XGBoost
0235-KGSLC,0.99879265,High,85.44671106338501,2026-03-30 22:18:27.211093,XGBoost
0236-HFWSV,0.7841484,High,73.20025267899035,2026-03-30 22:18:27.211093,XGBoost
0237-YFUTL,0.0010228978,Low,0.11216074126423337,2026-03-30 22:18:27.211093,XGBoost
0238-WHBIQ,0.0001778723,Low,0.015955144811596256,2026-03-30 22:18:27.211093,XGBoost
0239-OXEXL,0.0010528013,Low,0.08869850652990863,2026-03-30 22:18:27.211093,XGBoost
0244-LGNFY,0.011655763,Low,1.0799064226448536,2026-03-30 22:18:27.211093,XGBoost
0247-SLUJI,0.0010789185,Low,0.021254693658556787,2026-03-30 22:18:27.211093,XGBoost
0248-IPDFW,0.0021614868,Low,0.10829048731829971,2026-03-30 22:18:27.211093,XGBoost
0248-PGHBZ,0.10654907,Low,9.85046145543456,2026-03-30 22:18:27.211093,XGBoost
0253-ZTEOB,0.00024450634,Low,0.019474930278374814,2026-03-30 22:18:27.211093,XGBoost
0254-FNMCI,0.000328361,Low,0.03608687373925932,2026-03-30 22:18:27.211093,XGBoost
0254-KCJGT,0.00045109622,Low,0.03671923207584769,2026-03-30 22:18:27.211093,XGBoost
0254-WWRKD,0.00016525111,Low,0.008353443750820588,2026-03-30 22:18:27.211093,XGBoost
0256-LTHVJ,0.99857736,High,80.9346947312355,2026-03-30 22:18:27.211093,XGBoost
0257-KXZGU,0.076132715,Low,4.754488036036491,2026-03-30 22:18:27.211093,XGBoost
0257-ZESQC,0.9973787,High,75.00287876129151,2026-03-30 22:18:27.211093,XGBoost
0258-NOKBL,0.0019244966,Low,0.17397449351847172,2026-03-30 22:18:27.211093,XGBoost
0259-GBZSH,0.8695514,High,74.47707914114,2026-03-30 22:18:27.211093,XGBoost
0260-ZDLGK,0.31913877,Low,23.265215992927555,2026-03-30 22:18:27.211093,XGBoost
0263-FJTQO,0.00016222314,Low,0.011436731067078654,2026-03-30 22:18:27.211093,XGBoost
0264-CNITK,0.00016408373,Low,0.0032980829535517843,2026-03-30 22:18:27.211093,XGBoost
0265-EDXBD,0.62217706,Medium,46.60106212496758,2026-03-30 22:18:27.211093,XGBoost
0265-PSUAE,0.17287107,Low,17.408116559684277,2026-03-30 22:18:27.211093,XGBoost
0266-CLZKZ,0.00027806914,Low,0.029378004952741323,2026-03-30 22:18:27.211093,XGBoost
0266-GMEAO,0.0048482153,Low,0.5541510045994072,2026-03-30 22:18:27.211093,XGBoost
0268-QKIWO,0.9949005,High,19.64928536117077,2026-03-30 22:18:27.211093,XGBoost
0269-XFESX,0.00019000127,Low,0.004626530976383947,2026-03-30 22:18:27.211093,XGBoost
0270-THENM,0.009933614,Low,0.6938629499170929,2026-03-30 22:18:27.211093,XGBoost
0274-JKUJR,0.20263463,Low,11.925048127770424,2026-03-30 22:18:27.211093,XGBoost
0277-BKSQP,0.000668754,Low,0.03638021685183048,2026-03-30 22:18:27.211093,XGBoost
0277-ORXQS,0.00022148692,Low,0.011196163624845212,2026-03-30 22:18:27.211093,XGBoost
0278-YXOOG,0.09159361,Low,1.928045453876257,2026-03-30 22:18:27.211093,XGBoost
0280-XJGEX,0.99639696,High,103.32636463046074,2026-03-30 22:18:27.211093,XGBoost
0281-CNTZX,0.021191774,Low,0.42277589002624155,2026-03-30 22:18:27.211093,XGBoost
0282-NVSJS,0.08959435,Low,2.625114433467388,2026-03-30 22:18:27.211093,XGBoost
0285-INHLN,0.00024466164,Low,0.013395224887062795,2026-03-30 22:18:27.211093,XGBoost
0289-IVARM,0.0006834884,Low,0.04138522155990358,2026-03-30 22:18:27.211093,XGBoost
0292-WEGCH,0.0004915853,Low,0.04237465212354437,2026-03-30 22:18:27.211093,XGBoost
0295-PPHDO,0.95006925,High,90.68410978615285,2026-03-30 22:18:27.211093,XGBoost
0295-QVKPB,0.00073719665,Low,0.0471437257307116,2026-03-30 22:18:27.211093,XGBoost
0297-RBCSG,0.0005973098,Low,0.03903419456910342,2026-03-30 22:18:27.211093,XGBoost
0298-XACET,0.00026256082,Low,0.013180553045822309,2026-03-30 22:18:27.211093,XGBoost
0301-FIDRB,0.00017146327,Low,0.010939356446033343,2026-03-30 22:18:27.211093,XGBoost
0301-KOBTQ,0.00033509414,Low,0.006718637519225012,2026-03-30 22:18:27.211093,XGBoost
0302-JOIVN,0.8921957,High,90.2455952167511,2026-03-30 22:18:27.211093,XGBoost
0303-UNCIP,0.0005224553,Low,0.03395959560293704,2026-03-30 22:18:27.211093,XGBoost
0303-WMMRN,0.0003957138,Low,0.007617490853590425,2026-03-30 22:18:27.211093,XGBoost
0305-SQECB,0.03736414,Low,1.3469772525131702,2026-03-30 22:18:27.211093,XGBoost
0306-JAELE,0.8539119,High,82.06093134880065,2026-03-30 22:18:27.211093,XGBoost
0307-BCOPK,0.00027544348,Low,0.005247198345023208,2026-03-30 22:18:27.211093,XGBoost
0308-GIQJT,0.00059212977,Low,0.06261772324796766,2026-03-30 22:18:27.211093,XGBoost
0308-IVGOK,0.0005265451,Low,0.021272422187030314,2026-03-30 22:18:27.211093,XGBoost
0310-MVLET,0.7413345,High,73.50331546962262,2026-03-30 22:18:27.211093,XGBoost
0310-SUCIN,0.00036769643,Low,0.031180656934157013,2026-03-30 22:18:27.211093,XGBoost
0310-VQXAM,0.00039936518,Low,0.007927398766332772,2026-03-30 22:18:27.211093,XGBoost
0311-QYWSS,0.0008703147,Low,0.0430370627931552,2026-03-30 22:18:27.211093,XGBoost
0311-UNPFF,0.99674726,High,88.51115627288819,2026-03-30 22:18:27.211093,XGBoost
0314-TKOSI,0.0009501993,Low,0.05240349244559184,2026-03-30 22:18:27.211093,XGBoost
0315-LVCRK,0.0016692057,Low,0.1415486454963684,2026-03-30 22:18:27.211093,XGBoost
0318-QUUOB,0.99914205,High,80.48089218735694,2026-03-30 22:18:27.211093,XGBoost
0318-ZOPWS,0.0003695063,Low,0.007445552066201343,2026-03-30 22:18:27.211093,XGBoost
0319-QZTCO,0.00077671884,Low,0.04559339568950236,2026-03-30 22:18:27.211093,XGBoost
0320-DWVTU,0.00048418308,Low,0.04817621660185978,2026-03-30 22:18:27.211093,XGBoost
0320-JDNQG,0.99885905,High,99.73607593178748,2026-03-30 22:18:27.211093,XGBoost
0322-CHQRU,0.9975527,High,45.23901462256909,2026-03-30 22:18:27.211093,XGBoost
0322-YINQP,0.90337163,High,43.85869273841381,2026-03-30 22:18:27.211093,XGBoost
0323-XWWTN,0.01525529,Low,0.40273965820670127,2026-03-30 22:18:27.211093,XGBoost
0324-BRPCJ,0.53757584,Medium,53.865099263191226,2026-03-30 22:18:27.211093,XGBoost
0325-XBFAC,0.9983608,High,94.54476895928383,2026-03-30 22:18:27.211093,XGBoost
0326-VDYXE,0.0011047133,Low,0.10787525385967456,2026-03-30 22:18:27.211093,XGBoost
0327-WFZSY,0.00040283916,Low,0.04028391558676958,2026-03-30 22:18:27.211093,XGBoost
0328-GRPMV,0.9989085,High,70.02348723411559,2026-03-30 22:18:27.211093,XGBoost
0329-GTIAJ,0.99897707,High,97.79985467195512,2026-03-30 22:18:27.211093,XGBoost
0330-BGYZE,0.00078132,Low,0.08008529766811989,2026-03-30 22:18:27.211093,XGBoost
0330-IVZHA,0.99787056,High,69.80104598402977,2026-03-30 22:18:27.211093,XGBoost
0334-GDDSO,0.85837257,High,69.82860849499701,2026-03-30 22:18:27.211093,XGBoost
0334-ZFJSR,0.1585278,Low,10.470761612802743,2026-03-30 22:18:27.211093,XGBoost
0336-KXKFK,0.00022221709,Low,0.013599685777444394,2026-03-30 22:18:27.211093,XGBoost
0336-PIKEI,0.0003555408,Low,0.026452235807664693,2026-03-30 22:18:27.211093,XGBoost
0337-CNPZE,0.997707,High,106.05625509023666,2026-03-30 22:18:27.211093,XGBoost
0343-QLUZP,0.00030532535,Low,0.0120908836950548,2026-03-30 22:18:27.211093,XGBoost
0345-HKJVM,0.9981383,High,89.13375095129012,2026-03-30 22:18:27.211093,XGBoost
0345-XMMUG,0.00072229997,Low,0.07865846675704234,2026-03-30 22:18:27.211093,XGBoost
0347-UBKUZ,0.00039334098,Low,0.00782748540805187,2026-03-30 22:18:27.211093,XGBoost
0348-SDKOL,0.99791616,High,101.88724014163017,2026-03-30 22:18:27.211093,XGBoost
0354-VXMJC,0.00018464155,Low,0.0036189744656439874,2026-03-30 22:18:27.211093,XGBoost
0354-WYROK,0.9988624,High,98.78748995065689,2026-03-30 22:18:27.211093,XGBoost
0356-ERHVT,0.001033848,Low,0.04745362481335178,2026-03-30 22:18:27.211093,XGBoost
0356-OBMAC,0.00052083837,Low,0.052031752798939124,2026-03-30 22:18:27.211093,XGBoost
0357-NVCRI,0.0003470992,Low,0.00695933913521003,2026-03-30 22:18:27.211093,XGBoost
0361-HJRDX,0.00026069075,Low,0.016775449828128328,2026-03-30 22:18:27.211093,XGBoost
0362-RAOQO,0.0117125595,Low,0.2301517941523343,2026-03-30 22:18:27.211093,XGBoost
0362-ZBZWJ,0.61906785,Medium,52.55886027216911,2026-03-30 22:18:27.211093,XGBoost
0363-QJVFX,0.5074452,Medium,54.880200129747394,2026-03-30 22:18:27.211093,XGBoost
0363-SVHYR,0.00013834535,Low,0.012015293570584618,2026-03-30 22:18:27.211093,XGBoost
0365-BZUWY,0.7137519,High,73.1952585875988,2026-03-30 22:18:27.211093,XGBoost
0365-GXEZS,0.5481153,Medium,42.86261748075486,2026-03-30 22:18:27.211093,XGBoost
0365-TRTPY,0.0010525014,Low,0.09598812572658062,2026-03-30 22:18:27.211093,XGBoost
0366-NQSHS,0.0005488241,Low,0.010619746061274783,2026-03-30 22:18:27.211093,XGBoost
0369-ZGOVK,0.00025605722,Low,0.018026428110897542,2026-03-30 22:18:27.211093,XGBoost
0373-AIVNJ,0.10187877,Low,4.029305341467261,2026-03-30 22:18:27.211093,XGBoost
0374-AACSZ,0.0021433053,Low,0.10748675882350653,2026-03-30 22:18:27.211093,XGBoost
0374-FIUCA,0.01693482,Low,0.345470318198204,2026-03-30 22:18:27.211093,XGBoost
0374-IOEGQ,0.4908897,Medium,21.893680542707443,2026-03-30 22:18:27.211093,XGBoost
0375-HVGXO,0.99828404,High,34.64045625329018,2026-03-30 22:18:27.211093,XGBoost
0376-OIWME,0.001859595,Low,0.1740580874495208,2026-03-30 22:18:27.211093,XGBoost
0376-YMCJC,0.9974535,High,90.36928807497024,2026-03-30 22:18:27.211093,XGBoost
0377-JBKKT,0.00051445444,Low,0.02981263486435637,2026-03-30 22:18:27.211093,XGBoost
0378-CJKPV,0.00032914357,Low,0.03689699435781222,2026-03-30 22:18:27.211093,XGBoost
0378-NHQXU,0.69415855,Medium,61.25949239730835,2026-03-30 22:18:27.211093,XGBoost
0378-TOVMS,0.998713,High,85.68957681655884,2026-03-30 22:18:27.211093,XGBoost
0378-XSZPU,0.9954845,High,60.02771362066269,2026-03-30 22:18:27.211093,XGBoost
0379-DJQHR,0.00037064057,Low,0.03015161033690674,2026-03-30 22:18:27.211093,XGBoost
0380-NEAVX,0.40502608,Medium,40.441853910684586,2026-03-30 22:18:27.211093,XGBoost
0380-ZCSBI,0.0815182,Low,1.6303640604019165,2026-03-30 22:18:27.211093,XGBoost
0383-CLDDA,0.00034348184,Low,0.029316174655104985,2026-03-30 22:18:27.211093,XGBoost
0384-LPITE,0.00085041864,Low,0.052768476659548466,2026-03-30 22:18:27.211093,XGBoost
0384-RVBPI,0.116827406,Low,7.523684945702554,2026-03-30 22:18:27.211093,XGBoost
0386-CWRGM,0.00018602966,Low,0.0036089754343265664,2026-03-30 22:18:27.211093,XGBoost
0388-EOPEX,0.7010827,High,52.16055335998536,2026-03-30 22:18:27.211093,XGBoost
0390-DCFDQ,0.8576523,High,60.42160499691963,2026-03-30 22:18:27.211093,XGBoost
0392-BZIUW,0.09124317,Low,9.580532871186733,2026-03-30 22:18:27.211093,XGBoost
0394-YONDK,0.00013049351,Low,0.0032819118772749786,2026-03-30 22:18:27.211093,XGBoost
0396-HUJBP,0.00047071802,Low,0.009084857779089362,2026-03-30 22:18:27.211093,XGBoost
0396-UKGAI,0.057401147,Low,3.1742834147065877,2026-03-30 22:18:27.211093,XGBoost
0396-YCHWO,0.0016375226,Low,0.15621965574100616,2026-03-30 22:18:27.211093,XGBoost
0397-GZBBC,0.997776,High,93.64127496182918,2026-03-30 22:18:27.211093,XGBoost
0397-ZXWQF,0.00022635233,Low,0.004640222861780785,2026-03-30 22:18:27.211093,XGBoost
0401-WDBXM,0.00027662909,Low,0.029198199966049287,2026-03-30 22:18:27.211093,XGBoost
0402-CQAJN,0.99744934,High,101.64008758664131,2026-03-30 22:18:27.211093,XGBoost
0402-OAMEN,0.00016278126,Low,0.00398000180357485,2026-03-30 22:18:27.211093,XGBoost
0404-AHASP,0.0003369634,Low,0.006638178828870877,2026-03-30 22:18:27.211093,XGBoost
0404-SWRVG,0.5589293,Medium,41.58434171676636,2026-03-30 22:18:27.211093,XGBoost
0406-BPDVR,0.3856466,Low,39.14313106238842,2026-03-30 22:18:27.211093,XGBoost
0407-BDJKB,0.9981937,High,95.57704497873783,2026-03-30 22:18:27.211093,XGBoost
0409-WTMPL,0.00047028885,Low,0.05203746175684501,2026-03-30 22:18:27.211093,XGBoost
0410-IPFTY,0.0012996193,Low,0.10897308043786323,2026-03-30 22:18:27.211093,XGBoost
0411-EZJZE,0.0017148538,Low,0.10331994161242619,2026-03-30 22:18:27.211093,XGBoost
0412-UCCNP,0.00040533263,Low,0.023995691491290928,2026-03-30 22:18:27.211093,XGBoost
0415-MOSGF,0.6098405,Medium,27.076918745040892,2026-03-30 22:18:27.211093,XGBoost
0419-YAAPX,0.37005997,Low,31.566115188598634,2026-03-30 22:18:27.211093,XGBoost
0420-BWTPW,0.5296147,Medium,13.50517451763153,2026-03-30 22:18:27.211093,XGBoost
0420-HLGXF,0.0017114679,Low,0.17071891934028827,2026-03-30 22:18:27.211093,XGBoost
0420-TXVSG,0.061942477,Low,4.094397715106606,2026-03-30 22:18:27.211093,XGBoost
0422-OHQHQ,0.00031052346,Low,0.006381257197062951,2026-03-30 22:18:27.211093,XGBoost
0422-UXFAP,0.0007349356,Low,0.07264838137489277,2026-03-30 22:18:27.211093,XGBoost
0423-UDIJQ,0.0008041032,Low,0.0395618780516088,2026-03-30 22:18:27.211093,XGBoost
0426-TIRNE,0.99795794,High,20.857321047782897,2026-03-30 22:18:27.211093,XGBoost
0428-AXXLJ,0.00048267024,Low,0.009412069586687721,2026-03-30 22:18:27.211093,XGBoost
0428-IKYCP,0.0010943996,Low,0.09521276538725942,2026-03-30 22:18:27.211093,XGBoost
0430-IHCDJ,0.0010733661,Low,0.05259494122583419,2026-03-30 22:18:27.211093,XGBoost
0431-APWVY,0.99577963,High,89.71974498033524,2026-03-30 22:18:27.211093,XGBoost
0432-CAJZV,0.62507,Medium,56.69384680986405,2026-03-30 22:18:27.211093,XGBoost
0434-CSFON,0.5091118,Medium,51.1657380759716,2026-03-30 22:18:27.211093,XGBoost
0436-TWFFZ,0.00042398475,Low,0.03614469973399537,2026-03-30 22:18:27.211093,XGBoost
0439-IFYUN,0.001023566,Low,0.07646038028178737,2026-03-30 22:18:27.211093,XGBoost
0440-EKDCF,0.035325304,Low,2.124817015975714,2026-03-30 22:18:27.211093,XGBoost
0440-MOGPM,0.00061769586,Low,0.049755401193397115,2026-03-30 22:18:27.211093,XGBoost
0440-QEXBZ,0.00045612286,Low,0.02287456123449374,2026-03-30 22:18:27.211093,XGBoost
0440-UEDAI,0.00058272504,Low,0.05503838026197627,2026-03-30 22:18:27.211093,XGBoost
0442-TDYUO,0.00021158475,Low,0.004242274148418801,2026-03-30 22:18:27.211093,XGBoost
0442-ZXKVS,0.0005218128,Low,0.06032156208530068,2026-03-30 22:18:27.211093,XGBoost
0447-BEMNG,0.3664668,Low,16.600945606827736,2026-03-30 22:18:27.211093,XGBoost
0447-RXSGD,0.001428007,Low,0.1423009007179644,2026-03-30 22:18:27.211093,XGBoost
0454-OKRCT,0.07178928,Low,5.786215934157371,2026-03-30 22:18:27.211093,XGBoost
0455-ENTCR,0.00036065673,Low,0.030745986521651503,2026-03-30 22:18:27.211093,XGBoost
0455-XFASS,0.001482169,Low,0.10308485585846938,2026-03-30 22:18:27.211093,XGBoost
0458-HEUZG,0.026715549,Low,0.9457304242998361,2026-03-30 22:18:27.211093,XGBoost
0459-SPZHJ,0.04765041,Low,3.978809379041195,2026-03-30 22:18:27.211093,XGBoost
0461-CVKMU,0.7356826,High,61.65020244121551,2026-03-30 22:18:27.211093,XGBoost
0463-TXOAK,0.010571586,Low,0.2706326007843018,2026-03-30 22:18:27.211093,XGBoost
0463-WZZKO,0.0004619741,Low,0.009585962448909413,2026-03-30 22:18:27.211093,XGBoost
0463-ZSDNT,0.35795078,Low,20.31370658427477,2026-03-30 22:18:27.211093,XGBoost
0464-WJTKO,0.00020744292,Low,0.004169602716865484,2026-03-30 22:18:27.211093,XGBoost
0468-YRPXN,0.0012849707,Low,0.12695510210469366,2026-03-30 22:18:27.211093,XGBoost
0471-ARVMX,0.28170452,Low,29.536718420684338,2026-03-30 22:18:27.211093,XGBoost
0471-LVHGK,0.99688643,High,72.77270954847336,2026-03-30 22:18:27.211093,XGBoost
0475-RIJEP,0.99712485,High,77.62616963088512,2026-03-30 22:18:27.211093,XGBoost
0479-HMSWA,0.0002836837,Low,0.029914447051123717,2026-03-30 22:18:27.211093,XGBoost
0480-BIXDE,0.6654799,Medium,64.41845417022705,2026-03-30 22:18:27.211093,XGBoost
0480-KYJVA,0.00014776546,Low,0.0035833123729389627,2026-03-30 22:18:27.211093,XGBoost
0481-SUMCB,0.3338568,Low,34.10347122699022,2026-03-30 22:18:27.211093,XGBoost
0484-FFVBJ,0.000488851,Low,0.03170198648003861,2026-03-30 22:18:27.211093,XGBoost
0484-JPBRU,0.000639153,Low,0.016138613354996778,2026-03-30 22:18:27.211093,XGBoost
0485-ZBSLN,0.0003067533,Low,0.007592144080263097,2026-03-30 22:18:27.211093,XGBoost
0486-HECZI,0.3320774,Low,32.128489784896374,2026-03-30 22:18:27.211093,XGBoost
0486-LGCCH,0.00018895161,Low,0.003712899202946573,2026-03-30 22:18:27.211093,XGBoost
0487-CRLZF,0.0002728868,Low,0.020316422147152482,2026-03-30 22:18:27.211093,XGBoost
0487-RPVUM,0.0013612295,Low,0.1353062080219388,2026-03-30 22:18:27.211093,XGBoost
0487-VVUVK,0.00028987412,Low,0.005551089440996293,2026-03-30 22:18:27.211093,XGBoost
0488-GSLFR,0.9988555,High,69.4204552769661,2026-03-30 22:18:27.211093,XGBoost
0489-WMEMG,0.07318298,Low,3.6188982490450146,2026-03-30 22:18:27.211093,XGBoost
0491-KAPQG,0.0011186486,Low,0.08244439919944853,2026-03-30 22:18:27.211093,XGBoost
0495-RVCBF,0.92622495,High,73.82012827396393,2026-03-30 22:18:27.211093,XGBoost
0495-ZBNGW,0.9985481,High,79.78399242758752,2026-03-30 22:18:27.211093,XGBoost
0496-AHOOK,0.12056614,Low,8.970120602846146,2026-03-30 22:18:27.211093,XGBoost
0504-HHAPI,0.99778795,High,88.10467619895935,2026-03-30 22:18:27.211093,XGBoost
0505-SPOOW,0.0003001401,Low,0.005942773801507428,2026-03-30 22:18:27.211093,XGBoost
0506-LVNGN,0.9981881,High,75.41310932338237,2026-03-30 22:18:27.211093,XGBoost
0506-YLVKJ,0.00012526642,Low,0.0025303817325038835,2026-03-30 22:18:27.211093,XGBoost
0508-OOLTO,0.55174875,Medium,39.53279812335968,2026-03-30 22:18:27.211093,XGBoost
0508-SQWPL,0.00023745748,Low,0.004772895414498635,2026-03-30 22:18:27.211093,XGBoost
0511-JTEOY,0.9988732,High,71.01988268494605,2026-03-30 22:18:27.211093,XGBoost
0512-FLFDW,0.0009642665,Low,0.09690878132823855,2026-03-30 22:18:27.211093,XGBoost
0513-RBGPE,0.095882535,Low,6.021423196792602,2026-03-30 22:18:27.211093,XGBoost
0515-YPMCW,0.99872166,High,70.35994088947773,2026-03-30 22:18:27.211093,XGBoost
0516-OOHAR,0.0003740596,Low,0.03753688088909257,2026-03-30 22:18:27.211093,XGBoost
0516-QREYC,0.047577143,Low,0.9658159971237184,2026-03-30 22:18:27.211093,XGBoost
0516-UXRMT,0.08619004,Low,7.933792945370078,2026-03-30 22:18:27.211093,XGBoost
0516-VRYBW,0.990542,High,19.959421190619466,2026-03-30 22:18:27.211093,XGBoost
0516-WJVXC,0.64345634,Medium,34.87533361911774,2026-03-30 22:18:27.211093,XGBoost
0519-DRGTI,0.0002908932,Low,0.005919676474877633,2026-03-30 22:18:27.211093,XGBoost
0519-XUZJU,0.99877495,High,70.66332741081715,2026-03-30 22:18:27.211093,XGBoost
0520-FDVVT,0.42833728,Medium,43.840320196747776,2026-03-30 22:18:27.211093,XGBoost
0523-VNGTF,0.4035223,Medium,20.377876788377762,2026-03-30 22:18:27.211093,XGBoost
0524-IAVZO,0.99828476,High,84.85420435667038,2026-03-30 22:18:27.211093,XGBoost
0526-SXDJP,0.00031961955,Low,0.013455982913728804,2026-03-30 22:18:27.211093,XGBoost
0529-ONKER,0.9976967,High,75.47575518190861,2026-03-30 22:18:27.211093,XGBoost
0530-IJVDB,0.0407778,Low,4.6731357358396055,2026-03-30 22:18:27.211093,XGBoost
0531-XBKMM,0.00014146908,Low,0.009294518410752062,2026-03-30 22:18:27.211093,XGBoost
0531-ZZJWQ,0.00094269816,Low,0.06975966354366392,2026-03-30 22:18:27.211093,XGBoost
0533-BNWKF,0.9982383,High,85.29946488142014,2026-03-30 22:18:27.211093,XGBoost
0533-UCAAU,0.0003803654,Low,0.02704398070927709,2026-03-30 22:18:27.211093,XGBoost
0536-ACXIP,0.0003046252,Low,0.033371690110652705,2026-03-30 22:18:27.211093,XGBoost
0536-BGFMZ,0.00045355997,Low,0.009297979442635551,2026-03-30 22:18:27.211093,XGBoost
0536-ESJEP,0.000266653,Low,0.019878980466455688,2026-03-30 22:18:27.211093,XGBoost
0537-QYZZN,0.0006942089,Low,0.055432580254273486,2026-03-30 22:18:27.211093,XGBoost
0541-FITGH,0.0009804803,Low,0.06093685320811346,2026-03-30 22:18:27.211093,XGBoost
0547-HURJB,0.063805185,Low,1.3430991496890783,2026-03-30 22:18:27.211093,XGBoost
0549-CYCQN,0.00040072398,Low,0.0318976285518147,2026-03-30 22:18:27.211093,XGBoost
0550-DCXLH,0.3633031,Low,26.64828202575445,2026-03-30 22:18:27.211093,XGBoost
0556-FJEGU,0.00019944634,Low,0.013981188309844583,2026-03-30 22:18:27.211093,XGBoost
0557-ASKVU,0.0008039128,Low,0.04373285714536905,2026-03-30 22:18:27.211093,XGBoost
0559-CKHUS,0.017996034,Low,0.3518224579282105,2026-03-30 22:18:27.211093,XGBoost
0562-FGDCR,0.00017292654,Low,0.012891673185367835,2026-03-30 22:18:27.211093,XGBoost
0562-HKHML,0.004045727,Low,0.09669288001023232,2026-03-30 22:18:27.211093,XGBoost
0562-KBDVM,0.00030225184,Low,0.013480431877542288,2026-03-30 22:18:27.211093,XGBoost
0564-JJHGS,0.99881065,High,95.3864169716835,2026-03-30 22:18:27.211093,XGBoost
0564-MUUQK,0.08421302,Low,8.042343258857727,2026-03-30 22:18:27.211093,XGBoost
0565-IYCGT,0.99439937,High,78.15979038476944,2026-03-30 22:18:27.211093,XGBoost
0565-JUPYD,0.0007799754,Low,0.08150742723955773,2026-03-30 22:18:27.211093,XGBoost
0567-GGCAC,0.46673128,Medium,28.657300597429273,2026-03-30 22:18:27.211093,XGBoost
0567-XRHCU,0.009772302,Low,0.42949265758506955,2026-03-30 22:18:27.211093,XGBoost
0568-ONFPC,0.9929622,High,25.717720502614974,2026-03-30 22:18:27.211093,XGBoost
0570-BFQHT,0.0021314472,Low,0.1716880716383457,2026-03-30 22:18:27.211093,XGBoost
0572-ZJKLT,0.00023639284,Low,0.023556546116014945,2026-03-30 22:18:27.211093,XGBoost
0575-CUQOV,0.00077031995,Low,0.07545283926883713,2026-03-30 22:18:27.211093,XGBoost
0576-WNXXC,0.8290039,High,79.21131982505321,2026-03-30 22:18:27.211093,XGBoost
0577-WHMEV,0.733084,High,66.49072088599205,2026-03-30 22:18:27.211093,XGBoost
0578-SKVMF,0.99821377,High,83.1512068748474,2026-03-30 22:18:27.211093,XGBoost
0580-PIQHM,0.00027584055,Low,0.028025399497710168,2026-03-30 22:18:27.211093,XGBoost
0581-BXBUB,0.0014484352,Low,0.10537366394419223,2026-03-30 22:18:27.211093,XGBoost
0581-MDMPW,0.0008536096,Low,0.07592857256240677,2026-03-30 22:18:27.211093,XGBoost
0582-AVCLN,0.00030071897,Low,0.006104595013312064,2026-03-30 22:18:27.211093,XGBoost
0584-BJQGZ,0.00095569005,Low,0.07487831523758359,2026-03-30 22:18:27.211093,XGBoost
0585-EGDDA,0.0016613662,Low,0.13290929608047009,2026-03-30 22:18:27.211093,XGBoost
0587-DMGBH,0.527452,Medium,26.29348180294037,2026-03-30 22:18:27.211093,XGBoost
0594-UFTUL,0.00031648247,Low,0.006282177106186283,2026-03-30 22:18:27.211093,XGBoost
0595-ITUDF,0.000402804,Low,0.036977407056838274,2026-03-30 22:18:27.211093,XGBoost
0596-BQCEQ,0.99751604,High,99.9012310087681,2026-03-30 22:18:27.211093,XGBoost
0599-XNYDO,0.0008115342,Low,0.056645085557829586,2026-03-30 22:18:27.211093,XGBoost
0601-WZHJF,0.74363977,High,34.46770320832729,2026-03-30 22:18:27.211093,XGBoost
0602-DDUML,0.00023216273,Low,0.016193350089451997,2026-03-30 22:18:27.211093,XGBoost
0603-OLQDC,0.0004897117,Low,0.03420636247319635,2026-03-30 22:18:27.211093,XGBoost
0603-TPMIB,0.00018268736,Low,0.0046493933914462104,2026-03-30 22:18:27.211093,XGBoost
0604-THJFP,0.00029516782,Low,0.022417995774594603,2026-03-30 22:18:27.211093,XGBoost
0607-DAAHE,0.3037603,Low,5.999265730381012,2026-03-30 22:18:27.211093,XGBoost
0607-MVMGC,0.000710433,Low,0.05594659873167984,2026-03-30 22:18:27.211093,XGBoost
0608-JDVEC,0.0004361545,Low,0.008635859383502975,2026-03-30 22:18:27.211093,XGBoost
0611-DFXKO,0.3204531,Low,28.520326554775238,2026-03-30 22:18:27.211093,XGBoost
0612-RTZZA,0.9987797,High,25.219187781214714,2026-03-30 22:18:27.211093,XGBoost
0613-WUXUM,0.00013890992,Low,0.002667070459574461,2026-03-30 22:18:27.211093,XGBoost
0616-ATFGB,0.9982651,High,25.006540444493293,2026-03-30 22:18:27.211093,XGBoost
0617-AQNWT,0.43175957,Medium,20.65969523638487,2026-03-30 22:18:27.211093,XGBoost
0617-FHSGK,0.9961093,High,74.90741987228394,2026-03-30 22:18:27.211093,XGBoost
0618-XWMSS,0.99614906,High,74.61156482696533,2026-03-30 22:18:27.211093,XGBoost
0619-OLYUR,0.06314009,Low,7.065375716239214,2026-03-30 22:18:27.211093,XGBoost
0620-DLSLK,0.36946362,Low,30.2590706884861,2026-03-30 22:18:27.211093,XGBoost
0620-XEFWH,0.0006979795,Low,0.013156914120190778,2026-03-30 22:18:27.211093,XGBoost
0621-CXBKL,0.00024568947,Low,0.004594393138540908,2026-03-30 22:18:27.211093,XGBoost
0621-HJWXJ,0.0008295295,Low,0.06764812932815402,2026-03-30 22:18:27.211093,XGBoost
0621-JFHOL,0.0003225472,Low,0.009547396772541105,2026-03-30 22:18:27.211093,XGBoost
0621-TSSMU,0.046402823,Low,0.925736322440207,2026-03-30 22:18:27.211093,XGBoost
0621-TWIEM,0.51213443,Medium,23.327723413705826,2026-03-30 22:18:27.211093,XGBoost
0623-EJQEG,0.11830068,Low,11.067028272151946,2026-03-30 22:18:27.211093,XGBoost
0623-GDISB,0.0015229646,Low,0.07378763317828999,2026-03-30 22:18:27.211093,XGBoost
0623-IIHUG,0.99839824,High,41.83288643956184,2026-03-30 22:18:27.211093,XGBoost
0625-AFOHS,0.005363879,Low,0.10835035163909197,2026-03-30 22:18:27.211093,XGBoost
0626-QXNGV,0.017742464,Low,0.42848051330074666,2026-03-30 22:18:27.211093,XGBoost
0628-CNQRM,0.22105594,Low,14.921275936067104,2026-03-30 22:18:27.211093,XGBoost
0634-SZPQA,0.47118324,Medium,42.4300507992506,2026-03-30 22:18:27.211093,XGBoost
0635-WKOLD,0.00058630924,Low,0.04148137854645029,2026-03-30 22:18:27.211093,XGBoost
0637-KVDLV,0.86128116,High,65.88800847530365,2026-03-30 22:18:27.211093,XGBoost
0637-UBJRP,0.728591,High,61.23807564079761,2026-03-30 22:18:27.211093,XGBoost
0637-YLETY,0.99777275,High,95.3870752096176,2026-03-30 22:18:27.211093,XGBoost
0639-TSIQW,0.6512688,Medium,67.04812092483044,2026-03-30 22:18:27.211093,XGBoost
0640-YJTPY,0.0030751403,Low,0.06457794620655477,2026-03-30 22:18:27.211093,XGBoost
0641-EVBOJ,0.001514498,Low,0.12464318770216777,2026-03-30 22:18:27.211093,XGBoost
0643-OKLRP,0.9979651,High,80.18649557828903,2026-03-30 22:18:27.211093,XGBoost
0644-OQMDK,0.0011608304,Low,0.08201266604592093,2026-03-30 22:18:27.211093,XGBoost
0650-BWOZN,0.41632265,Medium,30.620530799031258,2026-03-30 22:18:27.211093,XGBoost
0654-HMSHN,0.68778473,Medium,71.80472595691681,2026-03-30 22:18:27.211093,XGBoost
0654-PQKDW,0.00020925207,Low,0.01480458420337527,2026-03-30 22:18:27.211093,XGBoost
0655-RBDUG,0.9984464,High,97.89767000377178,2026-03-30 22:18:27.211093,XGBoost
0655-YDGFJ,0.1700905,Low,8.325929805636406,2026-03-30 22:18:27.211093,XGBoost
0657-DOGUM,0.14250532,Low,8.635822266340256,2026-03-30 22:18:27.211093,XGBoost
0661-KBKPA,0.03001777,Low,2.363899452611804,2026-03-30 22:18:27.211093,XGBoost
0661-KQHNK,0.0003765388,Low,0.00715423739165999,2026-03-30 22:18:27.211093,XGBoost
0661-WCQNQ,0.0006468481,Low,0.03638520647655241,2026-03-30 22:18:27.211093,XGBoost
0661-XEYAN,0.99848974,High,25.761035227775576,2026-03-30 22:18:27.211093,XGBoost
0665-XHDJU,0.00044407992,Low,0.04414154443657026,2026-03-30 22:18:27.211093,XGBoost
0666-UXTJO,0.0010648886,Low,0.09072850453667343,2026-03-30 22:18:27.211093,XGBoost
0667-NSRGI,0.19384268,Low,13.481758342683314,2026-03-30 22:18:27.211093,XGBoost
0668-OGMHD,0.41095448,Medium,11.712202548980713,2026-03-30 22:18:27.211093,XGBoost
0670-ANMUU,0.00032989,Low,0.03221375824359712,2026-03-30 22:18:27.211093,XGBoost
0670-KDOMA,0.3954574,Low,8.00801208615303,2026-03-30 22:18:27.211093,XGBoost
0673-IGUQO,0.001540603,Low,0.031505331344669686,2026-03-30 22:18:27.211093,XGBoost
0674-DGMAQ,0.54925007,Medium,51.35488119721413,2026-03-30 22:18:27.211093,XGBoost
0674-EYYZV,0.6922518,Medium,37.831560951471324,2026-03-30 22:18:27.211093,XGBoost
0674-GCDXG,0.00015870671,Low,0.011411012380267494,2026-03-30 22:18:27.211093,XGBoost
0675-NCDYU,0.0077160834,Low,0.8981521116569638,2026-03-30 22:18:27.211093,XGBoost
0678-RLHVP,0.14183113,Low,14.970275749266147,2026-03-30 22:18:27.211093,XGBoost
0679-IDSTG,0.99920183,High,69.19472701847553,2026-03-30 22:18:27.211093,XGBoost
0679-TDGAK,0.00032023477,Low,0.024177725324989296,2026-03-30 22:18:27.211093,XGBoost
0680-DFNNY,0.9983381,High,100.93198224306106,2026-03-30 22:18:27.211093,XGBoost
0682-USIXD,0.0019867774,Low,0.17096219612285493,2026-03-30 22:18:27.211093,XGBoost
0684-AOSIH,0.99929607,High,94.93312656879425,2026-03-30 22:18:27.211093,XGBoost
0685-MLYYM,0.99863464,High,70.6534005254507,2026-03-30 22:18:27.211093,XGBoost
0687-ZVTHB,0.11267402,Low,8.163232765719295,2026-03-30 22:18:27.211093,XGBoost
0689-DSXGL,0.00036479728,Low,0.03129960637888871,2026-03-30 22:18:27.211093,XGBoost
0689-NKYLF,0.99765307,High,83.00473518371582,2026-03-30 22:18:27.211093,XGBoost
0690-SRQID,0.11779902,Low,2.314750768616795,2026-03-30 22:18:27.211093,XGBoost
0691-IFBQW,0.9964743,High,109.612175822258,2026-03-30 22:18:27.211093,XGBoost
0691-JVSYA,0.14962073,Low,14.19152592793107,2026-03-30 22:18:27.211093,XGBoost
0691-NIKRI,0.00097332033,Low,0.10312328931177035,2026-03-30 22:18:27.211093,XGBoost
0696-UKTOX,0.16516547,Low,8.94371014907956,2026-03-30 22:18:27.211093,XGBoost
0697-ZMSWS,0.997795,High,85.46114053130151,2026-03-30 22:18:27.211093,XGBoost
0699-NDKJM,0.00069621106,Low,0.04090239999641199,2026-03-30 22:18:27.211093,XGBoost
0701-RFGFI,0.00038241438,Low,0.03648233172716573,2026-03-30 22:18:27.211093,XGBoost
0701-TJSEF,0.0009804248,Low,0.06691399335977621,2026-03-30 22:18:27.211093,XGBoost
0702-PGIBZ,0.9986486,High,101.56256098151208,2026-03-30 22:18:27.211093,XGBoost
0704-VCUMB,0.00026987924,Low,0.005465054564410821,2026-03-30 22:18:27.211093,XGBoost
0707-HOVVN,0.0003658072,Low,0.027618444291874766,2026-03-30 22:18:27.211093,XGBoost
0708-LGSMF,0.0010563437,Low,0.06956023042439483,2026-03-30 22:18:27.211093,XGBoost
0708-SJDIS,0.000646029,Low,0.04199188610073179,2026-03-30 22:18:27.211093,XGBoost
0709-TVGUR,0.7183371,High,53.55203219354153,2026-03-30 22:18:27.211093,XGBoost
0716-BQNDX,0.06286086,Low,5.893205758184195,2026-03-30 22:18:27.211093,XGBoost
0719-SYFRB,0.60362494,Medium,37.21347754597664,2026-03-30 22:18:27.211093,XGBoost
0722-SVSFK,0.0027030807,Low,0.27138929748907686,2026-03-30 22:18:27.211093,XGBoost
0722-TROQR,0.8389247,High,62.835460478067404,2026-03-30 22:18:27.211093,XGBoost
0723-DRCLG,0.99926406,High,74.39520937502384,2026-03-30 22:18:27.211093,XGBoost
0723-FDLAY,0.0006140156,Low,0.052344831463415176,2026-03-30 22:18:27.211093,XGBoost
0723-VSOBE,0.0004954207,Low,0.016943388304207475,2026-03-30 22:18:27.211093,XGBoost
0725-CXOTM,0.0985138,Low,8.831761894375086,2026-03-30 22:18:27.211093,XGBoost
0727-BMPLR,0.9974032,High,99.74032044410706,2026-03-30 22:18:27.211093,XGBoost
0727-BNRLG,0.00041353266,Low,0.040381464236998,2026-03-30 22:18:27.211093,XGBoost
0727-IWKVK,0.9978163,High,79.7255243062973,2026-03-30 22:18:27.211093,XGBoost
0730-BGQGF,0.00015880632,Low,0.014340210416412447,2026-03-30 22:18:27.211093,XGBoost
0730-KOAVE,0.3543634,Low,33.416469720005985,2026-03-30 22:18:27.211093,XGBoost
0731-EBJQB,0.00045887902,Low,0.009361131966579705,2026-03-30 22:18:27.211093,XGBoost
0732-OCQOC,0.0004012153,Low,0.010050443456566428,2026-03-30 22:18:27.211093,XGBoost
0733-VUNUW,0.99446386,High,55.34191386401653,2026-03-30 22:18:27.211093,XGBoost
0734-OXWBT,0.0008404924,Low,0.0594228106958326,2026-03-30 22:18:27.211093,XGBoost
0739-UUAJR,0.00017832009,Low,0.009593620625673793,2026-03-30 22:18:27.211093,XGBoost
0742-LAFQK,0.0003855204,Low,0.03822434743051417,2026-03-30 22:18:27.211093,XGBoost
0742-MOABM,0.9975446,High,49.92710656225681,2026-03-30 22:18:27.211093,XGBoost
0742-NXBGR,0.9475429,High,77.98278114795684,2026-03-30 22:18:27.211093,XGBoost
0743-HNPFG,0.00044531285,Low,0.03106057125114603,2026-03-30 22:18:27.211093,XGBoost
0743-HRVFF,0.00031399852,Low,0.017631016905943396,2026-03-30 22:18:27.211093,XGBoost
0744-BIKKF,0.014598621,Low,1.2649705144576728,2026-03-30 22:18:27.211093,XGBoost
0744-GKNGE,0.0435529,Low,3.7803918585181235,2026-03-30 22:18:27.211093,XGBoost
0746-JTRFU,0.71153516,High,17.82395565211773,2026-03-30 22:18:27.211093,XGBoost
0748-RDGGM,0.997971,High,109.2778243124485,2026-03-30 22:18:27.211093,XGBoost
0749-IRGQE,0.0013239848,Low,0.05997651232173666,2026-03-30 22:18:27.211093,XGBoost
0750-EBAIU,0.00044579213,Low,0.04067853198648663,2026-03-30 22:18:27.211093,XGBoost
0750-EKNGL,0.0005344037,Low,0.011088877188740298,2026-03-30 22:18:27.211093,XGBoost
0754-EEBDC,0.01342864,Low,0.26722992844879623,2026-03-30 22:18:27.211093,XGBoost
0754-UKWQP,0.8594707,High,82.38026899695396,2026-03-30 22:18:27.211093,XGBoost
0756-MPZRL,0.00033056593,Low,0.01114007197029423,2026-03-30 22:18:27.211093,XGBoost
0757-WCUUZ,0.0071488004,Low,0.4528765064664185,2026-03-30 22:18:27.211093,XGBoost
0761-AETCS,0.99595696,High,19.22196927666664,2026-03-30 22:18:27.211093,XGBoost
0769-MURVM,0.00017146327,Low,0.011265136653673836,2026-03-30 22:18:27.211093,XGBoost
0771-CHWSK,0.02551668,Low,1.9035442914813756,2026-03-30 22:18:27.211093,XGBoost
0771-WLCLA,0.20294522,Low,22.922662315517666,2026-03-30 22:18:27.211093,XGBoost
0772-GYEQQ,0.9986929,High,88.23452034294604,2026-03-30 22:18:27.211093,XGBoost
0774-IFUVM,0.00045589372,Low,0.02970147596643074,2026-03-30 22:18:27.211093,XGBoost
0774-RMNUW,0.00019293133,Low,0.011518000363139436,2026-03-30 22:18:27.211093,XGBoost
0778-NELLA,0.99669087,High,34.58517316579819,2026-03-30 22:18:27.211093,XGBoost
0780-XNZFN,0.00043974543,Low,0.009080743175582029,2026-03-30 22:18:27.211093,XGBoost
0781-LKXBR,0.8195106,High,82.36081320047379,2026-03-30 22:18:27.211093,XGBoost
0784-GTUUK,0.029619895,Low,0.7034725043922663,2026-03-30 22:18:27.211093,XGBoost
0784-ZQJZX,0.0036260122,Low,0.07215764364227652,2026-03-30 22:18:27.211093,XGBoost
0786-IVLAW,0.0009816614,Low,0.10611759460298344,2026-03-30 22:18:27.211093,XGBoost
0786-VSSUD,0.9982224,High,38.93067401647568,2026-03-30 22:18:27.211093,XGBoost
0787-LHDYT,0.00082265516,Low,0.01694669625721872,2026-03-30 22:18:27.211093,XGBoost
0788-DXBFY,0.08340779,Low,1.630622284114361,2026-03-30 22:18:27.211093,XGBoost
0793-TWELN,0.0018361423,Low,0.14716680293204265,2026-03-30 22:18:27.211093,XGBoost
0794-YVSGE,0.0033718531,Low,0.06844861891586333,2026-03-30 22:18:27.211093,XGBoost
0795-GMVQO,0.0006767397,Low,0.07437369611579925,2026-03-30 22:18:27.211093,XGBoost
0795-LAFGP,0.0002987857,Low,0.027010226016864182,2026-03-30 22:18:27.211093,XGBoost
0795-XCCTE,0.00033951114,Low,0.008623582997824996,2026-03-30 22:18:27.211093,XGBoost
0799-DDIHE,0.2663916,Low,12.333931317925453,2026-03-30 22:18:27.211093,XGBoost
0804-XBFBV,0.0006236792,Low,0.01571671573910862,2026-03-30 22:18:27.211093,XGBoost
0804-YGEQV,0.023691187,Low,0.5792495143599808,2026-03-30 22:18:27.211093,XGBoost
0807-ZABDG,0.99680734,High,54.92408425807953,2026-03-30 22:18:27.211093,XGBoost
0810-BDHAW,0.3760573,Low,29.482892084121705,2026-03-30 22:18:27.211093,XGBoost
0810-DHDBD,0.00033036934,Low,0.02444733097217977,2026-03-30 22:18:27.211093,XGBoost
0811-GSDTP,0.00068659824,Low,0.020700937032233923,2026-03-30 22:18:27.211093,XGBoost
0812-WUPTB,0.9360724,High,66.32073018848895,2026-03-30 22:18:27.211093,XGBoost
0813-TAXXS,0.00040823536,Low,0.03176071064081043,2026-03-30 22:18:27.211093,XGBoost
0815-MFZGM,0.08461213,Low,8.376600980758667,2026-03-30 22:18:27.211093,XGBoost
0816-TSPHQ,0.1448154,Low,3.0049195550382137,2026-03-30 22:18:27.211093,XGBoost
0817-HSUSE,0.003390439,Low,0.25597815110813826,2026-03-30 22:18:27.211093,XGBoost
0818-OCPZO,0.99774975,High,81.26671679913999,2026-03-30 22:18:27.211093,XGBoost
0820-FNRNX,0.00047107288,Low,0.03142056127253454,2026-03-30 22:18:27.211093,XGBoost
0822-GAVAP,0.53298956,Medium,18.494737786054614,2026-03-30 22:18:27.211093,XGBoost
0822-QGCXA,0.0011749711,Low,0.09852132774540223,2026-03-30 22:18:27.211093,XGBoost
0823-HSCDJ,0.9967644,High,48.99097131490707,2026-03-30 22:18:27.211093,XGBoost
0824-VWDPO,0.19780949,Low,19.138067923486233,2026-03-30 22:18:27.211093,XGBoost
0825-CPPQH,0.009211293,Low,0.1759357043541968,2026-03-30 22:18:27.211093,XGBoost
0827-ITJPH,0.0002918288,Low,0.005413424123253208,2026-03-30 22:18:27.211093,XGBoost
0829-DDVLK,0.022775494,Low,0.45778742060065275,2026-03-30 22:18:27.211093,XGBoost
0829-XXPLX,0.38162363,Low,34.11715214252472,2026-03-30 22:18:27.211093,XGBoost
0831-JNISG,0.00013343325,Low,0.0026419783156597988,2026-03-30 22:18:27.211093,XGBoost
0835-DUUIQ,0.00036572458,Low,0.00769850248034345,2026-03-30 22:18:27.211093,XGBoost
0835-JKADZ,0.0003973885,Low,0.04420947097969474,2026-03-30 22:18:27.211093,XGBoost
0836-SEYLU,0.9981799,High,40.57601344585419,2026-03-30 22:18:27.211093,XGBoost
0839-JTCUD,0.00039040917,Low,0.0350977845460875,2026-03-30 22:18:27.211093,XGBoost
0839-QNXME,0.0101395445,Low,0.19670716319233178,2026-03-30 22:18:27.211093,XGBoost
0840-DCNZE,0.00048801248,Low,0.042432684799132404,2026-03-30 22:18:27.211093,XGBoost
0840-DFEZH,0.0016751335,Low,0.12622130748932248,2026-03-30 22:18:27.211093,XGBoost
0841-NULXI,0.846774,High,30.10281506180763,2026-03-30 22:18:27.211093,XGBoost
0842-IWYCP,0.0007091228,Low,0.03187507001857739,2026-03-30 22:18:27.211093,XGBoost
0843-WTBXE,0.9958593,High,85.09617931544781,2026-03-30 22:18:27.211093,XGBoost
0847-HGRML,0.00019011706,Low,0.0038023412344045937,2026-03-30 22:18:27.211093,XGBoost
0848-SOMKO,0.035331596,Low,1.7100492313504219,2026-03-30 22:18:27.211093,XGBoost
0848-ZGQIJ,0.0020280888,Low,0.19195860339095816,2026-03-30 22:18:27.211093,XGBoost
0851-DFJKB,0.0011699147,Low,0.06896647327230312,2026-03-30 22:18:27.211093,XGBoost
0853-NWIFK,0.0009566959,Low,0.09595659637125209,2026-03-30 22:18:27.211093,XGBoost
0853-TWRVK,0.0007156599,Low,0.07557368259876966,2026-03-30 22:18:27.211093,XGBoost
0854-UYHZD,0.00019103436,Low,0.0037347216646594463,2026-03-30 22:18:27.211093,XGBoost
0856-NAOES,0.20112158,Low,12.24830444008112,2026-03-30 22:18:27.211093,XGBoost
0859-YGKFW,0.00028810115,Low,0.005776427977252752,2026-03-30 22:18:27.211093,XGBoost
0862-PRCBS,0.0005182778,Low,0.05377132292778697,2026-03-30 22:18:27.211093,XGBoost
0864-FVJNJ,0.00023907222,Low,0.027098836367076728,2026-03-30 22:18:27.211093,XGBoost
0866-QLSIR,0.26664454,Low,17.17190821170807,2026-03-30 22:18:27.211093,XGBoost
0867-LDTTC,0.6171549,Medium,46.37919045388699,2026-03-30 22:18:27.211093,XGBoost
0867-MKZVY,0.9955433,High,82.03276801109314,2026-03-30 22:18:27.211093,XGBoost
0868-VJRDR,0.0007229621,Low,0.07522420466993936,2026-03-30 22:18:27.211093,XGBoost
0869-PAPRP,0.0010972249,Low,0.0940321726957336,2026-03-30 22:18:27.211093,XGBoost
0870-VEMYL,0.5822436,Medium,31.353819009661674,2026-03-30 22:18:27.211093,XGBoost
0871-OPBXW,0.2788555,Low,5.591052827239037,2026-03-30 22:18:27.211093,XGBoost
0871-URUWO,0.6430176,Medium,65.74854858219624,2026-03-30 22:18:27.211093,XGBoost
0872-CASZJ,0.0004283164,Low,0.0295966623496497,2026-03-30 22:18:27.211093,XGBoost
0872-JCPIB,0.00089058897,Low,0.0585562247724738,2026-03-30 22:18:27.211093,XGBoost
0872-NXJYS,0.99774665,High,79.37074572145939,2026-03-30 22:18:27.211093,XGBoost
0875-CABNR,0.9983084,High,84.45689234733581,2026-03-30 22:18:27.211093,XGBoost
0876-WDUUZ,0.99835867,High,85.25983015298844,2026-03-30 22:18:27.211093,XGBoost
0877-SDMBN,0.99686205,High,103.62381049990654,2026-03-30 22:18:27.211093,XGBoost
0880-FVFWF,0.00059426494,Low,0.05134449116885662,2026-03-30 22:18:27.211093,XGBoost
0880-TKATG,0.99897647,High,101.04646984338761,2026-03-30 22:18:27.211093,XGBoost
0883-EIBTI,0.9941071,High,19.385088980197906,2026-03-30 22:18:27.211093,XGBoost
0885-HMGPY,0.051051635,Low,3.542983489483595,2026-03-30 22:18:27.211093,XGBoost
0886-QGENL,0.7566738,High,76.61322355270386,2026-03-30 22:18:27.211093,XGBoost
0887-HJGAR,0.99766076,High,45.59309655427933,2026-03-30 22:18:27.211093,XGBoost
0887-WBJVH,0.0006295828,Low,0.058834511874010786,2026-03-30 22:18:27.211093,XGBoost
0895-DQHEW,0.57481503,Medium,59.95320813655853,2026-03-30 22:18:27.211093,XGBoost
0895-LMRSF,0.0004160056,Low,0.02699876424157992,2026-03-30 22:18:27.211093,XGBoost
0895-LNKRC,0.00024235413,Low,0.004713787828950444,2026-03-30 22:18:27.211093,XGBoost
0895-UADGO,0.14841655,Low,6.611957256495952,2026-03-30 22:18:27.211093,XGBoost
0897-FEGMU,0.9993186,High,99.43220067024231,2026-03-30 22:18:27.211093,XGBoost
0898-XCGTF,0.0007103992,Low,0.06855352097772993,2026-03-30 22:18:27.211093,XGBoost
0899-LIIBW,0.49201304,Medium,49.61951480209827,2026-03-30 22:18:27.211093,XGBoost
0899-WZRSD,0.0008120656,Low,0.0855511123285396,2026-03-30 22:18:27.211093,XGBoost
0902-RFHOF,0.00025952273,Low,0.0052164068125421185,2026-03-30 22:18:27.211093,XGBoost
0902-XKXPN,0.007144355,Low,0.14431597534567117,2026-03-30 22:18:27.211093,XGBoost
0906-QVPMS,0.00028319214,Low,0.032609575462993236,2026-03-30 22:18:27.211093,XGBoost
0907-HQNTS,0.00079401163,Low,0.08972331462427974,2026-03-30 22:18:27.211093,XGBoost
0909-SDHNU,0.0008779914,Low,0.02616414303192869,2026-03-30 22:18:27.211093,XGBoost
0909-SELIE,0.036727276,Low,2.9675638765096664,2026-03-30 22:18:27.211093,XGBoost
0913-XWSCN,0.00033829277,Low,0.02892403166333679,2026-03-30 22:18:27.211093,XGBoost
0916-KNFAJ,0.042367782,Low,2.961507992818952,2026-03-30 22:18:27.211093,XGBoost
0916-QOFDP,0.0013948625,Low,0.1336278315167874,2026-03-30 22:18:27.211093,XGBoost
0917-EZOLA,0.39731225,Low,41.38007122427226,2026-03-30 22:18:27.211093,XGBoost
0921-OHLVP,0.0013250093,Low,0.11004202023032121,2026-03-30 22:18:27.211093,XGBoost
0923-PNFUB,0.8227794,High,68.90777617692947,2026-03-30 22:18:27.211093,XGBoost
0924-BJCRC,0.0011243048,Low,0.10056906755198725,2026-03-30 22:18:27.211093,XGBoost
0925-VYDLG,0.99832445,High,75.1239151507616,2026-03-30 22:18:27.211093,XGBoost
0927-CNGRH,0.0018097003,Low,0.035379640391329306,2026-03-30 22:18:27.211093,XGBoost
0927-LCSMG,0.5803415,Medium,43.32249431312084,2026-03-30 22:18:27.211093,XGBoost
0928-JMXNP,0.0011974684,Low,0.03580430435249582,2026-03-30 22:18:27.211093,XGBoost
0928-XUTSN,0.0013935128,Low,0.11217778222635388,2026-03-30 22:18:27.211093,XGBoost
0929-HYQEW,0.0010852705,Low,0.054426317854085936,2026-03-30 22:18:27.211093,XGBoost
0929-PECLO,0.00062096806,Low,0.05563873797655105,2026-03-30 22:18:27.211093,XGBoost
0930-EHUZA,0.0006516522,Low,0.04975364747224375,2026-03-30 22:18:27.211093,XGBoost
0931-MHTEM,0.24122941,Low,24.13500296473503,2026-03-30 22:18:27.211093,XGBoost
0932-YIXYU,0.00027024458,Low,0.005472452707181219,2026-03-30 22:18:27.211093,XGBoost
0936-NQLJU,0.028438523,Low,0.5872555084526538,2026-03-30 22:18:27.211093,XGBoost
0939-EREMR,0.00057786447,Low,0.030886855919379744,2026-03-30 22:18:27.211093,XGBoost
0939-YAPAF,0.81773835,High,81.97827000916004,2026-03-30 22:18:27.211093,XGBoost
0940-OUQEC,0.62970227,Medium,50.81697319149971,2026-03-30 22:18:27.211093,XGBoost
0942-KOWSM,0.0003513602,Low,0.028389905230142176,2026-03-30 22:18:27.211093,XGBoost
0943-ZQPXH,0.13742822,Low,12.773953428864479,2026-03-30 22:18:27.211093,XGBoost
0945-TSONX,0.00037304414,Low,0.03182066501758527,2026-03-30 22:18:27.211093,XGBoost
0946-CLJTI,0.9983625,High,98.53837693333627,2026-03-30 22:18:27.211093,XGBoost
0946-FKYTX,0.0005588316,Low,0.01682083153864369,2026-03-30 22:18:27.211093,XGBoost
0947-IDHRQ,0.62184286,Medium,49.93398175239563,2026-03-30 22:18:27.211093,XGBoost
0947-MUGVO,0.9966794,High,73.40543966889382,2026-03-30 22:18:27.211093,XGBoost
0952-KMEEH,0.9988432,High,98.03645939826966,2026-03-30 22:18:27.211093,XGBoost
0953-LGOVU,0.12590297,Low,4.469555281102657,2026-03-30 22:18:27.211093,XGBoost
0956-ACVZC,0.112790376,Low,10.613574376702308,2026-03-30 22:18:27.211093,XGBoost
0956-SYCWG,0.00044668544,Low,0.008777368981100153,2026-03-30 22:18:27.211093,XGBoost
0958-YHXGP,0.48174796,Medium,33.67418206036091,2026-03-30 22:18:27.211093,XGBoost
0959-WHOKV,0.00095589,Low,0.09463310911087319,2026-03-30 22:18:27.211093,XGBoost
0960-HUWBM,0.00022555888,Low,0.02348067909479141,2026-03-30 22:18:27.211093,XGBoost
0961-ZWLVI,0.00037596578,Low,0.041055463696829976,2026-03-30 22:18:27.211093,XGBoost
0962-CQPWQ,0.00021779678,Low,0.004421274705964606,2026-03-30 22:18:27.211093,XGBoost
0963-ZBDRN,0.9980794,High,96.01524012088775,2026-03-30 22:18:27.211093,XGBoost
0967-BMLBD,0.01712749,Low,0.34254979342222214,2026-03-30 22:18:27.211093,XGBoost
0968-GSIKN,0.89059126,High,63.05386147499084,2026-03-30 22:18:27.211093,XGBoost
0969-RGKCU,0.00019811695,Low,0.00392271557066124,2026-03-30 22:18:27.211093,XGBoost
0970-ETWGE,0.9992324,High,89.48126243948936,2026-03-30 22:18:27.211093,XGBoost
0970-QXPXW,0.0014055242,Low,0.02761855065473355,2026-03-30 22:18:27.211093,XGBoost
0971-QIFJK,0.00027994902,Low,0.006788763676013332,2026-03-30 22:18:27.211093,XGBoost
0973-KYVNF,0.024580758,Low,1.7366305572912097,2026-03-30 22:18:27.211093,XGBoost
0975-UYDTX,0.00076883717,Low,0.06927222899394109,2026-03-30 22:18:27.211093,XGBoost
0975-VOOVL,0.001370984,Low,0.04003273318521678,2026-03-30 22:18:27.211093,XGBoost
0979-MOZQI,0.00030850095,Low,0.012031537131406367,2026-03-30 22:18:27.211093,XGBoost
0979-PHULV,0.7692812,High,76.50501618683339,2026-03-30 22:18:27.211093,XGBoost
0980-FEXWF,0.00018803446,Low,0.00946753528114641,2026-03-30 22:18:27.211093,XGBoost
0980-PVMRC,0.00070573104,Low,0.035886423542979176,2026-03-30 22:18:27.211093,XGBoost
0983-TATYJ,0.0005213721,Low,0.02682459312491119,2026-03-30 22:18:27.211093,XGBoost
0988-AADSA,0.00017149483,Low,0.013865357028407741,2026-03-30 22:18:27.211093,XGBoost
0988-JRWWP,0.50940263,Medium,27.60962269306183,2026-03-30 22:18:27.211093,XGBoost
0991-BRRFB,0.50180256,Medium,24.78904664516449,2026-03-30 22:18:27.211093,XGBoost
0993-OSGPT,0.00040503114,Low,0.024565138638718054,2026-03-30 22:18:27.211093,XGBoost
0997-YTLNY,0.08472076,Low,4.134373116493225,2026-03-30 22:18:27.211093,XGBoost
0999-QXNSA,0.00073254487,Low,0.03351392770127859,2026-03-30 22:18:27.211093,XGBoost
1000-AJSLD,0.5792315,Medium,11.64255316257477,2026-03-30 22:18:27.211093,XGBoost
1004-NOZNR,0.00029291867,Low,0.02776869029039517,2026-03-30 22:18:27.211093,XGBoost
1009-IRMNA,0.9941151,High,19.882302284240723,2026-03-30 22:18:27.211093,XGBoost
1010-DIAUQ,0.9988933,High,96.39320543408394,2026-03-30 22:18:27.211093,XGBoost
1013-QCWAM,0.0011853228,Low,0.11948053445667028,2026-03-30 22:18:27.211093,XGBoost
1015-JPFYW,0.00032403,Low,0.006302383486763574,2026-03-30 22:18:27.211093,XGBoost
1015-OWJKI,0.0014130231,Low,0.02691809004172683,2026-03-30 22:18:27.211093,XGBoost
1016-DJTSV,0.0011901151,Low,0.08295102355768905,2026-03-30 22:18:27.211093,XGBoost
1017-FBQMM,0.018201316,Low,1.9302495379932225,2026-03-30 22:18:27.211093,XGBoost
1020-JPQOW,0.00097286684,Low,0.08809309212665539,2026-03-30 22:18:27.211093,XGBoost
1022-RKXDR,0.0002678388,Low,0.006655794112884906,2026-03-30 22:18:27.211093,XGBoost
1023-BQXZE,0.03921506,Low,2.9156398458406327,2026-03-30 22:18:27.211093,XGBoost
1024-GUALD,0.9984534,High,24.761643791198733,2026-03-30 22:18:27.211093,XGBoost
1024-KPRBB,0.00089646725,Low,0.07987523154588416,2026-03-30 22:18:27.211093,XGBoost
1024-VRZHF,0.7948784,High,59.57613781988621,2026-03-30 22:18:27.211093,XGBoost
1025-FALIX,0.000604334,Low,0.041729262445005584,2026-03-30 22:18:27.211093,XGBoost
1027-LKKQQ,0.00015451359,Low,0.01243061825298355,2026-03-30 22:18:27.211093,XGBoost
1028-FFNJK,0.64822906,Medium,65.79524984955788,2026-03-30 22:18:27.211093,XGBoost
1029-QFBEN,0.5512528,Medium,10.776991894841194,2026-03-30 22:18:27.211093,XGBoost
1031-IIDEO,0.9213023,High,65.27426927089691,2026-03-30 22:18:27.211093,XGBoost
1032-MAELW,0.020290589,Low,1.591796703916043,2026-03-30 22:18:27.211093,XGBoost
1035-IPQPU,0.0010358198,Low,0.10720734531059861,2026-03-30 22:18:27.211093,XGBoost
1036-GUDCL,0.00028742102,Low,0.02272063151904149,2026-03-30 22:18:27.211093,XGBoost
1038-RQOST,0.00029780963,Low,0.0061348783958237625,2026-03-30 22:18:27.211093,XGBoost
1038-ZAGBI,0.9938507,High,19.67824401855469,2026-03-30 22:18:27.211093,XGBoost
1041-RXHRA,0.2951249,Low,20.732523411512375,2026-03-30 22:18:27.211093,XGBoost
1042-HFUCW,0.00026374226,Low,0.014439888655033428,2026-03-30 22:18:27.211093,XGBoost
1043-UXOVO,0.00030788773,Low,0.03483749714505393,2026-03-30 22:18:27.211093,XGBoost
1043-YCUTE,0.19820583,Low,4.984876590967178,2026-03-30 22:18:27.211093,XGBoost
1045-LTCYT,0.0654731,Low,1.3782087977975608,2026-03-30 22:18:27.211093,XGBoost
1047-NNCBF,0.0003793388,Low,0.026762352502555584,2026-03-30 22:18:27.211093,XGBoost
1047-RNXZV,0.01762879,Low,0.3446428603492677,2026-03-30 22:18:27.211093,XGBoost
1049-FYSYG,0.0013229563,Low,0.047163391741923986,2026-03-30 22:18:27.211093,XGBoost
1051-EQPZR,0.00032601436,Low,0.006389881391078234,2026-03-30 22:18:27.211093,XGBoost
1051-GEJLJ,0.19388159,Low,3.7806909307837486,2026-03-30 22:18:27.211093,XGBoost
1052-QJIBV,0.00015054372,Low,0.0029958201252156865,2026-03-30 22:18:27.211093,XGBoost
1053-MXTTK,0.00022493415,Low,0.024439095258276214,2026-03-30 22:18:27.211093,XGBoost
1057-FOGLZ,0.00044818956,Low,0.0088069248420652,2026-03-30 22:18:27.211093,XGBoost
1060-ENTOF,0.0012857805,Low,0.13552125985734165,2026-03-30 22:18:27.211093,XGBoost
1061-PNTHC,0.04319011,Low,4.73363610804081,2026-03-30 22:18:27.211093,XGBoost
1062-LHZOD,0.99854773,High,69.79848652482033,2026-03-30 22:18:27.211093,XGBoost
1063-DHQJF,0.0001490103,Low,0.013731299353821669,2026-03-30 22:18:27.211093,XGBoost
1064-FBXNK,0.00027386603,Low,0.005436240615381394,2026-03-30 22:18:27.211093,XGBoost
1066-JKSGK,0.9962165,High,20.073761990666387,2026-03-30 22:18:27.211093,XGBoost
1069-QJOEE,0.018208893,Low,0.36235697101801634,2026-03-30 22:18:27.211093,XGBoost
1069-XAIEM,0.99924195,High,84.98552768826484,2026-03-30 22:18:27.211093,XGBoost
1073-XXCZD,0.13644885,Low,3.506735323369503,2026-03-30 22:18:27.211093,XGBoost
1074-AMIOH,0.054557167,Low,5.90581332705915,2026-03-30 22:18:27.211093,XGBoost
1074-WVEVG,0.00026632167,Low,0.005419646041991655,2026-03-30 22:18:27.211093,XGBoost
1075-BGWOH,0.9988451,High,98.63595366477966,2026-03-30 22:18:27.211093,XGBoost
1077-HUUJM,0.0010537052,Low,0.07486575655057094,2026-03-30 22:18:27.211093,XGBoost
1078-TDCRN,0.0024982935,Low,0.07682252599624917,2026-03-30 22:18:27.211093,XGBoost
1080-BWSYE,0.0005613054,Low,0.014397482995991594,2026-03-30 22:18:27.211093,XGBoost
1084-MNSMJ,0.00050969335,Low,0.04357878104201518,2026-03-30 22:18:27.211093,XGBoost
1084-UQCHV,0.9109974,High,63.542068004608154,2026-03-30 22:18:27.211093,XGBoost
1085-LDWAM,0.00015935133,Low,0.0032427995611215015,2026-03-30 22:18:27.211093,XGBoost
1086-LXKFY,0.99887186,High,69.02204572558402,2026-03-30 22:18:27.211093,XGBoost
1087-GRUYI,0.03758722,Low,0.7667793229222297,2026-03-30 22:18:27.211093,XGBoost
1087-UDSIH,0.9947129,High,19.496372628211976,2026-03-30 22:18:27.211093,XGBoost
1088-AUUZZ,0.00015360369,Low,0.011650839664071098,2026-03-30 22:18:27.211093,XGBoost
1088-CNNKB,0.00048239084,Low,0.038591267075389624,2026-03-30 22:18:27.211093,XGBoost
1089-HDMKP,0.00072361145,Low,0.0394730044354219,2026-03-30 22:18:27.211093,XGBoost
1089-XZWHH,0.0001686153,Low,0.003321721356769558,2026-03-30 22:18:27.211093,XGBoost
1090-ESELR,0.0006158251,Low,0.06496955014881678,2026-03-30 22:18:27.211093,XGBoost
1090-PYKCI,0.0004200906,Low,0.04415152173314709,2026-03-30 22:18:27.211093,XGBoost
1091-SOZGA,0.0008442119,Low,0.0842523475876078,2026-03-30 22:18:27.211093,XGBoost
1092-GANHU,0.99703145,High,76.42246066331865,2026-03-30 22:18:27.211093,XGBoost
1092-WPIVQ,0.00019422093,Low,0.004874945459596347,2026-03-30 22:18:27.211093,XGBoost
1093-YSWCA,0.00036602086,Low,0.007155707820493263,2026-03-30 22:18:27.211093,XGBoost
1094-BKOSX,0.0002674155,Low,0.01363819107064046,2026-03-30 22:18:27.211093,XGBoost
1095-JUDTC,0.6350249,Medium,60.35911723971367,2026-03-30 22:18:27.211093,XGBoost
1095-WGNGG,0.0007178019,Low,0.07253388351236935,2026-03-30 22:18:27.211093,XGBoost
1096-ADRUX,0.00026961998,Low,0.020019283576402813,2026-03-30 22:18:27.211093,XGBoost
1097-FSPVW,0.3321837,Low,18.120620228350163,2026-03-30 22:18:27.211093,XGBoost
1098-KFQEC,0.0002176218,Low,0.004221862857230007,2026-03-30 22:18:27.211093,XGBoost
1098-TDVUQ,0.56300575,Medium,10.837860599160194,2026-03-30 22:18:27.211093,XGBoost
1099-BTKWT,0.14790401,Low,8.04597806930542,2026-03-30 22:18:27.211093,XGBoost
1099-GODLO,0.0005573377,Low,0.011341822458780371,2026-03-30 22:18:27.211093,XGBoost
1100-DDVRV,0.0015231902,Low,0.07585487086325883,2026-03-30 22:18:27.211093,XGBoost
1101-SSWAG,0.0014227214,Low,0.07270106491632759,2026-03-30 22:18:27.211093,XGBoost
1104-FEJAM,0.00044469396,Low,0.02863829080015421,2026-03-30 22:18:27.211093,XGBoost
1104-TNLZA,0.64484745,Medium,68.22486048936844,2026-03-30 22:18:27.211093,XGBoost
1106-HRLKZ,0.00018480394,Low,0.003622157208155841,2026-03-30 22:18:27.211093,XGBoost
1110-KYLGQ,0.0005710114,Low,0.06181198307604063,2026-03-30 22:18:27.211093,XGBoost
1112-CUNAO,0.99822,High,89.69006938040256,2026-03-30 22:18:27.211093,XGBoost
1113-IUJYX,0.9978992,High,105.72741755843163,2026-03-30 22:18:27.211093,XGBoost
1114-CENIM,0.9938314,High,54.66072678565979,2026-03-30 22:18:27.211093,XGBoost
1116-DXXDF,0.0007453486,Low,0.0748702642711578,2026-03-30 22:18:27.211093,XGBoost
1116-FRYVH,0.00022413174,Low,0.008830790617503225,2026-03-30 22:18:27.211093,XGBoost
1120-BMWUB,0.6824961,Medium,36.786538219451906,2026-03-30 22:18:27.211093,XGBoost
1121-QSIVB,0.00025809254,Low,0.020015076140407474,2026-03-30 22:18:27.211093,XGBoost
1122-JWTJW,0.99821055,High,70.5235753118992,2026-03-30 22:18:27.211093,XGBoost
1122-YJBCS,0.00042136255,Low,0.02260610084485961,2026-03-30 22:18:27.211093,XGBoost
1125-SNVCK,0.2724763,Low,11.934461313486098,2026-03-30 22:18:27.211093,XGBoost
1131-ALZWV,0.00041696345,Low,0.010257300833472982,2026-03-30 22:18:27.211093,XGBoost
1131-QQZEB,0.00026503488,Low,0.006347585281764622,2026-03-30 22:18:27.211093,XGBoost
1131-SUEKT,0.0002335806,Low,0.022996010632050458,2026-03-30 22:18:27.211093,XGBoost
1133-KXCGE,0.00024062545,Low,0.0048365715410909615,2026-03-30 22:18:27.211093,XGBoost
1134-YWTYF,0.3344993,Low,17.996062314510343,2026-03-30 22:18:27.211093,XGBoost
1135-HIORI,0.016027464,Low,1.7862608182244004,2026-03-30 22:18:27.211093,XGBoost
1135-LMECX,0.0011969302,Low,0.023759064171463253,2026-03-30 22:18:27.211093,XGBoost
1136-XGEQU,0.0005498331,Low,0.04626845668244642,2026-03-30 22:18:27.211093,XGBoost
1137-DGOWI,0.15080029,Low,10.593720212578773,2026-03-30 22:18:27.211093,XGBoost
1139-WUOAH,0.00034090463,Low,0.01818726217315998,2026-03-30 22:18:27.211093,XGBoost
1140-UKVZG,0.18309505,Low,4.540757310390473,2026-03-30 22:18:27.211093,XGBoost
1142-IHLOO,0.00048288447,Low,0.0422765352181159,2026-03-30 22:18:27.211093,XGBoost
1142-WACZW,0.9976654,High,29.78031234741211,2026-03-30 22:18:27.211093,XGBoost
1143-NMNQJ,0.9979982,High,85.52844385504723,2026-03-30 22:18:27.211093,XGBoost
1150-FTQGN,0.00022280731,Low,0.020977308570581957,2026-03-30 22:18:27.211093,XGBoost
1150-WFARN,0.995479,High,108.2583399116993,2026-03-30 22:18:27.211093,XGBoost
1153-GNOLC,0.00053473696,Low,0.020908215089002626,2026-03-30 22:18:27.211093,XGBoost
1154-HYWWO,0.15800181,Low,11.15492780804634,2026-03-30 22:18:27.211093,XGBoost
1156-ZFYDO,0.0015610631,Low,0.03083099640207365,2026-03-30 22:18:27.211093,XGBoost
1157-BQCUW,0.99896634,High,74.87252690196037,2026-03-30 22:18:27.211093,XGBoost
1159-WFSGR,0.0005770843,Low,0.011772519978694617,2026-03-30 22:18:27.211093,XGBoost
1162-ECVII,0.00036233486,Low,0.03976625091308961,2026-03-30 22:18:27.211093,XGBoost
1163-ONYEY,0.00067277136,Low,0.0501551050809212,2026-03-30 22:18:27.211093,XGBoost
1163-VIPRI,0.00025756034,Low,0.02815134549164213,2026-03-30 22:18:27.211093,XGBoost
1166-PQLGG,0.0052947253,Low,0.10351187959313393,2026-03-30 22:18:27.211093,XGBoost
1167-OYZJF,0.017775502,Low,0.3563988162204623,2026-03-30 22:18:27.211093,XGBoost
1169-SAOCL,0.0009308689,Low,0.09927716862293892,2026-03-30 22:18:27.211093,XGBoost
1169-WCVAK,0.0007651137,Low,0.06794209512881934,2026-03-30 22:18:27.211093,XGBoost
1170-SASML,0.0007952433,Low,0.06791377849876881,2026-03-30 22:18:27.211093,XGBoost
1171-TYKUR,0.00046771666,Low,0.011880003113765268,2026-03-30 22:18:27.211093,XGBoost
1172-VIYBP,0.00016351895,Low,0.011397271139139775,2026-03-30 22:18:27.211093,XGBoost
1173-NOEYG,0.34360114,Low,30.975642536580565,2026-03-30 22:18:27.211093,XGBoost
1173-XZPYF,0.0012589702,Low,0.11230014525353908,2026-03-30 22:18:27.211093,XGBoost
1174-FGIFN,0.022481067,Low,2.033412519749254,2026-03-30 22:18:27.211093,XGBoost
1177-XZBJL,0.00023411172,Low,0.015018266934930581,2026-03-30 22:18:27.211093,XGBoost
1178-PZGAB,0.04304942,Low,0.8717507785186172,2026-03-30 22:18:27.211093,XGBoost
1179-INLAT,0.00027468582,Low,0.005342639250739012,2026-03-30 22:18:27.211093,XGBoost
1183-CANVH,0.00053268886,Low,0.03196133184246719,2026-03-30 22:18:27.211093,XGBoost
1184-PJVDB,0.8210504,High,65.64297991991043,2026-03-30 22:18:27.211093,XGBoost
1187-WILMM,0.046110332,Low,4.1222636818885805,2026-03-30 22:18:27.211093,XGBoost
1193-RTSLK,0.99728644,High,83.67233222723007,2026-03-30 22:18:27.211093,XGBoost
1194-BHJYC,0.00042107102,Low,0.026169563745497726,2026-03-30 22:18:27.211093,XGBoost
1194-HVAIF,0.5176349,Medium,49.17531818151474,2026-03-30 22:18:27.211093,XGBoost
1194-SPVSP,0.30137298,Low,5.921978960931301,2026-03-30 22:18:27.211093,XGBoost
1195-OIYEJ,0.84301084,High,76.79828777909279,2026-03-30 22:18:27.211093,XGBoost
1196-AMORA,0.99798787,High,73.45190696716308,2026-03-30 22:18:27.211093,XGBoost
1197-BVMVG,0.0020598331,Low,0.1533545777667314,2026-03-30 22:18:27.211093,XGBoost
1200-TUZHR,0.0019441175,Low,0.16563880937173964,2026-03-30 22:18:27.211093,XGBoost
1202-KKGFU,0.0011876215,Low,0.06436908526811749,2026-03-30 22:18:27.211093,XGBoost
1205-WNWPJ,0.99583495,High,59.25217932462692,2026-03-30 22:18:27.211093,XGBoost
1206-EHBDD,0.044418305,Low,3.5667899042367934,2026-03-30 22:18:27.211093,XGBoost
1207-BLKSA,0.00016697153,Low,0.003848693709005602,2026-03-30 22:18:27.211093,XGBoost
1208-DNHLN,0.99545246,High,48.13012661635876,2026-03-30 22:18:27.211093,XGBoost
1208-NBVFH,0.10511872,Low,5.2138885974884035,2026-03-30 22:18:27.211093,XGBoost
1209-VFFOC,0.0002045225,Low,0.0115350688516628,2026-03-30 22:18:27.211093,XGBoost
1212-GLHMD,0.0011841829,Low,0.10189894199138506,2026-03-30 22:18:27.211093,XGBoost
1213-NGCUN,0.99751735,High,49.52673629522324,2026-03-30 22:18:27.211093,XGBoost
1215-EXRMO,0.022797622,Low,0.46849112771451473,2026-03-30 22:18:27.211093,XGBoost
1215-FIGMP,0.0006462658,Low,0.05809929593233392,2026-03-30 22:18:27.211093,XGBoost
1215-VFYVK,0.0008882254,Low,0.0428568750503473,2026-03-30 22:18:27.211093,XGBoost
1216-BGTSP,0.0010411399,Low,0.11291162667330355,2026-03-30 22:18:27.211093,XGBoost
1216-JWVUX,0.0003948857,Low,0.02981386960891541,2026-03-30 22:18:27.211093,XGBoost
1217-VASWC,0.2882471,Low,28.983246755599975,2026-03-30 22:18:27.211093,XGBoost
1218-VKFPE,0.09033076,Low,1.7162843868136406,2026-03-30 22:18:27.211093,XGBoost
1219-NNDDO,0.0015073481,Low,0.11583970518549903,2026-03-30 22:18:27.211093,XGBoost
1221-GHZEP,0.000216669,Low,0.014105151611147447,2026-03-30 22:18:27.211093,XGBoost
1222-KJNZD,0.042793777,Low,0.8729930475354194,2026-03-30 22:18:27.211093,XGBoost
1222-LRYKO,0.00055921124,Low,0.014735216251574458,2026-03-30 22:18:27.211093,XGBoost
1223-UNPKS,0.00017963002,Low,0.003601581906696083,2026-03-30 22:18:27.211093,XGBoost
1226-IENZN,0.5891632,Medium,46.396600753068924,2026-03-30 22:18:27.211093,XGBoost
1226-JZNKR,0.0009947651,Low,0.019696348649449646,2026-03-30 22:18:27.211093,XGBoost
1226-UDFZR,0.49898365,Medium,24.74958910942078,2026-03-30 22:18:27.211093,XGBoost
1227-UDMZR,0.00021912424,Low,0.01997317432615091,2026-03-30 22:18:27.211093,XGBoost
1228-FZFRV,0.67642534,Medium,71.66726453900337,2026-03-30 22:18:27.211093,XGBoost
1228-ZLNBX,0.0007853396,Low,0.05913607366383075,2026-03-30 22:18:27.211093,XGBoost
1229-RCALF,0.00061073987,Low,0.07023508456768468,2026-03-30 22:18:27.211093,XGBoost
1230-QAJDW,0.0008044657,Low,0.05249138506769668,2026-03-30 22:18:27.211093,XGBoost
1231-YNDEK,0.0011362378,Low,0.021758953016251324,2026-03-30 22:18:27.211093,XGBoost
1236-WFCDV,0.998047,High,90.27335062623024,2026-03-30 22:18:27.211093,XGBoost
1237-WIYYZ,0.0004179201,Low,0.00817033778730547,2026-03-30 22:18:27.211093,XGBoost
1240-HCBOH,0.0004580956,Low,0.011956295187701471,2026-03-30 22:18:27.211093,XGBoost
1240-KNSEZ,0.9977099,High,20.053968393802645,2026-03-30 22:18:27.211093,XGBoost
1241-EZFMJ,0.00034968252,Low,0.008899420208763331,2026-03-30 22:18:27.211093,XGBoost
1241-FPMOF,0.0003000886,Low,0.005896741113974712,2026-03-30 22:18:27.211093,XGBoost
1245-HARPS,0.021314036,Low,0.43480633646249767,2026-03-30 22:18:27.211093,XGBoost
1247-QBVSH,0.000410459,Low,0.020605042017996313,2026-03-30 22:18:27.211093,XGBoost
1248-DYXUB,0.010172528,Low,0.2522786997258663,2026-03-30 22:18:27.211093,XGBoost
1251-KRREG,0.9973327,High,54.25489845275879,2026-03-30 22:18:27.211093,XGBoost
1251-STYSZ,0.0022062517,Low,0.17705170082626864,2026-03-30 22:18:27.211093,XGBoost
1254-IZEYF,0.998099,High,99.75999795496465,2026-03-30 22:18:27.211093,XGBoost
1257-SXUXQ,0.12369858,Low,2.4059373281896113,2026-03-30 22:18:27.211093,XGBoost
1258-YMZNM,0.0007170782,Low,0.07923714321805164,2026-03-30 22:18:27.211093,XGBoost
1260-TTRXI,0.99762434,High,54.171001535654064,2026-03-30 22:18:27.211093,XGBoost
1261-FWTTE,0.15494455,Low,5.368828795105219,2026-03-30 22:18:27.211093,XGBoost
1262-OPMFY,0.998353,High,75.62524008750916,2026-03-30 22:18:27.211093,XGBoost
1264-BYWMS,0.9975439,High,96.56224675178528,2026-03-30 22:18:27.211093,XGBoost
1264-FUHCX,0.0007879362,Low,0.04436080857994966,2026-03-30 22:18:27.211093,XGBoost
1265-BCFEO,0.02479138,Low,1.9944665524177254,2026-03-30 22:18:27.211093,XGBoost
1265-HVPZB,0.0005115102,Low,0.03396427603438497,2026-03-30 22:18:27.211093,XGBoost
1265-XTECC,0.9958404,High,96.14838778674603,2026-03-30 22:18:27.211093,XGBoost
1265-ZFOSD,0.06155596,Low,5.004499489814043,2026-03-30 22:18:27.211093,XGBoost
1266-NZYUI,0.00030955483,Low,0.02069374044513097,2026-03-30 22:18:27.211093,XGBoost
1268-ASBGA,0.45631766,Medium,38.94671255350113,2026-03-30 22:18:27.211093,XGBoost
1269-FOYWN,0.010027734,Low,0.20055467262864113,2026-03-30 22:18:27.211093,XGBoost
1270-XKUCC,0.00020684686,Low,0.004074883146677166,2026-03-30 22:18:27.211093,XGBoost
1271-SJBGZ,0.60448104,Medium,26.385597458481787,2026-03-30 22:18:27.211093,XGBoost
1271-UODNO,0.056505717,Low,3.0428328786045316,2026-03-30 22:18:27.211093,XGBoost
1272-ILHFG,0.022204593,Low,0.43632024899125094,2026-03-30 22:18:27.211093,XGBoost
1273-MTETI,0.85580707,High,76.03845781087875,2026-03-30 22:18:27.211093,XGBoost
1282-IHQAC,0.07895501,Low,3.477968171983957,2026-03-30 22:18:27.211093,XGBoost
1285-OKIPP,0.9986457,High,79.79179325699806,2026-03-30 22:18:27.211093,XGBoost
1291-CUOCY,0.00031703783,Low,0.0350643843470607,2026-03-30 22:18:27.211093,XGBoost
1293-BSEUN,0.00018412362,Low,0.003811358987877611,2026-03-30 22:18:27.211093,XGBoost
1293-HHSHJ,0.051229626,Low,1.0809451073408127,2026-03-30 22:18:27.211093,XGBoost
1297-VQDRP,0.088692755,Low,9.503428645431995,2026-03-30 22:18:27.211093,XGBoost
1298-PHBTI,0.00017385336,Low,0.01474276501685381,2026-03-30 22:18:27.211093,XGBoost
1299-AURJA,0.00018111218,Low,0.004473470759694465,2026-03-30 22:18:27.211093,XGBoost
1301-LOPVR,0.034905504,Low,1.9320196704939008,2026-03-30 22:18:27.211093,XGBoost
1302-TPUBN,0.00027433538,Low,0.005308389669517056,2026-03-30 22:18:27.211093,XGBoost
1302-UHBDD,0.0013214471,Low,0.11886416501365603,2026-03-30 22:18:27.211093,XGBoost
1303-SRDOK,0.008728176,Low,0.6026805773377418,2026-03-30 22:18:27.211093,XGBoost
1304-BCCFO,0.38250133,Low,26.794218443334103,2026-03-30 22:18:27.211093,XGBoost
1304-NECVQ,0.9990988,High,78.47920899391174,2026-03-30 22:18:27.211093,XGBoost
1304-SEGFY,0.00031351988,Low,0.03067792011570418,2026-03-30 22:18:27.211093,XGBoost
1306-RPWXZ,0.00017634433,Low,0.0036062415238120593,2026-03-30 22:18:27.211093,XGBoost
1307-ATKGB,0.0013329872,Low,0.11936900521977804,2026-03-30 22:18:27.211093,XGBoost
1307-TVUFB,0.5213216,Medium,41.366868540644646,2026-03-30 22:18:27.211093,XGBoost
1309-BXVOQ,0.6511016,Medium,69.08187861442566,2026-03-30 22:18:27.211093,XGBoost
1309-XGFSN,0.043255877,Low,3.4972376352176067,2026-03-30 22:18:27.211093,XGBoost
1310-QRITU,0.27921906,Low,14.044718775153159,2026-03-30 22:18:27.211093,XGBoost
1319-YLZJG,0.0013813778,Low,0.11686456238385289,2026-03-30 22:18:27.211093,XGBoost
1320-GVNHT,0.00031270736,Low,0.033897477586288007,2026-03-30 22:18:27.211093,XGBoost
1320-HTRDR,0.8416183,High,63.542181611061096,2026-03-30 22:18:27.211093,XGBoost
1320-REHCS,0.0006519557,Low,0.0722040960972663,2026-03-30 22:18:27.211093,XGBoost
1322-AGOQM,0.9942316,High,30.125216925144198,2026-03-30 22:18:27.211093,XGBoost
1323-OOEPC,0.9974214,High,98.14626417160035,2026-03-30 22:18:27.211093,XGBoost
1324-NLTJE,0.9966768,High,54.81722414493561,2026-03-30 22:18:27.211093,XGBoost
1325-USMEC,0.00090862,Low,0.0902713985153241,2026-03-30 22:18:27.211093,XGBoost
1328-EUZHC,0.0002872457,Low,0.005773638511891477,2026-03-30 22:18:27.211093,XGBoost
1329-VHWNP,0.0011784352,Low,0.02951980091747828,2026-03-30 22:18:27.211093,XGBoost
1333-PBMXB,0.02150212,Low,0.5321774804033339,2026-03-30 22:18:27.211093,XGBoost
1334-FJSVR,0.99666935,High,24.16923178732395,2026-03-30 22:18:27.211093,XGBoost
1334-PDUKM,0.0006302777,Low,0.054487504973076285,2026-03-30 22:18:27.211093,XGBoost
1335-HQMKX,0.00054203306,Low,0.05493505025224294,2026-03-30 22:18:27.211093,XGBoost
1335-MXCSE,0.00017776802,Low,0.009821682851907099,2026-03-30 22:18:27.211093,XGBoost
1335-NTIUC,0.0014838814,Low,0.03702284044120461,2026-03-30 22:18:27.211093,XGBoost
1336-EZFZY,0.0005677682,Low,0.01138375193986576,2026-03-30 22:18:27.211093,XGBoost
1337-BOZWO,0.00041637575,Low,0.019319835025817154,2026-03-30 22:18:27.211093,XGBoost
1338-CECEE,0.00068610965,Low,0.04699851089389995,2026-03-30 22:18:27.211093,XGBoost
1342-JPNKI,0.9980149,High,85.87918446063995,2026-03-30 22:18:27.211093,XGBoost
1343-EHPYB,0.9969799,High,103.08772085905076,2026-03-30 22:18:27.211093,XGBoost
1345-GKDZZ,0.056251276,Low,1.0997124513611198,2026-03-30 22:18:27.211093,XGBoost
1345-ZUKID,0.0002695971,Low,0.0052167039859341464,2026-03-30 22:18:27.211093,XGBoost
1346-PJWTK,0.29517177,Low,27.790421907603744,2026-03-30 22:18:27.211093,XGBoost
1346-UFHAX,0.63767904,Medium,51.014323234558105,2026-03-30 22:18:27.211093,XGBoost
1347-KTTTA,0.0006561583,Low,0.0672234192781616,2026-03-30 22:18:27.211093,XGBoost
1349-WXNGG,0.6687217,Medium,13.407869601249695,2026-03-30 22:18:27.211093,XGBoost
1352-HNSAW,0.008804449,Low,1.0177942905575037,2026-03-30 22:18:27.211093,XGBoost
1352-VHKAJ,0.00030870663,Low,0.02210339462617412,2026-03-30 22:18:27.211093,XGBoost
1353-GHZOS,0.00084791426,Low,0.05066287680529058,2026-03-30 22:18:27.211093,XGBoost
1353-LJWEM,0.00089211855,Low,0.05433001974597573,2026-03-30 22:18:27.211093,XGBoost
1354-YZFNB,0.00031206256,Low,0.006100823095766828,2026-03-30 22:18:27.211093,XGBoost
1355-KUSBG,0.00081314845,Low,0.039681644365191455,2026-03-30 22:18:27.211093,XGBoost
1356-MKYSK,0.5224328,Medium,41.089340043067935,2026-03-30 22:18:27.211093,XGBoost
1357-BIJKI,0.0010105598,Low,0.09928750511608087,2026-03-30 22:18:27.211093,XGBoost
1357-MVDOZ,0.16286707,Low,9.715020680427552,2026-03-30 22:18:27.211093,XGBoost
1360-JYXKQ,0.0008521857,Low,0.0844516037555877,2026-03-30 22:18:27.211093,XGBoost
1360-RCYRT,0.00042229646,Low,0.012816697667585687,2026-03-30 22:18:27.211093,XGBoost
1360-XFJMR,0.0008546798,Low,0.09375837304978632,2026-03-30 22:18:27.211093,XGBoost
1363-TXLSL,0.99907935,High,70.23527806997299,2026-03-30 22:18:27.211093,XGBoost
1370-GGAWX,0.17178077,Low,16.17315903007984,2026-03-30 22:18:27.211093,XGBoost
1371-OJCEK,0.036617942,Low,0.8916468914598227,2026-03-30 22:18:27.211093,XGBoost
1371-WEPDS,0.29294497,Low,16.346329200267792,2026-03-30 22:18:27.211093,XGBoost
1373-ORVIZ,0.9966522,High,66.12787253558635,2026-03-30 22:18:27.211093,XGBoost
1374-DMZUI,0.9990951,High,94.21466625928879,2026-03-30 22:18:27.211093,XGBoost
1376-HHBDV,0.111865215,Low,5.459022492170334,2026-03-30 22:18:27.211093,XGBoost
1379-FRVEB,0.00084848574,Low,0.07721220224630088,2026-03-30 22:18:27.211093,XGBoost
1383-EZRWL,0.99548775,High,19.959529379010203,2026-03-30 22:18:27.211093,XGBoost
1384-RCUXW,0.0013558974,Low,0.10921753576258197,2026-03-30 22:18:27.211093,XGBoost
1385-TQOZW,0.00043383884,Low,0.008872004256409128,2026-03-30 22:18:27.211093,XGBoost
1386-ZIKUV,0.000499682,Low,0.00946897346584592,2026-03-30 22:18:27.211093,XGBoost
1389-CXMLU,0.9984901,High,90.91252316236496,2026-03-30 22:18:27.211093,XGBoost
1389-WNUIB,0.03637572,Low,2.764554724097252,2026-03-30 22:18:27.211093,XGBoost
1391-UBDAR,0.5462095,Medium,39.81867358088493,2026-03-30 22:18:27.211093,XGBoost
1393-IMKZG,0.0031950623,Low,0.30624671950936316,2026-03-30 22:18:27.211093,XGBoost
1394-SUIUH,0.0025645639,Low,0.2183726145187393,2026-03-30 22:18:27.211093,XGBoost
1395-OFUWC,0.049981557,Low,1.464459615200758,2026-03-30 22:18:27.211093,XGBoost
1395-WSWXR,0.00023689824,Low,0.004915638452075655,2026-03-30 22:18:27.211093,XGBoost
1396-QWFBJ,0.9972193,High,73.84409095048905,2026-03-30 22:18:27.211093,XGBoost
1397-XKKWR,0.0004947954,Low,0.017466277116909623,2026-03-30 22:18:27.211093,XGBoost
1399-OUPJN,0.007758429,Low,0.15322896896395832,2026-03-30 22:18:27.211093,XGBoost
1399-UBQIU,0.0011968628,Low,0.08300243382691405,2026-03-30 22:18:27.211093,XGBoost
1400-MMYXY,0.84833115,High,89.83826914429665,2026-03-30 22:18:27.211093,XGBoost
1400-WIVLL,0.00067317125,Low,0.07266883635311387,2026-03-30 22:18:27.211093,XGBoost
1401-FTHFQ,0.00019126874,Low,0.0038253748789429665,2026-03-30 22:18:27.211093,XGBoost
1402-PTHGN,0.031718895,Low,1.9507120326161385,2026-03-30 22:18:27.211093,XGBoost
1403-GYAFU,0.00016122249,Low,0.003232510880479822,2026-03-30 22:18:27.211093,XGBoost
1403-LKLIK,0.0001652152,Low,0.00332082549284678,2026-03-30 22:18:27.211093,XGBoost
1406-PUQVY,0.0012103613,Low,0.0603970265481621,2026-03-30 22:18:27.211093,XGBoost
1407-DIGZV,0.00022938508,Low,0.004381255120097194,2026-03-30 22:18:27.211093,XGBoost
1409-PHXTF,0.08100228,Low,8.946701838821173,2026-03-30 22:18:27.211093,XGBoost
1410-RSCMR,0.0005312741,Low,0.037906408950220793,2026-03-30 22:18:27.211093,XGBoost
1414-YADCW,0.00026579658,Low,0.02248639079625718,2026-03-30 22:18:27.211093,XGBoost
1415-YFWLT,0.9990177,High,89.21228199005127,2026-03-30 22:18:27.211093,XGBoost
1421-HCERK,0.0021773663,Low,0.23014761668164282,2026-03-30 22:18:27.211093,XGBoost
1422-DGUBX,0.0012436019,Low,0.09855545076425187,2026-03-30 22:18:27.211093,XGBoost
1423-BMPBQ,0.0011815211,Low,0.022448900970630348,2026-03-30 22:18:27.211093,XGBoost
1427-VERSM,0.001373029,Low,0.1355179588194005,2026-03-30 22:18:27.211093,XGBoost
1428-GTBJJ,0.9977835,High,74.38475858867169,2026-03-30 22:18:27.211093,XGBoost
1428-IEDPR,0.000468475,Low,0.05120431612594984,2026-03-30 22:18:27.211093,XGBoost
1429-UYJSV,0.0002927799,Low,0.005767764165648259,2026-03-30 22:18:27.211093,XGBoost
1430-SFQSA,0.054714225,Low,1.9478264182806015,2026-03-30 22:18:27.211093,XGBoost
1431-AIDJQ,0.00025692632,Low,0.021093650549300944,2026-03-30 22:18:27.211093,XGBoost
1431-CYWMH,0.00055684044,Low,0.010607810475630686,2026-03-30 22:18:27.211093,XGBoost
1432-FPAXX,0.21830748,Low,6.680208894610406,2026-03-30 22:18:27.211093,XGBoost
1436-ZMJAN,0.38957965,Low,26.413500523567198,2026-03-30 22:18:27.211093,XGBoost
1439-LCGVL,0.00028911539,Low,0.005551015399396419,2026-03-30 22:18:27.211093,XGBoost
1442-BQPVU,0.29298967,Low,8.540648916363716,2026-03-30 22:18:27.211093,XGBoost
1442-OKRJE,0.07808824,Low,8.054801835864783,2026-03-30 22:18:27.211093,XGBoost
1444-VVSGW,0.99720806,High,115.32711200416088,2026-03-30 22:18:27.211093,XGBoost
1447-GIQMR,0.99909806,High,69.08763102293015,2026-03-30 22:18:27.211093,XGBoost
1447-PJGGA,0.9939067,High,94.66961096227169,2026-03-30 22:18:27.211093,XGBoost
1448-CYWKC,0.00028704834,Low,0.030197485792450608,2026-03-30 22:18:27.211093,XGBoost
1448-PWKYE,0.9988423,High,79.9073839187622,2026-03-30 22:18:27.211093,XGBoost
1449-XQEMT,0.15432593,Low,3.0556534588336945,2026-03-30 22:18:27.211093,XGBoost
1450-GALXR,0.93821526,High,92.41420269012451,2026-03-30 22:18:27.211093,XGBoost
1450-SKCVI,0.3635925,Low,26.85130652785301,2026-03-30 22:18:27.211093,XGBoost
1452-KIOVK,0.0004693687,Low,0.04182075186981819,2026-03-30 22:18:27.211093,XGBoost
1452-UZOSF,0.00028421296,Low,0.030154995221528223,2026-03-30 22:18:27.211093,XGBoost
1452-VOQCH,0.0030224505,Low,0.2269860316533595,2026-03-30 22:18:27.211093,XGBoost
1452-XRSJV,0.00029203668,Low,0.014908472634851932,2026-03-30 22:18:27.211093,XGBoost
1453-RZFON,0.0021594688,Low,0.10775749459862709,2026-03-30 22:18:27.211093,XGBoost
1455-ESIQH,0.8180719,High,72.89020645022391,2026-03-30 22:18:27.211093,XGBoost
1455-HFBXA,0.0003564208,Low,0.032648144115228206,2026-03-30 22:18:27.211093,XGBoost
1455-UGQVH,0.99900764,High,98.40225276350975,2026-03-30 22:18:27.211093,XGBoost
1456-TWCGB,0.0007990863,Low,0.039354999986244366,2026-03-30 22:18:27.211093,XGBoost
1459-QNFQT,0.00028283408,Low,0.016828627776703797,2026-03-30 22:18:27.211093,XGBoost
1460-UZPRJ,0.03412492,Low,0.6807921197265386,2026-03-30 22:18:27.211093,XGBoost
1465-LNTLJ,0.340348,Low,21.918411540985108,2026-03-30 22:18:27.211093,XGBoost
1465-VINDH,0.78844726,High,80.50046533346176,2026-03-30 22:18:27.211093,XGBoost
1465-WCZVT,0.0005942924,Low,0.011677846015663816,2026-03-30 22:18:27.211093,XGBoost
1468-DEFNC,0.006870334,Low,0.16763615049421787,2026-03-30 22:18:27.211093,XGBoost
1469-LBJQJ,0.0015243494,Low,0.16036156127229334,2026-03-30 22:18:27.211093,XGBoost
1470-PSXNM,0.039990433,Low,3.7451040092855696,2026-03-30 22:18:27.211093,XGBoost
1471-GIQKQ,0.0024144575,Low,0.12060215212404729,2026-03-30 22:18:27.211093,XGBoost
1472-TNCWL,0.15855859,Low,15.015498681366443,2026-03-30 22:18:27.211093,XGBoost
1474-JUWSM,0.00054797,Low,0.03748114833142609,2026-03-30 22:18:27.211093,XGBoost
1475-VWVDO,0.001484287,Low,0.11117309415712953,2026-03-30 22:18:27.211093,XGBoost
1478-VPOAD,0.0022215005,Low,0.097301721945405,2026-03-30 22:18:27.211093,XGBoost
1480-BKXGA,0.00036084364,Low,0.0418759042120655,2026-03-30 22:18:27.211093,XGBoost
1480-IVEVR,0.0008462262,Low,0.0690520559437573,2026-03-30 22:18:27.211093,XGBoost
1481-ZUWZA,0.53632015,Medium,50.682254165410995,2026-03-30 22:18:27.211093,XGBoost
1482-OXZSY,0.0013340533,Low,0.13393895612098278,2026-03-30 22:18:27.211093,XGBoost
1485-YDHMM,0.00032282283,Low,0.030103228957159445,2026-03-30 22:18:27.211093,XGBoost
1488-PBLJN,0.00017800208,Low,0.020799543395696674,2026-03-30 22:18:27.211093,XGBoost
1488-SYSFC,0.07959407,Low,1.643617508932948,2026-03-30 22:18:27.211093,XGBoost
1492-KGETH,0.00024699938,Low,0.019352401254582218,2026-03-30 22:18:27.211093,XGBoost
1492-QGCLU,0.00045684102,Low,0.03915127560612746,2026-03-30 22:18:27.211093,XGBoost
1493-AMTIE,0.99718213,High,20.143079042434692,2026-03-30 22:18:27.211093,XGBoost
1494-EJZDW,0.010400198,Low,0.20956399776041507,2026-03-30 22:18:27.211093,XGBoost
1496-GGSUK,0.99838066,High,25.658382987976072,2026-03-30 22:18:27.211093,XGBoost
1498-DQNRX,0.000333452,Low,0.006619021923688706,2026-03-30 22:18:27.211093,XGBoost
1498-NHTLT,0.00025341695,Low,0.021983920159982517,2026-03-30 22:18:27.211093,XGBoost
1501-SGHBW,0.9975352,High,45.73699023723602,2026-03-30 22:18:27.211093,XGBoost
1502-XFCVR,0.99800676,High,106.23781971633434,2026-03-30 22:18:27.211093,XGBoost
1506-YJTYT,0.016946629,Low,1.2515085287392138,2026-03-30 22:18:27.211093,XGBoost
1508-DFXCU,0.5004015,Medium,40.75770192146302,2026-03-30 22:18:27.211093,XGBoost
1513-XNPPH,0.7676454,High,68.62750042676926,2026-03-30 22:18:27.211093,XGBoost
1518-OMDIK,0.00065384887,Low,0.02912896702182479,2026-03-30 22:18:27.211093,XGBoost
1518-VOWAV,0.9967373,High,74.40643954575063,2026-03-30 22:18:27.211093,XGBoost
1522-VVDMG,0.9988205,High,89.64413841068745,2026-03-30 22:18:27.211093,XGBoost
1525-LNLOJ,0.00029656693,Low,0.01877268644166179,2026-03-30 22:18:27.211093,XGBoost
1527-SXDPN,0.9943768,High,95.70876494050026,2026-03-30 22:18:27.211093,XGBoost
1530-ZTDOZ,0.0008216332,Low,0.03339938983262982,2026-03-30 22:18:27.211093,XGBoost
1534-OULXE,0.00027058518,Low,0.01344808345893398,2026-03-30 22:18:27.211093,XGBoost
1535-VTJOQ,0.0002424817,Low,0.006098414922598749,2026-03-30 22:18:27.211093,XGBoost
1536-HBSWP,0.0023509816,Low,0.11731398084666579,2026-03-30 22:18:27.211093,XGBoost
1536-YHDOE,0.0002845451,Low,0.01767025036679115,2026-03-30 22:18:27.211093,XGBoost
1539-LNKHM,0.00049858366,Low,0.010171106597408651,2026-03-30 22:18:27.211093,XGBoost
1541-ETJZO,0.9979274,High,61.92139686346054,2026-03-30 22:18:27.211093,XGBoost
1543-LLLFT,0.31376556,Low,30.84315411746502,2026-03-30 22:18:27.211093,XGBoost
1544-JJMYL,0.0005071106,Low,0.03516812103916891,2026-03-30 22:18:27.211093,XGBoost
1545-ACTAS,0.00031342875,Low,0.031248846818925813,2026-03-30 22:18:27.211093,XGBoost
1545-JFUML,0.00039491488,Low,0.03909657325129956,2026-03-30 22:18:27.211093,XGBoost
1548-ARAGG,0.001058209,Low,0.06190522585529834,2026-03-30 22:18:27.211093,XGBoost
1548-FEHVL,0.38822863,Low,41.229879981279375,2026-03-30 22:18:27.211093,XGBoost
1550-EENBN,0.551139,Medium,57.511354345083234,2026-03-30 22:18:27.211093,XGBoost
1550-LOAHA,0.5462655,Medium,45.968240386247636,2026-03-30 22:18:27.211093,XGBoost
1552-AAGRX,0.0013771428,Low,0.14652799917384982,2026-03-30 22:18:27.211093,XGBoost
1552-CZCLL,0.0003433314,Low,0.006866627954877913,2026-03-30 22:18:27.211093,XGBoost
1552-TKMXS,0.07609568,Low,1.5485470455139876,2026-03-30 22:18:27.211093,XGBoost
1555-DJEQW,0.29247078,Low,33.40016341805458,2026-03-30 22:18:27.211093,XGBoost
1555-HAPSU,0.00014223208,Low,0.003399346672813408,2026-03-30 22:18:27.211093,XGBoost
1557-EMYVT,0.0004996022,Low,0.05747923016315326,2026-03-30 22:18:27.211093,XGBoost
1559-DTODC,0.00071876094,Low,0.018076837752596473,2026-03-30 22:18:27.211093,XGBoost
1561-BWHIN,0.00022114863,Low,0.004378742835251615,2026-03-30 22:18:27.211093,XGBoost
1563-IWQEX,0.195164,Low,3.8447307020425794,2026-03-30 22:18:27.211093,XGBoost
1564-HJUVY,0.00075175357,Low,0.04792429012013599,2026-03-30 22:18:27.211093,XGBoost
1564-NTYXF,0.99825233,High,81.85669124126434,2026-03-30 22:18:27.211093,XGBoost
1565-RHDJD,0.9987079,High,83.94139819741248,2026-03-30 22:18:27.211093,XGBoost
1567-DSCIC,0.8291097,High,77.93631446361542,2026-03-30 22:18:27.211093,XGBoost
1568-BEKZM,0.00031780495,Low,0.02861833592032781,2026-03-30 22:18:27.211093,XGBoost
1568-LJSZU,0.00034547166,Low,0.031852487451396884,2026-03-30 22:18:27.211093,XGBoost
1569-TTNYJ,0.8088627,High,63.69793653488159,2026-03-30 22:18:27.211093,XGBoost
1571-SAVHK,0.86220586,High,86.17747600674629,2026-03-30 22:18:27.211093,XGBoost
1573-LGXBA,0.00025436876,Low,0.024813672417076302,2026-03-30 22:18:27.211093,XGBoost
1574-DYCWE,0.0049527115,Low,0.09880659480113536,2026-03-30 22:18:27.211093,XGBoost
1575-KRZZE,0.52134794,Medium,28.778406286239626,2026-03-30 22:18:27.211093,XGBoost
1576-PFZIW,0.0015393266,Low,0.16216805964359082,2026-03-30 22:18:27.211093,XGBoost
1577-HKTFG,0.18126868,Low,3.561929505318403,2026-03-30 22:18:27.211093,XGBoost
1579-KLYDT,0.9987237,High,90.33455737531186,2026-03-30 22:18:27.211093,XGBoost
1580-BMCMR,0.45025524,Medium,39.30728288590908,2026-03-30 22:18:27.211093,XGBoost
1582-RAFML,0.9987006,High,60.02190718650818,2026-03-30 22:18:27.211093,XGBoost
1583-IHQZE,0.99730873,High,112.64602117538452,2026-03-30 22:18:27.211093,XGBoost
1585-MQSSU,0.99795985,High,51.39493238925934,2026-03-30 22:18:27.211093,XGBoost
1587-FKLZB,0.9980971,High,99.31066361069679,2026-03-30 22:18:27.211093,XGBoost
1589-AGTLK,0.68187857,Medium,30.923193001747133,2026-03-30 22:18:27.211093,XGBoost
1591-MQJTP,0.161489,Low,15.12344437763095,2026-03-30 22:18:27.211093,XGBoost
1591-NFNLQ,0.9945927,High,79.5674180984497,2026-03-30 22:18:27.211093,XGBoost
1591-XWLGB,0.00022217748,Low,0.0044102229294367135,2026-03-30 22:18:27.211093,XGBoost
1596-BBVTG,0.52101195,Medium,39.2582503259182,2026-03-30 22:18:27.211093,XGBoost
1596-OQSPS,0.0008722262,Low,0.04457075877580792,2026-03-30 22:18:27.211093,XGBoost
1597-FZREH,0.9985464,High,76.28894660472871,2026-03-30 22:18:27.211093,XGBoost
1597-LHYNC,0.9980241,High,94.8122900724411,2026-03-30 22:18:27.211093,XGBoost
1599-EAHXY,0.008610865,Low,0.20623021917417644,2026-03-30 22:18:27.211093,XGBoost
1599-MMYRQ,0.014802477,Low,1.2056617779191583,2026-03-30 22:18:27.211093,XGBoost
1600-DILPE,0.0010588766,Low,0.04764944838825613,2026-03-30 22:18:27.211093,XGBoost
1602-IJQQE,0.99837273,High,75.22738547623158,2026-03-30 22:18:27.211093,XGBoost
1608-GMEWB,0.0010846923,Low,0.10185260795988144,2026-03-30 22:18:27.211093,XGBoost
1612-EOHDH,0.9980616,High,45.06248112022877,2026-03-30 22:18:27.211093,XGBoost
1614-JBEBI,0.0004307375,Low,0.008916266367305069,2026-03-30 22:18:27.211093,XGBoost
1618-CFHME,0.9976827,High,75.72411621809006,2026-03-30 22:18:27.211093,XGBoost
1619-YWUBB,0.032484375,Low,0.8104851547628641,2026-03-30 22:18:27.211093,XGBoost
1621-YNCJH,0.0009420962,Low,0.0999092990794452,2026-03-30 22:18:27.211093,XGBoost
1622-HSHSF,0.0014022145,Low,0.027413293841527776,2026-03-30 22:18:27.211093,XGBoost
1623-NLDOT,0.9931498,High,33.3201763600111,2026-03-30 22:18:27.211093,XGBoost
1624-NALOJ,0.99851555,High,89.66669605970382,2026-03-30 22:18:27.211093,XGBoost
1624-WOIWJ,0.8568097,High,72.57177953124047,2026-03-30 22:18:27.211093,XGBoost
1625-JAIIY,0.996192,High,82.68393421173096,2026-03-30 22:18:27.211093,XGBoost
1626-ERCMM,0.99866426,High,94.42370577454567,2026-03-30 22:18:27.211093,XGBoost
1627-AFWVJ,0.00020694273,Low,0.004014688928145915,2026-03-30 22:18:27.211093,XGBoost
1628-BIZYP,0.0035582935,Low,0.3024549433030188,2026-03-30 22:18:27.211093,XGBoost
1629-DQQVB,0.0010545694,Low,0.05283392595592886,2026-03-30 22:18:27.211093,XGBoost
1635-FJFCC,0.31035417,Low,13.671101328730582,2026-03-30 22:18:27.211093,XGBoost
1635-HDGFT,0.005902655,Low,0.12100442661903799,2026-03-30 22:18:27.211093,XGBoost
1635-NZATJ,0.00021197509,Low,0.005394765942037338,2026-03-30 22:18:27.211093,XGBoost
1636-NTNCO,0.0010955939,Low,0.05582050955854356,2026-03-30 22:18:27.211093,XGBoost
1640-PLFMP,0.0029041837,Low,0.20401890471111983,2026-03-30 22:18:27.211093,XGBoost
1641-BYBTK,0.047146626,Low,0.9523618414998054,2026-03-30 22:18:27.211093,XGBoost
1641-RQDAY,0.00075636833,Low,0.07593938054051251,2026-03-30 22:18:27.211093,XGBoost
1642-HMARX,0.1057747,Low,9.699540048837662,2026-03-30 22:18:27.211093,XGBoost
1644-IRKSF,0.45459506,Medium,42.641016548871995,2026-03-30 22:18:27.211093,XGBoost
1656-DRSMG,0.1651667,Low,18.143562637269497,2026-03-30 22:18:27.211093,XGBoost
1657-DYMBM,0.00033362975,Low,0.006639232070301659,2026-03-30 22:18:27.211093,XGBoost
1658-BYGOY,0.9970976,High,95.17296701073647,2026-03-30 22:18:27.211093,XGBoost
1658-TJVOA,0.6380243,Medium,47.277598446607584,2026-03-30 22:18:27.211093,XGBoost
1658-XUHBX,0.0004081182,Low,0.036220491347194184,2026-03-30 22:18:27.211093,XGBoost
1660-HSOOQ,0.99806505,High,49.55392995178699,2026-03-30 22:18:27.211093,XGBoost
1661-CZBAU,0.0006371724,Low,0.045207379799103366,2026-03-30 22:18:27.211093,XGBoost
1663-MHLHE,0.0010810029,Low,0.020755255222320555,2026-03-30 22:18:27.211093,XGBoost
1666-JXLKU,0.0026600333,Low,0.2661363309714943,2026-03-30 22:18:27.211093,XGBoost
1666-JZPZT,0.00044503895,Low,0.021806908713188022,2026-03-30 22:18:27.211093,XGBoost
1670-SVOWZ,0.9982352,High,89.491787981987,2026-03-30 22:18:27.211093,XGBoost
1676-MQAOA,0.00030804632,Low,0.023134278718498533,2026-03-30 22:18:27.211093,XGBoost
1678-FYZOW,0.9984378,High,79.2759630560875,2026-03-30 22:18:27.211093,XGBoost
1679-JRFBR,0.0010570115,Low,0.11431579815689474,2026-03-30 22:18:27.211093,XGBoost
1680-VDCWW,0.11889562,Low,2.354133278131485,2026-03-30 22:18:27.211093,XGBoost
1682-VCOIO,0.00026323582,Low,0.0053831725759664545,2026-03-30 22:18:27.211093,XGBoost
1684-FLBGS,0.1173779,Low,8.15776402130723,2026-03-30 22:18:27.211093,XGBoost
1685-BQULA,0.0010637479,Low,0.09935405512806028,2026-03-30 22:18:27.211093,XGBoost
1685-VAYJF,0.0008989298,Low,0.04063162598758936,2026-03-30 22:18:27.211093,XGBoost
1686-STUHN,0.00051325007,Low,0.010162351315375419,2026-03-30 22:18:27.211093,XGBoost
1689-MRZQR,0.80260164,High,62.84370805621147,2026-03-30 22:18:27.211093,XGBoost
1689-YQBYY,0.0013454035,Low,0.1030579075217247,2026-03-30 22:18:27.211093,XGBoost
1696-HXOWK,0.030119665,Low,2.880945954099298,2026-03-30 22:18:27.211093,XGBoost
1696-MZVAU,0.00047920816,Low,0.012100006038963329,2026-03-30 22:18:27.211093,XGBoost
1697-BCSHV,0.038513184,Low,2.5726806640624997,2026-03-30 22:18:27.211093,XGBoost
1697-LYYYX,0.00019034743,Low,0.0036356359720230106,2026-03-30 22:18:27.211093,XGBoost
1697-NVVGY,0.00062800484,Low,0.04169952138327063,2026-03-30 22:18:27.211093,XGBoost
1698-XFZCI,0.0006153522,Low,0.06630419768043794,2026-03-30 22:18:27.211093,XGBoost
1699-HPSBG,0.33573934,Low,20.077212792634963,2026-03-30 22:18:27.211093,XGBoost
1699-TLDLZ,0.00024666684,Low,0.004859336698427796,2026-03-30 22:18:27.211093,XGBoost
1699-UOTXU,0.00038438715,Low,0.023601371177937834,2026-03-30 22:18:27.211093,XGBoost
1702-CCFNJ,0.00066392764,Low,0.040731960703851655,2026-03-30 22:18:27.211093,XGBoost
1703-MGIAB,0.0008349088,Low,0.05760870734229684,2026-03-30 22:18:27.211093,XGBoost
1704-NRWYE,0.8290875,High,67.0317240357399,2026-03-30 22:18:27.211093,XGBoost
1705-GUHPV,0.00023768672,Low,0.00575201861502137,2026-03-30 22:18:27.211093,XGBoost
1707-HABPF,0.00041644147,Low,0.03802110633114353,2026-03-30 22:18:27.211093,XGBoost
1708-PBBOA,0.00042598305,Low,0.023322571752942167,2026-03-30 22:18:27.211093,XGBoost
1709-EJDOX,0.00015808853,Low,0.0031222484503814485,2026-03-30 22:18:27.211093,XGBoost
1710-RCXUS,0.00045362007,Low,0.04098457352520199,2026-03-30 22:18:27.211093,XGBoost
1716-LSAMB,0.00025133532,Low,0.01373547549592331,2026-03-30 22:18:27.211093,XGBoost
1722-LDZJS,0.00040304448,Low,0.008141498564509674,2026-03-30 22:18:27.211093,XGBoost
1723-HKXJQ,0.6502266,Medium,66.16055583953857,2026-03-30 22:18:27.211093,XGBoost
1724-BQUHA,0.8181193,High,73.2216762304306,2026-03-30 22:18:27.211093,XGBoost
1724-IQWNM,0.0012803662,Low,0.02471106785815209,2026-03-30 22:18:27.211093,XGBoost
1725-IQNIY,0.9964605,High,109.3615395873785,2026-03-30 22:18:27.211093,XGBoost
1725-MIMXW,0.7521451,High,14.629222419857978,2026-03-30 22:18:27.211093,XGBoost
1728-BQDMA,0.0017080884,Low,0.07592453127726913,2026-03-30 22:18:27.211093,XGBoost
1728-CXQBE,0.0009747601,Low,0.09187113940424751,2026-03-30 22:18:27.211093,XGBoost
1729-VLAZJ,0.0003493766,Low,0.01406240865617292,2026-03-30 22:18:27.211093,XGBoost
1730-VFMWO,0.00075722515,Low,0.038012702472042297,2026-03-30 22:18:27.211093,XGBoost
1730-ZMAME,0.002199573,Low,0.17486605164594948,2026-03-30 22:18:27.211093,XGBoost
1731-TVIUK,0.8697904,High,81.32540008425713,2026-03-30 22:18:27.211093,XGBoost
1732-FEKLD,0.00057974266,Low,0.054930616708588786,2026-03-30 22:18:27.211093,XGBoost
1732-VHUBQ,0.9958741,High,70.25891824066639,2026-03-30 22:18:27.211093,XGBoost
1734-ZMNTZ,0.03865938,Low,0.966484472155571,2026-03-30 22:18:27.211093,XGBoost
1735-XMJVH,0.0006883748,Low,0.013320052364724689,2026-03-30 22:18:27.211093,XGBoost
1740-CSDJP,0.9972888,High,35.15443101525307,2026-03-30 22:18:27.211093,XGBoost
1741-WTPON,0.0042900224,Low,0.4969990975456312,2026-03-30 22:18:27.211093,XGBoost
1744-JHKYS,0.08607495,Low,2.1260512232780457,2026-03-30 22:18:27.211093,XGBoost
1746-TGTWV,0.82091975,High,61.85630332231521,2026-03-30 22:18:27.211093,XGBoost
1750-CSKKM,0.39538226,Low,21.88440783172846,2026-03-30 22:18:27.211093,XGBoost
1751-NCDLI,0.0018430252,Low,0.18218304194742813,2026-03-30 22:18:27.211093,XGBoost
1752-OZXFY,0.00044966402,Low,0.02688990825554356,2026-03-30 22:18:27.211093,XGBoost
1754-GKYPY,0.0013265169,Low,0.11905488753109239,2026-03-30 22:18:27.211093,XGBoost
1755-FZQEC,0.018435761,Low,0.36687165051698684,2026-03-30 22:18:27.211093,XGBoost
1755-RMCXH,0.0011635288,Low,0.02361963395960629,2026-03-30 22:18:27.211093,XGBoost
1757-TCATG,0.00024427284,Low,0.004897670516220387,2026-03-30 22:18:27.211093,XGBoost
1760-CAZHT,0.00025451262,Low,0.005293862475082278,2026-03-30 22:18:27.211093,XGBoost
1761-AEZZR,0.9625111,High,76.56775977313518,2026-03-30 22:18:27.211093,XGBoost
1763-KUAAW,0.00045673302,Low,0.009294516914815178,2026-03-30 22:18:27.211093,XGBoost
1763-WQFUK,0.0013143045,Low,0.06637237907852978,2026-03-30 22:18:27.211093,XGBoost
1764-VUUMT,0.00028157196,Low,0.0056173606732045295,2026-03-30 22:18:27.211093,XGBoost
1766-GKNMI,0.5329977,Medium,45.25150705575943,2026-03-30 22:18:27.211093,XGBoost
1767-CJKBA,0.0002963815,Low,0.0074391757982084535,2026-03-30 22:18:27.211093,XGBoost
1767-TGTKO,0.0007583076,Low,0.03446507944318,2026-03-30 22:18:27.211093,XGBoost
1768-HNVGJ,0.0008086675,Low,0.05664715893217362,2026-03-30 22:18:27.211093,XGBoost
1768-ZAIFU,0.93665814,High,23.603785228729247,2026-03-30 22:18:27.211093,XGBoost
1769-GRUIK,0.0008780642,Low,0.062430364242754874,2026-03-30 22:18:27.211093,XGBoost
1771-OADNZ,0.99877673,High,95.78268877863884,2026-03-30 22:18:27.211093,XGBoost
1775-KWJKQ,0.00022154604,Low,0.019905911770183592,2026-03-30 22:18:27.211093,XGBoost
1776-SPBWV,0.00026994818,Low,0.005425958512932994,2026-03-30 22:18:27.211093,XGBoost
1777-JYQPJ,0.2999012,Low,7.2875988543033605,2026-03-30 22:18:27.211093,XGBoost
1779-PWPMG,0.00028322372,Low,0.032471599768905436,2026-03-30 22:18:27.211093,XGBoost
1784-BXEFA,0.00053501787,Low,0.010994617207325063,2026-03-30 22:18:27.211093,XGBoost
1784-EZDKJ,0.0010892578,Low,0.1163327298592776,2026-03-30 22:18:27.211093,XGBoost
1785-BPHTP,0.00048357862,Low,0.04132179341831943,2026-03-30 22:18:27.211093,XGBoost
1790-NESIO,0.012645538,Low,0.2579689744859934,2026-03-30 22:18:27.211093,XGBoost
1791-PQHBB,0.0007958084,Low,0.04870347334071994,2026-03-30 22:18:27.211093,XGBoost
1792-UXAFY,0.99794143,High,88.96647887527944,2026-03-30 22:18:27.211093,XGBoost
1794-HBQTJ,0.9979481,High,48.50027815103531,2026-03-30 22:18:27.211093,XGBoost
1794-SWWKL,0.16936529,Low,10.102639359235763,2026-03-30 22:18:27.211093,XGBoost
1796-JANOW,0.00060717226,Low,0.012113086588215083,2026-03-30 22:18:27.211093,XGBoost
1803-BGNBD,0.0010279665,Low,0.05581858096411452,2026-03-30 22:18:27.211093,XGBoost
1809-DMJHQ,0.9949208,High,45.766356348991394,2026-03-30 22:18:27.211093,XGBoost
1810-BOHSY,0.0006348532,Low,0.06119984888937325,2026-03-30 22:18:27.211093,XGBoost
1810-MVMAI,0.00032671692,Low,0.0220860640052706,2026-03-30 22:18:27.211093,XGBoost
1813-JLKWR,0.0004326288,Low,0.008566050021909178,2026-03-30 22:18:27.211093,XGBoost
1813-JYWTO,0.00027162526,Low,0.02185225247667404,2026-03-30 22:18:27.211093,XGBoost
1814-DKOLC,0.0007506129,Low,0.019103097668266854,2026-03-30 22:18:27.211093,XGBoost
1814-WFGVS,0.0001603269,Low,0.007839985641476232,2026-03-30 22:18:27.211093,XGBoost
1816-FLZDK,0.0016867876,Low,0.04916985801537521,2026-03-30 22:18:27.211093,XGBoost
1818-ESQMW,0.0009241707,Low,0.08243602784350515,2026-03-30 22:18:27.211093,XGBoost
1820-DJFPH,0.00020005238,Low,0.0048112597833096515,2026-03-30 22:18:27.211093,XGBoost
1820-TQVEV,0.91020346,High,63.30465042591095,2026-03-30 22:18:27.211093,XGBoost
1821-BUCWY,0.039446387,Low,2.195191461034119,2026-03-30 22:18:27.211093,XGBoost
1830-GGFNM,0.00017283949,Low,0.0163419733500632,2026-03-30 22:18:27.211093,XGBoost
1830-IPXVJ,0.00020036526,Low,0.003957213935791515,2026-03-30 22:18:27.211093,XGBoost
1832-PEUTS,0.011434859,Low,1.0188459070399403,2026-03-30 22:18:27.211093,XGBoost
1833-TCXKK,0.0010466474,Low,0.11277626102673821,2026-03-30 22:18:27.211093,XGBoost
1833-VGRUM,0.96835816,High,71.8521754026413,2026-03-30 22:18:27.211093,XGBoost
1834-ABKHQ,0.022529129,Low,1.147859119437635,2026-03-30 22:18:27.211093,XGBoost
1834-WULEG,0.00015325287,Low,0.0031033706072776113,2026-03-30 22:18:27.211093,XGBoost
1837-YQUCE,0.00025564618,Low,0.014916954841464759,2026-03-30 22:18:27.211093,XGBoost
1839-FBNFR,0.008248634,Low,0.1637353790458292,2026-03-30 22:18:27.211093,XGBoost
1839-UMACK,0.00037891377,Low,0.009491789937601426,2026-03-30 22:18:27.211093,XGBoost
1840-BIUOG,0.2075911,Low,14.261508674919606,2026-03-30 22:18:27.211093,XGBoost
1841-YSJGV,0.00035234017,Low,0.0387398015067447,2026-03-30 22:18:27.211093,XGBoost
1842-EZJMK,0.9983115,High,103.52490458488465,2026-03-30 22:18:27.211093,XGBoost
1843-TLSGD,0.00019595532,Low,0.004085668405605248,2026-03-30 22:18:27.211093,XGBoost
1845-CSBRZ,0.0007748758,Low,0.0661356501368573,2026-03-30 22:18:27.211093,XGBoost
1845-ZLLIG,0.0015688676,Low,0.07867870974587277,2026-03-30 22:18:27.211093,XGBoost
1846-XWOQN,0.9513219,High,66.73523127734661,2026-03-30 22:18:27.211093,XGBoost
1848-LBZHY,0.0010913091,Low,0.054892848967574535,2026-03-30 22:18:27.211093,XGBoost
1849-RJYIG,0.0007636761,Low,0.045820564264431596,2026-03-30 22:18:27.211093,XGBoost
1850-AKQEP,0.00052209146,Low,0.010624561228905805,2026-03-30 22:18:27.211093,XGBoost
1852-QSWCD,0.00031861832,Low,0.007901734253391624,2026-03-30 22:18:27.211093,XGBoost
1852-XEMDW,0.0005883421,Low,0.03827165241818875,2026-03-30 22:18:27.211093,XGBoost
1853-ARAAQ,0.00060030894,Low,0.03022555495554116,2026-03-30 22:18:27.211093,XGBoost
1853-UDXBW,0.9989274,High,69.92491900920868,2026-03-30 22:18:27.211093,XGBoost
1855-AGAWH,0.0011059495,Low,0.10373806455172598,2026-03-30 22:18:27.211093,XGBoost
1855-CFULU,0.0005687645,Low,0.01140372856752947,2026-03-30 22:18:27.211093,XGBoost
1862-QRWPE,0.0003491429,Low,0.007209801067074295,2026-03-30 22:18:27.211093,XGBoost
1862-SKORY,0.9973345,High,39.19524507522583,2026-03-30 22:18:27.211093,XGBoost
1866-DIOQZ,0.00041228824,Low,0.02754085431806743,2026-03-30 22:18:27.211093,XGBoost
1866-NXPSP,0.00051686045,Low,0.03904880736081395,2026-03-30 22:18:27.211093,XGBoost
1866-OBPNR,0.0018493738,Low,0.1379632856696844,2026-03-30 22:18:27.211093,XGBoost
1866-RZZQS,0.9983138,High,98.23407640457154,2026-03-30 22:18:27.211093,XGBoost
1866-ZSLJM,0.13904953,Low,2.850515365600586,2026-03-30 22:18:27.211093,XGBoost
1867-BDVFH,0.76687205,High,57.01693679690361,2026-03-30 22:18:27.211093,XGBoost
1867-TJHTS,0.2914427,Low,23.25712684392929,2026-03-30 22:18:27.211093,XGBoost
1871-MOWRM,0.99805045,High,80.6923789858818,2026-03-30 22:18:27.211093,XGBoost
1872-EBWSC,0.022773562,Low,0.46344198668375614,2026-03-30 22:18:27.211093,XGBoost
1875-QIVME,0.99816614,High,104.20854542255402,2026-03-30 22:18:27.211093,XGBoost
1877-HKBQX,0.0005371878,Low,0.029330453462898733,2026-03-30 22:18:27.211093,XGBoost
1891-FZYSA,0.99733907,High,89.71064933240415,2026-03-30 22:18:27.211093,XGBoost
1891-QRQSA,0.0635814,Low,7.095684197545051,2026-03-30 22:18:27.211093,XGBoost
1891-UAWWU,0.998594,High,90.6723339319229,2026-03-30 22:18:27.211093,XGBoost
1894-IGFSG,0.9960157,High,88.89440368115902,2026-03-30 22:18:27.211093,XGBoost
1895-QTKDO,0.0024205176,Low,0.10638174922205508,2026-03-30 22:18:27.211093,XGBoost
1897-OKVMW,0.00018095647,Low,0.016394656273769213,2026-03-30 22:18:27.211093,XGBoost
1897-RCFUM,0.009838929,Low,0.23810209147632122,2026-03-30 22:18:27.211093,XGBoost
1898-JSNDC,0.00052505155,Low,0.030768021021503954,2026-03-30 22:18:27.211093,XGBoost
1899-VXWXM,0.33089587,Low,35.10805190503597,2026-03-30 22:18:27.211093,XGBoost
1902-XBTFB,0.9980459,High,89.22530536651612,2026-03-30 22:18:27.211093,XGBoost
1904-WAJAA,0.00019719687,Low,0.012689618846343363,2026-03-30 22:18:27.211093,XGBoost
1905-OEILC,0.0007078733,Low,0.01380352969863452,2026-03-30 22:18:27.211093,XGBoost
1907-UBQFC,0.99735415,High,72.65724981427192,2026-03-30 22:18:27.211093,XGBoost
1907-YLNYW,0.0009414474,Low,0.06279454089817592,2026-03-30 22:18:27.211093,XGBoost
1910-FMXJM,0.0014605103,Low,0.11742502860724927,2026-03-30 22:18:27.211093,XGBoost
1915-IOFGU,0.99882394,High,70.41708782315254,2026-03-30 22:18:27.211093,XGBoost
1915-OAKWD,0.0004413629,Low,0.008518304099561646,2026-03-30 22:18:27.211093,XGBoost
1918-ZBFQJ,0.64847463,Medium,51.391614720225334,2026-03-30 22:18:27.211093,XGBoost
1919-RTPQD,0.33812234,Low,15.130974628031254,2026-03-30 22:18:27.211093,XGBoost
1921-KYSAY,0.00058156485,Low,0.039895348530262706,2026-03-30 22:18:27.211093,XGBoost
1925-GMVBW,0.0010526252,Low,0.021631448774132877,2026-03-30 22:18:27.211093,XGBoost
1925-LFCZZ,0.116157465,Low,5.813681107386946,2026-03-30 22:18:27.211093,XGBoost
1925-TIBLE,0.8024318,High,69.41035258769989,2026-03-30 22:18:27.211093,XGBoost
1926-QUZNN,0.00030130186,Low,0.0076078719066572376,2026-03-30 22:18:27.211093,XGBoost
1927-QEWMY,0.00038570733,Low,0.007907000297564082,2026-03-30 22:18:27.211093,XGBoost
1928-BXYIV,0.0022424753,Low,0.13712736351881175,2026-03-30 22:18:27.211093,XGBoost
1929-ZCBHE,0.00036014858,Low,0.014513987794634885,2026-03-30 22:18:27.211093,XGBoost
1930-BZLHI,0.0003591825,Low,0.00730936403706437,2026-03-30 22:18:27.211093,XGBoost
1930-QPBVZ,0.00017957436,Low,0.017077521560713647,2026-03-30 22:18:27.211093,XGBoost
1930-WNXSB,0.00047728413,Low,0.0443158319190843,2026-03-30 22:18:27.211093,XGBoost
1932-UEDCX,0.0017893073,Low,0.1800043182214722,2026-03-30 22:18:27.211093,XGBoost
1934-MKPXS,0.00032239378,Low,0.006480115017620847,2026-03-30 22:18:27.211093,XGBoost
1934-SJVJK,0.5572374,Medium,11.228333342075347,2026-03-30 22:18:27.211093,XGBoost
1935-IMVBB,0.00078091765,Low,0.07004831283702516,2026-03-30 22:18:27.211093,XGBoost
1936-CZAKF,0.00040534476,Low,0.020125367474975064,2026-03-30 22:18:27.211093,XGBoost
1936-UAFEH,0.0007206615,Low,0.07945292847580276,2026-03-30 22:18:27.211093,XGBoost
1937-OTUKY,0.042949073,Low,4.217598970234394,2026-03-30 22:18:27.211093,XGBoost
1941-HOSAM,0.0029113533,Low,0.2623129279119894,2026-03-30 22:18:27.211093,XGBoost
1942-OQFRW,0.0020747208,Low,0.09128771536052227,2026-03-30 22:18:27.211093,XGBoost
1945-XISKS,0.00025012976,Low,0.00491504972014809,2026-03-30 22:18:27.211093,XGBoost
1950-KSVVJ,0.00072064775,Low,0.08164938959525898,2026-03-30 22:18:27.211093,XGBoost
1951-IEYXM,0.031368744,Low,2.8420081727206705,2026-03-30 22:18:27.211093,XGBoost
1952-DVVSW,0.045511924,Low,0.914789666980505,2026-03-30 22:18:27.211093,XGBoost
1955-IBMMB,0.03622607,Low,0.7317666426301003,2026-03-30 22:18:27.211093,XGBoost
1956-YIFGE,0.00028435225,Low,0.028449442861892747,2026-03-30 22:18:27.211093,XGBoost
1958-RNRKS,0.0006403469,Low,0.03195331038441509,2026-03-30 22:18:27.211093,XGBoost
1960-UOTYM,0.00023673342,Low,0.01874928715405986,2026-03-30 22:18:27.211093,XGBoost
1960-UYCNN,0.0023137685,Low,0.22038644878193736,2026-03-30 22:18:27.211093,XGBoost
1963-SVUCV,0.8134351,High,36.8486090183258,2026-03-30 22:18:27.211093,XGBoost
1963-VAUKV,0.9973001,High,20.344921803474424,2026-03-30 22:18:27.211093,XGBoost
1964-SVLEA,0.018186614,Low,0.3582762941718101,2026-03-30 22:18:27.211093,XGBoost
1965-AKTSX,0.99835086,High,78.8198002934456,2026-03-30 22:18:27.211093,XGBoost
1965-DDBWU,0.9968231,High,88.76709460020065,2026-03-30 22:18:27.211093,XGBoost
1970-KKFWL,0.02124177,Low,0.4949332222342491,2026-03-30 22:18:27.211093,XGBoost
1971-DTCZB,0.00027087607,Low,0.024636178843502422,2026-03-30 22:18:27.211093,XGBoost
1972-XMUWV,0.0002985835,Low,0.017855293402681126,2026-03-30 22:18:27.211093,XGBoost
1976-AZZPJ,0.0011149856,Low,0.038132506026886406,2026-03-30 22:18:27.211093,XGBoost
1976-CFOCS,0.94434786,High,43.440001487731934,2026-03-30 22:18:27.211093,XGBoost
1977-STDKI,0.95401925,High,69.64340513944626,2026-03-30 22:18:27.211093,XGBoost
1980-KXVPM,0.99844766,High,74.9334966301918,2026-03-30 22:18:27.211093,XGBoost
1981-INRFU,0.99887973,High,79.66065852344036,2026-03-30 22:18:27.211093,XGBoost
1982-FEBTD,0.016339866,Low,0.41830058097839357,2026-03-30 22:18:27.211093,XGBoost
1984-FCOWB,0.9984877,High,109.33440434932709,2026-03-30 22:18:27.211093,XGBoost
1984-GPTEH,0.00048829656,Low,0.012280658449162728,2026-03-30 22:18:27.211093,XGBoost
1985-MBRYP,0.00034991748,Low,0.006875878445862326,2026-03-30 22:18:27.211093,XGBoost
1986-PHGZF,0.00081523467,Low,0.047609704779461026,2026-03-30 22:18:27.211093,XGBoost
1987-AUELQ,0.0003709654,Low,0.009292683206149377,2026-03-30 22:18:27.211093,XGBoost
1989-PRJHP,0.69168353,Medium,52.22210657596588,2026-03-30 22:18:27.211093,XGBoost
1991-VOPLL,0.00053341617,Low,0.01016157801495865,2026-03-30 22:18:27.211093,XGBoost
1996-DBMUS,0.29988688,Low,21.187008234858514,2026-03-30 22:18:27.211093,XGBoost
1998-VHJHK,0.00024378892,Low,0.004668557813420193,2026-03-30 22:18:27.211093,XGBoost
2000-DHJUY,0.0003209613,Low,0.02959263107040897,2026-03-30 22:18:27.211093,XGBoost
2000-MPKCA,0.00088285404,Low,0.09512752333830576,2026-03-30 22:18:27.211093,XGBoost
2001-EWBQU,0.13036156,Low,13.648855018615723,2026-03-30 22:18:27.211093,XGBoost
2001-MCUUW,0.0006499642,Low,0.07061861077090725,2026-03-30 22:18:27.211093,XGBoost
2002-MZHWP,0.51930094,Medium,10.645669221878052,2026-03-30 22:18:27.211093,XGBoost
2003-CKLOR,0.62820166,Medium,62.506065517663956,2026-03-30 22:18:27.211093,XGBoost
2004-OCQXK,0.99918205,High,81.8829686254263,2026-03-30 22:18:27.211093,XGBoost
2005-DWQZJ,0.00019951937,Low,0.003800844080251409,2026-03-30 22:18:27.211093,XGBoost
2007-QVGAW,0.00028563174,Low,0.005526974250096828,2026-03-30 22:18:27.211093,XGBoost
2011-TRQYE,0.996599,High,33.38606712222099,2026-03-30 22:18:27.211093,XGBoost
2012-NWRPA,0.89408904,High,89.00656424462795,2026-03-30 22:18:27.211093,XGBoost
2013-SGDXK,0.9087694,High,76.60926284193992,2026-03-30 22:18:27.211093,XGBoost
2014-MKGMH,0.0007644676,Low,0.07728767222142778,2026-03-30 22:18:27.211093,XGBoost
2017-CCBLH,0.011282498,Low,0.22564996033906937,2026-03-30 22:18:27.211093,XGBoost
2018-PZKMU,0.0012291828,Low,0.1267287484370172,2026-03-30 22:18:27.211093,XGBoost
2018-QKYGT,0.0025207587,Low,0.20430748928338288,2026-03-30 22:18:27.211093,XGBoost
2019-HDCZY,0.0004750109,Low,0.048736117605585605,2026-03-30 22:18:27.211093,XGBoost
2023-VQFDL,0.00074746856,Low,0.014201902551576495,2026-03-30 22:18:27.211093,XGBoost
2024-BASKD,0.99896085,High,74.52247960567473,2026-03-30 22:18:27.211093,XGBoost
2025-JKFWI,0.99844474,High,98.8460288643837,2026-03-30 22:18:27.211093,XGBoost
2026-TGDHM,0.74723905,High,59.256056922674176,2026-03-30 22:18:27.211093,XGBoost
2027-CWDNU,0.00036234714,Low,0.031016915361396967,2026-03-30 22:18:27.211093,XGBoost
2027-DNKIV,0.0002479427,Low,0.014566633108188398,2026-03-30 22:18:27.211093,XGBoost
2027-FECZV,0.99806744,High,106.49379569888116,2026-03-30 22:18:27.211093,XGBoost
2027-OAQQC,0.99457365,High,48.783837667107576,2026-03-30 22:18:27.211093,XGBoost
2027-WKXMW,0.0009408762,Low,0.10232028653263114,2026-03-30 22:18:27.211093,XGBoost
2030-BTZRO,0.00027259582,Low,0.005560954695101827,2026-03-30 22:18:27.211093,XGBoost
2034-CGRHZ,0.73538476,High,75.70786127746105,2026-03-30 22:18:27.211093,XGBoost
2034-GDRCN,0.8520004,High,77.0208375453949,2026-03-30 22:18:27.211093,XGBoost
2037-SGXHH,0.6239864,Medium,59.06031493842602,2026-03-30 22:18:27.211093,XGBoost
2037-XJFUP,0.406021,Medium,38.89681169986725,2026-03-30 22:18:27.211093,XGBoost
2038-LLMLM,0.32850754,Low,34.11550830006599,2026-03-30 22:18:27.211093,XGBoost
2038-OEQZH,0.0016791222,Low,0.144488466612529,2026-03-30 22:18:27.211093,XGBoost
2038-YSEZE,0.1581109,Low,10.664580320566893,2026-03-30 22:18:27.211093,XGBoost
2039-JONDJ,0.08043689,Low,4.4602257061749695,2026-03-30 22:18:27.211093,XGBoost
2040-LDIWQ,0.00027777554,Low,0.02338870076346211,2026-03-30 22:18:27.211093,XGBoost
2040-OBMLJ,0.121144734,Low,9.897524794191122,2026-03-30 22:18:27.211093,XGBoost
2040-VZIKE,0.0013660085,Low,0.13776196113321929,2026-03-30 22:18:27.211093,XGBoost
2040-XBAVJ,0.0001984338,Low,0.022710748571989826,2026-03-30 22:18:27.211093,XGBoost
2041-JIJCI,0.4467325,Medium,28.590879440307617,2026-03-30 22:18:27.211093,XGBoost
2043-WVTQJ,0.0028710286,Low,0.15991629376076164,2026-03-30 22:18:27.211093,XGBoost
2045-BMBTJ,0.0010077534,Low,0.05991094107739628,2026-03-30 22:18:27.211093,XGBoost
2049-BAFNW,0.001970708,Low,0.07074841377325355,2026-03-30 22:18:27.211093,XGBoost
2050-ONYDQ,0.0060125575,Low,0.1563264960423112,2026-03-30 22:18:27.211093,XGBoost
2054-PJOCK,0.00049234263,Low,0.03965819895383902,2026-03-30 22:18:27.211093,XGBoost
2055-BFOCC,0.0006034882,Low,0.05069300718605518,2026-03-30 22:18:27.211093,XGBoost
2055-PDADH,0.7518838,High,52.93261985778809,2026-03-30 22:18:27.211093,XGBoost
2055-SIFSS,0.00090007874,Low,0.04648906689544674,2026-03-30 22:18:27.211093,XGBoost
2056-EVGZL,0.0006570407,Low,0.06948205233493354,2026-03-30 22:18:27.211093,XGBoost
2057-BOYKM,0.050180715,Low,4.847457028180361,2026-03-30 22:18:27.211093,XGBoost
2057-ZBLPD,0.6898315,Medium,59.67042434215546,2026-03-30 22:18:27.211093,XGBoost
2058-DCJBE,0.9977538,High,69.59332747757435,2026-03-30 22:18:27.211093,XGBoost
2061-VVFST,0.116259,Low,2.2670505233108997,2026-03-30 22:18:27.211093,XGBoost
2065-MMKGR,0.000395213,Low,0.028060122422175482,2026-03-30 22:18:27.211093,XGBoost
2067-QYTCF,0.0008889557,Low,0.09880742840759922,2026-03-30 22:18:27.211093,XGBoost
2068-WWXQZ,0.0003144242,Low,0.006304205064952839,2026-03-30 22:18:27.211093,XGBoost
2070-FNEXE,0.9972319,High,76.23837880790234,2026-03-30 22:18:27.211093,XGBoost
2070-XYMFH,0.0012425085,Low,0.09859305183053947,2026-03-30 22:18:27.211093,XGBoost
2072-ZVJJX,0.015915517,Low,0.4018667982891202,2026-03-30 22:18:27.211093,XGBoost
2073-QBVBI,0.11503192,Low,4.077881577238441,2026-03-30 22:18:27.211093,XGBoost
2074-GKOWZ,0.8441738,High,75.59576280713081,2026-03-30 22:18:27.211093,XGBoost
2074-GUHPQ,0.0008554938,Low,0.07930427757091821,2026-03-30 22:18:27.211093,XGBoost
2075-PUEPR,0.0003088279,Low,0.0059758199524367235,2026-03-30 22:18:27.211093,XGBoost
2075-RMJIK,0.0006555282,Low,0.032383093878161164,2026-03-30 22:18:27.211093,XGBoost
2077-DDHJK,0.000284035,Low,0.020138080907054247,2026-03-30 22:18:27.211093,XGBoost
2077-MPJQO,0.0019310612,Low,0.14560201095882805,2026-03-30 22:18:27.211093,XGBoost
2079-FBMZK,0.42523295,Medium,29.44738157093525,2026-03-30 22:18:27.211093,XGBoost
2080-CAZNM,0.0015279229,Low,0.15951515352353454,2026-03-30 22:18:27.211093,XGBoost
2080-GKCWQ,0.80898625,High,60.63351918160916,2026-03-30 22:18:27.211093,XGBoost
2080-SRCDE,0.0015807789,Low,0.04015178300905972,2026-03-30 22:18:27.211093,XGBoost
2081-KJSQF,0.0014281641,Low,0.028920322540216148,2026-03-30 22:18:27.211093,XGBoost
2081-VEYEH,0.51610464,Medium,55.713495734333996,2026-03-30 22:18:27.211093,XGBoost
2082-CEFLT,0.9977768,High,45.49862236976624,2026-03-30 22:18:27.211093,XGBoost
2082-OJVTK,0.9977863,High,89.00253648757935,2026-03-30 22:18:27.211093,XGBoost
2085-BOJKI,0.0010570912,Low,0.10216786148957908,2026-03-30 22:18:27.211093,XGBoost
2085-JVGAD,0.00058998744,Low,0.012006244357326069,2026-03-30 22:18:27.211093,XGBoost
2087-QAREY,0.0009715914,Low,0.05314604909508489,2026-03-30 22:18:27.211093,XGBoost
2088-IEBAU,0.00039330346,Low,0.03466970003792085,2026-03-30 22:18:27.211093,XGBoost
2091-GPPIQ,0.048639577,Low,3.840094594843686,2026-03-30 22:18:27.211093,XGBoost
2091-MJTFX,0.03428718,Low,1.7555036544799805,2026-03-30 22:18:27.211093,XGBoost
2091-RFFBA,0.62276787,Medium,46.0225452721119,2026-03-30 22:18:27.211093,XGBoost
2096-XOTMO,0.00038783925,Low,0.0075046893980470495,2026-03-30 22:18:27.211093,XGBoost
2097-YVPKN,0.026036277,Low,0.6704341433942318,2026-03-30 22:18:27.211093,XGBoost
2100-BDNSN,0.54540944,Medium,37.06057151556015,2026-03-30 22:18:27.211093,XGBoost
2101-RANCD,0.0005442301,Low,0.03978322063339874,2026-03-30 22:18:27.211093,XGBoost
2103-ZRXFN,0.74251944,High,37.68286149203777,2026-03-30 22:18:27.211093,XGBoost
2105-PHWON,0.4923405,Medium,46.77234798669815,2026-03-30 22:18:27.211093,XGBoost
2107-FBPTK,0.0016166022,Low,0.16828828708967192,2026-03-30 22:18:27.211093,XGBoost
2108-GLPQB,0.0005775157,Low,0.032080996560398485,2026-03-30 22:18:27.211093,XGBoost
2108-XWMPY,0.48941663,Medium,17.349819500744346,2026-03-30 22:18:27.211093,XGBoost
2108-YKQTY,0.9975816,High,50.57738717794419,2026-03-30 22:18:27.211093,XGBoost
2111-DWYHN,0.00095476944,Low,0.020145635085646065,2026-03-30 22:18:27.211093,XGBoost
2114-MGINA,0.998195,High,89.63791033029555,2026-03-30 22:18:27.211093,XGBoost
2115-BFTIW,0.203424,Low,14.432933275401593,2026-03-30 22:18:27.211093,XGBoost
2120-SMPEX,0.00039815047,Low,0.00802273198205512,2026-03-30 22:18:27.211093,XGBoost
2121-JAFOM,0.00024202299,Low,0.027965756106277693,2026-03-30 22:18:27.211093,XGBoost
2122-SZZZD,0.0003329199,Low,0.0064919382421066985,2026-03-30 22:18:27.211093,XGBoost
2122-YWVYA,0.0011455516,Low,0.08637458786834032,2026-03-30 22:18:27.211093,XGBoost
2123-AGEEN,0.0024583265,Low,0.20735984183847903,2026-03-30 22:18:27.211093,XGBoost
2123-VSCOT,0.00025940052,Low,0.018702777492580935,2026-03-30 22:18:27.211093,XGBoost
2126-GSEGL,0.00033168978,Low,0.028127293195575474,2026-03-30 22:18:27.211093,XGBoost
2129-ALKBS,0.0005565995,Low,0.014582907513249666,2026-03-30 22:18:27.211093,XGBoost
2133-TSRRM,0.00054868055,Low,0.0578034954960458,2026-03-30 22:18:27.211093,XGBoost
2135-DQWAQ,0.6537627,Medium,55.765958154201506,2026-03-30 22:18:27.211093,XGBoost
2135-RXIHG,0.8349864,High,38.117128643393514,2026-03-30 22:18:27.211093,XGBoost
2137-DQMEV,0.017683443,Low,0.7922182321548461,2026-03-30 22:18:27.211093,XGBoost
2138-VFAPZ,0.0083272215,Low,0.16404626350849866,2026-03-30 22:18:27.211093,XGBoost
2139-FQHLM,0.000938906,Low,0.0844545933592599,2026-03-30 22:18:27.211093,XGBoost
2141-RRYGO,0.69257146,Medium,47.54503081142903,2026-03-30 22:18:27.211093,XGBoost
2143-LJULT,0.000214899,Low,0.0054261998120637145,2026-03-30 22:18:27.211093,XGBoost
2144-BFDSO,0.0009129786,Low,0.09928642328304704,2026-03-30 22:18:27.211093,XGBoost
2144-ESWKO,0.08833313,Low,3.1093261718750003,2026-03-30 22:18:27.211093,XGBoost
2146-EGVDT,0.00032326696,Low,0.006239052233286202,2026-03-30 22:18:27.211093,XGBoost
2150-OEGBV,0.0004541176,Low,0.009127763804281132,2026-03-30 22:18:27.211093,XGBoost
2150-UWTFY,0.99314886,High,60.73105299174785,2026-03-30 22:18:27.211093,XGBoost
2150-WLKUW,0.0010762304,Low,0.06877112447982654,2026-03-30 22:18:27.211093,XGBoost
2153-MREFK,0.5635563,Medium,55.90478630065918,2026-03-30 22:18:27.211093,XGBoost
2154-KVJFF,0.72501665,High,57.82007811963558,2026-03-30 22:18:27.211093,XGBoost
2155-AMQRX,0.0005999131,Low,0.03293523053289391,2026-03-30 22:18:27.211093,XGBoost
2157-MXBJS,0.99542075,High,74.95518277287483,2026-03-30 22:18:27.211093,XGBoost
2159-TURXX,0.00035309422,Low,0.0070795391002320684,2026-03-30 22:18:27.211093,XGBoost
2160-GPFXD,0.00015928631,Low,0.010457146371481941,2026-03-30 22:18:27.211093,XGBoost
2162-FRZAA,0.0001860756,Low,0.007322074937110301,2026-03-30 22:18:27.211093,XGBoost
2164-SOQXL,0.0004059914,Low,0.008140127404476517,2026-03-30 22:18:27.211093,XGBoost
2165-VOEGB,0.996372,High,104.81833276748658,2026-03-30 22:18:27.211093,XGBoost
2167-FQSTQ,0.00038991598,Low,0.036028236395213756,2026-03-30 22:18:27.211093,XGBoost
2169-RRLFW,0.01238049,Low,0.3169405460357666,2026-03-30 22:18:27.211093,XGBoost
2171-UDMFD,0.00032239594,Low,0.006270600948482752,2026-03-30 22:18:27.211093,XGBoost
2172-EJXVF,0.0006728342,Low,0.07125314462464304,2026-03-30 22:18:27.211093,XGBoost
2176-LVPNX,0.00020637798,Low,0.018543061770469646,2026-03-30 22:18:27.211093,XGBoost
2176-OSJUV,0.016924566,Low,1.10263545261696,2026-03-30 22:18:27.211093,XGBoost
2178-PMGCJ,0.00061090785,Low,0.042580277362139894,2026-03-30 22:18:27.211093,XGBoost
2180-DXNEG,0.9990953,High,95.91315078735352,2026-03-30 22:18:27.211093,XGBoost
2181-TIDSV,0.012388299,Low,0.24714656942524016,2026-03-30 22:18:27.211093,XGBoost
2181-UAESM,0.0010711265,Low,0.057251714071026076,2026-03-30 22:18:27.211093,XGBoost
2186-QZEYA,0.0007657913,Low,0.04483707940089516,2026-03-30 22:18:27.211093,XGBoost
2187-LZGPL,0.35993984,Low,14.43358772099018,2026-03-30 22:18:27.211093,XGBoost
2187-PKZAY,0.5443502,Medium,43.52079903781414,2026-03-30 22:18:27.211093,XGBoost
2188-SXWVT,0.0004341394,Low,0.023877666681073606,2026-03-30 22:18:27.211093,XGBoost
2189-UXTKY,0.9981431,High,79.05293169021607,2026-03-30 22:18:27.211093,XGBoost
2189-WWOEW,0.99761814,High,85.69539812207222,2026-03-30 22:18:27.211093,XGBoost
2190-BCXEC,0.0013015213,Low,0.10262495600036345,2026-03-30 22:18:27.211093,XGBoost
2190-PHBHR,0.00028784992,Low,0.027187425107695163,2026-03-30 22:18:27.211093,XGBoost
2192-CKRLV,0.00045425727,Low,0.022349457757081838,2026-03-30 22:18:27.211093,XGBoost
2192-OZITF,0.0003557247,Low,0.026163552491925656,2026-03-30 22:18:27.211093,XGBoost
2193-SFWQW,0.00019327122,Low,0.02163671290545608,2026-03-30 22:18:27.211093,XGBoost
2194-IIQOF,0.00020154382,Low,0.017997863321215845,2026-03-30 22:18:27.211093,XGBoost
2195-VVRJF,0.0008987028,Low,0.05311333706486039,2026-03-30 22:18:27.211093,XGBoost
2195-ZRVAX,0.99825746,High,85.15136118531227,2026-03-30 22:18:27.211093,XGBoost
2197-OMWGI,0.00030575704,Low,0.01620512327644974,2026-03-30 22:18:27.211093,XGBoost
2200-DSAAL,0.055110738,Low,4.4446809940040115,2026-03-30 22:18:27.211093,XGBoost
2202-CUYXZ,0.9219261,High,78.22542798817157,2026-03-30 22:18:27.211093,XGBoost
2202-OUTMO,0.40351155,Medium,24.55367806106806,2026-03-30 22:18:27.211093,XGBoost
2203-GHNWN,0.40538925,Medium,32.28925370872021,2026-03-30 22:18:27.211093,XGBoost
2205-LPVGL,0.0002851972,Low,0.025624967961630316,2026-03-30 22:18:27.211093,XGBoost
2205-YMZZJ,0.8018105,High,67.99353065490722,2026-03-30 22:18:27.211093,XGBoost
2207-NHRJK,0.9979348,High,50.69508876800537,2026-03-30 22:18:27.211093,XGBoost
2207-OBZNX,0.99592483,High,50.792166352272034,2026-03-30 22:18:27.211093,XGBoost
2207-QPJED,0.0015408774,Low,0.13867896515876055,2026-03-30 22:18:27.211093,XGBoost
2207-RYYRL,0.00019890718,Low,0.004883171151595889,2026-03-30 22:18:27.211093,XGBoost
2208-MPXIO,0.010259166,Low,0.20518332719802856,2026-03-30 22:18:27.211093,XGBoost
2208-NKVVH,0.000168295,Low,0.0040811536309774965,2026-03-30 22:18:27.211093,XGBoost
2208-NQBCT,0.24689607,Low,20.23313320055604,2026-03-30 22:18:27.211093,XGBoost
2208-UGTGR,0.0010854268,Low,0.10702307999599725,2026-03-30 22:18:27.211093,XGBoost
2209-XADXF,0.0017907849,Low,0.045217318256618455,2026-03-30 22:18:27.211093,XGBoost
2211-RMNHO,0.00019384666,Low,0.01653512004559161,2026-03-30 22:18:27.211093,XGBoost
2212-LYASK,0.0006541814,Low,0.029994217524654233,2026-03-30 22:18:27.211093,XGBoost
2215-ZAFGX,0.69056946,Medium,59.043688863515854,2026-03-30 22:18:27.211093,XGBoost
2219-MVUSO,0.99598205,High,44.96858959794044,2026-03-30 22:18:27.211093,XGBoost
2220-IAHLS,0.0011735281,Low,0.02276644599623978,2026-03-30 22:18:27.211093,XGBoost
2223-GDSHL,0.00017762856,Low,0.020613794900418723,2026-03-30 22:18:27.211093,XGBoost
2223-KAGMX,0.9956136,High,19.314903354644773,2026-03-30 22:18:27.211093,XGBoost
2225-ZRGSG,0.9945833,High,93.39137268662454,2026-03-30 22:18:27.211093,XGBoost
2226-ICFDO,0.04329401,Low,3.71895535774529,2026-03-30 22:18:27.211093,XGBoost
2227-JRSJX,0.0014918539,Low,0.14791730931610803,2026-03-30 22:18:27.211093,XGBoost
2228-BZDEE,0.0002244125,Low,0.004510691374889575,2026-03-30 22:18:27.211093,XGBoost
2229-DPMBI,0.00024756687,Low,0.00482755403209012,2026-03-30 22:18:27.211093,XGBoost
2229-VWQJH,0.28851646,Low,14.223861569166182,2026-03-30 22:18:27.211093,XGBoost
2230-XTUWL,0.013073362,Low,0.2555842351168394,2026-03-30 22:18:27.211093,XGBoost
2232-DMLXU,0.9984634,High,55.115179252624515,2026-03-30 22:18:27.211093,XGBoost
2233-FAGXV,0.00042881301,Low,0.010420156261534431,2026-03-30 22:18:27.211093,XGBoost
2233-TXSIU,0.041954093,Low,1.8648594196885826,2026-03-30 22:18:27.211093,XGBoost
2234-EOFPT,0.00022103777,Low,0.01753934717271477,2026-03-30 22:18:27.211093,XGBoost
2234-XADUH,0.029976584,Low,3.093583470582962,2026-03-30 22:18:27.211093,XGBoost
2235-DWLJU,0.52260476,Medium,23.20365149974823,2026-03-30 22:18:27.211093,XGBoost
2235-EZAIK,0.038108107,Low,3.0181620508432387,2026-03-30 22:18:27.211093,XGBoost
2235-ZGKPT,0.99737346,High,50.71644052863121,2026-03-30 22:18:27.211093,XGBoost
2236-HILPA,0.00028561897,Low,0.005898031681135762,2026-03-30 22:18:27.211093,XGBoost
2237-ZFSMY,0.4806359,Medium,45.924761317670345,2026-03-30 22:18:27.211093,XGBoost
2239-CFOUJ,0.0006798183,Low,0.013868292770348489,2026-03-30 22:18:27.211093,XGBoost
2239-CGBUZ,0.0006221564,Low,0.03764046373544261,2026-03-30 22:18:27.211093,XGBoost
2239-JALAW,0.39428443,Low,40.70986710488796,2026-03-30 22:18:27.211093,XGBoost
2240-HSJQD,0.000547365,Low,0.04480182479310315,2026-03-30 22:18:27.211093,XGBoost
2242-MFOTG,0.00055364106,Low,0.044346648972714314,2026-03-30 22:18:27.211093,XGBoost
2243-FNMMI,0.0004794222,Low,0.009300790476845577,2026-03-30 22:18:27.211093,XGBoost
2245-ADZFJ,0.00039218197,Low,0.03159025796048809,2026-03-30 22:18:27.211093,XGBoost
2249-YPRNG,0.9981165,High,105.65063080787658,2026-03-30 22:18:27.211093,XGBoost
2250-IVBWA,0.00038821634,Low,0.03146493465756066,2026-03-30 22:18:27.211093,XGBoost
2251-PYLPB,0.00019579638,Low,0.015575602283206536,2026-03-30 22:18:27.211093,XGBoost
2252-ISRNH,0.00044045507,Low,0.03979511565848952,2026-03-30 22:18:27.211093,XGBoost
2252-JHJGE,0.0009866938,Low,0.1026161527261138,2026-03-30 22:18:27.211093,XGBoost
2252-NKNSI,0.028817452,Low,2.453806079551578,2026-03-30 22:18:27.211093,XGBoost
2253-KPMNB,0.0002455567,Low,0.011356997420080006,2026-03-30 22:18:27.211093,XGBoost
2254-DLXRI,0.0030516305,Low,0.24153655044501648,2026-03-30 22:18:27.211093,XGBoost
2256-YLYLP,0.00016528642,Low,0.012057644026936033,2026-03-30 22:18:27.211093,XGBoost
2257-BOVXD,0.0006965887,Low,0.04639280842384323,2026-03-30 22:18:27.211093,XGBoost
2259-OUUSZ,0.00066865934,Low,0.02373740659095347,2026-03-30 22:18:27.211093,XGBoost
2260-USTRB,0.8120551,High,57.00626878738404,2026-03-30 22:18:27.211093,XGBoost
2262-SLNVK,0.8786209,High,61.59132667183876,2026-03-30 22:18:27.211093,XGBoost
2263-SFSQZ,0.00019616768,Low,0.004894383499049582,2026-03-30 22:18:27.211093,XGBoost
2265-CYWIV,0.93686736,High,93.31198868751525,2026-03-30 22:18:27.211093,XGBoost
2266-FUBDZ,0.00018862454,Low,0.0036498849367490043,2026-03-30 22:18:27.211093,XGBoost
2266-SJNAT,0.00047319487,Low,0.051649220281979075,2026-03-30 22:18:27.211093,XGBoost
2267-FPIMA,0.0010503693,Low,0.0991548664867878,2026-03-30 22:18:27.211093,XGBoost
2267-WTPYD,0.0010010125,Low,0.09409517608582973,2026-03-30 22:18:27.211093,XGBoost
2270-CHBFN,0.0015430887,Low,0.14674773534061386,2026-03-30 22:18:27.211093,XGBoost
2272-JKMSI,0.0002503476,Low,0.02773851396050304,2026-03-30 22:18:27.211093,XGBoost
2272-QAGFO,0.7415845,High,55.099726849794386,2026-03-30 22:18:27.211093,XGBoost
2272-UOINI,0.001846255,Low,0.14493102033156902,2026-03-30 22:18:27.211093,XGBoost
2272-WUSPA,0.0003738423,Low,0.04140303595340811,2026-03-30 22:18:27.211093,XGBoost
2273-QCKXA,0.001273278,Low,0.062454287399305024,2026-03-30 22:18:27.211093,XGBoost
2274-XUATA,0.0002565496,Low,0.01618827951315325,2026-03-30 22:18:27.211093,XGBoost
2275-RBYQS,0.002000206,Low,0.09080934864468872,2026-03-30 22:18:27.211093,XGBoost
2276-YDAVZ,0.6843974,Medium,51.39824469685554,2026-03-30 22:18:27.211093,XGBoost
2277-AXSDC,0.00045804694,Low,0.009046427054272499,2026-03-30 22:18:27.211093,XGBoost
2277-BKJKN,0.00034866342,Low,0.03458741158246994,2026-03-30 22:18:27.211093,XGBoost
2277-DJJDL,0.001055185,Low,0.10446331347338855,2026-03-30 22:18:27.211093,XGBoost
2277-VWCNI,0.0014345966,Low,0.0699365844775457,2026-03-30 22:18:27.211093,XGBoost
2279-AXJJK,0.0010497652,Low,0.10041003687074408,2026-03-30 22:18:27.211093,XGBoost
2282-YGNOR,0.0005568625,Low,0.032298025325872004,2026-03-30 22:18:27.211093,XGBoost
2284-VFLKH,0.0010018784,Low,0.09943643206497654,2026-03-30 22:18:27.211093,XGBoost
2292-XQWSV,0.00033864463,Low,0.020420271388138643,2026-03-30 22:18:27.211093,XGBoost
2293-IJWPS,0.0011743999,Low,0.11832078610314056,2026-03-30 22:18:27.211093,XGBoost
2294-DMMUS,0.00021815386,Low,0.01536893932716339,2026-03-30 22:18:27.211093,XGBoost
2294-SALNE,0.00044993393,Low,0.03905426482670009,2026-03-30 22:18:27.211093,XGBoost
2296-DKZFP,0.0004056546,Low,0.02880147675750777,2026-03-30 22:18:27.211093,XGBoost
2300-RQGOI,0.00020173013,Low,0.004044689113652566,2026-03-30 22:18:27.211093,XGBoost
2302-ANTDP,0.40454227,Medium,47.51348929703236,2026-03-30 22:18:27.211093,XGBoost
2302-OUZXB,0.016792258,Low,1.3794840150512755,2026-03-30 22:18:27.211093,XGBoost
2303-PJYHN,0.20814824,Low,4.1317425847053535,2026-03-30 22:18:27.211093,XGBoost
2305-MRGLV,0.3712087,Low,28.416025798022748,2026-03-30 22:18:27.211093,XGBoost
2307-FYNNL,0.0010530308,Low,0.11483301260741427,2026-03-30 22:18:27.211093,XGBoost
2308-STERM,0.0005253782,Low,0.01019233736442402,2026-03-30 22:18:27.211093,XGBoost
2309-OSFEU,0.9953231,High,33.741453820466994,2026-03-30 22:18:27.211093,XGBoost
2311-QYMUQ,0.59244263,Medium,52.99399340748787,2026-03-30 22:18:27.211093,XGBoost
2314-TNDJQ,0.00015029946,Low,0.008364164750673808,2026-03-30 22:18:27.211093,XGBoost
2316-ESMLS,0.069003426,Low,2.287463556602597,2026-03-30 22:18:27.211093,XGBoost
2320-JRSDE,0.7259082,High,14.44557357430458,2026-03-30 22:18:27.211093,XGBoost
2320-SLKMB,0.00074928685,Low,0.03330580031615682,2026-03-30 22:18:27.211093,XGBoost
2320-TZRRH,0.0003049152,Low,0.005945846118265763,2026-03-30 22:18:27.211093,XGBoost
2320-YKQBO,0.00053434924,Low,0.010312940285075456,2026-03-30 22:18:27.211093,XGBoost
2321-OMBXY,0.99531674,High,79.92393453121186,2026-03-30 22:18:27.211093,XGBoost
2322-VCZHZ,0.0018186052,Low,0.16367447096854448,2026-03-30 22:18:27.211093,XGBoost
2323-ARSVR,0.22239293,Low,24.696735052019356,2026-03-30 22:18:27.211093,XGBoost
2324-AALNO,0.00042126418,Low,0.010342035612848122,2026-03-30 22:18:27.211093,XGBoost
2324-EFHVG,0.00072271377,Low,0.07545131742954254,2026-03-30 22:18:27.211093,XGBoost
2325-NBPZG,0.0019823245,Low,0.14778229325311257,2026-03-30 22:18:27.211093,XGBoost
2325-WINES,0.0016764713,Low,0.1744368410378229,2026-03-30 22:18:27.211093,XGBoost
2325-ZUSFD,0.994392,High,69.70687764286994,2026-03-30 22:18:27.211093,XGBoost
2330-PQGDQ,0.0002013842,Low,0.016956549827591517,2026-03-30 22:18:27.211093,XGBoost
2332-EFBJY,0.9932199,High,19.566432267427444,2026-03-30 22:18:27.211093,XGBoost
2332-TODQS,0.00030918614,Low,0.00774511289637303,2026-03-30 22:18:27.211093,XGBoost
2333-KWEWW,0.00020968907,Low,0.0042042658045829745,2026-03-30 22:18:27.211093,XGBoost
2335-GSODA,0.00029419293,Low,0.011797136371023953,2026-03-30 22:18:27.211093,XGBoost
2338-BQEZT,0.00087727094,Low,0.04434604605194181,2026-03-30 22:18:27.211093,XGBoost
2342-CKIAO,0.0008156003,Low,0.016556685545947403,2026-03-30 22:18:27.211093,XGBoost
2344-JMOGN,0.8136938,High,77.17885896265506,2026-03-30 22:18:27.211093,XGBoost
2346-CZYIL,0.00026405777,Low,0.005373575683915988,2026-03-30 22:18:27.211093,XGBoost
2346-DJQTB,0.2710081,Low,6.544845713675022,2026-03-30 22:18:27.211093,XGBoost
2346-LOCWC,0.014799494,Low,0.3033896330744028,2026-03-30 22:18:27.211093,XGBoost
2347-WKKAE,0.0018879861,Low,0.17822588663548233,2026-03-30 22:18:27.211093,XGBoost
2348-KCJLT,0.00077216356,Low,0.04748805912095122,2026-03-30 22:18:27.211093,XGBoost
2351-BKRZW,0.00020464014,Low,0.015388938155956567,2026-03-30 22:18:27.211093,XGBoost
2351-RRBUE,0.0361194,Low,0.7458656400442123,2026-03-30 22:18:27.211093,XGBoost
2357-COQEK,0.5924005,Medium,61.19497074484825,2026-03-30 22:18:27.211093,XGBoost
2359-KLTEK,0.00045968327,Low,0.04362394262861927,2026-03-30 22:18:27.211093,XGBoost
2359-KMGLI,0.5119253,Medium,41.082003727555275,2026-03-30 22:18:27.211093,XGBoost
2359-QWQUL,0.41956618,Medium,43.92857949435711,2026-03-30 22:18:27.211093,XGBoost
2360-RDGRO,0.40026996,Medium,41.728142850100994,2026-03-30 22:18:27.211093,XGBoost
2361-FJWNO,0.000416174,Low,0.014982264256104827,2026-03-30 22:18:27.211093,XGBoost
2361-UPSND,0.00054106495,Low,0.038199185219127685,2026-03-30 22:18:27.211093,XGBoost
2362-IBOOY,0.6826771,Medium,57.85688339173794,2026-03-30 22:18:27.211093,XGBoost
2363-BJLSL,0.21416214,Low,17.21863614320755,2026-03-30 22:18:27.211093,XGBoost
2364-UFROM,0.1586996,Low,11.172451972961428,2026-03-30 22:18:27.211093,XGBoost
2368-GAKKQ,0.1265471,Low,14.382077705860139,2026-03-30 22:18:27.211093,XGBoost
2369-FEVNO,0.0013654076,Low,0.027171611296944318,2026-03-30 22:18:27.211093,XGBoost
2369-UAPKZ,0.6389438,Medium,66.51404868364334,2026-03-30 22:18:27.211093,XGBoost
2371-JQHZZ,0.0010081106,Low,0.09375428454950452,2026-03-30 22:18:27.211093,XGBoost
2371-JUNGC,0.00049534114,Low,0.01003065810073167,2026-03-30 22:18:27.211093,XGBoost
2371-KFUOG,0.00077547895,Low,0.07688873837760185,2026-03-30 22:18:27.211093,XGBoost
2372-HWUHI,0.6618161,Medium,29.35154492855072,2026-03-30 22:18:27.211093,XGBoost
2373-NTKOD,0.0010144245,Low,0.06720562232658267,2026-03-30 22:18:27.211093,XGBoost
2378-HTWFW,0.001045608,Low,0.09515032451599836,2026-03-30 22:18:27.211093,XGBoost
2378-VTKDH,0.4508666,Medium,47.04793073385954,2026-03-30 22:18:27.211093,XGBoost
2378-YIZKA,0.011850485,Low,1.0072911949828267,2026-03-30 22:18:27.211093,XGBoost
2379-ENZGV,0.76771116,High,65.14029214382171,2026-03-30 22:18:27.211093,XGBoost
2379-GYFLQ,0.0004944305,Low,0.046921452734386554,2026-03-30 22:18:27.211093,XGBoost
2380-DAMQP,0.05154495,Low,5.9354009248316295,2026-03-30 22:18:27.211093,XGBoost
2382-BCKQJ,0.9973029,High,99.87988441586495,2026-03-30 22:18:27.211093,XGBoost
2384-OVPSA,0.011493502,Low,0.2321687441319227,2026-03-30 22:18:27.211093,XGBoost
2386-LAHRK,0.8490219,High,45.422672271728516,2026-03-30 22:18:27.211093,XGBoost
2386-OWURY,0.27038354,Low,25.767551058530806,2026-03-30 22:18:27.211093,XGBoost
2387-KDZQY,0.00028509958,Low,0.0057305015710880985,2026-03-30 22:18:27.211093,XGBoost
2388-LAESQ,0.00028763484,Low,0.03303486188233364,2026-03-30 22:18:27.211093,XGBoost
2391-IPLOP,0.00052277936,Low,0.03641158235550393,2026-03-30 22:18:27.211093,XGBoost
2391-SOORI,0.99571335,High,49.1384539783001,2026-03-30 22:18:27.211093,XGBoost
2393-DIVAI,0.000728056,Low,0.014561120187863708,2026-03-30 22:18:27.211093,XGBoost
2397-BRLOM,0.9982175,High,80.30659973323345,2026-03-30 22:18:27.211093,XGBoost
2398-YPMUR,0.9976993,High,69.98860732018949,2026-03-30 22:18:27.211093,XGBoost
2400-FEQME,0.00021087963,Low,0.004323032466345467,2026-03-30 22:18:27.211093,XGBoost
2400-XIWIO,0.03638246,Low,3.2780595652759073,2026-03-30 22:18:27.211093,XGBoost
2402-TAIRZ,0.0007333625,Low,0.05870566898956894,2026-03-30 22:18:27.211093,XGBoost
2403-BCASL,0.99744296,High,111.66373945474625,2026-03-30 22:18:27.211093,XGBoost
2404-JIBFC,0.012992852,Low,1.1056917364709078,2026-03-30 22:18:27.211093,XGBoost
2405-LBMUW,0.00027862273,Low,0.014126172254327685,2026-03-30 22:18:27.211093,XGBoost
2408-PSJVE,0.00030253612,Low,0.018726985953981055,2026-03-30 22:18:27.211093,XGBoost
2408-TZMJL,0.9962282,High,109.73453822135926,2026-03-30 22:18:27.211093,XGBoost
2408-WITXK,0.995758,High,34.55280249714852,2026-03-30 22:18:27.211093,XGBoost
2410-CIYFZ,0.12537064,Low,2.557560986280441,2026-03-30 22:18:27.211093,XGBoost
2418-TPEUN,0.0001743414,Low,0.00345195978297852,2026-03-30 22:18:27.211093,XGBoost
2419-FSORS,0.0007444375,Low,0.08069702584762127,2026-03-30 22:18:27.211093,XGBoost
2424-WVHPL,0.004010602,Low,0.29959196196869015,2026-03-30 22:18:27.211093,XGBoost
2428-HYUNX,0.00028519554,Low,0.005518533621216193,2026-03-30 22:18:27.211093,XGBoost
2428-ZMCTB,0.0005004496,Low,0.00988387998950202,2026-03-30 22:18:27.211093,XGBoost
2429-AYKKO,0.00022929083,Low,0.004551423016528134,2026-03-30 22:18:27.211093,XGBoost
2430-RRYUW,0.00035223033,Low,0.019302222109399737,2026-03-30 22:18:27.211093,XGBoost
2430-USGXP,0.7602867,High,76.82696990370751,2026-03-30 22:18:27.211093,XGBoost
2432-TFSMK,0.0005105201,Low,0.04574260339140892,2026-03-30 22:18:27.211093,XGBoost
2433-KMEAS,0.5838596,Medium,31.791156443953515,2026-03-30 22:18:27.211093,XGBoost
2434-EEVDB,0.00039485897,Low,0.03735365883330814,2026-03-30 22:18:27.211093,XGBoost
2436-QBZFP,0.00067524123,Low,0.026469456218183043,2026-03-30 22:18:27.211093,XGBoost
2439-LYPMQ,0.0015032291,Low,0.15423130989074707,2026-03-30 22:18:27.211093,XGBoost
2439-QKJUL,0.00068068504,Low,0.013783872127532959,2026-03-30 22:18:27.211093,XGBoost
2446-BEGGB,0.99887925,High,98.13988669216633,2026-03-30 22:18:27.211093,XGBoost
2446-PLQVO,0.89560586,High,62.96109210848808,2026-03-30 22:18:27.211093,XGBoost
2446-ZKVAF,0.001234752,Low,0.07013391414657234,2026-03-30 22:18:27.211093,XGBoost
2450-ZKEED,0.000583482,Low,0.03139133024960756,2026-03-30 22:18:27.211093,XGBoost
2451-YMUXS,0.027959973,Low,1.8048162326216697,2026-03-30 22:18:27.211093,XGBoost
2452-KDRRH,0.0009765811,Low,0.09902532622218133,2026-03-30 22:18:27.211093,XGBoost
2452-MRMZF,0.00022822252,Low,0.005865318706491962,2026-03-30 22:18:27.211093,XGBoost
2452-SNHFZ,0.34648147,Low,26.14202708154917,2026-03-30 22:18:27.211093,XGBoost
2453-SAFNS,0.00035490547,Low,0.02558868418855127,2026-03-30 22:18:27.211093,XGBoost
2454-RPBRZ,0.9989404,High,97.9960540473461,2026-03-30 22:18:27.211093,XGBoost
2455-USLMV,0.0011449232,Low,0.09703223724500276,2026-03-30 22:18:27.211093,XGBoost
2458-EOMRE,0.00091358076,Low,0.05851484787999652,2026-03-30 22:18:27.211093,XGBoost
2460-FPSYH,0.996228,High,55.5895212650299,2026-03-30 22:18:27.211093,XGBoost
2460-NGXBJ,0.0011930775,Low,0.08971943072974682,2026-03-30 22:18:27.211093,XGBoost
2462-XIIJB,0.8501483,High,78.63871961832047,2026-03-30 22:18:27.211093,XGBoost
2465-BLLEU,0.001132262,Low,0.022362175601301715,2026-03-30 22:18:27.211093,XGBoost
2466-FCCPT,0.00029663704,Low,0.005843749639461748,2026-03-30 22:18:27.211093,XGBoost
2466-NEJOJ,0.00053302763,Low,0.010473992981133051,2026-03-30 22:18:27.211093,XGBoost
2468-SJFLM,0.002778732,Low,0.20645978648681193,2026-03-30 22:18:27.211093,XGBoost
2469-DTSGX,0.03938044,Low,4.396825972571969,2026-03-30 22:18:27.211093,XGBoost
2472-OVKUP,0.99768627,High,90.78945028781891,2026-03-30 22:18:27.211093,XGBoost
2474-BRUCM,0.99886215,High,101.73410970568656,2026-03-30 22:18:27.211093,XGBoost
2474-LCNUE,0.0008247909,Low,0.060745850787498064,2026-03-30 22:18:27.211093,XGBoost
2475-MROZF,0.0010929202,Low,0.1038274186430499,2026-03-30 22:18:27.211093,XGBoost
2476-YGEFM,0.0008127345,Low,0.0617678202688694,2026-03-30 22:18:27.211093,XGBoost
2478-EEWWM,0.0009041232,Low,0.040052656980697064,2026-03-30 22:18:27.211093,XGBoost
2479-BRAMR,0.5267838,Medium,44.11814525723457,2026-03-30 22:18:27.211093,XGBoost
2480-EJWYP,0.0007871625,Low,0.0769844937720336,2026-03-30 22:18:27.211093,XGBoost
2480-JZOSN,0.0016241743,Low,0.03353919928777031,2026-03-30 22:18:27.211093,XGBoost
2480-SQIOB,0.0010039839,Low,0.044978478550910944,2026-03-30 22:18:27.211093,XGBoost
2481-SBOYW,0.00019443086,Low,0.00486077151435893,2026-03-30 22:18:27.211093,XGBoost
2482-CZGBB,0.5578363,Medium,39.0485405921936,2026-03-30 22:18:27.211093,XGBoost
2483-XSSMZ,0.0006221229,Low,0.029768580658128485,2026-03-30 22:18:27.211093,XGBoost
2484-DGXPZ,0.08699072,Low,1.7006686057895422,2026-03-30 22:18:27.211093,XGBoost
2485-ITVKB,0.711892,High,24.987409508228303,2026-03-30 22:18:27.211093,XGBoost
2486-WYVVE,0.00082430657,Low,0.06536751081584953,2026-03-30 22:18:27.211093,XGBoost
2495-INZWQ,0.78132117,High,34.80785803198814,2026-03-30 22:18:27.211093,XGBoost
2495-KZNFB,0.001216125,Low,0.11024172907928005,2026-03-30 22:18:27.211093,XGBoost
2495-TTHBQ,0.00040739292,Low,0.008310815482400357,2026-03-30 22:18:27.211093,XGBoost
2498-XLDZR,0.00030674392,Low,0.022576352860778567,2026-03-30 22:18:27.211093,XGBoost
2499-AJYUA,0.08994744,Low,9.966176322102546,2026-03-30 22:18:27.211093,XGBoost
2501-XWWTZ,0.0010463423,Low,0.07345323013141751,2026-03-30 22:18:27.211093,XGBoost
2504-DSHIH,0.001150614,Low,0.09987329519353806,2026-03-30 22:18:27.211093,XGBoost
2506-CLAKW,0.81193674,High,79.69159064888954,2026-03-30 22:18:27.211093,XGBoost
2506-TNFCO,0.9403232,High,65.39947675168514,2026-03-30 22:18:27.211093,XGBoost
2507-QZPQS,0.0018451456,Low,0.1765804337337613,2026-03-30 22:18:27.211093,XGBoost
2509-TFPJU,0.00025444757,Low,0.00655202497728169,2026-03-30 22:18:27.211093,XGBoost
2511-ALLCS,0.00031226315,Low,0.007587994448840618,2026-03-30 22:18:27.211093,XGBoost
2511-MORQY,0.00068048266,Low,0.037358497775858264,2026-03-30 22:18:27.211093,XGBoost
2514-GINMM,0.9991111,High,79.42933371663094,2026-03-30 22:18:27.211093,XGBoost
2516-VQRRV,0.8526087,High,64.32932496070862,2026-03-30 22:18:27.211093,XGBoost
2516-XSJKX,0.00031308588,Low,0.02456158746063011,2026-03-30 22:18:27.211093,XGBoost
2519-ERQOJ,0.00085467374,Low,0.04666518605081365,2026-03-30 22:18:27.211093,XGBoost
2519-FAKOD,0.6944775,Medium,68.92689172923565,2026-03-30 22:18:27.211093,XGBoost
2519-LBNQL,0.34465587,Low,35.96484017968178,2026-03-30 22:18:27.211093,XGBoost
2519-TWKFS,0.00022919729,Low,0.012628770808805713,2026-03-30 22:18:27.211093,XGBoost
2521-NPUZR,0.001125556,Low,0.11368115106597543,2026-03-30 22:18:27.211093,XGBoost
2522-AHJXR,0.19778661,Low,21.647744935005903,2026-03-30 22:18:27.211093,XGBoost
2522-WLNSF,0.00058028667,Low,0.03725440391572193,2026-03-30 22:18:27.211093,XGBoost
2523-EWWZL,0.0010621455,Low,0.0808292692527175,2026-03-30 22:18:27.211093,XGBoost
2525-GVKQU,0.00028890432,Low,0.005951429082779214,2026-03-30 22:18:27.211093,XGBoost
2528-HFYZX,0.9977406,High,76.27727088332176,2026-03-30 22:18:27.211093,XGBoost
2530-ENDWQ,0.98979414,High,92.74371045827866,2026-03-30 22:18:27.211093,XGBoost
2530-FMFXO,0.00030636575,Low,0.03161694535519928,2026-03-30 22:18:27.211093,XGBoost
2533-QVMSK,0.18336035,Low,17.254209227859974,2026-03-30 22:18:27.211093,XGBoost
2533-TIBIX,0.10267398,Low,3.1007541239261625,2026-03-30 22:18:27.211093,XGBoost
2535-PBCGC,0.0003088924,Low,0.019939004330080935,2026-03-30 22:18:27.211093,XGBoost
2538-OIMXF,0.0012515021,Low,0.030912101350259034,2026-03-30 22:18:27.211093,XGBoost
2541-YGPKE,0.00022813116,Low,0.014531954945414328,2026-03-30 22:18:27.211093,XGBoost
2542-HYGIQ,0.00062228006,Low,0.012414487166097388,2026-03-30 22:18:27.211093,XGBoost
2545-EBUPK,0.85348076,High,71.73505756556987,2026-03-30 22:18:27.211093,XGBoost
2545-LXYVJ,0.00038065834,Low,0.007879627656075172,2026-03-30 22:18:27.211093,XGBoost
2546-KZAAT,0.0006056285,Low,0.045664387126453224,2026-03-30 22:18:27.211093,XGBoost
2550-AEVRU,0.00030710883,Low,0.016414966886804907,2026-03-30 22:18:27.211093,XGBoost
2550-QHZGP,0.038427956,Low,0.7493451498448849,2026-03-30 22:18:27.211093,XGBoost
2558-BUOZZ,0.15259776,Low,14.46626719236374,2026-03-30 22:18:27.211093,XGBoost
2560-PPCHE,0.13615033,Low,14.3025921985507,2026-03-30 22:18:27.211093,XGBoost
2560-QTSBS,0.000254898,Low,0.0059391236776718875,2026-03-30 22:18:27.211093,XGBoost
2560-WBWXF,0.020606639,Low,0.4976503285579383,2026-03-30 22:18:27.211093,XGBoost
2565-JSLRY,0.47790548,Medium,11.49362684339285,2026-03-30 22:18:27.211093,XGBoost
2568-BRGYX,0.9978756,High,70.05086510181427,2026-03-30 22:18:27.211093,XGBoost
2568-OIADY,0.99883825,High,99.38440546393394,2026-03-30 22:18:27.211093,XGBoost
2569-WGERO,0.00023312695,Low,0.004930634987249504,2026-03-30 22:18:27.211093,XGBoost
2573-GYRUU,0.0011871872,Low,0.10809339035768062,2026-03-30 22:18:27.211093,XGBoost
2575-GFSOE,0.81451297,High,56.20139479637146,2026-03-30 22:18:27.211093,XGBoost
2576-HXMPA,0.0013436633,Low,0.02626861783210188,2026-03-30 22:18:27.211093,XGBoost
2577-GVSIL,0.21606474,Low,15.869954877346755,2026-03-30 22:18:27.211093,XGBoost
2578-JQPHZ,0.06925421,Low,6.932346629351377,2026-03-30 22:18:27.211093,XGBoost
2580-ASVVY,0.00055761426,Low,0.025315687293186784,2026-03-30 22:18:27.211093,XGBoost
2580-ATZSQ,0.00024017482,Low,0.014734725246671588,2026-03-30 22:18:27.211093,XGBoost
2581-VKIRT,0.00044778024,Low,0.029329605924431235,2026-03-30 22:18:27.211093,XGBoost
2582-FFFZR,0.0012426393,Low,0.06287754676304758,2026-03-30 22:18:27.211093,XGBoost
2585-KTFRE,0.0021925045,Low,0.1544619399937801,2026-03-30 22:18:27.211093,XGBoost
2586-CWXVV,0.4242145,Medium,12.896121168136595,2026-03-30 22:18:27.211093,XGBoost
2587-EKXTS,0.0016124456,Low,0.1797876813216135,2026-03-30 22:18:27.211093,XGBoost
2587-YNLES,0.00020840543,Low,0.004188949114177377,2026-03-30 22:18:27.211093,XGBoost
2589-AYCRP,0.023984723,Low,0.4736982751637697,2026-03-30 22:18:27.211093,XGBoost
2592-HODOV,0.028203763,Low,0.5443326272070408,2026-03-30 22:18:27.211093,XGBoost
2592-SEIFQ,0.6034979,Medium,14.936573579907417,2026-03-30 22:18:27.211093,XGBoost
2592-YKDIF,0.36814973,Low,7.491846956312657,2026-03-30 22:18:27.211093,XGBoost
2595-KIWPV,0.0051934686,Low,0.10231133238412439,2026-03-30 22:18:27.211093,XGBoost
2599-CIPQE,0.00020111211,Low,0.02198155367950676,2026-03-30 22:18:27.211093,XGBoost
2599-CZABP,0.0009321341,Low,0.04157318111974746,2026-03-30 22:18:27.211093,XGBoost
2603-HVKCG,0.65307623,Medium,66.22192987203599,2026-03-30 22:18:27.211093,XGBoost
2604-IJPDU,0.0019791422,Low,0.19108617888996376,2026-03-30 22:18:27.211093,XGBoost
2604-XVDAM,0.0013308928,Low,0.0582931041251868,2026-03-30 22:18:27.211093,XGBoost
2606-PKWJB,0.00031296504,Low,0.01259684298565844,2026-03-30 22:18:27.211093,XGBoost
2606-RMDHZ,0.99701947,High,30.4090938270092,2026-03-30 22:18:27.211093,XGBoost
2607-DHDAK,0.00015317091,Low,0.0030327840795507655,2026-03-30 22:18:27.211093,XGBoost
2607-FBDFF,0.0021341995,Low,0.10457577486522496,2026-03-30 22:18:27.211093,XGBoost
2608-BHKFN,0.997331,High,69.86303817629813,2026-03-30 22:18:27.211093,XGBoost
2609-IAICY,0.88523805,High,68.29611566662788,2026-03-30 22:18:27.211093,XGBoost
2612-PHGOX,0.00026899605,Low,0.02047059962642379,2026-03-30 22:18:27.211093,XGBoost
2612-RANWT,0.9989379,High,100.04363116919995,2026-03-30 22:18:27.211093,XGBoost
2612-RRIDN,0.9984407,High,80.87369531393051,2026-03-30 22:18:27.211093,XGBoost
2615-YVMYX,0.0011864163,Low,0.1275397470453754,2026-03-30 22:18:27.211093,XGBoost
2616-FLVQC,0.00029494558,Low,0.005766186110849958,2026-03-30 22:18:27.211093,XGBoost
2616-UUTFK,0.328678,Low,23.911325365304947,2026-03-30 22:18:27.211093,XGBoost
2619-WFQWU,0.9987527,High,70.06250283122063,2026-03-30 22:18:27.211093,XGBoost
2621-UDNLU,0.00068681163,Low,0.014320022537140176,2026-03-30 22:18:27.211093,XGBoost
2623-DRYAM,0.0014821338,Low,0.15080710942856967,2026-03-30 22:18:27.211093,XGBoost
2625-TRCZQ,0.0009765928,Low,0.04848783093038946,2026-03-30 22:18:27.211093,XGBoost
2626-URJFX,0.5977907,Medium,30.427547550201414,2026-03-30 22:18:27.211093,XGBoost
2626-VEEWG,0.0036641646,Low,0.07108479267917572,2026-03-30 22:18:27.211093,XGBoost
2632-IVXVF,0.014887778,Low,1.6637092013843358,2026-03-30 22:18:27.211093,XGBoost
2632-TACXW,0.00035536085,Low,0.008404284217976964,2026-03-30 22:18:27.211093,XGBoost
2632-UCGVD,0.67714775,Medium,67.74863199591637,2026-03-30 22:18:27.211093,XGBoost
2634-HCZGT,0.41838136,Medium,25.12380085736513,2026-03-30 22:18:27.211093,XGBoost
2636-ALXXZ,0.9500853,High,66.12593564987182,2026-03-30 22:18:27.211093,XGBoost
2636-OHFMN,0.99833614,High,48.46921941936016,2026-03-30 22:18:27.211093,XGBoost
2636-SJDOU,0.00041814565,Low,0.035249677966930903,2026-03-30 22:18:27.211093,XGBoost
2637-FKFSY,0.0011440951,Low,0.05274278370197862,2026-03-30 22:18:27.211093,XGBoost
2639-UGMAZ,0.10168902,Low,5.740345083549619,2026-03-30 22:18:27.211093,XGBoost
2640-LYMOV,0.11290022,Low,2.2184893202036617,2026-03-30 22:18:27.211093,XGBoost
2640-PMGFL,0.9976278,High,79.31140968203545,2026-03-30 22:18:27.211093,XGBoost
2642-DTVCO,0.8633959,High,73.4318237900734,2026-03-30 22:18:27.211093,XGBoost
2642-MAWLJ,0.000238038,Low,0.004820269557967549,2026-03-30 22:18:27.211093,XGBoost
2645-QTLMB,0.99854445,High,94.11281484365463,2026-03-30 22:18:27.211093,XGBoost
2649-HWLYB,0.0002881385,Low,0.0219417457250529,2026-03-30 22:18:27.211093,XGBoost
2650-GYRYL,0.016068703,Low,0.3125362648628652,2026-03-30 22:18:27.211093,XGBoost
2651-ZCBXV,0.15276256,Low,16.498356699943542,2026-03-30 22:18:27.211093,XGBoost
2654-VBVPB,0.0009924505,Low,0.019749765226151794,2026-03-30 22:18:27.211093,XGBoost
2656-FMOKZ,0.9970536,High,74.23064224720001,2026-03-30 22:18:27.211093,XGBoost
2656-TABEH,0.999005,High,100.1003029704094,2026-03-30 22:18:27.211093,XGBoost
2657-ALMWY,0.68439895,Medium,58.139690729975705,2026-03-30 22:18:27.211093,XGBoost
2657-VPXTA,0.0009654546,Low,0.08578064260073005,2026-03-30 22:18:27.211093,XGBoost
2659-VXMWZ,0.9980963,High,111.08811677098274,2026-03-30 22:18:27.211093,XGBoost
2660-EMUBI,0.9059985,High,86.38695964515209,2026-03-30 22:18:27.211093,XGBoost
2661-GKBTK,0.00015577575,Low,0.011986943930969574,2026-03-30 22:18:27.211093,XGBoost
2662-NNTDK,0.016118264,Low,0.39973294287919997,2026-03-30 22:18:27.211093,XGBoost
2664-XJZNO,0.0002464057,Low,0.025847956756479107,2026-03-30 22:18:27.211093,XGBoost
2665-NPTGL,0.0024874867,Low,0.24402244468219578,2026-03-30 22:18:27.211093,XGBoost
2667-WYLWJ,0.992455,High,19.6009863615036,2026-03-30 22:18:27.211093,XGBoost
2668-TZSPS,0.00071772636,Low,0.014677504092105664,2026-03-30 22:18:27.211093,XGBoost
2669-OIDSD,0.0013626517,Low,0.13633330287993886,2026-03-30 22:18:27.211093,XGBoost
2669-QVCRG,0.001419351,Low,0.11539323390461505,2026-03-30 22:18:27.211093,XGBoost
2672-DZUOY,0.99823284,High,25.105555963516235,2026-03-30 22:18:27.211093,XGBoost
2672-HUYVI,0.84697,High,77.15896897912025,2026-03-30 22:18:27.211093,XGBoost
2672-OJQZP,0.0017347686,Low,0.07763089585932903,2026-03-30 22:18:27.211093,XGBoost
2672-TGEFF,0.0005280003,Low,0.04688642621040344,2026-03-30 22:18:27.211093,XGBoost
2673-CXQEU,0.00074524985,Low,0.08235010885982774,2026-03-30 22:18:27.211093,XGBoost
2673-ZALNP,0.00028327396,Low,0.005637151715927757,2026-03-30 22:18:27.211093,XGBoost
2674-MIAHT,0.5616847,Medium,45.1032836318016,2026-03-30 22:18:27.211093,XGBoost
2674-MLXMN,0.25193357,Low,25.10518071651459,2026-03-30 22:18:27.211093,XGBoost
2675-DHUTR,0.0012290042,Low,0.12154851893428714,2026-03-30 22:18:27.211093,XGBoost
2675-IJRGJ,0.021204669,Low,0.4166717464104294,2026-03-30 22:18:27.211093,XGBoost
2675-OTVVJ,0.6333367,Medium,56.65196985900402,2026-03-30 22:18:27.211093,XGBoost
2676-ISHSF,0.001891509,Low,0.03839763366850093,2026-03-30 22:18:27.211093,XGBoost
2676-OXPPQ,0.0008337473,Low,0.0464397260802798,2026-03-30 22:18:27.211093,XGBoost
2676-SSLTO,0.00043312108,Low,0.02865095946035581,2026-03-30 22:18:27.211093,XGBoost
2680-XKKNJ,0.0005892391,Low,0.034293716785032305,2026-03-30 22:18:27.211093,XGBoost
2682-KEVRP,0.00032910248,Low,0.0065985046603600495,2026-03-30 22:18:27.211093,XGBoost
2683-BPJSO,0.998256,High,84.30272153913975,2026-03-30 22:18:27.211093,XGBoost
2683-JXWQQ,0.00031651565,Low,0.010634925914928317,2026-03-30 22:18:27.211093,XGBoost
2684-EIWEO,0.9979692,High,91.51377657055855,2026-03-30 22:18:27.211093,XGBoost
2685-SREOM,0.99774086,High,88.89871104955672,2026-03-30 22:18:27.211093,XGBoost
2688-BHGOG,0.52641314,Medium,41.87616550028324,2026-03-30 22:18:27.211093,XGBoost
2690-DVRVK,0.00042267184,Low,0.008685906408936716,2026-03-30 22:18:27.211093,XGBoost
2691-NZETQ,0.997964,High,85.1762294948101,2026-03-30 22:18:27.211093,XGBoost
2692-AQCPF,0.24397908,Low,26.361939757317305,2026-03-30 22:18:27.211093,XGBoost
2692-BUCFV,0.555881,Medium,56.39412982463837,2026-03-30 22:18:27.211093,XGBoost
2692-PFYTJ,0.42165023,Medium,10.857493445277214,2026-03-30 22:18:27.211093,XGBoost
2694-CIUMO,0.0009901999,Low,0.07877039858140052,2026-03-30 22:18:27.211093,XGBoost
2696-ECXKC,0.00033010362,Low,0.03330745520652272,2026-03-30 22:18:27.211093,XGBoost
2696-NARTR,0.5964486,Medium,44.047729131579395,2026-03-30 22:18:27.211093,XGBoost
2696-RZVZW,0.00028424492,Low,0.007120335185027216,2026-03-30 22:18:27.211093,XGBoost
2697-NQBPF,0.51386696,Medium,54.13588434159755,2026-03-30 22:18:27.211093,XGBoost
2700-LUEVA,0.2356591,Low,4.8899261727929115,2026-03-30 22:18:27.211093,XGBoost
2703-AMTUL,0.00023353897,Low,0.012529365884256549,2026-03-30 22:18:27.211093,XGBoost
2706-QZIHY,0.00033218597,Low,0.008371086430270224,2026-03-30 22:18:27.211093,XGBoost
2709-UQGNP,0.00068086834,Low,0.035166849722736516,2026-03-30 22:18:27.211093,XGBoost
2710-WYVXG,0.0003298073,Low,0.023449299982166848,2026-03-30 22:18:27.211093,XGBoost
2712-SYWAY,0.0020452908,Low,0.052563972980715336,2026-03-30 22:18:27.211093,XGBoost
2716-GFZOR,0.0011338217,Low,0.09762204594444483,2026-03-30 22:18:27.211093,XGBoost
2717-HVIZY,0.0004191018,Low,0.008402990974718706,2026-03-30 22:18:27.211093,XGBoost
2718-GAXQD,0.9975739,High,45.888399958610535,2026-03-30 22:18:27.211093,XGBoost
2718-YSKCS,0.00022071366,Low,0.004325987672200427,2026-03-30 22:18:27.211093,XGBoost
2719-BDAQO,0.9980794,High,93.66975348591804,2026-03-30 22:18:27.211093,XGBoost
2720-FVBQP,0.00063606206,Low,0.031135237883427182,2026-03-30 22:18:27.211093,XGBoost
2720-WGKHP,0.9991591,High,93.92095518112183,2026-03-30 22:18:27.211093,XGBoost
2722-JMONI,0.9239373,High,45.78109424114227,2026-03-30 22:18:27.211093,XGBoost
2722-VOJQL,0.99668354,High,105.29961578547955,2026-03-30 22:18:27.211093,XGBoost
2724-FJDYW,0.026273197,Low,1.4410848314873874,2026-03-30 22:18:27.211093,XGBoost
2725-IWWBA,0.0002977895,Low,0.016944222038728186,2026-03-30 22:18:27.211093,XGBoost
2725-KXXWT,0.99928695,High,90.6852906793356,2026-03-30 22:18:27.211093,XGBoost
2725-TTRIQ,0.006388896,Low,0.5379450554028153,2026-03-30 22:18:27.211093,XGBoost
2729-VNVAP,0.00017410319,Low,0.00344724312890321,2026-03-30 22:18:27.211093,XGBoost
2731-GJRDG,0.15906486,Low,17.425555320084094,2026-03-30 22:18:27.211093,XGBoost
2732-ISEZX,0.00068339845,Low,0.014009668258950114,2026-03-30 22:18:27.211093,XGBoost
2737-WFVYW,0.76601046,High,34.66197346150875,2026-03-30 22:18:27.211093,XGBoost
2737-YNGYW,0.81814975,High,65.90196199715137,2026-03-30 22:18:27.211093,XGBoost
2739-CACDQ,0.0009921348,Low,0.08199994085007348,2026-03-30 22:18:27.211093,XGBoost
2739-CCZMB,0.00039920647,Low,0.008123851745040156,2026-03-30 22:18:27.211093,XGBoost
2740-JFBOK,0.28172395,Low,6.7613747119903564,2026-03-30 22:18:27.211093,XGBoost
2740-TVLFN,0.50884604,Medium,25.518629133701324,2026-03-30 22:18:27.211093,XGBoost
2746-DIJLO,0.00073925726,Low,0.04162018367205746,2026-03-30 22:18:27.211093,XGBoost
2748-MYRVK,0.24759904,Low,24.735143646597862,2026-03-30 22:18:27.211093,XGBoost
2749-CTKAJ,0.02755954,Low,0.5553247169591486,2026-03-30 22:18:27.211093,XGBoost
2750-BJLSB,0.0008946373,Low,0.09277388933114708,2026-03-30 22:18:27.211093,XGBoost
2753-JMMCV,0.00022978784,Low,0.017050257592927665,2026-03-30 22:18:27.211093,XGBoost
2754-SDJRD,0.0041270033,Low,0.4133193757385016,2026-03-30 22:18:27.211093,XGBoost
2754-VDLTR,0.80393857,High,76.53495163917542,2026-03-30 22:18:27.211093,XGBoost
2754-XBHTB,0.99780685,High,77.47970167696477,2026-03-30 22:18:27.211093,XGBoost
2758-RNWXS,0.00043392487,Low,0.03870609839214012,2026-03-30 22:18:27.211093,XGBoost
2761-OCIAX,0.9986267,High,74.59741516113282,2026-03-30 22:18:27.211093,XGBoost
2761-XECQW,0.32744816,Low,14.19487771242857,2026-03-30 22:18:27.211093,XGBoost
2770-NSVDG,0.0009292969,Low,0.027042539493413644,2026-03-30 22:18:27.211093,XGBoost
2773-MADBQ,0.00036044742,Low,0.019139757929951883,2026-03-30 22:18:27.211093,XGBoost
2773-OVBPK,0.0007265128,Low,0.08086087551782839,2026-03-30 22:18:27.211093,XGBoost
2774-LVQUS,0.6979745,Medium,57.96678247749805,2026-03-30 22:18:27.211093,XGBoost
2777-PHDEI,0.999102,High,77.97991082072258,2026-03-30 22:18:27.211093,XGBoost
2778-OCLGR,0.9976043,High,39.006328541040425,2026-03-30 22:18:27.211093,XGBoost
2782-JEEBU,0.0008190091,Low,0.029484327184036374,2026-03-30 22:18:27.211093,XGBoost
2782-LFZVW,0.00077732524,Low,0.045823323115473616,2026-03-30 22:18:27.211093,XGBoost
2786-GCDPI,0.0010806652,Low,0.11341580805019476,2026-03-30 22:18:27.211093,XGBoost
2788-CJQAQ,0.0003424723,Low,0.006661086446547415,2026-03-30 22:18:27.211093,XGBoost
2789-CZANW,0.00023176175,Low,0.025563320724177174,2026-03-30 22:18:27.211093,XGBoost
2789-HQBOU,0.0019761098,Low,0.1587804230977781,2026-03-30 22:18:27.211093,XGBoost
2790-XUYMV,0.00014844899,Low,0.012684966301458189,2026-03-30 22:18:27.211093,XGBoost
2791-SFVEW,0.00082364306,Low,0.016596407629549503,2026-03-30 22:18:27.211093,XGBoost
2792-LSHWX,0.0040859194,Low,0.34076567413285375,2026-03-30 22:18:27.211093,XGBoost
2792-VPPET,0.0010668677,Low,0.021870788419619203,2026-03-30 22:18:27.211093,XGBoost
2794-XIMMO,0.99711764,High,60.27576125264168,2026-03-30 22:18:27.211093,XGBoost
2796-NNUFI,0.035702538,Low,0.7122656280174852,2026-03-30 22:18:27.211093,XGBoost
2796-UUZZO,0.05011637,Low,4.024344620481133,2026-03-30 22:18:27.211093,XGBoost
2798-NYLMZ,0.00060753484,Low,0.06594790640228894,2026-03-30 22:18:27.211093,XGBoost
2799-ARNLO,0.001623706,Low,0.11260400838218629,2026-03-30 22:18:27.211093,XGBoost
2799-TSLAG,0.00021703869,Low,0.005491078780323733,2026-03-30 22:18:27.211093,XGBoost
2800-QQUSO,0.0009897627,Low,0.09927320050774142,2026-03-30 22:18:27.211093,XGBoost
2800-VEQXM,0.0015558404,Low,0.1162990675366018,2026-03-30 22:18:27.211093,XGBoost
2801-NISEI,0.0005830461,Low,0.032038384070619944,2026-03-30 22:18:27.211093,XGBoost
2804-ETQDK,0.0037265439,Low,0.07658047629520297,2026-03-30 22:18:27.211093,XGBoost
2805-AUFQN,0.0002130886,Low,0.004219154253951274,2026-03-30 22:18:27.211093,XGBoost
2805-EDJPQ,0.26203433,Low,26.13792409747839,2026-03-30 22:18:27.211093,XGBoost
2806-MLNTI,0.0010592338,Low,0.11132547165034339,2026-03-30 22:18:27.211093,XGBoost
2808-CHTDM,0.011017747,Low,0.27654545530676844,2026-03-30 22:18:27.211093,XGBoost
2809-ILCYT,0.03983894,Low,1.0676835894584655,2026-03-30 22:18:27.211093,XGBoost
2809-ZMYOQ,0.4963484,Medium,50.304911439120765,2026-03-30 22:18:27.211093,XGBoost
2810-FTLEM,0.5564128,Medium,27.904102724790572,2026-03-30 22:18:27.211093,XGBoost
2811-POVEX,0.123279475,Low,10.904069535061717,2026-03-30 22:18:27.211093,XGBoost
2812-ENYMO,0.0004286299,Low,0.02338176069461042,2026-03-30 22:18:27.211093,XGBoost
2812-REYAT,0.05747933,Low,1.1524605546146631,2026-03-30 22:18:27.211093,XGBoost
2812-SFXMJ,0.0017846394,Low,0.03578202063217759,2026-03-30 22:18:27.211093,XGBoost
2815-CPTUL,0.9972365,High,70.05586344003677,2026-03-30 22:18:27.211093,XGBoost
2817-LVCPP,0.00049933273,Low,0.009687054983805864,2026-03-30 22:18:27.211093,XGBoost
2817-NTQDO,0.399919,Low,18.21631059795618,2026-03-30 22:18:27.211093,XGBoost
2819-GWENI,0.00015827903,Low,0.0031497526622842995,2026-03-30 22:18:27.211093,XGBoost
2821-WARNZ,0.00021505458,Low,0.004182811522332485,2026-03-30 22:18:27.211093,XGBoost
2823-LKABH,0.0011125613,Low,0.10574895381578243,2026-03-30 22:18:27.211093,XGBoost
2824-DXNKN,0.00014695317,Low,0.010499804051505635,2026-03-30 22:18:27.211093,XGBoost
2824-MYYBN,0.00097070367,Low,0.09245952419587411,2026-03-30 22:18:27.211093,XGBoost
2826-DXLQO,0.29963243,Low,8.929046416282654,2026-03-30 22:18:27.211093,XGBoost
2826-UWHIS,0.0009172698,Low,0.0746657609124668,2026-03-30 22:18:27.211093,XGBoost
2828-SLQPF,0.0010291522,Low,0.04631184856407344,2026-03-30 22:18:27.211093,XGBoost
2829-HYVZP,0.043242007,Low,0.856191748380661,2026-03-30 22:18:27.211093,XGBoost
2830-LEWOA,0.00028197654,Low,0.029297362081706524,2026-03-30 22:18:27.211093,XGBoost
2831-EBWRN,0.0009627715,Low,0.04419121071696281,2026-03-30 22:18:27.211093,XGBoost
2832-KJCRD,0.002317913,Low,0.24025169379310685,2026-03-30 22:18:27.211093,XGBoost
2832-SCUCO,0.0005490295,Low,0.010925687063718215,2026-03-30 22:18:27.211093,XGBoost
2833-SLKDQ,0.99734145,High,44.9302325040102,2026-03-30 22:18:27.211093,XGBoost
2834-JKOOW,0.00057036546,Low,0.026179774641059337,2026-03-30 22:18:27.211093,XGBoost
2834-JRTUA,0.9926836,High,107.2594618409872,2026-03-30 22:18:27.211093,XGBoost
2834-SPCJV,0.6556755,Medium,55.14230709671974,2026-03-30 22:18:27.211093,XGBoost
2839-RFSQE,0.994595,High,20.538386568427086,2026-03-30 22:18:27.211093,XGBoost
2840-XANRC,0.8464278,High,78.84474940896035,2026-03-30 22:18:27.211093,XGBoost
2842-BCQGE,0.0011612241,Low,0.08749823535908945,2026-03-30 22:18:27.211093,XGBoost
2842-JTCCU,0.65756404,Medium,30.280824226140975,2026-03-30 22:18:27.211093,XGBoost
2843-CQMEG,0.0007321443,Low,0.036387570848455654,2026-03-30 22:18:27.211093,XGBoost
2845-AFFTX,0.6955696,Medium,69.41784356832504,2026-03-30 22:18:27.211093,XGBoost
2845-HSJCY,0.70620805,High,61.61665238440037,2026-03-30 22:18:27.211093,XGBoost
2845-KDHVX,0.0002425631,Low,0.016567059424414766,2026-03-30 22:18:27.211093,XGBoost
2848-YXSMW,0.00019296262,Low,0.003743474750081077,2026-03-30 22:18:27.211093,XGBoost
2851-MMUTZ,0.17163356,Low,9.637224196642636,2026-03-30 22:18:27.211093,XGBoost
2851-STERV,0.00097485015,Low,0.07116406073328108,2026-03-30 22:18:27.211093,XGBoost
2853-CWQFQ,0.0014346828,Low,0.08543535788194276,2026-03-30 22:18:27.211093,XGBoost
2856-HYAPG,0.9986682,High,68.55857150554658,2026-03-30 22:18:27.211093,XGBoost
2856-NNASM,0.44690743,Medium,40.020560435950756,2026-03-30 22:18:27.211093,XGBoost
2858-EIMXH,0.20102586,Low,19.26832853928208,2026-03-30 22:18:27.211093,XGBoost
2858-MOFSQ,0.41046682,Medium,22.924571897089482,2026-03-30 22:18:27.211093,XGBoost
2860-RANUS,0.34589213,Low,29.6775448679924,2026-03-30 22:18:27.211093,XGBoost
2862-JVEOY,0.0003719318,Low,0.007122493781207595,2026-03-30 22:18:27.211093,XGBoost
2862-PFNIK,0.0015495584,Low,0.03827409161021933,2026-03-30 22:18:27.211093,XGBoost
2863-IMQDR,0.0003392793,Low,0.030416389292804526,2026-03-30 22:18:27.211093,XGBoost
2865-TCHJW,0.7234992,High,64.5361267566681,2026-03-30 22:18:27.211093,XGBoost
2866-IKBTM,0.24992962,Low,4.886124106496573,2026-03-30 22:18:27.211093,XGBoost
2867-UIMSS,0.99891245,High,80.41245251893997,2026-03-30 22:18:27.211093,XGBoost
2868-LLSKM,0.00021493752,Low,0.017979523663234433,2026-03-30 22:18:27.211093,XGBoost
2868-MZAGQ,0.9990914,High,79.17799240350723,2026-03-30 22:18:27.211093,XGBoost
2868-SNELZ,0.99837613,High,80.46911616325377,2026-03-30 22:18:27.211093,XGBoost
2869-ADAWR,0.9960043,High,88.94318251013756,2026-03-30 22:18:27.211093,XGBoost
2873-ZLIWT,0.99812704,High,84.69107961952686,2026-03-30 22:18:27.211093,XGBoost
2874-YXVVA,0.5145444,Medium,54.07861931920051,2026-03-30 22:18:27.211093,XGBoost
2876-GZYZC,0.0012666773,Low,0.10887091237236746,2026-03-30 22:18:27.211093,XGBoost
2876-VBBBL,0.9949398,High,20.147531032562256,2026-03-30 22:18:27.211093,XGBoost
2877-VDUER,0.03962351,Low,1.620601562783122,2026-03-30 22:18:27.211093,XGBoost
2878-DHMIN,0.00027869205,Low,0.005545971839455887,2026-03-30 22:18:27.211093,XGBoost
2878-RMWXY,0.09558427,Low,9.81172565817833,2026-03-30 22:18:27.211093,XGBoost
2880-FPNAE,0.0014641302,Low,0.10863846384454519,2026-03-30 22:18:27.211093,XGBoost
2882-DDZPG,0.12384498,Low,2.408784884214401,2026-03-30 22:18:27.211093,XGBoost
2882-WDTBA,0.03354585,Low,2.541098266839981,2026-03-30 22:18:27.211093,XGBoost
2883-ILGWO,0.2183142,Low,22.901159647107125,2026-03-30 22:18:27.211093,XGBoost
2884-GBPFB,0.5859619,Medium,41.19312004446983,2026-03-30 22:18:27.211093,XGBoost
2885-HIJDH,0.00018684186,Low,0.016236557821684983,2026-03-30 22:18:27.211093,XGBoost
2886-KEFUM,0.996784,High,107.15427696704865,2026-03-30 22:18:27.211093,XGBoost
2887-JPYLU,0.0003954291,Low,0.017873394768685102,2026-03-30 22:18:27.211093,XGBoost
2888-ADFAO,0.00021667498,Low,0.004615176997322124,2026-03-30 22:18:27.211093,XGBoost
2889-FPWRM,0.9949773,High,117.2083253979683,2026-03-30 22:18:27.211093,XGBoost
2890-WFBHU,0.00041251292,Low,0.032939156651264054,2026-03-30 22:18:27.211093,XGBoost
2892-GESUL,0.00019230909,Low,0.0037211808812571694,2026-03-30 22:18:27.211093,XGBoost
2894-QOJRX,0.9980813,High,33.934765100479126,2026-03-30 22:18:27.211093,XGBoost
2896-TBNBE,0.00083606475,Low,0.06755403163842856,2026-03-30 22:18:27.211093,XGBoost
2897-DOVND,0.001571309,Low,0.10967737198807298,2026-03-30 22:18:27.211093,XGBoost
2898-LSJGD,0.5731122,Medium,32.065627017617224,2026-03-30 22:18:27.211093,XGBoost
2898-MRKPI,0.0003517245,Low,0.035541761320200746,2026-03-30 22:18:27.211093,XGBoost
2900-PHPLN,0.00022176752,Low,0.004335555035504513,2026-03-30 22:18:27.211093,XGBoost
2903-YYTBW,0.0011605617,Low,0.05170302325277589,2026-03-30 22:18:27.211093,XGBoost
2904-GGUAZ,0.0002151206,Low,0.018080886347888736,2026-03-30 22:18:27.211093,XGBoost
2905-KFQUV,0.0017865202,Low,0.1257710248231888,2026-03-30 22:18:27.211093,XGBoost
2907-ILJBN,0.00039723128,Low,0.008182964456500486,2026-03-30 22:18:27.211093,XGBoost
2908-WGAXL,0.008868194,Low,0.22126144492067396,2026-03-30 22:18:27.211093,XGBoost
2908-ZTPNF,0.0006344522,Low,0.022110659576719628,2026-03-30 22:18:27.211093,XGBoost
2911-IJORQ,0.0006472955,Low,0.05864497222937643,2026-03-30 22:18:27.211093,XGBoost
2911-UREFD,0.62560797,Medium,34.97148537635803,2026-03-30 22:18:27.211093,XGBoost
2911-WDXMV,0.00040047785,Low,0.032258490470121616,2026-03-30 22:18:27.211093,XGBoost
2916-BQZLN,0.0013903686,Low,0.11783373556681909,2026-03-30 22:18:27.211093,XGBoost
2919-HBCJO,0.9984106,High,76.52817115187645,2026-03-30 22:18:27.211093,XGBoost
2920-RNCEZ,0.0016549376,Low,0.115762887254823,2026-03-30 22:18:27.211093,XGBoost
2921-XWDJH,0.002853652,Low,0.2381372591247782,2026-03-30 22:18:27.211093,XGBoost
2924-KHUVI,0.0009625426,Low,0.09678365871077403,2026-03-30 22:18:27.211093,XGBoost
2925-MXLSX,0.000413975,Low,0.028543576870288235,2026-03-30 22:18:27.211093,XGBoost
2925-VDZHY,0.000119452125,Low,0.010595403455226915,2026-03-30 22:18:27.211093,XGBoost
2926-JEJJC,0.0005017017,Low,0.010134374839253724,2026-03-30 22:18:27.211093,XGBoost
2927-CVULT,0.00028839218,Low,0.030007206776645035,2026-03-30 22:18:27.211093,XGBoost
2927-QRRQV,0.30960527,Low,29.304138864576817,2026-03-30 22:18:27.211093,XGBoost
2928-HLDBA,0.0007335267,Low,0.015184002992464229,2026-03-30 22:18:27.211093,XGBoost
2929-ERCFZ,0.8453136,High,79.6285419344902,2026-03-30 22:18:27.211093,XGBoost
2929-QNSRW,0.997334,High,97.98806583881378,2026-03-30 22:18:27.211093,XGBoost
2930-UOTMB,0.1483101,Low,9.677233703434467,2026-03-30 22:18:27.211093,XGBoost
2931-FSOHN,0.0012952683,Low,0.07758657133672386,2026-03-30 22:18:27.211093,XGBoost
2931-SVLTV,0.0006971412,Low,0.07675524856313132,2026-03-30 22:18:27.211093,XGBoost
2931-VUVJN,0.00079274684,Low,0.07455784026242326,2026-03-30 22:18:27.211093,XGBoost
2931-XIQBR,0.029894756,Low,3.080654621589929,2026-03-30 22:18:27.211093,XGBoost
2933-FILNV,0.9968952,High,24.324242734909056,2026-03-30 22:18:27.211093,XGBoost
2933-XEUJM,0.00040397226,Low,0.03199460261967033,2026-03-30 22:18:27.211093,XGBoost
2937-FTHUR,0.0007988959,Low,0.05176845411770045,2026-03-30 22:18:27.211093,XGBoost
2946-KIQSP,0.1314359,Low,4.3965308859944345,2026-03-30 22:18:27.211093,XGBoost
2947-DOMLJ,0.99746215,High,50.47158496379853,2026-03-30 22:18:27.211093,XGBoost
2951-QOQTK,0.8149588,High,65.84867191314697,2026-03-30 22:18:27.211093,XGBoost
2952-QAYZF,0.9981766,High,85.14446182250977,2026-03-30 22:18:27.211093,XGBoost
2954-PIBKO,0.00018621315,Low,0.011945573358389085,2026-03-30 22:18:27.211093,XGBoost
2955-BJZHG,0.80922306,High,65.4256840646267,2026-03-30 22:18:27.211093,XGBoost
2955-PSXOE,0.99481225,High,20.095207452774048,2026-03-30 22:18:27.211093,XGBoost
2956-GGUCQ,0.7344483,High,57.91124953627586,2026-03-30 22:18:27.211093,XGBoost
2957-JIRMN,0.00050902984,Low,0.04298756968346425,2026-03-30 22:18:27.211093,XGBoost
2957-LOLHO,0.4037537,Medium,18.330417883396148,2026-03-30 22:18:27.211093,XGBoost
2958-NHPPS,0.00066220027,Low,0.013806875614682213,2026-03-30 22:18:27.211093,XGBoost
2959-EEXWB,0.00030802545,Low,0.01567849559360184,2026-03-30 22:18:27.211093,XGBoost
2959-FENLU,0.0013039819,Low,0.11122965378453954,2026-03-30 22:18:27.211093,XGBoost
2959-MJHIC,0.8106025,High,65.13190976083278,2026-03-30 22:18:27.211093,XGBoost
2960-NKRSO,0.0011068449,Low,0.09513331620837562,2026-03-30 22:18:27.211093,XGBoost
2961-VNFKL,0.00020196628,Low,0.005241024935821769,2026-03-30 22:18:27.211093,XGBoost
2962-XPMCQ,0.9977812,High,45.04982195198536,2026-03-30 22:18:27.211093,XGBoost
2967-MXRAV,0.00074599485,Low,0.014024703251197935,2026-03-30 22:18:27.211093,XGBoost
2968-SSGAA,0.8310458,High,83.6032081246376,2026-03-30 22:18:27.211093,XGBoost
2969-QWUBZ,0.0011423564,Low,0.0587171204155311,2026-03-30 22:18:27.211093,XGBoost
2969-VAPYH,0.0003331209,Low,0.020153814504737966,2026-03-30 22:18:27.211093,XGBoost
2969-WGHQO,0.00042552766,Low,0.029552895853703378,2026-03-30 22:18:27.211093,XGBoost
2971-SGAFL,0.6766876,Medium,53.2891483604908,2026-03-30 22:18:27.211093,XGBoost
2972-YDYUW,0.13658786,Low,12.934870171546937,2026-03-30 22:18:27.211093,XGBoost
2974-GGUXS,0.0011307455,Low,0.10397204995388165,2026-03-30 22:18:27.211093,XGBoost
2977-CEBSX,0.034487315,Low,3.105582672730088,2026-03-30 22:18:27.211093,XGBoost
2978-XXSOG,0.0008479123,Low,0.050069219962460915,2026-03-30 22:18:27.211093,XGBoost
2979-SXESE,0.796397,High,75.1798740386963,2026-03-30 22:18:27.211093,XGBoost
2982-IHMFT,0.9507693,High,70.78477477431298,2026-03-30 22:18:27.211093,XGBoost
2982-VPSGI,0.8947739,High,84.10874664783478,2026-03-30 22:18:27.211093,XGBoost
2983-ZANRP,0.99853706,High,73.44240102767944,2026-03-30 22:18:27.211093,XGBoost
2984-AFWNC,0.8263211,High,78.83103532791138,2026-03-30 22:18:27.211093,XGBoost
2984-MIIZL,0.6200749,Medium,46.381604599952695,2026-03-30 22:18:27.211093,XGBoost
2984-RGEYA,0.012175663,Low,0.24046935164369643,2026-03-30 22:18:27.211093,XGBoost
2984-TBYKU,0.00027202882,Low,0.028535822962294333,2026-03-30 22:18:27.211093,XGBoost
2985-FMWYF,0.6306683,Medium,58.967484414577484,2026-03-30 22:18:27.211093,XGBoost
2985-JUUBZ,0.0005543161,Low,0.041324264887953176,2026-03-30 22:18:27.211093,XGBoost
2987-BJXIK,0.0003610062,Low,0.030577226172317753,2026-03-30 22:18:27.211093,XGBoost
2988-GBIVW,0.0009257337,Low,0.08410290735773741,2026-03-30 22:18:27.211093,XGBoost
2988-PLAHS,0.35738865,Low,24.999335746467114,2026-03-30 22:18:27.211093,XGBoost
2988-QRAJY,0.00074313115,Low,0.08178158341906965,2026-03-30 22:18:27.211093,XGBoost
2990-HWIML,0.998175,High,89.3366647362709,2026-03-30 22:18:27.211093,XGBoost
2990-IAJSV,0.018567558,Low,1.708215370774269,2026-03-30 22:18:27.211093,XGBoost
2990-OGYTD,0.0002644745,Low,0.022784479115216527,2026-03-30 22:18:27.211093,XGBoost
2995-UPRYS,0.49959084,Medium,49.559411716461184,2026-03-30 22:18:27.211093,XGBoost
2995-YWTCD,0.017710524,Low,0.4409920396283269,2026-03-30 22:18:27.211093,XGBoost
2996-XAUVF,0.00024520553,Low,0.009820481642964295,2026-03-30 22:18:27.211093,XGBoost
2999-AANRQ,0.0003562703,Low,0.025313004202325826,2026-03-30 22:18:27.211093,XGBoost
3001-CBHLQ,0.74096614,High,77.7273482143879,2026-03-30 22:18:27.211093,XGBoost
3001-UNBTL,0.00088870374,Low,0.09238075379398651,2026-03-30 22:18:27.211093,XGBoost
3002-WQZWT,0.0009807312,Low,0.07277025624644011,2026-03-30 22:18:27.211093,XGBoost
3003-CMDUU,0.0015070725,Low,0.1433979461551644,2026-03-30 22:18:27.211093,XGBoost
3005-NFMTA,0.6193099,Medium,61.187818336486814,2026-03-30 22:18:27.211093,XGBoost
3005-TYFRD,0.0015527739,Low,0.16094501187326388,2026-03-30 22:18:27.211093,XGBoost
3006-XIMLN,0.9057574,High,85.32234964370728,2026-03-30 22:18:27.211093,XGBoost
3007-FDPEA,0.00079014036,Low,0.016355905425734816,2026-03-30 22:18:27.211093,XGBoost
3009-JWMPU,0.99603456,High,96.36634393036366,2026-03-30 22:18:27.211093,XGBoost
3011-WQKSZ,0.0006391652,Low,0.012783304555341601,2026-03-30 22:18:27.211093,XGBoost
3012-VFFMN,0.09628914,Low,1.9883708022534845,2026-03-30 22:18:27.211093,XGBoost
3014-WJKSM,0.000865052,Low,0.0651384147349745,2026-03-30 22:18:27.211093,XGBoost
3016-KSVCP,0.0005734225,Low,0.01935301028424874,2026-03-30 22:18:27.211093,XGBoost
3018-TFTSU,0.6840615,Medium,55.88782677650452,2026-03-30 22:18:27.211093,XGBoost
3021-VLNRJ,0.00018952414,Low,0.013418309390544891,2026-03-30 22:18:27.211093,XGBoost
3022-BEXHZ,0.026606085,Low,2.958596627414227,2026-03-30 22:18:27.211093,XGBoost
3023-GFLBR,0.53709435,Medium,46.27067865133286,2026-03-30 22:18:27.211093,XGBoost
3026-ATZYV,0.0002918964,Low,0.021921419783029705,2026-03-30 22:18:27.211093,XGBoost
3027-YNWZU,0.00027249995,Low,0.0068124987592455,2026-03-30 22:18:27.211093,XGBoost
3027-ZTDHO,0.9360492,High,84.15082514286041,2026-03-30 22:18:27.211093,XGBoost
3030-YDNRM,0.0014226645,Low,0.10648643781314603,2026-03-30 22:18:27.211093,XGBoost
3030-YZADT,0.48891717,Medium,21.976826879382134,2026-03-30 22:18:27.211093,XGBoost
3030-ZKIWL,0.00078697986,Low,0.01577894614019897,2026-03-30 22:18:27.211093,XGBoost
3034-ZBEQN,0.9948809,High,34.522367739677435,2026-03-30 22:18:27.211093,XGBoost
3038-PQIUY,0.21836028,Low,14.444532193243505,2026-03-30 22:18:27.211093,XGBoost
3039-MJSLN,0.0009954732,Low,0.02010855940170586,2026-03-30 22:18:27.211093,XGBoost
3043-SUDUA,0.000580791,Low,0.011557740432908758,2026-03-30 22:18:27.211093,XGBoost
3043-TYBNO,0.0009398207,Low,0.05700012657616753,2026-03-30 22:18:27.211093,XGBoost
3045-XETSH,0.99873346,High,94.72986876666545,2026-03-30 22:18:27.211093,XGBoost
3049-NDXFL,0.9988586,High,85.7020653963089,2026-03-30 22:18:27.211093,XGBoost
3049-SOLAY,0.9991817,High,95.12209668159485,2026-03-30 22:18:27.211093,XGBoost
3050-GBUSH,0.33921927,Low,11.804830670356749,2026-03-30 22:18:27.211093,XGBoost
3050-RLLXC,0.00018463732,Low,0.015001782230683602,2026-03-30 22:18:27.211093,XGBoost
3055-MJDSB,0.00067881803,Low,0.016698923602234572,2026-03-30 22:18:27.211093,XGBoost
3055-OYMSE,0.00081563136,Low,0.060193594079464674,2026-03-30 22:18:27.211093,XGBoost
3055-VTCGS,0.00048592364,Low,0.028450828888162503,2026-03-30 22:18:27.211093,XGBoost
3057-VJJQE,0.00031294266,Low,0.0172900820907671,2026-03-30 22:18:27.211093,XGBoost
3058-HJCUY,0.99794966,High,102.38963509798049,2026-03-30 22:18:27.211093,XGBoost
3058-WQDRE,0.00087678287,Low,0.022051089166780002,2026-03-30 22:18:27.211093,XGBoost
3059-NGMXB,0.00049919996,Low,0.03454463719390333,2026-03-30 22:18:27.211093,XGBoost
3061-BCKYI,0.00048442153,Low,0.009639988429262301,2026-03-30 22:18:27.211093,XGBoost
3062-ICYZQ,0.0005253261,Low,0.04927558994386345,2026-03-30 22:18:27.211093,XGBoost
3063-QFSZL,0.86811864,High,48.09377286434174,2026-03-30 22:18:27.211093,XGBoost
3066-RRJIO,0.9552058,High,66.81664558053016,2026-03-30 22:18:27.211093,XGBoost
3067-SVMTC,0.10797759,Low,6.035947362333536,2026-03-30 22:18:27.211093,XGBoost
3068-OMWZA,0.9991487,High,88.72440690994263,2026-03-30 22:18:27.211093,XGBoost
3069-SSVSN,0.00071615557,Low,0.01851262147247326,2026-03-30 22:18:27.211093,XGBoost
3070-BDOQC,0.00041790912,Low,0.041644643736071886,2026-03-30 22:18:27.211093,XGBoost
3070-DVEYC,0.9981489,High,73.61348271369934,2026-03-30 22:18:27.211093,XGBoost
3070-FNFZQ,0.00023927176,Low,0.004881143860984594,2026-03-30 22:18:27.211093,XGBoost
3071-MVJCD,0.000222442,Low,0.018306976786698213,2026-03-30 22:18:27.211093,XGBoost
3071-VBYPO,0.0014555432,Low,0.1307805577351246,2026-03-30 22:18:27.211093,XGBoost
3074-GQWYX,0.9986014,High,75.79384451508523,2026-03-30 22:18:27.211093,XGBoost
3077-RSNTJ,0.0005460144,Low,0.010756483720615505,2026-03-30 22:18:27.211093,XGBoost
3078-ZKNTS,0.00031476878,Low,0.0062166834468371235,2026-03-30 22:18:27.211093,XGBoost
3079-BCHLN,0.057486936,Low,1.143990035355091,2026-03-30 22:18:27.211093,XGBoost
3082-VQXNH,0.0015735707,Low,0.04689240551088005,2026-03-30 22:18:27.211093,XGBoost
3082-WQRVY,0.039161406,Low,0.7695216368883847,2026-03-30 22:18:27.211093,XGBoost
3082-YVEKW,0.00021923751,Low,0.016914173932309498,2026-03-30 22:18:27.211093,XGBoost
3084-DOWLE,0.0002549364,Low,0.023454148788005114,2026-03-30 22:18:27.211093,XGBoost
3085-QUOZK,0.6157297,Medium,27.06131985783577,2026-03-30 22:18:27.211093,XGBoost
3086-RUCRN,0.0008756295,Low,0.09027739986777306,2026-03-30 22:18:27.211093,XGBoost
3088-FVYWK,0.0001844355,Low,0.004712327005836414,2026-03-30 22:18:27.211093,XGBoost
3088-LHEFH,0.0014181439,Low,0.11203336494509131,2026-03-30 22:18:27.211093,XGBoost
3090-HAWSU,0.99314207,High,110.83465483188628,2026-03-30 22:18:27.211093,XGBoost
3090-LETTY,0.38690186,Low,23.581668090820315,2026-03-30 22:18:27.211093,XGBoost
3090-QFUVD,0.00061980385,Low,0.012582018080865965,2026-03-30 22:18:27.211093,XGBoost
3091-FYHKI,0.57464325,Medium,20.371103364229203,2026-03-30 22:18:27.211093,XGBoost
3092-IGHWF,0.20866945,Low,18.237710267305374,2026-03-30 22:18:27.211093,XGBoost
3094-JOJAI,0.0006192854,Low,0.04592001172131859,2026-03-30 22:18:27.211093,XGBoost
3096-GKWEB,0.0018429918,Low,0.17462347287801094,2026-03-30 22:18:27.211093,XGBoost
3096-IZETN,0.9974716,High,77.90252969264984,2026-03-30 22:18:27.211093,XGBoost
3096-JRDSO,0.68484604,Medium,71.42944234609604,2026-03-30 22:18:27.211093,XGBoost
3096-WPXBT,0.00040078125,Low,0.04035867218917701,2026-03-30 22:18:27.211093,XGBoost
3096-YXENJ,0.0008223554,Low,0.0885265575896483,2026-03-30 22:18:27.211093,XGBoost
3097-FQTVJ,0.00028354904,Low,0.005670980899594724,2026-03-30 22:18:27.211093,XGBoost
3097-IDVPU,0.11200428,Low,5.611414432525635,2026-03-30 22:18:27.211093,XGBoost
3097-NNSPB,0.997171,High,48.911236801743506,2026-03-30 22:18:27.211093,XGBoost
3097-NQYSN,0.93470895,High,81.17947255969047,2026-03-30 22:18:27.211093,XGBoost
3097-PYWXL,0.00046462982,Low,0.009269364878127817,2026-03-30 22:18:27.211093,XGBoost
3099-OONVS,0.00037663162,Low,0.020451097085606305,2026-03-30 22:18:27.211093,XGBoost
3104-OWCGK,0.28360656,Low,25.794016544520854,2026-03-30 22:18:27.211093,XGBoost
3106-ULWFW,0.99830073,High,85.05522229671479,2026-03-30 22:18:27.211093,XGBoost
3108-PCCGG,0.00029832285,Low,0.025193364497681614,2026-03-30 22:18:27.211093,XGBoost
3113-IWHLC,0.29857138,Low,16.660282891988754,2026-03-30 22:18:27.211093,XGBoost
3115-JPJDD,0.000479696,Low,0.038975299867161084,2026-03-30 22:18:27.211093,XGBoost
3118-UHVVQ,0.00025529007,Low,0.0065864837961271405,2026-03-30 22:18:27.211093,XGBoost
3120-FAZKD,0.00027354897,Low,0.006578852700477001,2026-03-30 22:18:27.211093,XGBoost
3125-RAHBV,0.00026737395,Low,0.0054276912036584695,2026-03-30 22:18:27.211093,XGBoost
3126-WQMGH,0.001002521,Low,0.05228147126035765,2026-03-30 22:18:27.211093,XGBoost
3128-YOVTD,0.0003945984,Low,0.031232463856576943,2026-03-30 22:18:27.211093,XGBoost
3129-AAQOU,0.0002316014,Low,0.005928995832800866,2026-03-30 22:18:27.211093,XGBoost
3130-ICDUP,0.0013237491,Low,0.1066279882681556,2026-03-30 22:18:27.211093,XGBoost
3131-NWVFJ,0.00050345936,Low,0.009842630551429466,2026-03-30 22:18:27.211093,XGBoost
3132-TVFDZ,0.9979359,High,44.75742471814156,2026-03-30 22:18:27.211093,XGBoost
3133-PZNSR,0.00020097906,Low,0.019645703345304355,2026-03-30 22:18:27.211093,XGBoost
3134-DSHVC,0.07286354,Low,7.140627071261406,2026-03-30 22:18:27.211093,XGBoost
3137-LUPIX,0.00080958504,Low,0.05213727627415211,2026-03-30 22:18:27.211093,XGBoost
3137-NYQQI,0.20736952,Low,13.437544977664947,2026-03-30 22:18:27.211093,XGBoost
3138-BKYAV,0.7440892,High,63.50801204144954,2026-03-30 22:18:27.211093,XGBoost
3143-ILDAL,0.9966282,High,94.13153583705426,2026-03-30 22:18:27.211093,XGBoost
3143-JQEGI,0.9988022,High,88.24417304992676,2026-03-30 22:18:27.211093,XGBoost
3144-AUDBS,0.9974101,High,49.02270732820034,2026-03-30 22:18:27.211093,XGBoost
3144-KMTWZ,0.0005859123,Low,0.054636323780869134,2026-03-30 22:18:27.211093,XGBoost
3146-JTQHR,0.00065064384,Low,0.012752619199454786,2026-03-30 22:18:27.211093,XGBoost
3146-MSEGF,0.00039442934,Low,0.034729503573908006,2026-03-30 22:18:27.211093,XGBoost
3148-AOIQT,0.00029218735,Low,0.007290074454795103,2026-03-30 22:18:27.211093,XGBoost
3148-BLQJT,0.4793511,Medium,9.634957176446916,2026-03-30 22:18:27.211093,XGBoost
3154-CFSZG,0.073692754,Low,6.636032489687204,2026-03-30 22:18:27.211093,XGBoost
3154-HMWUU,0.00024420975,Low,0.005006299805245362,2026-03-30 22:18:27.211093,XGBoost
3156-QLHBO,0.00075029396,Low,0.014443158637732267,2026-03-30 22:18:27.211093,XGBoost
3158-MOERK,0.999086,High,95.91225814819336,2026-03-30 22:18:27.211093,XGBoost
3160-TYXLT,0.0010117341,Low,0.04684329021256417,2026-03-30 22:18:27.211093,XGBoost
3161-GETRM,0.00034193092,Low,0.030790879474079703,2026-03-30 22:18:27.211093,XGBoost
3161-ONRWK,0.00051296887,Low,0.03377899977494962,2026-03-30 22:18:27.211093,XGBoost
3162-KKZXO,0.0009290202,Low,0.09304137591389008,2026-03-30 22:18:27.211093,XGBoost
3162-ZJZFU,0.00039755937,Low,0.036794119857950135,2026-03-30 22:18:27.211093,XGBoost
3164-AALRN,0.2762249,Low,19.33574378490448,2026-03-30 22:18:27.211093,XGBoost
3164-YAXFY,0.00087422814,Low,0.04698976226791274,2026-03-30 22:18:27.211093,XGBoost
3165-HDOEW,0.80479085,High,36.89966067671776,2026-03-30 22:18:27.211093,XGBoost
3166-PNEOF,0.036025558,Low,3.114409460313618,2026-03-30 22:18:27.211093,XGBoost
3167-SNQPL,0.15942205,Low,16.125540851801635,2026-03-30 22:18:27.211093,XGBoost
3170-GWYKC,0.00095926056,Low,0.10067439617414493,2026-03-30 22:18:27.211093,XGBoost
3170-NMYVV,0.00027317836,Low,0.005504543967253994,2026-03-30 22:18:27.211093,XGBoost
3173-NVMPX,0.09957668,Low,5.50659050643444,2026-03-30 22:18:27.211093,XGBoost
3173-WSSUE,0.00016153532,Low,0.0031822459000977687,2026-03-30 22:18:27.211093,XGBoost
3174-AKMAS,0.00030971336,Low,0.0198835976771079,2026-03-30 22:18:27.211093,XGBoost
3174-RKMOW,0.06283798,Low,6.909035976603628,2026-03-30 22:18:27.211093,XGBoost
3177-LASXD,0.9139502,High,65.2103471159935,2026-03-30 22:18:27.211093,XGBoost
3178-CIFOT,0.00033436943,Low,0.00657035922340583,2026-03-30 22:18:27.211093,XGBoost
3178-FESZO,0.99909353,High,100.15912663936615,2026-03-30 22:18:27.211093,XGBoost
3179-GBRWV,0.000751389,Low,0.048802716584759764,2026-03-30 22:18:27.211093,XGBoost
3181-MIZBN,0.08631948,Low,1.704809658229351,2026-03-30 22:18:27.211093,XGBoost
3181-VTHOE,0.08794406,Low,4.4895442917943,2026-03-30 22:18:27.211093,XGBoost
3186-AJIEK,0.0006301888,Low,0.06657944582693745,2026-03-30 22:18:27.211093,XGBoost
3186-BAXNB,0.9554598,High,87.61566123366356,2026-03-30 22:18:27.211093,XGBoost
3190-FZATL,0.032321177,Low,0.6448074895888567,2026-03-30 22:18:27.211093,XGBoost
3190-ITQXP,0.00022572928,Low,0.004571017918351572,2026-03-30 22:18:27.211093,XGBoost
3190-XFANI,0.9968155,High,100.27963956594466,2026-03-30 22:18:27.211093,XGBoost
3191-CSNMG,0.001432336,Low,0.11558951939223334,2026-03-30 22:18:27.211093,XGBoost
3192-LNKRK,0.10632347,Low,8.93648791871965,2026-03-30 22:18:27.211093,XGBoost
3192-NQECA,0.99627775,High,109.59055244922638,2026-03-30 22:18:27.211093,XGBoost
3194-ORPIK,0.6696847,Medium,56.521389365196235,2026-03-30 22:18:27.211093,XGBoost
3195-TQDZX,0.0009062704,Low,0.018351975697441958,2026-03-30 22:18:27.211093,XGBoost
3196-NVXLZ,0.0009615284,Low,0.08134530200622975,2026-03-30 22:18:27.211093,XGBoost
3197-ARFOY,0.0014064165,Low,0.14767373562790453,2026-03-30 22:18:27.211093,XGBoost
3197-NNYNB,0.000640126,Low,0.06727724295924417,2026-03-30 22:18:27.211093,XGBoost
3198-VELRD,0.9984102,High,84.61526656150818,2026-03-30 22:18:27.211093,XGBoost
3199-NPKCN,0.00080385647,Low,0.08942903230490629,2026-03-30 22:18:27.211093,XGBoost
3199-XGZCY,0.77530164,High,58.34144805371761,2026-03-30 22:18:27.211093,XGBoost
3200-MNQTF,0.044073634,Low,3.1248206399381164,2026-03-30 22:18:27.211093,XGBoost
3205-MXZRA,0.0004174785,Low,0.02481909676571377,2026-03-30 22:18:27.211093,XGBoost
3207-OYBWH,0.99806815,High,95.0659916549921,2026-03-30 22:18:27.211093,XGBoost
3208-YPIOE,0.9975465,High,75.06537367403507,2026-03-30 22:18:27.211093,XGBoost
3209-ZPKFI,0.20971167,Low,11.37685814499855,2026-03-30 22:18:27.211093,XGBoost
3211-AAPKX,0.00085291965,Low,0.08405523144174366,2026-03-30 22:18:27.211093,XGBoost
3211-ILJTT,0.41667953,Medium,29.334239006042484,2026-03-30 22:18:27.211093,XGBoost
3212-KXOCR,0.0290611,Low,0.6102830898016691,2026-03-30 22:18:27.211093,XGBoost
3214-IYUUQ,0.0005974461,Low,0.05598070042906329,2026-03-30 22:18:27.211093,XGBoost
3217-FZDMN,0.9984604,High,94.30458591580391,2026-03-30 22:18:27.211093,XGBoost
3219-JQRSL,0.00023274917,Low,0.020737950822513083,2026-03-30 22:18:27.211093,XGBoost
3221-CJMSG,0.00054717594,Low,0.027960690326290207,2026-03-30 22:18:27.211093,XGBoost
3223-DWFIO,0.0013302972,Low,0.09225611133733763,2026-03-30 22:18:27.211093,XGBoost
3223-WZWJM,0.99722075,High,83.71668235063554,2026-03-30 22:18:27.211093,XGBoost
3224-DFQNQ,0.0006469027,Low,0.05757434153929353,2026-03-30 22:18:27.211093,XGBoost
3227-WLKLI,0.0001784036,Low,0.016332849526952485,2026-03-30 22:18:27.211093,XGBoost
3229-USWAR,0.0007021309,Low,0.05613536539894994,2026-03-30 22:18:27.211093,XGBoost
3230-IUALN,0.0005899638,Low,0.047787068237084895,2026-03-30 22:18:27.211093,XGBoost
3230-JCNZS,0.007876963,Low,0.7798193721100688,2026-03-30 22:18:27.211093,XGBoost
3230-WYKIR,0.095205605,Low,7.806859612464905,2026-03-30 22:18:27.211093,XGBoost
3234-VKACU,0.0013918463,Low,0.09784679751610383,2026-03-30 22:18:27.211093,XGBoost
3235-ETOOB,0.9982823,High,74.37203234434128,2026-03-30 22:18:27.211093,XGBoost
3237-AJGEH,0.6322336,Medium,19.599242210388184,2026-03-30 22:18:27.211093,XGBoost
3239-TPHPZ,0.09448146,Low,1.8943532880395653,2026-03-30 22:18:27.211093,XGBoost
3243-ZHOHY,0.04017193,Low,0.8074557669460775,2026-03-30 22:18:27.211093,XGBoost
3244-CQPHU,0.00028687296,Low,0.03158471337519586,2026-03-30 22:18:27.211093,XGBoost
3244-DCJWY,0.99882394,High,70.16738183796406,2026-03-30 22:18:27.211093,XGBoost
3247-MHJKM,0.38146785,Low,7.705650550127029,2026-03-30 22:18:27.211093,XGBoost
3247-ZVOUO,0.99854374,High,85.42541689872742,2026-03-30 22:18:27.211093,XGBoost
3249-VHRIP,0.00030505535,Low,0.013300413242541253,2026-03-30 22:18:27.211093,XGBoost
3249-ZPQRG,0.82452756,High,64.68418721258641,2026-03-30 22:18:27.211093,XGBoost
3251-YMVWZ,0.00042211096,Low,0.0101517684845021,2026-03-30 22:18:27.211093,XGBoost
3253-HKOKL,0.00036191544,Low,0.036300119129009545,2026-03-30 22:18:27.211093,XGBoost
3254-YRILK,0.70772886,High,62.42168569564819,2026-03-30 22:18:27.211093,XGBoost
3255-GRXMG,0.08790871,Low,4.013032500073313,2026-03-30 22:18:27.211093,XGBoost
3256-EZDBI,0.30951214,Low,9.115132474899292,2026-03-30 22:18:27.211093,XGBoost
3258-SANFR,0.0008554073,Low,0.03823670757701621,2026-03-30 22:18:27.211093,XGBoost
3258-SYSWS,0.00035842127,Low,0.04078834031824954,2026-03-30 22:18:27.211093,XGBoost
3258-ZKPAI,0.00015055678,Low,0.01755492030933965,2026-03-30 22:18:27.211093,XGBoost
3259-FDWOY,0.9953301,High,105.5049901008606,2026-03-30 22:18:27.211093,XGBoost
3259-KNMRR,0.06147424,Low,4.902570744976401,2026-03-30 22:18:27.211093,XGBoost
3259-QMXUN,0.00041389273,Low,0.03563616426545195,2026-03-30 22:18:27.211093,XGBoost
3261-CQXOL,0.00016718931,Low,0.004254967976885382,2026-03-30 22:18:27.211093,XGBoost
3262-EIDHV,0.00015408691,Low,0.013051161490147933,2026-03-30 22:18:27.211093,XGBoost
3266-FTKHB,0.00021998293,Low,0.004212673153961077,2026-03-30 22:18:27.211093,XGBoost
3269-ATYWD,0.59622145,Medium,57.02858140468598,2026-03-30 22:18:27.211093,XGBoost
3272-VUHPV,0.00058831234,Low,0.03312198460916988,2026-03-30 22:18:27.211093,XGBoost
3274-NSDWE,0.025568498,Low,0.5011425666511059,2026-03-30 22:18:27.211093,XGBoost
3275-RHRNE,0.029378042,Low,1.7626824975013733,2026-03-30 22:18:27.211093,XGBoost
3276-HDUEG,0.8922125,High,66.96054888367652,2026-03-30 22:18:27.211093,XGBoost
3278-FSIXX,0.0014273259,Low,0.06458649632986635,2026-03-30 22:18:27.211093,XGBoost
3279-DYZQM,0.00014200278,Low,0.0027619541455351283,2026-03-30 22:18:27.211093,XGBoost
3280-MRDOF,0.029825715,Low,2.060956930555403,2026-03-30 22:18:27.211093,XGBoost
3280-NMUVX,0.00034964152,Low,0.006852973706554622,2026-03-30 22:18:27.211093,XGBoost
3282-ZISZV,0.154689,Low,12.947469221055508,2026-03-30 22:18:27.211093,XGBoost
3283-WCWXT,0.00021105845,Low,0.00536088453955017,2026-03-30 22:18:27.211093,XGBoost
3284-SVCRO,0.00023603994,Low,0.0060190184085513465,2026-03-30 22:18:27.211093,XGBoost
3285-UCQVC,0.9948678,High,28.453219127655032,2026-03-30 22:18:27.211093,XGBoost
3292-PBZEJ,0.001923529,Low,0.21428112676367164,2026-03-30 22:18:27.211093,XGBoost
3295-YVUSR,0.001942718,Low,0.1410413305973634,2026-03-30 22:18:27.211093,XGBoost
3296-SILRA,0.9992937,High,76.34603753089905,2026-03-30 22:18:27.211093,XGBoost
3298-QEICA,0.032869227,Low,1.1372752621769906,2026-03-30 22:18:27.211093,XGBoost
3301-LSLWQ,0.34771022,Low,22.983645674586295,2026-03-30 22:18:27.211093,XGBoost
3301-VKTGC,0.00023404542,Low,0.02001088366523618,2026-03-30 22:18:27.211093,XGBoost
3307-TLCUD,0.0008219268,Low,0.028274282114580274,2026-03-30 22:18:27.211093,XGBoost
3308-DGHKL,0.00023138244,Low,0.004465681035071611,2026-03-30 22:18:27.211093,XGBoost
3308-JSGML,0.00059446547,Low,0.038075513319927264,2026-03-30 22:18:27.211093,XGBoost
3308-MHOOC,0.36677262,Low,7.042034339904785,2026-03-30 22:18:27.211093,XGBoost
3312-UUMZW,0.0015316032,Low,0.15139897276530973,2026-03-30 22:18:27.211093,XGBoost
3312-ZWLGF,0.00116047,Low,0.09202526734443381,2026-03-30 22:18:27.211093,XGBoost
3313-QKNKB,0.4191402,Medium,35.85744324475527,2026-03-30 22:18:27.211093,XGBoost
3315-IKYZQ,0.00022123216,Low,0.01123859352665022,2026-03-30 22:18:27.211093,XGBoost
3315-TOTBP,0.5027778,Medium,38.211113929748535,2026-03-30 22:18:27.211093,XGBoost
3316-UWXUY,0.31352538,Low,29.314622908830643,2026-03-30 22:18:27.211093,XGBoost
3317-HRTNN,0.6087729,Medium,27.82092033624649,2026-03-30 22:18:27.211093,XGBoost
3317-VLGQT,0.67386115,Medium,52.62855550050735,2026-03-30 22:18:27.211093,XGBoost
3318-ISQFQ,0.00077256694,Low,0.015065055369632319,2026-03-30 22:18:27.211093,XGBoost
3318-NMQXL,0.0020705617,Low,0.19049168098717928,2026-03-30 22:18:27.211093,XGBoost
3318-OSATS,0.997879,High,95.24755325317383,2026-03-30 22:18:27.211093,XGBoost
3319-DWOEP,0.9989278,High,95.64733417332172,2026-03-30 22:18:27.211093,XGBoost
3320-VEOYC,0.7056827,High,67.46326563358306,2026-03-30 22:18:27.211093,XGBoost
3323-CPBWR,0.001071198,Low,0.10379908896284179,2026-03-30 22:18:27.211093,XGBoost
3324-OIRTO,0.03897672,Low,4.0789139013737445,2026-03-30 22:18:27.211093,XGBoost
3325-FUYCG,0.99816555,High,105.90536462664603,2026-03-30 22:18:27.211093,XGBoost
3327-YBAKM,0.0005213694,Low,0.05052069436060265,2026-03-30 22:18:27.211093,XGBoost
3329-WDIOK,0.9982968,High,50.51381794214249,2026-03-30 22:18:27.211093,XGBoost
3331-HQDTW,0.33836514,Low,37.152492105960846,2026-03-30 22:18:27.211093,XGBoost
3334-CTHOL,0.7920085,High,39.56082553267479,2026-03-30 22:18:27.211093,XGBoost
3336-JORSO,0.63598067,Medium,70.24406452476978,2026-03-30 22:18:27.211093,XGBoost
3338-CVVEH,0.0023595786,Low,0.22309815840562805,2026-03-30 22:18:27.211093,XGBoost
3339-EAQNV,0.11526282,Low,11.209309373050928,2026-03-30 22:18:27.211093,XGBoost
3340-QBBFM,0.000516527,Low,0.027944109786767514,2026-03-30 22:18:27.211093,XGBoost
3345-JHUEO,0.00095988135,Low,0.019389603240415453,2026-03-30 22:18:27.211093,XGBoost
3345-PBBFH,0.0011476437,Low,0.056865743501111864,2026-03-30 22:18:27.211093,XGBoost
3346-BRMIS,0.9978137,High,48.24429247379303,2026-03-30 22:18:27.211093,XGBoost
3347-YJZZE,0.051562145,Low,4.130127842724323,2026-03-30 22:18:27.211093,XGBoost
3348-CFRNX,0.7275222,High,67.18667465150357,2026-03-30 22:18:27.211093,XGBoost
3349-ANQNH,0.00091339496,Low,0.09088279894785956,2026-03-30 22:18:27.211093,XGBoost
3351-NGXYI,0.0017391888,Low,0.09409011385869236,2026-03-30 22:18:27.211093,XGBoost
3351-NQLDI,0.9962256,High,93.99388493299483,2026-03-30 22:18:27.211093,XGBoost
3352-ALMCK,0.0012723883,Low,0.13061065573710948,2026-03-30 22:18:27.211093,XGBoost
3352-RICWQ,0.00019468315,Low,0.0038449921557912603,2026-03-30 22:18:27.211093,XGBoost
3354-OADJP,0.1967509,Low,10.67373600974679,2026-03-30 22:18:27.211093,XGBoost
3359-DSRKA,0.00027681218,Low,0.005494721725699492,2026-03-30 22:18:27.211093,XGBoost
3363-DTIVD,0.0002580598,Low,0.02723821124091046,2026-03-30 22:18:27.211093,XGBoost
3363-EWLGO,0.2896369,Low,5.778256353735924,2026-03-30 22:18:27.211093,XGBoost
3365-SAIGS,0.0014725821,Low,0.1230342352297157,2026-03-30 22:18:27.211093,XGBoost
3370-GQEAL,0.00052554725,Low,0.044908012487576345,2026-03-30 22:18:27.211093,XGBoost
3370-HXOPH,0.0019542687,Low,0.14871984533965588,2026-03-30 22:18:27.211093,XGBoost
3372-CDXFJ,0.0003531649,Low,0.008652540360344574,2026-03-30 22:18:27.211093,XGBoost
3372-KWFBM,0.9974535,High,86.3794740319252,2026-03-30 22:18:27.211093,XGBoost
3373-DIUUN,0.0045282017,Low,0.09622428508009762,2026-03-30 22:18:27.211093,XGBoost
3373-YZZYM,0.00092068414,Low,0.01767713539302349,2026-03-30 22:18:27.211093,XGBoost
3374-LXDEV,0.7711714,High,68.94272235631944,2026-03-30 22:18:27.211093,XGBoost
3374-PZLXD,0.043636948,Low,0.8596478730440139,2026-03-30 22:18:27.211093,XGBoost
3374-TTZTK,0.00087176135,Low,0.09266823179787025,2026-03-30 22:18:27.211093,XGBoost
3376-BMGFE,0.31176955,Low,22.10446074604988,2026-03-30 22:18:27.211093,XGBoost
3378-AJRAO,0.00047493848,Low,0.011802221290417948,2026-03-30 22:18:27.211093,XGBoost
3384-CTMSF,0.46610323,Medium,48.52134582102298,2026-03-30 22:18:27.211093,XGBoost
3387-PLKUI,0.057063125,Low,1.0727867513895035,2026-03-30 22:18:27.211093,XGBoost
3387-VATUS,0.89916134,High,85.28545298576354,2026-03-30 22:18:27.211093,XGBoost
3389-KTRXV,0.015976468,Low,0.38103876421228056,2026-03-30 22:18:27.211093,XGBoost
3389-YGYAI,0.82361823,High,86.89172360301018,2026-03-30 22:18:27.211093,XGBoost
3391-JSQEW,0.26037621,Low,13.057867181301116,2026-03-30 22:18:27.211093,XGBoost
3392-EHMNK,0.00018013464,Low,0.016950669346260838,2026-03-30 22:18:27.211093,XGBoost
3393-FMZPV,0.8045765,High,80.65879574418068,2026-03-30 22:18:27.211093,XGBoost
3396-DKDEL,0.034158025,Low,3.9332965714856982,2026-03-30 22:18:27.211093,XGBoost
3397-AVTKU,0.09141075,Low,5.484644919633865,2026-03-30 22:18:27.211093,XGBoost
3398-FSHON,0.9987386,High,91.18483298420905,2026-03-30 22:18:27.211093,XGBoost
3398-GCPMU,0.0002611027,Low,0.023381745588267222,2026-03-30 22:18:27.211093,XGBoost
3398-ZOUAA,0.570706,Medium,39.43578528165817,2026-03-30 22:18:27.211093,XGBoost
3399-BMLVW,0.047394644,Low,2.8673759903758764,2026-03-30 22:18:27.211093,XGBoost
3400-ESFUW,0.098550476,Low,5.671579901501536,2026-03-30 22:18:27.211093,XGBoost
3401-URHDA,0.0005053855,Low,0.030272592225810514,2026-03-30 22:18:27.211093,XGBoost
3402-XRIUO,0.0008348695,Low,0.05305595748068299,2026-03-30 22:18:27.211093,XGBoost
3404-JNXAX,0.00046713252,Low,0.037720950589573476,2026-03-30 22:18:27.211093,XGBoost
3407-JMJQQ,0.00022534993,Low,0.024563141938415356,2026-03-30 22:18:27.211093,XGBoost
3407-QGWLG,0.06014604,Low,1.2059281263500452,2026-03-30 22:18:27.211093,XGBoost
3410-MHHUM,0.03749801,Low,3.539811998605728,2026-03-30 22:18:27.211093,XGBoost
3410-YOQBQ,0.037023954,Low,2.9322971642017364,2026-03-30 22:18:27.211093,XGBoost
3411-WLRSQ,0.0022578056,Low,0.16843229406513271,2026-03-30 22:18:27.211093,XGBoost
3413-BMNZE,0.0016703709,Low,0.07558428440825082,2026-03-30 22:18:27.211093,XGBoost
3413-CSSTH,0.0007310601,Low,0.04072004794725217,2026-03-30 22:18:27.211093,XGBoost
3413-DHLPB,0.00035622765,Low,0.03695861913001863,2026-03-30 22:18:27.211093,XGBoost
3415-TAILE,0.99597543,High,65.43558606505394,2026-03-30 22:18:27.211093,XGBoost
3417-TSCIC,0.00038274535,Low,0.009511221884167753,2026-03-30 22:18:27.211093,XGBoost
3419-SNJJD,0.9970306,High,104.9374723136425,2026-03-30 22:18:27.211093,XGBoost
3420-YJLQT,0.0028535814,Low,0.22700240426929666,2026-03-30 22:18:27.211093,XGBoost
3420-ZDBMA,0.0011032684,Low,0.07882852390757762,2026-03-30 22:18:27.211093,XGBoost
3422-GALYP,0.7893367,High,62.71279933452607,2026-03-30 22:18:27.211093,XGBoost
3422-LYEPQ,0.9990386,High,70.93173897266388,2026-03-30 22:18:27.211093,XGBoost
3422-WJOYD,0.23580998,Low,12.816272512078285,2026-03-30 22:18:27.211093,XGBoost
3423-HHXAO,0.013139585,Low,0.25622190814465284,2026-03-30 22:18:27.211093,XGBoost
3424-NMNBO,0.99745566,High,108.57304821312427,2026-03-30 22:18:27.211093,XGBoost
3426-NIYYL,0.63806,Medium,32.89199164509773,2026-03-30 22:18:27.211093,XGBoost
3427-GGZZI,0.526921,Medium,46.94865880608558,2026-03-30 22:18:27.211093,XGBoost
3428-MMGUB,0.046665303,Low,4.178877920284867,2026-03-30 22:18:27.211093,XGBoost
3428-XZMAZ,0.99900347,High,69.2808906406164,2026-03-30 22:18:27.211093,XGBoost
3429-IFLEM,0.00020132851,Low,0.015572760406939777,2026-03-30 22:18:27.211093,XGBoost
3439-GVUSX,0.3776076,Low,9.21362577676773,2026-03-30 22:18:27.211093,XGBoost
3440-JPSCL,0.99889416,High,99.83947079479695,2026-03-30 22:18:27.211093,XGBoost
3441-CGZJH,0.00047110367,Low,0.028454661939758808,2026-03-30 22:18:27.211093,XGBoost
3442-ZHHCC,0.0003523867,Low,0.02709853764099535,2026-03-30 22:18:27.211093,XGBoost
3445-HXXGF,0.99771404,High,45.19644613265991,2026-03-30 22:18:27.211093,XGBoost
3446-QDSZF,0.3827111,Low,21.240466743707657,2026-03-30 22:18:27.211093,XGBoost
3450-WXOAT,0.11860221,Low,5.360819837450982,2026-03-30 22:18:27.211093,XGBoost
3451-VAWLI,0.00019739139,Low,0.0038886103735421783,2026-03-30 22:18:27.211093,XGBoost
3452-ABWRL,0.45219743,Medium,38.91158906817436,2026-03-30 22:18:27.211093,XGBoost
3452-FLHYD,0.095862836,Low,2.008326406776905,2026-03-30 22:18:27.211093,XGBoost
3452-GWUIN,0.0017959005,Low,0.17052075436804445,2026-03-30 22:18:27.211093,XGBoost
3452-SRFEG,0.2346044,Low,17.501488491892815,2026-03-30 22:18:27.211093,XGBoost
3453-RTHJQ,0.0009997126,Low,0.06908014190848916,2026-03-30 22:18:27.211093,XGBoost
3454-JFUBC,0.00032819668,Low,0.006563933566212654,2026-03-30 22:18:27.211093,XGBoost
3457-PQBYH,0.0077190017,Low,0.15669573517516255,2026-03-30 22:18:27.211093,XGBoost
3458-IDMFK,0.024167465,Low,0.5014748997054994,2026-03-30 22:18:27.211093,XGBoost
3460-TJBWI,0.00013269263,Low,0.0032111616106703877,2026-03-30 22:18:27.211093,XGBoost
3462-BJQQA,0.002175256,Low,0.19522921805037186,2026-03-30 22:18:27.211093,XGBoost
3466-BYAVD,0.00049949146,Low,0.034714656707365066,2026-03-30 22:18:27.211093,XGBoost
3466-RITXD,0.50159407,Medium,46.347291755676274,2026-03-30 22:18:27.211093,XGBoost
3466-WAESX,0.39645723,Low,27.39519425332546,2026-03-30 22:18:27.211093,XGBoost
3468-DRVQJ,0.00048158452,Low,0.03385539153241552,2026-03-30 22:18:27.211093,XGBoost
3470-BTGQO,0.00052271585,Low,0.02386197875603102,2026-03-30 22:18:27.211093,XGBoost
3470-OBUET,0.00022458975,Low,0.016619641392026097,2026-03-30 22:18:27.211093,XGBoost
3472-OAOOR,0.051758993,Low,1.8089768199250102,2026-03-30 22:18:27.211093,XGBoost
3472-QPRCH,0.00015987137,Low,0.004036752132378751,2026-03-30 22:18:27.211093,XGBoost
3473-XIIIT,0.80196273,High,80.19627332687378,2026-03-30 22:18:27.211093,XGBoost
3474-BAFSJ,0.039842233,Low,2.290928401052952,2026-03-30 22:18:27.211093,XGBoost
3481-JHUZH,0.0008493281,Low,0.06815858164918609,2026-03-30 22:18:27.211093,XGBoost
3482-ABPKK,0.0005073391,Low,0.027548511960776522,2026-03-30 22:18:27.211093,XGBoost
3486-HOOGQ,0.00016116932,Low,0.012845194413966966,2026-03-30 22:18:27.211093,XGBoost
3486-KHMLI,0.00054073526,Low,0.0133561608789023,2026-03-30 22:18:27.211093,XGBoost
3486-NPGST,0.00027110628,Low,0.005300127858936321,2026-03-30 22:18:27.211093,XGBoost
3487-EARAT,0.0005617919,Low,0.04162877827766351,2026-03-30 22:18:27.211093,XGBoost
3488-PGMQJ,0.6968893,Medium,51.91825145483017,2026-03-30 22:18:27.211093,XGBoost
3489-HHPFY,0.7676235,High,64.51875384151936,2026-03-30 22:18:27.211093,XGBoost
3489-VSFRD,0.0003702646,Low,0.02230844253062969,2026-03-30 22:18:27.211093,XGBoost
3494-JCHRQ,0.9040803,High,63.33082303404808,2026-03-30 22:18:27.211093,XGBoost
3496-LFSZU,0.6333063,Medium,44.64809587597847,2026-03-30 22:18:27.211093,XGBoost
3498-LZGQZ,0.00029363195,Low,0.005623051854490768,2026-03-30 22:18:27.211093,XGBoost
3500-NSDOA,0.0001836861,Low,0.013004976214142516,2026-03-30 22:18:27.211093,XGBoost
3500-RMZLT,0.687055,Medium,66.1633957028389,2026-03-30 22:18:27.211093,XGBoost
3503-TYDAY,0.0012359675,Low,0.09943358553573489,2026-03-30 22:18:27.211093,XGBoost
3506-LCJDC,0.5165091,Medium,10.30435685813427,2026-03-30 22:18:27.211093,XGBoost
3506-OVLKD,0.03681689,Low,0.9646025516092777,2026-03-30 22:18:27.211093,XGBoost
3507-GASNP,0.005746886,Low,0.11465037837624549,2026-03-30 22:18:27.211093,XGBoost
3508-CFVZL,0.00033958786,Low,0.03779612874495797,2026-03-30 22:18:27.211093,XGBoost
3508-VLHCZ,0.007062865,Low,0.6395424217218533,2026-03-30 22:18:27.211093,XGBoost
3509-GWQGF,0.40500513,Medium,28.35035890340805,2026-03-30 22:18:27.211093,XGBoost
3511-APPBJ,0.00075579557,Low,0.07554176709090825,2026-03-30 22:18:27.211093,XGBoost
3511-BFTJW,0.00018389116,Low,0.007079809496644884,2026-03-30 22:18:27.211093,XGBoost
3512-IZIKN,0.9877493,High,64.50002788901328,2026-03-30 22:18:27.211093,XGBoost
3518-FSTWG,0.0003794363,Low,0.04156724667991511,2026-03-30 22:18:27.211093,XGBoost
3518-PZXZQ,0.0020384989,Low,0.11272898777388035,2026-03-30 22:18:27.211093,XGBoost
3519-ZKXGG,0.8160104,High,61.894390019774434,2026-03-30 22:18:27.211093,XGBoost
3520-FJGCV,0.008029806,Low,0.9041562037542462,2026-03-30 22:18:27.211093,XGBoost
3521-HTQTV,0.00032679076,Low,0.008529238824849017,2026-03-30 22:18:27.211093,XGBoost
3521-MNKLV,0.00039249202,Low,0.01950685322226491,2026-03-30 22:18:27.211093,XGBoost
3521-SYVOR,0.44458473,Medium,28.786861091852188,2026-03-30 22:18:27.211093,XGBoost
3522-CDKHF,0.36949334,Low,27.896746829152107,2026-03-30 22:18:27.211093,XGBoost
3523-BRGUW,0.00028301482,Low,0.005462185930809937,2026-03-30 22:18:27.211093,XGBoost
3523-QRQLL,0.99608266,High,69.22774511575699,2026-03-30 22:18:27.211093,XGBoost
3524-WQDSG,0.088824786,Low,8.820301274210214,2026-03-30 22:18:27.211093,XGBoost
3525-DVKFN,0.00025918023,Low,0.005028096522437409,2026-03-30 22:18:27.211093,XGBoost
3528-HFRIQ,0.0004512657,Low,0.023601195521769112,2026-03-30 22:18:27.211093,XGBoost
3530-CRZSB,0.000485117,Low,0.010017665931081865,2026-03-30 22:18:27.211093,XGBoost
3530-VWVGU,0.00051639805,Low,0.010276321257697417,2026-03-30 22:18:27.211093,XGBoost
3533-UVMOM,0.00018469333,Low,0.013103991769457935,2026-03-30 22:18:27.211093,XGBoost
3536-IQCTX,0.8332756,High,71.07841005921364,2026-03-30 22:18:27.211093,XGBoost
3537-HPKQT,0.000757127,Low,0.05886662508419249,2026-03-30 22:18:27.211093,XGBoost
3537-RYBHH,0.26387057,Low,17.798069749772548,2026-03-30 22:18:27.211093,XGBoost
3538-WZPHD,0.5444989,Medium,16.117168045043947,2026-03-30 22:18:27.211093,XGBoost
3540-RZJYU,0.99767476,High,85.99956458806992,2026-03-30 22:18:27.211093,XGBoost
3541-ZNUHK,0.10557081,Low,8.984075765311717,2026-03-30 22:18:27.211093,XGBoost
3544-FBCAS,0.0059541417,Low,0.4977662485092878,2026-03-30 22:18:27.211093,XGBoost
3545-CNWRG,0.00046991085,Low,0.04621573249169159,2026-03-30 22:18:27.211093,XGBoost
3546-GHEAE,0.00022736353,Low,0.004422220712149282,2026-03-30 22:18:27.211093,XGBoost
3547-LQRIK,0.0004696088,Low,0.0126324771088548,2026-03-30 22:18:27.211093,XGBoost
3549-ZTMNH,0.014562064,Low,0.3494895324110985,2026-03-30 22:18:27.211093,XGBoost
3550-SAHFP,0.69037473,Medium,57.542733913660044,2026-03-30 22:18:27.211093,XGBoost
3551-GAEGL,0.0006535782,Low,0.019868777319788932,2026-03-30 22:18:27.211093,XGBoost
3551-HUAZH,0.99920386,High,74.3407672405243,2026-03-30 22:18:27.211093,XGBoost
3552-CTCYF,0.00019173545,Low,0.020093875471502542,2026-03-30 22:18:27.211093,XGBoost
3556-BVQGL,0.023305787,Low,0.4661157354712486,2026-03-30 22:18:27.211093,XGBoost
3557-HTYWR,0.066476166,Low,4.9225601106882095,2026-03-30 22:18:27.211093,XGBoost
3563-SVYLG,0.00011536511,Low,0.007227624148072209,2026-03-30 22:18:27.211093,XGBoost
3565-UNOCC,0.9982722,High,98.8788594841957,2026-03-30 22:18:27.211093,XGBoost
3566-CAAYU,0.00025925093,Low,0.012923658677027562,2026-03-30 22:18:27.211093,XGBoost
3566-HJGPK,0.0012877512,Low,0.05865706939366646,2026-03-30 22:18:27.211093,XGBoost
3566-VVORZ,0.0009659685,Low,0.04433795290533453,2026-03-30 22:18:27.211093,XGBoost
3567-PQTSO,0.00035588042,Low,0.03745641383284237,2026-03-30 22:18:27.211093,XGBoost
3569-EDBPQ,0.0014009152,Low,0.11816719773923977,2026-03-30 22:18:27.211093,XGBoost
3569-JFODW,0.006272268,Low,0.570462776045315,2026-03-30 22:18:27.211093,XGBoost
3569-VLDHH,0.0003281391,Low,0.024643247231142595,2026-03-30 22:18:27.211093,XGBoost
3570-YUEKJ,0.000707732,Low,0.03506812008854467,2026-03-30 22:18:27.211093,XGBoost
3571-DPYUH,0.00031385935,Low,0.02972248003061395,2026-03-30 22:18:27.211093,XGBoost
3571-RFHAR,0.99652255,High,108.77043587565423,2026-03-30 22:18:27.211093,XGBoost
3572-UOLYZ,0.0003862841,Low,0.032756892638280986,2026-03-30 22:18:27.211093,XGBoost
3572-UUHRS,0.052300055,Low,0.9858560288324952,2026-03-30 22:18:27.211093,XGBoost
3577-AMVUX,0.0018676904,Low,0.10281635412247851,2026-03-30 22:18:27.211093,XGBoost
3580-GICBM,0.00020321993,Low,0.004917922217282466,2026-03-30 22:18:27.211093,XGBoost
3580-HYCSP,0.006702895,Low,0.7393292976077646,2026-03-30 22:18:27.211093,XGBoost
3580-REOAC,0.9959286,High,44.66739706099033,2026-03-30 22:18:27.211093,XGBoost
3583-EKAPL,0.90769386,High,49.92316246032715,2026-03-30 22:18:27.211093,XGBoost
3583-KRKMD,0.0010375205,Low,0.07874780389247463,2026-03-30 22:18:27.211093,XGBoost
3584-WKTTW,0.0008841268,Low,0.09862434605893212,2026-03-30 22:18:27.211093,XGBoost
3585-ISXZP,0.99880326,High,95.5355316221714,2026-03-30 22:18:27.211093,XGBoost
3585-YNADK,0.113689356,Low,8.481225924193858,2026-03-30 22:18:27.211093,XGBoost
3587-PMCOY,0.0012014392,Low,0.11882233521901071,2026-03-30 22:18:27.211093,XGBoost
3588-WSTTJ,0.0017888799,Low,0.17718855024431832,2026-03-30 22:18:27.211093,XGBoost
3589-PPVKW,0.0008439525,Low,0.03747149216942489,2026-03-30 22:18:27.211093,XGBoost
3590-TCXTB,0.00071772636,Low,0.01460573145595845,2026-03-30 22:18:27.211093,XGBoost
3594-BDSOA,0.02561003,Low,0.5224446058273315,2026-03-30 22:18:27.211093,XGBoost
3594-IVHJZ,0.00046095374,Low,0.009426504038856365,2026-03-30 22:18:27.211093,XGBoost
3594-KADLU,0.0011043351,Low,0.03876216087955982,2026-03-30 22:18:27.211093,XGBoost
3594-UVONA,0.99418616,High,85.4503007054329,2026-03-30 22:18:27.211093,XGBoost
3597-MVHJT,0.0015642719,Low,0.14954439024440944,2026-03-30 22:18:27.211093,XGBoost
3597-YASZG,0.0013062367,Low,0.13643642556853594,2026-03-30 22:18:27.211093,XGBoost
3604-WLABM,0.001315458,Low,0.07136359537253156,2026-03-30 22:18:27.211093,XGBoost
3605-JISKB,0.1275326,Low,7.651956081390381,2026-03-30 22:18:27.211093,XGBoost
3606-SBKRY,0.000609289,Low,0.030494913531583734,2026-03-30 22:18:27.211093,XGBoost
3606-TWKGI,0.9980044,High,106.68666788935661,2026-03-30 22:18:27.211093,XGBoost
3612-YUNGG,0.00015319283,Low,0.016728656849591062,2026-03-30 22:18:27.211093,XGBoost
3612-YVGSJ,0.01217532,Low,0.2976865670643747,2026-03-30 22:18:27.211093,XGBoost
3617-XLSGQ,0.00022862697,Low,0.0249774968760903,2026-03-30 22:18:27.211093,XGBoost
3620-EHIMZ,0.021562465,Low,0.4172336887568236,2026-03-30 22:18:27.211093,XGBoost
3620-MWJNE,0.56731844,Medium,30.89048902988434,2026-03-30 22:18:27.211093,XGBoost
3621-CEOVK,0.9989255,High,100.09233580827713,2026-03-30 22:18:27.211093,XGBoost
3621-CHYVB,0.18694404,Low,9.32850748002529,2026-03-30 22:18:27.211093,XGBoost
3623-FQBOX,0.00052293565,Low,0.010432566149393096,2026-03-30 22:18:27.211093,XGBoost
3627-FCRDW,0.99751925,High,70.82386708259583,2026-03-30 22:18:27.211093,XGBoost
3627-FHKBK,0.9985642,High,75.19188303351402,2026-03-30 22:18:27.211093,XGBoost
3629-WEAAM,0.0007384623,Low,0.047335434507112945,2026-03-30 22:18:27.211093,XGBoost
3629-ZNKXA,0.0014506426,Low,0.1476754160830751,2026-03-30 22:18:27.211093,XGBoost
3633-CDBUW,0.00029824098,Low,0.024112783130840396,2026-03-30 22:18:27.211093,XGBoost
3635-JBPSG,0.00038161775,Low,0.014806768647395073,2026-03-30 22:18:27.211093,XGBoost
3635-QQRQD,0.009008804,Low,0.18062652694061399,2026-03-30 22:18:27.211093,XGBoost
3638-DIMPH,0.00093571475,Low,0.040984306053724134,2026-03-30 22:18:27.211093,XGBoost
3638-VBZTA,0.0002336109,Low,0.0202073430918972,2026-03-30 22:18:27.211093,XGBoost
3638-WEABW,0.00041376098,Low,0.02478428266767878,2026-03-30 22:18:27.211093,XGBoost
3639-XJHKQ,0.00060304144,Low,0.03654431108152494,2026-03-30 22:18:27.211093,XGBoost
3640-JQGJG,0.0005042561,Low,0.022590673714876174,2026-03-30 22:18:27.211093,XGBoost
3640-PHQXK,0.9974074,High,89.66692317128182,2026-03-30 22:18:27.211093,XGBoost
3642-BYHDO,0.00013624041,Low,0.0027111842500744388,2026-03-30 22:18:27.211093,XGBoost
3642-GKTCT,0.0005478533,Low,0.06305791465565562,2026-03-30 22:18:27.211093,XGBoost
3643-AHCFP,0.9986798,High,95.47379047870635,2026-03-30 22:18:27.211093,XGBoost
3644-QXEHN,0.0013941394,Low,0.13523151888512075,2026-03-30 22:18:27.211093,XGBoost
3645-DEYGF,0.0014113373,Low,0.029285248747328296,2026-03-30 22:18:27.211093,XGBoost
3646-ITDGM,0.00039817323,Low,0.007844012626446783,2026-03-30 22:18:27.211093,XGBoost
3647-GMGDH,0.71798784,High,67.99344801306725,2026-03-30 22:18:27.211093,XGBoost
3648-GZPHF,0.00028235072,Low,0.010235213740088511,2026-03-30 22:18:27.211093,XGBoost
3649-JPUGY,0.0002245009,Low,0.019890779256820677,2026-03-30 22:18:27.211093,XGBoost
3653-NCRDJ,0.025682313,Low,0.4931004166603088,2026-03-30 22:18:27.211093,XGBoost
3654-ARMGP,0.03436789,Low,3.046713374555111,2026-03-30 22:18:27.211093,XGBoost
3655-SNQYZ,0.000545299,Low,0.06175510854518507,2026-03-30 22:18:27.211093,XGBoost
3656-TKRVZ,0.6834266,Medium,37.82766333818436,2026-03-30 22:18:27.211093,XGBoost
3657-COGMW,0.2703242,Low,29.222046062350273,2026-03-30 22:18:27.211093,XGBoost
3658-KIBGF,0.9983247,High,54.80802560448647,2026-03-30 22:18:27.211093,XGBoost
3658-QQJYD,0.07113532,Low,5.285354258865118,2026-03-30 22:18:27.211093,XGBoost
3662-FXJFO,0.00034249533,Low,0.007021154306130484,2026-03-30 22:18:27.211093,XGBoost
3663-MITLP,0.9982116,High,101.06892675161362,2026-03-30 22:18:27.211093,XGBoost
3665-JATSN,0.40905783,Medium,16.239595684409142,2026-03-30 22:18:27.211093,XGBoost
3668-QPYBK,0.9972247,High,53.70054947733879,2026-03-30 22:18:27.211093,XGBoost
3669-LVWZB,0.99699605,High,50.8467983007431,2026-03-30 22:18:27.211093,XGBoost
3669-OYSJI,0.74806714,High,34.560701894760136,2026-03-30 22:18:27.211093,XGBoost
3669-WHAFY,0.00033265597,Low,0.03830533462460153,2026-03-30 22:18:27.211093,XGBoost
3671-SHRSP,0.9982041,High,80.45525143146514,2026-03-30 22:18:27.211093,XGBoost
3672-YITQD,0.80903244,High,68.03962821960448,2026-03-30 22:18:27.211093,XGBoost
3675-EQOZA,0.0011155764,Low,0.023036651918664573,2026-03-30 22:18:27.211093,XGBoost
3675-YDUPJ,0.0005416057,Low,0.01075087305798661,2026-03-30 22:18:27.211093,XGBoost
3677-IYRBF,0.99857914,High,30.356805992126464,2026-03-30 22:18:27.211093,XGBoost
3677-TNKIO,0.99550724,High,70.68101406097412,2026-03-30 22:18:27.211093,XGBoost
3678-MNGZX,0.00019579788,Low,0.003906167746754363,2026-03-30 22:18:27.211093,XGBoost
3679-XASPY,0.002031134,Low,0.039505555829964574,2026-03-30 22:18:27.211093,XGBoost
3680-CTHUH,0.11517528,Low,13.429437297582625,2026-03-30 22:18:27.211093,XGBoost
3682-YEUWS,0.0004904797,Low,0.011967704561538993,2026-03-30 22:18:27.211093,XGBoost
3683-QKIUE,0.9967649,High,50.63565683364868,2026-03-30 22:18:27.211093,XGBoost
3685-YLCMQ,0.4769265,Medium,49.910358807444574,2026-03-30 22:18:27.211093,XGBoost
3688-FTHLT,0.37278178,Low,23.503891439735888,2026-03-30 22:18:27.211093,XGBoost
3689-MOZGR,0.0007677419,Low,0.023953546537086368,2026-03-30 22:18:27.211093,XGBoost
3692-JHONH,0.0010839992,Low,0.11544591200072318,2026-03-30 22:18:27.211093,XGBoost
3694-DELSO,0.0007736897,Low,0.029825738305225967,2026-03-30 22:18:27.211093,XGBoost
3694-GLTJM,0.00041909202,Low,0.008235158101888372,2026-03-30 22:18:27.211093,XGBoost
3696-DFHHB,0.00022946842,Low,0.005851444802829064,2026-03-30 22:18:27.211093,XGBoost
3696-XRIEN,0.17141281,Low,14.14155688136816,2026-03-30 22:18:27.211093,XGBoost
3701-SFMUH,0.0006223112,Low,0.043375090608606115,2026-03-30 22:18:27.211093,XGBoost
3703-KBKZP,0.001349257,Low,0.10045218037557789,2026-03-30 22:18:27.211093,XGBoost
3703-TTEPD,0.0007141519,Low,0.04666982583003118,2026-03-30 22:18:27.211093,XGBoost
3703-VAVCL,0.99861896,High,89.87570643424988,2026-03-30 22:18:27.211093,XGBoost
3704-IEAXF,0.00016058501,Low,0.008615385896700899,2026-03-30 22:18:27.211093,XGBoost
3705-PSNGL,0.99245137,High,20.24600794315338,2026-03-30 22:18:27.211093,XGBoost
3705-RHRFR,0.000566745,Low,0.05619276697689202,2026-03-30 22:18:27.211093,XGBoost
3707-GNWHM,0.99881846,High,74.16227044165134,2026-03-30 22:18:27.211093,XGBoost
3707-LRWZD,0.31564227,Low,26.52973258048296,2026-03-30 22:18:27.211093,XGBoost
3709-OIJEA,0.00082327233,Low,0.07014280285220593,2026-03-30 22:18:27.211093,XGBoost
3712-PKXZA,0.00026718155,Low,0.005490580759942532,2026-03-30 22:18:27.211093,XGBoost
3714-JTVOV,0.9972727,High,73.94776850044728,2026-03-30 22:18:27.211093,XGBoost
3714-NTNFO,0.38630307,Low,32.64260917901993,2026-03-30 22:18:27.211093,XGBoost
3714-XPXBW,0.0009874466,Low,0.07790953943040223,2026-03-30 22:18:27.211093,XGBoost
3716-BDVDB,0.9990754,High,69.03611102104186,2026-03-30 22:18:27.211093,XGBoost
3716-LRGXK,0.00056141586,Low,0.05678721404692624,2026-03-30 22:18:27.211093,XGBoost
3716-UVSPD,0.0023115836,Low,0.1139610718935728,2026-03-30 22:18:27.211093,XGBoost
3717-FDJFU,0.009950121,Low,0.20347997308708726,2026-03-30 22:18:27.211093,XGBoost
3717-LNXKW,0.0011164688,Low,0.10238018932286651,2026-03-30 22:18:27.211093,XGBoost
3717-OEAUQ,0.0012106386,Low,0.08559214582201094,2026-03-30 22:18:27.211093,XGBoost
3717-OFRTN,0.0015313653,Low,0.03024446521885693,2026-03-30 22:18:27.211093,XGBoost
3719-TDVQB,0.0003735956,Low,0.0070796365806017995,2026-03-30 22:18:27.211093,XGBoost
3720-DBRWL,0.00030030956,Low,0.025180956823169252,2026-03-30 22:18:27.211093,XGBoost
3721-CNEYS,0.9979837,High,70.80694309473039,2026-03-30 22:18:27.211093,XGBoost
3721-CNZHX,0.00027917392,Low,0.00552764370222576,2026-03-30 22:18:27.211093,XGBoost
3721-WKIIL,0.00021571419,Low,0.004227998049464077,2026-03-30 22:18:27.211093,XGBoost
3722-WPXTK,0.9371937,High,82.8010626643896,2026-03-30 22:18:27.211093,XGBoost
3723-BFBGR,0.00052441936,Low,0.02873818092048168,2026-03-30 22:18:27.211093,XGBoost
3724-BSCVH,0.00028683193,Low,0.005865712926606648,2026-03-30 22:18:27.211093,XGBoost
3724-UCSHY,0.00035872447,Low,0.0070130634252564055,2026-03-30 22:18:27.211093,XGBoost
3726-TBHQT,0.0001930077,Low,0.02200287755113095,2026-03-30 22:18:27.211093,XGBoost
3727-JEZTU,0.0010225577,Low,0.020860177651047706,2026-03-30 22:18:27.211093,XGBoost
3727-OVPRY,0.00016476824,Low,0.004234543679922353,2026-03-30 22:18:27.211093,XGBoost
3727-OWVYD,0.1236705,Low,7.568634814023972,2026-03-30 22:18:27.211093,XGBoost
3727-RJMEO,0.7657376,High,63.441359594464295,2026-03-30 22:18:27.211093,XGBoost
3729-OWRVL,0.13600698,Low,15.008370368182659,2026-03-30 22:18:27.211093,XGBoost
3733-LSYCE,0.6383194,Medium,48.09736476540565,2026-03-30 22:18:27.211093,XGBoost
3733-UOCWF,0.00058395794,Low,0.04995760167657863,2026-03-30 22:18:27.211093,XGBoost
3733-ZEECP,0.00061107264,Low,0.031225811853073538,2026-03-30 22:18:27.211093,XGBoost
3736-BLEPA,0.0008200161,Low,0.07482646738935728,2026-03-30 22:18:27.211093,XGBoost
3737-GCSPV,0.9987709,High,96.08175987005234,2026-03-30 22:18:27.211093,XGBoost
3737-XBQDD,0.0010491112,Low,0.08901708939229137,2026-03-30 22:18:27.211093,XGBoost
3739-YBWAB,0.0004205692,Low,0.014867121551651508,2026-03-30 22:18:27.211093,XGBoost
3740-RLMVT,0.00029080725,Low,0.017724701842234937,2026-03-30 22:18:27.211093,XGBoost
3744-ZBHON,0.0009564037,Low,0.019319354207254946,2026-03-30 22:18:27.211093,XGBoost
3744-ZRRDZ,0.9976907,High,82.1598273038864,2026-03-30 22:18:27.211093,XGBoost
3745-HRPHI,0.00018273579,Low,0.009986511027091182,2026-03-30 22:18:27.211093,XGBoost
3746-EUBYR,0.8554304,High,63.81510964632034,2026-03-30 22:18:27.211093,XGBoost
3748-FVMZZ,0.0015275351,Low,0.06117778263869695,2026-03-30 22:18:27.211093,XGBoost
3750-CKVKH,0.7774621,High,52.673058956861496,2026-03-30 22:18:27.211093,XGBoost
3750-RNQKR,0.00048671543,Low,0.009466615207202267,2026-03-30 22:18:27.211093,XGBoost
3750-YHRYO,0.00032514555,Low,0.006714255589758977,2026-03-30 22:18:27.211093,XGBoost
3751-KTZEL,0.998052,High,34.98172263503074,2026-03-30 22:18:27.211093,XGBoost
3752-CQSJI,0.0006120387,Low,0.012516191651229747,2026-03-30 22:18:27.211093,XGBoost
3753-TSEMP,0.79215205,High,69.82820295691491,2026-03-30 22:18:27.211093,XGBoost
3754-DXMRT,0.998771,High,44.09574017226696,2026-03-30 22:18:27.211093,XGBoost
3755-JBMNH,0.9973484,High,71.60961711406708,2026-03-30 22:18:27.211093,XGBoost
3756-VNWDH,0.21706922,Low,21.86972426995635,2026-03-30 22:18:27.211093,XGBoost
3757-NJYBX,0.5978512,Medium,63.58147690594196,2026-03-30 22:18:27.211093,XGBoost
3758-CKOQL,0.0010346535,Low,0.11070792586542666,2026-03-30 22:18:27.211093,XGBoost
3761-FLYZI,0.0007229872,Low,0.07866101041436195,2026-03-30 22:18:27.211093,XGBoost
3763-GCZHZ,0.99830604,High,103.87374304533004,2026-03-30 22:18:27.211093,XGBoost
3764-MNMOI,0.00021431745,Low,0.004114895034581422,2026-03-30 22:18:27.211093,XGBoost
3765-JXVKY,0.93309736,High,69.7023729801178,2026-03-30 22:18:27.211093,XGBoost
3766-EJLFL,0.065326996,Low,7.1239089298993346,2026-03-30 22:18:27.211093,XGBoost
3768-NLUBH,0.73339903,High,73.77994277477264,2026-03-30 22:18:27.211093,XGBoost
3768-VHXQO,0.00024246253,Low,0.006025193801906426,2026-03-30 22:18:27.211093,XGBoost
3769-MHZNV,0.00017010565,Low,0.0034191234895843085,2026-03-30 22:18:27.211093,XGBoost
3771-PZOBW,0.34602305,Low,31.384290900826453,2026-03-30 22:18:27.211093,XGBoost
3774-VBNXY,0.0002783819,Low,0.005623314232798293,2026-03-30 22:18:27.211093,XGBoost
3776-EKTKM,0.9989122,High,36.41035024523735,2026-03-30 22:18:27.211093,XGBoost
3777-XROBG,0.008178173,Low,0.1598832749761641,2026-03-30 22:18:27.211093,XGBoost
3778-FOAQW,0.00035906216,Low,0.007235102597041986,2026-03-30 22:18:27.211093,XGBoost
3779-OSWCF,0.030932175,Low,2.8828787095844746,2026-03-30 22:18:27.211093,XGBoost
3780-DDGSE,0.00074222166,Low,0.0564459571352927,2026-03-30 22:18:27.211093,XGBoost
3780-YVMFA,0.0007467029,Low,0.0511864832311403,2026-03-30 22:18:27.211093,XGBoost
3785-KTYSH,0.00029250426,Low,0.007195604906883091,2026-03-30 22:18:27.211093,XGBoost
3785-NRHYR,0.0008201091,Low,0.01611514375254046,2026-03-30 22:18:27.211093,XGBoost
3786-WOVKF,0.0005645232,Low,0.06031930561584886,2026-03-30 22:18:27.211093,XGBoost
3787-TRIAL,0.0007200735,Low,0.018757915383321232,2026-03-30 22:18:27.211093,XGBoost
3791-LGQCY,0.99799216,High,100.44791069626808,2026-03-30 22:18:27.211093,XGBoost
3793-MMFUH,0.9986738,High,94.9239443719387,2026-03-30 22:18:27.211093,XGBoost
3794-NFNCH,0.0005362352,Low,0.026811761199496686,2026-03-30 22:18:27.211093,XGBoost
3795-CAWEX,0.00035097136,Low,0.04090571165434085,2026-03-30 22:18:27.211093,XGBoost
3795-GWTRD,0.00030905617,Low,0.023349193330795968,2026-03-30 22:18:27.211093,XGBoost
3796-ENZGF,0.00039123555,Low,0.02631059046689188,2026-03-30 22:18:27.211093,XGBoost
3797-FKOGQ,0.0011386268,Low,0.0981496328022331,2026-03-30 22:18:27.211093,XGBoost
3797-VTIDR,0.99843353,High,23.41326628625393,2026-03-30 22:18:27.211093,XGBoost
3798-EPWRR,0.0016905593,Low,0.07430008220253513,2026-03-30 22:18:27.211093,XGBoost
3799-ISUZQ,0.9977736,High,69.79426245987416,2026-03-30 22:18:27.211093,XGBoost
3800-LYTRK,0.0006558276,Low,0.03652959610335529,2026-03-30 22:18:27.211093,XGBoost
3801-HMYNL,0.8579278,High,76.48426330089569,2026-03-30 22:18:27.211093,XGBoost
3803-KMQFW,0.64462554,Medium,13.247054940462112,2026-03-30 22:18:27.211093,XGBoost
3804-RVTGV,0.9976907,High,103.61017687320708,2026-03-30 22:18:27.211093,XGBoost
3806-DXQOM,0.99680054,High,33.54233823418617,2026-03-30 22:18:27.211093,XGBoost
3806-YAZOV,0.12010779,Low,2.258026495575905,2026-03-30 22:18:27.211093,XGBoost
3807-BPOMJ,0.00084144,Low,0.07972643930406775,2026-03-30 22:18:27.211093,XGBoost
3807-XHCJH,0.0014520551,Low,0.029041101224720478,2026-03-30 22:18:27.211093,XGBoost
3808-HFKDE,0.0007095933,Low,0.031470462679862976,2026-03-30 22:18:27.211093,XGBoost
3810-DVDQQ,0.00019222622,Low,0.02260580303845927,2026-03-30 22:18:27.211093,XGBoost
3810-PJUHR,0.010157483,Low,0.25749218640849,2026-03-30 22:18:27.211093,XGBoost
3811-VBYBZ,0.9985505,High,99.65533736944198,2026-03-30 22:18:27.211093,XGBoost
3812-LRZIR,0.01921096,Low,0.47066853754222393,2026-03-30 22:18:27.211093,XGBoost
3813-DHBBB,0.11618368,Low,5.91955866292119,2026-03-30 22:18:27.211093,XGBoost
3814-MLAXC,0.52714217,Medium,42.09230204224586,2026-03-30 22:18:27.211093,XGBoost
3815-SLMEF,0.99646485,High,34.12892106175423,2026-03-30 22:18:27.211093,XGBoost
3823-KYNQY,0.03710419,Low,0.9257495254278183,2026-03-30 22:18:27.211093,XGBoost
3824-RHKVR,0.00047465065,Low,0.009350617718882858,2026-03-30 22:18:27.211093,XGBoost
3831-YCPUO,0.00020169184,Low,0.022085256947320886,2026-03-30 22:18:27.211093,XGBoost
3834-XUIFC,0.9981699,High,85.04407539367676,2026-03-30 22:18:27.211093,XGBoost
3836-FZSDJ,0.00028770807,Low,0.007149545531137847,2026-03-30 22:18:27.211093,XGBoost
3838-OZURD,0.9980683,High,104.79716867208481,2026-03-30 22:18:27.211093,XGBoost
3841-CONLJ,0.0029120317,Low,0.10192111018113792,2026-03-30 22:18:27.211093,XGBoost
3841-NFECX,0.0002651241,Low,0.025544707845256198,2026-03-30 22:18:27.211093,XGBoost
3842-IYKUE,0.9976421,High,85.09887111783027,2026-03-30 22:18:27.211093,XGBoost
3842-QTGDL,0.0011298448,Low,0.09123496824759059,2026-03-30 22:18:27.211093,XGBoost
3845-FXCYS,0.0011266146,Low,0.022137977520469573,2026-03-30 22:18:27.211093,XGBoost
3845-JHAMY,0.0006508708,Low,0.023105912987375632,2026-03-30 22:18:27.211093,XGBoost
3847-BAERP,0.00051955436,Low,0.010858686198480426,2026-03-30 22:18:27.211093,XGBoost
3850-OKINF,0.00016039556,Low,0.010618186116334983,2026-03-30 22:18:27.211093,XGBoost
3853-LYGAM,0.0011585684,Low,0.11081706995028072,2026-03-30 22:18:27.211093,XGBoost
3855-ONCAR,0.0009742652,Low,0.07686952571966686,2026-03-30 22:18:27.211093,XGBoost
3858-VOBET,0.99642026,High,74.68169880509377,2026-03-30 22:18:27.211093,XGBoost
3858-XHYJO,0.0012024753,Low,0.12716176081448793,2026-03-30 22:18:27.211093,XGBoost
3859-CVCET,0.48592705,Medium,22.182569620013236,2026-03-30 22:18:27.211093,XGBoost
3863-IUBJR,0.28693104,Low,15.393850183486938,2026-03-30 22:18:27.211093,XGBoost
3863-QSTYI,0.0006383528,Low,0.041269510035635906,2026-03-30 22:18:27.211093,XGBoost
3865-QBWSJ,0.0011369468,Low,0.09146737336996012,2026-03-30 22:18:27.211093,XGBoost
3865-YIOTT,0.027551042,Low,2.923165547288954,2026-03-30 22:18:27.211093,XGBoost
3865-ZFZIB,0.00033571385,Low,0.006596777122467755,2026-03-30 22:18:27.211093,XGBoost
3865-ZYKAD,0.0009226772,Low,0.07833529628114776,2026-03-30 22:18:27.211093,XGBoost
3866-MDTUB,0.77105033,High,54.55181112885475,2026-03-30 22:18:27.211093,XGBoost
3870-MQAMG,0.9965037,High,109.96418448090553,2026-03-30 22:18:27.211093,XGBoost
3870-SPZSI,0.0003936728,Low,0.04450470868905541,2026-03-30 22:18:27.211093,XGBoost
3871-IKPYH,0.9990441,High,69.03394871354102,2026-03-30 22:18:27.211093,XGBoost
3873-NFTGI,0.27519855,Low,15.273519471287727,2026-03-30 22:18:27.211093,XGBoost
3873-WOSBC,0.00023239218,Low,0.005949239805340767,2026-03-30 22:18:27.211093,XGBoost
3874-EQOEP,0.9978423,High,94.79501962661743,2026-03-30 22:18:27.211093,XGBoost
3877-JRJIP,0.88828987,High,53.16414864957333,2026-03-30 22:18:27.211093,XGBoost
3878-AVSOQ,0.0034252796,Low,0.24405117379501462,2026-03-30 22:18:27.211093,XGBoost
3882-IYOIJ,0.00012513259,Low,0.014421530817344319,2026-03-30 22:18:27.211093,XGBoost
3884-HCSWG,0.5343894,Medium,37.40725636482239,2026-03-30 22:18:27.211093,XGBoost
3884-UEBXB,0.00028724706,Low,0.010383981399354524,2026-03-30 22:18:27.211093,XGBoost
3886-CERTZ,0.9953565,High,108.74269764125347,2026-03-30 22:18:27.211093,XGBoost
3887-PBQAO,0.049173664,Low,1.2735979054123163,2026-03-30 22:18:27.211093,XGBoost
3889-VWBID,0.00013927823,Low,0.01153920125143486,2026-03-30 22:18:27.211093,XGBoost
3890-RTCMS,0.0007401317,Low,0.036599513184046376,2026-03-30 22:18:27.211093,XGBoost
3891-NLXJB,0.0003327746,Low,0.013494009803980588,2026-03-30 22:18:27.211093,XGBoost
3891-PUQOD,0.9161858,High,54.23819913864136,2026-03-30 22:18:27.211093,XGBoost
3892-NXAZG,0.009264621,Low,1.0566300196107477,2026-03-30 22:18:27.211093,XGBoost
3893-JRNFS,0.2117884,Low,8.450357200205326,2026-03-30 22:18:27.211093,XGBoost
3896-RCYYE,0.0005127645,Low,0.027381624199915678,2026-03-30 22:18:27.211093,XGBoost
3896-ZVNET,0.00019239364,Low,0.004752122811623849,2026-03-30 22:18:27.211093,XGBoost
3898-BSJYF,0.0003779545,Low,0.02779855404223781,2026-03-30 22:18:27.211093,XGBoost
3898-GUYTS,0.0014718756,Low,0.1428455254936125,2026-03-30 22:18:27.211093,XGBoost
3900-AQPHZ,0.9967733,High,19.835788720846175,2026-03-30 22:18:27.211093,XGBoost
3902-FOIGH,0.8463049,High,85.77300095558167,2026-03-30 22:18:27.211093,XGBoost
3902-MIVLE,0.00022195792,Low,0.016802214412018658,2026-03-30 22:18:27.211093,XGBoost
3904-UKFRE,0.736904,High,59.026012408733365,2026-03-30 22:18:27.211093,XGBoost
3908-BLSYF,0.9983026,High,83.75758637189865,2026-03-30 22:18:27.211093,XGBoost
3908-MKIMJ,0.00049201,Low,0.020639818432391623,2026-03-30 22:18:27.211093,XGBoost
3910-MRQOY,0.021205042,Low,0.4113778062164783,2026-03-30 22:18:27.211093,XGBoost
3911-RSNHI,0.00018232854,Low,0.01119497247855179,2026-03-30 22:18:27.211093,XGBoost
3913-FCUUW,0.00016884036,Low,0.011894803166069324,2026-03-30 22:18:27.211093,XGBoost
3913-RDSJZ,0.00028411893,Low,0.007259238586993888,2026-03-30 22:18:27.211093,XGBoost
3914-FDRHP,0.0015909813,Low,0.13722213407163508,2026-03-30 22:18:27.211093,XGBoost
3915-ODIYG,0.11916162,Low,8.549846287816763,2026-03-30 22:18:27.211093,XGBoost
3916-NRPAP,0.002012717,Low,0.1724898530635983,2026-03-30 22:18:27.211093,XGBoost
3920-HIHMQ,0.00035792548,Low,0.01771731147891842,2026-03-30 22:18:27.211093,XGBoost
3923-CSIHK,0.99608046,High,70.77151655256748,2026-03-30 22:18:27.211093,XGBoost
3926-CUQZX,0.75849795,High,34.208257699012755,2026-03-30 22:18:27.211093,XGBoost
3926-YZVVX,0.0005562015,Low,0.02783788504602853,2026-03-30 22:18:27.211093,XGBoost
3927-NLNRY,0.99651587,High,93.92162075638771,2026-03-30 22:18:27.211093,XGBoost
3930-ZGWVE,0.25246716,Low,4.986226320266724,2026-03-30 22:18:27.211093,XGBoost
3932-CMDTD,0.6252225,Medium,66.0547575622797,2026-03-30 22:18:27.211093,XGBoost
3932-IJWDZ,0.0015143862,Low,0.15696612474275753,2026-03-30 22:18:27.211093,XGBoost
3933-DQPWX,0.00030702684,Low,0.012188965670065955,2026-03-30 22:18:27.211093,XGBoost
3934-HXCFZ,0.8710853,High,86.45521464943886,2026-03-30 22:18:27.211093,XGBoost
3935-TBRZZ,0.049732562,Low,1.2781268473714589,2026-03-30 22:18:27.211093,XGBoost
3936-QQFLL,0.19647026,Low,3.8802876472473145,2026-03-30 22:18:27.211093,XGBoost
3938-YFPXD,0.00019340652,Low,0.01630416981788585,2026-03-30 22:18:27.211093,XGBoost
3941-XTSKM,0.11578901,Low,5.222084401547909,2026-03-30 22:18:27.211093,XGBoost
3943-KDREE,0.50353146,Medium,37.739682626724246,2026-03-30 22:18:27.211093,XGBoost
3945-GFWQL,0.99553776,High,44.351207113265986,2026-03-30 22:18:27.211093,XGBoost
3946-JEWRQ,0.16687074,Low,15.886094737052918,2026-03-30 22:18:27.211093,XGBoost
3946-MHCZW,0.9981793,High,50.80732721090317,2026-03-30 22:18:27.211093,XGBoost
3948-FVVRP,0.15080135,Low,8.263913744688034,2026-03-30 22:18:27.211093,XGBoost
3948-KXDUF,0.0001873126,Low,0.012877741392003372,2026-03-30 22:18:27.211093,XGBoost
3948-XHGNA,0.40355504,Medium,19.996152013540268,2026-03-30 22:18:27.211093,XGBoost
3950-VPYJB,0.00021957933,Low,0.013086928363190965,2026-03-30 22:18:27.211093,XGBoost
3951-NJCVI,0.0027122302,Low,0.25779748032800853,2026-03-30 22:18:27.211093,XGBoost
3955-JBZZM,0.44437072,Medium,35.01641248464584,2026-03-30 22:18:27.211093,XGBoost
3956-CJUST,0.0011725131,Low,0.0884074891684577,2026-03-30 22:18:27.211093,XGBoost
3956-MGXOG,0.52469665,Medium,42.29054983854294,2026-03-30 22:18:27.211093,XGBoost
3957-HHLMR,0.00040216537,Low,0.02622118232538924,2026-03-30 22:18:27.211093,XGBoost
3957-LXOLK,0.997981,High,105.93568440973759,2026-03-30 22:18:27.211093,XGBoost
3957-SQXML,0.00030567456,Low,0.007626580339274369,2026-03-30 22:18:27.211093,XGBoost
3961-SXAXY,0.0018069553,Low,0.07959638179745525,2026-03-30 22:18:27.211093,XGBoost
3963-RYFNS,0.00032780797,Low,0.03817323782132007,2026-03-30 22:18:27.211093,XGBoost
3966-HRMZA,0.0020416249,Low,0.15322394566610456,2026-03-30 22:18:27.211093,XGBoost
3967-KXAPS,0.00022587956,Low,0.02084868316160282,2026-03-30 22:18:27.211093,XGBoost
3967-VQOGC,0.0001230035,Low,0.003062787093222141,2026-03-30 22:18:27.211093,XGBoost
3969-GYXEL,0.0016644495,Low,0.12716393880546095,2026-03-30 22:18:27.211093,XGBoost
3969-JQABI,0.00055015157,Low,0.035897389927413315,2026-03-30 22:18:27.211093,XGBoost
3970-XGJDU,0.00024427238,Low,0.0046900296583771706,2026-03-30 22:18:27.211093,XGBoost
3973-SKMLN,0.00016913249,Low,0.0033657364896498617,2026-03-30 22:18:27.211093,XGBoost
3976-BWUCK,0.99829787,High,93.93982958197593,2026-03-30 22:18:27.211093,XGBoost
3976-HXHCE,0.0002458662,Low,0.004745217488380149,2026-03-30 22:18:27.211093,XGBoost
3976-NLDEZ,0.0020370306,Low,0.041962831281125546,2026-03-30 22:18:27.211093,XGBoost
3977-QCRSL,0.25945115,Low,5.227940690517425,2026-03-30 22:18:27.211093,XGBoost
3978-YNKDD,0.00016639824,Low,0.003469403309281916,2026-03-30 22:18:27.211093,XGBoost
3981-QSVQI,0.001086584,Low,0.02140570367919281,2026-03-30 22:18:27.211093,XGBoost
3982-DQLUS,0.0004069015,Low,0.034891803421487566,2026-03-30 22:18:27.211093,XGBoost
3982-JGSFD,0.00028458008,Low,0.005791204572597053,2026-03-30 22:18:27.211093,XGBoost
3982-XWFZQ,0.9968167,High,50.090038910508156,2026-03-30 22:18:27.211093,XGBoost
3985-HOYPM,0.017288418,Low,0.33539531864225863,2026-03-30 22:18:27.211093,XGBoost
3987-KQDDU,0.0013632982,Low,0.10306534068658947,2026-03-30 22:18:27.211093,XGBoost
3988-RQIXO,0.96760565,High,88.3423958837986,2026-03-30 22:18:27.211093,XGBoost
3990-QYKBE,0.99821836,High,92.33519807457924,2026-03-30 22:18:27.211093,XGBoost
3992-YWPKO,0.6027914,Medium,66.24677799940109,2026-03-30 22:18:27.211093,XGBoost
3995-WFCSM,0.001231499,Low,0.07493671514093876,2026-03-30 22:18:27.211093,XGBoost
3996-ZNWYK,0.004699177,Low,0.09304370675235987,2026-03-30 22:18:27.211093,XGBoost
3999-QGRJH,0.99720263,High,69.50502364635467,2026-03-30 22:18:27.211093,XGBoost
3999-WRNGR,0.10607937,Low,5.277448646724224,2026-03-30 22:18:27.211093,XGBoost
4000-VGMQP,0.00034887486,Low,0.02754367039742647,2026-03-30 22:18:27.211093,XGBoost
4001-TSBTV,0.00034458912,Low,0.03154713391559198,2026-03-30 22:18:27.211093,XGBoost
4002-BQWPQ,0.0007349279,Low,0.06008035496051889,2026-03-30 22:18:27.211093,XGBoost
4003-FUSHP,0.0005861877,Low,0.036079852923285215,2026-03-30 22:18:27.211093,XGBoost
4003-OCTMP,0.00080610596,Low,0.05159078165888786,2026-03-30 22:18:27.211093,XGBoost
4006-HKYHO,0.02943393,Low,2.5519217563793064,2026-03-30 22:18:27.211093,XGBoost
4007-NHVHI,0.0011303821,Low,0.10947750296909362,2026-03-30 22:18:27.211093,XGBoost
4009-ALQFH,0.99818844,High,99.31974938511848,2026-03-30 22:18:27.211093,XGBoost
4010-YLMVT,0.38401762,Low,40.936277920007704,2026-03-30 22:18:27.211093,XGBoost
4011-ARPHK,0.2056039,Low,10.352156242728233,2026-03-30 22:18:27.211093,XGBoost
4012-YCFAI,0.04876339,Low,2.991634015180171,2026-03-30 22:18:27.211093,XGBoost
4012-ZTHBR,0.0007062383,Low,0.03174541261396371,2026-03-30 22:18:27.211093,XGBoost
4013-GUXND,0.0017270608,Low,0.035922863893210887,2026-03-30 22:18:27.211093,XGBoost
4013-TLDHQ,0.48076618,Medium,37.619953364133835,2026-03-30 22:18:27.211093,XGBoost
4013-UBXWQ,0.76460594,High,57.07783337533474,2026-03-30 22:18:27.211093,XGBoost
4016-BJKTZ,0.14489825,Low,15.779419501125814,2026-03-30 22:18:27.211093,XGBoost
4018-KJYUY,0.037975486,Low,0.7652060503140091,2026-03-30 22:18:27.211093,XGBoost
4018-PPNDW,0.00026902862,Low,0.006483589744311758,2026-03-30 22:18:27.211093,XGBoost
4020-KIUDI,0.0005198199,Low,0.01031842515221797,2026-03-30 22:18:27.211093,XGBoost
4021-RQSNY,0.8491023,High,83.63657835125923,2026-03-30 22:18:27.211093,XGBoost
4023-RTIQM,0.0004988929,Low,0.025144202867522836,2026-03-30 22:18:27.211093,XGBoost
4024-CSNBY,0.00036928023,Low,0.0348046614381019,2026-03-30 22:18:27.211093,XGBoost
4026-SKKHW,0.48127684,Medium,24.184161208570004,2026-03-30 22:18:27.211093,XGBoost
4029-HPFVY,0.46698284,Medium,32.82889375686646,2026-03-30 22:18:27.211093,XGBoost
4030-VPZBD,0.9973756,High,30.81890627145767,2026-03-30 22:18:27.211093,XGBoost
4032-RMHCI,0.00025975343,Low,0.00919527153018862,2026-03-30 22:18:27.211093,XGBoost
4039-HEUNW,0.998486,High,96.35389730334282,2026-03-30 22:18:27.211093,XGBoost
4039-PIMHX,0.00050267176,Low,0.02503305341815576,2026-03-30 22:18:27.211093,XGBoost
4043-MKDTV,0.00053866574,Low,0.05669456945906859,2026-03-30 22:18:27.211093,XGBoost
4049-ZPALD,0.07687244,Low,7.610371381044388,2026-03-30 22:18:27.211093,XGBoost
4054-CUMIA,0.00033882936,Low,0.006861294445116073,2026-03-30 22:18:27.211093,XGBoost
4056-QHXHZ,0.00018218011,Low,0.019575253083894496,2026-03-30 22:18:27.211093,XGBoost
4057-FKCZK,0.0001641601,Low,0.013543208042392507,2026-03-30 22:18:27.211093,XGBoost
4059-IIEBK,0.0019447801,Low,0.15276247818255798,2026-03-30 22:18:27.211093,XGBoost
4060-LDNLU,0.0025112294,Low,0.2415802650153637,2026-03-30 22:18:27.211093,XGBoost
4061-UKJWL,0.4642015,Medium,21.09795862734318,2026-03-30 22:18:27.211093,XGBoost
4062-HBMOS,0.557168,Medium,57.41616311073303,2026-03-30 22:18:27.211093,XGBoost
4063-EIKNQ,0.00059419585,Low,0.012448403090820648,2026-03-30 22:18:27.211093,XGBoost
4065-JJAVA,0.0024144575,Low,0.11951564624905586,2026-03-30 22:18:27.211093,XGBoost
4067-HLYQI,0.0007061192,Low,0.049710789695382125,2026-03-30 22:18:27.211093,XGBoost
4070-OKWVH,0.0009193768,Low,0.0869730444275774,2026-03-30 22:18:27.211093,XGBoost
4072-IPYLT,0.00041249307,Low,0.02105777127726469,2026-03-30 22:18:27.211093,XGBoost
4074-SJFFA,0.99804115,High,54.64275312423706,2026-03-30 22:18:27.211093,XGBoost
4075-JFPGR,0.32378808,Low,30.2741851657629,2026-03-30 22:18:27.211093,XGBoost
4077-CROMM,0.75375533,High,78.54130549430847,2026-03-30 22:18:27.211093,XGBoost
4077-HWUYD,0.00010876625,Low,0.00952248545945622,2026-03-30 22:18:27.211093,XGBoost
4078-SAYYN,0.88833183,High,89.4994319230318,2026-03-30 22:18:27.211093,XGBoost
4079-ULGFR,0.057505697,Low,1.1501139402389526,2026-03-30 22:18:27.211093,XGBoost
4079-VTGLK,0.00045031623,Low,0.033706170151708646,2026-03-30 22:18:27.211093,XGBoost
4079-WWQQQ,0.00022426707,Low,0.0147007067251252,2026-03-30 22:18:27.211093,XGBoost
4080-IIARD,0.0013591263,Low,0.10356542388908566,2026-03-30 22:18:27.211093,XGBoost
4080-OGPJL,0.6516737,Medium,46.36658194661141,2026-03-30 22:18:27.211093,XGBoost
4081-DYXAV,0.4668144,Medium,20.936625784635545,2026-03-30 22:18:27.211093,XGBoost
4083-BFNYK,0.30069235,Low,28.565773218870163,2026-03-30 22:18:27.211093,XGBoost
4083-EUGRJ,0.99362856,High,20.120978370308876,2026-03-30 22:18:27.211093,XGBoost
4086-ATNFV,0.00021483426,Low,0.013061923068016767,2026-03-30 22:18:27.211093,XGBoost
4086-WITJG,0.00013906152,Low,0.0027395119759603404,2026-03-30 22:18:27.211093,XGBoost
4086-YQSNZ,0.99884295,High,80.30697355270387,2026-03-30 22:18:27.211093,XGBoost
4088-YLDSU,0.99800485,High,103.94220551550389,2026-03-30 22:18:27.211093,XGBoost
4090-KPJIP,0.6826634,Medium,51.16562041342259,2026-03-30 22:18:27.211093,XGBoost
4091-TVOCN,0.15367365,Low,12.101799845695496,2026-03-30 22:18:27.211093,XGBoost
4092-OFQZS,0.0003279377,Low,0.006771913761622272,2026-03-30 22:18:27.211093,XGBoost
4094-NSEDU,0.6975365,Medium,65.74281777441502,2026-03-30 22:18:27.211093,XGBoost
4097-YODCF,0.056963924,Low,5.912855344265699,2026-03-30 22:18:27.211093,XGBoost
4098-NAUKP,0.117199115,Low,9.9209051232785,2026-03-30 22:18:27.211093,XGBoost
4102-HLENU,0.00021695386,Low,0.014243021162110382,2026-03-30 22:18:27.211093,XGBoost
4102-OQUPX,0.99927825,High,74.34630160331727,2026-03-30 22:18:27.211093,XGBoost
4104-PVRPS,0.00054851297,Low,0.029400294972583653,2026-03-30 22:18:27.211093,XGBoost
4106-HADHQ,0.30110532,Low,24.088425636291504,2026-03-30 22:18:27.211093,XGBoost
4109-CYRBD,0.00062048,Low,0.03201676730532199,2026-03-30 22:18:27.211093,XGBoost
4110-PFEUZ,0.9033166,High,62.82567071318626,2026-03-30 22:18:27.211093,XGBoost
4111-BNXIF,0.0005322557,Low,0.031695825900533235,2026-03-30 22:18:27.211093,XGBoost
4112-LUEIZ,0.99858284,High,89.37316417694092,2026-03-30 22:18:27.211093,XGBoost
4114-QMKVN,0.0002419524,Low,0.016634227176837157,2026-03-30 22:18:27.211093,XGBoost
4115-BNPJY,0.00026566736,Low,0.02007116908644093,2026-03-30 22:18:27.211093,XGBoost
4115-NZRKS,0.0018395432,Low,0.16399527869652958,2026-03-30 22:18:27.211093,XGBoost
4115-UMJFQ,0.00037282973,Low,0.013328662869753316,2026-03-30 22:18:27.211093,XGBoost
4116-IQRFR,0.00033848212,Low,0.008157419032067991,2026-03-30 22:18:27.211093,XGBoost
4116-TZAQJ,0.70704883,High,52.498375877738,2026-03-30 22:18:27.211093,XGBoost
4118-CEVPF,0.0010494611,Low,0.1162802872247994,2026-03-30 22:18:27.211093,XGBoost
4119-ZYPZY,0.0006199332,Low,0.06620886402670294,2026-03-30 22:18:27.211093,XGBoost
4121-AGSIN,0.00037196584,Low,0.009113163119764067,2026-03-30 22:18:27.211093,XGBoost
4123-DVHPH,0.001869946,Low,0.1646487470366992,2026-03-30 22:18:27.211093,XGBoost
4123-FCVCB,0.24300246,Low,18.431736546009777,2026-03-30 22:18:27.211093,XGBoost
4124-MMETB,0.99701995,High,94.36793794333936,2026-03-30 22:18:27.211093,XGBoost
4128-ETESU,0.46153098,Medium,46.01463904976845,2026-03-30 22:18:27.211093,XGBoost
4129-LYCOI,0.00036937845,Low,0.038415359100326896,2026-03-30 22:18:27.211093,XGBoost
4130-MZLCC,0.0010726623,Low,0.05422307928674854,2026-03-30 22:18:27.211093,XGBoost
4132-KALRO,0.002855164,Low,0.28794328928925095,2026-03-30 22:18:27.211093,XGBoost
4132-POCZS,0.0011533502,Low,0.046018674003425984,2026-03-30 22:18:27.211093,XGBoost
4134-BSXLX,0.15986523,Low,9.735792526602745,2026-03-30 22:18:27.211093,XGBoost
4135-FRWKJ,0.00037678803,Low,0.02873008699680213,2026-03-30 22:18:27.211093,XGBoost
4137-BTIKL,0.0016410392,Low,0.14892430327017792,2026-03-30 22:18:27.211093,XGBoost
4137-JOPHL,0.00026397093,Low,0.023678192181978374,2026-03-30 22:18:27.211093,XGBoost
4138-NAXED,0.0006144447,Low,0.04977002274245024,2026-03-30 22:18:27.211093,XGBoost
4139-DETXS,0.00020947125,Low,0.013500422352080932,2026-03-30 22:18:27.211093,XGBoost
4139-JPIAM,0.00079883536,Low,0.03550823179248255,2026-03-30 22:18:27.211093,XGBoost
4139-SUGLD,0.14758626,Low,5.224553471803665,2026-03-30 22:18:27.211093,XGBoost
4140-MUHUG,0.8238742,High,71.55347214639187,2026-03-30 22:18:27.211093,XGBoost
4140-WJAWW,0.9945216,High,19.741254115104677,2026-03-30 22:18:27.211093,XGBoost
4143-HHPMK,0.9969313,High,85.08808768987655,2026-03-30 22:18:27.211093,XGBoost
4143-OOBWZ,0.9984326,High,81.17256848216057,2026-03-30 22:18:27.211093,XGBoost
4145-UQXUQ,0.9989231,High,92.00081961750983,2026-03-30 22:18:27.211093,XGBoost
4146-SVFUD,0.59221053,Medium,26.41258969306946,2026-03-30 22:18:27.211093,XGBoost
4154-AQUGT,0.9978053,High,88.85456173121929,2026-03-30 22:18:27.211093,XGBoost
4159-NAAIX,0.055347227,Low,5.393587228283287,2026-03-30 22:18:27.211093,XGBoost
4160-AMJTL,0.99720675,High,19.595112589001655,2026-03-30 22:18:27.211093,XGBoost
4163-HFTUK,0.054705124,Low,1.0448678750544786,2026-03-30 22:18:27.211093,XGBoost
4163-KIUHY,0.0005274271,Low,0.013502134382724762,2026-03-30 22:18:27.211093,XGBoost
4163-NCJAK,0.062188722,Low,1.5205142576247452,2026-03-30 22:18:27.211093,XGBoost
4174-LPGTI,0.36041993,Low,23.967925280332565,2026-03-30 22:18:27.211093,XGBoost
4176-FXYBO,0.0009197522,Low,0.10075885046389885,2026-03-30 22:18:27.211093,XGBoost
4176-RELJR,0.0005468534,Low,0.0137260205228813,2026-03-30 22:18:27.211093,XGBoost
4177-JPDFU,0.0006116958,Low,0.02079765754751861,2026-03-30 22:18:27.211093,XGBoost
4178-EGMON,0.0002817285,Low,0.0247921091504395,2026-03-30 22:18:27.211093,XGBoost
4182-BGSIQ,0.00060113566,Low,0.011902486067265272,2026-03-30 22:18:27.211093,XGBoost
4183-MYFRB,0.0011014269,Low,0.0991834920423571,2026-03-30 22:18:27.211093,XGBoost
4183-WCSEP,0.67595273,Medium,53.028491869568825,2026-03-30 22:18:27.211093,XGBoost
4184-TJFAN,0.8265088,High,72.98072881102561,2026-03-30 22:18:27.211093,XGBoost
4184-VODJZ,0.00022382423,Low,0.0204463434551144,2026-03-30 22:18:27.211093,XGBoost
4186-ZBUEW,0.13330755,Low,9.424843528866768,2026-03-30 22:18:27.211093,XGBoost
4187-CINZD,0.9943473,High,94.7115778774023,2026-03-30 22:18:27.211093,XGBoost
4188-FRABG,0.0015932999,Low,0.16418955557746812,2026-03-30 22:18:27.211093,XGBoost
4188-PCPIG,0.00018607454,Low,0.01309034386576968,2026-03-30 22:18:27.211093,XGBoost
4189-NAKJS,0.0003223062,Low,0.016614885050512385,2026-03-30 22:18:27.211093,XGBoost
4190-MFLUW,0.49238837,Medium,27.1798378944397,2026-03-30 22:18:27.211093,XGBoost
4191-XOVOM,0.2771622,Low,29.212895274162292,2026-03-30 22:18:27.211093,XGBoost
4192-GORJT,0.8814964,High,83.2573377609253,2026-03-30 22:18:27.211093,XGBoost
4193-IBKSW,0.013189092,Low,0.3264300338923931,2026-03-30 22:18:27.211093,XGBoost
4193-ORFCL,0.89397746,High,40.31838359236718,2026-03-30 22:18:27.211093,XGBoost
4194-FJARJ,0.00019940546,Low,0.011964327713940293,2026-03-30 22:18:27.211093,XGBoost
4194-WHFCB,0.00046128698,Low,0.04458338677068241,2026-03-30 22:18:27.211093,XGBoost
4195-NZGTA,0.590183,Medium,14.902121245861053,2026-03-30 22:18:27.211093,XGBoost
4195-PNGZS,0.00015944404,Low,0.0038984067788987884,2026-03-30 22:18:27.211093,XGBoost
4195-SMMNX,0.5538381,Medium,11.270604810118677,2026-03-30 22:18:27.211093,XGBoost
4198-VFOEA,0.00035671907,Low,0.011985760834068061,2026-03-30 22:18:27.211093,XGBoost
4199-QHJNM,0.001160439,Low,0.11940917180618271,2026-03-30 22:18:27.211093,XGBoost
4201-JMNGR,0.9990773,High,55.74851446151733,2026-03-30 22:18:27.211093,XGBoost
4203-QGNZA,0.00036151058,Low,0.007320589276787359,2026-03-30 22:18:27.211093,XGBoost
4208-UFFGW,0.9982798,High,44.872677457332614,2026-03-30 22:18:27.211093,XGBoost
4210-QFJMF,0.691988,Medium,54.77084951400757,2026-03-30 22:18:27.211093,XGBoost
4211-MMAZN,0.9939719,High,20.127930656075478,2026-03-30 22:18:27.211093,XGBoost
4213-HKBJO,0.00021638328,Low,0.00556105037976522,2026-03-30 22:18:27.211093,XGBoost
4220-TINQT,0.0010779456,Low,0.1146395121118985,2026-03-30 22:18:27.211093,XGBoost
4223-BKEOR,0.0004798586,Low,0.031118830305058506,2026-03-30 22:18:27.211093,XGBoost
4223-WOZCM,0.8797398,High,43.94300405681133,2026-03-30 22:18:27.211093,XGBoost
4226-KKDON,0.0010029773,Low,0.06684843390830793,2026-03-30 22:18:27.211093,XGBoost
4227-OJHAL,0.020251663,Low,1.4783714283257723,2026-03-30 22:18:27.211093,XGBoost
4228-ZGYUW,0.998324,High,89.89907412827014,2026-03-30 22:18:27.211093,XGBoost
4229-CZMLL,0.99809533,High,74.75734048485756,2026-03-30 22:18:27.211093,XGBoost
4231-LZUYM,0.00026510895,Low,0.006800044447300024,2026-03-30 22:18:27.211093,XGBoost
4232-JGKIY,0.0007973436,Low,0.015308997407555579,2026-03-30 22:18:27.211093,XGBoost
4234-XTNEA,0.0020760312,Low,0.16597869240213187,2026-03-30 22:18:27.211093,XGBoost
4236-UJPWO,0.0014161107,Low,0.03469471132848412,2026-03-30 22:18:27.211093,XGBoost
4236-XPXAV,0.86653394,High,85.91683966219426,2026-03-30 22:18:27.211093,XGBoost
4237-CLSMM,0.16267239,Low,3.253447711467743,2026-03-30 22:18:27.211093,XGBoost
4237-RLAQD,0.9980076,High,45.75864825546741,2026-03-30 22:18:27.211093,XGBoost
4238-HFHSN,0.00092934736,Low,0.07634588528308087,2026-03-30 22:18:27.211093,XGBoost
4238-JSSWH,0.0014130037,Low,0.14419702329323628,2026-03-30 22:18:27.211093,XGBoost
4248-HCETZ,0.6277364,Medium,49.999203434586526,2026-03-30 22:18:27.211093,XGBoost
4248-QPAVC,0.50318766,Medium,42.947066473960874,2026-03-30 22:18:27.211093,XGBoost
4250-FDVOU,0.9961288,High,56.032244861125946,2026-03-30 22:18:27.211093,XGBoost
4250-WAROZ,0.08160086,Low,7.609280172735453,2026-03-30 22:18:27.211093,XGBoost
4250-ZBWLV,0.56205124,Medium,60.954456612467766,2026-03-30 22:18:27.211093,XGBoost
4254-QPEDE,0.0002790119,Low,0.018484538595657796,2026-03-30 22:18:27.211093,XGBoost
4255-DDUOU,0.5685777,Medium,11.655842989683151,2026-03-30 22:18:27.211093,XGBoost
4256-ZWTZI,0.00077971484,Low,0.03976545698242262,2026-03-30 22:18:27.211093,XGBoost
4257-GAESD,0.36919737,Low,16.613881587982178,2026-03-30 22:18:27.211093,XGBoost
4273-MBHYA,0.001566108,Low,0.1399317468458321,2026-03-30 22:18:27.211093,XGBoost
4274-DRSQT,0.00044085665,Low,0.03919215579226148,2026-03-30 22:18:27.211093,XGBoost
4274-OWWYO,0.95468074,High,70.98051308095455,2026-03-30 22:18:27.211093,XGBoost
4277-BWBML,0.00015585644,Low,0.0031093359772057737,2026-03-30 22:18:27.211093,XGBoost
4277-PVRAN,0.71615565,High,57.364067423343656,2026-03-30 22:18:27.211093,XGBoost
4277-UDIEF,0.000434605,Low,0.035203004779759794,2026-03-30 22:18:27.211093,XGBoost
4280-DLSHD,0.00074478023,Low,0.040776717840344645,2026-03-30 22:18:27.211093,XGBoost
4282-ACRXS,0.0007165932,Low,0.01780734039202798,2026-03-30 22:18:27.211093,XGBoost
4282-MSACW,0.0012303279,Low,0.14419442731887103,2026-03-30 22:18:27.211093,XGBoost
4282-YMKNA,0.9975618,High,74.56774547696114,2026-03-30 22:18:27.211093,XGBoost
4283-FUTGF,0.5302749,Medium,42.34245297014713,2026-03-30 22:18:27.211093,XGBoost
4283-IVYCI,0.29798248,Low,19.353962342441083,2026-03-30 22:18:27.211093,XGBoost
4285-GYRQC,0.99858814,High,86.12822748720646,2026-03-30 22:18:27.211093,XGBoost
4289-DTDKW,0.6972364,Medium,70.63004921674728,2026-03-30 22:18:27.211093,XGBoost
4290-BSXUX,0.99851805,High,79.53196265995503,2026-03-30 22:18:27.211093,XGBoost
4291-HPAXL,0.3385689,Low,6.7205925866961485,2026-03-30 22:18:27.211093,XGBoost
4291-HYEBC,0.00041969772,Low,0.016410181019455194,2026-03-30 22:18:27.211093,XGBoost
4291-SHSBH,0.62714946,Medium,43.61824513077736,2026-03-30 22:18:27.211093,XGBoost
4291-TPNFG,0.030454282,Low,2.5063873853534457,2026-03-30 22:18:27.211093,XGBoost
4291-YZODP,0.0002911185,Low,0.005836925636685919,2026-03-30 22:18:27.211093,XGBoost
4293-ETKAP,0.010771299,Low,0.8552411232143641,2026-03-30 22:18:27.211093,XGBoost
4295-YURET,0.044804048,Low,3.252773869782686,2026-03-30 22:18:27.211093,XGBoost
4298-OYIFC,0.0015646846,Low,0.16186661740066485,2026-03-30 22:18:27.211093,XGBoost
4299-OPXEJ,0.0002920609,Low,0.005709790531545878,2026-03-30 22:18:27.211093,XGBoost
4299-SIMNS,0.69616497,Medium,56.49378696084023,2026-03-30 22:18:27.211093,XGBoost
4301-VVZKA,0.0015562812,Low,0.11734360498376191,2026-03-30 22:18:27.211093,XGBoost
4302-ZYFEL,0.00015102854,Low,0.0031036364249303005,2026-03-30 22:18:27.211093,XGBoost
4304-TSPVK,0.117206566,Low,13.467034437507392,2026-03-30 22:18:27.211093,XGBoost
4304-XUMGI,0.0003092274,Low,0.023238440071872903,2026-03-30 22:18:27.211093,XGBoost
4307-KTUMW,0.6177098,Medium,58.00295167565346,2026-03-30 22:18:27.211093,XGBoost
4307-KWMXE,0.0011504008,Low,0.04112683015409857,2026-03-30 22:18:27.211093,XGBoost
4310-KEDTB,0.0003834559,Low,0.011426985473372042,2026-03-30 22:18:27.211093,XGBoost
4311-QTTAI,0.00030904645,Low,0.005980048714263831,2026-03-30 22:18:27.211093,XGBoost
4312-GVYNH,0.00028914158,Low,0.014413707704807167,2026-03-30 22:18:27.211093,XGBoost
4312-KFRXN,0.00021658928,Low,0.005501367716351523,2026-03-30 22:18:27.211093,XGBoost
4315-MURBD,0.9023859,High,89.24596456885338,2026-03-30 22:18:27.211093,XGBoost
4316-XCSLJ,0.0005370805,Low,0.02701514993677847,2026-03-30 22:18:27.211093,XGBoost
4317-VTEOA,0.9983255,High,50.66502048075199,2026-03-30 22:18:27.211093,XGBoost
4318-RAJVY,0.0003532134,Low,0.006993625313043594,2026-03-30 22:18:27.211093,XGBoost
4320-QMLLA,0.0006210462,Low,0.034064382559154185,2026-03-30 22:18:27.211093,XGBoost
4322-RCYMT,0.9957296,High,75.47630559206009,2026-03-30 22:18:27.211093,XGBoost
4323-ELYYB,0.00037271975,Low,0.007454394944943488,2026-03-30 22:18:27.211093,XGBoost
4323-OHFOW,0.0013216786,Low,0.1395031796011608,2026-03-30 22:18:27.211093,XGBoost
4323-SADQS,0.99615866,High,34.367473751306534,2026-03-30 22:18:27.211093,XGBoost
4324-AHJKS,0.0011272465,Low,0.06290035662241279,2026-03-30 22:18:27.211093,XGBoost
4324-BZCKL,0.0005112296,Low,0.02839880540850572,2026-03-30 22:18:27.211093,XGBoost
4325-NFSKC,0.9978824,High,90.40814777612685,2026-03-30 22:18:27.211093,XGBoost
4328-VUFWD,0.00048694655,Low,0.028875930316280572,2026-03-30 22:18:27.211093,XGBoost
4329-YPDDQ,0.33956078,Low,36.7404760658741,2026-03-30 22:18:27.211093,XGBoost
4332-MUOEZ,0.00069019437,Low,0.06508532915613614,2026-03-30 22:18:27.211093,XGBoost
4334-HOWRP,0.03583559,Low,2.3275215843692423,2026-03-30 22:18:27.211093,XGBoost
4335-BSMJS,0.00033302978,Low,0.008592168241739273,2026-03-30 22:18:27.211093,XGBoost
4335-UPJSI,0.00015731336,Low,0.003106938922428526,2026-03-30 22:18:27.211093,XGBoost
4338-EYCER,0.00096567493,Low,0.05272585126804188,2026-03-30 22:18:27.211093,XGBoost
4342-HENTK,0.83499825,High,58.99262636303902,2026-03-30 22:18:27.211093,XGBoost
4342-HFXWS,0.0002422019,Low,0.016881472599925475,2026-03-30 22:18:27.211093,XGBoost
4343-EJVQB,0.0011611965,Low,0.08633495991816743,2026-03-30 22:18:27.211093,XGBoost
4349-GFQHK,0.99823713,High,54.25418817996979,2026-03-30 22:18:27.211093,XGBoost
4350-ZTLPI,0.0009842316,Low,0.10723203196539544,2026-03-30 22:18:27.211093,XGBoost
4351-QLCSU,0.9983909,High,54.911500215530396,2026-03-30 22:18:27.211093,XGBoost
4353-HYOJD,0.06521466,Low,3.2509506162256003,2026-03-30 22:18:27.211093,XGBoost
4355-CVPVS,0.01556114,Low,1.383385358657688,2026-03-30 22:18:27.211093,XGBoost
4355-HBJHH,0.31137386,Low,24.816496613621712,2026-03-30 22:18:27.211093,XGBoost
4359-INNWN,0.020742895,Low,0.41589504638686775,2026-03-30 22:18:27.211093,XGBoost
4360-PNRQB,0.22143231,Low,16.74028288722038,2026-03-30 22:18:27.211093,XGBoost
4360-QRAVE,0.43942273,Medium,16.10484293103218,2026-03-30 22:18:27.211093,XGBoost
4361-BKAXE,0.6832111,Medium,78.22766959667206,2026-03-30 22:18:27.211093,XGBoost
4361-FEBGN,0.0002556067,Low,0.005150474807305727,2026-03-30 22:18:27.211093,XGBoost
4361-JEIVL,0.9974158,High,44.28526067733765,2026-03-30 22:18:27.211093,XGBoost
4365-MSDYN,0.0009484035,Low,0.01854128835257143,2026-03-30 22:18:27.211093,XGBoost
4366-CTOUZ,0.00047172714,Low,0.04726705910288729,2026-03-30 22:18:27.211093,XGBoost
4367-NHWMM,0.0019723517,Low,0.04911155705340206,2026-03-30 22:18:27.211093,XGBoost
4369-HTUIF,0.99841774,High,85.01527014374733,2026-03-30 22:18:27.211093,XGBoost
4369-NYSCF,0.0005313425,Low,0.04024919595394749,2026-03-30 22:18:27.211093,XGBoost
4373-MAVJG,0.8619773,High,78.35373467803002,2026-03-30 22:18:27.211093,XGBoost
4373-VVHQL,0.0024465537,Low,0.10948327672667801,2026-03-30 22:18:27.211093,XGBoost
4374-YMUSQ,0.00081155234,Low,0.09434295927349012,2026-03-30 22:18:27.211093,XGBoost
4376-KFVRS,0.00031702817,Low,0.036157062866550405,2026-03-30 22:18:27.211093,XGBoost
4377-VDHYI,0.10642569,Low,9.66345244050026,2026-03-30 22:18:27.211093,XGBoost
4378-BZYFP,0.024379091,Low,0.49977137241512537,2026-03-30 22:18:27.211093,XGBoost
4378-MYPGO,0.00043814164,Low,0.04611440724693239,2026-03-30 22:18:27.211093,XGBoost
4381-MHQDC,0.000279453,Low,0.018164445064030588,2026-03-30 22:18:27.211093,XGBoost
4385-GZQXV,0.998262,High,94.28584478199483,2026-03-30 22:18:27.211093,XGBoost
4385-ZKVNW,0.00039637074,Low,0.021760753748822026,2026-03-30 22:18:27.211093,XGBoost
4389-UEFCZ,0.00052119046,Low,0.054985594004392624,2026-03-30 22:18:27.211093,XGBoost
4390-KYULV,0.99369794,High,20.420492693781853,2026-03-30 22:18:27.211093,XGBoost
4391-LNRXK,0.00092630985,Low,0.08795311999856495,2026-03-30 22:18:27.211093,XGBoost
4391-RESHN,0.9974164,High,103.78117403388023,2026-03-30 22:18:27.211093,XGBoost
4393-GEADV,0.017228771,Low,1.977001472376287,2026-03-30 22:18:27.211093,XGBoost
4393-OBCRR,0.00036159848,Low,0.007322369121538941,2026-03-30 22:18:27.211093,XGBoost
4393-RYCRE,0.0009795909,Low,0.10388561793370173,2026-03-30 22:18:27.211093,XGBoost
4395-PZMSN,0.0018868257,Low,0.16141793515416794,2026-03-30 22:18:27.211093,XGBoost
4396-KLSEH,0.2773034,Low,5.5044724434614185,2026-03-30 22:18:27.211093,XGBoost
4397-FRLTA,0.24112879,Low,4.858745066076517,2026-03-30 22:18:27.211093,XGBoost
4398-HSCJH,0.64839643,Medium,41.23801310062409,2026-03-30 22:18:27.211093,XGBoost
4402-FTBXC,0.22963668,Low,20.621374228596686,2026-03-30 22:18:27.211093,XGBoost
4403-BWPAY,0.00038734244,Low,0.009606092586182058,2026-03-30 22:18:27.211093,XGBoost
4404-HIBDJ,0.9963761,High,74.03074402213096,2026-03-30 22:18:27.211093,XGBoost
4412-YLTKF,0.9961682,High,77.75092771351338,2026-03-30 22:18:27.211093,XGBoost
4415-IJZTP,0.9442519,High,70.34676617383957,2026-03-30 22:18:27.211093,XGBoost
4415-WNGVR,0.0009043611,Low,0.07162539730779827,2026-03-30 22:18:27.211093,XGBoost
4418-LZMSV,0.0008564831,Low,0.052930656960234045,2026-03-30 22:18:27.211093,XGBoost
4419-UJMUS,0.021941273,Low,2.179865427035838,2026-03-30 22:18:27.211093,XGBoost
4422-QVIJA,0.032495413,Low,1.6296449607238173,2026-03-30 22:18:27.211093,XGBoost
4423-JWZJN,0.00022932036,Low,0.020696162300737342,2026-03-30 22:18:27.211093,XGBoost
4423-YLHDV,0.7104931,High,74.17547836303712,2026-03-30 22:18:27.211093,XGBoost
4424-TKOPW,0.8957845,High,84.0693750679493,2026-03-30 22:18:27.211093,XGBoost
4425-OWHWB,0.026730245,Low,0.5172302403487266,2026-03-30 22:18:27.211093,XGBoost
4429-WYGFR,0.0007424481,Low,0.03649132344580721,2026-03-30 22:18:27.211093,XGBoost
4430-UZIPO,0.9975521,High,36.759794768691066,2026-03-30 22:18:27.211093,XGBoost
4430-YHXGG,0.07100923,Low,1.8071849949657917,2026-03-30 22:18:27.211093,XGBoost
4431-EDMIQ,0.0012346032,Low,0.09345946457469836,2026-03-30 22:18:27.211093,XGBoost
4432-ADRLB,0.99738425,High,44.53320676982403,2026-03-30 22:18:27.211093,XGBoost
4433-JCGCG,0.99870837,High,100.86954510211945,2026-03-30 22:18:27.211093,XGBoost
4439-JMPMT,0.81361485,High,69.76747298240662,2026-03-30 22:18:27.211093,XGBoost
4439-YRNVD,0.001179056,Low,0.042740780336316675,2026-03-30 22:18:27.211093,XGBoost
4441-NIHPT,0.99723095,High,74.09425936341286,2026-03-30 22:18:27.211093,XGBoost
4443-EMBNA,0.00029692426,Low,0.007348875515162945,2026-03-30 22:18:27.211093,XGBoost
4445-KWOKW,0.00059146475,Low,0.03557660460064653,2026-03-30 22:18:27.211093,XGBoost
4445-ZJNMU,0.70179063,High,69.68780964016914,2026-03-30 22:18:27.211093,XGBoost
4446-BZKHU,0.99723285,High,105.25792777836323,2026-03-30 22:18:27.211093,XGBoost
4450-DLLMH,0.0011594667,Low,0.08266997475875541,2026-03-30 22:18:27.211093,XGBoost
4450-MDZFX,0.00024996168,Low,0.018584651066339573,2026-03-30 22:18:27.211093,XGBoost
4450-YOOHP,0.00070398446,Low,0.03565681310428772,2026-03-30 22:18:27.211093,XGBoost
4451-RWASJ,0.00032560277,Low,0.006349254021188244,2026-03-30 22:18:27.211093,XGBoost
4452-QIIEB,0.25398266,Low,11.149838912487029,2026-03-30 22:18:27.211093,XGBoost
4452-ROHMO,0.00023060146,Low,0.004519788711331785,2026-03-30 22:18:27.211093,XGBoost
4455-BFSPD,0.29195955,Low,29.531708882749083,2026-03-30 22:18:27.211093,XGBoost
4456-RHSNB,0.0006026737,Low,0.02989261457696557,2026-03-30 22:18:27.211093,XGBoost
4458-KVRBJ,0.026491027,Low,0.6622756831347942,2026-03-30 22:18:27.211093,XGBoost
4459-BBGHE,0.00033939397,Low,0.01510303164832294,2026-03-30 22:18:27.211093,XGBoost
4462-CYWMH,0.30561134,Low,27.443898528814316,2026-03-30 22:18:27.211093,XGBoost
4464-JCOLN,0.03905784,Low,0.775298117287457,2026-03-30 22:18:27.211093,XGBoost
4465-VDKIQ,0.0010298858,Low,0.08012511832639575,2026-03-30 22:18:27.211093,XGBoost
4468-KAZHE,0.0012157798,Low,0.07294678827747703,2026-03-30 22:18:27.211093,XGBoost
4468-YDOVK,0.19028851,Low,9.257536201179027,2026-03-30 22:18:27.211093,XGBoost
4471-KXAUH,0.9982942,High,84.15619892477989,2026-03-30 22:18:27.211093,XGBoost
4472-VESGY,0.00047788778,Low,0.04690468534972752,2026-03-30 22:18:27.211093,XGBoost
4475-NVTLU,0.0002198808,Low,0.0042217114940285684,2026-03-30 22:18:27.211093,XGBoost
4476-OSWTN,0.001038822,Low,0.11484177167876623,2026-03-30 22:18:27.211093,XGBoost
4480-MBMLB,0.2836673,Low,29.72833263874054,2026-03-30 22:18:27.211093,XGBoost
4480-QQRHC,0.4970909,Medium,36.80958158224821,2026-03-30 22:18:27.211093,XGBoost
4482-EWFMI,0.0014039262,Low,0.09785365427378566,2026-03-30 22:18:27.211093,XGBoost
4482-FTFFX,0.64902824,Medium,36.44293576776981,2026-03-30 22:18:27.211093,XGBoost
4484-CGXFK,0.9972675,High,55.148891901969904,2026-03-30 22:18:27.211093,XGBoost
4484-GLZOU,0.536832,Medium,56.39419897198677,2026-03-30 22:18:27.211093,XGBoost
4486-EFAEB,0.00058364245,Low,0.011906306049786507,2026-03-30 22:18:27.211093,XGBoost
4487-ZYJZK,0.00019608316,Low,0.003843229892663658,2026-03-30 22:18:27.211093,XGBoost
4488-KQFDT,0.0012110457,Low,0.12588819626835177,2026-03-30 22:18:27.211093,XGBoost
4488-PSYCG,0.99408746,High,20.130271017551422,2026-03-30 22:18:27.211093,XGBoost
4489-SNOJF,0.99379575,High,71.80174311995506,2026-03-30 22:18:27.211093,XGBoost
4495-LHSSK,0.06811042,Low,3.9265657879412172,2026-03-30 22:18:27.211093,XGBoost
4500-HKANN,0.00023528766,Low,0.014046673408302013,2026-03-30 22:18:27.211093,XGBoost
4501-EQDRN,0.9989924,High,69.62976912856102,2026-03-30 22:18:27.211093,XGBoost
4501-UYKBC,0.00042788323,Low,0.02956673152511939,2026-03-30 22:18:27.211093,XGBoost
4501-VCPFK,0.406815,Medium,14.543635979294777,2026-03-30 22:18:27.211093,XGBoost
4503-BDXBD,0.6303498,Medium,47.24471862614155,2026-03-30 22:18:27.211093,XGBoost
4504-YOULA,0.0003075548,Low,0.018284132060944102,2026-03-30 22:18:27.211093,XGBoost
4505-EXZHB,0.99808705,High,74.25767641067506,2026-03-30 22:18:27.211093,XGBoost
4508-OEBEY,0.0005119984,Low,0.03865588124608621,2026-03-30 22:18:27.211093,XGBoost
4510-HIMLV,0.99904114,High,69.73307157754898,2026-03-30 22:18:27.211093,XGBoost
4510-PYUSH,0.3993134,Low,22.820760253071786,2026-03-30 22:18:27.211093,XGBoost
4512-ZUIYL,0.99833786,High,69.88365054130554,2026-03-30 22:18:27.211093,XGBoost
4513-CXYIX,0.0002628947,Low,0.021215602030861192,2026-03-30 22:18:27.211093,XGBoost
4514-GFCFI,0.99845994,High,84.61947950720787,2026-03-30 22:18:27.211093,XGBoost
4518-FZBSX,0.00019810317,Low,0.004011589138826821,2026-03-30 22:18:27.211093,XGBoost
4521-WFJAI,0.00032716547,Low,0.008489943982567638,2026-03-30 22:18:27.211093,XGBoost
4521-YEEHE,0.001228312,Low,0.10913552390411495,2026-03-30 22:18:27.211093,XGBoost
4522-AKYLR,0.0012809285,Low,0.07019488159567118,2026-03-30 22:18:27.211093,XGBoost
4522-XRWWI,0.00047992927,Low,0.03861030941479839,2026-03-30 22:18:27.211093,XGBoost
4523-WXCEF,0.9982475,High,100.92282267808913,2026-03-30 22:18:27.211093,XGBoost
4524-QCSSM,0.0008923396,Low,0.0398429641907569,2026-03-30 22:18:27.211093,XGBoost
4525-VZCZG,0.00036118025,Low,0.03823092979000648,2026-03-30 22:18:27.211093,XGBoost
4526-EXKKN,0.018902764,Low,0.46500798761844636,2026-03-30 22:18:27.211093,XGBoost
4526-RMTLL,0.00029072684,Low,0.02213884851371404,2026-03-30 22:18:27.211093,XGBoost
4526-ZJJTM,0.0013002167,Low,0.11493915207684041,2026-03-30 22:18:27.211093,XGBoost
4529-CKBCL,0.9983456,High,80.06731820106506,2026-03-30 22:18:27.211093,XGBoost
4530-NDRKU,0.029594207,Low,0.5637696468271315,2026-03-30 22:18:27.211093,XGBoost
4531-AUZNK,0.00026969812,Low,0.025661776556808038,2026-03-30 22:18:27.211093,XGBoost
4534-WGCIR,0.02061961,Low,0.518583199661225,2026-03-30 22:18:27.211093,XGBoost
4536-PLEQY,0.43346494,Medium,36.866193518042564,2026-03-30 22:18:27.211093,XGBoost
4537-CIBHB,0.00033884632,Low,0.0068616380376624875,2026-03-30 22:18:27.211093,XGBoost
4537-DKTAL,0.64858425,Medium,29.543012434244154,2026-03-30 22:18:27.211093,XGBoost
4538-WNTMJ,0.00039296018,Low,0.00980435650999425,2026-03-30 22:18:27.211093,XGBoost
4541-RMRLG,0.99626356,High,19.178073599934578,2026-03-30 22:18:27.211093,XGBoost
4544-RXFMG,0.00030902907,Low,0.013427313099964523,2026-03-30 22:18:27.211093,XGBoost
4546-FOKWR,0.0011694094,Low,0.08741335041122511,2026-03-30 22:18:27.211093,XGBoost
4547-FZJWE,0.18235643,Low,10.841089887171984,2026-03-30 22:18:27.211093,XGBoost
4547-KQRTM,0.6612968,Medium,52.93680762946605,2026-03-30 22:18:27.211093,XGBoost
4547-LYTDD,0.64801913,Medium,47.078590157628064,2026-03-30 22:18:27.211093,XGBoost
4548-SDBKE,0.99834216,High,85.05875172615052,2026-03-30 22:18:27.211093,XGBoost
4549-ZDQYY,0.000576529,Low,0.03340985622198787,2026-03-30 22:18:27.211093,XGBoost
4550-EVXNY,0.9252682,High,64.44492826461793,2026-03-30 22:18:27.211093,XGBoost
4550-VBOFE,0.9986345,High,102.80942354500294,2026-03-30 22:18:27.211093,XGBoost
4553-DVPZG,0.43621022,Medium,44.20990529954433,2026-03-30 22:18:27.211093,XGBoost
4554-YGZIH,0.9974554,High,89.82086040079594,2026-03-30 22:18:27.211093,XGBoost
4558-CGYCZ,0.0006121618,Low,0.012090195959899575,2026-03-30 22:18:27.211093,XGBoost
4558-FANTW,0.99864143,High,91.72521546781063,2026-03-30 22:18:27.211093,XGBoost
4559-UWIHT,0.6171167,Medium,51.004694402217865,2026-03-30 22:18:27.211093,XGBoost
4560-WQAQW,0.00034472303,Low,0.02368247192061972,2026-03-30 22:18:27.211093,XGBoost
4565-EVZMJ,0.0004595792,Low,0.027069214757648296,2026-03-30 22:18:27.211093,XGBoost
4565-NLZBV,0.00028214112,Low,0.006954778560611885,2026-03-30 22:18:27.211093,XGBoost
4566-GOLUK,0.99823713,High,107.16075623035431,2026-03-30 22:18:27.211093,XGBoost
4566-NECEV,0.0023150942,Low,0.22352234779391436,2026-03-30 22:18:27.211093,XGBoost
4566-QVRRW,0.996986,High,43.91723206341266,2026-03-30 22:18:27.211093,XGBoost
4567-AKPIA,0.014765043,Low,1.6108661707490681,2026-03-30 22:18:27.211093,XGBoost
4568-KNYWR,0.00046523192,Low,0.02942591884493595,2026-03-30 22:18:27.211093,XGBoost
4568-TTZRT,0.0007668911,Low,0.015644578705541787,2026-03-30 22:18:27.211093,XGBoost
4570-QHXHL,0.49074498,Medium,21.470092795789242,2026-03-30 22:18:27.211093,XGBoost
4572-DVCGN,0.9988207,High,80.15536294877529,2026-03-30 22:18:27.211093,XGBoost
4573-JKNAE,0.016920807,Low,0.32741761235520245,2026-03-30 22:18:27.211093,XGBoost
4576-CSAJH,0.99529064,High,54.890278631448744,2026-03-30 22:18:27.211093,XGBoost
4578-PHJYZ,0.00028113846,Low,0.019328269263496622,2026-03-30 22:18:27.211093,XGBoost
4580-TMHJU,0.6633442,Medium,37.24677707850933,2026-03-30 22:18:27.211093,XGBoost
4581-LNWUM,0.46461305,Medium,22.835731418430804,2026-03-30 22:18:27.211093,XGBoost
4581-SSPWD,0.9984841,High,75.6850928902626,2026-03-30 22:18:27.211093,XGBoost
4583-PARNH,0.0019703824,Low,0.18038850938901305,2026-03-30 22:18:27.211093,XGBoost
4584-LBNMK,0.00037483207,Low,0.009258352231699973,2026-03-30 22:18:27.211093,XGBoost
4585-HETAI,0.99831176,High,73.62549215555191,2026-03-30 22:18:27.211093,XGBoost
4587-NUKOX,0.8684757,High,68.69642593860625,2026-03-30 22:18:27.211093,XGBoost
4587-VVTOX,0.9990067,High,105.19540430903434,2026-03-30 22:18:27.211093,XGBoost
4588-YBNIB,0.99703765,High,19.541937923431398,2026-03-30 22:18:27.211093,XGBoost
4589-IUAJB,0.015560899,Low,0.37735179904848337,2026-03-30 22:18:27.211093,XGBoost
4592-IWTJI,0.99502254,High,29.55216929912567,2026-03-30 22:18:27.211093,XGBoost
4597-ELFTS,0.9939599,High,24.74960160255432,2026-03-30 22:18:27.211093,XGBoost
4597-NUCQV,0.9979966,High,101.047158613801,2026-03-30 22:18:27.211093,XGBoost
4598-XLKNJ,0.9974124,High,98.24511978030205,2026-03-30 22:18:27.211093,XGBoost
4598-ZADCK,0.00064410904,Low,0.034524244396016,2026-03-30 22:18:27.211093,XGBoost
4603-JANFB,0.9990006,High,69.7801925331354,2026-03-30 22:18:27.211093,XGBoost
4607-CHPCA,0.9962381,High,90.05992536544801,2026-03-30 22:18:27.211093,XGBoost
4608-LCIMN,0.0006689388,Low,0.029868117222213185,2026-03-30 22:18:27.211093,XGBoost
4609-KNNWG,0.00016175497,Low,0.003218923932581674,2026-03-30 22:18:27.211093,XGBoost
4611-ANLQC,0.31741768,Low,15.886754944920538,2026-03-30 22:18:27.211093,XGBoost
4612-SSVHJ,0.0013724517,Low,0.11178618780104443,2026-03-30 22:18:27.211093,XGBoost
4612-THJBS,0.9969125,High,104.42658221721649,2026-03-30 22:18:27.211093,XGBoost
4614-NUVZD,0.998621,High,80.98816204071045,2026-03-30 22:18:27.211093,XGBoost
4615-PIVVU,0.00031178776,Low,0.020733886311063543,2026-03-30 22:18:27.211093,XGBoost
4616-EWBNJ,0.00042468475,Low,0.008536163534154186,2026-03-30 22:18:27.211093,XGBoost
4616-ULAOA,0.0002409041,Low,0.026692174770869315,2026-03-30 22:18:27.211093,XGBoost
4619-EVPHY,0.0007483677,Low,0.06810145970666781,2026-03-30 22:18:27.211093,XGBoost
4622-YNKIJ,0.0005139469,Low,0.04571557929448318,2026-03-30 22:18:27.211093,XGBoost
4623-ZKHLY,0.00078823173,Low,0.016119338868884368,2026-03-30 22:18:27.211093,XGBoost
4625-EWPTF,0.9970145,High,30.359092211723326,2026-03-30 22:18:27.211093,XGBoost
4625-LAMOB,0.00023107864,Low,0.004714004189008847,2026-03-30 22:18:27.211093,XGBoost
4625-XMOYM,0.00016262596,Low,0.004268931497790618,2026-03-30 22:18:27.211093,XGBoost
4626-GYCZP,0.79503316,High,74.61386177241802,2026-03-30 22:18:27.211093,XGBoost
4626-OZDTJ,0.19094203,Low,15.017590983957053,2026-03-30 22:18:27.211093,XGBoost
4627-MIHJH,0.11175109,Low,12.320557342842221,2026-03-30 22:18:27.211093,XGBoost
4628-CTTLA,0.39985526,Low,15.714311563968657,2026-03-30 22:18:27.211093,XGBoost
4628-WQCQQ,0.99557686,High,84.77336950302124,2026-03-30 22:18:27.211093,XGBoost
4629-NRXKX,0.9013909,High,63.4579200744629,2026-03-30 22:18:27.211093,XGBoost
4631-OACRM,0.73235667,High,58.149119400978094,2026-03-30 22:18:27.211093,XGBoost
4632-PAOYU,0.00019294789,Low,0.003849310394434724,2026-03-30 22:18:27.211093,XGBoost
4632-XJMEX,0.00029513772,Low,0.01854940599150723,2026-03-30 22:18:27.211093,XGBoost
4633-MKHYU,0.0019747382,Low,0.1745668571442366,2026-03-30 22:18:27.211093,XGBoost
4634-JLRJT,0.0010225577,Low,0.02080904976464808,2026-03-30 22:18:27.211093,XGBoost
4635-EJYPD,0.0001913014,Low,0.0036251615005312484,2026-03-30 22:18:27.211093,XGBoost
4636-JGAAI,0.40154064,Medium,35.67688559889793,2026-03-30 22:18:27.211093,XGBoost
4636-OLWOE,0.00024021305,Low,0.014652995960204862,2026-03-30 22:18:27.211093,XGBoost
4636-QRJKY,0.9984628,High,80.37625509500504,2026-03-30 22:18:27.211093,XGBoost
4636-TVXVG,0.00021819524,Low,0.00435299511955236,2026-03-30 22:18:27.211093,XGBoost
4640-UHDOS,0.9972989,High,55.79887324869633,2026-03-30 22:18:27.211093,XGBoost
4641-FROLU,0.00016847001,Low,0.003251471211842727,2026-03-30 22:18:27.211093,XGBoost
4644-OBGFZ,0.00027462063,Low,0.005355102286557667,2026-03-30 22:18:27.211093,XGBoost
4644-PIZRT,0.0003686274,Low,0.025932937550533094,2026-03-30 22:18:27.211093,XGBoost
4646-QZXTF,0.0025307345,Low,0.2056221797829494,2026-03-30 22:18:27.211093,XGBoost
4647-MUZON,0.0016273042,Low,0.15613984201918357,2026-03-30 22:18:27.211093,XGBoost
4647-XXZAM,0.0011475431,Low,0.05221321014687419,2026-03-30 22:18:27.211093,XGBoost
4648-YPBTM,0.00028457656,Low,0.02103020746726543,2026-03-30 22:18:27.211093,XGBoost
4652-NNHNY,0.43660742,Medium,32.24345799982547,2026-03-30 22:18:27.211093,XGBoost
4652-ODEVH,0.00017496556,Low,0.004277908038056921,2026-03-30 22:18:27.211093,XGBoost
4654-DLAMQ,0.1497106,Low,14.521927773952484,2026-03-30 22:18:27.211093,XGBoost
4654-GGUII,0.00044805714,Low,0.01801189690595493,2026-03-30 22:18:27.211093,XGBoost
4654-ULTTN,0.00043164735,Low,0.03228722175117582,2026-03-30 22:18:27.211093,XGBoost
4656-CAURT,0.00028178465,Low,0.006748742471972946,2026-03-30 22:18:27.211093,XGBoost
4657-FWVFY,0.0008262493,Low,0.07960912068665493,2026-03-30 22:18:27.211093,XGBoost
4658-HCOHW,0.99825555,High,102.62067062854767,2026-03-30 22:18:27.211093,XGBoost
4659-NZRUF,0.5710381,Medium,54.33427777886391,2026-03-30 22:18:27.211093,XGBoost
4660-IRIBM,0.00049041776,Low,0.043107721296837556,2026-03-30 22:18:27.211093,XGBoost
4661-NJEUX,0.001904565,Low,0.03818652877234854,2026-03-30 22:18:27.211093,XGBoost
4662-EKDPQ,0.9982158,High,61.93929005265235,2026-03-30 22:18:27.211093,XGBoost
4664-NJCMS,0.07806627,Low,4.648846204206348,2026-03-30 22:18:27.211093,XGBoost
4667-OHGKG,0.9966376,High,19.23510534763336,2026-03-30 22:18:27.211093,XGBoost
4667-QONEA,0.00042446397,Low,0.031771128250693434,2026-03-30 22:18:27.211093,XGBoost
4670-TABXH,0.03454612,Low,3.79143647570163,2026-03-30 22:18:27.211093,XGBoost
4671-LXRDQ,0.9985141,High,44.93313521146774,2026-03-30 22:18:27.211093,XGBoost
4671-VJLCL,0.029348655,Low,2.343490075599402,2026-03-30 22:18:27.211093,XGBoost
4672-FOTSD,0.0009785108,Low,0.06580485310405493,2026-03-30 22:18:27.211093,XGBoost
4673-KKSLS,0.0015580975,Low,0.13648934494704007,2026-03-30 22:18:27.211093,XGBoost
4674-HGNUA,0.00015973956,Low,0.014360586473776494,2026-03-30 22:18:27.211093,XGBoost
4676-MQUEA,0.0011708997,Low,0.11931468136608601,2026-03-30 22:18:27.211093,XGBoost
4676-WLUHT,0.00046373185,Low,0.021424411417683586,2026-03-30 22:18:27.211093,XGBoost
4678-DVQEO,0.8630356,High,45.05045932531357,2026-03-30 22:18:27.211093,XGBoost
4680-KUTAJ,0.4900828,Medium,27.24860370159149,2026-03-30 22:18:27.211093,XGBoost
4682-BLBUC,0.18854769,Low,13.377458303421736,2026-03-30 22:18:27.211093,XGBoost
4683-WYDOU,0.00075242197,Low,0.08096060387324541,2026-03-30 22:18:27.211093,XGBoost
4685-ERGHK,0.13469018,Low,11.704576678574085,2026-03-30 22:18:27.211093,XGBoost
4685-TFLLS,0.0128334295,Low,0.25410190410912037,2026-03-30 22:18:27.211093,XGBoost
4686-GEFRM,0.0004895161,Low,0.04831524158944376,2026-03-30 22:18:27.211093,XGBoost
4686-UXDML,0.4851897,Medium,48.446192152798176,2026-03-30 22:18:27.211093,XGBoost
4690-LLKUA,0.60115385,Medium,27.081980967521666,2026-03-30 22:18:27.211093,XGBoost
4690-PKDQG,0.0024003398,Low,0.22935246921842917,2026-03-30 22:18:27.211093,XGBoost
4692-NNQRU,0.0008356256,Low,0.06618154523894192,2026-03-30 22:18:27.211093,XGBoost
4693-VWVBO,0.00078805897,Low,0.015406552847707644,2026-03-30 22:18:27.211093,XGBoost
4694-PHWFW,0.00061876705,Low,0.012344402677263134,2026-03-30 22:18:27.211093,XGBoost
4695-VADHF,0.9975063,High,57.30673811137677,2026-03-30 22:18:27.211093,XGBoost
4695-WJZUE,0.885609,High,78.42067439258098,2026-03-30 22:18:27.211093,XGBoost
4697-LUPSU,0.00039168465,Low,0.007912029873114079,2026-03-30 22:18:27.211093,XGBoost
4698-KVLLG,0.015041753,Low,0.2948183532804251,2026-03-30 22:18:27.211093,XGBoost
4700-UBQMV,0.000272828,Low,0.02070764586387668,2026-03-30 22:18:27.211093,XGBoost
4701-AHWMW,0.44266912,Medium,24.14760068207979,2026-03-30 22:18:27.211093,XGBoost
4701-LKOZD,0.040369388,Low,3.6231525475159287,2026-03-30 22:18:27.211093,XGBoost
4701-MLJPN,0.44359714,Medium,24.5087418705225,2026-03-30 22:18:27.211093,XGBoost
4702-HDRKD,0.0003683483,Low,0.01817798829433741,2026-03-30 22:18:27.211093,XGBoost
4702-IOQDC,0.99885845,High,70.01997747421264,2026-03-30 22:18:27.211093,XGBoost
4703-MQYKT,0.0003094902,Low,0.006066007749177516,2026-03-30 22:18:27.211093,XGBoost
4704-ERYFC,0.99776447,High,69.095189422369,2026-03-30 22:18:27.211093,XGBoost
4706-AXVKM,0.8482238,High,71.92937870025635,2026-03-30 22:18:27.211093,XGBoost
4706-DGAHW,0.0028798115,Low,0.13016747757792474,2026-03-30 22:18:27.211093,XGBoost
4707-MAXGU,0.00021181669,Low,0.005475461398600601,2026-03-30 22:18:27.211093,XGBoost
4707-YNOQA,0.00016987532,Low,0.004348808154463768,2026-03-30 22:18:27.211093,XGBoost
4709-LKHYG,0.00044054745,Low,0.00881094892974943,2026-03-30 22:18:27.211093,XGBoost
4710-FDUIZ,0.4368792,Medium,43.81898253858089,2026-03-30 22:18:27.211093,XGBoost
4710-NKCAW,0.00046555686,Low,0.029981861962005498,2026-03-30 22:18:27.211093,XGBoost
4712-AUQZO,0.00078574684,Low,0.02640109397470951,2026-03-30 22:18:27.211093,XGBoost
4712-UYOOI,0.051516388,Low,1.0303277522325516,2026-03-30 22:18:27.211093,XGBoost
4713-LZDRV,0.99861825,High,79.49001231193542,2026-03-30 22:18:27.211093,XGBoost
4713-ZBURT,0.00019282117,Low,0.019224270785343833,2026-03-30 22:18:27.211093,XGBoost
4716-HHKQH,0.48542073,Medium,51.96428954154253,2026-03-30 22:18:27.211093,XGBoost
4716-MRVEN,0.019601405,Low,0.3920280933380127,2026-03-30 22:18:27.211093,XGBoost
4717-GHADL,0.00029682234,Low,0.02362705839332193,2026-03-30 22:18:27.211093,XGBoost
4718-DHSMV,0.00070083665,Low,0.0250899521401152,2026-03-30 22:18:27.211093,XGBoost
4718-WXBGI,0.00013624443,Low,0.012527675421733876,2026-03-30 22:18:27.211093,XGBoost
4719-UMSIY,0.0004221421,Low,0.008295092202024533,2026-03-30 22:18:27.211093,XGBoost
4720-VSTSI,0.42684552,Medium,36.19650015830994,2026-03-30 22:18:27.211093,XGBoost
4723-BEGSG,0.00020058795,Low,0.01738094591346453,2026-03-30 22:18:27.211093,XGBoost
4724-WXVWF,0.0010596976,Low,0.10109515024814755,2026-03-30 22:18:27.211093,XGBoost
4726-DLWQN,0.00053581933,Low,0.03769488988327793,2026-03-30 22:18:27.211093,XGBoost
4727-MCYZG,0.0017891532,Low,0.09938746049883775,2026-03-30 22:18:27.211093,XGBoost
4729-XKASR,0.99567765,High,24.64302183687687,2026-03-30 22:18:27.211093,XGBoost
4730-AWNAU,0.12971938,Low,7.873966157436371,2026-03-30 22:18:27.211093,XGBoost
4732-RRJZC,0.00053738983,Low,0.010882144080824219,2026-03-30 22:18:27.211093,XGBoost
4735-ASGMA,0.9985292,High,98.20534640550613,2026-03-30 22:18:27.211093,XGBoost
4735-BJKOU,0.00025977052,Low,0.005234375917643774,2026-03-30 22:18:27.211093,XGBoost
4737-AQCPU,0.00023368688,Low,0.016848823928739876,2026-03-30 22:18:27.211093,XGBoost
4737-HOBAX,0.00034098493,Low,0.027210597455268725,2026-03-30 22:18:27.211093,XGBoost
4741-WWJQZ,0.0025271513,Low,0.2025511732324958,2026-03-30 22:18:27.211093,XGBoost
4742-DRORA,0.0006558957,Low,0.06257244797889143,2026-03-30 22:18:27.211093,XGBoost
4742-TXUEX,0.00020322282,Low,0.003922200467786752,2026-03-30 22:18:27.211093,XGBoost
4745-LSPLO,0.9975133,High,20.4490225315094,2026-03-30 22:18:27.211093,XGBoost
4747-LCAQL,0.00096674875,Low,0.07637315097963437,2026-03-30 22:18:27.211093,XGBoost
4749-OJKQU,0.0020547241,Low,0.1554398814798333,2026-03-30 22:18:27.211093,XGBoost
4749-VFKVB,0.9975587,High,49.97769151926041,2026-03-30 22:18:27.211093,XGBoost
4750-UKWJK,0.067229815,Low,1.3177043706178666,2026-03-30 22:18:27.211093,XGBoost
4750-ZRXIU,0.9986588,High,84.48653247356414,2026-03-30 22:18:27.211093,XGBoost
4751-ERMAN,0.00028449734,Low,0.0214510990655981,2026-03-30 22:18:27.211093,XGBoost
4753-PADAS,0.18720359,Low,19.78741905093193,2026-03-30 22:18:27.211093,XGBoost
4759-PXTAN,0.0006077442,Low,0.04868031110381707,2026-03-30 22:18:27.211093,XGBoost
4759-TRPLW,0.89536005,High,63.033347702026376,2026-03-30 22:18:27.211093,XGBoost
4760-THGOT,0.57734215,Medium,54.32789655923843,2026-03-30 22:18:27.211093,XGBoost
4760-XOHVN,0.9969433,High,19.39054708778858,2026-03-30 22:18:27.211093,XGBoost
4763-PGDPO,0.99743575,High,70.2194766998291,2026-03-30 22:18:27.211093,XGBoost
4765-OXPPD,0.32071567,Low,20.84651827812195,2026-03-30 22:18:27.211093,XGBoost
4767-HZZHQ,0.00045716183,Low,0.037510128460417035,2026-03-30 22:18:27.211093,XGBoost
4770-QAZXN,0.00040522421,Low,0.007881610977347008,2026-03-30 22:18:27.211093,XGBoost
4770-UEZOX,0.0016255204,Low,0.12150765064870939,2026-03-30 22:18:27.211093,XGBoost
4774-HHGGS,0.00024860195,Low,0.004735867169802077,2026-03-30 22:18:27.211093,XGBoost
4776-XSKYQ,0.00039462736,Low,0.011937477778701577,2026-03-30 22:18:27.211093,XGBoost
4778-IZARL,0.00031514355,Low,0.03469730509095825,2026-03-30 22:18:27.211093,XGBoost
4779-ZGICK,0.011388552,Low,0.26820040843449533,2026-03-30 22:18:27.211093,XGBoost
4781-ZXYGU,0.0018978592,Low,0.03824186195852235,2026-03-30 22:18:27.211093,XGBoost
4782-OSFXZ,0.00019977293,Low,0.016521221051516478,2026-03-30 22:18:27.211093,XGBoost
4785-FCIFB,0.00026872946,Low,0.006556998868472874,2026-03-30 22:18:27.211093,XGBoost
4785-NKHCX,0.0007411608,Low,0.01486027452046983,2026-03-30 22:18:27.211093,XGBoost
4785-QRJHC,0.3114595,Low,18.656424739956854,2026-03-30 22:18:27.211093,XGBoost
4786-UKSNZ,0.9973901,High,20.147279846668244,2026-03-30 22:18:27.211093,XGBoost
4789-KWMXN,0.99685043,High,110.5008702725172,2026-03-30 22:18:27.211093,XGBoost
4791-QRGMF,0.46225953,Medium,45.99482333660126,2026-03-30 22:18:27.211093,XGBoost
4795-KTRTH,0.99915516,High,80.93156826496124,2026-03-30 22:18:27.211093,XGBoost
4795-UXVCJ,0.01831905,Low,0.36271718703210354,2026-03-30 22:18:27.211093,XGBoost
4795-WRNVT,0.00077626633,Low,0.05053493807790801,2026-03-30 22:18:27.211093,XGBoost
4797-AXPXK,0.99817955,High,59.8907732963562,2026-03-30 22:18:27.211093,XGBoost
4797-MIWUM,0.00057303713,Low,0.011604001963860355,2026-03-30 22:18:27.211093,XGBoost
4800-CZMPC,0.28504077,Low,29.430459089577198,2026-03-30 22:18:27.211093,XGBoost
4800-VHZKI,0.99582773,High,19.81697191596031,2026-03-30 22:18:27.211093,XGBoost
4801-JZAZL,0.00060515734,Low,0.017912657372653486,2026-03-30 22:18:27.211093,XGBoost
4801-KFYKL,0.00073808484,Low,0.01435575014038477,2026-03-30 22:18:27.211093,XGBoost
4803-AXVYP,0.9985637,High,99.40701701939106,2026-03-30 22:18:27.211093,XGBoost
4803-LBYPN,0.0003162059,Low,0.006577082723379135,2026-03-30 22:18:27.211093,XGBoost
4804-NCPET,0.00019056245,Low,0.0038493615342304107,2026-03-30 22:18:27.211093,XGBoost
4806-DXQCE,0.0010641153,Low,0.1209367061557714,2026-03-30 22:18:27.211093,XGBoost
4806-HIPDW,0.95098627,High,65.57050305008889,2026-03-30 22:18:27.211093,XGBoost
4806-KEXQR,0.77362657,High,61.81276261806489,2026-03-30 22:18:27.211093,XGBoost
4807-IZYOZ,0.01833371,Low,0.378591126576066,2026-03-30 22:18:27.211093,XGBoost
4808-YNLEU,0.000666981,Low,0.041452867962652816,2026-03-30 22:18:27.211093,XGBoost
4811-JBUVU,0.000680472,Low,0.06117443309631199,2026-03-30 22:18:27.211093,XGBoost
4813-HQMGZ,0.7682164,High,69.331527531147,2026-03-30 22:18:27.211093,XGBoost
4815-GBTCD,0.0014893387,Low,0.03745686825131997,2026-03-30 22:18:27.211093,XGBoost
4815-TUMEQ,0.0003211137,Low,0.006197494568186812,2026-03-30 22:18:27.211093,XGBoost
4815-YOSUK,0.0002604093,Low,0.02731693429814186,2026-03-30 22:18:27.211093,XGBoost
4816-JBHOV,0.99831957,High,44.62488461136818,2026-03-30 22:18:27.211093,XGBoost
4816-LXZYW,0.642768,Medium,50.87508921027184,2026-03-30 22:18:27.211093,XGBoost
4816-OKWNX,0.057301585,Low,5.924983850866557,2026-03-30 22:18:27.211093,XGBoost
4817-KEQSP,0.00021829097,Low,0.0043330756867362655,2026-03-30 22:18:27.211093,XGBoost
4817-QRJSX,0.99806386,High,80.84317284822464,2026-03-30 22:18:27.211093,XGBoost
4817-VYYWS,0.9984676,High,100.04645594358445,2026-03-30 22:18:27.211093,XGBoost
4818-DRBQT,0.9978551,High,79.97808841764927,2026-03-30 22:18:27.211093,XGBoost
4818-QIUFN,0.9975788,High,78.95836199820042,2026-03-30 22:18:27.211093,XGBoost
4819-HJPIW,0.0004823966,Low,0.012132274515170138,2026-03-30 22:18:27.211093,XGBoost
4821-SJHJV,0.0005412555,Low,0.0484964944422245,2026-03-30 22:18:27.211093,XGBoost
4821-WQOYN,0.00017690363,Low,0.0035557629962568176,2026-03-30 22:18:27.211093,XGBoost
4822-LPTYJ,0.00060484913,Low,0.06275309766351711,2026-03-30 22:18:27.211093,XGBoost
4822-NGOCH,0.6085484,Medium,51.391912615299226,2026-03-30 22:18:27.211093,XGBoost
4822-RVYBB,0.9985784,High,100.45698997974395,2026-03-30 22:18:27.211093,XGBoost
4822-YCXMX,0.5041303,Medium,42.750249767303465,2026-03-30 22:18:27.211093,XGBoost
4824-GUCBY,0.0015703405,Low,0.12829681711737068,2026-03-30 22:18:27.211093,XGBoost
4825-FUREZ,0.00045733753,Low,0.009261085055186413,2026-03-30 22:18:27.211093,XGBoost
4825-XJGDM,0.00047574297,Low,0.02078996781492606,2026-03-30 22:18:27.211093,XGBoost
4826-DXMUP,0.00025748028,Low,0.018564328071079217,2026-03-30 22:18:27.211093,XGBoost
4826-TZEVA,0.0008773729,Low,0.06562749445438384,2026-03-30 22:18:27.211093,XGBoost
4826-XTSOH,0.9992601,High,85.98633397519588,2026-03-30 22:18:27.211093,XGBoost
4827-DPADN,0.00014943261,Low,0.012447736696049105,2026-03-30 22:18:27.211093,XGBoost
4827-LTQRJ,0.025547776,Low,2.825584066659212,2026-03-30 22:18:27.211093,XGBoost
4827-USJHP,0.0006220224,Low,0.032220758928451686,2026-03-30 22:18:27.211093,XGBoost
4828-FAZPK,0.0944693,Low,7.552820647135377,2026-03-30 22:18:27.211093,XGBoost
4829-AUOAX,0.6294713,Medium,60.46071856021881,2026-03-30 22:18:27.211093,XGBoost
4829-ZLJTK,0.00039098054,Low,0.043946212495211516,2026-03-30 22:18:27.211093,XGBoost
4830-FAXFM,0.0003937482,Low,0.009489331525401212,2026-03-30 22:18:27.211093,XGBoost
4831-EOBFE,0.72256595,High,68.3908670693636,2026-03-30 22:18:27.211093,XGBoost
4832-VRBMR,0.00079617254,Low,0.08212519699009135,2026-03-30 22:18:27.211093,XGBoost
4833-QTJNO,0.0006624941,Low,0.05555013041594065,2026-03-30 22:18:27.211093,XGBoost
4835-YSJMR,0.00034433446,Low,0.017147856170777232,2026-03-30 22:18:27.211093,XGBoost
4836-WNFNO,0.000255624,Low,0.00639060017419979,2026-03-30 22:18:27.211093,XGBoost
4837-PZTIC,0.00027620187,Low,0.011572858365252613,2026-03-30 22:18:27.211093,XGBoost
4837-QUSFT,0.16349816,Low,16.37434104681015,2026-03-30 22:18:27.211093,XGBoost
4840-ORQXB,0.00078139664,Low,0.08185129769844934,2026-03-30 22:18:27.211093,XGBoost
4844-JJWUY,0.9993857,High,85.94717144966125,2026-03-30 22:18:27.211093,XGBoost
4846-WHAFZ,0.59516233,Medium,45.529918402433395,2026-03-30 22:18:27.211093,XGBoost
4847-QNOKA,0.705626,High,31.682607889175415,2026-03-30 22:18:27.211093,XGBoost
4847-TAJYI,0.7417803,High,66.27806811332702,2026-03-30 22:18:27.211093,XGBoost
4849-PYRLQ,0.00030887238,Low,0.022624901481322013,2026-03-30 22:18:27.211093,XGBoost
4851-BQDNX,0.0003349421,Low,0.0284868257920607,2026-03-30 22:18:27.211093,XGBoost
4853-OITSN,0.001341466,Low,0.11959169185138309,2026-03-30 22:18:27.211093,XGBoost
4853-RULSV,0.4667705,Medium,48.54413199424744,2026-03-30 22:18:27.211093,XGBoost
4854-CIDCF,0.79094625,High,58.4113802075386,2026-03-30 22:18:27.211093,XGBoost
4854-SSLTN,0.00033802196,Low,0.020112306432565674,2026-03-30 22:18:27.211093,XGBoost
4855-SNKMY,0.8124077,High,35.82717835307121,2026-03-30 22:18:27.211093,XGBoost
4859-ZSRDZ,0.043747768,Low,2.4280011132359505,2026-03-30 22:18:27.211093,XGBoost
4860-IJUDE,0.33907548,Low,25.00681634992361,2026-03-30 22:18:27.211093,XGBoost
4860-YZGZM,0.0005529649,Low,0.011059298412874341,2026-03-30 22:18:27.211093,XGBoost
4868-AADLV,0.00034618843,Low,0.04024440539069474,2026-03-30 22:18:27.211093,XGBoost
4869-EPIUS,0.00066501653,Low,0.05379983732127585,2026-03-30 22:18:27.211093,XGBoost
4871-JTKJF,0.99915814,High,69.59136472940446,2026-03-30 22:18:27.211093,XGBoost
4872-JCVCA,0.00028647226,Low,0.013636079709976911,2026-03-30 22:18:27.211093,XGBoost
4872-VXRIL,0.07776101,Low,5.027249253541232,2026-03-30 22:18:27.211093,XGBoost
4873-ILOLJ,0.6296774,Medium,56.891354435682295,2026-03-30 22:18:27.211093,XGBoost
4877-EVATK,0.99700016,High,19.940003156661987,2026-03-30 22:18:27.211093,XGBoost
4877-TSOFF,0.00024480958,Low,0.018544325423135888,2026-03-30 22:18:27.211093,XGBoost
4878-BUNFV,0.011979991,Low,0.24798580622300503,2026-03-30 22:18:27.211093,XGBoost
4879-GZLFH,0.0005850697,Low,0.053914173340308486,2026-03-30 22:18:27.211093,XGBoost
4881-GQJTW,0.00040990242,Low,0.008034087484702468,2026-03-30 22:18:27.211093,XGBoost
4881-JVQOD,0.0007279321,Low,0.025150053546531125,2026-03-30 22:18:27.211093,XGBoost
4883-KCPZJ,0.008009747,Low,0.20224610343575478,2026-03-30 22:18:27.211093,XGBoost
4883-QICIH,0.9970181,High,69.54201239347458,2026-03-30 22:18:27.211093,XGBoost
4884-LEVMQ,0.02759837,Low,0.5643866637721657,2026-03-30 22:18:27.211093,XGBoost
4884-TVUQF,0.0005637358,Low,0.0571064347808715,2026-03-30 22:18:27.211093,XGBoost
4884-ZTHVF,0.7505458,High,65.37253915667533,2026-03-30 22:18:27.211093,XGBoost
4890-VMUAV,0.0003384318,Low,0.02419787348480895,2026-03-30 22:18:27.211093,XGBoost
4891-NLUBA,0.00018320876,Low,0.011258178194111679,2026-03-30 22:18:27.211093,XGBoost
4892-VLANZ,0.9973544,High,19.74761688709259,2026-03-30 22:18:27.211093,XGBoost
4893-GYUJU,0.00031487926,Low,0.006092913686006796,2026-03-30 22:18:27.211093,XGBoost
4895-TMWIR,0.16908924,Low,3.373330394178629,2026-03-30 22:18:27.211093,XGBoost
4896-CPRPF,0.00025533047,Low,0.006498160352930426,2026-03-30 22:18:27.211093,XGBoost
4897-QSUYC,0.99727756,High,20.095142790675162,2026-03-30 22:18:27.211093,XGBoost
4900-MSOMT,0.0001668625,Low,0.013382372865453364,2026-03-30 22:18:27.211093,XGBoost
4902-OHLSK,0.99837166,High,98.48936432898046,2026-03-30 22:18:27.211093,XGBoost
4903-CNOZC,0.00045908423,Low,0.0325490718416404,2026-03-30 22:18:27.211093,XGBoost
4903-UYAVB,0.99391645,High,19.232283344864847,2026-03-30 22:18:27.211093,XGBoost
4905-JEFDW,0.99571145,High,41.421596145629884,2026-03-30 22:18:27.211093,XGBoost
4906-ZHGPK,0.21803004,Low,15.414723509550095,2026-03-30 22:18:27.211093,XGBoost
4908-XAXAY,0.0004704444,Low,0.04226943064568331,2026-03-30 22:18:27.211093,XGBoost
4909-JOUPP,0.00038934118,Low,0.042710727188386956,2026-03-30 22:18:27.211093,XGBoost
4910-AQFFX,0.99755484,High,79.15597644746303,2026-03-30 22:18:27.211093,XGBoost
4910-GMJOT,0.9991918,High,94.52354623079299,2026-03-30 22:18:27.211093,XGBoost
4911-BANWH,0.4309751,Medium,37.30089571326971,2026-03-30 22:18:27.211093,XGBoost
4912-PIGUY,0.0030782819,Low,0.26042264699935913,2026-03-30 22:18:27.211093,XGBoost
4913-EHYUI,0.99811244,High,104.35265561342239,2026-03-30 22:18:27.211093,XGBoost
4915-BFSXL,0.00014257386,Low,0.009830467591382331,2026-03-30 22:18:27.211093,XGBoost
4918-FYJNT,0.0012922474,Low,0.11688378109247424,2026-03-30 22:18:27.211093,XGBoost
4918-QLLIW,0.5098088,Medium,27.22378878593445,2026-03-30 22:18:27.211093,XGBoost
4919-IKATY,0.99878544,High,84.3973693549633,2026-03-30 22:18:27.211093,XGBoost
4919-MOAVT,0.99709463,High,69.44764106273652,2026-03-30 22:18:27.211093,XGBoost
4922-CVPDX,0.04106759,Low,3.0184677969664335,2026-03-30 22:18:27.211093,XGBoost
4923-ADWXJ,0.2176648,Low,14.322343388199805,2026-03-30 22:18:27.211093,XGBoost
4925-LMHOK,0.99591845,High,58.36082133054733,2026-03-30 22:18:27.211093,XGBoost
4926-UMJZD,0.00063187367,Low,0.031088184588588776,2026-03-30 22:18:27.211093,XGBoost
4927-WWOOZ,0.002441572,Low,0.22328176172450184,2026-03-30 22:18:27.211093,XGBoost
4929-BSTRX,0.65160006,Medium,34.89318336546421,2026-03-30 22:18:27.211093,XGBoost
4929-ROART,0.0006694819,Low,0.03765835535887163,2026-03-30 22:18:27.211093,XGBoost
4929-XIHVW,0.74443257,High,71.09331029653549,2026-03-30 22:18:27.211093,XGBoost
4931-TRZWN,0.48039162,Medium,34.56417717337609,2026-03-30 22:18:27.211093,XGBoost
4933-BSAIP,0.00033079513,Low,0.0063181869161780925,2026-03-30 22:18:27.211093,XGBoost
4933-IKULF,0.00028833278,Low,0.005954071976884734,2026-03-30 22:18:27.211093,XGBoost
4936-YPJNK,0.10034253,Low,1.99681628793478,2026-03-30 22:18:27.211093,XGBoost
4937-QPZPO,0.0003598361,Low,0.03594762565917336,2026-03-30 22:18:27.211093,XGBoost
4939-KYYPY,0.00062203425,Low,0.03697993601381313,2026-03-30 22:18:27.211093,XGBoost
4940-KHCWD,0.00030983533,Low,0.01168079207709525,2026-03-30 22:18:27.211093,XGBoost
4942-VZZOM,0.00037872183,Low,0.025052449067879935,2026-03-30 22:18:27.211093,XGBoost
4945-RVMTE,0.00056303554,Low,0.03352876667340752,2026-03-30 22:18:27.211093,XGBoost
4946-EDSEW,0.34898487,Low,6.7179586961865425,2026-03-30 22:18:27.211093,XGBoost
4947-DSMXK,0.00044365297,Low,0.0433448952389881,2026-03-30 22:18:27.211093,XGBoost
4948-WBBKL,0.0012501148,Low,0.09363359534181655,2026-03-30 22:18:27.211093,XGBoost
4950-BDEUX,0.0011769683,Low,0.05790684199891985,2026-03-30 22:18:27.211093,XGBoost
4950-HKQTE,0.0003742087,Low,0.009822978354350198,2026-03-30 22:18:27.211093,XGBoost
4951-UKAAQ,0.826691,High,73.53416194617749,2026-03-30 22:18:27.211093,XGBoost
4952-YSOGZ,0.9018738,High,77.51605542898179,2026-03-30 22:18:27.211093,XGBoost
4955-VCWBI,0.007016332,Low,0.1403266377747059,2026-03-30 22:18:27.211093,XGBoost
4957-SREEC,0.0029980424,Low,0.061010162555612625,2026-03-30 22:18:27.211093,XGBoost
4957-TIALW,0.0005761953,Low,0.03779841214418411,2026-03-30 22:18:27.211093,XGBoost
4957-TREIR,0.0012230875,Low,0.07876683780923487,2026-03-30 22:18:27.211093,XGBoost
4958-GZWIY,0.99690324,High,48.54918782114983,2026-03-30 22:18:27.211093,XGBoost
4958-XCBDQ,0.99815124,High,101.21253601312638,2026-03-30 22:18:27.211093,XGBoost
4959-JOSRX,0.9972332,High,44.476601254940036,2026-03-30 22:18:27.211093,XGBoost
4962-CHQPW,0.0001759956,Low,0.0034935127929202284,2026-03-30 22:18:27.211093,XGBoost
4967-WPNCF,0.00021723539,Low,0.01383789403771516,2026-03-30 22:18:27.211093,XGBoost
4971-PUYQO,0.99704,High,94.27012951672077,2026-03-30 22:18:27.211093,XGBoost
4973-MGTON,0.00021560193,Low,0.018196803121827546,2026-03-30 22:18:27.211093,XGBoost
4973-RLZVI,0.0004750358,Low,0.035461422897060405,2026-03-30 22:18:27.211093,XGBoost
4976-LNFVV,0.00071625935,Low,0.0245676958351396,2026-03-30 22:18:27.211093,XGBoost
4979-HPRFL,0.00023710073,Low,0.005725982594594825,2026-03-30 22:18:27.211093,XGBoost
4980-URKXC,0.059547022,Low,1.2415554083883764,2026-03-30 22:18:27.211093,XGBoost
4981-FLTMF,0.031125655,Low,2.0293927319347858,2026-03-30 22:18:27.211093,XGBoost
4983-CCWMC,0.0013522923,Low,0.09411954078823327,2026-03-30 22:18:27.211093,XGBoost
4983-CLMLV,0.001310821,Low,0.13462132086278872,2026-03-30 22:18:27.211093,XGBoost
4986-MXSFP,0.00047182228,Low,0.009436445543542504,2026-03-30 22:18:27.211093,XGBoost
4987-GQWPO,0.0007112683,Low,0.017852833820506932,2026-03-30 22:18:27.211093,XGBoost
4988-IQIGL,0.9992267,High,75.29173104166983,2026-03-30 22:18:27.211093,XGBoost
4989-LIXVT,0.40322673,Medium,38.66944371461869,2026-03-30 22:18:27.211093,XGBoost
4990-ALDGW,0.0007974234,Low,0.016546535916859284,2026-03-30 22:18:27.211093,XGBoost
4992-LTJNE,0.00035095582,Low,0.019407856598263606,2026-03-30 22:18:27.211093,XGBoost
4993-JCRGJ,0.47589183,Medium,40.11768114566803,2026-03-30 22:18:27.211093,XGBoost
4994-OBRSZ,0.00025361514,Low,0.01930011247168295,2026-03-30 22:18:27.211093,XGBoost
4998-IKFSE,0.0014169781,Low,0.14233544783783145,2026-03-30 22:18:27.211093,XGBoost
4999-IEZLT,0.00028182307,Low,0.00829968945326982,2026-03-30 22:18:27.211093,XGBoost
5002-GCQFH,0.0011730705,Low,0.11009266788023524,2026-03-30 22:18:27.211093,XGBoost
5003-OKNNK,0.008979028,Low,0.18272322164848448,2026-03-30 22:18:27.211093,XGBoost
5003-XZWWO,0.0001773588,Low,0.014933611045125873,2026-03-30 22:18:27.211093,XGBoost
5006-MXVRN,0.0002532126,Low,0.005241501008276827,2026-03-30 22:18:27.211093,XGBoost
5010-IPEAQ,0.00014982827,Low,0.008120691985823214,2026-03-30 22:18:27.211093,XGBoost
5012-YSPJJ,0.00028174274,Low,0.015312718182394746,2026-03-30 22:18:27.211093,XGBoost
5013-SBUIH,0.99242896,High,108.81983529031277,2026-03-30 22:18:27.211093,XGBoost
5014-GSOUQ,0.00021394323,Low,0.004268167491682106,2026-03-30 22:18:27.211093,XGBoost
5014-WUQMG,0.021537207,Low,2.069725599139929,2026-03-30 22:18:27.211093,XGBoost
5016-ETTFF,0.2704546,Low,7.9784102737903595,2026-03-30 22:18:27.211093,XGBoost
5016-IBERQ,0.0017197668,Low,0.1448903497075662,2026-03-30 22:18:27.211093,XGBoost
5016-LIPDW,0.00026415952,Low,0.005124694691039621,2026-03-30 22:18:27.211093,XGBoost
5018-GWURO,0.00082743546,Low,0.07082847557030618,2026-03-30 22:18:27.211093,XGBoost
5018-HEKFO,0.2231484,Low,5.467135936021805,2026-03-30 22:18:27.211093,XGBoost
5018-LXQQG,0.055886928,Low,3.7053033258765935,2026-03-30 22:18:27.211093,XGBoost
5019-GQVCR,0.0012173303,Low,0.10329047937411814,2026-03-30 22:18:27.211093,XGBoost
5020-ZSTTY,0.99458534,High,82.00356089174748,2026-03-30 22:18:27.211093,XGBoost
5022-JNQEQ,0.0010960657,Low,0.0831365862453822,2026-03-30 22:18:27.211093,XGBoost
5022-KVDQT,0.6783277,Medium,55.14804035425186,2026-03-30 22:18:27.211093,XGBoost
5025-GOOKI,0.00043573146,Low,0.008235324613633565,2026-03-30 22:18:27.211093,XGBoost
5027-QPKTE,0.99774855,High,69.19386220276355,2026-03-30 22:18:27.211093,XGBoost
5027-XWQHA,0.48238337,Medium,21.58665582537651,2026-03-30 22:18:27.211093,XGBoost
5027-YOCXN,0.0008323769,Low,0.09160307621932588,2026-03-30 22:18:27.211093,XGBoost
5028-GZLDO,0.9976827,High,70.53616622686387,2026-03-30 22:18:27.211093,XGBoost
5028-HTLJB,0.99735534,High,19.996974605321885,2026-03-30 22:18:27.211093,XGBoost
5032-MIYKT,0.0025230558,Low,0.17838004264049231,2026-03-30 22:18:27.211093,XGBoost
5032-USPKF,0.18898648,Low,15.893762987852096,2026-03-30 22:18:27.211093,XGBoost
5035-BVCXS,0.5152058,Medium,39.10412026047707,2026-03-30 22:18:27.211093,XGBoost
5035-PGZXH,0.0008515372,Low,0.09094417481683194,2026-03-30 22:18:27.211093,XGBoost
5038-ETMLM,0.0002889561,Low,0.03283986077876762,2026-03-30 22:18:27.211093,XGBoost
5039-LZRQT,0.00024983706,Low,0.005046708602458238,2026-03-30 22:18:27.211093,XGBoost
5043-TRZWM,0.0033726688,Low,0.25480512438807634,2026-03-30 22:18:27.211093,XGBoost
5044-LRQAQ,0.64066267,Medium,44.33385677337647,2026-03-30 22:18:27.211093,XGBoost
5044-XDPYX,0.00032921828,Low,0.008395066164666787,2026-03-30 22:18:27.211093,XGBoost
5046-NUHWD,0.0007765738,Low,0.03494582022540271,2026-03-30 22:18:27.211093,XGBoost
5047-LHVLY,0.99751747,High,50.02550094723701,2026-03-30 22:18:27.211093,XGBoost
5049-GLYVG,0.9969965,High,20.538128352165224,2026-03-30 22:18:27.211093,XGBoost
5049-MUBWG,0.11648533,Low,8.736399561166763,2026-03-30 22:18:27.211093,XGBoost
5052-PNLOS,0.6811144,Medium,71.75539946854114,2026-03-30 22:18:27.211093,XGBoost
5054-IEXZT,0.9991241,High,75.28400166928768,2026-03-30 22:18:27.211093,XGBoost
5055-BRMNE,0.0003275949,Low,0.03495437566016335,2026-03-30 22:18:27.211093,XGBoost
5055-MGMGF,0.0011533886,Low,0.12116347691626288,2026-03-30 22:18:27.211093,XGBoost
5056-FIMPT,0.023035659,Low,2.4417798034846783,2026-03-30 22:18:27.211093,XGBoost
5057-LCOUI,0.9958526,High,50.53951892256737,2026-03-30 22:18:27.211093,XGBoost
5057-RKGLH,0.037871465,Low,0.770684314519167,2026-03-30 22:18:27.211093,XGBoost
5060-TQUQN,0.00045078955,Low,0.03766346690972568,2026-03-30 22:18:27.211093,XGBoost
5061-PBXFW,0.0003934038,Low,0.024154993961565195,2026-03-30 22:18:27.211093,XGBoost
5062-CJJKH,0.00015404093,Low,0.008264295812114141,2026-03-30 22:18:27.211093,XGBoost
5063-IUOKK,0.0002573988,Low,0.005083626056148205,2026-03-30 22:18:27.211093,XGBoost
5066-GFJMM,0.00063465175,Low,0.012629569775890559,2026-03-30 22:18:27.211093,XGBoost
5067-DGXLL,0.0009316919,Low,0.018866761020035483,2026-03-30 22:18:27.211093,XGBoost
5067-WJEUN,0.0001826715,Low,0.009900795383146033,2026-03-30 22:18:27.211093,XGBoost
5067-XJQFU,0.36360157,Low,39.43258976340294,2026-03-30 22:18:27.211093,XGBoost
5071-FBJFS,0.24115269,Low,12.12998024970293,2026-03-30 22:18:27.211093,XGBoost
5073-RZGBK,0.00018858265,Low,0.015096041098149725,2026-03-30 22:18:27.211093,XGBoost
5073-WXOYN,0.43371987,Medium,22.03296957015991,2026-03-30 22:18:27.211093,XGBoost
5074-FBGHB,0.27131665,Low,28.393287163972857,2026-03-30 22:18:27.211093,XGBoost
5075-JSDKI,0.0004604845,Low,0.011258846065902616,2026-03-30 22:18:27.211093,XGBoost
5076-YVXCM,0.27881894,Low,23.25349919199944,2026-03-30 22:18:27.211093,XGBoost
5077-DXTCG,0.99826247,High,45.22128966450691,2026-03-30 22:18:27.211093,XGBoost
5081-NWSUP,0.0005288946,Low,0.034325259388424456,2026-03-30 22:18:27.211093,XGBoost
5084-OOVCJ,0.0007130152,Low,0.039465391763951634,2026-03-30 22:18:27.211093,XGBoost
5087-SUURX,0.51423883,Medium,20.08102648258209,2026-03-30 22:18:27.211093,XGBoost
5088-QZLRL,0.00084582425,Low,0.017466270801378414,2026-03-30 22:18:27.211093,XGBoost
5089-IFSDP,0.9957302,High,108.98267271816731,2026-03-30 22:18:27.211093,XGBoost
5090-EMGTC,0.08556325,Low,8.560603151097894,2026-03-30 22:18:27.211093,XGBoost
5091-HFAZW,0.0024843286,Low,0.22644654999021444,2026-03-30 22:18:27.211093,XGBoost
5092-STPKP,0.0007100371,Low,0.0400105889653787,2026-03-30 22:18:27.211093,XGBoost
5093-FEGLU,0.0004271126,Low,0.008392762481526005,2026-03-30 22:18:27.211093,XGBoost
5095-AESKG,0.9204528,High,84.22142878174782,2026-03-30 22:18:27.211093,XGBoost
5095-ETBRJ,0.00037139675,Low,0.02109533513430506,2026-03-30 22:18:27.211093,XGBoost
5099-BAILX,0.70733404,High,78.33724510669708,2026-03-30 22:18:27.211093,XGBoost
5103-MHMHY,0.9972946,High,45.82568708956242,2026-03-30 22:18:27.211093,XGBoost
5108-ADXWO,0.57909614,Medium,42.56356617808342,2026-03-30 22:18:27.211093,XGBoost
5110-CHOPY,0.00047095818,Low,0.025243358686566353,2026-03-30 22:18:27.211093,XGBoost
5115-GZDEL,0.00015034562,Low,0.010103225335478782,2026-03-30 22:18:27.211093,XGBoost
5115-SQAAU,0.00020297071,Low,0.005196050181984902,2026-03-30 22:18:27.211093,XGBoost
5117-IFGPS,0.6996506,Medium,58.98054437041282,2026-03-30 22:18:27.211093,XGBoost
5117-ZSMHQ,0.00014370713,Low,0.012919271278951783,2026-03-30 22:18:27.211093,XGBoost
5118-MUEYH,0.0017829252,Low,0.1873854403500445,2026-03-30 22:18:27.211093,XGBoost
5119-KEPFY,0.0014369313,Low,0.1365084748249501,2026-03-30 22:18:27.211093,XGBoost
5119-NZPTV,0.83455074,High,58.502006757259366,2026-03-30 22:18:27.211093,XGBoost
5120-ZBLAI,0.15280087,Low,11.567026080191136,2026-03-30 22:18:27.211093,XGBoost
5122-CYFXA,0.0020381263,Low,0.1534709138330072,2026-03-30 22:18:27.211093,XGBoost
5124-EOGYE,0.00020791857,Low,0.004251934657077072,2026-03-30 22:18:27.211093,XGBoost
5125-CNDSP,0.12578195,Low,5.1067473053932195,2026-03-30 22:18:27.211093,XGBoost
5126-RCXYW,0.011243384,Low,0.5171956792473793,2026-03-30 22:18:27.211093,XGBoost
5127-BZENZ,0.0004522331,Low,0.029485598125029357,2026-03-30 22:18:27.211093,XGBoost
5129-HHMZC,0.00048672123,Low,0.04207705002918374,2026-03-30 22:18:27.211093,XGBoost
5129-JLPIS,0.3592241,Low,37.89814369380474,2026-03-30 22:18:27.211093,XGBoost
5130-IEKQT,0.997895,High,105.72697550058365,2026-03-30 22:18:27.211093,XGBoost
5130-YPIRV,0.00035476426,Low,0.025543026393279433,2026-03-30 22:18:27.211093,XGBoost
5131-PONJI,0.038989592,Low,3.52465914785862,2026-03-30 22:18:27.211093,XGBoost
5133-POWUA,0.0015964548,Low,0.0731176281813532,2026-03-30 22:18:27.211093,XGBoost
5133-VRSAB,0.0011598914,Low,0.0340428117022384,2026-03-30 22:18:27.211093,XGBoost
5134-IKDAY,0.99882907,High,69.71826885938644,2026-03-30 22:18:27.211093,XGBoost
5135-GRQJV,0.00041556684,Low,0.04758240352384746,2026-03-30 22:18:27.211093,XGBoost
5135-RDDQL,0.00020589783,Low,0.010428724987286841,2026-03-30 22:18:27.211093,XGBoost
5136-GFPMB,0.0005181859,Low,0.046325819590128964,2026-03-30 22:18:27.211093,XGBoost
5136-KCKGI,0.34297925,Low,35.566948467493056,2026-03-30 22:18:27.211093,XGBoost
5136-RGMZO,0.0007349993,Low,0.05222170099150389,2026-03-30 22:18:27.211093,XGBoost
5138-WVKYJ,0.83314615,High,82.1065535634756,2026-03-30 22:18:27.211093,XGBoost
5140-FOMCQ,0.12882467,Low,14.061212309449912,2026-03-30 22:18:27.211093,XGBoost
5141-ZUVBH,0.0020235009,Low,0.18818557960912585,2026-03-30 22:18:27.211093,XGBoost
5143-EGQFK,0.9976573,High,29.580538916587827,2026-03-30 22:18:27.211093,XGBoost
5143-WMWOG,0.9955017,High,19.860258856415747,2026-03-30 22:18:27.211093,XGBoost
5144-PQCDZ,0.0004310957,Low,0.008600358945841435,2026-03-30 22:18:27.211093,XGBoost
5144-TVGLP,0.5770534,Medium,54.675812274217606,2026-03-30 22:18:27.211093,XGBoost
5146-CBVOE,0.0018732188,Low,0.14067873215535653,2026-03-30 22:18:27.211093,XGBoost
5146-YYFRZ,0.03118281,Low,0.62209707275033,2026-03-30 22:18:27.211093,XGBoost
5148-HKFIR,0.009941561,Low,0.19584875460714102,2026-03-30 22:18:27.211093,XGBoost
5148-ORICT,0.036427747,Low,2.708403023518622,2026-03-30 22:18:27.211093,XGBoost
5149-CUZUJ,0.00081453467,Low,0.07567027042969131,2026-03-30 22:18:27.211093,XGBoost
5149-QYTTU,0.00018679074,Low,0.01777313903294271,2026-03-30 22:18:27.211093,XGBoost
5149-TGWDZ,0.001275684,Low,0.1333727607387118,2026-03-30 22:18:27.211093,XGBoost
5150-ITWWB,0.0024433334,Low,0.23175017196917905,2026-03-30 22:18:27.211093,XGBoost
5150-LJNSR,0.039822463,Low,3.9045924918726085,2026-03-30 22:18:27.211093,XGBoost
5151-HQRDG,0.0005787006,Low,0.03185746929666493,2026-03-30 22:18:27.211093,XGBoost
5153-LXKDT,0.00044853406,Low,0.04942845356999897,2026-03-30 22:18:27.211093,XGBoost
5153-RTHKF,0.5066204,Medium,43.24005174636841,2026-03-30 22:18:27.211093,XGBoost
5154-VEKBL,0.9952863,High,58.224247723817825,2026-03-30 22:18:27.211093,XGBoost
5155-AZQPB,0.10357466,Low,5.168375703692436,2026-03-30 22:18:27.211093,XGBoost
5156-UMKOW,0.1970186,Low,5.841601298749446,2026-03-30 22:18:27.211093,XGBoost
5158-RIVOP,0.0003293875,Low,0.0068841985543258485,2026-03-30 22:18:27.211093,XGBoost
5159-YFPKQ,0.99880624,High,75.70951285362243,2026-03-30 22:18:27.211093,XGBoost
5160-UXJED,0.22865856,Low,10.198171639442444,2026-03-30 22:18:27.211093,XGBoost
5161-UBZXI,0.0005183134,Low,0.055122627562377596,2026-03-30 22:18:27.211093,XGBoost
5161-XEUVX,0.00059577916,Low,0.05618197461590171,2026-03-30 22:18:27.211093,XGBoost
5167-GBFRE,0.64388454,Medium,16.225890398025513,2026-03-30 22:18:27.211093,XGBoost
5167-ZFFMM,0.9985927,High,90.72214449942112,2026-03-30 22:18:27.211093,XGBoost
5168-MQQCA,0.00063086004,Low,0.06844831458874978,2026-03-30 22:18:27.211093,XGBoost
5168-MSWXT,0.0013659259,Low,0.12942147749708965,2026-03-30 22:18:27.211093,XGBoost
5170-PTRKA,0.06822147,Low,2.4423287048935887,2026-03-30 22:18:27.211093,XGBoost
5171-EPLKN,0.00022843327,Low,0.004534400472039124,2026-03-30 22:18:27.211093,XGBoost
5172-MIGPM,0.0011338033,Low,0.0743208048865199,2026-03-30 22:18:27.211093,XGBoost
5172-RKOCB,0.000465108,Low,0.05067351598845562,2026-03-30 22:18:27.211093,XGBoost
5173-WXOQV,0.0010619173,Low,0.06817508954554796,2026-03-30 22:18:27.211093,XGBoost
5173-ZXXXL,0.00036645887,Low,0.007310854516981635,2026-03-30 22:18:27.211093,XGBoost
5174-ITUMV,0.00044325815,Low,0.04671940881526098,2026-03-30 22:18:27.211093,XGBoost
5174-RNGBH,0.5660205,Medium,37.498857378959656,2026-03-30 22:18:27.211093,XGBoost
5175-AOBHI,0.9974751,High,45.883854031562805,2026-03-30 22:18:27.211093,XGBoost
5175-WLYXL,0.32836813,Low,25.891826841235158,2026-03-30 22:18:27.211093,XGBoost
5176-LDKUH,0.14679612,Low,11.031728582829238,2026-03-30 22:18:27.211093,XGBoost
5176-LMJXE,0.0002436137,Low,0.005006261538073886,2026-03-30 22:18:27.211093,XGBoost
5176-OLSKT,0.00024882154,Low,0.016646160997333938,2026-03-30 22:18:27.211093,XGBoost
5177-RVZNU,0.00024897838,Low,0.005054261116310954,2026-03-30 22:18:27.211093,XGBoost
5178-LMXOP,0.9262863,High,88.0898252427578,2026-03-30 22:18:27.211093,XGBoost
5180-UCIIQ,0.35108152,Low,14.060814888775347,2026-03-30 22:18:27.211093,XGBoost
5181-OABFK,0.0073280283,Low,0.44920813632197676,2026-03-30 22:18:27.211093,XGBoost
5183-KLYEM,0.00029677767,Low,0.03346168198186206,2026-03-30 22:18:27.211093,XGBoost
5183-SNMJQ,0.0017758159,Low,0.16888008734676985,2026-03-30 22:18:27.211093,XGBoost
5186-EJEGL,0.4282859,Medium,29.765869826078415,2026-03-30 22:18:27.211093,XGBoost
5186-PEIZU,0.10055109,Low,1.9356085043400526,2026-03-30 22:18:27.211093,XGBoost
5186-SAMNZ,0.90768445,High,63.084068953990936,2026-03-30 22:18:27.211093,XGBoost
5188-HGMLP,0.0007576467,Low,0.05606585496570915,2026-03-30 22:18:27.211093,XGBoost
5192-EBGOV,0.9674997,High,82.91472200751305,2026-03-30 22:18:27.211093,XGBoost
5193-QLVZB,0.0006288413,Low,0.0658711245196173,2026-03-30 22:18:27.211093,XGBoost
5195-KPUNQ,0.0006368121,Low,0.0616115730808815,2026-03-30 22:18:27.211093,XGBoost
5196-SGOAK,0.999091,High,75.63119090795517,2026-03-30 22:18:27.211093,XGBoost
5196-WPYOW,0.00022032678,Low,0.013230623110575834,2026-03-30 22:18:27.211093,XGBoost
5197-LQXXH,0.00023299763,Low,0.01940870231919689,2026-03-30 22:18:27.211093,XGBoost
5197-PYEPU,0.0002658635,Low,0.025110806745942682,2026-03-30 22:18:27.211093,XGBoost
5197-YPYBZ,0.00020349603,Low,0.005138274867931614,2026-03-30 22:18:27.211093,XGBoost
5198-EFNBM,0.0008577396,Low,0.07775409409659916,2026-03-30 22:18:27.211093,XGBoost
5198-HQAEN,0.00040080838,Low,0.035952511496725494,2026-03-30 22:18:27.211093,XGBoost
5199-FPUSP,0.01652827,Low,0.56278756884858,2026-03-30 22:18:27.211093,XGBoost
5201-CBWYG,0.00019271366,Low,0.004779298813082278,2026-03-30 22:18:27.211093,XGBoost
5201-FRKKS,0.00075789145,Low,0.05631133487913757,2026-03-30 22:18:27.211093,XGBoost
5201-USSQZ,0.4231808,Medium,36.35122975409031,2026-03-30 22:18:27.211093,XGBoost
5202-IVJNU,0.060736924,Low,1.8281814247369768,2026-03-30 22:18:27.211093,XGBoost
5203-XEHAX,0.0005156627,Low,0.03318289575981907,2026-03-30 22:18:27.211093,XGBoost
5204-HMGYF,0.017706849,Low,1.5440372049808502,2026-03-30 22:18:27.211093,XGBoost
5204-QZXPU,0.48477116,Medium,19.22117658406496,2026-03-30 22:18:27.211093,XGBoost
5206-HPJKM,0.00069927785,Low,0.03880992071935907,2026-03-30 22:18:27.211093,XGBoost
5206-XZZQI,0.28858468,Low,23.25992515683174,2026-03-30 22:18:27.211093,XGBoost
5207-PLSTK,0.0021808334,Low,0.10631562676280737,2026-03-30 22:18:27.211093,XGBoost
5208-FVQKB,0.00020366123,Low,0.013838780423247954,2026-03-30 22:18:27.211093,XGBoost
5208-HFSBT,0.99744606,High,54.909405612945555,2026-03-30 22:18:27.211093,XGBoost
5213-TWWJU,0.70231754,High,63.91089576482773,2026-03-30 22:18:27.211093,XGBoost
5214-CHIWJ,0.009783344,Low,0.19860189016908408,2026-03-30 22:18:27.211093,XGBoost
5214-NLTIT,0.00012659366,Low,0.011494704231154174,2026-03-30 22:18:27.211093,XGBoost
5215-LNLDJ,0.0010531277,Low,0.02601225401740521,2026-03-30 22:18:27.211093,XGBoost
5216-WASFJ,0.001363215,Low,0.11566879586316645,2026-03-30 22:18:27.211093,XGBoost
5219-YIPTK,0.54261833,Medium,56.649354100227356,2026-03-30 22:18:27.211093,XGBoost
5220-AGAAX,0.00016268909,Low,0.003904538112692535,2026-03-30 22:18:27.211093,XGBoost
5222-IMUKT,0.68064874,Medium,61.97306815087795,2026-03-30 22:18:27.211093,XGBoost
5222-JCXZT,0.0003957138,Low,0.007518562400946394,2026-03-30 22:18:27.211093,XGBoost
5223-UZAVK,0.12400331,Low,12.437532342225312,2026-03-30 22:18:27.211093,XGBoost
5226-NOZFC,0.00079980533,Low,0.06858330733666662,2026-03-30 22:18:27.211093,XGBoost
5227-JSCFE,0.00030041608,Low,0.01392428542894777,2026-03-30 22:18:27.211093,XGBoost
5228-EXCET,0.9977514,High,80.66820188462734,2026-03-30 22:18:27.211093,XGBoost
5229-DTFYB,0.11301929,Low,11.16630561351776,2026-03-30 22:18:27.211093,XGBoost
5229-PRWKT,0.6929577,Medium,59.97548887431621,2026-03-30 22:18:27.211093,XGBoost
5231-FIQPA,0.00022986894,Low,0.0045628983796632385,2026-03-30 22:18:27.211093,XGBoost
5232-NXPAY,0.00030844775,Low,0.022963935008738192,2026-03-30 22:18:27.211093,XGBoost
5233-AOZUF,0.66211534,Medium,49.62554439306259,2026-03-30 22:18:27.211093,XGBoost
5233-GEEAX,0.9981413,High,29.34535388946533,2026-03-30 22:18:27.211093,XGBoost
5236-PERKL,0.9934022,High,112.2047765761614,2026-03-30 22:18:27.211093,XGBoost
5236-XMZJY,0.3456508,Low,20.61806975007057,2026-03-30 22:18:27.211093,XGBoost
5240-CAOYT,0.00069255586,Low,0.060633265148499045,2026-03-30 22:18:27.211093,XGBoost
5240-IJOQT,0.99914765,High,74.63632972240448,2026-03-30 22:18:27.211093,XGBoost
5242-UOWHD,0.00016750925,Low,0.0034088132350007074,2026-03-30 22:18:27.211093,XGBoost
5243-SAOTC,0.0006093215,Low,0.04865432335063815,2026-03-30 22:18:27.211093,XGBoost
5244-IRFIH,0.99822134,High,94.33191642165184,2026-03-30 22:18:27.211093,XGBoost
5245-VDBUR,0.00046999258,Low,0.016661236874642785,2026-03-30 22:18:27.211093,XGBoost
5248-KWLAR,0.0003387819,Low,0.030608943487459326,2026-03-30 22:18:27.211093,XGBoost
5248-RPYWW,0.0001743178,Low,0.015714749667677098,2026-03-30 22:18:27.211093,XGBoost
5248-YGIJN,0.0002253682,Low,0.02033948034295463,2026-03-30 22:18:27.211093,XGBoost
5249-QYHEX,0.006518753,Low,0.1616650689393282,2026-03-30 22:18:27.211093,XGBoost
5256-SKJGO,0.0004605675,Low,0.02514698581653647,2026-03-30 22:18:27.211093,XGBoost
5260-UMPWX,0.00033476687,Low,0.006779029077733867,2026-03-30 22:18:27.211093,XGBoost
5261-QSHQM,0.57888615,Medium,14.153766399621963,2026-03-30 22:18:27.211093,XGBoost
5266-PFRQK,0.00020644019,Low,0.0043042780118412345,2026-03-30 22:18:27.211093,XGBoost
5268-DSMNQ,0.0007215294,Low,0.07067380641528871,2026-03-30 22:18:27.211093,XGBoost
5269-NRGDP,0.0004049439,Low,0.02962164531054441,2026-03-30 22:18:27.211093,XGBoost
5271-DBYSJ,0.001189199,Low,0.09412510428810493,2026-03-30 22:18:27.211093,XGBoost
5271-YNWVR,0.9973794,High,112.85348162055016,2026-03-30 22:18:27.211093,XGBoost
5274-XHAKY,0.0006333593,Low,0.05972578242653981,2026-03-30 22:18:27.211093,XGBoost
5275-PMFUT,0.02942542,Low,1.9067672073841093,2026-03-30 22:18:27.211093,XGBoost
5275-SQEIZ,0.8945255,High,72.32238893508911,2026-03-30 22:18:27.211093,XGBoost
5276-KQWHG,0.8176853,High,56.91089730262756,2026-03-30 22:18:27.211093,XGBoost
5277-ZLOOR,0.9989624,High,85.4612335205078,2026-03-30 22:18:27.211093,XGBoost
5278-PNYOX,0.0006465886,Low,0.06507914514513687,2026-03-30 22:18:27.211093,XGBoost
5281-BUZGT,0.9979842,High,90.6668619275093,2026-03-30 22:18:27.211093,XGBoost
5285-MVEHD,0.0012254035,Low,0.1294026106595993,2026-03-30 22:18:27.211093,XGBoost
5286-YHCVC,0.0006010268,Low,0.06298760985955595,2026-03-30 22:18:27.211093,XGBoost
5287-QWLKY,0.39360923,Low,41.36832962632179,2026-03-30 22:18:27.211093,XGBoost
5288-AHOUP,0.0016158243,Low,0.12684220710070804,2026-03-30 22:18:27.211093,XGBoost
5293-WXJAK,0.9990388,High,103.94998875260353,2026-03-30 22:18:27.211093,XGBoost
5294-CDGWY,0.9970509,High,59.12511726617813,2026-03-30 22:18:27.211093,XGBoost
5294-DMSFH,0.00043286517,Low,0.038005561952013524,2026-03-30 22:18:27.211093,XGBoost
5294-IMHHT,0.0006708899,Low,0.06557948932459112,2026-03-30 22:18:27.211093,XGBoost
5295-PCJOO,0.9969932,High,49.251463294029236,2026-03-30 22:18:27.211093,XGBoost
5296-BFCYD,0.00014383763,Low,0.0028911364599480296,2026-03-30 22:18:27.211093,XGBoost
5296-PSYVW,0.0004672717,Low,0.011471519978658763,2026-03-30 22:18:27.211093,XGBoost
5297-MDOIR,0.00054091617,Low,0.0438953470060369,2026-03-30 22:18:27.211093,XGBoost
5298-GSTLM,0.27059478,Low,27.43831025362015,2026-03-30 22:18:27.211093,XGBoost
5299-RULOA,0.9969014,High,99.93936464190483,2026-03-30 22:18:27.211093,XGBoost
5299-SJCZT,0.7868447,High,79.9040763169527,2026-03-30 22:18:27.211093,XGBoost
5301-GAUUY,0.9966516,High,80.08095524609088,2026-03-30 22:18:27.211093,XGBoost
5302-BDJNT,0.001205403,Low,0.11511598731158301,2026-03-30 22:18:27.211093,XGBoost
5304-EFJLP,0.00036084364,Low,0.04028819220402511,2026-03-30 22:18:27.211093,XGBoost
5306-BVTKJ,0.00024560565,Low,0.013704795471858232,2026-03-30 22:18:27.211093,XGBoost
5307-DZCVC,0.74383706,High,63.93279518187046,2026-03-30 22:18:27.211093,XGBoost
5307-UVGNB,0.00042391443,Low,0.020644632875337268,2026-03-30 22:18:27.211093,XGBoost
5309-TAIKL,0.00084016094,Low,0.052762106875889,2026-03-30 22:18:27.211093,XGBoost
5310-NOOVA,0.00037227216,Low,0.007426829580799676,2026-03-30 22:18:27.211093,XGBoost
5311-IHLEI,0.446545,Medium,22.75146799683571,2026-03-30 22:18:27.211093,XGBoost
5312-IRCFR,0.0002834666,Low,0.026319873236934653,2026-03-30 22:18:27.211093,XGBoost
5312-TSZVC,0.00031225363,Low,0.006135783811623696,2026-03-30 22:18:27.211093,XGBoost
5312-UXESG,0.0015262237,Low,0.1496462365728803,2026-03-30 22:18:27.211093,XGBoost
5313-FPXWG,0.023234153,Low,0.5715601678937674,2026-03-30 22:18:27.211093,XGBoost
5315-CKEQK,0.00036886244,Low,0.018811984540661797,2026-03-30 22:18:27.211093,XGBoost
5317-FLPJF,0.026761556,Low,1.6418214633129538,2026-03-30 22:18:27.211093,XGBoost
5318-IXUZF,0.8253726,High,71.93122006058694,2026-03-30 22:18:27.211093,XGBoost
5318-YKDPV,0.0003070014,Low,0.024299161310773344,2026-03-30 22:18:27.211093,XGBoost
5320-BRKGK,0.00020037634,Low,0.015188526312704197,2026-03-30 22:18:27.211093,XGBoost
5321-NTRKC,0.00024854127,Low,0.0198460203842842,2026-03-30 22:18:27.211093,XGBoost
5322-TEUJK,0.005908794,Low,0.6771477660164237,2026-03-30 22:18:27.211093,XGBoost
5322-ZSMZY,0.00018990927,Low,0.004890163829259109,2026-03-30 22:18:27.211093,XGBoost
5324-KTGCG,0.046415053,Low,0.9677538614720107,2026-03-30 22:18:27.211093,XGBoost
5325-UWTWJ,0.0008778952,Low,0.07949341197672766,2026-03-30 22:18:27.211093,XGBoost
5327-CNLUQ,0.00052283646,Low,0.0506628530449234,2026-03-30 22:18:27.211093,XGBoost
5327-XOKKY,0.00038474533,Low,0.02825954475119943,2026-03-30 22:18:27.211093,XGBoost
5329-KRDTM,0.00040655528,Low,0.03144705078884726,2026-03-30 22:18:27.211093,XGBoost
5331-RGMTT,0.001536588,Low,0.15219903661636636,2026-03-30 22:18:27.211093,XGBoost
5334-AFQJB,0.012370261,Low,0.31049356022849683,2026-03-30 22:18:27.211093,XGBoost
5334-JLAXU,0.00088881684,Low,0.08363766442635095,2026-03-30 22:18:27.211093,XGBoost
5336-UFNZP,0.0004038575,Low,0.043394488256308254,2026-03-30 22:18:27.211093,XGBoost
5337-IIWKZ,0.00053811126,Low,0.02413428987201769,2026-03-30 22:18:27.211093,XGBoost
5338-YHWYT,0.016206734,Low,0.9959037970751524,2026-03-30 22:18:27.211093,XGBoost
5339-PXDVH,0.73577213,High,66.69774384498596,2026-03-30 22:18:27.211093,XGBoost
5339-TJFEK,0.00032856766,Low,0.034663888640352525,2026-03-30 22:18:27.211093,XGBoost
5343-SGUBI,0.00044148855,Low,0.03540738154551946,2026-03-30 22:18:27.211093,XGBoost
5345-BMKWB,0.0005967652,Low,0.012084495218005031,2026-03-30 22:18:27.211093,XGBoost
5346-BZCHP,0.00024802994,Low,0.0048117809230461715,2026-03-30 22:18:27.211093,XGBoost
5348-CAGXB,0.6569324,Medium,58.8282976359129,2026-03-30 22:18:27.211093,XGBoost
5349-AZPEW,0.0009192672,Low,0.02302764300839044,2026-03-30 22:18:27.211093,XGBoost
5349-IECLD,0.99877864,High,94.83403198421001,2026-03-30 22:18:27.211093,XGBoost
5351-QESIO,0.3456878,Low,8.365644919872283,2026-03-30 22:18:27.211093,XGBoost
5353-WILCI,0.00056594337,Low,0.03172112568572629,2026-03-30 22:18:27.211093,XGBoost
5356-CSVSQ,0.0016795811,Low,0.10850094063207506,2026-03-30 22:18:27.211093,XGBoost
5356-KZCKT,0.00070437475,Low,0.017221962549956515,2026-03-30 22:18:27.211093,XGBoost
5356-RHIPP,0.9973901,High,20.147279846668244,2026-03-30 22:18:27.211093,XGBoost
5357-TZHPP,0.9981938,High,84.24755675792694,2026-03-30 22:18:27.211093,XGBoost
5360-LJCNJ,0.00056427845,Low,0.059333879296900705,2026-03-30 22:18:27.211093,XGBoost
5360-XGYAZ,0.00015903288,Low,0.01044050828786567,2026-03-30 22:18:27.211093,XGBoost
5364-EVNIB,0.75080436,High,59.91418830156326,2026-03-30 22:18:27.211093,XGBoost
5364-XYIRR,0.9976672,High,94.4291998565197,2026-03-30 22:18:27.211093,XGBoost
5365-LLFYV,0.55805725,Medium,25.58692484796047,2026-03-30 22:18:27.211093,XGBoost
5366-IJEQJ,0.9970777,High,88.44079229831696,2026-03-30 22:18:27.211093,XGBoost
5366-OBVMR,0.3138969,Low,15.789013791084288,2026-03-30 22:18:27.211093,XGBoost
5370-IIVVL,0.0011443786,Low,0.11958755977684632,2026-03-30 22:18:27.211093,XGBoost
5371-VYLSX,0.47724175,Medium,39.801962327957156,2026-03-30 22:18:27.211093,XGBoost
5372-FBKBN,0.00046087845,Low,0.009563227860780898,2026-03-30 22:18:27.211093,XGBoost
5373-SFODM,0.9979691,High,85.07686500251293,2026-03-30 22:18:27.211093,XGBoost
5375-XLDOF,0.00040370334,Low,0.04616347646078793,2026-03-30 22:18:27.211093,XGBoost
5376-DEQCP,0.998889,High,70.52156544923781,2026-03-30 22:18:27.211093,XGBoost
5376-PCKNB,0.0002747314,Low,0.028695694652560635,2026-03-30 22:18:27.211093,XGBoost
5377-NDTOU,0.00022612908,Low,0.020589052664581685,2026-03-30 22:18:27.211093,XGBoost
5378-IKEEG,0.76787573,High,27.451557382941246,2026-03-30 22:18:27.211093,XGBoost
5380-AFSSK,0.9989478,High,93.80119834542275,2026-03-30 22:18:27.211093,XGBoost
5380-WJKOV,0.563865,Medium,59.96704338490963,2026-03-30 22:18:27.211093,XGBoost
5380-XPJNZ,0.00026367087,Low,0.005286600880208425,2026-03-30 22:18:27.211093,XGBoost
5382-SOYZL,0.0015773246,Low,0.15000356786185876,2026-03-30 22:18:27.211093,XGBoost
5382-TEMLV,0.28393438,Low,14.452260175347329,2026-03-30 22:18:27.211093,XGBoost
5383-MMTWC,0.99867874,High,83.88901448249817,2026-03-30 22:18:27.211093,XGBoost
5384-ZTTWP,0.0004501098,Low,0.00891217406024225,2026-03-30 22:18:27.211093,XGBoost
5385-SUIRI,0.67485,Medium,70.31936864852905,2026-03-30 22:18:27.211093,XGBoost
5386-THSLQ,0.00059812213,Low,0.027244463155511767,2026-03-30 22:18:27.211093,XGBoost
5387-ASZNZ,0.08965521,Low,5.7244853537529705,2026-03-30 22:18:27.211093,XGBoost
5389-FFVKB,0.9972337,High,80.07786521315575,2026-03-30 22:18:27.211093,XGBoost
5392-AKEMH,0.0011184887,Low,0.05038791711558588,2026-03-30 22:18:27.211093,XGBoost
5393-HJZSM,0.11455574,Low,8.740602875500917,2026-03-30 22:18:27.211093,XGBoost
5393-RXQSZ,0.9990392,High,79.52351818084716,2026-03-30 22:18:27.211093,XGBoost
5394-MEITZ,0.0002736593,Low,0.022056939697358755,2026-03-30 22:18:27.211093,XGBoost
5394-SVGJV,0.99820936,High,98.62308449745179,2026-03-30 22:18:27.211093,XGBoost
5396-IZEPB,0.17156976,Low,3.379924362897873,2026-03-30 22:18:27.211093,XGBoost
5397-NSKQG,0.00014586328,Low,0.007424440747126937,2026-03-30 22:18:27.211093,XGBoost
5397-TUPSH,0.0003690981,Low,0.026187509889132345,2026-03-30 22:18:27.211093,XGBoost
5399-ZIMKF,0.0014709213,Low,0.10980427715694532,2026-03-30 22:18:27.211093,XGBoost
5402-HTOTQ,0.0012086015,Low,0.06683566402643919,2026-03-30 22:18:27.211093,XGBoost
5404-GGUKR,0.0009513638,Low,0.048852532234741376,2026-03-30 22:18:27.211093,XGBoost
5405-ZMYXQ,0.0017327433,Low,0.12926265355199573,2026-03-30 22:18:27.211093,XGBoost
5406-KGRMX,0.023434412,Low,0.5753148080781102,2026-03-30 22:18:27.211093,XGBoost
5414-OFQCB,0.0002943888,Low,0.02662746657442767,2026-03-30 22:18:27.211093,XGBoost
5419-CONWX,0.99894637,High,99.69484759569168,2026-03-30 22:18:27.211093,XGBoost
5419-JKZNQ,0.0014484456,Low,0.11283391256583855,2026-03-30 22:18:27.211093,XGBoost
5419-JPRRN,0.92831486,High,94.17754301726818,2026-03-30 22:18:27.211093,XGBoost
5419-KLXBN,0.99695516,High,88.87855218648912,2026-03-30 22:18:27.211093,XGBoost
5423-BHIXO,0.00066570006,Low,0.036080943420529366,2026-03-30 22:18:27.211093,XGBoost
5424-RLQLC,0.00067721424,Low,0.040395829232875255,2026-03-30 22:18:27.211093,XGBoost
5429-LWCMV,0.5130264,Medium,45.73630501329899,2026-03-30 22:18:27.211093,XGBoost
5433-KYGHE,0.0010970508,Low,0.09434637264348567,2026-03-30 22:18:27.211093,XGBoost
5438-QMDDL,0.0008013399,Low,0.04792012722464278,2026-03-30 22:18:27.211093,XGBoost
5439-WIKXB,0.0014199087,Low,0.1342523691302631,2026-03-30 22:18:27.211093,XGBoost
5440-FLBQG,0.46071234,Medium,49.94121803045273,2026-03-30 22:18:27.211093,XGBoost
5440-VHLUL,0.0016211664,Low,0.17054670113138856,2026-03-30 22:18:27.211093,XGBoost
5442-BHQNG,0.6851555,Medium,48.20069019198417,2026-03-30 22:18:27.211093,XGBoost
5442-BXVND,0.07894464,Low,1.914407480508089,2026-03-30 22:18:27.211093,XGBoost
5442-PPTJY,0.00025479644,Low,0.0050194898591144005,2026-03-30 22:18:27.211093,XGBoost
5442-UTCVD,0.9983584,High,91.69922165572643,2026-03-30 22:18:27.211093,XGBoost
5442-XSDCW,0.68704164,Medium,54.61981040239334,2026-03-30 22:18:27.211093,XGBoost
5443-SCMKX,0.23706104,Low,22.354855941236018,2026-03-30 22:18:27.211093,XGBoost
5445-GLVOT,0.0013893665,Low,0.06919044961687178,2026-03-30 22:18:27.211093,XGBoost
5445-PZWGX,0.9956475,High,101.5560439825058,2026-03-30 22:18:27.211093,XGBoost
5445-UTODQ,0.99848527,High,80.97715516686439,2026-03-30 22:18:27.211093,XGBoost
5446-DKWYW,0.00032773017,Low,0.02136800728039816,2026-03-30 22:18:27.211093,XGBoost
5447-VYTKW,0.14611301,Low,7.809740291535855,2026-03-30 22:18:27.211093,XGBoost
5447-WZAFP,0.3595929,Low,36.06716933250427,2026-03-30 22:18:27.211093,XGBoost
5448-VWNAM,0.081044,Low,6.151239855587483,2026-03-30 22:18:27.211093,XGBoost
5449-FIBXJ,0.76494956,High,79.01928956508637,2026-03-30 22:18:27.211093,XGBoost
5451-MHQOF,0.09375438,Low,2.2922946140170097,2026-03-30 22:18:27.211093,XGBoost
5451-YHYPW,0.0003947013,Low,0.04568667412240757,2026-03-30 22:18:27.211093,XGBoost
5453-AXEPF,0.49859533,Medium,40.13692383468151,2026-03-30 22:18:27.211093,XGBoost
5453-YBTWV,0.00055048463,Low,0.055653996497858314,2026-03-30 22:18:27.211093,XGBoost
5456-ITGIC,0.030802384,Low,1.985213650017977,2026-03-30 22:18:27.211093,XGBoost
5457-COLHT,0.00018134304,Low,0.01462531638899236,2026-03-30 22:18:27.211093,XGBoost
5458-CQJTA,0.9878675,High,73.8924870967865,2026-03-30 22:18:27.211093,XGBoost
5461-QKNTN,0.0016569266,Low,0.1562481770874001,2026-03-30 22:18:27.211093,XGBoost
5465-BUBFA,0.00024228804,Low,0.004676159079826903,2026-03-30 22:18:27.211093,XGBoost
5468-BPMMO,0.0006891159,Low,0.01350667162332684,2026-03-30 22:18:27.211093,XGBoost
5469-CTCWN,0.99679655,High,105.66043412685394,2026-03-30 22:18:27.211093,XGBoost
5469-NUJUR,0.00020684113,Low,0.004126480479317252,2026-03-30 22:18:27.211093,XGBoost
5472-CVMDX,0.00024946814,Low,0.009704310621600598,2026-03-30 22:18:27.211093,XGBoost
5473-KHBPS,0.00026904247,Low,0.025747364715789447,2026-03-30 22:18:27.211093,XGBoost
5474-LAMUQ,0.056897957,Low,1.143648933246732,2026-03-30 22:18:27.211093,XGBoost
5478-JJVZK,0.0007873917,Low,0.047952153102960436,2026-03-30 22:18:27.211093,XGBoost
5480-HPRRX,0.7566717,High,19.143794685602188,2026-03-30 22:18:27.211093,XGBoost
5480-TBGPH,0.67329675,Medium,66.85836723446846,2026-03-30 22:18:27.211093,XGBoost
5480-XTFFL,0.00019230944,Low,0.004038498213049024,2026-03-30 22:18:27.211093,XGBoost
5481-NTDOH,0.0014142852,Low,0.15139922614325768,2026-03-30 22:18:27.211093,XGBoost
5482-NUPNA,0.99737215,High,60.24127788543701,2026-03-30 22:18:27.211093,XGBoost
5482-PLVPE,0.70648515,High,17.20291345715523,2026-03-30 22:18:27.211093,XGBoost
5482-VXSXJ,0.0008615703,Low,0.08029835170600563,2026-03-30 22:18:27.211093,XGBoost
5485-ITNPC,0.00024771018,Low,0.021278304522274995,2026-03-30 22:18:27.211093,XGBoost
5485-WUYWF,0.9986292,High,66.30897970199585,2026-03-30 22:18:27.211093,XGBoost
5493-SDRDQ,0.55602187,Medium,30.636804991960528,2026-03-30 22:18:27.211093,XGBoost
5494-HECPR,0.91813755,High,73.68053841590881,2026-03-30 22:18:27.211093,XGBoost
5494-WOZRZ,0.017501732,Low,1.4351420514285564,2026-03-30 22:18:27.211093,XGBoost
5495-GPSRW,0.00023315342,Low,0.0045931223678053355,2026-03-30 22:18:27.211093,XGBoost
5498-IBWPI,0.00017688019,Low,0.008737881312845275,2026-03-30 22:18:27.211093,XGBoost
5498-TXHLF,0.99814093,High,87.28742442727089,2026-03-30 22:18:27.211093,XGBoost
5499-ECUTN,0.14570485,Low,9.623805379122496,2026-03-30 22:18:27.211093,XGBoost
5501-TVMGM,0.0016275151,Low,0.08992020762525499,2026-03-30 22:18:27.211093,XGBoost
5502-RLUYV,0.99872524,High,103.81748822629451,2026-03-30 22:18:27.211093,XGBoost
5504-WSIUR,0.00044885118,Low,0.04050881870352896,2026-03-30 22:18:27.211093,XGBoost
5505-OVWQW,0.00031282424,Low,0.006303408411622513,2026-03-30 22:18:27.211093,XGBoost
5510-BOIUJ,0.66229874,Medium,12.74925072491169,2026-03-30 22:18:27.211093,XGBoost
5512-IDZEI,0.00048461204,Low,0.012066839865292422,2026-03-30 22:18:27.211093,XGBoost
5514-YQENT,0.00020163879,Low,0.02241215128451586,2026-03-30 22:18:27.211093,XGBoost
5515-AKOAJ,0.37074548,Low,37.11162255406379,2026-03-30 22:18:27.211093,XGBoost
5515-IDEJJ,0.86278284,High,17.169378435611723,2026-03-30 22:18:27.211093,XGBoost
5515-RUGKN,0.0008271852,Low,0.04528839120757766,2026-03-30 22:18:27.211093,XGBoost
5519-NPHVG,0.81145436,High,76.43900030851364,2026-03-30 22:18:27.211093,XGBoost
5519-TEEUH,0.00015723718,Low,0.003168329255277058,2026-03-30 22:18:27.211093,XGBoost
5519-YLDGW,0.9986646,High,103.76125376224519,2026-03-30 22:18:27.211093,XGBoost
5520-FVEWJ,0.9983114,High,84.35731333494186,2026-03-30 22:18:27.211093,XGBoost
5522-JBWMO,0.001734076,Low,0.07629934186115861,2026-03-30 22:18:27.211093,XGBoost
5522-NYKPB,0.112464495,Low,9.660700120776893,2026-03-30 22:18:27.211093,XGBoost
5524-KHNJP,0.00062838924,Low,0.046972095951787196,2026-03-30 22:18:27.211093,XGBoost
5527-ACHSO,0.5933286,Medium,41.82966595888138,2026-03-30 22:18:27.211093,XGBoost
5529-GIBVH,0.009268289,Low,0.1867560320533812,2026-03-30 22:18:27.211093,XGBoost
5533-NHFRF,0.46391645,Medium,20.597890412807462,2026-03-30 22:18:27.211093,XGBoost
5533-RJFTJ,0.0006702087,Low,0.020240303105674682,2026-03-30 22:18:27.211093,XGBoost
5536-RTPWK,0.998613,High,98.91261764168739,2026-03-30 22:18:27.211093,XGBoost
5536-SLHPM,0.56964266,Medium,44.2897170484066,2026-03-30 22:18:27.211093,XGBoost
5537-UXXVS,0.12489117,Low,2.404155010357499,2026-03-30 22:18:27.211093,XGBoost
5539-HIVAK,0.09225636,Low,2.3709884457290173,2026-03-30 22:18:27.211093,XGBoost
5539-TMZLF,0.96475095,High,67.29137845337391,2026-03-30 22:18:27.211093,XGBoost
5542-DHSXL,0.00087494316,Low,0.04785939074936323,2026-03-30 22:18:27.211093,XGBoost
5542-NKVRU,0.00029491328,Low,0.006119450474216137,2026-03-30 22:18:27.211093,XGBoost
5542-TBBWB,0.0027310383,Low,0.1908995741978288,2026-03-30 22:18:27.211093,XGBoost
5543-QDCRY,0.0011810197,Low,0.06660951124504208,2026-03-30 22:18:27.211093,XGBoost
5546-BYZSM,0.112431735,Low,2.299228976666927,2026-03-30 22:18:27.211093,XGBoost
5546-QUERU,0.060380194,Low,1.2045848770067096,2026-03-30 22:18:27.211093,XGBoost
5549-ZGHFB,0.00028484312,Low,0.007106835786544252,2026-03-30 22:18:27.211093,XGBoost
5550-VFRLC,0.9656354,High,67.44963400959968,2026-03-30 22:18:27.211093,XGBoost
5552-ZNFSJ,0.90696734,High,41.08562058806419,2026-03-30 22:18:27.211093,XGBoost
5553-AOINX,0.0003400197,Low,0.035668066737707706,2026-03-30 22:18:27.211093,XGBoost
5555-RNPGT,0.000698682,Low,0.017327313078567386,2026-03-30 22:18:27.211093,XGBoost
5561-NWEVX,0.90251684,High,71.47933387756348,2026-03-30 22:18:27.211093,XGBoost
5562-BETPV,0.00042676544,Low,0.008385940974403637,2026-03-30 22:18:27.211093,XGBoost
5562-YJQGT,0.000688888,Low,0.014018871128791945,2026-03-30 22:18:27.211093,XGBoost
5564-NEMQO,0.9493455,High,71.48571833968163,2026-03-30 22:18:27.211093,XGBoost
5565-FILXA,0.99799156,High,95.9568886756897,2026-03-30 22:18:27.211093,XGBoost
5566-SOEZD,0.00016402005,Low,0.013228217020514422,2026-03-30 22:18:27.211093,XGBoost
5567-GZKQY,0.0002854344,Low,0.005794318139669486,2026-03-30 22:18:27.211093,XGBoost
5567-WSELE,0.99885905,High,94.49206593036651,2026-03-30 22:18:27.211093,XGBoost
5568-DMXZS,0.56133056,Medium,36.73908494710923,2026-03-30 22:18:27.211093,XGBoost
5569-IDSEY,0.0007294842,Low,0.07710647915373557,2026-03-30 22:18:27.211093,XGBoost
5569-KGJHX,0.9983491,High,85.2090931713581,2026-03-30 22:18:27.211093,XGBoost
5569-OUICF,0.7340828,High,74.3625894665718,2026-03-30 22:18:27.211093,XGBoost
5570-PTWEH,0.7519425,High,56.50848003029824,2026-03-30 22:18:27.211093,XGBoost
5572-ZDXHY,0.9970981,High,84.05536884069443,2026-03-30 22:18:27.211093,XGBoost
5574-NXZIU,0.00059937075,Low,0.06545128540601582,2026-03-30 22:18:27.211093,XGBoost
5575-GNVDE,0.000418562,Low,0.02383710621361388,2026-03-30 22:18:27.211093,XGBoost
5575-TPIZQ,0.0007296879,Low,0.06505167801224161,2026-03-30 22:18:27.211093,XGBoost
5577-OTWWW,0.11333294,Low,2.238325607031584,2026-03-30 22:18:27.211093,XGBoost
5578-NKCXI,0.00038779172,Low,0.03848832809308078,2026-03-30 22:18:27.211093,XGBoost
5583-EJXRD,0.015149051,Low,0.8188062240369618,2026-03-30 22:18:27.211093,XGBoost
5583-SXDAG,0.99899405,High,69.9295836687088,2026-03-30 22:18:27.211093,XGBoost
5590-BYNII,0.99830174,High,100.57890075445175,2026-03-30 22:18:27.211093,XGBoost
5590-YRFJT,0.99607974,High,24.354149714112282,2026-03-30 22:18:27.211093,XGBoost
5590-ZSKRV,0.00073362945,Low,0.04009284950443543,2026-03-30 22:18:27.211093,XGBoost
5593-SUAOO,0.0003057113,Low,0.025419893907383088,2026-03-30 22:18:27.211093,XGBoost
5597-GLBUC,0.9991072,High,85.37370870411397,2026-03-30 22:18:27.211093,XGBoost
5598-IKHQQ,0.00023569808,Low,0.005998516237741569,2026-03-30 22:18:27.211093,XGBoost
5599-HVLTW,0.0014954781,Low,0.12016166474786587,2026-03-30 22:18:27.211093,XGBoost
5600-KTXFM,0.00087708584,Low,0.06135215453105047,2026-03-30 22:18:27.211093,XGBoost
5600-PDUJF,0.588905,Medium,29.150796353816986,2026-03-30 22:18:27.211093,XGBoost
5602-BVFMK,0.026582347,Low,0.5130393015220761,2026-03-30 22:18:27.211093,XGBoost
5605-IYGFG,0.0014945626,Low,0.10439519779174587,2026-03-30 22:18:27.211093,XGBoost
5605-XNWEN,0.01668464,Low,0.41711600497365,2026-03-30 22:18:27.211093,XGBoost
5606-AMZBO,0.0015266946,Low,0.11931118521024474,2026-03-30 22:18:27.211093,XGBoost
5609-CEBID,0.99799204,High,93.9110508441925,2026-03-30 22:18:27.211093,XGBoost
5609-IMCGG,0.0010035312,Low,0.08464785309624857,2026-03-30 22:18:27.211093,XGBoost
5614-DNZCE,0.0002159875,Low,0.014017588767455891,2026-03-30 22:18:27.211093,XGBoost
5616-PRTNT,0.99424475,High,19.288348233699796,2026-03-30 22:18:27.211093,XGBoost
5619-PTMIK,0.44200814,Medium,23.470632112026216,2026-03-30 22:18:27.211093,XGBoost
5619-XZZKR,0.00026703867,Low,0.005327421562105882,2026-03-30 22:18:27.211093,XGBoost
5622-UEJFI,0.00023136257,Low,0.005876609371625818,2026-03-30 22:18:27.211093,XGBoost
5624-BQSSA,0.6130852,Medium,12.844135156273842,2026-03-30 22:18:27.211093,XGBoost
5624-RYAMH,0.00093370024,Low,0.0182071547023952,2026-03-30 22:18:27.211093,XGBoost
5626-MGTUK,0.31856984,Low,28.384572654962536,2026-03-30 22:18:27.211093,XGBoost
5627-TVBPP,0.00590871,Low,0.11876507000997663,2026-03-30 22:18:27.211093,XGBoost
5628-FCGYG,0.44702855,Medium,37.59510084688663,2026-03-30 22:18:27.211093,XGBoost
5628-RKIFK,0.0012326322,Low,0.1251738002174534,2026-03-30 22:18:27.211093,XGBoost
5630-AHZIL,0.001294852,Low,0.08351795410271734,2026-03-30 22:18:27.211093,XGBoost
5630-IXDXV,0.3960811,Low,42.12322391867637,2026-03-30 22:18:27.211093,XGBoost
5639-NTUPK,0.00060590793,Low,0.03156780322897248,2026-03-30 22:18:27.211093,XGBoost
5640-CAXOA,0.00038596554,Low,0.015573709570162464,2026-03-30 22:18:27.211093,XGBoost
5641-DMBFJ,0.10285768,Low,8.67090235054493,2026-03-30 22:18:27.211093,XGBoost
5642-MHDQT,0.0005358656,Low,0.010636932266061196,2026-03-30 22:18:27.211093,XGBoost
5644-PDMZC,0.88071924,High,78.82437238097191,2026-03-30 22:18:27.211093,XGBoost
5647-FXOTP,0.0008380113,Low,0.08874539969838224,2026-03-30 22:18:27.211093,XGBoost
5647-URDKA,0.0003691519,Low,0.007272292600828223,2026-03-30 22:18:27.211093,XGBoost
5649-ANRML,0.9987318,High,94.97939341664313,2026-03-30 22:18:27.211093,XGBoost
5649-RXQTV,0.39364144,Low,38.97050276398659,2026-03-30 22:18:27.211093,XGBoost
5649-TJHOV,0.997398,High,36.40502768754959,2026-03-30 22:18:27.211093,XGBoost
5649-VUKMC,0.9974623,High,95.2576470375061,2026-03-30 22:18:27.211093,XGBoost
5650-VDUDS,0.99499476,High,24.12862291932106,2026-03-30 22:18:27.211093,XGBoost
5650-YLIBA,0.00156678,Low,0.12714419964468107,2026-03-30 22:18:27.211093,XGBoost
5651-CPDND,0.000707638,Low,0.03255134727805853,2026-03-30 22:18:27.211093,XGBoost
5651-CRHKQ,0.00058751384,Low,0.050643693434540185,2026-03-30 22:18:27.211093,XGBoost
5651-WYIPH,0.30299318,Low,15.104209941625596,2026-03-30 22:18:27.211093,XGBoost
5651-YLPRD,0.0005523341,Low,0.04755596809554845,2026-03-30 22:18:27.211093,XGBoost
5652-MSDEY,0.0012877672,Low,0.09754836524371058,2026-03-30 22:18:27.211093,XGBoost
5655-JSMZM,0.64774466,Medium,62.31303586959839,2026-03-30 22:18:27.211093,XGBoost
5656-JAMLX,0.00029021784,Low,0.005760824093886186,2026-03-30 22:18:27.211093,XGBoost
5656-MJEFC,0.00042713864,Low,0.02056672563194297,2026-03-30 22:18:27.211093,XGBoost
5663-QBGIS,0.14428428,Low,14.1903587564826,2026-03-30 22:18:27.211093,XGBoost
5666-CYCYZ,0.6470228,Medium,57.94089028537273,2026-03-30 22:18:27.211093,XGBoost
5666-MBJPT,0.00025434064,Low,0.006383950175950304,2026-03-30 22:18:27.211093,XGBoost
5668-MEISB,0.00021565538,Low,0.02288103602040792,2026-03-30 22:18:27.211093,XGBoost
5669-SRAIP,0.99701273,High,39.382003009319305,2026-03-30 22:18:27.211093,XGBoost
5671-RQRLP,0.00041680926,Low,0.031531620248279074,2026-03-30 22:18:27.211093,XGBoost
5671-UUNXD,0.0009916315,Low,0.09980771370464936,2026-03-30 22:18:27.211093,XGBoost
5673-FSSMF,0.99869776,High,60.071670126914974,2026-03-30 22:18:27.211093,XGBoost
5673-TIYIB,0.99796367,High,40.3177321434021,2026-03-30 22:18:27.211093,XGBoost
5676-CFLYY,0.025809923,Low,1.8931578657589851,2026-03-30 22:18:27.211093,XGBoost
5678-VFNEQ,0.00068785046,Low,0.07160523336497135,2026-03-30 22:18:27.211093,XGBoost
5680-LQOGP,0.030035485,Low,2.476425703801215,2026-03-30 22:18:27.211093,XGBoost
5681-LLOEI,0.00022174428,Low,0.02023416569500114,2026-03-30 22:18:27.211093,XGBoost
5684-FJVYR,0.00023986677,Low,0.0216719627736893,2026-03-30 22:18:27.211093,XGBoost
5685-IIXLY,0.99870324,High,83.49159097671509,2026-03-30 22:18:27.211093,XGBoost
5686-CMAWK,0.0004821628,Low,0.04182762376149185,2026-03-30 22:18:27.211093,XGBoost
5687-DKDTV,0.29536128,Low,6.010602056980133,2026-03-30 22:18:27.211093,XGBoost
5688-KZTSN,0.23915902,Low,4.783180356025696,2026-03-30 22:18:27.211093,XGBoost
5692-FPTAH,0.852217,High,38.69065264463425,2026-03-30 22:18:27.211093,XGBoost
5692-ICXLW,0.0012591664,Low,0.1142063923063688,2026-03-30 22:18:27.211093,XGBoost
5693-PIPCS,0.10887797,Low,10.84968988671899,2026-03-30 22:18:27.211093,XGBoost
5696-CEIQJ,0.00038118527,Low,0.03931926015939098,2026-03-30 22:18:27.211093,XGBoost
5696-EXCYS,0.0003590324,Low,0.006983179993403609,2026-03-30 22:18:27.211093,XGBoost
5696-JVVQY,0.00017987307,Low,0.01260910195269389,2026-03-30 22:18:27.211093,XGBoost
5696-QURRL,0.78290915,High,35.270057427883145,2026-03-30 22:18:27.211093,XGBoost
5697-GOMBF,0.0005791139,Low,0.020790188916726036,2026-03-30 22:18:27.211093,XGBoost
5698-BQJOH,0.998664,High,94.27388362884523,2026-03-30 22:18:27.211093,XGBoost
5699-BNCAS,0.008843011,Low,0.21798022664152084,2026-03-30 22:18:27.211093,XGBoost
5701-GUXDC,0.0004978713,Low,0.017624644422903655,2026-03-30 22:18:27.211093,XGBoost
5701-SVCWR,0.0011695203,Low,0.028068487532436848,2026-03-30 22:18:27.211093,XGBoost
5701-YVSVF,0.0021788888,Low,0.1806298788636923,2026-03-30 22:18:27.211093,XGBoost
5701-ZIKJE,0.0010221393,Low,0.05166914319852367,2026-03-30 22:18:27.211093,XGBoost
5702-KVQRD,0.028316317,Low,2.337511978764087,2026-03-30 22:18:27.211093,XGBoost
5702-SKUOB,0.18149845,Low,3.5573696792125706,2026-03-30 22:18:27.211093,XGBoost
5707-ORNDZ,0.48926255,Medium,26.68927216082811,2026-03-30 22:18:27.211093,XGBoost
5707-ZMDJP,0.00017155714,Low,0.011957532768428791,2026-03-30 22:18:27.211093,XGBoost
5708-EVONK,0.54896414,Medium,51.27325093746185,2026-03-30 22:18:27.211093,XGBoost
5712-AHQNN,0.53218096,Medium,48.77438543736935,2026-03-30 22:18:27.211093,XGBoost
5712-PTIWW,0.99839205,High,79.72160483300685,2026-03-30 22:18:27.211093,XGBoost
5712-VBOXD,0.21931805,Low,4.419258650392294,2026-03-30 22:18:27.211093,XGBoost
5716-EZXZN,0.00035293924,Low,0.03495863187708892,2026-03-30 22:18:27.211093,XGBoost
5716-LIBJC,0.0005092375,Low,0.053037087846314536,2026-03-30 22:18:27.211093,XGBoost
5724-BIDBU,0.0008079916,Low,0.0447223350929562,2026-03-30 22:18:27.211093,XGBoost
5726-CVNYA,0.024406746,Low,0.4844739086925984,2026-03-30 22:18:27.211093,XGBoost
5727-MYATE,0.00014520674,Low,0.013184771739179268,2026-03-30 22:18:27.211093,XGBoost
5729-KLZAR,0.8389913,High,67.83244534134865,2026-03-30 22:18:27.211093,XGBoost
5730-DBDSI,0.00029959434,Low,0.00590200841834303,2026-03-30 22:18:27.211093,XGBoost
5730-RIITO,0.123158686,Low,4.119658042117954,2026-03-30 22:18:27.211093,XGBoost
5732-IKGQH,0.4448887,Medium,46.46862586140633,2026-03-30 22:18:27.211093,XGBoost
5734-EJKXG,0.12815651,Low,15.19936243891716,2026-03-30 22:18:27.211093,XGBoost
5736-YEJAX,0.00022034589,Low,0.01750648065790301,2026-03-30 22:18:27.211093,XGBoost
5740-YHGTW,0.0006277197,Low,0.06123405485996045,2026-03-30 22:18:27.211093,XGBoost
5743-KHMNA,0.00039995133,Low,0.010218756437825506,2026-03-30 22:18:27.211093,XGBoost
5747-PMBSQ,0.873746,High,80.82150295376778,2026-03-30 22:18:27.211093,XGBoost
5748-RNCJT,0.99821556,High,106.30995672941208,2026-03-30 22:18:27.211093,XGBoost
5751-USDBL,0.00017621843,Low,0.014273692475399002,2026-03-30 22:18:27.211093,XGBoost
5753-QQWPW,0.13415812,Low,8.036071361601353,2026-03-30 22:18:27.211093,XGBoost
5756-JYOJT,0.0005088125,Low,0.03302193053532392,2026-03-30 22:18:27.211093,XGBoost
5756-OZRIO,0.0005164659,Low,0.03307964238629211,2026-03-30 22:18:27.211093,XGBoost
5759-RCVCB,0.99789435,High,35.1258810043335,2026-03-30 22:18:27.211093,XGBoost
5760-FXFVO,0.0015064325,Low,0.11893284916295671,2026-03-30 22:18:27.211093,XGBoost
5760-IFJOZ,0.47709045,Medium,51.50191387683153,2026-03-30 22:18:27.211093,XGBoost
5760-WRAHC,0.00090142403,Low,0.06287432643875945,2026-03-30 22:18:27.211093,XGBoost
5762-TJXGK,0.00032217285,Low,0.018927655219158623,2026-03-30 22:18:27.211093,XGBoost
5766-FTRTS,0.00029757805,Low,0.025130466464906933,2026-03-30 22:18:27.211093,XGBoost
5766-XQXMQ,0.3330455,Low,22.930183531343935,2026-03-30 22:18:27.211093,XGBoost
5766-ZJYBB,0.59684616,Medium,11.578815567493438,2026-03-30 22:18:27.211093,XGBoost
5774-QPLTF,0.029880658,Low,0.6080713860690594,2026-03-30 22:18:27.211093,XGBoost
5774-XZTQC,0.10049403,Low,2.0551028549671173,2026-03-30 22:18:27.211093,XGBoost
5777-KJIRB,0.0004953957,Low,0.024893632988096215,2026-03-30 22:18:27.211093,XGBoost
5777-ZPQNC,0.0005296047,Low,0.01067153415933717,2026-03-30 22:18:27.211093,XGBoost
5778-BVOFB,0.0009481826,Low,0.0564168645942118,2026-03-30 22:18:27.211093,XGBoost
5780-INQIK,0.0008889451,Low,0.04391388929216191,2026-03-30 22:18:27.211093,XGBoost
5781-BKHOP,0.00042287091,Low,0.04256195758644026,2026-03-30 22:18:27.211093,XGBoost
5781-RFZRP,0.00023967863,Low,0.01761637926392723,2026-03-30 22:18:27.211093,XGBoost
5787-KXGIY,0.00022802722,Low,0.004400925278605428,2026-03-30 22:18:27.211093,XGBoost
5788-YPOEG,0.0002883944,Low,0.024441425077384338,2026-03-30 22:18:27.211093,XGBoost
5789-LDFXO,0.077921554,Low,1.9168702393770218,2026-03-30 22:18:27.211093,XGBoost
5791-KAJFD,0.00046456474,Low,0.03193882603227394,2026-03-30 22:18:27.211093,XGBoost
5792-JALQC,0.05406931,Low,3.2360482290387154,2026-03-30 22:18:27.211093,XGBoost
5793-YOLJN,0.0002007684,Low,0.004216136279865168,2026-03-30 22:18:27.211093,XGBoost
5795-BKOYE,0.005341568,Low,0.31568667059764266,2026-03-30 22:18:27.211093,XGBoost
5795-KTGUD,0.14816195,Low,16.416343808174133,2026-03-30 22:18:27.211093,XGBoost
5797-APWZC,0.99903595,High,90.51265747547149,2026-03-30 22:18:27.211093,XGBoost
5799-JRCZO,0.00018723404,Low,0.00365106370736612,2026-03-30 22:18:27.211093,XGBoost
5802-ADBRC,0.0012183296,Low,0.12719361539930105,2026-03-30 22:18:27.211093,XGBoost
5803-NQJZO,0.027441407,Low,1.8605273690074682,2026-03-30 22:18:27.211093,XGBoost
5804-HYIEZ,0.0008668949,Low,0.09193420427909586,2026-03-30 22:18:27.211093,XGBoost
5804-JMYIO,0.00017746401,Low,0.0035049142243224196,2026-03-30 22:18:27.211093,XGBoost
5804-LEPIM,0.8182387,High,57.5630908280611,2026-03-30 22:18:27.211093,XGBoost
5808-TOTXO,0.022220243,Low,0.4566259888932109,2026-03-30 22:18:27.211093,XGBoost
5811-IWXYM,0.000358183,Low,0.03626602825534064,2026-03-30 22:18:27.211093,XGBoost
5813-UECBU,0.5884093,Medium,49.33812019228935,2026-03-30 22:18:27.211093,XGBoost
5815-HGGHV,0.0005701812,Low,0.03657712238491513,2026-03-30 22:18:27.211093,XGBoost
5816-JMLGY,0.00042086578,Low,0.033837608504109086,2026-03-30 22:18:27.211093,XGBoost
5816-QVHRX,0.0014289941,Low,0.14332810996565967,2026-03-30 22:18:27.211093,XGBoost
5816-SCGFC,0.0007146669,Low,0.03666241241153329,2026-03-30 22:18:27.211093,XGBoost
5820-PTRYM,0.12751617,Low,8.728481519967318,2026-03-30 22:18:27.211093,XGBoost
5821-MMEIL,0.0003488907,Low,0.00694292483094614,2026-03-30 22:18:27.211093,XGBoost
5825-XJOCM,0.00034993197,Low,0.02253561898833141,2026-03-30 22:18:27.211093,XGBoost
5827-MWCZK,0.07929235,Low,7.68739328570664,2026-03-30 22:18:27.211093,XGBoost
5828-AVIPD,0.5567983,Medium,56.20878629386425,2026-03-30 22:18:27.211093,XGBoost
5828-DWPIL,0.00074008974,Low,0.06594199626124464,2026-03-30 22:18:27.211093,XGBoost
5829-NVSQN,0.0005185913,Low,0.03565315309970174,2026-03-30 22:18:27.211093,XGBoost
5832-EXGTT,0.091436535,Low,5.504479414224625,2026-03-30 22:18:27.211093,XGBoost
5832-TRLPB,0.094695464,Low,7.135303195565938,2026-03-30 22:18:27.211093,XGBoost
5832-XKAES,0.6624576,Medium,46.23953945636749,2026-03-30 22:18:27.211093,XGBoost
5834-ASPWA,0.9546324,High,72.02701469063759,2026-03-30 22:18:27.211093,XGBoost
5835-BEQEU,0.9982521,High,76.81549861729145,2026-03-30 22:18:27.211093,XGBoost
5837-LXSDN,0.00042345905,Low,0.02492056480550673,2026-03-30 22:18:27.211093,XGBoost
5839-SUYVZ,0.4653277,Medium,34.69018077403307,2026-03-30 22:18:27.211093,XGBoost
5840-NVDCG,0.00026354543,Low,0.017986975552048534,2026-03-30 22:18:27.211093,XGBoost
5842-POCOP,0.726572,High,64.59224876761436,2026-03-30 22:18:27.211093,XGBoost
5843-TTHGI,0.0010331238,Low,0.051656190771609545,2026-03-30 22:18:27.211093,XGBoost
5844-QVTAT,0.0005172764,Low,0.030234805974760096,2026-03-30 22:18:27.211093,XGBoost
5845-BZZIB,0.0087369885,Low,0.1756134694442153,2026-03-30 22:18:27.211093,XGBoost
5846-ABOBJ,0.009957875,Low,0.24347004680894316,2026-03-30 22:18:27.211093,XGBoost
5846-NEQVZ,0.00015739813,Low,0.011151657373557099,2026-03-30 22:18:27.211093,XGBoost
5846-QFDFI,0.07399985,Low,6.556386882066726,2026-03-30 22:18:27.211093,XGBoost
5847-MXBEO,0.00036602662,Low,0.007430340445716866,2026-03-30 22:18:27.211093,XGBoost
5848-FHRFC,0.00018257138,Low,0.003660556256363634,2026-03-30 22:18:27.211093,XGBoost
5849-ASHZJ,0.012754101,Low,0.2557197311893106,2026-03-30 22:18:27.211093,XGBoost
5850-BDWCY,0.0006868113,Low,0.013873587921261787,2026-03-30 22:18:27.211093,XGBoost
5854-KSRBJ,0.00014707947,Low,0.003735818457789719,2026-03-30 22:18:27.211093,XGBoost
5855-EIBDE,0.00085406675,Low,0.0910862186428858,2026-03-30 22:18:27.211093,XGBoost
5857-TYBCJ,0.0016260939,Low,0.14504757337272167,2026-03-30 22:18:27.211093,XGBoost
5857-XRECV,0.00048564168,Low,0.009955654400982894,2026-03-30 22:18:27.211093,XGBoost
5858-EAFCZ,0.5366641,Medium,23.854720503091812,2026-03-30 22:18:27.211093,XGBoost
5859-HZYLF,0.00016761597,Low,0.00320984589488944,2026-03-30 22:18:27.211093,XGBoost
5862-BRIXZ,0.000581308,Low,0.03531445960106794,2026-03-30 22:18:27.211093,XGBoost
5863-OOKCL,0.0008035988,Low,0.015147837094264106,2026-03-30 22:18:27.211093,XGBoost
5868-CZJDR,0.9977602,High,31.279781538248063,2026-03-30 22:18:27.211093,XGBoost
5868-YTYKS,0.0012104362,Low,0.02451133355498314,2026-03-30 22:18:27.211093,XGBoost
5868-YWPDW,0.79950637,High,67.31843603849411,2026-03-30 22:18:27.211093,XGBoost
5871-DGTXZ,0.00031835717,Low,0.006303471926366911,2026-03-30 22:18:27.211093,XGBoost
5872-OEQNH,0.00068175525,Low,0.030304020835319537,2026-03-30 22:18:27.211093,XGBoost
5875-YPQFJ,0.9990901,High,69.83639627695084,2026-03-30 22:18:27.211093,XGBoost
5876-HZVZM,0.9939247,High,55.560389465093614,2026-03-30 22:18:27.211093,XGBoost
5876-QMYLD,0.0002896012,Low,0.005806503789790441,2026-03-30 22:18:27.211093,XGBoost
5879-HMFFH,0.00022340614,Low,0.019670910575223386,2026-03-30 22:18:27.211093,XGBoost
5879-SESNB,0.5896193,Medium,44.368850737810135,2026-03-30 22:18:27.211093,XGBoost
5882-CMAZQ,0.0013399299,Low,0.045892598282080144,2026-03-30 22:18:27.211093,XGBoost
5883-GTGVD,0.678383,Medium,67.80438012480737,2026-03-30 22:18:27.211093,XGBoost
5884-FBCTL,0.009558321,Low,0.23991385651752353,2026-03-30 22:18:27.211093,XGBoost
5884-GCYMI,0.9986193,High,69.30418066978456,2026-03-30 22:18:27.211093,XGBoost
5886-VLQVU,0.3666402,Low,32.94262288212776,2026-03-30 22:18:27.211093,XGBoost
5887-IKKYO,0.00020050362,Low,0.018917516752844674,2026-03-30 22:18:27.211093,XGBoost
5889-JTMUL,0.99812204,High,94.87149956524372,2026-03-30 22:18:27.211093,XGBoost
5889-LFOLL,0.7262983,High,61.44483386278152,2026-03-30 22:18:27.211093,XGBoost
5893-KCLGT,0.008039308,Low,0.15877632866613567,2026-03-30 22:18:27.211093,XGBoost
5893-PYOLZ,0.027961453,Low,2.2872468899935483,2026-03-30 22:18:27.211093,XGBoost
5895-QSXOD,0.00086818944,Low,0.060816670247004365,2026-03-30 22:18:27.211093,XGBoost
5896-NPFWW,0.99797624,High,50.048508611321445,2026-03-30 22:18:27.211093,XGBoost
5897-ZYEKH,0.0012384428,Low,0.13077956400811672,2026-03-30 22:18:27.211093,XGBoost
5898-IGSLP,0.0005756801,Low,0.051408233918482434,2026-03-30 22:18:27.211093,XGBoost
5899-MQZZL,0.5174993,Medium,38.81244957447052,2026-03-30 22:18:27.211093,XGBoost
5899-OUVKV,0.0012988317,Low,0.12273959181038663,2026-03-30 22:18:27.211093,XGBoost
5902-WBLSE,0.0053408537,Low,0.10761820217594503,2026-03-30 22:18:27.211093,XGBoost
5906-BFOZT,0.0014660793,Low,0.02858854568330571,2026-03-30 22:18:27.211093,XGBoost
5906-CVLHP,0.9952285,High,53.89162484407425,2026-03-30 22:18:27.211093,XGBoost
5906-DVAPM,0.024245722,Low,1.8184291664510965,2026-03-30 22:18:27.211093,XGBoost
5908-QMGOE,0.4722969,Medium,35.04442950487137,2026-03-30 22:18:27.211093,XGBoost
5909-ECHUI,0.86645067,High,48.73785004019737,2026-03-30 22:18:27.211093,XGBoost
5913-INRQV,0.0004922032,Low,0.044372120642219674,2026-03-30 22:18:27.211093,XGBoost
5914-DVBWJ,0.99821633,High,85.2975854843855,2026-03-30 22:18:27.211093,XGBoost
5914-GXMDA,0.03113259,Low,0.6008589874953032,2026-03-30 22:18:27.211093,XGBoost
5914-XRFQB,0.07355436,Low,8.517594815790654,2026-03-30 22:18:27.211093,XGBoost
5915-ANOEI,0.00030450296,Low,0.024101409196737224,2026-03-30 22:18:27.211093,XGBoost
5915-DGNVC,0.26393774,Low,18.95072984099388,2026-03-30 22:18:27.211093,XGBoost
5916-QEWPT,0.0019544638,Low,0.13485800055786967,2026-03-30 22:18:27.211093,XGBoost
5917-HBSDW,0.00052716327,Low,0.010200609255116434,2026-03-30 22:18:27.211093,XGBoost
5917-RYRMG,0.02249252,Low,0.44535190612077713,2026-03-30 22:18:27.211093,XGBoost
5918-VUKWP,0.022299593,Low,0.45825664261356,2026-03-30 22:18:27.211093,XGBoost
5919-TMRGD,0.9987269,High,79.24897986352443,2026-03-30 22:18:27.211093,XGBoost
5919-VCZYM,0.0006648169,Low,0.013329578409320674,2026-03-30 22:18:27.211093,XGBoost
5921-NGYRH,0.0005457188,Low,0.04013761947280727,2026-03-30 22:18:27.211093,XGBoost
5922-ABDVO,0.62004745,Medium,55.58725389838219,2026-03-30 22:18:27.211093,XGBoost
5923-GXUOC,0.9987721,High,104.27180564403534,2026-03-30 22:18:27.211093,XGBoost
5924-IFQTT,0.0007462469,Low,0.05432677380740642,2026-03-30 22:18:27.211093,XGBoost
5924-SNGKP,0.00032521904,Low,0.00658568548533367,2026-03-30 22:18:27.211093,XGBoost
5928-QLDHB,0.0019074804,Low,0.14544538164045662,2026-03-30 22:18:27.211093,XGBoost
5930-GBIWP,0.00022558276,Low,0.01838499466975918,2026-03-30 22:18:27.211093,XGBoost
5931-FLJJF,0.99736243,High,69.9151066839695,2026-03-30 22:18:27.211093,XGBoost
5934-RMPOV,0.17123926,Low,14.512527018785477,2026-03-30 22:18:27.211093,XGBoost
5934-TSSAU,0.00030442487,Low,0.02292319296102505,2026-03-30 22:18:27.211093,XGBoost
5935-FCCNB,0.0018289133,Low,0.1722836370114237,2026-03-30 22:18:27.211093,XGBoost
5937-EORGB,0.0020448286,Low,0.19732596073299646,2026-03-30 22:18:27.211093,XGBoost
5939-SXWHM,0.009124297,Low,0.2399690036661923,2026-03-30 22:18:27.211093,XGBoost
5939-XAIXZ,0.0006291956,Low,0.035297872836235915,2026-03-30 22:18:27.211093,XGBoost
5940-AHUHD,0.86463463,High,61.04320509433746,2026-03-30 22:18:27.211093,XGBoost
5940-NFXKV,0.99786264,High,83.4712095886469,2026-03-30 22:18:27.211093,XGBoost
5944-UGLLK,0.18799645,Low,10.321004945039748,2026-03-30 22:18:27.211093,XGBoost
5945-AZYHT,0.0006134248,Low,0.06723135923966765,2026-03-30 22:18:27.211093,XGBoost
5947-SGKCL,0.23379621,Low,24.630430628359317,2026-03-30 22:18:27.211093,XGBoost
5948-UJZLF,0.0012200408,Low,0.06008701128303073,2026-03-30 22:18:27.211093,XGBoost
5949-EBSQK,0.9928069,High,61.00798470973969,2026-03-30 22:18:27.211093,XGBoost
5949-HGVJL,0.0015021717,Low,0.10973364567034877,2026-03-30 22:18:27.211093,XGBoost
5949-XIKAE,0.80533165,High,67.28545913994311,2026-03-30 22:18:27.211093,XGBoost
5950-AAAGJ,0.28546822,Low,24.064971005916593,2026-03-30 22:18:27.211093,XGBoost
5951-AOFIH,0.17839678,Low,11.845545947551729,2026-03-30 22:18:27.211093,XGBoost
5954-BDFSG,0.0004063108,Low,0.043678411675500683,2026-03-30 22:18:27.211093,XGBoost
5955-EPOAZ,0.25930288,Low,5.432395426928997,2026-03-30 22:18:27.211093,XGBoost
5955-ERIHD,0.8055374,High,76.28439202904701,2026-03-30 22:18:27.211093,XGBoost
5956-VKDTT,0.99862766,High,74.2479667186737,2026-03-30 22:18:27.211093,XGBoost
5956-YHHRX,0.001587309,Low,0.16563568823039532,2026-03-30 22:18:27.211093,XGBoost
5959-BELXA,0.6839061,Medium,65.7575694322586,2026-03-30 22:18:27.211093,XGBoost
5960-MVTUK,0.0012250463,Low,0.0364451288478449,2026-03-30 22:18:27.211093,XGBoost
5960-WPXQM,0.86590546,High,68.44982690513133,2026-03-30 22:18:27.211093,XGBoost
5961-VUSRV,0.00044515711,Low,0.00861379017296713,2026-03-30 22:18:27.211093,XGBoost
5965-GGPRW,0.0171597,Low,1.8060584664344788,2026-03-30 22:18:27.211093,XGBoost
5966-EMAZU,0.0008590741,Low,0.09320954201393761,2026-03-30 22:18:27.211093,XGBoost
5968-HYJRZ,0.008116462,Low,0.19925914867781103,2026-03-30 22:18:27.211093,XGBoost
5968-VXZLG,0.0016942548,Low,0.07895227414555848,2026-03-30 22:18:27.211093,XGBoost
5968-XQIVE,0.14679638,Low,13.167634883522988,2026-03-30 22:18:27.211093,XGBoost
5970-GHJAW,0.005467294,Low,0.1090725109912455,2026-03-30 22:18:27.211093,XGBoost
5973-EJGDP,0.0008610229,Low,0.07521035140089224,2026-03-30 22:18:27.211093,XGBoost
5975-BAICR,0.00030193847,Low,0.01923348084965255,2026-03-30 22:18:27.211093,XGBoost
5976-JCJRH,0.9966978,High,70.06785417795182,2026-03-30 22:18:27.211093,XGBoost
5977-CKHON,0.00038721174,Low,0.035836446323082784,2026-03-30 22:18:27.211093,XGBoost
5980-BDHPY,0.043058526,Low,3.750397594645619,2026-03-30 22:18:27.211093,XGBoost
5980-NOPLP,0.99822015,High,95.928956001997,2026-03-30 22:18:27.211093,XGBoost
5981-ITEMU,0.6943129,Medium,67.41777972579003,2026-03-30 22:18:27.211093,XGBoost
5981-ZVXOT,0.0009092699,Low,0.09851939407526515,2026-03-30 22:18:27.211093,XGBoost
5982-FPVQN,0.00064241514,Low,0.06112580019980669,2026-03-30 22:18:27.211093,XGBoost
5982-PSMKW,0.013074383,Low,1.1910763040184973,2026-03-30 22:18:27.211093,XGBoost
5982-XMDEX,0.00028348417,Low,0.007512330572353676,2026-03-30 22:18:27.211093,XGBoost
5985-BEHZK,0.0007055414,Low,0.07408184726955369,2026-03-30 22:18:27.211093,XGBoost
5985-TBABQ,0.2561888,Low,19.1501135379076,2026-03-30 22:18:27.211093,XGBoost
5986-WWXDV,0.03150157,Low,0.6095553573220969,2026-03-30 22:18:27.211093,XGBoost
5989-AXPUC,0.0008696152,Low,0.10313636012142524,2026-03-30 22:18:27.211093,XGBoost
5989-OMNJE,0.18999743,Low,10.94385223388672,2026-03-30 22:18:27.211093,XGBoost
5989-PGKJB,0.71968687,High,62.07299217581749,2026-03-30 22:18:27.211093,XGBoost
5993-BQHEA,0.00033520855,Low,0.006720931382733397,2026-03-30 22:18:27.211093,XGBoost
5993-JSUWV,0.03382698,Low,2.068519872240722,2026-03-30 22:18:27.211093,XGBoost
5995-LFTLE,0.00027335188,Low,0.006915802505682223,2026-03-30 22:18:27.211093,XGBoost
5995-OIGLP,0.9955596,High,56.39844982028007,2026-03-30 22:18:27.211093,XGBoost
5995-SNNEW,0.0012432863,Low,0.12986125408206137,2026-03-30 22:18:27.211093,XGBoost
5995-WWKKG,0.0004938125,Low,0.009777487325482071,2026-03-30 22:18:27.211093,XGBoost
5996-DAOQL,0.119251765,Low,2.43869860060513,2026-03-30 22:18:27.211093,XGBoost
5996-EBTKM,0.00015248134,Low,0.010658445770968684,2026-03-30 22:18:27.211093,XGBoost
5996-NRVXR,0.0007651982,Low,0.07510420346807223,2026-03-30 22:18:27.211093,XGBoost
5997-OPVFA,0.00019307304,Low,0.017193153848347718,2026-03-30 22:18:27.211093,XGBoost
5998-DZLYR,0.000424551,Low,0.04005638607050059,2026-03-30 22:18:27.211093,XGBoost
5998-VVEJY,0.67768294,Medium,54.55347636342049,2026-03-30 22:18:27.211093,XGBoost
5999-LCXAO,0.002009185,Low,0.06007463242858648,2026-03-30 22:18:27.211093,XGBoost
6000-APYLU,0.9980438,High,80.64193706512451,2026-03-30 22:18:27.211093,XGBoost
6000-UKLWI,0.00028216103,Low,0.005685544655716512,2026-03-30 22:18:27.211093,XGBoost
6005-OBZPH,0.9972065,High,88.90096028745175,2026-03-30 22:18:27.211093,XGBoost
6007-TCTST,0.00017264512,Low,0.019992304377956314,2026-03-30 22:18:27.211093,XGBoost
6008-NAIXK,0.0006822639,Low,0.03783153470430989,2026-03-30 22:18:27.211093,XGBoost
6010-DDPPW,0.00030605134,Low,0.007697191223269328,2026-03-30 22:18:27.211093,XGBoost
6013-BHCAW,0.00017634197,Low,0.014283699681982398,2026-03-30 22:18:27.211093,XGBoost
6015-VVHHE,0.9981621,High,82.99717784821988,2026-03-30 22:18:27.211093,XGBoost
6016-LVTJQ,0.049645092,Low,1.0251711567863822,2026-03-30 22:18:27.211093,XGBoost
6016-NXBNJ,0.00030547474,Low,0.005849841190502047,2026-03-30 22:18:27.211093,XGBoost
6017-PPLPX,0.997031,High,70.24083207845688,2026-03-30 22:18:27.211093,XGBoost
6022-KOUQO,0.0016561033,Low,0.04810980078182183,2026-03-30 22:18:27.211093,XGBoost
6022-UGGSO,0.99767107,High,74.22672743797303,2026-03-30 22:18:27.211093,XGBoost
6023-GSSXW,0.00031307482,Low,0.019238447859243026,2026-03-30 22:18:27.211093,XGBoost
6023-YEBUP,0.9989235,High,100.84132535755634,2026-03-30 22:18:27.211093,XGBoost
6024-RUGGH,0.00022686613,Low,0.005717026570346206,2026-03-30 22:18:27.211093,XGBoost
6029-CSMJE,0.0005446219,Low,0.013969551739864982,2026-03-30 22:18:27.211093,XGBoost
6029-WTIPC,0.9977336,High,100.87086625099181,2026-03-30 22:18:27.211093,XGBoost
6030-REHUX,0.0016732988,Low,0.1854851688200142,2026-03-30 22:18:27.211093,XGBoost
6032-IGALN,0.53745323,Medium,13.490076178312302,2026-03-30 22:18:27.211093,XGBoost
6032-KRXXO,0.9968471,High,89.96545015275478,2026-03-30 22:18:27.211093,XGBoost
6034-YMTOB,0.0015635147,Low,0.11827988699660637,2026-03-30 22:18:27.211093,XGBoost
6034-ZRYCV,0.15478991,Low,8.38961310684681,2026-03-30 22:18:27.211093,XGBoost
6035-BXTTY,0.0007139773,Low,0.03901886067178566,2026-03-30 22:18:27.211093,XGBoost
6035-RIIOM,0.0004123527,Low,0.040080682758707555,2026-03-30 22:18:27.211093,XGBoost
6036-TTFYU,0.086545445,Low,1.696290722489357,2026-03-30 22:18:27.211093,XGBoost
6038-GCYEC,0.9960324,High,53.93515537083149,2026-03-30 22:18:27.211093,XGBoost
6040-CGACY,0.00046227692,Low,0.009060627617873252,2026-03-30 22:18:27.211093,XGBoost
6047-SUHPR,0.00044413726,Low,0.026559408055618405,2026-03-30 22:18:27.211093,XGBoost
6047-YHPVI,0.6505346,Medium,45.342259544134144,2026-03-30 22:18:27.211093,XGBoost
6048-NJXHX,0.0004003902,Low,0.0079077067275648,2026-03-30 22:18:27.211093,XGBoost
6048-QBXKL,0.0015813292,Low,0.08942416365025564,2026-03-30 22:18:27.211093,XGBoost
6048-UWKAL,0.0011913838,Low,0.12557185355108233,2026-03-30 22:18:27.211093,XGBoost
6050-FFXES,0.0009549182,Low,0.10060063385753892,2026-03-30 22:18:27.211093,XGBoost
6050-IJRHS,0.00048344154,Low,0.051486524534993805,2026-03-30 22:18:27.211093,XGBoost
6051-PTVNS,0.00022726362,Low,0.004352098309755092,2026-03-30 22:18:27.211093,XGBoost
6060-DRTNL,0.752904,High,63.883904221653935,2026-03-30 22:18:27.211093,XGBoost
6060-QBMGV,0.0002013147,Low,0.003996096840273822,2026-03-30 22:18:27.211093,XGBoost
6061-GWWAV,0.0002498323,Low,0.017538226512260734,2026-03-30 22:18:27.211093,XGBoost
6061-PQHMK,0.00023036874,Low,0.0045843378480640235,2026-03-30 22:18:27.211093,XGBoost
6064-PUPMC,0.013902615,Low,0.7952295679599047,2026-03-30 22:18:27.211093,XGBoost
6064-ZATLR,0.0002986618,Low,0.01578427565546008,2026-03-30 22:18:27.211093,XGBoost
6067-NGCEU,0.00066792435,Low,0.07417299934022593,2026-03-30 22:18:27.211093,XGBoost
6072-NUQCB,0.00028535086,Low,0.00577835497824708,2026-03-30 22:18:27.211093,XGBoost
6075-QMNRR,0.00089195964,Low,0.04437499228515662,2026-03-30 22:18:27.211093,XGBoost
6075-SLNIL,0.0010829401,Low,0.10298760764999315,2026-03-30 22:18:27.211093,XGBoost
6077-BDPXA,0.0015182348,Low,0.10650417426368222,2026-03-30 22:18:27.211093,XGBoost
6078-VESFR,0.0012002708,Low,0.08455908061005175,2026-03-30 22:18:27.211093,XGBoost
6080-LNESI,0.00027486868,Low,0.006802999880164862,2026-03-30 22:18:27.211093,XGBoost
6080-TCMYC,0.0005315332,Low,0.04316049658227712,2026-03-30 22:18:27.211093,XGBoost
6082-GLJIX,0.0004861574,Low,0.009358529910969082,2026-03-30 22:18:27.211093,XGBoost
6082-OQFBA,0.07129049,Low,1.400858187675476,2026-03-30 22:18:27.211093,XGBoost
6086-ESGRL,0.8949331,High,71.72888832688332,2026-03-30 22:18:27.211093,XGBoost
6087-MVHJH,0.99838173,High,88.3068643629551,2026-03-30 22:18:27.211093,XGBoost
6087-YPWHO,0.00024530047,Low,0.016717227088520303,2026-03-30 22:18:27.211093,XGBoost
6088-BXMRG,0.0005380248,Low,0.0531837533111684,2026-03-30 22:18:27.211093,XGBoost
6092-QZVPP,0.0009010264,Low,0.0713612923398614,2026-03-30 22:18:27.211093,XGBoost
6094-ZIVKX,0.00043507674,Low,0.023689928562089336,2026-03-30 22:18:27.211093,XGBoost
6096-EGVTU,0.00021839859,Low,0.005438124954525846,2026-03-30 22:18:27.211093,XGBoost
6097-EQISJ,0.99629897,High,102.07082935273648,2026-03-30 22:18:27.211093,XGBoost
6100-FJZDG,0.0003898647,Low,0.007816787181945983,2026-03-30 22:18:27.211093,XGBoost
6100-QQHEB,0.99801135,High,92.36595050096511,2026-03-30 22:18:27.211093,XGBoost
6101-IMRMM,0.99837613,High,94.34654438495636,2026-03-30 22:18:27.211093,XGBoost
6103-BOCOU,0.0013306298,Low,0.10738182534696535,2026-03-30 22:18:27.211093,XGBoost
6103-LIANB,0.00026756802,Low,0.02662301751843188,2026-03-30 22:18:27.211093,XGBoost
6103-QCKFX,0.00035099813,Low,0.019743644952541217,2026-03-30 22:18:27.211093,XGBoost
6108-OQZDQ,0.9061691,High,88.75926496088505,2026-03-30 22:18:27.211093,XGBoost
6110-OHIHY,0.9984743,High,79.12908826768398,2026-03-30 22:18:27.211093,XGBoost
6112-KTHFQ,0.00050060585,Low,0.009661692887311802,2026-03-30 22:18:27.211093,XGBoost
6114-TCFID,0.000540559,Low,0.021352080715587363,2026-03-30 22:18:27.211093,XGBoost
6115-ZTBFQ,0.000282449,Low,0.01850040999124758,2026-03-30 22:18:27.211093,XGBoost
6116-RFVHN,0.0018042086,Low,0.18123275545658543,2026-03-30 22:18:27.211093,XGBoost
6119-SPUDB,0.031814653,Low,1.2169104935601354,2026-03-30 22:18:27.211093,XGBoost
6120-RJKLU,0.0005558732,Low,0.04444206299667713,2026-03-30 22:18:27.211093,XGBoost
6121-TNHBO,0.0004251192,Low,0.03528489242307842,2026-03-30 22:18:27.211093,XGBoost
6121-VZNQB,0.99687296,High,19.04027356505394,2026-03-30 22:18:27.211093,XGBoost
6122-EFVKN,0.0003368359,Low,0.01204188301198883,2026-03-30 22:18:27.211093,XGBoost
6122-LJADA,0.00016086991,Low,0.014502422336954625,2026-03-30 22:18:27.211093,XGBoost
6124-ACRHJ,0.0011556459,Low,0.022824007231974974,2026-03-30 22:18:27.211093,XGBoost
6127-ISGTU,0.7180138,High,60.99527426660061,2026-03-30 22:18:27.211093,XGBoost
6127-IYJOZ,0.002992304,Low,0.13719714032486083,2026-03-30 22:18:27.211093,XGBoost
6128-AQBMT,0.0011940389,Low,0.0644183983327821,2026-03-30 22:18:27.211093,XGBoost
6128-CZOMY,0.8448261,High,38.566311568021774,2026-03-30 22:18:27.211093,XGBoost
6128-DAFVY,0.00064230035,Low,0.028807170724030585,2026-03-30 22:18:27.211093,XGBoost
6131-FOYAS,0.00084762956,Low,0.0505187219241634,2026-03-30 22:18:27.211093,XGBoost
6131-IUNXN,0.0003701769,Low,0.007477573124924674,2026-03-30 22:18:27.211093,XGBoost
6131-JLWZM,0.00051795354,Low,0.010514456790406258,2026-03-30 22:18:27.211093,XGBoost
6133-OZILE,0.0011783044,Low,0.041476316004991534,2026-03-30 22:18:27.211093,XGBoost
6134-KWTBV,0.01029806,Low,0.24097460992634295,2026-03-30 22:18:27.211093,XGBoost
6135-OZQVA,0.0009988543,Low,0.05358853254583664,2026-03-30 22:18:27.211093,XGBoost
6137-MFAJN,0.00082442944,Low,0.03693443909287453,2026-03-30 22:18:27.211093,XGBoost
6137-NICCO,0.0012196968,Low,0.11471248695161193,2026-03-30 22:18:27.211093,XGBoost
6139-ZZRBQ,0.00031692602,Low,0.00635436662560096,2026-03-30 22:18:27.211093,XGBoost
6140-QNRQQ,0.998965,High,71.47594753503799,2026-03-30 22:18:27.211093,XGBoost
6141-OOXUQ,0.6804527,Medium,13.370895642042159,2026-03-30 22:18:27.211093,XGBoost
6142-VSJQO,0.9977537,High,44.250375697016715,2026-03-30 22:18:27.211093,XGBoost
6143-JQKEA,0.48329476,Medium,22.134899789094924,2026-03-30 22:18:27.211093,XGBoost
6145-NNPNO,0.001739582,Low,0.0768025473691523,2026-03-30 22:18:27.211093,XGBoost
6147-CBCRA,0.0003242568,Low,0.006501348949677777,2026-03-30 22:18:27.211093,XGBoost
6152-ONASV,0.09108798,Low,5.305874954909086,2026-03-30 22:18:27.211093,XGBoost
6156-UZDLF,0.17251575,Low,15.034747606515886,2026-03-30 22:18:27.211093,XGBoost
6158-DWPZT,0.9949303,High,23.977820879220964,2026-03-30 22:18:27.211093,XGBoost
6158-HDPXZ,0.002392285,Low,0.06064442570786924,2026-03-30 22:18:27.211093,XGBoost
6161-ERDGD,0.00018435234,Low,0.01575290703040082,2026-03-30 22:18:27.211093,XGBoost
6161-UUUTA,0.99847764,High,79.77836325764656,2026-03-30 22:18:27.211093,XGBoost
6164-HAQTX,0.015774852,Low,0.8510532473213971,2026-03-30 22:18:27.211093,XGBoost
6164-HXUGH,0.00057213363,Low,0.011356852648896167,2026-03-30 22:18:27.211093,XGBoost
6166-ILMNY,0.8774298,High,61.20072738826275,2026-03-30 22:18:27.211093,XGBoost
6166-YIPFO,0.00032481097,Low,0.021015269856434315,2026-03-30 22:18:27.211093,XGBoost
6168-WFVVF,0.9979576,High,70.15641838312149,2026-03-30 22:18:27.211093,XGBoost
6168-YBYNP,0.0006543788,Low,0.07286507820826955,2026-03-30 22:18:27.211093,XGBoost
6169-PGNCD,0.00021361648,Low,0.015871704758319536,2026-03-30 22:18:27.211093,XGBoost
6169-PPETC,0.00023063135,Low,0.0047279427672037855,2026-03-30 22:18:27.211093,XGBoost
6171-ZTVYB,0.001330588,Low,0.08815145585685968,2026-03-30 22:18:27.211093,XGBoost
6172-FECYY,0.9979114,High,84.32351276278496,2026-03-30 22:18:27.211093,XGBoost
6173-GOLSU,0.0010065573,Low,0.09527064436697402,2026-03-30 22:18:27.211093,XGBoost
6173-ITPWD,0.99754924,High,83.1457288056612,2026-03-30 22:18:27.211093,XGBoost
6174-NRBTZ,0.0004557191,Low,0.014013362284458708,2026-03-30 22:18:27.211093,XGBoost
6175-IRFIT,0.5706719,Medium,44.940413385629654,2026-03-30 22:18:27.211093,XGBoost
6176-YJWAS,0.00033855505,Low,0.033161467315221675,2026-03-30 22:18:27.211093,XGBoost
6177-PEVRA,0.00032962247,Low,0.0182940473605413,2026-03-30 22:18:27.211093,XGBoost
6178-KFNHS,0.99752265,High,78.10602366328239,2026-03-30 22:18:27.211093,XGBoost
6179-GJPSO,0.99840266,High,107.97724715173246,2026-03-30 22:18:27.211093,XGBoost
6180-YBIQI,0.00093661295,Low,0.02275969474576414,2026-03-30 22:18:27.211093,XGBoost
6181-AXXYF,0.0048410017,Low,0.11981479218229651,2026-03-30 22:18:27.211093,XGBoost
6184-DYUOB,0.00046774096,Low,0.009167722810525449,2026-03-30 22:18:27.211093,XGBoost
6185-TASNN,0.91266084,High,42.256196761131285,2026-03-30 22:18:27.211093,XGBoost
6188-UXBBR,0.00032963758,Low,0.0066751609920174815,2026-03-30 22:18:27.211093,XGBoost
6194-HBGQN,0.00036034934,Low,0.0292423488383065,2026-03-30 22:18:27.211093,XGBoost
6195-MELTI,0.00049907056,Low,0.027274206312722527,2026-03-30 22:18:27.211093,XGBoost
6196-HBOBZ,0.20938872,Low,20.802769134193657,2026-03-30 22:18:27.211093,XGBoost
6198-PNNSZ,0.13762043,Low,15.1107236713171,2026-03-30 22:18:27.211093,XGBoost
6198-RTPMF,0.0020879654,Low,0.193345593707636,2026-03-30 22:18:27.211093,XGBoost
6198-ZFIOJ,0.001859092,Low,0.14054735801182686,2026-03-30 22:18:27.211093,XGBoost
6199-IPCAO,0.0061241365,Low,0.15983996274881065,2026-03-30 22:18:27.211093,XGBoost
6199-IWKGC,0.0009451754,Low,0.09475383543758653,2026-03-30 22:18:27.211093,XGBoost
6202-DYYFX,0.0005995916,Low,0.045568960485979915,2026-03-30 22:18:27.211093,XGBoost
6202-JVYEU,0.00052611664,Low,0.010469721077242866,2026-03-30 22:18:27.211093,XGBoost
6203-HBZPA,0.00024693157,Low,0.015778927062638105,2026-03-30 22:18:27.211093,XGBoost
6204-IEUXJ,0.68347204,Medium,54.746110188961026,2026-03-30 22:18:27.211093,XGBoost
6207-WIOLX,0.9954725,High,58.33468796014786,2026-03-30 22:18:27.211093,XGBoost
6210-KBBPI,0.99863064,High,99.31381743550301,2026-03-30 22:18:27.211093,XGBoost
6211-WHMYA,0.0008673745,Low,0.03803437069291249,2026-03-30 22:18:27.211093,XGBoost
6211-WWLTF,0.00031675777,Low,0.031580749369459225,2026-03-30 22:18:27.211093,XGBoost
6212-ATMLK,0.0011291229,Low,0.10805706311948597,2026-03-30 22:18:27.211093,XGBoost
6214-EDAKZ,0.35139117,Low,19.37922282963991,2026-03-30 22:18:27.211093,XGBoost
6215-NQCPY,0.0017066816,Low,0.17015615188283847,2026-03-30 22:18:27.211093,XGBoost
6217-KDYWC,0.00026400818,Low,0.005174560332670808,2026-03-30 22:18:27.211093,XGBoost
6217-TOWGS,0.0009925138,Low,0.07483554382342845,2026-03-30 22:18:27.211093,XGBoost
6218-KNUBD,0.00093632477,Low,0.055664507360779686,2026-03-30 22:18:27.211093,XGBoost
6221-AVQYL,0.6561406,Medium,48.06230081617832,2026-03-30 22:18:27.211093,XGBoost
6223-DHJGV,0.00035772813,Low,0.007387085912341717,2026-03-30 22:18:27.211093,XGBoost
6227-FBDXH,0.00084630476,Low,0.08420732323429547,2026-03-30 22:18:27.211093,XGBoost
6227-HWPWX,0.70489734,High,48.63791674375534,2026-03-30 22:18:27.211093,XGBoost
6229-LSCKB,0.0016934066,Low,0.13496450665406884,2026-03-30 22:18:27.211093,XGBoost
6229-UOLQL,0.00024178313,Low,0.012572722625918686,2026-03-30 22:18:27.211093,XGBoost
6230-BSUXY,0.99925154,High,84.93638128042221,2026-03-30 22:18:27.211093,XGBoost
6231-WFGFH,0.0006626659,Low,0.013584650383563712,2026-03-30 22:18:27.211093,XGBoost
6233-HXJMX,0.00080750784,Low,0.07211044981959276,2026-03-30 22:18:27.211093,XGBoost
6234-PFPXL,0.001091684,Low,0.10469249386806041,2026-03-30 22:18:27.211093,XGBoost
6234-RAAPL,0.11052023,Low,11.040970851480962,2026-03-30 22:18:27.211093,XGBoost
6235-VDHOM,0.9976763,High,28.383891102671623,2026-03-30 22:18:27.211093,XGBoost
6240-EURKS,0.46405572,Medium,16.24195009469986,2026-03-30 22:18:27.211093,XGBoost
6242-FEGFD,0.06672,Low,6.445152135193347,2026-03-30 22:18:27.211093,XGBoost
6242-MBHPK,0.769344,High,73.1646117568016,2026-03-30 22:18:27.211093,XGBoost
6242-SGYTS,0.00021264107,Low,0.020190269509475913,2026-03-30 22:18:27.211093,XGBoost
6243-OZGFH,0.27456293,Low,12.341603483259679,2026-03-30 22:18:27.211093,XGBoost
6244-BESBM,0.00016313475,Low,0.015530428674537688,2026-03-30 22:18:27.211093,XGBoost
6248-BSHKG,0.00929659,Low,0.18965044543147086,2026-03-30 22:18:27.211093,XGBoost
6248-TKCQV,0.024291188,Low,1.9578697144985198,2026-03-30 22:18:27.211093,XGBoost
6250-CGGUN,0.0005845042,Low,0.049332155985757714,2026-03-30 22:18:27.211093,XGBoost
6252-DFGTK,0.0012403523,Low,0.08446799061493947,2026-03-30 22:18:27.211093,XGBoost
6253-GNHWH,0.00014686253,Low,0.010441925661871208,2026-03-30 22:18:27.211093,XGBoost
6253-WRFHY,0.09442954,Low,6.1143125630915165,2026-03-30 22:18:27.211093,XGBoost
6257-DTAYD,0.18730113,Low,19.507412596046926,2026-03-30 22:18:27.211093,XGBoost
6257-RJOHI,0.0012438791,Low,0.06318905763328075,2026-03-30 22:18:27.211093,XGBoost
6258-NGCNG,0.000836213,Low,0.019651005568448454,2026-03-30 22:18:27.211093,XGBoost
6258-PVZWJ,0.04149637,Low,3.76787039488554,2026-03-30 22:18:27.211093,XGBoost
6259-WJQLC,0.0013593379,Low,0.11024230699986219,2026-03-30 22:18:27.211093,XGBoost
6260-ONULR,0.0017397939,Low,0.10925905834883451,2026-03-30 22:18:27.211093,XGBoost
6260-XLACS,0.00043564968,Low,0.008582298681722023,2026-03-30 22:18:27.211093,XGBoost
6261-LHRTG,0.00050561654,Low,0.027682505518896505,2026-03-30 22:18:27.211093,XGBoost
6261-RCVNS,0.2671824,Low,19.744780081510545,2026-03-30 22:18:27.211093,XGBoost
6265-FRMTQ,0.00033823925,Low,0.0069000806193798775,2026-03-30 22:18:27.211093,XGBoost
6265-SXWBU,0.02526231,Low,2.4188661095686257,2026-03-30 22:18:27.211093,XGBoost
6266-QHOJZ,0.11878002,Low,10.672384518384932,2026-03-30 22:18:27.211093,XGBoost
6267-DCFFZ,0.0017258461,Low,0.1554124401009176,2026-03-30 22:18:27.211093,XGBoost
6270-OMFIW,0.9966955,High,94.08805694580079,2026-03-30 22:18:27.211093,XGBoost
6275-YDUVO,0.99850875,High,86.07145437002183,2026-03-30 22:18:27.211093,XGBoost
6278-FEPBZ,0.26021954,Low,5.2694457694888115,2026-03-30 22:18:27.211093,XGBoost
6281-FKEWS,0.16325139,Low,8.007480438798666,2026-03-30 22:18:27.211093,XGBoost
6283-GITPX,0.0001377044,Low,0.010589468010584824,2026-03-30 22:18:27.211093,XGBoost
6284-AHOOQ,0.60743624,Medium,54.972979694604874,2026-03-30 22:18:27.211093,XGBoost
6284-KMNUF,0.00070391805,Low,0.06898396881297231,2026-03-30 22:18:27.211093,XGBoost
6285-FTQBF,0.0002135727,Low,0.0054567824146943165,2026-03-30 22:18:27.211093,XGBoost
6286-SUUWT,0.0015634365,Low,0.03119055753923021,2026-03-30 22:18:27.211093,XGBoost
6286-ZHAOK,0.00039429832,Low,0.010074321991123725,2026-03-30 22:18:27.211093,XGBoost
6288-CHQJB,0.00028075115,Low,0.01963854281930253,2026-03-30 22:18:27.211093,XGBoost
6288-LBEAR,0.35497075,Low,28.078186577558515,2026-03-30 22:18:27.211093,XGBoost
6289-CPNLD,0.3068377,Low,22.675306603312492,2026-03-30 22:18:27.211093,XGBoost
6292-TOSSS,0.01954578,Low,0.4866899343207478,2026-03-30 22:18:27.211093,XGBoost
6295-OSINB,0.00035054685,Low,0.03843746193742845,2026-03-30 22:18:27.211093,XGBoost
6296-DDOOR,0.26732108,Low,15.558086854219438,2026-03-30 22:18:27.211093,XGBoost
6297-NOOPG,0.0009793451,Low,0.10821762902196497,2026-03-30 22:18:27.211093,XGBoost
6298-QDFNH,0.52766585,Medium,41.87028547525406,2026-03-30 22:18:27.211093,XGBoost
6300-BWMJX,0.0011228974,Low,0.10482246990432031,2026-03-30 22:18:27.211093,XGBoost
6302-JGYRJ,0.3192816,Low,25.36692374497652,2026-03-30 22:18:27.211093,XGBoost
6303-KFWSL,0.00045259664,Low,0.025005964140291326,2026-03-30 22:18:27.211093,XGBoost
6304-IJFSQ,0.78548235,High,39.19556911587715,2026-03-30 22:18:27.211093,XGBoost
6305-YLBMM,0.9986436,High,103.90886419713497,2026-03-30 22:18:27.211093,XGBoost
6308-CQRBU,0.00040358887,Low,0.044092084106523544,2026-03-30 22:18:27.211093,XGBoost
6311-UEUME,0.99663985,High,78.6348839879036,2026-03-30 22:18:27.211093,XGBoost
6313-GIDIT,0.5826426,Medium,31.724890378117564,2026-03-30 22:18:27.211093,XGBoost
6317-YPKDH,0.9976907,High,29.880835795402525,2026-03-30 22:18:27.211093,XGBoost
6319-IEJWJ,0.99791497,High,90.01193028688431,2026-03-30 22:18:27.211093,XGBoost
6319-QSUSR,0.076005,Low,1.497298438847065,2026-03-30 22:18:27.211093,XGBoost
6322-HRPFA,0.07502474,Low,4.471474438905716,2026-03-30 22:18:27.211093,XGBoost
6322-PJJDJ,0.0004503718,Low,0.04269524604314938,2026-03-30 22:18:27.211093,XGBoost
6323-AYBRX,0.9920272,High,19.19572676718235,2026-03-30 22:18:27.211093,XGBoost
6326-MTTXK,0.9988574,High,100.73476666808128,2026-03-30 22:18:27.211093,XGBoost
6328-ZPBGN,0.79805267,High,75.93471141457559,2026-03-30 22:18:27.211093,XGBoost
6330-JKLPC,0.85577965,High,68.89026165008545,2026-03-30 22:18:27.211093,XGBoost
6331-EWIEB,0.9967886,High,84.97622993588448,2026-03-30 22:18:27.211093,XGBoost
6331-LWDTQ,0.9971956,High,71.94766264557839,2026-03-30 22:18:27.211093,XGBoost
6332-FBZRI,0.00015940088,Low,0.011054450962546978,2026-03-30 22:18:27.211093,XGBoost
6333-YDVLT,0.13599345,Low,14.959279596805573,2026-03-30 22:18:27.211093,XGBoost
6338-AVWCY,0.5744723,Medium,23.06506317257881,2026-03-30 22:18:27.211093,XGBoost
6339-DKLMK,0.0011416145,Low,0.036132099351380016,2026-03-30 22:18:27.211093,XGBoost
6339-RZCBJ,0.00027658502,Low,0.021822558253188618,2026-03-30 22:18:27.211093,XGBoost
6339-TBELP,0.00019512452,Low,0.016858758637681603,2026-03-30 22:18:27.211093,XGBoost
6339-YPSAH,0.0013013732,Low,0.09604134501423686,2026-03-30 22:18:27.211093,XGBoost
6340-DACFT,0.00017856868,Low,0.003669586298929062,2026-03-30 22:18:27.211093,XGBoost
6341-AEVKX,0.0008690092,Low,0.0906376572791487,2026-03-30 22:18:27.211093,XGBoost
6341-JVQGF,0.00065408915,Low,0.05307933437288739,2026-03-30 22:18:27.211093,XGBoost
6344-SFJVH,0.0006658673,Low,0.016580095613608136,2026-03-30 22:18:27.211093,XGBoost
6345-FZOQH,0.00019634565,Low,0.003907278340193443,2026-03-30 22:18:27.211093,XGBoost
6345-HOVES,0.0008078103,Low,0.020235647607478313,2026-03-30 22:18:27.211093,XGBoost
6345-ULYRW,0.996461,High,88.08715012073517,2026-03-30 22:18:27.211093,XGBoost
6347-DCUIK,0.99723274,High,73.94480731189252,2026-03-30 22:18:27.211093,XGBoost
6348-SNFUS,0.0002672078,Low,0.014816672352026217,2026-03-30 22:18:27.211093,XGBoost
6349-JDHQP,0.0008430077,Low,0.016733702836791056,2026-03-30 22:18:27.211093,XGBoost
6350-XFYGW,0.002377971,Low,0.2253127594012767,2026-03-30 22:18:27.211093,XGBoost
6351-SCJKT,0.0016177116,Low,0.06689237546524965,2026-03-30 22:18:27.211093,XGBoost
6352-GIGGQ,0.08551722,Low,7.593929153680802,2026-03-30 22:18:27.211093,XGBoost
6352-TWCAU,0.46762204,Medium,40.42592550516129,2026-03-30 22:18:27.211093,XGBoost
6353-BRMMA,0.00037577067,Low,0.03911772702704183,2026-03-30 22:18:27.211093,XGBoost
6356-ELRKD,0.90386367,High,86.40936670303344,2026-03-30 22:18:27.211093,XGBoost
6357-JJPQT,0.0020259097,Low,0.16308573260903358,2026-03-30 22:18:27.211093,XGBoost
6358-LYNGM,0.99892396,High,74.81940440535546,2026-03-30 22:18:27.211093,XGBoost
6360-SVNWV,0.00091852085,Low,0.06755720832152291,2026-03-30 22:18:27.211093,XGBoost
6362-QHAFM,0.0009095628,Low,0.09850565175293013,2026-03-30 22:18:27.211093,XGBoost
6365-HITVU,0.00015550165,Low,0.013567518937634304,2026-03-30 22:18:27.211093,XGBoost
6365-MTGZX,0.772323,High,74.14300918579102,2026-03-30 22:18:27.211093,XGBoost
6366-XIVKZ,0.00045205376,Low,0.028547195087594446,2026-03-30 22:18:27.211093,XGBoost
6366-ZGQGL,0.78156406,High,19.382788610458373,2026-03-30 22:18:27.211093,XGBoost
6368-NWMCE,0.29703674,Low,20.243053640425206,2026-03-30 22:18:27.211093,XGBoost
6368-TZZDT,0.00032392127,Low,0.006316464714473113,2026-03-30 22:18:27.211093,XGBoost
6369-MCAKO,0.0001603766,Low,0.014281536187627352,2026-03-30 22:18:27.211093,XGBoost
6370-ZVHDV,0.01491551,Low,0.3773624050430954,2026-03-30 22:18:27.211093,XGBoost
6371-NZYEG,0.18476145,Low,11.870923142880201,2026-03-30 22:18:27.211093,XGBoost
6372-RFVNS,0.9992163,High,78.73824586868285,2026-03-30 22:18:27.211093,XGBoost
6374-AFWOX,0.08758556,Low,5.749992078170181,2026-03-30 22:18:27.211093,XGBoost
6374-NTQLP,0.0003207857,Low,0.033393792205606586,2026-03-30 22:18:27.211093,XGBoost
6376-GAHQE,0.8088058,High,62.96553334593772,2026-03-30 22:18:27.211093,XGBoost
6377-KSLXC,0.000577843,Low,0.011527967677102425,2026-03-30 22:18:27.211093,XGBoost
6377-WHAOX,0.0010731969,Low,0.11391984876827338,2026-03-30 22:18:27.211093,XGBoost
6379-RXJRQ,0.9972052,High,69.90408436655997,2026-03-30 22:18:27.211093,XGBoost
6380-ARCEH,0.19110486,Low,3.8603181540966034,2026-03-30 22:18:27.211093,XGBoost
6383-ZTSIW,0.00087814656,Low,0.08702432395075448,2026-03-30 22:18:27.211093,XGBoost
6384-VMJHP,0.026682856,Low,1.9478484559804201,2026-03-30 22:18:27.211093,XGBoost
6386-SZZKH,0.9954135,High,107.45488540232182,2026-03-30 22:18:27.211093,XGBoost
6388-TABGU,0.0003615704,Low,0.020302177395205945,2026-03-30 22:18:27.211093,XGBoost
6390-DSAZX,0.7957882,High,58.57001361846923,2026-03-30 22:18:27.211093,XGBoost
6393-WRYZE,0.99868804,High,97.52188731729984,2026-03-30 22:18:27.211093,XGBoost
6394-HHHZM,0.0005063704,Low,0.01048186700209044,2026-03-30 22:18:27.211093,XGBoost
6394-MFYNG,0.9956132,High,106.92885954380036,2026-03-30 22:18:27.211093,XGBoost
6397-JNZZG,0.9965095,High,55.35610230267048,2026-03-30 22:18:27.211093,XGBoost
6400-BWQKW,0.9978802,High,78.88243142366409,2026-03-30 22:18:27.211093,XGBoost
6402-EJMWF,0.00075754523,Low,0.04189225137233734,2026-03-30 22:18:27.211093,XGBoost
6402-SSEJG,0.11867605,Low,7.245172943919897,2026-03-30 22:18:27.211093,XGBoost
6402-ZFPPI,0.9977937,High,102.5731897354126,2026-03-30 22:18:27.211093,XGBoost
6407-GSJNL,0.019279588,Low,0.48102572094649076,2026-03-30 22:18:27.211093,XGBoost
6407-UTSLV,0.0034689591,Low,0.2906987748108804,2026-03-30 22:18:27.211093,XGBoost
6408-OTUBZ,0.00092029746,Low,0.09621709960629232,2026-03-30 22:18:27.211093,XGBoost
6408-WHTEF,0.00014953311,Low,0.01336825993785169,2026-03-30 22:18:27.211093,XGBoost
6410-LEFEN,0.58206654,Medium,26.28030409812927,2026-03-30 22:18:27.211093,XGBoost
6413-XKKPU,0.9980452,High,89.2252414226532,2026-03-30 22:18:27.211093,XGBoost
6416-JNVRK,0.00094879617,Low,0.05280050659202971,2026-03-30 22:18:27.211093,XGBoost
6416-TVAIH,0.99898463,High,68.43044748902321,2026-03-30 22:18:27.211093,XGBoost
6416-YJTTB,0.001387888,Low,0.11033709469484165,2026-03-30 22:18:27.211093,XGBoost
6418-HNFED,0.00028578783,Low,0.023791836683813017,2026-03-30 22:18:27.211093,XGBoost
6418-PIQSP,0.00030933533,Low,0.025056161714019254,2026-03-30 22:18:27.211093,XGBoost
6419-ZTTLE,0.0003651861,Low,0.007577611664601136,2026-03-30 22:18:27.211093,XGBoost
6421-SZVEM,0.014678468,Low,1.2161110735032707,2026-03-30 22:18:27.211093,XGBoost
6424-ELEYH,0.7166842,High,53.572145611047745,2026-03-30 22:18:27.211093,XGBoost
6425-JWTDV,0.00024363115,Low,0.004689899596996838,2026-03-30 22:18:27.211093,XGBoost
6425-YQLLO,0.99821776,High,105.7611718326807,2026-03-30 22:18:27.211093,XGBoost
6427-FEFIG,0.00026722896,Low,0.021004195912973953,2026-03-30 22:18:27.211093,XGBoost
6429-SHBCB,0.20939882,Low,14.574157941341399,2026-03-30 22:18:27.211093,XGBoost
6432-TWQLB,0.80185574,High,68.47848044633866,2026-03-30 22:18:27.211093,XGBoost
6434-TTGJP,0.00039637525,Low,0.021285351103870198,2026-03-30 22:18:27.211093,XGBoost
6435-SRWBJ,0.0019141884,Low,0.15839908862835728,2026-03-30 22:18:27.211093,XGBoost
6435-VWCCY,0.0003915021,Low,0.03629224540782161,2026-03-30 22:18:27.211093,XGBoost
6437-UDQJM,0.00021711175,Low,0.018259098354610613,2026-03-30 22:18:27.211093,XGBoost
6437-UKHMV,0.9980446,High,79.54415541887283,2026-03-30 22:18:27.211093,XGBoost
6439-GTPCA,0.63345504,Medium,55.26895207166672,2026-03-30 22:18:27.211093,XGBoost
6439-LAJXL,0.0009722331,Low,0.06703547034121585,2026-03-30 22:18:27.211093,XGBoost
6439-PKTRR,0.0002904268,Low,0.023437443081638778,2026-03-30 22:18:27.211093,XGBoost
6440-DKQGE,0.00038770871,Low,0.025007212097989395,2026-03-30 22:18:27.211093,XGBoost
6445-TNRXS,0.0003227976,Low,0.03702488444687333,2026-03-30 22:18:27.211093,XGBoost
6447-EGDIV,0.014697438,Low,0.30791132831946016,2026-03-30 22:18:27.211093,XGBoost
6447-GORXK,0.090882555,Low,2.2720638662576675,2026-03-30 22:18:27.211093,XGBoost
6457-GIRWB,0.9987577,High,69.26384788155555,2026-03-30 22:18:27.211093,XGBoost
6457-USBER,0.9990602,High,80.72406525611878,2026-03-30 22:18:27.211093,XGBoost
6458-CYIDZ,0.0023634569,Low,0.19073097012005746,2026-03-30 22:18:27.211093,XGBoost
6461-PPAXN,0.00060080347,Low,0.03301415061287116,2026-03-30 22:18:27.211093,XGBoost
6461-SZMCV,0.019596506,Low,1.72351269479841,2026-03-30 22:18:27.211093,XGBoost
6463-HHXJR,0.0001905143,Low,0.01914668714016443,2026-03-30 22:18:27.211093,XGBoost
6463-MVYRY,0.030126408,Low,2.104329580813646,2026-03-30 22:18:27.211093,XGBoost
6464-KEXXH,0.0007496211,Low,0.01892793213482946,2026-03-30 22:18:27.211093,XGBoost
6465-GSRCL,0.03375756,Low,3.598555891215801,2026-03-30 22:18:27.211093,XGBoost
6467-CHFZW,0.2813941,Low,27.956503261625766,2026-03-30 22:18:27.211093,XGBoost
6469-MRVET,0.0012491096,Low,0.025232014479115605,2026-03-30 22:18:27.211093,XGBoost
6469-QJKZW,0.00060488837,Low,0.01218850057630334,2026-03-30 22:18:27.211093,XGBoost
6473-ULUHT,0.0009363305,Low,0.07949446190614254,2026-03-30 22:18:27.211093,XGBoost
6474-FVJLC,0.8253932,High,70.98381519317627,2026-03-30 22:18:27.211093,XGBoost
6475-VHUIZ,0.0011026347,Low,0.05981793277896941,2026-03-30 22:18:27.211093,XGBoost
6476-EPYZR,0.05980997,Low,1.2261044178158045,2026-03-30 22:18:27.211093,XGBoost
6476-YHMGA,0.20844112,Low,15.945745937526226,2026-03-30 22:18:27.211093,XGBoost
6478-HRRCZ,0.00035536458,Low,0.0250532029021997,2026-03-30 22:18:27.211093,XGBoost
6479-OAUSD,0.0002693782,Low,0.005360625905450433,2026-03-30 22:18:27.211093,XGBoost
6479-SZPLM,0.00015748086,Low,0.0030630026434664615,2026-03-30 22:18:27.211093,XGBoost
6479-VDGRK,0.00015327625,Low,0.013074464502278714,2026-03-30 22:18:27.211093,XGBoost
6480-YAGIY,0.22261007,Low,24.97685000002384,2026-03-30 22:18:27.211093,XGBoost
6481-ESCNL,0.0014239901,Low,0.14318220667773857,2026-03-30 22:18:27.211093,XGBoost
6481-LXPWL,0.00024561174,Low,0.008866583681083284,2026-03-30 22:18:27.211093,XGBoost
6481-OGDOO,0.29560915,Low,26.782188659906385,2026-03-30 22:18:27.211093,XGBoost
6483-OATDN,0.18163027,Low,9.317632783949374,2026-03-30 22:18:27.211093,XGBoost
6484-LATFU,0.00030823285,Low,0.007567116408608854,2026-03-30 22:18:27.211093,XGBoost
6485-QXWWE,0.00021140184,Low,0.005496447905898094,2026-03-30 22:18:27.211093,XGBoost
6486-LHTMA,0.0011194033,Low,0.10152987794717774,2026-03-30 22:18:27.211093,XGBoost
6490-FGZAT,0.06871965,Low,1.4190607275813818,2026-03-30 22:18:27.211093,XGBoost
6496-JDSSB,0.0019692876,Low,0.15754301100969315,2026-03-30 22:18:27.211093,XGBoost
6496-SLWHQ,0.9986712,High,104.86047327518463,2026-03-30 22:18:27.211093,XGBoost
6497-TILVL,0.0005988015,Low,0.030359234759816903,2026-03-30 22:18:27.211093,XGBoost
6500-JVEGC,0.0012792759,Low,0.12965460885316132,2026-03-30 22:18:27.211093,XGBoost
6502-HCJTI,0.764279,High,72.3772220492363,2026-03-30 22:18:27.211093,XGBoost
6502-KUGLL,0.000679667,Low,0.04040620263549499,2026-03-30 22:18:27.211093,XGBoost
6502-MJQAE,0.99877197,High,69.514528799057,2026-03-30 22:18:27.211093,XGBoost
6504-VBLFL,0.00074425974,Low,0.04361362085910514,2026-03-30 22:18:27.211093,XGBoost
6505-OZNPG,0.00028831768,Low,0.018279340816661716,2026-03-30 22:18:27.211093,XGBoost
6506-EYCNH,0.000442001,Low,0.00864111971022794,2026-03-30 22:18:27.211093,XGBoost
6507-DTJZV,0.00057751045,Low,0.038346693944185974,2026-03-30 22:18:27.211093,XGBoost
6507-ZJSUR,0.0017354764,Low,0.15697384288650937,2026-03-30 22:18:27.211093,XGBoost
6508-NJYRO,0.00035200897,Low,0.006617768574506045,2026-03-30 22:18:27.211093,XGBoost
6509-TSGWN,0.05058191,Low,1.33789151199162,2026-03-30 22:18:27.211093,XGBoost
6510-UPNKS,0.0003336342,Low,0.008274128288030624,2026-03-30 22:18:27.211093,XGBoost
6513-EECDB,0.9992322,High,73.49352632164955,2026-03-30 22:18:27.211093,XGBoost
6516-NKQBO,0.09329713,Low,7.5570676401257515,2026-03-30 22:18:27.211093,XGBoost
6518-KZXCB,0.00029546177,Low,0.007460409608029295,2026-03-30 22:18:27.211093,XGBoost
6518-LGAOV,0.99882776,High,104.87691432237625,2026-03-30 22:18:27.211093,XGBoost
6518-PPLMZ,0.0076509267,Low,0.14842797815799713,2026-03-30 22:18:27.211093,XGBoost
6519-CFDBX,0.0014803143,Low,0.0672062691533938,2026-03-30 22:18:27.211093,XGBoost
6519-ZHPXP,0.00024093695,Low,0.02609347147954395,2026-03-30 22:18:27.211093,XGBoost
6521-YYTYI,0.93261606,High,87.0130779325962,2026-03-30 22:18:27.211093,XGBoost
6522-OIQSX,0.00021320727,Low,0.011715739461942577,2026-03-30 22:18:27.211093,XGBoost
6522-YRBXD,0.6416495,Medium,60.667958772182466,2026-03-30 22:18:27.211093,XGBoost
6527-PZFPV,0.00022072376,Low,0.004591054120101035,2026-03-30 22:18:27.211093,XGBoost
6532-YLWSI,0.07314852,Low,1.521489191055298,2026-03-30 22:18:27.211093,XGBoost
6537-OTKMY,0.00093741604,Low,0.047573864212608896,2026-03-30 22:18:27.211093,XGBoost
6537-QLGEX,0.0009780006,Low,0.03804422250250354,2026-03-30 22:18:27.211093,XGBoost
6538-POCHL,0.0008665534,Low,0.06845771835651249,2026-03-30 22:18:27.211093,XGBoost
6542-LWGXJ,0.29462457,Low,7.365614175796509,2026-03-30 22:18:27.211093,XGBoost
6543-CPZMK,0.99757665,High,29.87742078602314,2026-03-30 22:18:27.211093,XGBoost
6543-JXSOO,0.00047126244,Low,0.027215405672905035,2026-03-30 22:18:27.211093,XGBoost
6543-XRMYR,0.73116773,High,72.89742304682731,2026-03-30 22:18:27.211093,XGBoost
6546-OPBBH,0.0001699996,Low,0.004071490574278869,2026-03-30 22:18:27.211093,XGBoost
6549-BTYPG,0.03578698,Low,2.175848317146301,2026-03-30 22:18:27.211093,XGBoost
6549-NNDYT,0.0007078241,Low,0.021836372688994743,2026-03-30 22:18:27.211093,XGBoost
6549-YMFAW,0.08980592,Low,1.9083758722990751,2026-03-30 22:18:27.211093,XGBoost
6551-GNYDG,0.00083451474,Low,0.06751224215840922,2026-03-30 22:18:27.211093,XGBoost
6551-VLJMV,0.0002443651,Low,0.004899520312028472,2026-03-30 22:18:27.211093,XGBoost
6551-ZCOTS,0.0003641654,Low,0.009067718556616455,2026-03-30 22:18:27.211093,XGBoost
6556-DBKZF,0.00019649134,Low,0.014943166331795509,2026-03-30 22:18:27.211093,XGBoost
6557-BZXLQ,0.0011331101,Low,0.07892112134722994,2026-03-30 22:18:27.211093,XGBoost
6559-ILWKJ,0.9899596,High,48.85450614094734,2026-03-30 22:18:27.211093,XGBoost
6559-PDZLR,0.001827334,Low,0.18026650440879166,2026-03-30 22:18:27.211093,XGBoost
6559-RAKOZ,0.00027861528,Low,0.027290366316447035,2026-03-30 22:18:27.211093,XGBoost
6563-VNPMN,0.0010112677,Low,0.08666563791921363,2026-03-30 22:18:27.211093,XGBoost
6563-VRERX,0.00038997937,Low,0.008033574948785828,2026-03-30 22:18:27.211093,XGBoost
6567-HOOPW,0.9613267,High,76.13707609176636,2026-03-30 22:18:27.211093,XGBoost
6568-POCUI,0.00037997312,Low,0.03617344105150551,2026-03-30 22:18:27.211093,XGBoost
6569-KTMDU,0.0008469949,Low,0.016177603055257353,2026-03-30 22:18:27.211093,XGBoost
6572-ADKRS,0.0007354011,Low,0.05500800360459834,2026-03-30 22:18:27.211093,XGBoost
6574-MCOEH,0.052962646,Low,4.191993422061206,2026-03-30 22:18:27.211093,XGBoost
6575-SUVOI,0.0005526883,Low,0.03841183808981441,2026-03-30 22:18:27.211093,XGBoost
6576-FBXOJ,0.0013600398,Low,0.07425817355979235,2026-03-30 22:18:27.211093,XGBoost
6578-KRMAW,0.32661852,Low,30.50616999268532,2026-03-30 22:18:27.211093,XGBoost
6579-JPICP,0.0007166745,Low,0.014620159612968564,2026-03-30 22:18:27.211093,XGBoost
6581-NQCBA,0.6549523,Medium,32.714866769313815,2026-03-30 22:18:27.211093,XGBoost
6582-OIVSP,0.0018825461,Low,0.08527933903969824,2026-03-30 22:18:27.211093,XGBoost
6582-PLFUU,0.0002987162,Low,0.0058399014378665015,2026-03-30 22:18:27.211093,XGBoost
6583-KQJLK,0.5456984,Medium,51.65035396814346,2026-03-30 22:18:27.211093,XGBoost
6583-QGCSI,0.9982065,High,87.89208199381828,2026-03-30 22:18:27.211093,XGBoost
6583-SZVGP,0.118123,Low,12.76909655407071,2026-03-30 22:18:27.211093,XGBoost
6584-VQMYT,0.00027437095,Low,0.015419647295493633,2026-03-30 22:18:27.211093,XGBoost
6585-WCEWR,0.00024234879,Low,0.004931797865720001,2026-03-30 22:18:27.211093,XGBoost
6586-MYGKD,0.00048141222,Low,0.03704467049392406,2026-03-30 22:18:27.211093,XGBoost
6586-PSJOX,0.06237716,Low,3.443219152092934,2026-03-30 22:18:27.211093,XGBoost
6591-QGOYB,0.0010635676,Low,0.11342948307283224,2026-03-30 22:18:27.211093,XGBoost
6595-COKXZ,0.82086265,High,36.487344831228256,2026-03-30 22:18:27.211093,XGBoost
6595-YGXIT,0.9978002,High,88.75432524383068,2026-03-30 22:18:27.211093,XGBoost
6598-KELSS,0.0002776556,Low,0.011953073865151964,2026-03-30 22:18:27.211093,XGBoost
6598-RFFVI,0.99003345,High,19.10764554142952,2026-03-30 22:18:27.211093,XGBoost
6599-CEBNN,0.9952943,High,73.60201148092747,2026-03-30 22:18:27.211093,XGBoost
6599-GZWCM,0.0006216807,Low,0.04640846381953452,2026-03-30 22:18:27.211093,XGBoost
6599-RCLCJ,0.9974511,High,109.27077091634273,2026-03-30 22:18:27.211093,XGBoost
6599-SFQVE,0.00087429315,Low,0.04808612342458218,2026-03-30 22:18:27.211093,XGBoost
6603-QWSPR,0.0006653563,Low,0.06946319653652609,2026-03-30 22:18:27.211093,XGBoost
6603-YRDCJ,0.0002328626,Low,0.014216261709225363,2026-03-30 22:18:27.211093,XGBoost
6608-QQLVK,0.99762684,High,50.380155473947525,2026-03-30 22:18:27.211093,XGBoost
6609-MXJHJ,0.00012725157,Low,0.0031940142958774235,2026-03-30 22:18:27.211093,XGBoost
6614-FHDBO,0.00041898317,Low,0.04575296184048057,2026-03-30 22:18:27.211093,XGBoost
6614-VBEGU,0.00077369856,Low,0.05373336479533464,2026-03-30 22:18:27.211093,XGBoost
6614-YOLAC,0.00032545443,Low,0.019087902207684238,2026-03-30 22:18:27.211093,XGBoost
6614-YWYSC,0.12667443,Low,3.1668607145547867,2026-03-30 22:18:27.211093,XGBoost
6615-NGGZJ,0.8276221,High,83.21740372478962,2026-03-30 22:18:27.211093,XGBoost
6615-ZGEDR,0.9978916,High,19.658464616537092,2026-03-30 22:18:27.211093,XGBoost
6616-AALSR,0.0123628825,Low,1.289448644220829,2026-03-30 22:18:27.211093,XGBoost
6617-WLBQC,0.02358825,Low,1.9306982182897625,2026-03-30 22:18:27.211093,XGBoost
6618-RYATB,0.9991928,High,79.48578519523143,2026-03-30 22:18:27.211093,XGBoost
6619-RPLQZ,0.0001520845,Low,0.0031709617462183817,2026-03-30 22:18:27.211093,XGBoost
6620-HVDUJ,0.0006848932,Low,0.041401795414276424,2026-03-30 22:18:27.211093,XGBoost
6620-JDYNW,0.2374596,Low,14.390051758289337,2026-03-30 22:18:27.211093,XGBoost
6621-NRZAK,0.00017350806,Low,0.0034701611730270088,2026-03-30 22:18:27.211093,XGBoost
6621-YOBKI,0.078259915,Low,1.5925892725586892,2026-03-30 22:18:27.211093,XGBoost
6624-JDRDS,0.0014562467,Low,0.04288646564818919,2026-03-30 22:18:27.211093,XGBoost
6625-FLENO,0.00026269,Low,0.005450817698147148,2026-03-30 22:18:27.211093,XGBoost
6625-IUTTT,0.00023593777,Low,0.01546572073129937,2026-03-30 22:18:27.211093,XGBoost
6625-UTXEW,0.0011659313,Low,0.0597539814771153,2026-03-30 22:18:27.211093,XGBoost
6627-CFOSN,0.0010337096,Low,0.10280242144363001,2026-03-30 22:18:27.211093,XGBoost
6629-CZTTH,0.7582254,High,42.233153742551806,2026-03-30 22:18:27.211093,XGBoost
6629-LADHQ,0.0016703923,Low,0.08510649005766027,2026-03-30 22:18:27.211093,XGBoost
6630-UJZMY,0.0029639446,Low,0.24674838554346934,2026-03-30 22:18:27.211093,XGBoost
6631-HMANX,0.00022030389,Low,0.018824967346154155,2026-03-30 22:18:27.211093,XGBoost
6633-MPWBS,0.5803712,Medium,28.554263091087343,2026-03-30 22:18:27.211093,XGBoost
6633-SYEUS,0.0012595166,Low,0.1047917790710926,2026-03-30 22:18:27.211093,XGBoost
6635-CPNUN,0.0016575055,Low,0.16011503320187329,2026-03-30 22:18:27.211093,XGBoost
6635-MYYYZ,0.22876486,Low,19.52508095651865,2026-03-30 22:18:27.211093,XGBoost
6637-KYRCV,0.001494833,Low,0.045592407579533756,2026-03-30 22:18:27.211093,XGBoost
6641-XRPSU,0.99666876,High,69.76681292057037,2026-03-30 22:18:27.211093,XGBoost
6645-MXQJT,0.0013928129,Low,0.13524213586933911,2026-03-30 22:18:27.211093,XGBoost
6646-JPPHA,0.0013977109,Low,0.11020950254169291,2026-03-30 22:18:27.211093,XGBoost
6646-QVXLR,0.9964635,High,103.38308580219746,2026-03-30 22:18:27.211093,XGBoost
6646-VRFOL,0.99851733,High,103.69602518379688,2026-03-30 22:18:27.211093,XGBoost
6647-ZEDXT,0.0008169666,Low,0.09023395894037094,2026-03-30 22:18:27.211093,XGBoost
6648-INWPS,0.0006226422,Low,0.012546240864321588,2026-03-30 22:18:27.211093,XGBoost
6650-BWFRT,0.00028216586,Low,0.03305573006946361,2026-03-30 22:18:27.211093,XGBoost
6650-VJONK,0.0016657414,Low,0.07304276205832139,2026-03-30 22:18:27.211093,XGBoost
6651-AZVTJ,0.99809736,High,99.61011654138565,2026-03-30 22:18:27.211093,XGBoost
6651-RLGGM,0.00019723241,Low,0.00518721237895079,2026-03-30 22:18:27.211093,XGBoost
6652-YFFJO,0.38660038,Low,25.0903643488884,2026-03-30 22:18:27.211093,XGBoost
6653-CBBOM,0.9991173,High,70.23794723153114,2026-03-30 22:18:27.211093,XGBoost
6654-QGBZZ,0.0015474064,Low,0.03079338790848851,2026-03-30 22:18:27.211093,XGBoost
6655-LHBYW,0.00067443954,Low,0.07712216093495954,2026-03-30 22:18:27.211093,XGBoost
6656-GULJQ,0.00013847588,Low,0.011569659756787587,2026-03-30 22:18:27.211093,XGBoost
6656-JWRQX,0.002586172,Low,0.07900755344890058,2026-03-30 22:18:27.211093,XGBoost
6661-EIPZC,0.00028891477,Low,0.008522985794115812,2026-03-30 22:18:27.211093,XGBoost
6661-HBGWL,0.7739417,High,81.07039262354374,2026-03-30 22:18:27.211093,XGBoost
6663-JOCQO,0.00057542836,Low,0.043300984310917556,2026-03-30 22:18:27.211093,XGBoost
6664-FPDAC,0.9970505,High,111.61980613470078,2026-03-30 22:18:27.211093,XGBoost
6668-CNMFP,0.00022385604,Low,0.020001537261123303,2026-03-30 22:18:27.211093,XGBoost
6670-MFRPK,0.00020980785,Low,0.016616782103665174,2026-03-30 22:18:27.211093,XGBoost
6671-NGWON,0.00047944047,Low,0.009756613498029766,2026-03-30 22:18:27.211093,XGBoost
6674-KVJHG,0.00055976614,Low,0.014106106641702353,2026-03-30 22:18:27.211093,XGBoost
6680-NENYN,0.9963574,High,104.21898208856582,2026-03-30 22:18:27.211093,XGBoost
6680-WKXRZ,0.99787366,High,74.24180059432985,2026-03-30 22:18:27.211093,XGBoost
6681-ZSEXG,0.04671077,Low,2.7792908493429422,2026-03-30 22:18:27.211093,XGBoost
6682-QJDGB,0.2315749,Low,12.794512838125229,2026-03-30 22:18:27.211093,XGBoost
6682-VCIXC,0.0006198248,Low,0.0317660210566828,2026-03-30 22:18:27.211093,XGBoost
6683-VLCTZ,0.9986413,High,98.4161013096571,2026-03-30 22:18:27.211093,XGBoost
6685-GBWJZ,0.00030874077,Low,0.02185884634964168,2026-03-30 22:18:27.211093,XGBoost
6685-XSHHU,0.00023257216,Low,0.004872386709757847,2026-03-30 22:18:27.211093,XGBoost
6686-YPGHK,0.4434379,Medium,37.91394080221653,2026-03-30 22:18:27.211093,XGBoost
6688-UZPWD,0.9986339,High,101.86065995693207,2026-03-30 22:18:27.211093,XGBoost
6689-KXGBO,0.9972083,High,50.40887942612171,2026-03-30 22:18:27.211093,XGBoost
6689-TCZHQ,0.80682033,High,63.69846529066563,2026-03-30 22:18:27.211093,XGBoost
6689-VRRTK,0.000745788,Low,0.0818875206168741,2026-03-30 22:18:27.211093,XGBoost
6691-CCIHA,0.00082926755,Low,0.07044627823634074,2026-03-30 22:18:27.211093,XGBoost
6692-UDPJC,0.42628512,Medium,39.06903105229139,2026-03-30 22:18:27.211093,XGBoost
6692-YQHXC,0.00097257865,Low,0.06803187665645964,2026-03-30 22:18:27.211093,XGBoost
6693-DJWTY,0.02718519,Low,1.5114965900778772,2026-03-30 22:18:27.211093,XGBoost
6693-FRIRW,0.4837961,Medium,49.0085439056158,2026-03-30 22:18:27.211093,XGBoost
6695-AMZUF,0.00032464968,Low,0.02806596466980409,2026-03-30 22:18:27.211093,XGBoost
6695-FRVEC,0.042044494,Low,2.5394874557852742,2026-03-30 22:18:27.211093,XGBoost
6696-YDAYZ,0.00017209405,Low,0.0035279280054965056,2026-03-30 22:18:27.211093,XGBoost
6698-OXETB,0.00036476075,Low,0.007441119337454438,2026-03-30 22:18:27.211093,XGBoost
6701-DHKWQ,0.0004350228,Low,0.02233842138957698,2026-03-30 22:18:27.211093,XGBoost
6701-YVNQG,0.00020616205,Low,0.018286573578370737,2026-03-30 22:18:27.211093,XGBoost
6702-OHFWR,0.99889094,High,43.25197754502296,2026-03-30 22:18:27.211093,XGBoost
6704-UTUKK,0.0009992246,Low,0.045864409371279176,2026-03-30 22:18:27.211093,XGBoost
6705-LNMDD,0.0006567552,Low,0.032837758772075176,2026-03-30 22:18:27.211093,XGBoost
6705-LXORM,0.0017542612,Low,0.12288599734310991,2026-03-30 22:18:27.211093,XGBoost
6710-HSJRD,0.00064188207,Low,0.07323874422581866,2026-03-30 22:18:27.211093,XGBoost
6711-FLDFB,0.8276158,High,61.98842323422432,2026-03-30 22:18:27.211093,XGBoost
6711-VTNRE,0.99750876,High,87.33189231157303,2026-03-30 22:18:27.211093,XGBoost
6712-OAWRH,0.78299344,High,71.44815102219582,2026-03-30 22:18:27.211093,XGBoost
6713-OKOMC,0.00087418687,Low,0.026007059263065457,2026-03-30 22:18:27.211093,XGBoost
6715-OFDBP,0.9973999,High,69.86786482930184,2026-03-30 22:18:27.211093,XGBoost
6718-BDGHG,0.18069771,Low,11.718246449530124,2026-03-30 22:18:27.211093,XGBoost
6719-FGEDO,0.048499294,Low,4.704431481659412,2026-03-30 22:18:27.211093,XGBoost
6719-OXYBR,0.001385317,Low,0.11816753593739122,2026-03-30 22:18:27.211093,XGBoost
6723-CEGQI,0.00021611749,Low,0.009779316536878468,2026-03-30 22:18:27.211093,XGBoost
6723-WSNTY,0.0007708138,Low,0.08332497021183372,2026-03-30 22:18:27.211093,XGBoost
6725-TPKJO,0.00021538947,Low,0.004318558968952857,2026-03-30 22:18:27.211093,XGBoost
6726-NNFWD,0.062418547,Low,5.583338986895979,2026-03-30 22:18:27.211093,XGBoost
6726-WEXXK,0.00058663066,Low,0.05039157370338217,2026-03-30 22:18:27.211093,XGBoost
6727-IOTLZ,0.0002924867,Low,0.02396928390080575,2026-03-30 22:18:27.211093,XGBoost
6728-CZFEI,0.0008821082,Low,0.04953037385421339,2026-03-30 22:18:27.211093,XGBoost
6728-DKUCO,0.0006909769,Low,0.07196524564351421,2026-03-30 22:18:27.211093,XGBoost
6728-VOIFY,0.28466552,Low,27.327890396118164,2026-03-30 22:18:27.211093,XGBoost
6728-WYQBC,0.0010756227,Low,0.022534296446247024,2026-03-30 22:18:27.211093,XGBoost
6729-FZWSY,0.00024130847,Low,0.004693449800834059,2026-03-30 22:18:27.211093,XGBoost
6729-GDNGC,0.39707685,Low,32.04410140514374,2026-03-30 22:18:27.211093,XGBoost
6732-FZUGP,0.00051349105,Low,0.04873030027956702,2026-03-30 22:18:27.211093,XGBoost
6732-VAILE,0.0003924058,Low,0.0337272794553428,2026-03-30 22:18:27.211093,XGBoost
6733-LRIZX,0.0007026755,Low,0.07655649465450552,2026-03-30 22:18:27.211093,XGBoost
6734-CKRSM,0.17591503,Low,3.5183006525039673,2026-03-30 22:18:27.211093,XGBoost
6734-FQAJX,0.0013830529,Low,0.14528970777755604,2026-03-30 22:18:27.211093,XGBoost
6734-GMPVK,0.691759,Medium,72.84222167730331,2026-03-30 22:18:27.211093,XGBoost
6734-JDTTV,0.00018696197,Low,0.0037111951773113106,2026-03-30 22:18:27.211093,XGBoost
6734-PSBAW,0.00021717699,Low,0.005114518076152308,2026-03-30 22:18:27.211093,XGBoost
6736-DHUQI,0.01621767,Low,1.3752583712339401,2026-03-30 22:18:27.211093,XGBoost
6738-ISCBM,0.0007442016,Low,0.04018688597716391,2026-03-30 22:18:27.211093,XGBoost
6741-EGCBI,0.00089733384,Low,0.08120871259598061,2026-03-30 22:18:27.211093,XGBoost
6741-QRLUP,0.039723624,Low,3.189806970581412,2026-03-30 22:18:27.211093,XGBoost
6743-HHQPF,0.000605548,Low,0.015199254179606214,2026-03-30 22:18:27.211093,XGBoost
6745-JEFZB,0.42002144,Medium,38.4319621771574,2026-03-30 22:18:27.211093,XGBoost
6746-WAUWT,0.00035364824,Low,0.006966870327596552,2026-03-30 22:18:27.211093,XGBoost
6749-UTDVX,0.0007016791,Low,0.07272903782723006,2026-03-30 22:18:27.211093,XGBoost
6752-APNJL,0.00030330778,Low,0.016530274064280093,2026-03-30 22:18:27.211093,XGBoost
6754-LZUKA,0.00030316814,Low,0.02452630259213038,2026-03-30 22:18:27.211093,XGBoost
6754-WKSHP,0.0002653054,Low,0.0067254917928949,2026-03-30 22:18:27.211093,XGBoost
6762-NSODU,0.006297453,Low,0.12217058511450886,2026-03-30 22:18:27.211093,XGBoost
6762-QVYJO,0.00019686266,Low,0.011762543948862003,2026-03-30 22:18:27.211093,XGBoost
6765-MBQNU,0.00031420545,Low,0.008169341657776386,2026-03-30 22:18:27.211093,XGBoost
6766-HFKLA,0.00068644615,Low,0.07084124232642353,2026-03-30 22:18:27.211093,XGBoost
6769-DCQLI,0.9965867,High,104.64160144329071,2026-03-30 22:18:27.211093,XGBoost
6769-DYBQN,0.6422405,Medium,54.590444564819336,2026-03-30 22:18:27.211093,XGBoost
6770-UAYGJ,0.00019215568,Low,0.004851931000303011,2026-03-30 22:18:27.211093,XGBoost
6770-XUAGN,0.998437,High,20.967176735401154,2026-03-30 22:18:27.211093,XGBoost
6771-XWBDM,0.64720136,Medium,67.63254204392433,2026-03-30 22:18:27.211093,XGBoost
6772-KSATR,0.99921906,High,81.63619719743728,2026-03-30 22:18:27.211093,XGBoost
6772-WFQRD,0.00028441896,Low,0.005802146752830594,2026-03-30 22:18:27.211093,XGBoost
6773-LQTVT,0.0005435953,Low,0.019379172148182987,2026-03-30 22:18:27.211093,XGBoost
6776-TLWOI,0.99088156,High,19.66899901032448,2026-03-30 22:18:27.211093,XGBoost
6777-TGHTM,0.9967733,High,106.60490470826626,2026-03-30 22:18:27.211093,XGBoost
6778-EICRF,0.00022987703,Low,0.01719480160973035,2026-03-30 22:18:27.211093,XGBoost
6778-JFCMK,0.00045306588,Low,0.022925133380340412,2026-03-30 22:18:27.211093,XGBoost
6778-YSNIH,0.001174057,Low,0.06926936411764473,2026-03-30 22:18:27.211093,XGBoost
6784-XYJAE,0.00059117225,Low,0.032987411809153856,2026-03-30 22:18:27.211093,XGBoost
6786-OBWQR,0.63371986,Medium,51.23625080287456,2026-03-30 22:18:27.211093,XGBoost
6789-HJBWG,0.5423378,Medium,26.79148609638214,2026-03-30 22:18:27.211093,XGBoost
6791-YBNAK,0.00040926793,Low,0.010456795613572467,2026-03-30 22:18:27.211093,XGBoost
6794-HKIAJ,0.2513621,Low,22.798541140556335,2026-03-30 22:18:27.211093,XGBoost
6797-LNAQX,0.9959921,High,97.90602579712868,2026-03-30 22:18:27.211093,XGBoost
6797-UCJHZ,0.0009863188,Low,0.10316894673742354,2026-03-30 22:18:27.211093,XGBoost
6804-GDMOI,0.19303678,Low,20.577720722556112,2026-03-30 22:18:27.211093,XGBoost
6806-YDEUL,0.17768975,Low,3.4649500474333763,2026-03-30 22:18:27.211093,XGBoost
6807-SIWJI,0.0014270134,Low,0.14962235782295466,2026-03-30 22:18:27.211093,XGBoost
6810-VCAEX,0.0004144014,Low,0.016431015875423328,2026-03-30 22:18:27.211093,XGBoost
6813-GZQCG,0.00018394866,Low,0.0045343345904257145,2026-03-30 22:18:27.211093,XGBoost
6814-ZPWFQ,0.00033991225,Low,0.008497806265950203,2026-03-30 22:18:27.211093,XGBoost
6815-ABQFQ,0.18850821,Low,20.217505797743797,2026-03-30 22:18:27.211093,XGBoost
6817-WTYHE,0.001324058,Low,0.05945020620711148,2026-03-30 22:18:27.211093,XGBoost
6818-DJXAA,0.0016961059,Low,0.15451525022508575,2026-03-30 22:18:27.211093,XGBoost
6818-WOBHJ,0.4582987,Medium,41.063564682006835,2026-03-30 22:18:27.211093,XGBoost
6821-BUXUX,0.8365188,High,80.8495443493128,2026-03-30 22:18:27.211093,XGBoost
6821-JPCDC,0.19831862,Low,19.24682163968682,2026-03-30 22:18:27.211093,XGBoost
6823-SIDFQ,0.031853195,Low,0.581320813857019,2026-03-30 22:18:27.211093,XGBoost
6825-UYPFK,0.995959,High,75.2944991827011,2026-03-30 22:18:27.211093,XGBoost
6827-IEAUQ,0.08015546,Low,5.30228381305933,2026-03-30 22:18:27.211093,XGBoost
6828-HMKWP,0.00028256295,Low,0.005947950076370035,2026-03-30 22:18:27.211093,XGBoost
6833-JMZYP,0.46758837,Medium,43.95330631732941,2026-03-30 22:18:27.211093,XGBoost
6834-NXDCA,0.99551153,High,23.79272561073303,2026-03-30 22:18:27.211093,XGBoost
6837-BJYDQ,0.00027162267,Low,0.005323804402723909,2026-03-30 22:18:27.211093,XGBoost
6837-HAEVO,0.0005120651,Low,0.05376683286158368,2026-03-30 22:18:27.211093,XGBoost
6838-HVLXG,0.00052765413,Low,0.010711378924315796,2026-03-30 22:18:27.211093,XGBoost
6838-YAUVY,0.04488298,Low,4.268371326103806,2026-03-30 22:18:27.211093,XGBoost
6839-ITVZJ,0.34152475,Low,20.50856123715639,2026-03-30 22:18:27.211093,XGBoost
6840-RESVB,0.00025338723,Low,0.021487237280234692,2026-03-30 22:18:27.211093,XGBoost
6844-DZKRF,0.0012882763,Low,0.06467146936338396,2026-03-30 22:18:27.211093,XGBoost
6845-RGTYS,0.77701306,High,76.73004001379013,2026-03-30 22:18:27.211093,XGBoost
6847-KJLTS,0.001299026,Low,0.1304222060367465,2026-03-30 22:18:27.211093,XGBoost
6848-HJTXY,0.0002597128,Low,0.00505141403991729,2026-03-30 22:18:27.211093,XGBoost
6848-YLDFR,0.00022669058,Low,0.017047131573781373,2026-03-30 22:18:27.211093,XGBoost
6849-OYAMU,0.4076265,Medium,40.76265096664429,2026-03-30 22:18:27.211093,XGBoost
6849-WLEYG,0.9958474,High,19.66798622906208,2026-03-30 22:18:27.211093,XGBoost
6851-WEFYX,0.0015618675,Low,0.15743624791502953,2026-03-30 22:18:27.211093,XGBoost
6854-EXGSF,0.0009217739,Low,0.06037619037670083,2026-03-30 22:18:27.211093,XGBoost
6855-VLGOS,0.00018005942,Low,0.0037002210439823105,2026-03-30 22:18:27.211093,XGBoost
6856-RAURS,0.0016631475,Low,0.12456974564120174,2026-03-30 22:18:27.211093,XGBoost
6857-TKDJV,0.0002007171,Low,0.004947676484880503,2026-03-30 22:18:27.211093,XGBoost
6857-VWJDT,0.99920636,High,95.57408873140812,2026-03-30 22:18:27.211093,XGBoost
6859-QNXIQ,0.00015174814,Low,0.01716271500190487,2026-03-30 22:18:27.211093,XGBoost
6859-RKMZJ,0.0010408553,Low,0.057299084606347604,2026-03-30 22:18:27.211093,XGBoost
6860-YRJZP,0.0017120838,Low,0.1267798066139221,2026-03-30 22:18:27.211093,XGBoost
6861-OKBCE,0.9911611,High,19.922338271141054,2026-03-30 22:18:27.211093,XGBoost
6861-XWTWQ,0.9988883,High,99.1396651417017,2026-03-30 22:18:27.211093,XGBoost
6862-CQUMB,0.6131356,Medium,58.92232887744903,2026-03-30 22:18:27.211093,XGBoost
6865-JZNKO,0.25172085,Low,13.92016276717186,2026-03-30 22:18:27.211093,XGBoost
6867-ACCZI,0.00016246368,Low,0.008529343140253332,2026-03-30 22:18:27.211093,XGBoost
6869-FGJJC,0.0004054219,Low,0.03227158228401095,2026-03-30 22:18:27.211093,XGBoost
6870-ECSHE,0.0004200475,Low,0.008589971254696138,2026-03-30 22:18:27.211093,XGBoost
6870-ZWMNX,0.03986743,Low,3.0339114934206006,2026-03-30 22:18:27.211093,XGBoost
6872-HXFNF,0.00040196665,Low,0.023454754152044188,2026-03-30 22:18:27.211093,XGBoost
6873-UDNLD,0.000833399,Low,0.056212763342773545,2026-03-30 22:18:27.211093,XGBoost
6874-SGLHU,0.0007770509,Low,0.07537393836537376,2026-03-30 22:18:27.211093,XGBoost
6876-ADESB,0.8605991,High,42.126325973868376,2026-03-30 22:18:27.211093,XGBoost
6877-LGWXO,0.99783903,High,78.38025608956814,2026-03-30 22:18:27.211093,XGBoost
6877-TJMBR,0.8707271,High,73.83765993118286,2026-03-30 22:18:27.211093,XGBoost
6878-GGDWG,0.0010733574,Low,0.020823133876547217,2026-03-30 22:18:27.211093,XGBoost
6885-PKOAM,0.00023701912,Low,0.020324389661254827,2026-03-30 22:18:27.211093,XGBoost
6888-SBYAI,0.0015531871,Low,0.07874658834189177,2026-03-30 22:18:27.211093,XGBoost
6890-PFRQX,0.0006688604,Low,0.04648579709464684,2026-03-30 22:18:27.211093,XGBoost
6891-JPYFF,0.0880535,Low,9.26763110049069,2026-03-30 22:18:27.211093,XGBoost
6892-BOGQE,0.000273883,Low,0.0057241545640863475,2026-03-30 22:18:27.211093,XGBoost
6892-EZDTG,0.9987679,High,91.53707917034626,2026-03-30 22:18:27.211093,XGBoost
6892-XPFPU,0.78455406,High,81.78976120054722,2026-03-30 22:18:27.211093,XGBoost
6893-ODYYE,0.0004916286,Low,0.044295736675849184,2026-03-30 22:18:27.211093,XGBoost
6894-LFHLY,0.9993205,High,75.69852840900421,2026-03-30 22:18:27.211093,XGBoost
6896-SRVYQ,0.0008885699,Low,0.06562088865030091,2026-03-30 22:18:27.211093,XGBoost
6897-RWMUB,0.0067859744,Low,0.4617855560267344,2026-03-30 22:18:27.211093,XGBoost
6897-UUBNU,0.0013996656,Low,0.1254800215130672,2026-03-30 22:18:27.211093,XGBoost
6898-MDLZW,0.0009827712,Low,0.05282394995447248,2026-03-30 22:18:27.211093,XGBoost
6898-RBTLU,0.00029183296,Low,0.023142353375442324,2026-03-30 22:18:27.211093,XGBoost
6899-PPEEA,0.9982424,High,96.38030161857604,2026-03-30 22:18:27.211093,XGBoost
6900-PXRMS,0.9985576,High,105.59746907651424,2026-03-30 22:18:27.211093,XGBoost
6900-RBKER,0.00021386959,Low,0.01913063441606937,2026-03-30 22:18:27.211093,XGBoost
6901-GOGZG,0.00020135539,Low,0.017105140332569137,2026-03-30 22:18:27.211093,XGBoost
6904-JLBGY,0.03668073,Low,4.304483453929424,2026-03-30 22:18:27.211093,XGBoost
6905-NIQIN,0.8070973,High,40.879479044675826,2026-03-30 22:18:27.211093,XGBoost
6906-ANDWJ,0.99737644,High,74.70349550247192,2026-03-30 22:18:27.211093,XGBoost
6906-MPARY,0.00064988405,Low,0.058229611068964,2026-03-30 22:18:27.211093,XGBoost
6907-CQGPN,0.18658769,Low,6.399957811832428,2026-03-30 22:18:27.211093,XGBoost
6907-FLBER,0.6279726,Medium,34.09891233444214,2026-03-30 22:18:27.211093,XGBoost
6907-NZZIJ,0.6754817,Medium,66.97400828003883,2026-03-30 22:18:27.211093,XGBoost
6908-VVYHM,0.2314719,Low,20.982927387952806,2026-03-30 22:18:27.211093,XGBoost
6910-HADCM,0.9631988,High,73.54022693037986,2026-03-30 22:18:27.211093,XGBoost
6916-HIJSE,0.04068278,Low,3.4519340092316266,2026-03-30 22:18:27.211093,XGBoost
6917-FIJHC,0.00021908268,Low,0.005696149630239233,2026-03-30 22:18:27.211093,XGBoost
6917-IAYHD,0.0017689108,Low,0.05943540260195732,2026-03-30 22:18:27.211093,XGBoost
6917-YACBP,0.40459082,Medium,36.31202567368746,2026-03-30 22:18:27.211093,XGBoost
6918-UMQCG,0.0019179108,Low,0.1538164431229234,2026-03-30 22:18:27.211093,XGBoost
6919-ELBGL,0.00039127376,Low,0.044976918632164596,2026-03-30 22:18:27.211093,XGBoost
6921-OZMFH,0.00056781876,Low,0.03162750487681478,2026-03-30 22:18:27.211093,XGBoost
6922-NCEDI,0.00056815875,Low,0.012044965499080717,2026-03-30 22:18:27.211093,XGBoost
6923-AQONU,0.00017231883,Low,0.00360146359889768,2026-03-30 22:18:27.211093,XGBoost
6923-EFPNL,0.9969441,High,51.59185869991779,2026-03-30 22:18:27.211093,XGBoost
6923-JHPMP,0.8337243,High,67.07312153875829,2026-03-30 22:18:27.211093,XGBoost
6924-TDGMT,0.00041061538,Low,0.008438146043044981,2026-03-30 22:18:27.211093,XGBoost
6925-BAYGL,0.02826255,Low,0.7093900052830577,2026-03-30 22:18:27.211093,XGBoost
6927-WTFIV,0.9945563,High,70.91186474561691,2026-03-30 22:18:27.211093,XGBoost
6928-ONTRW,0.00015617032,Low,0.003076555398001801,2026-03-30 22:18:27.211093,XGBoost
6933-FHBZC,0.00043226147,Low,0.024228255367779637,2026-03-30 22:18:27.211093,XGBoost
6933-VLYFX,0.00039547848,Low,0.02370893469633302,2026-03-30 22:18:27.211093,XGBoost
6937-GCDGQ,0.0004444672,Low,0.02175666986004217,2026-03-30 22:18:27.211093,XGBoost
6941-KXRRV,0.00065967656,Low,0.03888793319638353,2026-03-30 22:18:27.211093,XGBoost
6941-PMGEP,0.99817836,High,79.85426902770996,2026-03-30 22:18:27.211093,XGBoost
6942-LBFDP,0.0010821255,Low,0.02223767839022912,2026-03-30 22:18:27.211093,XGBoost
6946-LMSQS,0.9958197,High,88.67774320244789,2026-03-30 22:18:27.211093,XGBoost
6950-TWMYB,0.00016570729,Low,0.013248297532845755,2026-03-30 22:18:27.211093,XGBoost
6952-OMNWB,0.00080609176,Low,0.0647694729763316,2026-03-30 22:18:27.211093,XGBoost
6953-PBDIN,0.06321778,Low,4.611737159267068,2026-03-30 22:18:27.211093,XGBoost
6954-OOYZZ,0.0011692941,Low,0.051858194172382355,2026-03-30 22:18:27.211093,XGBoost
6956-SMUCM,0.9189877,High,90.9797814488411,2026-03-30 22:18:27.211093,XGBoost
6959-GQEGV,0.0010740192,Low,0.08157176108215936,2026-03-30 22:18:27.211093,XGBoost
6959-UWKHF,0.9980202,High,42.81506538391113,2026-03-30 22:18:27.211093,XGBoost
6960-HVYXR,0.93459064,High,71.028888463974,2026-03-30 22:18:27.211093,XGBoost
6961-MJKBO,0.014184136,Low,0.290065580047667,2026-03-30 22:18:27.211093,XGBoost
6961-VCPMC,0.55395544,Medium,44.53801703453064,2026-03-30 22:18:27.211093,XGBoost
6963-EZQEE,0.00033623993,Low,0.029774045740487053,2026-03-30 22:18:27.211093,XGBoost
6963-KQYQB,0.00016087084,Low,0.003868943720590323,2026-03-30 22:18:27.211093,XGBoost
6967-PEJLL,0.0005160632,Low,0.020745740015991034,2026-03-30 22:18:27.211093,XGBoost
6967-QIQRV,0.0004953057,Low,0.05047165004652925,2026-03-30 22:18:27.211093,XGBoost
6968-GMKPR,0.5641847,Medium,46.0092643469572,2026-03-30 22:18:27.211093,XGBoost
6968-MHOMU,0.0006465412,Low,0.029094353376422077,2026-03-30 22:18:27.211093,XGBoost
6968-URWQU,0.1418135,Low,7.9911908216774465,2026-03-30 22:18:27.211093,XGBoost
6969-MVBAI,0.002554319,Low,0.2301441509509459,2026-03-30 22:18:27.211093,XGBoost
6972-SNKKW,0.00038877578,Low,0.007775515550747514,2026-03-30 22:18:27.211093,XGBoost
6974-DAFLI,0.0005695294,Low,0.01121972965192981,2026-03-30 22:18:27.211093,XGBoost
6976-BWGLQ,0.00021506709,Low,0.005419690709095448,2026-03-30 22:18:27.211093,XGBoost
6979-TNDEU,0.00047814273,Low,0.009180340357124806,2026-03-30 22:18:27.211093,XGBoost
6979-ZNSFF,0.7289418,High,63.454383534193035,2026-03-30 22:18:27.211093,XGBoost
6980-CDGFC,0.0344389,Low,0.718051078543067,2026-03-30 22:18:27.211093,XGBoost
6980-IMXXE,0.00016695386,Low,0.0033724680019076914,2026-03-30 22:18:27.211093,XGBoost
6981-TDRFT,0.00031223547,Low,0.016954385928693225,2026-03-30 22:18:27.211093,XGBoost
6982-SSHFK,0.9968899,High,44.26191108226776,2026-03-30 22:18:27.211093,XGBoost
6982-UQZLY,0.9986191,High,20.821207809448243,2026-03-30 22:18:27.211093,XGBoost
6985-HAYWX,0.001242144,Low,0.09850202184170484,2026-03-30 22:18:27.211093,XGBoost
6986-IJDHX,0.9974746,High,86.08205891251563,2026-03-30 22:18:27.211093,XGBoost
6986-IXNDM,0.0013904817,Low,0.12917575150495395,2026-03-30 22:18:27.211093,XGBoost
6987-XQSJT,0.59300923,Medium,47.14423406124115,2026-03-30 22:18:27.211093,XGBoost
6988-CJEYV,0.43575102,Medium,43.00862576365471,2026-03-30 22:18:27.211093,XGBoost
6990-YNRIO,0.37688458,Low,40.94850957989693,2026-03-30 22:18:27.211093,XGBoost
6992-TKNYO,0.00059277524,Low,0.04090149124385789,2026-03-30 22:18:27.211093,XGBoost
6993-OHLXR,0.9984915,High,68.84599069356919,2026-03-30 22:18:27.211093,XGBoost
6993-YCOBK,0.00014828079,Low,0.016399854893097653,2026-03-30 22:18:27.211093,XGBoost
6993-YGFJV,0.000834151,Low,0.09388369465887081,2026-03-30 22:18:27.211093,XGBoost
6994-FGRHH,0.0005588591,Low,0.05932289204210975,2026-03-30 22:18:27.211093,XGBoost
6994-KERXL,0.0008855335,Low,0.049501323665026575,2026-03-30 22:18:27.211093,XGBoost
6994-ORCWG,0.00059461367,Low,0.03225779139029328,2026-03-30 22:18:27.211093,XGBoost
6996-KNSML,0.9392588,High,70.35048515796662,2026-03-30 22:18:27.211093,XGBoost
6997-UVGOX,0.000111429516,Low,0.009521652101830114,2026-03-30 22:18:27.211093,XGBoost
6999-CHVCF,0.0010747623,Low,0.10973323250655084,2026-03-30 22:18:27.211093,XGBoost
7000-WCEVQ,0.9956618,High,61.33276658058167,2026-03-30 22:18:27.211093,XGBoost
7005-CCBKV,0.7234642,High,61.060377717018135,2026-03-30 22:18:27.211093,XGBoost
7005-CYUIL,0.00035152773,Low,0.03494185684830882,2026-03-30 22:18:27.211093,XGBoost
7008-LZVOZ,0.00015157128,Low,0.003834753365663346,2026-03-30 22:18:27.211093,XGBoost
7009-LGECI,0.39797467,Low,20.117619565129278,2026-03-30 22:18:27.211093,XGBoost
7009-PCARS,0.015361072,Low,0.29339646687731147,2026-03-30 22:18:27.211093,XGBoost
7010-BRBUU,0.00015869598,Low,0.0038245732212089938,2026-03-30 22:18:27.211093,XGBoost
7010-ZMVBF,0.03932369,Low,0.8041694866493344,2026-03-30 22:18:27.211093,XGBoost
7011-CVEUC,0.0012915904,Low,0.12360520065994933,2026-03-30 22:18:27.211093,XGBoost
7013-PSXHK,0.0008375938,Low,0.06763569975737482,2026-03-30 22:18:27.211093,XGBoost
7014-ZZXAW,0.0001926385,Low,0.004671483653510222,2026-03-30 22:18:27.211093,XGBoost
7016-BPGEU,0.99387,High,24.946137499809268,2026-03-30 22:18:27.211093,XGBoost
7016-NVRIC,0.00071298354,Low,0.06423981722909956,2026-03-30 22:18:27.211093,XGBoost
7017-VFHAY,0.00019410154,Low,0.022341086814412846,2026-03-30 22:18:27.211093,XGBoost
7017-VFULY,0.0010143602,Low,0.020388640556484462,2026-03-30 22:18:27.211093,XGBoost
7018-FPXHH,0.0064638974,Low,0.3865410653874278,2026-03-30 22:18:27.211093,XGBoost
7018-WBJNK,0.0009593209,Low,0.07511482844129204,2026-03-30 22:18:27.211093,XGBoost
7020-OZKXZ,0.0017085398,Low,0.1289947537588887,2026-03-30 22:18:27.211093,XGBoost
7021-XSNYE,0.00027997384,Low,0.013900701311649754,2026-03-30 22:18:27.211093,XGBoost
7024-OHCCK,0.92160195,High,86.49234311282635,2026-03-30 22:18:27.211093,XGBoost
7025-IWFHT,0.23257598,Low,20.82717926055193,2026-03-30 22:18:27.211093,XGBoost
7025-WCBNE,0.00031129384,Low,0.01855311304097995,2026-03-30 22:18:27.211093,XGBoost
7026-YMSBE,0.00026745707,Low,0.0052689043077407405,2026-03-30 22:18:27.211093,XGBoost
7028-DVOIQ,0.9980627,High,98.85810748636722,2026-03-30 22:18:27.211093,XGBoost
7029-IJEJK,0.0005719142,Low,0.025221415859414266,2026-03-30 22:18:27.211093,XGBoost
7029-RPUAV,0.998292,High,100.2784343034029,2026-03-30 22:18:27.211093,XGBoost
7030-FZTFM,0.00017375707,Low,0.019269659176643472,2026-03-30 22:18:27.211093,XGBoost
7030-NJVDP,0.61887074,Medium,55.23421311378479,2026-03-30 22:18:27.211093,XGBoost
7032-LMBHI,0.0005433226,Low,0.03512580536480528,2026-03-30 22:18:27.211093,XGBoost
7033-CLAMM,0.00022009035,Low,0.00444582516211085,2026-03-30 22:18:27.211093,XGBoost
7036-TYDEC,0.001354688,Low,0.14088754821568727,2026-03-30 22:18:27.211093,XGBoost
7036-ZZKBD,0.18559122,Low,12.323257064819337,2026-03-30 22:18:27.211093,XGBoost
7037-MTYVW,0.00017912069,Low,0.015296906814910473,2026-03-30 22:18:27.211093,XGBoost
7041-TXQJH,0.00071048783,Low,0.028561610821634532,2026-03-30 22:18:27.211093,XGBoost
7044-YAACC,0.0013353035,Low,0.09373830794356763,2026-03-30 22:18:27.211093,XGBoost
7047-FWEYA,0.0011442243,Low,0.11802673779893667,2026-03-30 22:18:27.211093,XGBoost
7047-YXDMZ,0.0003733442,Low,0.007466883980669081,2026-03-30 22:18:27.211093,XGBoost
7048-GXDAY,0.465444,Medium,49.52324144840241,2026-03-30 22:18:27.211093,XGBoost
7049-GKVZY,0.00066067255,Low,0.05275470319902524,2026-03-30 22:18:27.211093,XGBoost
7054-DMVAS,0.00022865467,Low,0.014931149689073208,2026-03-30 22:18:27.211093,XGBoost
7054-ENNGU,0.0008890357,Low,0.04520746526832227,2026-03-30 22:18:27.211093,XGBoost
7054-LGEQW,0.8493959,High,39.02974027991295,2026-03-30 22:18:27.211093,XGBoost
7055-HNEOJ,0.0011775745,Low,0.06570865754038095,2026-03-30 22:18:27.211093,XGBoost
7055-JCGNI,0.0010562254,Low,0.11824443222139962,2026-03-30 22:18:27.211093,XGBoost
7055-VKGDA,0.9970817,High,105.09241086244583,2026-03-30 22:18:27.211093,XGBoost
7056-IMHCC,0.9984257,High,101.73958108425141,2026-03-30 22:18:27.211093,XGBoost
7061-OVMIM,0.00054884556,Low,0.010729930785601027,2026-03-30 22:18:27.211093,XGBoost
7064-FRRSW,0.31972668,Low,31.652940899133682,2026-03-30 22:18:27.211093,XGBoost
7064-JHXCE,0.0002822272,Low,0.005658655504521448,2026-03-30 22:18:27.211093,XGBoost
7065-YUNRY,0.83996,High,38.050187051296234,2026-03-30 22:18:27.211093,XGBoost
7067-KSAZT,0.5451426,Medium,57.92140029370785,2026-03-30 22:18:27.211093,XGBoost
7072-MBHEV,0.001220157,Low,0.0952942633186467,2026-03-30 22:18:27.211093,XGBoost
7073-QETQY,0.00043520363,Low,0.008856393951282371,2026-03-30 22:18:27.211093,XGBoost
7074-IEVOJ,0.99866486,High,79.29398956298829,2026-03-30 22:18:27.211093,XGBoost
7074-STDCN,0.000978077,Low,0.03970992404501885,2026-03-30 22:18:27.211093,XGBoost
7075-BNDVQ,0.3411681,Low,11.940883696079254,2026-03-30 22:18:27.211093,XGBoost
7077-XJMET,0.001456174,Low,0.10797529852134176,2026-03-30 22:18:27.211093,XGBoost
7078-NVFAM,0.105800144,Low,3.7188750747591257,2026-03-30 22:18:27.211093,XGBoost
7079-QRCBC,0.99840575,High,98.59256826341152,2026-03-30 22:18:27.211093,XGBoost
7080-TNUWP,0.10505366,Low,9.980098009109497,2026-03-30 22:18:27.211093,XGBoost
7083-MIOPC,0.00021292693,Low,0.0043117702698509675,2026-03-30 22:18:27.211093,XGBoost
7083-YNSKY,0.99311805,High,25.225198411941527,2026-03-30 22:18:27.211093,XGBoost
7088-FBAWU,0.0006928153,Low,0.05164937964873388,2026-03-30 22:18:27.211093,XGBoost
7089-IVVAZ,0.83576757,High,86.37657806575298,2026-03-30 22:18:27.211093,XGBoost
7089-RKVSZ,0.00035767528,Low,0.008727276802528649,2026-03-30 22:18:27.211093,XGBoost
7089-XXAYG,0.11124292,Low,4.238355258107186,2026-03-30 22:18:27.211093,XGBoost
7094-MSZAO,0.00041966408,Low,0.008414264809107409,2026-03-30 22:18:27.211093,XGBoost
7096-UCLNH,0.0008486782,Low,0.01701599737862125,2026-03-30 22:18:27.211093,XGBoost
7096-ZNBZI,0.00022383277,Low,0.005920376831636531,2026-03-30 22:18:27.211093,XGBoost
7100-FQPRV,0.0005315525,Low,0.03821862301556394,2026-03-30 22:18:27.211093,XGBoost
7101-HRBLJ,0.00022919422,Low,0.019183556373172907,2026-03-30 22:18:27.211093,XGBoost
7102-JJVTX,0.0006812753,Low,0.033109980903100224,2026-03-30 22:18:27.211093,XGBoost
7103-IPXPJ,0.40335986,Medium,40.093970102071765,2026-03-30 22:18:27.211093,XGBoost
7103-ZGVNT,0.018148463,Low,1.337541739270091,2026-03-30 22:18:27.211093,XGBoost
7105-BENQF,0.0002727479,Low,0.017687700400711034,2026-03-30 22:18:27.211093,XGBoost
7105-MXJLL,0.11845915,Low,7.190470416843891,2026-03-30 22:18:27.211093,XGBoost
7107-UBYKY,0.00055501604,Low,0.014291663086623885,2026-03-30 22:18:27.211093,XGBoost
7108-DGVUU,0.00065912755,Low,0.04725944498204626,2026-03-30 22:18:27.211093,XGBoost
7109-CQYUZ,0.00019310525,Low,0.01723464390670415,2026-03-30 22:18:27.211093,XGBoost
7109-MFBYV,0.3627562,Low,16.48726895749569,2026-03-30 22:18:27.211093,XGBoost
7110-BDTWG,0.14258736,Low,6.708735463023185,2026-03-30 22:18:27.211093,XGBoost
7112-OPOTK,0.99591655,High,67.9713042229414,2026-03-30 22:18:27.211093,XGBoost
7113-HIPFI,0.00013624028,Low,0.008971422675676875,2026-03-30 22:18:27.211093,XGBoost
7114-AEOZE,0.00037433943,Low,0.0074306377573520885,2026-03-30 22:18:27.211093,XGBoost
7115-IRDHS,0.022029229,Low,0.5430204827338457,2026-03-30 22:18:27.211093,XGBoost
7120-RFMVS,0.94405377,High,79.77254348993301,2026-03-30 22:18:27.211093,XGBoost
7123-WQUHX,0.0005815526,Low,0.05524749925825745,2026-03-30 22:18:27.211093,XGBoost
7124-UGSUR,0.9966473,High,104.04997794628144,2026-03-30 22:18:27.211093,XGBoost
7126-RBHSD,0.0014568293,Low,0.11494382810778916,2026-03-30 22:18:27.211093,XGBoost
7128-GGCNO,0.34682173,Low,25.24862160682678,2026-03-30 22:18:27.211093,XGBoost
7129-ACFOG,0.48328155,Medium,26.000547540187835,2026-03-30 22:18:27.211093,XGBoost
7129-AZJDE,0.0003354021,Low,0.026479994866531343,2026-03-30 22:18:27.211093,XGBoost
7129-CAKJW,0.0010259433,Low,0.08212676263647153,2026-03-30 22:18:27.211093,XGBoost
7130-CTCUS,0.0012225378,Low,0.06668943865224719,2026-03-30 22:18:27.211093,XGBoost
7130-VTEWQ,0.998273,High,75.61918088793755,2026-03-30 22:18:27.211093,XGBoost
7130-YXBRO,0.59837943,Medium,66.68938782513142,2026-03-30 22:18:27.211093,XGBoost
7131-ZQZNK,0.00022242039,Low,0.013311860501562479,2026-03-30 22:18:27.211093,XGBoost
7133-VBDCG,0.9963857,High,79.56139762997627,2026-03-30 22:18:27.211093,XGBoost
7134-HBPBS,0.062263988,Low,6.730737098306417,2026-03-30 22:18:27.211093,XGBoost
7134-MJPDY,0.001460356,Low,0.1501976203348022,2026-03-30 22:18:27.211093,XGBoost
7136-IHZJA,0.00030905294,Low,0.02205092693620827,2026-03-30 22:18:27.211093,XGBoost
7136-RVDTZ,0.9919084,High,44.88385380804539,2026-03-30 22:18:27.211093,XGBoost
7137-NAXML,0.00040559948,Low,0.008172829513205214,2026-03-30 22:18:27.211093,XGBoost
7137-RYLPP,0.99820244,High,85.54594937562943,2026-03-30 22:18:27.211093,XGBoost
7138-GIRSH,0.02688469,Low,1.868485949933529,2026-03-30 22:18:27.211093,XGBoost
7139-JZFVG,0.00017964869,Low,0.01086874576867558,2026-03-30 22:18:27.211093,XGBoost
7140-ADSMJ,0.0008885492,Low,0.01817083111673128,2026-03-30 22:18:27.211093,XGBoost
7142-HVGBG,0.9987943,High,102.87581467628479,2026-03-30 22:18:27.211093,XGBoost
7143-BQIBA,0.27998525,Low,17.42908175289631,2026-03-30 22:18:27.211093,XGBoost
7145-FEJWU,0.20555963,Low,21.64542864114046,2026-03-30 22:18:27.211093,XGBoost
7147-AYBAA,0.00077349885,Low,0.05441564386419486,2026-03-30 22:18:27.211093,XGBoost
7148-XZPHA,0.00050137495,Low,0.03980917078442872,2026-03-30 22:18:27.211093,XGBoost
7153-CHRBV,0.000266058,Low,0.01577723893278744,2026-03-30 22:18:27.211093,XGBoost
7153-OANIO,0.93164045,High,65.1682492107153,2026-03-30 22:18:27.211093,XGBoost
7156-MHUGY,0.8303112,High,75.143161714077,2026-03-30 22:18:27.211093,XGBoost
7156-MXBJE,0.00077845313,Low,0.06624636166379787,2026-03-30 22:18:27.211093,XGBoost
7157-SMCFK,0.008958443,Low,0.17692925059236586,2026-03-30 22:18:27.211093,XGBoost
7159-FVYPK,0.0010277843,Low,0.07107128505595028,2026-03-30 22:18:27.211093,XGBoost
7159-NOKYQ,0.00046222142,Low,0.04305592511227588,2026-03-30 22:18:27.211093,XGBoost
7161-DFHUF,0.030550564,Low,0.7286309444345535,2026-03-30 22:18:27.211093,XGBoost
7162-WPHPM,0.00013914098,Low,0.009962493815692142,2026-03-30 22:18:27.211093,XGBoost
7163-OCEQI,0.028538216,Low,2.244530680961907,2026-03-30 22:18:27.211093,XGBoost
7164-BPTUT,0.0001483662,Low,0.013286193693056702,2026-03-30 22:18:27.211093,XGBoost
7167-PCEYD,0.008349179,Low,0.16531374994665385,2026-03-30 22:18:27.211093,XGBoost
7168-HDQHG,0.05833425,Low,1.1200176000595092,2026-03-30 22:18:27.211093,XGBoost
7169-YWAMK,0.0074505867,Low,0.5096201268956065,2026-03-30 22:18:27.211093,XGBoost
7173-TETGO,0.04852508,Low,3.8092187866568565,2026-03-30 22:18:27.211093,XGBoost
7175-NTIXE,0.00092136645,Low,0.0701620548061328,2026-03-30 22:18:27.211093,XGBoost
7176-WIONM,0.0012522056,Low,0.06242244800087065,2026-03-30 22:18:27.211093,XGBoost
7176-WRTNX,0.0011390711,Low,0.13093621967127547,2026-03-30 22:18:27.211093,XGBoost
7180-PISOG,0.95693815,High,71.29189199209213,2026-03-30 22:18:27.211093,XGBoost
7181-BQYBV,0.99929976,High,102.37826088666917,2026-03-30 22:18:27.211093,XGBoost
7181-OQCUT,0.3594374,Low,37.32757461965084,2026-03-30 22:18:27.211093,XGBoost
7182-OVLBJ,0.00019148919,Low,0.019369131660641872,2026-03-30 22:18:27.211093,XGBoost
7184-LRUUR,0.0006827739,Low,0.04455099589540623,2026-03-30 22:18:27.211093,XGBoost
7188-CBBBA,0.00075931376,Low,0.07251446371083148,2026-03-30 22:18:27.211093,XGBoost
7190-XHTWJ,0.0002732169,Low,0.00527308605669532,2026-03-30 22:18:27.211093,XGBoost
7191-ADRGF,0.0003210843,Low,0.01743487821368035,2026-03-30 22:18:27.211093,XGBoost
7196-LIWRH,0.00046163378,Low,0.009024940454401076,2026-03-30 22:18:27.211093,XGBoost
7197-VOJMM,0.0002809394,Low,0.019441005913540723,2026-03-30 22:18:27.211093,XGBoost
7198-GLXTC,0.99849796,High,78.88133907318115,2026-03-30 22:18:27.211093,XGBoost
7203-OYKCT,0.0006903957,Low,0.07245702986838297,2026-03-30 22:18:27.211093,XGBoost
7205-BAIAD,0.00032543147,Low,0.006703888182528318,2026-03-30 22:18:27.211093,XGBoost
7206-GZCDC,0.941856,High,65.22352984547615,2026-03-30 22:18:27.211093,XGBoost
7206-PQBBZ,0.0012241738,Low,0.08593700181227178,2026-03-30 22:18:27.211093,XGBoost
7207-RMRDB,0.998108,High,105.30039709806442,2026-03-30 22:18:27.211093,XGBoost
7208-PSIHR,0.40946156,Medium,42.706840485334396,2026-03-30 22:18:27.211093,XGBoost
7209-JCUDS,0.998528,High,94.7603075504303,2026-03-30 22:18:27.211093,XGBoost
7216-EWTRS,0.9656903,High,97.34158372879028,2026-03-30 22:18:27.211093,XGBoost
7216-KAOID,0.019355208,Low,0.37742654979228973,2026-03-30 22:18:27.211093,XGBoost
7217-JYHOQ,0.00023290189,Low,0.016373002855107188,2026-03-30 22:18:27.211093,XGBoost
7218-HKQFK,0.89543575,High,84.35004769563675,2026-03-30 22:18:27.211093,XGBoost
7219-TLZHO,0.064137675,Low,1.3372705210000277,2026-03-30 22:18:27.211093,XGBoost
7225-CBZPL,0.0019209005,Low,0.1821013712324202,2026-03-30 22:18:27.211093,XGBoost
7225-IILWY,0.00014256556,Low,0.0036710632884933148,2026-03-30 22:18:27.211093,XGBoost
7228-OMTPN,0.998061,High,88.2784955650568,2026-03-30 22:18:27.211093,XGBoost
7228-PAQPD,0.00088316365,Low,0.05219497180078179,2026-03-30 22:18:27.211093,XGBoost
7233-DRTRF,0.00071657303,Low,0.07337707877159119,2026-03-30 22:18:27.211093,XGBoost
7233-IOQNP,0.2404487,Low,8.175255745649338,2026-03-30 22:18:27.211093,XGBoost
7233-PAHHL,0.00027709547,Low,0.02327601984143257,2026-03-30 22:18:27.211093,XGBoost
7234-FECYN,0.8907164,High,90.27410449683666,2026-03-30 22:18:27.211093,XGBoost
7234-KMNRQ,0.00054559065,Low,0.010366222355514765,2026-03-30 22:18:27.211093,XGBoost
7235-NXZCP,0.9987992,High,74.76012048125267,2026-03-30 22:18:27.211093,XGBoost
7239-HZZCX,0.9962831,High,19.676591500639915,2026-03-30 22:18:27.211093,XGBoost
7240-ETPTR,0.99748766,High,48.62752363085747,2026-03-30 22:18:27.211093,XGBoost
7240-FQLHE,0.41772723,Medium,41.66829138994217,2026-03-30 22:18:27.211093,XGBoost
7241-AJHFS,0.5617005,Medium,49.23305083215237,2026-03-30 22:18:27.211093,XGBoost
7242-EDTYC,0.00019230762,Low,0.003759613965667086,2026-03-30 22:18:27.211093,XGBoost
7242-QZLXF,0.9979128,High,25.247194451093673,2026-03-30 22:18:27.211093,XGBoost
7243-LCGGZ,0.53342736,Medium,11.14863177537918,2026-03-30 22:18:27.211093,XGBoost
7244-KXYZN,0.00026899914,Low,0.005501032370375469,2026-03-30 22:18:27.211093,XGBoost
7244-QWYHG,0.0007301011,Low,0.03245299288828392,2026-03-30 22:18:27.211093,XGBoost
7245-JMTTQ,0.0006863846,Low,0.07653188525000587,2026-03-30 22:18:27.211093,XGBoost
7245-NIIWQ,0.0014664724,Low,0.10243309716461226,2026-03-30 22:18:27.211093,XGBoost
7246-ZGQDF,0.0015807654,Low,0.08615171181736514,2026-03-30 22:18:27.211093,XGBoost
7247-XOZPB,0.19544761,Low,15.127644923329354,2026-03-30 22:18:27.211093,XGBoost
7248-VZQLC,0.4637769,Medium,39.51379072666168,2026-03-30 22:18:27.211093,XGBoost
7249-WBIYX,0.8314999,High,71.17638926506042,2026-03-30 22:18:27.211093,XGBoost
7250-EQKIY,0.77666515,High,39.18275687396527,2026-03-30 22:18:27.211093,XGBoost
7251-LJBQN,0.0011908885,Low,0.12355467799352482,2026-03-30 22:18:27.211093,XGBoost
7251-XFOIL,0.0005567205,Low,0.049659466720186174,2026-03-30 22:18:27.211093,XGBoost
7252-NTGSS,0.0017347686,Low,0.07832480330835097,2026-03-30 22:18:27.211093,XGBoost
7253-UVNDW,0.992523,High,53.943625840544705,2026-03-30 22:18:27.211093,XGBoost
7254-IQWOZ,0.959419,High,66.82353419065475,2026-03-30 22:18:27.211093,XGBoost
7255-SSFBC,0.0001826358,Low,0.020500869188254,2026-03-30 22:18:27.211093,XGBoost
7266-GSSJX,0.00048845436,Low,0.009988891653483734,2026-03-30 22:18:27.211093,XGBoost
7267-FRMJW,0.00016991972,Low,0.003415386300184764,2026-03-30 22:18:27.211093,XGBoost
7268-IGMFD,0.0011518142,Low,0.10815535731380806,2026-03-30 22:18:27.211093,XGBoost
7268-WNTCP,0.00014960613,Low,0.003059445367398439,2026-03-30 22:18:27.211093,XGBoost
7269-JISCY,0.0004929723,Low,0.022208403097465634,2026-03-30 22:18:27.211093,XGBoost
7270-BDIOA,0.9980654,High,89.82588708400726,2026-03-30 22:18:27.211093,XGBoost
7271-AJDTL,0.0010550733,Low,0.09965167717891746,2026-03-30 22:18:27.211093,XGBoost
7272-QDCKA,0.46215984,Medium,46.30841619372368,2026-03-30 22:18:27.211093,XGBoost
7273-TEFQD,0.99845624,High,41.08647426366806,2026-03-30 22:18:27.211093,XGBoost
7274-CGTOD,0.00025627261,Low,0.01119911327259615,2026-03-30 22:18:27.211093,XGBoost
7274-RTAPZ,0.99909306,High,90.46787619590759,2026-03-30 22:18:27.211093,XGBoost
7277-KAMWT,0.00022176605,Low,0.004435321025084704,2026-03-30 22:18:27.211093,XGBoost
7277-OZCGZ,0.5791237,Medium,51.570963332057,2026-03-30 22:18:27.211093,XGBoost
7278-CKDNC,0.0012714638,Low,0.10235283704241738,2026-03-30 22:18:27.211093,XGBoost
7279-BUYWN,0.99808085,High,112.9827521800995,2026-03-30 22:18:27.211093,XGBoost
7279-NMVJC,0.027515752,Low,0.547563469596207,2026-03-30 22:18:27.211093,XGBoost
7284-BUYEC,0.30223277,Low,15.398759739100933,2026-03-30 22:18:27.211093,XGBoost
7284-ZZLOH,0.07214321,Low,3.8452331975102423,2026-03-30 22:18:27.211093,XGBoost
7285-KLOTR,0.0010783519,Low,0.0850280446698889,2026-03-30 22:18:27.211093,XGBoost
7291-CDTMJ,0.12693648,Low,2.494301839917898,2026-03-30 22:18:27.211093,XGBoost
7293-LSCDV,0.0002388863,Low,0.004598561405146029,2026-03-30 22:18:27.211093,XGBoost
7294-TMAOP,0.937626,High,84.90203468203545,2026-03-30 22:18:27.211093,XGBoost
7295-JOMMD,0.9988839,High,97.99051088690757,2026-03-30 22:18:27.211093,XGBoost
7296-PIXQY,0.00046486818,Low,0.03263374615344219,2026-03-30 22:18:27.211093,XGBoost
7297-DVYGA,0.053381495,Low,1.0596226792782546,2026-03-30 22:18:27.211093,XGBoost
7298-IZWLY,0.0006625272,Low,0.012853028101380913,2026-03-30 22:18:27.211093,XGBoost
7299-GNVPL,0.0004499974,Low,0.03797978073125705,2026-03-30 22:18:27.211093,XGBoost
7301-ABVAD,0.00021250629,Low,0.01840304464858491,2026-03-30 22:18:27.211093,XGBoost
7302-ZHMHP,0.0006274045,Low,0.012014795912546105,2026-03-30 22:18:27.211093,XGBoost
7305-ZWMAJ,0.037265833,Low,0.7714027527719736,2026-03-30 22:18:27.211093,XGBoost
7306-YDSOI,0.00019115061,Low,0.011421249037084635,2026-03-30 22:18:27.211093,XGBoost
7310-EGVHZ,0.547288,Medium,11.055217611789702,2026-03-30 22:18:27.211093,XGBoost
7311-MQJCH,0.0003568131,Low,0.006975696240260731,2026-03-30 22:18:27.211093,XGBoost
7312-XSBAT,0.5937039,Medium,29.536770299077034,2026-03-30 22:18:27.211093,XGBoost
7314-OXENN,0.99827766,High,81.85876846313477,2026-03-30 22:18:27.211093,XGBoost
7315-WYOAW,0.5782013,Medium,58.253780364990234,2026-03-30 22:18:27.211093,XGBoost
7317-GGVPB,0.99399465,High,107.94781934022903,2026-03-30 22:18:27.211093,XGBoost
7318-EIVKO,0.0008837162,Low,0.05236018584400881,2026-03-30 22:18:27.211093,XGBoost
7319-VENRZ,0.00082886266,Low,0.05329586877487599,2026-03-30 22:18:27.211093,XGBoost
7319-ZNRTR,0.00025060526,Low,0.0049118630005978055,2026-03-30 22:18:27.211093,XGBoost
7321-KKSDU,0.00016136859,Low,0.0033080560751841404,2026-03-30 22:18:27.211093,XGBoost
7321-PKUYW,0.85569924,High,77.14128659069539,2026-03-30 22:18:27.211093,XGBoost
7321-VGNKU,0.0014404346,Low,0.10133457412593998,2026-03-30 22:18:27.211093,XGBoost
7321-ZNSLA,0.00026585563,Low,0.010780445925774984,2026-03-30 22:18:27.211093,XGBoost
7322-OCWHC,0.00026408798,Low,0.024573386812699025,2026-03-30 22:18:27.211093,XGBoost
7325-ENZFI,0.062488724,Low,2.518295558914542,2026-03-30 22:18:27.211093,XGBoost
7326-RIGQZ,0.0008807934,Low,0.0614793777349405,2026-03-30 22:18:27.211093,XGBoost
7328-OWMOM,0.00025875086,Low,0.005200892372522504,2026-03-30 22:18:27.211093,XGBoost
7328-ZJAJO,0.00017026938,Low,0.0033202529957634397,2026-03-30 22:18:27.211093,XGBoost
7330-WZLNC,0.908571,High,82.49824724197387,2026-03-30 22:18:27.211093,XGBoost
7336-RLLRH,0.0005919611,Low,0.04786005371133797,2026-03-30 22:18:27.211093,XGBoost
7337-CINUD,0.00045206025,Low,0.008815174922347069,2026-03-30 22:18:27.211093,XGBoost
7338-ERIVA,0.0006187379,Low,0.02787414191989228,2026-03-30 22:18:27.211093,XGBoost
7339-POGZN,0.0010340682,Low,0.05242725654970855,2026-03-30 22:18:27.211093,XGBoost
7340-KEFQE,0.000352228,Low,0.012046197673771531,2026-03-30 22:18:27.211093,XGBoost
7341-LXCAF,0.9984634,High,74.5352922320366,2026-03-30 22:18:27.211093,XGBoost
7343-EOBEU,0.00097180257,Low,0.02293454061727971,2026-03-30 22:18:27.211093,XGBoost
7346-MEDWM,0.0006823771,Low,0.05680789206235204,2026-03-30 22:18:27.211093,XGBoost
7349-ALMUX,0.00024143711,Low,0.015838274545967576,2026-03-30 22:18:27.211093,XGBoost
7351-KYHQH,0.0008407167,Low,0.054604549941723236,2026-03-30 22:18:27.211093,XGBoost
7351-MHQVU,0.24758647,Low,12.61453084126115,2026-03-30 22:18:27.211093,XGBoost
7353-YOWFP,0.00036855417,Low,0.007463222027581651,2026-03-30 22:18:27.211093,XGBoost
7354-OIJLX,0.6766684,Medium,51.325298559665676,2026-03-30 22:18:27.211093,XGBoost
7356-AYNJP,0.0007070538,Low,0.016898586112074555,2026-03-30 22:18:27.211093,XGBoost
7356-IWLFW,0.00028036864,Low,0.02242949092760682,2026-03-30 22:18:27.211093,XGBoost
7359-PTSXY,0.99764,High,45.642030626535416,2026-03-30 22:18:27.211093,XGBoost
7359-SSBJK,0.991699,High,69.61726841926576,2026-03-30 22:18:27.211093,XGBoost
7359-WWYJV,0.00031589676,Low,0.036154384099063464,2026-03-30 22:18:27.211093,XGBoost
7361-YPXFS,0.0007151316,Low,0.04609023035445716,2026-03-30 22:18:27.211093,XGBoost
7363-QTBIW,0.0018641923,Low,0.14866933663142845,2026-03-30 22:18:27.211093,XGBoost
7365-BVCJH,0.64748853,Medium,15.798720240592955,2026-03-30 22:18:27.211093,XGBoost
7369-TRPFD,0.00028002376,Low,0.005264446616638452,2026-03-30 22:18:27.211093,XGBoost
7375-WMVMT,0.07724433,Low,7.37683317810297,2026-03-30 22:18:27.211093,XGBoost
7377-DMMRI,0.9979431,High,47.701680338382715,2026-03-30 22:18:27.211093,XGBoost
7379-FNIUJ,0.002390208,Low,0.23949883715249598,2026-03-30 22:18:27.211093,XGBoost
7379-POKDZ,0.73098034,High,51.387917667627335,2026-03-30 22:18:27.211093,XGBoost
7382-DFJTU,0.0007988906,Low,0.04409876111894846,2026-03-30 22:18:27.211093,XGBoost
7384-GHBPI,0.9976044,High,35.065795704722404,2026-03-30 22:18:27.211093,XGBoost
7389-KBFIT,0.0009689254,Low,0.02930999401723966,2026-03-30 22:18:27.211093,XGBoost
7392-YYPYJ,0.0015003433,Low,0.15100955534144306,2026-03-30 22:18:27.211093,XGBoost
7394-FKDNK,0.9986853,High,89.33240011632442,2026-03-30 22:18:27.211093,XGBoost
7394-LWLYN,0.7388074,High,51.82733772099019,2026-03-30 22:18:27.211093,XGBoost
7395-IGJOS,0.52733475,Medium,42.97778210043907,2026-03-30 22:18:27.211093,XGBoost
7395-XWZOY,0.28127113,Low,15.469912141561508,2026-03-30 22:18:27.211093,XGBoost
7396-VJUZB,0.0007524811,Low,0.03404977013997268,2026-03-30 22:18:27.211093,XGBoost
7398-HPYZQ,0.00022089512,Low,0.02000205303702387,2026-03-30 22:18:27.211093,XGBoost
7398-LXGYX,0.0014953541,Low,0.12680602855980397,2026-03-30 22:18:27.211093,XGBoost
7398-SKNQZ,0.0029789503,Low,0.2827023809310049,2026-03-30 22:18:27.211093,XGBoost
7399-QHBJS,0.007366352,Low,0.4917039815336466,2026-03-30 22:18:27.211093,XGBoost
7401-JIXNM,0.00036978594,Low,0.033761455921921875,2026-03-30 22:18:27.211093,XGBoost
7401-RUBNK,0.001136051,Low,0.08497661668807267,2026-03-30 22:18:27.211093,XGBoost
7402-EYFXX,0.0014254786,Low,0.1334247976541519,2026-03-30 22:18:27.211093,XGBoost
7402-PWYJJ,0.0006773233,Low,0.06173802044359036,2026-03-30 22:18:27.211093,XGBoost
7404-JLKQG,0.0015381932,Low,0.08852301880833692,2026-03-30 22:18:27.211093,XGBoost
7407-SUJIZ,0.00030237492,Low,0.006228923267917708,2026-03-30 22:18:27.211093,XGBoost
7408-OFWXJ,0.01914352,Low,1.7190880890935658,2026-03-30 22:18:27.211093,XGBoost
7409-JURKQ,0.0007025901,Low,0.07854957312811166,2026-03-30 22:18:27.211093,XGBoost
7409-KIUTL,0.9657865,High,68.57084268331528,2026-03-30 22:18:27.211093,XGBoost
7410-KTVFV,0.99696237,High,49.39948535859585,2026-03-30 22:18:27.211093,XGBoost
7410-OIEDU,0.0014636458,Low,0.1168721200316213,2026-03-30 22:18:27.211093,XGBoost
7410-YTJIK,0.6570965,Medium,49.5779313147068,2026-03-30 22:18:27.211093,XGBoost
7416-CKTEP,0.079893395,Low,1.5659105479717257,2026-03-30 22:18:27.211093,XGBoost
7421-ZLUPA,0.0007999856,Low,0.023399578873068094,2026-03-30 22:18:27.211093,XGBoost
7422-WNBTY,0.0011833812,Low,0.11046863387455232,2026-03-30 22:18:27.211093,XGBoost
7426-GSWPO,0.00062318664,Low,0.06449981752666645,2026-03-30 22:18:27.211093,XGBoost
7426-RHZGU,0.8714596,High,83.57297595739365,2026-03-30 22:18:27.211093,XGBoost
7426-WEIJX,0.0969963,Low,7.851850478723645,2026-03-30 22:18:27.211093,XGBoost
7427-AUFPY,0.036802795,Low,0.723174917511642,2026-03-30 22:18:27.211093,XGBoost
7432-FFVAR,0.00025454076,Low,0.02315048234013375,2026-03-30 22:18:27.211093,XGBoost
7434-SHXLS,0.99800867,High,20.858381170034406,2026-03-30 22:18:27.211093,XGBoost
7435-ZNUYY,0.0004015647,Low,0.008272232802119106,2026-03-30 22:18:27.211093,XGBoost
7439-DKZTW,0.0029644335,Low,0.23878511966904625,2026-03-30 22:18:27.211093,XGBoost
7442-YGZFK,0.6161363,Medium,30.68358836174011,2026-03-30 22:18:27.211093,XGBoost
7445-WMRBW,0.00050941086,Low,0.03761999228736385,2026-03-30 22:18:27.211093,XGBoost
7446-KQISO,0.00021966478,Low,0.02410821002195007,2026-03-30 22:18:27.211093,XGBoost
7446-SFAOA,0.00043614162,Low,0.00865741118323058,2026-03-30 22:18:27.211093,XGBoost
7446-YPODE,0.0008873148,Low,0.05346071603707969,2026-03-30 22:18:27.211093,XGBoost
7449-HVPIV,0.00032513813,Low,0.029392486740835014,2026-03-30 22:18:27.211093,XGBoost
7450-NWRTR,0.9987601,High,99.32669236063957,2026-03-30 22:18:27.211093,XGBoost
7452-FOLON,0.00047082824,Low,0.01198257860232843,2026-03-30 22:18:27.211093,XGBoost
7459-IMVYU,0.0006614648,Low,0.04626946384378244,2026-03-30 22:18:27.211093,XGBoost
7459-RRWQZ,0.997279,High,64.47408659756184,2026-03-30 22:18:27.211093,XGBoost
7460-ITWWP,0.0025213235,Low,0.21708595384843646,2026-03-30 22:18:27.211093,XGBoost
7463-IFMQU,0.010662969,Low,0.21379253249615432,2026-03-30 22:18:27.211093,XGBoost
7465-ZZRVX,0.0027424751,Low,0.19293312550289554,2026-03-30 22:18:27.211093,XGBoost
7469-LKBCI,0.00030466326,Low,0.005773368829977699,2026-03-30 22:18:27.211093,XGBoost
7470-DYNOE,0.00047233797,Low,0.02885984984168317,2026-03-30 22:18:27.211093,XGBoost
7470-MCQTK,0.99709296,High,48.608281910419464,2026-03-30 22:18:27.211093,XGBoost
7471-MQPOS,0.00025352425,Low,0.01848191803728696,2026-03-30 22:18:27.211093,XGBoost
7471-WNSUF,0.0004499279,Low,0.010865758835279848,2026-03-30 22:18:27.211093,XGBoost
7472-EQOAV,0.00018191194,Low,0.015771764783130495,2026-03-30 22:18:27.211093,XGBoost
7473-ZBDSN,0.00019655131,Low,0.0036951645801309497,2026-03-30 22:18:27.211093,XGBoost
7479-NITWS,0.99776995,High,89.15074519515036,2026-03-30 22:18:27.211093,XGBoost
7480-QNVZJ,0.52197045,Medium,49.95257214903832,2026-03-30 22:18:27.211093,XGBoost
7480-SPLEF,0.00016870614,Low,0.004386359767522663,2026-03-30 22:18:27.211093,XGBoost
7481-ATQQS,0.53982776,Medium,49.04335236251354,2026-03-30 22:18:27.211093,XGBoost
7483-IQWIB,0.000500918,Low,0.046560329658677804,2026-03-30 22:18:27.211093,XGBoost
7486-KSRVI,0.9969607,High,99.6960699558258,2026-03-30 22:18:27.211093,XGBoost
7488-MXJIV,0.9981584,High,85.4922665566206,2026-03-30 22:18:27.211093,XGBoost
7492-TAFJD,0.040223636,Low,1.5506211575120685,2026-03-30 22:18:27.211093,XGBoost
7493-GVFIO,0.0002575979,Low,0.0052936365769710395,2026-03-30 22:18:27.211093,XGBoost
7493-TPUWZ,0.99906164,High,79.07572912871838,2026-03-30 22:18:27.211093,XGBoost
7495-OOKFY,0.60578406,Medium,48.856484323740005,2026-03-30 22:18:27.211093,XGBoost
7501-IWUNG,0.00046293883,Low,0.034164885483914983,2026-03-30 22:18:27.211093,XGBoost
7501-VTYLJ,0.3292282,Low,16.971713326871395,2026-03-30 22:18:27.211093,XGBoost
7502-BNYGS,0.0011064601,Low,0.07645639381371439,2026-03-30 22:18:27.211093,XGBoost
7503-EPSZW,0.0001863828,Low,0.004482506169006229,2026-03-30 22:18:27.211093,XGBoost
7503-MIOGA,0.00033471803,Low,0.030074415158014744,2026-03-30 22:18:27.211093,XGBoost
7503-QQRVF,0.9967284,High,74.05692162513732,2026-03-30 22:18:27.211093,XGBoost
7503-ZGUZJ,0.8038639,High,68.04707769751549,2026-03-30 22:18:27.211093,XGBoost
7504-UWHNB,0.0010197695,Low,0.07112892015720718,2026-03-30 22:18:27.211093,XGBoost
7508-DQAKK,0.00047773248,Low,0.04127608621492982,2026-03-30 22:18:27.211093,XGBoost
7508-KBIMB,0.00018917226,Low,0.010640939854056342,2026-03-30 22:18:27.211093,XGBoost
7508-MYBOG,0.9972466,High,85.86293424367904,2026-03-30 22:18:27.211093,XGBoost
7508-SMHXL,0.3685675,Low,32.80250719189644,2026-03-30 22:18:27.211093,XGBoost
7511-YMXVQ,0.99757165,High,45.289752781391144,2026-03-30 22:18:27.211093,XGBoost
7515-LODFU,0.00020175628,Low,0.004095652487012558,2026-03-30 22:18:27.211093,XGBoost
7516-GMHUV,0.000759074,Low,0.07974072357174009,2026-03-30 22:18:27.211093,XGBoost
7517-LDMPS,0.6031264,Medium,51.02449400424957,2026-03-30 22:18:27.211093,XGBoost
7517-SAWMO,0.99727577,High,73.00058634281159,2026-03-30 22:18:27.211093,XGBoost
7519-JTWQH,0.0007641547,Low,0.08443909574998543,2026-03-30 22:18:27.211093,XGBoost
7520-HQWJU,0.0003259351,Low,0.021984322964271996,2026-03-30 22:18:27.211093,XGBoost
7521-AFHAB,0.000662544,Low,0.029681970551609992,2026-03-30 22:18:27.211093,XGBoost
7521-YXVZY,0.07856078,Low,1.5672875013202427,2026-03-30 22:18:27.211093,XGBoost
7524-VRLPL,0.0003247608,Low,0.02406477502081543,2026-03-30 22:18:27.211093,XGBoost
7526-BEZQB,0.99863964,High,95.91933772861957,2026-03-30 22:18:27.211093,XGBoost
7526-IVLYU,0.0006264793,Low,0.012310317764058708,2026-03-30 22:18:27.211093,XGBoost
7527-QNRUS,0.00020579754,Low,0.005175808034982765,2026-03-30 22:18:27.211093,XGBoost
7529-ZDFXI,0.000976529,Low,0.08774112816900015,2026-03-30 22:18:27.211093,XGBoost
7530-HDYDS,0.5689528,Medium,47.934273302555084,2026-03-30 22:18:27.211093,XGBoost
7531-GQHME,0.00060268375,Low,0.01208380920579657,2026-03-30 22:18:27.211093,XGBoost
7534-BFESC,0.99758923,High,75.91654044389725,2026-03-30 22:18:27.211093,XGBoost
7537-CBQUZ,0.0007610582,Low,0.08325976505875587,2026-03-30 22:18:27.211093,XGBoost
7537-RBWEA,0.0016693645,Low,0.041984517569653684,2026-03-30 22:18:27.211093,XGBoost
7538-GWHML,0.7966452,High,55.486339858174325,2026-03-30 22:18:27.211093,XGBoost
7541-YLXCL,0.28588533,Low,18.696900844573975,2026-03-30 22:18:27.211093,XGBoost
7542-CYDDM,0.0004860355,Low,0.009745011998165866,2026-03-30 22:18:27.211093,XGBoost
7544-ZVIKX,0.01717869,Low,1.804621390905231,2026-03-30 22:18:27.211093,XGBoost
7547-EKNFS,0.99783343,High,95.0436342805624,2026-03-30 22:18:27.211093,XGBoost
7548-SEPYI,0.9111281,High,87.69607998430729,2026-03-30 22:18:27.211093,XGBoost
7549-MYGPK,0.6559863,Medium,65.9594233751297,2026-03-30 22:18:27.211093,XGBoost
7550-WIQVA,0.019737234,Low,2.136555617209524,2026-03-30 22:18:27.211093,XGBoost
7551-DACSP,0.99479914,High,55.01239228248596,2026-03-30 22:18:27.211093,XGBoost
7551-JOHTI,0.6656604,Medium,12.980377435684204,2026-03-30 22:18:27.211093,XGBoost
7552-KEYGT,0.0004014175,Low,0.00784771196777001,2026-03-30 22:18:27.211093,XGBoost
7554-AKDQF,0.00093416293,Low,0.04264453793002758,2026-03-30 22:18:27.211093,XGBoost
7554-NEWDD,0.0004175957,Low,0.010732209493289702,2026-03-30 22:18:27.211093,XGBoost
7558-IMLMT,0.01019243,Low,0.21200253665447236,2026-03-30 22:18:27.211093,XGBoost
7560-QJAVJ,0.00023580351,Low,0.018769959604833273,2026-03-30 22:18:27.211093,XGBoost
7560-QRBXH,0.00022689838,Low,0.00452662269672146,2026-03-30 22:18:27.211093,XGBoost
7562-GSUHK,0.708379,High,66.02092006206513,2026-03-30 22:18:27.211093,XGBoost
7562-UXTPG,0.0010114388,Low,0.07095243071089499,2026-03-30 22:18:27.211093,XGBoost
7563-BIUPC,0.8013337,High,64.5874982714653,2026-03-30 22:18:27.211093,XGBoost
7564-GHCVB,0.00025784853,Low,0.02038292622892186,2026-03-30 22:18:27.211093,XGBoost
7566-DSRLQ,0.030451844,Low,3.35427056318149,2026-03-30 22:18:27.211093,XGBoost
7567-ECMCM,0.0010336171,Low,0.08253432281198911,2026-03-30 22:18:27.211093,XGBoost
7568-PODML,0.8608244,High,38.99534559845924,2026-03-30 22:18:27.211093,XGBoost
7569-NMZYQ,0.00018260186,Low,0.02168397040804848,2026-03-30 22:18:27.211093,XGBoost
7570-WELNY,0.00029063955,Low,0.02461717013793532,2026-03-30 22:18:27.211093,XGBoost
7571-YXDAD,0.99777067,High,74.73302296400071,2026-03-30 22:18:27.211093,XGBoost
7572-KPVKK,0.0002503834,Low,0.026052392419660463,2026-03-30 22:18:27.211093,XGBoost
7576-ASEJU,0.00071522663,Low,0.05342742952052504,2026-03-30 22:18:27.211093,XGBoost
7576-JMYWV,0.0004964264,Low,0.05470619177212939,2026-03-30 22:18:27.211093,XGBoost
7576-OYWBN,0.8445555,High,64.22844555974007,2026-03-30 22:18:27.211093,XGBoost
7577-SWIFR,0.0028548122,Low,0.254791988118086,2026-03-30 22:18:27.211093,XGBoost
7579-KKLOE,0.00022542107,Low,0.020569672669807915,2026-03-30 22:18:27.211093,XGBoost
7579-OOPEC,0.8498654,High,42.62074865400791,2026-03-30 22:18:27.211093,XGBoost
7580-UGXNC,0.998168,High,54.74951434135437,2026-03-30 22:18:27.211093,XGBoost
7581-EBBOU,0.00034936296,Low,0.024507811845978725,2026-03-30 22:18:27.211093,XGBoost
7586-ZATGZ,0.0017149737,Low,0.14560126801952722,2026-03-30 22:18:27.211093,XGBoost
7587-AOVVU,0.0005695544,Low,0.05738260530051775,2026-03-30 22:18:27.211093,XGBoost
7587-RZNME,0.99780494,High,43.20495389103889,2026-03-30 22:18:27.211093,XGBoost
7590-VHVEG,0.0027742973,Low,0.08281277320347727,2026-03-30 22:18:27.211093,XGBoost
7593-JNWRU,0.9952494,High,44.388122820854186,2026-03-30 22:18:27.211093,XGBoost
7593-XFKDI,0.76851,High,35.58201225996017,2026-03-30 22:18:27.211093,XGBoost
7594-LZNWR,0.0006739278,Low,0.046602105585043324,2026-03-30 22:18:27.211093,XGBoost
7594-RQHXR,0.9990522,High,79.52455723285675,2026-03-30 22:18:27.211093,XGBoost
7595-EHCDL,0.00038891553,Low,0.019679126027040184,2026-03-30 22:18:27.211093,XGBoost
7595-EUIVN,0.92977977,High,70.47730641365051,2026-03-30 22:18:27.211093,XGBoost
7596-IIWYC,0.018558668,Low,0.3758130264468491,2026-03-30 22:18:27.211093,XGBoost
7596-LDUXP,0.00054911216,Low,0.04675690004660282,2026-03-30 22:18:27.211093,XGBoost
7596-ZYWBB,0.021716243,Low,1.2942880623042583,2026-03-30 22:18:27.211093,XGBoost
7598-UAASY,0.86191326,High,65.85017335414886,2026-03-30 22:18:27.211093,XGBoost
7599-FKVXZ,0.9985121,High,105.9920582741499,2026-03-30 22:18:27.211093,XGBoost
7599-NTMDP,0.00021135288,Low,0.010292885029048194,2026-03-30 22:18:27.211093,XGBoost
7601-DHFWZ,0.019514767,Low,0.4683544188737869,2026-03-30 22:18:27.211093,XGBoost
7601-GNDYK,0.00018812755,Low,0.0036873000382911417,2026-03-30 22:18:27.211093,XGBoost
7601-WFVZV,0.32305768,Low,6.315777669847011,2026-03-30 22:18:27.211093,XGBoost
7602-DBTOU,0.00021430929,Low,0.0042004620074294514,2026-03-30 22:18:27.211093,XGBoost
7602-MVRMB,0.00017229715,Low,0.019030220231798012,2026-03-30 22:18:27.211093,XGBoost
7603-USHJS,0.34336716,Low,25.323328003287315,2026-03-30 22:18:27.211093,XGBoost
7605-BDWDC,0.04403631,Low,2.1952100617811086,2026-03-30 22:18:27.211093,XGBoost
7605-SNLQG,0.0008432676,Low,0.04237419673881959,2026-03-30 22:18:27.211093,XGBoost
7606-BPHHN,0.00018966028,Low,0.0037552734866039827,2026-03-30 22:18:27.211093,XGBoost
7607-QKKTJ,0.00034221154,Low,0.03251009635278024,2026-03-30 22:18:27.211093,XGBoost
7608-RGIRO,0.005639927,Low,0.13761421870440244,2026-03-30 22:18:27.211093,XGBoost
7609-NRNCA,0.0003227585,Low,0.006309928893460892,2026-03-30 22:18:27.211093,XGBoost
7609-YBPXG,0.00024530845,Low,0.02136636558570899,2026-03-30 22:18:27.211093,XGBoost
7610-TVOPG,0.1600545,Low,4.217436203360558,2026-03-30 22:18:27.211093,XGBoost
7611-YKYTC,0.0003422856,Low,0.025671420735307038,2026-03-30 22:18:27.211093,XGBoost
7613-LLQFO,0.9975418,High,84.24240376353264,2026-03-30 22:18:27.211093,XGBoost
7614-QVWQL,0.39055613,Low,20.23080736994743,2026-03-30 22:18:27.211093,XGBoost
7615-ESMYF,0.7946505,High,35.44141207933426,2026-03-30 22:18:27.211093,XGBoost
7617-EYGLW,0.0011958794,Low,0.02325985472416505,2026-03-30 22:18:27.211093,XGBoost
7619-ODSGN,0.994713,High,54.46053721010685,2026-03-30 22:18:27.211093,XGBoost
7619-PLRLP,0.00053654506,Low,0.03975798919564113,2026-03-30 22:18:27.211093,XGBoost
7621-VPNET,0.0014324561,Low,0.12304797694087029,2026-03-30 22:18:27.211093,XGBoost
7622-FWGEW,0.11198117,Low,9.59118707254529,2026-03-30 22:18:27.211093,XGBoost
7622-NXQZR,0.00047835792,Low,0.01439857341174502,2026-03-30 22:18:27.211093,XGBoost
7623-HKYRK,0.00040350461,Low,0.007949040914536453,2026-03-30 22:18:27.211093,XGBoost
7623-TRNQN,0.7068101,High,35.269824826717375,2026-03-30 22:18:27.211093,XGBoost
7625-XCQRH,0.7958393,High,60.881707191467285,2026-03-30 22:18:27.211093,XGBoost
7627-JKIAZ,0.9973883,High,78.74380654394626,2026-03-30 22:18:27.211093,XGBoost
7629-WFGLW,0.00071663584,Low,0.06854621818638407,2026-03-30 22:18:27.211093,XGBoost
7629-WIXZF,0.00070768717,Low,0.041824311733944346,2026-03-30 22:18:27.211093,XGBoost
7632-MNYOY,0.9977361,High,110.64893308877946,2026-03-30 22:18:27.211093,XGBoost
7632-YUTXB,0.00019452859,Low,0.00390029825430247,2026-03-30 22:18:27.211093,XGBoost
7633-MVPUY,0.08046861,Low,4.8079994432628155,2026-03-30 22:18:27.211093,XGBoost
7634-HLQJR,0.0001298753,Low,0.0026039998650958297,2026-03-30 22:18:27.211093,XGBoost
7634-WSWDB,0.0008476695,Low,0.032635275478241965,2026-03-30 22:18:27.211093,XGBoost
7636-OWBPG,0.0006367569,Low,0.01868881459813565,2026-03-30 22:18:27.211093,XGBoost
7636-PEPNS,0.00023336113,Low,0.01029122599720722,2026-03-30 22:18:27.211093,XGBoost
7636-XUHWW,0.0006864092,Low,0.013659542775712906,2026-03-30 22:18:27.211093,XGBoost
7638-QVMVY,0.99809307,High,78.84935241937637,2026-03-30 22:18:27.211093,XGBoost
7639-LIAYI,0.00023213861,Low,0.018513054368668236,2026-03-30 22:18:27.211093,XGBoost
7639-OPLNG,0.00023479642,Low,0.01860761614443618,2026-03-30 22:18:27.211093,XGBoost
7639-SUPCW,0.99688476,High,48.64797644615173,2026-03-30 22:18:27.211093,XGBoost
7641-EUYET,0.76636326,High,77.17278059720994,2026-03-30 22:18:27.211093,XGBoost
7641-TQFHN,0.010808728,Low,1.0868175706360488,2026-03-30 22:18:27.211093,XGBoost
7643-RCHXS,0.0002741926,Low,0.005305626810877585,2026-03-30 22:18:27.211093,XGBoost
7647-GYYKX,0.023002096,Low,0.46809264384210114,2026-03-30 22:18:27.211093,XGBoost
7649-PHJVR,0.00031606786,Low,0.006163323283544742,2026-03-30 22:18:27.211093,XGBoost
7649-SIJJF,0.00023250586,Low,0.018623719342576804,2026-03-30 22:18:27.211093,XGBoost
7654-YWJUF,0.00055676,Low,0.0469070301624015,2026-03-30 22:18:27.211093,XGBoost
7657-DYEPJ,0.9956316,High,69.84355502724648,2026-03-30 22:18:27.211093,XGBoost
7658-UYUQS,0.57097936,Medium,49.418263328075405,2026-03-30 22:18:27.211093,XGBoost
7660-HDPJV,0.9989606,High,69.12807450294495,2026-03-30 22:18:27.211093,XGBoost
7661-CPURM,0.096297346,Low,8.445277249068022,2026-03-30 22:18:27.211093,XGBoost
7663-CUXZB,0.00040826725,Low,0.046440400037681684,2026-03-30 22:18:27.211093,XGBoost
7663-RGWBC,0.997031,High,44.01891747713089,2026-03-30 22:18:27.211093,XGBoost
7663-YJHSN,0.00043519828,Low,0.0452388610880007,2026-03-30 22:18:27.211093,XGBoost
7663-ZTEGJ,0.28607583,Low,28.76492475271225,2026-03-30 22:18:27.211093,XGBoost
7665-NKLAV,0.00022222832,Low,0.009033581287076231,2026-03-30 22:18:27.211093,XGBoost
7665-TOALD,0.88119817,High,61.33139247894287,2026-03-30 22:18:27.211093,XGBoost
7665-VIGUD,0.00040926677,Low,0.008328578686632683,2026-03-30 22:18:27.211093,XGBoost
7666-WKRON,0.9928457,High,79.87443769872189,2026-03-30 22:18:27.211093,XGBoost
7668-XCFYV,0.0024811046,Low,0.22962622825289145,2026-03-30 22:18:27.211093,XGBoost
7669-LCRSD,0.0006265915,Low,0.03527710144408047,2026-03-30 22:18:27.211093,XGBoost
7670-ZBPOQ,0.00045339245,Low,0.02767960914352443,2026-03-30 22:18:27.211093,XGBoost
7672-VFMXZ,0.0009646542,Low,0.053731239057378845,2026-03-30 22:18:27.211093,XGBoost
7673-BQGKU,0.00020999799,Low,0.0042314595018979155,2026-03-30 22:18:27.211093,XGBoost
7673-LPRNY,0.00046819172,Low,0.03677645959396614,2026-03-30 22:18:27.211093,XGBoost
7674-YTAFD,0.0008053067,Low,0.0643842717865482,2026-03-30 22:18:27.211093,XGBoost
7675-OZCZG,0.7855437,High,35.3494656085968,2026-03-30 22:18:27.211093,XGBoost
7677-SJJJK,0.0003170472,Low,0.006309239371330477,2026-03-30 22:18:27.211093,XGBoost
7682-AZNDK,0.00058947306,Low,0.05296415413613431,2026-03-30 22:18:27.211093,XGBoost
7683-CBDKJ,0.9938643,High,65.04841829538346,2026-03-30 22:18:27.211093,XGBoost
7684-XSZIY,0.00015974032,Low,0.003881689703848679,2026-03-30 22:18:27.211093,XGBoost
7688-AWMDX,0.00025189068,Low,0.013728042278671637,2026-03-30 22:18:27.211093,XGBoost
7690-KPNCU,0.00047137274,Low,0.0344337786140386,2026-03-30 22:18:27.211093,XGBoost
7691-KGKGP,0.00029938392,Low,0.01945995449204929,2026-03-30 22:18:27.211093,XGBoost
7691-XVTZH,0.00032056557,Low,0.02883487272047205,2026-03-30 22:18:27.211093,XGBoost
7693-LCKZL,0.9975503,High,79.95365724265577,2026-03-30 22:18:27.211093,XGBoost
7693-QPEFS,0.23381677,Low,17.056933568418028,2026-03-30 22:18:27.211093,XGBoost
7694-VLBWQ,0.45973748,Medium,47.85867163538933,2026-03-30 22:18:27.211093,XGBoost
7695-PKLCZ,0.0103933895,Low,0.2130644847638905,2026-03-30 22:18:27.211093,XGBoost
7696-AMHOD,0.020070776,Low,1.56552055478096,2026-03-30 22:18:27.211093,XGBoost
7696-CFTAT,0.0002366804,Low,0.00468627185036894,2026-03-30 22:18:27.211093,XGBoost
7698-YFGEZ,0.0015611196,Low,0.03122239140793681,2026-03-30 22:18:27.211093,XGBoost
7703-ZEKEF,0.6835865,Medium,55.37050473690033,2026-03-30 22:18:27.211093,XGBoost
7706-DZNKK,0.0003552076,Low,0.007263995299581438,2026-03-30 22:18:27.211093,XGBoost
7706-YLMQA,0.03029604,Low,0.5968320017680525,2026-03-30 22:18:27.211093,XGBoost
7707-PYBBH,0.0009934286,Low,0.0614932325319387,2026-03-30 22:18:27.211093,XGBoost
7710-JSYOA,0.00019828363,Low,0.01849986227316549,2026-03-30 22:18:27.211093,XGBoost
7711-GQBZC,0.00015049693,Low,0.0037172740703681484,2026-03-30 22:18:27.211093,XGBoost
7711-YIJWC,0.01915376,Low,1.6261542873457075,2026-03-30 22:18:27.211093,XGBoost
7714-YXSMB,0.0022982704,Low,0.23097617039456964,2026-03-30 22:18:27.211093,XGBoost
7716-YTYHG,0.9958132,High,81.7064723163843,2026-03-30 22:18:27.211093,XGBoost
7717-BICXI,0.00019487481,Low,0.004004677353805164,2026-03-30 22:18:27.211093,XGBoost
7718-RXDGG,0.0012131268,Low,0.08322049956768751,2026-03-30 22:18:27.211093,XGBoost
7718-UPSKJ,0.0019243016,Low,0.20474569173529744,2026-03-30 22:18:27.211093,XGBoost
7721-DVEKZ,0.39075744,Low,7.678383725881576,2026-03-30 22:18:27.211093,XGBoost
7721-JXEAW,0.35364112,Low,14.516968081891536,2026-03-30 22:18:27.211093,XGBoost
7722-CVFXN,0.045264333,Low,4.7618078827857975,2026-03-30 22:18:27.211093,XGBoost
7722-VJRQD,0.0002609551,Low,0.015905213412770538,2026-03-30 22:18:27.211093,XGBoost
7727-SHVZV,0.0009234819,Low,0.018007896782364696,2026-03-30 22:18:27.211093,XGBoost
7729-JTEEC,0.0013245866,Low,0.05894410237669945,2026-03-30 22:18:27.211093,XGBoost
7729-XBTWX,0.0001684276,Low,0.0033264452322327998,2026-03-30 22:18:27.211093,XGBoost
7730-CLDSV,0.0077983136,Low,0.7693036394892261,2026-03-30 22:18:27.211093,XGBoost
7730-IUTDZ,0.51543164,Medium,38.76045951843262,2026-03-30 22:18:27.211093,XGBoost
7733-UDMTP,0.2747828,Low,15.113054364919662,2026-03-30 22:18:27.211093,XGBoost
7734-DBOAI,0.9986488,High,40.04581777453423,2026-03-30 22:18:27.211093,XGBoost
7739-LAXOG,0.6070585,Medium,55.27267870903015,2026-03-30 22:18:27.211093,XGBoost
7740-BTPUX,0.00037280965,Low,0.04235117612406611,2026-03-30 22:18:27.211093,XGBoost
7740-KKCXF,0.0006040602,Low,0.018152008633478545,2026-03-30 22:18:27.211093,XGBoost
7742-MYPGI,0.0006501448,Low,0.03172706733457744,2026-03-30 22:18:27.211093,XGBoost
7743-EXURX,0.18358678,Low,9.372104927897453,2026-03-30 22:18:27.211093,XGBoost
7746-AWNQW,0.1658404,Low,5.928794380277395,2026-03-30 22:18:27.211093,XGBoost
7746-QYVCO,0.0007367153,Low,0.04114554794505239,2026-03-30 22:18:27.211093,XGBoost
7748-UMTRK,0.0014698894,Low,0.14889979853760452,2026-03-30 22:18:27.211093,XGBoost
7750-EYXWZ,0.0006059833,Low,0.036752887774491684,2026-03-30 22:18:27.211093,XGBoost
7752-XUSCI,0.9977196,High,105.65850414633752,2026-03-30 22:18:27.211093,XGBoost
7753-USQYQ,0.0004732384,Low,0.030381906009279192,2026-03-30 22:18:27.211093,XGBoost
7754-IXRMC,0.0018167911,Low,0.08239147788262927,2026-03-30 22:18:27.211093,XGBoost
7758-UJWYS,0.00031158334,Low,0.012634704387164674,2026-03-30 22:18:27.211093,XGBoost
7758-XKCBS,0.9973183,High,29.62035432457924,2026-03-30 22:18:27.211093,XGBoost
7760-OYPDY,0.9985475,High,80.53285542428495,2026-03-30 22:18:27.211093,XGBoost
7762-ONLJY,0.0002801514,Low,0.005518982690409757,2026-03-30 22:18:27.211093,XGBoost
7762-URZQH,0.997829,High,105.81976757347583,2026-03-30 22:18:27.211093,XGBoost
7764-BDPEE,0.0004973379,Low,0.010369495139457285,2026-03-30 22:18:27.211093,XGBoost
7765-LWVVH,0.00019359268,Low,0.01841066432534717,2026-03-30 22:18:27.211093,XGBoost
7766-CLTIC,0.0006817927,Low,0.04155526365793776,2026-03-30 22:18:27.211093,XGBoost
7767-UXAGJ,0.8313758,High,41.94290798604489,2026-03-30 22:18:27.211093,XGBoost
7771-CFQRQ,0.00021756641,Low,0.013880737096769735,2026-03-30 22:18:27.211093,XGBoost
7771-ZONAT,0.00038515488,Low,0.021857539592019748,2026-03-30 22:18:27.211093,XGBoost
7774-OJSXI,0.5642766,Medium,58.374411791563034,2026-03-30 22:18:27.211093,XGBoost
7776-QGYJC,0.000644741,Low,0.052546391321811825,2026-03-30 22:18:27.211093,XGBoost
7776-QWNFX,0.9965641,High,50.2268301486969,2026-03-30 22:18:27.211093,XGBoost
7777-UNYHB,0.00037585062,Low,0.007554597480338998,2026-03-30 22:18:27.211093,XGBoost
7779-LGOVN,0.99862325,High,86.53070477843285,2026-03-30 22:18:27.211093,XGBoost
7779-ORAEL,0.00033120599,Low,0.024890129793493546,2026-03-30 22:18:27.211093,XGBoost
7780-OTDSO,0.9986817,High,99.26896337270738,2026-03-30 22:18:27.211093,XGBoost
7781-EWARA,0.00025994988,Low,0.015687975494074635,2026-03-30 22:18:27.211093,XGBoost
7781-HVGMK,0.00020606125,Low,0.013435193238547073,2026-03-30 22:18:27.211093,XGBoost
7783-YKGDV,0.80455947,High,80.21457908153535,2026-03-30 22:18:27.211093,XGBoost
7785-RDVIG,0.00066227536,Low,0.012781914393417538,2026-03-30 22:18:27.211093,XGBoost
7786-WBJYI,0.99850345,High,77.83334366083146,2026-03-30 22:18:27.211093,XGBoost
7787-BNTZM,0.115032226,Low,2.3178993508219716,2026-03-30 22:18:27.211093,XGBoost
7789-CRUVC,0.56555015,Medium,53.27482398748398,2026-03-30 22:18:27.211093,XGBoost
7789-HKSBS,0.0009700768,Low,0.10205208228435368,2026-03-30 22:18:27.211093,XGBoost
7794-JASDG,0.5378317,Medium,27.294959977269173,2026-03-30 22:18:27.211093,XGBoost
7795-CFOCW,0.1220774,Low,5.163873935490846,2026-03-30 22:18:27.211093,XGBoost
7797-EJMDP,0.0009221143,Low,0.06090564933547284,2026-03-30 22:18:27.211093,XGBoost
7798-JVXYM,0.641913,Medium,44.70924022495747,2026-03-30 22:18:27.211093,XGBoost
7799-DSEWS,0.0007187692,Low,0.049127875498379575,2026-03-30 22:18:27.211093,XGBoost
7799-LGRDP,0.0145903025,Low,0.37497077379375693,2026-03-30 22:18:27.211093,XGBoost
7801-CEDNV,0.00044106055,Low,0.021479648639797233,2026-03-30 22:18:27.211093,XGBoost
7801-KICAO,0.35161316,Low,26.072116106748584,2026-03-30 22:18:27.211093,XGBoost
7802-EFKNY,0.59461296,Medium,14.8355932533741,2026-03-30 22:18:27.211093,XGBoost
7803-XOCCZ,0.00033161926,Low,0.02787259877513861,2026-03-30 22:18:27.211093,XGBoost
7808-DVWEP,0.0008115287,Low,0.016230574110522866,2026-03-30 22:18:27.211093,XGBoost
7811-JIVPF,0.0007057532,Low,0.035075935046188535,2026-03-30 22:18:27.211093,XGBoost
7812-FZHPE,0.990875,High,23.88008763790131,2026-03-30 22:18:27.211093,XGBoost
7813-TKCVO,0.00035456123,Low,0.007215320972318296,2026-03-30 22:18:27.211093,XGBoost
7813-ZGGAW,0.0014039155,Low,0.13561823372729123,2026-03-30 22:18:27.211093,XGBoost
7814-LEEVE,0.0021719371,Low,0.044090324011631314,2026-03-30 22:18:27.211093,XGBoost
7815-PDTHL,0.0002390818,Low,0.004829452303238213,2026-03-30 22:18:27.211093,XGBoost
7816-VGHTO,0.0002661468,Low,0.01079225224966649,2026-03-30 22:18:27.211093,XGBoost
7817-BOQPW,0.8344482,High,63.04256289601326,2026-03-30 22:18:27.211093,XGBoost
7817-OMJNA,0.0005638008,Low,0.011501536332070827,2026-03-30 22:18:27.211093,XGBoost
7820-ZYGNY,0.00040897034,Low,0.03699136756185908,2026-03-30 22:18:27.211093,XGBoost
7821-DPRQE,0.0017194598,Low,0.18518581775715576,2026-03-30 22:18:27.211093,XGBoost
7823-JSOAG,0.0017549117,Low,0.13074092409806326,2026-03-30 22:18:27.211093,XGBoost
7824-PANSQ,0.00058980554,Low,0.04756781670148485,2026-03-30 22:18:27.211093,XGBoost
7825-ECJRF,0.10278888,Low,10.957294657826424,2026-03-30 22:18:27.211093,XGBoost
7825-GKXMW,0.88965344,High,40.74612774848938,2026-03-30 22:18:27.211093,XGBoost
7826-VVKWT,0.048025314,Low,4.636844043992459,2026-03-30 22:18:27.211093,XGBoost
7831-QGOXH,0.49958187,Medium,42.564375615119936,2026-03-30 22:18:27.211093,XGBoost
7833-PKIHD,0.0005971057,Low,0.04561887630261481,2026-03-30 22:18:27.211093,XGBoost
7838-LAZFO,0.00056328275,Low,0.04438668088987469,2026-03-30 22:18:27.211093,XGBoost
7839-NUIAA,0.0003539449,Low,0.02116590474033728,2026-03-30 22:18:27.211093,XGBoost
7839-QRKXN,0.5725451,Medium,11.565411245822906,2026-03-30 22:18:27.211093,XGBoost
7841-FCRQD,0.00041369768,Low,0.022236250224523246,2026-03-30 22:18:27.211093,XGBoost
7841-TZDMQ,0.6031039,Medium,27.742778301239014,2026-03-30 22:18:27.211093,XGBoost
7845-URHJN,0.996139,High,20.072200646996496,2026-03-30 22:18:27.211093,XGBoost
7850-THJMU,0.00017715665,Low,0.003481128090061247,2026-03-30 22:18:27.211093,XGBoost
7850-VWJUU,0.0010082888,Low,0.07562166138086468,2026-03-30 22:18:27.211093,XGBoost
7851-FLGGQ,0.8164262,High,36.45343061387539,2026-03-30 22:18:27.211093,XGBoost
7851-WZEKY,0.99878794,High,95.03467244803906,2026-03-30 22:18:27.211093,XGBoost
7852-LECYP,0.0011883401,Low,0.11146630430594086,2026-03-30 22:18:27.211093,XGBoost
7853-GVUDZ,0.67480177,Medium,13.59725560247898,2026-03-30 22:18:27.211093,XGBoost
7853-OETYL,0.0010282907,Low,0.029871845326852053,2026-03-30 22:18:27.211093,XGBoost
7853-WNZSY,0.0009770157,Low,0.019296060170745477,2026-03-30 22:18:27.211093,XGBoost
7854-EDSSA,0.54559815,Medium,32.19029080867767,2026-03-30 22:18:27.211093,XGBoost
7854-EKTJL,0.3893946,Low,7.632134377956391,2026-03-30 22:18:27.211093,XGBoost
7854-FOKSF,0.99842024,High,35.84328656196594,2026-03-30 22:18:27.211093,XGBoost
7855-DIWPO,0.0011398966,Low,0.07825389970676043,2026-03-30 22:18:27.211093,XGBoost
7856-GANIL,0.2895806,Low,28.581606540083886,2026-03-30 22:18:27.211093,XGBoost
7858-GTZSP,0.6544792,Medium,56.64517524540424,2026-03-30 22:18:27.211093,XGBoost
7860-KSUGX,0.060437355,Low,3.8951875420287254,2026-03-30 22:18:27.211093,XGBoost
7860-UXCRM,0.00023229803,Low,0.017306203160842415,2026-03-30 22:18:27.211093,XGBoost
7861-UVUFT,0.9982545,High,84.15285249352455,2026-03-30 22:18:27.211093,XGBoost
7868-BGSZA,0.0004773046,Low,0.03827982850489207,2026-03-30 22:18:27.211093,XGBoost
7868-TMWMZ,0.00032263208,Low,0.035489529254846275,2026-03-30 22:18:27.211093,XGBoost
7869-ZYDST,0.000443244,Low,0.02617355841794051,2026-03-30 22:18:27.211093,XGBoost
7872-BAAZR,0.00033044998,Low,0.00646029719064245,2026-03-30 22:18:27.211093,XGBoost
7872-RDDLZ,0.00068159256,Low,0.03741943148779683,2026-03-30 22:18:27.211093,XGBoost
7873-CVMAW,0.00022795526,Low,0.020185438032785896,2026-03-30 22:18:27.211093,XGBoost
7874-ECPQJ,0.00060405384,Low,0.012111279548844323,2026-03-30 22:18:27.211093,XGBoost
7876-AEHIG,0.00052493194,Low,0.03157465598196722,2026-03-30 22:18:27.211093,XGBoost
7876-BEUTG,0.0008348353,Low,0.040739961946383116,2026-03-30 22:18:27.211093,XGBoost
7876-DNYAP,0.00015242567,Low,0.0030180281843058764,2026-03-30 22:18:27.211093,XGBoost
7878-JGDKK,0.00092776364,Low,0.04133187024272047,2026-03-30 22:18:27.211093,XGBoost
7878-RTCZG,0.21769612,Low,4.3321526959538454,2026-03-30 22:18:27.211093,XGBoost
7879-CGSFV,0.00089374406,Low,0.09017877544974909,2026-03-30 22:18:27.211093,XGBoost
7880-XSOJX,0.4616912,Medium,19.575706911087035,2026-03-30 22:18:27.211093,XGBoost
7881-EVUAD,0.7334033,High,31.24298164844513,2026-03-30 22:18:27.211093,XGBoost
7881-INRLC,0.45658788,Medium,46.04688778370618,2026-03-30 22:18:27.211093,XGBoost
7883-ROJOC,0.25472587,Low,11.437191718816758,2026-03-30 22:18:27.211093,XGBoost
7890-VYYWG,0.99848014,High,36.3946011453867,2026-03-30 22:18:27.211093,XGBoost
7892-POOKP,0.99718696,High,104.5051932811737,2026-03-30 22:18:27.211093,XGBoost
7892-QVYKW,0.0005572607,Low,0.04770151628181338,2026-03-30 22:18:27.211093,XGBoost
7893-IXHRQ,0.99761164,High,20.50091924071312,2026-03-30 22:18:27.211093,XGBoost
7895-VONWT,0.000752726,Low,0.03631902890629135,2026-03-30 22:18:27.211093,XGBoost
7898-PDWQE,0.00018157037,Low,0.014598257961915807,2026-03-30 22:18:27.211093,XGBoost
7901-HXJVA,0.0014346405,Low,0.10967826570849866,2026-03-30 22:18:27.211093,XGBoost
7901-IIDQV,0.00060283084,Low,0.03291456395527348,2026-03-30 22:18:27.211093,XGBoost
7901-TBKJX,0.5124462,Medium,51.78269100487232,2026-03-30 22:18:27.211093,XGBoost
7903-CMPEY,0.99926835,High,80.24124874472618,2026-03-30 22:18:27.211093,XGBoost
7905-NJMXS,0.6563711,Medium,42.13902568817139,2026-03-30 22:18:27.211093,XGBoost
7905-TVXTA,0.00093711104,Low,0.06030309513153042,2026-03-30 22:18:27.211093,XGBoost
7908-QCBCA,0.9295388,High,64.50999177694321,2026-03-30 22:18:27.211093,XGBoost
7909-FIOIY,0.0003685134,Low,0.009157557983417065,2026-03-30 22:18:27.211093,XGBoost
7912-SYRQT,0.9981822,High,74.96348153352737,2026-03-30 22:18:27.211093,XGBoost
7916-VCCPB,0.00062104524,Low,0.04549156391294673,2026-03-30 22:18:27.211093,XGBoost
7919-ZODZZ,0.10362246,Low,6.828720039874316,2026-03-30 22:18:27.211093,XGBoost
7921-BEPCI,0.0002511849,Low,0.015008296999440063,2026-03-30 22:18:27.211093,XGBoost
7921-LMDFQ,0.13117798,Low,12.330729812383652,2026-03-30 22:18:27.211093,XGBoost
7923-IYJWY,0.0008284189,Low,0.09617943204939365,2026-03-30 22:18:27.211093,XGBoost
7924-GJZFI,0.00096951314,Low,0.06718726093531587,2026-03-30 22:18:27.211093,XGBoost
7925-PNRGI,0.1011301,Low,8.221876975893974,2026-03-30 22:18:27.211093,XGBoost
7926-IJOOU,0.0013732597,Low,0.026503912208136172,2026-03-30 22:18:27.211093,XGBoost
7927-AUXBZ,0.53857994,Medium,45.860081958770756,2026-03-30 22:18:27.211093,XGBoost
7928-VJYAB,0.58427876,Medium,52.93565586805343,2026-03-30 22:18:27.211093,XGBoost
7929-DMBCV,0.00089399784,Low,0.07241382531356066,2026-03-30 22:18:27.211093,XGBoost
7929-SKFGK,0.001092792,Low,0.12490612822584808,2026-03-30 22:18:27.211093,XGBoost
7931-PXHFC,0.99451905,High,61.958537119626996,2026-03-30 22:18:27.211093,XGBoost
7932-WPTDS,0.9163501,High,22.72548313140869,2026-03-30 22:18:27.211093,XGBoost
7938-OUHIO,0.8795587,High,86.81244195699692,2026-03-30 22:18:27.211093,XGBoost
7940-UQQUG,0.00020545932,Low,0.021449953067349273,2026-03-30 22:18:27.211093,XGBoost
7941-RCJOW,0.010498231,Low,0.20524042146280408,2026-03-30 22:18:27.211093,XGBoost
7943-RQCHR,0.9987025,High,94.62706434726715,2026-03-30 22:18:27.211093,XGBoost
7945-HLKEA,0.0005840147,Low,0.037814951268956065,2026-03-30 22:18:27.211093,XGBoost
7945-PRBVF,0.012588558,Low,0.27002456453628837,2026-03-30 22:18:27.211093,XGBoost
7950-XWOVN,0.19875947,Low,6.8969534844160085,2026-03-30 22:18:27.211093,XGBoost
7951-QKZPL,0.05655642,Low,1.3856322541832924,2026-03-30 22:18:27.211093,XGBoost
7951-VRDVK,0.0005840526,Low,0.050140914387884546,2026-03-30 22:18:27.211093,XGBoost
7952-OBOYL,0.0015457402,Low,0.13888475472922435,2026-03-30 22:18:27.211093,XGBoost
7954-MLBUN,0.0004864638,Low,0.048378825218242126,2026-03-30 22:18:27.211093,XGBoost
7956-XQWGU,0.0006316563,Low,0.012254132668022066,2026-03-30 22:18:27.211093,XGBoost
7957-RYHQD,0.996933,High,78.95709228515625,2026-03-30 22:18:27.211093,XGBoost
7963-GQRMY,0.99700874,High,44.16748722195625,2026-03-30 22:18:27.211093,XGBoost
7963-SHNDT,0.00026346807,Low,0.010301601589890198,2026-03-30 22:18:27.211093,XGBoost
7964-VEXDG,0.0005161677,Low,0.04147407673881389,2026-03-30 22:18:27.211093,XGBoost
7964-YESJC,0.00056020543,Low,0.037141619995236394,2026-03-30 22:18:27.211093,XGBoost
7964-ZRKKG,0.000533776,Low,0.04718579915352166,2026-03-30 22:18:27.211093,XGBoost
7966-YOTQW,0.000788187,Low,0.0429561929195188,2026-03-30 22:18:27.211093,XGBoost
7967-HYCDE,0.0009988591,Low,0.07061933560762555,2026-03-30 22:18:27.211093,XGBoost
7968-QUXNS,0.24087584,Low,4.564597171545029,2026-03-30 22:18:27.211093,XGBoost
7969-AULMZ,0.9984119,High,97.19539786577224,2026-03-30 22:18:27.211093,XGBoost
7969-FFOWG,0.00052072224,Low,0.01036237261723727,2026-03-30 22:18:27.211093,XGBoost
7971-HLVXI,0.00012904895,Low,0.010904635884799063,2026-03-30 22:18:27.211093,XGBoost
7973-DZRKH,0.011994646,Low,1.0909130474086852,2026-03-30 22:18:27.211093,XGBoost
7975-JMZNT,0.00028635378,Low,0.026258641728782096,2026-03-30 22:18:27.211093,XGBoost
7975-TZMLR,0.0009577291,Low,0.09874187230016104,2026-03-30 22:18:27.211093,XGBoost
7976-CICYS,0.07399666,Low,1.5317309260368346,2026-03-30 22:18:27.211093,XGBoost
7977-HXJKU,0.000226803,Low,0.004445338662480936,2026-03-30 22:18:27.211093,XGBoost
7978-DKUQH,0.0012331876,Low,0.09199579649139195,2026-03-30 22:18:27.211093,XGBoost
7979-CORPM,0.3269479,Low,29.605132134258746,2026-03-30 22:18:27.211093,XGBoost
7980-MHFLQ,0.0071914485,Low,0.17906706696376204,2026-03-30 22:18:27.211093,XGBoost
7982-VCELR,0.0018802931,Low,0.1782517887186259,2026-03-30 22:18:27.211093,XGBoost
7989-AWGEH,0.0005095165,Low,0.01997304721735418,2026-03-30 22:18:27.211093,XGBoost
7989-CHGTL,0.99604946,High,19.522569489479068,2026-03-30 22:18:27.211093,XGBoost
7989-VCQOH,0.00054067984,Low,0.045011597059783526,2026-03-30 22:18:27.211093,XGBoost
7993-NQLJE,0.0005297796,Low,0.039786446979269384,2026-03-30 22:18:27.211093,XGBoost
7993-PYKOF,0.7474156,High,56.05617016553879,2026-03-30 22:18:27.211093,XGBoost
7994-UYIVZ,0.6924034,Medium,59.304349163174635,2026-03-30 22:18:27.211093,XGBoost
7994-XIRTR,0.11737204,Low,7.65852583386004,2026-03-30 22:18:27.211093,XGBoost
7995-ZHHNZ,0.16005965,Low,8.979346127808094,2026-03-30 22:18:27.211093,XGBoost
7996-BPXHY,0.00027847054,Low,0.00696176357450895,2026-03-30 22:18:27.211093,XGBoost
7996-MHXLW,0.00032542404,Low,0.008184414698916953,2026-03-30 22:18:27.211093,XGBoost
7997-EASSD,0.00048649046,Low,0.03950302553130314,2026-03-30 22:18:27.211093,XGBoost
7998-WNZEM,0.00017039347,Low,0.013733713567489756,2026-03-30 22:18:27.211093,XGBoost
7998-ZLXWN,0.18404704,Low,3.7637620359659194,2026-03-30 22:18:27.211093,XGBoost
8000-REIQB,0.9990716,High,69.88505828380585,2026-03-30 22:18:27.211093,XGBoost
8003-EWNDZ,0.00066676206,Low,0.014135355711914599,2026-03-30 22:18:27.211093,XGBoost
8006-PYCSW,0.19156308,Low,3.850418002903462,2026-03-30 22:18:27.211093,XGBoost
8007-YYPWD,0.00036175796,Low,0.00906203700142214,2026-03-30 22:18:27.211093,XGBoost
8008-ESFLK,0.0008667074,Low,0.09577116928994656,2026-03-30 22:18:27.211093,XGBoost
8008-HAWED,0.99818283,High,50.65777878463268,2026-03-30 22:18:27.211093,XGBoost
8008-OTEZX,0.0002088807,Low,0.004104505639406852,2026-03-30 22:18:27.211093,XGBoost
8010-EZLOU,0.6890957,Medium,55.265473210811614,2026-03-30 22:18:27.211093,XGBoost
8012-SOUDQ,0.0015766032,Low,0.1422884349594824,2026-03-30 22:18:27.211093,XGBoost
8015-IHCGW,0.012332883,Low,1.4244479555636644,2026-03-30 22:18:27.211093,XGBoost
8016-NCFVO,0.0008037772,Low,0.09364004278904758,2026-03-30 22:18:27.211093,XGBoost
8016-ZMGMO,0.0003692415,Low,0.026160759585036428,2026-03-30 22:18:27.211093,XGBoost
8017-LXHFA,0.99836725,High,94.59529693424702,2026-03-30 22:18:27.211093,XGBoost
8017-UVSZU,0.29932123,Low,16.941581857204437,2026-03-30 22:18:27.211093,XGBoost
8019-ENHXU,0.998755,High,99.32618257999421,2026-03-30 22:18:27.211093,XGBoost
8020-BWHYL,0.9974855,High,75.11065953969955,2026-03-30 22:18:27.211093,XGBoost
8022-BECSI,0.00031355038,Low,0.006145587435457856,2026-03-30 22:18:27.211093,XGBoost
8023-QHAIO,0.28255787,Low,21.71457268744707,2026-03-30 22:18:27.211093,XGBoost
8024-XNAFQ,0.00037151683,Low,0.03990090729785152,2026-03-30 22:18:27.211093,XGBoost
8028-PNXHQ,0.00028633056,Low,0.006943515989405569,2026-03-30 22:18:27.211093,XGBoost
8029-XYPWT,0.00032547617,Low,0.037446033203741534,2026-03-30 22:18:27.211093,XGBoost
8033-ATFAS,0.00039515778,Low,0.02365019324643072,2026-03-30 22:18:27.211093,XGBoost
8033-VCZGH,0.0012643075,Low,0.13142476790235377,2026-03-30 22:18:27.211093,XGBoost
8034-RYTVV,0.0004748226,Low,0.04000380329671316,2026-03-30 22:18:27.211093,XGBoost
8035-BUYVG,0.36317894,Low,15.380628050863743,2026-03-30 22:18:27.211093,XGBoost
8035-PWSEV,0.6516582,Medium,58.160492330789566,2026-03-30 22:18:27.211093,XGBoost
8039-ACLPL,0.00027620848,Low,0.018989332784258295,2026-03-30 22:18:27.211093,XGBoost
8039-EQPIM,0.00027784175,Low,0.01673996572208125,2026-03-30 22:18:27.211093,XGBoost
8040-MNRTF,0.002846708,Low,0.20240094275213777,2026-03-30 22:18:27.211093,XGBoost
8041-TMEID,0.0008398884,Low,0.09112789240316488,2026-03-30 22:18:27.211093,XGBoost
8042-JVNFH,0.999014,High,71.27965032458305,2026-03-30 22:18:27.211093,XGBoost
8042-RNLKO,0.00033477132,Low,0.00851993011747254,2026-03-30 22:18:27.211093,XGBoost
8043-PNYSD,0.00019732288,Low,0.003857662286463892,2026-03-30 22:18:27.211093,XGBoost
8044-BGWPI,0.00069262483,Low,0.014649015187751501,2026-03-30 22:18:27.211093,XGBoost
8046-DNVTL,0.00029399834,Low,0.011348335875663907,2026-03-30 22:18:27.211093,XGBoost
8048-DSDFQ,0.0013677647,Low,0.02762884621042758,2026-03-30 22:18:27.211093,XGBoost
8049-WJCLQ,0.0005616388,Low,0.03381065536523238,2026-03-30 22:18:27.211093,XGBoost
8050-DVOJX,0.038520418,Low,3.1336360130459067,2026-03-30 22:18:27.211093,XGBoost
8050-WYBND,0.00041618117,Low,0.020580158691154794,2026-03-30 22:18:27.211093,XGBoost
8050-XGRVL,0.014194109,Low,0.777127442881465,2026-03-30 22:18:27.211093,XGBoost
8051-HJRLT,0.99908364,High,70.48535067439079,2026-03-30 22:18:27.211093,XGBoost
8053-WWDRO,0.5890363,Medium,11.486207574605942,2026-03-30 22:18:27.211093,XGBoost
8058-DMYRU,0.00083405204,Low,0.07510638651729096,2026-03-30 22:18:27.211093,XGBoost
8058-INTPH,0.9438992,High,75.18157241642476,2026-03-30 22:18:27.211093,XGBoost
8058-JMEQO,0.99857163,High,84.32937451601029,2026-03-30 22:18:27.211093,XGBoost
8059-UDZFY,0.0007261089,Low,0.07649557313416153,2026-03-30 22:18:27.211093,XGBoost
8060-HIWJJ,0.00022744312,Low,0.01968520179216284,2026-03-30 22:18:27.211093,XGBoost
8062-YBDOE,0.92020065,High,64.09197498857975,2026-03-30 22:18:27.211093,XGBoost
8063-GBATB,0.74454373,High,63.47235308587551,2026-03-30 22:18:27.211093,XGBoost
8063-RJYNF,0.74409634,High,70.13107992708683,2026-03-30 22:18:27.211093,XGBoost
8064-RAVOH,0.0019246038,Low,0.09594150083721616,2026-03-30 22:18:27.211093,XGBoost
8065-BVEPF,0.00061523437,Low,0.06096972610102966,2026-03-30 22:18:27.211093,XGBoost
8065-QBYTO,0.00055299787,Low,0.055106237364816485,2026-03-30 22:18:27.211093,XGBoost
8065-YKXKD,0.7795151,High,58.26875279843807,2026-03-30 22:18:27.211093,XGBoost
8066-POXGX,0.38114154,Low,13.378068172931671,2026-03-30 22:18:27.211093,XGBoost
8067-NIOYM,0.00017387027,Low,0.003668662704876624,2026-03-30 22:18:27.211093,XGBoost
8069-RHUXK,0.00027915477,Low,0.00996582543302793,2026-03-30 22:18:27.211093,XGBoost
8069-YQQAJ,0.0006097162,Low,0.018962174624903128,2026-03-30 22:18:27.211093,XGBoost
8070-AAWZP,0.00054151873,Low,0.018547016617958434,2026-03-30 22:18:27.211093,XGBoost
8071-SBTRN,0.0010723522,Low,0.11919194369693287,2026-03-30 22:18:27.211093,XGBoost
8073-IJDCM,0.6571293,Medium,13.33972454071045,2026-03-30 22:18:27.211093,XGBoost
8075-GXIUB,0.00053686503,Low,0.010656770862988198,2026-03-30 22:18:27.211093,XGBoost
8076-FEZKJ,0.06074955,Low,1.1846162136644125,2026-03-30 22:18:27.211093,XGBoost
8079-XRJRS,0.35982534,Low,32.29432452470064,2026-03-30 22:18:27.211093,XGBoost
8080-DDEMJ,0.82361346,High,37.144967263937,2026-03-30 22:18:27.211093,XGBoost
8080-POTJR,0.17124797,Low,13.57996434122324,2026-03-30 22:18:27.211093,XGBoost
8082-GHXOP,0.0006925717,Low,0.030473154271021485,2026-03-30 22:18:27.211093,XGBoost
8083-YTZES,0.8035105,High,59.74100471436977,2026-03-30 22:18:27.211093,XGBoost
8084-OIVBS,0.0003026042,Low,0.006052083917893469,2026-03-30 22:18:27.211093,XGBoost
8085-MSNLK,0.07368004,Low,8.395840924978257,2026-03-30 22:18:27.211093,XGBoost
8086-OVPWV,0.9985876,High,80.08672618865967,2026-03-30 22:18:27.211093,XGBoost
8087-LGYHQ,0.0021736058,Low,0.20442762931343167,2026-03-30 22:18:27.211093,XGBoost
8089-UZWLX,0.08404722,Low,8.745113308355212,2026-03-30 22:18:27.211093,XGBoost
8091-TTVAX,0.31857076,Low,31.968576054275033,2026-03-30 22:18:27.211093,XGBoost
8092-NLTGF,0.0002236282,Low,0.005534797990549123,2026-03-30 22:18:27.211093,XGBoost
8095-WANWK,0.0009129329,Low,0.04131021426292136,2026-03-30 22:18:27.211093,XGBoost
8096-LOIST,0.0009025249,Low,0.05072190030477941,2026-03-30 22:18:27.211093,XGBoost
8097-OMULG,0.00027241991,Low,0.02090822846366791,2026-03-30 22:18:27.211093,XGBoost
8097-VBQTZ,0.20283984,Low,14.178504569828512,2026-03-30 22:18:27.211093,XGBoost
8098-LLAZX,0.99885046,High,95.34027686715126,2026-03-30 22:18:27.211093,XGBoost
8098-TDCBU,0.00033473046,Low,0.008451944093394559,2026-03-30 22:18:27.211093,XGBoost
8099-MZPUJ,0.00024664027,Low,0.02757438170374371,2026-03-30 22:18:27.211093,XGBoost
8100-HZZLJ,0.00045863696,Low,0.02932983368227724,2026-03-30 22:18:27.211093,XGBoost
8100-PNJMH,0.0002613089,Low,0.02321729463437805,2026-03-30 22:18:27.211093,XGBoost
8104-OSKWT,0.0009973823,Low,0.07959111013915389,2026-03-30 22:18:27.211093,XGBoost
8106-GWQOK,0.00042592702,Low,0.025555621250532568,2026-03-30 22:18:27.211093,XGBoost
8107-KNCIM,0.6558478,Medium,49.25416886806487,2026-03-30 22:18:27.211093,XGBoost
8107-RZLNV,0.00057721854,Low,0.061358330753864716,2026-03-30 22:18:27.211093,XGBoost
8108-UXRQN,0.0005204548,Low,0.02630898902134504,2026-03-30 22:18:27.211093,XGBoost
8109-YUOHE,0.0008575594,Low,0.04810908132931218,2026-03-30 22:18:27.211093,XGBoost
8111-BKVDS,0.0010327598,Low,0.04203332323813811,2026-03-30 22:18:27.211093,XGBoost
8111-RKSPX,0.99850464,High,72.09203491210938,2026-03-30 22:18:27.211093,XGBoost
8111-SLLHI,0.99828917,High,105.46925058662892,2026-03-30 22:18:27.211093,XGBoost
8118-LSUEL,0.6760996,Medium,71.93699727058411,2026-03-30 22:18:27.211093,XGBoost
8118-TJAFG,0.0014339976,Low,0.14555076125543565,2026-03-30 22:18:27.211093,XGBoost
8120-JDCAM,0.0006738972,Low,0.04686955131473951,2026-03-30 22:18:27.211093,XGBoost
8123-QBNAZ,0.0005464327,Low,0.05710221530171111,2026-03-30 22:18:27.211093,XGBoost
8124-NZVGJ,0.0005245696,Low,0.025835052496404387,2026-03-30 22:18:27.211093,XGBoost
8125-QPFJD,0.02554635,Low,2.1688850797712806,2026-03-30 22:18:27.211093,XGBoost
8128-YVJRG,0.99799347,High,79.49017982482911,2026-03-30 22:18:27.211093,XGBoost
8129-GMVGI,0.00018803519,Low,0.003770105598960072,2026-03-30 22:18:27.211093,XGBoost
8132-YPVBX,0.5514983,Medium,47.401278358697894,2026-03-30 22:18:27.211093,XGBoost
8133-ANHHJ,0.2894072,Low,29.808940947055817,2026-03-30 22:18:27.211093,XGBoost
8138-EALND,0.0004487132,Low,0.00886208561132662,2026-03-30 22:18:27.211093,XGBoost
8143-ETQTI,0.00561451,Low,0.11032511768862605,2026-03-30 22:18:27.211093,XGBoost
8144-DGHXP,0.00038892406,Low,0.03134727936121635,2026-03-30 22:18:27.211093,XGBoost
8146-QQKZH,0.024900785,Low,2.038129229005426,2026-03-30 22:18:27.211093,XGBoost
8148-BPLZQ,0.0009049282,Low,0.045065424079075454,2026-03-30 22:18:27.211093,XGBoost
8148-NLEGT,0.00029006405,Low,0.006656970035692211,2026-03-30 22:18:27.211093,XGBoost
8148-WOCMK,0.011863887,Low,0.2325321912765503,2026-03-30 22:18:27.211093,XGBoost
8149-AIQCG,0.0006682812,Low,0.048884771508164705,2026-03-30 22:18:27.211093,XGBoost
8149-RSOUN,0.92676985,High,86.97735067009926,2026-03-30 22:18:27.211093,XGBoost
8150-QUDFX,0.00046389323,Low,0.00920828060770873,2026-03-30 22:18:27.211093,XGBoost
8152-UOBNY,0.00091246504,Low,0.09745126613415778,2026-03-30 22:18:27.211093,XGBoost
8152-VETUR,0.051693995,Low,5.050503267720342,2026-03-30 22:18:27.211093,XGBoost
8155-IBNHG,0.62878567,Medium,47.410439503192904,2026-03-30 22:18:27.211093,XGBoost
8158-WPEZG,0.0012814983,Low,0.04568541615153663,2026-03-30 22:18:27.211093,XGBoost
8160-HOWOX,0.00096678006,Low,0.06462924716470297,2026-03-30 22:18:27.211093,XGBoost
8161-QYMTT,0.0020561481,Low,0.1934835396008566,2026-03-30 22:18:27.211093,XGBoost
8164-OCKUJ,0.00030212163,Low,0.0062237054808065295,2026-03-30 22:18:27.211093,XGBoost
8165-CBKXO,0.0001399875,Low,0.007944290831801482,2026-03-30 22:18:27.211093,XGBoost
8165-ZJRNM,0.005073664,Low,0.12049951474182308,2026-03-30 22:18:27.211093,XGBoost
8166-ORCHU,0.0008784767,Low,0.08218149644380901,2026-03-30 22:18:27.211093,XGBoost
8166-ZZTFS,0.99439913,High,80.09884994924069,2026-03-30 22:18:27.211093,XGBoost
8167-GJLRN,0.0010374137,Low,0.031537377089262006,2026-03-30 22:18:27.211093,XGBoost
8168-UQWWF,0.85044575,High,83.21611638069152,2026-03-30 22:18:27.211093,XGBoost
8169-SAEJD,0.0003330434,Low,0.018833604123210532,2026-03-30 22:18:27.211093,XGBoost
8173-RXAYP,0.00017663832,Low,0.0034797749263816512,2026-03-30 22:18:27.211093,XGBoost
8174-LNWMW,0.00024497605,Low,0.005119999454473145,2026-03-30 22:18:27.211093,XGBoost
8174-TBVCF,0.100574225,Low,9.534436547756195,2026-03-30 22:18:27.211093,XGBoost
8178-EYZUO,0.46256974,Medium,43.3427849560976,2026-03-30 22:18:27.211093,XGBoost
8180-AKMJV,0.0013988934,Low,0.062320701970020306,2026-03-30 22:18:27.211093,XGBoost
8181-YHCMF,0.00026345125,Low,0.015886110335122793,2026-03-30 22:18:27.211093,XGBoost
8182-BJDSI,0.9977907,High,89.75127294659615,2026-03-30 22:18:27.211093,XGBoost
8182-PNAGI,0.37661114,Low,18.92470995336771,2026-03-30 22:18:27.211093,XGBoost
8183-ONMXC,0.9981122,High,80.59756028652191,2026-03-30 22:18:27.211093,XGBoost
8184-WMOFI,0.00031104643,Low,0.02220871519530192,2026-03-30 22:18:27.211093,XGBoost
8185-UPYBR,0.998242,High,75.3672725558281,2026-03-30 22:18:27.211093,XGBoost
8189-DUKMV,0.0495697,Low,1.016178848221898,2026-03-30 22:18:27.211093,XGBoost
8189-HBVRW,0.0009997583,Low,0.09077804936096072,2026-03-30 22:18:27.211093,XGBoost
8189-XRIKE,0.0011019626,Low,0.10022350210347213,2026-03-30 22:18:27.211093,XGBoost
8190-ZTQFB,0.00072090153,Low,0.03701829362544231,2026-03-30 22:18:27.211093,XGBoost
8191-XWSZG,0.00034649434,Low,0.007155108200095127,2026-03-30 22:18:27.211093,XGBoost
8194-PEEBY,0.00808371,Low,0.16086583789438008,2026-03-30 22:18:27.211093,XGBoost
8197-BFWVU,0.0002705542,Low,0.02522918043541722,2026-03-30 22:18:27.211093,XGBoost
8198-RKSZG,0.0005160578,Low,0.04151684769021813,2026-03-30 22:18:27.211093,XGBoost
8199-ZLLSA,0.996879,High,117.98062747120856,2026-03-30 22:18:27.211093,XGBoost
8200-KLNYW,0.00066583115,Low,0.0538657397730276,2026-03-30 22:18:27.211093,XGBoost
8200-LGKSR,0.044172026,Low,3.675112581253052,2026-03-30 22:18:27.211093,XGBoost
8201-AAXCB,0.061910126,Low,3.7362761257216337,2026-03-30 22:18:27.211093,XGBoost
8203-XJZRC,0.001907851,Low,0.03863398203975521,2026-03-30 22:18:27.211093,XGBoost
8204-TIFGJ,0.0006196969,Low,0.012579847453162074,2026-03-30 22:18:27.211093,XGBoost
8204-YJCLA,0.023281377,Low,1.508633217215538,2026-03-30 22:18:27.211093,XGBoost
8205-MQUGY,0.0005843872,Low,0.02875185124576092,2026-03-30 22:18:27.211093,XGBoost
8205-OTCHB,0.25100812,Low,10.981605388224125,2026-03-30 22:18:27.211093,XGBoost
8205-VSLRB,0.0003647411,Low,0.028194487551809286,2026-03-30 22:18:27.211093,XGBoost
8207-DMRVL,0.00018213445,Low,0.02086350108147599,2026-03-30 22:18:27.211093,XGBoost
8207-VVMYB,0.04272815,Low,1.110931858420372,2026-03-30 22:18:27.211093,XGBoost
8208-EUMTE,0.00041537476,Low,0.022783305461052807,2026-03-30 22:18:27.211093,XGBoost
8212-CRQXP,0.38576308,Low,30.861046314239502,2026-03-30 22:18:27.211093,XGBoost
8212-DJRCH,0.2848824,Low,25.739124520123003,2026-03-30 22:18:27.211093,XGBoost
8213-TAZPM,0.00033414224,Low,0.03633796877693385,2026-03-30 22:18:27.211093,XGBoost
8215-NGSPE,0.00014326615,Low,0.0028653230401687324,2026-03-30 22:18:27.211093,XGBoost
8216-AZUUZ,0.018446917,Low,1.852070438116789,2026-03-30 22:18:27.211093,XGBoost
8217-QYOHV,0.0008185979,Low,0.04563683345622849,2026-03-30 22:18:27.211093,XGBoost
8218-FFJDS,0.00024435951,Low,0.021112662088125945,2026-03-30 22:18:27.211093,XGBoost
8219-VYBVI,0.00021799457,Low,0.0054498643294209614,2026-03-30 22:18:27.211093,XGBoost
8220-OCUFY,0.00079266186,Low,0.04775787684775423,2026-03-30 22:18:27.211093,XGBoost
8221-EQDGL,0.23103112,Low,14.092898309230804,2026-03-30 22:18:27.211093,XGBoost
8221-HVAYI,0.00037978482,Low,0.026262120199680796,2026-03-30 22:18:27.211093,XGBoost
8224-DWCKX,0.0013547635,Low,0.09930416580755264,2026-03-30 22:18:27.211093,XGBoost
8224-IVVPA,0.13298866,Low,7.540457108616829,2026-03-30 22:18:27.211093,XGBoost
8224-KDLKN,0.00020397021,Low,0.00509925521328114,2026-03-30 22:18:27.211093,XGBoost
8224-UAXBZ,0.0007877369,Low,0.0357238686963683,2026-03-30 22:18:27.211093,XGBoost
8225-BTJAU,0.9982175,High,79.10873870551586,2026-03-30 22:18:27.211093,XGBoost
8226-BXGES,0.1166913,Low,10.438036676123739,2026-03-30 22:18:27.211093,XGBoost
8229-BUJHX,0.00017714889,Low,0.0036315522374934517,2026-03-30 22:18:27.211093,XGBoost
8229-MYEJZ,0.00075316546,Low,0.03856207132339478,2026-03-30 22:18:27.211093,XGBoost
8229-TNIQA,0.9959978,High,45.118699729442596,2026-03-30 22:18:27.211093,XGBoost
8231-BSWXX,0.00028987025,Low,0.02291424337599892,2026-03-30 22:18:27.211093,XGBoost
8232-CTLKO,0.023806637,Low,1.4224465698935091,2026-03-30 22:18:27.211093,XGBoost
8232-UTFOZ,0.00020363249,Low,0.004062468129268381,2026-03-30 22:18:27.211093,XGBoost
8234-GSZYK,0.00037206974,Low,0.009841244683775585,2026-03-30 22:18:27.211093,XGBoost
8237-ULIXL,0.018321656,Low,0.45529314391314984,2026-03-30 22:18:27.211093,XGBoost
8241-JUIQO,0.00038288077,Low,0.007447030929324683,2026-03-30 22:18:27.211093,XGBoost
8242-JSVBO,0.34239665,Low,15.288010276854038,2026-03-30 22:18:27.211093,XGBoost
8242-PDSGJ,0.00022224784,Low,0.008701002781890566,2026-03-30 22:18:27.211093,XGBoost
8242-SOQUO,0.0021972572,Low,0.18610768849030138,2026-03-30 22:18:27.211093,XGBoost
8245-UMPYT,0.77349114,High,74.56454629898072,2026-03-30 22:18:27.211093,XGBoost
8246-SHFGA,0.058326814,Low,1.2306957822293043,2026-03-30 22:18:27.211093,XGBoost
8249-THVEC,0.010559463,Low,0.20485358107835053,2026-03-30 22:18:27.211093,XGBoost
8250-ZNGGW,0.00084408844,Low,0.05056089762947522,2026-03-30 22:18:27.211093,XGBoost
8257-RZAHR,0.99655676,High,64.47722229957581,2026-03-30 22:18:27.211093,XGBoost
8258-GSTJK,0.99849474,High,76.88409531116486,2026-03-30 22:18:27.211093,XGBoost
8259-DZLIZ,0.00022459125,Low,0.01209423867185251,2026-03-30 22:18:27.211093,XGBoost
8259-NFJTV,0.0009595869,Low,0.0332496852526674,2026-03-30 22:18:27.211093,XGBoost
8260-NGFNY,0.9968827,High,25.121443462371825,2026-03-30 22:18:27.211093,XGBoost
8261-GWDBQ,0.0759648,Low,8.815715157613157,2026-03-30 22:18:27.211093,XGBoost
8262-COGGB,0.0020370306,Low,0.04165727668441832,2026-03-30 22:18:27.211093,XGBoost
8263-JQAIK,0.79817265,High,19.515321359038353,2026-03-30 22:18:27.211093,XGBoost
8263-OKETD,0.00051836495,Low,0.03571534493239597,2026-03-30 22:18:27.211093,XGBoost
8263-QMNTJ,0.0003471209,Low,0.040109818965720474,2026-03-30 22:18:27.211093,XGBoost
8265-HKSOW,0.00023830985,Low,0.02560639308067039,2026-03-30 22:18:27.211093,XGBoost
8266-VBFQL,0.0016928964,Low,0.15303783090785147,2026-03-30 22:18:27.211093,XGBoost
8267-KFGYD,0.0014737836,Low,0.031023145449580625,2026-03-30 22:18:27.211093,XGBoost
8267-ZNYVZ,0.99824023,High,103.56742411851883,2026-03-30 22:18:27.211093,XGBoost
8268-YDIXR,0.00073439296,Low,0.06840870431915391,2026-03-30 22:18:27.211093,XGBoost
8270-RKSAP,0.0011168901,Low,0.07874075282597914,2026-03-30 22:18:27.211093,XGBoost
8272-ONJLV,0.0012634968,Low,0.12091664521722123,2026-03-30 22:18:27.211093,XGBoost
8276-MQBYC,0.99656016,High,97.46358329057693,2026-03-30 22:18:27.211093,XGBoost
8277-RVRSV,0.008473497,Low,0.20463494975119828,2026-03-30 22:18:27.211093,XGBoost
8280-MQRQN,0.8124814,High,40.98968679904938,2026-03-30 22:18:27.211093,XGBoost
8285-ABVLB,0.014179036,Low,0.28145386502146724,2026-03-30 22:18:27.211093,XGBoost
8286-AFUYI,0.002473403,Low,0.11859967390773819,2026-03-30 22:18:27.211093,XGBoost
8290-YWKHZ,0.9986393,High,93.07318141460419,2026-03-30 22:18:27.211093,XGBoost
8292-FRFZQ,0.109995626,Low,4.52632000632584,2026-03-30 22:18:27.211093,XGBoost
8292-ITGYJ,0.011610077,Low,0.28618839220143855,2026-03-30 22:18:27.211093,XGBoost
8292-TYSPY,0.34169677,Low,18.793322294950485,2026-03-30 22:18:27.211093,XGBoost
8294-UIMBA,0.17016199,Low,16.063292074203492,2026-03-30 22:18:27.211093,XGBoost
8295-FHIVV,0.0005283608,Low,0.010250199039001017,2026-03-30 22:18:27.211093,XGBoost
8295-KMENE,0.00019035868,Low,0.0145529212175461,2026-03-30 22:18:27.211093,XGBoost
8305-VHZBZ,0.9972704,High,20.14486218690872,2026-03-30 22:18:27.211093,XGBoost
8309-IEYJD,0.0031128281,Low,0.2197656657081097,2026-03-30 22:18:27.211093,XGBoost
8309-PPCED,0.00034468688,Low,0.03807066584558925,2026-03-30 22:18:27.211093,XGBoost
8311-UEUAB,0.09867564,Low,7.450010702013969,2026-03-30 22:18:27.211093,XGBoost
8313-AFGBW,0.0003531617,Low,0.025992701947689056,2026-03-30 22:18:27.211093,XGBoost
8313-KTIHG,0.0010525605,Low,0.06452195972669869,2026-03-30 22:18:27.211093,XGBoost
8313-NDOIA,0.0014430316,Low,0.1502917404344771,2026-03-30 22:18:27.211093,XGBoost
8314-DPQHL,0.0007951584,Low,0.04039404585491865,2026-03-30 22:18:27.211093,XGBoost
8314-HTWVE,0.0002196937,Low,0.004360919914324768,2026-03-30 22:18:27.211093,XGBoost
8316-BBQAY,0.042612314,Low,2.554608237743378,2026-03-30 22:18:27.211093,XGBoost
8317-BVKSO,0.00070705515,Low,0.014176455777487718,2026-03-30 22:18:27.211093,XGBoost
8318-LCNBW,0.00064681144,Low,0.034378028265200554,2026-03-30 22:18:27.211093,XGBoost
8319-QBEHW,0.051142693,Low,2.043150568008423,2026-03-30 22:18:27.211093,XGBoost
8325-QRPZR,0.0017705769,Low,0.1330588561249897,2026-03-30 22:18:27.211093,XGBoost
8327-LZKAS,0.99732226,High,107.26200920641422,2026-03-30 22:18:27.211093,XGBoost
8327-WKMIE,0.028946826,Low,0.5832785486243665,2026-03-30 22:18:27.211093,XGBoost
8328-SKJNO,0.0004387027,Low,0.017833264762884937,2026-03-30 22:18:27.211093,XGBoost
8329-GWVPJ,0.00028012737,Low,0.019538883767381776,2026-03-30 22:18:27.211093,XGBoost
8329-IBCTI,0.99653316,High,19.58187650442123,2026-03-30 22:18:27.211093,XGBoost
8329-UTMVM,0.0014709025,Low,0.1539299433818087,2026-03-30 22:18:27.211093,XGBoost
8331-ZXFOE,0.00032190728,Low,0.02288760777446441,2026-03-30 22:18:27.211093,XGBoost
8332-OSJDW,0.03010661,Low,0.794814495742321,2026-03-30 22:18:27.211093,XGBoost
8336-TAVKX,0.03170844,Low,2.487527249380946,2026-03-30 22:18:27.211093,XGBoost
8337-MSSXB,0.6963132,Medium,60.09182936549187,2026-03-30 22:18:27.211093,XGBoost
8337-UPOAQ,0.9140697,High,82.0834601521492,2026-03-30 22:18:27.211093,XGBoost
8338-QIUNR,0.00026738798,Low,0.0177813006012002,2026-03-30 22:18:27.211093,XGBoost
8344-WFMFH,0.0010157678,Low,0.050889966997783635,2026-03-30 22:18:27.211093,XGBoost
8345-MVDYC,0.00035473652,Low,0.02896423681813758,2026-03-30 22:18:27.211093,XGBoost
8347-GDTMP,0.022407688,Low,0.4358295354992151,2026-03-30 22:18:27.211093,XGBoost
8348-HFYIV,0.99818784,High,49.16075111925602,2026-03-30 22:18:27.211093,XGBoost
8348-JLBUG,0.0005458377,Low,0.04383076599333435,2026-03-30 22:18:27.211093,XGBoost
8350-NYMVI,0.0008171133,Low,0.033583357580937445,2026-03-30 22:18:27.211093,XGBoost
8356-WUAOJ,0.0029302489,Low,0.13186119846068323,2026-03-30 22:18:27.211093,XGBoost
8357-EQXFO,0.99864584,High,95.22088104188441,2026-03-30 22:18:27.211093,XGBoost
8361-LBRDI,0.000302251,Low,0.007359811650530901,2026-03-30 22:18:27.211093,XGBoost
8361-LTMKD,0.6955616,Medium,51.74978213310242,2026-03-30 22:18:27.211093,XGBoost
8364-TRMMK,0.5917054,Medium,29.969877591729162,2026-03-30 22:18:27.211093,XGBoost
8372-JUXUI,0.9987909,High,74.26010488569736,2026-03-30 22:18:27.211093,XGBoost
8374-UULRV,0.00020481992,Low,0.017624754457210654,2026-03-30 22:18:27.211093,XGBoost
8374-XGEJJ,0.99828535,High,100.82682067155838,2026-03-30 22:18:27.211093,XGBoost
8375-DKEBR,0.99911946,High,69.53871445655822,2026-03-30 22:18:27.211093,XGBoost
8375-KVTHK,0.000807057,Low,0.08094781894469634,2026-03-30 22:18:27.211093,XGBoost
8378-LKJAF,0.0004636879,Low,0.046902031295758206,2026-03-30 22:18:27.211093,XGBoost
8380-MQINP,0.00024766792,Low,0.0050276588153792545,2026-03-30 22:18:27.211093,XGBoost
8380-PEFPE,0.99883777,High,71.56672615110875,2026-03-30 22:18:27.211093,XGBoost
8382-SHQEH,0.9985746,High,84.77898477315904,2026-03-30 22:18:27.211093,XGBoost
8383-SGHJU,0.00073557737,Low,0.04369329580804333,2026-03-30 22:18:27.211093,XGBoost
8384-FZBJK,0.00037321594,Low,0.0375455234083347,2026-03-30 22:18:27.211093,XGBoost
8387-MOJJT,0.99674976,High,77.69664369225502,2026-03-30 22:18:27.211093,XGBoost
8387-UGUSU,0.00040397668,Low,0.008099732415576,2026-03-30 22:18:27.211093,XGBoost
8388-DMKAE,0.0002324314,Low,0.004706735795480199,2026-03-30 22:18:27.211093,XGBoost
8388-FYNPZ,0.0010349666,Low,0.05873435191460885,2026-03-30 22:18:27.211093,XGBoost
8390-FESFV,0.0002874369,Low,0.024288418833748437,2026-03-30 22:18:27.211093,XGBoost
8393-DLHGA,0.7732769,High,74.15725711584092,2026-03-30 22:18:27.211093,XGBoost
8393-JMVMB,0.00090118224,Low,0.0175279945746297,2026-03-30 22:18:27.211093,XGBoost
8395-ETZKQ,0.00024470923,Low,0.0047718299174448475,2026-03-30 22:18:27.211093,XGBoost
8397-MVTAZ,0.7854931,High,78.58858223855495,2026-03-30 22:18:27.211093,XGBoost
8398-TBIYD,0.016823241,Low,1.4249285539612175,2026-03-30 22:18:27.211093,XGBoost
8399-YNDCH,0.37685403,Low,22.630084638297557,2026-03-30 22:18:27.211093,XGBoost
8400-WZICQ,0.00045965347,Low,0.025602698329021224,2026-03-30 22:18:27.211093,XGBoost
8401-EMUWF,0.0003225438,Low,0.02238454056787305,2026-03-30 22:18:27.211093,XGBoost
8402-EIVQS,0.0010181022,Low,0.10272650838596747,2026-03-30 22:18:27.211093,XGBoost
8402-OOOHJ,0.00033621254,Low,0.006942789004824589,2026-03-30 22:18:27.211093,XGBoost
8404-FYDIB,0.00073490303,Low,0.06367934796144255,2026-03-30 22:18:27.211093,XGBoost
8404-GFGCZ,0.0010142723,Low,0.06653626505285501,2026-03-30 22:18:27.211093,XGBoost
8404-VIOMB,0.00028791663,Low,0.017994789232034236,2026-03-30 22:18:27.211093,XGBoost
8404-VLQFB,0.000704865,Low,0.01779784052632749,2026-03-30 22:18:27.211093,XGBoost
8405-IGQFX,0.00049274234,Low,0.044371448017773214,2026-03-30 22:18:27.211093,XGBoost
8406-LNMHF,0.0005194559,Low,0.043088864930905406,2026-03-30 22:18:27.211093,XGBoost
8409-WQJUX,0.0004811328,Low,0.02607739755767398,2026-03-30 22:18:27.211093,XGBoost
8410-BGQXN,0.00058364385,Low,0.011322690697852522,2026-03-30 22:18:27.211093,XGBoost
8413-VONUO,0.9990176,High,95.55603308081628,2026-03-30 22:18:27.211093,XGBoost
8413-YNHNV,0.00040893548,Low,0.0370700009923894,2026-03-30 22:18:27.211093,XGBoost
8414-MYSHR,0.86341584,High,78.91620752811433,2026-03-30 22:18:27.211093,XGBoost
8414-OOEEL,0.016588222,Low,1.318763667717576,2026-03-30 22:18:27.211093,XGBoost
8417-FMLZI,0.99818915,High,83.39870359003544,2026-03-30 22:18:27.211093,XGBoost
8417-GSODA,0.00032178944,Low,0.029668986453907566,2026-03-30 22:18:27.211093,XGBoost
8421-WZOOW,0.00042377444,Low,0.0403857044497272,2026-03-30 22:18:27.211093,XGBoost
8429-XIBUM,0.43183059,Medium,43.76602979004383,2026-03-30 22:18:27.211093,XGBoost
8430-TWCBX,0.00031655852,Low,0.0065527614089660345,2026-03-30 22:18:27.211093,XGBoost
8433-WPJTV,0.04563178,Low,4.741142068803311,2026-03-30 22:18:27.211093,XGBoost
8433-WXGNA,0.9984819,High,75.58508204817772,2026-03-30 22:18:27.211093,XGBoost
8434-PNQZX,0.00025123733,Low,0.019709568705002314,2026-03-30 22:18:27.211093,XGBoost
8434-VGEQQ,0.00023888244,Low,0.004909034058800899,2026-03-30 22:18:27.211093,XGBoost
8436-BJUMM,0.9979824,High,83.58102455735207,2026-03-30 22:18:27.211093,XGBoost
8439-LTUGF,0.00055567373,Low,0.011113474611192942,2026-03-30 22:18:27.211093,XGBoost
8441-SHIPE,0.00022946842,Low,0.0058743916451931,2026-03-30 22:18:27.211093,XGBoost
8443-WVPSS,0.8681903,High,86.68880031108856,2026-03-30 22:18:27.211093,XGBoost
8443-ZRDBZ,0.7618349,High,57.93754562437534,2026-03-30 22:18:27.211093,XGBoost
8444-WRIDW,0.43668708,Medium,35.13147575110197,2026-03-30 22:18:27.211093,XGBoost
8445-DNBAE,0.0023030853,Low,0.11526941875927149,2026-03-30 22:18:27.211093,XGBoost
8450-JOVAH,0.72038513,High,40.84583711028099,2026-03-30 22:18:27.211093,XGBoost
8450-LUGUK,0.00028619383,Low,0.00689727121789474,2026-03-30 22:18:27.211093,XGBoost
8450-UYIBU,0.0007862149,Low,0.03133066345762927,2026-03-30 22:18:27.211093,XGBoost
8454-AATJP,0.00037296236,Low,0.04290931914729299,2026-03-30 22:18:27.211093,XGBoost
8455-HIRAQ,0.2885165,Low,12.824558053910733,2026-03-30 22:18:27.211093,XGBoost
8456-QDAVC,0.00074155605,Low,0.05836046144831926,2026-03-30 22:18:27.211093,XGBoost
8457-XIGKN,0.00051449594,Low,0.010084120486862958,2026-03-30 22:18:27.211093,XGBoost
8461-EFQYM,0.00031359371,Low,0.007604647587868385,2026-03-30 22:18:27.211093,XGBoost
8464-EETCQ,0.00086070417,Low,0.016181238344870508,2026-03-30 22:18:27.211093,XGBoost
8465-SBRXP,0.00028376025,Low,0.026928847865201534,2026-03-30 22:18:27.211093,XGBoost
8466-PZBLH,0.00038611566,Low,0.040387697861297055,2026-03-30 22:18:27.211093,XGBoost
8467-WYNSR,0.00074062345,Low,0.04080835214117542,2026-03-30 22:18:27.211093,XGBoost
8468-EHYJA,0.0013232814,Low,0.13186499530565926,2026-03-30 22:18:27.211093,XGBoost
8468-FZTOE,0.0110845305,Low,0.824134842865169,2026-03-30 22:18:27.211093,XGBoost
8469-SNFFH,0.00049187517,Low,0.039054888149257755,2026-03-30 22:18:27.211093,XGBoost
8473-VUVJN,0.9993437,High,73.60166300833225,2026-03-30 22:18:27.211093,XGBoost
8474-UMLNT,0.0010219344,Low,0.06928715505637228,2026-03-30 22:18:27.211093,XGBoost
8480-PPONV,0.00020726617,Low,0.02394960636811447,2026-03-30 22:18:27.211093,XGBoost
8481-YYXWG,0.6615298,Medium,59.107685792446134,2026-03-30 22:18:27.211093,XGBoost
8485-GJCDN,0.58914864,Medium,40.680713635683055,2026-03-30 22:18:27.211093,XGBoost
8486-AYEQH,0.0013737188,Low,0.1044713179289829,2026-03-30 22:18:27.211093,XGBoost
8490-BXHEO,0.00096442027,Low,0.07768405238748528,2026-03-30 22:18:27.211093,XGBoost
8495-LJDFO,0.0007907961,Low,0.08615723795373924,2026-03-30 22:18:27.211093,XGBoost
8495-PRWFH,0.3084497,Low,17.16522500216961,2026-03-30 22:18:27.211093,XGBoost
8496-DMZUK,0.07587648,Low,6.859233957529068,2026-03-30 22:18:27.211093,XGBoost
8496-EJAUI,0.9951696,High,73.49327348172665,2026-03-30 22:18:27.211093,XGBoost
8498-XXGWA,0.00061298156,Low,0.03380593299225438,2026-03-30 22:18:27.211093,XGBoost
8499-BRXTD,0.0004182196,Low,0.00840621393872425,2026-03-30 22:18:27.211093,XGBoost
8510-AWCXC,0.76400286,High,77.01148824691772,2026-03-30 22:18:27.211093,XGBoost
8510-BBWMU,0.00031819,Low,0.00628425241302466,2026-03-30 22:18:27.211093,XGBoost
8510-TMWYB,0.00022970264,Low,0.01373621767561417,2026-03-30 22:18:27.211093,XGBoost
8512-WIWYV,0.00028315597,Low,0.005762223961937707,2026-03-30 22:18:27.211093,XGBoost
8513-OLYGY,0.0002699173,Low,0.03125642398372292,2026-03-30 22:18:27.211093,XGBoost
8514-VZHEB,0.00021845981,Low,0.004259966342942789,2026-03-30 22:18:27.211093,XGBoost
8515-OCTJS,0.98834604,High,24.461564496159554,2026-03-30 22:18:27.211093,XGBoost
8519-IMDHU,0.9975453,High,85.38987784385681,2026-03-30 22:18:27.211093,XGBoost
8519-QJGJD,0.7022514,High,52.914641085267064,2026-03-30 22:18:27.211093,XGBoost
8532-UEFWH,0.00018992738,Low,0.004890629970759619,2026-03-30 22:18:27.211093,XGBoost
8535-SFUTN,0.31811628,Low,33.86347773522139,2026-03-30 22:18:27.211093,XGBoost
8540-ZQGEA,0.00031536023,Low,0.006322972614725586,2026-03-30 22:18:27.211093,XGBoost
8541-QVFKM,0.0011926123,Low,0.08765700703952461,2026-03-30 22:18:27.211093,XGBoost
8543-MSDMF,0.0019075995,Low,0.14764820190612227,2026-03-30 22:18:27.211093,XGBoost
8544-GOQSH,0.0013142463,Low,0.10520541860023513,2026-03-30 22:18:27.211093,XGBoost
8544-JNBOX,0.00018649372,Low,0.0038790694205090405,2026-03-30 22:18:27.211093,XGBoost
8547-NSBBO,0.0015978037,Low,0.15458750489051454,2026-03-30 22:18:27.211093,XGBoost
8548-AWOFC,0.29063693,Low,18.55716778188944,2026-03-30 22:18:27.211093,XGBoost
8550-XSXUQ,0.0004879083,Low,0.034421931518591006,2026-03-30 22:18:27.211093,XGBoost
8552-OBVRU,0.10242114,Low,10.703009355813265,2026-03-30 22:18:27.211093,XGBoost
8559-CIZFV,0.36896238,Low,28.594584241509438,2026-03-30 22:18:27.211093,XGBoost
8559-WNQZS,0.0007390315,Low,0.01511319358833134,2026-03-30 22:18:27.211093,XGBoost
8561-NMTBD,0.00022933456,Low,0.025765737880283267,2026-03-30 22:18:27.211093,XGBoost
8562-GHPPI,0.00059820194,Low,0.01184439832577482,2026-03-30 22:18:27.211093,XGBoost
8563-IIOXK,0.53600836,Medium,26.666415810585022,2026-03-30 22:18:27.211093,XGBoost
8563-OYMQY,0.0014709277,Low,0.13378087714663708,2026-03-30 22:18:27.211093,XGBoost
8564-LDKFL,0.36061138,Low,38.22480618953705,2026-03-30 22:18:27.211093,XGBoost
8565-CLBZW,0.9972402,High,89.60203068852424,2026-03-30 22:18:27.211093,XGBoost
8565-HBFNN,0.0017527646,Low,0.18789636176079513,2026-03-30 22:18:27.211093,XGBoost
8565-WUXZU,0.00023189813,Low,0.019664961239323018,2026-03-30 22:18:27.211093,XGBoost
8566-YPRGL,0.0013793153,Low,0.026896647876128554,2026-03-30 22:18:27.211093,XGBoost
8570-KLJYJ,0.00045500268,Low,0.024774895860173275,2026-03-30 22:18:27.211093,XGBoost
8571-ZCMCX,0.00019177495,Low,0.011506496812216938,2026-03-30 22:18:27.211093,XGBoost
8573-CGOCC,0.0006881023,Low,0.013590019851108082,2026-03-30 22:18:27.211093,XGBoost
8573-JGCZW,0.00055654463,Low,0.010936102049890905,2026-03-30 22:18:27.211093,XGBoost
8577-QSOCG,0.00016316136,Low,0.003295859388890676,2026-03-30 22:18:27.211093,XGBoost
8580-AECUZ,0.9992956,High,79.04428135156631,2026-03-30 22:18:27.211093,XGBoost
8580-QVLOC,0.14666267,Low,13.558963600546122,2026-03-30 22:18:27.211093,XGBoost
8582-KRHPJ,0.0006105135,Low,0.021367972367443144,2026-03-30 22:18:27.211093,XGBoost
8584-KMVXD,0.0018733195,Low,0.14162295442074535,2026-03-30 22:18:27.211093,XGBoost
8587-XYZSF,0.00031170427,Low,0.015756650605180767,2026-03-30 22:18:27.211093,XGBoost
8590-OHDIW,0.00020203156,Low,0.004101240642194171,2026-03-30 22:18:27.211093,XGBoost
8590-YFFQO,0.043050952,Low,2.7961593490093946,2026-03-30 22:18:27.211093,XGBoost
8591-NXRCV,0.31095883,Low,23.213076846301558,2026-03-30 22:18:27.211093,XGBoost
8591-TKMZH,0.0042900224,Low,0.4766214910428971,2026-03-30 22:18:27.211093,XGBoost
8592-PLTMQ,0.00031035655,Low,0.007665806886507198,2026-03-30 22:18:27.211093,XGBoost
8593-WHYHV,0.77923816,High,66.46901542544364,2026-03-30 22:18:27.211093,XGBoost
8595-SIZNC,0.049923725,Low,1.2780473709106446,2026-03-30 22:18:27.211093,XGBoost
8597-CTXVJ,0.014064368,Low,0.9134806925430894,2026-03-30 22:18:27.211093,XGBoost
8597-CWYHH,0.0005341717,Low,0.05039910029154271,2026-03-30 22:18:27.211093,XGBoost
8601-QACRS,0.99648064,High,50.4219205737114,2026-03-30 22:18:27.211093,XGBoost
8603-IJWDN,0.9992387,High,86.53407397270202,2026-03-30 22:18:27.211093,XGBoost
8605-ITULD,0.0009827183,Low,0.01921214294852689,2026-03-30 22:18:27.211093,XGBoost
8606-CIQUL,0.00017544352,Low,0.020307587623392465,2026-03-30 22:18:27.211093,XGBoost
8606-OEGQZ,0.004981842,Low,0.12604059986770152,2026-03-30 22:18:27.211093,XGBoost
8608-OZTLB,0.0003844786,Low,0.028470640105661003,2026-03-30 22:18:27.211093,XGBoost
8610-WFCJF,0.5668728,Medium,54.1930373430252,2026-03-30 22:18:27.211093,XGBoost
8610-ZIKJJ,0.00027689873,Low,0.005621044267900288,2026-03-30 22:18:27.211093,XGBoost
8612-GXIDD,0.011940884,Low,0.303298463858664,2026-03-30 22:18:27.211093,XGBoost
8614-VGMMV,0.99664295,High,48.93516870737076,2026-03-30 22:18:27.211093,XGBoost
8617-ENBDS,0.001636328,Low,0.12043373659253119,2026-03-30 22:18:27.211093,XGBoost
8619-IJNDK,0.023068912,Low,1.4775638345628976,2026-03-30 22:18:27.211093,XGBoost
8620-RJPZN,0.40866008,Medium,8.45926373898983,2026-03-30 22:18:27.211093,XGBoost
8621-MNIHH,0.9985097,High,94.10953970253468,2026-03-30 22:18:27.211093,XGBoost
8622-ZLFKO,0.0025596179,Low,0.23228532081702724,2026-03-30 22:18:27.211093,XGBoost
8623-TMRBY,0.7089734,High,59.695560932159424,2026-03-30 22:18:27.211093,XGBoost
8623-ULFNQ,0.0006431469,Low,0.042479854251723737,2026-03-30 22:18:27.211093,XGBoost
8624-GIOUT,0.32399368,Low,19.358622550964355,2026-03-30 22:18:27.211093,XGBoost
8625-AZYZY,0.7642501,High,79.97877292931081,2026-03-30 22:18:27.211093,XGBoost
8626-PTQGE,0.00021468212,Low,0.012891661348839989,2026-03-30 22:18:27.211093,XGBoost
8626-XHBIE,0.006417261,Low,0.15914807207882406,2026-03-30 22:18:27.211093,XGBoost
8627-EHGIP,0.9957268,High,53.71946214437485,2026-03-30 22:18:27.211093,XGBoost
8627-ZYGSZ,0.00064104516,Low,0.05057846317067743,2026-03-30 22:18:27.211093,XGBoost
8628-MFKAX,0.03246373,Low,3.7901404052972794,2026-03-30 22:18:27.211093,XGBoost
8630-FJLIB,0.52868176,Medium,36.90198650360107,2026-03-30 22:18:27.211093,XGBoost
8630-QSGXK,0.00028024998,Low,0.02107479851692915,2026-03-30 22:18:27.211093,XGBoost
8631-NBHFZ,0.22829975,Low,18.12700029909611,2026-03-30 22:18:27.211093,XGBoost
8631-WUXGY,0.0010131033,Low,0.10110770838800817,2026-03-30 22:18:27.211093,XGBoost
8631-XVRZL,0.037401993,Low,0.7536501554772257,2026-03-30 22:18:27.211093,XGBoost
8634-CILSZ,0.5423257,Medium,56.78149822354317,2026-03-30 22:18:27.211093,XGBoost
8634-MPHTR,0.99876106,High,99.92604383826256,2026-03-30 22:18:27.211093,XGBoost
8637-XJIVR,0.995908,High,78.62693833112716,2026-03-30 22:18:27.211093,XGBoost
8639-NHQEI,0.00018890855,Low,0.01811633035395062,2026-03-30 22:18:27.211093,XGBoost
8640-SDGKB,0.70514435,High,52.462739324569704,2026-03-30 22:18:27.211093,XGBoost
8642-GVWRF,0.849767,High,67.72643223404884,2026-03-30 22:18:27.211093,XGBoost
8644-XLFBW,0.99929917,High,71.59978542923928,2026-03-30 22:18:27.211093,XGBoost
8644-XYTSV,0.2562286,Low,10.287578128278255,2026-03-30 22:18:27.211093,XGBoost
8645-KOMJQ,0.00019350817,Low,0.015857994309044443,2026-03-30 22:18:27.211093,XGBoost
8645-KWHJO,0.0015712844,Low,0.08642064058221877,2026-03-30 22:18:27.211093,XGBoost
8646-JCOMS,0.0005577392,Low,0.05050328195211477,2026-03-30 22:18:27.211093,XGBoost
8647-SDTWQ,0.086811855,Low,6.450120858848095,2026-03-30 22:18:27.211093,XGBoost
8648-PFRMP,0.0013107642,Low,0.0607539220538456,2026-03-30 22:18:27.211093,XGBoost
8650-RHRKE,0.62432015,Medium,18.511092430353163,2026-03-30 22:18:27.211093,XGBoost
8651-ENBZX,0.36285096,Low,38.462202191352844,2026-03-30 22:18:27.211093,XGBoost
8652-YHIYU,0.00034793757,Low,0.027661037107463926,2026-03-30 22:18:27.211093,XGBoost
8654-DHAOW,0.0009281196,Low,0.050257675346801985,2026-03-30 22:18:27.211093,XGBoost
8659-HDIYE,0.0006058271,Low,0.045224991597933695,2026-03-30 22:18:27.211093,XGBoost
8659-IOOPU,0.00020090742,Low,0.02018115066821338,2026-03-30 22:18:27.211093,XGBoost
8660-BUETV,0.0011094032,Low,0.04964579359511845,2026-03-30 22:18:27.211093,XGBoost
8661-BOYNW,0.00021524659,Low,0.018166812154231594,2026-03-30 22:18:27.211093,XGBoost
8663-UPDGF,0.0007114798,Low,0.049447846540715545,2026-03-30 22:18:27.211093,XGBoost
8665-UTDHZ,0.9975478,High,30.12594372034073,2026-03-30 22:18:27.211093,XGBoost
8668-KNZTI,0.0006804399,Low,0.036573643155861646,2026-03-30 22:18:27.211093,XGBoost
8670-ERCJH,0.0003611773,Low,0.0409575073630549,2026-03-30 22:18:27.211093,XGBoost
8670-MEFCP,0.010387451,Low,0.9649942339397968,2026-03-30 22:18:27.211093,XGBoost
8671-KKKOS,0.0008756955,Low,0.03988792966702021,2026-03-30 22:18:27.211093,XGBoost
8672-OAUPW,0.00041573466,Low,0.019892903274740092,2026-03-30 22:18:27.211093,XGBoost
8676-OOQEJ,0.0009850938,Low,0.03004535980289802,2026-03-30 22:18:27.211093,XGBoost
8676-TRMJS,0.9977329,High,74.82996582984924,2026-03-30 22:18:27.211093,XGBoost
8677-HDZEE,0.00082922366,Low,0.08744163492810912,2026-03-30 22:18:27.211093,XGBoost
8679-JOEVF,0.9979265,High,59.276832532882686,2026-03-30 22:18:27.211093,XGBoost
8679-LZBMD,0.0005625394,Low,0.05099419501202647,2026-03-30 22:18:27.211093,XGBoost
8680-CGLTP,0.2535856,Low,14.898154400289059,2026-03-30 22:18:27.211093,XGBoost
8681-ICONS,0.022585765,Low,0.46639603748917574,2026-03-30 22:18:27.211093,XGBoost
8685-WHQPW,0.99772805,High,74.23096690177918,2026-03-30 22:18:27.211093,XGBoost
8687-BAFGU,0.0029844756,Low,0.2208511927165091,2026-03-30 22:18:27.211093,XGBoost
8690-UPCZI,0.00022946688,Low,0.015844688142533415,2026-03-30 22:18:27.211093,XGBoost
8690-ZVLCL,0.00018111442,Low,0.015938068740069866,2026-03-30 22:18:27.211093,XGBoost
8695-ARGXZ,0.0011994427,Low,0.09061789299594238,2026-03-30 22:18:27.211093,XGBoost
8695-WDYEA,0.0015343584,Low,0.07863586622988805,2026-03-30 22:18:27.211093,XGBoost
8696-JKZNU,0.9971529,High,76.03291049599648,2026-03-30 22:18:27.211093,XGBoost
8699-ASUFO,0.9981865,High,74.26507773399354,2026-03-30 22:18:27.211093,XGBoost
8701-DGLVH,0.07585691,Low,1.5512737922370434,2026-03-30 22:18:27.211093,XGBoost
8705-DWKTI,0.00075817644,Low,0.06353518539108335,2026-03-30 22:18:27.211093,XGBoost
8705-WZCYL,0.0021070403,Low,0.09439540356397629,2026-03-30 22:18:27.211093,XGBoost
8706-HRADD,0.00078473514,Low,0.03417521522205788,2026-03-30 22:18:27.211093,XGBoost
8707-HOEDG,0.00044384145,Low,0.048911327472887935,2026-03-30 22:18:27.211093,XGBoost
8707-RMEZH,0.1544712,Low,13.485336081683636,2026-03-30 22:18:27.211093,XGBoost
8708-XPXHZ,0.99820185,High,94.0306139945984,2026-03-30 22:18:27.211093,XGBoost
8709-KRDVL,0.53888893,Medium,53.888893127441406,2026-03-30 22:18:27.211093,XGBoost
8710-YGLWG,0.0017420638,Low,0.07821866411250085,2026-03-30 22:18:27.211093,XGBoost
8711-LOBKY,0.00023577361,Low,0.004680106127489126,2026-03-30 22:18:27.211093,XGBoost
8713-IGZSO,0.0014512788,Low,0.036064278276171535,2026-03-30 22:18:27.211093,XGBoost
8714-CTZJW,0.58302957,Medium,48.303999724984166,2026-03-30 22:18:27.211093,XGBoost
8714-EUHJO,0.99860424,High,91.02277629673482,2026-03-30 22:18:27.211093,XGBoost
8715-KKTFG,0.0007321366,Low,0.07562971070292406,2026-03-30 22:18:27.211093,XGBoost
8717-VCTXJ,0.00036248623,Low,0.007086605782387778,2026-03-30 22:18:27.211093,XGBoost
8718-PTMEZ,0.9969638,High,30.95572595894337,2026-03-30 22:18:27.211093,XGBoost
8720-RQSBJ,0.0026696231,Low,0.11746341735124588,2026-03-30 22:18:27.211093,XGBoost
8722-NGNBH,0.35394523,Low,14.157809019088745,2026-03-30 22:18:27.211093,XGBoost
8722-PRFDV,0.00013100781,Low,0.01015965549449902,2026-03-30 22:18:27.211093,XGBoost
8725-JEDFD,0.00048114473,Low,0.033223043526231774,2026-03-30 22:18:27.211093,XGBoost
8727-JQFHV,0.0056076692,Low,0.11635913676582277,2026-03-30 22:18:27.211093,XGBoost
8727-XDPUD,0.042001564,Low,1.503655993193388,2026-03-30 22:18:27.211093,XGBoost
8728-SKJLR,0.30560726,Low,22.691339001059532,2026-03-30 22:18:27.211093,XGBoost
8731-WBBMB,0.0012466421,Low,0.10209998704958707,2026-03-30 22:18:27.211093,XGBoost
8734-DKSTZ,0.0010547613,Low,0.09065673796576448,2026-03-30 22:18:27.211093,XGBoost
8734-FNWVH,0.0004195157,Low,0.02504508782294579,2026-03-30 22:18:27.211093,XGBoost
8735-DCXNF,0.0007016503,Low,0.03855568281142041,2026-03-30 22:18:27.211093,XGBoost
8735-IJJEG,0.00085884,Low,0.04311376843834296,2026-03-30 22:18:27.211093,XGBoost
8735-NBLWT,0.12347958,Low,2.5189834803342817,2026-03-30 22:18:27.211093,XGBoost
8735-SDUFN,0.00031219318,Low,0.007586294284556061,2026-03-30 22:18:27.211093,XGBoost
8738-JOKAR,0.00050564425,Low,0.03423211545450613,2026-03-30 22:18:27.211093,XGBoost
8739-QOTTN,0.21007152,Low,4.274955412000418,2026-03-30 22:18:27.211093,XGBoost
8739-WWKDU,0.99849844,High,89.36561036109924,2026-03-30 22:18:27.211093,XGBoost
8739-XNIKG,0.0020323668,Low,0.17071881238371134,2026-03-30 22:18:27.211093,XGBoost
8740-CRYFY,0.9215792,High,72.75867643058301,2026-03-30 22:18:27.211093,XGBoost
8740-XLHDR,0.41982454,Medium,18.157411381602287,2026-03-30 22:18:27.211093,XGBoost
8741-LQOBK,0.00039226795,Low,0.013748991512693464,2026-03-30 22:18:27.211093,XGBoost
8745-PVESG,0.00043870774,Low,0.018030887914937923,2026-03-30 22:18:27.211093,XGBoost
8746-BFOAJ,0.0003615978,Low,0.007412755017867312,2026-03-30 22:18:27.211093,XGBoost
8746-OQQRW,0.0007468015,Low,0.01885673776268959,2026-03-30 22:18:27.211093,XGBoost
8747-UDCOI,0.015473858,Low,0.2994191610720009,2026-03-30 22:18:27.211093,XGBoost
8748-HFWBO,0.00030176612,Low,0.006005145827657543,2026-03-30 22:18:27.211093,XGBoost
8749-CLJXC,0.14418194,Low,2.8908478364348413,2026-03-30 22:18:27.211093,XGBoost
8749-JMNKX,0.99754816,High,93.57001768350601,2026-03-30 22:18:27.211093,XGBoost
8749-TZYEC,0.031720947,Low,0.7866794973611831,2026-03-30 22:18:27.211093,XGBoost
8750-QWZAJ,0.0001787392,Low,0.003539036074653268,2026-03-30 22:18:27.211093,XGBoost
8751-EDEKA,0.0011299923,Low,0.10158630833029747,2026-03-30 22:18:27.211093,XGBoost
8752-GHJFU,0.09738907,Low,8.959794640541077,2026-03-30 22:18:27.211093,XGBoost
8752-IMQOS,0.00024609015,Low,0.004946411916171201,2026-03-30 22:18:27.211093,XGBoost
8752-STIVR,0.8137531,High,64.28649711608887,2026-03-30 22:18:27.211093,XGBoost
8755-IWJHN,0.0008385741,Low,0.07995803855301346,2026-03-30 22:18:27.211093,XGBoost
8755-OGKNA,0.00017580004,Low,0.003428100848395843,2026-03-30 22:18:27.211093,XGBoost
8756-RDDLT,0.0005141743,Low,0.023112134230905215,2026-03-30 22:18:27.211093,XGBoost
8757-TFHHJ,0.0014129713,Low,0.07036597046535462,2026-03-30 22:18:27.211093,XGBoost
8760-ZRHKE,0.01809424,Low,1.2521213911473752,2026-03-30 22:18:27.211093,XGBoost
8761-NSOBC,0.998059,High,100.35482991039753,2026-03-30 22:18:27.211093,XGBoost
8763-KIAFH,0.00026140508,Low,0.005371874300180934,2026-03-30 22:18:27.211093,XGBoost
8766-PAFNE,0.00017879868,Low,0.014142975897993891,2026-03-30 22:18:27.211093,XGBoost
8769-KKTPH,0.17994268,Low,17.93128829970956,2026-03-30 22:18:27.211093,XGBoost
8773-HHUOZ,0.3663236,Low,23.70113629102707,2026-03-30 22:18:27.211093,XGBoost
8774-GSBUN,0.00025432318,Low,0.006459808826912194,2026-03-30 22:18:27.211093,XGBoost
8775-CEBBJ,0.9961081,High,44.02797867059708,2026-03-30 22:18:27.211093,XGBoost
8775-ERLNB,0.003739065,Low,0.27781253135763107,2026-03-30 22:18:27.211093,XGBoost
8775-LHDJH,0.99926585,High,90.53348597288131,2026-03-30 22:18:27.211093,XGBoost
8777-MBMTS,0.13280481,Low,14.057389244437218,2026-03-30 22:18:27.211093,XGBoost
8777-PVYGU,0.115299754,Low,7.4137741722166535,2026-03-30 22:18:27.211093,XGBoost
8778-LMWTJ,0.4769922,Medium,35.7028654128313,2026-03-30 22:18:27.211093,XGBoost
8779-QRDMV,0.9987055,High,39.59867332577705,2026-03-30 22:18:27.211093,XGBoost
8779-YIQQA,0.00019977542,Low,0.003955553221749142,2026-03-30 22:18:27.211093,XGBoost
8780-IHCRN,0.00017928284,Low,0.004419322023022687,2026-03-30 22:18:27.211093,XGBoost
8780-IXSTS,0.87974817,High,79.26530972123146,2026-03-30 22:18:27.211093,XGBoost
8780-RSYYU,0.0004325725,Low,0.008305392041802405,2026-03-30 22:18:27.211093,XGBoost
8780-YRMTT,0.0005907538,Low,0.028001730109099298,2026-03-30 22:18:27.211093,XGBoost
8782-LKFPK,0.0008014075,Low,0.07244723793119193,2026-03-30 22:18:27.211093,XGBoost
8782-NUUOL,0.00041081934,Low,0.032454727770527825,2026-03-30 22:18:27.211093,XGBoost
8784-CGILN,0.99787056,High,99.63737586140633,2026-03-30 22:18:27.211093,XGBoost
8785-CJSHH,0.0010750798,Low,0.10729296214412898,2026-03-30 22:18:27.211093,XGBoost
8785-EPNCG,0.39004815,Low,9.029614585638045,2026-03-30 22:18:27.211093,XGBoost
8788-DOXSU,0.00044903305,Low,0.02754817740933504,2026-03-30 22:18:27.211093,XGBoost
8791-GFXLZ,0.35050082,Low,17.192065322399138,2026-03-30 22:18:27.211093,XGBoost
8792-AOROI,0.07054301,Low,4.620567385107279,2026-03-30 22:18:27.211093,XGBoost
8799-OXZMD,0.19266813,Low,5.731876719743013,2026-03-30 22:18:27.211093,XGBoost
8800-JOOCF,0.37752157,Low,31.730688336491582,2026-03-30 22:18:27.211093,XGBoost
8800-ZKRFW,0.0009234925,Low,0.09927544160746038,2026-03-30 22:18:27.211093,XGBoost
8802-UNOJF,0.7479796,High,62.68068891763687,2026-03-30 22:18:27.211093,XGBoost
8805-JNRAZ,0.5396499,Medium,26.550775265693666,2026-03-30 22:18:27.211093,XGBoost
8806-EAGWC,0.8508162,High,46.922512891888616,2026-03-30 22:18:27.211093,XGBoost
8807-ARQET,0.41287044,Medium,16.65932212918997,2026-03-30 22:18:27.211093,XGBoost
8807-OPMBM,0.00019102343,Low,0.004899750922049861,2026-03-30 22:18:27.211093,XGBoost
8808-ELEHO,0.73067766,High,59.36756022274494,2026-03-30 22:18:27.211093,XGBoost
8809-RIHDD,0.9947856,High,102.86083174943924,2026-03-30 22:18:27.211093,XGBoost
8809-XKHMD,0.00049713935,Low,0.049987361647072244,2026-03-30 22:18:27.211093,XGBoost
8812-ZRHFP,0.0005657541,Low,0.04890943978971336,2026-03-30 22:18:27.211093,XGBoost
8815-LMFLX,0.0004917943,Low,0.012491575605235993,2026-03-30 22:18:27.211093,XGBoost
8816-VXNZD,0.9990545,High,75.02899231314659,2026-03-30 22:18:27.211093,XGBoost
8818-DOPVL,0.43873534,Medium,45.82590585201979,2026-03-30 22:18:27.211093,XGBoost
8818-XYFCQ,0.7661847,High,76.27368565201759,2026-03-30 22:18:27.211093,XGBoost
8819-IMISP,0.0010864881,Low,0.087407970323693,2026-03-30 22:18:27.211093,XGBoost
8819-WFGGJ,0.00032390922,Low,0.017523488716688008,2026-03-30 22:18:27.211093,XGBoost
8819-ZBYNA,0.0003594439,Low,0.039215328340651466,2026-03-30 22:18:27.211093,XGBoost
8821-KVZKQ,0.00023623375,Low,0.01379605126567185,2026-03-30 22:18:27.211093,XGBoost
8821-XNHVZ,0.99897075,High,79.96760829687118,2026-03-30 22:18:27.211093,XGBoost
8822-KNBHV,0.0004957233,Low,0.04136810722120572,2026-03-30 22:18:27.211093,XGBoost
8823-RLPWL,0.0003276727,Low,0.036256983474595474,2026-03-30 22:18:27.211093,XGBoost
8824-RWFXJ,0.99746275,High,56.00753338336944,2026-03-30 22:18:27.211093,XGBoost
8835-VSDSE,0.99772316,High,70.5390275657177,2026-03-30 22:18:27.211093,XGBoost
8837-VVWLQ,0.9980019,High,84.78025915324689,2026-03-30 22:18:27.211093,XGBoost
8838-GPHZP,0.00049137,Low,0.010122221615165473,2026-03-30 22:18:27.211093,XGBoost
8840-DQLGN,0.9984561,High,100.3448401093483,2026-03-30 22:18:27.211093,XGBoost
8844-TONUD,0.87750876,High,84.81122160553933,2026-03-30 22:18:27.211093,XGBoost
8845-LWKGE,0.00032806685,Low,0.021160311574931256,2026-03-30 22:18:27.211093,XGBoost
8847-GEOOQ,0.29038668,Low,17.48127794265747,2026-03-30 22:18:27.211093,XGBoost
8849-AYPTR,0.0010914989,Low,0.09959927294403315,2026-03-30 22:18:27.211093,XGBoost
8849-GYOKR,0.9977163,High,106.30667257905006,2026-03-30 22:18:27.211093,XGBoost
8849-PRIQJ,0.0003657647,Low,0.0400146569183562,2026-03-30 22:18:27.211093,XGBoost
8851-RAGOV,0.0005787398,Low,0.04111946256016381,2026-03-30 22:18:27.211093,XGBoost
8853-TZDGH,0.00029859404,Low,0.033323094563093035,2026-03-30 22:18:27.211093,XGBoost
8854-CCVSQ,0.9971205,High,80.41776829361916,2026-03-30 22:18:27.211093,XGBoost
8857-CUPFQ,0.00023185326,Low,0.00446317533715046,2026-03-30 22:18:27.211093,XGBoost
8859-AXJZP,0.0003094781,Low,0.007365579094039276,2026-03-30 22:18:27.211093,XGBoost
8859-DZTGQ,0.009293034,Low,0.18911323663778604,2026-03-30 22:18:27.211093,XGBoost
8859-YSTWS,0.0004077686,Low,0.008134983331547118,2026-03-30 22:18:27.211093,XGBoost
8861-HGGKB,0.84240437,High,72.82585740089417,2026-03-30 22:18:27.211093,XGBoost
8865-TNMNX,0.0006230159,Low,0.030870438821148125,2026-03-30 22:18:27.211093,XGBoost
8868-GAGIO,0.00075880456,Low,0.06415692516893613,2026-03-30 22:18:27.211093,XGBoost
8868-WOZGU,0.69744414,Medium,73.71984569430352,2026-03-30 22:18:27.211093,XGBoost
8869-LIHMK,0.062059004,Low,7.1429913442581885,2026-03-30 22:18:27.211093,XGBoost
8869-TORSS,0.26953655,Low,16.266531082987786,2026-03-30 22:18:27.211093,XGBoost
8871-JLMHM,0.00036238498,Low,0.032687124930089344,2026-03-30 22:18:27.211093,XGBoost
8873-GLDMH,0.5131967,Medium,37.89957679510116,2026-03-30 22:18:27.211093,XGBoost
8873-TMKGR,0.00021613644,Low,0.004128205987217371,2026-03-30 22:18:27.211093,XGBoost
8874-EJNSR,0.01898216,Low,0.4783504530787468,2026-03-30 22:18:27.211093,XGBoost
8875-AKBYH,0.47767204,Medium,40.291636613011356,2026-03-30 22:18:27.211093,XGBoost
8878-HMWBV,0.8016276,High,39.3999953776598,2026-03-30 22:18:27.211093,XGBoost
8878-RYUKI,0.0009652992,Low,0.05738703751121648,2026-03-30 22:18:27.211093,XGBoost
8879-XUAHX,0.00037590507,Low,0.043698964873328805,2026-03-30 22:18:27.211093,XGBoost
8879-ZKJOF,0.00050070824,Low,0.03998155267327092,2026-03-30 22:18:27.211093,XGBoost
8882-TLVRW,0.00021254882,Low,0.00831065903767012,2026-03-30 22:18:27.211093,XGBoost
8883-ANODQ,0.00016848832,Low,0.014220413978910074,2026-03-30 22:18:27.211093,XGBoost
8883-GRDWQ,0.0008486498,Low,0.045827090623788536,2026-03-30 22:18:27.211093,XGBoost
8884-ADFVN,0.87537825,High,89.24481269717216,2026-03-30 22:18:27.211093,XGBoost
8884-FEEWR,0.03173085,Low,0.6536554954946041,2026-03-30 22:18:27.211093,XGBoost
8884-MRNSU,0.00047951704,Low,0.009542389074340463,2026-03-30 22:18:27.211093,XGBoost
8885-QSQBX,0.0020948409,Low,0.10379936479730531,2026-03-30 22:18:27.211093,XGBoost
8887-IPQNC,0.0009492972,Low,0.0420064018398989,2026-03-30 22:18:27.211093,XGBoost
8894-JVDCV,0.0005258657,Low,0.060500849224627014,2026-03-30 22:18:27.211093,XGBoost
8896-BQTTI,0.0011202022,Low,0.028005056083202362,2026-03-30 22:18:27.211093,XGBoost
8896-RAZCR,0.00020761964,Low,0.004131630829942878,2026-03-30 22:18:27.211093,XGBoost
8898-KASCD,0.054372378,Low,1.932938027009368,2026-03-30 22:18:27.211093,XGBoost
8901-HJXTF,0.9966479,High,29.10211851596832,2026-03-30 22:18:27.211093,XGBoost
8901-UPRHR,0.010289428,Low,1.1236055184155702,2026-03-30 22:18:27.211093,XGBoost
8902-ZEOVF,0.00022848578,Low,0.004581139818037628,2026-03-30 22:18:27.211093,XGBoost
8903-WMRNW,0.0023603735,Low,0.2401680038892664,2026-03-30 22:18:27.211093,XGBoost
8903-XEBGX,0.65186894,Medium,36.04835234880447,2026-03-30 22:18:27.211093,XGBoost
8904-OPDCK,0.0009111871,Low,0.022734117883373983,2026-03-30 22:18:27.211093,XGBoost
8905-IAZPF,0.0005313587,Low,0.050824459901195954,2026-03-30 22:18:27.211093,XGBoost
8908-NMQTX,0.018729286,Low,1.228641179203987,2026-03-30 22:18:27.211093,XGBoost
8908-SLFCJ,0.00033395144,Low,0.0069628874596674,2026-03-30 22:18:27.211093,XGBoost
8909-BOLNL,0.0003373258,Low,0.007151306816376745,2026-03-30 22:18:27.211093,XGBoost
8910-ICHIU,0.000665285,Low,0.06363450874632691,2026-03-30 22:18:27.211093,XGBoost
8910-LEDAG,0.35647845,Low,25.506033289432526,2026-03-30 22:18:27.211093,XGBoost
8914-RBTSB,0.68849796,Medium,64.5811087012291,2026-03-30 22:18:27.211093,XGBoost
8915-NNTRC,0.00028553454,Low,0.030752069677691906,2026-03-30 22:18:27.211093,XGBoost
8917-FAEMR,0.00021408567,Low,0.0042496004862186965,2026-03-30 22:18:27.211093,XGBoost
8917-SZTTJ,0.0003164505,Low,0.00621825210400857,2026-03-30 22:18:27.211093,XGBoost
8919-FYFQZ,0.9971282,High,30.262840524315834,2026-03-30 22:18:27.211093,XGBoost
8920-NAVAY,0.00043700414,Low,0.04839820877532475,2026-03-30 22:18:27.211093,XGBoost
8922-LIEGH,0.9981457,High,89.53366924524308,2026-03-30 22:18:27.211093,XGBoost
8922-NPKBJ,0.0001656474,Low,0.0032052772883616855,2026-03-30 22:18:27.211093,XGBoost
8929-KSWIH,0.000504271,Low,0.050074111379217356,2026-03-30 22:18:27.211093,XGBoost
8930-XOTDP,0.14376095,Low,8.043425117433072,2026-03-30 22:18:27.211093,XGBoost
8931-GJJIQ,0.9984946,High,83.17460227012634,2026-03-30 22:18:27.211093,XGBoost
8932-CZHRQ,0.0003823005,Low,0.029341563022171613,2026-03-30 22:18:27.211093,XGBoost
8937-RDTHP,0.874141,High,73.95232672691344,2026-03-30 22:18:27.211093,XGBoost
8938-UMKPI,0.99708825,High,106.09019017219543,2026-03-30 22:18:27.211093,XGBoost
8942-DBMHZ,0.06774884,Low,1.3854637201875448,2026-03-30 22:18:27.211093,XGBoost
8943-URTMR,0.9988795,High,79.5607515603304,2026-03-30 22:18:27.211093,XGBoost
8944-AILEF,0.0868709,Low,1.6896390300244093,2026-03-30 22:18:27.211093,XGBoost
8945-GRKHX,0.99902284,High,78.5731464803219,2026-03-30 22:18:27.211093,XGBoost
8945-MUQUF,0.99554825,High,94.37797393798827,2026-03-30 22:18:27.211093,XGBoost
8946-BFWSG,0.00023786377,Low,0.006006060262734536,2026-03-30 22:18:27.211093,XGBoost
8947-YRTDV,0.00029586317,Low,0.028047828201670198,2026-03-30 22:18:27.211093,XGBoost
8949-JTMAY,0.758688,High,74.80663414001464,2026-03-30 22:18:27.211093,XGBoost
8950-MTZNV,0.53493464,Medium,24.045312064886094,2026-03-30 22:18:27.211093,XGBoost
8952-WCVCD,0.5617349,Medium,58.67321184873581,2026-03-30 22:18:27.211093,XGBoost
8957-THMOA,0.00017404974,Low,0.0035071022437477947,2026-03-30 22:18:27.211093,XGBoost
8958-JPTRR,0.000532668,Low,0.01294383302447386,2026-03-30 22:18:27.211093,XGBoost
8961-QDZZJ,0.017799063,Low,1.6909109521657228,2026-03-30 22:18:27.211093,XGBoost
8963-JLGJT,0.0009712716,Low,0.054294082341948526,2026-03-30 22:18:27.211093,XGBoost
8963-MQVYN,0.00044363714,Low,0.0091167431906797,2026-03-30 22:18:27.211093,XGBoost
8966-KZXXA,0.00016888046,Low,0.004238899603660684,2026-03-30 22:18:27.211093,XGBoost
8966-OIQHG,0.000332141,Low,0.006891925833770074,2026-03-30 22:18:27.211093,XGBoost
8966-SNIZF,0.0003007207,Low,0.00584901785623515,2026-03-30 22:18:27.211093,XGBoost
8967-SZQAS,0.00094216526,Low,0.04753223761217669,2026-03-30 22:18:27.211093,XGBoost
8969-PRHFK,0.00035620626,Low,0.006999453066964634,2026-03-30 22:18:27.211093,XGBoost
8970-ANWXO,0.0005700021,Low,0.042037656967295334,2026-03-30 22:18:27.211093,XGBoost
8972-HJWNV,0.8738085,High,73.88050894141197,2026-03-30 22:18:27.211093,XGBoost
8974-OVACP,0.0009046554,Low,0.018228805807302705,2026-03-30 22:18:27.211093,XGBoost
8975-SKGRX,0.0002926189,Low,0.033973054811940524,2026-03-30 22:18:27.211093,XGBoost
8976-OQHGT,0.995928,High,56.2699314057827,2026-03-30 22:18:27.211093,XGBoost
8979-CAMGB,0.0009957061,Low,0.1016615895787254,2026-03-30 22:18:27.211093,XGBoost
8980-WQFWL,0.39584246,Low,24.581816938519477,2026-03-30 22:18:27.211093,XGBoost
8981-FJGLA,0.00087568164,Low,0.0683031678199768,2026-03-30 22:18:27.211093,XGBoost
8982-NHAVY,0.0009664997,Low,0.09713321743765846,2026-03-30 22:18:27.211093,XGBoost
8984-EYLLL,0.13704686,Low,14.424181874841452,2026-03-30 22:18:27.211093,XGBoost
8984-HPEMB,0.045891833,Low,5.445065933279693,2026-03-30 22:18:27.211093,XGBoost
8985-OOPOS,0.001025081,Low,0.07595850432990119,2026-03-30 22:18:27.211093,XGBoost
8988-ECPJR,0.6394111,Medium,50.89712290763855,2026-03-30 22:18:27.211093,XGBoost
8990-YOZLV,0.024384603,Low,1.6313299342989922,2026-03-30 22:18:27.211093,XGBoost
8990-ZXLSU,0.001291989,Low,0.0892118404211942,2026-03-30 22:18:27.211093,XGBoost
8992-CEUEN,0.0014333042,Low,0.027017783449264244,2026-03-30 22:18:27.211093,XGBoost
8992-JQYUN,0.93745625,High,47.2009221971035,2026-03-30 22:18:27.211093,XGBoost
8992-OBVDG,0.0006214938,Low,0.038315092114498836,2026-03-30 22:18:27.211093,XGBoost
8992-VONJD,0.001223891,Low,0.06853789836168289,2026-03-30 22:18:27.211093,XGBoost
8993-IZEUX,0.0011172104,Low,0.07725509705487639,2026-03-30 22:18:27.211093,XGBoost
8993-PHFWD,0.523719,Medium,13.223905071616173,2026-03-30 22:18:27.211093,XGBoost
8996-ZROXE,0.0006011921,Low,0.032163778494577855,2026-03-30 22:18:27.211093,XGBoost
8999-BOHSE,0.99842596,High,89.55880866050721,2026-03-30 22:18:27.211093,XGBoost
8999-EXMNO,0.00019375021,Low,0.0039040667172230313,2026-03-30 22:18:27.211093,XGBoost
8999-XXGNS,0.00063815905,Low,0.06748531955236103,2026-03-30 22:18:27.211093,XGBoost
8999-YPYBV,0.0003359248,Low,0.0283352562924847,2026-03-30 22:18:27.211093,XGBoost
9000-PLFUZ,0.00032638162,Low,0.016139571006351616,2026-03-30 22:18:27.211093,XGBoost
9003-CPATH,0.4466755,Medium,35.68937318623066,2026-03-30 22:18:27.211093,XGBoost
9013-AQORL,0.00036203294,Low,0.016490600285760593,2026-03-30 22:18:27.211093,XGBoost
9018-PCIOK,0.00023316231,Low,0.015097259631147608,2026-03-30 22:18:27.211093,XGBoost
9019-QVLZD,0.99921465,High,79.48752534389496,2026-03-30 22:18:27.211093,XGBoost
9025-AOMKI,0.8945092,High,83.68133531212807,2026-03-30 22:18:27.211093,XGBoost
9025-ZRPVR,0.3584578,Low,6.7927753806114195,2026-03-30 22:18:27.211093,XGBoost
9026-LHEVG,0.0009953836,Low,0.04056188161484897,2026-03-30 22:18:27.211093,XGBoost
9026-RNUJS,0.99726033,High,50.21205772161484,2026-03-30 22:18:27.211093,XGBoost
9027-TMATR,0.00051731116,Low,0.04076411915011704,2026-03-30 22:18:27.211093,XGBoost
9027-YFHQJ,0.00095724326,Low,0.023978943686233833,2026-03-30 22:18:27.211093,XGBoost
9028-LIHRP,0.00024585822,Low,0.02463499330915511,2026-03-30 22:18:27.211093,XGBoost
9029-FEGVJ,0.0015586488,Low,0.12360084758838638,2026-03-30 22:18:27.211093,XGBoost
9030-QGZNL,0.00030646857,Low,0.006389869755366818,2026-03-30 22:18:27.211093,XGBoost
9031-ZVQPT,0.00055408815,Low,0.05995233824942261,2026-03-30 22:18:27.211093,XGBoost
9033-EOXWV,0.9964715,High,73.78871636986732,2026-03-30 22:18:27.211093,XGBoost
9036-CSKBW,0.00068410614,Low,0.0735072047857102,2026-03-30 22:18:27.211093,XGBoost
9039-RBEEE,0.37545085,Low,18.378319084644318,2026-03-30 22:18:27.211093,XGBoost
9039-ZVJDC,0.14652751,Low,2.798675514757633,2026-03-30 22:18:27.211093,XGBoost
9040-KZVWO,0.00059032714,Low,0.04456969888997264,2026-03-30 22:18:27.211093,XGBoost
9046-DQMTP,0.043903537,Low,0.9109983947128057,2026-03-30 22:18:27.211093,XGBoost
9046-JBFWA,0.00031362454,Low,0.006005909862869884,2026-03-30 22:18:27.211093,XGBoost
9048-JVYVF,0.99815136,High,69.2217969506979,2026-03-30 22:18:27.211093,XGBoost
9050-IKDZA,0.0026150008,Low,0.21312256681267172,2026-03-30 22:18:27.211093,XGBoost
9050-QLROH,0.99615735,High,90.35147147774697,2026-03-30 22:18:27.211093,XGBoost
9052-DHNKM,0.00059273,Low,0.036482531996443864,2026-03-30 22:18:27.211093,XGBoost
9052-VKDUW,0.00092114566,Low,0.10077333559747786,2026-03-30 22:18:27.211093,XGBoost
9053-EJUNL,0.2825229,Low,25.201041519641876,2026-03-30 22:18:27.211093,XGBoost
9053-JZFKV,0.99710137,High,115.86317878961563,2026-03-30 22:18:27.211093,XGBoost
9054-FOWNV,0.00056218024,Low,0.049893496397999115,2026-03-30 22:18:27.211093,XGBoost
9055-MOJJJ,0.00021035329,Low,0.013841246464289724,2026-03-30 22:18:27.211093,XGBoost
9057-MSWCO,0.9970367,High,30.65887838602066,2026-03-30 22:18:27.211093,XGBoost
9057-SIHCH,0.8520168,High,82.30482351779938,2026-03-30 22:18:27.211093,XGBoost
9058-CBREO,0.9979924,High,50.44851563572883,2026-03-30 22:18:27.211093,XGBoost
9058-HRZSV,0.0010373959,Low,0.09793017376214266,2026-03-30 22:18:27.211093,XGBoost
9058-MJLZC,0.0015292539,Low,0.144667419209145,2026-03-30 22:18:27.211093,XGBoost
9060-HJJRW,0.00043544456,Low,0.024559072928968816,2026-03-30 22:18:27.211093,XGBoost
9061-TIHDA,0.99863297,High,95.11979015171528,2026-03-30 22:18:27.211093,XGBoost
9063-ZGTUY,0.9935549,High,19.27496486902237,2026-03-30 22:18:27.211093,XGBoost
9065-ZCPQX,0.00018178762,Low,0.014333953695313538,2026-03-30 22:18:27.211093,XGBoost
9066-QRSDU,0.0004328887,Low,0.011384972446830944,2026-03-30 22:18:27.211093,XGBoost
9067-SQTNS,0.00026738056,Low,0.005508039484266192,2026-03-30 22:18:27.211093,XGBoost
9067-YGSCA,0.00029734435,Low,0.00774582026351709,2026-03-30 22:18:27.211093,XGBoost
9068-FHQHD,0.00023822126,Low,0.004800158290890977,2026-03-30 22:18:27.211093,XGBoost
9068-VPWQQ,0.0003967121,Low,0.029892256815219297,2026-03-30 22:18:27.211093,XGBoost
9069-LGEUL,0.0009917198,Low,0.059453600505366924,2026-03-30 22:18:27.211093,XGBoost
9070-BCKQP,0.00033964615,Low,0.037412023897923065,2026-03-30 22:18:27.211093,XGBoost
9073-ZZIAY,0.00043542756,Low,0.03749031281622592,2026-03-30 22:18:27.211093,XGBoost
9074-KGVOX,0.00045225228,Low,0.01784135242633056,2026-03-30 22:18:27.211093,XGBoost
9076-AXYIK,0.0006557466,Low,0.06695172901381738,2026-03-30 22:18:27.211093,XGBoost
9079-LWTFD,0.0015706972,Low,0.15824774041539058,2026-03-30 22:18:27.211093,XGBoost
9079-YEXQJ,0.9965108,High,110.7123502910137,2026-03-30 22:18:27.211093,XGBoost
9081-WWXKP,0.00018179211,Low,0.0036812903235841077,2026-03-30 22:18:27.211093,XGBoost
9084-OAYKL,0.014320033,Low,0.297856679558754,2026-03-30 22:18:27.211093,XGBoost
9086-YJYXS,0.0003052942,Low,0.02356871260562912,2026-03-30 22:18:27.211093,XGBoost
9087-EYCPR,0.000552893,Low,0.0138223243993707,2026-03-30 22:18:27.211093,XGBoost
9089-UOWJG,0.0007357421,Low,0.04293055142916274,2026-03-30 22:18:27.211093,XGBoost
9090-SGQXL,0.8356917,High,87.99833500385284,2026-03-30 22:18:27.211093,XGBoost
9091-WTUUY,0.00027844825,Low,0.0192825412741513,2026-03-30 22:18:27.211093,XGBoost
9092-GDZKO,0.00053182384,Low,0.013215822423808277,2026-03-30 22:18:27.211093,XGBoost
9093-FPDLG,0.0023183378,Low,0.21838742005638778,2026-03-30 22:18:27.211093,XGBoost
9094-AZPHK,0.73633605,High,73.74405564963818,2026-03-30 22:18:27.211093,XGBoost
9095-HFAFX,0.9983436,High,80.86583054065704,2026-03-30 22:18:27.211093,XGBoost
9097-ZUBYC,0.38098416,Low,18.592026877403256,2026-03-30 22:18:27.211093,XGBoost
9099-FTUHS,0.0007810962,Low,0.04249163474887609,2026-03-30 22:18:27.211093,XGBoost
9101-BWFSS,0.99738866,High,108.26653914153576,2026-03-30 22:18:27.211093,XGBoost
9101-NTIXF,0.0006111918,Low,0.011857120727654545,2026-03-30 22:18:27.211093,XGBoost
9102-IAYHT,0.99820745,High,85.29682659506798,2026-03-30 22:18:27.211093,XGBoost
9102-OXKFY,0.00032788207,Low,0.01775481386866886,2026-03-30 22:18:27.211093,XGBoost
9103-CXVOK,0.0007834802,Low,0.015473733554244973,2026-03-30 22:18:27.211093,XGBoost
9103-TCIHJ,0.44878507,Medium,24.997328209877015,2026-03-30 22:18:27.211093,XGBoost
9107-UKCKY,0.0006803189,Low,0.054289449588395655,2026-03-30 22:18:27.211093,XGBoost
9108-EJFJP,0.0018478254,Low,0.0989510481536854,2026-03-30 22:18:27.211093,XGBoost
9108-EQPNQ,0.00019421427,Low,0.005068992443557363,2026-03-30 22:18:27.211093,XGBoost
9110-HSGTV,0.046475008,Low,3.831864420324564,2026-03-30 22:18:27.211093,XGBoost
9112-WSNPU,0.00063562667,Low,0.04484346140234265,2026-03-30 22:18:27.211093,XGBoost
9114-AAFQH,0.34628633,Low,22.73369734436274,2026-03-30 22:18:27.211093,XGBoost
9114-DPSIA,0.006348486,Low,0.5142273707315326,2026-03-30 22:18:27.211093,XGBoost
9114-VEPUF,0.0008200649,Low,0.07880823854357004,2026-03-30 22:18:27.211093,XGBoost
9115-YQHGA,0.34839547,Low,17.803008353710176,2026-03-30 22:18:27.211093,XGBoost
9117-SHLZX,0.7534474,High,34.43254679441452,2026-03-30 22:18:27.211093,XGBoost
9121-PHQSR,0.47584292,Medium,40.47044059485197,2026-03-30 22:18:27.211093,XGBoost
9122-UMROB,0.24087971,Low,4.889858204126358,2026-03-30 22:18:27.211093,XGBoost
9124-LHCJQ,0.9989309,High,85.35864296853542,2026-03-30 22:18:27.211093,XGBoost
9127-FHJBZ,0.00021610946,Low,0.02463647842523642,2026-03-30 22:18:27.211093,XGBoost
9127-QRZMH,0.00092317053,Low,0.055251756429788655,2026-03-30 22:18:27.211093,XGBoost
9128-CPXKI,0.00048741276,Low,0.04669414265663363,2026-03-30 22:18:27.211093,XGBoost
9129-UXERG,0.5241468,Medium,54.30160799026489,2026-03-30 22:18:27.211093,XGBoost
9133-AYJZG,0.41817236,Medium,41.273611879348756,2026-03-30 22:18:27.211093,XGBoost
9134-CEQMF,0.9984341,High,89.35985431075096,2026-03-30 22:18:27.211093,XGBoost
9134-WYRVP,0.18318632,Low,15.818138943612574,2026-03-30 22:18:27.211093,XGBoost
9135-HSWOC,0.010594179,Low,0.20870532477274537,2026-03-30 22:18:27.211093,XGBoost
9135-MGVPY,0.04104397,Low,3.4764243211597203,2026-03-30 22:18:27.211093,XGBoost
9136-ALYBR,0.6695368,Medium,16.370175468921662,2026-03-30 22:18:27.211093,XGBoost
9137-NOQKA,0.0012800338,Low,0.024576649814844132,2026-03-30 22:18:27.211093,XGBoost
9137-UIYPG,0.16014785,Low,17.119804710149765,2026-03-30 22:18:27.211093,XGBoost
9138-EFSMO,0.00023011256,Low,0.018167386941058794,2026-03-30 22:18:27.211093,XGBoost
9139-TWBAS,0.18171515,Low,8.695069722086192,2026-03-30 22:18:27.211093,XGBoost
9139-WQQDY,0.9974873,High,100.19759994745255,2026-03-30 22:18:27.211093,XGBoost
9140-CZQZZ,0.0002856843,Low,0.022740470734424888,2026-03-30 22:18:27.211093,XGBoost
9142-KZXOP,0.0008890523,Low,0.06121125000645406,2026-03-30 22:18:27.211093,XGBoost
9142-XMYJH,0.00044074698,Low,0.008528454108454753,2026-03-30 22:18:27.211093,XGBoost
9143-CANJF,0.17234382,Low,9.504761691391467,2026-03-30 22:18:27.211093,XGBoost
9146-JRIOX,0.089869104,Low,2.2961556155234577,2026-03-30 22:18:27.211093,XGBoost
9150-HEPMB,0.0005182827,Low,0.02731349833193235,2026-03-30 22:18:27.211093,XGBoost
9150-KPBJQ,0.00027401515,Low,0.005384397775924299,2026-03-30 22:18:27.211093,XGBoost
9152-AMKAK,0.00034954003,Low,0.028050587454345077,2026-03-30 22:18:27.211093,XGBoost
9153-BTBVV,0.015853737,Low,0.3963434137403965,2026-03-30 22:18:27.211093,XGBoost
9154-QDGTH,0.00033646327,Low,0.035093119280645624,2026-03-30 22:18:27.211093,XGBoost
9158-VCTQB,0.99735177,High,113.2991605758667,2026-03-30 22:18:27.211093,XGBoost
9163-GHAYE,0.001282893,Low,0.06266932328580879,2026-03-30 22:18:27.211093,XGBoost
9167-APMXZ,0.0011523113,Low,0.09696699886699207,2026-03-30 22:18:27.211093,XGBoost
9168-INPSZ,0.0029074717,Low,0.3028131808154285,2026-03-30 22:18:27.211093,XGBoost
9169-BSVIN,0.0014629755,Low,0.10935741988942027,2026-03-30 22:18:27.211093,XGBoost
9170-ARBTB,0.00036343484,Low,0.007123322854749859,2026-03-30 22:18:27.211093,XGBoost
9170-CCKOU,0.99676824,High,89.90849490165711,2026-03-30 22:18:27.211093,XGBoost
9170-GYZJC,0.99047863,High,79.13924292325974,2026-03-30 22:18:27.211093,XGBoost
9172-ANCRX,0.90513456,High,89.33678094148637,2026-03-30 22:18:27.211093,XGBoost
9172-JITSM,0.77564824,High,70.4288598537445,2026-03-30 22:18:27.211093,XGBoost
9173-IVZVP,0.00019937636,Low,0.004166965883632656,2026-03-30 22:18:27.211093,XGBoost
9174-FKWZE,0.7449409,High,14.489100056886672,2026-03-30 22:18:27.211093,XGBoost
9174-IHETN,0.00015662801,Low,0.011018780616723232,2026-03-30 22:18:27.211093,XGBoost
9178-JHUVJ,0.00022538884,Low,0.005431870992470067,2026-03-30 22:18:27.211093,XGBoost
9184-GALIL,0.00034834995,Low,0.007123756392684299,2026-03-30 22:18:27.211093,XGBoost
9185-TQCVP,0.99789655,High,84.97089141011239,2026-03-30 22:18:27.211093,XGBoost
9189-JWSHV,0.9985133,High,93.41091746985911,2026-03-30 22:18:27.211093,XGBoost
9190-MFJLN,0.5471563,Medium,52.47228670716286,2026-03-30 22:18:27.211093,XGBoost
9191-MYQKX,0.35600522,Low,26.753792403638364,2026-03-30 22:18:27.211093,XGBoost
9194-GFVOI,0.00030109967,Low,0.02539775744953658,2026-03-30 22:18:27.211093,XGBoost
9199-PWQVC,0.00066975725,Low,0.053379653103183954,2026-03-30 22:18:27.211093,XGBoost
9200-NLNPD,0.00089754845,Low,0.048512493856833316,2026-03-30 22:18:27.211093,XGBoost
9206-GVPEQ,0.9980964,High,54.34634933173657,2026-03-30 22:18:27.211093,XGBoost
9207-ZPANB,0.00054247055,Low,0.036589638263103554,2026-03-30 22:18:27.211093,XGBoost
9208-OLGAQ,0.54106915,Medium,45.96382429003716,2026-03-30 22:18:27.211093,XGBoost
9209-NWPGU,0.12570408,Low,8.221046823263169,2026-03-30 22:18:27.211093,XGBoost
9210-IAHGH,0.9975546,High,70.5769879668951,2026-03-30 22:18:27.211093,XGBoost
9214-EKVXR,0.6247968,Medium,27.49105954170227,2026-03-30 22:18:27.211093,XGBoost
9220-CXRSC,0.0077113677,Low,0.4734779756516218,2026-03-30 22:18:27.211093,XGBoost
9220-ZNKJI,0.060418453,Low,5.365158632397652,2026-03-30 22:18:27.211093,XGBoost
9221-OTIVJ,0.99861574,High,104.70486052036284,2026-03-30 22:18:27.211093,XGBoost
9223-UCPVT,0.9375772,High,88.5072865486145,2026-03-30 22:18:27.211093,XGBoost
9224-VTYID,0.00016770007,Low,0.015176856257312465,2026-03-30 22:18:27.211093,XGBoost
9225-BZLNZ,0.00036942284,Low,0.03149329678853974,2026-03-30 22:18:27.211093,XGBoost
9227-LUNBG,0.67264026,Medium,16.546950495243074,2026-03-30 22:18:27.211093,XGBoost
9227-UAQFT,0.000271972,Low,0.005371447135985363,2026-03-30 22:18:27.211093,XGBoost
9227-YBAXE,0.00017039655,Low,0.01405771567078773,2026-03-30 22:18:27.211093,XGBoost
9229-RQABD,0.016824717,Low,0.39958702167496085,2026-03-30 22:18:27.211093,XGBoost
9231-ZJYAM,0.8716557,High,68.7300521492958,2026-03-30 22:18:27.211093,XGBoost
9233-PSYHO,0.0010341593,Low,0.10357105687144214,2026-03-30 22:18:27.211093,XGBoost
9236-NDUCW,0.0004199128,Low,0.014738939335802571,2026-03-30 22:18:27.211093,XGBoost
9237-HQITU,0.8257132,High,58.37792446017266,2026-03-30 22:18:27.211093,XGBoost
9239-GZHZE,0.048232853,Low,5.481663790345192,2026-03-30 22:18:27.211093,XGBoost
9239-ZBZZV,0.5508541,Medium,26.41345346570015,2026-03-30 22:18:27.211093,XGBoost
9242-TKFSV,0.00022756481,Low,0.014814469446719157,2026-03-30 22:18:27.211093,XGBoost
9244-ZVAPM,0.0017420638,Low,0.07943810876458883,2026-03-30 22:18:27.211093,XGBoost
9248-OJYKK,0.99916255,High,76.38597730994225,2026-03-30 22:18:27.211093,XGBoost
9249-FXSCK,0.99476224,High,110.66729940474033,2026-03-30 22:18:27.211093,XGBoost
9250-WYPLL,0.7439187,High,56.20305906236172,2026-03-30 22:18:27.211093,XGBoost
9251-AWQGT,0.00015002012,Low,0.003000402357429266,2026-03-30 22:18:27.211093,XGBoost
9251-WNSOD,0.0005354632,Low,0.0402132875053212,2026-03-30 22:18:27.211093,XGBoost
9253-QXKBE,0.82479125,High,77.90153380930424,2026-03-30 22:18:27.211093,XGBoost
9253-VIFJQ,0.00033127735,Low,0.02221214617457008,2026-03-30 22:18:27.211093,XGBoost
9254-RBFON,0.99826103,High,98.42853800058364,2026-03-30 22:18:27.211093,XGBoost
9256-JTBNZ,0.12072887,Low,2.450796116143465,2026-03-30 22:18:27.211093,XGBoost
9257-AZMTZ,0.0061417846,Low,0.12344987047836185,2026-03-30 22:18:27.211093,XGBoost
9258-CNWAC,0.00018126126,Low,0.02060034229871235,2026-03-30 22:18:27.211093,XGBoost
9259-PACGQ,0.9966401,High,62.4395013988018,2026-03-30 22:18:27.211093,XGBoost
9261-WDCAF,0.0010481871,Low,0.05728342737420462,2026-03-30 22:18:27.211093,XGBoost
9269-CQOOL,0.49844015,Medium,27.264676010608675,2026-03-30 22:18:27.211093,XGBoost
9272-LSVYH,0.30208397,Low,21.1911904335022,2026-03-30 22:18:27.211093,XGBoost
9274-CNFMO,0.8190613,High,61.38864288330078,2026-03-30 22:18:27.211093,XGBoost
9274-UARKJ,0.0015515545,Low,0.12908933758735658,2026-03-30 22:18:27.211093,XGBoost
9277-JOOMO,0.0007478163,Low,0.01839628068264574,2026-03-30 22:18:27.211093,XGBoost
9278-VZKCD,0.0011770553,Low,0.1284167327452451,2026-03-30 22:18:27.211093,XGBoost
9279-CJEOJ,0.0015101122,Low,0.1440647036070004,2026-03-30 22:18:27.211093,XGBoost
9281-CEDRU,0.00023246353,Low,0.014900912140728905,2026-03-30 22:18:27.211093,XGBoost
9281-OFDMF,0.0010980865,Low,0.09959644331829623,2026-03-30 22:18:27.211093,XGBoost
9281-PKKZE,0.0009572511,Low,0.04207118667836767,2026-03-30 22:18:27.211093,XGBoost
9282-IZGQK,0.9522939,High,80.94497919082642,2026-03-30 22:18:27.211093,XGBoost
9283-LZQOH,0.9971294,High,74.18642592430115,2026-03-30 22:18:27.211093,XGBoost
9286-BHDQG,0.0002631096,Low,0.011905709376151208,2026-03-30 22:18:27.211093,XGBoost
9286-DOJGF,0.99798137,High,74.79870364367962,2026-03-30 22:18:27.211093,XGBoost
9289-LBQVU,0.0003449627,Low,0.024199133162619547,2026-03-30 22:18:27.211093,XGBoost
9290-SHCMB,0.0022265585,Low,0.215642192075029,2026-03-30 22:18:27.211093,XGBoost
9294-TDIPC,0.0006834812,Low,0.013806320703588426,2026-03-30 22:18:27.211093,XGBoost
9297-EONCV,0.000201384,Low,0.018396428263076813,2026-03-30 22:18:27.211093,XGBoost
9297-FVVDH,0.00044238922,Low,0.03738188944407739,2026-03-30 22:18:27.211093,XGBoost
9298-WGMRW,0.0003259317,Low,0.03764511155895889,2026-03-30 22:18:27.211093,XGBoost
9300-AGZNL,0.9663031,High,90.83249235153198,2026-03-30 22:18:27.211093,XGBoost
9300-RENDD,0.99909425,High,79.87758511304855,2026-03-30 22:18:27.211093,XGBoost
9305-CDSKC,0.99914145,High,99.56444596052171,2026-03-30 22:18:27.211093,XGBoost
9306-CPCBC,0.9980071,High,74.10202856361866,2026-03-30 22:18:27.211093,XGBoost
9308-ANMVE,0.00046011704,Low,0.025444472130038774,2026-03-30 22:18:27.211093,XGBoost
9309-BZGNT,0.00032222475,Low,0.009602297458332033,2026-03-30 22:18:27.211093,XGBoost
9313-CDOGY,0.00046750696,Low,0.009163136512506755,2026-03-30 22:18:27.211093,XGBoost
9313-QOLTZ,0.0003151243,Low,0.006586098173283972,2026-03-30 22:18:27.211093,XGBoost
9314-IJWSQ,0.34543377,Low,29.292783832550047,2026-03-30 22:18:27.211093,XGBoost
9314-QDMDW,0.00065162,Low,0.03991172372479923,2026-03-30 22:18:27.211093,XGBoost
9317-WZPGV,0.8669128,High,69.13629437983036,2026-03-30 22:18:27.211093,XGBoost
9318-NKNFC,0.9967175,High,18.78812511265278,2026-03-30 22:18:27.211093,XGBoost
9323-HGFWY,0.37317663,Low,38.02669903635979,2026-03-30 22:18:27.211093,XGBoost
9327-QSDED,0.00069154217,Low,0.030116661463398486,2026-03-30 22:18:27.211093,XGBoost
9330-DHBFL,0.00054219685,Low,0.03592054148612078,2026-03-30 22:18:27.211093,XGBoost
9330-IJWIO,0.802765,High,80.55746893286704,2026-03-30 22:18:27.211093,XGBoost
9330-VOFSZ,0.08312929,Low,9.21072497367859,2026-03-30 22:18:27.211093,XGBoost
9332-GYWLO,0.2859679,Low,15.685338571667671,2026-03-30 22:18:27.211093,XGBoost
9334-GWGOW,0.0021261666,Low,0.15914356978610156,2026-03-30 22:18:27.211093,XGBoost
9337-SRRNI,0.0002138902,Low,0.0054114221988129435,2026-03-30 22:18:27.211093,XGBoost
9339-FIIJL,0.00024074546,Low,0.02069207223976264,2026-03-30 22:18:27.211093,XGBoost
9342-VNIMQ,0.00079996244,Low,0.04371794711914845,2026-03-30 22:18:27.211093,XGBoost
9347-AERRL,0.02851635,Low,0.5503655610606074,2026-03-30 22:18:27.211093,XGBoost
9348-ROUAI,0.00017490335,Low,0.015793772910546976,2026-03-30 22:18:27.211093,XGBoost
9348-YVOMK,0.0013512515,Low,0.0605360671877861,2026-03-30 22:18:27.211093,XGBoost
9350-VLHMB,0.00026418318,Low,0.02365760390966898,2026-03-30 22:18:27.211093,XGBoost
9350-ZXYJC,0.0003075621,Low,0.007781320918002166,2026-03-30 22:18:27.211093,XGBoost
9351-HXDMR,0.029251909,Low,3.244036695174873,2026-03-30 22:18:27.211093,XGBoost
9351-LZYGF,0.00080299325,Low,0.05331875183619559,2026-03-30 22:18:27.211093,XGBoost
9355-NPPFS,0.0014056554,Low,0.11076564602553844,2026-03-30 22:18:27.211093,XGBoost
9356-AXGMP,0.0008138225,Low,0.09009015017654746,2026-03-30 22:18:27.211093,XGBoost
9357-UJRUN,0.0005532069,Low,0.03227962202508934,2026-03-30 22:18:27.211093,XGBoost
9359-JANWS,0.00025959522,Low,0.015290158730931579,2026-03-30 22:18:27.211093,XGBoost
9359-UGBTK,0.00035209555,Low,0.025474113087693692,2026-03-30 22:18:27.211093,XGBoost
9360-AHGNL,0.118190214,Low,12.947737947851419,2026-03-30 22:18:27.211093,XGBoost
9360-OMDZZ,0.4740445,Medium,44.60758761763572,2026-03-30 22:18:27.211093,XGBoost
9361-YNQWJ,0.00034270535,Low,0.008362010424025356,2026-03-30 22:18:27.211093,XGBoost
9362-MWODR,0.09003201,Low,5.771051922440528,2026-03-30 22:18:27.211093,XGBoost
9364-YKUVW,0.05073211,Low,1.0044957719743253,2026-03-30 22:18:27.211093,XGBoost
9365-CSLBQ,0.00015156204,Low,0.0036905356450006367,2026-03-30 22:18:27.211093,XGBoost
9365-SRSZE,0.4231387,Medium,29.852435840666292,2026-03-30 22:18:27.211093,XGBoost
9367-OIUXP,0.13825639,Low,2.861907188594341,2026-03-30 22:18:27.211093,XGBoost
9367-TCUYN,0.0005991811,Low,0.012043540208833293,2026-03-30 22:18:27.211093,XGBoost
9367-WXLCH,0.9964754,High,84.20217117667198,2026-03-30 22:18:27.211093,XGBoost
9369-XFEHK,0.61771184,Medium,49.78757447004318,2026-03-30 22:18:27.211093,XGBoost
9371-BITHB,0.00017933772,Low,0.003559853661863599,2026-03-30 22:18:27.211093,XGBoost
9372-TXXPS,0.00031122204,Low,0.018626639322610574,2026-03-30 22:18:27.211093,XGBoost
9373-WSLOY,0.5288045,Medium,26.440224051475525,2026-03-30 22:18:27.211093,XGBoost
9374-YOLBJ,0.0013569257,Low,0.0261208197043743,2026-03-30 22:18:27.211093,XGBoost
9375-MHRRS,0.00077623274,Low,0.038850448842276813,2026-03-30 22:18:27.211093,XGBoost
9378-FXTIZ,0.9955089,High,69.8349499821663,2026-03-30 22:18:27.211093,XGBoost
9381-NDKME,0.9961068,High,40.49174155890942,2026-03-30 22:18:27.211093,XGBoost
9385-EHGDO,0.00017190806,Low,0.0034123750112485143,2026-03-30 22:18:27.211093,XGBoost
9385-NXKDA,0.00026160202,Low,0.02162140704022022,2026-03-30 22:18:27.211093,XGBoost
9386-LDCZR,0.00062101864,Low,0.056295339736971074,2026-03-30 22:18:27.211093,XGBoost
9388-ZEYVT,0.0006872202,Low,0.030340771478950045,2026-03-30 22:18:27.211093,XGBoost
9389-ACWBI,0.20679778,Low,14.465504613518716,2026-03-30 22:18:27.211093,XGBoost
9391-DXGGG,0.00042070955,Low,0.03750625620887149,2026-03-30 22:18:27.211093,XGBoost
9391-EOYLI,0.79094994,High,63.63192272782326,2026-03-30 22:18:27.211093,XGBoost
9391-LMANN,0.00025312524,Low,0.024287366720091085,2026-03-30 22:18:27.211093,XGBoost
9391-TTOYH,0.00049854466,Low,0.009721620823256671,2026-03-30 22:18:27.211093,XGBoost
9391-YZEJW,0.00045423908,Low,0.042698473669588566,2026-03-30 22:18:27.211093,XGBoost
9392-XBGTD,0.00015492889,Low,0.0031915350584313276,2026-03-30 22:18:27.211093,XGBoost
9396-ZSFLL,0.29964224,Low,14.63752318173647,2026-03-30 22:18:27.211093,XGBoost
9397-TZSHA,0.017857442,Low,0.4392930652946234,2026-03-30 22:18:27.211093,XGBoost
9398-MMQTO,0.001286548,Low,0.09578349713119678,2026-03-30 22:18:27.211093,XGBoost
9399-APLBT,0.9408609,High,70.28231125473977,2026-03-30 22:18:27.211093,XGBoost
9402-CXWPL,0.0007623553,Low,0.07539693729486317,2026-03-30 22:18:27.211093,XGBoost
9402-ORRAH,0.0018002498,Low,0.1647228563670069,2026-03-30 22:18:27.211093,XGBoost
9402-ROUMJ,0.00025747367,Low,0.025811735598836094,2026-03-30 22:18:27.211093,XGBoost
9405-GPBBG,0.0004684544,Low,0.05176421241776552,2026-03-30 22:18:27.211093,XGBoost
9408-HRXRK,0.00046030065,Low,0.0484006136393873,2026-03-30 22:18:27.211093,XGBoost
9408-SSNVZ,0.59552836,Medium,41.77631474733353,2026-03-30 22:18:27.211093,XGBoost
9411-TPQQV,0.08725538,Low,4.759781036153435,2026-03-30 22:18:27.211093,XGBoost
9412-ARGBX,0.99292046,High,94.82390376925468,2026-03-30 22:18:27.211093,XGBoost
9412-GHEEC,0.99769515,High,104.5584515094757,2026-03-30 22:18:27.211093,XGBoost
9415-DPEWS,0.99795866,High,88.16964762210846,2026-03-30 22:18:27.211093,XGBoost
9415-TPKRV,0.0009419314,Low,0.05251267479616217,2026-03-30 22:18:27.211093,XGBoost
9415-ZNBSX,0.00016094158,Low,0.014323800409329124,2026-03-30 22:18:27.211093,XGBoost
9418-RUKPH,0.005376907,Low,0.10726929595693946,2026-03-30 22:18:27.211093,XGBoost
9419-IPPBE,0.0003045918,Low,0.02745895193220349,2026-03-30 22:18:27.211093,XGBoost
9420-LOJKX,0.997884,High,98.89030197262764,2026-03-30 22:18:27.211093,XGBoost
9424-CMPOG,0.02095227,Low,0.41066448092460633,2026-03-30 22:18:27.211093,XGBoost
9426-SXNHE,0.0009162207,Low,0.017179138376377523,2026-03-30 22:18:27.211093,XGBoost
9430-FRQOC,0.84417206,High,73.5273864686489,2026-03-30 22:18:27.211093,XGBoost
9430-NKQLY,0.00017956119,Low,0.0045069858620991,2026-03-30 22:18:27.211093,XGBoost
9432-RUVSL,0.044727165,Low,4.584534438326955,2026-03-30 22:18:27.211093,XGBoost
9432-VOFYX,0.0011754122,Low,0.08321918444707989,2026-03-30 22:18:27.211093,XGBoost
9435-JMLSX,0.00025616147,Low,0.022055502343573605,2026-03-30 22:18:27.211093,XGBoost
9436-ZBZCT,0.99856746,High,89.82114320397378,2026-03-30 22:18:27.211093,XGBoost
9441-QHEVC,0.001066122,Low,0.020362929650582375,2026-03-30 22:18:27.211093,XGBoost
9442-JTWDL,0.0003979228,Low,0.007978351965721232,2026-03-30 22:18:27.211093,XGBoost
9443-JUBUO,0.008983013,Low,0.5861416126135737,2026-03-30 22:18:27.211093,XGBoost
9444-JTXHZ,0.9993137,High,76.14770486354828,2026-03-30 22:18:27.211093,XGBoost
9445-SZLCH,0.99836415,High,97.19075005352497,2026-03-30 22:18:27.211093,XGBoost
9445-ZUEQE,0.00032751652,Low,0.027904407656751572,2026-03-30 22:18:27.211093,XGBoost
9447-YPTBX,0.00043811367,Low,0.008696556305221748,2026-03-30 22:18:27.211093,XGBoost
9448-REEVD,0.67855763,Medium,30.331526255607606,2026-03-30 22:18:27.211093,XGBoost
9450-TRJUU,0.66596824,Medium,55.37525909841061,2026-03-30 22:18:27.211093,XGBoost
9451-LPGOO,0.7431008,High,64.50115134716033,2026-03-30 22:18:27.211093,XGBoost
9451-WLYRI,0.13327445,Low,2.5388782896101474,2026-03-30 22:18:27.211093,XGBoost
9453-PATOS,0.0002578065,Low,0.021939333423506468,2026-03-30 22:18:27.211093,XGBoost
9462-MJUAW,0.9967603,High,50.236719560623165,2026-03-30 22:18:27.211093,XGBoost
9465-RWMXL,0.9975325,High,78.70531321763993,2026-03-30 22:18:27.211093,XGBoost
9467-ROOLM,0.05576785,Low,1.0623775251209737,2026-03-30 22:18:27.211093,XGBoost
9469-WEJBT,0.5254017,Medium,47.47004463076591,2026-03-30 22:18:27.211093,XGBoost
9470-RTWDV,0.0002467668,Low,0.020234878349583596,2026-03-30 22:18:27.211093,XGBoost
9470-XCCEM,0.0004196529,Low,0.0376218828780111,2026-03-30 22:18:27.211093,XGBoost
9470-YFUYI,0.00030252198,Low,0.021479060407727957,2026-03-30 22:18:27.211093,XGBoost
9473-CBZOP,0.075984016,Low,4.483056947588921,2026-03-30 22:18:27.211093,XGBoost
9474-PHLYD,0.7448299,High,44.280137145519255,2026-03-30 22:18:27.211093,XGBoost
9475-NNDGC,0.10958409,Low,12.399440133571625,2026-03-30 22:18:27.211093,XGBoost
9477-LGWQI,0.0398637,Low,3.1950754094868903,2026-03-30 22:18:27.211093,XGBoost
9479-HYNYL,0.00022461073,Low,0.01812608610489406,2026-03-30 22:18:27.211093,XGBoost
9480-BQJEI,0.0003940058,Low,0.036366734793409704,2026-03-30 22:18:27.211093,XGBoost
9481-IEBZY,0.00096365204,Low,0.10879631540738047,2026-03-30 22:18:27.211093,XGBoost
9481-SFCQY,0.00081498077,Low,0.04873584999004379,2026-03-30 22:18:27.211093,XGBoost
9481-WHGWY,0.00023034765,Low,0.017356695454509463,2026-03-30 22:18:27.211093,XGBoost
9483-GCPWE,0.0002538452,Low,0.00510228872008156,2026-03-30 22:18:27.211093,XGBoost
9488-FVZCC,0.0061549814,Low,0.48932102462276816,2026-03-30 22:18:27.211093,XGBoost
9488-FYQAU,0.075189084,Low,8.214407406747341,2026-03-30 22:18:27.211093,XGBoost
9488-HGMJH,0.9992182,High,71.09437674283981,2026-03-30 22:18:27.211093,XGBoost
9489-DEDVP,0.0002351282,Low,0.016270871571032332,2026-03-30 22:18:27.211093,XGBoost
9489-JMTTN,0.00013939595,Low,0.012510786847997224,2026-03-30 22:18:27.211093,XGBoost
9489-UTFKA,0.00092259236,Low,0.05618587452918291,2026-03-30 22:18:27.211093,XGBoost
9490-DFPMD,0.5383489,Medium,45.57123550176621,2026-03-30 22:18:27.211093,XGBoost
9492-TOKRI,0.9969843,High,89.72858726978302,2026-03-30 22:18:27.211093,XGBoost
9494-BDNNC,0.0007795473,Low,0.07429085970507003,2026-03-30 22:18:27.211093,XGBoost
9494-MRNYX,0.0015001404,Low,0.11258553776424378,2026-03-30 22:18:27.211093,XGBoost
9495-REDIY,0.00036371523,Low,0.014785023930016905,2026-03-30 22:18:27.211093,XGBoost
9495-SKLKD,0.0004741071,Low,0.04549057648400776,2026-03-30 22:18:27.211093,XGBoost
9496-IVVRP,0.00046390673,Low,0.023659243423026055,2026-03-30 22:18:27.211093,XGBoost
9497-QCMMS,0.9994373,High,93.4973568469286,2026-03-30 22:18:27.211093,XGBoost
9498-FIMXL,0.00040807133,Low,0.007834969460964203,2026-03-30 22:18:27.211093,XGBoost
9499-XPZXM,0.00027950792,Low,0.01809813781437697,2026-03-30 22:18:27.211093,XGBoost
9500-IWPXQ,0.021426406,Low,1.7012566171586514,2026-03-30 22:18:27.211093,XGBoost
9500-LTVBP,0.0011822011,Low,0.09463519690325484,2026-03-30 22:18:27.211093,XGBoost
9500-WBGRP,0.00020079364,Low,0.0038351585593773053,2026-03-30 22:18:27.211093,XGBoost
9501-UKKNL,0.0010437116,Low,0.05395988745149225,2026-03-30 22:18:27.211093,XGBoost
9503-XJUME,0.00021777955,Low,0.004279368237621383,2026-03-30 22:18:27.211093,XGBoost
9504-DSHWM,0.0009026638,Low,0.05343769695609808,2026-03-30 22:18:27.211093,XGBoost
9504-YAZWB,0.013104554,Low,0.26536722388118505,2026-03-30 22:18:27.211093,XGBoost
9505-SQFSW,0.60554475,Medium,24.40345326066017,2026-03-30 22:18:27.211093,XGBoost
9506-UXUSK,0.0008092221,Low,0.05676693105488085,2026-03-30 22:18:27.211093,XGBoost
9507-EXLTT,0.9272305,High,73.57573837637901,2026-03-30 22:18:27.211093,XGBoost
9507-HSMMZ,0.00042610912,Low,0.008522182470187545,2026-03-30 22:18:27.211093,XGBoost
9508-ILZDG,0.0016052413,Low,0.1546650018193759,2026-03-30 22:18:27.211093,XGBoost
9509-MPYOD,0.025298761,Low,0.5249492949806154,2026-03-30 22:18:27.211093,XGBoost
9512-PHSMG,0.0951319,Low,1.954960471764207,2026-03-30 22:18:27.211093,XGBoost
9512-UIBFX,0.5400797,Medium,51.38858467936516,2026-03-30 22:18:27.211093,XGBoost
9513-DXHDA,0.0006172895,Low,0.050432552822167055,2026-03-30 22:18:27.211093,XGBoost
9514-JDSKI,0.8582153,High,34.50025395154953,2026-03-30 22:18:27.211093,XGBoost
9518-IMLHK,0.1823319,Low,13.209946500509977,2026-03-30 22:18:27.211093,XGBoost
9518-RWHZL,0.3997076,Low,39.9907439365983,2026-03-30 22:18:27.211093,XGBoost
9518-XXBXE,0.0015765197,Low,0.11871193248080089,2026-03-30 22:18:27.211093,XGBoost
9522-BNTHX,0.00071628933,Low,0.04029127485409845,2026-03-30 22:18:27.211093,XGBoost
9522-ZSINC,0.00037963584,Low,0.007573734928155318,2026-03-30 22:18:27.211093,XGBoost
9524-EGPJC,0.52312475,Medium,47.1335403740406,2026-03-30 22:18:27.211093,XGBoost
9526-BIHHD,0.56466204,Medium,16.77046256661415,2026-03-30 22:18:27.211093,XGBoost
9526-JAWYF,0.5854082,Medium,52.56965732574463,2026-03-30 22:18:27.211093,XGBoost
9529-OFXHY,0.001444381,Low,0.12674442952265963,2026-03-30 22:18:27.211093,XGBoost
9530-EHPOH,0.99669755,High,53.57249304652214,2026-03-30 22:18:27.211093,XGBoost
9530-GRMJG,0.00020633018,Low,0.01735236813256051,2026-03-30 22:18:27.211093,XGBoost
9531-NSBMR,0.026581766,Low,0.5116989971138537,2026-03-30 22:18:27.211093,XGBoost
9534-NSXEM,0.017944433,Low,0.37055253721773623,2026-03-30 22:18:27.211093,XGBoost
9537-JALFH,0.00019516751,Low,0.003883833401778247,2026-03-30 22:18:27.211093,XGBoost
9537-VHDTA,0.00116065,Low,0.05942528247833252,2026-03-30 22:18:27.211093,XGBoost
9540-JYROE,0.43188688,Medium,30.275270399451255,2026-03-30 22:18:27.211093,XGBoost
9541-PWTWO,0.00025501323,Low,0.020643321290845052,2026-03-30 22:18:27.211093,XGBoost
9541-ZPSEA,0.00021641422,Low,0.017388882627710697,2026-03-30 22:18:27.211093,XGBoost
9544-PYPSJ,0.00042020733,Low,0.04038192463922314,2026-03-30 22:18:27.211093,XGBoost
9546-CQJSU,0.9257724,High,84.6155999660492,2026-03-30 22:18:27.211093,XGBoost
9546-KDTRB,0.00059128273,Low,0.014604683499783278,2026-03-30 22:18:27.211093,XGBoost
9547-ITEFG,0.001269463,Low,0.13024690216407178,2026-03-30 22:18:27.211093,XGBoost
9548-LERKT,0.00023901525,Low,0.004720551212813007,2026-03-30 22:18:27.211093,XGBoost
9548-LIGTA,0.00030179662,Low,0.02446061627852032,2026-03-30 22:18:27.211093,XGBoost
9548-ZMVTX,0.00013327632,Low,0.012054843181249454,2026-03-30 22:18:27.211093,XGBoost
9552-TGUZV,0.6933712,Medium,52.002838253974915,2026-03-30 22:18:27.211093,XGBoost
9553-DLCLU,0.0004736335,Low,0.04212969945656369,2026-03-30 22:18:27.211093,XGBoost
9554-DFKIC,0.000371639,Low,0.020235743855300827,2026-03-30 22:18:27.211093,XGBoost
9555-SAHUZ,0.0004746642,Low,0.025869199336739257,2026-03-30 22:18:27.211093,XGBoost
9558-IHEZX,0.00044611117,Low,0.04762236713577295,2026-03-30 22:18:27.211093,XGBoost
9560-ARGQJ,0.9975158,High,80.79877960681915,2026-03-30 22:18:27.211093,XGBoost
9560-BBZXK,0.00037846345,Low,0.011751290010579396,2026-03-30 22:18:27.211093,XGBoost
9564-KCLHR,0.9975696,High,51.12544305622578,2026-03-30 22:18:27.211093,XGBoost
9565-AXSMR,0.008783886,Low,0.1686506152153015,2026-03-30 22:18:27.211093,XGBoost
9565-DJPIB,0.99866474,High,89.48036041259765,2026-03-30 22:18:27.211093,XGBoost
9565-FLVCG,0.045830507,Low,3.187511750124395,2026-03-30 22:18:27.211093,XGBoost
9565-JSNFM,0.9946884,High,70.07579719424248,2026-03-30 22:18:27.211093,XGBoost
9570-KYEUA,0.00035632105,Low,0.03536486405937467,2026-03-30 22:18:27.211093,XGBoost
9571-EDEBV,0.00038077484,Low,0.03756343831191771,2026-03-30 22:18:27.211093,XGBoost
9572-MTILT,0.9980398,High,106.54074673354626,2026-03-30 22:18:27.211093,XGBoost
9572-WUKSB,0.0019259545,Low,0.0575860389159061,2026-03-30 22:18:27.211093,XGBoost
9574-BOSMD,0.006493645,Low,0.16493857763707637,2026-03-30 22:18:27.211093,XGBoost
9574-RKJIF,0.84156156,High,79.44341087341309,2026-03-30 22:18:27.211093,XGBoost
9575-IWCAZ,0.0005812152,Low,0.014588501368416475,2026-03-30 22:18:27.211093,XGBoost
9576-ANLXO,0.99750394,High,69.37639876902104,2026-03-30 22:18:27.211093,XGBoost
9576-SYUHJ,0.0007583708,Low,0.06912549769331236,2026-03-30 22:18:27.211093,XGBoost
9577-WJVCQ,0.0004378051,Low,0.02383848818280967,2026-03-30 22:18:27.211093,XGBoost
9578-FOMUK,0.00062662706,Low,0.015540351206436754,2026-03-30 22:18:27.211093,XGBoost
9578-VRMNM,0.4213488,Medium,27.47194242477417,2026-03-30 22:18:27.211093,XGBoost
9581-GVBXT,0.00030243373,Low,0.010524693969637155,2026-03-30 22:18:27.211093,XGBoost
9584-EXCDZ,0.0010461076,Low,0.0737505869474262,2026-03-30 22:18:27.211093,XGBoost
9585-KKMFD,0.00015834259,Low,0.003166851820424199,2026-03-30 22:18:27.211093,XGBoost
9586-JGQKH,0.00046993754,Low,0.04953141695004888,2026-03-30 22:18:27.211093,XGBoost
9588-OZDMQ,0.0017417952,Low,0.0783807848347351,2026-03-30 22:18:27.211093,XGBoost
9588-YRFHY,0.019369602,Low,0.38545508384704585,2026-03-30 22:18:27.211093,XGBoost
9589-ABEPT,0.00052440114,Low,0.048480885472963565,2026-03-30 22:18:27.211093,XGBoost
9591-YVTEB,0.0007143847,Low,0.03204015459632501,2026-03-30 22:18:27.211093,XGBoost
9592-ERDKV,0.29405966,Low,23.304228372871876,2026-03-30 22:18:27.211093,XGBoost
9593-CVZKR,0.0001957639,Low,0.004786427436192752,2026-03-30 22:18:27.211093,XGBoost
9600-NAXZN,0.59892404,Medium,60.73089773654938,2026-03-30 22:18:27.211093,XGBoost
9600-UDOPK,0.5130662,Medium,48.253873533010484,2026-03-30 22:18:27.211093,XGBoost
9601-BRXPO,0.7460962,High,78.30279553830624,2026-03-30 22:18:27.211093,XGBoost
9602-WCXPI,0.0003806041,Low,0.007669172440364491,2026-03-30 22:18:27.211093,XGBoost
9603-OAIHC,0.0031572538,Low,0.22116563168819992,2026-03-30 22:18:27.211093,XGBoost
9605-WGJVW,0.0036269545,Low,0.2546122065279633,2026-03-30 22:18:27.211093,XGBoost
9606-PBKBQ,0.9981573,High,84.84337240457535,2026-03-30 22:18:27.211093,XGBoost
9609-BENEA,0.00076420826,Low,0.05273037019651383,2026-03-30 22:18:27.211093,XGBoost
9610-WCESF,0.0008296781,Low,0.03642286802059971,2026-03-30 22:18:27.211093,XGBoost
9611-CTWIH,0.9985476,High,89.3200840383768,2026-03-30 22:18:27.211093,XGBoost
9614-RMGHA,0.99696237,High,91.57099354565143,2026-03-30 22:18:27.211093,XGBoost
9617-INGJY,0.0023999836,Low,0.16943884096108375,2026-03-30 22:18:27.211093,XGBoost
9617-UDPEU,0.00028301994,Low,0.005448133793834131,2026-03-30 22:18:27.211093,XGBoost
9618-LFJRU,0.0006844146,Low,0.013996278218110092,2026-03-30 22:18:27.211093,XGBoost
9619-GSATL,0.0004651419,Low,0.025792118374374697,2026-03-30 22:18:27.211093,XGBoost
9620-ENEJV,0.0010350839,Low,0.07302516915951855,2026-03-30 22:18:27.211093,XGBoost
9620-QJREV,0.00023427763,Low,0.004814405253273435,2026-03-30 22:18:27.211093,XGBoost
9621-OUPYD,0.00043472828,Low,0.008781511278357357,2026-03-30 22:18:27.211093,XGBoost
9624-EGDEQ,0.00025802388,Low,0.005108872818527743,2026-03-30 22:18:27.211093,XGBoost
9625-QNLUX,0.0005177206,Low,0.05345465085702017,2026-03-30 22:18:27.211093,XGBoost
9625-QSTYE,0.5728828,Medium,46.48943690657616,2026-03-30 22:18:27.211093,XGBoost
9625-RZFUK,0.00017255313,Low,0.0033992967175436204,2026-03-30 22:18:27.211093,XGBoost
9626-VFRGG,0.00045479494,Low,0.04024935180495959,2026-03-30 22:18:27.211093,XGBoost
9626-WEQRM,0.25427303,Low,7.412058742344379,2026-03-30 22:18:27.211093,XGBoost
9629-NHXFW,0.39611334,Low,7.6845987200737,2026-03-30 22:18:27.211093,XGBoost
9631-RXVJM,0.014874099,Low,0.28632640233263373,2026-03-30 22:18:27.211093,XGBoost
9631-XEYKE,0.0012697121,Low,0.06399349048733712,2026-03-30 22:18:27.211093,XGBoost
9633-DENPU,0.0013690392,Low,0.08022569587919862,2026-03-30 22:18:27.211093,XGBoost
9633-XQABV,0.001479513,Low,0.10393578908406198,2026-03-30 22:18:27.211093,XGBoost
9637-CDTKZ,0.00031702817,Low,0.03617291427508462,2026-03-30 22:18:27.211093,XGBoost
9637-EIHEQ,0.8789904,High,44.652712917327875,2026-03-30 22:18:27.211093,XGBoost
9638-JIQYA,0.001354168,Low,0.033718784514348954,2026-03-30 22:18:27.211093,XGBoost
9639-BUJXT,0.0003344013,Low,0.006855226543848403,2026-03-30 22:18:27.211093,XGBoost
9640-ZSLDC,0.00021197609,Low,0.012845751066925004,2026-03-30 22:18:27.211093,XGBoost
9643-AVVWI,0.5782541,Medium,46.26032829284668,2026-03-30 22:18:27.211093,XGBoost
9643-YBLUR,0.0011327616,Low,0.07821718805935234,2026-03-30 22:18:27.211093,XGBoost
9644-KVCNC,0.10344902,Low,9.532826898992063,2026-03-30 22:18:27.211093,XGBoost
9644-UMGQA,0.00072505965,Low,0.03563668197602965,2026-03-30 22:18:27.211093,XGBoost
9646-NMHXE,0.02060945,Low,0.4049756845459342,2026-03-30 22:18:27.211093,XGBoost
9647-ERGBE,0.99864227,High,99.91415869295597,2026-03-30 22:18:27.211093,XGBoost
9648-BCHKM,0.014700333,Low,0.3623631999827921,2026-03-30 22:18:27.211093,XGBoost
9650-VBUOG,0.007052737,Low,0.17667105740401895,2026-03-30 22:18:27.211093,XGBoost
9651-GTSAQ,0.99772614,High,105.85874370932578,2026-03-30 22:18:27.211093,XGBoost
9658-WYUFB,0.76757896,High,72.45945377349854,2026-03-30 22:18:27.211093,XGBoost
9659-QEQSY,0.2269592,Low,26.24783133119345,2026-03-30 22:18:27.211093,XGBoost
9659-ZTWSM,0.0013960093,Low,0.14986160364351234,2026-03-30 22:18:27.211093,XGBoost
9661-ACXBS,0.99833775,High,105.02513084411622,2026-03-30 22:18:27.211093,XGBoost
9661-JALZV,0.00025526257,Low,0.0063049853924894705,2026-03-30 22:18:27.211093,XGBoost
9661-MHUMO,0.99800676,High,49.15183298289776,2026-03-30 22:18:27.211093,XGBoost
9667-EQRXU,0.99534047,High,40.11222079992294,2026-03-30 22:18:27.211093,XGBoost
9667-TKTVZ,0.5836502,Medium,31.721386834979057,2026-03-30 22:18:27.211093,XGBoost
9668-PUGNU,0.00035924604,Low,0.008801528019830585,2026-03-30 22:18:27.211093,XGBoost
9670-BPNXF,0.1678359,Low,10.498135929554701,2026-03-30 22:18:27.211093,XGBoost
9674-EHPPG,0.00036529943,Low,0.014758097159210592,2026-03-30 22:18:27.211093,XGBoost
9675-ICXCT,0.045515757,Low,3.6776731699705123,2026-03-30 22:18:27.211093,XGBoost
9677-AVKED,0.0003208484,Low,0.027143774443538857,2026-03-30 22:18:27.211093,XGBoost
9680-NIAUV,0.06120961,Low,6.714694391936064,2026-03-30 22:18:27.211093,XGBoost
9681-KYGYB,0.001170873,Low,0.1032709936145693,2026-03-30 22:18:27.211093,XGBoost
9681-OXGVC,0.9990287,High,100.4023826122284,2026-03-30 22:18:27.211093,XGBoost
9685-WKZGT,0.6992609,Medium,52.409603741765025,2026-03-30 22:18:27.211093,XGBoost
9688-YGXVR,0.00089919794,Low,0.07926429851504509,2026-03-30 22:18:27.211093,XGBoost
9689-PTNPG,0.8442822,High,67.75364734232426,2026-03-30 22:18:27.211093,XGBoost
9691-HKOVS,0.19790855,Low,17.84145582765341,2026-03-30 22:18:27.211093,XGBoost
9692-TUSXH,0.9985429,High,95.91004601120949,2026-03-30 22:18:27.211093,XGBoost
9693-XMUOB,0.0010757487,Low,0.054056372347986326,2026-03-30 22:18:27.211093,XGBoost
9695-IDRZR,0.00029440367,Low,0.03419498601433588,2026-03-30 22:18:27.211093,XGBoost
9696-RMYBA,0.0013955176,Low,0.11178096063667907,2026-03-30 22:18:27.211093,XGBoost
9699-UBQFS,0.0014056192,Low,0.13283101451816037,2026-03-30 22:18:27.211093,XGBoost
9700-ISPUP,0.0006332449,Low,0.04147754269069992,2026-03-30 22:18:27.211093,XGBoost
9700-ZCLOT,0.13398668,Low,2.679733633995056,2026-03-30 22:18:27.211093,XGBoost
9701-CDXHR,0.0006847271,Low,0.04734887894592248,2026-03-30 22:18:27.211093,XGBoost
9702-AIUJO,0.00032888856,Low,0.01473420765250921,2026-03-30 22:18:27.211093,XGBoost
9705-IOVQQ,0.00034337872,Low,0.03399449333664961,2026-03-30 22:18:27.211093,XGBoost
9705-ZJBCG,0.00041940412,Low,0.02271073336014524,2026-03-30 22:18:27.211093,XGBoost
9708-HPXWZ,0.39749187,Low,18.046131002902985,2026-03-30 22:18:27.211093,XGBoost
9708-KFDBY,0.0015128916,Low,0.031089922646060586,2026-03-30 22:18:27.211093,XGBoost
9710-NJERN,0.00024726047,Low,0.00498229843651643,2026-03-30 22:18:27.211093,XGBoost
9710-ZUSHQ,0.9967315,High,106.40108972787857,2026-03-30 22:18:27.211093,XGBoost
9711-FJTBX,0.00022381506,Low,0.019214523139817172,2026-03-30 22:18:27.211093,XGBoost
9714-EDSUC,0.0017561979,Low,0.16666317969793454,2026-03-30 22:18:27.211093,XGBoost
9715-SBVSU,0.00023206204,Low,0.014248609292553737,2026-03-30 22:18:27.211093,XGBoost
9715-WZCLW,0.00018776089,Low,0.018250358349177986,2026-03-30 22:18:27.211093,XGBoost
9717-IOAAF,0.0001878155,Low,0.004855030719045317,2026-03-30 22:18:27.211093,XGBoost
9717-QEBGU,0.0015380117,Low,0.10812222328968346,2026-03-30 22:18:27.211093,XGBoost
9720-JJJOR,0.00069620175,Low,0.041980965557741,2026-03-30 22:18:27.211093,XGBoost
9722-UJOJR,0.6059706,Medium,42.87242144346237,2026-03-30 22:18:27.211093,XGBoost
9725-SCPZG,0.95375174,High,86.64834583699702,2026-03-30 22:18:27.211093,XGBoost
9728-FTTVZ,0.998949,High,69.12727019786836,2026-03-30 22:18:27.211093,XGBoost
9730-DRTMJ,0.106601894,Low,7.760617876052856,2026-03-30 22:18:27.211093,XGBoost
9732-EQMWY,0.0013323601,Low,0.13243659264408053,2026-03-30 22:18:27.211093,XGBoost
9732-KPKBW,0.9975253,High,53.81648857295514,2026-03-30 22:18:27.211093,XGBoost
9732-OUYRN,0.00030759317,Low,0.005844270315719768,2026-03-30 22:18:27.211093,XGBoost
9734-UYXQI,0.9981773,High,49.309958124160765,2026-03-30 22:18:27.211093,XGBoost
9734-YWGEX,0.9987447,High,98.17660658359527,2026-03-30 22:18:27.211093,XGBoost
9738-QLWTP,0.0006824957,Low,0.05589639857062139,2026-03-30 22:18:27.211093,XGBoost
9739-JLPQJ,0.00018678345,Low,0.021947055465716403,2026-03-30 22:18:27.211093,XGBoost
9741-YLNTD,0.0015583668,Low,0.13705836126464419,2026-03-30 22:18:27.211093,XGBoost
9742-XOKTS,0.025307752,Low,2.266309208795428,2026-03-30 22:18:27.211093,XGBoost
9743-DQKQW,0.001482728,Low,0.03721647415077314,2026-03-30 22:18:27.211093,XGBoost
9746-MDMBK,0.00031030743,Low,0.03520437757542823,2026-03-30 22:18:27.211093,XGBoost
9746-UGFAC,0.033506986,Low,0.6986206529662013,2026-03-30 22:18:27.211093,XGBoost
9746-YKGXB,0.00041065254,Low,0.018171375108067878,2026-03-30 22:18:27.211093,XGBoost
9747-DDZOS,0.8956766,High,65.83223104476929,2026-03-30 22:18:27.211093,XGBoost
9750-BOOHV,0.00038361055,Low,0.011565857965615578,2026-03-30 22:18:27.211093,XGBoost
9752-ZNQUT,0.0021992559,Low,0.10688383486121893,2026-03-30 22:18:27.211093,XGBoost
9753-OYLBX,0.001861031,Low,0.038151136541273445,2026-03-30 22:18:27.211093,XGBoost
9754-CLVZW,0.0004046516,Low,0.01572071453992976,2026-03-30 22:18:27.211093,XGBoost
9755-JHNMN,0.05412192,Low,3.6478173390030864,2026-03-30 22:18:27.211093,XGBoost
9758-MFWGD,0.0002789374,Low,0.008340228185988962,2026-03-30 22:18:27.211093,XGBoost
9761-XUJWD,0.586323,Medium,38.46279029846191,2026-03-30 22:18:27.211093,XGBoost
9762-YAQAA,0.0005607033,Low,0.04564124698517844,2026-03-30 22:18:27.211093,XGBoost
9763-GRSKD,0.112537675,Low,5.621256846562028,2026-03-30 22:18:27.211093,XGBoost
9763-PDTKK,0.80188334,High,75.69778728485107,2026-03-30 22:18:27.211093,XGBoost
9764-REAFF,0.00039966303,Low,0.007353799673728644,2026-03-30 22:18:27.211093,XGBoost
9766-HGEDE,0.031546723,Low,0.61042909193784,2026-03-30 22:18:27.211093,XGBoost
9767-FFLEM,0.0007293733,Low,0.050691444834228605,2026-03-30 22:18:27.211093,XGBoost
9769-TSBZE,0.008627302,Low,0.5694019328802824,2026-03-30 22:18:27.211093,XGBoost
9770-KXGQU,0.00065449043,Low,0.06453275657258928,2026-03-30 22:18:27.211093,XGBoost
9770-LXDBK,0.0011309066,Low,0.023070495296269655,2026-03-30 22:18:27.211093,XGBoost
9773-PEQBZ,0.5050115,Medium,40.32516818940639,2026-03-30 22:18:27.211093,XGBoost
9774-NRNAU,0.5568553,Medium,47.22133121490479,2026-03-30 22:18:27.211093,XGBoost
9776-CLUJA,0.9975079,High,77.30686455965042,2026-03-30 22:18:27.211093,XGBoost
9776-OJUZI,0.0008986151,Low,0.08577281204634346,2026-03-30 22:18:27.211093,XGBoost
9777-IQHWP,0.00020619782,Low,0.019258875987725334,2026-03-30 22:18:27.211093,XGBoost
9777-WJJPR,0.001014948,Low,0.0899751408782322,2026-03-30 22:18:27.211093,XGBoost
9778-OGKQZ,0.00020500201,Low,0.01886018511140719,2026-03-30 22:18:27.211093,XGBoost
9779-DPNEJ,0.0005765788,Low,0.046212789148557934,2026-03-30 22:18:27.211093,XGBoost
9780-FKVVF,0.30334112,Low,17.9426272764802,2026-03-30 22:18:27.211093,XGBoost
9782-LGXMC,0.00034909413,Low,0.021556562576733995,2026-03-30 22:18:27.211093,XGBoost
9786-IJYDL,0.04464621,Low,5.053951081633568,2026-03-30 22:18:27.211093,XGBoost
9786-YWNHU,0.00014871491,Low,0.009450832717266166,2026-03-30 22:18:27.211093,XGBoost
9787-XVQIU,0.999074,High,75.23027086257935,2026-03-30 22:18:27.211093,XGBoost
9788-HNGUT,0.061327837,Low,7.172290584817529,2026-03-30 22:18:27.211093,XGBoost
9788-YTFGE,0.00045897745,Low,0.009156600070127752,2026-03-30 22:18:27.211093,XGBoost
9793-WECQC,0.6026431,Medium,57.43188481926918,2026-03-30 22:18:27.211093,XGBoost
9795-NREXC,0.0003389885,Low,0.028814022080041468,2026-03-30 22:18:27.211093,XGBoost
9795-SHUHB,0.0387897,Low,2.257560581713915,2026-03-30 22:18:27.211093,XGBoost
9795-VOWON,0.0006308078,Low,0.015360169243649581,2026-03-30 22:18:27.211093,XGBoost
9796-BPKIW,0.0009927606,Low,0.0694436070683878,2026-03-30 22:18:27.211093,XGBoost
9796-MVYXX,0.00033401005,Low,0.013260199065553025,2026-03-30 22:18:27.211093,XGBoost
9798-DRYDS,0.00072005566,Low,0.04460744797834195,2026-03-30 22:18:27.211093,XGBoost
9798-OPFEM,0.00037156284,Low,0.007839975942624734,2026-03-30 22:18:27.211093,XGBoost
9799-CAYJJ,0.002788197,Low,0.19322205323260278,2026-03-30 22:18:27.211093,XGBoost
9800-ONTFE,0.0003947865,Low,0.029924817028222604,2026-03-30 22:18:27.211093,XGBoost
9800-OUIGR,0.0057802545,Low,0.11560508981347084,2026-03-30 22:18:27.211093,XGBoost
9801-GDWGV,0.9980147,High,103.24461952447892,2026-03-30 22:18:27.211093,XGBoost
9801-NOSHQ,0.00017437682,Low,0.003452661086339504,2026-03-30 22:18:27.211093,XGBoost
9802-CAQUT,0.000171041,Low,0.018737541517475618,2026-03-30 22:18:27.211093,XGBoost
9803-FTJCG,0.00039267802,Low,0.02625052557850722,2026-03-30 22:18:27.211093,XGBoost
9804-ICWBG,0.9988732,High,69.82123487591744,2026-03-30 22:18:27.211093,XGBoost
9805-FILKB,0.036385,Low,0.7349769949913024,2026-03-30 22:18:27.211093,XGBoost
9809-IMGCQ,0.99843925,High,96.549075704813,2026-03-30 22:18:27.211093,XGBoost
9812-GHVRI,0.0010401461,Low,0.0872162508254405,2026-03-30 22:18:27.211093,XGBoost
9814-AOUDH,0.00034221073,Low,0.006673109150142409,2026-03-30 22:18:27.211093,XGBoost
9817-APLHW,0.0009855194,Low,0.024637984461151063,2026-03-30 22:18:27.211093,XGBoost
9818-XQCUV,0.0012189704,Low,0.024806047626771036,2026-03-30 22:18:27.211093,XGBoost
9819-FBNSV,0.0010148991,Low,0.07332646092982031,2026-03-30 22:18:27.211093,XGBoost
9820-RMCQV,0.9955309,High,48.333025357127184,2026-03-30 22:18:27.211093,XGBoost
9821-BESNZ,0.0013510231,Low,0.14084415743127465,2026-03-30 22:18:27.211093,XGBoost
9821-POOTN,0.9977398,High,75.03003234863282,2026-03-30 22:18:27.211093,XGBoost
9822-BIIGN,0.0003306334,Low,0.02375600953964749,2026-03-30 22:18:27.211093,XGBoost
9822-OAOVB,0.0027726446,Low,0.15374314461369068,2026-03-30 22:18:27.211093,XGBoost
9822-WMWVG,0.4140261,Medium,44.09378086030483,2026-03-30 22:18:27.211093,XGBoost
9823-EALYC,0.00015295972,Low,0.012366793456021695,2026-03-30 22:18:27.211093,XGBoost
9824-BEMCV,0.6544103,Medium,45.15431088209152,2026-03-30 22:18:27.211093,XGBoost
9824-QCJPK,0.00034631154,Low,0.006926230853423476,2026-03-30 22:18:27.211093,XGBoost
9825-YCXWZ,0.0012725239,Low,0.12865216549253092,2026-03-30 22:18:27.211093,XGBoost
9828-AOQLM,0.99749905,High,45.58570652604104,2026-03-30 22:18:27.211093,XGBoost
9828-QHFBK,0.00044479652,Low,0.022751341917319222,2026-03-30 22:18:27.211093,XGBoost
9830-ECLEN,0.00031346997,Low,0.015673498273827136,2026-03-30 22:18:27.211093,XGBoost
9831-BPFRI,0.31469917,Low,28.18131093978882,2026-03-30 22:18:27.211093,XGBoost
9833-TGFHX,0.35413688,Low,34.38669145703316,2026-03-30 22:18:27.211093,XGBoost
9835-ZIITK,0.4284353,Medium,47.49205254167318,2026-03-30 22:18:27.211093,XGBoost
9837-BMCLM,0.78599155,High,61.70033663511276,2026-03-30 22:18:27.211093,XGBoost
9837-FWLCH,0.10763856,Low,2.066660356521606,2026-03-30 22:18:27.211093,XGBoost
9838-BFCQT,0.00014334856,Low,0.003741397403064184,2026-03-30 22:18:27.211093,XGBoost
9839-ETQOE,0.0862157,Low,3.487424952909351,2026-03-30 22:18:27.211093,XGBoost
9840-DVNDC,0.99698347,High,80.25716921687126,2026-03-30 22:18:27.211093,XGBoost
9840-EFJQB,0.8278539,High,61.550938808918,2026-03-30 22:18:27.211093,XGBoost
9842-EFSYY,0.00076764676,Low,0.04390939495060593,2026-03-30 22:18:27.211093,XGBoost
9844-FELAJ,0.0005897049,Low,0.06362915846402757,2026-03-30 22:18:27.211093,XGBoost
9845-PEEKO,0.00034406115,Low,0.02724964285735041,2026-03-30 22:18:27.211093,XGBoost
9845-QOMAD,0.00022220417,Low,0.004388532273878809,2026-03-30 22:18:27.211093,XGBoost
9846-GKXAS,0.75449866,High,68.50847837924957,2026-03-30 22:18:27.211093,XGBoost
9847-HNVGP,0.017880062,Low,0.356707229744643,2026-03-30 22:18:27.211093,XGBoost
9848-JQJTX,0.00051219616,Low,0.05168059239513241,2026-03-30 22:18:27.211093,XGBoost
9850-OWRHQ,0.8583116,High,63.60088908076286,2026-03-30 22:18:27.211093,XGBoost
9851-KIELU,0.39183545,Low,43.14108316898346,2026-03-30 22:18:27.211093,XGBoost
9851-QXEEQ,0.9978004,High,104.4697029054165,2026-03-30 22:18:27.211093,XGBoost
9853-JFZDU,0.001133582,Low,0.06444413514691405,2026-03-30 22:18:27.211093,XGBoost
9860-LISIZ,0.051697664,Low,1.0520474616438151,2026-03-30 22:18:27.211093,XGBoost
9861-PDSZP,0.00039044302,Low,0.04218736826442182,2026-03-30 22:18:27.211093,XGBoost
9862-KJTYK,0.04625846,Low,1.1726519795134664,2026-03-30 22:18:27.211093,XGBoost
9863-JZAIC,0.9948356,High,54.71595883369446,2026-03-30 22:18:27.211093,XGBoost
9866-OCCKE,0.00039924163,Low,0.04381676904449705,2026-03-30 22:18:27.211093,XGBoost
9866-QEVEE,0.9954169,High,85.60585165023804,2026-03-30 22:18:27.211093,XGBoost
9867-JCZSP,0.0003428171,Low,0.007113454907084815,2026-03-30 22:18:27.211093,XGBoost
9867-NNXLC,0.0005837915,Low,0.011705020040972158,2026-03-30 22:18:27.211093,XGBoost
9867-XOBQA,0.00022787724,Low,0.01211167554356507,2026-03-30 22:18:27.211093,XGBoost
9871-ELEYA,0.00029120926,Low,0.01970030647062231,2026-03-30 22:18:27.211093,XGBoost
9873-MNDKV,0.00071020186,Low,0.03171051292156335,2026-03-30 22:18:27.211093,XGBoost
9874-QLCLH,0.83160824,High,86.65357817411423,2026-03-30 22:18:27.211093,XGBoost
9878-TNQGW,0.80801064,High,65.40846112668514,2026-03-30 22:18:27.211093,XGBoost
9880-TDQAC,0.0003179726,Low,0.01907835539896041,2026-03-30 22:18:27.211093,XGBoost
9881-VCZEP,0.00082598755,Low,0.04468592627672479,2026-03-30 22:18:27.211093,XGBoost
9885-AIBVB,0.6145823,Medium,52.73116135597229,2026-03-30 22:18:27.211093,XGBoost
9885-CSMWE,0.9599311,High,75.3065928786993,2026-03-30 22:18:27.211093,XGBoost
9885-MFVSU,0.00029017744,Low,0.013449724453676027,2026-03-30 22:18:27.211093,XGBoost
9888-ZCUMM,0.0074238386,Low,0.44580150796100493,2026-03-30 22:18:27.211093,XGBoost
9889-TMAHG,0.9209533,High,92.37161335945129,2026-03-30 22:18:27.211093,XGBoost
9891-NQDBD,0.00032493979,Low,0.008302211508271285,2026-03-30 22:18:27.211093,XGBoost
9894-EZEWG,0.91605014,High,68.06252511143684,2026-03-30 22:18:27.211093,XGBoost
9894-QMIMJ,0.00049700076,Low,0.027732642274349927,2026-03-30 22:18:27.211093,XGBoost
9895-VFOXH,0.0024115762,Low,0.058842459786683315,2026-03-30 22:18:27.211093,XGBoost
9896-UYMIE,0.0007090079,Low,0.08103960315347648,2026-03-30 22:18:27.211093,XGBoost
9897-KXHCM,0.8040345,High,64.56396806240082,2026-03-30 22:18:27.211093,XGBoost
9898-KZQDZ,0.99796665,High,94.3577464878559,2026-03-30 22:18:27.211093,XGBoost
9903-LYSAB,0.46198565,Medium,33.79425012767315,2026-03-30 22:18:27.211093,XGBoost
9904-EHEVJ,0.0011676368,Low,0.10666362445335835,2026-03-30 22:18:27.211093,XGBoost
9906-NHHVC,0.06639797,Low,3.5522915236651897,2026-03-30 22:18:27.211093,XGBoost
9907-SWKKF,0.8693886,High,21.778183937072754,2026-03-30 22:18:27.211093,XGBoost
9909-DFRJA,0.0008168751,Low,0.07829747633950318,2026-03-30 22:18:27.211093,XGBoost
9909-IDLEK,0.0004371183,Low,0.04231305024586618,2026-03-30 22:18:27.211093,XGBoost
9912-GVSEQ,0.99874383,High,93.732108643651,2026-03-30 22:18:27.211093,XGBoost
9912-OMZDS,0.00030237722,Low,0.03209734138508793,2026-03-30 22:18:27.211093,XGBoost
9916-AYHTC,0.00023732462,Low,0.004710893792798743,2026-03-30 22:18:27.211093,XGBoost
9917-KWRBE,0.0010626485,Low,0.08325850897817871,2026-03-30 22:18:27.211093,XGBoost
9919-FZDED,0.00022027573,Low,0.01852518901141593,2026-03-30 22:18:27.211093,XGBoost
9919-KNPOO,0.0020930227,Low,0.19737203959375618,2026-03-30 22:18:27.211093,XGBoost
9919-YLNNG,0.0013395579,Low,0.13904611312318593,2026-03-30 22:18:27.211093,XGBoost
9921-EZKBY,0.000648478,Low,0.0617999522422906,2026-03-30 22:18:27.211093,XGBoost
9921-QFQUL,0.0014046778,Low,0.1266316992114298,2026-03-30 22:18:27.211093,XGBoost
9921-ZVRHG,0.99779665,High,80.27274087071419,2026-03-30 22:18:27.211093,XGBoost
9924-JPRMC,0.00037217437,Low,0.043991010601166634,2026-03-30 22:18:27.211093,XGBoost
9926-PJHDQ,0.00022783161,Low,0.017497467622160912,2026-03-30 22:18:27.211093,XGBoost
9927-DSWDF,0.7365944,High,77.04777203798294,2026-03-30 22:18:27.211093,XGBoost
9928-BZVLZ,0.00033210492,Low,0.016555430027074183,2026-03-30 22:18:27.211093,XGBoost
9929-PLVPA,0.13095401,Low,2.6714618504047394,2026-03-30 22:18:27.211093,XGBoost
9931-DCEZH,0.013645561,Low,0.7423185408115387,2026-03-30 22:18:27.211093,XGBoost
9931-KGHOA,0.0010097057,Low,0.05553381401114166,2026-03-30 22:18:27.211093,XGBoost
9932-WBWIK,0.0007234659,Low,0.01472253163228743,2026-03-30 22:18:27.211093,XGBoost
9933-QRGTX,0.0004892085,Low,0.04755106600932777,2026-03-30 22:18:27.211093,XGBoost
9938-EKRGF,0.0011605468,Low,0.09800817624782213,2026-03-30 22:18:27.211093,XGBoost
9938-PRCVK,0.0002579855,Low,0.0050823141878936435,2026-03-30 22:18:27.211093,XGBoost
9938-TKDGL,0.0002720747,Low,0.027085037808865307,2026-03-30 22:18:27.211093,XGBoost
9938-ZREHM,0.0011736416,Low,0.08461956289829686,2026-03-30 22:18:27.211093,XGBoost
9940-HPQPG,0.99898976,High,91.65731056034565,2026-03-30 22:18:27.211093,XGBoost
9940-RHLFB,0.9513436,High,71.63617277741432,2026-03-30 22:18:27.211093,XGBoost
9943-VSZUV,0.00045818646,Low,0.03468471526575741,2026-03-30 22:18:27.211093,XGBoost
9944-AEXBM,0.0012056378,Low,0.10326287912903354,2026-03-30 22:18:27.211093,XGBoost
9944-HKVVB,0.8294793,High,78.88347925543785,2026-03-30 22:18:27.211093,XGBoost
9945-PSVIP,0.00018091698,Low,0.003383147472050041,2026-03-30 22:18:27.211093,XGBoost
9947-OTFQU,0.9976173,High,74.22272744178773,2026-03-30 22:18:27.211093,XGBoost
9948-YPTDG,0.9983942,High,79.32241849601269,2026-03-30 22:18:27.211093,XGBoost
9950-MTGYX,0.0059580095,Low,0.12094759307801724,2026-03-30 22:18:27.211093,XGBoost
9953-ZMKSM,0.010837836,Low,0.2736553638242185,2026-03-30 22:18:27.211093,XGBoost
9955-QOPOY,0.0003636145,Low,0.022107761446386574,2026-03-30 22:18:27.211093,XGBoost
9957-YODKZ,0.8407015,High,67.92868285179138,2026-03-30 22:18:27.211093,XGBoost
9958-MEKUC,0.00034775469,Low,0.036149099527392536,2026-03-30 22:18:27.211093,XGBoost
9959-WOFKT,0.09153223,Low,9.76648898124695,2026-03-30 22:18:27.211093,XGBoost
9961-JBNMK,0.997761,High,96.58326587677001,2026-03-30 22:18:27.211093,XGBoost
9962-BFPDU,0.0014372461,Low,0.028816784324590117,2026-03-30 22:18:27.211093,XGBoost
9964-WBQDJ,0.00023257216,Low,0.005674760654801502,2026-03-30 22:18:27.211093,XGBoost
9965-YOKZB,0.7772144,High,65.16942810416221,2026-03-30 22:18:27.211093,XGBoost
9967-ATRFS,0.00036060912,Low,0.0071761214785510665,2026-03-30 22:18:27.211093,XGBoost
9968-FFVVH,0.00027074182,Low,0.01862703701481223,2026-03-30 22:18:27.211093,XGBoost
9970-QBCDA,0.21855806,Low,4.305593745410442,2026-03-30 22:18:27.211093,XGBoost
9971-ZWPBF,0.00065763673,Low,0.07161663994775154,2026-03-30 22:18:27.211093,XGBoost
9972-EWRJS,0.00017343149,Low,0.0033385561146133114,2026-03-30 22:18:27.211093,XGBoost
9972-NKTFD,0.112668745,Low,6.157346926257014,2026-03-30 22:18:27.211093,XGBoost
9972-VAFJJ,0.29413474,Low,27.648665189743042,2026-03-30 22:18:27.211093,XGBoost
9974-JFBHQ,0.0005024344,Low,0.04981636922748294,2026-03-30 22:18:27.211093,XGBoost
9975-GPKZU,0.0001558872,Low,0.003078772253502393,2026-03-30 22:18:27.211093,XGBoost
9975-SKRNR,0.4424298,Medium,8.361923423409461,2026-03-30 22:18:27.211093,XGBoost
9978-HYCIN,0.026096895,Low,2.2169312588870524,2026-03-30 22:18:27.211093,XGBoost
9979-RGMZT,0.0013979751,Low,0.1314795617654454,2026-03-30 22:18:27.211093,XGBoost
9985-MWVIX,0.9989059,High,70.07324868440628,2026-03-30 22:18:27.211093,XGBoost
9986-BONCE,0.99585897,High,20.863245365023612,2026-03-30 22:18:27.211093,XGBoost
9987-LUTYD,0.0005760295,Low,0.03176802546076942,2026-03-30 22:18:27.211093,XGBoost
9992-RRAMN,0.7384877,High,62.84530501365661,2026-03-30 22:18:27.211093,XGBoost
9992-UJOEL,0.0009229792,Low,0.04642585400724783,2026-03-30 22:18:27.211093,XGBoost
9993-LHIEB,0.00022070059,Low,0.014974534972134277,2026-03-30 22:18:27.211093,XGBoost
9995-HOTOH,0.0003464471,Low,0.020440379390493035,2026-03-30 22:18:27.211093,XGBoost
