,customer_id,churn_probability,risk_segment,estimated_revenue_at_risk,predicted_on,model_name
0,0002-ORFBO,0.046142157,Low,3.026925510168075,2026-03-21 14:00:05.577934,XGBoost
1,0003-MKNFE,0.3487078,Low,20.887596929073332,2026-03-21 14:00:05.577934,XGBoost
2,0004-TLHLJ,0.8457218,High,62.49883963465691,2026-03-21 14:00:05.577934,XGBoost
3,0011-IGKFF,0.9998771,High,97.98795533180237,2026-03-21 14:00:05.577934,XGBoost
4,0013-EXCHZ,0.9451033,High,79.29416583776475,2026-03-21 14:00:05.577934,XGBoost
5,0013-MHZWF,0.00023357707,Low,0.01621024862979539,2026-03-21 14:00:05.577934,XGBoost
6,0013-SMEOE,4.9537022e-05,Low,0.005434211343890639,2026-03-21 14:00:05.577934,XGBoost
7,0014-BMAQU,0.00022896357,Low,0.019381766542937842,2026-03-21 14:00:05.577934,XGBoost
8,0015-UOCOJ,0.00043814623,Low,0.021118648524861783,2026-03-21 14:00:05.577934,XGBoost
9,0016-QLJIS,2.4121351e-05,Low,0.0021817762059981763,2026-03-21 14:00:05.577934,XGBoost
10,0017-DINOC,0.00030192552,Low,0.013647033669985832,2026-03-21 14:00:05.577934,XGBoost
11,0017-IUDMW,7.5180674e-06,Low,0.0008781102696957532,2026-03-21 14:00:05.577934,XGBoost
12,0018-NYROU,0.00030370566,Low,0.020940505219914484,2026-03-21 14:00:05.577934,XGBoost
13,0019-EFAEP,5.7607685e-05,Low,0.005835658535943367,2026-03-21 14:00:05.577934,XGBoost
14,0019-GFNTW,5.330302e-05,Low,0.0024013011212446144,2026-03-21 14:00:05.577934,XGBoost
15,0020-INWCK,3.9506235e-06,Low,0.00037827220228336955,2026-03-21 14:00:05.577934,XGBoost
16,0020-JDNXP,2.0612391e-05,Low,0.001262508972104115,2026-03-21 14:00:05.577934,XGBoost
17,0021-IKXGC,0.0015589976,Low,0.11240372349275275,2026-03-21 14:00:05.577934,XGBoost
18,0022-TCJCI,0.9989349,High,62.63321977257729,2026-03-21 14:00:05.577934,XGBoost
19,0023-HGHWL,0.9998005,High,25.094992631673815,2026-03-21 14:00:05.577934,XGBoost
20,0023-UYUPN,6.774602e-05,Low,0.0017071996873710305,2026-03-21 14:00:05.577934,XGBoost
21,0023-XUOPT,0.9701946,High,91.29530980587005,2026-03-21 14:00:05.577934,XGBoost
22,0027-KWYKW,0.1830257,Low,15.328402612358332,2026-03-21 14:00:05.577934,XGBoost
23,0030-FNXPP,0.00035684236,Low,0.0070833207719260835,2026-03-21 14:00:05.577934,XGBoost
24,0031-PVLZI,0.9992606,High,20.334953299164773,2026-03-21 14:00:05.577934,XGBoost
25,0032-PGELS,0.9447339,High,28.81438449025154,2026-03-21 14:00:05.577934,XGBoost
26,0036-IHMOT,0.005613189,Low,0.5820877190679312,2026-03-21 14:00:05.577934,XGBoost
27,0040-HALCW,0.00019393502,Low,0.003956274379743263,2026-03-21 14:00:05.577934,XGBoost
28,0042-JVWOJ,7.00924e-05,Low,0.0013738110254053028,2026-03-21 14:00:05.577934,XGBoost
29,0042-RLHYP,0.00048813276,Low,0.009616215416463092,2026-03-21 14:00:05.577934,XGBoost
30,0048-LUMLS,0.0001819494,Low,0.016593785863369705,2026-03-21 14:00:05.577934,XGBoost
31,0048-PIHNL,8.983452e-05,Low,0.0018371158723311965,2026-03-21 14:00:05.577934,XGBoost
32,0052-DCKON,0.00015142885,Low,0.017535460265935398,2026-03-21 14:00:05.577934,XGBoost
33,0052-YNYOT,0.00059883256,Low,0.012306009055464529,2026-03-21 14:00:05.577934,XGBoost
34,0056-EPFBG,2.8200575e-05,Low,0.0011111026506114285,2026-03-21 14:00:05.577934,XGBoost
35,0057-QBUQH,1.0850012e-05,Low,0.00027233529308432484,2026-03-21 14:00:05.577934,XGBoost
36,0058-EVZWM,0.00017860394,Low,0.016038633420248517,2026-03-21 14:00:05.577934,XGBoost
37,0060-FUALY,0.00024348416,Low,0.023070124065270647,2026-03-21 14:00:05.577934,XGBoost
38,0064-SUDOG,0.00021872285,Low,0.004440073913428932,2026-03-21 14:00:05.577934,XGBoost
39,0064-YIJGF,7.6672106e-05,Low,0.005807912024465622,2026-03-21 14:00:05.577934,XGBoost
40,0067-DKWBL,0.99942976,High,49.22191579639912,2026-03-21 14:00:05.577934,XGBoost
41,0068-FIGTF,1.892116e-05,Low,0.0014796347524679732,2026-03-21 14:00:05.577934,XGBoost
42,0071-NDAFP,0.0025493987,Low,0.06500966660678387,2026-03-21 14:00:05.577934,XGBoost
43,0074-HDKDG,0.0077393022,Low,0.47674101777374744,2026-03-21 14:00:05.577934,XGBoost
44,0076-LVEPS,0.010483262,Low,0.47174679581075907,2026-03-21 14:00:05.577934,XGBoost
45,0078-XZMHT,0.02877727,Low,2.4503845104016366,2026-03-21 14:00:05.577934,XGBoost
46,0080-EMYVY,0.00063514494,Low,0.03267820721666794,2026-03-21 14:00:05.577934,XGBoost
47,0080-OROZO,0.00030776215,Low,0.030545393521606456,2026-03-21 14:00:05.577934,XGBoost
48,0082-LDZUE,0.0010016126,Low,0.04437143962131813,2026-03-21 14:00:05.577934,XGBoost
49,0082-OQIQY,0.0004375604,Low,0.04121819005231373,2026-03-21 14:00:05.577934,XGBoost
50,0083-PIVIK,0.036470074,Low,2.9631935292854905,2026-03-21 14:00:05.577934,XGBoost
51,0089-IIQKO,4.5630295e-05,Low,0.0045607479914906435,2026-03-21 14:00:05.577934,XGBoost
52,0093-EXYQL,0.00014087906,Low,0.01289747756163706,2026-03-21 14:00:05.577934,XGBoost
53,0093-XWZFY,0.99971,High,104.46969744563103,2026-03-21 14:00:05.577934,XGBoost
54,0094-OIFMO,0.9998708,High,94.98772382736206,2026-03-21 14:00:05.577934,XGBoost
55,0096-BXERS,0.2673994,Low,13.463559813797474,2026-03-21 14:00:05.577934,XGBoost
56,0096-FCPUF,0.00032478897,Low,0.020948888501152396,2026-03-21 14:00:05.577934,XGBoost
57,0098-BOWSO,2.9960787e-05,Low,0.0005812392733787418,2026-03-21 14:00:05.577934,XGBoost
58,0100-DUVFC,0.0019241204,Low,0.2016478132456541,2026-03-21 14:00:05.577934,XGBoost
59,0103-CSITQ,0.026106782,Low,2.856081978976727,2026-03-21 14:00:05.577934,XGBoost
60,0104-PPXDV,0.0012830867,Low,0.06453926201211288,2026-03-21 14:00:05.577934,XGBoost
61,0106-GHRQR,0.00016953907,Low,0.012105089414399119,2026-03-21 14:00:05.577934,XGBoost
62,0106-UGRDO,0.0010748913,Low,0.124687391333282,2026-03-21 14:00:05.577934,XGBoost
63,0107-WESLM,0.9127063,High,18.1172203630209,2026-03-21 14:00:05.577934,XGBoost
64,0107-YHINA,0.9995183,High,99.7019479572773,2026-03-21 14:00:05.577934,XGBoost
65,0111-KLBQG,0.00087201974,Low,0.08192625424999278,2026-03-21 14:00:05.577934,XGBoost
66,0112-QAWRZ,0.11499818,Low,10.441834443807602,2026-03-21 14:00:05.577934,XGBoost
67,0112-QWPNC,0.8604479,High,72.57877898216248,2026-03-21 14:00:05.577934,XGBoost
68,0114-IGABW,0.0024508564,Low,0.1427623841445893,2026-03-21 14:00:05.577934,XGBoost
69,0114-PEGZZ,7.357288e-05,Low,0.007912763532658573,2026-03-21 14:00:05.577934,XGBoost
70,0114-RSRRW,0.0006295852,Low,0.012560224303160793,2026-03-21 14:00:05.577934,XGBoost
71,0115-TFERT,0.99967325,High,111.16366510391235,2026-03-21 14:00:05.577934,XGBoost
72,0117-LFRMW,0.7099647,High,28.54058064222336,2026-03-21 14:00:05.577934,XGBoost
73,0118-JPNOY,0.00022794136,Low,0.019557368705864064,2026-03-21 14:00:05.577934,XGBoost
74,0121-SNYRK,0.00021253465,Low,0.007523726642830297,2026-03-21 14:00:05.577934,XGBoost
75,0122-OAHPZ,0.67998326,Medium,50.216763621568674,2026-03-21 14:00:05.577934,XGBoost
76,0123-CRBRT,0.00010180579,Low,0.008969089948368491,2026-03-21 14:00:05.577934,XGBoost
77,0125-LZQXK,0.99945515,High,101.29477985203266,2026-03-21 14:00:05.577934,XGBoost
78,0128-MKWSG,0.0001498497,Low,0.006863116277963854,2026-03-21 14:00:05.577934,XGBoost
79,0129-KPTWJ,2.273009e-05,Low,0.002151402996514662,2026-03-21 14:00:05.577934,XGBoost
80,0129-QMPDR,0.00037053032,Low,0.007595871647936292,2026-03-21 14:00:05.577934,XGBoost
81,0130-SXOUN,0.0001733384,Low,0.01549645276973024,2026-03-21 14:00:05.577934,XGBoost
82,0133-BMFZO,0.9997384,High,86.22743658721447,2026-03-21 14:00:05.577934,XGBoost
83,0134-XWXCE,0.16415708,Low,12.287157263606785,2026-03-21 14:00:05.577934,XGBoost
84,0135-NMXAP,0.9998549,High,89.73697927594185,2026-03-21 14:00:05.577934,XGBoost
85,0136-IFMYD,0.00078421034,Low,0.08622392653778661,2026-03-21 14:00:05.577934,XGBoost
86,0137-OCGAB,0.99977833,High,80.18222209215165,2026-03-21 14:00:05.577934,XGBoost
87,0137-UDEUO,0.9990689,High,19.831517979502678,2026-03-21 14:00:05.577934,XGBoost
88,0139-IVFJG,0.0008604729,Low,0.07774372725980355,2026-03-21 14:00:05.577934,XGBoost
89,0141-YEAYS,0.07911387,Low,6.8393941357731824,2026-03-21 14:00:05.577934,XGBoost
90,0142-GVYSN,0.023574652,Low,0.47856543865054846,2026-03-21 14:00:05.577934,XGBoost
91,0147-ESWWR,0.29610634,Low,29.980766773223877,2026-03-21 14:00:05.577934,XGBoost
92,0148-DCDOS,0.99932003,High,94.63560686111451,2026-03-21 14:00:05.577934,XGBoost
93,0151-ONTOV,0.97717446,High,69.28166927695275,2026-03-21 14:00:05.577934,XGBoost
94,0156-FVPTA,0.99992406,High,54.19588425159455,2026-03-21 14:00:05.577934,XGBoost
95,0164-APGRB,0.0035818117,Low,0.41155016133561734,2026-03-21 14:00:05.577934,XGBoost
96,0164-XAIRP,3.511328e-05,Low,0.0006864646302346955,2026-03-21 14:00:05.577934,XGBoost
97,0168-XZKBB,0.0008359031,Low,0.07259818469756282,2026-03-21 14:00:05.577934,XGBoost
98,0174-QRVVY,1.6571232e-05,Low,0.0004200807249617356,2026-03-21 14:00:05.577934,XGBoost
99,0177-PXBAT,0.00015664876,Low,0.017215699014195708,2026-03-21 14:00:05.577934,XGBoost
100,0178-CIIKR,0.04788143,Low,0.9552344916388392,2026-03-21 14:00:05.577934,XGBoost
101,0178-SZBHO,0.035398673,Low,3.0867643088102343,2026-03-21 14:00:05.577934,XGBoost
102,0181-RITDD,1.4414856e-05,Low,0.0015589666975756701,2026-03-21 14:00:05.577934,XGBoost
103,0186-CAERR,0.000109112494,Low,0.01268978306397912,2026-03-21 14:00:05.577934,XGBoost
104,0187-QSXOE,0.00012771021,Low,0.01136620894249063,2026-03-21 14:00:05.577934,XGBoost
105,0187-WZNAB,4.384361e-05,Low,0.003261964651755989,2026-03-21 14:00:05.577934,XGBoost
106,0188-GWFLE,0.00015782089,Low,0.0031643088506825737,2026-03-21 14:00:05.577934,XGBoost
107,0191-EQUUH,0.0054707974,Low,0.1917514495551586,2026-03-21 14:00:05.577934,XGBoost
108,0191-ZHSKZ,0.00027893874,Low,0.020850670538493432,2026-03-21 14:00:05.577934,XGBoost
109,0193-ESZXP,0.9995233,High,105.44970625638962,2026-03-21 14:00:05.577934,XGBoost
110,0195-IESCP,0.89927083,High,76.66283847391605,2026-03-21 14:00:05.577934,XGBoost
111,0196-JTUQI,0.107744984,Low,8.10242282152176,2026-03-21 14:00:05.577934,XGBoost
112,0196-VULGZ,0.94962925,High,80.10122700035572,2026-03-21 14:00:05.577934,XGBoost
113,0197-PNKNK,6.6730104e-06,Low,0.0005635357262008256,2026-03-21 14:00:05.577934,XGBoost
114,0201-MIBOL,0.028584395,Low,2.927042007446289,2026-03-21 14:00:05.577934,XGBoost
115,0201-OAMXR,0.99907,High,115.44253719747066,2026-03-21 14:00:05.577934,XGBoost
116,0203-HHYIJ,0.0041823233,Low,0.10581278069876135,2026-03-21 14:00:05.577934,XGBoost
117,0206-OYVOC,0.0032526879,Low,0.06261424138210714,2026-03-21 14:00:05.577934,XGBoost
118,0206-TBWLC,0.023646928,Low,2.7111203376203776,2026-03-21 14:00:05.577934,XGBoost
119,0207-MDKNV,0.9990019,High,104.9951018154621,2026-03-21 14:00:05.577934,XGBoost
120,0208-BPQEJ,0.0002481558,Low,0.004814222315326333,2026-03-21 14:00:05.577934,XGBoost
121,0212-ISBBF,0.14705619,Low,7.4042792752385145,2026-03-21 14:00:05.577934,XGBoost
122,0214-JHPFW,3.6605594e-05,Low,0.002115803320339182,2026-03-21 14:00:05.577934,XGBoost
123,0215-BQKGS,0.154634,Low,13.035646104812622,2026-03-21 14:00:05.577934,XGBoost
124,0218-QNVAS,1.0999505e-05,Low,0.0011060002600061126,2026-03-21 14:00:05.577934,XGBoost
125,0219-QAERP,0.0043499176,Low,0.08612836925312876,2026-03-21 14:00:05.577934,XGBoost
126,0219-YTZUE,0.9694132,High,82.20624113082886,2026-03-21 14:00:05.577934,XGBoost
127,0220-EBGCE,0.75254196,High,64.60572720468043,2026-03-21 14:00:05.577934,XGBoost
128,0221-NAUXK,3.447555e-05,Low,0.0006877872207041946,2026-03-21 14:00:05.577934,XGBoost
129,0221-WMXNQ,0.00037166258,Low,0.02800477538112318,2026-03-21 14:00:05.577934,XGBoost
130,0222-CNVPT,0.10388229,Low,5.069455772638321,2026-03-21 14:00:05.577934,XGBoost
131,0224-HJAPT,0.9997862,High,47.13991924226284,2026-03-21 14:00:05.577934,XGBoost
132,0224-NIJLP,1.31899515e-05,Low,0.0002657775219176983,2026-03-21 14:00:05.577934,XGBoost
133,0224-RLWWD,5.7659625e-05,Low,0.0025543213818309592,2026-03-21 14:00:05.577934,XGBoost
134,0225-ZORZP,0.0014223007,Low,0.11989994917530566,2026-03-21 14:00:05.577934,XGBoost
135,0228-MAUWC,0.0002682812,Low,0.015976145735476167,2026-03-21 14:00:05.577934,XGBoost
136,0229-LFJAF,5.813794e-05,Low,0.004049307454806694,2026-03-21 14:00:05.577934,XGBoost
137,0230-UBYPQ,0.00046223222,Low,0.016686582990223544,2026-03-21 14:00:05.577934,XGBoost
138,0230-WEQUW,0.0067292587,Low,0.3808760418556631,2026-03-21 14:00:05.577934,XGBoost
139,0231-LXVAP,0.9603579,High,72.8911649465561,2026-03-21 14:00:05.577934,XGBoost
140,0233-FTHAV,0.00017290411,Low,0.0136940055526793,2026-03-21 14:00:05.577934,XGBoost
141,0234-TEVTT,0.00011631873,Low,0.005234343007032294,2026-03-21 14:00:05.577934,XGBoost
142,0235-KGSLC,0.99912566,High,85.47520016729831,2026-03-21 14:00:05.577934,XGBoost
143,0236-HFWSV,0.8922115,High,83.28794322907925,2026-03-21 14:00:05.577934,XGBoost
144,0237-YFUTL,0.00021926533,Low,0.024042443843063668,2026-03-21 14:00:05.577934,XGBoost
145,0238-WHBIQ,1.1664157e-05,Low,0.0010462748625286622,2026-03-21 14:00:05.577934,XGBoost
146,0239-OXEXL,0.0004287852,Low,0.03612515239365166,2026-03-21 14:00:05.577934,XGBoost
147,0244-LGNFY,0.00017875453,Low,0.016561607520270628,2026-03-21 14:00:05.577934,XGBoost
148,0247-SLUJI,0.0012153907,Low,0.02394319766899571,2026-03-21 14:00:05.577934,XGBoost
149,0248-IPDFW,0.0006552409,Low,0.03282756924745627,2026-03-21 14:00:05.577934,XGBoost
150,0248-PGHBZ,0.05192,Low,4.800004042871296,2026-03-21 14:00:05.577934,XGBoost
151,0253-ZTEOB,2.5439605e-05,Low,0.00202626457421502,2026-03-21 14:00:05.577934,XGBoost
152,0254-FNMCI,3.6126632e-05,Low,0.003970316861159518,2026-03-21 14:00:05.577934,XGBoost
153,0254-KCJGT,9.52007e-05,Low,0.007749337230052334,2026-03-21 14:00:05.577934,XGBoost
154,0254-WWRKD,2.0939679e-05,Low,0.0010585007485133247,2026-03-21 14:00:05.577934,XGBoost
155,0256-LTHVJ,0.999747,High,81.02949258983135,2026-03-21 14:00:05.577934,XGBoost
156,0257-KXZGU,0.0039339345,Low,0.24567420920357108,2026-03-21 14:00:05.577934,XGBoost
157,0257-ZESQC,0.9992731,High,75.1453387260437,2026-03-21 14:00:05.577934,XGBoost
158,0258-NOKBL,0.00071796036,Low,0.06490361620672047,2026-03-21 14:00:05.577934,XGBoost
159,0259-GBZSH,0.97341806,High,83.37325657904148,2026-03-21 14:00:05.577934,XGBoost
160,0260-ZDLGK,0.7146533,High,52.09822652935982,2026-03-21 14:00:05.577934,XGBoost
161,0263-FJTQO,4.9461028e-06,Low,0.00034870024478550476,2026-03-21 14:00:05.577934,XGBoost
162,0264-CNITK,6.095936e-06,Low,0.00012252831334080838,2026-03-21 14:00:05.577934,XGBoost
163,0265-EDXBD,0.8609161,High,64.48261424899101,2026-03-21 14:00:05.577934,XGBoost
164,0265-PSUAE,0.07401418,Low,7.453227866441011,2026-03-21 14:00:05.577934,XGBoost
165,0266-CLZKZ,2.4974543e-05,Low,0.0026385604269307805,2026-03-21 14:00:05.577934,XGBoost
166,0266-GMEAO,0.00028319188,Low,0.032368832200882026,2026-03-21 14:00:05.577934,XGBoost
167,0268-QKIWO,0.999363,High,19.737419351935387,2026-03-21 14:00:05.577934,XGBoost
168,0269-XFESX,2.6079856e-06,Low,6.350444953113765e-05,2026-03-21 14:00:05.577934,XGBoost
169,0270-THENM,0.0008810427,Low,0.06154083124711178,2026-03-21 14:00:05.577934,XGBoost
170,0274-JKUJR,0.065815285,Low,3.8732295133173467,2026-03-21 14:00:05.577934,XGBoost
171,0277-BKSQP,0.00015282823,Low,0.008313855715095997,2026-03-21 14:00:05.577934,XGBoost
172,0277-ORXQS,3.5744768e-05,Low,0.001806898020186054,2026-03-21 14:00:05.577934,XGBoost
173,0278-YXOOG,0.001976424,Low,0.041603723028674724,2026-03-21 14:00:05.577934,XGBoost
174,0280-XJGEX,0.99753404,High,103.44427959918976,2026-03-21 14:00:05.577934,XGBoost
175,0281-CNTZX,0.0011873195,Low,0.023687024385435507,2026-03-21 14:00:05.577934,XGBoost
176,0282-NVSJS,0.024239022,Low,0.7102033529430628,2026-03-21 14:00:05.577934,XGBoost
177,0285-INHLN,9.424695e-05,Low,0.00516002044241759,2026-03-21 14:00:05.577934,XGBoost
178,0289-IVARM,8.022077e-05,Low,0.004857367766453535,2026-03-21 14:00:05.577934,XGBoost
179,0292-WEGCH,0.00016219637,Low,0.013981327501824126,2026-03-21 14:00:05.577934,XGBoost
180,0295-PPHDO,0.99576724,High,95.04598265290261,2026-03-21 14:00:05.577934,XGBoost
181,0295-QVKPB,0.00013484406,Low,0.008623277409787989,2026-03-21 14:00:05.577934,XGBoost
182,0297-RBCSG,5.032077e-05,Low,0.0032884623353311325,2026-03-21 14:00:05.577934,XGBoost
183,0298-XACET,0.00022252368,Low,0.011170688844867983,2026-03-21 14:00:05.577934,XGBoost
184,0301-FIDRB,3.5860658e-06,Low,0.00022879099542478796,2026-03-21 14:00:05.577934,XGBoost
185,0301-KOBTQ,0.00016464715,Low,0.0033011753592290917,2026-03-21 14:00:05.577934,XGBoost
186,0302-JOIVN,0.9803631,High,99.16372462809086,2026-03-21 14:00:05.577934,XGBoost
187,0303-UNCIP,0.0002015767,Low,0.013102485172566958,2026-03-21 14:00:05.577934,XGBoost
188,0303-WMMRN,6.55908e-05,Low,0.0012626229126908584,2026-03-21 14:00:05.577934,XGBoost
189,0305-SQECB,0.0026146702,Low,0.09425886071985587,2026-03-21 14:00:05.577934,XGBoost
190,0306-JAELE,0.9094673,High,87.39980559945106,2026-03-21 14:00:05.577934,XGBoost
191,0307-BCOPK,2.1327698e-05,Low,0.00040629264785820853,2026-03-21 14:00:05.577934,XGBoost
192,0308-GIQJT,8.718375e-05,Low,0.00921968128568551,2026-03-21 14:00:05.577934,XGBoost
193,0308-IVGOK,0.0002923498,Low,0.011810932343360036,2026-03-21 14:00:05.577934,XGBoost
194,0310-MVLET,0.9015749,High,89.39115229547025,2026-03-21 14:00:05.577934,XGBoost
195,0310-SUCIN,3.5379086e-05,Low,0.003000146459089592,2026-03-21 14:00:05.577934,XGBoost
196,0310-VQXAM,2.2224236e-05,Low,0.00044115108639743996,2026-03-21 14:00:05.577934,XGBoost
197,0311-QYWSS,0.0005288696,Low,0.026152603034279312,2026-03-21 14:00:05.577934,XGBoost
198,0311-UNPFF,0.9989366,High,88.70556950569153,2026-03-21 14:00:05.577934,XGBoost
199,0314-TKOSI,0.00066692,Low,0.03678063685656525,2026-03-21 14:00:05.577934,XGBoost
200,0315-LVCRK,0.000300633,Low,0.025493677845224737,2026-03-21 14:00:05.577934,XGBoost
201,0318-QUUOB,0.9997609,High,80.53074257075787,2026-03-21 14:00:05.577934,XGBoost
202,0318-ZOPWS,7.602668e-05,Low,0.0015319375528633826,2026-03-21 14:00:05.577934,XGBoost
203,0319-QZTCO,0.00088965055,Low,0.052222487051039934,2026-03-21 14:00:05.577934,XGBoost
204,0320-DWVTU,6.4592205e-05,Low,0.0064269243557646405,2026-03-21 14:00:05.577934,XGBoost
205,0320-JDNQG,0.9999145,High,99.84146551489829,2026-03-21 14:00:05.577934,XGBoost
206,0322-CHQRU,0.999382,High,45.32197456359864,2026-03-21 14:00:05.577934,XGBoost
207,0322-YINQP,0.9903197,High,48.080022835731505,2026-03-21 14:00:05.577934,XGBoost
208,0323-XWWTN,0.007827227,Low,0.2066387929022312,2026-03-21 14:00:05.577934,XGBoost
209,0324-BRPCJ,0.87784284,High,87.95985292196274,2026-03-21 14:00:05.577934,XGBoost
210,0325-XBFAC,0.9993179,High,94.63540365695954,2026-03-21 14:00:05.577934,XGBoost
211,0326-VDYXE,0.0006533082,Low,0.0637955433834577,2026-03-21 14:00:05.577934,XGBoost
212,0327-WFZSY,0.00016435384,Low,0.016435384168289602,2026-03-21 14:00:05.577934,XGBoost
213,0328-GRPMV,0.99698025,High,69.88831551671028,2026-03-21 14:00:05.577934,XGBoost
214,0329-GTIAJ,0.99955624,High,97.85655623078347,2026-03-21 14:00:05.577934,XGBoost
215,0330-BGYZE,0.00020972166,Low,0.02149647054466186,2026-03-21 14:00:05.577934,XGBoost
216,0330-IVZHA,0.99960345,High,69.92226134836675,2026-03-21 14:00:05.577934,XGBoost
217,0334-GDDSO,0.96336925,High,78.37008851170539,2026-03-21 14:00:05.577934,XGBoost
218,0334-ZFJSR,0.005669518,Low,0.37447165783960373,2026-03-21 14:00:05.577934,XGBoost
219,0336-KXKFK,2.5937856e-05,Low,0.0015873967720835937,2026-03-21 14:00:05.577934,XGBoost
220,0336-PIKEI,2.0900854e-05,Low,0.0015550235373666512,2026-03-21 14:00:05.577934,XGBoost
221,0337-CNPZE,0.9985709,High,106.14808869361877,2026-03-21 14:00:05.577934,XGBoost
222,0343-QLUZP,0.00014651536,Low,0.005802008329192177,2026-03-21 14:00:05.577934,XGBoost
223,0345-HKJVM,0.99846387,High,89.16282351016999,2026-03-21 14:00:05.577934,XGBoost
224,0345-XMMUG,0.00014580681,Low,0.015878362103831024,2026-03-21 14:00:05.577934,XGBoost
225,0347-UBKUZ,4.4692835e-05,Low,0.0008893874208297347,2026-03-21 14:00:05.577934,XGBoost
226,0348-SDKOL,0.9996245,High,102.06166050434112,2026-03-21 14:00:05.577934,XGBoost
227,0354-VXMJC,1.7459248e-05,Low,0.00034220125744468535,2026-03-21 14:00:05.577934,XGBoost
228,0354-WYROK,0.9999447,High,98.89452953338623,2026-03-21 14:00:05.577934,XGBoost
229,0356-ERHVT,0.004111872,Low,0.18873492730781435,2026-03-21 14:00:05.577934,XGBoost
230,0356-OBMAC,4.672931e-05,Low,0.004668258095989586,2026-03-21 14:00:05.577934,XGBoost
231,0357-NVCRI,0.0005785316,Low,0.011599558338639326,2026-03-21 14:00:05.577934,XGBoost
232,0361-HJRDX,3.0330571e-05,Low,0.0019517722736054565,2026-03-21 14:00:05.577934,XGBoost
233,0362-RAOQO,0.002662818,Low,0.0523243726696819,2026-03-21 14:00:05.577934,XGBoost
234,0362-ZBZWJ,0.8670272,High,73.6106112420559,2026-03-21 14:00:05.577934,XGBoost
235,0363-QJVFX,0.80468744,High,87.02694667875767,2026-03-21 14:00:05.577934,XGBoost
236,0363-SVHYR,9.071534e-06,Low,0.0007878627188347308,2026-03-21 14:00:05.577934,XGBoost
237,0365-BZUWY,0.33967412,Low,34.83358051180839,2026-03-21 14:00:05.577934,XGBoost
238,0365-GXEZS,0.2810472,Low,21.977890664339068,2026-03-21 14:00:05.577934,XGBoost
239,0365-TRTPY,0.0002892786,Low,0.026382208289578556,2026-03-21 14:00:05.577934,XGBoost
240,0366-NQSHS,8.7714194e-05,Low,0.0016972696499578889,2026-03-21 14:00:05.577934,XGBoost
241,0369-ZGOVK,1.3638848e-05,Low,0.0009601749014109374,2026-03-21 14:00:05.577934,XGBoost
242,0373-AIVNJ,0.02035945,Low,0.8052162114530801,2026-03-21 14:00:05.577934,XGBoost
243,0374-AACSZ,0.00141191,Low,0.0708072891284246,2026-03-21 14:00:05.577934,XGBoost
244,0374-FIUCA,0.0054839067,Low,0.11187169700860976,2026-03-21 14:00:05.577934,XGBoost
245,0374-IOEGQ,0.17486171,Low,7.798832455277443,2026-03-21 14:00:05.577934,XGBoost
246,0375-HVGXO,0.999087,High,34.66831806898117,2026-03-21 14:00:05.577934,XGBoost
247,0376-OIWME,0.0009986354,Low,0.09347227597609162,2026-03-21 14:00:05.577934,XGBoost
248,0376-YMCJC,0.9997187,High,90.57451654672622,2026-03-21 14:00:05.577934,XGBoost
249,0377-JBKKT,0.00023018652,Low,0.013339308660215467,2026-03-21 14:00:05.577934,XGBoost
250,0378-CJKPV,0.000120000004,Low,0.013452000475808745,2026-03-21 14:00:05.577934,XGBoost
251,0378-NHQXU,0.90064687,High,79.48208586871624,2026-03-21 14:00:05.577934,XGBoost
252,0378-TOVMS,0.9997956,High,85.78246382474899,2026-03-21 14:00:05.577934,XGBoost
253,0378-XSZPU,0.9968581,High,60.11054463386535,2026-03-21 14:00:05.577934,XGBoost
254,0379-DJQHR,0.0005823355,Low,0.047372994292527434,2026-03-21 14:00:05.577934,XGBoost
255,0380-NEAVX,0.20858465,Low,20.827177437394855,2026-03-21 14:00:05.577934,XGBoost
256,0380-ZCSBI,0.01983869,Low,0.3967738151550293,2026-03-21 14:00:05.577934,XGBoost
257,0383-CLDDA,1.1700956e-05,Low,0.0009986765807752816,2026-03-21 14:00:05.577934,XGBoost
258,0384-LPITE,0.00015721274,Low,0.009755050310195657,2026-03-21 14:00:05.577934,XGBoost
259,0384-RVBPI,0.013111939,Low,0.844408853724599,2026-03-21 14:00:05.577934,XGBoost
260,0386-CWRGM,5.878131e-06,Low,0.00011403574344512889,2026-03-21 14:00:05.577934,XGBoost
261,0388-EOPEX,0.5488082,Medium,40.83133134841919,2026-03-21 14:00:05.577934,XGBoost
262,0390-DCFDQ,0.9585953,High,67.53303718566895,2026-03-21 14:00:05.577934,XGBoost
263,0392-BZIUW,0.10915798,Low,11.461587846279144,2026-03-21 14:00:05.577934,XGBoost
264,0394-YONDK,6.979807e-06,Low,0.0001755421470534202,2026-03-21 14:00:05.577934,XGBoost
265,0396-HUJBP,8.610544e-05,Low,0.0016618350535281933,2026-03-21 14:00:05.577934,XGBoost
266,0396-UKGAI,0.006104805,Low,0.33759571877308187,2026-03-21 14:00:05.577934,XGBoost
267,0396-YCHWO,0.00066399627,Low,0.06334524384001271,2026-03-21 14:00:05.577934,XGBoost
268,0397-GZBBC,0.99965096,High,93.81724214553833,2026-03-21 14:00:05.577934,XGBoost
269,0397-ZXWQF,8.488621e-05,Low,0.0017401673248969018,2026-03-21 14:00:05.577934,XGBoost
270,0401-WDBXM,1.6754466e-05,Low,0.0017684338686194678,2026-03-21 14:00:05.577934,XGBoost
271,0402-CQAJN,0.99719465,High,101.61413460969925,2026-03-21 14:00:05.577934,XGBoost
272,0402-OAMEN,9.6683125e-06,Low,0.00023639024029762368,2026-03-21 14:00:05.577934,XGBoost
273,0404-AHASP,0.00010189475,Low,0.002007326603052206,2026-03-21 14:00:05.577934,XGBoost
274,0404-SWRVG,0.7370745,High,54.838342380523684,2026-03-21 14:00:05.577934,XGBoost
275,0406-BPDVR,0.74638313,High,75.75788775086403,2026-03-21 14:00:05.577934,XGBoost
276,0407-BDJKB,0.99987364,High,95.73790085315704,2026-03-21 14:00:05.577934,XGBoost
277,0409-WTMPL,5.412632e-05,Low,0.005989077488266048,2026-03-21 14:00:05.577934,XGBoost
278,0410-IPFTY,0.002066295,Low,0.1732588269864209,2026-03-21 14:00:05.577934,XGBoost
279,0411-EZJZE,0.00094551634,Low,0.05696735937090125,2026-03-21 14:00:05.577934,XGBoost
280,0412-UCCNP,0.0016800986,Low,0.09946183655411006,2026-03-21 14:00:05.577934,XGBoost
281,0415-MOSGF,0.7888409,High,35.024535512924196,2026-03-21 14:00:05.577934,XGBoost
282,0419-YAAPX,0.21221869,Low,18.10225399583578,2026-03-21 14:00:05.577934,XGBoost
283,0420-BWTPW,0.86545867,High,22.06919601559639,2026-03-21 14:00:05.577934,XGBoost
284,0420-HLGXF,0.00020906102,Low,0.020853836889727972,2026-03-21 14:00:05.577934,XGBoost
285,0420-TXVSG,0.05260594,Low,3.477252512797713,2026-03-21 14:00:05.577934,XGBoost
286,0422-OHQHQ,7.533968e-05,Low,0.0015482304577744798,2026-03-21 14:00:05.577934,XGBoost
287,0422-UXFAP,2.0355845e-05,Low,0.0020121752539125734,2026-03-21 14:00:05.577934,XGBoost
288,0423-UDIJQ,0.00068570505,Low,0.03373668829444796,2026-03-21 14:00:05.577934,XGBoost
289,0426-TIRNE,0.99944884,High,20.888480669260023,2026-03-21 14:00:05.577934,XGBoost
290,0428-AXXLJ,2.874363e-05,Low,0.0005605007954727625,2026-03-21 14:00:05.577934,XGBoost
291,0428-IKYCP,0.00039376586,Low,0.03425763000268489,2026-03-21 14:00:05.577934,XGBoost
292,0430-IHCDJ,0.00019559878,Low,0.009584340354194865,2026-03-21 14:00:05.577934,XGBoost
293,0431-APWVY,0.99891424,High,90.00217318534851,2026-03-21 14:00:05.577934,XGBoost
294,0432-CAJZV,0.2223443,Low,20.1666274830699,2026-03-21 14:00:05.577934,XGBoost
295,0434-CSFON,0.24729107,Low,24.85275285691023,2026-03-21 14:00:05.577934,XGBoost
296,0436-TWFFZ,0.000102658,Low,0.00875159444694873,2026-03-21 14:00:05.577934,XGBoost
297,0439-IFYUN,2.7117256e-05,Low,0.0020256590038115973,2026-03-21 14:00:05.577934,XGBoost
298,0440-EKDCF,0.022854134,Low,1.3746761865913868,2026-03-21 14:00:05.577934,XGBoost
299,0440-MOGPM,0.00044627706,Low,0.03594761713320622,2026-03-21 14:00:05.577934,XGBoost
300,0440-QEXBZ,5.3820386e-05,Low,0.0026990923479388584,2026-03-21 14:00:05.577934,XGBoost
301,0440-UEDAI,7.680002e-05,Low,0.007253761631000089,2026-03-21 14:00:05.577934,XGBoost
302,0442-TDYUO,1.0431563e-05,Low,0.00020915284153488756,2026-03-21 14:00:05.577934,XGBoost
303,0442-ZXKVS,0.00012580738,Low,0.01454333258443512,2026-03-21 14:00:05.577934,XGBoost
304,0447-BEMNG,0.8265954,High,37.44477277994156,2026-03-21 14:00:05.577934,XGBoost
305,0447-RXSGD,0.00035962896,Low,0.03583702593605267,2026-03-21 14:00:05.577934,XGBoost
306,0454-OKRCT,0.02503415,Low,2.017752498760819,2026-03-21 14:00:05.577934,XGBoost
307,0455-ENTCR,0.00020010408,Low,0.017058873228961602,2026-03-21 14:00:05.577934,XGBoost
308,0455-XFASS,0.0011478995,Low,0.07983641327591613,2026-03-21 14:00:05.577934,XGBoost
309,0458-HEUZG,0.0062708296,Low,0.2219873674213886,2026-03-21 14:00:05.577934,XGBoost
310,0459-SPZHJ,0.030217025,Low,2.5231216233223677,2026-03-21 14:00:05.577934,XGBoost
311,0461-CVKMU,0.92771196,High,77.7422625541687,2026-03-21 14:00:05.577934,XGBoost
312,0463-TXOAK,0.00014452408,Low,0.0036998163908720017,2026-03-21 14:00:05.577934,XGBoost
313,0463-WZZKO,0.00013244449,Low,0.0027482231525937095,2026-03-21 14:00:05.577934,XGBoost
314,0463-ZSDNT,0.1786927,Low,10.140810638666153,2026-03-21 14:00:05.577934,XGBoost
315,0464-WJTKO,2.973671e-05,Low,0.0005977078633804923,2026-03-21 14:00:05.577934,XGBoost
316,0468-YRPXN,0.00037503403,Low,0.03705336173297837,2026-03-21 14:00:05.577934,XGBoost
317,0471-ARVMX,0.050370324,Low,5.2813285136595365,2026-03-21 14:00:05.577934,XGBoost
318,0471-LVHGK,0.9989201,High,72.92116606235504,2026-03-21 14:00:05.577934,XGBoost
319,0475-RIJEP,0.99702054,High,77.61804924309253,2026-03-21 14:00:05.577934,XGBoost
320,0479-HMSWA,0.00017620852,Low,0.01858118798772921,2026-03-21 14:00:05.577934,XGBoost
321,0480-BIXDE,0.8939195,High,86.53141026496887,2026-03-21 14:00:05.577934,XGBoost
322,0480-KYJVA,2.9265204e-06,Low,7.096812061035962e-05,2026-03-21 14:00:05.577934,XGBoost
323,0481-SUMCB,0.13661146,Low,13.954860806465149,2026-03-21 14:00:05.577934,XGBoost
324,0484-FFVBJ,8.16041e-05,Low,0.005292025836388347,2026-03-21 14:00:05.577934,XGBoost
325,0484-JPBRU,0.00011575156,Low,0.002922726840552059,2026-03-21 14:00:05.577934,XGBoost
326,0485-ZBSLN,0.0002642749,Low,0.006540803471580148,2026-03-21 14:00:05.577934,XGBoost
327,0486-HECZI,0.871581,High,84.325463488698,2026-03-21 14:00:05.577934,XGBoost
328,0486-LGCCH,3.122623e-05,Low,0.0006135954377896268,2026-03-21 14:00:05.577934,XGBoost
329,0487-CRLZF,5.617784e-05,Low,0.0041824401674603,2026-03-21 14:00:05.577934,XGBoost
330,0487-RPVUM,0.00016311406,Low,0.016213537778821775,2026-03-21 14:00:05.577934,XGBoost
331,0487-VVUVK,1.31543775e-05,Low,0.00025190632882186035,2026-03-21 14:00:05.577934,XGBoost
332,0488-GSLFR,0.9993782,High,69.45678520202637,2026-03-21 14:00:05.577934,XGBoost
333,0489-WMEMG,0.0063103987,Low,0.312049215240404,2026-03-21 14:00:05.577934,XGBoost
334,0491-KAPQG,0.00049023103,Low,0.03613002705969848,2026-03-21 14:00:05.577934,XGBoost
335,0495-RVCBF,0.94464713,High,75.28837652802467,2026-03-21 14:00:05.577934,XGBoost
336,0495-ZBNGW,0.9998691,High,79.88954174518585,2026-03-21 14:00:05.577934,XGBoost
337,0496-AHOOK,0.057300657,Low,4.26316888332367,2026-03-21 14:00:05.577934,XGBoost
338,0504-HHAPI,0.9995943,High,88.26417414546013,2026-03-21 14:00:05.577934,XGBoost
339,0505-SPOOW,5.1866973e-05,Low,0.001026966067001922,2026-03-21 14:00:05.577934,XGBoost
340,0506-LVNGN,0.99940085,High,75.50473452806473,2026-03-21 14:00:05.577934,XGBoost
341,0506-YLVKJ,2.367196e-06,Low,4.7817358699830946e-05,2026-03-21 14:00:05.577934,XGBoost
342,0508-OOLTO,0.2286164,Low,16.380365171283486,2026-03-21 14:00:05.577934,XGBoost
343,0508-SQWPL,1.2297893e-05,Low,0.00024718764288991226,2026-03-21 14:00:05.577934,XGBoost
344,0511-JTEOY,0.9997645,High,71.08325609564781,2026-03-21 14:00:05.577934,XGBoost
345,0512-FLFDW,0.00015857315,Low,0.015936601732391864,2026-03-21 14:00:05.577934,XGBoost
346,0513-RBGPE,0.22711837,Low,14.263033819198608,2026-03-21 14:00:05.577934,XGBoost
347,0515-YPMCW,0.99885416,High,70.36927559375764,2026-03-21 14:00:05.577934,XGBoost
348,0516-OOHAR,6.28304e-05,Low,0.006305030331714079,2026-03-21 14:00:05.577934,XGBoost
349,0516-QREYC,0.006541043,Low,0.1327831740025431,2026-03-21 14:00:05.577934,XGBoost
350,0516-UXRMT,0.012880422,Low,1.185642861202359,2026-03-21 14:00:05.577934,XGBoost
351,0516-VRYBW,0.9885351,High,19.91898238956928,2026-03-21 14:00:05.577934,XGBoost
352,0516-WJVXC,0.82448035,High,44.68683522939682,2026-03-21 14:00:05.577934,XGBoost
353,0519-DRGTI,5.4339334e-06,Low,0.00011058054546992936,2026-03-21 14:00:05.577934,XGBoost
354,0519-XUZJU,0.99918133,High,70.69207911193371,2026-03-21 14:00:05.577934,XGBoost
355,0520-FDVVT,0.8571169,High,87.72591246664524,2026-03-21 14:00:05.577934,XGBoost
356,0523-VNGTF,0.113471374,Low,5.730304382741451,2026-03-21 14:00:05.577934,XGBoost
357,0524-IAVZO,0.99907863,High,84.92168366909027,2026-03-21 14:00:05.577934,XGBoost
358,0526-SXDJP,0.00031232776,Low,0.013148998550605029,2026-03-21 14:00:05.577934,XGBoost
359,0529-ONKER,0.99991846,High,75.64383156299591,2026-03-21 14:00:05.577934,XGBoost
360,0530-IJVDB,0.0063517564,Low,0.7279112831689417,2026-03-21 14:00:05.577934,XGBoost
361,0531-XBKMM,1.0875745e-05,Low,0.0007145364412281197,2026-03-21 14:00:05.577934,XGBoost
362,0531-ZZJWQ,0.00017526613,Low,0.012969693896593526,2026-03-21 14:00:05.577934,XGBoost
363,0533-BNWKF,0.99982506,High,85.43505140841008,2026-03-21 14:00:05.577934,XGBoost
364,0533-UCAAU,9.638932e-05,Low,0.0068532805140421255,2026-03-21 14:00:05.577934,XGBoost
365,0536-ACXIP,3.598226e-05,Low,0.003941856457095127,2026-03-21 14:00:05.577934,XGBoost
366,0536-BGFMZ,0.00016043625,Low,0.0032889430804061703,2026-03-21 14:00:05.577934,XGBoost
367,0536-ESJEP,7.9970785e-05,Low,0.005961822022436536,2026-03-21 14:00:05.577934,XGBoost
368,0537-QYZZN,0.00033868905,Low,0.0270443203029572,2026-03-21 14:00:05.577934,XGBoost
369,0541-FITGH,9.9273064e-05,Low,0.006169820916693425,2026-03-21 14:00:05.577934,XGBoost
370,0547-HURJB,0.0025367553,Low,0.053398698812816295,2026-03-21 14:00:05.577934,XGBoost
371,0549-CYCQN,0.00015243993,Low,0.012134218169376253,2026-03-21 14:00:05.577934,XGBoost
372,0550-DCXLH,0.14154577,Low,10.382382416725157,2026-03-21 14:00:05.577934,XGBoost
373,0556-FJEGU,4.664872e-05,Low,0.003270075395630556,2026-03-21 14:00:05.577934,XGBoost
374,0557-ASKVU,0.00032024848,Low,0.017421517334878445,2026-03-21 14:00:05.577934,XGBoost
375,0559-CKHUS,0.0017085992,Low,0.03340311351348646,2026-03-21 14:00:05.577934,XGBoost
376,0562-FGDCR,6.4580163e-06,Low,0.00048144511420105117,2026-03-21 14:00:05.577934,XGBoost
377,0562-HKHML,1.38681135e-05,Low,0.00033144791159429583,2026-03-21 14:00:05.577934,XGBoost
378,0562-KBDVM,0.0006620409,Low,0.029527023993432523,2026-03-21 14:00:05.577934,XGBoost
379,0564-JJHGS,0.9993456,High,95.43750485777855,2026-03-21 14:00:05.577934,XGBoost
380,0564-MUUQK,0.015550442,Low,1.4850672148168087,2026-03-21 14:00:05.577934,XGBoost
381,0565-IYCGT,0.99598545,High,78.28445624113083,2026-03-21 14:00:05.577934,XGBoost
382,0565-JUPYD,0.00029359444,Low,0.030680618539918214,2026-03-21 14:00:05.577934,XGBoost
383,0567-GGCAC,0.28350973,Low,17.40749750137329,2026-03-21 14:00:05.577934,XGBoost
384,0567-XRHCU,0.00039318652,Low,0.017280547608970666,2026-03-21 14:00:05.577934,XGBoost
385,0568-ONFPC,0.99803525,High,25.84911302924156,2026-03-21 14:00:05.577934,XGBoost
386,0570-BFQHT,0.0006696143,Low,0.05393743150052614,2026-03-21 14:00:05.577934,XGBoost
387,0572-ZJKLT,1.116422e-05,Low,0.0011125145497317135,2026-03-21 14:00:05.577934,XGBoost
388,0575-CUQOV,6.37105e-05,Low,0.006240443157730625,2026-03-21 14:00:05.577934,XGBoost
389,0576-WNXXC,0.94352996,High,90.15428801178932,2026-03-21 14:00:05.577934,XGBoost
390,0577-WHMEV,0.6742906,Medium,61.158157187700276,2026-03-21 14:00:05.577934,XGBoost
391,0578-SKVMF,0.9992385,High,83.23656630516052,2026-03-21 14:00:05.577934,XGBoost
392,0580-PIQHM,6.609562e-05,Low,0.006715315108885988,2026-03-21 14:00:05.577934,XGBoost
393,0581-BXBUB,0.00055811304,Low,0.0406027235876536,2026-03-21 14:00:05.577934,XGBoost
394,0581-MDMPW,5.747939e-05,Low,0.0051127916060067944,2026-03-21 14:00:05.577934,XGBoost
395,0582-AVCLN,1.70003e-05,Low,0.0003451060987572419,2026-03-21 14:00:05.577934,XGBoost
396,0584-BJQGZ,0.00021420143,Low,0.016782681828772184,2026-03-21 14:00:05.577934,XGBoost
397,0585-EGDDA,0.00039678812,Low,0.03174304962158203,2026-03-21 14:00:05.577934,XGBoost
398,0587-DMGBH,0.8849582,High,44.115166649222374,2026-03-21 14:00:05.577934,XGBoost
399,0594-UFTUL,1.801725e-05,Low,0.00035764241474680605,2026-03-21 14:00:05.577934,XGBoost
400,0595-ITUDF,9.937385e-05,Low,0.009122519465745426,2026-03-21 14:00:05.577934,XGBoost
401,0596-BQCEQ,0.99964356,High,100.11430295705796,2026-03-21 14:00:05.577934,XGBoost
402,0599-XNYDO,0.00015693581,Low,0.010954119797679596,2026-03-21 14:00:05.577934,XGBoost
403,0601-WZHJF,0.9498935,High,44.027562546730046,2026-03-21 14:00:05.577934,XGBoost
404,0602-DDUML,2.140537e-05,Low,0.0014930246074982279,2026-03-21 14:00:05.577934,XGBoost
405,0603-OLQDC,8.422246e-05,Low,0.005882938952345284,2026-03-21 14:00:05.577934,XGBoost
406,0603-TPMIB,5.721997e-06,Low,0.00014562481819666573,2026-03-21 14:00:05.577934,XGBoost
407,0604-THJFP,0.000102262886,Low,0.0077668661746429285,2026-03-21 14:00:05.577934,XGBoost
408,0607-DAAHE,0.7870732,High,15.544695600867271,2026-03-21 14:00:05.577934,XGBoost
409,0607-MVMGC,0.00018666932,Low,0.014700208957947325,2026-03-21 14:00:05.577934,XGBoost
410,0608-JDVEC,0.00013012796,Low,0.002576533515821211,2026-03-21 14:00:05.577934,XGBoost
411,0611-DFXKO,0.12580894,Low,11.196995601058006,2026-03-21 14:00:05.577934,XGBoost
412,0612-RTZZA,0.99922454,High,25.230419725179672,2026-03-21 14:00:05.577934,XGBoost
413,0613-WUXUM,1.213331e-05,Low,0.0002329595445189625,2026-03-21 14:00:05.577934,XGBoost
414,0616-ATFGB,0.99965227,High,25.04128927588463,2026-03-21 14:00:05.577934,XGBoost
415,0617-AQNWT,0.87660027,High,41.94532270431519,2026-03-21 14:00:05.577934,XGBoost
416,0617-FHSGK,0.99536467,High,74.85142288208009,2026-03-21 14:00:05.577934,XGBoost
417,0618-XWMSS,0.9993882,High,74.85417752265931,2026-03-21 14:00:05.577934,XGBoost
418,0619-OLYUR,0.006893365,Low,0.7713675634469838,2026-03-21 14:00:05.577934,XGBoost
419,0620-DLSLK,0.0433507,Low,3.5504223536700015,2026-03-21 14:00:05.577934,XGBoost
420,0620-XEFWH,0.000692003,Low,0.013044256533612499,2026-03-21 14:00:05.577934,XGBoost
421,0621-CXBKL,5.289419e-05,Low,0.0009891213368973695,2026-03-21 14:00:05.577934,XGBoost
422,0621-HJWXJ,0.00029459878,Low,0.024024530498718378,2026-03-21 14:00:05.577934,XGBoost
423,0621-JFHOL,0.00016469143,Low,0.004874866374302656,2026-03-21 14:00:05.577934,XGBoost
424,0621-TSSMU,0.0114056105,Low,0.22754192906431853,2026-03-21 14:00:05.577934,XGBoost
425,0621-TWIEM,0.9020682,High,41.08920640647411,2026-03-21 14:00:05.577934,XGBoost
426,0623-EJQEG,0.05961754,Low,5.5772210288792845,2026-03-21 14:00:05.577934,XGBoost
427,0623-GDISB,0.00020829956,Low,0.010092113845894347,2026-03-21 14:00:05.577934,XGBoost
428,0623-IIHUG,0.999933,High,41.89719288349151,2026-03-21 14:00:05.577934,XGBoost
429,0625-AFOHS,3.2910848e-05,Low,0.000664799128571758,2026-03-21 14:00:05.577934,XGBoost
430,0626-QXNGV,0.0022402434,Low,0.054101877333596345,2026-03-21 14:00:05.577934,XGBoost
431,0628-CNQRM,0.6912484,Medium,46.65926814079285,2026-03-21 14:00:05.577934,XGBoost
432,0634-SZPQA,0.6552091,Medium,59.001581624150276,2026-03-21 14:00:05.577934,XGBoost
433,0635-WKOLD,0.00020429681,Low,0.014453999428951647,2026-03-21 14:00:05.577934,XGBoost
434,0637-KVDLV,0.9573702,High,73.23882195353508,2026-03-21 14:00:05.577934,XGBoost
435,0637-UBJRP,0.8074776,High,67.86849172711372,2026-03-21 14:00:05.577934,XGBoost
436,0637-YLETY,0.9994242,High,95.5449553489685,2026-03-21 14:00:05.577934,XGBoost
437,0639-TSIQW,0.84039867,High,86.51904299855232,2026-03-21 14:00:05.577934,XGBoost
438,0640-YJTPY,4.899664e-05,Low,0.0010289294514223002,2026-03-21 14:00:05.577934,XGBoost
439,0641-EVBOJ,0.00036855694,Low,0.03033223608508706,2026-03-21 14:00:05.577934,XGBoost
440,0643-OKLRP,0.9998338,High,80.33664761781692,2026-03-21 14:00:05.577934,XGBoost
441,0644-OQMDK,0.0003102867,Low,0.021921755702351223,2026-03-21 14:00:05.577934,XGBoost
442,0650-BWOZN,0.06842455,Low,5.032625849545002,2026-03-21 14:00:05.577934,XGBoost
443,0654-HMSHN,0.77778995,High,81.20127081871033,2026-03-21 14:00:05.577934,XGBoost
444,0654-PQKDW,1.2371342e-05,Low,0.0008752724220357777,2026-03-21 14:00:05.577934,XGBoost
445,0655-RBDUG,0.9997857,High,98.02898997366428,2026-03-21 14:00:05.577934,XGBoost
446,0655-YDGFJ,0.013443449,Low,0.6580568080302328,2026-03-21 14:00:05.577934,XGBoost
447,0657-DOGUM,0.09619806,Low,5.829602412879467,2026-03-21 14:00:05.577934,XGBoost
448,0661-KBKPA,0.0017386938,Low,0.1369221365894191,2026-03-21 14:00:05.577934,XGBoost
449,0661-KQHNK,0.00021269826,Low,0.004041266904096119,2026-03-21 14:00:05.577934,XGBoost
450,0661-WCQNQ,0.00017868262,Low,0.010050897253677249,2026-03-21 14:00:05.577934,XGBoost
451,0661-XEYAN,0.9996811,High,25.791772770881654,2026-03-21 14:00:05.577934,XGBoost
452,0665-XHDJU,7.4941e-05,Low,0.0074491356805083345,2026-03-21 14:00:05.577934,XGBoost
453,0666-UXTJO,0.00020999178,Low,0.017891299357870594,2026-03-21 14:00:05.577934,XGBoost
454,0667-NSRGI,0.06886268,Low,4.7893991589546205,2026-03-21 14:00:05.577934,XGBoost
455,0668-OGMHD,0.3582905,Low,10.211279064416885,2026-03-21 14:00:05.577934,XGBoost
456,0670-ANMUU,3.0000898e-05,Low,0.002929587672406342,2026-03-21 14:00:05.577934,XGBoost
457,0670-KDOMA,0.07600379,Low,1.5390767455101013,2026-03-21 14:00:05.577934,XGBoost
458,0673-IGUQO,0.00065068965,Low,0.01330660326348152,2026-03-21 14:00:05.577934,XGBoost
459,0674-DGMAQ,0.13314134,Low,12.448715180158615,2026-03-21 14:00:05.577934,XGBoost
460,0674-EYYZV,0.13780943,Low,7.531285108625888,2026-03-21 14:00:05.577934,XGBoost
461,0674-GCDXG,2.792397e-05,Low,0.0020077334620509646,2026-03-21 14:00:05.577934,XGBoost
462,0675-NCDYU,0.00014780408,Low,0.017204394849250095,2026-03-21 14:00:05.577934,XGBoost
463,0678-RLHVP,0.13496104,Low,14.245137648284436,2026-03-21 14:00:05.577934,XGBoost
464,0679-IDSTG,0.99962103,High,69.22375658154488,2026-03-21 14:00:05.577934,XGBoost
465,0679-TDGAK,6.240685e-05,Low,0.004711717090685852,2026-03-21 14:00:05.577934,XGBoost
466,0680-DFNNY,0.99950683,High,101.05014063119887,2026-03-21 14:00:05.577934,XGBoost
467,0682-USIXD,0.00091287424,Low,0.0785528282285668,2026-03-21 14:00:05.577934,XGBoost
468,0684-AOSIH,0.9998338,High,94.98421311378479,2026-03-21 14:00:05.577934,XGBoost
469,0685-MLYYM,0.99956733,High,70.71938858926296,2026-03-21 14:00:05.577934,XGBoost
470,0687-ZVTHB,0.609971,Medium,44.19239799678326,2026-03-21 14:00:05.577934,XGBoost
471,0689-DSXGL,5.9126676e-05,Low,0.0050730688184557945,2026-03-21 14:00:05.577934,XGBoost
472,0689-NKYLF,0.99820375,High,83.05055236816406,2026-03-21 14:00:05.577934,XGBoost
473,0690-SRQID,0.017017458,Low,0.334393042512238,2026-03-21 14:00:05.577934,XGBoost
474,0691-IFBQW,0.99897075,High,109.88678216934204,2026-03-21 14:00:05.577934,XGBoost
475,0691-JVSYA,0.06727267,Low,6.380812803283334,2026-03-21 14:00:05.577934,XGBoost
476,0691-NIKRI,0.0004412708,Low,0.04675264052784769,2026-03-21 14:00:05.577934,XGBoost
477,0696-UKTOX,0.44550136,Medium,24.12389849871397,2026-03-21 14:00:05.577934,XGBoost
478,0697-ZMSWS,0.99800056,High,85.47874815165997,2026-03-21 14:00:05.577934,XGBoost
479,0699-NDKJM,0.00021777395,Low,0.012794219655916095,2026-03-21 14:00:05.577934,XGBoost
480,0701-RFGFI,0.00013805885,Low,0.013170814386103303,2026-03-21 14:00:05.577934,XGBoost
481,0701-TJSEF,0.0001435599,Low,0.009797962968150387,2026-03-21 14:00:05.577934,XGBoost
482,0702-PGIBZ,0.99977726,High,101.67734708189964,2026-03-21 14:00:05.577934,XGBoost
483,0704-VCUMB,1.5133376e-05,Low,0.0003064508662191656,2026-03-21 14:00:05.577934,XGBoost
484,0707-HOVVN,3.021731e-05,Low,0.00228140692524903,2026-03-21 14:00:05.577934,XGBoost
485,0708-LGSMF,0.0004106772,Low,0.027043093340762422,2026-03-21 14:00:05.577934,XGBoost
486,0708-SJDIS,0.0003635509,Low,0.023630808864254504,2026-03-21 14:00:05.577934,XGBoost
487,0709-TVGUR,0.88105756,High,65.68284113109111,2026-03-21 14:00:05.577934,XGBoost
488,0716-BQNDX,0.016041314,Low,1.503873209003359,2026-03-21 14:00:05.577934,XGBoost
489,0719-SYFRB,0.83528966,High,51.49560736119747,2026-03-21 14:00:05.577934,XGBoost
490,0722-SVSFK,0.0002614437,Low,0.02624894710024819,2026-03-21 14:00:05.577934,XGBoost
491,0722-TROQR,0.9790454,High,73.330499792099,2026-03-21 14:00:05.577934,XGBoost
492,0723-DRCLG,0.9998635,High,74.43983797430992,2026-03-21 14:00:05.577934,XGBoost
493,0723-FDLAY,0.0005078868,Low,0.04329735077044461,2026-03-21 14:00:05.577934,XGBoost
494,0723-VSOBE,1.9494515e-05,Low,0.0006667124154773774,2026-03-21 14:00:05.577934,XGBoost
495,0725-CXOTM,0.065337084,Low,5.857469601556659,2026-03-21 14:00:05.577934,XGBoost
496,0727-BMPLR,0.999671,High,99.96709823608398,2026-03-21 14:00:05.577934,XGBoost
497,0727-BNRLG,3.8862043e-05,Low,0.0037948784849504594,2026-03-21 14:00:05.577934,XGBoost
498,0727-IWKVK,0.9987263,High,79.798232036829,2026-03-21 14:00:05.577934,XGBoost
499,0730-BGQGF,1.0327214e-05,Low,0.0009325474344223039,2026-03-21 14:00:05.577934,XGBoost
500,0730-KOAVE,0.16595095,Low,15.649174958467484,2026-03-21 14:00:05.577934,XGBoost
501,0731-EBJQB,4.484897e-05,Low,0.0009149189878371543,2026-03-21 14:00:05.577934,XGBoost
502,0732-OCQOC,0.00013051205,Low,0.0032693269313313067,2026-03-21 14:00:05.577934,XGBoost
503,0733-VUNUW,0.9988361,High,55.58522897064686,2026-03-21 14:00:05.577934,XGBoost
504,0734-OXWBT,4.9894497e-05,Low,0.0035275409627502086,2026-03-21 14:00:05.577934,XGBoost
505,0739-UUAJR,2.0724565e-05,Low,0.0011149815873068292,2026-03-21 14:00:05.577934,XGBoost
506,0742-LAFQK,4.956561e-05,Low,0.004914430183453078,2026-03-21 14:00:05.577934,XGBoost
507,0742-MOABM,0.9993837,High,50.01915358304977,2026-03-21 14:00:05.577934,XGBoost
508,0742-NXBGR,0.9948762,High,81.87831174731254,2026-03-21 14:00:05.577934,XGBoost
509,0743-HNPFG,2.0965554e-05,Low,0.0014623473657593422,2026-03-21 14:00:05.577934,XGBoost
510,0743-HRVFF,4.782984e-05,Low,0.002685645452947938,2026-03-21 14:00:05.577934,XGBoost
511,0744-BIKKF,0.0015879197,Low,0.1375932383700274,2026-03-21 14:00:05.577934,XGBoost
512,0744-GKNGE,0.003217885,Low,0.2793124212883413,2026-03-21 14:00:05.577934,XGBoost
513,0746-JTRFU,0.8875195,High,22.23236294388771,2026-03-21 14:00:05.577934,XGBoost
514,0748-RDGGM,0.99992895,High,109.49222016334534,2026-03-21 14:00:05.577934,XGBoost
515,0749-IRGQE,0.0006883276,Low,0.031181239953730254,2026-03-21 14:00:05.577934,XGBoost
516,0750-EBAIU,3.2110376e-05,Low,0.0029300718279046123,2026-03-21 14:00:05.577934,XGBoost
517,0750-EKNGL,0.00043326686,Low,0.008990287373308092,2026-03-21 14:00:05.577934,XGBoost
518,0754-EEBDC,0.0011373298,Low,0.022632863966282456,2026-03-21 14:00:05.577934,XGBoost
519,0754-UKWQP,0.82660574,High,79.23015991151333,2026-03-21 14:00:05.577934,XGBoost
520,0756-MPZRL,6.176535e-05,Low,0.0020814922791032586,2026-03-21 14:00:05.577934,XGBoost
521,0757-WCUUZ,1.1382697e-05,Low,0.0007210938718344551,2026-03-21 14:00:05.577934,XGBoost
522,0761-AETCS,0.99600023,High,19.222804445028306,2026-03-21 14:00:05.577934,XGBoost
523,0769-MURVM,2.8338204e-06,Low,0.00018618200142554999,2026-03-21 14:00:05.577934,XGBoost
524,0771-CHWSK,0.0010775985,Low,0.08038885130081325,2026-03-21 14:00:05.577934,XGBoost
525,0771-WLCLA,0.07332321,Low,8.281856859102845,2026-03-21 14:00:05.577934,XGBoost
526,0772-GYEQQ,0.9998561,High,88.33728770613669,2026-03-21 14:00:05.577934,XGBoost
527,0774-IFUVM,3.779326e-05,Low,0.002462230840319535,2026-03-21 14:00:05.577934,XGBoost
528,0774-RMNUW,1.460083e-05,Low,0.000871669531443331,2026-03-21 14:00:05.577934,XGBoost
529,0778-NELLA,0.9991315,High,34.66986307501793,2026-03-21 14:00:05.577934,XGBoost
530,0780-XNZFN,0.0003864821,Low,0.007980855461210011,2026-03-21 14:00:05.577934,XGBoost
531,0781-LKXBR,0.9334536,High,93.81208875775337,2026-03-21 14:00:05.577934,XGBoost
532,0784-GTUUK,0.0036232276,Low,0.08605165523476899,2026-03-21 14:00:05.577934,XGBoost
533,0784-ZQJZX,3.2140066e-05,Low,0.0006395873082510661,2026-03-21 14:00:05.577934,XGBoost
534,0786-IVLAW,0.00018761934,Low,0.020281650857941712,2026-03-21 14:00:05.577934,XGBoost
535,0786-VSSUD,0.9999354,High,38.997480154037476,2026-03-21 14:00:05.577934,XGBoost
536,0787-LHDYT,0.000543275,Low,0.011191464483272285,2026-03-21 14:00:05.577934,XGBoost
537,0788-DXBFY,0.015915517,Low,0.31114835273474456,2026-03-21 14:00:05.577934,XGBoost
538,0793-TWELN,0.00039605476,Low,0.03174378917028662,2026-03-21 14:00:05.577934,XGBoost
539,0794-YVSGE,0.00018231706,Low,0.003701036328857299,2026-03-21 14:00:05.577934,XGBoost
540,0795-GMVQO,0.00030666526,Low,0.03370251175365411,2026-03-21 14:00:05.577934,XGBoost
541,0795-LAFGP,2.179732e-05,Low,0.0019704776626895183,2026-03-21 14:00:05.577934,XGBoost
542,0795-XCCTE,8.670916e-05,Low,0.002202412625774741,2026-03-21 14:00:05.577934,XGBoost
543,0799-DDIHE,0.48942766,Medium,22.660500469803807,2026-03-21 14:00:05.577934,XGBoost
544,0804-XBFBV,0.00017206302,Low,0.004335988214006647,2026-03-21 14:00:05.577934,XGBoost
545,0804-YGEQV,0.01081448,Low,0.2644140250515193,2026-03-21 14:00:05.577934,XGBoost
546,0807-ZABDG,0.99929607,High,55.06121340990067,2026-03-21 14:00:05.577934,XGBoost
547,0810-BDHAW,0.42782676,Medium,33.54161815643311,2026-03-21 14:00:05.577934,XGBoost
548,0810-DHDBD,9.7714255e-06,Low,0.0007230854898807593,2026-03-21 14:00:05.577934,XGBoost
549,0811-GSDTP,0.00030558658,Low,0.009213435441779438,2026-03-21 14:00:05.577934,XGBoost
550,0812-WUPTB,0.9628805,High,68.220082873106,2026-03-21 14:00:05.577934,XGBoost
551,0813-TAXXS,0.00013986087,Low,0.010881175909889861,2026-03-21 14:00:05.577934,XGBoost
552,0815-MFZGM,0.01258832,Low,1.2462437096983194,2026-03-21 14:00:05.577934,XGBoost
553,0816-TSPHQ,0.11106673,Low,2.3046346232295036,2026-03-21 14:00:05.577934,XGBoost
554,0817-HSUSE,0.0018689273,Low,0.14110400882782415,2026-03-21 14:00:05.577934,XGBoost
555,0818-OCPZO,0.99950063,High,81.40932649970055,2026-03-21 14:00:05.577934,XGBoost
556,0820-FNRNX,0.0001203082,Low,0.008024556890450186,2026-03-21 14:00:05.577934,XGBoost
557,0822-GAVAP,0.4054896,Medium,14.070488902926446,2026-03-21 14:00:05.577934,XGBoost
558,0822-QGCXA,5.305661e-05,Low,0.004448796777069219,2026-03-21 14:00:05.577934,XGBoost
559,0823-HSCDJ,0.9991179,High,49.10664531886577,2026-03-21 14:00:05.577934,XGBoost
560,0824-VWDPO,0.064965576,Low,6.285419471561909,2026-03-21 14:00:05.577934,XGBoost
561,0825-CPPQH,0.00051495485,Low,0.00983563768095337,2026-03-21 14:00:05.577934,XGBoost
562,0827-ITJPH,0.00022873838,Low,0.004243097007565666,2026-03-21 14:00:05.577934,XGBoost
563,0829-DDVLK,0.004338475,Low,0.08720334637910128,2026-03-21 14:00:05.577934,XGBoost
564,0829-XXPLX,0.354498,Low,31.692121106386185,2026-03-21 14:00:05.577934,XGBoost
565,0831-JNISG,1.7600845e-05,Low,0.00034849673575081396,2026-03-21 14:00:05.577934,XGBoost
566,0835-DUUIQ,7.394575e-05,Low,0.001556557961885119,2026-03-21 14:00:05.577934,XGBoost
567,0835-JKADZ,0.00011098138,Low,0.012346678749963758,2026-03-21 14:00:05.577934,XGBoost
568,0836-SEYLU,0.99976677,High,40.640519079566,2026-03-21 14:00:05.577934,XGBoost
569,0839-JTCUD,0.0008075467,Low,0.07259845007793048,2026-03-21 14:00:05.577934,XGBoost
570,0839-QNXME,0.003635871,Low,0.07053589723072945,2026-03-21 14:00:05.577934,XGBoost
571,0840-DCNZE,7.7484816e-05,Low,0.006737304737907834,2026-03-21 14:00:05.577934,XGBoost
572,0840-DFEZH,0.00053048145,Low,0.03997177762794308,2026-03-21 14:00:05.577934,XGBoost
573,0841-NULXI,0.94810355,High,33.70508109927177,2026-03-21 14:00:05.577934,XGBoost
574,0842-IWYCP,0.00035435864,Low,0.01592842066020239,2026-03-21 14:00:05.577934,XGBoost
575,0843-WTBXE,0.9991829,High,85.38017708957196,2026-03-21 14:00:05.577934,XGBoost
576,0847-HGRML,2.8107701e-05,Low,0.0005621540185529739,2026-03-21 14:00:05.577934,XGBoost
577,0848-SOMKO,0.022162342,Low,1.072657374292612,2026-03-21 14:00:05.577934,XGBoost
578,0848-ZGQIJ,0.0016809024,Low,0.15909741577925163,2026-03-21 14:00:05.577934,XGBoost
579,0851-DFJKB,0.00028950625,Low,0.017066393427376172,2026-03-21 14:00:05.577934,XGBoost
580,0853-NWIFK,8.501736e-05,Low,0.008527241218689596,2026-03-21 14:00:05.577934,XGBoost
581,0853-TWRVK,0.0004197689,Low,0.04432759713381529,2026-03-21 14:00:05.577934,XGBoost
582,0854-UYHZD,1.8178138e-05,Low,0.0003553825960807444,2026-03-21 14:00:05.577934,XGBoost
583,0856-NAOES,0.020833982,Low,1.2687895132228733,2026-03-21 14:00:05.577934,XGBoost
584,0859-YGKFW,5.3669963e-05,Low,0.0010760827512058314,2026-03-21 14:00:05.577934,XGBoost
585,0862-PRCBS,0.00010465769,Low,0.0108582350458164,2026-03-21 14:00:05.577934,XGBoost
586,0864-FVJNJ,2.1382908e-05,Low,0.002423752623690234,2026-03-21 14:00:05.577934,XGBoost
587,0866-QLSIR,0.78225815,High,50.377425050735475,2026-03-21 14:00:05.577934,XGBoost
588,0867-LDTTC,0.15710475,Low,11.80642162486911,2026-03-21 14:00:05.577934,XGBoost
589,0867-MKZVY,0.998917,High,82.31075944900513,2026-03-21 14:00:05.577934,XGBoost
590,0868-VJRDR,0.00023377045,Low,0.02432381532198633,2026-03-21 14:00:05.577934,XGBoost
591,0869-PAPRP,0.00014209123,Low,0.012177218442957383,2026-03-21 14:00:05.577934,XGBoost
592,0870-VEMYL,0.67599416,Medium,36.402285397052765,2026-03-21 14:00:05.577934,XGBoost
593,0871-OPBXW,0.19864176,Low,3.9827673308551312,2026-03-21 14:00:05.577934,XGBoost
594,0871-URUWO,0.90632784,High,92.67202201485634,2026-03-21 14:00:05.577934,XGBoost
595,0872-CASZJ,0.00013801976,Low,0.009537165731308049,2026-03-21 14:00:05.577934,XGBoost
596,0872-JCPIB,0.0002483461,Low,0.016328756035363767,2026-03-21 14:00:05.577934,XGBoost
597,0872-NXJYS,0.99628925,High,79.25481009483337,2026-03-21 14:00:05.577934,XGBoost
598,0875-CABNR,0.99943084,High,84.55184866189956,2026-03-21 14:00:05.577934,XGBoost
599,0876-WDUUZ,0.99909186,High,85.32244515419006,2026-03-21 14:00:05.577934,XGBoost
600,0877-SDMBN,0.9995498,High,103.9032023459673,2026-03-21 14:00:05.577934,XGBoost
601,0880-FVFWF,3.1428397e-05,Low,0.0027154135052114728,2026-03-21 14:00:05.577934,XGBoost
602,0880-TKATG,0.9997862,High,101.12837394177915,2026-03-21 14:00:05.577934,XGBoost
603,0883-EIBTI,0.998741,High,19.475448936223984,2026-03-21 14:00:05.577934,XGBoost
604,0885-HMGPY,0.01031302,Low,0.7157235940918327,2026-03-21 14:00:05.577934,XGBoost
605,0886-QGENL,0.8193485,High,82.95903705060482,2026-03-21 14:00:05.577934,XGBoost
606,0887-HJGAR,0.99981195,High,45.69140599370003,2026-03-21 14:00:05.577934,XGBoost
607,0887-WBJVH,0.00010995234,Low,0.01027504648482136,2026-03-21 14:00:05.577934,XGBoost
608,0895-DQHEW,0.8176436,High,85.28022568821906,2026-03-21 14:00:05.577934,XGBoost
609,0895-LMRSF,2.2748003e-05,Low,0.0014763454060812366,2026-03-21 14:00:05.577934,XGBoost
610,0895-LNKRC,4.1496856e-05,Low,0.0008071138547165901,2026-03-21 14:00:05.577934,XGBoost
611,0895-UADGO,0.10798373,Low,4.81067520417273,2026-03-21 14:00:05.577934,XGBoost
612,0897-FEGMU,0.99992263,High,99.49230200052261,2026-03-21 14:00:05.577934,XGBoost
613,0898-XCGTF,4.6443784e-05,Low,0.004481825108086923,2026-03-21 14:00:05.577934,XGBoost
614,0899-LIIBW,0.10968335,Low,11.061565820127726,2026-03-21 14:00:05.577934,XGBoost
615,0899-WZRSD,0.00012172665,Low,0.012823902281888877,2026-03-21 14:00:05.577934,XGBoost
616,0902-RFHOF,2.8186323e-05,Low,0.0005665450944434269,2026-03-21 14:00:05.577934,XGBoost
617,0902-XKXPN,0.00061075826,Low,0.012337316840421409,2026-03-21 14:00:05.577934,XGBoost
618,0906-QVPMS,8.0689846e-05,Low,0.009291435775230639,2026-03-21 14:00:05.577934,XGBoost
619,0907-HQNTS,0.00035007612,Low,0.03955860191490501,2026-03-21 14:00:05.577934,XGBoost
620,0909-SDHNU,0.0001300214,Low,0.0038746379053918646,2026-03-21 14:00:05.577934,XGBoost
621,0909-SELIE,0.014986523,Low,1.2109110929071902,2026-03-21 14:00:05.577934,XGBoost
622,0913-XWSCN,7.538452e-05,Low,0.006445376748160925,2026-03-21 14:00:05.577934,XGBoost
623,0916-KNFAJ,0.0021425376,Low,0.1497633795021102,2026-03-21 14:00:05.577934,XGBoost
624,0916-QOFDP,0.00057870586,Low,0.055440021550748494,2026-03-21 14:00:05.577934,XGBoost
625,0917-EZOLA,0.819837,High,85.38602085709573,2026-03-21 14:00:05.577934,XGBoost
626,0921-OHLVP,0.0004374885,Low,0.03633341896056663,2026-03-21 14:00:05.577934,XGBoost
627,0923-PNFUB,0.913121,High,76.47388249635696,2026-03-21 14:00:05.577934,XGBoost
628,0924-BJCRC,0.0003585125,Low,0.032068943901686,2026-03-21 14:00:05.577934,XGBoost
629,0925-VYDLG,0.99932206,High,75.19898477196693,2026-03-21 14:00:05.577934,XGBoost
630,0927-CNGRH,0.00082848006,Low,0.016196785113424993,2026-03-21 14:00:05.577934,XGBoost
631,0927-LCSMG,0.8109141,High,60.53473750650883,2026-03-21 14:00:05.577934,XGBoost
632,0928-JMXNP,0.00022681554,Low,0.006781784548365977,2026-03-21 14:00:05.577934,XGBoost
633,0928-XUTSN,0.00010567325,Low,0.008506696689437376,2026-03-21 14:00:05.577934,XGBoost
634,0929-HYQEW,0.0005293687,Low,0.026547840257990174,2026-03-21 14:00:05.577934,XGBoost
635,0929-PECLO,0.00045633962,Low,0.04088803008198738,2026-03-21 14:00:05.577934,XGBoost
636,0930-EHUZA,9.988488e-05,Low,0.007626210379748954,2026-03-21 14:00:05.577934,XGBoost
637,0931-MHTEM,0.11451079,Low,11.456804490834473,2026-03-21 14:00:05.577934,XGBoost
638,0932-YIXYU,1.3879293e-05,Low,0.00028105568253522506,2026-03-21 14:00:05.577934,XGBoost
639,0936-NQLJU,0.04819713,Low,0.995270767621696,2026-03-21 14:00:05.577934,XGBoost
640,0939-EREMR,8.703838e-05,Low,0.00465220146579668,2026-03-21 14:00:05.577934,XGBoost
641,0939-YAPAF,0.9375054,High,93.98491875827312,2026-03-21 14:00:05.577934,XGBoost
642,0940-OUQEC,0.7656919,High,61.79133442640305,2026-03-21 14:00:05.577934,XGBoost
643,0942-KOWSM,4.6207126e-05,Low,0.003733535757055506,2026-03-21 14:00:05.577934,XGBoost
644,0943-ZQPXH,0.068403475,Low,6.35810300000012,2026-03-21 14:00:05.577934,XGBoost
645,0945-TSONX,0.00019306253,Low,0.01646823376067914,2026-03-21 14:00:05.577934,XGBoost
646,0946-CLJTI,0.9998167,High,98.68190984129906,2026-03-21 14:00:05.577934,XGBoost
647,0946-FKYTX,0.00018501817,Low,0.0055690469918772585,2026-03-21 14:00:05.577934,XGBoost
648,0947-IDHRQ,0.744626,High,59.7934666454792,2026-03-21 14:00:05.577934,XGBoost
649,0947-MUGVO,0.9958949,High,73.34766004085542,2026-03-21 14:00:05.577934,XGBoost
650,0952-KMEEH,0.9997397,High,98.1244521945715,2026-03-21 14:00:05.577934,XGBoost
651,0953-LGOVU,0.048375368,Low,1.7173255681991577,2026-03-21 14:00:05.577934,XGBoost
652,0956-ACVZC,0.0073097507,Low,0.6878475365228951,2026-03-21 14:00:05.577934,XGBoost
653,0956-SYCWG,0.0008640239,Low,0.01697807012242265,2026-03-21 14:00:05.577934,XGBoost
654,0958-YHXGP,0.4450154,Medium,31.106576505303387,2026-03-21 14:00:05.577934,XGBoost
655,0959-WHOKV,0.00061895995,Low,0.06127703521633521,2026-03-21 14:00:05.577934,XGBoost
656,0960-HUWBM,2.994282e-05,Low,0.0031170474901955456,2026-03-21 14:00:05.577934,XGBoost
657,0961-ZWLVI,2.8485027e-05,Low,0.003110564908274682,2026-03-21 14:00:05.577934,XGBoost
658,0962-CQPWQ,1.8549714e-05,Low,0.0003765591898627463,2026-03-21 14:00:05.577934,XGBoost
659,0963-ZBDRN,0.9992849,High,96.13120959997177,2026-03-21 14:00:05.577934,XGBoost
660,0967-BMLBD,0.0022428338,Low,0.04485667683184147,2026-03-21 14:00:05.577934,XGBoost
661,0968-GSIKN,0.9832117,High,69.61138808727264,2026-03-21 14:00:05.577934,XGBoost
662,0969-RGKCU,1.850893e-05,Low,0.0003664768184535205,2026-03-21 14:00:05.577934,XGBoost
663,0970-ETWGE,0.99979717,High,89.53183616101741,2026-03-21 14:00:05.577934,XGBoost
664,0970-QXPXW,0.0004974882,Low,0.00977564290515147,2026-03-21 14:00:05.577934,XGBoost
665,0971-QIFJK,5.057319e-05,Low,0.0012263998914932017,2026-03-21 14:00:05.577934,XGBoost
666,0973-KYVNF,0.0008297608,Low,0.05862260052817874,2026-03-21 14:00:05.577934,XGBoost
667,0975-UYDTX,0.0001706847,Low,0.015378691114892717,2026-03-21 14:00:05.577934,XGBoost
668,0975-VOOVL,0.0004110454,Low,0.012002525338903069,2026-03-21 14:00:05.577934,XGBoost
669,0979-MOZQI,0.001164148,Low,0.04540177120361477,2026-03-21 14:00:05.577934,XGBoost
670,0979-PHULV,0.93010753,High,92.49919424951077,2026-03-21 14:00:05.577934,XGBoost
671,0980-FEXWF,1.7920465e-05,Low,0.0009022954291140195,2026-03-21 14:00:05.577934,XGBoost
672,0980-PVMRC,0.00023774701,Low,0.012089435367670376,2026-03-21 14:00:05.577934,XGBoost
673,0983-TATYJ,0.000119804376,Low,0.006163935123186093,2026-03-21 14:00:05.577934,XGBoost
674,0988-AADSA,1.4991771e-05,Low,0.0012120847195092209,2026-03-21 14:00:05.577934,XGBoost
675,0988-JRWWP,0.118100494,Low,6.40104678273201,2026-03-21 14:00:05.577934,XGBoost
676,0991-BRRFB,0.86583,High,42.77200220823288,2026-03-21 14:00:05.577934,XGBoost
677,0993-OSGPT,2.3526689e-05,Low,0.0014268936813095934,2026-03-21 14:00:05.577934,XGBoost
678,0997-YTLNY,0.010764157,Low,0.5252908810973167,2026-03-21 14:00:05.577934,XGBoost
679,0999-QXNSA,0.00032399263,Low,0.014822662822552957,2026-03-21 14:00:05.577934,XGBoost
680,1000-AJSLD,0.9161127,High,18.413865691423418,2026-03-21 14:00:05.577934,XGBoost
681,1004-NOZNR,0.000121705874,Low,0.011537716886959969,2026-03-21 14:00:05.577934,XGBoost
682,1009-IRMNA,0.9991026,High,19.982051849365234,2026-03-21 14:00:05.577934,XGBoost
683,1010-DIAUQ,0.9997608,High,96.47691783308983,2026-03-21 14:00:05.577934,XGBoost
684,1013-QCWAM,0.00042163397,Low,0.04250070448033511,2026-03-21 14:00:05.577934,XGBoost
685,1015-JPFYW,0.00021651431,Low,0.004211203304294031,2026-03-21 14:00:05.577934,XGBoost
686,1015-OWJKI,0.001202027,Low,0.0228986136673484,2026-03-21 14:00:05.577934,XGBoost
687,1016-DJTSV,7.530362e-05,Low,0.005248662453232101,2026-03-21 14:00:05.577934,XGBoost
688,1017-FBQMM,0.0016964944,Low,0.17991323196329176,2026-03-21 14:00:05.577934,XGBoost
689,1020-JPQOW,5.308581e-05,Low,0.004806919983093394,2026-03-21 14:00:05.577934,XGBoost
690,1022-RKXDR,3.0057228e-05,Low,0.0007469221229257528,2026-03-21 14:00:05.577934,XGBoost
691,1023-BQXZE,0.0015891191,Low,0.11815100397798232,2026-03-21 14:00:05.577934,XGBoost
692,1024-GUALD,0.99962485,High,24.790696239471437,2026-03-21 14:00:05.577934,XGBoost
693,1024-KPRBB,0.0005873582,Low,0.05233361541177146,2026-03-21 14:00:05.577934,XGBoost
694,1024-VRZHF,0.93899125,High,70.37739408314228,2026-03-21 14:00:05.577934,XGBoost
695,1025-FALIX,5.5303033e-05,Low,0.003818674439025926,2026-03-21 14:00:05.577934,XGBoost
696,1027-LKKQQ,1.686395e-05,Low,0.0013567048422373773,2026-03-21 14:00:05.577934,XGBoost
697,1028-FFNJK,0.26104385,Low,26.495950430631638,2026-03-21 14:00:05.577934,XGBoost
698,1029-QFBEN,0.72775906,High,14.22768968641758,2026-03-21 14:00:05.577934,XGBoost
699,1031-IIDEO,0.9743304,High,69.03131062984465,2026-03-21 14:00:05.577934,XGBoost
700,1032-MAELW,0.00049147377,Low,0.03855611690960359,2026-03-21 14:00:05.577934,XGBoost
701,1035-IPQPU,0.00016974869,Low,0.017568989183928352,2026-03-21 14:00:05.577934,XGBoost
702,1036-GUDCL,0.00013040545,Low,0.01030855049175443,2026-03-21 14:00:05.577934,XGBoost
703,1038-RQOST,3.274736e-05,Low,0.0006745956328813919,2026-03-21 14:00:05.577934,XGBoost
704,1038-ZAGBI,0.9974349,High,19.749211299419404,2026-03-21 14:00:05.577934,XGBoost
705,1041-RXHRA,0.5561403,Medium,39.068856328725815,2026-03-21 14:00:05.577934,XGBoost
706,1042-HFUCW,4.7238655e-06,Low,0.00025863163386929955,2026-03-21 14:00:05.577934,XGBoost
707,1043-UXOVO,2.9565324e-05,Low,0.003345316460308823,2026-03-21 14:00:05.577934,XGBoost
708,1043-YCUTE,0.79426366,High,19.975731071829795,2026-03-21 14:00:05.577934,XGBoost
709,1045-LTCYT,0.010249763,Low,0.21575750685296954,2026-03-21 14:00:05.577934,XGBoost
710,1047-NNCBF,1.278261e-05,Low,0.0009018131144330255,2026-03-21 14:00:05.577934,XGBoost
711,1047-RNXZV,0.0038296157,Low,0.07486898608040064,2026-03-21 14:00:05.577934,XGBoost
712,1049-FYSYG,0.0008015984,Low,0.028576983686070888,2026-03-21 14:00:05.577934,XGBoost
713,1051-EQPZR,7.890888e-05,Low,0.00154661406413652,2026-03-21 14:00:05.577934,XGBoost
714,1051-GEJLJ,0.022283833,Low,0.43453475274145603,2026-03-21 14:00:05.577934,XGBoost
715,1052-QJIBV,4.4418243e-06,Low,8.839230417834187e-05,2026-03-21 14:00:05.577934,XGBoost
716,1053-MXTTK,2.3619286e-05,Low,0.002566235463746125,2026-03-21 14:00:05.577934,XGBoost
717,1057-FOGLZ,3.5407367e-05,Low,0.0006957547664569574,2026-03-21 14:00:05.577934,XGBoost
718,1060-ENTOF,0.0020287712,Low,0.21383248558267953,2026-03-21 14:00:05.577934,XGBoost
719,1061-PNTHC,0.0041748136,Low,0.4575595736503601,2026-03-21 14:00:05.577934,XGBoost
720,1062-LHZOD,0.9995359,High,69.86756068468094,2026-03-21 14:00:05.577934,XGBoost
721,1063-DHQJF,3.4892516e-06,Low,0.00032153453859109506,2026-03-21 14:00:05.577934,XGBoost
722,1064-FBXNK,7.4437144e-06,Low,0.00014775773017845496,2026-03-21 14:00:05.577934,XGBoost
723,1066-JKSGK,0.9985512,High,20.120806476473806,2026-03-21 14:00:05.577934,XGBoost
724,1069-QJOEE,0.0017449695,Low,0.03472489335108548,2026-03-21 14:00:05.577934,XGBoost
725,1069-XAIEM,0.9997757,High,85.03092394173144,2026-03-21 14:00:05.577934,XGBoost
726,1073-XXCZD,0.15087435,Low,3.877470704913139,2026-03-21 14:00:05.577934,XGBoost
727,1074-AMIOH,0.035426278,Low,3.8348945574834943,2026-03-21 14:00:05.577934,XGBoost
728,1074-WVEVG,1.09811635e-05,Low,0.00022346667806232292,2026-03-21 14:00:05.577934,XGBoost
729,1075-BGWOH,0.99984014,High,98.73421385884285,2026-03-21 14:00:05.577934,XGBoost
730,1077-HUUJM,0.00013986648,Low,0.009937513074692105,2026-03-21 14:00:05.577934,XGBoost
731,1078-TDCRN,0.00055438105,Low,0.017047217435901985,2026-03-21 14:00:05.577934,XGBoost
732,1080-BWSYE,0.0005044333,Low,0.012938713986659422,2026-03-21 14:00:05.577934,XGBoost
733,1084-MNSMJ,0.0002082769,Low,0.017807675467338413,2026-03-21 14:00:05.577934,XGBoost
734,1084-UQCHV,0.9830419,High,68.56717130541801,2026-03-21 14:00:05.577934,XGBoost
735,1085-LDWAM,3.7760371e-06,Low,7.684235594069834e-05,2026-03-21 14:00:05.577934,XGBoost
736,1086-LXKFY,0.9996234,High,69.07397817373275,2026-03-21 14:00:05.577934,XGBoost
737,1087-GRUYI,0.020874409,Low,0.42583794370293615,2026-03-21 14:00:05.577934,XGBoost
738,1087-UDSIH,0.998615,High,19.57285451889038,2026-03-21 14:00:05.577934,XGBoost
739,1088-AUUZZ,3.126604e-05,Low,0.002371529235097114,2026-03-21 14:00:05.577934,XGBoost
740,1088-CNNKB,0.00019385054,Low,0.015508043579757214,2026-03-21 14:00:05.577934,XGBoost
741,1089-HDMKP,0.0004732792,Low,0.025817379586806053,2026-03-21 14:00:05.577934,XGBoost
742,1089-XZWHH,6.3621037e-06,Low,0.00012533344297480654,2026-03-21 14:00:05.577934,XGBoost
743,1090-ESELR,0.00015915954,Low,0.016791330999694765,2026-03-21 14:00:05.577934,XGBoost
744,1090-PYKCI,0.00040074153,Low,0.042117934423731636,2026-03-21 14:00:05.577934,XGBoost
745,1091-SOZGA,0.00013321407,Low,0.013294763918383978,2026-03-21 14:00:05.577934,XGBoost
746,1092-GANHU,0.9977367,High,76.47651747465135,2026-03-21 14:00:05.577934,XGBoost
747,1092-WPIVQ,7.5317457e-06,Low,0.00018904681764979616,2026-03-21 14:00:05.577934,XGBoost
748,1093-YSWCA,0.0005262884,Low,0.010288938373560087,2026-03-21 14:00:05.577934,XGBoost
749,1094-BKOSX,0.00011090034,Low,0.005655917462718207,2026-03-21 14:00:05.577934,XGBoost
750,1095-JUDTC,0.8150981,High,77.47507505714893,2026-03-21 14:00:05.577934,XGBoost
751,1095-WGNGG,0.000110474146,Low,0.011163412444511777,2026-03-21 14:00:05.577934,XGBoost
752,1096-ADRUX,3.4775574e-05,Low,0.002582086371148762,2026-03-21 14:00:05.577934,XGBoost
753,1097-FSPVW,0.068567954,Low,3.7403818909078836,2026-03-21 14:00:05.577934,XGBoost
754,1098-KFQEC,3.878444e-05,Low,0.0007524181579356081,2026-03-21 14:00:05.577934,XGBoost
755,1098-TDVUQ,0.28641143,Low,5.513420112431049,2026-03-21 14:00:05.577934,XGBoost
756,1099-BTKWT,0.05724031,Low,3.1138729214668275,2026-03-21 14:00:05.577934,XGBoost
757,1099-GODLO,0.00013301377,Low,0.002706830316310516,2026-03-21 14:00:05.577934,XGBoost
758,1100-DDVRV,0.00061550766,Low,0.030652281234506515,2026-03-21 14:00:05.577934,XGBoost
759,1101-SSWAG,0.00048110483,Low,0.024584456684533507,2026-03-21 14:00:05.577934,XGBoost
760,1104-FEJAM,0.00010370458,Low,0.006678574977559038,2026-03-21 14:00:05.577934,XGBoost
761,1104-TNLZA,0.35346442,Low,37.39653612375259,2026-03-21 14:00:05.577934,XGBoost
762,1106-HRLKZ,8.122114e-06,Low,0.00015919343823043164,2026-03-21 14:00:05.577934,XGBoost
763,1110-KYLGQ,7.920561e-05,Low,0.008574007166316733,2026-03-21 14:00:05.577934,XGBoost
764,1112-CUNAO,0.9994529,High,89.80084207355975,2026-03-21 14:00:05.577934,XGBoost
765,1113-IUJYX,0.99925774,High,105.87135790884496,2026-03-21 14:00:05.577934,XGBoost
766,1114-CENIM,0.9976156,High,54.86885666847229,2026-03-21 14:00:05.577934,XGBoost
767,1116-DXXDF,0.0012810786,Low,0.12868434091215022,2026-03-21 14:00:05.577934,XGBoost
768,1116-FRYVH,1.1294721e-05,Low,0.00044501200482045534,2026-03-21 14:00:05.577934,XGBoost
769,1120-BMWUB,0.94124556,High,50.73313546180725,2026-03-21 14:00:05.577934,XGBoost
770,1121-QSIVB,1.9775403e-05,Low,0.0015335825349211518,2026-03-21 14:00:05.577934,XGBoost
771,1122-JWTJW,0.99904937,High,70.58283767402173,2026-03-21 14:00:05.577934,XGBoost
772,1122-YJBCS,4.7896843e-05,Low,0.0025696656361105853,2026-03-21 14:00:05.577934,XGBoost
773,1125-SNVCK,0.05907862,Low,2.5876435071229933,2026-03-21 14:00:05.577934,XGBoost
774,1131-ALZWV,0.00013132236,Low,0.0032305301050655545,2026-03-21 14:00:05.577934,XGBoost
775,1131-QQZEB,0.000235721,Low,0.005645518028177321,2026-03-21 14:00:05.577934,XGBoost
776,1131-SUEKT,1.6501386e-05,Low,0.0016245614712715906,2026-03-21 14:00:05.577934,XGBoost
777,1133-KXCGE,1.1618384e-05,Low,0.00023352951284323354,2026-03-21 14:00:05.577934,XGBoost
778,1134-YWTYF,0.15570247,Low,8.376792979240417,2026-03-21 14:00:05.577934,XGBoost
779,1135-HIORI,0.0020326162,Low,0.22653507278300822,2026-03-21 14:00:05.577934,XGBoost
780,1135-LMECX,0.00024934614,Low,0.0049495208018925044,2026-03-21 14:00:05.577934,XGBoost
781,1136-XGEQU,0.00013895018,Low,0.011692658060928807,2026-03-21 14:00:05.577934,XGBoost
782,1137-DGOWI,0.033886362,Low,2.380516921170056,2026-03-21 14:00:05.577934,XGBoost
783,1139-WUOAH,0.00059180846,Low,0.031572981574572626,2026-03-21 14:00:05.577934,XGBoost
784,1140-UKVZG,0.23668258,Low,5.869727957248688,2026-03-21 14:00:05.577934,XGBoost
785,1142-IHLOO,4.4790544e-05,Low,0.003921412131785473,2026-03-21 14:00:05.577934,XGBoost
786,1142-WACZW,0.9997031,High,29.841137811541557,2026-03-21 14:00:05.577934,XGBoost
787,1143-NMNQJ,0.998514,High,85.57264950871468,2026-03-21 14:00:05.577934,XGBoost
788,1150-FTQGN,1.4680946e-05,Low,0.0013822110801356758,2026-03-21 14:00:05.577934,XGBoost
789,1150-WFARN,0.9992513,High,108.66857953369617,2026-03-21 14:00:05.577934,XGBoost
790,1153-GNOLC,0.0002514844,Low,0.009833039826480672,2026-03-21 14:00:05.577934,XGBoost
791,1154-HYWWO,0.08707598,Low,6.147564083337783,2026-03-21 14:00:05.577934,XGBoost
792,1156-ZFYDO,0.00038931315,Low,0.007688934725592844,2026-03-21 14:00:05.577934,XGBoost
793,1157-BQCUW,0.99981445,High,74.93609308302403,2026-03-21 14:00:05.577934,XGBoost
794,1159-WFSGR,5.561209e-05,Low,0.0011344866434228607,2026-03-21 14:00:05.577934,XGBoost
795,1162-ECVII,0.00018714175,Low,0.020538806846161606,2026-03-21 14:00:05.577934,XGBoost
796,1163-ONYEY,0.0010525866,Low,0.07847033062716946,2026-03-21 14:00:05.577934,XGBoost
797,1163-VIPRI,4.61792e-05,Low,0.005047386623482452,2026-03-21 14:00:05.577934,XGBoost
798,1166-PQLGG,0.0006210435,Low,0.012141400325344876,2026-03-21 14:00:05.577934,XGBoost
799,1167-OYZJF,0.001594187,Low,0.03196344921598211,2026-03-21 14:00:05.577934,XGBoost
800,1169-SAOCL,0.00017246595,Low,0.018393493817711715,2026-03-21 14:00:05.577934,XGBoost
801,1169-WCVAK,0.00013843956,Low,0.012293432769365608,2026-03-21 14:00:05.577934,XGBoost
802,1170-SASML,8.831479e-05,Low,0.007542082871077583,2026-03-21 14:00:05.577934,XGBoost
803,1171-TYKUR,0.00038117435,Low,0.009681828535394742,2026-03-21 14:00:05.577934,XGBoost
804,1172-VIYBP,1.8138224e-05,Low,0.0012642342004255626,2026-03-21 14:00:05.577934,XGBoost
805,1173-NOEYG,0.09020855,Low,8.132301032915711,2026-03-21 14:00:05.577934,XGBoost
806,1173-XZPYF,5.1112387e-05,Low,0.004559224934200756,2026-03-21 14:00:05.577934,XGBoost
807,1174-FGIFN,0.00091565563,Low,0.08282105204416439,2026-03-21 14:00:05.577934,XGBoost
808,1177-XZBJL,7.896376e-06,Low,0.0005065525070222066,2026-03-21 14:00:05.577934,XGBoost
809,1178-PZGAB,0.009577317,Low,0.193940672557801,2026-03-21 14:00:05.577934,XGBoost
810,1179-INLAT,3.1000967e-05,Low,0.0006029688136550248,2026-03-21 14:00:05.577934,XGBoost
811,1183-CANVH,0.00017565426,Low,0.010539255745243281,2026-03-21 14:00:05.577934,XGBoost
812,1184-PJVDB,0.80992585,High,64.75357204377651,2026-03-21 14:00:05.577934,XGBoost
813,1187-WILMM,0.016303182,Low,1.457504439353943,2026-03-21 14:00:05.577934,XGBoost
814,1193-RTSLK,0.99691343,High,83.64103703498841,2026-03-21 14:00:05.577934,XGBoost
815,1194-BHJYC,6.2885425e-05,Low,0.003908329163459711,2026-03-21 14:00:05.577934,XGBoost
816,1194-HVAIF,0.16975537,Low,16.126760095357895,2026-03-21 14:00:05.577934,XGBoost
817,1194-SPVSP,0.18790045,Low,3.6922439172863957,2026-03-21 14:00:05.577934,XGBoost
818,1195-OIYEJ,0.9823508,High,89.49216027259826,2026-03-21 14:00:05.577934,XGBoost
819,1196-AMORA,0.99941885,High,73.55722770690917,2026-03-21 14:00:05.577934,XGBoost
820,1197-BVMVG,0.0010981131,Low,0.08175452286377549,2026-03-21 14:00:05.577934,XGBoost
821,1200-TUZHR,4.1962012e-05,Low,0.0035751634131884202,2026-03-21 14:00:05.577934,XGBoost
822,1202-KKGFU,0.0006783909,Low,0.03676878703990951,2026-03-21 14:00:05.577934,XGBoost
823,1205-WNWPJ,0.99770063,High,59.363187581300735,2026-03-21 14:00:05.577934,XGBoost
824,1206-EHBDD,0.006014755,Low,0.4829848261550069,2026-03-21 14:00:05.577934,XGBoost
825,1207-BLKSA,3.48688e-06,Low,8.037258180593199e-05,2026-03-21 14:00:05.577934,XGBoost
826,1208-DNHLN,0.9991098,High,48.30695905387402,2026-03-21 14:00:05.577934,XGBoost
827,1208-NBVFH,0.039851643,Low,1.9766414999961854,2026-03-21 14:00:05.577934,XGBoost
828,1209-VFFOC,1.2292675e-05,Low,0.0006933068649232155,2026-03-21 14:00:05.577934,XGBoost
829,1212-GLHMD,3.0749397e-05,Low,0.00264598564717744,2026-03-21 14:00:05.577934,XGBoost
830,1213-NGCUN,0.99873143,High,49.58701571524143,2026-03-21 14:00:05.577934,XGBoost
831,1215-EXRMO,0.006441843,Low,0.13237987838219853,2026-03-21 14:00:05.577934,XGBoost
832,1215-FIGMP,3.4120607e-05,Low,0.0030674425575853096,2026-03-21 14:00:05.577934,XGBoost
833,1215-VFYVK,0.00011441233,Low,0.005520394957784447,2026-03-21 14:00:05.577934,XGBoost
834,1216-BGTSP,0.00024281857,Low,0.02633367380258278,2026-03-21 14:00:05.577934,XGBoost
835,1216-JWVUX,0.00023533903,Low,0.017768096768122632,2026-03-21 14:00:05.577934,XGBoost
836,1217-VASWC,0.11339335,Low,11.401701486855744,2026-03-21 14:00:05.577934,XGBoost
837,1218-VKFPE,0.0046787863,Low,0.08889693906530738,2026-03-21 14:00:05.577934,XGBoost
838,1219-NNDDO,0.00012878294,Low,0.009896968660177662,2026-03-21 14:00:05.577934,XGBoost
839,1221-GHZEP,2.7929082e-05,Low,0.0018181832137997842,2026-03-21 14:00:05.577934,XGBoost
840,1222-KJNZD,0.0061951857,Low,0.1263817884027958,2026-03-21 14:00:05.577934,XGBoost
841,1222-LRYKO,0.0003481929,Low,0.009174882956722285,2026-03-21 14:00:05.577934,XGBoost
842,1223-UNPKS,1.3285239e-05,Low,0.000266369046357795,2026-03-21 14:00:05.577934,XGBoost
843,1226-IENZN,0.39391717,Low,31.02097738534212,2026-03-21 14:00:05.577934,XGBoost
844,1226-JZNKR,0.002739983,Low,0.05425166166387498,2026-03-21 14:00:05.577934,XGBoost
845,1226-UDFZR,0.65756994,Medium,32.615469264984135,2026-03-21 14:00:05.577934,XGBoost
846,1227-UDMZR,6.039728e-05,Low,0.0055052121013432044,2026-03-21 14:00:05.577934,XGBoost
847,1228-FZFRV,0.88651264,High,93.92601390480995,2026-03-21 14:00:05.577934,XGBoost
848,1228-ZLNBX,0.00022184514,Low,0.016704939110786653,2026-03-21 14:00:05.577934,XGBoost
849,1229-RCALF,0.00017538683,Low,0.02016948514210526,2026-03-21 14:00:05.577934,XGBoost
850,1230-QAJDW,3.1750278e-05,Low,0.002071705648631905,2026-03-21 14:00:05.577934,XGBoost
851,1231-YNDEK,0.0020069394,Low,0.03843288911739364,2026-03-21 14:00:05.577934,XGBoost
852,1236-WFCDV,0.99959904,High,90.4137331277132,2026-03-21 14:00:05.577934,XGBoost
853,1237-WIYYZ,0.00017657905,Low,0.003452120450674556,2026-03-21 14:00:05.577934,XGBoost
854,1240-HCBOH,3.9272974e-05,Low,0.0010250246315990808,2026-03-21 14:00:05.577934,XGBoost
855,1240-KNSEZ,0.9993795,High,20.087528264522554,2026-03-21 14:00:05.577934,XGBoost
856,1241-EZFMJ,0.0001336928,Low,0.0034024816639430353,2026-03-21 14:00:05.577934,XGBoost
857,1241-FPMOF,3.082806e-05,Low,0.0006057714070266229,2026-03-21 14:00:05.577934,XGBoost
858,1245-HARPS,0.0074179834,Low,0.15132686085999011,2026-03-21 14:00:05.577934,XGBoost
859,1247-QBVSH,0.00016949236,Low,0.008508516260189936,2026-03-21 14:00:05.577934,XGBoost
860,1248-DYXUB,0.0025507766,Low,0.06325925923883916,2026-03-21 14:00:05.577934,XGBoost
861,1251-KRREG,0.9995159,High,54.373664474487306,2026-03-21 14:00:05.577934,XGBoost
862,1251-STYSZ,0.0008484926,Low,0.06809153174981475,2026-03-21 14:00:05.577934,XGBoost
863,1254-IZEYF,0.9995235,High,99.90237587094308,2026-03-21 14:00:05.577934,XGBoost
864,1257-SXUXQ,0.09842105,Low,1.9142894633114338,2026-03-21 14:00:05.577934,XGBoost
865,1258-YMZNM,0.00015371124,Low,0.016985092050163075,2026-03-21 14:00:05.577934,XGBoost
866,1260-TTRXI,0.9998031,High,54.28930973410606,2026-03-21 14:00:05.577934,XGBoost
867,1261-FWTTE,0.076083355,Low,2.6362882386893034,2026-03-21 14:00:05.577934,XGBoost
868,1262-OPMFY,0.9982994,High,75.62118105590343,2026-03-21 14:00:05.577934,XGBoost
869,1264-BYWMS,0.99977213,High,96.77794232368468,2026-03-21 14:00:05.577934,XGBoost
870,1264-FUHCX,0.00042934454,Low,0.024172097496921195,2026-03-21 14:00:05.577934,XGBoost
871,1265-BCFEO,0.0056856535,Low,0.4574108270928264,2026-03-21 14:00:05.577934,XGBoost
872,1265-HVPZB,0.00022794375,Low,0.015135464782360943,2026-03-21 14:00:05.577934,XGBoost
873,1265-XTECC,0.99873585,High,96.42794584333896,2026-03-21 14:00:05.577934,XGBoost
874,1265-ZFOSD,0.024285547,Low,1.9744150064885615,2026-03-21 14:00:05.577934,XGBoost
875,1266-NZYUI,7.26093e-05,Low,0.00485393160561216,2026-03-21 14:00:05.577934,XGBoost
876,1268-ASBGA,0.1481146,Low,12.641581685096025,2026-03-21 14:00:05.577934,XGBoost
877,1269-FOYWN,0.0013485594,Low,0.02697118790820241,2026-03-21 14:00:05.577934,XGBoost
878,1270-XKUCC,1.5154405e-05,Low,0.00029854178728783154,2026-03-21 14:00:05.577934,XGBoost
879,1271-SJBGZ,0.9575108,High,41.79534768462181,2026-03-21 14:00:05.577934,XGBoost
880,1271-UODNO,0.0069200727,Low,0.37264591574203226,2026-03-21 14:00:05.577934,XGBoost
881,1272-ILHFG,0.0025779451,Low,0.05065662169363349,2026-03-21 14:00:05.577934,XGBoost
882,1273-MTETI,0.9725926,High,86.4148518204689,2026-03-21 14:00:05.577934,XGBoost
883,1282-IHQAC,0.043399222,Low,1.9117357376962898,2026-03-21 14:00:05.577934,XGBoost
884,1285-OKIPP,0.9995497,High,79.86401998400689,2026-03-21 14:00:05.577934,XGBoost
885,1291-CUOCY,0.00011908284,Low,0.013170562179584521,2026-03-21 14:00:05.577934,XGBoost
886,1293-BSEUN,6.4646706e-06,Low,0.00013381868152464448,2026-03-21 14:00:05.577934,XGBoost
887,1293-HHSHJ,0.03871573,Low,0.8169019315391779,2026-03-21 14:00:05.577934,XGBoost
888,1297-VQDRP,0.021779694,Low,2.333694176003337,2026-03-21 14:00:05.577934,XGBoost
889,1298-PHBTI,1.1590828e-05,Low,0.0009829022019403055,2026-03-21 14:00:05.577934,XGBoost
890,1299-AURJA,3.176525e-06,Low,7.846016922030685e-05,2026-03-21 14:00:05.577934,XGBoost
891,1301-LOPVR,0.0013767417,Low,0.07620265210862272,2026-03-21 14:00:05.577934,XGBoost
892,1302-TPUBN,6.49916e-05,Low,0.0012575873912282988,2026-03-21 14:00:05.577934,XGBoost
893,1302-UHBDD,0.00013659579,Low,0.012286791031510803,2026-03-21 14:00:05.577934,XGBoost
894,1303-SRDOK,0.00017361961,Low,0.01198843432139256,2026-03-21 14:00:05.577934,XGBoost
895,1304-BCCFO,0.12874678,Low,9.018711782991886,2026-03-21 14:00:05.577934,XGBoost
896,1304-NECVQ,0.99974614,High,78.53005959689617,2026-03-21 14:00:05.577934,XGBoost
897,1304-SEGFY,3.19311e-05,Low,0.003124458158345078,2026-03-21 14:00:05.577934,XGBoost
898,1306-RPWXZ,4.9733853e-06,Low,0.00010170573000323202,2026-03-21 14:00:05.577934,XGBoost
899,1307-ATKGB,0.0010623205,Low,0.09513080483302473,2026-03-21 14:00:05.577934,XGBoost
900,1307-TVUFB,0.11010925,Low,8.73716877065599,2026-03-21 14:00:05.577934,XGBoost
901,1309-BXVOQ,0.8980806,High,95.2863503217697,2026-03-21 14:00:05.577934,XGBoost
902,1309-XGFSN,0.0113626085,Low,0.9186668990179896,2026-03-21 14:00:05.577934,XGBoost
903,1310-QRITU,0.051276375,Low,2.579201642796397,2026-03-21 14:00:05.577934,XGBoost
904,1319-YLZJG,7.192272e-05,Low,0.006084661885688547,2026-03-21 14:00:05.577934,XGBoost
905,1320-GVNHT,3.664569e-05,Low,0.00397239296726184,2026-03-21 14:00:05.577934,XGBoost
906,1320-HTRDR,0.9790426,High,73.91771551966667,2026-03-21 14:00:05.577934,XGBoost
907,1320-REHCS,5.057951e-05,Low,0.005601680795734865,2026-03-21 14:00:05.577934,XGBoost
908,1322-AGOQM,0.99954504,High,30.286214643716814,2026-03-21 14:00:05.577934,XGBoost
909,1323-OOEPC,0.99874616,High,98.27662181854248,2026-03-21 14:00:05.577934,XGBoost
910,1324-NLTJE,0.9990752,High,54.94913458824158,2026-03-21 14:00:05.577934,XGBoost
911,1325-USMEC,0.00016739381,Low,0.01663057497717091,2026-03-21 14:00:05.577934,XGBoost
912,1328-EUZHC,2.5076353e-05,Low,0.0005040347006797675,2026-03-21 14:00:05.577934,XGBoost
913,1329-VHWNP,0.0015135349,Low,0.03791404984658584,2026-03-21 14:00:05.577934,XGBoost
914,1333-PBMXB,0.0030629844,Low,0.07580886490177363,2026-03-21 14:00:05.577934,XGBoost
915,1334-FJSVR,0.9933375,High,24.088434666395187,2026-03-21 14:00:05.577934,XGBoost
916,1334-PDUKM,0.00055786385,Low,0.04822733000619337,2026-03-21 14:00:05.577934,XGBoost
917,1335-HQMKX,0.000112424226,Low,0.011394195329921785,2026-03-21 14:00:05.577934,XGBoost
918,1335-MXCSE,4.2997723e-05,Low,0.002375624175328994,2026-03-21 14:00:05.577934,XGBoost
919,1335-NTIUC,0.0026073002,Low,0.06505213946802542,2026-03-21 14:00:05.577934,XGBoost
920,1336-EZFZY,7.197404e-05,Low,0.0014430795406951801,2026-03-21 14:00:05.577934,XGBoost
921,1337-BOZWO,4.6754092e-05,Low,0.0021693898772355167,2026-03-21 14:00:05.577934,XGBoost
922,1338-CECEE,0.00088028697,Low,0.060299657488940284,2026-03-21 14:00:05.577934,XGBoost
923,1342-JPNKI,0.99966407,High,86.02109307050705,2026-03-21 14:00:05.577934,XGBoost
924,1343-EHPYB,0.9983553,High,103.22994102239609,2026-03-21 14:00:05.577934,XGBoost
925,1345-GKDZZ,0.047515538,Low,0.9289287598803639,2026-03-21 14:00:05.577934,XGBoost
926,1345-ZUKID,3.4491466e-05,Low,0.0006674098684015917,2026-03-21 14:00:05.577934,XGBoost
927,1346-PJWTK,0.03413549,Low,3.2138564452528957,2026-03-21 14:00:05.577934,XGBoost
928,1346-UFHAX,0.2924594,Low,23.396751880645752,2026-03-21 14:00:05.577934,XGBoost
929,1347-KTTTA,0.00020449892,Low,0.020950914688728516,2026-03-21 14:00:05.577934,XGBoost
930,1349-WXNGG,0.9281668,High,18.6097444742918,2026-03-21 14:00:05.577934,XGBoost
931,1352-HNSAW,0.0002922163,Low,0.033780205575749275,2026-03-21 14:00:05.577934,XGBoost
932,1352-VHKAJ,4.5063716e-05,Low,0.0032265620830003168,2026-03-21 14:00:05.577934,XGBoost
933,1353-GHZOS,0.00072045584,Low,0.04304723614768591,2026-03-21 14:00:05.577934,XGBoost
934,1353-LJWEM,5.3202217e-05,Low,0.003240015003393637,2026-03-21 14:00:05.577934,XGBoost
935,1354-YZFNB,0.00012711878,Low,0.002485172136221081,2026-03-21 14:00:05.577934,XGBoost
936,1355-KUSBG,0.00015108688,Low,0.007373039505910128,2026-03-21 14:00:05.577934,XGBoost
937,1356-MKYSK,0.14573398,Low,11.461977709829808,2026-03-21 14:00:05.577934,XGBoost
938,1357-BIJKI,0.00012555881,Low,0.012336153478827327,2026-03-21 14:00:05.577934,XGBoost
939,1357-MVDOZ,0.013971126,Low,0.8333776484243571,2026-03-21 14:00:05.577934,XGBoost
940,1360-JYXKQ,0.00014970473,Low,0.014835739160480442,2026-03-21 14:00:05.577934,XGBoost
941,1360-RCYRT,5.8499536e-05,Low,0.0017754609161784174,2026-03-21 14:00:05.577934,XGBoost
942,1360-XFJMR,0.00042177527,Low,0.04626874735113234,2026-03-21 14:00:05.577934,XGBoost
943,1363-TXLSL,0.9981142,High,70.1674302458763,2026-03-21 14:00:05.577934,XGBoost
944,1370-GGAWX,0.06017063,Low,5.665064989216626,2026-03-21 14:00:05.577934,XGBoost
945,1371-OJCEK,0.014412324,Low,0.3509400880429894,2026-03-21 14:00:05.577934,XGBoost
946,1371-WEPDS,0.14074044,Low,7.853316512703895,2026-03-21 14:00:05.577934,XGBoost
947,1373-ORVIZ,0.99835914,High,66.24112918674945,2026-03-21 14:00:05.577934,XGBoost
948,1374-DMZUI,0.99987817,High,94.28851125240325,2026-03-21 14:00:05.577934,XGBoost
949,1376-HHBDV,0.016866202,Low,0.8230706349015235,2026-03-21 14:00:05.577934,XGBoost
950,1379-FRVEB,0.00030365094,Low,0.027632235927740112,2026-03-21 14:00:05.577934,XGBoost
951,1383-EZRWL,0.99956745,High,20.041327354311942,2026-03-21 14:00:05.577934,XGBoost
952,1384-RCUXW,0.00024897695,Low,0.0200550936468062,2026-03-21 14:00:05.577934,XGBoost
953,1385-TQOZW,0.0003639495,Low,0.0074427675135666505,2026-03-21 14:00:05.577934,XGBoost
954,1386-ZIKUV,0.00012639175,Low,0.002395123683527345,2026-03-21 14:00:05.577934,XGBoost
955,1389-CXMLU,0.99967766,High,91.02065076828002,2026-03-21 14:00:05.577934,XGBoost
956,1389-WNUIB,0.0010266453,Low,0.07802504301071167,2026-03-21 14:00:05.577934,XGBoost
957,1391-UBDAR,0.35227463,Low,25.6808202713728,2026-03-21 14:00:05.577934,XGBoost
958,1393-IMKZG,0.001051374,Low,0.1007741991081275,2026-03-21 14:00:05.577934,XGBoost
959,1394-SUIUH,0.0017891625,Low,0.15234718836727554,2026-03-21 14:00:05.577934,XGBoost
960,1395-OFUWC,0.0026983735,Low,0.07906234399415553,2026-03-21 14:00:05.577934,XGBoost
961,1395-WSWXR,1.6150081e-05,Low,0.00033511418359921663,2026-03-21 14:00:05.577934,XGBoost
962,1396-QWFBJ,0.99915636,High,73.98752815127372,2026-03-21 14:00:05.577934,XGBoost
963,1397-XKKWR,8.75439e-05,Low,0.0030902996702934613,2026-03-21 14:00:05.577934,XGBoost
964,1399-OUPJN,0.007981718,Low,0.15763892233371735,2026-03-21 14:00:05.577934,XGBoost
965,1399-UBQIU,0.00028105592,Low,0.019491228298284112,2026-03-21 14:00:05.577934,XGBoost
966,1400-MMYXY,0.95041025,High,100.64844514131546,2026-03-21 14:00:05.577934,XGBoost
967,1400-WIVLL,0.000116100986,Low,0.012533101428562078,2026-03-21 14:00:05.577934,XGBoost
968,1401-FTHFQ,1.8471601e-05,Low,0.00036943201848771423,2026-03-21 14:00:05.577934,XGBoost
969,1402-PTHGN,0.0025908833,Low,0.15933932235930115,2026-03-21 14:00:05.577934,XGBoost
970,1403-GYAFU,1.5335947e-05,Low,0.00030748573644814316,2026-03-21 14:00:05.577934,XGBoost
971,1403-LKLIK,1.3766505e-05,Low,0.0002767067446256988,2026-03-21 14:00:05.577934,XGBoost
972,1406-PUQVY,0.00022449793,Low,0.01120244650519453,2026-03-21 14:00:05.577934,XGBoost
973,1407-DIGZV,1.4383246e-05,Low,0.0002747199947407353,2026-03-21 14:00:05.577934,XGBoost
974,1409-PHXTF,0.019328345,Low,2.1348156625404955,2026-03-21 14:00:05.577934,XGBoost
975,1410-RSCMR,0.00015943949,Low,0.011376007275248411,2026-03-21 14:00:05.577934,XGBoost
976,1414-YADCW,0.00011572651,Low,0.009790462485398166,2026-03-21 14:00:05.577934,XGBoost
977,1415-YFWLT,0.9996475,High,89.26852158308029,2026-03-21 14:00:05.577934,XGBoost
978,1421-HCERK,0.001177298,Low,0.1244404008728452,2026-03-21 14:00:05.577934,XGBoost
979,1422-DGUBX,0.0022681097,Low,0.17974769399734214,2026-03-21 14:00:05.577934,XGBoost
980,1423-BMPBQ,0.00024206247,Low,0.004599186853738502,2026-03-21 14:00:05.577934,XGBoost
981,1427-VERSM,0.00045920192,Low,0.04532322999439203,2026-03-21 14:00:05.577934,XGBoost
982,1428-GTBJJ,0.99942774,High,74.50733770430088,2026-03-21 14:00:05.577934,XGBoost
983,1428-IEDPR,2.6484531e-05,Low,0.0028947592591066496,2026-03-21 14:00:05.577934,XGBoost
984,1429-UYJSV,5.063197e-05,Low,0.0009974498134397436,2026-03-21 14:00:05.577934,XGBoost
985,1430-SFQSA,0.00598065,Low,0.21291113868355752,2026-03-21 14:00:05.577934,XGBoost
986,1431-AIDJQ,6.955546e-05,Low,0.0057105034866253845,2026-03-21 14:00:05.577934,XGBoost
987,1431-CYWMH,5.3217696e-05,Low,0.0010137971165022463,2026-03-21 14:00:05.577934,XGBoost
988,1432-FPAXX,0.1396415,Low,4.27302970290184,2026-03-21 14:00:05.577934,XGBoost
989,1436-ZMJAN,0.14640178,Low,9.92604053914547,2026-03-21 14:00:05.577934,XGBoost
990,1439-LCGVL,8.299497e-06,Low,0.00015935033443383872,2026-03-21 14:00:05.577934,XGBoost
991,1442-BQPVU,0.046572655,Low,1.3575929060578347,2026-03-21 14:00:05.577934,XGBoost
992,1442-OKRJE,0.032005697,Low,3.301387695968151,2026-03-21 14:00:05.577934,XGBoost
993,1444-VVSGW,0.9995579,High,115.59887256324292,2026-03-21 14:00:05.577934,XGBoost
994,1447-GIQMR,0.99871516,High,69.06115347146988,2026-03-21 14:00:05.577934,XGBoost
995,1447-PJGGA,0.9951055,High,94.78379935026169,2026-03-21 14:00:05.577934,XGBoost
996,1448-CYWKC,9.436313e-05,Low,0.00992700140341185,2026-03-21 14:00:05.577934,XGBoost
997,1448-PWKYE,0.99892527,High,79.9140214920044,2026-03-21 14:00:05.577934,XGBoost
998,1449-XQEMT,0.47343916,Medium,9.37409530878067,2026-03-21 14:00:05.577934,XGBoost
999,1450-GALXR,0.99681866,High,98.18663817644119,2026-03-21 14:00:05.577934,XGBoost
1000,1450-SKCVI,0.06676149,Low,4.930336308479308,2026-03-21 14:00:05.577934,XGBoost
1001,1452-KIOVK,2.5422412e-05,Low,0.0022651369416053055,2026-03-21 14:00:05.577934,XGBoost
1002,1452-UZOSF,2.5075466e-05,Low,0.002660506900247128,2026-03-21 14:00:05.577934,XGBoost
1003,1452-VOQCH,0.00079617323,Low,0.059792609838768836,2026-03-21 14:00:05.577934,XGBoost
1004,1452-XRSJV,0.00017896516,Low,0.00913617130718194,2026-03-21 14:00:05.577934,XGBoost
1005,1453-RZFON,0.0010896148,Low,0.054371779318898916,2026-03-21 14:00:05.577934,XGBoost
1006,1455-ESIQH,0.95334643,High,84.94316702485084,2026-03-21 14:00:05.577934,XGBoost
1007,1455-HFBXA,0.00021885385,Low,0.020047012588474897,2026-03-21 14:00:05.577934,XGBoost
1008,1455-UGQVH,0.9998412,High,98.48435950279236,2026-03-21 14:00:05.577934,XGBoost
1009,1456-TWCGB,8.950266e-05,Low,0.004408006032463163,2026-03-21 14:00:05.577934,XGBoost
1010,1459-QNFQT,0.00010028735,Low,0.0059670971386367455,2026-03-21 14:00:05.577934,XGBoost
1011,1460-UZPRJ,0.010269761,Low,0.20488173365592957,2026-03-21 14:00:05.577934,XGBoost
1012,1465-LNTLJ,0.08645648,Low,5.567797160148621,2026-03-21 14:00:05.577934,XGBoost
1013,1465-VINDH,0.8975189,High,91.63667695522308,2026-03-21 14:00:05.577934,XGBoost
1014,1465-WCZVT,0.00012948591,Low,0.0025443981372518464,2026-03-21 14:00:05.577934,XGBoost
1015,1468-DEFNC,0.0001295851,Low,0.0031618763459846377,2026-03-21 14:00:05.577934,XGBoost
1016,1469-LBJQJ,0.0010164721,Low,0.10693286671303213,2026-03-21 14:00:05.577934,XGBoost
1017,1470-PSXNM,0.0035579298,Low,0.33320012288168077,2026-03-21 14:00:05.577934,XGBoost
1018,1471-GIQKQ,0.0008861375,Low,0.0442625671683345,2026-03-21 14:00:05.577934,XGBoost
1019,1472-TNCWL,0.04900416,Low,4.640693939477205,2026-03-21 14:00:05.577934,XGBoost
1020,1474-JUWSM,6.9078545e-05,Low,0.004724972511758097,2026-03-21 14:00:05.577934,XGBoost
1021,1475-VWVDO,0.00014148054,Low,0.010596892797912006,2026-03-21 14:00:05.577934,XGBoost
1022,1478-VPOAD,0.0007635229,Low,0.03344230419024825,2026-03-21 14:00:05.577934,XGBoost
1023,1480-BKXGA,0.00018356845,Low,0.021303118910873307,2026-03-21 14:00:05.577934,XGBoost
1024,1480-IVEVR,0.00032441854,Low,0.026472552493214604,2026-03-21 14:00:05.577934,XGBoost
1025,1481-ZUWZA,0.8045464,High,76.02963629364967,2026-03-21 14:00:05.577934,XGBoost
1026,1482-OXZSY,0.00016570065,Low,0.016636345314327627,2026-03-21 14:00:05.577934,XGBoost
1027,1485-YDHMM,6.837604e-05,Low,0.006376065472068149,2026-03-21 14:00:05.577934,XGBoost
1028,1488-PBLJN,1.355322e-05,Low,0.0015836937587209831,2026-03-21 14:00:05.577934,XGBoost
1029,1488-SYSFC,0.0044863736,Low,0.09264361537061631,2026-03-21 14:00:05.577934,XGBoost
1030,1492-KGETH,2.6350604e-05,Low,0.002064569859248877,2026-03-21 14:00:05.577934,XGBoost
1031,1492-QGCLU,0.00025521073,Low,0.021871559781720864,2026-03-21 14:00:05.577934,XGBoost
1032,1493-AMTIE,0.99883646,High,20.17649644613266,2026-03-21 14:00:05.577934,XGBoost
1033,1494-EJZDW,0.00038930203,Low,0.00784443596494384,2026-03-21 14:00:05.577934,XGBoost
1034,1496-GGSUK,0.99935764,High,25.68349136710167,2026-03-21 14:00:05.577934,XGBoost
1035,1498-DQNRX,1.1521189e-05,Low,0.00022869559675200437,2026-03-21 14:00:05.577934,XGBoost
1036,1498-NHTLT,2.5797197e-05,Low,0.002237906834579917,2026-03-21 14:00:05.577934,XGBoost
1037,1501-SGHBW,0.9992073,High,45.81365552246571,2026-03-21 14:00:05.577934,XGBoost
1038,1502-XFCVR,0.9997631,High,106.42477896511555,2026-03-21 14:00:05.577934,XGBoost
1039,1506-YJTYT,0.00022306302,Low,0.016473204012436325,2026-03-21 14:00:05.577934,XGBoost
1040,1508-DFXCU,0.10312492,Low,8.399524453282357,2026-03-21 14:00:05.577934,XGBoost
1041,1513-XNPPH,0.6341303,Medium,56.69124873876572,2026-03-21 14:00:05.577934,XGBoost
1042,1518-OMDIK,0.0002636123,Low,0.011743928407668136,2026-03-21 14:00:05.577934,XGBoost
1043,1518-VOWAV,0.9907382,High,73.95860760509969,2026-03-21 14:00:05.577934,XGBoost
1044,1522-VVDMG,0.9995977,High,89.71389611065388,2026-03-21 14:00:05.577934,XGBoost
1045,1525-LNLOJ,6.868311e-05,Low,0.004347640973719535,2026-03-21 14:00:05.577934,XGBoost
1046,1527-SXDPN,0.9936732,High,95.64104601740837,2026-03-21 14:00:05.577934,XGBoost
1047,1530-ZTDOZ,0.00016527507,Low,0.006718431401532143,2026-03-21 14:00:05.577934,XGBoost
1048,1534-OULXE,6.694078e-05,Low,0.003326956857199548,2026-03-21 14:00:05.577934,XGBoost
1049,1535-VTJOQ,3.0467809e-05,Low,0.000766265390211629,2026-03-21 14:00:05.577934,XGBoost
1050,1536-HBSWP,0.001368609,Low,0.06829359030816703,2026-03-21 14:00:05.577934,XGBoost
1051,1536-YHDOE,1.3480647e-05,Low,0.0008371481715585106,2026-03-21 14:00:05.577934,XGBoost
1052,1539-LNKHM,0.00013509205,Low,0.002755877823801711,2026-03-21 14:00:05.577934,XGBoost
1053,1541-ETJZO,0.99942315,High,62.014206224679945,2026-03-21 14:00:05.577934,XGBoost
1054,1543-LLLFT,0.2036125,Low,20.015109378099442,2026-03-21 14:00:05.577934,XGBoost
1055,1544-JJMYL,8.519541e-06,Low,0.0005908301435738394,2026-03-21 14:00:05.577934,XGBoost
1056,1545-ACTAS,9.193401e-06,Low,0.0009165820526504831,2026-03-21 14:00:05.577934,XGBoost
1057,1545-JFUML,7.1774935e-05,Low,0.007105718599632382,2026-03-21 14:00:05.577934,XGBoost
1058,1548-ARAGG,0.00045120265,Low,0.026395355016575195,2026-03-21 14:00:05.577934,XGBoost
1059,1548-FEHVL,0.05301512,Low,5.6302057787776,2026-03-21 14:00:05.577934,XGBoost
1060,1550-EENBN,0.18276109,Low,19.07111953422427,2026-03-21 14:00:05.577934,XGBoost
1061,1550-LOAHA,0.6398273,Medium,53.84146822392941,2026-03-21 14:00:05.577934,XGBoost
1062,1552-AAGRX,0.00018068252,Low,0.019224619772285224,2026-03-21 14:00:05.577934,XGBoost
1063,1552-CZCLL,0.00012859837,Low,0.0025719674886204302,2026-03-21 14:00:05.577934,XGBoost
1064,1552-TKMXS,0.07301268,Low,1.4858080342411997,2026-03-21 14:00:05.577934,XGBoost
1065,1555-DJEQW,0.6853607,Medium,78.26819533109665,2026-03-21 14:00:05.577934,XGBoost
1066,1555-HAPSU,4.909504e-06,Low,0.0001173371405002399,2026-03-21 14:00:05.577934,XGBoost
1067,1557-EMYVT,5.7333935e-05,Low,0.0065962692009634335,2026-03-21 14:00:05.577934,XGBoost
1068,1559-DTODC,0.0005292141,Low,0.01330973460280802,2026-03-21 14:00:05.577934,XGBoost
1069,1561-BWHIN,1.5792122e-05,Low,0.00031268401980923957,2026-03-21 14:00:05.577934,XGBoost
1070,1563-IWQEX,0.087709025,Low,1.7278677836060523,2026-03-21 14:00:05.577934,XGBoost
1071,1564-HJUVY,1.5301324e-05,Low,0.0009754594248079229,2026-03-21 14:00:05.577934,XGBoost
1072,1564-NTYXF,0.9998173,High,81.9850195646286,2026-03-21 14:00:05.577934,XGBoost
1073,1565-RHDJD,0.99976546,High,84.03028655350208,2026-03-21 14:00:05.577934,XGBoost
1074,1567-DSCIC,0.94872355,High,89.18001413345337,2026-03-21 14:00:05.577934,XGBoost
1075,1568-BEKZM,3.825471e-05,Low,0.003444836761445913,2026-03-21 14:00:05.577934,XGBoost
1076,1568-LJSZU,4.510116e-05,Low,0.004158326797187329,2026-03-21 14:00:05.577934,XGBoost
1077,1569-TTNYJ,0.9638227,High,75.90103939175606,2026-03-21 14:00:05.577934,XGBoost
1078,1571-SAVHK,0.9507596,High,95.02842098772526,2026-03-21 14:00:05.577934,XGBoost
1079,1573-LGXBA,1.3716813e-05,Low,0.0013380750735905167,2026-03-21 14:00:05.577934,XGBoost
1080,1574-DYCWE,0.000104492654,Low,0.0020846284456638386,2026-03-21 14:00:05.577934,XGBoost
1081,1575-KRZZE,0.17707194,Low,9.774371302127838,2026-03-21 14:00:05.577934,XGBoost
1082,1576-PFZIW,0.00056067575,Low,0.05906719001941382,2026-03-21 14:00:05.577934,XGBoost
1083,1577-HKTFG,0.7928615,High,15.579728892445564,2026-03-21 14:00:05.577934,XGBoost
1084,1579-KLYDT,0.99948525,High,90.40344125032425,2026-03-21 14:00:05.577934,XGBoost
1085,1580-BMCMR,0.1879709,Low,16.40986013710499,2026-03-21 14:00:05.577934,XGBoost
1086,1582-RAFML,0.999874,High,60.09242714643479,2026-03-21 14:00:05.577934,XGBoost
1087,1583-IHQZE,0.9947448,High,112.35642263889314,2026-03-21 14:00:05.577934,XGBoost
1088,1585-MQSSU,0.9997305,High,51.48612216114998,2026-03-21 14:00:05.577934,XGBoost
1089,1587-FKLZB,0.9997279,High,99.47292652726173,2026-03-21 14:00:05.577934,XGBoost
1090,1589-AGTLK,0.85554695,High,38.79905424118042,2026-03-21 14:00:05.577934,XGBoost
1091,1591-MQJTP,0.046016987,Low,4.309490871243179,2026-03-21 14:00:05.577934,XGBoost
1092,1591-NFNLQ,0.99619836,High,79.69586849212646,2026-03-21 14:00:05.577934,XGBoost
1093,1591-XWLGB,8.9596506e-05,Low,0.0017784906412998682,2026-03-21 14:00:05.577934,XGBoost
1094,1596-BBVTG,0.41942242,Medium,31.60347918719053,2026-03-21 14:00:05.577934,XGBoost
1095,1596-OQSPS,0.00068221614,Low,0.03486124463379383,2026-03-21 14:00:05.577934,XGBoost
1096,1597-FZREH,0.9998286,High,76.38690328598022,2026-03-21 14:00:05.577934,XGBoost
1097,1597-LHYNC,0.9995372,High,94.95603680610657,2026-03-21 14:00:05.577934,XGBoost
1098,1599-EAHXY,0.0002115678,Low,0.005067048980708933,2026-03-21 14:00:05.577934,XGBoost
1099,1599-MMYRQ,0.0009241765,Low,0.075274174156948,2026-03-21 14:00:05.577934,XGBoost
1100,1600-DILPE,0.0023309973,Low,0.10489487671293318,2026-03-21 14:00:05.577934,XGBoost
1101,1602-IJQQE,0.99987173,High,75.3403349161148,2026-03-21 14:00:05.577934,XGBoost
1102,1608-GMEWB,0.001372055,Low,0.12883596770698205,2026-03-21 14:00:05.577934,XGBoost
1103,1612-EOHDH,0.9998006,High,45.14099810421467,2026-03-21 14:00:05.577934,XGBoost
1104,1614-JBEBI,0.00017156484,Low,0.00355139217863325,2026-03-21 14:00:05.577934,XGBoost
1105,1618-CFHME,0.99914885,High,75.83539738655091,2026-03-21 14:00:05.577934,XGBoost
1106,1619-YWUBB,0.0045440947,Low,0.1133751620305702,2026-03-21 14:00:05.577934,XGBoost
1107,1621-YNCJH,0.000859934,Low,0.09119600300327875,2026-03-21 14:00:05.577934,XGBoost
1108,1622-HSHSF,0.000496096,Low,0.009698676364496351,2026-03-21 14:00:05.577934,XGBoost
1109,1623-NLDOT,0.9974813,High,33.465497162938114,2026-03-21 14:00:05.577934,XGBoost
1110,1624-NALOJ,0.9997708,High,89.7794196486473,2026-03-21 14:00:05.577934,XGBoost
1111,1624-WOIWJ,0.9783518,High,82.8663950741291,2026-03-21 14:00:05.577934,XGBoost
1112,1625-JAIIY,0.9996,High,82.96679943799973,2026-03-21 14:00:05.577934,XGBoost
1113,1626-ERCMM,0.99933136,High,94.4867796242237,2026-03-21 14:00:05.577934,XGBoost
1114,1627-AFWVJ,1.2341916e-05,Low,0.00023943316773511467,2026-03-21 14:00:05.577934,XGBoost
1115,1628-BIZYP,0.0017436417,Low,0.1482095429673791,2026-03-21 14:00:05.577934,XGBoost
1116,1629-DQQVB,7.901211e-05,Low,0.003958506816707086,2026-03-21 14:00:05.577934,XGBoost
1117,1635-FJFCC,0.084336326,Low,3.715015139430761,2026-03-21 14:00:05.577934,XGBoost
1118,1635-HDGFT,6.936767e-05,Low,0.0014220372395357117,2026-03-21 14:00:05.577934,XGBoost
1119,1635-NZATJ,0.000105918596,Low,0.0026956282705214107,2026-03-21 14:00:05.577934,XGBoost
1120,1636-NTNCO,0.0002009553,Low,0.010238672488048906,2026-03-21 14:00:05.577934,XGBoost
1121,1640-PLFMP,0.00034432003,Low,0.0241884818096878,2026-03-21 14:00:05.577934,XGBoost
1122,1641-BYBTK,0.014794538,Low,0.29884966351091863,2026-03-21 14:00:05.577934,XGBoost
1123,1641-RQDAY,0.00023936531,Low,0.024032277340302246,2026-03-21 14:00:05.577934,XGBoost
1124,1642-HMARX,0.09181533,Low,8.419465769082308,2026-03-21 14:00:05.577934,XGBoost
1125,1644-IRKSF,0.80729914,High,75.72465906143188,2026-03-21 14:00:05.577934,XGBoost
1126,1656-DRSMG,0.047517933,Low,5.2198449347168205,2026-03-21 14:00:05.577934,XGBoost
1127,1657-DYMBM,0.00025130415,Low,0.005000952674890868,2026-03-21 14:00:05.577934,XGBoost
1128,1658-BYGOY,0.9991424,High,95.36814287900926,2026-03-21 14:00:05.577934,XGBoost
1129,1658-TJVOA,0.2746805,Low,20.353824698925017,2026-03-21 14:00:05.577934,XGBoost
1130,1658-XUHBX,4.5754696e-05,Low,0.004060729247612471,2026-03-21 14:00:05.577934,XGBoost
1131,1660-HSOOQ,0.9997973,High,49.63993518054485,2026-03-21 14:00:05.577934,XGBoost
1132,1661-CZBAU,0.0008826555,Low,0.06262440762366168,2026-03-21 14:00:05.577934,XGBoost
1133,1663-MHLHE,0.00039384264,Low,0.007561778649687767,2026-03-21 14:00:05.577934,XGBoost
1134,1666-JXLKU,0.0013298702,Low,0.13305351311573757,2026-03-21 14:00:05.577934,XGBoost
1135,1666-JZPZT,3.905561e-05,Low,0.0019137248309561983,2026-03-21 14:00:05.577934,XGBoost
1136,1670-SVOWZ,0.9995944,High,89.61363709867001,2026-03-21 14:00:05.577934,XGBoost
1137,1676-MQAOA,7.8506586e-05,Low,0.005895844597398536,2026-03-21 14:00:05.577934,XGBoost
1138,1678-FYZOW,0.99906236,High,79.32555133104324,2026-03-21 14:00:05.577934,XGBoost
1139,1679-JRFBR,0.00054493686,Low,0.05893492160830647,2026-03-21 14:00:05.577934,XGBoost
1140,1680-VDCWW,0.120194614,Low,2.3798533558845523,2026-03-21 14:00:05.577934,XGBoost
1141,1682-VCOIO,2.1571503e-05,Low,0.0004411372293361637,2026-03-21 14:00:05.577934,XGBoost
1142,1684-FLBGS,0.093783826,Low,6.517975881695747,2026-03-21 14:00:05.577934,XGBoost
1143,1685-BQULA,0.00019655263,Low,0.018358015798730778,2026-03-21 14:00:05.577934,XGBoost
1144,1685-VAYJF,0.00060645567,Low,0.027411796082742513,2026-03-21 14:00:05.577934,XGBoost
1145,1686-STUHN,0.00036715475,Low,0.007269663963234052,2026-03-21 14:00:05.577934,XGBoost
1146,1689-MRZQR,0.81359917,High,63.70481495261192,2026-03-21 14:00:05.577934,XGBoost
1147,1689-YQBYY,0.0022205156,Low,0.17009149705991147,2026-03-21 14:00:05.577934,XGBoost
1148,1696-HXOWK,0.0006991619,Low,0.06687483584391885,2026-03-21 14:00:05.577934,XGBoost
1149,1696-MZVAU,0.00028386686,Low,0.0071676381849101745,2026-03-21 14:00:05.577934,XGBoost
1150,1697-BCSHV,0.0012377076,Low,0.0826788651291281,2026-03-21 14:00:05.577934,XGBoost
1151,1697-LYYYX,2.3020204e-05,Low,0.0004396858968902962,2026-03-21 14:00:05.577934,XGBoost
1152,1697-NVVGY,5.3330783e-05,Low,0.00354116398957558,2026-03-21 14:00:05.577934,XGBoost
1153,1698-XFZCI,0.00012588862,Low,0.013564498658524826,2026-03-21 14:00:05.577934,XGBoost
1154,1699-HPSBG,0.6314395,Medium,37.760082519054414,2026-03-21 14:00:05.577934,XGBoost
1155,1699-TLDLZ,0.00023042587,Low,0.0045393895779852755,2026-03-21 14:00:05.577934,XGBoost
1156,1699-UOTXU,3.252567e-05,Low,0.0019970761175500226,2026-03-21 14:00:05.577934,XGBoost
1157,1702-CCFNJ,0.0002461305,Low,0.015100106917088851,2026-03-21 14:00:05.577934,XGBoost
1158,1703-MGIAB,0.00048730845,Low,0.033624283358221874,2026-03-21 14:00:05.577934,XGBoost
1159,1704-NRWYE,0.9280857,High,75.03572761416434,2026-03-21 14:00:05.577934,XGBoost
1160,1705-GUHPV,2.2571216e-05,Low,0.0005462234174046898,2026-03-21 14:00:05.577934,XGBoost
1161,1707-HABPF,0.00013474225,Low,0.01230196753895143,2026-03-21 14:00:05.577934,XGBoost
1162,1708-PBBOA,0.00014620653,Low,0.008004807328688912,2026-03-21 14:00:05.577934,XGBoost
1163,1709-EJDOX,3.0194897e-06,Low,5.9634920944517944e-05,2026-03-21 14:00:05.577934,XGBoost
1164,1710-RCXUS,0.000110780704,Low,0.010009036591509356,2026-03-21 14:00:05.577934,XGBoost
1165,1716-LSAMB,0.00011394166,Low,0.006226911914927768,2026-03-21 14:00:05.577934,XGBoost
1166,1722-LDZJS,0.000100854704,Low,0.002037265025137458,2026-03-21 14:00:05.577934,XGBoost
1167,1723-HKXJQ,0.8609083,High,87.59742252528667,2026-03-21 14:00:05.577934,XGBoost
1168,1724-BQUHA,0.7436853,High,66.55983480811119,2026-03-21 14:00:05.577934,XGBoost
1169,1724-IQWNM,0.00052076194,Low,0.010050705436151474,2026-03-21 14:00:05.577934,XGBoost
1170,1725-IQNIY,0.99929094,High,109.67218101024628,2026-03-21 14:00:05.577934,XGBoost
1171,1725-MIMXW,0.9914287,High,19.283287695050237,2026-03-21 14:00:05.577934,XGBoost
1172,1728-BQDMA,0.00016858186,Low,0.007493463543505641,2026-03-21 14:00:05.577934,XGBoost
1173,1728-CXQBE,8.158644e-05,Low,0.007689522017244599,2026-03-21 14:00:05.577934,XGBoost
1174,1729-VLAZJ,6.218603e-05,Low,0.0025029877415363444,2026-03-21 14:00:05.577934,XGBoost
1175,1730-VFMWO,0.00012259319,Low,0.006154178234282881,2026-03-21 14:00:05.577934,XGBoost
1176,1730-ZMAME,0.0017878046,Low,0.14213046961231157,2026-03-21 14:00:05.577934,XGBoost
1177,1731-TVIUK,0.9767015,High,91.32159006595612,2026-03-21 14:00:05.577934,XGBoost
1178,1732-FEKLD,9.053307e-05,Low,0.008578008109907387,2026-03-21 14:00:05.577934,XGBoost
1179,1732-VHUBQ,0.9960179,High,70.26906096041202,2026-03-21 14:00:05.577934,XGBoost
1180,1734-ZMNTZ,0.032287475,Low,0.8071868680417538,2026-03-21 14:00:05.577934,XGBoost
1181,1735-XMJVH,0.00073691923,Low,0.014259387133643033,2026-03-21 14:00:05.577934,XGBoost
1182,1740-CSDJP,0.9999101,High,35.246831595897675,2026-03-21 14:00:05.577934,XGBoost
1183,1741-WTPON,4.1185995e-05,Low,0.004771397478180006,2026-03-21 14:00:05.577934,XGBoost
1184,1744-JHKYS,0.017050702,Low,0.4211523424834013,2026-03-21 14:00:05.577934,XGBoost
1185,1746-TGTWV,0.2978967,Low,22.446517325937748,2026-03-21 14:00:05.577934,XGBoost
1186,1750-CSKKM,0.866501,High,47.96082889437675,2026-03-21 14:00:05.577934,XGBoost
1187,1751-NCDLI,0.0019560524,Low,0.19335577773163093,2026-03-21 14:00:05.577934,XGBoost
1188,1752-OZXFY,7.751415e-05,Low,0.004635346319992095,2026-03-21 14:00:05.577934,XGBoost
1189,1754-GKYPY,0.0002460913,Low,0.02208669500396354,2026-03-21 14:00:05.577934,XGBoost
1190,1755-FZQEC,0.0014125052,Low,0.028108852833975104,2026-03-21 14:00:05.577934,XGBoost
1191,1755-RMCXH,0.0011252504,Low,0.02284258232684806,2026-03-21 14:00:05.577934,XGBoost
1192,1757-TCATG,4.4759843e-05,Low,0.0008974348551419098,2026-03-21 14:00:05.577934,XGBoost
1193,1760-CAZHT,8.9731606e-05,Low,0.001866417401470244,2026-03-21 14:00:05.577934,XGBoost
1194,1761-AEZZR,0.99322224,High,79.01082892417908,2026-03-21 14:00:05.577934,XGBoost
1195,1763-KUAAW,8.371688e-05,Low,0.0017036384524544703,2026-03-21 14:00:05.577934,XGBoost
1196,1763-WQFUK,0.000698998,Low,0.035299398412462324,2026-03-21 14:00:05.577934,XGBoost
1197,1764-VUUMT,5.5281464e-05,Low,0.001102865198299696,2026-03-21 14:00:05.577934,XGBoost
1198,1766-GKNMI,0.31960016,Low,27.134053999185564,2026-03-21 14:00:05.577934,XGBoost
1199,1767-CJKBA,0.000107930115,Low,0.0027090458766906526,2026-03-21 14:00:05.577934,XGBoost
1200,1767-TGTKO,0.00030996028,Low,0.01408769456029404,2026-03-21 14:00:05.577934,XGBoost
1201,1768-HNVGJ,0.00040760537,Low,0.02855275643232744,2026-03-21 14:00:05.577934,XGBoost
1202,1768-ZAIFU,0.9960424,High,25.10026774406433,2026-03-21 14:00:05.577934,XGBoost
1203,1769-GRUIK,0.000116119256,Low,0.008256079089915146,2026-03-21 14:00:05.577934,XGBoost
1204,1771-OADNZ,0.9999535,High,95.89554145336152,2026-03-21 14:00:05.577934,XGBoost
1205,1775-KWJKQ,3.0132305e-05,Low,0.002707387627197022,2026-03-21 14:00:05.577934,XGBoost
1206,1776-SPBWV,3.0443003e-05,Low,0.0006119043642684119,2026-03-21 14:00:05.577934,XGBoost
1207,1777-JYQPJ,0.062571056,Low,1.5204766653478146,2026-03-21 14:00:05.577934,XGBoost
1208,1779-PWPMG,4.5306224e-05,Low,0.0051943585713161156,2026-03-21 14:00:05.577934,XGBoost
1209,1784-BXEFA,0.0005562744,Low,0.011431438414729201,2026-03-21 14:00:05.577934,XGBoost
1210,1784-EZDKJ,0.0003217459,Low,0.03436246229102835,2026-03-21 14:00:05.577934,XGBoost
1211,1785-BPHTP,3.6623016e-05,Low,0.0031294367221562426,2026-03-21 14:00:05.577934,XGBoost
1212,1790-NESIO,0.00442233,Low,0.09021552857011556,2026-03-21 14:00:05.577934,XGBoost
1213,1791-PQHBB,0.000112602866,Low,0.006891295372042805,2026-03-21 14:00:05.577934,XGBoost
1214,1792-UXAFY,0.9971552,High,88.89638514518738,2026-03-21 14:00:05.577934,XGBoost
1215,1794-HBQTJ,0.997097,High,48.45891494750977,2026-03-21 14:00:05.577934,XGBoost
1216,1794-SWWKL,0.13463143,Low,8.030764509737491,2026-03-21 14:00:05.577934,XGBoost
1217,1796-JANOW,0.00012312812,Low,0.00245640600041952,2026-03-21 14:00:05.577934,XGBoost
1218,1803-BGNBD,0.00049830903,Low,0.027058180491439997,2026-03-21 14:00:05.577934,XGBoost
1219,1809-DMJHQ,0.9987072,High,45.9405300617218,2026-03-21 14:00:05.577934,XGBoost
1220,1810-BOHSY,6.225301e-05,Low,0.006001190483220853,2026-03-21 14:00:05.577934,XGBoost
1221,1810-MVMAI,4.9940765e-05,Low,0.003375995725218672,2026-03-21 14:00:05.577934,XGBoost
1222,1813-JLKWR,3.389925e-05,Low,0.0006712051581416745,2026-03-21 14:00:05.577934,XGBoost
1223,1813-JYWTO,0.00020813062,Low,0.0167441080287972,2026-03-21 14:00:05.577934,XGBoost
1224,1814-DKOLC,0.00021442866,Low,0.005457209281303221,2026-03-21 14:00:05.577934,XGBoost
1225,1814-WFGVS,1.1167426e-05,Low,0.0005460871429932013,2026-03-21 14:00:05.577934,XGBoost
1226,1816-FLZDK,0.0022654955,Low,0.06603919327026232,2026-03-21 14:00:05.577934,XGBoost
1227,1818-ESQMW,0.00010200325,Low,0.009098689944949001,2026-03-21 14:00:05.577934,XGBoost
1228,1820-DJFPH,1.0771277e-05,Low,0.00025904920512402895,2026-03-21 14:00:05.577934,XGBoost
1229,1820-TQVEV,0.97657245,High,67.92061417400836,2026-03-21 14:00:05.577934,XGBoost
1230,1821-BUCWY,0.014799633,Low,0.8235995799768716,2026-03-21 14:00:05.577934,XGBoost
1231,1830-GGFNM,4.846483e-05,Low,0.004582349665906804,2026-03-21 14:00:05.577934,XGBoost
1232,1830-IPXVJ,1.3040253e-05,Low,0.00025754500029506744,2026-03-21 14:00:05.577934,XGBoost
1233,1832-PEUTS,0.0010261964,Low,0.09143409971147776,2026-03-21 14:00:05.577934,XGBoost
1234,1833-TCXKK,0.00022664994,Low,0.02442153059746488,2026-03-21 14:00:05.577934,XGBoost
1235,1833-VGRUM,0.9949109,High,73.82238847017288,2026-03-21 14:00:05.577934,XGBoost
1236,1834-ABKHQ,0.00014465782,Low,0.007370316154265311,2026-03-21 14:00:05.577934,XGBoost
1237,1834-WULEG,2.8269078e-06,Low,5.724488300984376e-05,2026-03-21 14:00:05.577934,XGBoost
1238,1837-YQUCE,6.4277054e-05,Low,0.003750566086455365,2026-03-21 14:00:05.577934,XGBoost
1239,1839-FBNFR,0.0005731603,Low,0.011377231983351522,2026-03-21 14:00:05.577934,XGBoost
1240,1839-UMACK,5.4909953e-05,Low,0.0013754943271123922,2026-03-21 14:00:05.577934,XGBoost
1241,1840-BIUOG,0.072899014,Low,5.008162245154381,2026-03-21 14:00:05.577934,XGBoost
1242,1841-YSJGV,9.036652e-05,Low,0.009935798923834227,2026-03-21 14:00:05.577934,XGBoost
1243,1842-EZJMK,0.9996407,High,103.66274092197419,2026-03-21 14:00:05.577934,XGBoost
1244,1843-TLSGD,2.4750601e-05,Low,0.00051605003855002,2026-03-21 14:00:05.577934,XGBoost
1245,1845-CSBRZ,3.6707705e-05,Low,0.003133002584763744,2026-03-21 14:00:05.577934,XGBoost
1246,1845-ZLLIG,0.00080318004,Low,0.04027947895228862,2026-03-21 14:00:05.577934,XGBoost
1247,1846-XWOQN,0.98357844,High,68.9980278134346,2026-03-21 14:00:05.577934,XGBoost
1248,1848-LBZHY,0.00017673991,Low,0.008890017375233582,2026-03-21 14:00:05.577934,XGBoost
1249,1849-RJYIG,2.742073e-05,Low,0.0016452438285341486,2026-03-21 14:00:05.577934,XGBoost
1250,1850-AKQEP,0.00016933987,Low,0.0034460662784113086,2026-03-21 14:00:05.577934,XGBoost
1251,1852-QSWCD,0.00012266827,Low,0.003042172978166491,2026-03-21 14:00:05.577934,XGBoost
1252,1852-XEMDW,7.201475e-05,Low,0.004684559546876699,2026-03-21 14:00:05.577934,XGBoost
1253,1853-ARAAQ,4.9410206e-05,Low,0.0024878038708266103,2026-03-21 14:00:05.577934,XGBoost
1254,1853-UDXBW,0.9994111,High,69.95877742767334,2026-03-21 14:00:05.577934,XGBoost
1255,1855-AGAWH,0.0008955952,Low,0.08400682769715785,2026-03-21 14:00:05.577934,XGBoost
1256,1855-CFULU,0.00017605117,Low,0.00352982587646693,2026-03-21 14:00:05.577934,XGBoost
1257,1862-QRWPE,0.00019894568,Low,0.00410822828343953,2026-03-21 14:00:05.577934,XGBoost
1258,1862-SKORY,0.99986434,High,39.294668555259705,2026-03-21 14:00:05.577934,XGBoost
1259,1866-DIOQZ,7.673018e-05,Low,0.005125576199498027,2026-03-21 14:00:05.577934,XGBoost
1260,1866-NXPSP,0.00017183006,Low,0.012981761241098866,2026-03-21 14:00:05.577934,XGBoost
1261,1866-OBPNR,0.0005251509,Low,0.0391762581653893,2026-03-21 14:00:05.577934,XGBoost
1262,1866-RZZQS,0.9999238,High,98.39250440597534,2026-03-21 14:00:05.577934,XGBoost
1263,1866-ZSLJM,0.01768418,Low,0.3625256959348917,2026-03-21 14:00:05.577934,XGBoost
1264,1867-BDVFH,0.87325126,High,64.9262311309576,2026-03-21 14:00:05.577934,XGBoost
1265,1867-TJHTS,0.22342429,Low,17.829257994890213,2026-03-21 14:00:05.577934,XGBoost
1266,1871-MOWRM,0.999744,High,80.82930224239826,2026-03-21 14:00:05.577934,XGBoost
1267,1872-EBWSC,0.00054183626,Low,0.01102636781288311,2026-03-21 14:00:05.577934,XGBoost
1268,1875-QIVME,0.9995466,High,104.35266373157502,2026-03-21 14:00:05.577934,XGBoost
1269,1877-HKBQX,4.2026888e-05,Low,0.0022946680830500557,2026-03-21 14:00:05.577934,XGBoost
1270,1891-FZYSA,0.99650747,High,89.63584655225277,2026-03-21 14:00:05.577934,XGBoost
1271,1891-QRQSA,0.012471927,Low,1.3918670900166035,2026-03-21 14:00:05.577934,XGBoost
1272,1891-UAWWU,0.99960417,High,90.76405823230743,2026-03-21 14:00:05.577934,XGBoost
1273,1894-IGFSG,0.99783665,High,89.05692096054554,2026-03-21 14:00:05.577934,XGBoost
1274,1895-QTKDO,0.0005872007,Low,0.025807470225845466,2026-03-21 14:00:05.577934,XGBoost
1275,1897-OKVMW,4.841693e-05,Low,0.004386573733063414,2026-03-21 14:00:05.577934,XGBoost
1276,1897-RCFUM,9.914413e-05,Low,0.002399287863227073,2026-03-21 14:00:05.577934,XGBoost
1277,1898-JSNDC,0.0003902129,Low,0.02286647568107583,2026-03-21 14:00:05.577934,XGBoost
1278,1899-VXWXM,0.7921664,High,84.04885630011557,2026-03-21 14:00:05.577934,XGBoost
1279,1902-XBTFB,0.999678,High,89.37121460437776,2026-03-21 14:00:05.577934,XGBoost
1280,1904-WAJAA,2.78215e-05,Low,0.0017903134809785113,2026-03-21 14:00:05.577934,XGBoost
1281,1905-OEILC,0.00030421978,Low,0.005932285683229566,2026-03-21 14:00:05.577934,XGBoost
1282,1907-UBQFC,0.9953727,High,72.51290211379528,2026-03-21 14:00:05.577934,XGBoost
1283,1907-YLNYW,0.0001313791,Low,0.008762985964131076,2026-03-21 14:00:05.577934,XGBoost
1284,1910-FMXJM,0.003444637,Low,0.27694880990311505,2026-03-21 14:00:05.577934,XGBoost
1285,1915-IOFGU,0.9956351,High,70.19227400422096,2026-03-21 14:00:05.577934,XGBoost
1286,1915-OAKWD,0.00014879818,Low,0.0028718048546579667,2026-03-21 14:00:05.577934,XGBoost
1287,1918-ZBFQJ,0.89260155,High,70.73867280781269,2026-03-21 14:00:05.577934,XGBoost
1288,1919-RTPQD,0.21477734,Low,9.611285764724016,2026-03-21 14:00:05.577934,XGBoost
1289,1921-KYSAY,0.00048742507,Low,0.03343736004317179,2026-03-21 14:00:05.577934,XGBoost
1290,1925-GMVBW,0.0005871956,Low,0.012066870066337288,2026-03-21 14:00:05.577934,XGBoost
1291,1925-LFCZZ,0.064739384,Low,3.240206157043576,2026-03-21 14:00:05.577934,XGBoost
1292,1925-TIBLE,0.8679393,High,75.07674887776375,2026-03-21 14:00:05.577934,XGBoost
1293,1926-QUZNN,0.00010730361,Low,0.002709416177822277,2026-03-21 14:00:05.577934,XGBoost
1294,1927-QEWMY,7.970143e-05,Low,0.001633879295695806,2026-03-21 14:00:05.577934,XGBoost
1295,1928-BXYIV,0.0016839604,Low,0.1029741806560196,2026-03-21 14:00:05.577934,XGBoost
1296,1929-ZCBHE,0.00010147876,Low,0.0040895941529015545,2026-03-21 14:00:05.577934,XGBoost
1297,1930-BZLHI,3.3343902e-05,Low,0.0006785484063584591,2026-03-21 14:00:05.577934,XGBoost
1298,1930-QPBVZ,2.434618e-06,Low,0.0002315321674586812,2026-03-21 14:00:05.577934,XGBoost
1299,1930-WNXSB,7.01309e-05,Low,0.006511654401401756,2026-03-21 14:00:05.577934,XGBoost
1300,1932-UEDCX,0.000331748,Low,0.0333738473826088,2026-03-21 14:00:05.577934,XGBoost
1301,1934-MKPXS,5.7581103e-05,Low,0.0011573801650229143,2026-03-21 14:00:05.577934,XGBoost
1302,1934-SJVJK,0.7649722,High,15.414190030097961,2026-03-21 14:00:05.577934,XGBoost
1303,1935-IMVBB,7.835117e-05,Low,0.007028100074239774,2026-03-21 14:00:05.577934,XGBoost
1304,1936-CZAKF,0.00032048367,Low,0.015912014139757957,2026-03-21 14:00:05.577934,XGBoost
1305,1936-UAFEH,0.00010389423,Low,0.01145433866258827,2026-03-21 14:00:05.577934,XGBoost
1306,1937-OTUKY,0.006359348,Low,0.6244879808276892,2026-03-21 14:00:05.577934,XGBoost
1307,1941-HOSAM,0.0028885633,Low,0.26025955530349165,2026-03-21 14:00:05.577934,XGBoost
1308,1942-OQFRW,0.0005974977,Low,0.026289897970855236,2026-03-21 14:00:05.577934,XGBoost
1309,1945-XISKS,2.1711741e-05,Low,0.0004266357162123313,2026-03-21 14:00:05.577934,XGBoost
1310,1950-KSVVJ,2.5469173e-05,Low,0.0028856573149823816,2026-03-21 14:00:05.577934,XGBoost
1311,1951-IEYXM,0.06775286,Low,6.138409160077572,2026-03-21 14:00:05.577934,XGBoost
1312,1952-DVVSW,0.013372935,Low,0.26879600062966347,2026-03-21 14:00:05.577934,XGBoost
1313,1955-IBMMB,0.014726261,Low,0.29747046567499635,2026-03-21 14:00:05.577934,XGBoost
1314,1956-YIFGE,1.6706632e-05,Low,0.0016714985184080433,2026-03-21 14:00:05.577934,XGBoost
1315,1958-RNRKS,0.00013147597,Low,0.0065606510033831,2026-03-21 14:00:05.577934,XGBoost
1316,1960-UOTYM,5.124421e-05,Low,0.004058541377889924,2026-03-21 14:00:05.577934,XGBoost
1317,1960-UYCNN,0.00033309867,Low,0.0317276478963322,2026-03-21 14:00:05.577934,XGBoost
1318,1963-SVUCV,0.9483935,High,42.962226623296736,2026-03-21 14:00:05.577934,XGBoost
1319,1963-VAUKV,0.99957377,High,20.391304850578308,2026-03-21 14:00:05.577934,XGBoost
1320,1964-SVLEA,0.0063752104,Low,0.1255916440859437,2026-03-21 14:00:05.577934,XGBoost
1321,1965-AKTSX,0.99935895,High,78.89938926398754,2026-03-21 14:00:05.577934,XGBoost
1322,1965-DDBWU,0.9985978,High,88.92513415515423,2026-03-21 14:00:05.577934,XGBoost
1323,1970-KKFWL,0.017733408,Low,0.41318840961903336,2026-03-21 14:00:05.577934,XGBoost
1324,1971-DTCZB,2.9901668e-05,Low,0.002719556733063655,2026-03-21 14:00:05.577934,XGBoost
1325,1972-XMUWV,9.246592e-05,Low,0.005529461895639542,2026-03-21 14:00:05.577934,XGBoost
1326,1976-AZZPJ,0.004433264,Low,0.15161762963980438,2026-03-21 14:00:05.577934,XGBoost
1327,1976-CFOCS,0.993733,High,45.71171748638153,2026-03-21 14:00:05.577934,XGBoost
1328,1977-STDKI,0.9809653,High,71.61046808958054,2026-03-21 14:00:05.577934,XGBoost
1329,1980-KXVPM,0.99922955,High,74.99217775464058,2026-03-21 14:00:05.577934,XGBoost
1330,1981-INRFU,0.99975437,High,79.73041094839573,2026-03-21 14:00:05.577934,XGBoost
1331,1982-FEBTD,0.005693255,Low,0.14574732780456542,2026-03-21 14:00:05.577934,XGBoost
1332,1984-FCOWB,0.9998884,High,109.48778200149536,2026-03-21 14:00:05.577934,XGBoost
1333,1984-GPTEH,2.6735785e-05,Low,0.0006724049816511979,2026-03-21 14:00:05.577934,XGBoost
1334,1985-MBRYP,0.00019004259,Low,0.003734336795605486,2026-03-21 14:00:05.577934,XGBoost
1335,1986-PHGZF,0.00015618939,Low,0.009121460246387868,2026-03-21 14:00:05.577934,XGBoost
1336,1987-AUELQ,0.0001281132,Low,0.003209235635586083,2026-03-21 14:00:05.577934,XGBoost
1337,1989-PRJHP,0.81077206,High,61.21329063177109,2026-03-21 14:00:05.577934,XGBoost
1338,1991-VOPLL,0.00024277967,Low,0.004624952745507472,2026-03-21 14:00:05.577934,XGBoost
1339,1996-DBMUS,0.035932958,Low,2.5386634916067123,2026-03-21 14:00:05.577934,XGBoost
1340,1998-VHJHK,1.7586315e-05,Low,0.0003367779351719946,2026-03-21 14:00:05.577934,XGBoost
1341,2000-DHJUY,6.569496e-05,Low,0.006057075613352936,2026-03-21 14:00:05.577934,XGBoost
1342,2000-MPKCA,0.00010808913,Low,0.011646603828921798,2026-03-21 14:00:05.577934,XGBoost
1343,2001-EWBQU,0.06258357,Low,6.552500110119581,2026-03-21 14:00:05.577934,XGBoost
1344,2001-MCUUW,4.269052e-05,Low,0.004638325083396922,2026-03-21 14:00:05.577934,XGBoost
1345,2002-MZHWP,0.86204416,High,17.67190518975258,2026-03-21 14:00:05.577934,XGBoost
1346,2003-CKLOR,0.90337795,High,89.88610604405403,2026-03-21 14:00:05.577934,XGBoost
1347,2004-OCQXK,0.9998853,High,81.94060202836991,2026-03-21 14:00:05.577934,XGBoost
1348,2005-DWQZJ,1.9439563e-05,Low,0.0003703236828187073,2026-03-21 14:00:05.577934,XGBoost
1349,2007-QVGAW,2.5596008e-05,Low,0.0004952827473971411,2026-03-21 14:00:05.577934,XGBoost
1350,2011-TRQYE,0.9982262,High,33.44057855010033,2026-03-21 14:00:05.577934,XGBoost
1351,2012-NWRPA,0.98610026,High,98.166280528903,2026-03-21 14:00:05.577934,XGBoost
1352,2013-SGDXK,0.8484391,High,71.52341591119766,2026-03-21 14:00:05.577934,XGBoost
1353,2014-MKGMH,4.604275e-05,Low,0.0046549221169698285,2026-03-21 14:00:05.577934,XGBoost
1354,2017-CCBLH,0.00041804978,Low,0.008360995561815798,2026-03-21 14:00:05.577934,XGBoost
1355,2018-PZKMU,0.00024074546,Low,0.024820856869337146,2026-03-21 14:00:05.577934,XGBoost
1356,2018-QKYGT,0.0015771007,Low,0.12782401307485997,2026-03-21 14:00:05.577934,XGBoost
1357,2019-HDCZY,0.00018153127,Low,0.018625108472770078,2026-03-21 14:00:05.577934,XGBoost
1358,2023-VQFDL,9.319239e-05,Low,0.0017706554717733525,2026-03-21 14:00:05.577934,XGBoost
1359,2024-BASKD,0.99961096,High,74.5709776520729,2026-03-21 14:00:05.577934,XGBoost
1360,2025-JKFWI,0.99903667,High,98.90463030338287,2026-03-21 14:00:05.577934,XGBoost
1361,2026-TGDHM,0.8611731,High,68.29102630019187,2026-03-21 14:00:05.577934,XGBoost
1362,2027-CWDNU,0.00013219971,Low,0.011316295305732638,2026-03-21 14:00:05.577934,XGBoost
1363,2027-DNKIV,0.0001622253,Low,0.009530736606393475,2026-03-21 14:00:05.577934,XGBoost
1364,2027-FECZV,0.999603,High,106.65763726830482,2026-03-21 14:00:05.577934,XGBoost
1365,2027-OAQQC,0.99936074,High,49.01864430606365,2026-03-21 14:00:05.577934,XGBoost
1366,2027-WKXMW,0.0001235712,Low,0.013438367677736096,2026-03-21 14:00:05.577934,XGBoost
1367,2030-BTZRO,0.00018725831,Low,0.0038200695009436457,2026-03-21 14:00:05.577934,XGBoost
1368,2034-CGRHZ,0.9347873,High,96.23634979724885,2026-03-21 14:00:05.577934,XGBoost
1369,2034-GDRCN,0.94458085,High,85.39010910987855,2026-03-21 14:00:05.577934,XGBoost
1370,2037-SGXHH,0.6462919,Medium,61.17152943313122,2026-03-21 14:00:05.577934,XGBoost
1371,2037-XJFUP,0.59423935,Medium,56.92813012599945,2026-03-21 14:00:05.577934,XGBoost
1372,2038-LLMLM,0.049091987,Low,5.09820288233459,2026-03-21 14:00:05.577934,XGBoost
1373,2038-OEQZH,0.00034210033,Low,0.02943773381120991,2026-03-21 14:00:05.577934,XGBoost
1374,2038-YSEZE,0.043108623,Low,2.907676653377712,2026-03-21 14:00:05.577934,XGBoost
1375,2039-JONDJ,0.026709612,Low,1.4810480108484627,2026-03-21 14:00:05.577934,XGBoost
1376,2040-LDIWQ,0.00047159204,Low,0.03970804949640296,2026-03-21 14:00:05.577934,XGBoost
1377,2040-OBMLJ,0.07078074,Low,5.782786391675472,2026-03-21 14:00:05.577934,XGBoost
1378,2040-VZIKE,0.00013109579,Low,0.01322101028781617,2026-03-21 14:00:05.577934,XGBoost
1379,2040-XBAVJ,1.683933e-05,Low,0.0019272614081273787,2026-03-21 14:00:05.577934,XGBoost
1380,2041-JIJCI,0.3509948,Low,22.463666915893555,2026-03-21 14:00:05.577934,XGBoost
1381,2043-WVTQJ,0.0038585751,Low,0.21492263483814897,2026-03-21 14:00:05.577934,XGBoost
1382,2045-BMBTJ,0.00047523648,Low,0.028252808535762598,2026-03-21 14:00:05.577934,XGBoost
1383,2049-BAFNW,0.0011747506,Low,0.04217354730935767,2026-03-21 14:00:05.577934,XGBoost
1384,2050-ONYDQ,0.00013283556,Low,0.003453724493738264,2026-03-21 14:00:05.577934,XGBoost
1385,2054-PJOCK,9.942256e-05,Low,0.00800848744365794,2026-03-21 14:00:05.577934,XGBoost
1386,2055-BFOCC,0.00048011343,Low,0.040329528506845236,2026-03-21 14:00:05.577934,XGBoost
1387,2055-PDADH,0.60451865,Medium,42.55811309814453,2026-03-21 14:00:05.577934,XGBoost
1388,2055-SIFSS,0.0021385541,Low,0.11045632022432983,2026-03-21 14:00:05.577934,XGBoost
1389,2056-EVGZL,0.00041177802,Low,0.043545525513764005,2026-03-21 14:00:05.577934,XGBoost
1390,2057-BOYKM,0.0046353494,Low,0.4477747502736747,2026-03-21 14:00:05.577934,XGBoost
1391,2057-ZBLPD,0.76850945,High,66.47606721520424,2026-03-21 14:00:05.577934,XGBoost
1392,2058-DCJBE,0.9991373,High,69.68982544541359,2026-03-21 14:00:05.577934,XGBoost
1393,2061-VVFST,0.064215876,Low,1.252209585160017,2026-03-21 14:00:05.577934,XGBoost
1394,2065-MMKGR,2.8371813e-05,Low,0.002014398703977349,2026-03-21 14:00:05.577934,XGBoost
1395,2067-QYTCF,7.148306e-05,Low,0.007945342153470846,2026-03-21 14:00:05.577934,XGBoost
1396,2068-WWXQZ,0.00013321152,Low,0.002670890990702901,2026-03-21 14:00:05.577934,XGBoost
1397,2070-FNEXE,0.9976344,High,76.2691507101059,2026-03-21 14:00:05.577934,XGBoost
1398,2070-XYMFH,0.00024534026,Low,0.01946774929674575,2026-03-21 14:00:05.577934,XGBoost
1399,2072-ZVJJX,0.0020405876,Low,0.051524836861062795,2026-03-21 14:00:05.577934,XGBoost
1400,2073-QBVBI,0.26017505,Low,9.22320549786091,2026-03-21 14:00:05.577934,XGBoost
1401,2074-GKOWZ,0.92323214,High,82.67543797194958,2026-03-21 14:00:05.577934,XGBoost
1402,2074-GUHPQ,0.0003359964,Low,0.03114686521003023,2026-03-21 14:00:05.577934,XGBoost
1403,2075-PUEPR,0.0003470416,Low,0.006715255197195802,2026-03-21 14:00:05.577934,XGBoost
1404,2075-RMJIK,0.0001453145,Low,0.0071785360109061,2026-03-21 14:00:05.577934,XGBoost
1405,2077-DDHJK,0.0001205704,Low,0.008548441568564158,2026-03-21 14:00:05.577934,XGBoost
1406,2077-MPJQO,0.0003806304,Low,0.028699532250175255,2026-03-21 14:00:05.577934,XGBoost
1407,2079-FBMZK,0.1624739,Low,11.251317720860243,2026-03-21 14:00:05.577934,XGBoost
1408,2080-CAZNM,0.00015018914,Low,0.01567974604549818,2026-03-21 14:00:05.577934,XGBoost
1409,2080-GKCWQ,0.9042468,High,67.77329819202423,2026-03-21 14:00:05.577934,XGBoost
1410,2080-SRCDE,0.0007060492,Low,0.01793364983750507,2026-03-21 14:00:05.577934,XGBoost
1411,2081-KJSQF,0.000283931,Low,0.00574960282392567,2026-03-21 14:00:05.577934,XGBoost
1412,2081-VEYEH,0.081312634,Low,8.777698845788837,2026-03-21 14:00:05.577934,XGBoost
1413,2082-CEFLT,0.9994074,High,45.57297792434692,2026-03-21 14:00:05.577934,XGBoost
1414,2082-OJVTK,0.9991208,High,89.1215728521347,2026-03-21 14:00:05.577934,XGBoost
1415,2085-BOJKI,0.0017299306,Low,0.1671977958350908,2026-03-21 14:00:05.577934,XGBoost
1416,2085-JVGAD,0.00013122623,Low,0.0026704538220656106,2026-03-21 14:00:05.577934,XGBoost
1417,2087-QAREY,0.00043171569,Low,0.023614847991848365,2026-03-21 14:00:05.577934,XGBoost
1418,2088-IEBAU,3.2770855e-05,Low,0.002888750858255662,2026-03-21 14:00:05.577934,XGBoost
1419,2091-GPPIQ,0.004759835,Low,0.37578897951170803,2026-03-21 14:00:05.577934,XGBoost
1420,2091-MJTFX,0.03293371,Low,1.6862058639526367,2026-03-21 14:00:05.577934,XGBoost
1421,2091-RFFBA,0.76678795,High,56.66562922596932,2026-03-21 14:00:05.577934,XGBoost
1422,2096-XOTMO,3.5654106e-05,Low,0.0006899069489008981,2026-03-21 14:00:05.577934,XGBoost
1423,2097-YVPKN,0.0026627886,Low,0.06856680673081428,2026-03-21 14:00:05.577934,XGBoost
1424,2100-BDNSN,0.77608716,High,52.73512285351754,2026-03-21 14:00:05.577934,XGBoost
1425,2101-RANCD,4.6406993e-05,Low,0.003392351160800899,2026-03-21 14:00:05.577934,XGBoost
1426,2103-ZRXFN,0.47287303,Medium,23.99830637872219,2026-03-21 14:00:05.577934,XGBoost
1427,2105-PHWON,0.23402564,Low,22.232436016201973,2026-03-21 14:00:05.577934,XGBoost
1428,2107-FBPTK,0.0002870286,Low,0.029879678471479564,2026-03-21 14:00:05.577934,XGBoost
1429,2108-GLPQB,0.0007624,Low,0.04235131914028897,2026-03-21 14:00:05.577934,XGBoost
1430,2108-XWMPY,0.7743929,High,27.452228406071665,2026-03-21 14:00:05.577934,XGBoost
1431,2108-YKQTY,0.9996265,High,50.681064426898956,2026-03-21 14:00:05.577934,XGBoost
1432,2111-DWYHN,0.00012529796,Low,0.002643786880071275,2026-03-21 14:00:05.577934,XGBoost
1433,2114-MGINA,0.999752,High,89.77772825956345,2026-03-21 14:00:05.577934,XGBoost
1434,2115-BFTIW,0.19034347,Low,13.504869152605535,2026-03-21 14:00:05.577934,XGBoost
1435,2120-SMPEX,2.139235e-05,Low,0.00043105586037199827,2026-03-21 14:00:05.577934,XGBoost
1436,2121-JAFOM,5.6231172e-05,Low,0.006497511981615389,2026-03-21 14:00:05.577934,XGBoost
1437,2122-SZZZD,8.063124e-05,Low,0.0015723091455583926,2026-03-21 14:00:05.577934,XGBoost
1438,2122-YWVYA,3.338396e-05,Low,0.0025171505702019205,2026-03-21 14:00:05.577934,XGBoost
1439,2123-AGEEN,0.0011873856,Low,0.1001559789001476,2026-03-21 14:00:05.577934,XGBoost
1440,2123-VSCOT,3.236169e-05,Low,0.002333277950674528,2026-03-21 14:00:05.577934,XGBoost
1441,2126-GSEGL,0.00017594929,Low,0.014920499618165195,2026-03-21 14:00:05.577934,XGBoost
1442,2129-ALKBS,5.246307e-05,Low,0.0013745324460614939,2026-03-21 14:00:05.577934,XGBoost
1443,2133-TSRRM,3.948308e-05,Low,0.004159542328488896,2026-03-21 14:00:05.577934,XGBoost
1444,2135-DQWAQ,0.30315536,Low,25.859152430295943,2026-03-21 14:00:05.577934,XGBoost
1445,2135-RXIHG,0.8812051,High,40.227011990547176,2026-03-21 14:00:05.577934,XGBoost
1446,2137-DQMEV,0.0008506265,Low,0.03810806721448898,2026-03-21 14:00:05.577934,XGBoost
1447,2138-VFAPZ,0.00069089135,Low,0.013610559579683467,2026-03-21 14:00:05.577934,XGBoost
1448,2139-FQHLM,0.00022028266,Low,0.01981442509786575,2026-03-21 14:00:05.577934,XGBoost
1449,2141-RRYGO,0.9256152,High,63.543482893705374,2026-03-21 14:00:05.577934,XGBoost
1450,2143-LJULT,5.8055943e-05,Low,0.0014659125517937355,2026-03-21 14:00:05.577934,XGBoost
1451,2144-BFDSO,0.00019403324,Low,0.021101115289638983,2026-03-21 14:00:05.577934,XGBoost
1452,2144-ESWKO,0.09567347,Low,3.3677062034606937,2026-03-21 14:00:05.577934,XGBoost
1453,2146-EGVDT,7.095848e-05,Low,0.0013694986315385905,2026-03-21 14:00:05.577934,XGBoost
1454,2150-OEGBV,8.2423794e-05,Low,0.001656718261074275,2026-03-21 14:00:05.577934,XGBoost
1455,2150-UWTFY,0.9956136,High,60.88177011013031,2026-03-21 14:00:05.577934,XGBoost
1456,2150-WLKUW,0.00057236216,Low,0.03657394189503975,2026-03-21 14:00:05.577934,XGBoost
1457,2153-MREFK,0.88281566,High,87.57531337738037,2026-03-21 14:00:05.577934,XGBoost
1458,2154-KVJFF,0.9405367,High,75.0078000575304,2026-03-21 14:00:05.577934,XGBoost
1459,2155-AMQRX,0.000108079956,Low,0.005933589566848241,2026-03-21 14:00:05.577934,XGBoost
1460,2157-MXBJS,0.997926,High,75.14382755756378,2026-03-21 14:00:05.577934,XGBoost
1461,2159-TURXX,3.3226042e-05,Low,0.0006661821507805143,2026-03-21 14:00:05.577934,XGBoost
1462,2160-GPFXD,5.7421353e-06,Low,0.0003769711806171472,2026-03-21 14:00:05.577934,XGBoost
1463,2162-FRZAA,0.00035956965,Low,0.014149065614037682,2026-03-21 14:00:05.577934,XGBoost
1464,2164-SOQXL,1.3493535e-05,Low,0.0002705453834551008,2026-03-21 14:00:05.577934,XGBoost
1465,2165-VOEGB,0.99957925,High,105.15573718547822,2026-03-21 14:00:05.577934,XGBoost
1466,2167-FQSTQ,4.9467348e-05,Low,0.004570782928203699,2026-03-21 14:00:05.577934,XGBoost
1467,2169-RRLFW,0.00079298485,Low,0.020300412178039552,2026-03-21 14:00:05.577934,XGBoost
1468,2171-UDMFD,5.6721266e-05,Low,0.0011032286323825245,2026-03-21 14:00:05.577934,XGBoost
1469,2172-EJXVF,0.00021873516,Low,0.023164053846267053,2026-03-21 14:00:05.577934,XGBoost
1470,2176-LVPNX,1.5714437e-05,Low,0.0014119421476607385,2026-03-21 14:00:05.577934,XGBoost
1471,2176-OSJUV,0.0022529264,Low,0.14677815180039033,2026-03-21 14:00:05.577934,XGBoost
1472,2178-PMGCJ,0.00010993693,Low,0.00766260422024061,2026-03-21 14:00:05.577934,XGBoost
1473,2180-DXNEG,0.9998312,High,95.98379516601562,2026-03-21 14:00:05.577934,XGBoost
1474,2181-TIDSV,0.0011201303,Low,0.022346599458251147,2026-03-21 14:00:05.577934,XGBoost
1475,2181-UAESM,0.00028829678,Low,0.015409462995012292,2026-03-21 14:00:05.577934,XGBoost
1476,2186-QZEYA,0.00013828427,Low,0.008096544285217533,2026-03-21 14:00:05.577934,XGBoost
1477,2187-LZGPL,0.59873337,Medium,24.00920795798302,2026-03-21 14:00:05.577934,XGBoost
1478,2187-PKZAY,0.3409246,Low,27.256921036541463,2026-03-21 14:00:05.577934,XGBoost
1479,2188-SXWVT,3.8460912e-05,Low,0.002115350162057439,2026-03-21 14:00:05.577934,XGBoost
1480,2189-UXTKY,0.9990338,High,79.12347764968872,2026-03-21 14:00:05.577934,XGBoost
1481,2189-WWOEW,0.9987317,High,85.79105069041253,2026-03-21 14:00:05.577934,XGBoost
1482,2190-BCXEC,0.0013538509,Low,0.10675114641780964,2026-03-21 14:00:05.577934,XGBoost
1483,2190-PHBHR,5.1578427e-05,Low,0.004871582410487463,2026-03-21 14:00:05.577934,XGBoost
1484,2192-CKRLV,0.0004222234,Low,0.02077339191455394,2026-03-21 14:00:05.577934,XGBoost
1485,2192-OZITF,0.00015699014,Low,0.011546624504262581,2026-03-21 14:00:05.577934,XGBoost
1486,2193-SFWQW,2.3398125e-05,Low,0.0026194200422651193,2026-03-21 14:00:05.577934,XGBoost
1487,2194-IIQOF,2.5600473e-05,Low,0.002286122260011325,2026-03-21 14:00:05.577934,XGBoost
1488,2195-VVRJF,0.00012576432,Low,0.007432671086280607,2026-03-21 14:00:05.577934,XGBoost
1489,2195-ZRVAX,0.9995276,High,85.25970202684402,2026-03-21 14:00:05.577934,XGBoost
1490,2197-OMWGI,1.7843198e-05,Low,0.0009456895095354412,2026-03-21 14:00:05.577934,XGBoost
1491,2200-DSAAL,0.0038625891,Low,0.31151781349908564,2026-03-21 14:00:05.577934,XGBoost
1492,2202-CUYXZ,0.990546,High,84.04782708883285,2026-03-21 14:00:05.577934,XGBoost
1493,2202-OUTMO,0.1566278,Low,9.530801875889301,2026-03-21 14:00:05.577934,XGBoost
1494,2203-GHNWN,0.32002622,Low,25.490088334679605,2026-03-21 14:00:05.577934,XGBoost
1495,2205-LPVGL,2.580982e-05,Low,0.00231901239230865,2026-03-21 14:00:05.577934,XGBoost
1496,2205-YMZZJ,0.937604,High,79.50882005691528,2026-03-21 14:00:05.577934,XGBoost
1497,2207-NHRJK,0.9971445,High,50.65494163036346,2026-03-21 14:00:05.577934,XGBoost
1498,2207-OBZNX,0.99810994,High,50.90360677242279,2026-03-21 14:00:05.577934,XGBoost
1499,2207-QPJED,0.00030113183,Low,0.027101864980068058,2026-03-21 14:00:05.577934,XGBoost
1500,2207-RYYRL,1.5778423e-05,Low,0.0003873602945532184,2026-03-21 14:00:05.577934,XGBoost
1501,2208-MPXIO,0.00090562645,Low,0.018112529069185257,2026-03-21 14:00:05.577934,XGBoost
1502,2208-NKVVH,1.3920214e-05,Low,0.00033756518610061903,2026-03-21 14:00:05.577934,XGBoost
1503,2208-NQBCT,0.06752434,Low,5.533619358018041,2026-03-21 14:00:05.577934,XGBoost
1504,2208-UGTGR,0.00012226864,Low,0.012055687958491034,2026-03-21 14:00:05.577934,XGBoost
1505,2209-XADXF,0.00055150664,Low,0.013925542763900012,2026-03-21 14:00:05.577934,XGBoost
1506,2211-RMNHO,8.523271e-06,Low,0.0007270350495673483,2026-03-21 14:00:05.577934,XGBoost
1507,2212-LYASK,6.372216e-05,Low,0.002921661041546031,2026-03-21 14:00:05.577934,XGBoost
1508,2215-ZAFGX,0.32770407,Low,28.018698155879974,2026-03-21 14:00:05.577934,XGBoost
1509,2219-MVUSO,0.9991333,High,45.110867992043495,2026-03-21 14:00:05.577934,XGBoost
1510,2220-IAHLS,0.0001769809,Low,0.003433429505093954,2026-03-21 14:00:05.577934,XGBoost
1511,2223-GDSHL,1.5720672e-05,Low,0.0018243840214381634,2026-03-21 14:00:05.577934,XGBoost
1512,2223-KAGMX,0.99655485,High,19.333164119720458,2026-03-21 14:00:05.577934,XGBoost
1513,2225-ZRGSG,0.99447304,High,93.38101846575738,2026-03-21 14:00:05.577934,XGBoost
1514,2226-ICFDO,0.018214678,Low,1.5646408738568427,2026-03-21 14:00:05.577934,XGBoost
1515,2227-JRSJX,0.0006287313,Low,0.0623387055908097,2026-03-21 14:00:05.577934,XGBoost
1516,2228-BZDEE,1.0747902e-05,Low,0.00021603282611977194,2026-03-21 14:00:05.577934,XGBoost
1517,2229-DPMBI,5.6311503e-05,Low,0.0010980743027175777,2026-03-21 14:00:05.577934,XGBoost
1518,2229-VWQJH,0.07327166,Low,3.612292936444282,2026-03-21 14:00:05.577934,XGBoost
1519,2230-XTUWL,0.0010162527,Low,0.019867739779874685,2026-03-21 14:00:05.577934,XGBoost
1520,2232-DMLXU,0.99905246,High,55.147696065902714,2026-03-21 14:00:05.577934,XGBoost
1521,2233-FAGXV,9.29556e-05,Low,0.002258821012219414,2026-03-21 14:00:05.577934,XGBoost
1522,2233-TXSIU,0.0120392,Low,0.5351424579042942,2026-03-21 14:00:05.577934,XGBoost
1523,2234-EOFPT,0.00026906762,Low,0.021350515585800166,2026-03-21 14:00:05.577934,XGBoost
1524,2234-XADUH,0.0049087517,Low,0.5065831750631332,2026-03-21 14:00:05.577934,XGBoost
1525,2235-DWLJU,0.22590032,Low,10.02997430562973,2026-03-21 14:00:05.577934,XGBoost
1526,2235-EZAIK,0.018480528,Low,1.4636578291654587,2026-03-21 14:00:05.577934,XGBoost
1527,2235-ZGKPT,0.9991875,High,50.80868585407734,2026-03-21 14:00:05.577934,XGBoost
1528,2236-HILPA,0.00011642693,Low,0.002404216042123153,2026-03-21 14:00:05.577934,XGBoost
1529,2237-ZFSMY,0.7909425,High,75.57455492913722,2026-03-21 14:00:05.577934,XGBoost
1530,2239-CFOUJ,0.0005091378,Low,0.010386411356739698,2026-03-21 14:00:05.577934,XGBoost
1531,2239-CGBUZ,0.00025462813,Low,0.015405001991894096,2026-03-21 14:00:05.577934,XGBoost
1532,2239-JALAW,0.9094526,High,93.90098272264004,2026-03-21 14:00:05.577934,XGBoost
1533,2240-HSJQD,0.00029880108,Low,0.024456868557899723,2026-03-21 14:00:05.577934,XGBoost
1534,2242-MFOTG,0.00022599653,Low,0.018102321719925384,2026-03-21 14:00:05.577934,XGBoost
1535,2243-FNMMI,3.6120156e-05,Low,0.0007007310348853934,2026-03-21 14:00:05.577934,XGBoost
1536,2245-ADZFJ,0.00036026223,Low,0.029019122704630716,2026-03-21 14:00:05.577934,XGBoost
1537,2249-YPRNG,0.9993654,High,105.78282646238803,2026-03-21 14:00:05.577934,XGBoost
1538,2250-IVBWA,5.412405e-05,Low,0.004386754376537283,2026-03-21 14:00:05.577934,XGBoost
1539,2251-PYLPB,0.00010316083,Low,0.008206444307506899,2026-03-21 14:00:05.577934,XGBoost
1540,2252-ISRNH,0.00016348714,Low,0.014771063475200207,2026-03-21 14:00:05.577934,XGBoost
1541,2252-JHJGE,0.00079932227,Low,0.0831295158714056,2026-03-21 14:00:05.577934,XGBoost
1542,2252-NKNSI,0.0011605881,Low,0.09882407803088428,2026-03-21 14:00:05.577934,XGBoost
1543,2253-KPMNB,1.3686379e-05,Low,0.0006329950349481805,2026-03-21 14:00:05.577934,XGBoost
1544,2254-DLXRI,0.0010098352,Low,0.07992845316184685,2026-03-21 14:00:05.577934,XGBoost
1545,2256-YLYLP,3.7604336e-06,Low,0.000274323633198037,2026-03-21 14:00:05.577934,XGBoost
1546,2257-BOVXD,3.688607e-05,Low,0.002456612330570351,2026-03-21 14:00:05.577934,XGBoost
1547,2259-OUUSZ,0.0015000605,Low,0.053252149489708245,2026-03-21 14:00:05.577934,XGBoost
1548,2260-USTRB,0.61648357,Medium,43.27714655399323,2026-03-21 14:00:05.577934,XGBoost
1549,2262-SLNVK,0.64114356,Medium,44.944163584709166,2026-03-21 14:00:05.577934,XGBoost
1550,2263-SFSQZ,3.1250333e-05,Low,0.0007796957968821516,2026-03-21 14:00:05.577934,XGBoost
1551,2265-CYWIV,0.99490744,High,99.09278090000151,2026-03-21 14:00:05.577934,XGBoost
1552,2266-FUBDZ,4.8503957e-06,Low,9.385515729718464e-05,2026-03-21 14:00:05.577934,XGBoost
1553,2266-SJNAT,3.92568e-05,Low,0.004284879713122791,2026-03-21 14:00:05.577934,XGBoost
1554,2267-FPIMA,0.00048764556,Low,0.04603374125435949,2026-03-21 14:00:05.577934,XGBoost
1555,2267-WTPYD,0.00022951327,Low,0.021574247628450394,2026-03-21 14:00:05.577934,XGBoost
1556,2270-CHBFN,0.00035546385,Low,0.03380461245251354,2026-03-21 14:00:05.577934,XGBoost
1557,2272-JKMSI,1.9838457e-05,Low,0.002198101020621834,2026-03-21 14:00:05.577934,XGBoost
1558,2272-QAGFO,0.7605012,High,56.50523959994316,2026-03-21 14:00:05.577934,XGBoost
1559,2272-UOINI,0.00066528877,Low,0.05222516827052459,2026-03-21 14:00:05.577934,XGBoost
1560,2272-WUSPA,3.637953e-05,Low,0.004029032922517217,2026-03-21 14:00:05.577934,XGBoost
1561,2273-QCKXA,0.00020253207,Low,0.009934198124392423,2026-03-21 14:00:05.577934,XGBoost
1562,2274-XUATA,1.4396983e-05,Low,0.0009084496150535415,2026-03-21 14:00:05.577934,XGBoost
1563,2275-RBYQS,0.002052327,Low,0.09317564214579761,2026-03-21 14:00:05.577934,XGBoost
1564,2276-YDAVZ,0.84318244,High,63.3230015873909,2026-03-21 14:00:05.577934,XGBoost
1565,2277-AXSDC,9.817025e-05,Low,0.001938862376846373,2026-03-21 14:00:05.577934,XGBoost
1566,2277-BKJKN,3.154144e-05,Low,0.003128910844679922,2026-03-21 14:00:05.577934,XGBoost
1567,2277-DJJDL,0.0002671497,Low,0.02644782088464126,2026-03-21 14:00:05.577934,XGBoost
1568,2277-VWCNI,0.0011650326,Low,0.056795340206008404,2026-03-21 14:00:05.577934,XGBoost
1569,2279-AXJJK,0.00025625993,Low,0.024511261889711023,2026-03-21 14:00:05.577934,XGBoost
1570,2282-YGNOR,5.345635e-05,Low,0.003100468384218402,2026-03-21 14:00:05.577934,XGBoost
1571,2284-VFLKH,0.00021211113,Low,0.02105202984967036,2026-03-21 14:00:05.577934,XGBoost
1572,2292-XQWSV,5.9866805e-05,Low,0.003609968329692492,2026-03-21 14:00:05.577934,XGBoost
1573,2293-IJWPS,0.00020144814,Low,0.0202959004418517,2026-03-21 14:00:05.577934,XGBoost
1574,2294-DMMUS,1.7912795e-05,Low,0.0012619563828593528,2026-03-21 14:00:05.577934,XGBoost
1575,2294-SALNE,3.760301e-05,Low,0.0032639413679135033,2026-03-21 14:00:05.577934,XGBoost
1576,2296-DKZFP,0.0002922339,Low,0.020748606184497476,2026-03-21 14:00:05.577934,XGBoost
1577,2300-RQGOI,3.2630556e-05,Low,0.0006542426524902113,2026-03-21 14:00:05.577934,XGBoost
1578,2302-ANTDP,0.21479009,Low,25.227096178382634,2026-03-21 14:00:05.577934,XGBoost
1579,2302-OUZXB,0.0018486558,Low,0.15186707009561362,2026-03-21 14:00:05.577934,XGBoost
1580,2303-PJYHN,0.083555065,Low,1.6585680421441795,2026-03-21 14:00:05.577934,XGBoost
1581,2305-MRGLV,0.12997268,Low,9.949408761411904,2026-03-21 14:00:05.577934,XGBoost
1582,2307-FYNNL,0.00015519503,Low,0.01692401761902147,2026-03-21 14:00:05.577934,XGBoost
1583,2308-STERM,0.00010267994,Low,0.0019919907659641466,2026-03-21 14:00:05.577934,XGBoost
1584,2309-OSFEU,0.9988631,High,33.861459124088285,2026-03-21 14:00:05.577934,XGBoost
1585,2311-QYMUQ,0.79609776,High,71.21094422340393,2026-03-21 14:00:05.577934,XGBoost
1586,2314-TNDJQ,1.6437492e-05,Low,0.0009147464507805126,2026-03-21 14:00:05.577934,XGBoost
1587,2316-ESMLS,0.03897174,Low,1.2919132059440017,2026-03-21 14:00:05.577934,XGBoost
1588,2320-JRSDE,0.859489,High,17.10383157134056,2026-03-21 14:00:05.577934,XGBoost
1589,2320-SLKMB,0.00027058853,Low,0.012027660034073052,2026-03-21 14:00:05.577934,XGBoost
1590,2320-TZRRH,1.2396544e-05,Low,0.0002417326031718403,2026-03-21 14:00:05.577934,XGBoost
1591,2320-YKQBO,0.00012178239,Low,0.0023504000942921265,2026-03-21 14:00:05.577934,XGBoost
1592,2321-OMBXY,0.9962949,High,80.00248172879219,2026-03-21 14:00:05.577934,XGBoost
1593,2322-VCZHZ,0.00055524096,Low,0.04997168609406799,2026-03-21 14:00:05.577934,XGBoost
1594,2323-ARSVR,0.13464274,Low,14.952075735479593,2026-03-21 14:00:05.577934,XGBoost
1595,2324-AALNO,1.7858485e-05,Low,0.0004384258087156923,2026-03-21 14:00:05.577934,XGBoost
1596,2324-EFHVG,0.0004941435,Low,0.05158858329523355,2026-03-21 14:00:05.577934,XGBoost
1597,2325-NBPZG,0.0019476144,Low,0.14519465086050332,2026-03-21 14:00:05.577934,XGBoost
1598,2325-WINES,0.0009667327,Low,0.10058853548543993,2026-03-21 14:00:05.577934,XGBoost
1599,2325-ZUSFD,0.9931164,High,69.617458152771,2026-03-21 14:00:05.577934,XGBoost
1600,2330-PQGDQ,1.5029606e-05,Low,0.0012654928590563942,2026-03-21 14:00:05.577934,XGBoost
1601,2332-EFBJY,0.99316376,High,19.565326160192487,2026-03-21 14:00:05.577934,XGBoost
1602,2332-TODQS,2.190422e-05,Low,0.0005487006976181874,2026-03-21 14:00:05.577934,XGBoost
1603,2333-KWEWW,1.8041286e-05,Low,0.0003617277890953119,2026-03-21 14:00:05.577934,XGBoost
1604,2335-GSODA,5.3931206e-05,Low,0.0021626413570629667,2026-03-21 14:00:05.577934,XGBoost
1605,2338-BQEZT,0.00059929024,Low,0.030294121848419307,2026-03-21 14:00:05.577934,XGBoost
1606,2342-CKIAO,0.00052545563,Low,0.010666749306255953,2026-03-21 14:00:05.577934,XGBoost
1607,2344-JMOGN,0.97604316,High,92.57769417464732,2026-03-21 14:00:05.577934,XGBoost
1608,2346-CZYIL,2.50852e-05,Low,0.0005104838369334175,2026-03-21 14:00:05.577934,XGBoost
1609,2346-DJQTB,0.11526261,Low,2.7835920967161654,2026-03-21 14:00:05.577934,XGBoost
1610,2346-LOCWC,0.0014121749,Low,0.028949585394002497,2026-03-21 14:00:05.577934,XGBoost
1611,2347-WKKAE,0.0017141233,Low,0.16181323919445278,2026-03-21 14:00:05.577934,XGBoost
1612,2348-KCJLT,0.00037882276,Low,0.023297599880606867,2026-03-21 14:00:05.577934,XGBoost
1613,2351-BKRZW,3.3600285e-05,Low,0.0025267414283007385,2026-03-21 14:00:05.577934,XGBoost
1614,2351-RRBUE,0.003852475,Low,0.07955360810738056,2026-03-21 14:00:05.577934,XGBoost
1615,2357-COQEK,0.7701757,High,79.55914933681488,2026-03-21 14:00:05.577934,XGBoost
1616,2359-KLTEK,0.00019454751,Low,0.01846255857817596,2026-03-21 14:00:05.577934,XGBoost
1617,2359-KMGLI,0.80156577,High,64.32565274834633,2026-03-21 14:00:05.577934,XGBoost
1618,2359-QWQUL,0.4847915,Medium,50.75766873657704,2026-03-21 14:00:05.577934,XGBoost
1619,2360-RDGRO,0.09960446,Low,10.383764706552029,2026-03-21 14:00:05.577934,XGBoost
1620,2361-FJWNO,0.00029067724,Low,0.010464380728080869,2026-03-21 14:00:05.577934,XGBoost
1621,2361-UPSND,0.00019577659,Low,0.013821827436913734,2026-03-21 14:00:05.577934,XGBoost
1622,2362-IBOOY,0.91692233,High,77.7091675400734,2026-03-21 14:00:05.577934,XGBoost
1623,2363-BJLSL,0.04875282,Low,3.9197265878319745,2026-03-21 14:00:05.577934,XGBoost
1624,2364-UFROM,0.01641202,Low,1.155406188964844,2026-03-21 14:00:05.577934,XGBoost
1625,2368-GAKKQ,0.03243296,Low,3.686005731672049,2026-03-21 14:00:05.577934,XGBoost
1626,2369-FEVNO,0.0013120889,Low,0.026110569504089652,2026-03-21 14:00:05.577934,XGBoost
1627,2369-UAPKZ,0.8213496,High,85.50249552726746,2026-03-21 14:00:05.577934,XGBoost
1628,2371-JQHZZ,0.00011522439,Low,0.01071586855687201,2026-03-21 14:00:05.577934,XGBoost
1629,2371-JUNGC,8.631623e-05,Low,0.0017479036105214618,2026-03-21 14:00:05.577934,XGBoost
1630,2371-KFUOG,0.00024901377,Low,0.024689715332351626,2026-03-21 14:00:05.577934,XGBoost
1631,2372-HWUHI,0.75838107,High,33.63420039713383,2026-03-21 14:00:05.577934,XGBoost
1632,2373-NTKOD,0.00030854892,Low,0.020441365631995723,2026-03-21 14:00:05.577934,XGBoost
1633,2378-HTWFW,0.00031798895,Low,0.02893699411652051,2026-03-21 14:00:05.577934,XGBoost
1634,2378-VTKDH,0.43806362,Medium,45.71193890571594,2026-03-21 14:00:05.577934,XGBoost
1635,2378-YIZKA,0.00022504978,Low,0.019129231150145642,2026-03-21 14:00:05.577934,XGBoost
1636,2379-ENZGV,0.82178515,High,69.72847014367579,2026-03-21 14:00:05.577934,XGBoost
1637,2379-GYFLQ,0.00038074434,Low,0.03613263812148944,2026-03-21 14:00:05.577934,XGBoost
1638,2380-DAMQP,0.005167023,Low,0.5949826769297942,2026-03-21 14:00:05.577934,XGBoost
1639,2382-BCKQJ,0.9992494,High,100.0748272806406,2026-03-21 14:00:05.577934,XGBoost
1640,2384-OVPSA,0.0022792849,Low,0.04604155449196696,2026-03-21 14:00:05.577934,XGBoost
1641,2386-LAHRK,0.8866488,High,47.4357094168663,2026-03-21 14:00:05.577934,XGBoost
1642,2386-OWURY,0.043664113,Low,4.161189939081669,2026-03-21 14:00:05.577934,XGBoost
1643,2387-KDZQY,6.7989175e-05,Low,0.001366582408809336,2026-03-21 14:00:05.577934,XGBoost
1644,2388-LAESQ,4.7713853e-05,Low,0.005479935998300788,2026-03-21 14:00:05.577934,XGBoost
1645,2391-IPLOP,9.576111e-05,Low,0.006669761442390155,2026-03-21 14:00:05.577934,XGBoost
1646,2391-SOORI,0.9993771,High,49.319258496165276,2026-03-21 14:00:05.577934,XGBoost
1647,2393-DIVAI,0.00030829193,Low,0.0061658385675400496,2026-03-21 14:00:05.577934,XGBoost
1648,2397-BRLOM,0.9989813,High,80.36804534494877,2026-03-21 14:00:05.577934,XGBoost
1649,2398-YPMUR,0.9977785,High,69.99416004121304,2026-03-21 14:00:05.577934,XGBoost
1650,2400-FEQME,1.2505464e-05,Low,0.00025636201053202967,2026-03-21 14:00:05.577934,XGBoost
1651,2400-XIWIO,0.004427636,Low,0.39893000740557905,2026-03-21 14:00:05.577934,XGBoost
1652,2402-TAIRZ,0.0004790481,Low,0.038347799515759104,2026-03-21 14:00:05.577934,XGBoost
1653,2403-BCASL,0.99963665,High,111.90932297706604,2026-03-21 14:00:05.577934,XGBoost
1654,2404-JIBFC,0.00045459208,Low,0.03868578617402818,2026-03-21 14:00:05.577934,XGBoost
1655,2405-LBMUW,7.613812e-05,Low,0.0038602028565946967,2026-03-21 14:00:05.577934,XGBoost
1656,2408-PSJVE,0.00025495366,Low,0.015781631457502953,2026-03-21 14:00:05.577934,XGBoost
1657,2408-TZMJL,0.9985715,High,109.99265238642693,2026-03-21 14:00:05.577934,XGBoost
1658,2408-WITXK,0.99620795,High,34.568415951728824,2026-03-21 14:00:05.577934,XGBoost
1659,2410-CIYFZ,0.12237436,Low,2.496437010169029,2026-03-21 14:00:05.577934,XGBoost
1660,2418-TPEUN,5.9187318e-05,Low,0.0011719088899553754,2026-03-21 14:00:05.577934,XGBoost
1661,2419-FSORS,0.00028999877,Low,0.03143586709629744,2026-03-21 14:00:05.577934,XGBoost
1662,2424-WVHPL,0.0008908037,Low,0.06654303623945453,2026-03-21 14:00:05.577934,XGBoost
1663,2428-HYUNX,8.375002e-05,Low,0.0016205628726311263,2026-03-21 14:00:05.577934,XGBoost
1664,2428-ZMCTB,0.00014168346,Low,0.0027982482679362874,2026-03-21 14:00:05.577934,XGBoost
1665,2429-AYKKO,1.4235444e-05,Low,0.0002825735597070889,2026-03-21 14:00:05.577934,XGBoost
1666,2430-RRYUW,0.00018951637,Low,0.010385497251991182,2026-03-21 14:00:05.577934,XGBoost
1667,2430-USGXP,0.9370582,High,94.68973215818404,2026-03-21 14:00:05.577934,XGBoost
1668,2432-TFSMK,0.00010387907,Low,0.0093075648881495,2026-03-21 14:00:05.577934,XGBoost
1669,2433-KMEAS,0.87071854,High,47.410624435544015,2026-03-21 14:00:05.577934,XGBoost
1670,2434-EEVDB,0.00023985146,Low,0.022689948356128295,2026-03-21 14:00:05.577934,XGBoost
1671,2436-QBZFP,0.000112935144,Low,0.004427057644352317,2026-03-21 14:00:05.577934,XGBoost
1672,2439-LYPMQ,0.00025549362,Low,0.02621364559745416,2026-03-21 14:00:05.577934,XGBoost
1673,2439-QKJUL,0.0008763061,Low,0.017745198332704604,2026-03-21 14:00:05.577934,XGBoost
1674,2446-BEGGB,0.99957556,High,98.20829831063747,2026-03-21 14:00:05.577934,XGBoost
1675,2446-PLQVO,0.9381761,High,65.9537795126438,2026-03-21 14:00:05.577934,XGBoost
1676,2446-ZKVAF,0.00032493053,Low,0.018456054106354713,2026-03-21 14:00:05.577934,XGBoost
1677,2450-ZKEED,0.00023486605,Low,0.012635793443769215,2026-03-21 14:00:05.577934,XGBoost
1678,2451-YMUXS,0.0016450782,Low,0.10618979678256436,2026-03-21 14:00:05.577934,XGBoost
1679,2452-KDRRH,0.0004535535,Low,0.04599032609257847,2026-03-21 14:00:05.577934,XGBoost
1680,2452-MRMZF,2.8335387e-05,Low,0.0007282194579602219,2026-03-21 14:00:05.577934,XGBoost
1681,2452-SNHFZ,0.1630234,Low,12.300115328282118,2026-03-21 14:00:05.577934,XGBoost
1682,2453-SAFNS,0.00019765674,Low,0.014251051220344379,2026-03-21 14:00:05.577934,XGBoost
1683,2454-RPBRZ,0.99979335,High,98.07972770333289,2026-03-21 14:00:05.577934,XGBoost
1684,2455-USLMV,0.00044216178,Low,0.03747321066475706,2026-03-21 14:00:05.577934,XGBoost
1685,2458-EOMRE,0.0003413694,Low,0.02186470956512494,2026-03-21 14:00:05.577934,XGBoost
1686,2460-FPSYH,0.99963,High,55.77935256958008,2026-03-21 14:00:05.577934,XGBoost
1687,2460-NGXBJ,0.00034189734,Low,0.025710679637268186,2026-03-21 14:00:05.577934,XGBoost
1688,2462-XIIJB,0.97876966,High,90.53619354963303,2026-03-21 14:00:05.577934,XGBoost
1689,2465-BLLEU,0.00066629925,Low,0.013159410242224112,2026-03-21 14:00:05.577934,XGBoost
1690,2466-FCCPT,2.7892163e-05,Low,0.0005494756193002104,2026-03-21 14:00:05.577934,XGBoost
1691,2466-NEJOJ,0.0003628361,Low,0.007129729098232928,2026-03-21 14:00:05.577934,XGBoost
1692,2468-SJFLM,0.00033204287,Low,0.024670784937916322,2026-03-21 14:00:05.577934,XGBoost
1693,2469-DTSGX,0.00282482,Low,0.31539116555359215,2026-03-21 14:00:05.577934,XGBoost
1694,2472-OVKUP,0.9995498,High,90.95903235673904,2026-03-21 14:00:05.577934,XGBoost
1695,2474-BRUCM,0.9995914,High,101.80838512480258,2026-03-21 14:00:05.577934,XGBoost
1696,2474-LCNUE,0.0001623963,Low,0.011960487752367044,2026-03-21 14:00:05.577934,XGBoost
1697,2475-MROZF,0.0003472296,Low,0.0329868114204146,2026-03-21 14:00:05.577934,XGBoost
1698,2476-YGEFM,7.055983e-05,Low,0.005362546973628923,2026-03-21 14:00:05.577934,XGBoost
1699,2478-EEWWM,0.00046201108,Low,0.020467091060709208,2026-03-21 14:00:05.577934,XGBoost
1700,2479-BRAMR,0.9211305,High,77.14467756450176,2026-03-21 14:00:05.577934,XGBoost
1701,2480-EJWYP,6.4188054e-05,Low,0.0062775917045655655,2026-03-21 14:00:05.577934,XGBoost
1702,2480-JZOSN,0.0016132978,Low,0.03331460058107041,2026-03-21 14:00:05.577934,XGBoost
1703,2480-SQIOB,0.000620653,Low,0.027805253490805624,2026-03-21 14:00:05.577934,XGBoost
1704,2481-SBOYW,6.9295265e-06,Low,0.00017323816337011522,2026-03-21 14:00:05.577934,XGBoost
1705,2482-CZGBB,0.7432612,High,52.02828526496887,2026-03-21 14:00:05.577934,XGBoost
1706,2483-XSSMZ,5.7222343e-05,Low,0.0027380891344364502,2026-03-21 14:00:05.577934,XGBoost
1707,2484-DGXPZ,0.012649361,Low,0.24729500841349364,2026-03-21 14:00:05.577934,XGBoost
1708,2485-ITVKB,0.8078354,High,28.35502254366875,2026-03-21 14:00:05.577934,XGBoost
1709,2486-WYVVE,0.0030895292,Low,0.24499966788571326,2026-03-21 14:00:05.577934,XGBoost
1710,2495-INZWQ,0.9394999,High,41.85472119748592,2026-03-21 14:00:05.577934,XGBoost
1711,2495-KZNFB,0.00022159824,Low,0.020087880326173035,2026-03-21 14:00:05.577934,XGBoost
1712,2495-TTHBQ,0.00012661105,Low,0.0025828653888311237,2026-03-21 14:00:05.577934,XGBoost
1713,2498-XLDZR,3.6679045e-05,Low,0.002699577680323273,2026-03-21 14:00:05.577934,XGBoost
1714,2499-AJYUA,0.101013884,Low,11.192338341474533,2026-03-21 14:00:05.577934,XGBoost
1715,2501-XWWTZ,0.00012683448,Low,0.008903780396212825,2026-03-21 14:00:05.577934,XGBoost
1716,2504-DSHIH,0.00019859431,Low,0.017237986024701966,2026-03-21 14:00:05.577934,XGBoost
1717,2506-CLAKW,0.937256,High,91.99167429804803,2026-03-21 14:00:05.577934,XGBoost
1718,2506-TNFCO,0.9514379,High,66.17250528633595,2026-03-21 14:00:05.577934,XGBoost
1719,2507-QZPQS,0.0008178362,Low,0.07826692473026924,2026-03-21 14:00:05.577934,XGBoost
1720,2509-TFPJU,0.0001848443,Low,0.004759740884765051,2026-03-21 14:00:05.577934,XGBoost
1721,2511-ALLCS,1.1253606e-05,Low,0.00027346263350409573,2026-03-21 14:00:05.577934,XGBoost
1722,2511-MORQY,0.00087674573,Low,0.04813334073987789,2026-03-21 14:00:05.577934,XGBoost
1723,2514-GINMM,0.9998149,High,79.4852867424488,2026-03-21 14:00:05.577934,XGBoost
1724,2516-VQRRV,0.9771413,High,73.72531264722348,2026-03-21 14:00:05.577934,XGBoost
1725,2516-XSJKX,0.00039097082,Low,0.030671660635562148,2026-03-21 14:00:05.577934,XGBoost
1726,2519-ERQOJ,0.0002798703,Low,0.015280917927157134,2026-03-21 14:00:05.577934,XGBoost
1727,2519-FAKOD,0.80319476,High,79.71708005666733,2026-03-21 14:00:05.577934,XGBoost
1728,2519-LBNQL,0.10512395,Low,10.969684394448995,2026-03-21 14:00:05.577934,XGBoost
1729,2519-TWKFS,9.96508e-06,Low,0.0005490758913765603,2026-03-21 14:00:05.577934,XGBoost
1730,2521-NPUZR,0.00027947832,Low,0.028227310453075916,2026-03-21 14:00:05.577934,XGBoost
1731,2522-AHJXR,0.05024253,Low,5.499044724553824,2026-03-21 14:00:05.577934,XGBoost
1732,2522-WLNSF,5.6765417e-05,Low,0.0036443397686525716,2026-03-21 14:00:05.577934,XGBoost
1733,2523-EWWZL,0.00026081208,Low,0.019847799660055898,2026-03-21 14:00:05.577934,XGBoost
1734,2525-GVKQU,3.4521974e-05,Low,0.000711152667645365,2026-03-21 14:00:05.577934,XGBoost
1735,2528-HFYZX,0.9994154,High,76.4053071498871,2026-03-21 14:00:05.577934,XGBoost
1736,2530-ENDWQ,0.9966264,High,93.3838915348053,2026-03-21 14:00:05.577934,XGBoost
1737,2530-FMFXO,6.811689e-05,Low,0.007029662991408259,2026-03-21 14:00:05.577934,XGBoost
1738,2533-QVMSK,0.22103213,Low,20.799123220145702,2026-03-21 14:00:05.577934,XGBoost
1739,2533-TIBIX,0.06594197,Low,1.9914474055171012,2026-03-21 14:00:05.577934,XGBoost
1740,2535-PBCGC,3.1642758e-05,Low,0.0020425400080057443,2026-03-21 14:00:05.577934,XGBoost
1741,2538-OIMXF,0.00019395555,Low,0.004790702118771151,2026-03-21 14:00:05.577934,XGBoost
1742,2541-YGPKE,4.5845372e-05,Low,0.0029203502199379727,2026-03-21 14:00:05.577934,XGBoost
1743,2542-HYGIQ,0.00010535801,Low,0.0021018923525844,2026-03-21 14:00:05.577934,XGBoost
1744,2545-EBUPK,0.5275719,Medium,44.342419588565825,2026-03-21 14:00:05.577934,XGBoost
1745,2545-LXYVJ,0.00040125375,Low,0.008305952703813091,2026-03-21 14:00:05.577934,XGBoost
1746,2546-KZAAT,0.00025664087,Low,0.019350721273804085,2026-03-21 14:00:05.577934,XGBoost
1747,2550-AEVRU,0.00014847914,Low,0.007936210183106597,2026-03-21 14:00:05.577934,XGBoost
1748,2550-QHZGP,0.004984554,Low,0.09719880111515522,2026-03-21 14:00:05.577934,XGBoost
1749,2558-BUOZZ,0.061523266,Low,5.832405629754066,2026-03-21 14:00:05.577934,XGBoost
1750,2560-PPCHE,0.10073776,Low,10.58250147588551,2026-03-21 14:00:05.577934,XGBoost
1751,2560-QTSBS,3.28389e-05,Low,0.0007651463616639376,2026-03-21 14:00:05.577934,XGBoost
1752,2560-WBWXF,0.0014488568,Low,0.03498989131185226,2026-03-21 14:00:05.577934,XGBoost
1753,2565-JSLRY,0.65293485,Medium,15.703083124756814,2026-03-21 14:00:05.577934,XGBoost
1754,2568-BRGYX,0.99941254,High,70.15876007080078,2026-03-21 14:00:05.577934,XGBoost
1755,2568-OIADY,0.9998324,High,99.48332297801971,2026-03-21 14:00:05.577934,XGBoost
1756,2569-WGERO,1.3416725e-05,Low,0.00028376373097671603,2026-03-21 14:00:05.577934,XGBoost
1757,2573-GYRUU,0.0005220979,Low,0.04753701579174958,2026-03-21 14:00:05.577934,XGBoost
1758,2575-GFSOE,0.9365342,High,64.6208615899086,2026-03-21 14:00:05.577934,XGBoost
1759,2576-HXMPA,0.0002535385,Low,0.004956677944574039,2026-03-21 14:00:05.577934,XGBoost
1760,2577-GVSIL,0.1191038,Low,8.748173873499036,2026-03-21 14:00:05.577934,XGBoost
1761,2578-JQPHZ,0.029735738,Low,2.97654741499573,2026-03-21 14:00:05.577934,XGBoost
1762,2580-ASVVY,0.00018344808,Low,0.008328542788513004,2026-03-21 14:00:05.577934,XGBoost
1763,2580-ATZSQ,1.9186338e-05,Low,0.0011770818516197324,2026-03-21 14:00:05.577934,XGBoost
1764,2581-VKIRT,2.3303617e-05,Low,0.0015263869217960746,2026-03-21 14:00:05.577934,XGBoost
1765,2582-FFFZR,0.00017297897,Low,0.00875273565761745,2026-03-21 14:00:05.577934,XGBoost
1766,2585-KTFRE,0.00042906488,Low,0.03022762075561332,2026-03-21 14:00:05.577934,XGBoost
1767,2586-CWXVV,0.462947,Medium,14.073589134216308,2026-03-21 14:00:05.577934,XGBoost
1768,2587-EKXTS,0.0010265205,Low,0.11445703636854887,2026-03-21 14:00:05.577934,XGBoost
1769,2587-YNLES,4.0648967e-05,Low,0.0008170442390110111,2026-03-21 14:00:05.577934,XGBoost
1770,2589-AYCRP,0.003047309,Low,0.06018435047008097,2026-03-21 14:00:05.577934,XGBoost
1771,2592-HODOV,0.0049389624,Low,0.0953219743911177,2026-03-21 14:00:05.577934,XGBoost
1772,2592-SEIFQ,0.93498605,High,23.14090485870838,2026-03-21 14:00:05.577934,XGBoost
1773,2592-YKDIF,0.07108453,Low,1.4465701684355736,2026-03-21 14:00:05.577934,XGBoost
1774,2595-KIWPV,0.00023111324,Low,0.0045529308510595,2026-03-21 14:00:05.577934,XGBoost
1775,2599-CIPQE,2.0897845e-05,Low,0.0022841345009510404,2026-03-21 14:00:05.577934,XGBoost
1776,2599-CZABP,0.00039451546,Low,0.017595389531925323,2026-03-21 14:00:05.577934,XGBoost
1777,2603-HVKCG,0.21648692,Low,21.95177327692509,2026-03-21 14:00:05.577934,XGBoost
1778,2604-IJPDU,0.0013839186,Low,0.13361733796773478,2026-03-21 14:00:05.577934,XGBoost
1779,2604-XVDAM,0.0005500205,Low,0.024090897291898727,2026-03-21 14:00:05.577934,XGBoost
1780,2606-PKWJB,1.2236789e-05,Low,0.0004925307648591115,2026-03-21 14:00:05.577934,XGBoost
1781,2606-RMDHZ,0.9994281,High,30.482556849718094,2026-03-21 14:00:05.577934,XGBoost
1782,2607-DHDAK,4.6022947e-06,Low,9.112543439186993e-05,2026-03-21 14:00:05.577934,XGBoost
1783,2607-FBDFF,0.0009890213,Low,0.04846204211935401,2026-03-21 14:00:05.577934,XGBoost
1784,2608-BHKFN,0.9978257,High,69.89768903553485,2026-03-21 14:00:05.577934,XGBoost
1785,2609-IAICY,0.95421773,High,73.61789802014829,2026-03-21 14:00:05.577934,XGBoost
1786,2612-PHGOX,0.00027892942,Low,0.021226529096020384,2026-03-21 14:00:05.577934,XGBoost
1787,2612-RANWT,0.9997991,High,100.12987713515759,2026-03-21 14:00:05.577934,XGBoost
1788,2612-RRIDN,0.99978584,High,80.98265308141708,2026-03-21 14:00:05.577934,XGBoost
1789,2615-YVMYX,4.3348504e-05,Low,0.004659964160964591,2026-03-21 14:00:05.577934,XGBoost
1790,2616-FLVQC,6.403393e-05,Low,0.0012518632851424628,2026-03-21 14:00:05.577934,XGBoost
1791,2616-UUTFK,0.13407072,Low,9.753645189106464,2026-03-21 14:00:05.577934,XGBoost
1792,2619-WFQWU,0.999035,High,70.08230530619622,2026-03-21 14:00:05.577934,XGBoost
1793,2621-UDNLU,0.00019426632,Low,0.004050452815135941,2026-03-21 14:00:05.577934,XGBoost
1794,2623-DRYAM,0.00034972653,Low,0.03558467421680689,2026-03-21 14:00:05.577934,XGBoost
1795,2625-TRCZQ,0.00059176394,Low,0.029381079398444854,2026-03-21 14:00:05.577934,XGBoost
1796,2626-URJFX,0.8849638,High,45.0446579515934,2026-03-21 14:00:05.577934,XGBoost
1797,2626-VEEWG,0.00021701904,Low,0.0042101694125449285,2026-03-21 14:00:05.577934,XGBoost
1798,2632-IVXVF,0.0009969405,Low,0.11140810494543985,2026-03-21 14:00:05.577934,XGBoost
1799,2632-TACXW,0.00014801633,Low,0.0035005862919206265,2026-03-21 14:00:05.577934,XGBoost
1800,2632-UCGVD,0.9621266,High,96.26076759696006,2026-03-21 14:00:05.577934,XGBoost
1801,2634-HCZGT,0.67476255,Medium,40.51949094831944,2026-03-21 14:00:05.577934,XGBoost
1802,2636-ALXXZ,0.99183613,High,69.0317946910858,2026-03-21 14:00:05.577934,XGBoost
1803,2636-OHFMN,0.99988604,High,48.544467043876644,2026-03-21 14:00:05.577934,XGBoost
1804,2636-SJDOU,0.00011513422,Low,0.009705814926564926,2026-03-21 14:00:05.577934,XGBoost
1805,2637-FKFSY,0.0002570417,Low,0.01184962295810692,2026-03-21 14:00:05.577934,XGBoost
1806,2639-UGMAZ,0.013595406,Low,0.767460666783154,2026-03-21 14:00:05.577934,XGBoost
1807,2640-LYMOV,0.045965087,Low,0.9032139530405402,2026-03-21 14:00:05.577934,XGBoost
1808,2640-PMGFL,0.99945885,High,79.4569785296917,2026-03-21 14:00:05.577934,XGBoost
1809,2642-DTVCO,0.95686644,High,81.38149099051952,2026-03-21 14:00:05.577934,XGBoost
1810,2642-MAWLJ,9.544455e-06,Low,0.00019327520908518636,2026-03-21 14:00:05.577934,XGBoost
1811,2645-QTLMB,0.9994692,High,94.19997404515743,2026-03-21 14:00:05.577934,XGBoost
1812,2649-HWLYB,0.00014221309,Low,0.010829526659654221,2026-03-21 14:00:05.577934,XGBoost
1813,2650-GYRYL,0.002154073,Low,0.04189671945059672,2026-03-21 14:00:05.577934,XGBoost
1814,2651-ZCBXV,0.05602962,Low,6.051199123263359,2026-03-21 14:00:05.577934,XGBoost
1815,2654-VBVPB,0.0010224871,Low,0.020347492571454493,2026-03-21 14:00:05.577934,XGBoost
1816,2656-FMOKZ,0.999798,High,74.43496108949185,2026-03-21 14:00:05.577934,XGBoost
1817,2656-TABEH,0.99989104,High,100.18908247947694,2026-03-21 14:00:05.577934,XGBoost
1818,2657-ALMWY,0.8202025,High,69.67620487511158,2026-03-21 14:00:05.577934,XGBoost
1819,2657-VPXTA,0.0002846243,Low,0.025288867810741064,2026-03-21 14:00:05.577934,XGBoost
1820,2659-VXMWZ,0.99977785,High,111.27527509331703,2026-03-21 14:00:05.577934,XGBoost
1821,2660-EMUBI,0.98937863,High,94.3372524768114,2026-03-21 14:00:05.577934,XGBoost
1822,2661-GKBTK,2.720815e-05,Low,0.002093667191820714,2026-03-21 14:00:05.577934,XGBoost
1823,2662-NNTDK,0.0022406068,Low,0.055567049048841,2026-03-21 14:00:05.577934,XGBoost
1824,2664-XJZNO,5.0266193e-05,Low,0.0052729236755112655,2026-03-21 14:00:05.577934,XGBoost
1825,2665-NPTGL,0.00138859,Low,0.13622067585820333,2026-03-21 14:00:05.577934,XGBoost
1826,2667-WYLWJ,0.999097,High,19.732165545225143,2026-03-21 14:00:05.577934,XGBoost
1827,2668-TZSPS,6.945902e-05,Low,0.0014204369563231012,2026-03-21 14:00:05.577934,XGBoost
1828,2669-OIDSD,0.00025423054,Low,0.02543576599418884,2026-03-21 14:00:05.577934,XGBoost
1829,2669-QVCRG,0.00022214591,Low,0.018060462844732682,2026-03-21 14:00:05.577934,XGBoost
1830,2672-DZUOY,0.9997434,High,25.143546560406683,2026-03-21 14:00:05.577934,XGBoost
1831,2672-HUYVI,0.9407798,High,85.7050402522087,2026-03-21 14:00:05.577934,XGBoost
1832,2672-OJQZP,0.0013703933,Low,0.06132510115276091,2026-03-21 14:00:05.577934,XGBoost
1833,2672-TGEFF,0.00022869019,Low,0.020307688624598086,2026-03-21 14:00:05.577934,XGBoost
1834,2673-CXQEU,5.0997874e-05,Low,0.005635265131786582,2026-03-21 14:00:05.577934,XGBoost
1835,2673-ZALNP,2.3369068e-05,Low,0.00046504445326718265,2026-03-21 14:00:05.577934,XGBoost
1836,2674-MIAHT,0.2320421,Low,18.63298095166683,2026-03-21 14:00:05.577934,XGBoost
1837,2674-MLXMN,0.091253094,Low,9.093370854482055,2026-03-21 14:00:05.577934,XGBoost
1838,2675-DHUTR,0.00035148533,Low,0.034761899197474126,2026-03-21 14:00:05.577934,XGBoost
1839,2675-IJRGJ,0.0067978185,Low,0.1335771328769624,2026-03-21 14:00:05.577934,XGBoost
1840,2675-OTVVJ,0.27388078,Low,24.498635748028757,2026-03-21 14:00:05.577934,XGBoost
1841,2676-ISHSF,0.0014564999,Low,0.029566948267165574,2026-03-21 14:00:05.577934,XGBoost
1842,2676-OXPPQ,6.599963e-05,Low,0.003676179359899834,2026-03-21 14:00:05.577934,XGBoost
1843,2676-SSLTO,0.00035734382,Low,0.023638293379917744,2026-03-21 14:00:05.577934,XGBoost
1844,2680-XKKNJ,0.00030402114,Low,0.017694030638085678,2026-03-21 14:00:05.577934,XGBoost
1845,2682-KEVRP,4.7132547e-05,Low,0.0009450075769564137,2026-03-21 14:00:05.577934,XGBoost
1846,2683-BPJSO,0.9987478,High,84.34425387382508,2026-03-21 14:00:05.577934,XGBoost
1847,2683-JXWQQ,3.3662604e-05,Low,0.0011310634785331787,2026-03-21 14:00:05.577934,XGBoost
1848,2684-EIWEO,0.99988794,High,91.6897243976593,2026-03-21 14:00:05.577934,XGBoost
1849,2685-SREOM,0.99849105,High,88.96555244922638,2026-03-21 14:00:05.577934,XGBoost
1850,2688-BHGOG,0.12753601,Low,10.14548989161849,2026-03-21 14:00:05.577934,XGBoost
1851,2690-DVRVK,0.00018133387,Low,0.003726411129900953,2026-03-21 14:00:05.577934,XGBoost
1852,2691-NZETQ,0.99818283,High,85.19490481317042,2026-03-21 14:00:05.577934,XGBoost
1853,2692-AQCPF,0.12506756,Low,13.513550059497357,2026-03-21 14:00:05.577934,XGBoost
1854,2692-BUCFV,0.15731855,Low,15.959966630488635,2026-03-21 14:00:05.577934,XGBoost
1855,2692-PFYTJ,0.06850169,Low,1.7639184799045324,2026-03-21 14:00:05.577934,XGBoost
1856,2694-CIUMO,0.00017902642,Low,0.014241551821760368,2026-03-21 14:00:05.577934,XGBoost
1857,2696-ECXKC,1.34700185e-05,Low,0.001359124869668449,2026-03-21 14:00:05.577934,XGBoost
1858,2696-NARTR,0.5212272,Medium,38.492627313733095,2026-03-21 14:00:05.577934,XGBoost
1859,2696-RZVZW,0.00035571487,Low,0.008910657590604387,2026-03-21 14:00:05.577934,XGBoost
1860,2697-NQBPF,0.16518384,Low,17.402117773890495,2026-03-21 14:00:05.577934,XGBoost
1861,2700-LUEVA,0.10032176,Low,2.0816765669733286,2026-03-21 14:00:05.577934,XGBoost
1862,2703-AMTUL,1.9121384e-05,Low,0.0010258622492983704,2026-03-21 14:00:05.577934,XGBoost
1863,2706-QZIHY,0.00013968095,Low,0.0035199600155465306,2026-03-21 14:00:05.577934,XGBoost
1864,2709-UQGNP,0.0002726374,Low,0.014081722110859118,2026-03-21 14:00:05.577934,XGBoost
1865,2710-WYVXG,0.00018124866,Low,0.012886779649124946,2026-03-21 14:00:05.577934,XGBoost
1866,2712-SYWAY,0.0006076614,Low,0.01561689744121395,2026-03-21 14:00:05.577934,XGBoost
1867,2716-GFZOR,0.00068077585,Low,0.05861480045132338,2026-03-21 14:00:05.577934,XGBoost
1868,2717-HVIZY,9.734571e-05,Low,0.0019517815573635744,2026-03-21 14:00:05.577934,XGBoost
1869,2718-GAXQD,0.99938047,High,45.97150158882141,2026-03-21 14:00:05.577934,XGBoost
1870,2718-YSKCS,2.7785836e-05,Low,0.0005446023897093255,2026-03-21 14:00:05.577934,XGBoost
1871,2719-BDAQO,0.99929106,High,93.78346620202063,2026-03-21 14:00:05.577934,XGBoost
1872,2720-FVBQP,0.00020710618,Low,0.010137847284204327,2026-03-21 14:00:05.577934,XGBoost
1873,2720-WGKHP,0.99986255,High,93.98707985877991,2026-03-21 14:00:05.577934,XGBoost
1874,2722-JMONI,0.99136376,High,49.12207449674606,2026-03-21 14:00:05.577934,XGBoost
1875,2722-VOJQL,0.99881506,High,105.52481105327607,2026-03-21 14:00:05.577934,XGBoost
1876,2724-FJDYW,0.00064312055,Low,0.03527516242756974,2026-03-21 14:00:05.577934,XGBoost
1877,2725-IWWBA,5.78418e-05,Low,0.0032911984370002753,2026-03-21 14:00:05.577934,XGBoost
1878,2725-KXXWT,0.9998864,High,90.73969021439552,2026-03-21 14:00:05.577934,XGBoost
1879,2725-TTRIQ,0.00010698861,Low,0.00900844121206319,2026-03-21 14:00:05.577934,XGBoost
1880,2729-VNVAP,4.9368664e-06,Low,9.774995451152791e-05,2026-03-21 14:00:05.577934,XGBoost
1881,2731-GJRDG,0.061794337,Low,6.769569605775177,2026-03-21 14:00:05.577934,XGBoost
1882,2732-ISEZX,0.00087187847,Low,0.01787350856466219,2026-03-21 14:00:05.577934,XGBoost
1883,2737-WFVYW,0.8785187,High,39.752971202135086,2026-03-21 14:00:05.577934,XGBoost
1884,2737-YNGYW,0.8538955,High,68.78128134906292,2026-03-21 14:00:05.577934,XGBoost
1885,2739-CACDQ,7.3656e-05,Low,0.006087668666441459,2026-03-21 14:00:05.577934,XGBoost
1886,2739-CCZMB,0.00057848886,Low,0.011772248373017647,2026-03-21 14:00:05.577934,XGBoost
1887,2740-JFBOK,0.2310255,Low,5.5446120500564575,2026-03-21 14:00:05.577934,XGBoost
1888,2740-TVLFN,0.14607027,Low,7.325424127280712,2026-03-21 14:00:05.577934,XGBoost
1889,2746-DIJLO,0.00041529478,Low,0.02338109613629058,2026-03-21 14:00:05.577934,XGBoost
1890,2748-MYRVK,0.7197356,High,71.90158867835999,2026-03-21 14:00:05.577934,XGBoost
1891,2749-CTKAJ,0.002006582,Low,0.04043262698687613,2026-03-21 14:00:05.577934,XGBoost
1892,2750-BJLSB,0.00023935093,Low,0.02482069194520591,2026-03-21 14:00:05.577934,XGBoost
1893,2753-JMMCV,0.000114599585,Low,0.008503289190412034,2026-03-21 14:00:05.577934,XGBoost
1894,2754-SDJRD,0.0010185218,Low,0.10200496243778617,2026-03-21 14:00:05.577934,XGBoost
1895,2754-VDLTR,0.903763,High,86.0382372379303,2026-03-21 14:00:05.577934,XGBoost
1896,2754-XBHTB,0.9975625,High,77.46073027253152,2026-03-21 14:00:05.577934,XGBoost
1897,2758-RNWXS,8.920827e-05,Low,0.007957377508864738,2026-03-21 14:00:05.577934,XGBoost
1898,2761-OCIAX,0.99983,High,74.68730156421661,2026-03-21 14:00:05.577934,XGBoost
1899,2761-XECQW,0.086947694,Low,3.769182553142309,2026-03-21 14:00:05.577934,XGBoost
1900,2770-NSVDG,0.00012832582,Low,0.0037342812764109114,2026-03-21 14:00:05.577934,XGBoost
1901,2773-MADBQ,4.5860063e-05,Low,0.0024351693202333993,2026-03-21 14:00:05.577934,XGBoost
1902,2773-OVBPK,0.00037954535,Low,0.04224339769862127,2026-03-21 14:00:05.577934,XGBoost
1903,2774-LVQUS,0.9312522,High,77.3404936760664,2026-03-21 14:00:05.577934,XGBoost
1904,2777-PHDEI,0.9996171,High,78.0201146364212,2026-03-21 14:00:05.577934,XGBoost
1905,2778-OCLGR,0.9999453,High,39.097860562801365,2026-03-21 14:00:05.577934,XGBoost
1906,2782-JEEBU,0.0002833045,Low,0.010198961477726698,2026-03-21 14:00:05.577934,XGBoost
1907,2782-LFZVW,0.00027152197,Low,0.016006220388226213,2026-03-21 14:00:05.577934,XGBoost
1908,2786-GCDPI,0.00025053672,Low,0.026293828303460033,2026-03-21 14:00:05.577934,XGBoost
1909,2788-CJQAQ,2.3336108e-05,Low,0.0004538872989542142,2026-03-21 14:00:05.577934,XGBoost
1910,2789-CZANW,1.8332541e-05,Low,0.002022079272683186,2026-03-21 14:00:05.577934,XGBoost
1911,2789-HQBOU,0.0002107554,Low,0.01693419661532971,2026-03-21 14:00:05.577934,XGBoost
1912,2790-XUYMV,1.1846042e-05,Low,0.0010122442949523248,2026-03-21 14:00:05.577934,XGBoost
1913,2791-SFVEW,0.0003333026,Low,0.006716047311783767,2026-03-21 14:00:05.577934,XGBoost
1914,2792-LSHWX,0.0025873173,Low,0.21578225917182864,2026-03-21 14:00:05.577934,XGBoost
1915,2792-VPPET,0.00092027674,Low,0.018865673162508756,2026-03-21 14:00:05.577934,XGBoost
1916,2794-XIMMO,0.9998171,High,60.4389420837164,2026-03-21 14:00:05.577934,XGBoost
1917,2796-NNUFI,0.0043742675,Low,0.08726663729175925,2026-03-21 14:00:05.577934,XGBoost
1918,2796-UUZZO,0.009136479,Low,0.733659291639924,2026-03-21 14:00:05.577934,XGBoost
1919,2798-NYLMZ,0.0002205174,Low,0.02393716323422268,2026-03-21 14:00:05.577934,XGBoost
1920,2799-ARNLO,0.00017458411,Low,0.01210740834576427,2026-03-21 14:00:05.577934,XGBoost
1921,2799-TSLAG,2.4818411e-05,Low,0.0006279058103245916,2026-03-21 14:00:05.577934,XGBoost
1922,2800-QQUSO,0.0003769457,Low,0.03780765478732064,2026-03-21 14:00:05.577934,XGBoost
1923,2800-VEQXM,0.0005562145,Low,0.041577032359782606,2026-03-21 14:00:05.577934,XGBoost
1924,2801-NISEI,0.00011540582,Low,0.006341549758872134,2026-03-21 14:00:05.577934,XGBoost
1925,2804-ETQDK,2.5771058e-05,Low,0.0005295952431879414,2026-03-21 14:00:05.577934,XGBoost
1926,2805-AUFQN,2.6730684e-05,Low,0.0005292675454256823,2026-03-21 14:00:05.577934,XGBoost
1927,2805-EDJPQ,0.12287102,Low,12.256384139880538,2026-03-21 14:00:05.577934,XGBoost
1928,2806-MLNTI,0.00018676759,Low,0.01962927362328628,2026-03-21 14:00:05.577934,XGBoost
1929,2808-CHTDM,0.0003864989,Low,0.009701122328988277,2026-03-21 14:00:05.577934,XGBoost
1930,2809-ILCYT,0.022709666,Low,0.6086190439760685,2026-03-21 14:00:05.577934,XGBoost
1931,2809-ZMYOQ,0.12621844,Low,12.792238706350325,2026-03-21 14:00:05.577934,XGBoost
1932,2810-FTLEM,0.82123655,High,41.18501302301883,2026-03-21 14:00:05.577934,XGBoost
1933,2811-POVEX,0.013245064,Low,1.171525896107778,2026-03-21 14:00:05.577934,XGBoost
1934,2812-ENYMO,1.7632816e-05,Low,0.0009618701017643616,2026-03-21 14:00:05.577934,XGBoost
1935,2812-REYAT,0.0014935111,Low,0.02994489834527485,2026-03-21 14:00:05.577934,XGBoost
1936,2812-SFXMJ,0.0025679609,Low,0.05148761565797031,2026-03-21 14:00:05.577934,XGBoost
1937,2815-CPTUL,0.9996074,High,70.22241874039173,2026-03-21 14:00:05.577934,XGBoost
1938,2817-LVCPP,8.454844e-05,Low,0.0016402397202909924,2026-03-21 14:00:05.577934,XGBoost
1939,2817-NTQDO,0.80023277,High,36.450602585077284,2026-03-21 14:00:05.577934,XGBoost
1940,2819-GWENI,2.7679905e-06,Low,5.508301112513436e-05,2026-03-21 14:00:05.577934,XGBoost
1941,2821-WARNZ,1.712927e-05,Low,0.00033316430963168384,2026-03-21 14:00:05.577934,XGBoost
1942,2823-LKABH,0.000290126,Low,0.02757647504477063,2026-03-21 14:00:05.577934,XGBoost
1943,2824-DXNKN,8.404394e-06,Low,0.0006004939560170897,2026-03-21 14:00:05.577934,XGBoost
1944,2824-MYYBN,0.00016498976,Low,0.01571527467604028,2026-03-21 14:00:05.577934,XGBoost
1945,2826-DXLQO,0.023322599,Low,0.6950134504586458,2026-03-21 14:00:05.577934,XGBoost
1946,2826-UWHIS,0.0001588304,Low,0.012928794586332516,2026-03-21 14:00:05.577934,XGBoost
1947,2828-SLQPF,0.0015961782,Low,0.07182801724411547,2026-03-21 14:00:05.577934,XGBoost
1948,2829-HYVZP,0.007099789,Low,0.1405758242122829,2026-03-21 14:00:05.577934,XGBoost
1949,2830-LEWOA,7.010289e-05,Low,0.007283690394251608,2026-03-21 14:00:05.577934,XGBoost
1950,2831-EBWRN,0.00030506056,Low,0.01400227966660168,2026-03-21 14:00:05.577934,XGBoost
1951,2832-KJCRD,0.00052607025,Low,0.05452718095039018,2026-03-21 14:00:05.577934,XGBoost
1952,2832-SCUCO,0.00011966931,Low,0.002381419308221666,2026-03-21 14:00:05.577934,XGBoost
1953,2833-SLKDQ,0.99921465,High,45.0146199464798,2026-03-21 14:00:05.577934,XGBoost
1954,2834-JKOOW,0.0001616139,Low,0.007418078249611426,2026-03-21 14:00:05.577934,XGBoost
1955,2834-JRTUA,0.9965875,High,107.68128098249436,2026-03-21 14:00:05.577934,XGBoost
1956,2834-SPCJV,0.8772009,High,73.77259581685065,2026-03-21 14:00:05.577934,XGBoost
1957,2839-RFSQE,0.9993754,High,20.63710207045078,2026-03-21 14:00:05.577934,XGBoost
1958,2840-XANRC,0.9502684,High,88.51750032305718,2026-03-21 14:00:05.577934,XGBoost
1959,2842-BCQGE,0.00030663222,Low,0.023104738096299114,2026-03-21 14:00:05.577934,XGBoost
1960,2842-JTCCU,0.6761662,Medium,31.13745244145393,2026-03-21 14:00:05.577934,XGBoost
1961,2843-CQMEG,0.00026048205,Low,0.012945957758347504,2026-03-21 14:00:05.577934,XGBoost
1962,2845-AFFTX,0.82918715,High,82.75287804603576,2026-03-21 14:00:05.577934,XGBoost
1963,2845-HSJCY,0.73344475,High,63.99305446445942,2026-03-21 14:00:05.577934,XGBoost
1964,2845-KDHVX,0.00010083826,Low,0.006887253195600351,2026-03-21 14:00:05.577934,XGBoost
1965,2848-YXSMW,7.236542e-05,Low,0.001403889205539599,2026-03-21 14:00:05.577934,XGBoost
1966,2851-MMUTZ,0.036281094,Low,2.0371834255754946,2026-03-21 14:00:05.577934,XGBoost
1967,2851-STERV,0.00031089078,Low,0.02269502723356709,2026-03-21 14:00:05.577934,XGBoost
1968,2853-CWQFQ,0.0006412077,Low,0.03818391712848097,2026-03-21 14:00:05.577934,XGBoost
1969,2856-HYAPG,0.9994634,High,68.61316099464894,2026-03-21 14:00:05.577934,XGBoost
1970,2856-NNASM,0.8876969,High,79.49325934946536,2026-03-21 14:00:05.577934,XGBoost
1971,2858-EIMXH,0.045483805,Low,4.359622732177376,2026-03-21 14:00:05.577934,XGBoost
1972,2858-MOFSQ,0.8856921,High,49.46590487957001,2026-03-21 14:00:05.577934,XGBoost
1973,2860-RANUS,0.2237639,Low,19.19894244968891,2026-03-21 14:00:05.577934,XGBoost
1974,2862-JVEOY,0.0013748712,Low,0.02632878419244662,2026-03-21 14:00:05.577934,XGBoost
1975,2862-PFNIK,0.0014098355,Low,0.034822937624994665,2026-03-21 14:00:05.577934,XGBoost
1976,2863-IMQDR,1.486725e-05,Low,0.0013328489422747226,2026-03-21 14:00:05.577934,XGBoost
1977,2865-TCHJW,0.91808987,High,81.89361610412598,2026-03-21 14:00:05.577934,XGBoost
1978,2866-IKBTM,0.10983475,Low,2.147269420698285,2026-03-21 14:00:05.577934,XGBoost
1979,2867-UIMSS,0.9997409,High,80.47914233803749,2026-03-21 14:00:05.577934,XGBoost
1980,2868-LLSKM,6.2504723e-06,Low,0.0005228520099535672,2026-03-21 14:00:05.577934,XGBoost
1981,2868-MZAGQ,0.999728,High,79.22844590246677,2026-03-21 14:00:05.577934,XGBoost
1982,2868-SNELZ,0.999423,High,80.55349597930908,2026-03-21 14:00:05.577934,XGBoost
1983,2869-ADAWR,0.99902093,High,89.2125694155693,2026-03-21 14:00:05.577934,XGBoost
1984,2873-ZLIWT,0.99971277,High,84.82562812864779,2026-03-21 14:00:05.577934,XGBoost
1985,2874-YXVVA,0.14807253,Low,15.562422467768192,2026-03-21 14:00:05.577934,XGBoost
1986,2876-GZYZC,0.00029038195,Low,0.02495832903077826,2026-03-21 14:00:05.577934,XGBoost
1987,2876-VBBBL,0.99502254,High,20.149206340312958,2026-03-21 14:00:05.577934,XGBoost
1988,2877-VDUER,0.009315415,Low,0.38100048517808316,2026-03-21 14:00:05.577934,XGBoost
1989,2878-DHMIN,1.736185e-05,Low,0.0003455008158198325,2026-03-21 14:00:05.577934,XGBoost
1990,2878-RMWXY,0.023351574,Low,2.397039103601128,2026-03-21 14:00:05.577934,XGBoost
1991,2880-FPNAE,7.534011e-05,Low,0.005590236230636947,2026-03-21 14:00:05.577934,XGBoost
1992,2882-DDZPG,0.025892707,Low,0.5036131431348622,2026-03-21 14:00:05.577934,XGBoost
1993,2882-WDTBA,0.007125324,Low,0.5397433008765802,2026-03-21 14:00:05.577934,XGBoost
1994,2883-ILGWO,0.0560061,Low,5.875039893016219,2026-03-21 14:00:05.577934,XGBoost
1995,2884-GBPFB,0.34158918,Low,24.013719537854193,2026-03-21 14:00:05.577934,XGBoost
1996,2885-HIJDH,7.0511132e-06,Low,0.0006127417408606562,2026-03-21 14:00:05.577934,XGBoost
1997,2886-KEFUM,0.99851125,High,107.33995988965034,2026-03-21 14:00:05.577934,XGBoost
1998,2887-JPYLU,0.00012229872,Low,0.005527902115136385,2026-03-21 14:00:05.577934,XGBoost
1999,2888-ADFAO,1.5922978e-05,Low,0.0003391594418644672,2026-03-21 14:00:05.577934,XGBoost
2000,2889-FPWRM,0.99852437,High,117.62617052793503,2026-03-21 14:00:05.577934,XGBoost
2001,2890-WFBHU,7.6110606e-05,Low,0.006077431867743143,2026-03-21 14:00:05.577934,XGBoost
2002,2892-GESUL,1.6657965e-05,Low,0.0003223316190087644,2026-03-21 14:00:05.577934,XGBoost
2003,2894-QOJRX,0.99990594,High,33.99680209159851,2026-03-21 14:00:05.577934,XGBoost
2004,2896-TBNBE,0.0009562293,Low,0.07726332610473037,2026-03-21 14:00:05.577934,XGBoost
2005,2897-DOVND,0.0003005728,Low,0.020979981910204514,2026-03-21 14:00:05.577934,XGBoost
2006,2898-LSJGD,0.88630956,High,49.589020112156874,2026-03-21 14:00:05.577934,XGBoost
2007,2898-MRKPI,1.6813512e-05,Low,0.0016990053924018866,2026-03-21 14:00:05.577934,XGBoost
2008,2900-PHPLN,1.3372858e-05,Low,0.00026143937625420225,2026-03-21 14:00:05.577934,XGBoost
2009,2903-YYTBW,0.00013846517,Low,0.0061686233049840665,2026-03-21 14:00:05.577934,XGBoost
2010,2904-GGUAZ,3.87884e-05,Low,0.0032601649571006417,2026-03-21 14:00:05.577934,XGBoost
2011,2905-KFQUV,0.00029918418,Low,0.021062565967440605,2026-03-21 14:00:05.577934,XGBoost
2012,2907-ILJBN,0.00026009468,Low,0.005357950314646587,2026-03-21 14:00:05.577934,XGBoost
2013,2908-WGAXL,0.0011655616,Low,0.02908076219027862,2026-03-21 14:00:05.577934,XGBoost
2014,2908-ZTPNF,0.00010681288,Low,0.003722428755281726,2026-03-21 14:00:05.577934,XGBoost
2015,2911-IJORQ,0.0003569223,Low,0.032337160786846654,2026-03-21 14:00:05.577934,XGBoost
2016,2911-UREFD,0.83090144,High,46.447390717267986,2026-03-21 14:00:05.577934,XGBoost
2017,2911-WDXMV,1.990818e-05,Low,0.0016036039431128301,2026-03-21 14:00:05.577934,XGBoost
2018,2916-BQZLN,0.00012369476,Low,0.0104831306853157,2026-03-21 14:00:05.577934,XGBoost
2019,2919-HBCJO,0.9997459,High,76.63052364885807,2026-03-21 14:00:05.577934,XGBoost
2020,2920-RNCEZ,0.00036721706,Low,0.025686833131476308,2026-03-21 14:00:05.577934,XGBoost
2021,2921-XWDJH,0.003773624,Low,0.3149089292623103,2026-03-21 14:00:05.577934,XGBoost
2022,2924-KHUVI,0.00013998817,Low,0.014075810798385645,2026-03-21 14:00:05.577934,XGBoost
2023,2925-MXLSX,2.6999796e-05,Low,0.001861635956174723,2026-03-21 14:00:05.577934,XGBoost
2024,2925-VDZHY,4.2419897e-06,Low,0.0003762644863854803,2026-03-21 14:00:05.577934,XGBoost
2025,2926-JEJJC,9.384975e-05,Low,0.0018957648877403698,2026-03-21 14:00:05.577934,XGBoost
2026,2927-CVULT,4.5560635e-05,Low,0.004740584076353116,2026-03-21 14:00:05.577934,XGBoost
2027,2927-QRRQV,0.19727834,Low,18.67239447310567,2026-03-21 14:00:05.577934,XGBoost
2028,2928-HLDBA,0.00091940956,Low,0.01903177793137729,2026-03-21 14:00:05.577934,XGBoost
2029,2929-ERCFZ,0.9659483,High,90.99232832193375,2026-03-21 14:00:05.577934,XGBoost
2030,2929-QNSRW,0.99814105,High,98.06735819578171,2026-03-21 14:00:05.577934,XGBoost
2031,2930-UOTMB,0.06885195,Low,4.492589592933655,2026-03-21 14:00:05.577934,XGBoost
2032,2931-FSOHN,0.0003718086,Low,0.022271334758261218,2026-03-21 14:00:05.577934,XGBoost
2033,2931-SVLTV,0.0011345007,Low,0.12490852953633293,2026-03-21 14:00:05.577934,XGBoost
2034,2931-VUVJN,0.00016115393,Low,0.015156527467479463,2026-03-21 14:00:05.577934,XGBoost
2035,2931-XIQBR,0.0029687213,Low,0.3059267324977554,2026-03-21 14:00:05.577934,XGBoost
2036,2933-FILNV,0.9979589,High,24.3501971244812,2026-03-21 14:00:05.577934,XGBoost
2037,2933-XEUJM,0.00016487794,Low,0.013058333122171462,2026-03-21 14:00:05.577934,XGBoost
2038,2937-FTHUR,0.00031777468,Low,0.02059179951902479,2026-03-21 14:00:05.577934,XGBoost
2039,2946-KIQSP,0.0040606526,Low,0.1358288285555318,2026-03-21 14:00:05.577934,XGBoost
2040,2947-DOMLJ,0.9994143,High,50.57036483287811,2026-03-21 14:00:05.577934,XGBoost
2041,2951-QOQTK,0.9827954,High,79.40986971855163,2026-03-21 14:00:05.577934,XGBoost
2042,2952-QAYZF,0.99941313,High,85.24994021654129,2026-03-21 14:00:05.577934,XGBoost
2043,2954-PIBKO,1.7339033e-05,Low,0.0011122989437353681,2026-03-21 14:00:05.577934,XGBoost
2044,2955-BJZHG,0.87864494,High,71.03844366073608,2026-03-21 14:00:05.577934,XGBoost
2045,2955-PSXOE,0.99464095,High,20.09174711704254,2026-03-21 14:00:05.577934,XGBoost
2046,2956-GGUCQ,0.9385261,High,74.00278250873089,2026-03-21 14:00:05.577934,XGBoost
2047,2957-JIRMN,8.018215e-05,Low,0.006771382700753748,2026-03-21 14:00:05.577934,XGBoost
2048,2957-LOLHO,0.80723107,High,36.648290514945984,2026-03-21 14:00:05.577934,XGBoost
2049,2958-NHPPS,0.000103070066,Low,0.0021490108752914242,2026-03-21 14:00:05.577934,XGBoost
2050,2959-EEXWB,0.00010081835,Low,0.005131654194701696,2026-03-21 14:00:05.577934,XGBoost
2051,2959-FENLU,0.000106551226,Low,0.009088819582393626,2026-03-21 14:00:05.577934,XGBoost
2052,2959-MJHIC,0.8871661,High,71.2837947577238,2026-03-21 14:00:05.577934,XGBoost
2053,2960-NKRSO,0.00026947222,Low,0.02316113736742409,2026-03-21 14:00:05.577934,XGBoost
2054,2961-VNFKL,4.3305452e-05,Low,0.0011237764789257198,2026-03-21 14:00:05.577934,XGBoost
2055,2962-XPMCQ,0.99979585,High,45.14078281223774,2026-03-21 14:00:05.577934,XGBoost
2056,2967-MXRAV,0.0025313762,Low,0.04758987259119749,2026-03-21 14:00:05.577934,XGBoost
2057,2968-SSGAA,0.90488654,High,91.03158630132674,2026-03-21 14:00:05.577934,XGBoost
2058,2969-QWUBZ,3.152881e-05,Low,0.001620580777671421,2026-03-21 14:00:05.577934,XGBoost
2059,2969-VAPYH,0.00011966737,Low,0.007239875842060428,2026-03-21 14:00:05.577934,XGBoost
2060,2969-WGHQO,0.00027574168,Low,0.019150259712478145,2026-03-21 14:00:05.577934,XGBoost
2061,2971-SGAFL,0.27912503,Low,21.981096491217613,2026-03-21 14:00:05.577934,XGBoost
2062,2972-YDYUW,0.012367809,Low,1.1712315304204821,2026-03-21 14:00:05.577934,XGBoost
2063,2974-GGUXS,9.942342e-05,Low,0.009141983605877613,2026-03-21 14:00:05.577934,XGBoost
2064,2977-CEBSX,0.0074325334,Low,0.6692996351979673,2026-03-21 14:00:05.577934,XGBoost
2065,2978-XXSOG,0.00014450272,Low,0.0085328853536339,2026-03-21 14:00:05.577934,XGBoost
2066,2979-SXESE,0.9785663,High,92.37665767669678,2026-03-21 14:00:05.577934,XGBoost
2067,2982-IHMFT,0.9955011,High,74.11505697071553,2026-03-21 14:00:05.577934,XGBoost
2068,2982-VPSGI,0.9876967,High,92.84349048137665,2026-03-21 14:00:05.577934,XGBoost
2069,2983-ZANRP,0.999703,High,73.52815491855144,2026-03-21 14:00:05.577934,XGBoost
2070,2984-AFWNC,0.4535216,Medium,43.2659615278244,2026-03-21 14:00:05.577934,XGBoost
2071,2984-MIIZL,0.8027469,High,60.04546751976013,2026-03-21 14:00:05.577934,XGBoost
2072,2984-RGEYA,0.0005957755,Low,0.011766565949073993,2026-03-21 14:00:05.577934,XGBoost
2073,2984-TBYKU,3.7476602e-05,Low,0.00393129558142391,2026-03-21 14:00:05.577934,XGBoost
2074,2985-FMWYF,0.6151114,Medium,57.51291689276695,2026-03-21 14:00:05.577934,XGBoost
2075,2985-JUUBZ,0.00035933955,Low,0.026788763618969823,2026-03-21 14:00:05.577934,XGBoost
2076,2987-BJXIK,5.2723623e-05,Low,0.004465690825963975,2026-03-21 14:00:05.577934,XGBoost
2077,2988-GBIVW,0.000100131394,Low,0.009096937144204275,2026-03-21 14:00:05.577934,XGBoost
2078,2988-PLAHS,0.17954475,Low,12.559155043959619,2026-03-21 14:00:05.577934,XGBoost
2079,2988-QRAJY,0.00017357394,Low,0.019101811565633398,2026-03-21 14:00:05.577934,XGBoost
2080,2990-HWIML,0.9989292,High,89.4041636288166,2026-03-21 14:00:05.577934,XGBoost
2081,2990-IAJSV,0.0024453145,Low,0.2249689381569624,2026-03-21 14:00:05.577934,XGBoost
2082,2990-OGYTD,0.00011871822,Low,0.010227574706368614,2026-03-21 14:00:05.577934,XGBoost
2083,2995-UPRYS,0.71491814,High,70.91987915039063,2026-03-21 14:00:05.577934,XGBoost
2084,2995-YWTCD,0.0028926933,Low,0.07202806246932596,2026-03-21 14:00:05.577934,XGBoost
2085,2996-XAUVF,0.00014170373,Low,0.005675234283262397,2026-03-21 14:00:05.577934,XGBoost
2086,2999-AANRQ,6.938891e-05,Low,0.004930081966085708,2026-03-21 14:00:05.577934,XGBoost
2087,3001-CBHLQ,0.923632,High,96.88899949789048,2026-03-21 14:00:05.577934,XGBoost
2088,3001-UNBTL,0.00020588547,Low,0.021401794960547706,2026-03-21 14:00:05.577934,XGBoost
2089,3002-WQZWT,0.00015506292,Low,0.011505668962490745,2026-03-21 14:00:05.577934,XGBoost
2090,3003-CMDUU,0.0009623184,Low,0.09156459451187403,2026-03-21 14:00:05.577934,XGBoost
2091,3005-NFMTA,0.8791556,High,86.86057093143462,2026-03-21 14:00:05.577934,XGBoost
2092,3005-TYFRD,0.00057048287,Low,0.059130549003020866,2026-03-21 14:00:05.577934,XGBoost
2093,3006-XIMLN,0.969044,High,91.28394759893418,2026-03-21 14:00:05.577934,XGBoost
2094,3007-FDPEA,0.00032016638,Low,0.006627444035257213,2026-03-21 14:00:05.577934,XGBoost
2095,3009-JWMPU,0.99836963,High,96.59226210415363,2026-03-21 14:00:05.577934,XGBoost
2096,3011-WQKSZ,4.0138915e-05,Low,0.0008027783042052761,2026-03-21 14:00:05.577934,XGBoost
2097,3012-VFFMN,0.020100517,Low,0.41507568014785645,2026-03-21 14:00:05.577934,XGBoost
2098,3014-WJKSM,0.000105274856,Low,0.007927196637319866,2026-03-21 14:00:05.577934,XGBoost
2099,3016-KSVCP,4.8366626e-05,Low,0.0016323736372214626,2026-03-21 14:00:05.577934,XGBoost
2100,3018-TFTSU,0.86450845,High,70.63034036755562,2026-03-21 14:00:05.577934,XGBoost
2101,3021-VLNRJ,1.2444611e-05,Low,0.0008810784267552662,2026-03-21 14:00:05.577934,XGBoost
2102,3022-BEXHZ,0.020031372,Low,2.227488575875759,2026-03-21 14:00:05.577934,XGBoost
2103,3023-GFLBR,0.8262394,High,71.18052491843702,2026-03-21 14:00:05.577934,XGBoost
2104,3026-ATZYV,3.2215183e-05,Low,0.002419360222847899,2026-03-21 14:00:05.577934,XGBoost
2105,3027-YNWZU,0.00017517123,Low,0.004379280653665774,2026-03-21 14:00:05.577934,XGBoost
2106,3027-ZTDHO,0.9975109,High,89.67623081207276,2026-03-21 14:00:05.577934,XGBoost
2107,3030-YDNRM,0.00017761959,Low,0.013294826003402703,2026-03-21 14:00:05.577934,XGBoost
2108,3030-YZADT,0.7359827,High,33.082423087954524,2026-03-21 14:00:05.577934,XGBoost
2109,3030-ZKIWL,0.00016027066,Low,0.0032134267647052185,2026-03-21 14:00:05.577934,XGBoost
2110,3034-ZBEQN,0.99795663,High,34.62909518480301,2026-03-21 14:00:05.577934,XGBoost
2111,3038-PQIUY,0.11769698,Low,7.785655104741455,2026-03-21 14:00:05.577934,XGBoost
2112,3039-MJSLN,0.00080677675,Low,0.016296890319790692,2026-03-21 14:00:05.577934,XGBoost
2113,3043-SUDUA,0.00013151673,Low,0.002617182965332176,2026-03-21 14:00:05.577934,XGBoost
2114,3043-TYBNO,0.000189458,Low,0.011490628032333916,2026-03-21 14:00:05.577934,XGBoost
2115,3045-XETSH,0.99877423,High,94.7337357610464,2026-03-21 14:00:05.577934,XGBoost
2116,3049-NDXFL,0.9996469,High,85.76970419883727,2026-03-21 14:00:05.577934,XGBoost
2117,3049-SOLAY,0.9995394,High,95.15614852905274,2026-03-21 14:00:05.577934,XGBoost
2118,3050-GBUSH,0.044943605,Low,1.5640374407172202,2026-03-21 14:00:05.577934,XGBoost
2119,3050-RLLXC,1.1684509e-05,Low,0.0009493663924331486,2026-03-21 14:00:05.577934,XGBoost
2120,3055-MJDSB,5.7813566e-05,Low,0.0014222137222532185,2026-03-21 14:00:05.577934,XGBoost
2121,3055-OYMSE,6.970865e-05,Low,0.005144498421577736,2026-03-21 14:00:05.577934,XGBoost
2122,3055-VTCGS,0.0001697929,Low,0.00994137408924871,2026-03-21 14:00:05.577934,XGBoost
2123,3057-VJJQE,8.744494e-05,Low,0.004831332918911357,2026-03-21 14:00:05.577934,XGBoost
2124,3058-HJCUY,0.9993197,High,102.53019840717315,2026-03-21 14:00:05.577934,XGBoost
2125,3058-WQDRE,0.0002374473,Low,0.005971799518738407,2026-03-21 14:00:05.577934,XGBoost
2126,3059-NGMXB,7.570186e-05,Low,0.005238568503409625,2026-03-21 14:00:05.577934,XGBoost
2127,3061-BCKYI,5.9508893e-05,Low,0.0011842269741464406,2026-03-21 14:00:05.577934,XGBoost
2128,3062-ICYZQ,0.0002918889,Low,0.027379178174305706,2026-03-21 14:00:05.577934,XGBoost
2129,3063-QFSZL,0.93816614,High,51.97440423965454,2026-03-21 14:00:05.577934,XGBoost
2130,3066-RRJIO,0.9904297,High,69.28055747449399,2026-03-21 14:00:05.577934,XGBoost
2131,3067-SVMTC,0.009625062,Low,0.5380409851670265,2026-03-21 14:00:05.577934,XGBoost
2132,3068-OMWZA,0.9998698,High,88.78844032287597,2026-03-21 14:00:05.577934,XGBoost
2133,3069-SSVSN,0.0008098559,Low,0.02093477438320406,2026-03-21 14:00:05.577934,XGBoost
2134,3070-BDOQC,8.591319e-05,Low,0.008561249439298991,2026-03-21 14:00:05.577934,XGBoost
2135,3070-DVEYC,0.9988174,High,73.6627820879221,2026-03-21 14:00:05.577934,XGBoost
2136,3070-FNFZQ,8.093211e-06,Low,0.0001651015118113719,2026-03-21 14:00:05.577934,XGBoost
2137,3071-MVJCD,0.00017218776,Low,0.014171052926394622,2026-03-21 14:00:05.577934,XGBoost
2138,3071-VBYPO,0.0004030197,Low,0.0362113188704825,2026-03-21 14:00:05.577934,XGBoost
2139,3074-GQWYX,0.9998227,High,75.88654112219811,2026-03-21 14:00:05.577934,XGBoost
2140,3077-RSNTJ,0.00021769672,Low,0.004288625474146102,2026-03-21 14:00:05.577934,XGBoost
2141,3078-ZKNTS,0.00011042485,Low,0.0021808908131788485,2026-03-21 14:00:05.577934,XGBoost
2142,3079-BCHLN,0.012126555,Low,0.24131843922659754,2026-03-21 14:00:05.577934,XGBoost
2143,3082-VQXNH,0.0027930522,Low,0.08323295656591655,2026-03-21 14:00:05.577934,XGBoost
2144,3082-WQRVY,0.016151736,Low,0.3173816037364304,2026-03-21 14:00:05.577934,XGBoost
2145,3082-YVEKW,2.0005395e-05,Low,0.0015434161947268878,2026-03-21 14:00:05.577934,XGBoost
2146,3084-DOWLE,1.7240449e-05,Low,0.0015861212959862314,2026-03-21 14:00:05.577934,XGBoost
2147,3085-QUOZK,0.7888409,High,34.66955711245537,2026-03-21 14:00:05.577934,XGBoost
2148,3086-RUCRN,0.000109515575,Low,0.011291055769834201,2026-03-21 14:00:05.577934,XGBoost
2149,3088-FVYWK,1.9878018e-05,Low,0.0005078833615698386,2026-03-21 14:00:05.577934,XGBoost
2150,3088-LHEFH,0.00045179747,Low,0.035692000441486016,2026-03-21 14:00:05.577934,XGBoost
2151,3090-HAWSU,0.99730396,High,111.29912223815917,2026-03-21 14:00:05.577934,XGBoost
2152,3090-LETTY,0.4917751,Medium,29.973692068457606,2026-03-21 14:00:05.577934,XGBoost
2153,3090-QFUVD,3.2796335e-05,Low,0.000665765606390778,2026-03-21 14:00:05.577934,XGBoost
2154,3091-FYHKI,0.82358354,High,29.196036610007287,2026-03-21 14:00:05.577934,XGBoost
2155,3092-IGHWF,0.58485955,Medium,51.11672466993332,2026-03-21 14:00:05.577934,XGBoost
2156,3094-JOJAI,9.700471e-06,Low,0.0007192899476194726,2026-03-21 14:00:05.577934,XGBoost
2157,3096-GKWEB,0.0003948631,Low,0.03741327925672522,2026-03-21 14:00:05.577934,XGBoost
2158,3096-IZETN,0.99829143,High,77.9665609061718,2026-03-21 14:00:05.577934,XGBoost
2159,3096-JRDSO,0.8833963,High,92.13823695778846,2026-03-21 14:00:05.577934,XGBoost
2160,3096-WPXBT,1.9214738e-05,Low,0.0019349241298186827,2026-03-21 14:00:05.577934,XGBoost
2161,3096-YXENJ,0.0002700795,Low,0.029074058304831854,2026-03-21 14:00:05.577934,XGBoost
2162,3097-FQTVJ,9.551465e-06,Low,0.00019102930309600197,2026-03-21 14:00:05.577934,XGBoost
2163,3097-IDVPU,0.0117247645,Low,0.587410700507462,2026-03-21 14:00:05.577934,XGBoost
2164,3097-NNSPB,0.9984084,High,48.9719309002161,2026-03-21 14:00:05.577934,XGBoost
2165,3097-NQYSN,0.9864434,High,85.67260932326316,2026-03-21 14:00:05.577934,XGBoost
2166,3097-PYWXL,5.8674075e-05,Low,0.0011705478014846448,2026-03-21 14:00:05.577934,XGBoost
2167,3099-OONVS,7.300386e-05,Low,0.003964109551452565,2026-03-21 14:00:05.577934,XGBoost
2168,3104-OWCGK,0.6962613,Medium,63.32496402859688,2026-03-21 14:00:05.577934,XGBoost
2169,3106-ULWFW,0.9974369,High,84.9816222667694,2026-03-21 14:00:05.577934,XGBoost
2170,3108-PCCGG,5.7928242e-05,Low,0.004892040063350578,2026-03-21 14:00:05.577934,XGBoost
2171,3113-IWHLC,0.022385938,Low,1.2491353455930947,2026-03-21 14:00:05.577934,XGBoost
2172,3115-JPJDD,0.00023119942,Low,0.018784952681016875,2026-03-21 14:00:05.577934,XGBoost
2173,3118-UHVVQ,4.684384e-05,Low,0.001208571100869449,2026-03-21 14:00:05.577934,XGBoost
2174,3120-FAZKD,2.7547536e-05,Low,0.0006625182375501027,2026-03-21 14:00:05.577934,XGBoost
2175,3125-RAHBV,1.2199806e-05,Low,0.00024765607004155753,2026-03-21 14:00:05.577934,XGBoost
2176,3126-WQMGH,0.0011894074,Low,0.062027597310952844,2026-03-21 14:00:05.577934,XGBoost
2177,3128-YOVTD,0.000121697645,Low,0.009632368619713817,2026-03-21 14:00:05.577934,XGBoost
2178,3129-AAQOU,1.7324835e-05,Low,0.0004435157869011164,2026-03-21 14:00:05.577934,XGBoost
2179,3130-ICDUP,0.00054256135,Low,0.043703316661412826,2026-03-21 14:00:05.577934,XGBoost
2180,3131-NWVFJ,0.0002685773,Low,0.005250686351791956,2026-03-21 14:00:05.577934,XGBoost
2181,3132-TVFDZ,0.99976355,High,44.83939514458179,2026-03-21 14:00:05.577934,XGBoost
2182,3133-PZNSR,6.4440815e-06,Low,0.0006299089631056631,2026-03-21 14:00:05.577934,XGBoost
2183,3134-DSHVC,0.023778785,Low,2.330320931971073,2026-03-21 14:00:05.577934,XGBoost
2184,3137-LUPIX,0.0005962512,Low,0.03839857871644199,2026-03-21 14:00:05.577934,XGBoost
2185,3137-NYQQI,0.08937005,Low,5.791179209947586,2026-03-21 14:00:05.577934,XGBoost
2186,3138-BKYAV,0.7420425,High,63.33332583010196,2026-03-21 14:00:05.577934,XGBoost
2187,3143-ILDAL,0.9960626,High,94.07811037600041,2026-03-21 14:00:05.577934,XGBoost
2188,3143-JQEGI,0.99963677,High,88.31790856719016,2026-03-21 14:00:05.577934,XGBoost
2189,3144-AUDBS,0.9993273,High,49.11693689227104,2026-03-21 14:00:05.577934,XGBoost
2190,3144-KMTWZ,1.631009e-05,Low,0.0015209159259939042,2026-03-21 14:00:05.577934,XGBoost
2191,3146-JTQHR,0.00029542317,Low,0.0057902942295186225,2026-03-21 14:00:05.577934,XGBoost
2192,3146-MSEGF,0.00025528372,Low,0.022477731984690764,2026-03-21 14:00:05.577934,XGBoost
2193,3148-AOIQT,0.00022761451,Low,0.005678982015524525,2026-03-21 14:00:05.577934,XGBoost
2194,3148-BLQJT,0.7620628,High,15.317462038993837,2026-03-21 14:00:05.577934,XGBoost
2195,3154-CFSZG,0.010966578,Low,0.9875403099227696,2026-03-21 14:00:05.577934,XGBoost
2196,3154-HMWUU,7.847462e-05,Low,0.0016087297626654617,2026-03-21 14:00:05.577934,XGBoost
2197,3156-QLHBO,0.00020138228,Low,0.003876608916471014,2026-03-21 14:00:05.577934,XGBoost
2198,3158-MOERK,0.99987197,High,95.98770904541016,2026-03-21 14:00:05.577934,XGBoost
2199,3160-TYXLT,0.00028568975,Low,0.013227435338194482,2026-03-21 14:00:05.577934,XGBoost
2200,3161-GETRM,2.955664e-05,Low,0.0026615754845806805,2026-03-21 14:00:05.577934,XGBoost
2201,3161-ONRWK,0.00029444663,Low,0.019389310259430203,2026-03-21 14:00:05.577934,XGBoost
2202,3162-KKZXO,0.00019396351,Low,0.019425445653178032,2026-03-21 14:00:05.577934,XGBoost
2203,3162-ZJZFU,0.00014716617,Low,0.013620228770014365,2026-03-21 14:00:05.577934,XGBoost
2204,3164-AALRN,0.7087477,High,49.612337946891785,2026-03-21 14:00:05.577934,XGBoost
2205,3164-YAXFY,0.00031948063,Low,0.017172084080812056,2026-03-21 14:00:05.577934,XGBoost
2206,3165-HDOEW,0.87598187,High,40.163768616318706,2026-03-21 14:00:05.577934,XGBoost
2207,3166-PNEOF,0.011602277,Low,1.0030168411321938,2026-03-21 14:00:05.577934,XGBoost
2208,3167-SNQPL,0.0326282,Low,3.3003425259143118,2026-03-21 14:00:05.577934,XGBoost
2209,3170-GWYKC,0.0002330412,Low,0.024457673448341665,2026-03-21 14:00:05.577934,XGBoost
2210,3170-NMYVV,2.0589563e-05,Low,0.000414879695745185,2026-03-21 14:00:05.577934,XGBoost
2211,3173-NVMPX,0.021897413,Low,1.210926929861307,2026-03-21 14:00:05.577934,XGBoost
2212,3173-WSSUE,6.276606e-06,Low,0.00012364914214231247,2026-03-21 14:00:05.577934,XGBoost
2213,3174-AKMAS,0.00022849144,Low,0.014669150265399368,2026-03-21 14:00:05.577934,XGBoost
2214,3174-RKMOW,0.0043534525,Low,0.4786620995029807,2026-03-21 14:00:05.577934,XGBoost
2215,3177-LASXD,0.97970164,High,69.9017118871212,2026-03-21 14:00:05.577934,XGBoost
2216,3178-CIFOT,2.902401e-05,Low,0.0005703217879272415,2026-03-21 14:00:05.577934,XGBoost
2217,3178-FESZO,0.99988663,High,100.23863485455513,2026-03-21 14:00:05.577934,XGBoost
2218,3179-GBRWV,7.2512215e-05,Low,0.004709668390933075,2026-03-21 14:00:05.577934,XGBoost
2219,3181-MIZBN,0.06059442,Low,1.1967398123815656,2026-03-21 14:00:05.577934,XGBoost
2220,3181-VTHOE,0.02565786,Low,1.3098337817005812,2026-03-21 14:00:05.577934,XGBoost
2221,3186-AJIEK,0.00020410407,Low,0.02156359516447992,2026-03-21 14:00:05.577934,XGBoost
2222,3186-BAXNB,0.9962535,High,91.35644507408142,2026-03-21 14:00:05.577934,XGBoost
2223,3190-FZATL,0.0037931437,Low,0.07567321616224944,2026-03-21 14:00:05.577934,XGBoost
2224,3190-ITQXP,4.5000503e-05,Low,0.0009112601801462006,2026-03-21 14:00:05.577934,XGBoost
2225,3190-XFANI,0.9967325,High,100.27128682136535,2026-03-21 14:00:05.577934,XGBoost
2226,3191-CSNMG,0.0009652339,Low,0.07789437510073186,2026-03-21 14:00:05.577934,XGBoost
2227,3192-LNKRK,0.054236002,Low,4.558535990491509,2026-03-21 14:00:05.577934,XGBoost
2228,3192-NQECA,0.99930894,High,109.92398381233215,2026-03-21 14:00:05.577934,XGBoost
2229,3194-ORPIK,0.8649977,High,73.00580461025238,2026-03-21 14:00:05.577934,XGBoost
2230,3195-TQDZX,0.00023318654,Low,0.004722027431853348,2026-03-21 14:00:05.577934,XGBoost
2231,3196-NVXLZ,0.00015269975,Low,0.012918398951296694,2026-03-21 14:00:05.577934,XGBoost
2232,3197-ARFOY,0.0004944152,Low,0.051913593197241426,2026-03-21 14:00:05.577934,XGBoost
2233,3197-NNYNB,0.00043232657,Low,0.045437523012515156,2026-03-21 14:00:05.577934,XGBoost
2234,3198-VELRD,0.9986284,High,84.63375502824783,2026-03-21 14:00:05.577934,XGBoost
2235,3199-NPKCN,0.0001344054,Low,0.014952601140976185,2026-03-21 14:00:05.577934,XGBoost
2236,3199-XGZCY,0.94067377,High,70.78570108115673,2026-03-21 14:00:05.577934,XGBoost
2237,3200-MNQTF,0.013590329,Low,0.9635543492622675,2026-03-21 14:00:05.577934,XGBoost
2238,3205-MXZRA,1.6686743e-05,Low,0.000992026873609575,2026-03-21 14:00:05.577934,XGBoost
2239,3207-OYBWH,0.9991248,High,95.16663958132267,2026-03-21 14:00:05.577934,XGBoost
2240,3208-YPIOE,0.99965703,High,75.22419187426567,2026-03-21 14:00:05.577934,XGBoost
2241,3209-ZPKFI,0.058660027,Low,3.1823064452037215,2026-03-21 14:00:05.577934,XGBoost
2242,3211-AAPKX,0.00013642124,Low,0.013444312874344177,2026-03-21 14:00:05.577934,XGBoost
2243,3211-ILJTT,0.24638397,Low,17.34543113708496,2026-03-21 14:00:05.577934,XGBoost
2244,3212-KXOCR,0.004563295,Low,0.09582919115200639,2026-03-21 14:00:05.577934,XGBoost
2245,3214-IYUUQ,0.00022093495,Low,0.020701604601345024,2026-03-21 14:00:05.577934,XGBoost
2246,3217-FZDMN,0.99912065,High,94.36694564521314,2026-03-21 14:00:05.577934,XGBoost
2247,3219-JQRSL,3.4651464e-05,Low,0.0030874454758304634,2026-03-21 14:00:05.577934,XGBoost
2248,3221-CJMSG,2.9800412e-05,Low,0.0015228010761347832,2026-03-21 14:00:05.577934,XGBoost
2249,3223-DWFIO,0.00044920217,Low,0.031152170417772136,2026-03-21 14:00:05.577934,XGBoost
2250,3223-WZWJM,0.99975675,High,83.92957945168018,2026-03-21 14:00:05.577934,XGBoost
2251,3224-DFQNQ,0.00022036249,Low,0.01961226160346996,2026-03-21 14:00:05.577934,XGBoost
2252,3227-WLKLI,2.3917853e-05,Low,0.0021896794850363222,2026-03-21 14:00:05.577934,XGBoost
2253,3229-USWAR,0.0008473037,Low,0.06774193209421356,2026-03-21 14:00:05.577934,XGBoost
2254,3230-IUALN,0.00077769015,Low,0.0629929019487463,2026-03-21 14:00:05.577934,XGBoost
2255,3230-JCNZS,0.0002798695,Low,0.027707081084372476,2026-03-21 14:00:05.577934,XGBoost
2256,3230-WYKIR,0.048252396,Low,3.95669649541378,2026-03-21 14:00:05.577934,XGBoost
2257,3234-VKACU,0.00010467096,Low,0.007358368385030189,2026-03-21 14:00:05.577934,XGBoost
2258,3235-ETOOB,0.9990866,High,74.43195307254791,2026-03-21 14:00:05.577934,XGBoost
2259,3237-AJGEH,0.882528,High,27.3583682179451,2026-03-21 14:00:05.577934,XGBoost
2260,3239-TPHPZ,0.043878824,Low,0.8797704115509987,2026-03-21 14:00:05.577934,XGBoost
2261,3243-ZHOHY,0.014361376,Low,0.28866365645080805,2026-03-21 14:00:05.577934,XGBoost
2262,3244-CQPHU,6.745419e-05,Low,0.007426706093974644,2026-03-21 14:00:05.577934,XGBoost
2263,3244-DCJWY,0.99235356,High,69.71283748745918,2026-03-21 14:00:05.577934,XGBoost
2264,3247-MHJKM,0.10889199,Low,2.199618123471737,2026-03-21 14:00:05.577934,XGBoost
2265,3247-ZVOUO,0.99975246,High,85.52882311642169,2026-03-21 14:00:05.577934,XGBoost
2266,3249-VHRIP,0.00024064402,Low,0.010492079186951742,2026-03-21 14:00:05.577934,XGBoost
2267,3249-ZPQRG,0.87735724,High,68.82867583036423,2026-03-21 14:00:05.577934,XGBoost
2268,3251-YMVWZ,0.0001602925,Low,0.0038550347213458735,2026-03-21 14:00:05.577934,XGBoost
2269,3253-HKOKL,3.1521595e-05,Low,0.00316161595765152,2026-03-21 14:00:05.577934,XGBoost
2270,3254-YRILK,0.91171783,High,80.4135127902031,2026-03-21 14:00:05.577934,XGBoost
2271,3255-GRXMG,0.072020896,Low,3.287753892317414,2026-03-21 14:00:05.577934,XGBoost
2272,3256-EZDBI,0.10936472,Low,3.2207909509539605,2026-03-21 14:00:05.577934,XGBoost
2273,3258-SANFR,0.00045601564,Low,0.020383899001171813,2026-03-21 14:00:05.577934,XGBoost
2274,3258-SYSWS,0.00013869643,Low,0.01578365357709117,2026-03-21 14:00:05.577934,XGBoost
2275,3258-ZKPAI,1.7126133e-05,Low,0.0019969070683146127,2026-03-21 14:00:05.577934,XGBoost
2276,3259-FDWOY,0.99899346,High,105.89330637454987,2026-03-21 14:00:05.577934,XGBoost
2277,3259-KNMRR,0.0076912786,Low,0.6133794673951343,2026-03-21 14:00:05.577934,XGBoost
2278,3259-QMXUN,0.00043810738,Low,0.037721045533544384,2026-03-21 14:00:05.577934,XGBoost
2279,3261-CQXOL,8.607997e-06,Low,0.00021907352843300031,2026-03-21 14:00:05.577934,XGBoost
2280,3262-EIDHV,5.8061546e-06,Low,0.000491781294977045,2026-03-21 14:00:05.577934,XGBoost
2281,3266-FTKHB,1.275673e-05,Low,0.00024429138006780703,2026-03-21 14:00:05.577934,XGBoost
2282,3269-ATYWD,0.85241306,High,81.53330902457238,2026-03-21 14:00:05.577934,XGBoost
2283,3272-VUHPV,0.0003017546,Low,0.0169887838041177,2026-03-21 14:00:05.577934,XGBoost
2284,3274-NSDWE,0.00033113337,Low,0.006490214075893164,2026-03-21 14:00:05.577934,XGBoost
2285,3275-RHRNE,0.0025496632,Low,0.1529797911643982,2026-03-21 14:00:05.577934,XGBoost
2286,3276-HDUEG,0.9395099,High,70.51022011339664,2026-03-21 14:00:05.577934,XGBoost
2287,3278-FSIXX,0.00022098866,Low,0.009999736812460469,2026-03-21 14:00:05.577934,XGBoost
2288,3279-DYZQM,6.8118425e-06,Low,0.00013249033600004623,2026-03-21 14:00:05.577934,XGBoost
2289,3280-MRDOF,0.0020847458,Low,0.14405593427363783,2026-03-21 14:00:05.577934,XGBoost
2290,3280-NMUVX,4.3405587e-05,Low,0.0008507495120284148,2026-03-21 14:00:05.577934,XGBoost
2291,3282-ZISZV,0.07170334,Low,6.001569318026305,2026-03-21 14:00:05.577934,XGBoost
2292,3283-WCWXT,5.8228175e-06,Low,0.00014789956339882336,2026-03-21 14:00:05.577934,XGBoost
2293,3284-SVCRO,6.129436e-05,Low,0.0015630062371201348,2026-03-21 14:00:05.577934,XGBoost
2294,3285-UCQVC,0.9992028,High,28.577199733257295,2026-03-21 14:00:05.577934,XGBoost
2295,3292-PBZEJ,0.00021883381,Low,0.024378086571232416,2026-03-21 14:00:05.577934,XGBoost
2296,3295-YVUSR,0.0005329042,Low,0.03868884304538369,2026-03-21 14:00:05.577934,XGBoost
2297,3296-SILRA,0.99989736,High,76.39215836524964,2026-03-21 14:00:05.577934,XGBoost
2298,3298-QEICA,0.00996451,Low,0.3447720414027572,2026-03-21 14:00:05.577934,XGBoost
2299,3301-LSLWQ,0.07394796,Low,4.887960066646337,2026-03-21 14:00:05.577934,XGBoost
2300,3301-VKTGC,1.6927837e-05,Low,0.0014473300934696454,2026-03-21 14:00:05.577934,XGBoost
2301,3307-TLCUD,0.0004834897,Low,0.016632046084851027,2026-03-21 14:00:05.577934,XGBoost
2302,3308-DGHKL,6.388631e-06,Low,0.00012330057707004018,2026-03-21 14:00:05.577934,XGBoost
2303,3308-JSGML,0.00018333038,Low,0.011742311040870845,2026-03-21 14:00:05.577934,XGBoost
2304,3308-MHOOC,0.23641019,Low,4.539075565338135,2026-03-21 14:00:05.577934,XGBoost
2305,3312-UUMZW,0.00033787408,Low,0.033398852836398873,2026-03-21 14:00:05.577934,XGBoost
2306,3312-ZWLGF,0.00020349992,Low,0.01613754363497719,2026-03-21 14:00:05.577934,XGBoost
2307,3313-QKNKB,0.75320005,High,64.43626463413239,2026-03-21 14:00:05.577934,XGBoost
2308,3315-IKYZQ,1.2046872e-05,Low,0.0006119811048847623,2026-03-21 14:00:05.577934,XGBoost
2309,3315-TOTBP,0.74694806,High,56.76805281639099,2026-03-21 14:00:05.577934,XGBoost
2310,3316-UWXUY,0.20856698,Low,19.50101249665022,2026-03-21 14:00:05.577934,XGBoost
2311,3317-HRTNN,0.7500714,High,34.27826327085495,2026-03-21 14:00:05.577934,XGBoost
2312,3317-VLGQT,0.90280783,High,70.50929166078566,2026-03-21 14:00:05.577934,XGBoost
2313,3318-ISQFQ,4.80915e-05,Low,0.0009377842598041752,2026-03-21 14:00:05.577934,XGBoost
2314,3318-NMQXL,0.0002743367,Low,0.02523897576611489,2026-03-21 14:00:05.577934,XGBoost
2315,3318-OSATS,0.9993411,High,95.38710519373417,2026-03-21 14:00:05.577934,XGBoost
2316,3319-DWOEP,0.9994906,High,95.70122674107552,2026-03-21 14:00:05.577934,XGBoost
2317,3320-VEOYC,0.35107416,Low,33.562689614295955,2026-03-21 14:00:05.577934,XGBoost
2318,3323-CPBWR,0.00021064651,Low,0.020411646898719483,2026-03-21 14:00:05.577934,XGBoost
2319,3324-OIRTO,0.0046837404,Low,0.49015343673527245,2026-03-21 14:00:05.577934,XGBoost
2320,3325-FUYCG,0.99924845,High,106.02026001811026,2026-03-21 14:00:05.577934,XGBoost
2321,3327-YBAKM,3.9993913e-05,Low,0.003875410135879065,2026-03-21 14:00:05.577934,XGBoost
2322,3329-WDIOK,0.9999244,High,50.5961757183075,2026-03-21 14:00:05.577934,XGBoost
2323,3331-HQDTW,0.28796825,Low,31.61891364455223,2026-03-21 14:00:05.577934,XGBoost
2324,3334-CTHOL,0.94135654,High,47.02075915932656,2026-03-21 14:00:05.577934,XGBoost
2325,3336-JORSO,0.91790307,High,101.38239360451699,2026-03-21 14:00:05.577934,XGBoost
2326,3338-CVVEH,0.0027110737,Low,0.2563320210087113,2026-03-21 14:00:05.577934,XGBoost
2327,3339-EAQNV,0.029318817,Low,2.8512549493461847,2026-03-21 14:00:05.577934,XGBoost
2328,3340-QBBFM,8.885136e-05,Low,0.0048068586023873655,2026-03-21 14:00:05.577934,XGBoost
2329,3345-JHUEO,0.00043335004,Low,0.008753670810256154,2026-03-21 14:00:05.577934,XGBoost
2330,3345-PBBFH,0.00035247926,Low,0.017465347111283336,2026-03-21 14:00:05.577934,XGBoost
2331,3346-BRMIS,0.99984455,High,48.34248404502869,2026-03-21 14:00:05.577934,XGBoost
2332,3347-YJZZE,0.0028283778,Low,0.22655305895023045,2026-03-21 14:00:05.577934,XGBoost
2333,3348-CFRNX,0.9078411,High,83.83912432789802,2026-03-21 14:00:05.577934,XGBoost
2334,3349-ANQNH,0.00010095574,Low,0.010045095947134541,2026-03-21 14:00:05.577934,XGBoost
2335,3351-NGXYI,0.0023346818,Low,0.12630628566257657,2026-03-21 14:00:05.577934,XGBoost
2336,3351-NQLDI,0.99898845,High,94.25456021726131,2026-03-21 14:00:05.577934,XGBoost
2337,3352-ALMCK,0.0007090022,Low,0.0727790755481692,2026-03-21 14:00:05.577934,XGBoost
2338,3352-RICWQ,3.6127458e-05,Low,0.0007135172927519307,2026-03-21 14:00:05.577934,XGBoost
2339,3354-OADJP,0.054634668,Low,2.9639307353645563,2026-03-21 14:00:05.577934,XGBoost
2340,3359-DSRKA,6.6770815e-05,Low,0.0013254006869829029,2026-03-21 14:00:05.577934,XGBoost
2341,3363-DTIVD,2.5941074e-05,Low,0.0027380803127016406,2026-03-21 14:00:05.577934,XGBoost
2342,3363-EWLGO,0.28001294,Low,5.586258061230183,2026-03-21 14:00:05.577934,XGBoost
2343,3365-SAIGS,0.00016992117,Low,0.014196913888736161,2026-03-21 14:00:05.577934,XGBoost
2344,3370-GQEAL,9.6263386e-05,Low,0.008225706315351999,2026-03-21 14:00:05.577934,XGBoost
2345,3370-HXOPH,0.0006198966,Low,0.047174129064660515,2026-03-21 14:00:05.577934,XGBoost
2346,3372-CDXFJ,4.0243973e-05,Low,0.0009859773326752475,2026-03-21 14:00:05.577934,XGBoost
2347,3372-KWFBM,0.9988117,High,86.49709510803223,2026-03-21 14:00:05.577934,XGBoost
2348,3373-DIUUN,2.773776e-05,Low,0.0005894274067941296,2026-03-21 14:00:05.577934,XGBoost
2349,3373-YZZYM,0.00011340067,Low,0.0021772928070276976,2026-03-21 14:00:05.577934,XGBoost
2350,3374-LXDEV,0.92067844,High,82.30865224599839,2026-03-21 14:00:05.577934,XGBoost
2351,3374-PZLXD,0.0025171835,Low,0.04958851581905037,2026-03-21 14:00:05.577934,XGBoost
2352,3374-TTZTK,0.0002901094,Low,0.030838628966012038,2026-03-21 14:00:05.577934,XGBoost
2353,3376-BMGFE,0.24304354,Low,17.23178712129593,2026-03-21 14:00:05.577934,XGBoost
2354,3378-AJRAO,0.0011585111,Low,0.028789002069970593,2026-03-21 14:00:05.577934,XGBoost
2355,3384-CTMSF,0.17004065,Low,17.701231889426708,2026-03-21 14:00:05.577934,XGBoost
2356,3387-PLKUI,0.012277195,Low,0.23081127032637597,2026-03-21 14:00:05.577934,XGBoost
2357,3387-VATUS,0.9717119,High,92.16687124967575,2026-03-21 14:00:05.577934,XGBoost
2358,3389-KTRXV,0.006928729,Low,0.16525018410757186,2026-03-21 14:00:05.577934,XGBoost
2359,3389-YGYAI,0.91770333,High,96.817701369524,2026-03-21 14:00:05.577934,XGBoost
2360,3391-JSQEW,0.08808475,Low,4.4174502063542604,2026-03-21 14:00:05.577934,XGBoost
2361,3392-EHMNK,9.978649e-06,Low,0.0009389909047058608,2026-03-21 14:00:05.577934,XGBoost
2362,3393-FMZPV,0.9229743,High,92.52817241847515,2026-03-21 14:00:05.577934,XGBoost
2363,3396-DKDEL,0.024068076,Low,2.7714389702305198,2026-03-21 14:00:05.577934,XGBoost
2364,3397-AVTKU,0.01704106,Low,1.0224635526537895,2026-03-21 14:00:05.577934,XGBoost
2365,3398-FSHON,0.999448,High,91.24960252642632,2026-03-21 14:00:05.577934,XGBoost
2366,3398-GCPMU,0.00012701724,Low,0.01137439349113265,2026-03-21 14:00:05.577934,XGBoost
2367,3398-ZOUAA,0.6693722,Medium,46.2536190867424,2026-03-21 14:00:05.577934,XGBoost
2368,3399-BMLVW,0.0055362643,Low,0.3349439885932952,2026-03-21 14:00:05.577934,XGBoost
2369,3400-ESFUW,0.71287227,High,41.0257989525795,2026-03-21 14:00:05.577934,XGBoost
2370,3401-URHDA,0.0011182901,Low,0.06698557828785852,2026-03-21 14:00:05.577934,XGBoost
2371,3402-XRIUO,0.0005984953,Low,0.0380343764583813,2026-03-21 14:00:05.577934,XGBoost
2372,3404-JNXAX,0.00012135948,Low,0.009799778054002672,2026-03-21 14:00:05.577934,XGBoost
2373,3407-JMJQQ,1.5729265e-05,Low,0.0017144899084087228,2026-03-21 14:00:05.577934,XGBoost
2374,3407-QGWLG,0.018159788,Low,0.36410375144332646,2026-03-21 14:00:05.577934,XGBoost
2375,3410-MHHUM,0.004065235,Low,0.38375819772481923,2026-03-21 14:00:05.577934,XGBoost
2376,3410-YOQBQ,0.0033986322,Low,0.26917166747152804,2026-03-21 14:00:05.577934,XGBoost
2377,3411-WLRSQ,0.00080006954,Low,0.059685187530703836,2026-03-21 14:00:05.577934,XGBoost
2378,3413-BMNZE,0.00042358908,Low,0.01916740591695998,2026-03-21 14:00:05.577934,XGBoost
2379,3413-CSSTH,0.0003693531,Low,0.020572967862244697,2026-03-21 14:00:05.577934,XGBoost
2380,3413-DHLPB,0.00014113008,Low,0.014642245423601707,2026-03-21 14:00:05.577934,XGBoost
2381,3415-TAILE,0.998563,High,65.60558854937554,2026-03-21 14:00:05.577934,XGBoost
2382,3417-TSCIC,9.372972e-05,Low,0.0023291836096177576,2026-03-21 14:00:05.577934,XGBoost
2383,3419-SNJJD,0.9995419,High,105.20178273320198,2026-03-21 14:00:05.577934,XGBoost
2384,3420-YJLQT,0.00082901196,Low,0.06594790130329783,2026-03-21 14:00:05.577934,XGBoost
2385,3420-ZDBMA,0.000306014,Low,0.021864700347941836,2026-03-21 14:00:05.577934,XGBoost
2386,3422-GALYP,0.46899837,Medium,37.261920699477194,2026-03-21 14:00:05.577934,XGBoost
2387,3422-LYEPQ,0.9986743,High,70.90587341785431,2026-03-21 14:00:05.577934,XGBoost
2388,3422-WJOYD,0.10751247,Low,5.843302560225129,2026-03-21 14:00:05.577934,XGBoost
2389,3423-HHXAO,0.0008031471,Low,0.015661368321161717,2026-03-21 14:00:05.577934,XGBoost
2390,3424-NMNBO,0.9994999,High,108.7955659687519,2026-03-21 14:00:05.577934,XGBoost
2391,3426-NIYYL,0.94134957,High,48.5265701264143,2026-03-21 14:00:05.577934,XGBoost
2392,3427-GGZZI,0.3486111,Low,31.06124781668186,2026-03-21 14:00:05.577934,XGBoost
2393,3428-MMGUB,0.028987931,Low,2.5958692288957534,2026-03-21 14:00:05.577934,XGBoost
2394,3428-XZMAZ,0.9997677,High,69.33389143049716,2026-03-21 14:00:05.577934,XGBoost
2395,3429-IFLEM,2.3206127e-05,Low,0.0017949938902347639,2026-03-21 14:00:05.577934,XGBoost
2396,3439-GVUSX,0.14538354,Low,3.5473582983016967,2026-03-21 14:00:05.577934,XGBoost
2397,3440-JPSCL,0.99908316,High,99.85836197733879,2026-03-21 14:00:05.577934,XGBoost
2398,3441-CGZJH,0.00031643873,Low,0.01911289934068918,2026-03-21 14:00:05.577934,XGBoost
2399,3442-ZHHCC,3.705781e-05,Low,0.002849745519415592,2026-03-21 14:00:05.577934,XGBoost
2400,3445-HXXGF,0.99959356,High,45.281588083505625,2026-03-21 14:00:05.577934,XGBoost
2401,3446-QDSZF,0.05406363,Low,3.000531429424882,2026-03-21 14:00:05.577934,XGBoost
2402,3450-WXOAT,0.014911846,Low,0.6740154508501291,2026-03-21 14:00:05.577934,XGBoost
2403,3451-VAWLI,2.6446194e-05,Low,0.0005209900251429645,2026-03-21 14:00:05.577934,XGBoost
2404,3452-ABWRL,0.21120329,Low,18.17404327765107,2026-03-21 14:00:05.577934,XGBoost
2405,3452-FLHYD,0.058501758,Low,1.2256118234246969,2026-03-21 14:00:05.577934,XGBoost
2406,3452-GWUIN,0.00053142256,Low,0.0504585717280861,2026-03-21 14:00:05.577934,XGBoost
2407,3452-SRFEG,0.06934081,Low,5.172824439406394,2026-03-21 14:00:05.577934,XGBoost
2408,3453-RTHJQ,0.00012904145,Low,0.008916764274181331,2026-03-21 14:00:05.577934,XGBoost
2409,3454-JFUBC,9.443124e-06,Low,0.00018886248653871007,2026-03-21 14:00:05.577934,XGBoost
2410,3457-PQBYH,0.00030999634,Low,0.006292925620800816,2026-03-21 14:00:05.577934,XGBoost
2411,3458-IDMFK,0.0033066908,Low,0.06861383485374972,2026-03-21 14:00:05.577934,XGBoost
2412,3460-TJBWI,3.67934e-06,Low,8.904002552299061e-05,2026-03-21 14:00:05.577934,XGBoost
2413,3462-BJQQA,0.0006316888,Low,0.05669407006644178,2026-03-21 14:00:05.577934,XGBoost
2414,3466-BYAVD,0.000107623426,Low,0.007479828087525675,2026-03-21 14:00:05.577934,XGBoost
2415,3466-RITXD,0.3177506,Low,29.3601557135582,2026-03-21 14:00:05.577934,XGBoost
2416,3466-WAESX,0.2285221,Low,15.790877594053743,2026-03-21 14:00:05.577934,XGBoost
2417,3468-DRVQJ,4.4657132e-05,Low,0.003139396386177395,2026-03-21 14:00:05.577934,XGBoost
2418,3470-BTGQO,6.5206135e-05,Low,0.0029766600779112195,2026-03-21 14:00:05.577934,XGBoost
2419,3470-OBUET,1.4302448e-05,Low,0.0010583811599644832,2026-03-21 14:00:05.577934,XGBoost
2420,3472-OAOOR,0.0770341,Low,2.6923418261110785,2026-03-21 14:00:05.577934,XGBoost
2421,3472-QPRCH,5.220698e-06,Low,0.00013182262091504526,2026-03-21 14:00:05.577934,XGBoost
2422,3473-XIIIT,0.86527306,High,86.52730584144592,2026-03-21 14:00:05.577934,XGBoost
2423,3474-BAFSJ,0.01246395,Low,0.7166771031916142,2026-03-21 14:00:05.577934,XGBoost
2424,3481-JHUZH,0.00011663339,Low,0.009359829511595308,2026-03-21 14:00:05.577934,XGBoost
2425,3482-ABPKK,0.00011012831,Low,0.005979967361781746,2026-03-21 14:00:05.577934,XGBoost
2426,3486-HOOGQ,4.6101623e-06,Low,0.0003674299313388474,2026-03-21 14:00:05.577934,XGBoost
2427,3486-KHMLI,9.123454e-05,Low,0.0022534931922564283,2026-03-21 14:00:05.577934,XGBoost
2428,3486-NPGST,3.333694e-05,Low,0.0006517371562949848,2026-03-21 14:00:05.577934,XGBoost
2429,3487-EARAT,0.00014069528,Low,0.010425520225544459,2026-03-21 14:00:05.577934,XGBoost
2430,3488-PGMQJ,0.7365321,High,54.87164086103439,2026-03-21 14:00:05.577934,XGBoost
2431,3489-HHPFY,0.31486586,Low,26.4644753113389,2026-03-21 14:00:05.577934,XGBoost
2432,3489-VSFRD,9.0317415e-05,Low,0.005441624254672206,2026-03-21 14:00:05.577934,XGBoost
2433,3494-JCHRQ,0.94580007,High,66.2532946228981,2026-03-21 14:00:05.577934,XGBoost
2434,3496-LFSZU,0.36057973,Low,25.420870900154114,2026-03-21 14:00:05.577934,XGBoost
2435,3498-LZGQZ,0.00010391365,Low,0.0019899463546607875,2026-03-21 14:00:05.577934,XGBoost
2436,3500-NSDOA,1.9315365e-05,Low,0.001367527815455105,2026-03-21 14:00:05.577934,XGBoost
2437,3500-RMZLT,0.89589095,High,86.27429859638214,2026-03-21 14:00:05.577934,XGBoost
2438,3503-TYDAY,0.0004114221,Low,0.033098908612737434,2026-03-21 14:00:05.577934,XGBoost
2439,3506-LCJDC,0.29883364,Low,5.961731086671352,2026-03-21 14:00:05.577934,XGBoost
2440,3506-OVLKD,0.023419376,Low,0.6135876633226871,2026-03-21 14:00:05.577934,XGBoost
2441,3507-GASNP,0.00046251187,Low,0.009227111896325368,2026-03-21 14:00:05.577934,XGBoost
2442,3508-CFVZL,3.0210625e-05,Low,0.0033624426161622976,2026-03-21 14:00:05.577934,XGBoost
2443,3508-VLHCZ,0.00016084431,Low,0.014564452508784598,2026-03-21 14:00:05.577934,XGBoost
2444,3509-GWQGF,0.120095044,Low,8.406653106212616,2026-03-21 14:00:05.577934,XGBoost
2445,3511-APPBJ,6.677234e-05,Low,0.00667389572445245,2026-03-21 14:00:05.577934,XGBoost
2446,3511-BFTJW,5.4046173e-05,Low,0.002080777672745171,2026-03-21 14:00:05.577934,XGBoost
2447,3512-IZIKN,0.99163216,High,64.75358027815818,2026-03-21 14:00:05.577934,XGBoost
2448,3518-FSTWG,0.00015764147,Low,0.017269622511958006,2026-03-21 14:00:05.577934,XGBoost
2449,3518-PZXZQ,0.00094175513,Low,0.05207905889255926,2026-03-21 14:00:05.577934,XGBoost
2450,3519-ZKXGG,0.92293656,High,70.00473797917365,2026-03-21 14:00:05.577934,XGBoost
2451,3520-FJGCV,0.00032567978,Low,0.03667154312133789,2026-03-21 14:00:05.577934,XGBoost
2452,3521-HTQTV,8.423467e-05,Low,0.002198524907726096,2026-03-21 14:00:05.577934,XGBoost
2453,3521-MNKLV,4.0918065e-05,Low,0.002033627819037065,2026-03-21 14:00:05.577934,XGBoost
2454,3521-SYVOR,0.6088794,Medium,39.42494033277035,2026-03-21 14:00:05.577934,XGBoost
2455,3522-CDKHF,0.18048477,Low,13.62660026550293,2026-03-21 14:00:05.577934,XGBoost
2456,3523-BRGUW,1.9545372e-05,Low,0.0003772256834054133,2026-03-21 14:00:05.577934,XGBoost
2457,3523-QRQLL,0.99876815,High,69.41438648104668,2026-03-21 14:00:05.577934,XGBoost
2458,3524-WQDSG,0.05406495,Low,5.36864971742034,2026-03-21 14:00:05.577934,XGBoost
2459,3525-DVKFN,2.352117e-05,Low,0.0004563106995192356,2026-03-21 14:00:05.577934,XGBoost
2460,3528-HFRIQ,5.7620982e-05,Low,0.003013577372257714,2026-03-21 14:00:05.577934,XGBoost
2461,3530-CRZSB,0.00063152116,Low,0.013040912055294028,2026-03-21 14:00:05.577934,XGBoost
2462,3530-VWVGU,0.00017235187,Low,0.0034298021200811486,2026-03-21 14:00:05.577934,XGBoost
2463,3533-UVMOM,1.6024096e-05,Low,0.001136909619162907,2026-03-21 14:00:05.577934,XGBoost
2464,3536-IQCTX,0.9591162,High,81.81261360645294,2026-03-21 14:00:05.577934,XGBoost
2465,3537-HPKQT,0.00014025913,Low,0.010905147333687637,2026-03-21 14:00:05.577934,XGBoost
2466,3537-RYBHH,0.0792094,Low,5.342674178630114,2026-03-21 14:00:05.577934,XGBoost
2467,3538-WZPHD,0.46283457,Medium,13.699903178215028,2026-03-21 14:00:05.577934,XGBoost
2468,3540-RZJYU,0.9995303,High,86.15951318740845,2026-03-21 14:00:05.577934,XGBoost
2469,3541-ZNUHK,0.02677799,Low,2.278806962817907,2026-03-21 14:00:05.577934,XGBoost
2470,3544-FBCAS,0.00026749814,Low,0.022362844250164923,2026-03-21 14:00:05.577934,XGBoost
2471,3545-CNWRG,8.02934e-05,Low,0.007896855985381989,2026-03-21 14:00:05.577934,XGBoost
2472,3546-GHEAE,8.162461e-06,Low,0.00015875987032814008,2026-03-21 14:00:05.577934,XGBoost
2473,3547-LQRIK,5.827165e-05,Low,0.0015675073667807736,2026-03-21 14:00:05.577934,XGBoost
2474,3549-ZTMNH,0.002063635,Low,0.0495272409170866,2026-03-21 14:00:05.577934,XGBoost
2475,3550-SAHFP,0.874919,High,72.92449842393398,2026-03-21 14:00:05.577934,XGBoost
2476,3551-GAEGL,0.00030046623,Low,0.009134173346683382,2026-03-21 14:00:05.577934,XGBoost
2477,3551-HUAZH,0.9993943,High,74.35493574142457,2026-03-21 14:00:05.577934,XGBoost
2478,3552-CTCYF,2.994282e-05,Low,0.003138007463712711,2026-03-21 14:00:05.577934,XGBoost
2479,3556-BVQGL,0.0011591259,Low,0.023182518780231476,2026-03-21 14:00:05.577934,XGBoost
2480,3557-HTYWR,0.024217306,Low,1.7932914874516426,2026-03-21 14:00:05.577934,XGBoost
2481,3563-SVYLG,7.815023e-06,Low,0.0004896112103324413,2026-03-21 14:00:05.577934,XGBoost
2482,3565-UNOCC,0.9997584,High,99.02607173621654,2026-03-21 14:00:05.577934,XGBoost
2483,3566-CAAYU,7.035269e-05,Low,0.0035070815647486597,2026-03-21 14:00:05.577934,XGBoost
2484,3566-HJGPK,0.00040784403,Low,0.01857729534676764,2026-03-21 14:00:05.577934,XGBoost
2485,3566-VVORZ,0.0008143566,Low,0.037378968321718276,2026-03-21 14:00:05.577934,XGBoost
2486,3567-PQTSO,0.00021262525,Low,0.022378807683708146,2026-03-21 14:00:05.577934,XGBoost
2487,3569-EDBPQ,0.00020460969,Low,0.0172588275578164,2026-03-21 14:00:05.577934,XGBoost
2488,3569-JFODW,0.00017711612,Low,0.016108710997650634,2026-03-21 14:00:05.577934,XGBoost
2489,3569-VLDHH,9.241743e-05,Low,0.0069405490685312534,2026-03-21 14:00:05.577934,XGBoost
2490,3570-YUEKJ,0.00012432359,Low,0.006160233847913332,2026-03-21 14:00:05.577934,XGBoost
2491,3571-DPYUH,6.895237e-05,Low,0.006529789733758662,2026-03-21 14:00:05.577934,XGBoost
2492,3571-RFHAR,0.9975382,High,108.8812955081463,2026-03-21 14:00:05.577934,XGBoost
2493,3572-UOLYZ,5.6828627e-05,Low,0.004819067555945367,2026-03-21 14:00:05.577934,XGBoost
2494,3572-UUHRS,0.05021246,Low,0.946504899300635,2026-03-21 14:00:05.577934,XGBoost
2495,3577-AMVUX,0.0005733004,Low,0.031560187420109284,2026-03-21 14:00:05.577934,XGBoost
2496,3580-GICBM,2.0583218e-06,Low,4.981138749826641e-05,2026-03-21 14:00:05.577934,XGBoost
2497,3580-HYCSP,0.00036720323,Low,0.04050251655571628,2026-03-21 14:00:05.577934,XGBoost
2498,3580-REOAC,0.9992354,High,44.81570731401444,2026-03-21 14:00:05.577934,XGBoost
2499,3583-EKAPL,0.95980626,High,52.78934448957443,2026-03-21 14:00:05.577934,XGBoost
2500,3583-KRKMD,6.0303984e-05,Low,0.0045770724125759445,2026-03-21 14:00:05.577934,XGBoost
2501,3584-WKTTW,0.00013720331,Low,0.015305029766750522,2026-03-21 14:00:05.577934,XGBoost
2502,3585-ISXZP,0.9995247,High,95.60453875660897,2026-03-21 14:00:05.577934,XGBoost
2503,3585-YNADK,0.033836614,Low,2.5242114298045633,2026-03-21 14:00:05.577934,XGBoost
2504,3587-PMCOY,0.0004960884,Low,0.04906314382096753,2026-03-21 14:00:05.577934,XGBoost
2505,3588-WSTTJ,0.0003421272,Low,0.03388769892771961,2026-03-21 14:00:05.577934,XGBoost
2506,3589-PPVKW,0.000111880836,Low,0.00496750911406707,2026-03-21 14:00:05.577934,XGBoost
2507,3590-TCXTB,6.945902e-05,Low,0.0014134910543361912,2026-03-21 14:00:05.577934,XGBoost
2508,3594-BDSOA,0.0016105038,Low,0.03285427680239081,2026-03-21 14:00:05.577934,XGBoost
2509,3594-IVHJZ,8.64806e-06,Low,0.00017685283578430244,2026-03-21 14:00:05.577934,XGBoost
2510,3594-KADLU,0.00017431632,Low,0.006118502680328675,2026-03-21 14:00:05.577934,XGBoost
2511,3594-UVONA,0.9985784,High,85.8278159916401,2026-03-21 14:00:05.577934,XGBoost
2512,3597-MVHJT,0.00063725316,Low,0.060921402508392924,2026-03-21 14:00:05.577934,XGBoost
2513,3597-YASZG,0.0006359423,Low,0.06642417613766156,2026-03-21 14:00:05.577934,XGBoost
2514,3604-WLABM,0.000584656,Low,0.031717589270556346,2026-03-21 14:00:05.577934,XGBoost
2515,3605-JISKB,0.075414896,Low,4.524893760681152,2026-03-21 14:00:05.577934,XGBoost
2516,3606-SBKRY,0.0002049856,Low,0.010259529155882774,2026-03-21 14:00:05.577934,XGBoost
2517,3606-TWKGI,0.99927396,High,106.82238587737083,2026-03-21 14:00:05.577934,XGBoost
2518,3612-YUNGG,1.13038905e-05,Low,0.0012343848382442956,2026-03-21 14:00:05.577934,XGBoost
2519,3612-YVGSJ,0.0030143089,Low,0.07369985177647322,2026-03-21 14:00:05.577934,XGBoost
2520,3617-XLSGQ,1.2101277e-05,Low,0.001322064534861056,2026-03-21 14:00:05.577934,XGBoost
2521,3620-EHIMZ,0.0023342585,Low,0.045167902344837786,2026-03-21 14:00:05.577934,XGBoost
2522,3620-MWJNE,0.39231494,Low,21.361548520624638,2026-03-21 14:00:05.577934,XGBoost
2523,3621-CEOVK,0.99980265,High,100.1802254319191,2026-03-21 14:00:05.577934,XGBoost
2524,3621-CHYVB,0.1011662,Low,5.048193560540676,2026-03-21 14:00:05.577934,XGBoost
2525,3623-FQBOX,5.0868774e-05,Low,0.0010148320321604841,2026-03-21 14:00:05.577934,XGBoost
2526,3627-FCRDW,0.999233,High,70.94554352760315,2026-03-21 14:00:05.577934,XGBoost
2527,3627-FHKBK,0.9988943,High,75.21673884987831,2026-03-21 14:00:05.577934,XGBoost
2528,3629-WEAAM,0.0002169882,Low,0.013908944028662516,2026-03-21 14:00:05.577934,XGBoost
2529,3629-ZNKXA,0.00018821027,Low,0.019159805084927938,2026-03-21 14:00:05.577934,XGBoost
2530,3633-CDBUW,1.2023652e-05,Low,0.0009721122507926338,2026-03-21 14:00:05.577934,XGBoost
2531,3635-JBPSG,0.000113295944,Low,0.004395882633980363,2026-03-21 14:00:05.577934,XGBoost
2532,3635-QQRQD,0.00030387886,Low,0.0060927710699616,2026-03-21 14:00:05.577934,XGBoost
2533,3638-DIMPH,0.00025558306,Low,0.011194537935080006,2026-03-21 14:00:05.577934,XGBoost
2534,3638-VBZTA,3.9111812e-05,Low,0.003383171731911716,2026-03-21 14:00:05.577934,XGBoost
2535,3638-WEABW,0.00014110425,Low,0.008452144378679805,2026-03-21 14:00:05.577934,XGBoost
2536,3639-XJHKQ,8.637798e-05,Low,0.005234505511180032,2026-03-21 14:00:05.577934,XGBoost
2537,3640-JQGJG,0.00018064531,Low,0.008092909771949052,2026-03-21 14:00:05.577934,XGBoost
2538,3640-PHQXK,0.99954766,High,89.85933466553689,2026-03-21 14:00:05.577934,XGBoost
2539,3642-BYHDO,4.159177e-06,Low,8.276762278001114e-05,2026-03-21 14:00:05.577934,XGBoost
2540,3642-GKTCT,3.1275016e-05,Low,0.0035997543676785423,2026-03-21 14:00:05.577934,XGBoost
2541,3643-AHCFP,0.99975175,High,95.5762669801712,2026-03-21 14:00:05.577934,XGBoost
2542,3644-QXEHN,0.0012097798,Low,0.11734863661695272,2026-03-21 14:00:05.577934,XGBoost
2543,3645-DEYGF,0.0012464699,Low,0.025864250637823716,2026-03-21 14:00:05.577934,XGBoost
2544,3646-ITDGM,4.9870712e-05,Low,0.0009824530312471324,2026-03-21 14:00:05.577934,XGBoost
2545,3647-GMGDH,0.84947824,High,80.4455897808075,2026-03-21 14:00:05.577934,XGBoost
2546,3648-GZPHF,2.1573602e-05,Low,0.0007820430641913845,2026-03-21 14:00:05.577934,XGBoost
2547,3649-JPUGY,4.685385e-05,Low,0.0041512510390020905,2026-03-21 14:00:05.577934,XGBoost
2548,3653-NCRDJ,0.0010077049,Low,0.019347933679819105,2026-03-21 14:00:05.577934,XGBoost
2549,3654-ARMGP,0.004377762,Low,0.3880885885097087,2026-03-21 14:00:05.577934,XGBoost
2550,3655-SNQYZ,0.00021440168,Low,0.02428098983000382,2026-03-21 14:00:05.577934,XGBoost
2551,3656-TKRVZ,0.90246296,High,49.95132479667664,2026-03-21 14:00:05.577934,XGBoost
2552,3657-COGMW,0.08649767,Low,9.350398332625627,2026-03-21 14:00:05.577934,XGBoost
2553,3658-KIBGF,0.9989862,High,54.84434153437614,2026-03-21 14:00:05.577934,XGBoost
2554,3658-QQJYD,0.0097145485,Low,0.721790951769799,2026-03-21 14:00:05.577934,XGBoost
2555,3662-FXJFO,5.9903687e-05,Low,0.001228025575983338,2026-03-21 14:00:05.577934,XGBoost
2556,3663-MITLP,0.99770373,High,101.01750276982784,2026-03-21 14:00:05.577934,XGBoost
2557,3665-JATSN,0.1304791,Low,5.180020165443421,2026-03-21 14:00:05.577934,XGBoost
2558,3668-QPYBK,0.99922335,High,53.808177477121355,2026-03-21 14:00:05.577934,XGBoost
2559,3669-LVWZB,0.9996197,High,50.98060584068298,2026-03-21 14:00:05.577934,XGBoost
2560,3669-OYSJI,0.76930755,High,35.5420089840889,2026-03-21 14:00:05.577934,XGBoost
2561,3669-WHAFY,0.00011218862,Low,0.01291851999158098,2026-03-21 14:00:05.577934,XGBoost
2562,3671-SHRSP,0.99964345,High,80.57126166820525,2026-03-21 14:00:05.577934,XGBoost
2563,3672-YITQD,0.93699783,High,78.80151757597923,2026-03-21 14:00:05.577934,XGBoost
2564,3675-EQOZA,0.0009099104,Low,0.018789650191320104,2026-03-21 14:00:05.577934,XGBoost
2565,3675-YDUPJ,0.00014913184,Low,0.002960267021262553,2026-03-21 14:00:05.577934,XGBoost
2566,3677-IYRBF,0.9997454,High,30.392261028289795,2026-03-21 14:00:05.577934,XGBoost
2567,3677-TNKIO,0.9941631,High,70.5855798125267,2026-03-21 14:00:05.577934,XGBoost
2568,3678-MNGZX,2.7539343e-05,Low,0.0005494098955750815,2026-03-21 14:00:05.577934,XGBoost
2569,3679-XASPY,0.00035360962,Low,0.006877707093372009,2026-03-21 14:00:05.577934,XGBoost
2570,3680-CTHUH,0.042988293,Low,5.012434948980808,2026-03-21 14:00:05.577934,XGBoost
2571,3682-YEUWS,0.000115804105,Low,0.00282562016218435,2026-03-21 14:00:05.577934,XGBoost
2572,3683-QKIUE,0.99906355,High,50.75242841243744,2026-03-21 14:00:05.577934,XGBoost
2573,3685-YLCMQ,0.84238154,High,88.15522784292699,2026-03-21 14:00:05.577934,XGBoost
2574,3688-FTHLT,0.13050972,Low,8.22863779887557,2026-03-21 14:00:05.577934,XGBoost
2575,3689-MOZGR,7.1453964e-05,Low,0.0022293636691756544,2026-03-21 14:00:05.577934,XGBoost
2576,3692-JHONH,0.00011485657,Low,0.012232224875333486,2026-03-21 14:00:05.577934,XGBoost
2577,3694-DELSO,6.598157e-05,Low,0.0025435895433474796,2026-03-21 14:00:05.577934,XGBoost
2578,3694-GLTJM,0.00022961943,Low,0.004512021777190966,2026-03-21 14:00:05.577934,XGBoost
2579,3696-DFHHB,2.0614554e-05,Low,0.0005256711310721585,2026-03-21 14:00:05.577934,XGBoost
2580,3696-XRIEN,0.014251999,Low,1.1757898866198957,2026-03-21 14:00:05.577934,XGBoost
2581,3701-SFMUH,8.386646e-05,Low,0.0058454920115764255,2026-03-21 14:00:05.577934,XGBoost
2582,3703-KBKZP,0.00013461844,Low,0.010022343122545864,2026-03-21 14:00:05.577934,XGBoost
2583,3703-TTEPD,0.00014557647,Low,0.009513422463351162,2026-03-21 14:00:05.577934,XGBoost
2584,3703-VAVCL,0.99969494,High,89.97254490852356,2026-03-21 14:00:05.577934,XGBoost
2585,3704-IEAXF,1.015361e-05,Low,0.0005447411638670018,2026-03-21 14:00:05.577934,XGBoost
2586,3705-PSNGL,0.99801886,High,20.359584760665893,2026-03-21 14:00:05.577934,XGBoost
2587,3705-RHRFR,6.956713e-05,Low,0.0068975812690041495,2026-03-21 14:00:05.577934,XGBoost
2588,3707-GNWHM,0.99942636,High,74.20740759372711,2026-03-21 14:00:05.577934,XGBoost
2589,3707-LRWZD,0.75233096,High,63.23341709077358,2026-03-21 14:00:05.577934,XGBoost
2590,3709-OIJEA,9.4707044e-05,Low,0.008069040140253492,2026-03-21 14:00:05.577934,XGBoost
2591,3712-PKXZA,6.156923e-05,Low,0.0012652477456867929,2026-03-21 14:00:05.577934,XGBoost
2592,3714-JTVOV,0.9995704,High,74.11814733445645,2026-03-21 14:00:05.577934,XGBoost
2593,3714-NTNFO,0.15140174,Low,12.793447308242321,2026-03-21 14:00:05.577934,XGBoost
2594,3714-XPXBW,0.0009366531,Low,0.07390193083556369,2026-03-21 14:00:05.577934,XGBoost
2595,3716-BDVDB,0.99982125,High,69.087648075819,2026-03-21 14:00:05.577934,XGBoost
2596,3716-LRGXK,0.00078535755,Low,0.07943891634931788,2026-03-21 14:00:05.577934,XGBoost
2597,3716-UVSPD,0.0009594164,Low,0.047299227816984056,2026-03-21 14:00:05.577934,XGBoost
2598,3717-FDJFU,0.0041296985,Low,0.0844523343257606,2026-03-21 14:00:05.577934,XGBoost
2599,3717-LNXKW,0.00022961003,Low,0.021055239597626497,2026-03-21 14:00:05.577934,XGBoost
2600,3717-OEAUQ,0.0002180218,Low,0.015414141246583314,2026-03-21 14:00:05.577934,XGBoost
2601,3717-OFRTN,0.0006067528,Low,0.011983368109213188,2026-03-21 14:00:05.577934,XGBoost
2602,3719-TDVQB,0.00011344297,Low,0.002149744271082454,2026-03-21 14:00:05.577934,XGBoost
2603,3720-DBRWL,0.00029265825,Low,0.02453939450351754,2026-03-21 14:00:05.577934,XGBoost
2604,3721-CNEYS,0.9986848,High,70.85668822824955,2026-03-21 14:00:05.577934,XGBoost
2605,3721-CNZHX,5.2957737e-05,Low,0.001048563199583441,2026-03-21 14:00:05.577934,XGBoost
2606,3721-WKIIL,1.3747626e-05,Low,0.00026945347599394154,2026-03-21 14:00:05.577934,XGBoost
2607,3722-WPXTK,0.9940101,High,87.82079152464866,2026-03-21 14:00:05.577934,XGBoost
2608,3723-BFBGR,7.454144e-05,Low,0.004084871109807864,2026-03-21 14:00:05.577934,XGBoost
2609,3724-BSCVH,5.8677375e-05,Low,0.0011999523168924498,2026-03-21 14:00:05.577934,XGBoost
2610,3724-UCSHY,9.751704e-05,Low,0.0019064581429120153,2026-03-21 14:00:05.577934,XGBoost
2611,3726-TBHQT,8.168519e-06,Low,0.000931211205170257,2026-03-21 14:00:05.577934,XGBoost
2612,3727-JEZTU,0.00044480886,Low,0.009074100712314247,2026-03-21 14:00:05.577934,XGBoost
2613,3727-OVPRY,2.6088786e-05,Low,0.0006704818104481091,2026-03-21 14:00:05.577934,XGBoost
2614,3727-OWVYD,0.015507361,Low,0.9490504883229733,2026-03-21 14:00:05.577934,XGBoost
2615,3727-RJMEO,0.83779705,High,69.41148523688315,2026-03-21 14:00:05.577934,XGBoost
2616,3729-OWRVL,0.09972762,Low,11.004943216219544,2026-03-21 14:00:05.577934,XGBoost
2617,3733-LSYCE,0.7638313,High,57.55468976795673,2026-03-21 14:00:05.577934,XGBoost
2618,3733-UOCWF,7.151695e-05,Low,0.006118275219705538,2026-03-21 14:00:05.577934,XGBoost
2619,3733-ZEECP,0.00015815395,Low,0.008081667077203748,2026-03-21 14:00:05.577934,XGBoost
2620,3736-BLEPA,0.000118117714,Low,0.010778241403386346,2026-03-21 14:00:05.577934,XGBoost
2621,3737-GCSPV,0.9998754,High,96.18801600933075,2026-03-21 14:00:05.577934,XGBoost
2622,3737-XBQDD,0.00033873343,Low,0.02874153145821765,2026-03-21 14:00:05.577934,XGBoost
2623,3739-YBWAB,0.00017727408,Low,0.006266638719534967,2026-03-21 14:00:05.577934,XGBoost
2624,3740-RLMVT,8.257855e-05,Low,0.005033162404652103,2026-03-21 14:00:05.577934,XGBoost
2625,3744-ZBHON,0.0007053447,Low,0.014247963321395218,2026-03-21 14:00:05.577934,XGBoost
2626,3744-ZRRDZ,0.99932516,High,82.29442661404609,2026-03-21 14:00:05.577934,XGBoost
2627,3745-HRPHI,3.075063e-05,Low,0.001680521966954984,2026-03-21 14:00:05.577934,XGBoost
2628,3746-EUBYR,0.8814819,High,65.75854868888854,2026-03-21 14:00:05.577934,XGBoost
2629,3748-FVMZZ,0.0009900022,Low,0.03964958743890747,2026-03-21 14:00:05.577934,XGBoost
2630,3750-CKVKH,0.96073306,High,65.08966454863548,2026-03-21 14:00:05.577934,XGBoost
2631,3750-RNQKR,9.7936674e-05,Low,0.0019048683119763153,2026-03-21 14:00:05.577934,XGBoost
2632,3750-YHRYO,2.9537086e-05,Low,0.0006099408351474267,2026-03-21 14:00:05.577934,XGBoost
2633,3751-KTZEL,0.99978906,High,35.042606523633,2026-03-21 14:00:05.577934,XGBoost
2634,3752-CQSJI,0.00018119905,Low,0.003705520601943135,2026-03-21 14:00:05.577934,XGBoost
2635,3753-TSEMP,0.89953303,High,79.29383689165115,2026-03-21 14:00:05.577934,XGBoost
2636,3754-DXMRT,0.99988425,High,44.14488953948021,2026-03-21 14:00:05.577934,XGBoost
2637,3755-JBMNH,0.9991062,High,71.73582719564438,2026-03-21 14:00:05.577934,XGBoost
2638,3756-VNWDH,0.20499052,Low,20.652794998139143,2026-03-21 14:00:05.577934,XGBoost
2639,3757-NJYBX,0.86038786,High,91.50224909484386,2026-03-21 14:00:05.577934,XGBoost
2640,3758-CKOQL,0.0002645396,Low,0.028305735817411914,2026-03-21 14:00:05.577934,XGBoost
2641,3761-FLYZI,6.837943e-05,Low,0.007439681747928262,2026-03-21 14:00:05.577934,XGBoost
2642,3763-GCZHZ,0.99967444,High,104.01612542271614,2026-03-21 14:00:05.577934,XGBoost
2643,3764-MNMOI,1.4031183e-05,Low,0.00026939871604554356,2026-03-21 14:00:05.577934,XGBoost
2644,3765-JXVKY,0.97815233,High,73.06797940135003,2026-03-21 14:00:05.577934,XGBoost
2645,3766-EJLFL,0.017191438,Low,1.8747263143770396,2026-03-21 14:00:05.577934,XGBoost
2646,3768-NLUBH,0.90127826,High,90.66859269142151,2026-03-21 14:00:05.577934,XGBoost
2647,3768-VHXQO,0.00029275788,Low,0.007275033200858161,2026-03-21 14:00:05.577934,XGBoost
2648,3769-MHZNV,6.166134e-06,Low,0.00012393929282552565,2026-03-21 14:00:05.577934,XGBoost
2649,3771-PZOBW,0.17341094,Low,15.728372003138066,2026-03-21 14:00:05.577934,XGBoost
2650,3774-VBNXY,3.0185283e-05,Low,0.000609742723099771,2026-03-21 14:00:05.577934,XGBoost
2651,3776-EKTKM,0.99990726,High,36.44661945104599,2026-03-21 14:00:05.577934,XGBoost
2652,3777-XROBG,0.002405241,Low,0.047022459574509415,2026-03-21 14:00:05.577934,XGBoost
2653,3778-FOAQW,1.170157e-05,Low,0.00023578663040098034,2026-03-21 14:00:05.577934,XGBoost
2654,3779-OSWCF,0.0018348799,Low,0.17101080315187575,2026-03-21 14:00:05.577934,XGBoost
2655,3780-DDGSE,0.00040004743,Low,0.030423606986005325,2026-03-21 14:00:05.577934,XGBoost
2656,3780-YVMFA,0.0004904012,Low,0.03361700040986761,2026-03-21 14:00:05.577934,XGBoost
2657,3785-KTYSH,5.4458822e-05,Low,0.001339687020663405,2026-03-21 14:00:05.577934,XGBoost
2658,3785-NRHYR,0.00042448746,Low,0.008341178551199846,2026-03-21 14:00:05.577934,XGBoost
2659,3786-WOVKF,5.3865104e-05,Low,0.00575548634496954,2026-03-21 14:00:05.577934,XGBoost
2660,3787-TRIAL,0.00010964473,Low,0.002856245226939791,2026-03-21 14:00:05.577934,XGBoost
2661,3791-LGQCY,0.99940205,High,100.58981595039369,2026-03-21 14:00:05.577934,XGBoost
2662,3793-MMFUH,0.99960953,High,95.01288582384586,2026-03-21 14:00:05.577934,XGBoost
2663,3794-NFNCH,9.21572e-05,Low,0.004607859955285676,2026-03-21 14:00:05.577934,XGBoost
2664,3795-CAWEX,6.988556e-05,Low,0.008145161823631496,2026-03-21 14:00:05.577934,XGBoost
2665,3795-GWTRD,0.00013979302,Low,0.010561362456792267,2026-03-21 14:00:05.577934,XGBoost
2666,3796-ENZGF,0.00018120321,Low,0.012185916093585547,2026-03-21 14:00:05.577934,XGBoost
2667,3797-FKOGQ,0.0011405086,Low,0.09831183855421842,2026-03-21 14:00:05.577934,XGBoost
2668,3797-VTIDR,0.99951696,High,23.438672804832457,2026-03-21 14:00:05.577934,XGBoost
2669,3798-EPWRR,4.7396672e-05,Low,0.0020830837351240917,2026-03-21 14:00:05.577934,XGBoost
2670,3799-ISUZQ,0.9993961,High,69.90775619745254,2026-03-21 14:00:05.577934,XGBoost
2671,3800-LYTRK,0.00034015763,Low,0.018946779714315198,2026-03-21 14:00:05.577934,XGBoost
2672,3801-HMYNL,0.7514895,High,66.99529071450235,2026-03-21 14:00:05.577934,XGBoost
2673,3803-KMQFW,0.9152771,High,18.808944886922838,2026-03-21 14:00:05.577934,XGBoost
2674,3804-RVTGV,0.9996773,High,103.81648765206336,2026-03-21 14:00:05.577934,XGBoost
2675,3806-DXQOM,0.99928194,High,33.625837376713754,2026-03-21 14:00:05.577934,XGBoost
2676,3806-YAZOV,0.052211106,Low,0.9815687894821168,2026-03-21 14:00:05.577934,XGBoost
2677,3807-BPOMJ,5.93054e-05,Low,0.005619186573312618,2026-03-21 14:00:05.577934,XGBoost
2678,3807-XHCJH,0.0008578128,Low,0.01715625636279583,2026-03-21 14:00:05.577934,XGBoost
2679,3808-HFKDE,3.721974e-05,Low,0.0016506954321812374,2026-03-21 14:00:05.577934,XGBoost
2680,3810-DVDQQ,1.1588706e-05,Low,0.0013628318258270154,2026-03-21 14:00:05.577934,XGBoost
2681,3810-PJUHR,0.00013934785,Low,0.0035324678734468765,2026-03-21 14:00:05.577934,XGBoost
2682,3811-VBYBZ,0.99945694,High,99.74580281972885,2026-03-21 14:00:05.577934,XGBoost
2683,3812-LRZIR,0.00031213815,Low,0.007647384554729797,2026-03-21 14:00:05.577934,XGBoost
2684,3813-DHBBB,0.023069642,Low,1.1753982845693827,2026-03-21 14:00:05.577934,XGBoost
2685,3814-MLAXC,0.7675952,High,61.29247447848319,2026-03-21 14:00:05.577934,XGBoost
2686,3815-SLMEF,0.9983895,High,34.194839775562286,2026-03-21 14:00:05.577934,XGBoost
2687,3823-KYNQY,0.01110317,Low,0.2770240913145244,2026-03-21 14:00:05.577934,XGBoost
2688,3824-RHKVR,0.00012521209,Low,0.0024666780853294765,2026-03-21 14:00:05.577934,XGBoost
2689,3831-YCPUO,6.61742e-06,Low,0.0007246074665090418,2026-03-21 14:00:05.577934,XGBoost
2690,3834-XUIFC,0.9986639,High,85.0861644744873,2026-03-21 14:00:05.577934,XGBoost
2691,3836-FZSDJ,0.00027766248,Low,0.006899912506924011,2026-03-21 14:00:05.577934,XGBoost
2692,3838-OZURD,0.99985504,High,104.98477935791016,2026-03-21 14:00:05.577934,XGBoost
2693,3841-CONLJ,0.0020464025,Low,0.07162408903241158,2026-03-21 14:00:05.577934,XGBoost
2694,3841-NFECX,2.3742366e-05,Low,0.0022875770089740397,2026-03-21 14:00:05.577934,XGBoost
2695,3842-IYKUE,0.99891424,High,85.20738482475281,2026-03-21 14:00:05.577934,XGBoost
2696,3842-QTGDL,0.0004204421,Low,0.033950700621062424,2026-03-21 14:00:05.577934,XGBoost
2697,3845-FXCYS,0.00028960285,Low,0.0056906959129264575,2026-03-21 14:00:05.577934,XGBoost
2698,3845-JHAMY,0.00046396043,Low,0.016470595277496614,2026-03-21 14:00:05.577934,XGBoost
2699,3847-BAERP,0.000100292884,Low,0.002096121272916207,2026-03-21 14:00:05.577934,XGBoost
2700,3850-OKINF,6.9052503e-06,Low,0.00045712757000728745,2026-03-21 14:00:05.577934,XGBoost
2701,3853-LYGAM,0.0005542054,Low,0.05300974498968572,2026-03-21 14:00:05.577934,XGBoost
2702,3855-ONCAR,0.0004989576,Low,0.039367753278929746,2026-03-21 14:00:05.577934,XGBoost
2703,3858-VOBET,0.9977881,High,74.78421596884728,2026-03-21 14:00:05.577934,XGBoost
2704,3858-XHYJO,0.00041644325,Low,0.044038873333192896,2026-03-21 14:00:05.577934,XGBoost
2705,3859-CVCET,0.7798916,High,35.60205200314522,2026-03-21 14:00:05.577934,XGBoost
2706,3863-IUBJR,0.83298874,High,44.68984584808349,2026-03-21 14:00:05.577934,XGBoost
2707,3863-QSTYI,0.00013238212,Low,0.008558504043321591,2026-03-21 14:00:05.577934,XGBoost
2708,3865-QBWSJ,0.002494572,Low,0.20068831444950774,2026-03-21 14:00:05.577934,XGBoost
2709,3865-YIOTT,0.005052768,Low,0.5360987017396838,2026-03-21 14:00:05.577934,XGBoost
2710,3865-ZFZIB,0.0001025317,Low,0.0020147479699517135,2026-03-21 14:00:05.577934,XGBoost
2711,3865-ZYKAD,0.00018432333,Low,0.01564905097911833,2026-03-21 14:00:05.577934,XGBoost
2712,3866-MDTUB,0.76248354,High,53.94571025669575,2026-03-21 14:00:05.577934,XGBoost
2713,3870-MQAMG,0.99610376,High,109.92005031108856,2026-03-21 14:00:05.577934,XGBoost
2714,3870-SPZSI,8.759091e-05,Low,0.009902152372160343,2026-03-21 14:00:05.577934,XGBoost
2715,3871-IKPYH,0.9997464,High,69.08247501254081,2026-03-21 14:00:05.577934,XGBoost
2716,3873-NFTGI,0.25248188,Low,14.012744218111038,2026-03-21 14:00:05.577934,XGBoost
2717,3873-WOSBC,0.00014883706,Low,0.003810228779911995,2026-03-21 14:00:05.577934,XGBoost
2718,3874-EQOEP,0.9991041,High,94.9148878455162,2026-03-21 14:00:05.577934,XGBoost
2719,3877-JRJIP,0.967673,High,57.915229269862174,2026-03-21 14:00:05.577934,XGBoost
2720,3878-AVSOQ,0.00072443596,Low,0.05161606204637792,2026-03-21 14:00:05.577934,XGBoost
2721,3882-IYOIJ,1.7834709e-05,Low,0.00205545022026854,2026-03-21 14:00:05.577934,XGBoost
2722,3884-HCSWG,0.79620796,High,55.7345575094223,2026-03-21 14:00:05.577934,XGBoost
2723,3884-UEBXB,9.664352e-05,Low,0.0034936631825985384,2026-03-21 14:00:05.577934,XGBoost
2724,3886-CERTZ,0.99899393,High,109.14008720219135,2026-03-21 14:00:05.577934,XGBoost
2725,3887-PBQAO,0.004551335,Low,0.11787957060150801,2026-03-21 14:00:05.577934,XGBoost
2726,3889-VWBID,8.625483e-06,Low,0.0007146212775751337,2026-03-21 14:00:05.577934,XGBoost
2727,3890-RTCMS,0.0004057569,Low,0.020064678812923377,2026-03-21 14:00:05.577934,XGBoost
2728,3891-NLXJB,1.6075403e-05,Low,0.0006518575724840047,2026-03-21 14:00:05.577934,XGBoost
2729,3891-PUQOD,0.9870843,High,58.435392284393316,2026-03-21 14:00:05.577934,XGBoost
2730,3892-NXAZG,0.00053770444,Low,0.06132519178790972,2026-03-21 14:00:05.577934,XGBoost
2731,3893-JRNFS,0.07290116,Low,2.9087562650442123,2026-03-21 14:00:05.577934,XGBoost
2732,3896-RCYYE,0.00010035441,Low,0.0053589254603139125,2026-03-21 14:00:05.577934,XGBoost
2733,3896-ZVNET,2.7742626e-05,Low,0.0006852428650745424,2026-03-21 14:00:05.577934,XGBoost
2734,3898-BSJYF,7.636535e-05,Low,0.005616671607276657,2026-03-21 14:00:05.577934,XGBoost
2735,3898-GUYTS,0.0011054472,Low,0.10728364914539269,2026-03-21 14:00:05.577934,XGBoost
2736,3900-AQPHZ,0.9989961,High,19.880021971464156,2026-03-21 14:00:05.577934,XGBoost
2737,3902-FOIGH,0.922461,High,93.49141964018344,2026-03-21 14:00:05.577934,XGBoost
2738,3902-MIVLE,0.00025687317,Low,0.019445299156359397,2026-03-21 14:00:05.577934,XGBoost
2739,3904-UKFRE,0.27932695,Low,22.37408833801746,2026-03-21 14:00:05.577934,XGBoost
2740,3908-BLSYF,0.99914646,High,83.8283881187439,2026-03-21 14:00:05.577934,XGBoost
2741,3908-MKIMJ,8.2824445e-05,Low,0.0034744854547170694,2026-03-21 14:00:05.577934,XGBoost
2742,3910-MRQOY,0.010877791,Low,0.2110291427001357,2026-03-21 14:00:05.577934,XGBoost
2743,3911-RSNHI,4.072579e-05,Low,0.002500563525245525,2026-03-21 14:00:05.577934,XGBoost
2744,3913-FCUUW,7.4665436e-06,Low,0.0005260179961396717,2026-03-21 14:00:05.577934,XGBoost
2745,3913-RDSJZ,0.00018993263,Low,0.004852778715576278,2026-03-21 14:00:05.577934,XGBoost
2746,3914-FDRHP,7.170543e-05,Low,0.006184593175930786,2026-03-21 14:00:05.577934,XGBoost
2747,3915-ODIYG,0.0284684,Low,2.042607717216015,2026-03-21 14:00:05.577934,XGBoost
2748,3916-NRPAP,0.0013683406,Low,0.11726678689010442,2026-03-21 14:00:05.577934,XGBoost
2749,3920-HIHMQ,2.1897933e-05,Low,0.0010839476854016539,2026-03-21 14:00:05.577934,XGBoost
2750,3923-CSIHK,0.9945803,High,70.6649323374033,2026-03-21 14:00:05.577934,XGBoost
2751,3926-CUQZX,0.8889946,High,40.09365531206131,2026-03-21 14:00:05.577934,XGBoost
2752,3926-YZVVX,0.00010365298,Low,0.005187831614239257,2026-03-21 14:00:05.577934,XGBoost
2753,3927-NLNRY,0.99876046,High,94.1331735253334,2026-03-21 14:00:05.577934,XGBoost
2754,3930-ZGWVE,0.12261992,Low,2.4217434097081423,2026-03-21 14:00:05.577934,XGBoost
2755,3932-CMDTD,0.90648776,High,95.77043215334416,2026-03-21 14:00:05.577934,XGBoost
2756,3932-IJWDZ,0.0016314611,Low,0.16910094134509565,2026-03-21 14:00:05.577934,XGBoost
2757,3933-DQPWX,0.000102394624,Low,0.004065066583279986,2026-03-21 14:00:05.577934,XGBoost
2758,3934-HXCFZ,0.959697,High,95.24992805719376,2026-03-21 14:00:05.577934,XGBoost
2759,3935-TBRZZ,0.01226012,Low,0.3150850933045149,2026-03-21 14:00:05.577934,XGBoost
2760,3936-QQFLL,0.14666373,Low,2.8966085761785507,2026-03-21 14:00:05.577934,XGBoost
2761,3938-YFPXD,5.6624576e-05,Low,0.004773451777509763,2026-03-21 14:00:05.577934,XGBoost
2762,3941-XTSKM,0.03669196,Low,1.6548073936253787,2026-03-21 14:00:05.577934,XGBoost
2763,3943-KDREE,0.78019434,High,58.475565943121914,2026-03-21 14:00:05.577934,XGBoost
2764,3945-GFWQL,0.99569184,High,44.35807128846645,2026-03-21 14:00:05.577934,XGBoost
2765,3946-JEWRQ,0.18576407,Low,17.684739875793458,2026-03-21 14:00:05.577934,XGBoost
2766,3946-MHCZW,0.99941456,High,50.87020126581192,2026-03-21 14:00:05.577934,XGBoost
2767,3948-FVVRP,0.05728307,Low,3.139112232625484,2026-03-21 14:00:05.577934,XGBoost
2768,3948-KXDUF,0.00011023622,Low,0.007578740269309492,2026-03-21 14:00:05.577934,XGBoost
2769,3948-XHGNA,0.7033459,High,34.850789088010785,2026-03-21 14:00:05.577934,XGBoost
2770,3950-VPYJB,1.884745e-05,Low,0.001123307996749645,2026-03-21 14:00:05.577934,XGBoost
2771,3951-NJCVI,0.0013520122,Low,0.12850875556468963,2026-03-21 14:00:05.577934,XGBoost
2772,3955-JBZZM,0.110894404,Low,8.738479062914848,2026-03-21 14:00:05.577934,XGBoost
2773,3956-CJUST,0.00025506818,Low,0.01923214092385024,2026-03-21 14:00:05.577934,XGBoost
2774,3956-MGXOG,0.14393471,Low,11.601137772202492,2026-03-21 14:00:05.577934,XGBoost
2775,3957-HHLMR,7.2137096e-05,Low,0.004703338668332435,2026-03-21 14:00:05.577934,XGBoost
2776,3957-LXOLK,0.99876153,High,106.01853690743447,2026-03-21 14:00:05.577934,XGBoost
2777,3957-SQXML,0.0006442662,Low,0.016074441638193094,2026-03-21 14:00:05.577934,XGBoost
2778,3961-SXAXY,0.00033787053,Low,0.01488319682975998,2026-03-21 14:00:05.577934,XGBoost
2779,3963-RYFNS,4.4502343e-05,Low,0.005182297885585285,2026-03-21 14:00:05.577934,XGBoost
2780,3966-HRMZA,0.0010972093,Low,0.08234555691014975,2026-03-21 14:00:05.577934,XGBoost
2781,3967-KXAPS,1.5951004e-05,Low,0.0014722776379130665,2026-03-21 14:00:05.577934,XGBoost
2782,3967-VQOGC,4.940969e-06,Low,0.000123030131089763,2026-03-21 14:00:05.577934,XGBoost
2783,3969-GYXEL,0.0006118241,Low,0.046743361232802275,2026-03-21 14:00:05.577934,XGBoost
2784,3969-JQABI,2.5832007e-05,Low,0.0016855384528753348,2026-03-21 14:00:05.577934,XGBoost
2785,3970-XGJDU,1.1283416e-05,Low,0.0002166415855754167,2026-03-21 14:00:05.577934,XGBoost
2786,3973-SKMLN,1.3168937e-05,Low,0.00026206183983958905,2026-03-21 14:00:05.577934,XGBoost
2787,3976-BWUCK,0.9999176,High,94.0922486424446,2026-03-21 14:00:05.577934,XGBoost
2788,3976-HXHCE,1.3230934e-05,Low,0.00025535703007335543,2026-03-21 14:00:05.577934,XGBoost
2789,3976-NLDEZ,0.0017372047,Low,0.035786417429335415,2026-03-21 14:00:05.577934,XGBoost
2790,3977-QCRSL,0.12979627,Low,2.6153947710990906,2026-03-21 14:00:05.577934,XGBoost
2791,3978-YNKDD,1.629442e-05,Low,0.0003397386521100998,2026-03-21 14:00:05.577934,XGBoost
2792,3981-QSVQI,0.0002131209,Low,0.00419848180754343,2026-03-21 14:00:05.577934,XGBoost
2793,3982-DQLUS,6.935391e-05,Low,0.005947097901298548,2026-03-21 14:00:05.577934,XGBoost
2794,3982-JGSFD,2.0848856e-05,Low,0.00042427422704349743,2026-03-21 14:00:05.577934,XGBoost
2795,3982-XWFZQ,0.9989002,High,50.194733798503876,2026-03-21 14:00:05.577934,XGBoost
2796,3985-HOYPM,0.00051018037,Low,0.009897499158978461,2026-03-21 14:00:05.577934,XGBoost
2797,3987-KQDDU,0.00012290372,Low,0.00929152087192051,2026-03-21 14:00:05.577934,XGBoost
2798,3988-RQIXO,0.99695504,High,91.0219948887825,2026-03-21 14:00:05.577934,XGBoost
2799,3990-QYKBE,0.99895644,High,92.4034708738327,2026-03-21 14:00:05.577934,XGBoost
2800,3992-YWPKO,0.7735177,High,85.00959829092027,2026-03-21 14:00:05.577934,XGBoost
2801,3995-WFCSM,0.00010797787,Low,0.006570453189851833,2026-03-21 14:00:05.577934,XGBoost
2802,3996-ZNWYK,7.771287e-05,Low,0.0015387148945592345,2026-03-21 14:00:05.577934,XGBoost
2803,3999-QGRJH,0.99852496,High,69.59718998074531,2026-03-21 14:00:05.577934,XGBoost
2804,3999-WRNGR,0.07110723,Low,3.5375847462564707,2026-03-21 14:00:05.577934,XGBoost
2805,4000-VGMQP,0.00016775411,Low,0.01324418737567612,2026-03-21 14:00:05.577934,XGBoost
2806,4001-TSBTV,3.4260942e-05,Low,0.003136589231144171,2026-03-21 14:00:05.577934,XGBoost
2807,4002-BQWPQ,6.954299e-05,Low,0.005685139571141917,2026-03-21 14:00:05.577934,XGBoost
2808,4003-FUSHP,4.415335e-05,Low,0.002717638595640892,2026-03-21 14:00:05.577934,XGBoost
2809,4003-OCTMP,0.0002496028,Low,0.015974579378962517,2026-03-21 14:00:05.577934,XGBoost
2810,4006-HKYHO,0.007176607,Low,0.6222118196077645,2026-03-21 14:00:05.577934,XGBoost
2811,4007-NHVHI,0.00036914207,Low,0.03575140963221202,2026-03-21 14:00:05.577934,XGBoost
2812,4009-ALQFH,0.99969673,High,99.46982479095459,2026-03-21 14:00:05.577934,XGBoost
2813,4010-YLMVT,0.33278543,Low,35.47492657899856,2026-03-21 14:00:05.577934,XGBoost
2814,4011-ARPHK,0.044355724,Low,2.2333107037469744,2026-03-21 14:00:05.577934,XGBoost
2815,4012-YCFAI,0.0039775446,Low,0.244022361561656,2026-03-21 14:00:05.577934,XGBoost
2816,4012-ZTHBR,4.623225e-05,Low,0.002078139618970454,2026-03-21 14:00:05.577934,XGBoost
2817,4013-GUXND,0.0010010712,Low,0.020822280645370485,2026-03-21 14:00:05.577934,XGBoost
2818,4013-TLDHQ,0.2949181,Low,23.07734055072069,2026-03-21 14:00:05.577934,XGBoost
2819,4013-UBXWQ,0.8796507,High,65.66592565178871,2026-03-21 14:00:05.577934,XGBoost
2820,4016-BJKTZ,0.026847688,Low,2.92371327560395,2026-03-21 14:00:05.577934,XGBoost
2821,4018-KJYUY,0.035665378,Low,0.7186573661863803,2026-03-21 14:00:05.577934,XGBoost
2822,4018-PPNDW,4.3181775e-05,Low,0.0010406807836261579,2026-03-21 14:00:05.577934,XGBoost
2823,4020-KIUDI,0.0002411038,Low,0.004785910437203712,2026-03-21 14:00:05.577934,XGBoost
2824,4021-RQSNY,0.9371538,High,92.30965089797974,2026-03-21 14:00:05.577934,XGBoost
2825,4023-RTIQM,0.0001244416,Low,0.006271856906823814,2026-03-21 14:00:05.577934,XGBoost
2826,4024-CSNBY,1.7230916e-05,Low,0.001624013790205936,2026-03-21 14:00:05.577934,XGBoost
2827,4026-SKKHW,0.1566495,Low,7.8716373816132545,2026-03-21 14:00:05.577934,XGBoost
2828,4029-HPFVY,0.1840698,Low,12.940106756985188,2026-03-21 14:00:05.577934,XGBoost
2829,4030-VPZBD,0.99850816,High,30.853902000188825,2026-03-21 14:00:05.577934,XGBoost
2830,4032-RMHCI,2.5732797e-05,Low,0.0009109410293604014,2026-03-21 14:00:05.577934,XGBoost
2831,4039-HEUNW,0.99968266,High,96.46937716007233,2026-03-21 14:00:05.577934,XGBoost
2832,4039-PIMHX,0.00023230002,Low,0.011568541126325726,2026-03-21 14:00:05.577934,XGBoost
2833,4043-MKDTV,0.00021031058,Low,0.022135188530228334,2026-03-21 14:00:05.577934,XGBoost
2834,4049-ZPALD,0.0024953198,Low,0.24703666171990335,2026-03-21 14:00:05.577934,XGBoost
2835,4054-CUMIA,4.4836866e-05,Low,0.0009079465453396551,2026-03-21 14:00:05.577934,XGBoost
2836,4056-QHXHZ,1.08284175e-05,Low,0.0011635134650987311,2026-03-21 14:00:05.577934,XGBoost
2837,4057-FKCZK,1.8588744e-05,Low,0.0015335713669628603,2026-03-21 14:00:05.577934,XGBoost
2838,4059-IIEBK,0.0012585908,Low,0.09886231053969823,2026-03-21 14:00:05.577934,XGBoost
2839,4060-LDNLU,0.00074460806,Low,0.0716312950127758,2026-03-21 14:00:05.577934,XGBoost
2840,4061-UKJWL,0.19623521,Low,8.918890281021596,2026-03-21 14:00:05.577934,XGBoost
2841,4062-HBMOS,0.25776264,Low,26.562440125644205,2026-03-21 14:00:05.577934,XGBoost
2842,4063-EIKNQ,8.1816506e-05,Low,0.0017140558065875666,2026-03-21 14:00:05.577934,XGBoost
2843,4065-JJAVA,0.0016075668,Low,0.07957455853465945,2026-03-21 14:00:05.577934,XGBoost
2844,4067-HLYQI,0.00015949833,Low,0.011228682659566403,2026-03-21 14:00:05.577934,XGBoost
2845,4070-OKWVH,7.599413e-05,Low,0.007189044906408526,2026-03-21 14:00:05.577934,XGBoost
2846,4072-IPYLT,0.00026506244,Low,0.01353143742890097,2026-03-21 14:00:05.577934,XGBoost
2847,4074-SJFFA,0.99955803,High,54.72580222785473,2026-03-21 14:00:05.577934,XGBoost
2848,4075-JFPGR,0.11209789,Low,10.481152638792992,2026-03-21 14:00:05.577934,XGBoost
2849,4077-CROMM,0.92443746,High,96.32638367414475,2026-03-21 14:00:05.577934,XGBoost
2850,4077-HWUYD,1.9400816e-06,Low,0.00016985414184773616,2026-03-21 14:00:05.577934,XGBoost
2851,4078-SAYYN,0.9576041,High,96.47861410677433,2026-03-21 14:00:05.577934,XGBoost
2852,4079-ULGFR,0.008887574,Low,0.17775148153305054,2026-03-21 14:00:05.577934,XGBoost
2853,4079-VTGLK,3.3591314e-05,Low,0.0025143098300759448,2026-03-21 14:00:05.577934,XGBoost
2854,4079-WWQQQ,3.593531e-05,Low,0.002355559618627012,2026-03-21 14:00:05.577934,XGBoost
2855,4080-IIARD,0.0001495669,Low,0.011396997663541698,2026-03-21 14:00:05.577934,XGBoost
2856,4080-OGPJL,0.73143053,High,52.04128224849701,2026-03-21 14:00:05.577934,XGBoost
2857,4081-DYXAV,0.92808557,High,41.6246376156807,2026-03-21 14:00:05.577934,XGBoost
2858,4083-BFNYK,0.2592378,Low,24.627590626478195,2026-03-21 14:00:05.577934,XGBoost
2859,4083-EUGRJ,0.9991829,High,20.233453318476677,2026-03-21 14:00:05.577934,XGBoost
2860,4086-ATNFV,1.5245931e-05,Low,0.0009269525820855051,2026-03-21 14:00:05.577934,XGBoost
2861,4086-WITJG,1.20976665e-05,Low,0.00023832403030610294,2026-03-21 14:00:05.577934,XGBoost
2862,4086-YQSNZ,0.99981076,High,80.38478472232819,2026-03-21 14:00:05.577934,XGBoost
2863,4088-YLDSU,0.9998405,High,104.13338786363602,2026-03-21 14:00:05.577934,XGBoost
2864,4090-KPJIP,0.3472339,Low,26.025180166959764,2026-03-21 14:00:05.577934,XGBoost
2865,4091-TVOCN,0.047774024,Low,3.7622044142335653,2026-03-21 14:00:05.577934,XGBoost
2866,4092-OFQZS,5.6899124e-05,Low,0.0011749669021810403,2026-03-21 14:00:05.577934,XGBoost
2867,4094-NSEDU,0.7199649,High,67.85669384896755,2026-03-21 14:00:05.577934,XGBoost
2868,4097-YODCF,0.015696945,Low,1.629342856630683,2026-03-21 14:00:05.577934,XGBoost
2869,4098-NAUKP,0.040774293,Low,3.451543923094869,2026-03-21 14:00:05.577934,XGBoost
2870,4102-HLENU,5.4939337e-05,Low,0.0036067674827791056,2026-03-21 14:00:05.577934,XGBoost
2871,4102-OQUPX,0.9997017,High,74.3778048992157,2026-03-21 14:00:05.577934,XGBoost
2872,4104-PVRPS,0.0006646243,Low,0.035623863944783805,2026-03-21 14:00:05.577934,XGBoost
2873,4106-HADHQ,0.32511896,Low,26.009516716003418,2026-03-21 14:00:05.577934,XGBoost
2874,4109-CYRBD,4.530065e-05,Low,0.0023375135671813044,2026-03-21 14:00:05.577934,XGBoost
2875,4110-PFEUZ,0.990085,High,68.86041215062141,2026-03-21 14:00:05.577934,XGBoost
2876,4111-BNXIF,0.0009136143,Low,0.05440573101514019,2026-03-21 14:00:05.577934,XGBoost
2877,4112-LUEIZ,0.99973184,High,89.47599956393242,2026-03-21 14:00:05.577934,XGBoost
2878,4114-QMKVN,1.3955225e-05,Low,0.0009594217090125312,2026-03-21 14:00:05.577934,XGBoost
2879,4115-BNPJY,7.946261e-05,Low,0.006003400208282983,2026-03-21 14:00:05.577934,XGBoost
2880,4115-NZRKS,0.00020313915,Low,0.01810985510237515,2026-03-21 14:00:05.577934,XGBoost
2881,4115-UMJFQ,0.00023216452,Low,0.008299881417769939,2026-03-21 14:00:05.577934,XGBoost
2882,4116-IQRFR,0.00010890916,Low,0.0026247107605740895,2026-03-21 14:00:05.577934,XGBoost
2883,4116-TZAQJ,0.7283323,High,54.078671872615814,2026-03-21 14:00:05.577934,XGBoost
2884,4118-CEVPF,0.0008183476,Low,0.09067291591782123,2026-03-21 14:00:05.577934,XGBoost
2885,4119-ZYPZY,0.00014664521,Low,0.015661708277184515,2026-03-21 14:00:05.577934,XGBoost
2886,4121-AGSIN,0.0003934023,Low,0.00963835627771914,2026-03-21 14:00:05.577934,XGBoost
2887,4123-DVHPH,0.00019647187,Low,0.017299348025699147,2026-03-21 14:00:05.577934,XGBoost
2888,4123-FCVCB,0.06230675,Low,4.7259670304134485,2026-03-21 14:00:05.577934,XGBoost
2889,4124-MMETB,0.99897325,High,94.55281814932823,2026-03-21 14:00:05.577934,XGBoost
2890,4128-ETESU,0.18202014,Low,18.147408224642277,2026-03-21 14:00:05.577934,XGBoost
2891,4129-LYCOI,0.00039058135,Low,0.04062046040780842,2026-03-21 14:00:05.577934,XGBoost
2892,4130-MZLCC,0.00015383352,Low,0.007776284436840797,2026-03-21 14:00:05.577934,XGBoost
2893,4132-KALRO,0.00088199636,Low,0.08894933240371755,2026-03-21 14:00:05.577934,XGBoost
2894,4132-POCZS,0.0007016336,Low,0.02799517956445925,2026-03-21 14:00:05.577934,XGBoost
2895,4134-BSXLX,0.054725617,Low,3.332790085673332,2026-03-21 14:00:05.577934,XGBoost
2896,4135-FRWKJ,5.2060925e-05,Low,0.003969645504184882,2026-03-21 14:00:05.577934,XGBoost
2897,4137-BTIKL,0.0001312753,Low,0.011913233574887272,2026-03-21 14:00:05.577934,XGBoost
2898,4137-JOPHL,4.82758e-05,Low,0.00433033930567035,2026-03-21 14:00:05.577934,XGBoost
2899,4138-NAXED,9.280698e-05,Low,0.0075173652585363016,2026-03-21 14:00:05.577934,XGBoost
2900,4139-DETXS,3.818302e-05,Low,0.0024608957284726787,2026-03-21 14:00:05.577934,XGBoost
2901,4139-JPIAM,0.00025707556,Low,0.011427008664759342,2026-03-21 14:00:05.577934,XGBoost
2902,4139-SUGLD,0.14813003,Low,5.243803042173385,2026-03-21 14:00:05.577934,XGBoost
2903,4140-MUHUG,0.9110158,High,79.12172297537326,2026-03-21 14:00:05.577934,XGBoost
2904,4140-WJAWW,0.99854773,High,19.821172496676446,2026-03-21 14:00:05.577934,XGBoost
2905,4143-HHPMK,0.999228,High,85.28410985469817,2026-03-21 14:00:05.577934,XGBoost
2906,4143-OOBWZ,0.99970204,High,81.27577555775642,2026-03-21 14:00:05.577934,XGBoost
2907,4145-UQXUQ,0.99981636,High,92.08308658003807,2026-03-21 14:00:05.577934,XGBoost
2908,4146-SVFUD,0.16850503,Low,7.5153242439031605,2026-03-21 14:00:05.577934,XGBoost
2909,4154-AQUGT,0.99895084,High,88.9565722167492,2026-03-21 14:00:05.577934,XGBoost
2910,4159-NAAIX,0.0063895285,Low,0.6226595535874367,2026-03-21 14:00:05.577934,XGBoost
2911,4160-AMJTL,0.9994555,High,19.639300802350043,2026-03-21 14:00:05.577934,XGBoost
2912,4163-HFTUK,0.0052806325,Low,0.10086008124053479,2026-03-21 14:00:05.577934,XGBoost
2913,4163-KIUHY,7.180293e-05,Low,0.0018381550908088684,2026-03-21 14:00:05.577934,XGBoost
2914,4163-NCJAK,0.028639574,Low,0.7002375746145845,2026-03-21 14:00:05.577934,XGBoost
2915,4174-LPGTI,0.744034,High,49.47826048731804,2026-03-21 14:00:05.577934,XGBoost
2916,4176-FXYBO,0.000115054216,Low,0.012604189331250381,2026-03-21 14:00:05.577934,XGBoost
2917,4176-RELJR,0.000274219,Low,0.006882896830211394,2026-03-21 14:00:05.577934,XGBoost
2918,4177-JPDFU,0.00022015585,Low,0.007485298992833123,2026-03-21 14:00:05.577934,XGBoost
2919,4178-EGMON,2.4459643e-05,Low,0.00215244859282393,2026-03-21 14:00:05.577934,XGBoost
2920,4182-BGSIQ,0.00041192738,Low,0.008156162122031674,2026-03-21 14:00:05.577934,XGBoost
2921,4183-MYFRB,0.00016568517,Low,0.014919949315662961,2026-03-21 14:00:05.577934,XGBoost
2922,4183-WCSEP,0.8586487,High,67.36099188029766,2026-03-21 14:00:05.577934,XGBoost
2923,4184-TJFAN,0.9522134,High,84.0804437994957,2026-03-21 14:00:05.577934,XGBoost
2924,4184-VODJZ,0.000101555626,Low,0.0092771064639237,2026-03-21 14:00:05.577934,XGBoost
2925,4186-ZBUEW,0.08238218,Low,5.824420111626387,2026-03-21 14:00:05.577934,XGBoost
2926,4187-CINZD,0.998816,High,95.1372252702713,2026-03-21 14:00:05.577934,XGBoost
2927,4188-FRABG,0.00047089308,Low,0.04852553180971881,2026-03-21 14:00:05.577934,XGBoost
2928,4188-PCPIG,1.3826252e-05,Low,0.0009726768382734007,2026-03-21 14:00:05.577934,XGBoost
2929,4189-NAKJS,2.50557e-05,Low,0.0012916213588141543,2026-03-21 14:00:05.577934,XGBoost
2930,4190-MFLUW,0.79222476,High,43.73080701828003,2026-03-21 14:00:05.577934,XGBoost
2931,4191-XOVOM,0.04375708,Low,4.611996340751648,2026-03-21 14:00:05.577934,XGBoost
2932,4192-GORJT,0.9778612,High,92.35899275839328,2026-03-21 14:00:05.577934,XGBoost
2933,4193-IBKSW,0.0016527742,Low,0.04090616066241637,2026-03-21 14:00:05.577934,XGBoost
2934,4193-ORFCL,0.991486,High,44.71601918339729,2026-03-21 14:00:05.577934,XGBoost
2935,4194-FJARJ,3.182503e-05,Low,0.0019095018797088414,2026-03-21 14:00:05.577934,XGBoost
2936,4194-WHFCB,8.355171e-05,Low,0.008075273064605426,2026-03-21 14:00:05.577934,XGBoost
2937,4195-NZGTA,0.16556856,Low,4.18060614913702,2026-03-21 14:00:05.577934,XGBoost
2938,4195-PNGZS,2.722788e-05,Low,0.0006657216513303865,2026-03-21 14:00:05.577934,XGBoost
2939,4195-SMMNX,0.79457635,High,16.169628658890726,2026-03-21 14:00:05.577934,XGBoost
2940,4198-VFOEA,5.684619e-05,Low,0.0019100320176221432,2026-03-21 14:00:05.577934,XGBoost
2941,4199-QHJNM,0.00092988455,Low,0.0956851206428837,2026-03-21 14:00:05.577934,XGBoost
2942,4201-JMNGR,0.99971265,High,55.78396564722061,2026-03-21 14:00:05.577934,XGBoost
2943,4203-QGNZA,1.7192671e-05,Low,0.000348151593698276,2026-03-21 14:00:05.577934,XGBoost
2944,4208-UFFGW,0.9995413,High,44.929380655288696,2026-03-21 14:00:05.577934,XGBoost
2945,4210-QFJMF,0.75896764,High,60.07228854894638,2026-03-21 14:00:05.577934,XGBoost
2946,4211-MMAZN,0.99380636,High,20.124578833580017,2026-03-21 14:00:05.577934,XGBoost
2947,4213-HKBJO,7.221934e-05,Low,0.0018560371296189259,2026-03-21 14:00:05.577934,XGBoost
2948,4220-TINQT,0.00014816376,Low,0.015757215785561128,2026-03-21 14:00:05.577934,XGBoost
2949,4223-BKEOR,3.6024663e-05,Low,0.0023361994040897115,2026-03-21 14:00:05.577934,XGBoost
2950,4223-WOZCM,0.9407876,High,46.99234128892422,2026-03-21 14:00:05.577934,XGBoost
2951,4226-KKDON,0.00019011617,Low,0.01267124300065916,2026-03-21 14:00:05.577934,XGBoost
2952,4227-OJHAL,0.0010188406,Low,0.07437536283396184,2026-03-21 14:00:05.577934,XGBoost
2953,4228-ZGYUW,0.99972326,High,90.02507916986941,2026-03-21 14:00:05.577934,XGBoost
2954,4229-CZMLL,0.9989536,High,74.82162320613861,2026-03-21 14:00:05.577934,XGBoost
2955,4231-LZUYM,3.053142e-05,Low,0.0007831309392713592,2026-03-21 14:00:05.577934,XGBoost
2956,4232-JGKIY,0.00013939782,Low,0.0026764380745589733,2026-03-21 14:00:05.577934,XGBoost
2957,4234-XTNEA,0.0005159373,Low,0.0412491856404813,2026-03-21 14:00:05.577934,XGBoost
2958,4236-UJPWO,0.00021837672,Low,0.00535022966505494,2026-03-21 14:00:05.577934,XGBoost
2959,4236-XPXAV,0.98730266,High,97.891058832407,2026-03-21 14:00:05.577934,XGBoost
2960,4237-CLSMM,0.021673584,Low,0.4334716871380806,2026-03-21 14:00:05.577934,XGBoost
2961,4237-RLAQD,0.9999249,High,45.84655658006668,2026-03-21 14:00:05.577934,XGBoost
2962,4238-HFHSN,0.00010634355,Low,0.00873612250070437,2026-03-21 14:00:05.577934,XGBoost
2963,4238-JSSWH,0.00031133834,Low,0.031772077875211836,2026-03-21 14:00:05.577934,XGBoost
2964,4248-HCETZ,0.89907146,High,71.61104139089585,2026-03-21 14:00:05.577934,XGBoost
2965,4248-QPAVC,0.594438,Medium,50.73528470098972,2026-03-21 14:00:05.577934,XGBoost
2966,4250-FDVOU,0.9941597,High,55.92148303985596,2026-03-21 14:00:05.577934,XGBoost
2967,4250-WAROZ,0.023937155,Low,2.2321396628394723,2026-03-21 14:00:05.577934,XGBoost
2968,4250-ZBWLV,0.8744321,High,94.83215982913971,2026-03-21 14:00:05.577934,XGBoost
2969,4254-QPEDE,6.457915e-05,Low,0.0042783687877090415,2026-03-21 14:00:05.577934,XGBoost
2970,4255-DDUOU,0.89490294,High,18.345510363578796,2026-03-21 14:00:05.577934,XGBoost
2971,4256-ZWTZI,0.0003261023,Low,0.016631217731628567,2026-03-21 14:00:05.577934,XGBoost
2972,4257-GAESD,0.45577344,Medium,20.50980493426323,2026-03-21 14:00:05.577934,XGBoost
2973,4273-MBHYA,0.001536141,Low,0.1372542013239581,2026-03-21 14:00:05.577934,XGBoost
2974,4274-DRSQT,8.276783e-05,Low,0.007358060128171928,2026-03-21 14:00:05.577934,XGBoost
2975,4274-OWWYO,0.9725725,High,72.31076578199863,2026-03-21 14:00:05.577934,XGBoost
2976,4277-BWBML,7.4996847e-06,Low,0.000149618709178867,2026-03-21 14:00:05.577934,XGBoost
2977,4277-PVRAN,0.64398664,Medium,51.583330053091046,2026-03-21 14:00:05.577934,XGBoost
2978,4277-UDIEF,0.00011060959,Low,0.008959376616985537,2026-03-21 14:00:05.577934,XGBoost
2979,4280-DLSHD,0.00042631797,Low,0.023340908999671228,2026-03-21 14:00:05.577934,XGBoost
2980,4282-ACRXS,0.000112755326,Low,0.0028019698504067494,2026-03-21 14:00:05.577934,XGBoost
2981,4282-MSACW,0.00035393424,Low,0.04148109331727028,2026-03-21 14:00:05.577934,XGBoost
2982,4282-YMKNA,0.9962335,High,74.46845583617687,2026-03-21 14:00:05.577934,XGBoost
2983,4283-FUTGF,0.2767096,Low,22.09526047259569,2026-03-21 14:00:05.577934,XGBoost
2984,4283-IVYCI,0.12039733,Low,7.81980654001236,2026-03-21 14:00:05.577934,XGBoost
2985,4285-GYRQC,0.99935335,High,86.19422636926174,2026-03-21 14:00:05.577934,XGBoost
2986,4289-DTDKW,0.8883768,High,89.99256704449654,2026-03-21 14:00:05.577934,XGBoost
2987,4290-BSXUX,0.9997464,High,79.6297993451357,2026-03-21 14:00:05.577934,XGBoost
2988,4291-HPAXL,0.100833654,Low,2.0015480399131778,2026-03-21 14:00:05.577934,XGBoost
2989,4291-HYEBC,7.898213e-06,Low,0.0003088201271566504,2026-03-21 14:00:05.577934,XGBoost
2990,4291-SHSBH,0.2928646,Low,20.368732295930386,2026-03-21 14:00:05.577934,XGBoost
2991,4291-TPNFG,0.009009932,Low,0.7415174174122512,2026-03-21 14:00:05.577934,XGBoost
2992,4291-YZODP,2.0709964e-05,Low,0.0004152347740273399,2026-03-21 14:00:05.577934,XGBoost
2993,4293-ETKAP,0.0007077766,Low,0.05619746019365266,2026-03-21 14:00:05.577934,XGBoost
2994,4295-YURET,0.0029713588,Low,0.21572065106593072,2026-03-21 14:00:05.577934,XGBoost
2995,4298-OYIFC,0.0008491364,Low,0.08784315894590691,2026-03-21 14:00:05.577934,XGBoost
2996,4299-OPXEJ,1.2996279e-05,Low,0.0002540772566135274,2026-03-21 14:00:05.577934,XGBoost
2997,4299-SIMNS,0.4467509,Medium,36.25383627265692,2026-03-21 14:00:05.577934,XGBoost
2998,4301-VVZKA,8.9771995e-05,Low,0.006768808398919646,2026-03-21 14:00:05.577934,XGBoost
2999,4302-ZYFEL,7.055667e-06,Low,0.00014499395856546471,2026-03-21 14:00:05.577934,XGBoost
3000,4304-TSPVK,0.047665443,Low,5.476759431883693,2026-03-21 14:00:05.577934,XGBoost
3001,4304-XUMGI,6.857168e-06,Low,0.0005153161786438432,2026-03-21 14:00:05.577934,XGBoost
3002,4307-KTUMW,0.8323916,High,78.1615730881691,2026-03-21 14:00:05.577934,XGBoost
3003,4307-KWMXE,0.0005153416,Low,0.018423461631755345,2026-03-21 14:00:05.577934,XGBoost
3004,4310-KEDTB,5.2437215e-05,Low,0.0015626290172804148,2026-03-21 14:00:05.577934,XGBoost
3005,4311-QTTAI,0.00041885395,Low,0.008104823855683209,2026-03-21 14:00:05.577934,XGBoost
3006,4312-GVYNH,3.946881e-05,Low,0.0019675201998325064,2026-03-21 14:00:05.577934,XGBoost
3007,4312-KFRXN,6.378314e-05,Low,0.0016200917540118097,2026-03-21 14:00:05.577934,XGBoost
3008,4315-MURBD,0.9894071,High,97.85236437916757,2026-03-21 14:00:05.577934,XGBoost
3009,4316-XCSLJ,0.0005816261,Low,0.029255791916511953,2026-03-21 14:00:05.577934,XGBoost
3010,4317-VTEOA,0.99950933,High,50.725098729133606,2026-03-21 14:00:05.577934,XGBoost
3011,4318-RAJVY,0.00059050415,Low,0.011691982112824918,2026-03-21 14:00:05.577934,XGBoost
3012,4320-QMLLA,0.00019422354,Low,0.010653161138179712,2026-03-21 14:00:05.577934,XGBoost
3013,4322-RCYMT,0.9948426,High,75.4090682387352,2026-03-21 14:00:05.577934,XGBoost
3014,4323-ELYYB,0.00017112878,Low,0.0034225755371153355,2026-03-21 14:00:05.577934,XGBoost
3015,4323-OHFOW,0.0006512617,Low,0.0687406735989498,2026-03-21 14:00:05.577934,XGBoost
3016,4323-SADQS,0.999603,High,34.486302584409714,2026-03-21 14:00:05.577934,XGBoost
3017,4324-AHJKS,0.00027529828,Low,0.015361644228687509,2026-03-21 14:00:05.577934,XGBoost
3018,4324-BZCKL,6.8622816e-05,Low,0.0038119974225992335,2026-03-21 14:00:05.577934,XGBoost
3019,4325-NFSKC,0.9996978,High,90.57262108325958,2026-03-21 14:00:05.577934,XGBoost
3020,4328-VUFWD,0.00012529903,Low,0.007430232671322301,2026-03-21 14:00:05.577934,XGBoost
3021,4329-YPDDQ,0.10483419,Low,11.343059520423413,2026-03-21 14:00:05.577934,XGBoost
3022,4332-MUOEZ,3.910659e-05,Low,0.0036877515718515496,2026-03-21 14:00:05.577934,XGBoost
3023,4334-HOWRP,0.0041749184,Low,0.27116095020901415,2026-03-21 14:00:05.577934,XGBoost
3024,4335-BSMJS,1.9484274e-05,Low,0.0005026942733820761,2026-03-21 14:00:05.577934,XGBoost
3025,4335-UPJSI,8.097458e-06,Low,0.00015992479143278615,2026-03-21 14:00:05.577934,XGBoost
3026,4338-EYCER,0.00017321829,Low,0.009457718435442075,2026-03-21 14:00:05.577934,XGBoost
3027,4342-HENTK,0.9432608,High,66.64137473702431,2026-03-21 14:00:05.577934,XGBoost
3028,4342-HFXWS,0.00014956319,Low,0.010424554185010494,2026-03-21 14:00:05.577934,XGBoost
3029,4343-EJVQB,0.00022076668,Low,0.016414002949750282,2026-03-21 14:00:05.577934,XGBoost
3030,4349-GFQHK,0.9976599,High,54.222816741466524,2026-03-21 14:00:05.577934,XGBoost
3031,4350-ZTLPI,0.00028326074,Low,0.030861257888318505,2026-03-21 14:00:05.577934,XGBoost
3032,4351-QLCSU,0.9984345,High,54.91389662027359,2026-03-21 14:00:05.577934,XGBoost
3033,4353-HYOJD,0.008564539,Low,0.4269422817975283,2026-03-21 14:00:05.577934,XGBoost
3034,4355-CVPVS,0.00034547297,Low,0.03071254738897551,2026-03-21 14:00:05.577934,XGBoost
3035,4355-HBJHH,0.8421133,High,67.11643128991128,2026-03-21 14:00:05.577934,XGBoost
3036,4359-INNWN,0.0015751618,Low,0.0315819944778923,2026-03-21 14:00:05.577934,XGBoost
3037,4360-PNRQB,0.037750248,Low,2.8539187386631966,2026-03-21 14:00:05.577934,XGBoost
3038,4360-QRAVE,0.10894234,Low,3.9927366632968186,2026-03-21 14:00:05.577934,XGBoost
3039,4361-BKAXE,0.8845504,High,101.28101995587349,2026-03-21 14:00:05.577934,XGBoost
3040,4361-FEBGN,5.4671276e-05,Low,0.001101626217496232,2026-03-21 14:00:05.577934,XGBoost
3041,4361-JEIVL,0.99651957,High,44.24546871185303,2026-03-21 14:00:05.577934,XGBoost
3042,4365-MSDYN,0.0003072576,Low,0.0060068862236221324,2026-03-21 14:00:05.577934,XGBoost
3043,4366-CTOUZ,4.3361277e-05,Low,0.004344799932005117,2026-03-21 14:00:05.577934,XGBoost
3044,4367-NHWMM,0.0016095793,Low,0.04007852483773604,2026-03-21 14:00:05.577934,XGBoost
3045,4369-HTUIF,0.99969923,High,85.12438985705376,2026-03-21 14:00:05.577934,XGBoost
3046,4369-NYSCF,0.000109128516,Low,0.00826648506881611,2026-03-21 14:00:05.577934,XGBoost
3047,4373-MAVJG,0.9872578,High,89.74173207879068,2026-03-21 14:00:05.577934,XGBoost
3048,4373-VVHQL,0.001187147,Low,0.053124827827559784,2026-03-21 14:00:05.577934,XGBoost
3049,4374-YMUSQ,0.00018096769,Low,0.02103749402522226,2026-03-21 14:00:05.577934,XGBoost
3050,4376-KFVRS,7.379872e-05,Low,0.00841674414514273,2026-03-21 14:00:05.577934,XGBoost
3051,4377-VDHYI,0.020370739,Low,1.8496630631387234,2026-03-21 14:00:05.577934,XGBoost
3052,4378-BZYFP,0.0023769464,Low,0.04872740095015615,2026-03-21 14:00:05.577934,XGBoost
3053,4378-MYPGO,0.00013433276,Low,0.014138523027213523,2026-03-21 14:00:05.577934,XGBoost
3054,4381-MHQDC,0.00015860249,Low,0.010309161734767258,2026-03-21 14:00:05.577934,XGBoost
3055,4385-GZQXV,0.99939346,High,94.39271259307861,2026-03-21 14:00:05.577934,XGBoost
3056,4385-ZKVNW,0.00043124036,Low,0.023675095854559913,2026-03-21 14:00:05.577934,XGBoost
3057,4389-UEFCZ,0.00023497535,Low,0.024789899274765048,2026-03-21 14:00:05.577934,XGBoost
3058,4390-KYULV,0.99839276,High,20.51697123348713,2026-03-21 14:00:05.577934,XGBoost
3059,4391-LNRXK,0.00025539575,Low,0.02424982604716206,2026-03-21 14:00:05.577934,XGBoost
3060,4391-RESHN,0.99887174,High,103.9326049298048,2026-03-21 14:00:05.577934,XGBoost
3061,4393-GEADV,0.0015412134,Low,0.17685423366492614,2026-03-21 14:00:05.577934,XGBoost
3062,4393-OBCRR,0.0001862483,Low,0.003771528157813009,2026-03-21 14:00:05.577934,XGBoost
3063,4393-RYCRE,0.00035088003,Low,0.03721082709089387,2026-03-21 14:00:05.577934,XGBoost
3064,4395-PZMSN,0.00024054215,Low,0.020578381329687544,2026-03-21 14:00:05.577934,XGBoost
3065,4396-KLSEH,0.09537112,Low,1.8931167256087067,2026-03-21 14:00:05.577934,XGBoost
3066,4397-FRLTA,0.05907256,Low,1.1903121154755354,2026-03-21 14:00:05.577934,XGBoost
3067,4398-HSCJH,0.7806222,High,49.64757091999054,2026-03-21 14:00:05.577934,XGBoost
3068,4402-FTBXC,0.06773931,Low,6.082989847660064,2026-03-21 14:00:05.577934,XGBoost
3069,4403-BWPAY,0.00011327704,Low,0.002809270622674376,2026-03-21 14:00:05.577934,XGBoost
3070,4404-HIBDJ,0.99909043,High,74.23241918087005,2026-03-21 14:00:05.577934,XGBoost
3071,4412-YLTKF,0.99952614,High,78.01301546692848,2026-03-21 14:00:05.577934,XGBoost
3072,4415-IJZTP,0.99629956,High,74.2243175804615,2026-03-21 14:00:05.577934,XGBoost
3073,4415-WNGVR,0.00047348905,Low,0.03750033304095268,2026-03-21 14:00:05.577934,XGBoost
3074,4418-LZMSV,0.0001281088,Low,0.007917124108644202,2026-03-21 14:00:05.577934,XGBoost
3075,4419-UJMUS,0.00041394975,Low,0.04112590735167032,2026-03-21 14:00:05.577934,XGBoost
3076,4422-QVIJA,0.0022293301,Low,0.11180090601556003,2026-03-21 14:00:05.577934,XGBoost
3077,4423-JWZJN,4.5969613e-05,Low,0.00414875757178379,2026-03-21 14:00:05.577934,XGBoost
3078,4423-YLHDV,0.81565875,High,85.15477330684662,2026-03-21 14:00:05.577934,XGBoost
3079,4424-TKOPW,0.9274473,High,87.04093089103698,2026-03-21 14:00:05.577934,XGBoost
3080,4425-OWHWB,0.004167164,Low,0.08063462746795268,2026-03-21 14:00:05.577934,XGBoost
3081,4429-WYGFR,0.0001229546,Low,0.006043218751437962,2026-03-21 14:00:05.577934,XGBoost
3082,4430-UZIPO,0.9999254,High,36.84725006818771,2026-03-21 14:00:05.577934,XGBoost
3083,4430-YHXGG,0.033223253,Low,0.8455317823216318,2026-03-21 14:00:05.577934,XGBoost
3084,4431-EDMIQ,0.0016635283,Low,0.12592908976366743,2026-03-21 14:00:05.577934,XGBoost
3085,4432-ADRLB,0.9991375,High,44.61149030327797,2026-03-21 14:00:05.577934,XGBoost
3086,4433-JCGCG,0.9999633,High,100.99629163742065,2026-03-21 14:00:05.577934,XGBoost
3087,4439-JMPMT,0.9026284,High,77.4003871679306,2026-03-21 14:00:05.577934,XGBoost
3088,4439-YRNVD,0.0008008968,Low,0.02903250846429728,2026-03-21 14:00:05.577934,XGBoost
3089,4441-NIHPT,0.9974595,High,74.11123871207236,2026-03-21 14:00:05.577934,XGBoost
3090,4443-EMBNA,0.00014031585,Low,0.003472817363217473,2026-03-21 14:00:05.577934,XGBoost
3091,4445-KWOKW,0.0002381145,Low,0.014322587312199176,2026-03-21 14:00:05.577934,XGBoost
3092,4445-ZJNMU,0.28265452,Low,28.06759421825409,2026-03-21 14:00:05.577934,XGBoost
3093,4446-BZKHU,0.99891627,High,105.43561212420464,2026-03-21 14:00:05.577934,XGBoost
3094,4450-DLLMH,0.0003276127,Low,0.02335878621961456,2026-03-21 14:00:05.577934,XGBoost
3095,4450-MDZFX,4.454574e-05,Low,0.003311975830001756,2026-03-21 14:00:05.577934,XGBoost
3096,4450-YOOHP,0.00010762405,Low,0.005451158206051332,2026-03-21 14:00:05.577934,XGBoost
3097,4451-RWASJ,0.00029149177,Low,0.005684089541318826,2026-03-21 14:00:05.577934,XGBoost
3098,4452-QIIEB,0.13966015,Low,6.131080576777458,2026-03-21 14:00:05.577934,XGBoost
3099,4452-ROHMO,2.8524875e-05,Low,0.0005590875545749441,2026-03-21 14:00:05.577934,XGBoost
3100,4455-BFSPD,0.06668784,Low,6.745474737137556,2026-03-21 14:00:05.577934,XGBoost
3101,4456-RHSNB,8.118195e-05,Low,0.004026624630205334,2026-03-21 14:00:05.577934,XGBoost
3102,4458-KVRBJ,0.0026682308,Low,0.06670576985925436,2026-03-21 14:00:05.577934,XGBoost
3103,4459-BBGHE,7.877858e-06,Low,0.00035056466185778845,2026-03-21 14:00:05.577934,XGBoost
3104,4462-CYWMH,0.053857263,Low,4.836382233351469,2026-03-21 14:00:05.577934,XGBoost
3105,4464-JCOLN,0.002504765,Low,0.049719586363062264,2026-03-21 14:00:05.577934,XGBoost
3106,4465-VDKIQ,4.355976e-05,Low,0.0033889494254253803,2026-03-21 14:00:05.577934,XGBoost
3107,4468-KAZHE,0.00024141987,Low,0.014485192077700049,2026-03-21 14:00:05.577934,XGBoost
3108,4468-YDOVK,0.17513748,Low,8.520438165217637,2026-03-21 14:00:05.577934,XGBoost
3109,4471-KXAUH,0.9992944,High,84.24051793813705,2026-03-21 14:00:05.577934,XGBoost
3110,4472-VESGY,9.2409326e-05,Low,0.009069975306556444,2026-03-21 14:00:05.577934,XGBoost
3111,4475-NVTLU,1.8070854e-05,Low,0.0003469603951089084,2026-03-21 14:00:05.577934,XGBoost
3112,4476-OSWTN,0.00070417067,Low,0.07784606760833412,2026-03-21 14:00:05.577934,XGBoost
3113,4480-MBMLB,0.14238994,Low,14.922465527057648,2026-03-21 14:00:05.577934,XGBoost
3114,4480-QQRHC,0.24016818,Low,17.784454028308392,2026-03-21 14:00:05.577934,XGBoost
3115,4482-EWFMI,0.0006411793,Low,0.044690195191651585,2026-03-21 14:00:05.577934,XGBoost
3116,4482-FTFFX,0.3952974,Low,22.195949465036392,2026-03-21 14:00:05.577934,XGBoost
3117,4484-CGXFK,0.99874556,High,55.23062950372696,2026-03-21 14:00:05.577934,XGBoost
3118,4484-GLZOU,0.71382326,High,74.98713334500789,2026-03-21 14:00:05.577934,XGBoost
3119,4486-EFAEB,4.975485e-05,Low,0.001014998937898781,2026-03-21 14:00:05.577934,XGBoost
3120,4487-ZYJZK,3.95105e-05,Low,0.0007744058326352388,2026-03-21 14:00:05.577934,XGBoost
3121,4488-KQFDT,0.0024712158,Low,0.2568828813848086,2026-03-21 14:00:05.577934,XGBoost
3122,4488-PSYCG,0.9975553,High,20.20049513876438,2026-03-21 14:00:05.577934,XGBoost
3123,4489-SNOJF,0.997549,High,72.07291506230831,2026-03-21 14:00:05.577934,XGBoost
3124,4495-LHSSK,0.033523716,Low,1.9326422292739152,2026-03-21 14:00:05.577934,XGBoost
3125,4500-HKANN,4.5870034e-05,Low,0.002738441043402418,2026-03-21 14:00:05.577934,XGBoost
3126,4501-EQDRN,0.9997681,High,69.68383505940437,2026-03-21 14:00:05.577934,XGBoost
3127,4501-UYKBC,7.211467e-05,Low,0.004983123810234247,2026-03-21 14:00:05.577934,XGBoost
3128,4501-VCPFK,0.089758165,Low,3.208854405209422,2026-03-21 14:00:05.577934,XGBoost
3129,4503-BDXBD,0.72173244,High,54.09384619891644,2026-03-21 14:00:05.577934,XGBoost
3130,4504-YOULA,5.6944937e-05,Low,0.0033853764844025136,2026-03-21 14:00:05.577934,XGBoost
3131,4505-EXZHB,0.9975606,High,74.21851015090942,2026-03-21 14:00:05.577934,XGBoost
3132,4508-OEBEY,7.6903794e-05,Low,0.005806236466014525,2026-03-21 14:00:05.577934,XGBoost
3133,4510-HIMLV,0.99895275,High,69.72690169811248,2026-03-21 14:00:05.577934,XGBoost
3134,4510-PYUSH,0.6997418,Medium,39.99024277031422,2026-03-21 14:00:05.577934,XGBoost
3135,4512-ZUIYL,0.9996929,High,69.9785041809082,2026-03-21 14:00:05.577934,XGBoost
3136,4513-CXYIX,7.743296e-05,Low,0.006248839879845036,2026-03-21 14:00:05.577934,XGBoost
3137,4514-GFCFI,0.9980661,High,84.58610428869724,2026-03-21 14:00:05.577934,XGBoost
3138,4518-FZBSX,3.4120898e-05,Low,0.0006909481826369301,2026-03-21 14:00:05.577934,XGBoost
3139,4521-WFJAI,9.839743e-05,Low,0.0025534133455948904,2026-03-21 14:00:05.577934,XGBoost
3140,4521-YEEHE,0.00041495168,Low,0.03686845635384088,2026-03-21 14:00:05.577934,XGBoost
3141,4522-AKYLR,0.00051370816,Low,0.0281512072077021,2026-03-21 14:00:05.577934,XGBoost
3142,4522-XRWWI,0.00025594176,Low,0.02059051480027847,2026-03-21 14:00:05.577934,XGBoost
3143,4523-WXCEF,0.9992865,High,101.02786239981651,2026-03-21 14:00:05.577934,XGBoost
3144,4524-QCSSM,0.0010404612,Low,0.046456594381015744,2026-03-21 14:00:05.577934,XGBoost
3145,4525-VZCZG,0.0003084954,Low,0.03265423737611854,2026-03-21 14:00:05.577934,XGBoost
3146,4526-EXKKN,0.00018715354,Low,0.004603976962971501,2026-03-21 14:00:05.577934,XGBoost
3147,4526-RMTLL,5.1907693e-05,Low,0.003952770820251317,2026-03-21 14:00:05.577934,XGBoost
3148,4526-ZJJTM,0.00014483876,Low,0.012803746643476189,2026-03-21 14:00:05.577934,XGBoost
3149,4529-CKBCL,0.9995394,High,80.1630578994751,2026-03-21 14:00:05.577934,XGBoost
3150,4530-NDRKU,0.009495391,Low,0.18088719053193927,2026-03-21 14:00:05.577934,XGBoost
3151,4531-AUZNK,1.4350704e-05,Low,0.0013654694929755352,2026-03-21 14:00:05.577934,XGBoost
3152,4534-WGCIR,0.0025465377,Low,0.06404542233794927,2026-03-21 14:00:05.577934,XGBoost
3153,4536-PLEQY,0.102547154,Low,8.721635433286428,2026-03-21 14:00:05.577934,XGBoost
3154,4537-CIBHB,6.906412e-05,Low,0.0013985483747092076,2026-03-21 14:00:05.577934,XGBoost
3155,4537-DKTAL,0.43572086,Medium,19.847085216641425,2026-03-21 14:00:05.577934,XGBoost
3156,4538-WNTMJ,7.696975e-05,Low,0.0019203952826501336,2026-03-21 14:00:05.577934,XGBoost
3157,4541-RMRLG,0.99921155,High,19.23482233285904,2026-03-21 14:00:05.577934,XGBoost
3158,4544-RXFMG,5.969013e-06,Low,0.0002593536069525726,2026-03-21 14:00:05.577934,XGBoost
3159,4546-FOKWR,0.0007024358,Low,0.052507075379253365,2026-03-21 14:00:05.577934,XGBoost
3160,4547-FZJWE,0.12050423,Low,7.1639764890074735,2026-03-21 14:00:05.577934,XGBoost
3161,4547-KQRTM,0.8814572,High,70.56064962744712,2026-03-21 14:00:05.577934,XGBoost
3162,4547-LYTDD,0.73341143,High,53.28234048485756,2026-03-21 14:00:05.577934,XGBoost
3163,4548-SDBKE,0.99969304,High,85.17384667396546,2026-03-21 14:00:05.577934,XGBoost
3164,4549-ZDQYY,0.00033442298,Low,0.01937981152732391,2026-03-21 14:00:05.577934,XGBoost
3165,4550-EVXNY,0.9875322,High,68.78161762058735,2026-03-21 14:00:05.577934,XGBoost
3166,4550-VBOFE,0.9998299,High,102.93248700499535,2026-03-21 14:00:05.577934,XGBoost
3167,4553-DVPZG,0.18280011,Low,18.526791569590568,2026-03-21 14:00:05.577934,XGBoost
3168,4554-YGZIH,0.9997415,High,90.0267215937376,2026-03-21 14:00:05.577934,XGBoost
3169,4558-CGYCZ,0.0001981759,Low,0.003913973981980234,2026-03-21 14:00:05.577934,XGBoost
3170,4558-FANTW,0.9998117,High,91.83270546495913,2026-03-21 14:00:05.577934,XGBoost
3171,4559-UWIHT,0.4419696,Medium,36.52878771275282,2026-03-21 14:00:05.577934,XGBoost
3172,4560-WQAQW,8.9581044e-05,Low,0.0061542177536466625,2026-03-21 14:00:05.577934,XGBoost
3173,4565-EVZMJ,0.00010210357,Low,0.006013900355901569,2026-03-21 14:00:05.577934,XGBoost
3174,4565-NLZBV,0.00038033788,Low,0.009375328707392327,2026-03-21 14:00:05.577934,XGBoost
3175,4566-GOLUK,0.99959296,High,107.30630424320697,2026-03-21 14:00:05.577934,XGBoost
3176,4566-NECEV,0.00027955268,Low,0.026990811408904847,2026-03-21 14:00:05.577934,XGBoost
3177,4566-QVRRW,0.9983529,High,43.97744459509849,2026-03-21 14:00:05.577934,XGBoost
3178,4567-AKPIA,0.00036401162,Low,0.039713667659088965,2026-03-21 14:00:05.577934,XGBoost
3179,4568-KNYWR,7.079181e-05,Low,0.004477581853279844,2026-03-21 14:00:05.577934,XGBoost
3180,4568-TTZRT,0.0024884522,Low,0.05076442575082182,2026-03-21 14:00:05.577934,XGBoost
3181,4570-QHXHL,0.11619346,Low,5.083463806658983,2026-03-21 14:00:05.577934,XGBoost
3182,4572-DVCGN,0.99962664,High,80.22003757953644,2026-03-21 14:00:05.577934,XGBoost
3183,4573-JKNAE,0.0016988396,Low,0.03287254615570419,2026-03-21 14:00:05.577934,XGBoost
3184,4576-CSAJH,0.9993831,High,55.115977519750594,2026-03-21 14:00:05.577934,XGBoost
3185,4578-PHJYZ,2.9633944e-05,Low,0.0020373336496959382,2026-03-21 14:00:05.577934,XGBoost
3186,4580-TMHJU,0.8979902,High,50.422151231765746,2026-03-21 14:00:05.577934,XGBoost
3187,4581-LNWUM,0.23756973,Low,11.676552448421717,2026-03-21 14:00:05.577934,XGBoost
3188,4581-SSPWD,0.9997423,High,75.7804685473442,2026-03-21 14:00:05.577934,XGBoost
3189,4583-PARNH,0.00044824765,Low,0.041037072415929285,2026-03-21 14:00:05.577934,XGBoost
3190,4584-LBNMK,7.176699e-05,Low,0.0017726446531014517,2026-03-21 14:00:05.577934,XGBoost
3191,4585-HETAI,0.99959546,High,73.72016541659832,2026-03-21 14:00:05.577934,XGBoost
3192,4587-NUKOX,0.9703832,High,76.75731324553489,2026-03-21 14:00:05.577934,XGBoost
3193,4587-VVTOX,0.9998473,High,105.283919942379,2026-03-21 14:00:05.577934,XGBoost
3194,4588-YBNIB,0.9988213,High,19.576897835731508,2026-03-21 14:00:05.577934,XGBoost
3195,4589-IUAJB,0.0024024828,Low,0.058260207588318735,2026-03-21 14:00:05.577934,XGBoost
3196,4592-IWTJI,0.998386,High,29.652064955234525,2026-03-21 14:00:05.577934,XGBoost
3197,4597-ELFTS,0.9986657,High,24.866775691509247,2026-03-21 14:00:05.577934,XGBoost
3198,4597-NUCQV,0.9996458,High,101.2141402065754,2026-03-21 14:00:05.577934,XGBoost
3199,4598-XLKNJ,0.9998374,High,98.4839837551117,2026-03-21 14:00:05.577934,XGBoost
3200,4598-ZADCK,0.0011986387,Low,0.06424703411757947,2026-03-21 14:00:05.577934,XGBoost
3201,4603-JANFB,0.9996792,High,69.82759266495704,2026-03-21 14:00:05.577934,XGBoost
3202,4607-CHPCA,0.99894613,High,90.30473017692566,2026-03-21 14:00:05.577934,XGBoost
3203,4608-LCIMN,4.162027e-05,Low,0.0018583451035738107,2026-03-21 14:00:05.577934,XGBoost
3204,4609-KNNWG,2.7176727e-06,Low,5.408168701706017e-05,2026-03-21 14:00:05.577934,XGBoost
3205,4611-ANLQC,0.1590825,Low,7.96207923144102,2026-03-21 14:00:05.577934,XGBoost
3206,4612-SSVHJ,0.00010848368,Low,0.008835995470508352,2026-03-21 14:00:05.577934,XGBoost
3207,4612-THJBS,0.99900216,High,104.64547611773014,2026-03-21 14:00:05.577934,XGBoost
3208,4614-NUVZD,0.9982691,High,80.9596224784851,2026-03-21 14:00:05.577934,XGBoost
3209,4615-PIVVU,0.00023428007,Low,0.015579624829115346,2026-03-21 14:00:05.577934,XGBoost
3210,4616-EWBNJ,0.00010098471,Low,0.002029792691610055,2026-03-21 14:00:05.577934,XGBoost
3211,4616-ULAOA,1.8949564e-05,Low,0.002099611695302883,2026-03-21 14:00:05.577934,XGBoost
3212,4619-EVPHY,0.00026715532,Low,0.024311134387971833,2026-03-21 14:00:05.577934,XGBoost
3213,4622-YNKIJ,0.0006804639,Low,0.060527265010750855,2026-03-21 14:00:05.577934,XGBoost
3214,4623-ZKHLY,0.0002156708,Low,0.004410468001879053,2026-03-21 14:00:05.577934,XGBoost
3215,4625-EWPTF,0.99954176,High,30.436046576499937,2026-03-21 14:00:05.577934,XGBoost
3216,4625-LAMOB,6.313244e-05,Low,0.001287901704199612,2026-03-21 14:00:05.577934,XGBoost
3217,4625-XMOYM,6.7719693e-06,Low,0.00017776419440451718,2026-03-21 14:00:05.577934,XGBoost
3218,4626-GYCZP,0.9207108,High,86.40870877504348,2026-03-21 14:00:05.577934,XGBoost
3219,4626-OZDTJ,0.023344284,Low,1.836027930583805,2026-03-21 14:00:05.577934,XGBoost
3220,4627-MIHJH,0.02934357,Low,3.2351285540498793,2026-03-21 14:00:05.577934,XGBoost
3221,4628-CTTLA,0.29654503,Low,11.654219627380371,2026-03-21 14:00:05.577934,XGBoost
3222,4628-WQCQQ,0.9997719,High,85.13057669103146,2026-03-21 14:00:05.577934,XGBoost
3223,4629-NRXKX,0.96834475,High,68.17147026062013,2026-03-21 14:00:05.577934,XGBoost
3224,4631-OACRM,0.9478829,High,75.26190152168274,2026-03-21 14:00:05.577934,XGBoost
3225,4632-PAOYU,7.648645e-06,Low,0.0001525904656773491,2026-03-21 14:00:05.577934,XGBoost
3226,4632-XJMEX,3.4531622e-05,Low,0.0021703124475607183,2026-03-21 14:00:05.577934,XGBoost
3227,4633-MKHYU,0.0003198253,Low,0.028272557468153537,2026-03-21 14:00:05.577934,XGBoost
3228,4634-JLRJT,0.0009875158,Low,0.020095946220681074,2026-03-21 14:00:05.577934,XGBoost
3229,4635-EJYPD,2.0619902e-05,Low,0.0003907471426828124,2026-03-21 14:00:05.577934,XGBoost
3230,4636-JGAAI,0.1466716,Low,13.03177105486393,2026-03-21 14:00:05.577934,XGBoost
3231,4636-OLWOE,8.535692e-06,Low,0.000520677233907918,2026-03-21 14:00:05.577934,XGBoost
3232,4636-QRJKY,0.9996412,High,80.4711149930954,2026-03-21 14:00:05.577934,XGBoost
3233,4636-TVXVG,2.1052427e-05,Low,0.000419995913580351,2026-03-21 14:00:05.577934,XGBoost
3234,4640-UHDOS,0.9995939,High,55.92727946341038,2026-03-21 14:00:05.577934,XGBoost
3235,4641-FROLU,4.459243e-06,Low,8.606338938079717e-05,2026-03-21 14:00:05.577934,XGBoost
3236,4644-OBGFZ,7.203282e-05,Low,0.0014046399337530602,2026-03-21 14:00:05.577934,XGBoost
3237,4644-PIZRT,4.246675e-05,Low,0.0029875357717173753,2026-03-21 14:00:05.577934,XGBoost
3238,4646-QZXTF,0.0005035947,Low,0.04091706905455794,2026-03-21 14:00:05.577934,XGBoost
3239,4647-MUZON,0.0010449189,Low,0.1002599683997687,2026-03-21 14:00:05.577934,XGBoost
3240,4647-XXZAM,0.00035347126,Low,0.016082942311186343,2026-03-21 14:00:05.577934,XGBoost
3241,4648-YPBTM,5.2858948e-05,Low,0.003906276260022424,2026-03-21 14:00:05.577934,XGBoost
3242,4652-NNHNY,0.63142645,Medium,46.630843597650525,2026-03-21 14:00:05.577934,XGBoost
3243,4652-ODEVH,1.9485147e-05,Low,0.0004764118509228865,2026-03-21 14:00:05.577934,XGBoost
3244,4654-DLAMQ,0.049038623,Low,4.756746385246515,2026-03-21 14:00:05.577934,XGBoost
3245,4654-GGUII,0.000162255,Low,0.006522651176783256,2026-03-21 14:00:05.577934,XGBoost
3246,4654-ULTTN,8.441672e-05,Low,0.0063143708452116695,2026-03-21 14:00:05.577934,XGBoost
3247,4656-CAURT,5.2475978e-05,Low,0.0012567996733196195,2026-03-21 14:00:05.577934,XGBoost
3248,4657-FWVFY,0.00058569346,Low,0.0564315647323383,2026-03-21 14:00:05.577934,XGBoost
3249,4658-HCOHW,0.9994079,High,102.73913083076476,2026-03-21 14:00:05.577934,XGBoost
3250,4659-NZRUF,0.8256358,High,78.5592454969883,2026-03-21 14:00:05.577934,XGBoost
3251,4660-IRIBM,0.00018173562,Low,0.015974561368057038,2026-03-21 14:00:05.577934,XGBoost
3252,4661-NJEUX,0.0017866096,Low,0.0358215234009549,2026-03-21 14:00:05.577934,XGBoost
3253,4662-EKDPQ,0.9995159,High,62.01996104121208,2026-03-21 14:00:05.577934,XGBoost
3254,4664-NJCMS,0.027233513,Low,1.6217557034455239,2026-03-21 14:00:05.577934,XGBoost
3255,4667-OHGKG,0.9974119,High,19.25004979968071,2026-03-21 14:00:05.577934,XGBoost
3256,4667-QONEA,7.429384e-05,Low,0.005560894131485838,2026-03-21 14:00:05.577934,XGBoost
3257,4670-TABXH,0.008397569,Low,0.9216331921052188,2026-03-21 14:00:05.577934,XGBoost
3258,4671-LXRDQ,0.9999263,High,44.99668478965759,2026-03-21 14:00:05.577934,XGBoost
3259,4671-VJLCL,0.0017939183,Low,0.14324437755276448,2026-03-21 14:00:05.577934,XGBoost
3260,4672-FOTSD,0.00069999427,Low,0.047074614703888074,2026-03-21 14:00:05.577934,XGBoost
3261,4673-KKSLS,0.0014237942,Low,0.12472437140531838,2026-03-21 14:00:05.577934,XGBoost
3262,4674-HGNUA,3.638331e-05,Low,0.0032708595361327754,2026-03-21 14:00:05.577934,XGBoost
3263,4676-MQUEA,7.270457e-05,Low,0.007408595673041418,2026-03-21 14:00:05.577934,XGBoost
3264,4676-WLUHT,0.00020564768,Low,0.009500922841834836,2026-03-21 14:00:05.577934,XGBoost
3265,4678-DVQEO,0.92579377,High,48.32643463611603,2026-03-21 14:00:05.577934,XGBoost
3266,4680-KUTAJ,0.18035044,Low,10.027484339475633,2026-03-21 14:00:05.577934,XGBoost
3267,4682-BLBUC,0.17209707,Low,12.210287258774043,2026-03-21 14:00:05.577934,XGBoost
3268,4683-WYDOU,0.00030214383,Low,0.03251067626988515,2026-03-21 14:00:05.577934,XGBoost
3269,4685-ERGHK,0.04050254,Low,3.519670792669058,2026-03-21 14:00:05.577934,XGBoost
3270,4685-TFLLS,0.0056285434,Low,0.11144516011700034,2026-03-21 14:00:05.577934,XGBoost
3271,4686-GEFRM,1.624034e-05,Low,0.0016029214979425888,2026-03-21 14:00:05.577934,XGBoost
3272,4686-UXDML,0.13138023,Low,13.118315984308719,2026-03-21 14:00:05.577934,XGBoost
3273,4690-LLKUA,0.8579911,High,38.6524990260601,2026-03-21 14:00:05.577934,XGBoost
3274,4690-PKDQG,0.0005929241,Low,0.056653895118506624,2026-03-21 14:00:05.577934,XGBoost
3275,4692-NNQRU,0.00041972872,Low,0.033242514613084494,2026-03-21 14:00:05.577934,XGBoost
3276,4693-VWVBO,0.0003382418,Low,0.0066126273304689676,2026-03-21 14:00:05.577934,XGBoost
3277,4694-PHWFW,0.0005714009,Low,0.011399448287556879,2026-03-21 14:00:05.577934,XGBoost
3278,4695-VADHF,0.9993674,High,57.41365804374218,2026-03-21 14:00:05.577934,XGBoost
3279,4695-WJZUE,0.94783896,High,83.93114009201527,2026-03-21 14:00:05.577934,XGBoost
3280,4697-LUPSU,0.00017719889,Low,0.003579417578293942,2026-03-21 14:00:05.577934,XGBoost
3281,4698-KVLLG,0.00093195646,Low,0.018266346538439393,2026-03-21 14:00:05.577934,XGBoost
3282,4700-UBQMV,7.323989e-05,Low,0.005558907742670272,2026-03-21 14:00:05.577934,XGBoost
3283,4701-AHWMW,0.38160232,Low,20.816406397521494,2026-03-21 14:00:05.577934,XGBoost
3284,4701-LKOZD,0.0012478123,Low,0.11199115350609645,2026-03-21 14:00:05.577934,XGBoost
3285,4701-MLJPN,0.81115735,High,44.81644335389137,2026-03-21 14:00:05.577934,XGBoost
3286,4702-HDRKD,7.4270894e-05,Low,0.0036652686387242286,2026-03-21 14:00:05.577934,XGBoost
3287,4702-IOQDC,0.9995402,High,70.0677687048912,2026-03-21 14:00:05.577934,XGBoost
3288,4703-MQYKT,2.4984285e-05,Low,0.0004896919883321971,2026-03-21 14:00:05.577934,XGBoost
3289,4704-ERYFC,0.99837434,High,69.13742324709892,2026-03-21 14:00:05.577934,XGBoost
3290,4706-AXVKM,0.98277205,High,83.3390700340271,2026-03-21 14:00:05.577934,XGBoost
3291,4706-DGAHW,0.0029244758,Low,0.13218630701303483,2026-03-21 14:00:05.577934,XGBoost
3292,4707-MAXGU,6.679393e-05,Low,0.0017266231210669503,2026-03-21 14:00:05.577934,XGBoost
3293,4707-YNOQA,1.6387063e-06,Low,4.195088113192469e-05,2026-03-21 14:00:05.577934,XGBoost
3294,4709-LKHYG,1.784165e-05,Low,0.0003568330066627823,2026-03-21 14:00:05.577934,XGBoost
3295,4710-FDUIZ,0.8581511,High,86.07255314588546,2026-03-21 14:00:05.577934,XGBoost
3296,4710-NKCAW,3.6871334e-05,Low,0.002374513882386964,2026-03-21 14:00:05.577934,XGBoost
3297,4712-AUQZO,0.00040577372,Low,0.013633997133001686,2026-03-21 14:00:05.577934,XGBoost
3298,4712-UYOOI,0.017871447,Low,0.3574289381504059,2026-03-21 14:00:05.577934,XGBoost
3299,4713-LZDRV,0.9995447,High,79.56375653743743,2026-03-21 14:00:05.577934,XGBoost
3300,4713-ZBURT,4.3105003e-05,Low,0.004297568797846907,2026-03-21 14:00:05.577934,XGBoost
3301,4716-HHKQH,0.1446838,Low,15.488400060683489,2026-03-21 14:00:05.577934,XGBoost
3302,4716-MRVEN,0.000515733,Low,0.010314659448340535,2026-03-21 14:00:05.577934,XGBoost
3303,4717-GHADL,4.577966e-05,Low,0.003644060900842305,2026-03-21 14:00:05.577934,XGBoost
3304,4718-DHSMV,7.585693e-05,Low,0.0027156780750374307,2026-03-21 14:00:05.577934,XGBoost
3305,4718-WXBGI,8.355325e-06,Low,0.000768272134473591,2026-03-21 14:00:05.577934,XGBoost
3306,4719-UMSIY,0.0002773315,Low,0.0054495641001267355,2026-03-21 14:00:05.577934,XGBoost
3307,4720-VSTSI,0.6836835,Medium,57.97636203765869,2026-03-21 14:00:05.577934,XGBoost
3308,4723-BEGSG,3.9068087e-05,Low,0.0033852497439511354,2026-03-21 14:00:05.577934,XGBoost
3309,4724-WXVWF,0.0006989424,Low,0.0666791049647145,2026-03-21 14:00:05.577934,XGBoost
3310,4726-DLWQN,4.6798657e-05,Low,0.0032922855496508416,2026-03-21 14:00:05.577934,XGBoost
3311,4727-MCYZG,0.00035721573,Low,0.01984333376312861,2026-03-21 14:00:05.577934,XGBoost
3312,4729-XKASR,0.9967055,High,24.668460443615913,2026-03-21 14:00:05.577934,XGBoost
3313,4730-AWNAU,0.02108641,Low,1.2799450680613518,2026-03-21 14:00:05.577934,XGBoost
3314,4732-RRJZC,0.00010742698,Low,0.002175396388338413,2026-03-21 14:00:05.577934,XGBoost
3315,4735-ASGMA,0.9998436,High,98.33461780548095,2026-03-21 14:00:05.577934,XGBoost
3316,4735-BJKOU,2.55251e-05,Low,0.0005143307604157598,2026-03-21 14:00:05.577934,XGBoost
3317,4737-AQCPU,3.460606e-05,Low,0.0024950968367193124,2026-03-21 14:00:05.577934,XGBoost
3318,4737-HOBAX,0.00047396906,Low,0.037822731229243796,2026-03-21 14:00:05.577934,XGBoost
3319,4741-WWJQZ,0.0010285984,Low,0.08244216197053902,2026-03-21 14:00:05.577934,XGBoost
3320,4742-DRORA,0.00028002297,Low,0.026714191376231614,2026-03-21 14:00:05.577934,XGBoost
3321,4742-TXUEX,9.696911e-06,Low,0.00018715037531364943,2026-03-21 14:00:05.577934,XGBoost
3322,4745-LSPLO,0.9992273,High,20.484159350395203,2026-03-21 14:00:05.577934,XGBoost
3323,4747-LCAQL,0.00029390448,Low,0.023218453832669184,2026-03-21 14:00:05.577934,XGBoost
3324,4749-OJKQU,0.0010176911,Low,0.07698833185713738,2026-03-21 14:00:05.577934,XGBoost
3325,4749-VFKVB,0.99862945,High,50.03133548498154,2026-03-21 14:00:05.577934,XGBoost
3326,4750-UKWJK,0.009887232,Low,0.19378975592553618,2026-03-21 14:00:05.577934,XGBoost
3327,4750-ZRXIU,0.999637,High,84.56929085254669,2026-03-21 14:00:05.577934,XGBoost
3328,4751-ERMAN,0.00018300938,Low,0.013798907437012531,2026-03-21 14:00:05.577934,XGBoost
3329,4753-PADAS,0.02464828,Low,2.605323282070458,2026-03-21 14:00:05.577934,XGBoost
3330,4759-PXTAN,0.00025445147,Low,0.02038156289490871,2026-03-21 14:00:05.577934,XGBoost
3331,4759-TRPLW,0.8511779,High,59.92292213439942,2026-03-21 14:00:05.577934,XGBoost
3332,4760-THGOT,0.22219032,Low,20.90810915827751,2026-03-21 14:00:05.577934,XGBoost
3333,4760-XOHVN,0.99920434,High,19.434524366259573,2026-03-21 14:00:05.577934,XGBoost
3334,4763-PGDPO,0.9990388,High,70.33233261108398,2026-03-21 14:00:05.577934,XGBoost
3335,4765-OXPPD,0.25830248,Low,16.789661198854446,2026-03-21 14:00:05.577934,XGBoost
3336,4767-HZZHQ,0.00015001855,Low,0.012309021721011958,2026-03-21 14:00:05.577934,XGBoost
3337,4770-QAZXN,0.00024165913,Low,0.004700270089233527,2026-03-21 14:00:05.577934,XGBoost
3338,4770-UEZOX,0.00017932575,Low,0.013404600133071654,2026-03-21 14:00:05.577934,XGBoost
3339,4774-HHGGS,1.3995033e-05,Low,0.0002666053870598262,2026-03-21 14:00:05.577934,XGBoost
3340,4776-XSKYQ,7.530794e-05,Low,0.0022780650833738036,2026-03-21 14:00:05.577934,XGBoost
3341,4778-IZARL,3.5236455e-05,Low,0.0038795336960902203,2026-03-21 14:00:05.577934,XGBoost
3342,4779-ZGICK,0.00053565594,Low,0.012614697418757715,2026-03-21 14:00:05.577934,XGBoost
3343,4781-ZXYGU,0.001357594,Low,0.02735551989171654,2026-03-21 14:00:05.577934,XGBoost
3344,4782-OSFXZ,4.635246e-05,Low,0.003833348385887803,2026-03-21 14:00:05.577934,XGBoost
3345,4785-FCIFB,2.762264e-05,Low,0.0006739924188877921,2026-03-21 14:00:05.577934,XGBoost
3346,4785-NKHCX,0.00024270444,Low,0.004866223987482954,2026-03-21 14:00:05.577934,XGBoost
3347,4785-QRJHC,0.7563025,High,45.30251830816269,2026-03-21 14:00:05.577934,XGBoost
3348,4786-UKSNZ,0.99928194,High,20.185495245456696,2026-03-21 14:00:05.577934,XGBoost
3349,4789-KWMXN,0.9995634,High,110.80160244405269,2026-03-21 14:00:05.577934,XGBoost
3350,4791-QRGMF,0.83063775,High,82.64845642447472,2026-03-21 14:00:05.577934,XGBoost
3351,4795-KTRTH,0.999808,High,80.98444908857346,2026-03-21 14:00:05.577934,XGBoost
3352,4795-UXVCJ,0.0011071207,Low,0.021920988941565158,2026-03-21 14:00:05.577934,XGBoost
3353,4795-WRNVT,0.00023791639,Low,0.015488357152207753,2026-03-21 14:00:05.577934,XGBoost
3354,4797-AXPXK,0.99901927,High,59.94115591049194,2026-03-21 14:00:05.577934,XGBoost
3355,4797-MIWUM,4.429492e-05,Low,0.0008969721375251538,2026-03-21 14:00:05.577934,XGBoost
3356,4800-CZMPC,0.35801837,Low,36.96539654582739,2026-03-21 14:00:05.577934,XGBoost
3357,4800-VHZKI,0.9995048,High,19.890145611763,2026-03-21 14:00:05.577934,XGBoost
3358,4801-JZAZL,8.4228646e-05,Low,0.002493167930515483,2026-03-21 14:00:05.577934,XGBoost
3359,4801-KFYKL,0.000102784856,Low,0.001999165443339734,2026-03-21 14:00:05.577934,XGBoost
3360,4803-AXVYP,0.999778,High,99.52789718210697,2026-03-21 14:00:05.577934,XGBoost
3361,4803-LBYPN,1.2497786e-05,Low,0.00025995394826168195,2026-03-21 14:00:05.577934,XGBoost
3362,4804-NCPET,4.4396434e-06,Low,8.968079591795685e-05,2026-03-21 14:00:05.577934,XGBoost
3363,4806-DXQCE,0.00036227808,Low,0.0411729036422912,2026-03-21 14:00:05.577934,XGBoost
3364,4806-HIPDW,0.9636803,High,66.44575854241849,2026-03-21 14:00:05.577934,XGBoost
3365,4806-KEXQR,0.9636177,High,76.99305282831193,2026-03-21 14:00:05.577934,XGBoost
3366,4807-IZYOZ,0.0038345049,Low,0.07918252550298348,2026-03-21 14:00:05.577934,XGBoost
3367,4808-YNLEU,0.00042651614,Low,0.026507978136942254,2026-03-21 14:00:05.577934,XGBoost
3368,4811-JBUVU,0.00023332686,Low,0.02097608507028781,2026-03-21 14:00:05.577934,XGBoost
3369,4813-HQMGZ,0.45882604,Medium,41.409049682319164,2026-03-21 14:00:05.577934,XGBoost
3370,4815-GBTCD,0.0010383857,Low,0.02611539963982068,2026-03-21 14:00:05.577934,XGBoost
3371,4815-TUMEQ,0.00015192913,Low,0.0029322321206564084,2026-03-21 14:00:05.577934,XGBoost
3372,4815-YOSUK,4.020128e-05,Low,0.004217114385392052,2026-03-21 14:00:05.577934,XGBoost
3373,4816-JBHOV,0.9992741,High,44.667551153898245,2026-03-21 14:00:05.577934,XGBoost
3374,4816-LXZYW,0.54334587,Medium,43.00582549870015,2026-03-21 14:00:05.577934,XGBoost
3375,4816-OKWNX,0.010762152,Low,1.1128065438941122,2026-03-21 14:00:05.577934,XGBoost
3376,4817-KEQSP,2.106721e-05,Low,0.0004181841120043828,2026-03-21 14:00:05.577934,XGBoost
3377,4817-QRJSX,0.9978867,High,80.82882410287857,2026-03-21 14:00:05.577934,XGBoost
3378,4817-VYYWS,0.9997713,High,100.17708395719528,2026-03-21 14:00:05.577934,XGBoost
3379,4818-DRBQT,0.9994844,High,80.10867624878884,2026-03-21 14:00:05.577934,XGBoost
3380,4818-QIUFN,0.99820375,High,79.00782716274261,2026-03-21 14:00:05.577934,XGBoost
3381,4819-HJPIW,3.4250977e-05,Low,0.0008614120835773064,2026-03-21 14:00:05.577934,XGBoost
3382,4821-SJHJV,0.00021741129,Low,0.01948005147278309,2026-03-21 14:00:05.577934,XGBoost
3383,4821-WQOYN,2.0838897e-05,Low,0.00041886183771566726,2026-03-21 14:00:05.577934,XGBoost
3384,4822-LPTYJ,0.00013781473,Low,0.014298278038040735,2026-03-21 14:00:05.577934,XGBoost
3385,4822-NGOCH,0.7052956,High,59.562215307354926,2026-03-21 14:00:05.577934,XGBoost
3386,4822-RVYBB,0.99906534,High,100.50597316026688,2026-03-21 14:00:05.577934,XGBoost
3387,4822-YCXMX,0.6646378,Medium,56.36128578186035,2026-03-21 14:00:05.577934,XGBoost
3388,4824-GUCBY,0.0003025142,Low,0.024715410699718634,2026-03-21 14:00:05.577934,XGBoost
3389,4825-FUREZ,0.00024240218,Low,0.004908644154056674,2026-03-21 14:00:05.577934,XGBoost
3390,4825-XJGDM,6.752299e-05,Low,0.0029507546372769867,2026-03-21 14:00:05.577934,XGBoost
3391,4826-DXMUP,2.6398671e-05,Low,0.0019033441973078879,2026-03-21 14:00:05.577934,XGBoost
3392,4826-TZEVA,0.0004802945,Low,0.035926027817185964,2026-03-21 14:00:05.577934,XGBoost
3393,4826-XTSOH,0.9995603,High,86.01216351687908,2026-03-21 14:00:05.577934,XGBoost
3394,4827-DPADN,7.376039e-06,Low,0.0006144240375306253,2026-03-21 14:00:05.577934,XGBoost
3395,4827-LTQRJ,0.0026474823,Low,0.29281154507771134,2026-03-21 14:00:05.577934,XGBoost
3396,4827-USJHP,9.4426774e-05,Low,0.0048913068938418285,2026-03-21 14:00:05.577934,XGBoost
3397,4828-FAZPK,0.008268458,Low,0.6610632041003556,2026-03-21 14:00:05.577934,XGBoost
3398,4829-AUOAX,0.9274867,High,89.08509923517704,2026-03-21 14:00:05.577934,XGBoost
3399,4829-ZLJTK,7.341555e-05,Low,0.008251907525118441,2026-03-21 14:00:05.577934,XGBoost
3400,4830-FAXFM,0.00020728298,Low,0.004995519845397212,2026-03-21 14:00:05.577934,XGBoost
3401,4831-EOBFE,0.9037073,High,85.53589835464955,2026-03-21 14:00:05.577934,XGBoost
3402,4832-VRBMR,0.00024126846,Low,0.02488684116251534,2026-03-21 14:00:05.577934,XGBoost
3403,4833-QTJNO,0.00024802025,Low,0.020796498206618705,2026-03-21 14:00:05.577934,XGBoost
3404,4835-YSJMR,6.38208e-05,Low,0.0031782758538611232,2026-03-21 14:00:05.577934,XGBoost
3405,4836-WNFNO,3.5605586e-05,Low,0.0008901396540750284,2026-03-21 14:00:05.577934,XGBoost
3406,4837-PZTIC,4.2087126e-05,Low,0.0017634505635214736,2026-03-21 14:00:05.577934,XGBoost
3407,4837-QUSFT,0.073480256,Low,7.359047628566623,2026-03-21 14:00:05.577934,XGBoost
3408,4840-ORQXB,8.964582e-05,Low,0.009390399885887746,2026-03-21 14:00:05.577934,XGBoost
3409,4844-JJWUY,0.9998547,High,85.98750281333923,2026-03-21 14:00:05.577934,XGBoost
3410,4846-WHAFZ,0.9499293,High,72.66959121823311,2026-03-21 14:00:05.577934,XGBoost
3411,4847-QNOKA,0.8464331,High,38.00484632849693,2026-03-21 14:00:05.577934,XGBoost
3412,4847-TAJYI,0.24743895,Low,22.108670390397307,2026-03-21 14:00:05.577934,XGBoost
3413,4849-PYRLQ,7.0221446e-05,Low,0.0051437208931019995,2026-03-21 14:00:05.577934,XGBoost
3414,4851-BQDNX,7.42333e-05,Low,0.006313542124917149,2026-03-21 14:00:05.577934,XGBoost
3415,4853-OITSN,3.823035e-05,Low,0.003408235835559026,2026-03-21 14:00:05.577934,XGBoost
3416,4853-RULSV,0.87441057,High,90.93869924545288,2026-03-21 14:00:05.577934,XGBoost
3417,4854-CIDCF,0.3525388,Low,26.034989957511424,2026-03-21 14:00:05.577934,XGBoost
3418,4854-SSLTN,0.00011972557,Low,0.007123671395675046,2026-03-21 14:00:05.577934,XGBoost
3419,4855-SNKMY,0.9201149,High,40.57706598043442,2026-03-21 14:00:05.577934,XGBoost
3420,4859-ZSRDZ,0.026374303,Low,1.4637738056480885,2026-03-21 14:00:05.577934,XGBoost
3421,4860-IJUDE,0.12445115,Low,9.178272532299161,2026-03-21 14:00:05.577934,XGBoost
3422,4860-YZGZM,4.058285e-05,Low,0.0008116570097627118,2026-03-21 14:00:05.577934,XGBoost
3423,4868-AADLV,8.802984e-05,Low,0.010233468829028425,2026-03-21 14:00:05.577934,XGBoost
3424,4869-EPIUS,0.00032282498,Low,0.02611654123174958,2026-03-21 14:00:05.577934,XGBoost
3425,4871-JTKJF,0.99938107,High,69.60689120292665,2026-03-21 14:00:05.577934,XGBoost
3426,4872-JCVCA,0.00021444296,Low,0.010207484895363451,2026-03-21 14:00:05.577934,XGBoost
3427,4872-VXRIL,0.0050588893,Low,0.32705719177611176,2026-03-21 14:00:05.577934,XGBoost
3428,4873-ILOLJ,0.8110347,High,73.27698328495025,2026-03-21 14:00:05.577934,XGBoost
3429,4877-EVATK,0.9993851,High,19.98770236968994,2026-03-21 14:00:05.577934,XGBoost
3430,4877-TSOFF,1.664253e-05,Low,0.0012606716991285793,2026-03-21 14:00:05.577934,XGBoost
3431,4878-BUNFV,0.0040506083,Low,0.0838475909549743,2026-03-21 14:00:05.577934,XGBoost
3432,4879-GZLFH,0.000345178,Low,0.03180815331579652,2026-03-21 14:00:05.577934,XGBoost
3433,4881-GQJTW,0.00019401696,Low,0.003802732424810529,2026-03-21 14:00:05.577934,XGBoost
3434,4881-JVQOD,0.00019924354,Low,0.006883864401606842,2026-03-21 14:00:05.577934,XGBoost
3435,4883-KCPZJ,0.0007464137,Low,0.0188469463319052,2026-03-21 14:00:05.577934,XGBoost
3436,4883-QICIH,0.99917406,High,69.69239057600498,2026-03-21 14:00:05.577934,XGBoost
3437,4884-LEVMQ,0.0069063394,Low,0.14123464140575379,2026-03-21 14:00:05.577934,XGBoost
3438,4884-TVUQF,4.8084206e-05,Low,0.004870930103788851,2026-03-21 14:00:05.577934,XGBoost
3439,4884-ZTHVF,0.4017735,Medium,34.99447292685508,2026-03-21 14:00:05.577934,XGBoost
3440,4890-VMUAV,0.00011860585,Low,0.00848031832720153,2026-03-21 14:00:05.577934,XGBoost
3441,4891-NLUBA,7.74189e-06,Low,0.00047573913625456046,2026-03-21 14:00:05.577934,XGBoost
3442,4892-VLANZ,0.99975544,High,19.795157754421236,2026-03-21 14:00:05.577934,XGBoost
3443,4893-GYUJU,5.1816744e-05,Low,0.0010026539868704277,2026-03-21 14:00:05.577934,XGBoost
3444,4895-TMWIR,0.06252252,Low,1.2473243359476327,2026-03-21 14:00:05.577934,XGBoost
3445,4896-CPRPF,2.125673e-05,Low,0.0005409837830484321,2026-03-21 14:00:05.577934,XGBoost
3446,4897-QSUYC,0.9991536,High,20.132945322990416,2026-03-21 14:00:05.577934,XGBoost
3447,4900-MSOMT,7.255849e-06,Low,0.0005819191011141811,2026-03-21 14:00:05.577934,XGBoost
3448,4902-OHLSK,0.99972755,High,98.62312252819538,2026-03-21 14:00:05.577934,XGBoost
3449,4903-CNOZC,2.4851925e-05,Low,0.0017620014496060323,2026-03-21 14:00:05.577934,XGBoost
3450,4903-UYAVB,0.9991437,High,19.333430975675583,2026-03-21 14:00:05.577934,XGBoost
3451,4905-JEFDW,0.9995689,High,41.58206539154053,2026-03-21 14:00:05.577934,XGBoost
3452,4906-ZHGPK,0.063298,Low,4.475168733298779,2026-03-21 14:00:05.577934,XGBoost
3453,4908-XAXAY,5.6421643e-05,Low,0.005069484579689742,2026-03-21 14:00:05.577934,XGBoost
3454,4909-JOUPP,0.00018255919,Low,0.020026743126800285,2026-03-21 14:00:05.577934,XGBoost
3455,4910-AQFFX,0.9979875,High,79.19030882120131,2026-03-21 14:00:05.577934,XGBoost
3456,4910-GMJOT,0.99956816,High,94.55914834737777,2026-03-21 14:00:05.577934,XGBoost
3457,4911-BANWH,0.78335464,High,67.7993440926075,2026-03-21 14:00:05.577934,XGBoost
3458,4912-PIGUY,0.000977132,Low,0.08266536751762033,2026-03-21 14:00:05.577934,XGBoost
3459,4913-EHYUI,0.99952793,High,104.50064520835876,2026-03-21 14:00:05.577934,XGBoost
3460,4915-BFSXL,2.6920397e-06,Low,0.0001856161402884027,2026-03-21 14:00:05.577934,XGBoost
3461,4918-FYJNT,0.000322187,Low,0.029141814082686325,2026-03-21 14:00:05.577934,XGBoost
3462,4918-QLLIW,0.23435244,Low,12.514420276880264,2026-03-21 14:00:05.577934,XGBoost
3463,4919-IKATY,0.99990153,High,84.49167954921722,2026-03-21 14:00:05.577934,XGBoost
3464,4919-MOAVT,0.9998196,High,69.63743351995946,2026-03-21 14:00:05.577934,XGBoost
3465,4922-CVPDX,0.0044882866,Low,0.32988906232640147,2026-03-21 14:00:05.577934,XGBoost
3466,4923-ADWXJ,0.06867136,Low,4.518575528264045,2026-03-21 14:00:05.577934,XGBoost
3467,4925-LMHOK,0.99703574,High,58.42629446983337,2026-03-21 14:00:05.577934,XGBoost
3468,4926-UMJZD,0.0006629201,Low,0.03261567007284612,2026-03-21 14:00:05.577934,XGBoost
3469,4927-WWOOZ,0.00025136504,Low,0.022987332883349153,2026-03-21 14:00:05.577934,XGBoost
3470,4929-BSTRX,0.767447,High,41.09678657054901,2026-03-21 14:00:05.577934,XGBoost
3471,4929-ROART,6.409514e-05,Low,0.003605351639635046,2026-03-21 14:00:05.577934,XGBoost
3472,4929-XIHVW,0.1312622,Low,12.535539917647839,2026-03-21 14:00:05.577934,XGBoost
3473,4931-TRZWN,0.32846636,Low,23.63315429985523,2026-03-21 14:00:05.577934,XGBoost
3474,4933-BSAIP,0.00017895781,Low,0.0034180941540398638,2026-03-21 14:00:05.577934,XGBoost
3475,4933-IKULF,9.525219e-05,Low,0.001966957676995662,2026-03-21 14:00:05.577934,XGBoost
3476,4936-YPJNK,0.09044554,Low,1.799866262823343,2026-03-21 14:00:05.577934,XGBoost
3477,4937-QPZPO,5.608476e-05,Low,0.005602867363995756,2026-03-21 14:00:05.577934,XGBoost
3478,4939-KYYPY,0.0001242891,Low,0.0073889870676794095,2026-03-21 14:00:05.577934,XGBoost
3479,4940-KHCWD,0.00064903474,Low,0.02446860985364765,2026-03-21 14:00:05.577934,XGBoost
3480,4942-VZZOM,0.00025712728,Low,0.01700896944093984,2026-03-21 14:00:05.577934,XGBoost
3481,4945-RVMTE,7.5270604e-05,Low,0.004482364450450404,2026-03-21 14:00:05.577934,XGBoost
3482,4946-EDSEW,0.8297797,High,15.973258927464485,2026-03-21 14:00:05.577934,XGBoost
3483,4947-DSMXK,0.00010698025,Low,0.010451970707799773,2026-03-21 14:00:05.577934,XGBoost
3484,4948-WBBKL,0.00061692105,Low,0.046207386924652386,2026-03-21 14:00:05.577934,XGBoost
3485,4950-BDEUX,0.00038960742,Low,0.019168685039039703,2026-03-21 14:00:05.577934,XGBoost
3486,4950-HKQTE,0.00026673562,Low,0.007001809935900383,2026-03-21 14:00:05.577934,XGBoost
3487,4951-UKAAQ,0.98640674,High,87.7408798366785,2026-03-21 14:00:05.577934,XGBoost
3488,4952-YSOGZ,0.9899116,High,85.08290338218212,2026-03-21 14:00:05.577934,XGBoost
3489,4955-VCWBI,0.0016441098,Low,0.032882196828722954,2026-03-21 14:00:05.577934,XGBoost
3490,4957-SREEC,5.0351926e-05,Low,0.0010246616919175723,2026-03-21 14:00:05.577934,XGBoost
3491,4957-TIALW,0.00014470113,Low,0.009492394188418983,2026-03-21 14:00:05.577934,XGBoost
3492,4957-TREIR,0.0002660344,Low,0.01713261464610696,2026-03-21 14:00:05.577934,XGBoost
3493,4958-GZWIY,0.9993617,High,48.66891449093819,2026-03-21 14:00:05.577934,XGBoost
3494,4958-XCBDQ,0.99918455,High,101.31731325387955,2026-03-21 14:00:05.577934,XGBoost
3495,4959-JOSRX,0.9992874,High,44.56821922063828,2026-03-21 14:00:05.577934,XGBoost
3496,4962-CHQPW,5.5449877e-06,Low,0.00011006800671111706,2026-03-21 14:00:05.577934,XGBoost
3497,4967-WPNCF,2.4352996e-05,Low,0.001551285829373228,2026-03-21 14:00:05.577934,XGBoost
3498,4971-PUYQO,0.99927014,High,94.48099184334278,2026-03-21 14:00:05.577934,XGBoost
3499,4973-MGTON,4.3442735e-05,Low,0.003666566812898964,2026-03-21 14:00:05.577934,XGBoost
3500,4973-RLZVI,3.57124e-05,Low,0.002665930724106147,2026-03-21 14:00:05.577934,XGBoost
3501,4976-LNFVV,0.0002225451,Low,0.007633297018765006,2026-03-21 14:00:05.577934,XGBoost
3502,4979-HPRFL,2.1759977e-05,Low,0.0005255034504443756,2026-03-21 14:00:05.577934,XGBoost
3503,4980-URKXC,0.039867733,Low,0.8312422262504697,2026-03-21 14:00:05.577934,XGBoost
3504,4981-FLTMF,0.00057444966,Low,0.037454117788001895,2026-03-21 14:00:05.577934,XGBoost
3505,4983-CCWMC,0.0015129651,Low,0.10530236894264816,2026-03-21 14:00:05.577934,XGBoost
3506,4983-CLMLV,0.000188108,Low,0.019318691107037014,2026-03-21 14:00:05.577934,XGBoost
3507,4986-MXSFP,6.126269e-05,Low,0.0012252537999302149,2026-03-21 14:00:05.577934,XGBoost
3508,4987-GQWPO,0.00017166663,Low,0.004308832417882514,2026-03-21 14:00:05.577934,XGBoost
3509,4988-IQIGL,0.99977785,High,75.33326126039027,2026-03-21 14:00:05.577934,XGBoost
3510,4989-LIXVT,0.11531236,Low,11.058455345779658,2026-03-21 14:00:05.577934,XGBoost
3511,4990-ALDGW,0.0012597308,Low,0.02613941367599182,2026-03-21 14:00:05.577934,XGBoost
3512,4992-LTJNE,0.0004197077,Low,0.023209836191381325,2026-03-21 14:00:05.577934,XGBoost
3513,4993-JCRGJ,0.28484434,Low,24.01237776875496,2026-03-21 14:00:05.577934,XGBoost
3514,4994-OBRSZ,0.00017027084,Low,0.012957610892772208,2026-03-21 14:00:05.577934,XGBoost
3515,4998-IKFSE,9.460099e-05,Low,0.00950266939944413,2026-03-21 14:00:05.577934,XGBoost
3516,4999-IEZLT,0.0001046073,Low,0.003080685019813245,2026-03-21 14:00:05.577934,XGBoost
3517,5002-GCQFH,0.0015321939,Low,0.14379639332764782,2026-03-21 14:00:05.577934,XGBoost
3518,5003-OKNNK,0.0014889012,Low,0.03029913960490376,2026-03-21 14:00:05.577934,XGBoost
3519,5003-XZWWO,5.8702335e-05,Low,0.004942736613884335,2026-03-21 14:00:05.577934,XGBoost
3520,5006-MXVRN,7.034041e-05,Low,0.0014560464362148196,2026-03-21 14:00:05.577934,XGBoost
3521,5010-IPEAQ,4.3598076e-05,Low,0.0023630157433217392,2026-03-21 14:00:05.577934,XGBoost
3522,5012-YSPJJ,0.00012898879,Low,0.007010540615010541,2026-03-21 14:00:05.577934,XGBoost
3523,5013-SBUIH,0.9936871,High,108.95778977572918,2026-03-21 14:00:05.577934,XGBoost
3524,5014-GSOUQ,1.2546904e-05,Low,0.0002503107376924163,2026-03-21 14:00:05.577934,XGBoost
3525,5014-WUQMG,0.0014689644,Low,0.1411674775648862,2026-03-21 14:00:05.577934,XGBoost
3526,5016-ETTFF,0.23184906,Low,6.839547254145145,2026-03-21 14:00:05.577934,XGBoost
3527,5016-IBERQ,0.0009229084,Low,0.07775503475568257,2026-03-21 14:00:05.577934,XGBoost
3528,5016-LIPDW,2.122681e-05,Low,0.00041180010666721497,2026-03-21 14:00:05.577934,XGBoost
3529,5018-GWURO,0.0001088009,Low,0.00931335714412853,2026-03-21 14:00:05.577934,XGBoost
3530,5018-HEKFO,0.14145073,Low,3.465542957186699,2026-03-21 14:00:05.577934,XGBoost
3531,5018-LXQQG,0.033645753,Low,2.2307134117931127,2026-03-21 14:00:05.577934,XGBoost
3532,5019-GQVCR,0.0005747199,Low,0.04876498499943409,2026-03-21 14:00:05.577934,XGBoost
3533,5020-ZSTTY,0.9982614,High,82.30665178000928,2026-03-21 14:00:05.577934,XGBoost
3534,5022-JNQEQ,0.0005771698,Low,0.04377833082689903,2026-03-21 14:00:05.577934,XGBoost
3535,5022-KVDQT,0.74055064,High,60.20676680803299,2026-03-21 14:00:05.577934,XGBoost
3536,5025-GOOKI,5.4571476e-05,Low,0.0010314008894056314,2026-03-21 14:00:05.577934,XGBoost
3537,5027-QPKTE,0.9963374,High,69.09599964618683,2026-03-21 14:00:05.577934,XGBoost
3538,5027-XWQHA,0.249557,Low,11.167675901204348,2026-03-21 14:00:05.577934,XGBoost
3539,5027-YOCXN,0.00018671274,Low,0.02054773736890638,2026-03-21 14:00:05.577934,XGBoost
3540,5028-GZLDO,0.9993036,High,70.65076305866242,2026-03-21 14:00:05.577934,XGBoost
3541,5028-HTLJB,0.9995221,High,20.04041790366173,2026-03-21 14:00:05.577934,XGBoost
3542,5032-MIYKT,0.0015103172,Low,0.10677942635957152,2026-03-21 14:00:05.577934,XGBoost
3543,5032-USPKF,0.19297206,Low,16.228950583934783,2026-03-21 14:00:05.577934,XGBoost
3544,5035-BVCXS,0.41379032,Medium,31.40668493807316,2026-03-21 14:00:05.577934,XGBoost
3545,5035-PGZXH,0.00012220255,Low,0.013051231886493042,2026-03-21 14:00:05.577934,XGBoost
3546,5038-ETMLM,4.4635548e-05,Low,0.00507283002625627,2026-03-21 14:00:05.577934,XGBoost
3547,5039-LZRQT,2.8553643e-05,Low,0.0005767835795268183,2026-03-21 14:00:05.577934,XGBoost
3548,5043-TRZWM,0.00072250166,Low,0.054585000395309176,2026-03-21 14:00:05.577934,XGBoost
3549,5044-LRQAQ,0.45774233,Medium,31.675769472122195,2026-03-21 14:00:05.577934,XGBoost
3550,5044-XDPYX,0.00012219533,Low,0.003115980864095036,2026-03-21 14:00:05.577934,XGBoost
3551,5046-NUHWD,0.00025109103,Low,0.011299096222501248,2026-03-21 14:00:05.577934,XGBoost
3552,5047-LHVLY,0.99794346,High,50.04686456620693,2026-03-21 14:00:05.577934,XGBoost
3553,5049-GLYVG,0.99913955,High,20.582274675369263,2026-03-21 14:00:05.577934,XGBoost
3554,5049-MUBWG,0.032046586,Low,2.403493970632553,2026-03-21 14:00:05.577934,XGBoost
3555,5052-PNLOS,0.77809256,High,81.97205152809619,2026-03-21 14:00:05.577934,XGBoost
3556,5054-IEXZT,0.9997696,High,75.33264147341251,2026-03-21 14:00:05.577934,XGBoost
3557,5055-BRMNE,4.484747e-05,Low,0.004785225171144702,2026-03-21 14:00:05.577934,XGBoost
3558,5055-MGMGF,0.0004300507,Low,0.04517682745063212,2026-03-21 14:00:05.577934,XGBoost
3559,5056-FIMPT,0.010598739,Low,1.1234662998467684,2026-03-21 14:00:05.577934,XGBoost
3560,5057-LCOUI,0.99988365,High,50.74409532546997,2026-03-21 14:00:05.577934,XGBoost
3561,5057-RKGLH,0.020477882,Low,0.4167248916812241,2026-03-21 14:00:05.577934,XGBoost
3562,5060-TQUQN,0.00018881078,Low,0.01577514066448202,2026-03-21 14:00:05.577934,XGBoost
3563,5061-PBXFW,4.7717673e-05,Low,0.0029298651046701708,2026-03-21 14:00:05.577934,XGBoost
3564,5062-CJJKH,3.2993735e-06,Low,0.00017701138692700623,2026-03-21 14:00:05.577934,XGBoost
3565,5063-IUOKK,0.00012397756,Low,0.0024485567955707666,2026-03-21 14:00:05.577934,XGBoost
3566,5066-GFJMM,0.00010657805,Low,0.002120903244940564,2026-03-21 14:00:05.577934,XGBoost
3567,5067-DGXLL,0.00048325057,Low,0.00978582395327976,2026-03-21 14:00:05.577934,XGBoost
3568,5067-WJEUN,1.3302227e-05,Low,0.0007209806904938887,2026-03-21 14:00:05.577934,XGBoost
3569,5067-XJQFU,0.12112545,Low,13.13605529330671,2026-03-21 14:00:05.577934,XGBoost
3570,5071-FBJFS,0.03590572,Low,1.8060576558113097,2026-03-21 14:00:05.577934,XGBoost
3571,5073-RZGBK,8.536246e-06,Low,0.0006833265116256371,2026-03-21 14:00:05.577934,XGBoost
3572,5073-WXOYN,0.8348739,High,42.4115948677063,2026-03-21 14:00:05.577934,XGBoost
3573,5074-FBGHB,0.11174243,Low,11.693845240399241,2026-03-21 14:00:05.577934,XGBoost
3574,5075-JSDKI,2.0920057e-05,Low,0.0005114953953125222,2026-03-21 14:00:05.577934,XGBoost
3575,5076-YVXCM,0.12384498,Low,10.328671431541444,2026-03-21 14:00:05.577934,XGBoost
3576,5077-DXTCG,0.99983287,High,45.29242894649505,2026-03-21 14:00:05.577934,XGBoost
3577,5081-NWSUP,8.9628724e-05,Low,0.0058169041745713915,2026-03-21 14:00:05.577934,XGBoost
3578,5084-OOVCJ,0.00010992268,Low,0.006084220296907006,2026-03-21 14:00:05.577934,XGBoost
3579,5087-SUURX,0.24565041,Low,9.592648535966873,2026-03-21 14:00:05.577934,XGBoost
3580,5088-QZLRL,7.827836e-05,Low,0.0016164481523446737,2026-03-21 14:00:05.577934,XGBoost
3581,5089-IFSDP,0.99818474,High,109.25131985247135,2026-03-21 14:00:05.577934,XGBoost
3582,5090-EMGTC,0.024648095,Low,2.466041859705001,2026-03-21 14:00:05.577934,XGBoost
3583,5091-HFAZW,0.000952925,Low,0.0868591145874234,2026-03-21 14:00:05.577934,XGBoost
3584,5092-STPKP,5.2979558e-05,Low,0.002985398090459057,2026-03-21 14:00:05.577934,XGBoost
3585,5093-FEGLU,0.00020428651,Low,0.0040142299010767594,2026-03-21 14:00:05.577934,XGBoost
3586,5095-AESKG,0.9837584,High,90.01389268040657,2026-03-21 14:00:05.577934,XGBoost
3587,5095-ETBRJ,0.00038833276,Low,0.022057300712913272,2026-03-21 14:00:05.577934,XGBoost
3588,5099-BAILX,0.9592742,High,106.23961463570595,2026-03-21 14:00:05.577934,XGBoost
3589,5103-MHMHY,0.99928707,High,45.91724081337452,2026-03-21 14:00:05.577934,XGBoost
3590,5108-ADXWO,0.78212047,High,57.485854268074036,2026-03-21 14:00:05.577934,XGBoost
3591,5110-CHOPY,0.0002542645,Low,0.01362857767380774,2026-03-21 14:00:05.577934,XGBoost
3592,5115-GZDEL,2.509078e-06,Low,0.00016861004551174119,2026-03-21 14:00:05.577934,XGBoost
3593,5115-SQAAU,2.5720867e-06,Low,6.584541988559067e-05,2026-03-21 14:00:05.577934,XGBoost
3594,5117-IFGPS,0.31989506,Low,26.9671534627676,2026-03-21 14:00:05.577934,XGBoost
3595,5117-ZSMHQ,6.807238e-06,Low,0.0006119707097695937,2026-03-21 14:00:05.577934,XGBoost
3596,5118-MUEYH,0.0012476357,Low,0.13112651136470957,2026-03-21 14:00:05.577934,XGBoost
3597,5119-KEPFY,0.0003141572,Low,0.02984493345138617,2026-03-21 14:00:05.577934,XGBoost
3598,5119-NZPTV,0.30017427,Low,21.042216053605078,2026-03-21 14:00:05.577934,XGBoost
3599,5120-ZBLAI,0.013449313,Low,1.0181130031123757,2026-03-21 14:00:05.577934,XGBoost
3600,5122-CYFXA,0.0016929632,Low,0.1274801276042126,2026-03-21 14:00:05.577934,XGBoost
3601,5124-EOGYE,3.751565e-06,Low,7.671950257872595e-05,2026-03-21 14:00:05.577934,XGBoost
3602,5125-CNDSP,0.070145935,Low,2.847924953699112,2026-03-21 14:00:05.577934,XGBoost
3603,5126-RCXYW,0.00014421888,Low,0.006634068500716239,2026-03-21 14:00:05.577934,XGBoost
3604,5127-BZENZ,7.7318e-05,Low,0.005041133597842418,2026-03-21 14:00:05.577934,XGBoost
3605,5129-HHMZC,0.00078763,Low,0.06809061166131869,2026-03-21 14:00:05.577934,XGBoost
3606,5129-JLPIS,0.107384264,Low,11.32903990149498,2026-03-21 14:00:05.577934,XGBoost
3607,5130-IEKQT,0.99971443,High,105.91974429786205,2026-03-21 14:00:05.577934,XGBoost
3608,5130-YPIRV,4.4680648e-05,Low,0.0032170066551771015,2026-03-21 14:00:05.577934,XGBoost
3609,5131-PONJI,0.039389666,Low,3.5608258217573168,2026-03-21 14:00:05.577934,XGBoost
3610,5133-POWUA,0.00028267046,Low,0.012946307001402601,2026-03-21 14:00:05.577934,XGBoost
3611,5133-VRSAB,0.0020483471,Low,0.06011898871511221,2026-03-21 14:00:05.577934,XGBoost
3612,5134-IKDAY,0.9994881,High,69.76427044868468,2026-03-21 14:00:05.577934,XGBoost
3613,5135-GRQJV,0.00018078263,Low,0.02069961157394573,2026-03-21 14:00:05.577934,XGBoost
3614,5135-RDDQL,3.623145e-05,Low,0.001835122916418186,2026-03-21 14:00:05.577934,XGBoost
3615,5136-GFPMB,0.00014931282,Low,0.013348566289641895,2026-03-21 14:00:05.577934,XGBoost
3616,5136-KCKGI,0.751776,High,77.95916912555695,2026-03-21 14:00:05.577934,XGBoost
3617,5136-RGMZO,0.00024463274,Low,0.017381156295596157,2026-03-21 14:00:05.577934,XGBoost
3618,5138-WVKYJ,0.8433206,High,83.1092459321022,2026-03-21 14:00:05.577934,XGBoost
3619,5140-FOMCQ,0.04789507,Low,5.227746908552945,2026-03-21 14:00:05.577934,XGBoost
3620,5141-ZUVBH,0.0018147108,Low,0.16876810358371586,2026-03-21 14:00:05.577934,XGBoost
3621,5143-EGQFK,0.99939096,High,29.63194195628166,2026-03-21 14:00:05.577934,XGBoost
3622,5143-WMWOG,0.99780375,High,19.906184765696526,2026-03-21 14:00:05.577934,XGBoost
3623,5144-PQCDZ,0.00011988494,Low,0.002391704597903299,2026-03-21 14:00:05.577934,XGBoost
3624,5144-TVGLP,0.27964124,Low,26.496007569134235,2026-03-21 14:00:05.577934,XGBoost
3625,5146-CBVOE,0.00022679413,Low,0.017032239228137767,2026-03-21 14:00:05.577934,XGBoost
3626,5146-YYFRZ,0.010685729,Low,0.2131802908144891,2026-03-21 14:00:05.577934,XGBoost
3627,5148-HKFIR,0.0021762312,Low,0.04287175540812314,2026-03-21 14:00:05.577934,XGBoost
3628,5148-ORICT,0.0020324935,Low,0.15111588978907092,2026-03-21 14:00:05.577934,XGBoost
3629,5149-CUZUJ,0.00038596021,Low,0.035855703952256596,2026-03-21 14:00:05.577934,XGBoost
3630,5149-QYTTU,1.1877195e-05,Low,0.0011301151035695513,2026-03-21 14:00:05.577934,XGBoost
3631,5149-TGWDZ,0.0016414429,Low,0.17161285339971072,2026-03-21 14:00:05.577934,XGBoost
3632,5150-ITWWB,0.0002813554,Low,0.02668655987654347,2026-03-21 14:00:05.577934,XGBoost
3633,5150-LJNSR,0.009762838,Low,0.957246221927926,2026-03-21 14:00:05.577934,XGBoost
3634,5151-HQRDG,0.00032751716,Low,0.018029819772345943,2026-03-21 14:00:05.577934,XGBoost
3635,5153-LXKDT,0.00013996095,Low,0.01542369629314635,2026-03-21 14:00:05.577934,XGBoost
3636,5153-RTHKF,0.2564346,Low,21.886692224442957,2026-03-21 14:00:05.577934,XGBoost
3637,5154-VEKBL,0.99919695,High,58.45302137732506,2026-03-21 14:00:05.577934,XGBoost
3638,5155-AZQPB,0.03614453,Low,1.8036119740456342,2026-03-21 14:00:05.577934,XGBoost
3639,5156-UMKOW,0.060011383,Low,1.779337510280311,2026-03-21 14:00:05.577934,XGBoost
3640,5158-RIVOP,0.00017157907,Low,0.003586002590600401,2026-03-21 14:00:05.577934,XGBoost
3641,5159-YFPKQ,0.9998549,High,75.78900310993194,2026-03-21 14:00:05.577934,XGBoost
3642,5160-UXJED,0.039295617,Low,1.7525845400989055,2026-03-21 14:00:05.577934,XGBoost
3643,5161-UBZXI,0.00027109878,Low,0.028831354780413675,2026-03-21 14:00:05.577934,XGBoost
3644,5161-XEUVX,0.00036546003,Low,0.03446288078848738,2026-03-21 14:00:05.577934,XGBoost
3645,5167-GBFRE,0.971632,High,24.485126495361328,2026-03-21 14:00:05.577934,XGBoost
3646,5167-ZFFMM,0.99960476,High,90.81409259140491,2026-03-21 14:00:05.577934,XGBoost
3647,5168-MQQCA,8.9529465e-05,Low,0.009713946972624399,2026-03-21 14:00:05.577934,XGBoost
3648,5168-MSWXT,0.00035991895,Low,0.034102320634701755,2026-03-21 14:00:05.577934,XGBoost
3649,5170-PTRKA,0.019547865,Low,0.6998135596513747,2026-03-21 14:00:05.577934,XGBoost
3650,5171-EPLKN,3.4035915e-05,Low,0.0006756129072527984,2026-03-21 14:00:05.577934,XGBoost
3651,5172-MIGPM,0.0021573163,Low,0.14141208414221182,2026-03-21 14:00:05.577934,XGBoost
3652,5172-RKOCB,5.707933e-05,Low,0.006218793098560127,2026-03-21 14:00:05.577934,XGBoost
3653,5173-WXOQV,0.00021212024,Low,0.013618119503371419,2026-03-21 14:00:05.577934,XGBoost
3654,5173-ZXXXL,7.5750024e-05,Low,0.0015112129753106272,2026-03-21 14:00:05.577934,XGBoost
3655,5174-ITUMV,0.00037968467,Low,0.04001876445254311,2026-03-21 14:00:05.577934,XGBoost
3656,5174-RNGBH,0.63185483,Medium,41.86038263142109,2026-03-21 14:00:05.577934,XGBoost
3657,5175-AOBHI,0.9998894,High,45.994911193847656,2026-03-21 14:00:05.577934,XGBoost
3658,5175-WLYXL,0.09300842,Low,7.333714024350047,2026-03-21 14:00:05.577934,XGBoost
3659,5176-LDKUH,0.07239526,Low,5.440503612533212,2026-03-21 14:00:05.577934,XGBoost
3660,5176-LMJXE,8.266631e-05,Low,0.0016987926504953067,2026-03-21 14:00:05.577934,XGBoost
3661,5176-OLSKT,7.4533054e-05,Low,0.004986261341400677,2026-03-21 14:00:05.577934,XGBoost
3662,5177-RVZNU,3.2503776e-05,Low,0.0006598266591026913,2026-03-21 14:00:05.577934,XGBoost
3663,5178-LMXOP,0.98740524,High,93.9022383749485,2026-03-21 14:00:05.577934,XGBoost
3664,5180-UCIIQ,0.7812199,High,31.287856981158253,2026-03-21 14:00:05.577934,XGBoost
3665,5181-OABFK,1.4280641e-05,Low,0.0008754033026889374,2026-03-21 14:00:05.577934,XGBoost
3666,5183-KLYEM,3.1751882e-05,Low,0.0035800247505903826,2026-03-21 14:00:05.577934,XGBoost
3667,5183-SNMJQ,0.00019003479,Low,0.01807230807171436,2026-03-21 14:00:05.577934,XGBoost
3668,5186-EJEGL,0.3971505,Low,27.601958826184273,2026-03-21 14:00:05.577934,XGBoost
3669,5186-PEIZU,0.004231505,Low,0.08145647309720516,2026-03-21 14:00:05.577934,XGBoost
3670,5186-SAMNZ,0.9833855,High,68.34529247879982,2026-03-21 14:00:05.577934,XGBoost
3671,5188-HGMLP,0.000158555,Low,0.011733070394257084,2026-03-21 14:00:05.577934,XGBoost
3672,5192-EBGOV,0.98942727,High,84.79391691088676,2026-03-21 14:00:05.577934,XGBoost
3673,5193-QLVZB,0.00027990204,Low,0.029319739107450005,2026-03-21 14:00:05.577934,XGBoost
3674,5195-KPUNQ,5.9069418e-05,Low,0.005714966197047033,2026-03-21 14:00:05.577934,XGBoost
3675,5196-SGOAK,0.9995703,High,75.66747247576714,2026-03-21 14:00:05.577934,XGBoost
3676,5196-WPYOW,1.7994345e-05,Low,0.0010805604411871172,2026-03-21 14:00:05.577934,XGBoost
3677,5197-LQXXH,0.00025850403,Low,0.02153338609205093,2026-03-21 14:00:05.577934,XGBoost
3678,5197-PYEPU,3.34153e-05,Low,0.003156075179867912,2026-03-21 14:00:05.577934,XGBoost
3679,5197-YPYBZ,9.1150405e-06,Low,0.00023015477222543268,2026-03-21 14:00:05.577934,XGBoost
3680,5198-EFNBM,9.978462e-05,Low,0.0090454759709246,2026-03-21 14:00:05.577934,XGBoost
3681,5198-HQAEN,0.00050843,Low,0.0456061715784017,2026-03-21 14:00:05.577934,XGBoost
3682,5199-FPUSP,0.0026450786,Low,0.09006492567714303,2026-03-21 14:00:05.577934,XGBoost
3683,5201-CBWYG,2.274874e-05,Low,0.0005641687486786396,2026-03-21 14:00:05.577934,XGBoost
3684,5201-FRKKS,0.00015653588,Low,0.01163061613915488,2026-03-21 14:00:05.577934,XGBoost
3685,5201-USSQZ,0.50821555,Medium,43.65571545362473,2026-03-21 14:00:05.577934,XGBoost
3686,5202-IVJNU,0.013593092,Low,0.40915205804631116,2026-03-21 14:00:05.577934,XGBoost
3687,5203-XEHAX,7.338573e-05,Low,0.00472237175781629,2026-03-21 14:00:05.577934,XGBoost
3688,5204-HMGYF,0.00036480857,Low,0.03181130725424737,2026-03-21 14:00:05.577934,XGBoost
3689,5204-QZXPU,0.8098021,High,32.108653858304024,2026-03-21 14:00:05.577934,XGBoost
3690,5206-HPJKM,6.303721e-05,Low,0.0034985650854650885,2026-03-21 14:00:05.577934,XGBoost
3691,5206-XZZQI,0.09738109,Low,7.848916064202785,2026-03-21 14:00:05.577934,XGBoost
3692,5207-PLSTK,0.0022370536,Low,0.10905636241659522,2026-03-21 14:00:05.577934,XGBoost
3693,5208-FVQKB,2.8948463e-05,Low,0.0019670480809509173,2026-03-21 14:00:05.577934,XGBoost
3694,5208-HFSBT,0.99956495,High,55.02605026066303,2026-03-21 14:00:05.577934,XGBoost
3695,5213-TWWJU,0.6027382,Medium,54.84917634725571,2026-03-21 14:00:05.577934,XGBoost
3696,5214-CHIWJ,0.0004180245,Low,0.008485897083301098,2026-03-21 14:00:05.577934,XGBoost
3697,5214-NLTIT,4.329019e-06,Low,0.00039307490642386255,2026-03-21 14:00:05.577934,XGBoost
3698,5215-LNLDJ,0.00040433847,Low,0.009987160179298371,2026-03-21 14:00:05.577934,XGBoost
3699,5216-WASFJ,0.00021355193,Low,0.018119881401798918,2026-03-21 14:00:05.577934,XGBoost
3700,5219-YIPTK,0.87524617,High,91.3756998538971,2026-03-21 14:00:05.577934,XGBoost
3701,5220-AGAAX,1.7806244e-05,Low,0.00042734984890557826,2026-03-21 14:00:05.577934,XGBoost
3702,5222-IMUKT,0.3743098,Low,34.08090801984071,2026-03-21 14:00:05.577934,XGBoost
3703,5222-JCXZT,4.757024e-05,Low,0.0009038345597218722,2026-03-21 14:00:05.577934,XGBoost
3704,5223-UZAVK,0.031668212,Low,3.1763216901570557,2026-03-21 14:00:05.577934,XGBoost
3705,5226-NOZFC,0.000114003604,Low,0.009775809026905335,2026-03-21 14:00:05.577934,XGBoost
3706,5227-JSCFE,9.0685404e-05,Low,0.004203268468336319,2026-03-21 14:00:05.577934,XGBoost
3707,5228-EXCET,0.9996779,High,80.82395793199538,2026-03-21 14:00:05.577934,XGBoost
3708,5229-DTFYB,0.015792904,Low,1.560338956862688,2026-03-21 14:00:05.577934,XGBoost
3709,5229-PRWKT,0.7525959,High,65.13717527389527,2026-03-21 14:00:05.577934,XGBoost
3710,5231-FIQPA,2.8068569e-05,Low,0.0005571610948209128,2026-03-21 14:00:05.577934,XGBoost
3711,5232-NXPAY,6.87979e-05,Low,0.005122003450742341,2026-03-21 14:00:05.577934,XGBoost
3712,5233-AOZUF,0.6379179,Medium,47.81194482445717,2026-03-21 14:00:05.577934,XGBoost
3713,5233-GEEAX,0.99992025,High,29.39765532016754,2026-03-21 14:00:05.577934,XGBoost
3714,5236-PERKL,0.9976157,High,112.68069275021553,2026-03-21 14:00:05.577934,XGBoost
3715,5236-XMZJY,0.21295433,Low,12.702725633233785,2026-03-21 14:00:05.577934,XGBoost
3716,5240-CAOYT,5.1154035e-05,Low,0.004478535741145606,2026-03-21 14:00:05.577934,XGBoost
3717,5240-IJOQT,0.9993943,High,74.6547540307045,2026-03-21 14:00:05.577934,XGBoost
3718,5242-UOWHD,7.3192664e-06,Low,0.00014894707098846995,2026-03-21 14:00:05.577934,XGBoost
3719,5243-SAOTC,0.00027141042,Low,0.021672121986921408,2026-03-21 14:00:05.577934,XGBoost
3720,5244-IRFIH,0.9988808,High,94.39423593878746,2026-03-21 14:00:05.577934,XGBoost
3721,5245-VDBUR,6.293233e-05,Low,0.002230951208184706,2026-03-21 14:00:05.577934,XGBoost
3722,5248-KWLAR,2.2873412e-05,Low,0.0020666127363256235,2026-03-21 14:00:05.577934,XGBoost
3723,5248-RPYWW,8.958583e-06,Low,0.0008076162429460965,2026-03-21 14:00:05.577934,XGBoost
3724,5248-YGIJN,2.44336e-05,Low,0.0022051324567655683,2026-03-21 14:00:05.577934,XGBoost
3725,5249-QYHEX,6.217879e-05,Low,0.0015420340234413743,2026-03-21 14:00:05.577934,XGBoost
3726,5256-SKJGO,0.00033956504,Low,0.018540251289959998,2026-03-21 14:00:05.577934,XGBoost
3727,5260-UMPWX,3.152063e-05,Low,0.0006382927722370368,2026-03-21 14:00:05.577934,XGBoost
3728,5261-QSHQM,0.8038029,High,19.652981087565422,2026-03-21 14:00:05.577934,XGBoost
3729,5266-PFRQK,1.2893348e-05,Low,0.00026882630490945305,2026-03-21 14:00:05.577934,XGBoost
3730,5268-DSMNQ,6.9433256e-05,Low,0.006800987396127312,2026-03-21 14:00:05.577934,XGBoost
3731,5269-NRGDP,0.00010876563,Low,0.007956205642403803,2026-03-21 14:00:05.577934,XGBoost
3732,5271-DBYSJ,0.000249798,Low,0.019771511873113923,2026-03-21 14:00:05.577934,XGBoost
3733,5271-YNWVR,0.9991647,High,113.05548586249353,2026-03-21 14:00:05.577934,XGBoost
3734,5274-XHAKY,0.00015536723,Low,0.014651130135462154,2026-03-21 14:00:05.577934,XGBoost
3735,5275-PMFUT,0.0031281954,Low,0.2027070628479123,2026-03-21 14:00:05.577934,XGBoost
3736,5275-SQEIZ,0.98983324,High,80.02801710963249,2026-03-21 14:00:05.577934,XGBoost
3737,5276-KQWHG,0.8891868,High,61.88740124702453,2026-03-21 14:00:05.577934,XGBoost
3738,5277-ZLOOR,0.99973696,High,85.52749733030795,2026-03-21 14:00:05.577934,XGBoost
3739,5278-PNYOX,6.851108e-05,Low,0.006895640102084145,2026-03-21 14:00:05.577934,XGBoost
3740,5281-BUZGT,0.9998516,High,90.83651644587516,2026-03-21 14:00:05.577934,XGBoost
3741,5285-MVEHD,0.0006864092,Low,0.0724848099052906,2026-03-21 14:00:05.577934,XGBoost
3742,5286-YHCVC,0.00029355133,Low,0.03076417970005423,2026-03-21 14:00:05.577934,XGBoost
3743,5287-QWLKY,0.7880462,High,82.82365364432334,2026-03-21 14:00:05.577934,XGBoost
3744,5288-AHOUP,0.00051119406,Low,0.04012873335159384,2026-03-21 14:00:05.577934,XGBoost
3745,5293-WXJAK,0.9998499,High,104.0343837082386,2026-03-21 14:00:05.577934,XGBoost
3746,5294-CDGWY,0.99959224,High,59.27582010626793,2026-03-21 14:00:05.577934,XGBoost
3747,5294-DMSFH,0.00015834288,Low,0.013902505044825375,2026-03-21 14:00:05.577934,XGBoost
3748,5294-IMHHT,8.829685e-05,Low,0.008631017330117174,2026-03-21 14:00:05.577934,XGBoost
3749,5295-PCJOO,0.999471,High,49.37386783361435,2026-03-21 14:00:05.577934,XGBoost
3750,5296-BFCYD,7.5983853e-06,Low,0.00015272754471880036,2026-03-21 14:00:05.577934,XGBoost
3751,5296-PSYVW,0.0007538002,Low,0.018505795157398097,2026-03-21 14:00:05.577934,XGBoost
3752,5297-MDOIR,0.00032554785,Low,0.026418208140239586,2026-03-21 14:00:05.577934,XGBoost
3753,5298-GSTLM,0.12516491,Low,12.691721990704536,2026-03-21 14:00:05.577934,XGBoost
3754,5299-RULOA,0.9995017,High,100.20004594326019,2026-03-21 14:00:05.577934,XGBoost
3755,5299-SJCZT,0.545206,Medium,55.36567035019397,2026-03-21 14:00:05.577934,XGBoost
3756,5301-GAUUY,0.9984642,High,80.22660061717033,2026-03-21 14:00:05.577934,XGBoost
3757,5302-BDJNT,0.000121556375,Low,0.011608633834839566,2026-03-21 14:00:05.577934,XGBoost
3758,5304-EFJLP,0.00018356845,Low,0.020495417719939724,2026-03-21 14:00:05.577934,XGBoost
3759,5306-BVTKJ,0.00010396796,Low,0.005801412323489785,2026-03-21 14:00:05.577934,XGBoost
3760,5307-DZCVC,0.8962994,High,77.03693530261516,2026-03-21 14:00:05.577934,XGBoost
3761,5307-UVGNB,0.00011807199,Low,0.005750106005143607,2026-03-21 14:00:05.577934,XGBoost
3762,5309-TAIKL,0.00043008142,Low,0.02700911305146292,2026-03-21 14:00:05.577934,XGBoost
3763,5310-NOOVA,0.00011648145,Low,0.002323804987463518,2026-03-21 14:00:05.577934,XGBoost
3764,5311-IHLEI,0.3656775,Low,18.631268917024137,2026-03-21 14:00:05.577934,XGBoost
3765,5312-IRCFR,7.6120625e-05,Low,0.00706780000582512,2026-03-21 14:00:05.577934,XGBoost
3766,5312-TSZVC,2.7015867e-05,Low,0.0005308617883201805,2026-03-21 14:00:05.577934,XGBoost
3767,5312-UXESG,0.0005838817,Low,0.057249599401257,2026-03-21 14:00:05.577934,XGBoost
3768,5313-FPXWG,0.0020784312,Low,0.05112940734252334,2026-03-21 14:00:05.577934,XGBoost
3769,5315-CKEQK,2.2468002e-05,Low,0.001145868127423455,2026-03-21 14:00:05.577934,XGBoost
3770,5317-FLPJF,0.0014322835,Low,0.08787059570895508,2026-03-21 14:00:05.577934,XGBoost
3771,5318-IXUZF,0.9186739,High,80.06242802739143,2026-03-21 14:00:05.577934,XGBoost
3772,5318-YKDPV,0.0001264466,Low,0.01000824817456305,2026-03-21 14:00:05.577934,XGBoost
3773,5320-BRKGK,1.2455249e-05,Low,0.0009441078671443392,2026-03-21 14:00:05.577934,XGBoost
3774,5321-NTRKC,0.00018567719,Low,0.014826323228044202,2026-03-21 14:00:05.577934,XGBoost
3775,5322-TEUJK,0.00019180238,Low,0.021980552430613896,2026-03-21 14:00:05.577934,XGBoost
3776,5322-ZSMZY,4.5702673e-05,Low,0.0011768438207582221,2026-03-21 14:00:05.577934,XGBoost
3777,5324-KTGCG,0.010645462,Low,0.22195788687095047,2026-03-21 14:00:05.577934,XGBoost
3778,5325-UWTWJ,0.0003197555,Low,0.028953859677130822,2026-03-21 14:00:05.577934,XGBoost
3779,5327-CNLUQ,0.00015314623,Low,0.01483986998355249,2026-03-21 14:00:05.577934,XGBoost
3780,5327-XOKKY,2.7002836e-05,Low,0.0019833582931823913,2026-03-21 14:00:05.577934,XGBoost
3781,5329-KRDTM,6.0397793e-05,Low,0.004671769309970841,2026-03-21 14:00:05.577934,XGBoost
3782,5331-RGMTT,0.0003182607,Low,0.03152372122567613,2026-03-21 14:00:05.577934,XGBoost
3783,5334-AFQJB,0.0008298833,Low,0.020830071513773876,2026-03-21 14:00:05.577934,XGBoost
3784,5334-JLAXU,0.00081603957,Low,0.0767893231997732,2026-03-21 14:00:05.577934,XGBoost
3785,5336-UFNZP,3.162674e-05,Low,0.003398293175996514,2026-03-21 14:00:05.577934,XGBoost
3786,5337-IIWKZ,3.442174e-05,Low,0.0015438150643603877,2026-03-21 14:00:05.577934,XGBoost
3787,5338-YHWYT,0.0022551976,Low,0.13858189340680838,2026-03-21 14:00:05.577934,XGBoost
3788,5339-PXDVH,0.25300685,Low,22.93507056385279,2026-03-21 14:00:05.577934,XGBoost
3789,5339-TJFEK,3.3527594e-05,Low,0.0035371612193557667,2026-03-21 14:00:05.577934,XGBoost
3790,5343-SGUBI,1.1724403e-05,Low,0.0009402970894370811,2026-03-21 14:00:05.577934,XGBoost
3791,5345-BMKWB,0.00010723927,Low,0.0021715952116210246,2026-03-21 14:00:05.577934,XGBoost
3792,5346-BZCHP,8.800085e-06,Low,0.0001707216528302524,2026-03-21 14:00:05.577934,XGBoost
3793,5348-CAGXB,0.19278713,Low,17.264087107032537,2026-03-21 14:00:05.577934,XGBoost
3794,5349-AZPEW,0.00019774969,Low,0.004953629653755343,2026-03-21 14:00:05.577934,XGBoost
3795,5349-IECLD,0.9992939,High,94.88295802474022,2026-03-21 14:00:05.577934,XGBoost
3796,5351-QESIO,0.14465117,Low,3.5005584239959715,2026-03-21 14:00:05.577934,XGBoost
3797,5353-WILCI,6.270709e-05,Low,0.0035147324659192234,2026-03-21 14:00:05.577934,XGBoost
3798,5356-CSVSQ,0.0011049665,Low,0.07138083619065583,2026-03-21 14:00:05.577934,XGBoost
3799,5356-KZCKT,0.0006937185,Low,0.01696141721040476,2026-03-21 14:00:05.577934,XGBoost
3800,5356-RHIPP,0.99928194,High,20.185495245456696,2026-03-21 14:00:05.577934,XGBoost
3801,5357-TZHPP,0.9988141,High,84.29991054534912,2026-03-21 14:00:05.577934,XGBoost
3802,5360-LJCNJ,0.00024295982,Low,0.025547225534683096,2026-03-21 14:00:05.577934,XGBoost
3803,5360-XGYAZ,5.361922e-06,Low,0.00035201017415147366,2026-03-21 14:00:05.577934,XGBoost
3804,5364-EVNIB,0.7857214,High,62.70056941509247,2026-03-21 14:00:05.577934,XGBoost
3805,5364-XYIRR,0.9994962,High,94.60231736898423,2026-03-21 14:00:05.577934,XGBoost
3806,5365-LLFYV,0.11221873,Low,5.145228777453304,2026-03-21 14:00:05.577934,XGBoost
3807,5366-IJEQJ,0.9996711,High,88.67082670927049,2026-03-21 14:00:05.577934,XGBoost
3808,5366-OBVMR,0.06868051,Low,3.454629649221897,2026-03-21 14:00:05.577934,XGBoost
3809,5370-IIVVL,0.00065373984,Low,0.06831581369624473,2026-03-21 14:00:05.577934,XGBoost
3810,5371-VYLSX,0.6418045,Medium,53.526496660709384,2026-03-21 14:00:05.577934,XGBoost
3811,5372-FBKBN,0.0003314091,Low,0.006876738843857311,2026-03-21 14:00:05.577934,XGBoost
3812,5373-SFODM,0.9995327,High,85.21016263961792,2026-03-21 14:00:05.577934,XGBoost
3813,5375-XLDOF,0.00016355497,Low,0.018702510892762803,2026-03-21 14:00:05.577934,XGBoost
3814,5376-DEQCP,0.99633235,High,70.34106372594833,2026-03-21 14:00:05.577934,XGBoost
3815,5376-PCKNB,7.390006e-05,Low,0.0077188613369798985,2026-03-21 14:00:05.577934,XGBoost
3816,5377-NDTOU,2.9259203e-05,Low,0.0026640504399438212,2026-03-21 14:00:05.577934,XGBoost
3817,5378-IKEEG,0.7710385,High,27.564625397324562,2026-03-21 14:00:05.577934,XGBoost
3818,5380-AFSSK,0.99959093,High,93.86158863902092,2026-03-21 14:00:05.577934,XGBoost
3819,5380-WJKOV,0.9578713,High,101.86961465477943,2026-03-21 14:00:05.577934,XGBoost
3820,5380-XPJNZ,8.495047e-06,Low,0.0001703256931705255,2026-03-21 14:00:05.577934,XGBoost
3821,5382-SOYZL,0.0002893048,Low,0.02751288582512643,2026-03-21 14:00:05.577934,XGBoost
3822,5382-TEMLV,0.051042013,Low,2.5980384550988673,2026-03-21 14:00:05.577934,XGBoost
3823,5383-MMTWC,0.99821633,High,83.8501718044281,2026-03-21 14:00:05.577934,XGBoost
3824,5384-ZTTWP,8.7431436e-05,Low,0.0017311424235231243,2026-03-21 14:00:05.577934,XGBoost
3825,5385-SUIRI,0.77569467,High,80.82738443613053,2026-03-21 14:00:05.577934,XGBoost
3826,5386-THSLQ,0.0005014366,Low,0.02284043662075419,2026-03-21 14:00:05.577934,XGBoost
3827,5387-ASZNZ,0.01532095,Low,0.978242669487372,2026-03-21 14:00:05.577934,XGBoost
3828,5389-FFVKB,0.9995022,High,80.26002521514893,2026-03-21 14:00:05.577934,XGBoost
3829,5392-AKEMH,0.00044328184,Low,0.0199698468321003,2026-03-21 14:00:05.577934,XGBoost
3830,5393-HJZSM,0.011809948,Low,0.9010990248061717,2026-03-21 14:00:05.577934,XGBoost
3831,5393-RXQSZ,0.9996038,High,79.56846311092376,2026-03-21 14:00:05.577934,XGBoost
3832,5394-MEITZ,0.00016345161,Low,0.013174199635977856,2026-03-21 14:00:05.577934,XGBoost
3833,5394-SVGJV,0.99943525,High,98.74420230388641,2026-03-21 14:00:05.577934,XGBoost
3834,5396-IZEPB,0.10451523,Low,2.0589500732719896,2026-03-21 14:00:05.577934,XGBoost
3835,5397-NSKQG,6.460292e-05,Low,0.0032882887331652454,2026-03-21 14:00:05.577934,XGBoost
3836,5397-TUPSH,0.00013458187,Low,0.009548584002186545,2026-03-21 14:00:05.577934,XGBoost
3837,5399-ZIMKF,0.00027264727,Low,0.020353119001083542,2026-03-21 14:00:05.577934,XGBoost
3838,5402-HTOTQ,0.0008390649,Low,0.0464002882654313,2026-03-21 14:00:05.577934,XGBoost
3839,5404-GGUKR,0.00021534266,Low,0.011057845655159326,2026-03-21 14:00:05.577934,XGBoost
3840,5405-ZMYXQ,0.0017720641,Low,0.13219598436262459,2026-03-21 14:00:05.577934,XGBoost
3841,5406-KGRMX,0.0010032223,Low,0.024629107641521843,2026-03-21 14:00:05.577934,XGBoost
3842,5414-OFQCB,4.9097667e-05,Low,0.004440883999632206,2026-03-21 14:00:05.577934,XGBoost
3843,5419-CONWX,0.99987507,High,99.78753185272217,2026-03-21 14:00:05.577934,XGBoost
3844,5419-JKZNQ,0.0011135113,Low,0.08674252814380452,2026-03-21 14:00:05.577934,XGBoost
3845,5419-JPRRN,0.97557133,High,98.97171187102795,2026-03-21 14:00:05.577934,XGBoost
3846,5419-KLXBN,0.99917847,High,89.07676052749157,2026-03-21 14:00:05.577934,XGBoost
3847,5423-BHIXO,0.00018968829,Low,0.010281105292961001,2026-03-21 14:00:05.577934,XGBoost
3848,5424-RLQLC,0.00018913494,Low,0.011281899076129776,2026-03-21 14:00:05.577934,XGBoost
3849,5429-LWCMV,0.15750688,Low,14.041738632321358,2026-03-21 14:00:05.577934,XGBoost
3850,5433-KYGHE,0.00033756805,Low,0.029030852601863444,2026-03-21 14:00:05.577934,XGBoost
3851,5438-QMDDL,0.00019118415,Low,0.011432812389102764,2026-03-21 14:00:05.577934,XGBoost
3852,5439-WIKXB,0.00022181426,Low,0.02097253844840452,2026-03-21 14:00:05.577934,XGBoost
3853,5440-FLBQG,0.85059595,High,92.20460109710694,2026-03-21 14:00:05.577934,XGBoost
3854,5440-VHLUL,0.0027898706,Low,0.2934943874366582,2026-03-21 14:00:05.577934,XGBoost
3855,5442-BHQNG,0.27770376,Low,19.536459660530088,2026-03-21 14:00:05.577934,XGBoost
3856,5442-BXVND,0.012319043,Low,0.2987367995083332,2026-03-21 14:00:05.577934,XGBoost
3857,5442-PPTJY,0.00014078371,Low,0.0027734391202102414,2026-03-21 14:00:05.577934,XGBoost
3858,5442-UTCVD,0.99946386,High,91.80075519382953,2026-03-21 14:00:05.577934,XGBoost
3859,5442-XSDCW,0.88693684,High,70.51147904992104,2026-03-21 14:00:05.577934,XGBoost
3860,5443-SCMKX,0.07866947,Low,7.418531353771686,2026-03-21 14:00:05.577934,XGBoost
3861,5445-GLVOT,0.00025045645,Low,0.012472731072921305,2026-03-21 14:00:05.577934,XGBoost
3862,5445-PZWGX,0.9957604,High,101.56755888462067,2026-03-21 14:00:05.577934,XGBoost
3863,5445-UTODQ,0.9993242,High,81.04519282579422,2026-03-21 14:00:05.577934,XGBoost
3864,5446-DKWYW,1.18148355e-05,Low,0.0007703272738581291,2026-03-21 14:00:05.577934,XGBoost
3865,5447-VYTKW,0.032672703,Low,1.7463559895753862,2026-03-21 14:00:05.577934,XGBoost
3866,5447-WZAFP,0.34925687,Low,35.03046437501907,2026-03-21 14:00:05.577934,XGBoost
3867,5448-VWNAM,0.00222151,Low,0.16861261257436128,2026-03-21 14:00:05.577934,XGBoost
3868,5449-FIBXJ,0.7694692,High,79.48616852164268,2026-03-21 14:00:05.577934,XGBoost
3869,5451-MHQOF,0.01282136,Low,0.3134822412393987,2026-03-21 14:00:05.577934,XGBoost
3870,5451-YHYPW,9.106401e-05,Low,0.010540658960962901,2026-03-21 14:00:05.577934,XGBoost
3871,5453-AXEPF,0.116979234,Low,9.416828330606222,2026-03-21 14:00:05.577934,XGBoost
3872,5453-YBTWV,5.4673103e-05,Low,0.005527450669615064,2026-03-21 14:00:05.577934,XGBoost
3873,5456-ITGIC,0.0023090204,Low,0.14881636322243139,2026-03-21 14:00:05.577934,XGBoost
3874,5457-COLHT,1.1796753e-05,Low,0.0009514081225916016,2026-03-21 14:00:05.577934,XGBoost
3875,5458-CQJTA,0.99673367,High,74.55567817687988,2026-03-21 14:00:05.577934,XGBoost
3876,5461-QKNTN,0.0009201549,Low,0.08677060810732655,2026-03-21 14:00:05.577934,XGBoost
3877,5465-BUBFA,1.8843279e-05,Low,0.00036367527827678713,2026-03-21 14:00:05.577934,XGBoost
3878,5468-BPMMO,0.00033811125,Low,0.006626980449073017,2026-03-21 14:00:05.577934,XGBoost
3879,5469-CTCWN,0.99896646,High,105.89044427871704,2026-03-21 14:00:05.577934,XGBoost
3880,5469-NUJUR,7.1920754e-06,Low,0.00014348190368309587,2026-03-21 14:00:05.577934,XGBoost
3881,5472-CVMDX,0.0001760389,Low,0.00684791315725306,2026-03-21 14:00:05.577934,XGBoost
3882,5473-KHBPS,8.4871035e-06,Low,0.0008122158063088137,2026-03-21 14:00:05.577934,XGBoost
3883,5474-LAMUQ,0.010190155,Low,0.2048221226781607,2026-03-21 14:00:05.577934,XGBoost
3884,5478-JJVZK,0.00022775213,Low,0.01387010454054689,2026-03-21 14:00:05.577934,XGBoost
3885,5480-HPRRX,0.9437326,High,23.876435267925263,2026-03-21 14:00:05.577934,XGBoost
3886,5480-TBGPH,0.8829051,High,87.67247897386551,2026-03-21 14:00:05.577934,XGBoost
3887,5480-XTFFL,3.702083e-05,Low,0.0007774374098517001,2026-03-21 14:00:05.577934,XGBoost
3888,5481-NTDOH,0.0008604398,Low,0.09211007931444327,2026-03-21 14:00:05.577934,XGBoost
3889,5482-NUPNA,0.99965715,High,60.37929210662842,2026-03-21 14:00:05.577934,XGBoost
3890,5482-PLVPE,0.9034275,High,21.998459178209306,2026-03-21 14:00:05.577934,XGBoost
3891,5482-VXSXJ,0.00017355407,Low,0.016175239492440596,2026-03-21 14:00:05.577934,XGBoost
3892,5485-ITNPC,0.00015918458,Low,0.013673955369449688,2026-03-21 14:00:05.577934,XGBoost
3893,5485-WUYWF,0.9998098,High,66.38737082481384,2026-03-21 14:00:05.577934,XGBoost
3894,5493-SDRDQ,0.6395729,Medium,35.24046780467034,2026-03-21 14:00:05.577934,XGBoost
3895,5494-HECPR,0.95016474,High,76.25072000920773,2026-03-21 14:00:05.577934,XGBoost
3896,5494-WOZRZ,0.0018650024,Low,0.1529302003327757,2026-03-21 14:00:05.577934,XGBoost
3897,5495-GPSRW,7.440381e-05,Low,0.0014657550884294324,2026-03-21 14:00:05.577934,XGBoost
3898,5498-IBWPI,2.4882896e-05,Low,0.0012292150855500949,2026-03-21 14:00:05.577934,XGBoost
3899,5498-TXHLF,0.9989531,High,87.35844894647599,2026-03-21 14:00:05.577934,XGBoost
3900,5499-ECUTN,0.05522856,Low,3.6478464648127553,2026-03-21 14:00:05.577934,XGBoost
3901,5501-TVMGM,0.00016654603,Low,0.009201668130117469,2026-03-21 14:00:05.577934,XGBoost
3902,5502-RLUYV,0.99995875,High,103.94571243524551,2026-03-21 14:00:05.577934,XGBoost
3903,5504-WSIUR,3.0263856e-05,Low,0.002731313039021188,2026-03-21 14:00:05.577934,XGBoost
3904,5505-OVWQW,1.8991845e-05,Low,0.00038268566922852184,2026-03-21 14:00:05.577934,XGBoost
3905,5510-BOIUJ,0.8765164,High,16.872940734028816,2026-03-21 14:00:05.577934,XGBoost
3906,5512-IDZEI,0.0001732591,Low,0.004314151701692026,2026-03-21 14:00:05.577934,XGBoost
3907,5514-YQENT,1.288096e-05,Low,0.0014317186739845056,2026-03-21 14:00:05.577934,XGBoost
3908,5515-AKOAJ,0.1259423,Low,12.606824703514576,2026-03-21 14:00:05.577934,XGBoost
3909,5515-IDEJJ,0.962953,High,19.162764132022858,2026-03-21 14:00:05.577934,XGBoost
3910,5515-RUGKN,0.0002312704,Low,0.012662054501561215,2026-03-21 14:00:05.577934,XGBoost
3911,5519-NPHVG,0.9329883,High,87.8874965429306,2026-03-21 14:00:05.577934,XGBoost
3912,5519-TEEUH,4.8437346e-06,Low,9.760125192315171e-05,2026-03-21 14:00:05.577934,XGBoost
3913,5519-YLDGW,0.9997522,High,103.87425602078439,2026-03-21 14:00:05.577934,XGBoost
3914,5520-FVEWJ,0.9990589,High,84.4204772412777,2026-03-21 14:00:05.577934,XGBoost
3915,5522-JBWMO,0.000339052,Low,0.014918287983164191,2026-03-21 14:00:05.577934,XGBoost
3916,5522-NYKPB,0.020378694,Low,1.7505298092961312,2026-03-21 14:00:05.577934,XGBoost
3917,5524-KHNJP,0.0010050333,Low,0.07512623647926375,2026-03-21 14:00:05.577934,XGBoost
3918,5527-ACHSO,0.36133537,Low,25.474143370985985,2026-03-21 14:00:05.577934,XGBoost
3919,5529-GIBVH,0.00021591606,Low,0.004350708708079764,2026-03-21 14:00:05.577934,XGBoost
3920,5533-NHFRF,0.19841531,Low,8.809639728069305,2026-03-21 14:00:05.577934,XGBoost
3921,5533-RJFTJ,0.00019236318,Low,0.005809368003974668,2026-03-21 14:00:05.577934,XGBoost
3922,5536-RTPWK,0.99986124,High,99.03625586032867,2026-03-21 14:00:05.577934,XGBoost
3923,5536-SLHPM,0.85919344,High,66.8022902905941,2026-03-21 14:00:05.577934,XGBoost
3924,5537-UXXVS,0.014255066,Low,0.2744100282434374,2026-03-21 14:00:05.577934,XGBoost
3925,5539-HIVAK,0.047429096,Low,1.2189277660101652,2026-03-21 14:00:05.577934,XGBoost
3926,5539-TMZLF,0.98984385,High,69.04160821437836,2026-03-21 14:00:05.577934,XGBoost
3927,5542-DHSXL,0.00025011497,Low,0.01368128896865528,2026-03-21 14:00:05.577934,XGBoost
3928,5542-NKVRU,7.2733485e-05,Low,0.0015092198045749683,2026-03-21 14:00:05.577934,XGBoost
3929,5542-TBBWB,0.00046939045,Low,0.03281039234425407,2026-03-21 14:00:05.577934,XGBoost
3930,5543-QDCRY,0.00020545814,Low,0.01158783920109272,2026-03-21 14:00:05.577934,XGBoost
3931,5546-BYZSM,0.0097757485,Low,0.19991405634209514,2026-03-21 14:00:05.577934,XGBoost
3932,5546-QUERU,0.032148924,Low,0.6413710283115506,2026-03-21 14:00:05.577934,XGBoost
3933,5549-ZGHFB,2.5944462e-05,Low,0.0006473143349467137,2026-03-21 14:00:05.577934,XGBoost
3934,5550-VFRLC,0.98626816,High,68.8908311665058,2026-03-21 14:00:05.577934,XGBoost
3935,5552-ZNFSJ,0.9892763,High,44.814215934276575,2026-03-21 14:00:05.577934,XGBoost
3936,5553-AOINX,5.1506613e-05,Low,0.005403043713158695,2026-03-21 14:00:05.577934,XGBoost
3937,5555-RNPGT,0.0004920332,Low,0.012202423345297576,2026-03-21 14:00:05.577934,XGBoost
3938,5561-NWEVX,0.94876057,High,75.14183707237244,2026-03-21 14:00:05.577934,XGBoost
3939,5562-BETPV,5.8699985e-05,Low,0.001153454704217438,2026-03-21 14:00:05.577934,XGBoost
3940,5562-YJQGT,0.0012005543,Low,0.02443128021550365,2026-03-21 14:00:05.577934,XGBoost
3941,5564-NEMQO,0.9810463,High,73.87278782129287,2026-03-21 14:00:05.577934,XGBoost
3942,5565-FILXA,0.9993291,High,96.08549201488495,2026-03-21 14:00:05.577934,XGBoost
3943,5566-SOEZD,3.3491135e-06,Low,0.0002701060048025284,2026-03-21 14:00:05.577934,XGBoost
3944,5567-GZKQY,0.00011200402,Low,0.002273681562655838,2026-03-21 14:00:05.577934,XGBoost
3945,5567-WSELE,0.99967504,High,94.56925835609435,2026-03-21 14:00:05.577934,XGBoost
3946,5568-DMXZS,0.16520181,Low,10.8124586597085,2026-03-21 14:00:05.577934,XGBoost
3947,5569-IDSEY,0.0002314226,Low,0.02446136885555461,2026-03-21 14:00:05.577934,XGBoost
3948,5569-KGJHX,0.99856085,High,85.2271681934595,2026-03-21 14:00:05.577934,XGBoost
3949,5569-OUICF,0.8718327,High,88.31665538549423,2026-03-21 14:00:05.577934,XGBoost
3950,5570-PTWEH,0.90764534,High,68.20954765677453,2026-03-21 14:00:05.577934,XGBoost
3951,5572-ZDXHY,0.99967253,High,84.27239445447921,2026-03-21 14:00:05.577934,XGBoost
3952,5574-NXZIU,0.00016243441,Low,0.017737838113680484,2026-03-21 14:00:05.577934,XGBoost
3953,5575-GNVDE,5.190794e-05,Low,0.002956157203516341,2026-03-21 14:00:05.577934,XGBoost
3954,5575-TPIZQ,0.0001104138,Low,0.009843390191599612,2026-03-21 14:00:05.577934,XGBoost
3955,5577-OTWWW,0.6990728,Medium,13.806687369942665,2026-03-21 14:00:05.577934,XGBoost
3956,5578-NKCXI,2.3969982e-05,Low,0.0023790207201273006,2026-03-21 14:00:05.577934,XGBoost
3957,5583-EJXRD,0.0013452409,Low,0.07271026849630288,2026-03-21 14:00:05.577934,XGBoost
3958,5583-SXDAG,0.99876875,High,69.91381227970123,2026-03-21 14:00:05.577934,XGBoost
3959,5590-BYNII,0.9994542,High,100.69501067698002,2026-03-21 14:00:05.577934,XGBoost
3960,5590-YRFJT,0.9981092,High,24.403770464658738,2026-03-21 14:00:05.577934,XGBoost
3961,5590-ZSKRV,0.0001971574,Low,0.010774651621613883,2026-03-21 14:00:05.577934,XGBoost
3962,5593-SUAOO,1.7433276e-05,Low,0.0014495769241875678,2026-03-21 14:00:05.577934,XGBoost
3963,5597-GLBUC,0.9996258,High,85.41802478432656,2026-03-21 14:00:05.577934,XGBoost
3964,5598-IKHQQ,5.0059538e-05,Low,0.0012740152395053883,2026-03-21 14:00:05.577934,XGBoost
3965,5599-HVLTW,0.00051618693,Low,0.04147562014404684,2026-03-21 14:00:05.577934,XGBoost
3966,5600-KTXFM,0.00014984698,Low,0.01048179619392613,2026-03-21 14:00:05.577934,XGBoost
3967,5600-PDUJF,0.5751635,Medium,28.470592439174652,2026-03-21 14:00:05.577934,XGBoost
3968,5602-BVFMK,0.010180017,Low,0.19647432770580053,2026-03-21 14:00:05.577934,XGBoost
3969,5605-IYGFG,0.00033335472,Low,0.02328482726734364,2026-03-21 14:00:05.577934,XGBoost
3970,5605-XNWEN,0.0062520634,Low,0.15630158595740795,2026-03-21 14:00:05.577934,XGBoost
3971,5606-AMZBO,0.00075589604,Low,0.05907327514432837,2026-03-21 14:00:05.577934,XGBoost
3972,5609-CEBID,0.9993031,High,94.03442194461822,2026-03-21 14:00:05.577934,XGBoost
3973,5609-IMCGG,0.00014379417,Low,0.012129038092098199,2026-03-21 14:00:05.577934,XGBoost
3974,5614-DNZCE,2.1432212e-05,Low,0.0013909505409174018,2026-03-21 14:00:05.577934,XGBoost
3975,5616-PRTNT,0.99680185,High,19.337955951690674,2026-03-21 14:00:05.577934,XGBoost
3976,5619-PTMIK,0.13191362,Low,7.0046130761504175,2026-03-21 14:00:05.577934,XGBoost
3977,5619-XZZKR,1.85955e-05,Low,0.0003709802163939457,2026-03-21 14:00:05.577934,XGBoost
3978,5622-UEJFI,1.1265987e-05,Low,0.0002861560766177717,2026-03-21 14:00:05.577934,XGBoost
3979,5624-BQSSA,0.9157179,High,19.184290000796317,2026-03-21 14:00:05.577934,XGBoost
3980,5624-RYAMH,0.0012795476,Low,0.024951177765615284,2026-03-21 14:00:05.577934,XGBoost
3981,5626-MGTUK,0.13708359,Low,12.214147871732711,2026-03-21 14:00:05.577934,XGBoost
3982,5627-TVBPP,0.0004135155,Low,0.008311661321204157,2026-03-21 14:00:05.577934,XGBoost
3983,5628-FCGYG,0.23508427,Low,19.77058672606945,2026-03-21 14:00:05.577934,XGBoost
3984,5628-RKIFK,0.0005487786,Low,0.05572846943687182,2026-03-21 14:00:05.577934,XGBoost
3985,5630-AHZIL,0.00059530005,Low,0.03839685328421183,2026-03-21 14:00:05.577934,XGBoost
3986,5630-IXDXV,0.061907932,Low,6.583908585458993,2026-03-21 14:00:05.577934,XGBoost
3987,5639-NTUPK,0.00013890382,Low,0.007236889153136872,2026-03-21 14:00:05.577934,XGBoost
3988,5640-CAXOA,1.7559585e-05,Low,0.0007085292589181336,2026-03-21 14:00:05.577934,XGBoost
3989,5641-DMBFJ,0.030433131,Low,2.565512975491583,2026-03-21 14:00:05.577934,XGBoost
3990,5642-MHDQT,0.00011644947,Low,0.002311521937735961,2026-03-21 14:00:05.577934,XGBoost
3991,5644-PDMZC,0.98271126,High,87.95265737175941,2026-03-21 14:00:05.577934,XGBoost
3992,5647-FXOTP,0.00038892217,Low,0.04118685778230429,2026-03-21 14:00:05.577934,XGBoost
3993,5647-URDKA,0.00034632967,Low,0.006822694584843703,2026-03-21 14:00:05.577934,XGBoost
3994,5649-ANRML,0.99968076,High,95.06964004039764,2026-03-21 14:00:05.577934,XGBoost
3995,5649-RXQTV,0.13789599,Low,13.651702657341957,2026-03-21 14:00:05.577934,XGBoost
3996,5649-TJHOV,0.9999553,High,36.498368322849274,2026-03-21 14:00:05.577934,XGBoost
3997,5649-VUKMC,0.9998055,High,95.48142620921135,2026-03-21 14:00:05.577934,XGBoost
3998,5650-VDUDS,0.99758184,High,24.191359609365463,2026-03-21 14:00:05.577934,XGBoost
3999,5650-YLIBA,0.0010956508,Low,0.08891206518164836,2026-03-21 14:00:05.577934,XGBoost
4000,5651-CPDND,0.00031553346,Low,0.014514538983348757,2026-03-21 14:00:05.577934,XGBoost
4001,5651-CRHKQ,0.00026327296,Low,0.022694129089359194,2026-03-21 14:00:05.577934,XGBoost
4002,5651-WYIPH,0.3876753,Low,19.32561297416687,2026-03-21 14:00:05.577934,XGBoost
4003,5651-YLPRD,0.00052614673,Low,0.045301233488135036,2026-03-21 14:00:05.577934,XGBoost
4004,5652-MSDEY,0.0003233477,Low,0.0244935874507064,2026-03-21 14:00:05.577934,XGBoost
4005,5655-JSMZM,0.91244996,High,87.77768576145172,2026-03-21 14:00:05.577934,XGBoost
4006,5656-JAMLX,6.284813e-05,Low,0.0012475353494664889,2026-03-21 14:00:05.577934,XGBoost
4007,5656-MJEFC,8.990624e-05,Low,0.0043289856184856035,2026-03-21 14:00:05.577934,XGBoost
4008,5663-QBGIS,0.033482596,Low,3.2930133439600464,2026-03-21 14:00:05.577934,XGBoost
4009,5666-CYCYZ,0.503406,Medium,45.08000624477863,2026-03-21 14:00:05.577934,XGBoost
4010,5666-MBJPT,0.00019255624,Low,0.004833161603892223,2026-03-21 14:00:05.577934,XGBoost
4011,5668-MEISB,2.05002e-05,Low,0.0021750711937784215,2026-03-21 14:00:05.577934,XGBoost
4012,5669-SRAIP,0.9997036,High,39.48829165101051,2026-03-21 14:00:05.577934,XGBoost
4013,5671-RQRLP,0.00025231202,Low,0.01908740432554623,2026-03-21 14:00:05.577934,XGBoost
4014,5671-UUNXD,6.933692e-05,Low,0.006978761201753514,2026-03-21 14:00:05.577934,XGBoost
4015,5673-FSSMF,0.999508,High,60.120407599210736,2026-03-21 14:00:05.577934,XGBoost
4016,5673-TIYIB,0.999814,High,40.3924845457077,2026-03-21 14:00:05.577934,XGBoost
4017,5676-CFLYY,0.0006720418,Low,0.04929426513263024,2026-03-21 14:00:05.577934,XGBoost
4018,5678-VFNEQ,0.00024811746,Low,0.02582902755530085,2026-03-21 14:00:05.577934,XGBoost
4019,5680-LQOGP,0.00044549967,Low,0.036731447541387754,2026-03-21 14:00:05.577934,XGBoost
4020,5681-LLOEI,1.7852866e-05,Low,0.0016290740427393757,2026-03-21 14:00:05.577934,XGBoost
4021,5684-FJVYR,2.7077744e-05,Low,0.0024464741390147534,2026-03-21 14:00:05.577934,XGBoost
4022,5685-IIXLY,0.9997181,High,83.57643563747405,2026-03-21 14:00:05.577934,XGBoost
4023,5686-CMAWK,0.000258455,Low,0.022420970795792527,2026-03-21 14:00:05.577934,XGBoost
4024,5687-DKDTV,0.6766012,Medium,13.768833839893341,2026-03-21 14:00:05.577934,XGBoost
4025,5688-KZTSN,0.7713566,High,15.427131652832031,2026-03-21 14:00:05.577934,XGBoost
4026,5692-FPTAH,0.9699392,High,44.03523842096329,2026-03-21 14:00:05.577934,XGBoost
4027,5692-ICXLW,0.0002347727,Low,0.021293883763428313,2026-03-21 14:00:05.577934,XGBoost
4028,5693-PIPCS,0.046374716,Low,4.621240435913205,2026-03-21 14:00:05.577934,XGBoost
4029,5696-CEIQJ,7.896511e-05,Low,0.008145251037058187,2026-03-21 14:00:05.577934,XGBoost
4030,5696-EXCYS,0.0002076717,Low,0.004039214690419612,2026-03-21 14:00:05.577934,XGBoost
4031,5696-JVVQY,1.892412e-05,Low,0.0013265808129290235,2026-03-21 14:00:05.577934,XGBoost
4032,5696-QURRL,0.93672556,High,42.19948633611202,2026-03-21 14:00:05.577934,XGBoost
4033,5697-GOMBF,1.8586405e-05,Low,0.0006672519259154796,2026-03-21 14:00:05.577934,XGBoost
4034,5698-BQJOH,0.9991161,High,94.31656198501588,2026-03-21 14:00:05.577934,XGBoost
4035,5699-BNCAS,0.00038917718,Low,0.009593217427027411,2026-03-21 14:00:05.577934,XGBoost
4036,5701-GUXDC,5.4268556e-05,Low,0.0019211068713048006,2026-03-21 14:00:05.577934,XGBoost
4037,5701-SVCWR,5.8305166e-05,Low,0.001399323984514922,2026-03-21 14:00:05.577934,XGBoost
4038,5701-YVSVF,0.00074876397,Low,0.06207253285101615,2026-03-21 14:00:05.577934,XGBoost
4039,5701-ZIKJE,0.00035002173,Low,0.01769359835452633,2026-03-21 14:00:05.577934,XGBoost
4040,5702-KVQRD,0.006453937,Low,0.532772492710501,2026-03-21 14:00:05.577934,XGBoost
4041,5702-SKUOB,0.043123577,Low,0.8452221050858498,2026-03-21 14:00:05.577934,XGBoost
4042,5707-ORNDZ,0.7593889,High,41.42466578483581,2026-03-21 14:00:05.577934,XGBoost
4043,5707-ZMDJP,1.45028835e-05,Low,0.00101085097712712,2026-03-21 14:00:05.577934,XGBoost
4044,5708-EVONK,0.85458285,High,79.8180378317833,2026-03-21 14:00:05.577934,XGBoost
4045,5712-AHQNN,0.23753645,Low,21.770215208083393,2026-03-21 14:00:05.577934,XGBoost
4046,5712-PTIWW,0.99952364,High,79.81196262836455,2026-03-21 14:00:05.577934,XGBoost
4047,5712-VBOXD,0.057279773,Low,1.154187427088618,2026-03-21 14:00:05.577934,XGBoost
4048,5716-EZXZN,8.891849e-05,Low,0.008807376283220947,2026-03-21 14:00:05.577934,XGBoost
4049,5716-LIBJC,0.00090429984,Low,0.09418282861297485,2026-03-21 14:00:05.577934,XGBoost
4050,5724-BIDBU,0.0003976412,Low,0.02200944107025862,2026-03-21 14:00:05.577934,XGBoost
4051,5726-CVNYA,0.007979539,Low,0.15839385357685387,2026-03-21 14:00:05.577934,XGBoost
4052,5727-MYATE,2.514261e-05,Low,0.0022829489840660243,2026-03-21 14:00:05.577934,XGBoost
4053,5729-KLZAR,0.95580226,High,77.27661286890506,2026-03-21 14:00:05.577934,XGBoost
4054,5730-DBDSI,9.596926e-05,Low,0.001890594470751239,2026-03-21 14:00:05.577934,XGBoost
4055,5730-RIITO,0.03614835,Low,1.209162330441177,2026-03-21 14:00:05.577934,XGBoost
4056,5732-IKGQH,0.4180915,Medium,43.66965777724982,2026-03-21 14:00:05.577934,XGBoost
4057,5734-EJKXG,0.048339874,Low,5.733109003305435,2026-03-21 14:00:05.577934,XGBoost
4058,5736-YEJAX,3.8422895e-05,Low,0.003052699020372529,2026-03-21 14:00:05.577934,XGBoost
4059,5740-YHGTW,2.8575763e-05,Low,0.002787565708058537,2026-03-21 14:00:05.577934,XGBoost
4060,5743-KHMNA,0.00019563572,Low,0.0049984925310127435,2026-03-21 14:00:05.577934,XGBoost
4061,5747-PMBSQ,0.9853791,High,91.14756673574448,2026-03-21 14:00:05.577934,XGBoost
4062,5748-RNCJT,0.99948907,High,106.44558584690094,2026-03-21 14:00:05.577934,XGBoost
4063,5751-USDBL,1.1673616e-05,Low,0.0009455629306103219,2026-03-21 14:00:05.577934,XGBoost
4064,5753-QQWPW,0.009880144,Low,0.5918206345289946,2026-03-21 14:00:05.577934,XGBoost
4065,5756-JYOJT,7.4115385e-05,Low,0.004810088509839262,2026-03-21 14:00:05.577934,XGBoost
4066,5756-OZRIO,0.00011813225,Low,0.007566370700442348,2026-03-21 14:00:05.577934,XGBoost
4067,5759-RCVCB,0.9997273,High,35.190401268005374,2026-03-21 14:00:05.577934,XGBoost
4068,5760-FXFVO,0.00038239616,Low,0.030190176807809624,2026-03-21 14:00:05.577934,XGBoost
4069,5760-IFJOZ,0.23526736,Low,25.3971110843122,2026-03-21 14:00:05.577934,XGBoost
4070,5760-WRAHC,0.0002789265,Low,0.019455124260275625,2026-03-21 14:00:05.577934,XGBoost
4071,5762-TJXGK,0.0007710654,Low,0.04530009326117579,2026-03-21 14:00:05.577934,XGBoost
4072,5766-FTRTS,0.00014300819,Low,0.012077041662996635,2026-03-21 14:00:05.577934,XGBoost
4073,5766-XQXMQ,0.60142666,Medium,41.40822561085224,2026-03-21 14:00:05.577934,XGBoost
4074,5766-ZJYBB,0.8262028,High,16.028334510326385,2026-03-21 14:00:05.577934,XGBoost
4075,5774-QPLTF,0.004004458,Low,0.08149071959778667,2026-03-21 14:00:05.577934,XGBoost
4076,5774-XZTQC,0.045078147,Low,0.9218481102958321,2026-03-21 14:00:05.577934,XGBoost
4077,5777-KJIRB,3.4964487e-05,Low,0.0017569654710314353,2026-03-21 14:00:05.577934,XGBoost
4078,5777-ZPQNC,0.00013014978,Low,0.0026225181318295654,2026-03-21 14:00:05.577934,XGBoost
4079,5778-BVOFB,0.00053364836,Low,0.031752077367855236,2026-03-21 14:00:05.577934,XGBoost
4080,5780-INQIK,0.0007101128,Low,0.0350795722915791,2026-03-21 14:00:05.577934,XGBoost
4081,5781-BKHOP,4.5560333e-05,Low,0.004585647525709647,2026-03-21 14:00:05.577934,XGBoost
4082,5781-RFZRP,3.5261597e-05,Low,0.0025917273851518985,2026-03-21 14:00:05.577934,XGBoost
4083,5787-KXGIY,4.1240823e-05,Low,0.0007959478763950756,2026-03-21 14:00:05.577934,XGBoost
4084,5788-YPOEG,0.00032232184,Low,0.0273167757113697,2026-03-21 14:00:05.577934,XGBoost
4085,5789-LDFXO,0.008457035,Low,0.2080430567264557,2026-03-21 14:00:05.577934,XGBoost
4086,5791-KAJFD,1.41287055e-05,Low,0.0009713485042084358,2026-03-21 14:00:05.577934,XGBoost
4087,5792-JALQC,0.044335015,Low,2.6534506548196077,2026-03-21 14:00:05.577934,XGBoost
4088,5793-YOLJN,1.6011754e-05,Low,0.00033624683965172153,2026-03-21 14:00:05.577934,XGBoost
4089,5795-BKOYE,8.540838e-05,Low,0.005047635101072956,2026-03-21 14:00:05.577934,XGBoost
4090,5795-KTGUD,0.14737722,Low,16.329396283626554,2026-03-21 14:00:05.577934,XGBoost
4091,5797-APWZC,0.99990034,High,90.59097089767455,2026-03-21 14:00:05.577934,XGBoost
4092,5799-JRCZO,2.1114756e-05,Low,0.0004117377466172911,2026-03-21 14:00:05.577934,XGBoost
4093,5802-ADBRC,0.00029000238,Low,0.030276248767040673,2026-03-21 14:00:05.577934,XGBoost
4094,5803-NQJZO,0.0016236842,Low,0.11008578815963119,2026-03-21 14:00:05.577934,XGBoost
4095,5804-HYIEZ,0.0005092223,Low,0.05400302183115855,2026-03-21 14:00:05.577934,XGBoost
4096,5804-JMYIO,9.2804685e-06,Low,0.00018328925239075033,2026-03-21 14:00:05.577934,XGBoost
4097,5804-LEPIM,0.85622364,High,60.23533327281475,2026-03-21 14:00:05.577934,XGBoost
4098,5808-TOTXO,0.0043278555,Low,0.0889374313177541,2026-03-21 14:00:05.577934,XGBoost
4099,5811-IWXYM,3.2037246e-05,Low,0.0032437711115562706,2026-03-21 14:00:05.577934,XGBoost
4100,5813-UECBU,0.86570054,High,72.5889905244112,2026-03-21 14:00:05.577934,XGBoost
4101,5815-HGGHV,5.3641408e-05,Low,0.003441096333335736,2026-03-21 14:00:05.577934,XGBoost
4102,5816-JMLGY,7.108058e-05,Low,0.00571487890847493,2026-03-21 14:00:05.577934,XGBoost
4103,5816-QVHRX,7.046374e-05,Low,0.0070675133531040045,2026-03-21 14:00:05.577934,XGBoost
4104,5816-SCGFC,0.00051114825,Low,0.026221905020065606,2026-03-21 14:00:05.577934,XGBoost
4105,5820-PTRYM,0.094676025,Low,6.480573925748468,2026-03-21 14:00:05.577934,XGBoost
4106,5821-MMEIL,0.00020280415,Low,0.004035802565340418,2026-03-21 14:00:05.577934,XGBoost
4107,5825-XJOCM,0.00034856025,Low,0.02244728010846302,2026-03-21 14:00:05.577934,XGBoost
4108,5827-MWCZK,0.028122684,Low,2.7264942125417293,2026-03-21 14:00:05.577934,XGBoost
4109,5828-AVIPD,0.8728108,High,88.11024834215641,2026-03-21 14:00:05.577934,XGBoost
4110,5828-DWPIL,5.2866555e-05,Low,0.004710410055122338,2026-03-21 14:00:05.577934,XGBoost
4111,5829-NVSQN,0.00010883815,Low,0.007482622595489374,2026-03-21 14:00:05.577934,XGBoost
4112,5832-EXGTT,0.0116228,Low,0.6996925335377455,2026-03-21 14:00:05.577934,XGBoost
4113,5832-TRLPB,0.013579653,Low,1.0232268267776816,2026-03-21 14:00:05.577934,XGBoost
4114,5832-XKAES,0.83428335,High,58.23297796249389,2026-03-21 14:00:05.577934,XGBoost
4115,5834-ASPWA,0.99074495,High,74.75170635581017,2026-03-21 14:00:05.577934,XGBoost
4116,5835-BEQEU,0.99966526,High,76.92424178123474,2026-03-21 14:00:05.577934,XGBoost
4117,5837-LXSDN,0.00011544997,Low,0.006794230710875127,2026-03-21 14:00:05.577934,XGBoost
4118,5839-SUYVZ,0.22901283,Low,17.072906628996133,2026-03-21 14:00:05.577934,XGBoost
4119,5840-NVDCG,0.00022278268,Low,0.015204917715891497,2026-03-21 14:00:05.577934,XGBoost
4120,5842-POCOP,0.80575466,High,71.63158941268921,2026-03-21 14:00:05.577934,XGBoost
4121,5843-TTHGI,0.00023514904,Low,0.01175745201180689,2026-03-21 14:00:05.577934,XGBoost
4122,5844-QVTAT,0.00013552453,Low,0.007921408960100962,2026-03-21 14:00:05.577934,XGBoost
4123,5845-BZZIB,0.0005504033,Low,0.011063106689834968,2026-03-21 14:00:05.577934,XGBoost
4124,5846-ABOBJ,0.0012309093,Low,0.030095731315668672,2026-03-21 14:00:05.577934,XGBoost
4125,5846-NEQVZ,3.660409e-05,Low,0.002593399868055712,2026-03-21 14:00:05.577934,XGBoost
4126,5846-QFDFI,0.033522308,Low,2.970076477527618,2026-03-21 14:00:05.577934,XGBoost
4127,5847-MXBEO,3.1330124e-05,Low,0.0006360015238897177,2026-03-21 14:00:05.577934,XGBoost
4128,5848-FHRFC,4.560878e-06,Low,9.144560583536076e-05,2026-03-21 14:00:05.577934,XGBoost
4129,5849-ASHZJ,0.001385214,Low,0.027773541503120214,2026-03-21 14:00:05.577934,XGBoost
4130,5850-BDWCY,0.00030009635,Low,0.006061946228146553,2026-03-21 14:00:05.577934,XGBoost
4131,5854-KSRBJ,2.4830224e-06,Low,6.306876894086599e-05,2026-03-21 14:00:05.577934,XGBoost
4132,5855-EIBDE,0.00018850551,Low,0.020104112627450377,2026-03-21 14:00:05.577934,XGBoost
4133,5857-TYBCJ,0.0015433958,Low,0.13767090565524995,2026-03-21 14:00:05.577934,XGBoost
4134,5857-XRECV,0.00018965104,Low,0.0038878462510183454,2026-03-21 14:00:05.577934,XGBoost
4135,5858-EAFCZ,0.16656826,Low,7.403959351032973,2026-03-21 14:00:05.577934,XGBoost
4136,5859-HZYLF,8.940907e-06,Low,0.00017121836540354705,2026-03-21 14:00:05.577934,XGBoost
4137,5862-BRIXZ,0.00088575843,Low,0.05380982477799989,2026-03-21 14:00:05.577934,XGBoost
4138,5863-OOKCL,0.0014874437,Low,0.02803831354249269,2026-03-21 14:00:05.577934,XGBoost
4139,5868-CZJDR,0.99967635,High,31.339853471517564,2026-03-21 14:00:05.577934,XGBoost
4140,5868-YTYKS,0.00048350124,Low,0.009790900046937168,2026-03-21 14:00:05.577934,XGBoost
4141,5868-YWPDW,0.9268627,High,78.04184074401856,2026-03-21 14:00:05.577934,XGBoost
4142,5871-DGTXZ,5.103996e-05,Low,0.001010591180966003,2026-03-21 14:00:05.577934,XGBoost
4143,5872-OEQNH,0.0004924637,Low,0.021890011610230433,2026-03-21 14:00:05.577934,XGBoost
4144,5875-YPQFJ,0.99971837,High,69.8803139269352,2026-03-21 14:00:05.577934,XGBoost
4145,5876-HZVZM,0.98600984,High,55.11794984340668,2026-03-21 14:00:05.577934,XGBoost
4146,5876-QMYLD,7.623114e-06,Low,0.00015284343601251749,2026-03-21 14:00:05.577934,XGBoost
4147,5879-HMFFH,2.4537909e-05,Low,0.002160562866083637,2026-03-21 14:00:05.577934,XGBoost
4148,5879-SESNB,0.13046913,Low,9.817801918834448,2026-03-21 14:00:05.577934,XGBoost
4149,5882-CMAZQ,0.0027474756,Low,0.09410104050766677,2026-03-21 14:00:05.577934,XGBoost
4150,5883-GTGVD,0.86947644,High,86.90416993498802,2026-03-21 14:00:05.577934,XGBoost
4151,5884-FBCTL,0.00012716606,Low,0.003191868068824988,2026-03-21 14:00:05.577934,XGBoost
4152,5884-GCYMI,0.9997713,High,69.38412801027299,2026-03-21 14:00:05.577934,XGBoost
4153,5886-VLQVU,0.06590824,Low,5.921855210512876,2026-03-21 14:00:05.577934,XGBoost
4154,5887-IKKYO,2.6769332e-05,Low,0.0025256864912080344,2026-03-21 14:00:05.577934,XGBoost
4155,5889-JTMUL,0.9997384,High,95.02513446509838,2026-03-21 14:00:05.577934,XGBoost
4156,5889-LFOLL,0.9062584,High,76.66946099996566,2026-03-21 14:00:05.577934,XGBoost
4157,5893-KCLGT,0.00071256043,Low,0.014073068523430265,2026-03-21 14:00:05.577934,XGBoost
4158,5893-PYOLZ,0.006095008,Low,0.4985716538503766,2026-03-21 14:00:05.577934,XGBoost
4159,5895-QSXOD,3.621784e-05,Low,0.002537059678434161,2026-03-21 14:00:05.577934,XGBoost
4160,5896-NPFWW,0.99931264,High,50.11552885770798,2026-03-21 14:00:05.577934,XGBoost
4161,5897-ZYEKH,0.0005314423,Low,0.05612030569463968,2026-03-21 14:00:05.577934,XGBoost
4162,5898-IGSLP,0.00016584987,Low,0.01481039302307181,2026-03-21 14:00:05.577934,XGBoost
4163,5899-MQZZL,0.71605915,High,53.704436123371124,2026-03-21 14:00:05.577934,XGBoost
4164,5899-OUVKV,0.00020224223,Low,0.019111890433123335,2026-03-21 14:00:05.577934,XGBoost
4165,5902-WBLSE,0.00010042428,Low,0.0020235492498613893,2026-03-21 14:00:05.577934,XGBoost
4166,5906-BFOZT,0.0010433219,Low,0.020344777323771268,2026-03-21 14:00:05.577934,XGBoost
4167,5906-CVLHP,0.998478,High,54.06758345067501,2026-03-21 14:00:05.577934,XGBoost
4168,5906-DVAPM,0.0005811008,Low,0.04358256119303405,2026-03-21 14:00:05.577934,XGBoost
4169,5908-QMGOE,0.79875773,High,59.267823708057406,2026-03-21 14:00:05.577934,XGBoost
4170,5909-ECHUI,0.86678755,High,48.75679984688759,2026-03-21 14:00:05.577934,XGBoost
4171,5913-INRQV,0.0002637151,Low,0.023773916685604492,2026-03-21 14:00:05.577934,XGBoost
4172,5914-DVBWJ,0.9993774,High,85.39680134952069,2026-03-21 14:00:05.577934,XGBoost
4173,5914-GXMDA,0.0018980019,Low,0.03663143627345562,2026-03-21 14:00:05.577934,XGBoost
4174,5914-XRFQB,0.020742359,Low,2.401965130493045,2026-03-21 14:00:05.577934,XGBoost
4175,5915-ANOEI,0.00016661178,Low,0.013187321995792445,2026-03-21 14:00:05.577934,XGBoost
4176,5915-DGNVC,0.030559361,Low,2.194162118434906,2026-03-21 14:00:05.577934,XGBoost
4177,5916-QEWPT,0.0017635545,Low,0.12168526207096875,2026-03-21 14:00:05.577934,XGBoost
4178,5917-HBSDW,0.0001423622,Low,0.0027547086006961766,2026-03-21 14:00:05.577934,XGBoost
4179,5917-RYRMG,0.015728928,Low,0.31143277734518054,2026-03-21 14:00:05.577934,XGBoost
4180,5918-VUKWP,0.010157794,Low,0.20874266177415848,2026-03-21 14:00:05.577934,XGBoost
4181,5919-TMRGD,0.9997873,High,79.3331199556589,2026-03-21 14:00:05.577934,XGBoost
4182,5919-VCZYM,0.0001739915,Low,0.003488529622700298,2026-03-21 14:00:05.577934,XGBoost
4183,5921-NGYRH,9.647133e-05,Low,0.007095466516693704,2026-03-21 14:00:05.577934,XGBoost
4184,5922-ABDVO,0.8693827,High,77.94015721380711,2026-03-21 14:00:05.577934,XGBoost
4185,5923-GXUOC,0.9991019,High,104.30623598098755,2026-03-21 14:00:05.577934,XGBoost
4186,5924-IFQTT,0.00011890696,Low,0.008656426612287759,2026-03-21 14:00:05.577934,XGBoost
4187,5924-SNGKP,7.924459e-05,Low,0.0016047030185291078,2026-03-21 14:00:05.577934,XGBoost
4188,5928-QLDHB,0.00024581156,Low,0.01874313169537345,2026-03-21 14:00:05.577934,XGBoost
4189,5930-GBIWP,2.3699748e-05,Low,0.0019315294248372084,2026-03-21 14:00:05.577934,XGBoost
4190,5931-FLJJF,0.9974842,High,69.92364292144775,2026-03-21 14:00:05.577934,XGBoost
4191,5934-RMPOV,0.07520378,Low,6.373520046472549,2026-03-21 14:00:05.577934,XGBoost
4192,5934-TSSAU,1.5369753e-05,Low,0.0011573423913432634,2026-03-21 14:00:05.577934,XGBoost
4193,5935-FCCNB,0.00046752542,Low,0.044040894258068876,2026-03-21 14:00:05.577934,XGBoost
4194,5937-EORGB,0.0010960277,Low,0.10576667019631714,2026-03-21 14:00:05.577934,XGBoost
4195,5939-SXWHM,0.00032139273,Low,0.00845262871007435,2026-03-21 14:00:05.577934,XGBoost
4196,5939-XAIXZ,6.524937e-05,Low,0.0036604896049539093,2026-03-21 14:00:05.577934,XGBoost
4197,5940-AHUHD,0.8860679,High,62.55639563798904,2026-03-21 14:00:05.577934,XGBoost
4198,5940-NFXKV,0.998806,High,83.55012187957765,2026-03-21 14:00:05.577934,XGBoost
4199,5944-UGLLK,0.101156585,Low,5.553496512025594,2026-03-21 14:00:05.577934,XGBoost
4200,5945-AZYHT,0.000121992874,Low,0.013370419043349102,2026-03-21 14:00:05.577934,XGBoost
4201,5947-SGKCL,0.056984507,Low,6.003317764773964,2026-03-21 14:00:05.577934,XGBoost
4202,5948-UJZLF,0.00012227237,Low,0.006021914017765084,2026-03-21 14:00:05.577934,XGBoost
4203,5949-EBSQK,0.9892753,High,60.790965750813484,2026-03-21 14:00:05.577934,XGBoost
4204,5949-HGVJL,0.00034815507,Low,0.025432727615407203,2026-03-21 14:00:05.577934,XGBoost
4205,5949-XIKAE,0.8773484,High,73.30246074199677,2026-03-21 14:00:05.577934,XGBoost
4206,5950-AAAGJ,0.10579247,Low,8.91830524429679,2026-03-21 14:00:05.577934,XGBoost
4207,5951-AOFIH,0.05391821,Low,3.5801690727472306,2026-03-21 14:00:05.577934,XGBoost
4208,5954-BDFSG,7.105395e-05,Low,0.007638299994141562,2026-03-21 14:00:05.577934,XGBoost
4209,5955-EPOAZ,0.53913563,Medium,11.29489155113697,2026-03-21 14:00:05.577934,XGBoost
4210,5955-ERIHD,0.95751697,High,90.67685689330101,2026-03-21 14:00:05.577934,XGBoost
4211,5956-VKDTT,0.99961746,High,74.32155795693397,2026-03-21 14:00:05.577934,XGBoost
4212,5956-YHHRX,0.00022467307,Low,0.023444635147461666,2026-03-21 14:00:05.577934,XGBoost
4213,5959-BELXA,0.9115349,High,87.64408115744591,2026-03-21 14:00:05.577934,XGBoost
4214,5960-MVTUK,0.0011302393,Low,0.03362462035147473,2026-03-21 14:00:05.577934,XGBoost
4215,5960-WPXQM,0.9614459,High,76.00230057835579,2026-03-21 14:00:05.577934,XGBoost
4216,5961-VUSRV,9.7495096e-05,Low,0.0018865301128244028,2026-03-21 14:00:05.577934,XGBoost
4217,5965-GGPRW,0.00091697706,Low,0.09651183595997281,2026-03-21 14:00:05.577934,XGBoost
4218,5966-EMAZU,0.00017339115,Low,0.018812939619238023,2026-03-21 14:00:05.577934,XGBoost
4219,5968-HYJRZ,0.0013689088,Low,0.03360671088448726,2026-03-21 14:00:05.577934,XGBoost
4220,5968-VXZLG,0.00031811508,Low,0.01482416283688508,2026-03-21 14:00:05.577934,XGBoost
4221,5968-XQIVE,0.03029924,Low,2.717841892875731,2026-03-21 14:00:05.577934,XGBoost
4222,5970-GHJAW,0.00032127355,Low,0.0064094072513398714,2026-03-21 14:00:05.577934,XGBoost
4223,5973-EJGDP,0.00014664423,Low,0.012809373805794166,2026-03-21 14:00:05.577934,XGBoost
4224,5975-BAICR,4.58025e-05,Low,0.0029176191728765843,2026-03-21 14:00:05.577934,XGBoost
4225,5976-JCJRH,0.99851435,High,70.19555910229683,2026-03-21 14:00:05.577934,XGBoost
4226,5977-CKHON,6.383894e-05,Low,0.005908293826723821,2026-03-21 14:00:05.577934,XGBoost
4227,5980-BDHPY,0.022217916,Low,1.9351805118843912,2026-03-21 14:00:05.577934,XGBoost
4228,5980-NOPLP,0.99987173,High,96.087673330307,2026-03-21 14:00:05.577934,XGBoost
4229,5981-ITEMU,0.94654846,High,91.90985565185547,2026-03-21 14:00:05.577934,XGBoost
4230,5981-ZVXOT,7.349344e-05,Low,0.007963013845073873,2026-03-21 14:00:05.577934,XGBoost
4231,5982-FPVQN,0.00027892942,Low,0.026540134605602363,2026-03-21 14:00:05.577934,XGBoost
4232,5982-PSMKW,0.0022947208,Low,0.2090490693459287,2026-03-21 14:00:05.577934,XGBoost
4233,5982-XMDEX,0.000102402235,Low,0.002713659225264564,2026-03-21 14:00:05.577934,XGBoost
4234,5985-BEHZK,0.00020356843,Low,0.02137468516593799,2026-03-21 14:00:05.577934,XGBoost
4235,5985-TBABQ,0.21782066,Low,16.282094281166792,2026-03-21 14:00:05.577934,XGBoost
4236,5986-WWXDV,0.001352349,Low,0.026167952123796568,2026-03-21 14:00:05.577934,XGBoost
4237,5989-AXPUC,0.00031660288,Low,0.03754910114221275,2026-03-21 14:00:05.577934,XGBoost
4238,5989-OMNJE,0.05313739,Low,3.060713768005371,2026-03-21 14:00:05.577934,XGBoost
4239,5989-PGKJB,0.8261476,High,71.25523187220097,2026-03-21 14:00:05.577934,XGBoost
4240,5993-BQHEA,5.11836e-05,Low,0.0010262311918268097,2026-03-21 14:00:05.577934,XGBoost
4241,5993-JSUWV,0.0011332995,Low,0.0693012674280908,2026-03-21 14:00:05.577934,XGBoost
4242,5995-LFTLE,7.804804e-05,Low,0.0019746154233871494,2026-03-21 14:00:05.577934,XGBoost
4243,5995-OIGLP,0.99875915,High,56.57970587611198,2026-03-21 14:00:05.577934,XGBoost
4244,5995-SNNEW,0.00035476967,Low,0.03705569190351526,2026-03-21 14:00:05.577934,XGBoost
4245,5995-WWKKG,5.3812637e-05,Low,0.001065490210748976,2026-03-21 14:00:05.577934,XGBoost
4246,5996-DAOQL,0.043420862,Low,0.8879566362127661,2026-03-21 14:00:05.577934,XGBoost
4247,5996-EBTKM,1.2370433e-05,Low,0.00086469327152372,2026-03-21 14:00:05.577934,XGBoost
4248,5996-NRVXR,9.5656054e-05,Low,0.009388641732221004,2026-03-21 14:00:05.577934,XGBoost
4249,5997-OPVFA,3.308815e-05,Low,0.0029464996225215144,2026-03-21 14:00:05.577934,XGBoost
4250,5998-DZLYR,7.54399e-05,Low,0.007117754629507544,2026-03-21 14:00:05.577934,XGBoost
4251,5998-VVEJY,0.86343956,High,69.50688457489014,2026-03-21 14:00:05.577934,XGBoost
4252,5999-LCXAO,0.0021874376,Low,0.06540438455995172,2026-03-21 14:00:05.577934,XGBoost
4253,6000-APYLU,0.99809676,High,80.6462185382843,2026-03-21 14:00:05.577934,XGBoost
4254,6000-UKLWI,3.3829336e-05,Low,0.0006816611150497919,2026-03-21 14:00:05.577934,XGBoost
4255,6005-OBZPH,0.99889344,High,89.05135015547276,2026-03-21 14:00:05.577934,XGBoost
4256,6007-TCTST,1.4592354e-05,Low,0.0016897946037715882,2026-03-21 14:00:05.577934,XGBoost
4257,6008-NAIXK,0.0005247809,Low,0.029099100219900722,2026-03-21 14:00:05.577934,XGBoost
4258,6010-DDPPW,0.00038077938,Low,0.009576601500157267,2026-03-21 14:00:05.577934,XGBoost
4259,6013-BHCAW,3.7317675e-06,Low,0.0003022731668806955,2026-03-21 14:00:05.577934,XGBoost
4260,6015-VVHHE,0.9975153,High,82.94339892268181,2026-03-21 14:00:05.577934,XGBoost
4261,6016-LVTJQ,0.014636066,Low,0.30223475899547336,2026-03-21 14:00:05.577934,XGBoost
4262,6016-NXBNJ,1.1979152e-05,Low,0.00022940076228223914,2026-03-21 14:00:05.577934,XGBoost
4263,6017-PPLPX,0.99670994,High,70.21821547150613,2026-03-21 14:00:05.577934,XGBoost
4264,6022-KOUQO,0.00052547763,Low,0.015265125248697586,2026-03-21 14:00:05.577934,XGBoost
4265,6022-UGGSO,0.99972874,High,74.37981820106506,2026-03-21 14:00:05.577934,XGBoost
4266,6023-GSSXW,9.869654e-05,Low,0.006064902307480225,2026-03-21 14:00:05.577934,XGBoost
4267,6023-YEBUP,0.9996505,High,100.9147157907486,2026-03-21 14:00:05.577934,XGBoost
4268,6024-RUGGH,3.6856956e-05,Low,0.0009287952983868308,2026-03-21 14:00:05.577934,XGBoost
4269,6029-CSMJE,8.017397e-05,Low,0.0020564624177495717,2026-03-21 14:00:05.577934,XGBoost
4270,6029-WTIPC,0.9988096,High,100.97964813709258,2026-03-21 14:00:05.577934,XGBoost
4271,6030-REHUX,0.000316749,Low,0.035111627397418486,2026-03-21 14:00:05.577934,XGBoost
4272,6032-IGALN,0.4571589,Medium,11.474688223004343,2026-03-21 14:00:05.577934,XGBoost
4273,6032-KRXXO,0.9997571,High,90.22807927429676,2026-03-21 14:00:05.577934,XGBoost
4274,6034-YMTOB,0.0003204247,Low,0.024240128866222222,2026-03-21 14:00:05.577934,XGBoost
4275,6034-ZRYCV,0.72477317,High,39.28270573616028,2026-03-21 14:00:05.577934,XGBoost
4276,6035-BXTTY,0.0001678823,Low,0.009174767846707255,2026-03-21 14:00:05.577934,XGBoost
4277,6035-RIIOM,2.7474154e-05,Low,0.002670487787690945,2026-03-21 14:00:05.577934,XGBoost
4278,6036-TTFYU,0.042498186,Low,0.832964450120926,2026-03-21 14:00:05.577934,XGBoost
4279,6038-GCYEC,0.9998896,High,54.144022500514986,2026-03-21 14:00:05.577934,XGBoost
4280,6040-CGACY,8.055377e-05,Low,0.0015788539138156922,2026-03-21 14:00:05.577934,XGBoost
4281,6047-SUHPR,0.000323591,Low,0.019350741629023106,2026-03-21 14:00:05.577934,XGBoost
4282,6047-YHPVI,0.9506345,High,66.25922322273254,2026-03-21 14:00:05.577934,XGBoost
4283,6048-NJXHX,0.0017359186,Low,0.03428439181880094,2026-03-21 14:00:05.577934,XGBoost
4284,6048-QBXKL,0.00030069778,Low,0.017004459378949833,2026-03-21 14:00:05.577934,XGBoost
4285,6048-UWKAL,0.0011914223,Low,0.12557591497898102,2026-03-21 14:00:05.577934,XGBoost
4286,6050-FFXES,0.0006866064,Low,0.07233398342505097,2026-03-21 14:00:05.577934,XGBoost
4287,6050-IJRHS,0.0003947538,Low,0.04204127880802844,2026-03-21 14:00:05.577934,XGBoost
4288,6051-PTVNS,3.0324696e-05,Low,0.0005807179308249033,2026-03-21 14:00:05.577934,XGBoost
4289,6060-DRTNL,0.968002,High,82.13497150838374,2026-03-21 14:00:05.577934,XGBoost
4290,6060-QBMGV,9.207709e-05,Low,0.00182773025262577,2026-03-21 14:00:05.577934,XGBoost
4291,6061-GWWAV,0.0001346472,Low,0.00945223330927547,2026-03-21 14:00:05.577934,XGBoost
4292,6061-PQHMK,1.8908118e-05,Low,0.0003762715554330498,2026-03-21 14:00:05.577934,XGBoost
4293,6064-PUPMC,0.00041120822,Low,0.023521110427100214,2026-03-21 14:00:05.577934,XGBoost
4294,6064-ZATLR,3.3503813e-05,Low,0.0017706765185721452,2026-03-21 14:00:05.577934,XGBoost
4295,6067-NGCEU,0.000102204685,Low,0.01134983031261072,2026-03-21 14:00:05.577934,XGBoost
4296,6072-NUQCB,6.7048626e-05,Low,0.0013577346780948574,2026-03-21 14:00:05.577934,XGBoost
4297,6075-QMNRR,0.00034698026,Low,0.017262268003833015,2026-03-21 14:00:05.577934,XGBoost
4298,6075-SLNIL,0.0002296711,Low,0.0218417218682589,2026-03-21 14:00:05.577934,XGBoost
4299,6077-BDPXA,0.00064015837,Low,0.04490710943646264,2026-03-21 14:00:05.577934,XGBoost
4300,6078-VESFR,0.00012766225,Low,0.008993805493082619,2026-03-21 14:00:05.577934,XGBoost
4301,6080-LNESI,3.3447086e-05,Low,0.0008278153791252407,2026-03-21 14:00:05.577934,XGBoost
4302,6080-TCMYC,0.0001497627,Low,0.012160730792675168,2026-03-21 14:00:05.577934,XGBoost
4303,6082-GLJIX,2.7564382e-05,Low,0.0005306143443704059,2026-03-21 14:00:05.577934,XGBoost
4304,6082-OQFBA,0.0062844977,Low,0.12349037937819957,2026-03-21 14:00:05.577934,XGBoost
4305,6086-ESGRL,0.9877928,High,79.17159211337567,2026-03-21 14:00:05.577934,XGBoost
4306,6087-MVHJH,0.9994392,High,88.40039546191693,2026-03-21 14:00:05.577934,XGBoost
4307,6087-YPWHO,3.592582e-05,Low,0.0024483445817168104,2026-03-21 14:00:05.577934,XGBoost
4308,6088-BXMRG,0.00023290457,Low,0.02302261648583226,2026-03-21 14:00:05.577934,XGBoost
4309,6092-QZVPP,0.00082632335,Low,0.06544480905868114,2026-03-21 14:00:05.577934,XGBoost
4310,6094-ZIVKX,4.9393668e-05,Low,0.0026894852075201926,2026-03-21 14:00:05.577934,XGBoost
4311,6096-EGVTU,1.7130347e-05,Low,0.00042654564676922744,2026-03-21 14:00:05.577934,XGBoost
4312,6097-EQISJ,0.9987985,High,102.32690525650979,2026-03-21 14:00:05.577934,XGBoost
4313,6100-FJZDG,0.00011166394,Low,0.0022388619890989503,2026-03-21 14:00:05.577934,XGBoost
4314,6100-QQHEB,0.9981933,High,92.38279210031033,2026-03-21 14:00:05.577934,XGBoost
4315,6101-IMRMM,0.9994338,High,94.44649556279182,2026-03-21 14:00:05.577934,XGBoost
4316,6103-BOCOU,0.00047038184,Low,0.03795981459261384,2026-03-21 14:00:05.577934,XGBoost
4317,6103-LIANB,3.6465666e-05,Low,0.003628333786764415,2026-03-21 14:00:05.577934,XGBoost
4318,6103-QCKFX,0.00018922496,Low,0.01064390380633995,2026-03-21 14:00:05.577934,XGBoost
4319,6108-OQZDQ,0.9834741,High,96.33128572404385,2026-03-21 14:00:05.577934,XGBoost
4320,6110-OHIHY,0.9995813,High,79.21681623160839,2026-03-21 14:00:05.577934,XGBoost
4321,6112-KTHFQ,0.00018696554,Low,0.0036084349005250263,2026-03-21 14:00:05.577934,XGBoost
4322,6114-TCFID,4.1015457e-05,Low,0.0016201105554500828,2026-03-21 14:00:05.577934,XGBoost
4323,6115-ZTBFQ,9.142083e-05,Low,0.005988064269331517,2026-03-21 14:00:05.577934,XGBoost
4324,6116-RFVHN,0.00013666262,Low,0.01372776056523435,2026-03-21 14:00:05.577934,XGBoost
4325,6119-SPUDB,0.0121232355,Low,0.4637137579265982,2026-03-21 14:00:05.577934,XGBoost
4326,6120-RJKLU,7.749878e-05,Low,0.006196027333862731,2026-03-21 14:00:05.577934,XGBoost
4327,6121-TNHBO,0.00012301827,Low,0.010210516236838885,2026-03-21 14:00:05.577934,XGBoost
4328,6121-VZNQB,0.9992798,High,19.08624412417412,2026-03-21 14:00:05.577934,XGBoost
4329,6122-EFVKN,0.000116103314,Low,0.004150693483097712,2026-03-21 14:00:05.577934,XGBoost
4330,6122-LJADA,8.180088e-06,Low,0.0007374349436759076,2026-03-21 14:00:05.577934,XGBoost
4331,6124-ACRHJ,0.0010020813,Low,0.019791106082266197,2026-03-21 14:00:05.577934,XGBoost
4332,6127-ISGTU,0.918315,High,78.01085868775844,2026-03-21 14:00:05.577934,XGBoost
4333,6127-IYJOZ,0.0028135506,Low,0.12900129701010885,2026-03-21 14:00:05.577934,XGBoost
4334,6128-AQBMT,0.00045471863,Low,0.02453206984064309,2026-03-21 14:00:05.577934,XGBoost
4335,6128-CZOMY,0.9379563,High,42.817703887820244,2026-03-21 14:00:05.577934,XGBoost
4336,6128-DAFVY,0.00019805784,Low,0.008882894040289102,2026-03-21 14:00:05.577934,XGBoost
4337,6131-FOYAS,0.0004710486,Low,0.028074497159104796,2026-03-21 14:00:05.577934,XGBoost
4338,6131-IUNXN,3.1596235e-05,Low,0.0006382439511071425,2026-03-21 14:00:05.577934,XGBoost
4339,6131-JLWZM,0.00013690627,Low,0.0027791972112026996,2026-03-21 14:00:05.577934,XGBoost
4340,6133-OZILE,0.0005705473,Low,0.020083265006542207,2026-03-21 14:00:05.577934,XGBoost
4341,6134-KWTBV,0.0012799694,Low,0.029951282800175248,2026-03-21 14:00:05.577934,XGBoost
4342,6135-OZQVA,0.00045794432,Low,0.0245687127331621,2026-03-21 14:00:05.577934,XGBoost
4343,6137-MFAJN,0.00022382423,Low,0.010027325525879859,2026-03-21 14:00:05.577934,XGBoost
4344,6137-NICCO,0.00059928274,Low,0.056362541273119855,2026-03-21 14:00:05.577934,XGBoost
4345,6139-ZZRBQ,8.873595e-05,Low,0.0017791557824239136,2026-03-21 14:00:05.577934,XGBoost
4346,6140-QNRQQ,0.99980944,High,71.53636571466923,2026-03-21 14:00:05.577934,XGBoost
4347,6141-OOXUQ,0.87345666,High,17.163423308730124,2026-03-21 14:00:05.577934,XGBoost
4348,6142-VSJQO,0.99872285,High,44.29335845410824,2026-03-21 14:00:05.577934,XGBoost
4349,6143-JQKEA,0.2571972,Low,11.77963181734085,2026-03-21 14:00:05.577934,XGBoost
4350,6145-NNPNO,0.0002969959,Low,0.013112368444853927,2026-03-21 14:00:05.577934,XGBoost
4351,6147-CBCRA,1.1516608e-05,Low,0.00023090798295015704,2026-03-21 14:00:05.577934,XGBoost
4352,6152-ONASV,0.029770251,Low,1.7341171419247985,2026-03-21 14:00:05.577934,XGBoost
4353,6156-UZDLF,0.072521634,Low,6.320260437950492,2026-03-21 14:00:05.577934,XGBoost
4354,6158-DWPZT,0.9990006,High,24.075914674997332,2026-03-21 14:00:05.577934,XGBoost
4355,6158-HDPXZ,0.005999747,Low,0.1520935914712027,2026-03-21 14:00:05.577934,XGBoost
4356,6161-ERDGD,1.2487623e-05,Low,0.0010670674093034905,2026-03-21 14:00:05.577934,XGBoost
4357,6161-UUUTA,0.99978584,High,79.88288865685463,2026-03-21 14:00:05.577934,XGBoost
4358,6164-HAQTX,0.00081932684,Low,0.04420268323738128,2026-03-21 14:00:05.577934,XGBoost
4359,6164-HXUGH,0.0003372763,Low,0.00669493430905277,2026-03-21 14:00:05.577934,XGBoost
4360,6166-ILMNY,0.9532466,High,66.48894989490509,2026-03-21 14:00:05.577934,XGBoost
4361,6166-YIPFO,4.3453176e-05,Low,0.0028114204709709157,2026-03-21 14:00:05.577934,XGBoost
4362,6168-WFVVF,0.99923825,High,70.24644916057586,2026-03-21 14:00:05.577934,XGBoost
4363,6168-YBYNP,3.0088115e-05,Low,0.003350311574831721,2026-03-21 14:00:05.577934,XGBoost
4364,6169-PGNCD,1.46611355e-05,Low,0.001089322370444279,2026-03-21 14:00:05.577934,XGBoost
4365,6169-PPETC,0.000115538285,Low,0.0023685348460276145,2026-03-21 14:00:05.577934,XGBoost
4366,6171-ZTVYB,0.0017472003,Low,0.11575201759114861,2026-03-21 14:00:05.577934,XGBoost
4367,6172-FECYY,0.9995776,High,84.46430566906929,2026-03-21 14:00:05.577934,XGBoost
4368,6173-GOLSU,0.0012343528,Low,0.11683149455348031,2026-03-21 14:00:05.577934,XGBoost
4369,6173-ITPWD,0.9989267,High,83.26054037511348,2026-03-21 14:00:05.577934,XGBoost
4370,6174-NRBTZ,4.802518e-05,Low,0.0014767742895855918,2026-03-21 14:00:05.577934,XGBoost
4371,6175-IRFIT,0.0662237,Low,5.215116636827588,2026-03-21 14:00:05.577934,XGBoost
4372,6176-YJWAS,6.479165e-05,Low,0.006346342424149043,2026-03-21 14:00:05.577934,XGBoost
4373,6177-PEVRA,0.00010978608,Low,0.006093127463827841,2026-03-21 14:00:05.577934,XGBoost
4374,6178-KFNHS,0.99698395,High,78.06384292244911,2026-03-21 14:00:05.577934,XGBoost
4375,6179-GJPSO,0.9998822,High,108.13726222515106,2026-03-21 14:00:05.577934,XGBoost
4376,6180-YBIQI,0.00034135996,Low,0.008295047088176943,2026-03-21 14:00:05.577934,XGBoost
4377,6181-AXXYF,6.9972855e-05,Low,0.0017318281679763459,2026-03-21 14:00:05.577934,XGBoost
4378,6184-DYUOB,0.00016365903,Low,0.003207717015175149,2026-03-21 14:00:05.577934,XGBoost
4379,6185-TASNN,0.92748564,High,42.942585355043406,2026-03-21 14:00:05.577934,XGBoost
4380,6188-UXBBR,0.0001333718,Low,0.0027007788594346493,2026-03-21 14:00:05.577934,XGBoost
4381,6194-HBGQN,3.313744e-05,Low,0.0026891032121056924,2026-03-21 14:00:05.577934,XGBoost
4382,6195-MELTI,0.00021561324,Low,0.011783263542019995,2026-03-21 14:00:05.577934,XGBoost
4383,6196-HBOBZ,0.041163646,Low,4.089608198776841,2026-03-21 14:00:05.577934,XGBoost
4384,6198-PNNSZ,0.022188624,Low,2.4363109555095432,2026-03-21 14:00:05.577934,XGBoost
4385,6198-RTPMF,0.0018287157,Low,0.1693390711210668,2026-03-21 14:00:05.577934,XGBoost
4386,6198-ZFIOJ,0.0005884641,Low,0.044487884826958174,2026-03-21 14:00:05.577934,XGBoost
4387,6199-IPCAO,3.0417847e-05,Low,0.0007939057955809403,2026-03-21 14:00:05.577934,XGBoost
4388,6199-IWKGC,9.1170616e-05,Low,0.009139854217210086,2026-03-21 14:00:05.577934,XGBoost
4389,6202-DYYFX,0.000167156,Low,0.012703856162261218,2026-03-21 14:00:05.577934,XGBoost
4390,6202-JVYEU,0.000276488,Low,0.0055021110019879416,2026-03-21 14:00:05.577934,XGBoost
4391,6203-HBZPA,5.19938e-05,Low,0.003322403839047183,2026-03-21 14:00:05.577934,XGBoost
4392,6204-IEUXJ,0.8162928,High,65.38505507111549,2026-03-21 14:00:05.577934,XGBoost
4393,6207-WIOLX,0.9995875,High,58.57582610845566,2026-03-21 14:00:05.577934,XGBoost
4394,6210-KBBPI,0.9993173,High,99.38210433125496,2026-03-21 14:00:05.577934,XGBoost
4395,6211-WHMYA,0.00036418726,Low,0.015969611388572957,2026-03-21 14:00:05.577934,XGBoost
4396,6211-WWLTF,0.00013405022,Low,0.01336480697063962,2026-03-21 14:00:05.577934,XGBoost
4397,6212-ATMLK,0.00043065476,Low,0.04121366086474154,2026-03-21 14:00:05.577934,XGBoost
4398,6214-EDAKZ,0.82555866,High,45.529560232162474,2026-03-21 14:00:05.577934,XGBoost
4399,6215-NQCPY,0.00042081942,Low,0.04195569567673374,2026-03-21 14:00:05.577934,XGBoost
4400,6217-KDYWC,3.1814776e-05,Low,0.0006235696069779806,2026-03-21 14:00:05.577934,XGBoost
4401,6217-TOWGS,0.00011410073,Low,0.008603195085015614,2026-03-21 14:00:05.577934,XGBoost
4402,6218-KNUBD,0.0001494376,Low,0.008884065599704628,2026-03-21 14:00:05.577934,XGBoost
4403,6221-AVQYL,0.84556955,High,61.937969610095024,2026-03-21 14:00:05.577934,XGBoost
4404,6223-DHJGV,5.425505e-05,Low,0.0011203668136658962,2026-03-21 14:00:05.577934,XGBoost
4405,6227-FBDXH,5.4350126e-05,Low,0.005407837581515196,2026-03-21 14:00:05.577934,XGBoost
4406,6227-HWPWX,0.94175506,High,64.98109889030457,2026-03-21 14:00:05.577934,XGBoost
4407,6229-LSCKB,0.0002727427,Low,0.021737593621946872,2026-03-21 14:00:05.577934,XGBoost
4408,6229-UOLQL,2.1956943e-05,Low,0.0011417610294301994,2026-03-21 14:00:05.577934,XGBoost
4409,6230-BSUXY,0.99961805,High,84.96753454208374,2026-03-21 14:00:05.577934,XGBoost
4410,6231-WFGFH,0.0007224938,Low,0.014811122935498133,2026-03-21 14:00:05.577934,XGBoost
4411,6233-HXJMX,0.00010822011,Low,0.009664056041947333,2026-03-21 14:00:05.577934,XGBoost
4412,6234-PFPXL,0.000119373784,Low,0.011447945924010128,2026-03-21 14:00:05.577934,XGBoost
4413,6234-RAAPL,0.08624537,Low,8.615912751853466,2026-03-21 14:00:05.577934,XGBoost
4414,6235-VDHOM,0.9994796,High,28.43519438803196,2026-03-21 14:00:05.577934,XGBoost
4415,6240-EURKS,0.8626879,High,30.194076001644135,2026-03-21 14:00:05.577934,XGBoost
4416,6242-FEGFD,0.019963538,Low,1.9284777972847222,2026-03-21 14:00:05.577934,XGBoost
4417,6242-MBHPK,0.8501648,High,80.85066972970962,2026-03-21 14:00:05.577934,XGBoost
4418,6242-SGYTS,3.4018587e-05,Low,0.0032300648384989473,2026-03-21 14:00:05.577934,XGBoost
4419,6243-OZGFH,0.034068666,Low,1.5313865546137095,2026-03-21 14:00:05.577934,XGBoost
4420,6244-BESBM,3.0992594e-06,Low,0.0002950494950709981,2026-03-21 14:00:05.577934,XGBoost
4421,6248-BSHKG,0.0011864699,Low,0.024203986348584294,2026-03-21 14:00:05.577934,XGBoost
4422,6248-TKCQV,0.0023804167,Low,0.19186158832162617,2026-03-21 14:00:05.577934,XGBoost
4423,6250-CGGUN,0.000106139916,Low,0.008958208924741485,2026-03-21 14:00:05.577934,XGBoost
4424,6252-DFGTK,0.0004300429,Low,0.029285922419512642,2026-03-21 14:00:05.577934,XGBoost
4425,6253-GNHWH,2.8006775e-06,Low,0.0001991281717437232,2026-03-21 14:00:05.577934,XGBoost
4426,6253-WRFHY,0.04329862,Low,2.803585692308843,2026-03-21 14:00:05.577934,XGBoost
4427,6257-DTAYD,0.14675269,Low,15.284292174875738,2026-03-21 14:00:05.577934,XGBoost
4428,6257-RJOHI,0.00022753228,Low,0.011558639659779145,2026-03-21 14:00:05.577934,XGBoost
4429,6258-NGCNG,0.002778065,Low,0.06528452574275434,2026-03-21 14:00:05.577934,XGBoost
4430,6258-PVZWJ,0.001854283,Low,0.16836889972910285,2026-03-21 14:00:05.577934,XGBoost
4431,6259-WJQLC,0.001172402,Low,0.09508179752156137,2026-03-21 14:00:05.577934,XGBoost
4432,6260-ONULR,0.001214347,Low,0.07626098939217626,2026-03-21 14:00:05.577934,XGBoost
4433,6260-XLACS,0.0003493873,Low,0.006882929685525596,2026-03-21 14:00:05.577934,XGBoost
4434,6261-LHRTG,3.81697e-05,Low,0.00208979102626472,2026-03-21 14:00:05.577934,XGBoost
4435,6261-RCVNS,0.71268576,High,52.66747794747353,2026-03-21 14:00:05.577934,XGBoost
4436,6265-FRMTQ,0.00021302664,Low,0.004345743387239053,2026-03-21 14:00:05.577934,XGBoost
4437,6265-SXWBU,0.00027936697,Low,0.026749387383461,2026-03-21 14:00:05.577934,XGBoost
4438,6266-QHOJZ,0.018696748,Low,1.679902782663703,2026-03-21 14:00:05.577934,XGBoost
4439,6267-DCFFZ,0.0006928084,Low,0.06238739808904938,2026-03-21 14:00:05.577934,XGBoost
4440,6270-OMFIW,0.9996741,High,94.36923332214356,2026-03-21 14:00:05.577934,XGBoost
4441,6275-YDUVO,0.9996786,High,86.17229633331299,2026-03-21 14:00:05.577934,XGBoost
4442,6278-FEPBZ,0.32732844,Low,6.628400981426239,2026-03-21 14:00:05.577934,XGBoost
4443,6281-FKEWS,0.017130027,Low,0.8402278044261038,2026-03-21 14:00:05.577934,XGBoost
4444,6283-GITPX,8.132306e-06,Low,0.0006253743308661797,2026-03-21 14:00:05.577934,XGBoost
4445,6284-AHOOQ,0.78438175,High,70.98654812574387,2026-03-21 14:00:05.577934,XGBoost
4446,6284-KMNUF,5.6622255e-05,Low,0.005548981011088472,2026-03-21 14:00:05.577934,XGBoost
4447,6285-FTQBF,2.095606e-05,Low,0.0005354273413104238,2026-03-21 14:00:05.577934,XGBoost
4448,6286-SUUWT,0.0009802459,Low,0.019555905321612953,2026-03-21 14:00:05.577934,XGBoost
4449,6286-ZHAOK,0.00016370039,Low,0.0041825449116004165,2026-03-21 14:00:05.577934,XGBoost
4450,6288-CHQJB,9.4382485e-05,Low,0.00660205484382459,2026-03-21 14:00:05.577934,XGBoost
4451,6288-LBEAR,0.25581813,Low,20.235213971138,2026-03-21 14:00:05.577934,XGBoost
4452,6289-CPNLD,0.8422041,High,62.2388825416565,2026-03-21 14:00:05.577934,XGBoost
4453,6292-TOSSS,0.0028588222,Low,0.07118467362597584,2026-03-21 14:00:05.577934,XGBoost
4454,6295-OSINB,5.2075822e-05,Low,0.0057101139007500025,2026-03-21 14:00:05.577934,XGBoost
4455,6296-DDOOR,0.1824933,Low,10.62111001610756,2026-03-21 14:00:05.577934,XGBoost
4456,6297-NOOPG,0.0003367073,Low,0.03720615750353318,2026-03-21 14:00:05.577934,XGBoost
4457,6298-QDFNH,0.59069574,Medium,46.87170687317848,2026-03-21 14:00:05.577934,XGBoost
4458,6300-BWMJX,0.00023383934,Low,0.021828902273409764,2026-03-21 14:00:05.577934,XGBoost
4459,6302-JGYRJ,0.76317775,High,60.634472435712816,2026-03-21 14:00:05.577934,XGBoost
4460,6303-KFWSL,3.167902e-05,Low,0.001750265912960458,2026-03-21 14:00:05.577934,XGBoost
4461,6304-IJFSQ,0.92714494,High,46.264532738924025,2026-03-21 14:00:05.577934,XGBoost
4462,6305-YLBMM,0.9998623,High,104.03567369580269,2026-03-21 14:00:05.577934,XGBoost
4463,6308-CQRBU,3.6097015e-05,Low,0.003943598916521296,2026-03-21 14:00:05.577934,XGBoost
4464,6311-UEUME,0.99873036,High,78.79982551932335,2026-03-21 14:00:05.577934,XGBoost
4465,6313-GIDIT,0.8711241,High,47.43270663321019,2026-03-21 14:00:05.577934,XGBoost
4466,6317-YPKDH,0.99938524,High,29.931587868928908,2026-03-21 14:00:05.577934,XGBoost
4467,6319-IEJWJ,0.9985891,High,90.07273668050766,2026-03-21 14:00:05.577934,XGBoost
4468,6319-QSUSR,0.042358052,Low,0.8344536241143942,2026-03-21 14:00:05.577934,XGBoost
4469,6322-HRPFA,0.047267083,Low,2.81711815148592,2026-03-21 14:00:05.577934,XGBoost
4470,6322-PJJDJ,0.00011237096,Low,0.010652766909333877,2026-03-21 14:00:05.577934,XGBoost
4471,6323-AYBRX,0.99424803,High,19.238699430227282,2026-03-21 14:00:05.577934,XGBoost
4472,6326-MTTXK,0.99937004,High,100.78646838366984,2026-03-21 14:00:05.577934,XGBoost
4473,6328-ZPBGN,0.944496,High,89.86879211366177,2026-03-21 14:00:05.577934,XGBoost
4474,6330-JKLPC,0.96210116,High,77.44914349913597,2026-03-21 14:00:05.577934,XGBoost
4475,6331-EWIEB,0.99779886,High,85.06235282123089,2026-03-21 14:00:05.577934,XGBoost
4476,6331-LWDTQ,0.99961543,High,72.12225333452226,2026-03-21 14:00:05.577934,XGBoost
4477,6332-FBZRI,2.5927542e-05,Low,0.001798075043461722,2026-03-21 14:00:05.577934,XGBoost
4478,6333-YDVLT,0.016906599,Low,1.8597258441150188,2026-03-21 14:00:05.577934,XGBoost
4479,6338-AVWCY,0.865027,High,34.73083446919918,2026-03-21 14:00:05.577934,XGBoost
4480,6339-DKLMK,0.00019253585,Low,0.006093759714713087,2026-03-21 14:00:05.577934,XGBoost
4481,6339-RZCBJ,5.256844e-05,Low,0.004147649985316093,2026-03-21 14:00:05.577934,XGBoost
4482,6339-TBELP,4.9805836e-05,Low,0.004303224245086313,2026-03-21 14:00:05.577934,XGBoost
4483,6339-YPSAH,3.177248e-05,Low,0.002344809077476384,2026-03-21 14:00:05.577934,XGBoost
4484,6340-DACFT,6.118143e-06,Low,0.00012572784110034262,2026-03-21 14:00:05.577934,XGBoost
4485,6341-AEVKX,8.7122164e-05,Low,0.009086841671523871,2026-03-21 14:00:05.577934,XGBoost
4486,6341-JVQGF,0.00017949236,Low,0.014565804946323625,2026-03-21 14:00:05.577934,XGBoost
4487,6344-SFJVH,0.00011224395,Low,0.0027948743510933126,2026-03-21 14:00:05.577934,XGBoost
4488,6345-FZOQH,1.3783268e-05,Low,0.0002742870253314322,2026-03-21 14:00:05.577934,XGBoost
4489,6345-HOVES,0.00037972396,Low,0.009512085258029402,2026-03-21 14:00:05.577934,XGBoost
4490,6345-ULYRW,0.9995561,High,88.36076138019563,2026-03-21 14:00:05.577934,XGBoost
4491,6347-DCUIK,0.99871945,High,74.05504750013353,2026-03-21 14:00:05.577934,XGBoost
4492,6348-SNFUS,0.00019159437,Low,0.010623907935951138,2026-03-21 14:00:05.577934,XGBoost
4493,6349-JDHQP,0.00030825078,Low,0.006118777894880623,2026-03-21 14:00:05.577934,XGBoost
4494,6350-XFYGW,0.00022876545,Low,0.02167552636092296,2026-03-21 14:00:05.577934,XGBoost
4495,6351-SCJKT,0.00088341365,Low,0.03652915456623305,2026-03-21 14:00:05.577934,XGBoost
4496,6352-GIGGQ,0.023659328,Low,2.100948326289654,2026-03-21 14:00:05.577934,XGBoost
4497,6352-TWCAU,0.795354,High,68.75835404992104,2026-03-21 14:00:05.577934,XGBoost
4498,6353-BRMMA,0.00030328898,Low,0.031572382809827104,2026-03-21 14:00:05.577934,XGBoost
4499,6356-ELRKD,0.96586865,High,92.33704311847686,2026-03-21 14:00:05.577934,XGBoost
4500,6357-JJPQT,0.0015739122,Low,0.12669993349118158,2026-03-21 14:00:05.577934,XGBoost
4501,6358-LYNGM,0.99981445,High,74.88610236048699,2026-03-21 14:00:05.577934,XGBoost
4502,6360-SVNWV,0.00064348965,Low,0.0473286637221463,2026-03-21 14:00:05.577934,XGBoost
4503,6362-QHAFM,9.855932e-05,Low,0.010673974516976159,2026-03-21 14:00:05.577934,XGBoost
4504,6365-HITVU,9.556687e-06,Low,0.0008338209026987897,2026-03-21 14:00:05.577934,XGBoost
4505,6365-MTGZX,0.92462546,High,88.7640438079834,2026-03-21 14:00:05.577934,XGBoost
4506,6366-XIVKZ,8.4990206e-05,Low,0.0053671315235988,2026-03-21 14:00:05.577934,XGBoost
4507,6366-ZGQGL,0.8720633,High,21.62716932296753,2026-03-21 14:00:05.577934,XGBoost
4508,6368-NWMCE,0.288685,Low,19.673882339894774,2026-03-21 14:00:05.577934,XGBoost
4509,6368-TZZDT,0.00067186024,Low,0.013101274642394856,2026-03-21 14:00:05.577934,XGBoost
4510,6369-MCAKO,3.6584477e-06,Low,0.00032578476478875015,2026-03-21 14:00:05.577934,XGBoost
4511,6370-ZVHDV,0.002855255,Low,0.07223795240279288,2026-03-21 14:00:05.577934,XGBoost
4512,6371-NZYEG,0.23920265,Low,15.36877015978098,2026-03-21 14:00:05.577934,XGBoost
4513,6372-RFVNS,0.9997806,High,78.78271090984344,2026-03-21 14:00:05.577934,XGBoost
4514,6374-AFWOX,0.057290494,Low,3.761120960116387,2026-03-21 14:00:05.577934,XGBoost
4515,6374-NTQLP,3.302255e-05,Low,0.003437647293685586,2026-03-21 14:00:05.577934,XGBoost
4516,6376-GAHQE,0.9444862,High,73.52825073301791,2026-03-21 14:00:05.577934,XGBoost
4517,6377-KSLXC,0.00032981674,Low,0.006579844023508486,2026-03-21 14:00:05.577934,XGBoost
4518,6377-WHAOX,0.00034585624,Low,0.036712640125188045,2026-03-21 14:00:05.577934,XGBoost
4519,6379-RXJRQ,0.99821365,High,69.97477678060531,2026-03-21 14:00:05.577934,XGBoost
4520,6380-ARCEH,0.032533582,Low,0.6571783624589443,2026-03-21 14:00:05.577934,XGBoost
4521,6383-ZTSIW,0.00048197375,Low,0.047763598768506194,2026-03-21 14:00:05.577934,XGBoost
4522,6384-VMJHP,0.0007832652,Low,0.057178360992111266,2026-03-21 14:00:05.577934,XGBoost
4523,6386-SZZKH,0.99898106,High,107.84000527560711,2026-03-21 14:00:05.577934,XGBoost
4524,6388-TABGU,0.00014787132,Low,0.008302974834805354,2026-03-21 14:00:05.577934,XGBoost
4525,6390-DSAZX,0.9568785,High,70.42625637054442,2026-03-21 14:00:05.577934,XGBoost
4526,6393-WRYZE,0.9997273,High,97.6233716994524,2026-03-21 14:00:05.577934,XGBoost
4527,6394-HHHZM,0.00027055707,Low,0.00560053126537241,2026-03-21 14:00:05.577934,XGBoost
4528,6394-MFYNG,0.9978484,High,107.16891725063324,2026-03-21 14:00:05.577934,XGBoost
4529,6397-JNZZG,0.9997925,High,55.53847427666187,2026-03-21 14:00:05.577934,XGBoost
4530,6400-BWQKW,0.9977939,High,78.87560881376267,2026-03-21 14:00:05.577934,XGBoost
4531,6402-EJMWF,8.509085e-05,Low,0.004705523854499916,2026-03-21 14:00:05.577934,XGBoost
4532,6402-SSEJG,0.018531866,Low,1.1313704419881105,2026-03-21 14:00:05.577934,XGBoost
4533,6402-ZFPPI,0.9994893,High,102.74750080108642,2026-03-21 14:00:05.577934,XGBoost
4534,6407-GSJNL,0.0017657098,Low,0.04405446040909737,2026-03-21 14:00:05.577934,XGBoost
4535,6407-UTSLV,0.0019311788,Low,0.16183278756216168,2026-03-21 14:00:05.577934,XGBoost
4536,6408-OTUBZ,0.00038909723,Low,0.04068011532799574,2026-03-21 14:00:05.577934,XGBoost
4537,6408-WHTEF,7.2229927e-06,Low,0.0006457355505517626,2026-03-21 14:00:05.577934,XGBoost
4538,6410-LEFEN,0.8378332,High,37.82817014157772,2026-03-21 14:00:05.577934,XGBoost
4539,6413-XKKPU,0.99978787,High,89.38103531599046,2026-03-21 14:00:05.577934,XGBoost
4540,6416-JNVRK,0.00132647,Low,0.07381805849145166,2026-03-21 14:00:05.577934,XGBoost
4541,6416-TVAIH,0.9993549,High,68.45581057667732,2026-03-21 14:00:05.577934,XGBoost
4542,6416-YJTTB,0.00011468902,Low,0.009117777157371165,2026-03-21 14:00:05.577934,XGBoost
4543,6418-HNFED,0.00027433198,Low,0.022838137192593422,2026-03-21 14:00:05.577934,XGBoost
4544,6418-PIQSP,4.535222e-05,Low,0.0036735297289851587,2026-03-21 14:00:05.577934,XGBoost
4545,6419-ZTTLE,2.9696863e-05,Low,0.0006162099039102031,2026-03-21 14:00:05.577934,XGBoost
4546,6421-SZVEM,0.00036271333,Low,0.03005079909780761,2026-03-21 14:00:05.577934,XGBoost
4547,6424-ELEYH,0.908955,High,67.94438460469246,2026-03-21 14:00:05.577934,XGBoost
4548,6425-JWTDV,0.00014286781,Low,0.0027502053017087746,2026-03-21 14:00:05.577934,XGBoost
4549,6425-YQLLO,0.9999186,High,105.94137355685234,2026-03-21 14:00:05.577934,XGBoost
4550,6427-FEFIG,3.6262525e-05,Low,0.0028502344728622117,2026-03-21 14:00:05.577934,XGBoost
4551,6429-SHBCB,0.17545746,Low,12.211839401721953,2026-03-21 14:00:05.577934,XGBoost
4552,6432-TWQLB,0.93072164,High,79.48362810611725,2026-03-21 14:00:05.577934,XGBoost
4553,6434-TTGJP,0.00031826188,Low,0.017090663066483103,2026-03-21 14:00:05.577934,XGBoost
4554,6435-SRWBJ,0.00065193087,Low,0.053947279186104424,2026-03-21 14:00:05.577934,XGBoost
4555,6435-VWCCY,0.0012330026,Low,0.11429934441111982,2026-03-21 14:00:05.577934,XGBoost
4556,6437-UDQJM,2.7189839e-05,Low,0.0022866654493554957,2026-03-21 14:00:05.577934,XGBoost
4557,6437-UKHMV,0.9993332,High,79.64685626626014,2026-03-21 14:00:05.577934,XGBoost
4558,6439-GTPCA,0.84706974,High,73.90683484077454,2026-03-21 14:00:05.577934,XGBoost
4559,6439-LAJXL,0.0002699773,Low,0.018614934045763223,2026-03-21 14:00:05.577934,XGBoost
4560,6439-PKTRR,2.7177524e-05,Low,0.0021932262123300463,2026-03-21 14:00:05.577934,XGBoost
4561,6440-DKQGE,1.3424468e-05,Low,0.00086587820578643,2026-03-21 14:00:05.577934,XGBoost
4562,6445-TNRXS,5.8117756e-05,Low,0.006666106560805929,2026-03-21 14:00:05.577934,XGBoost
4563,6447-EGDIV,0.0005896257,Low,0.01235265793511644,2026-03-21 14:00:05.577934,XGBoost
4564,6447-GORXK,0.0226003,Low,0.5650075152516365,2026-03-21 14:00:05.577934,XGBoost
4565,6457-GIRWB,0.99967384,High,69.32738103866576,2026-03-21 14:00:05.577934,XGBoost
4566,6457-USBER,0.9996979,High,80.77559223175048,2026-03-21 14:00:05.577934,XGBoost
4567,6458-CYIDZ,0.0005225694,Low,0.04217135090148077,2026-03-21 14:00:05.577934,XGBoost
4568,6461-PPAXN,0.00012697218,Low,0.0069771214752108795,2026-03-21 14:00:05.577934,XGBoost
4569,6461-SZMCV,0.002223808,Low,0.1955839211237617,2026-03-21 14:00:05.577934,XGBoost
4570,6463-HHXJR,1.2445786e-05,Low,0.0012508014542618184,2026-03-21 14:00:05.577934,XGBoost
4571,6463-MVYRY,0.0023513618,Low,0.16424262120854108,2026-03-21 14:00:05.577934,XGBoost
4572,6464-KEXXH,0.00012195275,Low,0.003079306876315968,2026-03-21 14:00:05.577934,XGBoost
4573,6465-GSRCL,0.0068081603,Low,0.7257498920895159,2026-03-21 14:00:05.577934,XGBoost
4574,6467-CHFZW,0.673263,Medium,66.88868037760257,2026-03-21 14:00:05.577934,XGBoost
4575,6469-MRVET,0.0016741075,Low,0.03381697167642415,2026-03-21 14:00:05.577934,XGBoost
4576,6469-QJKZW,0.00021007028,Low,0.004232916224282235,2026-03-21 14:00:05.577934,XGBoost
4577,6473-ULUHT,0.0002817038,Low,0.02391665295290295,2026-03-21 14:00:05.577934,XGBoost
4578,6474-FVJLC,0.94267696,High,81.07021868228912,2026-03-21 14:00:05.577934,XGBoost
4579,6475-VHUIZ,0.00041798662,Low,0.02267577428574441,2026-03-21 14:00:05.577934,XGBoost
4580,6476-EPYZR,0.0055809547,Low,0.11440957174636424,2026-03-21 14:00:05.577934,XGBoost
4581,6476-YHMGA,0.11293574,Low,8.639583863317966,2026-03-21 14:00:05.577934,XGBoost
4582,6478-HRRCZ,1.9805639e-05,Low,0.0013962975253889454,2026-03-21 14:00:05.577934,XGBoost
4583,6479-OAUSD,3.1723222e-05,Low,0.0006312921275821281,2026-03-21 14:00:05.577934,XGBoost
4584,6479-SZPLM,1.5510343e-05,Low,0.0003016761628714448,2026-03-21 14:00:05.577934,XGBoost
4585,6479-VDGRK,1.4206991e-05,Low,0.0012118563477997667,2026-03-21 14:00:05.577934,XGBoost
4586,6480-YAGIY,0.10175066,Low,11.416423711180688,2026-03-21 14:00:05.577934,XGBoost
4587,6481-ESCNL,0.00024650793,Low,0.024786372418748214,2026-03-21 14:00:05.577934,XGBoost
4588,6481-LXPWL,3.73966e-05,Low,0.0013500172422936886,2026-03-21 14:00:05.577934,XGBoost
4589,6481-OGDOO,0.86224115,High,78.11904809474944,2026-03-21 14:00:05.577934,XGBoost
4590,6483-OATDN,0.026076877,Low,1.3377438152208923,2026-03-21 14:00:05.577934,XGBoost
4591,6484-LATFU,3.3542434e-05,Low,0.0008234667500801152,2026-03-21 14:00:05.577934,XGBoost
4592,6485-QXWWE,1.2471223e-05,Low,0.00032425180506834295,2026-03-21 14:00:05.577934,XGBoost
4593,6486-LHTMA,0.00070355594,Low,0.06381252369028516,2026-03-21 14:00:05.577934,XGBoost
4594,6490-FGZAT,0.050463524,Low,1.042071764729917,2026-03-21 14:00:05.577934,XGBoost
4595,6496-JDSSB,0.00042956867,Low,0.0343654933385551,2026-03-21 14:00:05.577934,XGBoost
4596,6496-SLWHQ,0.99983037,High,104.98218834400177,2026-03-21 14:00:05.577934,XGBoost
4597,6497-TILVL,0.00037146194,Low,0.01883312025165651,2026-03-21 14:00:05.577934,XGBoost
4598,6500-JVEGC,0.00011744453,Low,0.01190300289854349,2026-03-21 14:00:05.577934,XGBoost
4599,6502-HCJTI,0.67575705,Medium,63.994192683696745,2026-03-21 14:00:05.577934,XGBoost
4600,6502-KUGLL,0.00018861069,Low,0.011212905586580746,2026-03-21 14:00:05.577934,XGBoost
4601,6502-MJQAE,0.99967897,High,69.57765626907349,2026-03-21 14:00:05.577934,XGBoost
4602,6504-VBLFL,0.0022988578,Low,0.13471306613646447,2026-03-21 14:00:05.577934,XGBoost
4603,6505-OZNPG,6.714076e-05,Low,0.0042567242810036985,2026-03-21 14:00:05.577934,XGBoost
4604,6506-EYCNH,8.6064894e-05,Low,0.0016825686830998167,2026-03-21 14:00:05.577934,XGBoost
4605,6507-DTJZV,0.00016807033,Low,0.011159869784023614,2026-03-21 14:00:05.577934,XGBoost
4606,6507-ZJSUR,0.00059071777,Low,0.053430422226665546,2026-03-21 14:00:05.577934,XGBoost
4607,6508-NJYRO,6.5964836e-05,Low,0.0012401389132719487,2026-03-21 14:00:05.577934,XGBoost
4608,6509-TSGWN,0.0072357985,Low,0.19138687083031983,2026-03-21 14:00:05.577934,XGBoost
4609,6510-UPNKS,5.4331835e-05,Low,0.0013474295003106818,2026-03-21 14:00:05.577934,XGBoost
4610,6513-EECDB,0.9994191,High,73.50727429986,2026-03-21 14:00:05.577934,XGBoost
4611,6516-NKQBO,0.044797264,Low,3.6285783872008324,2026-03-21 14:00:05.577934,XGBoost
4612,6518-KZXCB,4.3302807e-05,Low,0.0010933958810710465,2026-03-21 14:00:05.577934,XGBoost
4613,6518-LGAOV,0.9996766,High,104.96604144573212,2026-03-21 14:00:05.577934,XGBoost
4614,6518-PPLMZ,0.0012631683,Low,0.024505464849062263,2026-03-21 14:00:05.577934,XGBoost
4615,6519-CFDBX,0.0001802695,Low,0.008184235490625724,2026-03-21 14:00:05.577934,XGBoost
4616,6519-ZHPXP,1.9781743e-05,Low,0.0021423627229523842,2026-03-21 14:00:05.577934,XGBoost
4617,6521-YYTYI,0.94465667,High,88.13646731972695,2026-03-21 14:00:05.577934,XGBoost
4618,6522-OIQSX,1.3075806e-05,Low,0.0007185155527167808,2026-03-21 14:00:05.577934,XGBoost
4619,6522-YRBXD,0.2887604,Low,27.302295239269732,2026-03-21 14:00:05.577934,XGBoost
4620,6527-PZFPV,1.1842812e-05,Low,0.00024633048014948143,2026-03-21 14:00:05.577934,XGBoost
4621,6532-YLWSI,0.61796385,Medium,12.85364809036255,2026-03-21 14:00:05.577934,XGBoost
4622,6537-OTKMY,0.00044533575,Low,0.022600789525313303,2026-03-21 14:00:05.577934,XGBoost
4623,6537-QLGEX,0.00010380619,Low,0.004038060757739004,2026-03-21 14:00:05.577934,XGBoost
4624,6538-POCHL,0.00038712905,Low,0.030583195242797956,2026-03-21 14:00:05.577934,XGBoost
4625,6542-LWGXJ,0.07427357,Low,1.8568392843008041,2026-03-21 14:00:05.577934,XGBoost
4626,6543-CPZMK,0.999148,High,29.924482935667037,2026-03-21 14:00:05.577934,XGBoost
4627,6543-JXSOO,2.9551766e-05,Low,0.0017066144687305496,2026-03-21 14:00:05.577934,XGBoost
4628,6543-XRMYR,0.89261955,High,88.99416915774346,2026-03-21 14:00:05.577934,XGBoost
4629,6546-OPBBH,5.5561463e-06,Low,0.0001330697047023932,2026-03-21 14:00:05.577934,XGBoost
4630,6549-BTYPG,0.0012547695,Low,0.07628998607397079,2026-03-21 14:00:05.577934,XGBoost
4631,6549-NNDYT,0.0005072329,Low,0.01564813520235475,2026-03-21 14:00:05.577934,XGBoost
4632,6549-YMFAW,0.037146233,Low,0.7893574517220259,2026-03-21 14:00:05.577934,XGBoost
4633,6551-GNYDG,0.00037006786,Low,0.029938490231870677,2026-03-21 14:00:05.577934,XGBoost
4634,6551-VLJMV,3.5514062e-05,Low,0.0007120569409380551,2026-03-21 14:00:05.577934,XGBoost
4635,6551-ZCOTS,2.8510844e-05,Low,0.0007099200043739983,2026-03-21 14:00:05.577934,XGBoost
4636,6556-DBKZF,7.577104e-06,Low,0.0005762387624599796,2026-03-21 14:00:05.577934,XGBoost
4637,6557-BZXLQ,0.00015637102,Low,0.010891241876379356,2026-03-21 14:00:05.577934,XGBoost
4638,6559-ILWKJ,0.99706715,High,49.20526402294636,2026-03-21 14:00:05.577934,XGBoost
4639,6559-PDZLR,0.0015941338,Low,0.15726129853283055,2026-03-21 14:00:05.577934,XGBoost
4640,6559-RAKOZ,9.102401e-06,Low,0.0008915802010960761,2026-03-21 14:00:05.577934,XGBoost
4641,6563-VNPMN,0.0004917045,Low,0.042139075713930656,2026-03-21 14:00:05.577934,XGBoost
4642,6563-VRERX,0.0006818908,Low,0.01404695078963414,2026-03-21 14:00:05.577934,XGBoost
4643,6567-HOOPW,0.9948448,High,78.79170770645142,2026-03-21 14:00:05.577934,XGBoost
4644,6568-POCUI,0.00015123852,Low,0.01439790716394782,2026-03-21 14:00:05.577934,XGBoost
4645,6569-KTMDU,0.00036139897,Low,0.006902720296056941,2026-03-21 14:00:05.577934,XGBoost
4646,6572-ADKRS,6.14221e-05,Low,0.004594373001600615,2026-03-21 14:00:05.577934,XGBoost
4647,6574-MCOEH,0.007207938,Low,0.5705082930391655,2026-03-21 14:00:05.577934,XGBoost
4648,6575-SUVOI,0.00014100889,Low,0.009800117717531975,2026-03-21 14:00:05.577934,XGBoost
4649,6576-FBXOJ,0.0010602777,Low,0.05789116183295846,2026-03-21 14:00:05.577934,XGBoost
4650,6578-KRMAW,0.07651707,Low,7.14669413715601,2026-03-21 14:00:05.577934,XGBoost
4651,6579-JPICP,0.00014703543,Low,0.002999522828031331,2026-03-21 14:00:05.577934,XGBoost
4652,6581-NQCBA,0.9360073,High,46.753565678000456,2026-03-21 14:00:05.577934,XGBoost
4653,6582-OIVSP,0.00048593062,Low,0.022012657127925193,2026-03-21 14:00:05.577934,XGBoost
4654,6582-PLFUU,7.740483e-05,Low,0.0015132644508412342,2026-03-21 14:00:05.577934,XGBoost
4655,6583-KQJLK,0.213976,Low,20.2528280004859,2026-03-21 14:00:05.577934,XGBoost
4656,6583-QGCSI,0.9999293,High,88.04377564787865,2026-03-21 14:00:05.577934,XGBoost
4657,6583-SZVGP,0.119063415,Low,12.870755121856927,2026-03-21 14:00:05.577934,XGBoost
4658,6584-VQMYT,4.956704e-06,Low,0.00027856675542352604,2026-03-21 14:00:05.577934,XGBoost
4659,6585-WCEWR,8.261095e-06,Low,0.00016811328305266215,2026-03-21 14:00:05.577934,XGBoost
4660,6586-MYGKD,0.00021839277,Low,0.0168053237888671,2026-03-21 14:00:05.577934,XGBoost
4661,6586-PSJOX,0.07701595,Low,4.251280510425568,2026-03-21 14:00:05.577934,XGBoost
4662,6591-QGOYB,0.00013314142,Low,0.01419953288641409,2026-03-21 14:00:05.577934,XGBoost
4663,6595-COKXZ,0.85401464,High,37.96095052957535,2026-03-21 14:00:05.577934,XGBoost
4664,6595-YGXIT,0.9996979,High,88.92313030958177,2026-03-21 14:00:05.577934,XGBoost
4665,6598-KELSS,0.0001843882,Low,0.007937912247871281,2026-03-21 14:00:05.577934,XGBoost
4666,6598-RFFVI,0.9967512,High,19.23729795217514,2026-03-21 14:00:05.577934,XGBoost
4667,6599-CEBNN,0.9983027,High,73.82448452711105,2026-03-21 14:00:05.577934,XGBoost
4668,6599-GZWCM,0.00023166722,Low,0.01729395782604115,2026-03-21 14:00:05.577934,XGBoost
4669,6599-RCLCJ,0.9987834,High,109.41672252118587,2026-03-21 14:00:05.577934,XGBoost
4670,6599-SFQVE,0.00012896923,Low,0.007093307649483904,2026-03-21 14:00:05.577934,XGBoost
4671,6603-QWSPR,8.262628e-05,Low,0.008626183288288304,2026-03-21 14:00:05.577934,XGBoost
4672,6603-YRDCJ,8.340779e-05,Low,0.005092045415585744,2026-03-21 14:00:05.577934,XGBoost
4673,6608-QQLVK,0.9988403,High,50.441433757543564,2026-03-21 14:00:05.577934,XGBoost
4674,6609-MXJHJ,1.9559952e-06,Low,4.909548028990685e-05,2026-03-21 14:00:05.577934,XGBoost
4675,6614-FHDBO,0.00011753268,Low,0.012834569023107178,2026-03-21 14:00:05.577934,XGBoost
4676,6614-VBEGU,0.00043412365,Low,0.0301498874250683,2026-03-21 14:00:05.577934,XGBoost
4677,6614-YOLAC,0.0002951079,Low,0.01730807793501299,2026-03-21 14:00:05.577934,XGBoost
4678,6614-YWYSC,0.10712117,Low,2.678029239177704,2026-03-21 14:00:05.577934,XGBoost
4679,6615-NGGZJ,0.9472374,High,95.24471779465675,2026-03-21 14:00:05.577934,XGBoost
4680,6615-ZGEDR,0.99995184,High,19.69905123710632,2026-03-21 14:00:05.577934,XGBoost
4681,6616-AALSR,0.00035967285,Low,0.037513878181925975,2026-03-21 14:00:05.577934,XGBoost
4682,6617-WLBQC,0.0034204847,Low,0.27996667416300625,2026-03-21 14:00:05.577934,XGBoost
4683,6618-RYATB,0.99982965,High,79.53644865155219,2026-03-21 14:00:05.577934,XGBoost
4684,6619-RPLQZ,9.317395e-06,Low,0.0001942676830367418,2026-03-21 14:00:05.577934,XGBoost
4685,6620-HVDUJ,8.979461e-05,Low,0.005428084075174411,2026-03-21 14:00:05.577934,XGBoost
4686,6620-JDYNW,0.19491075,Low,11.811591437458992,2026-03-21 14:00:05.577934,XGBoost
4687,6621-NRZAK,1.0902194e-05,Low,0.00021804387870361097,2026-03-21 14:00:05.577934,XGBoost
4688,6621-YOBKI,0.046062306,Low,0.937367918342352,2026-03-21 14:00:05.577934,XGBoost
4689,6624-JDRDS,0.0028406722,Low,0.08365779493469745,2026-03-21 14:00:05.577934,XGBoost
4690,6625-FLENO,9.672779e-05,Low,0.002007101607887307,2026-03-21 14:00:05.577934,XGBoost
4691,6625-IUTTT,4.5749766e-05,Low,0.00299889718007762,2026-03-21 14:00:05.577934,XGBoost
4692,6625-UTXEW,0.00072879734,Low,0.03735086378583219,2026-03-21 14:00:05.577934,XGBoost
4693,6627-CFOSN,0.00031026275,Low,0.030855630732548888,2026-03-21 14:00:05.577934,XGBoost
4694,6629-CZTTH,0.9004519,High,50.155170750617984,2026-03-21 14:00:05.577934,XGBoost
4695,6629-LADHQ,0.00023670318,Low,0.012060027264669771,2026-03-21 14:00:05.577934,XGBoost
4696,6630-UJZMY,0.0017817866,Low,0.1483337310492061,2026-03-21 14:00:05.577934,XGBoost
4697,6631-HMANX,3.4471672e-05,Low,0.002945604357410048,2026-03-21 14:00:05.577934,XGBoost
4698,6633-MPWBS,0.8698783,High,42.79801197052002,2026-03-21 14:00:05.577934,XGBoost
4699,6633-SYEUS,0.00021469971,Low,0.017863016203045846,2026-03-21 14:00:05.577934,XGBoost
4700,6635-CPNUN,0.0009511145,Low,0.09187766244867816,2026-03-21 14:00:05.577934,XGBoost
4701,6635-MYYYZ,0.015272361,Low,1.303496030671522,2026-03-21 14:00:05.577934,XGBoost
4702,6637-KYRCV,0.0010119987,Low,0.03086596162756905,2026-03-21 14:00:05.577934,XGBoost
4703,6641-XRPSU,0.998706,High,69.90941882133484,2026-03-21 14:00:05.577934,XGBoost
4704,6645-MXQJT,0.00086328073,Low,0.0838245588238351,2026-03-21 14:00:05.577934,XGBoost
4705,6646-JPPHA,0.00030232072,Low,0.02383798913360806,2026-03-21 14:00:05.577934,XGBoost
4706,6646-QVXLR,0.99828774,High,103.5723527520895,2026-03-21 14:00:05.577934,XGBoost
4707,6646-VRFOL,0.9997894,High,103.82813093364238,2026-03-21 14:00:05.577934,XGBoost
4708,6647-ZEDXT,0.00017409987,Low,0.019229330695816317,2026-03-21 14:00:05.577934,XGBoost
4709,6648-INWPS,6.791303e-05,Low,0.0013684475881746037,2026-03-21 14:00:05.577934,XGBoost
4710,6650-BWFRT,5.177323e-05,Low,0.006065233852677921,2026-03-21 14:00:05.577934,XGBoost
4711,6650-VJONK,0.00020042792,Low,0.008788764428754803,2026-03-21 14:00:05.577934,XGBoost
4712,6651-AZVTJ,0.9988518,High,99.68540725708007,2026-03-21 14:00:05.577934,XGBoost
4713,6651-RLGGM,1.9449912e-05,Low,0.0005115326759550954,2026-03-21 14:00:05.577934,XGBoost
4714,6652-YFFJO,0.09890767,Low,6.419107904285193,2026-03-21 14:00:05.577934,XGBoost
4715,6653-CBBOM,0.9998318,High,70.2881752371788,2026-03-21 14:00:05.577934,XGBoost
4716,6654-QGBZZ,0.0006674977,Low,0.01328320403699763,2026-03-21 14:00:05.577934,XGBoost
4717,6655-LHBYW,0.00014382105,Low,0.01644593656892539,2026-03-21 14:00:05.577934,XGBoost
4718,6656-GULJQ,9.745368e-06,Low,0.0008142254635004065,2026-03-21 14:00:05.577934,XGBoost
4719,6656-JWRQX,0.0020098295,Low,0.06140029141679406,2026-03-21 14:00:05.577934,XGBoost
4720,6661-EIPZC,0.00014057459,Low,0.00414695029030554,2026-03-21 14:00:05.577934,XGBoost
4721,6661-HBGWL,0.90509874,High,94.80909262597561,2026-03-21 14:00:05.577934,XGBoost
4722,6663-JOCQO,0.00029489555,Low,0.022190890260390006,2026-03-21 14:00:05.577934,XGBoost
4723,6664-FPDAC,0.9992956,High,111.87114155888558,2026-03-21 14:00:05.577934,XGBoost
4724,6668-CNMFP,2.2240582e-05,Low,0.0019871959596457598,2026-03-21 14:00:05.577934,XGBoost
4725,6670-MFRPK,1.8405923e-05,Low,0.001457749075780157,2026-03-21 14:00:05.577934,XGBoost
4726,6671-NGWON,0.00015801046,Low,0.0032155128224985677,2026-03-21 14:00:05.577934,XGBoost
4727,6674-KVJHG,0.00053588167,Low,0.013504218100570143,2026-03-21 14:00:05.577934,XGBoost
4728,6680-NENYN,0.9993912,High,104.53631932735442,2026-03-21 14:00:05.577934,XGBoost
4729,6680-WKXRZ,0.9995409,High,74.36584482192994,2026-03-21 14:00:05.577934,XGBoost
4730,6681-ZSEXG,0.008470901,Low,0.5040186266414821,2026-03-21 14:00:05.577934,XGBoost
4731,6682-QJDGB,0.8266307,High,45.67134681344032,2026-03-21 14:00:05.577934,XGBoost
4732,6682-VCIXC,0.00047214032,Low,0.024197191596613266,2026-03-21 14:00:05.577934,XGBoost
4733,6683-VLCTZ,0.99983454,High,98.5336936712265,2026-03-21 14:00:05.577934,XGBoost
4734,6685-GBWJZ,0.00016919799,Low,0.011979217344196514,2026-03-21 14:00:05.577934,XGBoost
4735,6685-XSHHU,4.3939126e-05,Low,0.0009205246906276443,2026-03-21 14:00:05.577934,XGBoost
4736,6686-YPGHK,0.83371246,High,71.28241521120071,2026-03-21 14:00:05.577934,XGBoost
4737,6688-UZPWD,0.9996799,High,101.96735215187073,2026-03-21 14:00:05.577934,XGBoost
4738,6689-KXGBO,0.99665064,High,50.3806896597147,2026-03-21 14:00:05.577934,XGBoost
4739,6689-TCZHQ,0.8837383,High,69.77113715410233,2026-03-21 14:00:05.577934,XGBoost
4740,6689-VRRTK,0.00012587901,Low,0.01382151577854529,2026-03-21 14:00:05.577934,XGBoost
4741,6691-CCIHA,0.00019415225,Low,0.016493233603978297,2026-03-21 14:00:05.577934,XGBoost
4742,6692-UDPJC,0.78760225,High,72.18374582827092,2026-03-21 14:00:05.577934,XGBoost
4743,6692-YQHXC,5.1465962e-05,Low,0.003600044063932728,2026-03-21 14:00:05.577934,XGBoost
4744,6693-DJWTY,0.0031177935,Low,0.17334931707009674,2026-03-21 14:00:05.577934,XGBoost
4745,6693-FRIRW,0.42922136,Medium,43.4801239579916,2026-03-21 14:00:05.577934,XGBoost
4746,6695-AMZUF,5.0056195e-05,Low,0.004327358022783301,2026-03-21 14:00:05.577934,XGBoost
4747,6695-FRVEC,0.016917665,Low,1.0218269392848014,2026-03-21 14:00:05.577934,XGBoost
4748,6696-YDAYZ,5.084052e-06,Low,0.00010422306991131336,2026-03-21 14:00:05.577934,XGBoost
4749,6698-OXETB,0.0018923745,Low,0.03860443937592208,2026-03-21 14:00:05.577934,XGBoost
4750,6701-DHKWQ,0.00027632937,Low,0.014189513363817241,2026-03-21 14:00:05.577934,XGBoost
4751,6701-YVNQG,1.9022043e-05,Low,0.0016872552574568546,2026-03-21 14:00:05.577934,XGBoost
4752,6702-OHFWR,0.9998789,High,43.294755649566646,2026-03-21 14:00:05.577934,XGBoost
4753,6704-UTUKK,0.00072167447,Low,0.03312485820497386,2026-03-21 14:00:05.577934,XGBoost
4754,6705-LNMDD,0.00014781451,Low,0.00739072565920651,2026-03-21 14:00:05.577934,XGBoost
4755,6705-LXORM,0.0014016872,Low,0.09818818537169136,2026-03-21 14:00:05.577934,XGBoost
4756,6710-HSJRD,0.00015020347,Low,0.017138216155581174,2026-03-21 14:00:05.577934,XGBoost
4757,6711-FLDFB,0.8679264,High,65.00768876671792,2026-03-21 14:00:05.577934,XGBoost
4758,6711-VTNRE,0.99943393,High,87.50044098198414,2026-03-21 14:00:05.577934,XGBoost
4759,6712-OAWRH,0.8736415,High,79.71978604793549,2026-03-21 14:00:05.577934,XGBoost
4760,6713-OKOMC,0.00071311096,Low,0.021215051048784517,2026-03-21 14:00:05.577934,XGBoost
4761,6715-OFDBP,0.9988519,High,69.96957526803017,2026-03-21 14:00:05.577934,XGBoost
4762,6718-BDGHG,0.17583641,Low,11.402991454303264,2026-03-21 14:00:05.577934,XGBoost
4763,6719-FGEDO,0.0030079659,Low,0.2917726885061711,2026-03-21 14:00:05.577934,XGBoost
4764,6719-OXYBR,0.00042515463,Low,0.03626569030457176,2026-03-21 14:00:05.577934,XGBoost
4765,6723-CEGQI,2.7871585e-05,Low,0.001261189229808224,2026-03-21 14:00:05.577934,XGBoost
4766,6723-WSNTY,0.00017806643,Low,0.019248981249984354,2026-03-21 14:00:05.577934,XGBoost
4767,6725-TPKJO,2.4594932e-05,Low,0.0004931283917358087,2026-03-21 14:00:05.577934,XGBoost
4768,6726-NNFWD,0.08874084,Low,7.937868187576533,2026-03-21 14:00:05.577934,XGBoost
4769,6726-WEXXK,4.4935277e-05,Low,0.003859940328766243,2026-03-21 14:00:05.577934,XGBoost
4770,6727-IOTLZ,3.2009575e-05,Low,0.0026231846777591272,2026-03-21 14:00:05.577934,XGBoost
4771,6728-CZFEI,0.00055550324,Low,0.03119150694401469,2026-03-21 14:00:05.577934,XGBoost
4772,6728-DKUCO,0.00019569279,Low,0.020381403881765438,2026-03-21 14:00:05.577934,XGBoost
4773,6728-VOIFY,0.2318258,Low,22.255276679992676,2026-03-21 14:00:05.577934,XGBoost
4774,6728-WYQBC,0.00015337771,Low,0.0032132630323758347,2026-03-21 14:00:05.577934,XGBoost
4775,6729-FZWSY,8.067423e-05,Low,0.0015691138098191005,2026-03-21 14:00:05.577934,XGBoost
4776,6729-GDNGC,0.24464624,Low,19.742951269447804,2026-03-21 14:00:05.577934,XGBoost
4777,6732-FZUGP,8.677948e-05,Low,0.008235372711351375,2026-03-21 14:00:05.577934,XGBoost
4778,6732-VAILE,0.00011015205,Low,0.009467568400577876,2026-03-21 14:00:05.577934,XGBoost
4779,6733-LRIZX,6.875015e-05,Low,0.007490329106440186,2026-03-21 14:00:05.577934,XGBoost
4780,6734-CKRSM,0.12197249,Low,2.439449727535248,2026-03-21 14:00:05.577934,XGBoost
4781,6734-FQAJX,0.0012839235,Low,0.1348761650675442,2026-03-21 14:00:05.577934,XGBoost
4782,6734-GMPVK,0.29013437,Low,30.55114919543266,2026-03-21 14:00:05.577934,XGBoost
4783,6734-JDTTV,6.314062e-05,Low,0.0012533413453638788,2026-03-21 14:00:05.577934,XGBoost
4784,6734-PSBAW,0.00011125624,Low,0.002620084418958868,2026-03-21 14:00:05.577934,XGBoost
4785,6736-DHUQI,0.0005563998,Low,0.04718270413577556,2026-03-21 14:00:05.577934,XGBoost
4786,6738-ISCBM,0.00026784596,Low,0.01446368166944012,2026-03-21 14:00:05.577934,XGBoost
4787,6741-EGCBI,0.00023029056,Low,0.020841295969148632,2026-03-21 14:00:05.577934,XGBoost
4788,6741-QRLUP,0.0036716978,Low,0.29483733386732636,2026-03-21 14:00:05.577934,XGBoost
4789,6743-HHQPF,0.0002511657,Low,0.0063042592606507245,2026-03-21 14:00:05.577934,XGBoost
4790,6745-JEFZB,0.107816674,Low,9.865225654095411,2026-03-21 14:00:05.577934,XGBoost
4791,6746-WAUWT,7.661466e-05,Low,0.001509308846289059,2026-03-21 14:00:05.577934,XGBoost
4792,6749-UTDVX,0.0005046834,Low,0.05231043566891458,2026-03-21 14:00:05.577934,XGBoost
4793,6752-APNJL,0.000565688,Low,0.03082999651087448,2026-03-21 14:00:05.577934,XGBoost
4794,6754-LZUKA,0.00013958987,Low,0.011292820690141526,2026-03-21 14:00:05.577934,XGBoost
4795,6754-WKSHP,4.44221e-06,Low,0.00011261002239280061,2026-03-21 14:00:05.577934,XGBoost
4796,6762-NSODU,0.0014426729,Low,0.02798785460181534,2026-03-21 14:00:05.577934,XGBoost
4797,6762-QVYJO,2.0982276e-05,Low,0.0012536909671325702,2026-03-21 14:00:05.577934,XGBoost
4798,6765-MBQNU,2.5873724e-05,Low,0.000672716814733576,2026-03-21 14:00:05.577934,XGBoost
4799,6766-HFKLA,0.00024175683,Low,0.024949305073823782,2026-03-21 14:00:05.577934,XGBoost
4800,6769-DCQLI,0.9989967,High,104.89465087652206,2026-03-21 14:00:05.577934,XGBoost
4801,6769-DYBQN,0.85174763,High,72.39854872226715,2026-03-21 14:00:05.577934,XGBoost
4802,6770-UAYGJ,4.706324e-06,Low,0.00011883468187079416,2026-03-21 14:00:05.577934,XGBoost
4803,6770-XUAGN,0.99961096,High,20.99183017015457,2026-03-21 14:00:05.577934,XGBoost
4804,6771-XWBDM,0.8992853,High,93.9753155708313,2026-03-21 14:00:05.577934,XGBoost
4805,6772-KSATR,0.999936,High,81.69476994276047,2026-03-21 14:00:05.577934,XGBoost
4806,6772-WFQRD,0.00015994822,Low,0.0032629436929710208,2026-03-21 14:00:05.577934,XGBoost
4807,6773-LQTVT,2.9605839e-05,Low,0.0010554481528743053,2026-03-21 14:00:05.577934,XGBoost
4808,6776-TLWOI,0.99618536,High,19.774279442429545,2026-03-21 14:00:05.577934,XGBoost
4809,6777-TGHTM,0.99908423,High,106.85205885171891,2026-03-21 14:00:05.577934,XGBoost
4810,6778-EICRF,1.5034393e-05,Low,0.0011245726018387359,2026-03-21 14:00:05.577934,XGBoost
4811,6778-JFCMK,3.017147e-05,Low,0.0015266763777617598,2026-03-21 14:00:05.577934,XGBoost
4812,6778-YSNIH,8.426359e-05,Low,0.004971551970811561,2026-03-21 14:00:05.577934,XGBoost
4813,6784-XYJAE,9.4546696e-05,Low,0.005275705656094942,2026-03-21 14:00:05.577934,XGBoost
4814,6786-OBWQR,0.9320366,High,75.35515738427638,2026-03-21 14:00:05.577934,XGBoost
4815,6789-HJBWG,0.7947727,High,39.26177061796188,2026-03-21 14:00:05.577934,XGBoost
4816,6791-YBNAK,3.520881e-05,Low,0.0008995850956125651,2026-03-21 14:00:05.577934,XGBoost
4817,6794-HKIAJ,0.021190546,Low,1.9219825632870198,2026-03-21 14:00:05.577934,XGBoost
4818,6797-LNAQX,0.9929853,High,97.61045579314232,2026-03-21 14:00:05.577934,XGBoost
4819,6797-UCJHZ,0.00055974216,Low,0.058549029415007676,2026-03-21 14:00:05.577934,XGBoost
4820,6804-GDMOI,0.6858115,Medium,73.10750799179077,2026-03-21 14:00:05.577934,XGBoost
4821,6806-YDEUL,0.050398678,Low,0.9827742129564285,2026-03-21 14:00:05.577934,XGBoost
4822,6807-SIWJI,0.0076225586,Low,0.799225271679461,2026-03-21 14:00:05.577934,XGBoost
4823,6810-VCAEX,8.5495565e-05,Low,0.003389899157991749,2026-03-21 14:00:05.577934,XGBoost
4824,6813-GZQCG,3.1582345e-05,Low,0.0007785048141158768,2026-03-21 14:00:05.577934,XGBoost
4825,6814-ZPWFQ,2.4726702e-05,Low,0.0006181675416883081,2026-03-21 14:00:05.577934,XGBoost
4826,6815-ABQFQ,0.12336383,Low,13.230770783498883,2026-03-21 14:00:05.577934,XGBoost
4827,6817-WTYHE,0.00034432297,Low,0.01546010113961529,2026-03-21 14:00:05.577934,XGBoost
4828,6818-DJXAA,0.00017631306,Low,0.01606211946782423,2026-03-21 14:00:05.577934,XGBoost
4829,6818-WOBHJ,0.5283963,Medium,47.34430923461914,2026-03-21 14:00:05.577934,XGBoost
4830,6821-BUXUX,0.9664774,High,93.41004014015198,2026-03-21 14:00:05.577934,XGBoost
4831,6821-JPCDC,0.028599916,Low,2.7756218503229317,2026-03-21 14:00:05.577934,XGBoost
4832,6823-SIDFQ,0.0056495564,Low,0.10310440440662205,2026-03-21 14:00:05.577934,XGBoost
4833,6825-UYPFK,0.998966,High,75.5218279838562,2026-03-21 14:00:05.577934,XGBoost
4834,6827-IEAUQ,0.013977499,Low,0.9246115421410651,2026-03-21 14:00:05.577934,XGBoost
4835,6828-HMKWP,5.56453e-05,Low,0.0011713335959939286,2026-03-21 14:00:05.577934,XGBoost
4836,6833-JMZYP,0.16672637,Low,15.672278374433517,2026-03-21 14:00:05.577934,XGBoost
4837,6834-NXDCA,0.9960181,High,23.80483286976814,2026-03-21 14:00:05.577934,XGBoost
4838,6837-BJYDQ,1.2419749e-05,Low,0.0002434270725643728,2026-03-21 14:00:05.577934,XGBoost
4839,6837-HAEVO,0.00067061087,Low,0.07041414122795686,2026-03-21 14:00:05.577934,XGBoost
4840,6838-HVLXG,0.0001508485,Low,0.003062224554014392,2026-03-21 14:00:05.577934,XGBoost
4841,6838-YAUVY,0.0013707967,Low,0.13036276625934987,2026-03-21 14:00:05.577934,XGBoost
4842,6839-ITVZJ,0.27516735,Low,16.523799127340315,2026-03-21 14:00:05.577934,XGBoost
4843,6840-RESVB,2.8280696e-05,Low,0.0023982030135812236,2026-03-21 14:00:05.577934,XGBoost
4844,6844-DZKRF,0.0003929587,Low,0.019726526562590153,2026-03-21 14:00:05.577934,XGBoost
4845,6845-RGTYS,0.9453529,High,93.35360005497932,2026-03-21 14:00:05.577934,XGBoost
4846,6847-KJLTS,0.00015691262,Low,0.01575402684393339,2026-03-21 14:00:05.577934,XGBoost
4847,6848-HJTXY,5.7259298e-05,Low,0.0011136933469970244,2026-03-21 14:00:05.577934,XGBoost
4848,6848-YLDFR,1.7114704e-05,Low,0.0012870257371105254,2026-03-21 14:00:05.577934,XGBoost
4849,6849-OYAMU,0.5321498,Medium,53.21497917175293,2026-03-21 14:00:05.577934,XGBoost
4850,6849-WLEYG,0.9993445,High,19.73705442249775,2026-03-21 14:00:05.577934,XGBoost
4851,6851-WEFYX,0.00014990386,Low,0.01511030935216695,2026-03-21 14:00:05.577934,XGBoost
4852,6854-EXGSF,0.00032323887,Low,0.021172145978198387,2026-03-21 14:00:05.577934,XGBoost
4853,6855-VLGOS,1.0001076e-05,Low,0.00020552210521600502,2026-03-21 14:00:05.577934,XGBoost
4854,6856-RAURS,0.00053307816,Low,0.03992755395011045,2026-03-21 14:00:05.577934,XGBoost
4855,6857-TKDJV,5.191601e-05,Low,0.0012797296316421124,2026-03-21 14:00:05.577934,XGBoost
4856,6857-VWJDT,0.99987197,High,95.6377538561821,2026-03-21 14:00:05.577934,XGBoost
4857,6859-QNXIQ,9.804928e-06,Low,0.001108937321259873,2026-03-21 14:00:05.577934,XGBoost
4858,6859-RKMZJ,0.0007657606,Low,0.042155121240648435,2026-03-21 14:00:05.577934,XGBoost
4859,6860-YRJZP,0.0009222557,Low,0.06829303337726741,2026-03-21 14:00:05.577934,XGBoost
4860,6861-OKBCE,0.9983468,High,20.066770792007446,2026-03-21 14:00:05.577934,XGBoost
4861,6861-XWTWQ,0.99976057,High,99.22623638808727,2026-03-21 14:00:05.577934,XGBoost
4862,6862-CQUMB,0.25848806,Low,24.84070247411728,2026-03-21 14:00:05.577934,XGBoost
4863,6865-JZNKO,0.03556388,Low,1.9666824929416178,2026-03-21 14:00:05.577934,XGBoost
4864,6867-ACCZI,5.124386e-06,Low,0.00026903026537183905,2026-03-21 14:00:05.577934,XGBoost
4865,6869-FGJJC,4.392329e-05,Low,0.0034962938778335226,2026-03-21 14:00:05.577934,XGBoost
4866,6870-ECSHE,0.00039323283,Low,0.00804161128035048,2026-03-21 14:00:05.577934,XGBoost
4867,6870-ZWMNX,0.0017722422,Low,0.13486763514811173,2026-03-21 14:00:05.577934,XGBoost
4868,6872-HXFNF,0.000138784,Low,0.008098046519444324,2026-03-21 14:00:05.577934,XGBoost
4869,6873-UDNLD,0.00063878065,Low,0.0430857548257336,2026-03-21 14:00:05.577934,XGBoost
4870,6874-SGLHU,0.0001311937,Low,0.012725788314128295,2026-03-21 14:00:05.577934,XGBoost
4871,6876-ADESB,0.9265664,High,45.3554263561964,2026-03-21 14:00:05.577934,XGBoost
4872,6877-LGWXO,0.99776626,High,78.37453943490982,2026-03-21 14:00:05.577934,XGBoost
4873,6877-TJMBR,0.95963347,High,81.37691822052001,2026-03-21 14:00:05.577934,XGBoost
4874,6878-GGDWG,0.0004265769,Low,0.00827559204190038,2026-03-21 14:00:05.577934,XGBoost
4875,6885-PKOAM,6.522703e-05,Low,0.005593217983914656,2026-03-21 14:00:05.577934,XGBoost
4876,6888-SBYAI,0.00041447903,Low,0.0210140867769951,2026-03-21 14:00:05.577934,XGBoost
4877,6890-PFRQX,7.198585e-05,Low,0.0050030166312353685,2026-03-21 14:00:05.577934,XGBoost
4878,6891-JPYFF,0.034156464,Low,3.5949678402394056,2026-03-21 14:00:05.577934,XGBoost
4879,6892-BOGQE,0.00037605685,Low,0.007859588178689592,2026-03-21 14:00:05.577934,XGBoost
4880,6892-EZDTG,0.9996793,High,91.62061032056809,2026-03-21 14:00:05.577934,XGBoost
4881,6892-XPFPU,0.9266991,High,96.60838137567043,2026-03-21 14:00:05.577934,XGBoost
4882,6893-ODYYE,0.0001564832,Low,0.014099136815639212,2026-03-21 14:00:05.577934,XGBoost
4883,6894-LFHLY,0.9999045,High,75.74276688694954,2026-03-21 14:00:05.577934,XGBoost
4884,6896-SRVYQ,0.00032920513,Low,0.024311798557755535,2026-03-21 14:00:05.577934,XGBoost
4885,6897-RWMUB,0.0002570606,Low,0.017492973907792475,2026-03-21 14:00:05.577934,XGBoost
4886,6897-UUBNU,0.0011091226,Low,0.09943284538458103,2026-03-21 14:00:05.577934,XGBoost
4887,6898-MDLZW,0.0009550046,Low,0.05133149694302119,2026-03-21 14:00:05.577934,XGBoost
4888,6898-RBTLU,5.2816067e-05,Low,0.004188314127532067,2026-03-21 14:00:05.577934,XGBoost
4889,6899-PPEEA,0.99971753,High,96.52272786796092,2026-03-21 14:00:05.577934,XGBoost
4890,6900-PXRMS,0.9998117,High,105.73008821904659,2026-03-21 14:00:05.577934,XGBoost
4891,6900-RBKER,4.8568003e-05,Low,0.004344407865391986,2026-03-21 14:00:05.577934,XGBoost
4892,6901-GOGZG,1.4941402e-05,Low,0.0012692720817994996,2026-03-21 14:00:05.577934,XGBoost
4893,6904-JLBGY,0.01046917,Low,1.2285571332089602,2026-03-21 14:00:05.577934,XGBoost
4894,6905-NIQIN,0.9626713,High,48.75930032730103,2026-03-21 14:00:05.577934,XGBoost
4895,6906-ANDWJ,0.9997013,High,74.87762895226479,2026-03-21 14:00:05.577934,XGBoost
4896,6906-MPARY,0.000293602,Low,0.026306739449501036,2026-03-21 14:00:05.577934,XGBoost
4897,6907-CQGPN,0.0065392274,Low,0.22429550122469663,2026-03-21 14:00:05.577934,XGBoost
4898,6907-FLBER,0.25326654,Low,13.752373293042183,2026-03-21 14:00:05.577934,XGBoost
4899,6907-NZZIJ,0.78460115,High,77.79320421516896,2026-03-21 14:00:05.577934,XGBoost
4900,6908-VVYHM,0.075207435,Low,6.8175539460033185,2026-03-21 14:00:05.577934,XGBoost
4901,6910-HADCM,0.99047905,High,75.6230756253004,2026-03-21 14:00:05.577934,XGBoost
4902,6916-HIJSE,0.007541536,Low,0.639899320085533,2026-03-21 14:00:05.577934,XGBoost
4903,6917-FIJHC,8.2998304e-05,Low,0.0021579558961093426,2026-03-21 14:00:05.577934,XGBoost
4904,6917-IAYHD,0.0023828594,Low,0.0800640743225813,2026-03-21 14:00:05.577934,XGBoost
4905,6917-YACBP,0.4136533,Medium,37.12538494169712,2026-03-21 14:00:05.577934,XGBoost
4906,6918-UMQCG,0.00036321557,Low,0.029129888815805315,2026-03-21 14:00:05.577934,XGBoost
4907,6919-ELBGL,0.0002167252,Low,0.024912561172095594,2026-03-21 14:00:05.577934,XGBoost
4908,6921-OZMFH,9.373347e-05,Low,0.005220954270043876,2026-03-21 14:00:05.577934,XGBoost
4909,6922-NCEDI,0.0002798834,Low,0.005933527834713459,2026-03-21 14:00:05.577934,XGBoost
4910,6923-AQONU,2.7580538e-06,Low,5.764332493072288e-05,2026-03-21 14:00:05.577934,XGBoost
4911,6923-EFPNL,0.999127,High,51.7048207372427,2026-03-21 14:00:05.577934,XGBoost
4912,6923-JHPMP,0.36127466,Low,29.064546367526056,2026-03-21 14:00:05.577934,XGBoost
4913,6924-TDGMT,0.00026723172,Low,0.005491611856268719,2026-03-21 14:00:05.577934,XGBoost
4914,6925-BAYGL,0.0028003198,Low,0.07028802721761167,2026-03-21 14:00:05.577934,XGBoost
4915,6927-WTFIV,0.9957735,High,70.99865013957023,2026-03-21 14:00:05.577934,XGBoost
4916,6928-ONTRW,7.5889207e-06,Low,0.0001495017368597473,2026-03-21 14:00:05.577934,XGBoost
4917,6933-FHBZC,6.111483e-05,Low,0.003425486108608311,2026-03-21 14:00:05.577934,XGBoost
4918,6933-VLYFX,0.00011501099,Low,0.006894908805406885,2026-03-21 14:00:05.577934,XGBoost
4919,6937-GCDGQ,5.3854834e-05,Low,0.002636194115621038,2026-03-21 14:00:05.577934,XGBoost
4920,6941-KXRRV,0.0005852133,Low,0.034498324245214464,2026-03-21 14:00:05.577934,XGBoost
4921,6941-PMGEP,0.9994985,High,79.95987892150879,2026-03-21 14:00:05.577934,XGBoost
4922,6942-LBFDP,0.0003944579,Low,0.008106109700747766,2026-03-21 14:00:05.577934,XGBoost
4923,6946-LMSQS,0.9951493,High,88.6180464476347,2026-03-21 14:00:05.577934,XGBoost
4924,6950-TWMYB,1.8858398e-05,Low,0.0015077289286637098,2026-03-21 14:00:05.577934,XGBoost
4925,6952-OMNWB,0.00010960939,Low,0.00880711457284633,2026-03-21 14:00:05.577934,XGBoost
4926,6953-PBDIN,0.007077782,Low,0.5163241931935773,2026-03-21 14:00:05.577934,XGBoost
4927,6954-OOYZZ,0.002393289,Low,0.1061423673061654,2026-03-21 14:00:05.577934,XGBoost
4928,6956-SMUCM,0.95414627,High,94.46048033237457,2026-03-21 14:00:05.577934,XGBoost
4929,6959-GQEGV,0.0006090303,Low,0.04625585180183407,2026-03-21 14:00:05.577934,XGBoost
4930,6959-UWKHF,0.9992816,High,42.8691800057888,2026-03-21 14:00:05.577934,XGBoost
4931,6960-HVYXR,0.9830194,High,74.70947527885437,2026-03-21 14:00:05.577934,XGBoost
4932,6961-MJKBO,0.005941962,Low,0.12151312069036066,2026-03-21 14:00:05.577934,XGBoost
4933,6961-VCPMC,0.7038275,High,56.587731027603155,2026-03-21 14:00:05.577934,XGBoost
4934,6963-EZQEE,4.976453e-05,Low,0.00440664918096445,2026-03-21 14:00:05.577934,XGBoost
4935,6963-KQYQB,3.687015e-06,Low,8.867270825021479e-05,2026-03-21 14:00:05.577934,XGBoost
4936,6967-PEJLL,5.959504e-05,Low,0.002395720628555864,2026-03-21 14:00:05.577934,XGBoost
4937,6967-QIQRV,0.0002810342,Low,0.028637386212358253,2026-03-21 14:00:05.577934,XGBoost
4938,6968-GMKPR,0.6308308,Medium,51.44425372779369,2026-03-21 14:00:05.577934,XGBoost
4939,6968-MHOMU,0.00083229947,Low,0.037453476106747985,2026-03-21 14:00:05.577934,XGBoost
4940,6968-URWQU,0.043652285,Low,2.4598062535747887,2026-03-21 14:00:05.577934,XGBoost
4941,6969-MVBAI,0.00070397207,Low,0.06342788313049823,2026-03-21 14:00:05.577934,XGBoost
4942,6972-SNKKW,3.6111545e-05,Low,0.0007222309068311006,2026-03-21 14:00:05.577934,XGBoost
4943,6974-DAFLI,0.00010555692,Low,0.002079471378965536,2026-03-21 14:00:05.577934,XGBoost
4944,6976-BWGLQ,2.655271e-05,Low,0.0006691283058898989,2026-03-21 14:00:05.577934,XGBoost
4945,6979-TNDEU,0.00028303667,Low,0.0054343041032552716,2026-03-21 14:00:05.577934,XGBoost
4946,6979-ZNSFF,0.77414393,High,67.38922947645187,2026-03-21 14:00:05.577934,XGBoost
4947,6980-CDGFC,0.0033445721,Low,0.06973432931117714,2026-03-21 14:00:05.577934,XGBoost
4948,6980-IMXXE,2.7411459e-06,Low,5.537114643630048e-05,2026-03-21 14:00:05.577934,XGBoost
4949,6981-TDRFT,9.858038e-05,Low,0.0053529145312495524,2026-03-21 14:00:05.577934,XGBoost
4950,6982-SSHFK,0.99879706,High,44.346589422225954,2026-03-21 14:00:05.577934,XGBoost
4951,6982-UQZLY,0.99975795,High,20.844953164458275,2026-03-21 14:00:05.577934,XGBoost
4952,6985-HAYWX,0.00034894675,Low,0.027671477195690384,2026-03-21 14:00:05.577934,XGBoost
4953,6986-IJDHX,0.9987081,High,86.18851152658462,2026-03-21 14:00:05.577934,XGBoost
4954,6986-IXNDM,0.00031446407,Low,0.02921371163974982,2026-03-21 14:00:05.577934,XGBoost
4955,6987-XQSJT,0.8946566,High,71.12519958615303,2026-03-21 14:00:05.577934,XGBoost
4956,6988-CJEYV,0.15731665,Low,15.527153840661049,2026-03-21 14:00:05.577934,XGBoost
4957,6990-YNRIO,0.7644868,High,83.06148970127106,2026-03-21 14:00:05.577934,XGBoost
4958,6992-TKNYO,0.00011904151,Low,0.00821386441384675,2026-03-21 14:00:05.577934,XGBoost
4959,6993-OHLXR,0.9993814,High,68.90734911561013,2026-03-21 14:00:05.577934,XGBoost
4960,6993-YCOBK,9.563296e-06,Low,0.0010577005223240121,2026-03-21 14:00:05.577934,XGBoost
4961,6993-YGFJV,0.00034110525,Low,0.03839139540941687,2026-03-21 14:00:05.577934,XGBoost
4962,6994-FGRHH,0.00051289354,Low,0.054443649749737234,2026-03-21 14:00:05.577934,XGBoost
4963,6994-KERXL,8.082215e-05,Low,0.004517958301585167,2026-03-21 14:00:05.577934,XGBoost
4964,6994-ORCWG,0.00035525265,Low,0.019272456091130152,2026-03-21 14:00:05.577934,XGBoost
4965,6996-KNSML,0.9852739,High,73.79701493382454,2026-03-21 14:00:05.577934,XGBoost
4966,6997-UVGOX,6.276977e-06,Low,0.0005363676692013542,2026-03-21 14:00:05.577934,XGBoost
4967,6999-CHVCF,0.00026118086,Low,0.026666565757477653,2026-03-21 14:00:05.577934,XGBoost
4968,7000-WCEVQ,0.9984712,High,61.50582594871521,2026-03-21 14:00:05.577934,XGBoost
4969,7005-CCBKV,0.8678393,High,73.24563496112825,2026-03-21 14:00:05.577934,XGBoost
4970,7005-CYUIL,3.154144e-05,Low,0.003135219132673228,2026-03-21 14:00:05.577934,XGBoost
4971,7008-LZVOZ,3.5535573e-05,Low,0.000899050003499724,2026-03-21 14:00:05.577934,XGBoost
4972,7009-LGECI,0.21244973,Low,10.73933382332325,2026-03-21 14:00:05.577934,XGBoost
4973,7009-PCARS,0.002895628,Low,0.055306496750563386,2026-03-21 14:00:05.577934,XGBoost
4974,7010-BRBUU,1.1799544e-05,Low,0.00028436901411623696,2026-03-21 14:00:05.577934,XGBoost
4975,7010-ZMVBF,0.0061099576,Low,0.12494863257743417,2026-03-21 14:00:05.577934,XGBoost
4976,7011-CVEUC,0.0005586764,Low,0.053465328871970995,2026-03-21 14:00:05.577934,XGBoost
4977,7013-PSXHK,0.00037903516,Low,0.030607089334807824,2026-03-21 14:00:05.577934,XGBoost
4978,7014-ZZXAW,4.2744334e-05,Low,0.001036550093886035,2026-03-21 14:00:05.577934,XGBoost
4979,7016-BPGEU,0.9948586,High,24.970951426029206,2026-03-21 14:00:05.577934,XGBoost
4980,7016-NVRIC,0.00023098986,Low,0.02081218597886618,2026-03-21 14:00:05.577934,XGBoost
4981,7017-VFHAY,1.8961895e-05,Low,0.0021825141106091906,2026-03-21 14:00:05.577934,XGBoost
4982,7017-VFULY,0.0004663099,Low,0.009372828894993291,2026-03-21 14:00:05.577934,XGBoost
4983,7018-FPXHH,0.00011193858,Low,0.006693926958541851,2026-03-21 14:00:05.577934,XGBoost
4984,7018-WBJNK,9.9293895e-05,Low,0.007774711969977943,2026-03-21 14:00:05.577934,XGBoost
4985,7020-OZKXZ,0.0008691421,Low,0.06562023039441556,2026-03-21 14:00:05.577934,XGBoost
4986,7021-XSNYE,3.3375396e-05,Low,0.0016570884121392736,2026-03-21 14:00:05.577934,XGBoost
4987,7024-OHCCK,0.97839,High,91.82189947366714,2026-03-21 14:00:05.577934,XGBoost
4988,7025-IWFHT,0.097772636,Low,8.755539510771632,2026-03-21 14:00:05.577934,XGBoost
4989,7025-WCBNE,0.00045457864,Low,0.027092886704485866,2026-03-21 14:00:05.577934,XGBoost
4990,7026-YMSBE,1.5536783e-05,Low,0.00030607463286287385,2026-03-21 14:00:05.577934,XGBoost
4991,7028-DVOIQ,0.9995646,High,99.00687244832515,2026-03-21 14:00:05.577934,XGBoost
4992,7029-IJEJK,3.460738e-05,Low,0.001526185429247562,2026-03-21 14:00:05.577934,XGBoost
4993,7029-RPUAV,0.99931705,High,100.38139767050744,2026-03-21 14:00:05.577934,XGBoost
4994,7030-FZTFM,9.880867e-06,Low,0.0010957881342619658,2026-03-21 14:00:05.577934,XGBoost
4995,7030-NJVDP,0.34075963,Low,30.412797421216965,2026-03-21 14:00:05.577934,XGBoost
4996,7032-LMBHI,0.00024658666,Low,0.015941827338247096,2026-03-21 14:00:05.577934,XGBoost
4997,7033-CLAMM,1.4534548e-05,Low,0.00029359787822613725,2026-03-21 14:00:05.577934,XGBoost
4998,7036-TYDEC,0.00091188354,Low,0.09483588859438896,2026-03-21 14:00:05.577934,XGBoost
4999,7036-ZZKBD,0.14954795,Low,9.929983842372895,2026-03-21 14:00:05.577934,XGBoost
5000,7037-MTYVW,4.7345537e-05,Low,0.00404330882447539,2026-03-21 14:00:05.577934,XGBoost
5001,7041-TXQJH,9.0157104e-05,Low,0.0036243155744159596,2026-03-21 14:00:05.577934,XGBoost
5002,7044-YAACC,0.000112933085,Low,0.007927902559458744,2026-03-21 14:00:05.577934,XGBoost
5003,7047-FWEYA,0.0005013704,Low,0.05171635745209642,2026-03-21 14:00:05.577934,XGBoost
5004,7047-YXDMZ,7.196938e-05,Low,0.0014393875608220696,2026-03-21 14:00:05.577934,XGBoost
5005,7048-GXDAY,0.16422516,Low,17.473557138442995,2026-03-21 14:00:05.577934,XGBoost
5006,7049-GKVZY,6.366003e-05,Low,0.005083253452903591,2026-03-21 14:00:05.577934,XGBoost
5007,7054-DMVAS,6.428735e-05,Low,0.0041979639048804526,2026-03-21 14:00:05.577934,XGBoost
5008,7054-ENNGU,0.0002959368,Low,0.015048386248236057,2026-03-21 14:00:05.577934,XGBoost
5009,7054-LGEQW,0.9529556,High,43.78830998539925,2026-03-21 14:00:05.577934,XGBoost
5010,7055-HNEOJ,8.4724794e-05,Low,0.004727643496880774,2026-03-21 14:00:05.577934,XGBoost
5011,7055-JCGNI,0.00035830322,Low,0.04011204581911443,2026-03-21 14:00:05.577934,XGBoost
5012,7055-VKGDA,0.99945563,High,105.34262348413468,2026-03-21 14:00:05.577934,XGBoost
5013,7056-IMHCC,0.9995055,High,101.84961247444153,2026-03-21 14:00:05.577934,XGBoost
5014,7061-OVMIM,5.1569426e-05,Low,0.0010081822867505253,2026-03-21 14:00:05.577934,XGBoost
5015,7064-FRRSW,0.05959006,Low,5.8994159661233425,2026-03-21 14:00:05.577934,XGBoost
5016,7064-JHXCE,9.2812465e-05,Low,0.0018608899146784097,2026-03-21 14:00:05.577934,XGBoost
5017,7065-YUNRY,0.9253696,High,41.9192438006401,2026-03-21 14:00:05.577934,XGBoost
5018,7067-KSAZT,0.816908,High,86.79647520184517,2026-03-21 14:00:05.577934,XGBoost
5019,7072-MBHEV,0.00035913524,Low,0.028048462505103088,2026-03-21 14:00:05.577934,XGBoost
5020,7073-QETQY,0.00012990454,Low,0.0026435573847265917,2026-03-21 14:00:05.577934,XGBoost
5021,7074-IEVOJ,0.999587,High,79.3672077536583,2026-03-21 14:00:05.577934,XGBoost
5022,7074-STDCN,0.0005892647,Low,0.023924145731143653,2026-03-21 14:00:05.577934,XGBoost
5023,7075-BNDVQ,0.15884942,Low,5.559729635715485,2026-03-21 14:00:05.577934,XGBoost
5024,7077-XJMET,0.00020952697,Low,0.015536425105528906,2026-03-21 14:00:05.577934,XGBoost
5025,7078-NVFAM,0.033497203,Low,1.1774266904219985,2026-03-21 14:00:05.577934,XGBoost
5026,7079-QRCBC,0.9998621,High,98.73637989163399,2026-03-21 14:00:05.577934,XGBoost
5027,7080-TNUWP,0.008219199,Low,0.7808239292353392,2026-03-21 14:00:05.577934,XGBoost
5028,7083-MIOPC,1.6129825e-05,Low,0.0003266289536441036,2026-03-21 14:00:05.577934,XGBoost
5029,7083-YNSKY,0.98761976,High,25.08554184436798,2026-03-21 14:00:05.577934,XGBoost
5030,7088-FBAWU,5.1609575e-05,Low,0.003847493828652659,2026-03-21 14:00:05.577934,XGBoost
5031,7089-IVVAZ,0.98126584,High,101.41382486522197,2026-03-21 14:00:05.577934,XGBoost
5032,7089-RKVSZ,6.686244e-05,Low,0.0016314435750246048,2026-03-21 14:00:05.577934,XGBoost
5033,7089-XXAYG,0.010228283,Low,0.3896975736133754,2026-03-21 14:00:05.577934,XGBoost
5034,7094-MSZAO,0.00023751362,Low,0.004762148173176684,2026-03-21 14:00:05.577934,XGBoost
5035,7096-UCLNH,0.00023393231,Low,0.004690342834510375,2026-03-21 14:00:05.577934,XGBoost
5036,7096-ZNBZI,3.0480856e-05,Low,0.0008062186509050661,2026-03-21 14:00:05.577934,XGBoost
5037,7100-FQPRV,0.00042054974,Low,0.03023752622830216,2026-03-21 14:00:05.577934,XGBoost
5038,7101-HRBLJ,6.3842715e-05,Low,0.005343635284225457,2026-03-21 14:00:05.577934,XGBoost
5039,7102-JJVTX,0.00018079333,Low,0.00878655581327621,2026-03-21 14:00:05.577934,XGBoost
5040,7103-IPXPJ,0.13108085,Low,13.029436585307122,2026-03-21 14:00:05.577934,XGBoost
5041,7103-ZGVNT,0.0014482127,Low,0.10673327283002436,2026-03-21 14:00:05.577934,XGBoost
5042,7105-BENQF,2.873763e-05,Low,0.0018636352854628055,2026-03-21 14:00:05.577934,XGBoost
5043,7105-MXJLL,0.02561342,Low,1.5547345764935017,2026-03-21 14:00:05.577934,XGBoost
5044,7107-UBYKY,5.8156515e-05,Low,0.0014975302501625265,2026-03-21 14:00:05.577934,XGBoost
5045,7108-DGVUU,0.00039515118,Low,0.0283323392708553,2026-03-21 14:00:05.577934,XGBoost
5046,7109-CQYUZ,1.2158341e-05,Low,0.0010851319095763756,2026-03-21 14:00:05.577934,XGBoost
5047,7109-MFBYV,0.14999901,Low,6.817454894632101,2026-03-21 14:00:05.577934,XGBoost
5048,7110-BDTWG,0.022461811,Low,1.0568282113410532,2026-03-21 14:00:05.577934,XGBoost
5049,7112-OPOTK,0.9992143,High,68.19637539982796,2026-03-21 14:00:05.577934,XGBoost
5050,7113-HIPFI,9.714321e-06,Low,0.0006396880441116082,2026-03-21 14:00:05.577934,XGBoost
5051,7114-AEOZE,1.8325793e-05,Low,0.0003637669821728196,2026-03-21 14:00:05.577934,XGBoost
5052,7115-IRDHS,0.0060368003,Low,0.1488071281928569,2026-03-21 14:00:05.577934,XGBoost
5053,7120-RFMVS,0.9955309,High,84.12236133217812,2026-03-21 14:00:05.577934,XGBoost
5054,7123-WQUHX,0.00029772476,Low,0.028283852589083835,2026-03-21 14:00:05.577934,XGBoost
5055,7124-UGSUR,0.9994192,High,104.33936576843263,2026-03-21 14:00:05.577934,XGBoost
5056,7126-RBHSD,0.0005344478,Low,0.04216793008963578,2026-03-21 14:00:05.577934,XGBoost
5057,7128-GGCNO,0.12415642,Low,9.038587588071822,2026-03-21 14:00:05.577934,XGBoost
5058,7129-ACFOG,0.18598527,Low,10.006007373332977,2026-03-21 14:00:05.577934,XGBoost
5059,7129-AZJDE,0.00017087962,Low,0.013490945917146746,2026-03-21 14:00:05.577934,XGBoost
5060,7129-CAKJW,0.00014033164,Low,0.011233547933079535,2026-03-21 14:00:05.577934,XGBoost
5061,7130-CTCUS,0.0012481333,Low,0.06808566891704686,2026-03-21 14:00:05.577934,XGBoost
5062,7130-VTEWQ,0.9989359,High,75.66939277946949,2026-03-21 14:00:05.577934,XGBoost
5063,7130-YXBRO,0.56877613,Medium,63.39009976387024,2026-03-21 14:00:05.577934,XGBoost
5064,7131-ZQZNK,3.674553e-05,Low,0.002199219888643711,2026-03-21 14:00:05.577934,XGBoost
5065,7133-VBDCG,0.9981079,High,79.69891662597655,2026-03-21 14:00:05.577934,XGBoost
5066,7134-HBPBS,0.025500875,Low,2.756644583866,2026-03-21 14:00:05.577934,XGBoost
5067,7134-MJPDY,0.0013865147,Low,0.14260304187773726,2026-03-21 14:00:05.577934,XGBoost
5068,7136-IHZJA,0.00028803057,Low,0.020550981113046873,2026-03-21 14:00:05.577934,XGBoost
5069,7136-RVDTZ,0.9843196,High,44.540463134646416,2026-03-21 14:00:05.577934,XGBoost
5070,7137-NAXML,4.2492593e-05,Low,0.0008562257471567135,2026-03-21 14:00:05.577934,XGBoost
5071,7137-RYLPP,0.9996729,High,85.67196664810182,2026-03-21 14:00:05.577934,XGBoost
5072,7138-GIRSH,0.004165672,Low,0.2895142200868577,2026-03-21 14:00:05.577934,XGBoost
5073,7139-JZFVG,7.3287656e-06,Low,0.0004433903191056743,2026-03-21 14:00:05.577934,XGBoost
5074,7140-ADSMJ,0.003210445,Low,0.0656535989139229,2026-03-21 14:00:05.577934,XGBoost
5075,7142-HVGBG,0.9998729,High,102.9869110584259,2026-03-21 14:00:05.577934,XGBoost
5076,7143-BQIBA,0.1401953,Low,8.72715712711215,2026-03-21 14:00:05.577934,XGBoost
5077,7145-FEJWU,0.061579913,Low,6.484364828467369,2026-03-21 14:00:05.577934,XGBoost
5078,7147-AYBAA,0.00029949495,Low,0.021069469477515666,2026-03-21 14:00:05.577934,XGBoost
5079,7148-XZPHA,0.00013252434,Low,0.01052243224985432,2026-03-21 14:00:05.577934,XGBoost
5080,7153-CHRBV,2.6565653e-05,Low,0.0015753432027850066,2026-03-21 14:00:05.577934,XGBoost
5081,7153-OANIO,0.9397301,High,65.73412103950977,2026-03-21 14:00:05.577934,XGBoost
5082,7156-MHUGY,0.94382423,High,85.4160929620266,2026-03-21 14:00:05.577934,XGBoost
5083,7156-MXBJE,0.0001846787,Low,0.015716157830320297,2026-03-21 14:00:05.577934,XGBoost
5084,7157-SMCFK,0.0019409307,Low,0.03833338187541813,2026-03-21 14:00:05.577934,XGBoost
5085,7159-FVYPK,0.0004996917,Low,0.03455368090071716,2026-03-21 14:00:05.577934,XGBoost
5086,7159-NOKYQ,0.0001285508,Low,0.01197450741310604,2026-03-21 14:00:05.577934,XGBoost
5087,7161-DFHUF,0.008719389,Low,0.20795743544586004,2026-03-21 14:00:05.577934,XGBoost
5088,7162-WPHPM,9.162872e-06,Low,0.0006560616151546128,2026-03-21 14:00:05.577934,XGBoost
5089,7163-OCEQI,0.004905573,Low,0.38582332371734085,2026-03-21 14:00:05.577934,XGBoost
5090,7164-BPTUT,5.7183906e-06,Low,0.0005120818817431428,2026-03-21 14:00:05.577934,XGBoost
5091,7167-PCEYD,0.00039928654,Low,0.007905873464187608,2026-03-21 14:00:05.577934,XGBoost
5092,7168-HDQHG,0.0248904,Low,0.4778956890106201,2026-03-21 14:00:05.577934,XGBoost
5093,7169-YWAMK,0.00029130728,Low,0.019925418100319805,2026-03-21 14:00:05.577934,XGBoost
5094,7173-TETGO,0.0144235175,Low,1.1322461245581508,2026-03-21 14:00:05.577934,XGBoost
5095,7175-NTIXE,0.00015767934,Low,0.012007282032573131,2026-03-21 14:00:05.577934,XGBoost
5096,7176-WIONM,0.001032961,Low,0.051493103377288206,2026-03-21 14:00:05.577934,XGBoost
5097,7176-WRTNX,0.0006340333,Low,0.07288212681596633,2026-03-21 14:00:05.577934,XGBoost
5098,7180-PISOG,0.9804928,High,73.04671141505241,2026-03-21 14:00:05.577934,XGBoost
5099,7181-BQYBV,0.9995939,High,102.40839644372464,2026-03-21 14:00:05.577934,XGBoost
5100,7181-OQCUT,0.15863837,Low,16.474595037847756,2026-03-21 14:00:05.577934,XGBoost
5101,7182-OVLBJ,1.1505795e-05,Low,0.0011638111284355546,2026-03-21 14:00:05.577934,XGBoost
5102,7184-LRUUR,6.9754e-05,Low,0.004551448613710818,2026-03-21 14:00:05.577934,XGBoost
5103,7188-CBBBA,6.221142e-05,Low,0.005941190291196108,2026-03-21 14:00:05.577934,XGBoost
5104,7190-XHTWJ,2.567906e-05,Low,0.0004956058744937764,2026-03-21 14:00:05.577934,XGBoost
5105,7191-ADRGF,0.00042907466,Low,0.0232987539464375,2026-03-21 14:00:05.577934,XGBoost
5106,7196-LIWRH,0.0002127461,Low,0.004159186348988442,2026-03-21 14:00:05.577934,XGBoost
5107,7197-VOJMM,0.0003107444,Low,0.021503511909395458,2026-03-21 14:00:05.577934,XGBoost
5108,7198-GLXTC,0.9996594,High,78.97309410572052,2026-03-21 14:00:05.577934,XGBoost
5109,7203-OYKCT,0.00020266593,Low,0.02126978986998438,2026-03-21 14:00:05.577934,XGBoost
5110,7205-BAIAD,0.00018193743,Low,0.003747911061509513,2026-03-21 14:00:05.577934,XGBoost
5111,7206-GZCDC,0.9888699,High,68.47924095392227,2026-03-21 14:00:05.577934,XGBoost
5112,7206-PQBBZ,0.00091714965,Low,0.06438390539260581,2026-03-21 14:00:05.577934,XGBoost
5113,7207-RMRDB,0.99989736,High,105.48917156457901,2026-03-21 14:00:05.577934,XGBoost
5114,7208-PSIHR,0.8122616,High,84.7188829421997,2026-03-21 14:00:05.577934,XGBoost
5115,7209-JCUDS,0.9991755,High,94.82175390124321,2026-03-21 14:00:05.577934,XGBoost
5116,7216-EWTRS,0.9658604,High,97.35873098373413,2026-03-21 14:00:05.577934,XGBoost
5117,7216-KAOID,0.00686993,Low,0.13396363193169236,2026-03-21 14:00:05.577934,XGBoost
5118,7217-JYHOQ,5.2007483e-05,Low,0.0036561260363669134,2026-03-21 14:00:05.577934,XGBoost
5119,7218-HKQFK,0.9728568,High,91.64311240911483,2026-03-21 14:00:05.577934,XGBoost
5120,7219-TLZHO,0.05374451,Low,1.1205730296671392,2026-03-21 14:00:05.577934,XGBoost
5121,7225-CBZPL,0.00029214166,Low,0.027695029356982558,2026-03-21 14:00:05.577934,XGBoost
5122,7225-IILWY,1.5095727e-05,Low,0.0003887149616730312,2026-03-21 14:00:05.577934,XGBoost
5123,7228-OMTPN,0.9996209,High,88.41646988391877,2026-03-21 14:00:05.577934,XGBoost
5124,7228-PAQPD,0.00068563636,Low,0.04052110897027888,2026-03-21 14:00:05.577934,XGBoost
5125,7233-DRTRF,0.00017873698,Low,0.018302667140960693,2026-03-21 14:00:05.577934,XGBoost
5126,7233-IOQNP,0.10179202,Low,3.4609287679195404,2026-03-21 14:00:05.577934,XGBoost
5127,7233-PAHHL,0.00015294558,Low,0.012847428442910314,2026-03-21 14:00:05.577934,XGBoost
5128,7234-FECYN,0.96067333,High,97.36424221992492,2026-03-21 14:00:05.577934,XGBoost
5129,7234-KMNRQ,0.00013458918,Low,0.0025571944133844227,2026-03-21 14:00:05.577934,XGBoost
5130,7235-NXZCP,0.9999206,High,74.84405740499496,2026-03-21 14:00:05.577934,XGBoost
5131,7239-HZZCX,0.99830747,High,19.71657246351242,2026-03-21 14:00:05.577934,XGBoost
5132,7240-ETPTR,0.9996605,High,48.73344898223877,2026-03-21 14:00:05.577934,XGBoost
5133,7240-FQLHE,0.55431795,Medium,55.29321563243866,2026-03-21 14:00:05.577934,XGBoost
5134,7241-AJHFS,0.69214904,Medium,60.666863626241685,2026-03-21 14:00:05.577934,XGBoost
5135,7242-EDTYC,1.5481939e-05,Low,0.0003026719083209173,2026-03-21 14:00:05.577934,XGBoost
5136,7242-QZLXF,0.99961984,High,25.290381991863253,2026-03-21 14:00:05.577934,XGBoost
5137,7243-LCGGZ,0.4989188,Medium,10.427402952313422,2026-03-21 14:00:05.577934,XGBoost
5138,7244-KXYZN,1.6589764e-05,Low,0.0003392606659872399,2026-03-21 14:00:05.577934,XGBoost
5139,7244-QWYHG,0.0039001468,Low,0.1733615257195197,2026-03-21 14:00:05.577934,XGBoost
5140,7245-JMTTQ,2.9311874e-05,Low,0.003268273921094078,2026-03-21 14:00:05.577934,XGBoost
5141,7245-NIIWQ,0.0005149218,Low,0.035967287063249385,2026-03-21 14:00:05.577934,XGBoost
5142,7246-ZGQDF,0.0008578917,Low,0.04675509707885794,2026-03-21 14:00:05.577934,XGBoost
5143,7247-XOZPB,0.07528156,Low,5.826792776584625,2026-03-21 14:00:05.577934,XGBoost
5144,7248-VZQLC,0.89279073,High,76.06577060222627,2026-03-21 14:00:05.577934,XGBoost
5145,7249-WBIYX,0.8890124,High,76.09946112632751,2026-03-21 14:00:05.577934,XGBoost
5146,7250-EQKIY,0.94962025,High,47.9083414554596,2026-03-21 14:00:05.577934,XGBoost
5147,7251-LJBQN,0.00055183977,Low,0.057253375780419447,2026-03-21 14:00:05.577934,XGBoost
5148,7251-XFOIL,2.8995984e-05,Low,0.002586441807943629,2026-03-21 14:00:05.577934,XGBoost
5149,7252-NTGSS,0.0020593677,Low,0.09298045247560367,2026-03-21 14:00:05.577934,XGBoost
5150,7253-UVNDW,0.99555486,High,54.10840688049793,2026-03-21 14:00:05.577934,XGBoost
5151,7254-IQWOZ,0.9864401,High,68.70555450618268,2026-03-21 14:00:05.577934,XGBoost
5152,7255-SSFBC,1.7102517e-05,Low,0.0019197575020371005,2026-03-21 14:00:05.577934,XGBoost
5153,7266-GSSJX,7.978141e-06,Low,0.0001631529872156534,2026-03-21 14:00:05.577934,XGBoost
5154,7267-FRMJW,2.1328146e-05,Low,0.00042869572498602796,2026-03-21 14:00:05.577934,XGBoost
5155,7268-IGMFD,0.00027577588,Low,0.025895354899694214,2026-03-21 14:00:05.577934,XGBoost
5156,7268-WNTCP,1.159044e-05,Low,0.0002370245063502807,2026-03-21 14:00:05.577934,XGBoost
5157,7269-JISCY,0.00029195013,Low,0.01315235324727837,2026-03-21 14:00:05.577934,XGBoost
5158,7270-BDIOA,0.9997718,High,89.97945964336395,2026-03-21 14:00:05.577934,XGBoost
5159,7271-AJDTL,0.0004348151,Low,0.04106828599033179,2026-03-21 14:00:05.577934,XGBoost
5160,7272-QDCKA,0.11053141,Low,11.07524748891592,2026-03-21 14:00:05.577934,XGBoost
5161,7273-TEFQD,0.99997234,High,41.148861932754514,2026-03-21 14:00:05.577934,XGBoost
5162,7274-CGTOD,0.00079731893,Low,0.03484283745638095,2026-03-21 14:00:05.577934,XGBoost
5163,7274-RTAPZ,0.99979323,High,90.53127711117267,2026-03-21 14:00:05.577934,XGBoost
5164,7277-KAMWT,2.390294e-05,Low,0.0004780587914865464,2026-03-21 14:00:05.577934,XGBoost
5165,7277-OZCGZ,0.25948066,Low,23.106752344965933,2026-03-21 14:00:05.577934,XGBoost
5166,7278-CKDNC,0.0005300966,Low,0.04267277516191825,2026-03-21 14:00:05.577934,XGBoost
5167,7279-BUYWN,0.9999263,High,113.19166040420532,2026-03-21 14:00:05.577934,XGBoost
5168,7279-NMVJC,0.010740776,Low,0.21374143473803994,2026-03-21 14:00:05.577934,XGBoost
5169,7284-BUYEC,0.07707101,Low,3.9267680138349537,2026-03-21 14:00:05.577934,XGBoost
5170,7284-ZZLOH,0.028051853,Low,1.4951637744903563,2026-03-21 14:00:05.577934,XGBoost
5171,7285-KLOTR,0.0010674864,Low,0.0841712993918918,2026-03-21 14:00:05.577934,XGBoost
5172,7291-CDTMJ,0.05782447,Low,1.1362508375197649,2026-03-21 14:00:05.577934,XGBoost
5173,7293-LSCDV,2.7055443e-05,Low,0.0005208172747188655,2026-03-21 14:00:05.577934,XGBoost
5174,7294-TMAOP,0.9831913,High,89.02797324359416,2026-03-21 14:00:05.577934,XGBoost
5175,7295-JOMMD,0.9998128,High,98.0816338956356,2026-03-21 14:00:05.577934,XGBoost
5176,7296-PIXQY,8.2098726e-05,Low,0.00576333057397278,2026-03-21 14:00:05.577934,XGBoost
5177,7297-DVYGA,0.002536794,Low,0.05035535966744647,2026-03-21 14:00:05.577934,XGBoost
5178,7298-IZWLY,0.00014853367,Low,0.0028815531753934916,2026-03-21 14:00:05.577934,XGBoost
5179,7299-GNVPL,0.00010663041,Low,0.00899960662936792,2026-03-21 14:00:05.577934,XGBoost
5180,7301-ABVAD,4.3336437e-05,Low,0.0037529354136495384,2026-03-21 14:00:05.577934,XGBoost
5181,7302-ZHMHP,4.069415e-05,Low,0.0007792929880451993,2026-03-21 14:00:05.577934,XGBoost
5182,7305-ZWMAJ,0.010381522,Low,0.21489749830216168,2026-03-21 14:00:05.577934,XGBoost
5183,7306-YDSOI,1.0842585e-05,Low,0.000647844438390166,2026-03-21 14:00:05.577934,XGBoost
5184,7310-EGVHZ,0.21489935,Low,4.340966793894768,2026-03-21 14:00:05.577934,XGBoost
5185,7311-MQJCH,4.4435343e-05,Low,0.000868710950089735,2026-03-21 14:00:05.577934,XGBoost
5186,7312-XSBAT,0.1467618,Low,7.301399789750576,2026-03-21 14:00:05.577934,XGBoost
5187,7314-OXENN,0.999713,High,81.97646629810333,2026-03-21 14:00:05.577934,XGBoost
5188,7315-WYOAW,0.2209233,Low,22.25802293419838,2026-03-21 14:00:05.577934,XGBoost
5189,7317-GGVPB,0.99679273,High,108.2516908764839,2026-03-21 14:00:05.577934,XGBoost
5190,7318-EIVKO,0.00025636892,Low,0.015189858480880503,2026-03-21 14:00:05.577934,XGBoost
5191,7319-VENRZ,0.00026657394,Low,0.01714070465241093,2026-03-21 14:00:05.577934,XGBoost
5192,7319-ZNRTR,1.3097597e-05,Low,0.0002567128976806998,2026-03-21 14:00:05.577934,XGBoost
5193,7321-KKSDU,1.1318832e-05,Low,0.00023203604860100313,2026-03-21 14:00:05.577934,XGBoost
5194,7321-PKUYW,0.96724254,High,87.19691488444806,2026-03-21 14:00:05.577934,XGBoost
5195,7321-VGNKU,5.8495072e-05,Low,0.004115128325975092,2026-03-21 14:00:05.577934,XGBoost
5196,7321-ZNSLA,2.8426166e-05,Low,0.0011526810294526513,2026-03-21 14:00:05.577934,XGBoost
5197,7322-OCWHC,2.2882487e-05,Low,0.0021292153705871897,2026-03-21 14:00:05.577934,XGBoost
5198,7325-ENZFI,0.020096784,Low,0.8099004136398434,2026-03-21 14:00:05.577934,XGBoost
5199,7326-RIGQZ,0.0001767566,Low,0.012337610617396421,2026-03-21 14:00:05.577934,XGBoost
5200,7328-OWMOM,4.031734e-05,Low,0.0008103785316052382,2026-03-21 14:00:05.577934,XGBoost
5201,7328-ZJAJO,1.6126427e-05,Low,0.0003144653264826047,2026-03-21 14:00:05.577934,XGBoost
5202,7330-WZLNC,0.992261,High,90.09729812145233,2026-03-21 14:00:05.577934,XGBoost
5203,7336-RLLRH,4.5353343e-05,Low,0.0036668177825049495,2026-03-21 14:00:05.577934,XGBoost
5204,7337-CINUD,0.00060800987,Low,0.011856192431878299,2026-03-21 14:00:05.577934,XGBoost
5205,7338-ERIVA,0.00019762377,Low,0.008902950795891228,2026-03-21 14:00:05.577934,XGBoost
5206,7339-POGZN,0.0002660973,Low,0.013491133687784896,2026-03-21 14:00:05.577934,XGBoost
5207,7340-KEFQE,2.15464e-05,Low,0.0007368869006313617,2026-03-21 14:00:05.577934,XGBoost
5208,7341-LXCAF,0.99981946,High,74.63652250468732,2026-03-21 14:00:05.577934,XGBoost
5209,7343-EOBEU,0.0045686,Low,0.10781896226108074,2026-03-21 14:00:05.577934,XGBoost
5210,7346-MEDWM,8.269036e-05,Low,0.0068839727482554736,2026-03-21 14:00:05.577934,XGBoost
5211,7349-ALMUX,4.0159324e-05,Low,0.002634451672201976,2026-03-21 14:00:05.577934,XGBoost
5212,7351-KYHQH,0.00012684101,Low,0.008238323754630983,2026-03-21 14:00:05.577934,XGBoost
5213,7351-MHQVU,0.03181076,Low,1.6207582473754885,2026-03-21 14:00:05.577934,XGBoost
5214,7353-YOWFP,8.229523e-05,Low,0.0016664783652231563,2026-03-21 14:00:05.577934,XGBoost
5215,7354-OIJLX,0.1728073,Low,13.107434163987636,2026-03-21 14:00:05.577934,XGBoost
5216,7356-AYNJP,0.0014168432,Low,0.03386255132500082,2026-03-21 14:00:05.577934,XGBoost
5217,7356-IWLFW,5.177481e-05,Low,0.004141984682064503,2026-03-21 14:00:05.577934,XGBoost
5218,7359-PTSXY,0.99892384,High,45.70076559484005,2026-03-21 14:00:05.577934,XGBoost
5219,7359-SSBJK,0.9941533,High,69.78956311941147,2026-03-21 14:00:05.577934,XGBoost
5220,7359-WWYJV,5.7251655e-05,Low,0.006552451874995313,2026-03-21 14:00:05.577934,XGBoost
5221,7361-YPXFS,7.116856e-05,Low,0.004586813501373399,2026-03-21 14:00:05.577934,XGBoost
5222,7363-QTBIW,0.000310482,Low,0.024760938831605017,2026-03-21 14:00:05.577934,XGBoost
5223,7365-BVCJH,0.254956,Low,6.220926570892334,2026-03-21 14:00:05.577934,XGBoost
5224,7369-TRPFD,3.7915856e-05,Low,0.0007128180834115483,2026-03-21 14:00:05.577934,XGBoost
5225,7375-WMVMT,0.0059453794,Low,0.5677837308030576,2026-03-21 14:00:05.577934,XGBoost
5226,7377-DMMRI,0.99926466,High,47.764850628376,2026-03-21 14:00:05.577934,XGBoost
5227,7379-FNIUJ,0.00028801436,Low,0.028859038709197194,2026-03-21 14:00:05.577934,XGBoost
5228,7379-POKDZ,0.7810673,High,54.90903201699257,2026-03-21 14:00:05.577934,XGBoost
5229,7382-DFJTU,0.00032930492,Low,0.018177631753496827,2026-03-21 14:00:05.577934,XGBoost
5230,7384-GHBPI,0.9999181,High,35.14712132811546,2026-03-21 14:00:05.577934,XGBoost
5231,7389-KBFIT,0.00022859493,Low,0.00691499664389994,2026-03-21 14:00:05.577934,XGBoost
5232,7392-YYPYJ,0.00040626625,Low,0.04089069789333735,2026-03-21 14:00:05.577934,XGBoost
5233,7394-FKDNK,0.9982309,High,89.29175172746181,2026-03-21 14:00:05.577934,XGBoost
5234,7394-LWLYN,0.6079336,Medium,42.64654069840908,2026-03-21 14:00:05.577934,XGBoost
5235,7395-IGJOS,0.22892761,Low,18.65760040283203,2026-03-21 14:00:05.577934,XGBoost
5236,7395-XWZOY,0.147098,Low,8.090390264987946,2026-03-21 14:00:05.577934,XGBoost
5237,7396-VJUZB,9.139956e-05,Low,0.004135830131417606,2026-03-21 14:00:05.577934,XGBoost
5238,7398-HPYZQ,8.0283215e-05,Low,0.007269645084670628,2026-03-21 14:00:05.577934,XGBoost
5239,7398-LXGYX,0.0018491459,Low,0.15680756904184817,2026-03-21 14:00:05.577934,XGBoost
5240,7398-SKNQZ,0.0006468031,Low,0.06138161614653655,2026-03-21 14:00:05.577934,XGBoost
5241,7399-QHBJS,7.10444e-05,Low,0.004742213706776965,2026-03-21 14:00:05.577934,XGBoost
5242,7401-JIXNM,5.5371896e-05,Low,0.0050554541459860046,2026-03-21 14:00:05.577934,XGBoost
5243,7401-RUBNK,6.574817e-05,Low,0.00491796329151839,2026-03-21 14:00:05.577934,XGBoost
5244,7402-EYFXX,0.0004465122,Low,0.041793540911749,2026-03-21 14:00:05.577934,XGBoost
5245,7402-PWYJJ,5.901981e-05,Low,0.005379655734213885,2026-03-21 14:00:05.577934,XGBoost
5246,7404-JLKQG,0.0010871047,Low,0.06256287369178608,2026-03-21 14:00:05.577934,XGBoost
5247,7407-SUJIZ,2.3035424e-05,Low,0.00047452972430619413,2026-03-21 14:00:05.577934,XGBoost
5248,7408-OFWXJ,0.0020380479,Low,0.18301669978536664,2026-03-21 14:00:05.577934,XGBoost
5249,7409-JURKQ,8.707317e-05,Low,0.009734780112921726,2026-03-21 14:00:05.577934,XGBoost
5250,7409-KIUTL,0.9894611,High,70.25173979997635,2026-03-21 14:00:05.577934,XGBoost
5251,7410-KTVFV,0.9997304,High,49.53664172589779,2026-03-21 14:00:05.577934,XGBoost
5252,7410-OIEDU,0.000279142,Low,0.022289488496608098,2026-03-21 14:00:05.577934,XGBoost
5253,7410-YTJIK,0.82743996,High,62.430345270037655,2026-03-21 14:00:05.577934,XGBoost
5254,7416-CKTEP,0.037922833,Low,0.7432875290513039,2026-03-21 14:00:05.577934,XGBoost
5255,7421-ZLUPA,0.00027889086,Low,0.008157557669619564,2026-03-21 14:00:05.577934,XGBoost
5256,7422-WNBTY,0.00019324559,Low,0.01803947606240399,2026-03-21 14:00:05.577934,XGBoost
5257,7426-GSWPO,6.874668e-05,Low,0.007115281565347686,2026-03-21 14:00:05.577934,XGBoost
5258,7426-RHZGU,0.92812026,High,89.00673249959947,2026-03-21 14:00:05.577934,XGBoost
5259,7426-WEIJX,0.02147518,Low,1.7384157498367132,2026-03-21 14:00:05.577934,XGBoost
5260,7427-AUFPY,0.013855606,Low,0.27226266413927075,2026-03-21 14:00:05.577934,XGBoost
5261,7432-FFVAR,2.1176102e-05,Low,0.0019259664454693848,2026-03-21 14:00:05.577934,XGBoost
5262,7434-SHXLS,0.99944884,High,20.888480669260023,2026-03-21 14:00:05.577934,XGBoost
5263,7435-ZNUYY,0.0004794332,Low,0.009876323729986326,2026-03-21 14:00:05.577934,XGBoost
5264,7439-DKZTW,0.00066340895,Low,0.05343759103270713,2026-03-21 14:00:05.577934,XGBoost
5265,7442-YGZFK,0.285411,Low,14.213467812538147,2026-03-21 14:00:05.577934,XGBoost
5266,7445-WMRBW,9.45293e-05,Low,0.006980988770374097,2026-03-21 14:00:05.577934,XGBoost
5267,7446-KQISO,4.0453547e-06,Low,0.0004439776752178659,2026-03-21 14:00:05.577934,XGBoost
5268,7446-SFAOA,9.807191e-05,Low,0.0019467274603812259,2026-03-21 14:00:05.577934,XGBoost
5269,7446-YPODE,9.133299e-05,Low,0.005502812839040416,2026-03-21 14:00:05.577934,XGBoost
5270,7449-HVPIV,4.649443e-05,Low,0.004203096602577717,2026-03-21 14:00:05.577934,XGBoost
5271,7450-NWRTR,0.9998723,High,99.43730290532112,2026-03-21 14:00:05.577934,XGBoost
5272,7452-FOLON,2.8590403e-05,Low,0.0007276257438206812,2026-03-21 14:00:05.577934,XGBoost
5273,7459-IMVYU,0.0003288914,Low,0.023005952502717263,2026-03-21 14:00:05.577934,XGBoost
5274,7459-RRWQZ,0.99685067,High,64.44639577567578,2026-03-21 14:00:05.577934,XGBoost
5275,7460-ITWWP,0.004026813,Low,0.346708596451208,2026-03-21 14:00:05.577934,XGBoost
5276,7463-IFMQU,0.002166036,Low,0.04342902281787247,2026-03-21 14:00:05.577934,XGBoost
5277,7465-ZZRVX,0.00033244354,Low,0.02338740292325383,2026-03-21 14:00:05.577934,XGBoost
5278,7469-LKBCI,4.731539e-05,Low,0.0008966266150309821,2026-03-21 14:00:05.577934,XGBoost
5279,7470-DYNOE,3.967372e-05,Low,0.00242406426659727,2026-03-21 14:00:05.577934,XGBoost
5280,7470-MCQTK,0.9996724,High,48.73403012752533,2026-03-21 14:00:05.577934,XGBoost
5281,7471-MQPOS,7.3407477e-06,Low,0.0005351405104647711,2026-03-21 14:00:05.577934,XGBoost
5282,7471-WNSUF,0.0008197403,Low,0.01979672807792667,2026-03-21 14:00:05.577934,XGBoost
5283,7472-EQOAV,7.084518e-06,Low,0.0006142277170511079,2026-03-21 14:00:05.577934,XGBoost
5284,7473-ZBDSN,3.0678664e-05,Low,0.0005767588867456652,2026-03-21 14:00:05.577934,XGBoost
5285,7479-NITWS,0.9982576,High,89.19431454241276,2026-03-21 14:00:05.577934,XGBoost
5286,7480-QNVZJ,0.790606,High,75.66099629402161,2026-03-21 14:00:05.577934,XGBoost
5287,7480-SPLEF,6.6330263e-06,Low,0.00017245868275495013,2026-03-21 14:00:05.577934,XGBoost
5288,7481-ATQQS,0.85739636,High,77.89445968866347,2026-03-21 14:00:05.577934,XGBoost
5289,7483-IQWIB,8.9895955e-05,Low,0.008355829033098417,2026-03-21 14:00:05.577934,XGBoost
5290,7486-KSRVI,0.99762684,High,99.76268410682678,2026-03-21 14:00:05.577934,XGBoost
5291,7488-MXJIV,0.999551,High,85.61154299676419,2026-03-21 14:00:05.577934,XGBoost
5292,7492-TAFJD,0.012573152,Low,0.4846950037870556,2026-03-21 14:00:05.577934,XGBoost
5293,7493-GVFIO,6.0082584e-05,Low,0.0012346971061560907,2026-03-21 14:00:05.577934,XGBoost
5294,7493-TPUWZ,0.9995627,High,79.11538617908955,2026-03-21 14:00:05.577934,XGBoost
5295,7495-OOKFY,0.8652771,High,69.78459904491902,2026-03-21 14:00:05.577934,XGBoost
5296,7501-IWUNG,0.00013489202,Low,0.009955031043500638,2026-03-21 14:00:05.577934,XGBoost
5297,7501-VTYLJ,0.03724724,Low,1.9200952500104904,2026-03-21 14:00:05.577934,XGBoost
5298,7502-BNYGS,0.00023009852,Low,0.015899807840469293,2026-03-21 14:00:05.577934,XGBoost
5299,7503-EPSZW,1.0762847e-05,Low,0.0002588464610653318,2026-03-21 14:00:05.577934,XGBoost
5300,7503-MIOGA,3.9906783e-05,Low,0.0035856244578098993,2026-03-21 14:00:05.577934,XGBoost
5301,7503-QQRVF,0.99930537,High,74.24838880300521,2026-03-21 14:00:05.577934,XGBoost
5302,7503-ZGUZJ,0.9516071,High,80.55354170203209,2026-03-21 14:00:05.577934,XGBoost
5303,7504-UWHNB,0.0008697386,Low,0.0606642658385681,2026-03-21 14:00:05.577934,XGBoost
5304,7508-DQAKK,7.18541e-05,Low,0.006208194047212601,2026-03-21 14:00:05.577934,XGBoost
5305,7508-KBIMB,2.1175676e-05,Low,0.0011911317756130302,2026-03-21 14:00:05.577934,XGBoost
5306,7508-MYBOG,0.99831307,High,85.9547552704811,2026-03-21 14:00:05.577934,XGBoost
5307,7508-SMHXL,0.085155755,Low,7.578862220048904,2026-03-21 14:00:05.577934,XGBoost
5308,7511-YMXVQ,0.9997794,High,45.38998490571976,2026-03-21 14:00:05.577934,XGBoost
5309,7515-LODFU,5.397594e-06,Low,0.00010957116069221229,2026-03-21 14:00:05.577934,XGBoost
5310,7516-GMHUV,0.00054043665,Low,0.05677287039288785,2026-03-21 14:00:05.577934,XGBoost
5311,7517-LDMPS,0.3607527,Low,30.519678568840025,2026-03-21 14:00:05.577934,XGBoost
5312,7517-SAWMO,0.9981061,High,73.06136813163758,2026-03-21 14:00:05.577934,XGBoost
5313,7519-JTWQH,0.0002264512,Low,0.025022857647854835,2026-03-21 14:00:05.577934,XGBoost
5314,7520-HQWJU,8.904704e-05,Low,0.0060062228541937655,2026-03-21 14:00:05.577934,XGBoost
5315,7521-AFHAB,3.594827e-05,Low,0.0016104824608191848,2026-03-21 14:00:05.577934,XGBoost
5316,7521-YXVZY,0.032110997,Low,0.6406143810600042,2026-03-21 14:00:05.577934,XGBoost
5317,7524-VRLPL,6.470398e-05,Low,0.004794564758049091,2026-03-21 14:00:05.577934,XGBoost
5318,7526-BEZQB,0.99991107,High,96.04145826101303,2026-03-21 14:00:05.577934,XGBoost
5319,7526-IVLYU,0.00012182059,Low,0.0023937745361763516,2026-03-21 14:00:05.577934,XGBoost
5320,7527-QNRUS,6.262615e-06,Low,0.00015750476695757242,2026-03-21 14:00:05.577934,XGBoost
5321,7529-ZDFXI,7.720395e-05,Low,0.006936774847417836,2026-03-21 14:00:05.577934,XGBoost
5322,7530-HDYDS,0.86522657,High,72.89533825218678,2026-03-21 14:00:05.577934,XGBoost
5323,7531-GQHME,0.00021446015,Low,0.0042999259232601615,2026-03-21 14:00:05.577934,XGBoost
5324,7534-BFESC,0.9997147,High,76.07828658223151,2026-03-21 14:00:05.577934,XGBoost
5325,7537-CBQUZ,0.00012473897,Low,0.013646443720790559,2026-03-21 14:00:05.577934,XGBoost
5326,7537-RBWEA,0.0015814045,Low,0.039772322535282,2026-03-21 14:00:05.577934,XGBoost
5327,7538-GWHML,0.93770397,High,65.31108130812646,2026-03-21 14:00:05.577934,XGBoost
5328,7541-YLXCL,0.8187125,High,53.54379572868348,2026-03-21 14:00:05.577934,XGBoost
5329,7542-CYDDM,4.6920875e-05,Low,0.0009407635501702317,2026-03-21 14:00:05.577934,XGBoost
5330,7544-ZVIKX,0.0073089614,Low,0.7678063906496391,2026-03-21 14:00:05.577934,XGBoost
5331,7547-EKNFS,0.9988042,High,95.13610115647316,2026-03-21 14:00:05.577934,XGBoost
5332,7548-SEPYI,0.99597013,High,95.86212500929832,2026-03-21 14:00:05.577934,XGBoost
5333,7549-MYGPK,0.89206916,High,89.69755413234233,2026-03-21 14:00:05.577934,XGBoost
5334,7550-WIQVA,0.0006000155,Low,0.06495167914545164,2026-03-21 14:00:05.577934,XGBoost
5335,7551-DACSP,0.9926443,High,54.89323034286499,2026-03-21 14:00:05.577934,XGBoost
5336,7551-JOHTI,0.8901962,High,17.358825981616974,2026-03-21 14:00:05.577934,XGBoost
5337,7552-KEYGT,8.702908e-05,Low,0.00170141855996917,2026-03-21 14:00:05.577934,XGBoost
5338,7554-AKDQF,0.0005340791,Low,0.02438071072392631,2026-03-21 14:00:05.577934,XGBoost
5339,7554-NEWDD,0.00016612271,Low,0.004269353757263161,2026-03-21 14:00:05.577934,XGBoost
5340,7558-IMLMT,0.00072601106,Low,0.015101030003279448,2026-03-21 14:00:05.577934,XGBoost
5341,7560-QJAVJ,3.222514e-05,Low,0.00256512113410281,2026-03-21 14:00:05.577934,XGBoost
5342,7560-QRBXH,9.310849e-06,Low,0.0001857514422681561,2026-03-21 14:00:05.577934,XGBoost
5343,7562-GSUHK,0.81249404,High,75.7244444847107,2026-03-21 14:00:05.577934,XGBoost
5344,7562-UXTPG,0.000518641,Low,0.03638266805501189,2026-03-21 14:00:05.577934,XGBoost
5345,7563-BIUPC,0.93669105,High,75.49729828834533,2026-03-21 14:00:05.577934,XGBoost
5346,7564-GHCVB,0.00013018293,Low,0.010290960812562843,2026-03-21 14:00:05.577934,XGBoost
5347,7566-DSRLQ,0.0019944068,Low,0.219683909509331,2026-03-21 14:00:05.577934,XGBoost
5348,7567-ECMCM,0.00021127771,Low,0.01687052551860688,2026-03-21 14:00:05.577934,XGBoost
5349,7568-PODML,0.98062986,High,44.4225327193737,2026-03-21 14:00:05.577934,XGBoost
5350,7569-NMZYQ,8.452919e-06,Low,0.0010037841605026188,2026-03-21 14:00:05.577934,XGBoost
5351,7570-WELNY,3.7731286e-05,Low,0.003195839948239154,2026-03-21 14:00:05.577934,XGBoost
5352,7571-YXDAD,0.99965334,High,74.87403512001038,2026-03-21 14:00:05.577934,XGBoost
5353,7572-KPVKK,0.00015522403,Low,0.01615106014214689,2026-03-21 14:00:05.577934,XGBoost
5354,7576-ASEJU,0.0006164532,Low,0.04604905258747749,2026-03-21 14:00:05.577934,XGBoost
5355,7576-JMYWV,2.3689556e-05,Low,0.002610589043251821,2026-03-21 14:00:05.577934,XGBoost
5356,7576-OYWBN,0.9219054,High,70.11090554594993,2026-03-21 14:00:05.577934,XGBoost
5357,7577-SWIFR,0.0014215587,Low,0.12687411135993898,2026-03-21 14:00:05.577934,XGBoost
5358,7579-KKLOE,1.6563537e-05,Low,0.0015114227903723076,2026-03-21 14:00:05.577934,XGBoost
5359,7579-OOPEC,0.9283729,High,46.557901915907856,2026-03-21 14:00:05.577934,XGBoost
5360,7580-UGXNC,0.99936026,High,54.814910444617276,2026-03-21 14:00:05.577934,XGBoost
5361,7581-EBBOU,5.2622057e-05,Low,0.0036914373273248206,2026-03-21 14:00:05.577934,XGBoost
5362,7586-ZATGZ,0.0016644645,Low,0.14131303421454505,2026-03-21 14:00:05.577934,XGBoost
5363,7587-AOVVU,8.8638946e-05,Low,0.008930373827752192,2026-03-21 14:00:05.577934,XGBoost
5364,7587-RZNME,0.99969983,High,43.28700268268585,2026-03-21 14:00:05.577934,XGBoost
5365,7590-VHVEG,0.0047448147,Low,0.14163271905854344,2026-03-21 14:00:05.577934,XGBoost
5366,7593-JNWRU,0.9946485,High,44.36132382154465,2026-03-21 14:00:05.577934,XGBoost
5367,7593-XFKDI,0.8378078,High,38.790499961376185,2026-03-21 14:00:05.577934,XGBoost
5368,7594-LZNWR,8.0488964e-05,Low,0.005565811871565529,2026-03-21 14:00:05.577934,XGBoost
5369,7594-RQHXR,0.9997824,High,79.58267772197723,2026-03-21 14:00:05.577934,XGBoost
5370,7595-EHCDL,0.0002404335,Low,0.0121659348718822,2026-03-21 14:00:05.577934,XGBoost
5371,7595-EUIVN,0.97227234,High,73.69824310541152,2026-03-21 14:00:05.577934,XGBoost
5372,7596-IIWYC,0.004733502,Low,0.0958534141536802,2026-03-21 14:00:05.577934,XGBoost
5373,7596-LDUXP,8.306085e-05,Low,0.007072631192568225,2026-03-21 14:00:05.577934,XGBoost
5374,7596-ZYWBB,0.0014710138,Low,0.08767242021858693,2026-03-21 14:00:05.577934,XGBoost
5375,7598-UAASY,0.8836442,High,67.51041865348816,2026-03-21 14:00:05.577934,XGBoost
5376,7599-FKVXZ,0.99986863,High,106.13605521917344,2026-03-21 14:00:05.577934,XGBoost
5377,7599-NTMDP,4.9378883e-05,Low,0.002404751600988675,2026-03-21 14:00:05.577934,XGBoost
5378,7601-DHFWZ,0.0010571349,Low,0.025371238589286804,2026-03-21 14:00:05.577934,XGBoost
5379,7601-GNDYK,4.0283653e-06,Low,7.895596008893336e-05,2026-03-21 14:00:05.577934,XGBoost
5380,7601-WFVZV,0.2559019,Low,5.002882201969624,2026-03-21 14:00:05.577934,XGBoost
5381,7602-DBTOU,7.384407e-06,Low,0.0001447343796826317,2026-03-21 14:00:05.577934,XGBoost
5382,7602-MVRMB,1.2273792e-05,Low,0.0013556403243001115,2026-03-21 14:00:05.577934,XGBoost
5383,7603-USHJS,0.73439497,High,54.16162885725498,2026-03-21 14:00:05.577934,XGBoost
5384,7605-BDWDC,0.0085128,Low,0.42436306145973507,2026-03-21 14:00:05.577934,XGBoost
5385,7605-SNLQG,0.0009716224,Low,0.04882402639486827,2026-03-21 14:00:05.577934,XGBoost
5386,7606-BPHHN,2.7995882e-05,Low,0.0005543184674024815,2026-03-21 14:00:05.577934,XGBoost
5387,7607-QKKTJ,0.00019352845,Low,0.018385203002253547,2026-03-21 14:00:05.577934,XGBoost
5388,7608-RGIRO,3.8312653e-05,Low,0.0009348287450848147,2026-03-21 14:00:05.577934,XGBoost
5389,7609-NRNCA,3.8262264e-05,Low,0.0007480272581233294,2026-03-21 14:00:05.577934,XGBoost
5390,7609-YBPXG,0.0001406667,Low,0.0122520695469575,2026-03-21 14:00:05.577934,XGBoost
5391,7610-TVOPG,0.032449108,Low,0.8550339857116342,2026-03-21 14:00:05.577934,XGBoost
5392,7611-YKYTC,4.798755e-05,Low,0.0035990661672258284,2026-03-21 14:00:05.577934,XGBoost
5393,7613-LLQFO,0.99876404,High,84.34562301635742,2026-03-21 14:00:05.577934,XGBoost
5394,7614-QVWQL,0.89709824,High,46.46968899965286,2026-03-21 14:00:05.577934,XGBoost
5395,7615-ESMYF,0.92627066,High,41.31167160272599,2026-03-21 14:00:05.577934,XGBoost
5396,7617-EYGLW,0.0004106279,Low,0.007986712535785045,2026-03-21 14:00:05.577934,XGBoost
5397,7619-ODSGN,0.99976844,High,54.73732186853886,2026-03-21 14:00:05.577934,XGBoost
5398,7619-PLRLP,0.00013451502,Low,0.009967563211102969,2026-03-21 14:00:05.577934,XGBoost
5399,7621-VPNET,0.0009742439,Low,0.08368755223345943,2026-03-21 14:00:05.577934,XGBoost
5400,7622-FWGEW,0.07781712,Low,6.665036298707128,2026-03-21 14:00:05.577934,XGBoost
5401,7622-NXQZR,5.4016182e-05,Low,0.0016258870728051988,2026-03-21 14:00:05.577934,XGBoost
5402,7623-HKYRK,0.0002773315,Low,0.005463430675445124,2026-03-21 14:00:05.577934,XGBoost
5403,7623-TRNQN,0.89115727,High,44.46874774694442,2026-03-21 14:00:05.577934,XGBoost
5404,7625-XCQRH,0.9717782,High,74.34103336930275,2026-03-21 14:00:05.577934,XGBoost
5405,7627-JKIAZ,0.99914217,High,78.88227431774139,2026-03-21 14:00:05.577934,XGBoost
5406,7629-WFGLW,4.285445e-05,Low,0.004099028309792629,2026-03-21 14:00:05.577934,XGBoost
5407,7629-WIXZF,9.285301e-05,Low,0.005487613096920541,2026-03-21 14:00:05.577934,XGBoost
5408,7632-MNYOY,0.9994856,High,110.84295436143876,2026-03-21 14:00:05.577934,XGBoost
5409,7632-YUTXB,2.4766396e-05,Low,0.0004965662328686449,2026-03-21 14:00:05.577934,XGBoost
5410,7633-MVPUY,0.04865274,Low,2.9070011153817177,2026-03-21 14:00:05.577934,XGBoost
5411,7634-HLQJR,6.4452365e-06,Low,0.0001292269922714695,2026-03-21 14:00:05.577934,XGBoost
5412,7634-WSWDB,7.0223454e-05,Low,0.0027036029714508913,2026-03-21 14:00:05.577934,XGBoost
5413,7636-OWBPG,0.0001600544,Low,0.004697596803453052,2026-03-21 14:00:05.577934,XGBoost
5414,7636-PEPNS,3.0301746e-05,Low,0.001336306995835912,2026-03-21 14:00:05.577934,XGBoost
5415,7636-XUHWW,0.00015819438,Low,0.0031480681573157194,2026-03-21 14:00:05.577934,XGBoost
5416,7638-QVMVY,0.9992704,High,78.94235998392105,2026-03-21 14:00:05.577934,XGBoost
5417,7639-LIAYI,2.8036548e-05,Low,0.0022359146646522277,2026-03-21 14:00:05.577934,XGBoost
5418,7639-OPLNG,4.8948954e-05,Low,0.003879204597978969,2026-03-21 14:00:05.577934,XGBoost
5419,7639-SUPCW,0.99917054,High,48.759522438049316,2026-03-21 14:00:05.577934,XGBoost
5420,7641-EUYET,0.9538412,High,96.05180978775024,2026-03-21 14:00:05.577934,XGBoost
5421,7641-TQFHN,0.0012322929,Low,0.12390704630524851,2026-03-21 14:00:05.577934,XGBoost
5422,7643-RCHXS,2.0636782e-05,Low,0.00039932173576744394,2026-03-21 14:00:05.577934,XGBoost
5423,7647-GYYKX,0.003500024,Low,0.07122549022315071,2026-03-21 14:00:05.577934,XGBoost
5424,7649-PHJVR,0.00025658828,Low,0.00500347136403434,2026-03-21 14:00:05.577934,XGBoost
5425,7649-SIJJF,4.799231e-05,Low,0.003844184111949289,2026-03-21 14:00:05.577934,XGBoost
5426,7654-YWJUF,0.00039610444,Low,0.033371799254382495,2026-03-21 14:00:05.577934,XGBoost
5427,7657-DYEPJ,0.99833125,High,70.03293710052968,2026-03-21 14:00:05.577934,XGBoost
5428,7658-UYUQS,0.34765783,Low,30.08978514522314,2026-03-21 14:00:05.577934,XGBoost
5429,7660-HDPJV,0.9997665,High,69.1838437795639,2026-03-21 14:00:05.577934,XGBoost
5430,7661-CPURM,0.065016456,Low,5.701943186670542,2026-03-21 14:00:05.577934,XGBoost
5431,7663-CUXZB,4.5328045e-05,Low,0.005156065062692505,2026-03-21 14:00:05.577934,XGBoost
5432,7663-RGWBC,0.99844736,High,44.08145088255405,2026-03-21 14:00:05.577934,XGBoost
5433,7663-YJHSN,8.087827e-05,Low,0.008407296327277436,2026-03-21 14:00:05.577934,XGBoost
5434,7663-ZTEGJ,0.08820513,Low,8.86902571171522,2026-03-21 14:00:05.577934,XGBoost
5435,7665-NKLAV,2.4168094e-05,Low,0.0009824330072660814,2026-03-21 14:00:05.577934,XGBoost
5436,7665-TOALD,0.9655764,High,67.2041181564331,2026-03-21 14:00:05.577934,XGBoost
5437,7665-VIGUD,0.0002756644,Low,0.005609770740556997,2026-03-21 14:00:05.577934,XGBoost
5438,7666-WKRON,0.9980862,High,80.29603592157365,2026-03-21 14:00:05.577934,XGBoost
5439,7668-XCFYV,0.00073759584,Low,0.06826449476648122,2026-03-21 14:00:05.577934,XGBoost
5440,7669-LCRSD,0.00029269786,Low,0.016478889697464184,2026-03-21 14:00:05.577934,XGBoost
5441,7670-ZBPOQ,0.00015888114,Low,0.009699693771108285,2026-03-21 14:00:05.577934,XGBoost
5442,7672-VFMXZ,0.00044412524,Low,0.024737775788526054,2026-03-21 14:00:05.577934,XGBoost
5443,7673-BQGKU,2.371347e-05,Low,0.0004778264205015148,2026-03-21 14:00:05.577934,XGBoost
5444,7673-LPRNY,0.00010653853,Low,0.008368601492838934,2026-03-21 14:00:05.577934,XGBoost
5445,7674-YTAFD,0.0016642506,Low,0.13305683734361082,2026-03-21 14:00:05.577934,XGBoost
5446,7675-OZCZG,0.9351374,High,42.08118259906769,2026-03-21 14:00:05.577934,XGBoost
5447,7677-SJJJK,0.00016212417,Low,0.003226270945742726,2026-03-21 14:00:05.577934,XGBoost
5448,7682-AZNDK,0.00011134837,Low,0.010004650754490285,2026-03-21 14:00:05.577934,XGBoost
5449,7683-CBDKJ,0.99386144,High,65.04823104143144,2026-03-21 14:00:05.577934,XGBoost
5450,7684-XSZIY,2.095602e-05,Low,0.0005092312934721121,2026-03-21 14:00:05.577934,XGBoost
5451,7688-AWMDX,9.4084695e-05,Low,0.005127615870151203,2026-03-21 14:00:05.577934,XGBoost
5452,7690-KPNCU,0.00048627506,Low,0.03552239348064177,2026-03-21 14:00:05.577934,XGBoost
5453,7691-KGKGP,1.796206e-05,Low,0.0011675339101202553,2026-03-21 14:00:05.577934,XGBoost
5454,7691-XVTZH,0.00012262148,Low,0.011029802201665008,2026-03-21 14:00:05.577934,XGBoost
5455,7693-LCKZL,0.99978465,High,80.13273957073689,2026-03-21 14:00:05.577934,XGBoost
5456,7693-QPEFS,0.17986561,Low,13.121196510642767,2026-03-21 14:00:05.577934,XGBoost
5457,7694-VLBWQ,0.3692072,Low,38.43446987271309,2026-03-21 14:00:05.577934,XGBoost
5458,7695-PKLCZ,0.0008923235,Low,0.018292631750227883,2026-03-21 14:00:05.577934,XGBoost
5459,7696-AMHOD,0.00065515505,Low,0.0511020936537534,2026-03-21 14:00:05.577934,XGBoost
5460,7696-CFTAT,8.70249e-06,Low,0.0001723093029795564,2026-03-21 14:00:05.577934,XGBoost
5461,7698-YFGEZ,0.0026238794,Low,0.05247758701443672,2026-03-21 14:00:05.577934,XGBoost
5462,7703-ZEKEF,0.94704485,High,76.71063280105591,2026-03-21 14:00:05.577934,XGBoost
5463,7706-DZNKK,8.211649e-06,Low,0.00016792823025753021,2026-03-21 14:00:05.577934,XGBoost
5464,7706-YLMQA,0.00018927999,Low,0.003728815840440802,2026-03-21 14:00:05.577934,XGBoost
5465,7707-PYBBH,0.00027122287,Low,0.01678869591851253,2026-03-21 14:00:05.577934,XGBoost
5466,7710-JSYOA,2.1001575e-05,Low,0.0019594469547882906,2026-03-21 14:00:05.577934,XGBoost
5467,7711-GQBZC,1.1302436e-05,Low,0.00027917017359868623,2026-03-21 14:00:05.577934,XGBoost
5468,7711-YIJWC,0.0027979359,Low,0.2375447542173788,2026-03-21 14:00:05.577934,XGBoost
5469,7714-YXSMB,0.0010776869,Low,0.10830753366462886,2026-03-21 14:00:05.577934,XGBoost
5470,7716-YTYHG,0.99851817,High,81.92841576039791,2026-03-21 14:00:05.577934,XGBoost
5471,7717-BICXI,5.11997e-06,Low,0.00010521538258672081,2026-03-21 14:00:05.577934,XGBoost
5472,7718-RXDGG,0.0006741144,Low,0.04624424701323732,2026-03-21 14:00:05.577934,XGBoost
5473,7718-UPSKJ,0.003013773,Low,0.3206654354929924,2026-03-21 14:00:05.577934,XGBoost
5474,7721-DVEKZ,0.09621498,Low,1.8906243547797201,2026-03-21 14:00:05.577934,XGBoost
5475,7721-JXEAW,0.78523403,High,32.233857098221776,2026-03-21 14:00:05.577934,XGBoost
5476,7722-CVFXN,0.03281779,Low,3.4524313420057298,2026-03-21 14:00:05.577934,XGBoost
5477,7722-VJRQD,7.9178426e-05,Low,0.004825925061595626,2026-03-21 14:00:05.577934,XGBoost
5478,7727-SHVZV,0.00034951323,Low,0.006815507906139828,2026-03-21 14:00:05.577934,XGBoost
5479,7729-JTEEC,0.00015692864,Low,0.0069833244633628055,2026-03-21 14:00:05.577934,XGBoost
5480,7729-XBTWX,2.6020978e-05,Low,0.0005139143177075312,2026-03-21 14:00:05.577934,XGBoost
5481,7730-CLDSV,0.0004502454,Low,0.044416708292556,2026-03-21 14:00:05.577934,XGBoost
5482,7730-IUTDZ,0.77316254,High,58.141823291778564,2026-03-21 14:00:05.577934,XGBoost
5483,7733-UDMTP,0.068436496,Low,3.7640072777867317,2026-03-21 14:00:05.577934,XGBoost
5484,7734-DBOAI,0.99977463,High,40.09096285700798,2026-03-21 14:00:05.577934,XGBoost
5485,7739-LAXOG,0.68897456,Medium,62.73113362491131,2026-03-21 14:00:05.577934,XGBoost
5486,7740-BTPUX,1.5455062e-05,Low,0.0017556950042489916,2026-03-21 14:00:05.577934,XGBoost
5487,7740-KKCXF,0.0004378932,Low,0.013158690847922117,2026-03-21 14:00:05.577934,XGBoost
5488,7742-MYPGI,0.00010359655,Low,0.005055511492537334,2026-03-21 14:00:05.577934,XGBoost
5489,7743-EXURX,0.35908902,Low,18.33149431347847,2026-03-21 14:00:05.577934,XGBoost
5490,7746-AWNQW,0.039110053,Low,1.3981844065710902,2026-03-21 14:00:05.577934,XGBoost
5491,7746-QYVCO,0.0005836717,Low,0.03259806297428441,2026-03-21 14:00:05.577934,XGBoost
5492,7748-UMTRK,0.002383238,Low,0.2414220030652359,2026-03-21 14:00:05.577934,XGBoost
5493,7750-EYXWZ,0.0002235197,Low,0.013556469960167305,2026-03-21 14:00:05.577934,XGBoost
5494,7752-XUSCI,0.999488,High,105.84577878713608,2026-03-21 14:00:05.577934,XGBoost
5495,7753-USQYQ,5.711418e-05,Low,0.003666730296390597,2026-03-21 14:00:05.577934,XGBoost
5496,7754-IXRMC,0.0019334209,Low,0.08768063744646497,2026-03-21 14:00:05.577934,XGBoost
5497,7758-UJWYS,1.8055074e-05,Low,0.0007321332579522277,2026-03-21 14:00:05.577934,XGBoost
5498,7758-XKCBS,0.99733114,High,29.620734930038452,2026-03-21 14:00:05.577934,XGBoost
5499,7760-OYPDY,0.9996069,High,80.61829707920552,2026-03-21 14:00:05.577934,XGBoost
5500,7762-ONLJY,3.0395198e-05,Low,0.0005987854072373011,2026-03-21 14:00:05.577934,XGBoost
5501,7762-URZQH,0.99967515,High,106.01555015444755,2026-03-21 14:00:05.577934,XGBoost
5502,7764-BDPEE,0.0001152822,Low,0.0024036338818405056,2026-03-21 14:00:05.577934,XGBoost
5503,7765-LWVVH,1.3464279e-05,Low,0.0012804529052118595,2026-03-21 14:00:05.577934,XGBoost
5504,7766-CLTIC,0.00021196861,Low,0.012919486811733806,2026-03-21 14:00:05.577934,XGBoost
5505,7767-UXAGJ,0.8763206,High,44.21037429571152,2026-03-21 14:00:05.577934,XGBoost
5506,7771-CFQRQ,6.760565e-05,Low,0.00431324056989979,2026-03-21 14:00:05.577934,XGBoost
5507,7771-ZONAT,0.0001444844,Low,0.008199489398975857,2026-03-21 14:00:05.577934,XGBoost
5508,7774-OJSXI,0.8735198,High,90.36562106013298,2026-03-21 14:00:05.577934,XGBoost
5509,7776-QGYJC,0.0004350249,Low,0.03545452994876541,2026-03-21 14:00:05.577934,XGBoost
5510,7776-QWNFX,0.9989743,High,50.34830589294433,2026-03-21 14:00:05.577934,XGBoost
5511,7777-UNYHB,0.0001644584,Low,0.0033056137835956183,2026-03-21 14:00:05.577934,XGBoost
5512,7779-LGOVN,0.99961436,High,86.61658411622048,2026-03-21 14:00:05.577934,XGBoost
5513,7779-ORAEL,2.4978544e-05,Low,0.0018771376107906692,2026-03-21 14:00:05.577934,XGBoost
5514,7780-OTDSO,0.9998758,High,99.38765292167665,2026-03-21 14:00:05.577934,XGBoost
5515,7781-EWARA,5.8553505e-05,Low,0.003533704049004882,2026-03-21 14:00:05.577934,XGBoost
5516,7781-HVGMK,5.5272398e-05,Low,0.0036037603320437485,2026-03-21 14:00:05.577934,XGBoost
5517,7783-YKGDV,0.948268,High,94.54231923222542,2026-03-21 14:00:05.577934,XGBoost
5518,7785-RDVIG,0.00031044413,Low,0.005991571661434137,2026-03-21 14:00:05.577934,XGBoost
5519,7786-WBJYI,0.99960965,High,77.91957215368748,2026-03-21 14:00:05.577934,XGBoost
5520,7787-BNTZM,0.065187484,Low,1.313527803122997,2026-03-21 14:00:05.577934,XGBoost
5521,7789-CRUVC,0.82174975,High,77.40882614850999,2026-03-21 14:00:05.577934,XGBoost
5522,7789-HKSBS,0.00016080658,Low,0.01691685216501355,2026-03-21 14:00:05.577934,XGBoost
5523,7794-JASDG,0.59077543,Medium,29.98185308277607,2026-03-21 14:00:05.577934,XGBoost
5524,7795-CFOCW,0.11439963,Low,4.839104215800762,2026-03-21 14:00:05.577934,XGBoost
5525,7797-EJMDP,0.00031688734,Low,0.020930408625281414,2026-03-21 14:00:05.577934,XGBoost
5526,7798-JVXYM,0.38677862,Low,26.939131082594397,2026-03-21 14:00:05.577934,XGBoost
5527,7799-DSEWS,3.8335424e-05,Low,0.002620226202816411,2026-03-21 14:00:05.577934,XGBoost
5528,7799-LGRDP,0.0014291356,Low,0.03672878394136205,2026-03-21 14:00:05.577934,XGBoost
5529,7801-CEDNV,3.4373814e-05,Low,0.001674004733649781,2026-03-21 14:00:05.577934,XGBoost
5530,7801-KICAO,0.12607104,Low,9.348167309165001,2026-03-21 14:00:05.577934,XGBoost
5531,7802-EFKNY,0.94341356,High,23.538168212771414,2026-03-21 14:00:05.577934,XGBoost
5532,7803-XOCCZ,4.8063437e-05,Low,0.004039731891134579,2026-03-21 14:00:05.577934,XGBoost
5533,7808-DVWEP,0.00053287955,Low,0.010657591046765447,2026-03-21 14:00:05.577934,XGBoost
5534,7811-JIVPF,0.00014819625,Low,0.007365353802742902,2026-03-21 14:00:05.577934,XGBoost
5535,7812-FZHPE,0.99461246,High,23.970160174369813,2026-03-21 14:00:05.577934,XGBoost
5536,7813-TKCVO,4.6796962e-05,Low,0.0009523181792246761,2026-03-21 14:00:05.577934,XGBoost
5537,7813-ZGGAW,0.0012192503,Low,0.11777957528829575,2026-03-21 14:00:05.577934,XGBoost
5538,7814-LEEVE,0.0029228106,Low,0.0593330554664135,2026-03-21 14:00:05.577934,XGBoost
5539,7815-PDTHL,1.6170594e-05,Low,0.0003266459963924717,2026-03-21 14:00:05.577934,XGBoost
5540,7816-VGHTO,2.7072374e-05,Low,0.0010977847655340156,2026-03-21 14:00:05.577934,XGBoost
5541,7817-BOQPW,0.94848186,High,71.65780435502529,2026-03-21 14:00:05.577934,XGBoost
5542,7817-OMJNA,8.7605695e-05,Low,0.0017871561722131444,2026-03-21 14:00:05.577934,XGBoost
5543,7820-ZYGNY,0.00012078167,Low,0.010924701838666806,2026-03-21 14:00:05.577934,XGBoost
5544,7821-DPRQE,0.00024182278,Low,0.02604431355575798,2026-03-21 14:00:05.577934,XGBoost
5545,7823-JSOAG,0.0007785021,Low,0.05799840542022139,2026-03-21 14:00:05.577934,XGBoost
5546,7824-PANSQ,6.87596e-05,Low,0.005545461467045243,2026-03-21 14:00:05.577934,XGBoost
5547,7825-ECJRF,0.012258382,Low,1.3067434767261146,2026-03-21 14:00:05.577934,XGBoost
5548,7825-GKXMW,0.9915496,High,45.412972187995905,2026-03-21 14:00:05.577934,XGBoost
5549,7826-VVKWT,0.0033965814,Low,0.3279399334685877,2026-03-21 14:00:05.577934,XGBoost
5550,7831-QGOXH,0.74287903,High,63.29329361915588,2026-03-21 14:00:05.577934,XGBoost
5551,7833-PKIHD,0.00032111496,Low,0.0245331829180941,2026-03-21 14:00:05.577934,XGBoost
5552,7838-LAZFO,0.00032977868,Low,0.025986559607554225,2026-03-21 14:00:05.577934,XGBoost
5553,7839-NUIAA,7.677124e-05,Low,0.004590920203190762,2026-03-21 14:00:05.577934,XGBoost
5554,7839-QRKXN,0.80097586,High,16.17971235513687,2026-03-21 14:00:05.577934,XGBoost
5555,7841-FCRQD,0.000120351695,Low,0.006468903602581122,2026-03-21 14:00:05.577934,XGBoost
5556,7841-TZDMQ,0.7662093,High,35.245627999305725,2026-03-21 14:00:05.577934,XGBoost
5557,7845-URHJN,0.9985442,High,20.120665955543515,2026-03-21 14:00:05.577934,XGBoost
5558,7850-THJMU,1.9029281e-05,Low,0.00037392537651612654,2026-03-21 14:00:05.577934,XGBoost
5559,7850-VWJUU,0.00025627043,Low,0.019220282410969958,2026-03-21 14:00:05.577934,XGBoost
5560,7851-FLGGQ,0.9170723,High,40.94727802276611,2026-03-21 14:00:05.577934,XGBoost
5561,7851-WZEKY,0.9997192,High,95.12328211963177,2026-03-21 14:00:05.577934,XGBoost
5562,7852-LECYP,0.00012090612,Low,0.011340994328202214,2026-03-21 14:00:05.577934,XGBoost
5563,7853-GVUDZ,0.9640542,High,19.425692671537398,2026-03-21 14:00:05.577934,XGBoost
5564,7853-OETYL,0.0003136338,Low,0.009111061626754235,2026-03-21 14:00:05.577934,XGBoost
5565,7853-WNZSY,0.00032521313,Low,0.006422959282645024,2026-03-21 14:00:05.577934,XGBoost
5566,7854-EDSSA,0.85751843,High,50.59358763694763,2026-03-21 14:00:05.577934,XGBoost
5567,7854-EKTJL,0.83445287,High,16.35527620315552,2026-03-21 14:00:05.577934,XGBoost
5568,7854-FOKSF,0.9997614,High,35.89143435359001,2026-03-21 14:00:05.577934,XGBoost
5569,7855-DIWPO,0.00040869132,Low,0.028056659460708035,2026-03-21 14:00:05.577934,XGBoost
5570,7856-GANIL,0.19749062,Low,19.492323960363866,2026-03-21 14:00:05.577934,XGBoost
5571,7858-GTZSP,0.2886153,Low,24.97965303361416,2026-03-21 14:00:05.577934,XGBoost
5572,7860-KSUGX,0.011784938,Low,0.7595392646733672,2026-03-21 14:00:05.577934,XGBoost
5573,7860-UXCRM,7.563474e-05,Low,0.005634788394672796,2026-03-21 14:00:05.577934,XGBoost
5574,7861-UVUFT,0.9992594,High,84.23756845593452,2026-03-21 14:00:05.577934,XGBoost
5575,7868-BGSZA,8.4032574e-05,Low,0.006739412418392022,2026-03-21 14:00:05.577934,XGBoost
5576,7868-TMWMZ,4.2904543e-05,Low,0.004719499738712329,2026-03-21 14:00:05.577934,XGBoost
5577,7869-ZYDST,2.6364629e-05,Low,0.0015568313345283968,2026-03-21 14:00:05.577934,XGBoost
5578,7872-BAAZR,8.827404e-05,Low,0.0017257575280382297,2026-03-21 14:00:05.577934,XGBoost
5579,7872-RDDLZ,0.0002964109,Low,0.01627295845246408,2026-03-21 14:00:05.577934,XGBoost
5580,7873-CVMAW,3.0345498e-05,Low,0.0026870938558204217,2026-03-21 14:00:05.577934,XGBoost
5581,7874-ECPQJ,0.00015872625,Low,0.0031824613579374272,2026-03-21 14:00:05.577934,XGBoost
5582,7876-AEHIG,0.0006978346,Low,0.04197475069959182,2026-03-21 14:00:05.577934,XGBoost
5583,7876-BEUTG,5.4577198e-05,Low,0.0026633672707248477,2026-03-21 14:00:05.577934,XGBoost
5584,7876-DNYAP,7.2472662e-06,Low,0.00014349587154356415,2026-03-21 14:00:05.577934,XGBoost
5585,7878-JGDKK,0.000120776494,Low,0.005380592827350483,2026-03-21 14:00:05.577934,XGBoost
5586,7878-RTCZG,0.074203394,Low,1.4766475476324556,2026-03-21 14:00:05.577934,XGBoost
5587,7879-CGSFV,0.00017288119,Low,0.017443712196836714,2026-03-21 14:00:05.577934,XGBoost
5588,7880-XSOJX,0.15639275,Low,6.631052732467651,2026-03-21 14:00:05.577934,XGBoost
5589,7881-EVUAD,0.8039783,High,34.2494765996933,2026-03-21 14:00:05.577934,XGBoost
5590,7881-INRLC,0.8128625,High,81.97718468308449,2026-03-21 14:00:05.577934,XGBoost
5591,7883-ROJOC,0.16835646,Low,7.559205202758312,2026-03-21 14:00:05.577934,XGBoost
5592,7890-VYYWG,0.99986875,High,36.44521595835686,2026-03-21 14:00:05.577934,XGBoost
5593,7892-POOKP,0.99968433,High,104.76691818237305,2026-03-21 14:00:05.577934,XGBoost
5594,7892-QVYKW,0.00021883215,Low,0.018732032238040118,2026-03-21 14:00:05.577934,XGBoost
5595,7893-IXHRQ,0.999673,High,20.543280333280563,2026-03-21 14:00:05.577934,XGBoost
5596,7895-VONWT,4.175902e-05,Low,0.00201487271260703,2026-03-21 14:00:05.577934,XGBoost
5597,7898-PDWQE,7.808377e-05,Low,0.0062779353233054285,2026-03-21 14:00:05.577934,XGBoost
5598,7901-HXJVA,0.00040843914,Low,0.031225172276026572,2026-03-21 14:00:05.577934,XGBoost
5599,7901-IIDQV,0.00010790849,Low,0.005891803579288535,2026-03-21 14:00:05.577934,XGBoost
5600,7901-TBKJX,0.13347806,Low,13.48795799985528,2026-03-21 14:00:05.577934,XGBoost
5601,7903-CMPEY,0.9997805,High,80.28237223029136,2026-03-21 14:00:05.577934,XGBoost
5602,7905-NJMXS,0.18790583,Low,12.063554486632349,2026-03-21 14:00:05.577934,XGBoost
5603,7905-TVXTA,9.106609e-05,Low,0.005860102841688785,2026-03-21 14:00:05.577934,XGBoost
5604,7908-QCBCA,0.9826034,High,68.19267395734788,2026-03-21 14:00:05.577934,XGBoost
5605,7909-FIOIY,2.5693684e-05,Low,0.0006384880402038108,2026-03-21 14:00:05.577934,XGBoost
5606,7912-SYRQT,0.99852955,High,74.98956946134567,2026-03-21 14:00:05.577934,XGBoost
5607,7916-VCCPB,0.00020840343,Low,0.015265551610355033,2026-03-21 14:00:05.577934,XGBoost
5608,7919-ZODZZ,0.0813887,Low,5.363515134155751,2026-03-21 14:00:05.577934,XGBoost
5609,7921-BEPCI,8.2030405e-05,Low,0.004901316691757529,2026-03-21 14:00:05.577934,XGBoost
5610,7921-LMDFQ,0.014077076,Low,1.32324512116611,2026-03-21 14:00:05.577934,XGBoost
5611,7923-IYJWY,0.00010650206,Low,0.012364889445598236,2026-03-21 14:00:05.577934,XGBoost
5612,7924-GJZFI,0.00036965904,Low,0.025617371674161404,2026-03-21 14:00:05.577934,XGBoost
5613,7925-PNRGI,0.022436112,Low,1.8240559190511703,2026-03-21 14:00:05.577934,XGBoost
5614,7926-IJOOU,0.000538101,Low,0.010385349538410082,2026-03-21 14:00:05.577934,XGBoost
5615,7927-AUXBZ,0.55237263,Medium,47.03452982008457,2026-03-21 14:00:05.577934,XGBoost
5616,7928-VJYAB,0.74525553,High,67.52015100717544,2026-03-21 14:00:05.577934,XGBoost
5617,7929-DMBCV,6.67959e-05,Low,0.005410468140325975,2026-03-21 14:00:05.577934,XGBoost
5618,7929-SKFGK,0.0012475704,Low,0.1425972949247807,2026-03-21 14:00:05.577934,XGBoost
5619,7931-PXHFC,0.9965913,High,62.08763983249664,2026-03-21 14:00:05.577934,XGBoost
5620,7932-WPTDS,0.9693313,High,24.03941683769226,2026-03-21 14:00:05.577934,XGBoost
5621,7938-OUHIO,0.95670885,High,94.42716334462166,2026-03-21 14:00:05.577934,XGBoost
5622,7940-UQQUG,1.1982101e-05,Low,0.0012509313088230557,2026-03-21 14:00:05.577934,XGBoost
5623,7941-RCJOW,0.0012656238,Low,0.02474294606363401,2026-03-21 14:00:05.577934,XGBoost
5624,7943-RQCHR,0.999759,High,94.72716699540615,2026-03-21 14:00:05.577934,XGBoost
5625,7945-HLKEA,3.2487973e-05,Low,0.002103596247252426,2026-03-21 14:00:05.577934,XGBoost
5626,7945-PRBVF,0.0019077212,Low,0.040920618921518326,2026-03-21 14:00:05.577934,XGBoost
5627,7950-XWOVN,0.06460659,Low,2.2418487444519997,2026-03-21 14:00:05.577934,XGBoost
5628,7951-QKZPL,0.7163718,High,17.551108479499817,2026-03-21 14:00:05.577934,XGBoost
5629,7951-VRDVK,0.00041540823,Low,0.035662796298856846,2026-03-21 14:00:05.577934,XGBoost
5630,7952-OBOYL,0.00019203314,Low,0.0172541777639708,2026-03-21 14:00:05.577934,XGBoost
5631,7954-MLBUN,0.0004000886,Low,0.03978881236980669,2026-03-21 14:00:05.577934,XGBoost
5632,7956-XQWGU,9.007358e-05,Low,0.0017474275126005522,2026-03-21 14:00:05.577934,XGBoost
5633,7957-RYHQD,0.9987909,High,79.10424084663391,2026-03-21 14:00:05.577934,XGBoost
5634,7963-GQRMY,0.9988017,High,44.24691567420959,2026-03-21 14:00:05.577934,XGBoost
5635,7963-SHNDT,1.866155e-05,Low,0.0007296666328329593,2026-03-21 14:00:05.577934,XGBoost
5636,7964-VEXDG,6.638499e-05,Low,0.005334034208499361,2026-03-21 14:00:05.577934,XGBoost
5637,7964-YESJC,0.00014305688,Low,0.009484671204700134,2026-03-21 14:00:05.577934,XGBoost
5638,7964-ZRKKG,0.00043662294,Low,0.038597467937506735,2026-03-21 14:00:05.577934,XGBoost
5639,7966-YOTQW,0.0005103168,Low,0.02781226602382958,2026-03-21 14:00:05.577934,XGBoost
5640,7967-HYCDE,7.21746e-05,Low,0.005102743967290735,2026-03-21 14:00:05.577934,XGBoost
5641,7968-QUXNS,0.30415794,Low,5.763793011009693,2026-03-21 14:00:05.577934,XGBoost
5642,7969-AULMZ,0.9997868,High,97.32924441397189,2026-03-21 14:00:05.577934,XGBoost
5643,7969-FFOWG,0.00074494135,Low,0.0148243329313118,2026-03-21 14:00:05.577934,XGBoost
5644,7971-HLVXI,7.2073526e-06,Low,0.00060902129553142,2026-03-21 14:00:05.577934,XGBoost
5645,7973-DZRKH,0.000710692,Low,0.06463743956992403,2026-03-21 14:00:05.577934,XGBoost
5646,7975-JMZNT,0.0002712278,Low,0.02487158860312775,2026-03-21 14:00:05.577934,XGBoost
5647,7975-TZMLR,0.00014425325,Low,0.014872510288842022,2026-03-21 14:00:05.577934,XGBoost
5648,7976-CICYS,0.009421405,Low,0.195023091416806,2026-03-21 14:00:05.577934,XGBoost
5649,7977-HXJKU,7.856755e-05,Low,0.0015399240015540273,2026-03-21 14:00:05.577934,XGBoost
5650,7978-DKUQH,0.00072179484,Low,0.0538458953727968,2026-03-21 14:00:05.577934,XGBoost
5651,7979-CORPM,0.17434423,Low,15.786869729310274,2026-03-21 14:00:05.577934,XGBoost
5652,7980-MHFLQ,0.00037954192,Low,0.009450593756628222,2026-03-21 14:00:05.577934,XGBoost
5653,7982-VCELR,0.00052844966,Low,0.05009702760726213,2026-03-21 14:00:05.577934,XGBoost
5654,7989-AWGEH,0.00026518124,Low,0.01039510457776487,2026-03-21 14:00:05.577934,XGBoost
5655,7989-CHGTL,0.9992817,High,19.58592140674591,2026-03-21 14:00:05.577934,XGBoost
5656,7989-VCQOH,0.00010760959,Low,0.008958498105130275,2026-03-21 14:00:05.577934,XGBoost
5657,7993-NQLJE,0.00025602523,Low,0.019227494951337576,2026-03-21 14:00:05.577934,XGBoost
5658,7993-PYKOF,0.91652685,High,68.73951405286789,2026-03-21 14:00:05.577934,XGBoost
5659,7994-UYIVZ,0.25741494,Low,22.04758935570717,2026-03-21 14:00:05.577934,XGBoost
5660,7994-XIRTR,0.009130545,Low,0.5957680586725473,2026-03-21 14:00:05.577934,XGBoost
5661,7995-ZHHNZ,0.2507553,Low,14.067372894287109,2026-03-21 14:00:05.577934,XGBoost
5662,7996-BPXHY,2.922624e-05,Low,0.000730655983716133,2026-03-21 14:00:05.577934,XGBoost
5663,7996-MHXLW,5.1141054e-05,Low,0.0012861975188570795,2026-03-21 14:00:05.577934,XGBoost
5664,7997-EASSD,0.00010572606,Low,0.008584956047707237,2026-03-21 14:00:05.577934,XGBoost
5665,7998-WNZEM,7.946602e-05,Low,0.0064049614316900256,2026-03-21 14:00:05.577934,XGBoost
5666,7998-ZLXWN,0.26944807,Low,5.510213066637516,2026-03-21 14:00:05.577934,XGBoost
5667,8000-REIQB,0.99899966,High,69.8800258845091,2026-03-21 14:00:05.577934,XGBoost
5668,8003-EWNDZ,0.00083525386,Low,0.01770738177001476,2026-03-21 14:00:05.577934,XGBoost
5669,8006-PYCSW,0.17171918,Low,3.4515554890036584,2026-03-21 14:00:05.577934,XGBoost
5670,8007-YYPWD,0.0001793697,Low,0.004493211011867971,2026-03-21 14:00:05.577934,XGBoost
5671,8008-ESFLK,0.00023736016,Low,0.026228297690977342,2026-03-21 14:00:05.577934,XGBoost
5672,8008-HAWED,0.99952614,High,50.72595176100731,2026-03-21 14:00:05.577934,XGBoost
5673,8008-OTEZX,6.4403584e-06,Low,0.00012655304349209472,2026-03-21 14:00:05.577934,XGBoost
5674,8010-EZLOU,0.736494,High,59.06681917905808,2026-03-21 14:00:05.577934,XGBoost
5675,8012-SOUDQ,0.00029461284,Low,0.026588808541418985,2026-03-21 14:00:05.577934,XGBoost
5676,8015-IHCGW,0.0012684321,Low,0.14650391059694812,2026-03-21 14:00:05.577934,XGBoost
5677,8016-NCFVO,0.00010706475,Low,0.012473043210775359,2026-03-21 14:00:05.577934,XGBoost
5678,8016-ZMGMO,0.00011688166,Low,0.008281065595292602,2026-03-21 14:00:05.577934,XGBoost
5679,8017-LXHFA,0.9995454,High,94.70692621171474,2026-03-21 14:00:05.577934,XGBoost
5680,8017-UVSZU,0.2497056,Low,14.133336833119392,2026-03-21 14:00:05.577934,XGBoost
5681,8019-ENHXU,0.99993324,High,99.44336099624634,2026-03-21 14:00:05.577934,XGBoost
5682,8020-BWHYL,0.9998324,High,75.28737909793854,2026-03-21 14:00:05.577934,XGBoost
5683,8022-BECSI,4.5252335e-05,Low,0.0008869457567925566,2026-03-21 14:00:05.577934,XGBoost
5684,8023-QHAIO,0.039610013,Low,3.044029527157545,2026-03-21 14:00:05.577934,XGBoost
5685,8024-XNAFQ,9.3418304e-05,Low,0.010033125898917207,2026-03-21 14:00:05.577934,XGBoost
5686,8028-PNXHQ,0.0004768726,Low,0.011564160711714067,2026-03-21 14:00:05.577934,XGBoost
5687,8029-XYPWT,8.549435e-05,Low,0.00983612497439026,2026-03-21 14:00:05.577934,XGBoost
5688,8033-ATFAS,0.00017728237,Low,0.010610350104980171,2026-03-21 14:00:05.577934,XGBoost
5689,8033-VCZGH,0.0004982741,Low,0.05179559356765822,2026-03-21 14:00:05.577934,XGBoost
5690,8034-RYTVV,9.559424e-05,Low,0.008053814533923287,2026-03-21 14:00:05.577934,XGBoost
5691,8035-BUYVG,0.85765105,High,36.32152217328549,2026-03-21 14:00:05.577934,XGBoost
5692,8035-PWSEV,0.20020013,Low,17.867861207574606,2026-03-21 14:00:05.577934,XGBoost
5693,8039-ACLPL,5.3557633e-05,Low,0.003682087253764621,2026-03-21 14:00:05.577934,XGBoost
5694,8039-EQPIM,5.3024945e-05,Low,0.0031947529587341705,2026-03-21 14:00:05.577934,XGBoost
5695,8040-MNRTF,0.000855363,Low,0.06081630745902657,2026-03-21 14:00:05.577934,XGBoost
5696,8041-TMEID,0.00016019594,Low,0.017381259218382183,2026-03-21 14:00:05.577934,XGBoost
5697,8042-JVNFH,0.99986565,High,71.34041420817374,2026-03-21 14:00:05.577934,XGBoost
5698,8042-RNLKO,0.0003920629,Low,0.009978001051058527,2026-03-21 14:00:05.577934,XGBoost
5699,8043-PNYSD,3.3307988e-05,Low,0.0006511711635539541,2026-03-21 14:00:05.577934,XGBoost
5700,8044-BGWPI,0.0004020695,Low,0.008503770032257307,2026-03-21 14:00:05.577934,XGBoost
5701,8046-DNVTL,0.00047053996,Low,0.01816284254891798,2026-03-21 14:00:05.577934,XGBoost
5702,8048-DSDFQ,0.0008427214,Low,0.017022971797268836,2026-03-21 14:00:05.577934,XGBoost
5703,8049-WJCLQ,0.00046893742,Low,0.0282300325750839,2026-03-21 14:00:05.577934,XGBoost
5704,8050-DVOJX,0.0071870075,Low,0.5846630569314584,2026-03-21 14:00:05.577934,XGBoost
5705,8050-WYBND,5.3189433e-05,Low,0.002630217459227424,2026-03-21 14:00:05.577934,XGBoost
5706,8050-XGRVL,7.278406e-05,Low,0.003984927270721528,2026-03-21 14:00:05.577934,XGBoost
5707,8051-HJRLT,0.99978787,High,70.53503402173519,2026-03-21 14:00:05.577934,XGBoost
5708,8053-WWDRO,0.91654307,High,17.87258979678154,2026-03-21 14:00:05.577934,XGBoost
5709,8058-DMYRU,0.00049365277,Low,0.044453431881265715,2026-03-21 14:00:05.577934,XGBoost
5710,8058-INTPH,0.97442836,High,77.61321853101254,2026-03-21 14:00:05.577934,XGBoost
5711,8058-JMEQO,0.99856263,High,84.32861444056034,2026-03-21 14:00:05.577934,XGBoost
5712,8059-UDZFY,0.00010422734,Low,0.010980350627141887,2026-03-21 14:00:05.577934,XGBoost
5713,8060-HIWJJ,5.774062e-05,Low,0.004997450733026198,2026-03-21 14:00:05.577934,XGBoost
5714,8062-YBDOE,0.9809971,High,68.32644701004028,2026-03-21 14:00:05.577934,XGBoost
5715,8063-GBATB,0.89467263,High,76.27084189653397,2026-03-21 14:00:05.577934,XGBoost
5716,8063-RJYNF,0.8590314,High,80.96370749175549,2026-03-21 14:00:05.577934,XGBoost
5717,8064-RAVOH,0.0017485322,Low,0.08716432883520611,2026-03-21 14:00:05.577934,XGBoost
5718,8065-BVEPF,0.00020236644,Low,0.020054514397634192,2026-03-21 14:00:05.577934,XGBoost
5719,8065-QBYTO,0.00011540989,Low,0.011500595899633481,2026-03-21 14:00:05.577934,XGBoost
5720,8065-YKXKD,0.8354153,High,62.44729395210743,2026-03-21 14:00:05.577934,XGBoost
5721,8066-POXGX,0.21342586,Low,7.491247679293156,2026-03-21 14:00:05.577934,XGBoost
5722,8067-NIOYM,8.2671e-06,Low,0.0001744358180985728,2026-03-21 14:00:05.577934,XGBoost
5723,8069-RHUXK,0.00045541898,Low,0.01625845758535434,2026-03-21 14:00:05.577934,XGBoost
5724,8069-YQQAJ,0.00014694588,Low,0.004570016876095906,2026-03-21 14:00:05.577934,XGBoost
5725,8070-AAWZP,4.657813e-05,Low,0.0015953009669829044,2026-03-21 14:00:05.577934,XGBoost
5726,8071-SBTRN,0.00021837444,Low,0.02427231860274333,2026-03-21 14:00:05.577934,XGBoost
5727,8073-IJDCM,0.94043154,High,19.09076016545296,2026-03-21 14:00:05.577934,XGBoost
5728,8075-GXIUB,0.00023013998,Low,0.0045682786025281535,2026-03-21 14:00:05.577934,XGBoost
5729,8076-FEZKJ,0.013113715,Low,0.2557174377143383,2026-03-21 14:00:05.577934,XGBoost
5730,8079-XRJRS,0.8453032,High,75.86596021056175,2026-03-21 14:00:05.577934,XGBoost
5731,8080-DDEMJ,0.92291117,High,41.62329363822937,2026-03-21 14:00:05.577934,XGBoost
5732,8080-POTJR,0.027365945,Low,2.17011946067214,2026-03-21 14:00:05.577934,XGBoost
5733,8082-GHXOP,5.1911557e-05,Low,0.002284108486492187,2026-03-21 14:00:05.577934,XGBoost
5734,8083-YTZES,0.97157985,High,72.23696182668209,2026-03-21 14:00:05.577934,XGBoost
5735,8084-OIVBS,5.594304e-05,Low,0.0011188608186785132,2026-03-21 14:00:05.577934,XGBoost
5736,8085-MSNLK,0.012675341,Low,1.4443551318719983,2026-03-21 14:00:05.577934,XGBoost
5737,8086-OVPWV,0.9995022,High,80.16007499694824,2026-03-21 14:00:05.577934,XGBoost
5738,8087-LGYHQ,0.00022868518,Low,0.021507841306447516,2026-03-21 14:00:05.577934,XGBoost
5739,8089-UZWLX,0.0217815,Low,2.2663651196286083,2026-03-21 14:00:05.577934,XGBoost
5740,8091-TTVAX,0.6428942,Medium,64.51443381607533,2026-03-21 14:00:05.577934,XGBoost
5741,8092-NLTGF,8.9530404e-05,Low,0.0022158774936542613,2026-03-21 14:00:05.577934,XGBoost
5742,8095-WANWK,0.0014680981,Low,0.06643144084955566,2026-03-21 14:00:05.577934,XGBoost
5743,8096-LOIST,0.0001815979,Low,0.010205802254495211,2026-03-21 14:00:05.577934,XGBoost
5744,8097-OMULG,2.4365982e-05,Low,0.001870089081421611,2026-03-21 14:00:05.577934,XGBoost
5745,8097-VBQTZ,0.0068814335,Low,0.48101220438256864,2026-03-21 14:00:05.577934,XGBoost
5746,8098-LLAZX,0.99960965,High,95.41274101436139,2026-03-21 14:00:05.577934,XGBoost
5747,8098-TDCBU,6.872217e-05,Low,0.0017352347695123171,2026-03-21 14:00:05.577934,XGBoost
5748,8099-MZPUJ,2.115737e-05,Low,0.002365393932632287,2026-03-21 14:00:05.577934,XGBoost
5749,8100-HZZLJ,0.00026794992,Low,0.01713539711054182,2026-03-21 14:00:05.577934,XGBoost
5750,8100-PNJMH,5.2851887e-05,Low,0.004695890135189984,2026-03-21 14:00:05.577934,XGBoost
5751,8104-OSKWT,6.6802786e-05,Low,0.005330862324626651,2026-03-21 14:00:05.577934,XGBoost
5752,8106-GWQOK,0.00076515775,Low,0.045909464824944735,2026-03-21 14:00:05.577934,XGBoost
5753,8107-KNCIM,0.28008437,Low,21.03433630466461,2026-03-21 14:00:05.577934,XGBoost
5754,8107-RZLNV,0.00021751788,Low,0.023122150807466824,2026-03-21 14:00:05.577934,XGBoost
5755,8108-UXRQN,0.00019516454,Low,0.009865567448287038,2026-03-21 14:00:05.577934,XGBoost
5756,8109-YUOHE,0.0003959404,Low,0.022212257169303484,2026-03-21 14:00:05.577934,XGBoost
5757,8111-BKVDS,0.0005786852,Low,0.023552487557753923,2026-03-21 14:00:05.577934,XGBoost
5758,8111-RKSPX,0.9999448,High,72.19601500034332,2026-03-21 14:00:05.577934,XGBoost
5759,8111-SLLHI,0.9994875,High,105.59585641026497,2026-03-21 14:00:05.577934,XGBoost
5760,8118-LSUEL,0.48536277,Medium,51.64259853363038,2026-03-21 14:00:05.577934,XGBoost
5761,8118-TJAFG,0.00028311898,Low,0.02873657623422332,2026-03-21 14:00:05.577934,XGBoost
5762,8120-JDCAM,0.000115950184,Low,0.008064335325616411,2026-03-21 14:00:05.577934,XGBoost
5763,8123-QBNAZ,0.00015830272,Low,0.016542634111829102,2026-03-21 14:00:05.577934,XGBoost
5764,8124-NZVGJ,0.00019631832,Low,0.009668677099398337,2026-03-21 14:00:05.577934,XGBoost
5765,8125-QPFJD,0.013001067,Low,1.1037905571050943,2026-03-21 14:00:05.577934,XGBoost
5766,8128-YVJRG,0.99825567,High,79.51106412112713,2026-03-21 14:00:05.577934,XGBoost
5767,8129-GMVGI,1.9514138e-05,Low,0.00039125847351897394,2026-03-21 14:00:05.577934,XGBoost
5768,8132-YPVBX,0.32466078,Low,27.904593873023988,2026-03-21 14:00:05.577934,XGBoost
5769,8133-ANHHJ,0.09401335,Low,9.683374866843224,2026-03-21 14:00:05.577934,XGBoost
5770,8138-EALND,9.1395894e-05,Low,0.001805068903195206,2026-03-21 14:00:05.577934,XGBoost
5771,8143-ETQTI,0.00034276565,Low,0.006735344990738667,2026-03-21 14:00:05.577934,XGBoost
5772,8144-DGHXP,6.58713e-05,Low,0.0053092270522029136,2026-03-21 14:00:05.577934,XGBoost
5773,8146-QQKZH,0.0073819323,Low,0.6042111623799428,2026-03-21 14:00:05.577934,XGBoost
5774,8148-BPLZQ,0.00019540958,Low,0.009731397021096199,2026-03-21 14:00:05.577934,XGBoost
5775,8148-NLEGT,1.5129537e-05,Low,0.00034722287718977893,2026-03-21 14:00:05.577934,XGBoost
5776,8148-WOCMK,0.0013494806,Low,0.02644981956109405,2026-03-21 14:00:05.577934,XGBoost
5777,8149-AIQCG,0.00017322968,Low,0.012671751129528275,2026-03-21 14:00:05.577934,XGBoost
5778,8149-RSOUN,0.9831819,High,92.27162073552608,2026-03-21 14:00:05.577934,XGBoost
5779,8150-QUDFX,0.0002003859,Low,0.003977660059172195,2026-03-21 14:00:05.577934,XGBoost
5780,8152-UOBNY,0.00018787463,Low,0.020065010071266442,2026-03-21 14:00:05.577934,XGBoost
5781,8152-VETUR,0.0052538523,Low,0.5133013741113246,2026-03-21 14:00:05.577934,XGBoost
5782,8155-IBNHG,0.82977873,High,62.56531630754471,2026-03-21 14:00:05.577934,XGBoost
5783,8158-WPEZG,0.0018476634,Low,0.06586920123081653,2026-03-21 14:00:05.577934,XGBoost
5784,8160-HOWOX,0.00015512445,Low,0.010370069450436857,2026-03-21 14:00:05.577934,XGBoost
5785,8161-QYMTT,0.00022316768,Low,0.02100007842236664,2026-03-21 14:00:05.577934,XGBoost
5786,8164-OCKUJ,2.7995402e-05,Low,0.0005767052807641448,2026-03-21 14:00:05.577934,XGBoost
5787,8165-CBKXO,1.608942e-05,Low,0.0009130745656875661,2026-03-21 14:00:05.577934,XGBoost
5788,8165-ZJRNM,0.00016579895,Low,0.003937725032301387,2026-03-21 14:00:05.577934,XGBoost
5789,8166-ORCHU,0.00136328,Low,0.12753484366694465,2026-03-21 14:00:05.577934,XGBoost
5790,8166-ZZTFS,0.9997212,High,80.52754500210285,2026-03-21 14:00:05.577934,XGBoost
5791,8167-GJLRN,0.00019331195,Low,0.0058766832575201985,2026-03-21 14:00:05.577934,XGBoost
5792,8168-UQWWF,0.98075277,High,95.9666581660509,2026-03-21 14:00:05.577934,XGBoost
5793,8169-SAEJD,0.00015217633,Low,0.008605571651423815,2026-03-21 14:00:05.577934,XGBoost
5794,8173-RXAYP,4.93754e-06,Low,9.726953544486605e-05,2026-03-21 14:00:05.577934,XGBoost
5795,8174-LNWMW,3.4027835e-05,Low,0.0007111817467375658,2026-03-21 14:00:05.577934,XGBoost
5796,8174-TBVCF,0.029485365,Low,2.7952126376330853,2026-03-21 14:00:05.577934,XGBoost
5797,8178-EYZUO,0.78181046,High,73.25564033389092,2026-03-21 14:00:05.577934,XGBoost
5798,8180-AKMJV,0.00017536926,Low,0.007812700673821381,2026-03-21 14:00:05.577934,XGBoost
5799,8181-YHCMF,7.101081e-05,Low,0.00428195166241494,2026-03-21 14:00:05.577934,XGBoost
5800,8182-BJDSI,0.99972266,High,89.92505322992803,2026-03-21 14:00:05.577934,XGBoost
5801,8182-PNAGI,0.6973062,Medium,35.039637342095375,2026-03-21 14:00:05.577934,XGBoost
5802,8183-ONMXC,0.99860257,High,80.63715745508671,2026-03-21 14:00:05.577934,XGBoost
5803,8184-WMOFI,0.0001697822,Low,0.012122449139133096,2026-03-21 14:00:05.577934,XGBoost
5804,8185-UPYBR,0.99810374,High,75.35683220624924,2026-03-21 14:00:05.577934,XGBoost
5805,8189-DUKMV,0.032720163,Low,0.6707633510231972,2026-03-21 14:00:05.577934,XGBoost
5806,8189-HBVRW,0.00011539867,Low,0.010478198947384953,2026-03-21 14:00:05.577934,XGBoost
5807,8189-XRIKE,0.00014745216,Low,0.013410773583018454,2026-03-21 14:00:05.577934,XGBoost
5808,8190-ZTQFB,7.909776e-05,Low,0.00406166984284937,2026-03-21 14:00:05.577934,XGBoost
5809,8191-XWSZG,6.0276332e-05,Low,0.0012447062574210575,2026-03-21 14:00:05.577934,XGBoost
5810,8194-PEEBY,0.00021152182,Low,0.004209284279204439,2026-03-21 14:00:05.577934,XGBoost
5811,8197-BFWVU,2.5623287e-05,Low,0.002389371512890648,2026-03-21 14:00:05.577934,XGBoost
5812,8198-RKSZG,0.00011080584,Low,0.008914330010520643,2026-03-21 14:00:05.577934,XGBoost
5813,8199-ZLLSA,0.9992347,High,118.25942394733428,2026-03-21 14:00:05.577934,XGBoost
5814,8200-KLNYW,0.00066389627,Low,0.05370920791174286,2026-03-21 14:00:05.577934,XGBoost
5815,8200-LGKSR,0.0112298,Low,0.9343193650245667,2026-03-21 14:00:05.577934,XGBoost
5816,8201-AAXCB,0.055496156,Low,3.3491930276155473,2026-03-21 14:00:05.577934,XGBoost
5817,8203-XJZRC,0.0007585016,Low,0.015359657088993117,2026-03-21 14:00:05.577934,XGBoost
5818,8204-TIFGJ,0.00014525687,Low,0.0029487144318409266,2026-03-21 14:00:05.577934,XGBoost
5819,8204-YJCLA,0.0013655911,Low,0.08849030155688524,2026-03-21 14:00:05.577934,XGBoost
5820,8205-MQUGY,0.00040169043,Low,0.019763169041834772,2026-03-21 14:00:05.577934,XGBoost
5821,8205-OTCHB,0.8049958,High,35.21856516599655,2026-03-21 14:00:05.577934,XGBoost
5822,8205-VSLRB,0.00010125423,Low,0.007826951750757871,2026-03-21 14:00:05.577934,XGBoost
5823,8207-DMRVL,1.730375e-05,Low,0.001982144528210483,2026-03-21 14:00:05.577934,XGBoost
5824,8207-VVMYB,0.008697786,Low,0.22614244557917118,2026-03-21 14:00:05.577934,XGBoost
5825,8208-EUMTE,8.164784e-05,Low,0.004478384150570491,2026-03-21 14:00:05.577934,XGBoost
5826,8212-CRQXP,0.20011504,Low,16.0092031955719,2026-03-21 14:00:05.577934,XGBoost
5827,8212-DJRCH,0.06572243,Low,5.938021393492818,2026-03-21 14:00:05.577934,XGBoost
5828,8213-TAZPM,9.097817e-05,Low,0.009893875612760894,2026-03-21 14:00:05.577934,XGBoost
5829,8215-NGSPE,2.4083241e-05,Low,0.00048166482883971184,2026-03-21 14:00:05.577934,XGBoost
5830,8216-AZUUZ,0.00085679453,Low,0.08602217114530504,2026-03-21 14:00:05.577934,XGBoost
5831,8217-QYOHV,0.00016101616,Low,0.008976650708063971,2026-03-21 14:00:05.577934,XGBoost
5832,8218-FFJDS,5.6343248e-05,Low,0.0048680566018447285,2026-03-21 14:00:05.577934,XGBoost
5833,8219-VYBVI,1.3665668e-05,Low,0.00034164170301664853,2026-03-21 14:00:05.577934,XGBoost
5834,8220-OCUFY,0.00030760933,Low,0.018533461960032582,2026-03-21 14:00:05.577934,XGBoost
5835,8221-EQDGL,0.082360104,Low,5.0239663273096085,2026-03-21 14:00:05.577934,XGBoost
5836,8221-HVAYI,9.1696114e-05,Low,0.006340786310465774,2026-03-21 14:00:05.577934,XGBoost
5837,8224-DWCKX,0.00023745431,Low,0.01740540099563077,2026-03-21 14:00:05.577934,XGBoost
5838,8224-IVVPA,0.08358139,Low,4.739064699411393,2026-03-21 14:00:05.577934,XGBoost
5839,8224-KDLKN,3.13885e-05,Low,0.0007847124834370334,2026-03-21 14:00:05.577934,XGBoost
5840,8224-UAXBZ,0.00067369564,Low,0.030552097366307863,2026-03-21 14:00:05.577934,XGBoost
5841,8225-BTJAU,0.9992786,High,79.19282944500446,2026-03-21 14:00:05.577934,XGBoost
5842,8226-BXGES,0.029444497,Low,2.633810263685882,2026-03-21 14:00:05.577934,XGBoost
5843,8229-BUJHX,6.259629e-06,Low,0.00012832239690396818,2026-03-21 14:00:05.577934,XGBoost
5844,8229-MYEJZ,0.00017951,Low,0.009190911799669266,2026-03-21 14:00:05.577934,XGBoost
5845,8229-TNIQA,0.99967563,High,45.28530610799789,2026-03-21 14:00:05.577934,XGBoost
5846,8231-BSWXX,7.258895e-05,Low,0.00573815631250909,2026-03-21 14:00:05.577934,XGBoost
5847,8232-CTLKO,0.002336785,Low,0.13962290162453428,2026-03-21 14:00:05.577934,XGBoost
5848,8232-UTFOZ,2.5514755e-05,Low,0.0005090193658361386,2026-03-21 14:00:05.577934,XGBoost
5849,8234-GSZYK,0.00011922772,Low,0.0031535731821350052,2026-03-21 14:00:05.577934,XGBoost
5850,8237-ULIXL,0.01783898,Low,0.44329863162711264,2026-03-21 14:00:05.577934,XGBoost
5851,8241-JUIQO,2.1405678e-05,Low,0.00041634043955127706,2026-03-21 14:00:05.577934,XGBoost
5852,8242-JSVBO,0.18941607,Low,8.457427338510751,2026-03-21 14:00:05.577934,XGBoost
5853,8242-PDSGJ,8.6322565e-05,Low,0.0033795284212828846,2026-03-21 14:00:05.577934,XGBoost
5854,8242-SOQUO,0.00047590304,Low,0.040308987628668545,2026-03-21 14:00:05.577934,XGBoost
5855,8245-UMPYT,0.90965706,High,87.69094069004059,2026-03-21 14:00:05.577934,XGBoost
5856,8246-SHFGA,0.008697761,Low,0.18352276179939508,2026-03-21 14:00:05.577934,XGBoost
5857,8249-THVEC,0.00039348085,Low,0.0076335284567903726,2026-03-21 14:00:05.577934,XGBoost
5858,8250-ZNGGW,0.00032462674,Low,0.019445141981123015,2026-03-21 14:00:05.577934,XGBoost
5859,8257-RZAHR,0.99849415,High,64.60257139205933,2026-03-21 14:00:05.577934,XGBoost
5860,8258-GSTJK,0.9996244,High,76.97107660770416,2026-03-21 14:00:05.577934,XGBoost
5861,8259-DZLIZ,3.322953e-05,Low,0.0017894102580612527,2026-03-21 14:00:05.577934,XGBoost
5862,8259-NFJTV,0.00035836728,Low,0.012417426271713338,2026-03-21 14:00:05.577934,XGBoost
5863,8260-NGFNY,0.99964976,High,25.191174030303955,2026-03-21 14:00:05.577934,XGBoost
5864,8261-GWDBQ,0.018940272,Low,2.1980185435153543,2026-03-21 14:00:05.577934,XGBoost
5865,8262-COGGB,0.0017372047,Low,0.03552583671989851,2026-03-21 14:00:05.577934,XGBoost
5866,8263-JQAIK,0.982556,High,24.023493844270707,2026-03-21 14:00:05.577934,XGBoost
5867,8263-OKETD,6.0493825e-05,Low,0.004168024542741478,2026-03-21 14:00:05.577934,XGBoost
5868,8263-QMNTJ,6.422068e-05,Low,0.007420699531576247,2026-03-21 14:00:05.577934,XGBoost
5869,8265-HKSOW,1.7139957e-05,Low,0.0018416883775898897,2026-03-21 14:00:05.577934,XGBoost
5870,8266-VBFQL,0.00016679855,Low,0.015078588819596917,2026-03-21 14:00:05.577934,XGBoost
5871,8267-KFGYD,0.0013791884,Low,0.029031915462110192,2026-03-21 14:00:05.577934,XGBoost
5872,8267-ZNYVZ,0.99989927,High,103.7395490705967,2026-03-21 14:00:05.577934,XGBoost
5873,8268-YDIXR,0.00011064483,Low,0.010306566156941699,2026-03-21 14:00:05.577934,XGBoost
5874,8270-RKSAP,9.062196e-05,Low,0.006388848003552994,2026-03-21 14:00:05.577934,XGBoost
5875,8272-ONJLV,0.0013233728,Low,0.1266467792680487,2026-03-21 14:00:05.577934,XGBoost
5876,8276-MQBYC,0.99578553,High,97.38782526254654,2026-03-21 14:00:05.577934,XGBoost
5877,8277-RVRSV,0.0017942914,Low,0.043332137970719484,2026-03-21 14:00:05.577934,XGBoost
5878,8280-MQRQN,0.89791995,High,45.30006162226201,2026-03-21 14:00:05.577934,XGBoost
5879,8285-ABVLB,0.009716159,Low,0.1928657508455217,2026-03-21 14:00:05.577934,XGBoost
5880,8286-AFUYI,0.004241523,Low,0.20338102148380133,2026-03-21 14:00:05.577934,XGBoost
5881,8290-YWKHZ,0.9997677,High,93.17835156917572,2026-03-21 14:00:05.577934,XGBoost
5882,8292-FRFZQ,0.06818276,Low,2.8057205323129892,2026-03-21 14:00:05.577934,XGBoost
5883,8292-ITGYJ,0.00046935398,Low,0.01156957563944161,2026-03-21 14:00:05.577934,XGBoost
5884,8292-TYSPY,0.7041719,High,38.72945427894592,2026-03-21 14:00:05.577934,XGBoost
5885,8294-UIMBA,0.08872941,Low,8.376056432723999,2026-03-21 14:00:05.577934,XGBoost
5886,8295-FHIVV,0.00028962136,Low,0.0056186542962677775,2026-03-21 14:00:05.577934,XGBoost
5887,8295-KMENE,7.768359e-06,Low,0.0005938910421264155,2026-03-21 14:00:05.577934,XGBoost
5888,8305-VHZBZ,0.9989532,High,20.178855109214783,2026-03-21 14:00:05.577934,XGBoost
5889,8309-IEYJD,0.00024840955,Low,0.017537713929777963,2026-03-21 14:00:05.577934,XGBoost
5890,8309-PPCED,9.594117e-05,Low,0.01059670222675777,2026-03-21 14:00:05.577934,XGBoost
5891,8311-UEUAB,0.022457125,Low,1.695512912236154,2026-03-21 14:00:05.577934,XGBoost
5892,8313-AFGBW,5.434474e-05,Low,0.003999772761017084,2026-03-21 14:00:05.577934,XGBoost
5893,8313-KTIHG,0.0002894977,Low,0.017746208599419333,2026-03-21 14:00:05.577934,XGBoost
5894,8313-NDOIA,0.00032414278,Low,0.03375947018939769,2026-03-21 14:00:05.577934,XGBoost
5895,8314-DPQHL,0.00012240326,Low,0.006218085624277591,2026-03-21 14:00:05.577934,XGBoost
5896,8314-HTWVE,2.9199327e-05,Low,0.0005796066488983342,2026-03-21 14:00:05.577934,XGBoost
5897,8316-BBQAY,0.0080106,Low,0.48023545574396853,2026-03-21 14:00:05.577934,XGBoost
5898,8317-BVKSO,0.0003072295,Low,0.006159951335575897,2026-03-21 14:00:05.577934,XGBoost
5899,8318-LCNBW,9.907259e-05,Low,0.005265708124716184,2026-03-21 14:00:05.577934,XGBoost
5900,8319-QBEHW,0.016177557,Low,0.646293418481946,2026-03-21 14:00:05.577934,XGBoost
5901,8325-QRPZR,0.00080970034,Low,0.06084898090339266,2026-03-21 14:00:05.577934,XGBoost
5902,8327-LZKAS,0.9986052,High,107.39998836815357,2026-03-21 14:00:05.577934,XGBoost
5903,8327-WKMIE,0.0042170472,Low,0.08497350197285414,2026-03-21 14:00:05.577934,XGBoost
5904,8328-SKJNO,7.777857e-05,Low,0.0031616987926099682,2026-03-21 14:00:05.577934,XGBoost
5905,8329-GWVPJ,4.8284273e-05,Low,0.003367828066984657,2026-03-21 14:00:05.577934,XGBoost
5906,8329-IBCTI,0.9992047,High,19.634372261166572,2026-03-21 14:00:05.577934,XGBoost
5907,8329-UTMVM,0.0007803415,Low,0.08166273865208495,2026-03-21 14:00:05.577934,XGBoost
5908,8331-ZXFOE,2.3589595e-05,Low,0.0016772202046922756,2026-03-21 14:00:05.577934,XGBoost
5909,8332-OSJDW,0.015510753,Low,0.4094838738441467,2026-03-21 14:00:05.577934,XGBoost
5910,8336-TAVKX,0.021838868,Low,1.7132591974921525,2026-03-21 14:00:05.577934,XGBoost
5911,8337-MSSXB,0.8135007,High,70.20511061549186,2026-03-21 14:00:05.577934,XGBoost
5912,8337-UPOAQ,0.9206647,High,82.67569254636764,2026-03-21 14:00:05.577934,XGBoost
5913,8338-QIUNR,7.3441806e-05,Low,0.004883880119450623,2026-03-21 14:00:05.577934,XGBoost
5914,8344-WFMFH,0.00020346849,Low,0.010193771228659899,2026-03-21 14:00:05.577934,XGBoost
5915,8345-MVDYC,4.2125113e-05,Low,0.00343951550876227,2026-03-21 14:00:05.577934,XGBoost
5916,8347-GDTMP,0.009586363,Low,0.18645476228557525,2026-03-21 14:00:05.577934,XGBoost
5917,8348-HFYIV,0.99989796,High,49.24497437477112,2026-03-21 14:00:05.577934,XGBoost
5918,8348-JLBUG,0.00065353647,Low,0.05247897825320251,2026-03-21 14:00:05.577934,XGBoost
5919,8350-NYMVI,0.00041364288,Low,0.017000722207012587,2026-03-21 14:00:05.577934,XGBoost
5920,8356-WUAOJ,0.0039960644,Low,0.1798228989355266,2026-03-21 14:00:05.577934,XGBoost
5921,8357-EQXFO,0.9987883,High,95.23446413576602,2026-03-21 14:00:05.577934,XGBoost
5922,8361-LBRDI,1.8277116e-05,Low,0.00044504778425107365,2026-03-21 14:00:05.577934,XGBoost
5923,8361-LTMKD,0.94199526,High,70.08444757461548,2026-03-21 14:00:05.577934,XGBoost
5924,8364-TRMMK,0.8221787,High,41.64335224032402,2026-03-21 14:00:05.577934,XGBoost
5925,8372-JUXUI,0.9994153,High,74.30652595162391,2026-03-21 14:00:05.577934,XGBoost
5926,8374-UULRV,4.137373e-05,Low,0.003560209371062228,2026-03-21 14:00:05.577934,XGBoost
5927,8374-XGEJJ,0.9997619,High,100.97594982385635,2026-03-21 14:00:05.577934,XGBoost
5928,8375-DKEBR,0.99951637,High,69.56633920669555,2026-03-21 14:00:05.577934,XGBoost
5929,8375-KVTHK,2.2879498e-05,Low,0.002294813641310611,2026-03-21 14:00:05.577934,XGBoost
5930,8378-LKJAF,4.2561456e-05,Low,0.004305091295827879,2026-03-21 14:00:05.577934,XGBoost
5931,8380-MQINP,3.831532e-05,Low,0.0007778009985486278,2026-03-21 14:00:05.577934,XGBoost
5932,8380-PEFPE,0.99987924,High,71.64134761691093,2026-03-21 14:00:05.577934,XGBoost
5933,8382-SHQEH,0.9989881,High,84.81408900618554,2026-03-21 14:00:05.577934,XGBoost
5934,8383-SGHJU,0.00033030036,Low,0.019619841466192157,2026-03-21 14:00:05.577934,XGBoost
5935,8384-FZBJK,5.7348974e-05,Low,0.00576930680690566,2026-03-21 14:00:05.577934,XGBoost
5936,8387-MOJJT,0.99659866,High,77.68486562073231,2026-03-21 14:00:05.577934,XGBoost
5937,8387-UGUSU,0.00013776743,Low,0.002762237058777828,2026-03-21 14:00:05.577934,XGBoost
5938,8388-DMKAE,2.8592936e-05,Low,0.0005790069612885418,2026-03-21 14:00:05.577934,XGBoost
5939,8388-FYNPZ,0.00022472063,Low,0.012752895665471442,2026-03-21 14:00:05.577934,XGBoost
5940,8390-FESFV,2.1357066e-05,Low,0.0018046720460915822,2026-03-21 14:00:05.577934,XGBoost
5941,8393-DLHGA,0.93256277,High,89.4327694952488,2026-03-21 14:00:05.577934,XGBoost
5942,8393-JMVMB,0.0010533364,Low,0.020487393479561432,2026-03-21 14:00:05.577934,XGBoost
5943,8395-ETZKQ,1.7396622e-05,Low,0.000339234125931398,2026-03-21 14:00:05.577934,XGBoost
5944,8397-MVTAZ,0.91915625,High,91.9615831464529,2026-03-21 14:00:05.577934,XGBoost
5945,8398-TBIYD,0.0035922148,Low,0.30426059185992926,2026-03-21 14:00:05.577934,XGBoost
5946,8399-YNDCH,0.7862021,High,47.211434489488596,2026-03-21 14:00:05.577934,XGBoost
5947,8400-WZICQ,0.00022112376,Low,0.012316593366267626,2026-03-21 14:00:05.577934,XGBoost
5948,8401-EMUWF,0.00023546696,Low,0.016341406741412358,2026-03-21 14:00:05.577934,XGBoost
5949,8402-EIVQS,0.0002872805,Low,0.028986602983786726,2026-03-21 14:00:05.577934,XGBoost
5950,8402-OOOHJ,4.6880756e-05,Low,0.0009680876049969811,2026-03-21 14:00:05.577934,XGBoost
5951,8404-FYDIB,5.8867485e-05,Low,0.0051008675551202035,2026-03-21 14:00:05.577934,XGBoost
5952,8404-GFGCZ,0.00022440609,Low,0.014721039426513014,2026-03-21 14:00:05.577934,XGBoost
5953,8404-VIOMB,2.6394795e-05,Low,0.001649674686632352,2026-03-21 14:00:05.577934,XGBoost
5954,8404-VLQFB,7.394575e-05,Low,0.0018671300967980642,2026-03-21 14:00:05.577934,XGBoost
5955,8405-IGQFX,0.00018547405,Low,0.016701938642654568,2026-03-21 14:00:05.577934,XGBoost
5956,8406-LNMHF,0.00034811674,Low,0.02887628332246095,2026-03-21 14:00:05.577934,XGBoost
5957,8409-WQJUX,5.00342e-05,Low,0.0027118536061607303,2026-03-21 14:00:05.577934,XGBoost
5958,8410-BGQXN,0.00011241844,Low,0.0021809177720570005,2026-03-21 14:00:05.577934,XGBoost
5959,8413-VONUO,0.99991906,High,95.64225779175759,2026-03-21 14:00:05.577934,XGBoost
5960,8413-YNHNV,1.7292532e-05,Low,0.0015675680251661106,2026-03-21 14:00:05.577934,XGBoost
5961,8414-MYSHR,0.9774734,High,89.34106676578523,2026-03-21 14:00:05.577934,XGBoost
5962,8414-OOEEL,0.000937575,Low,0.07453721319325268,2026-03-21 14:00:05.577934,XGBoost
5963,8417-FMLZI,0.9978751,High,83.37246413826942,2026-03-21 14:00:05.577934,XGBoost
5964,8417-GSODA,3.0387719e-05,Low,0.0028017476597597124,2026-03-21 14:00:05.577934,XGBoost
5965,8421-WZOOW,0.00013695432,Low,0.013051746408746111,2026-03-21 14:00:05.577934,XGBoost
5966,8429-XIBUM,0.3344032,Low,33.89176300615072,2026-03-21 14:00:05.577934,XGBoost
5967,8430-TWCBX,7.944594e-05,Low,0.0016445309804112185,2026-03-21 14:00:05.577934,XGBoost
5968,8433-WPJTV,0.002591084,Low,0.26921362660359593,2026-03-21 14:00:05.577934,XGBoost
5969,8433-WXGNA,0.99969625,High,75.677006483078,2026-03-21 14:00:05.577934,XGBoost
5970,8434-PNQZX,0.0001846301,Low,0.014484231502865442,2026-03-21 14:00:05.577934,XGBoost
5971,8434-VGEQQ,0.00015842805,Low,0.0032556965183175635,2026-03-21 14:00:05.577934,XGBoost
5972,8436-BJUMM,0.9988158,High,83.65082114934921,2026-03-21 14:00:05.577934,XGBoost
5973,8439-LTUGF,0.0001805091,Low,0.003610182029660791,2026-03-21 14:00:05.577934,XGBoost
5974,8441-SHIPE,5.8799313e-05,Low,0.0015052624046802522,2026-03-21 14:00:05.577934,XGBoost
5975,8443-WVPSS,0.96033305,High,95.88925497233868,2026-03-21 14:00:05.577934,XGBoost
5976,8443-ZRDBZ,0.9601398,High,73.01863262951373,2026-03-21 14:00:05.577934,XGBoost
5977,8444-WRIDW,0.7646273,High,61.51426450312138,2026-03-21 14:00:05.577934,XGBoost
5978,8445-DNBAE,0.001465117,Low,0.0733291046868544,2026-03-21 14:00:05.577934,XGBoost
5979,8450-JOVAH,0.9028172,High,51.18973465561867,2026-03-21 14:00:05.577934,XGBoost
5980,8450-LUGUK,6.646772e-05,Low,0.0016018720736610704,2026-03-21 14:00:05.577934,XGBoost
5981,8450-UYIBU,0.00027053512,Low,0.01078082459862344,2026-03-21 14:00:05.577934,XGBoost
5982,8454-AATJP,4.9786082e-05,Low,0.005727888727778918,2026-03-21 14:00:05.577934,XGBoost
5983,8455-HIRAQ,0.110119864,Low,4.894827970117331,2026-03-21 14:00:05.577934,XGBoost
5984,8456-QDAVC,4.1211573e-05,Low,0.0032433508156827886,2026-03-21 14:00:05.577934,XGBoost
5985,8457-XIGKN,5.478218e-05,Low,0.001073730729694944,2026-03-21 14:00:05.577934,XGBoost
5986,8461-EFQYM,1.3250569e-05,Low,0.00032132630508385773,2026-03-21 14:00:05.577934,XGBoost
5987,8464-EETCQ,0.0009936246,Low,0.018680141773074865,2026-03-21 14:00:05.577934,XGBoost
5988,8465-SBRXP,0.00011914986,Low,0.01130732166930102,2026-03-21 14:00:05.577934,XGBoost
5989,8466-PZBLH,0.000102635095,Low,0.010735630901763216,2026-03-21 14:00:05.577934,XGBoost
5990,8467-WYNSR,0.00017960297,Low,0.00989612355188001,2026-03-21 14:00:05.577934,XGBoost
5991,8468-EHYJA,0.00042440876,Low,0.04229233306541574,2026-03-21 14:00:05.577934,XGBoost
5992,8468-FZTOE,0.000407631,Low,0.03030736590881133,2026-03-21 14:00:05.577934,XGBoost
5993,8469-SNFFH,0.00010736707,Low,0.008524945509270765,2026-03-21 14:00:05.577934,XGBoost
5994,8473-VUVJN,0.99969304,High,73.62739210724831,2026-03-21 14:00:05.577934,XGBoost
5995,8474-UMLNT,0.0013000229,Low,0.08814155515283346,2026-03-21 14:00:05.577934,XGBoost
5996,8480-PPONV,6.898112e-05,Low,0.00797076846465643,2026-03-21 14:00:05.577934,XGBoost
5997,8481-YYXWG,0.29525188,Low,26.380755130946635,2026-03-21 14:00:05.577934,XGBoost
5998,8485-GJCDN,0.9266662,High,63.98630112111568,2026-03-21 14:00:05.577934,XGBoost
5999,8486-AYEQH,0.00031600308,Low,0.024032033896946813,2026-03-21 14:00:05.577934,XGBoost
6000,8490-BXHEO,3.6144964e-05,Low,0.0029114768352883403,2026-03-21 14:00:05.577934,XGBoost
6001,8495-LJDFO,6.40473e-05,Low,0.006977953426394379,2026-03-21 14:00:05.577934,XGBoost
6002,8495-PRWFH,0.18437521,Low,10.26048052534461,2026-03-21 14:00:05.577934,XGBoost
6003,8496-DMZUK,0.01943942,Low,1.757323543727398,2026-03-21 14:00:05.577934,XGBoost
6004,8496-EJAUI,0.99857605,High,73.74484092593192,2026-03-21 14:00:05.577934,XGBoost
6005,8498-XXGWA,6.1946266e-05,Low,0.0034163365817221347,2026-03-21 14:00:05.577934,XGBoost
6006,8499-BRXTD,6.6375054e-05,Low,0.0013341385914827698,2026-03-21 14:00:05.577934,XGBoost
6007,8510-AWCXC,0.7373257,High,74.32243337631225,2026-03-21 14:00:05.577934,XGBoost
6008,8510-BBWMU,6.5885186e-05,Low,0.0013012324216106208,2026-03-21 14:00:05.577934,XGBoost
6009,8510-TMWYB,4.098109e-05,Low,0.0024506691290298475,2026-03-21 14:00:05.577934,XGBoost
6010,8512-WIWYV,3.2448897e-05,Low,0.0006603350620935089,2026-03-21 14:00:05.577934,XGBoost
6011,8513-OLYGY,9.722586e-05,Low,0.01125875420984812,2026-03-21 14:00:05.577934,XGBoost
6012,8514-VZHEB,0.00020677605,Low,0.004032132987049408,2026-03-21 14:00:05.577934,XGBoost
6013,8515-OCTJS,0.9889848,High,24.477374374866486,2026-03-21 14:00:05.577934,XGBoost
6014,8519-IMDHU,0.9984112,High,85.46399688720703,2026-03-21 14:00:05.577934,XGBoost
6015,8519-QJGJD,0.7444658,High,56.09550013542175,2026-03-21 14:00:05.577934,XGBoost
6016,8532-UEFWH,9.323644e-06,Low,0.00024008383320506255,2026-03-21 14:00:05.577934,XGBoost
6017,8535-SFUTN,0.048126146,Low,5.123028262704611,2026-03-21 14:00:05.577934,XGBoost
6018,8540-ZQGEA,0.00012494302,Low,0.0025051075637748,2026-03-21 14:00:05.577934,XGBoost
6019,8541-QVFKM,7.534198e-05,Low,0.005537635592190782,2026-03-21 14:00:05.577934,XGBoost
6020,8543-MSDMF,0.00075110415,Low,0.058135461027268326,2026-03-21 14:00:05.577934,XGBoost
6021,8544-GOQSH,0.00066654605,Low,0.05335701156291179,2026-03-21 14:00:05.577934,XGBoost
6022,8544-JNBOX,2.0747266e-05,Low,0.00043154312879778445,2026-03-21 14:00:05.577934,XGBoost
6023,8547-NSBBO,0.00062649325,Low,0.06061322148889303,2026-03-21 14:00:05.577934,XGBoost
6024,8548-AWOFC,0.06083771,Low,3.884487682208419,2026-03-21 14:00:05.577934,XGBoost
6025,8550-XSXUQ,0.000111742134,Low,0.007883407576446188,2026-03-21 14:00:05.577934,XGBoost
6026,8552-OBVRU,0.019288233,Low,2.015620301477611,2026-03-21 14:00:05.577934,XGBoost
6027,8559-CIZFV,0.8179231,High,63.38904246687889,2026-03-21 14:00:05.577934,XGBoost
6028,8559-WNQZS,0.0006731132,Low,0.013765165270888247,2026-03-21 14:00:05.577934,XGBoost
6029,8561-NMTBD,2.9337154e-05,Low,0.003296029257126065,2026-03-21 14:00:05.577934,XGBoost
6030,8562-GHPPI,0.00011910931,Low,0.002358364350220654,2026-03-21 14:00:05.577934,XGBoost
6031,8563-IIOXK,0.86121225,High,42.84530961513519,2026-03-21 14:00:05.577934,XGBoost
6032,8563-OYMQY,0.0014712246,Low,0.1338078764791135,2026-03-21 14:00:05.577934,XGBoost
6033,8564-LDKFL,0.23945273,Low,25.381989866495132,2026-03-21 14:00:05.577934,XGBoost
6034,8565-CLBZW,0.9974903,High,89.6245022714138,2026-03-21 14:00:05.577934,XGBoost
6035,8565-HBFNN,0.0010994703,Low,0.1178632166236639,2026-03-21 14:00:05.577934,XGBoost
6036,8565-WUXZU,0.00010434538,Low,0.008848488330841064,2026-03-21 14:00:05.577934,XGBoost
6037,8566-YPRGL,0.00079731934,Low,0.015547727176453918,2026-03-21 14:00:05.577934,XGBoost
6038,8570-KLJYJ,4.8698977e-05,Low,0.002651659323782951,2026-03-21 14:00:05.577934,XGBoost
6039,8571-ZCMCX,6.6247696e-05,Low,0.0039748617564328015,2026-03-21 14:00:05.577934,XGBoost
6040,8573-CGOCC,0.0002099071,Low,0.004145665203395765,2026-03-21 14:00:05.577934,XGBoost
6041,8573-JGCZW,9.671939e-05,Low,0.0019005360503797418,2026-03-21 14:00:05.577934,XGBoost
6042,8577-QSOCG,2.246969e-06,Low,4.538877301456523e-05,2026-03-21 14:00:05.577934,XGBoost
6043,8580-AECUZ,0.9998734,High,79.0899859189987,2026-03-21 14:00:05.577934,XGBoost
6044,8580-QVLOC,0.6804003,Medium,62.90300883948803,2026-03-21 14:00:05.577934,XGBoost
6045,8582-KRHPJ,0.000112808884,Low,0.0039483109503635205,2026-03-21 14:00:05.577934,XGBoost
6046,8584-KMVXD,0.0010426224,Low,0.07882225150242447,2026-03-21 14:00:05.577934,XGBoost
6047,8587-XYZSF,7.363514e-05,Low,0.003722256481341901,2026-03-21 14:00:05.577934,XGBoost
6048,8590-OHDIW,1.3362621e-05,Low,0.00027126120321554483,2026-03-21 14:00:05.577934,XGBoost
6049,8590-YFFQO,0.005539568,Low,0.35979495076462625,2026-03-21 14:00:05.577934,XGBoost
6050,8591-NXRCV,0.11338828,Low,8.464434922114016,2026-03-21 14:00:05.577934,XGBoost
6051,8591-TKMZH,8.598597e-05,Low,0.009553041485196445,2026-03-21 14:00:05.577934,XGBoost
6052,8592-PLTMQ,6.519177e-05,Low,0.0016102367830171714,2026-03-21 14:00:05.577934,XGBoost
6053,8593-WHYHV,0.77122,High,65.78506842255592,2026-03-21 14:00:05.577934,XGBoost
6054,8595-SIZNC,0.005588491,Low,0.1430653691291809,2026-03-21 14:00:05.577934,XGBoost
6055,8597-CTXVJ,0.000189578,Low,0.01231309113718453,2026-03-21 14:00:05.577934,XGBoost
6056,8597-CWYHH,7.275471e-05,Low,0.006864406749446061,2026-03-21 14:00:05.577934,XGBoost
6057,8601-QACRS,0.99836856,High,50.51744920015335,2026-03-21 14:00:05.577934,XGBoost
6058,8603-IJWDN,0.9998826,High,86.58983132839202,2026-03-21 14:00:05.577934,XGBoost
6059,8605-ITULD,0.00022107654,Low,0.004322046315064654,2026-03-21 14:00:05.577934,XGBoost
6060,8606-CIQUL,2.7997805e-05,Low,0.0032407459129899507,2026-03-21 14:00:05.577934,XGBoost
6061,8606-OEGQZ,0.0007254072,Low,0.018352802452864126,2026-03-21 14:00:05.577934,XGBoost
6062,8608-OZTLB,0.00019041187,Low,0.014099998897290788,2026-03-21 14:00:05.577934,XGBoost
6063,8610-WFCJF,0.90733695,High,86.74141244888305,2026-03-21 14:00:05.577934,XGBoost
6064,8610-ZIKJJ,1.929296e-05,Low,0.0003916470906915492,2026-03-21 14:00:05.577934,XGBoost
6065,8612-GXIDD,0.0009418332,Low,0.02392256302991882,2026-03-21 14:00:05.577934,XGBoost
6066,8614-VGMMV,0.9982839,High,49.01574060320854,2026-03-21 14:00:05.577934,XGBoost
6067,8617-ENBDS,0.0005408976,Low,0.0398100633174181,2026-03-21 14:00:05.577934,XGBoost
6068,8619-IJNDK,0.0043618004,Low,0.2793733145808801,2026-03-21 14:00:05.577934,XGBoost
6069,8620-RJPZN,0.11731316,Low,2.4283824428915977,2026-03-21 14:00:05.577934,XGBoost
6070,8621-MNIHH,0.9994523,High,94.19837860763073,2026-03-21 14:00:05.577934,XGBoost
6071,8622-ZLFKO,0.0006327089,Low,0.05741833196952939,2026-03-21 14:00:05.577934,XGBoost
6072,8623-TMRBY,0.91947603,High,77.41988191604615,2026-03-21 14:00:05.577934,XGBoost
6073,8623-ULFNQ,8.297409e-05,Low,0.005480438598897308,2026-03-21 14:00:05.577934,XGBoost
6074,8624-GIOUT,0.7082322,High,42.316875383257866,2026-03-21 14:00:05.577934,XGBoost
6075,8625-AZYZY,0.9219526,High,96.48234013915062,2026-03-21 14:00:05.577934,XGBoost
6076,8626-PTQGE,7.948549e-05,Low,0.004773103865954908,2026-03-21 14:00:05.577934,XGBoost
6077,8626-XHBIE,0.00013183615,Low,0.0032695364323444666,2026-03-21 14:00:05.577934,XGBoost
6078,8627-EHGIP,0.99874663,High,53.882380878925325,2026-03-21 14:00:05.577934,XGBoost
6079,8627-ZYGSZ,0.00014560812,Low,0.011488480880507268,2026-03-21 14:00:05.577934,XGBoost
6080,8628-MFKAX,0.0070661264,Low,0.8249702627072111,2026-03-21 14:00:05.577934,XGBoost
6081,8630-FJLIB,0.15483508,Low,10.807488244771957,2026-03-21 14:00:05.577934,XGBoost
6082,8630-QSGXK,9.9109435e-05,Low,0.007453029497992248,2026-03-21 14:00:05.577934,XGBoost
6083,8631-NBHFZ,0.8869113,High,70.4207550764084,2026-03-21 14:00:05.577934,XGBoost
6084,8631-WUXGY,0.0010087203,Low,0.10067028130870312,2026-03-21 14:00:05.577934,XGBoost
6085,8631-XVRZL,0.0045545525,Low,0.091774232708849,2026-03-21 14:00:05.577934,XGBoost
6086,8634-CILSZ,0.94770724,High,99.22494758963585,2026-03-21 14:00:05.577934,XGBoost
6087,8634-MPHTR,0.99968493,High,100.01847723126411,2026-03-21 14:00:05.577934,XGBoost
6088,8637-XJIVR,0.9953343,High,78.58164513409137,2026-03-21 14:00:05.577934,XGBoost
6089,8639-NHQEI,7.985989e-06,Low,0.0007658563656150364,2026-03-21 14:00:05.577934,XGBoost
6090,8640-SDGKB,0.776925,High,57.803222036361696,2026-03-21 14:00:05.577934,XGBoost
6091,8642-GVWRF,0.9374272,High,74.71294965147972,2026-03-21 14:00:05.577934,XGBoost
6092,8644-XLFBW,0.99994636,High,71.64615639448166,2026-03-21 14:00:05.577934,XGBoost
6093,8644-XYTSV,0.4187414,Medium,16.81246741116047,2026-03-21 14:00:05.577934,XGBoost
6094,8645-KOMJQ,6.751927e-06,Low,0.0005533203992854396,2026-03-21 14:00:05.577934,XGBoost
6095,8645-KWHJO,0.0010365216,Low,0.05700868961866945,2026-03-21 14:00:05.577934,XGBoost
6096,8646-JCOMS,9.263042e-05,Low,0.008387684541230555,2026-03-21 14:00:05.577934,XGBoost
6097,8647-SDTWQ,0.0121965,Low,0.9061999391764402,2026-03-21 14:00:05.577934,XGBoost
6098,8648-PFRMP,0.0016658002,Low,0.0772098405577708,2026-03-21 14:00:05.577934,XGBoost
6099,8650-RHRKE,0.93122315,High,27.610766518115994,2026-03-21 14:00:05.577934,XGBoost
6100,8651-ENBZX,0.7846193,High,83.16964280605316,2026-03-21 14:00:05.577934,XGBoost
6101,8652-YHIYU,4.2426876e-05,Low,0.0033729366787156323,2026-03-21 14:00:05.577934,XGBoost
6102,8654-DHAOW,4.9977494e-05,Low,0.002706281310929626,2026-03-21 14:00:05.577934,XGBoost
6103,8659-HDIYE,0.00014070292,Low,0.010503472937125481,2026-03-21 14:00:05.577934,XGBoost
6104,8659-IOOPU,1.5206928e-05,Low,0.0015275359030965773,2026-03-21 14:00:05.577934,XGBoost
6105,8660-BUETV,0.00029136284,Low,0.013038487151789013,2026-03-21 14:00:05.577934,XGBoost
6106,8661-BOYNW,4.4663906e-05,Low,0.0037696336672524925,2026-03-21 14:00:05.577934,XGBoost
6107,8663-UPDGF,0.00021002602,Low,0.014596808192436583,2026-03-21 14:00:05.577934,XGBoost
6108,8665-UTDHZ,0.9982151,High,30.146095395088196,2026-03-21 14:00:05.577934,XGBoost
6109,8668-KNZTI,0.0006240241,Low,0.03354129410581663,2026-03-21 14:00:05.577934,XGBoost
6110,8670-ERCJH,0.00013915385,Low,0.01578004698967561,2026-03-21 14:00:05.577934,XGBoost
6111,8670-MEFCP,0.00089533615,Low,0.08317672869889066,2026-03-21 14:00:05.577934,XGBoost
6112,8671-KKKOS,0.0002619287,Low,0.011930852811201475,2026-03-21 14:00:05.577934,XGBoost
6113,8672-OAUPW,0.00012292751,Low,0.005882081239542459,2026-03-21 14:00:05.577934,XGBoost
6114,8676-OOQEJ,0.00025038244,Low,0.007636664304300211,2026-03-21 14:00:05.577934,XGBoost
6115,8676-TRMJS,0.9996687,High,74.97515380382538,2026-03-21 14:00:05.577934,XGBoost
6116,8677-HDZEE,4.828367e-05,Low,0.0050915129442728356,2026-03-21 14:00:05.577934,XGBoost
6117,8679-JOEVF,0.99940574,High,59.364701056480406,2026-03-21 14:00:05.577934,XGBoost
6118,8679-LZBMD,0.00024862424,Low,0.02253778778249398,2026-03-21 14:00:05.577934,XGBoost
6119,8680-CGLTP,0.19255589,Low,11.31265850737691,2026-03-21 14:00:05.577934,XGBoost
6120,8681-ICONS,0.002067914,Low,0.042702424095477906,2026-03-21 14:00:05.577934,XGBoost
6121,8685-WHQPW,0.9990445,High,74.32890915870667,2026-03-21 14:00:05.577934,XGBoost
6122,8687-BAFGU,0.00053154613,Low,0.03933441371191293,2026-03-21 14:00:05.577934,XGBoost
6123,8690-UPCZI,1.2057135e-05,Low,0.0008325451635755599,2026-03-21 14:00:05.577934,XGBoost
6124,8690-ZVLCL,4.397849e-06,Low,0.00038701070297975093,2026-03-21 14:00:05.577934,XGBoost
6125,8695-ARGXZ,0.00021338015,Low,0.01612087005341891,2026-03-21 14:00:05.577934,XGBoost
6126,8695-WDYEA,0.0009825223,Low,0.050354266131762415,2026-03-21 14:00:05.577934,XGBoost
6127,8696-JKZNU,0.999818,High,76.23612456023693,2026-03-21 14:00:05.577934,XGBoost
6128,8699-ASUFO,0.99915767,High,74.33733043670655,2026-03-21 14:00:05.577934,XGBoost
6129,8701-DGLVH,0.0362957,Low,0.74224708173424,2026-03-21 14:00:05.577934,XGBoost
6130,8705-DWKTI,0.00017058772,Low,0.01429525111161638,2026-03-21 14:00:05.577934,XGBoost
6131,8705-WZCYL,0.00082794024,Low,0.03709172271192074,2026-03-21 14:00:05.577934,XGBoost
6132,8706-HRADD,0.00011987134,Low,0.00522039700881578,2026-03-21 14:00:05.577934,XGBoost
6133,8707-HOEDG,0.00016497765,Low,0.018180537380976605,2026-03-21 14:00:05.577934,XGBoost
6134,8707-RMEZH,0.25444758,Low,22.21327368021011,2026-03-21 14:00:05.577934,XGBoost
6135,8708-XPXHZ,0.9997923,High,94.18043256998062,2026-03-21 14:00:05.577934,XGBoost
6136,8709-KRDVL,0.260292,Low,26.029199361801147,2026-03-21 14:00:05.577934,XGBoost
6137,8710-YGLWG,0.0008125106,Low,0.036481726414058356,2026-03-21 14:00:05.577934,XGBoost
6138,8711-LOBKY,2.0906056e-05,Low,0.000414985217685171,2026-03-21 14:00:05.577934,XGBoost
6139,8713-IGZSO,0.0009490833,Low,0.0235847200936405,2026-03-21 14:00:05.577934,XGBoost
6140,8714-CTZJW,0.6787223,Medium,56.232144376635546,2026-03-21 14:00:05.577934,XGBoost
6141,8714-EUHJO,0.9998596,High,91.13719993829727,2026-03-21 14:00:05.577934,XGBoost
6142,8715-KKTFG,5.3936194e-05,Low,0.005571608796890359,2026-03-21 14:00:05.577934,XGBoost
6143,8717-VCTXJ,0.0002458458,Low,0.004806285181257408,2026-03-21 14:00:05.577934,XGBoost
6144,8718-PTMEZ,0.9982152,High,30.99458191394806,2026-03-21 14:00:05.577934,XGBoost
6145,8720-RQSBJ,0.0009425553,Low,0.041472433833405375,2026-03-21 14:00:05.577934,XGBoost
6146,8722-NGNBH,0.8118304,High,32.47321605682373,2026-03-21 14:00:05.577934,XGBoost
6147,8722-PRFDV,6.085759e-06,Low,0.00047195062566061095,2026-03-21 14:00:05.577934,XGBoost
6148,8725-JEDFD,5.3693253e-05,Low,0.003707519119234348,2026-03-21 14:00:05.577934,XGBoost
6149,8727-JQFHV,0.0002272203,Low,0.004714821188827045,2026-03-21 14:00:05.577934,XGBoost
6150,8727-XDPUD,0.01189131,Low,0.4257089016959071,2026-03-21 14:00:05.577934,XGBoost
6151,8728-SKJLR,0.048016246,Low,3.56520629581064,2026-03-21 14:00:05.577934,XGBoost
6152,8731-WBBMB,0.0004562876,Low,0.03736995549697895,2026-03-21 14:00:05.577934,XGBoost
6153,8734-DKSTZ,0.00039402195,Low,0.0338661863192101,2026-03-21 14:00:05.577934,XGBoost
6154,8734-FNWVH,0.00016042645,Low,0.00957745932682883,2026-03-21 14:00:05.577934,XGBoost
6155,8735-DCXNF,0.0003999845,Low,0.021979148640821223,2026-03-21 14:00:05.577934,XGBoost
6156,8735-IJJEG,0.00035422726,Low,0.01778220848646015,2026-03-21 14:00:05.577934,XGBoost
6157,8735-NBLWT,0.029114984,Low,0.5939456731081009,2026-03-21 14:00:05.577934,XGBoost
6158,8735-SDUFN,0.00028251877,Low,0.006865206095972099,2026-03-21 14:00:05.577934,XGBoost
6159,8738-JOKAR,0.00067880575,Low,0.045955149328801785,2026-03-21 14:00:05.577934,XGBoost
6160,8739-QOTTN,0.04526487,Low,0.9211401030421258,2026-03-21 14:00:05.577934,XGBoost
6161,8739-WWKDU,0.9996407,High,89.46784293651581,2026-03-21 14:00:05.577934,XGBoost
6162,8739-XNIKG,0.00034552172,Low,0.029023824725300074,2026-03-21 14:00:05.577934,XGBoost
6163,8740-CRYFY,0.9734344,High,76.852644982934,2026-03-21 14:00:05.577934,XGBoost
6164,8740-XLHDR,0.6995258,Medium,30.254489704966545,2026-03-21 14:00:05.577934,XGBoost
6165,8741-LQOBK,0.000119191674,Low,0.004177668189731775,2026-03-21 14:00:05.577934,XGBoost
6166,8745-PVESG,0.00019890547,Low,0.008175014925654978,2026-03-21 14:00:05.577934,XGBoost
6167,8746-BFOAJ,4.332445e-05,Low,0.0008881512148946058,2026-03-21 14:00:05.577934,XGBoost
6168,8746-OQQRW,0.00036953835,Low,0.00933084332064027,2026-03-21 14:00:05.577934,XGBoost
6169,8747-UDCOI,0.00243895,Low,0.04719368030782789,2026-03-21 14:00:05.577934,XGBoost
6170,8748-HFWBO,4.4707158e-05,Low,0.0008896724430087487,2026-03-21 14:00:05.577934,XGBoost
6171,8749-CLJXC,0.0738677,Low,1.4810474049299955,2026-03-21 14:00:05.577934,XGBoost
6172,8749-JMNKX,0.99961865,High,93.76422932147979,2026-03-21 14:00:05.577934,XGBoost
6173,8749-TZYEC,0.017058592,Low,0.4230530887842178,2026-03-21 14:00:05.577934,XGBoost
6174,8750-QWZAJ,4.2450615e-06,Low,8.405221806242481e-05,2026-03-21 14:00:05.577934,XGBoost
6175,8751-EDEKA,0.00021808376,Low,0.019605730191688056,2026-03-21 14:00:05.577934,XGBoost
6176,8752-GHJFU,0.035918307,Low,3.3044842034578323,2026-03-21 14:00:05.577934,XGBoost
6177,8752-IMQOS,1.5096734e-05,Low,0.0003034443611795723,2026-03-21 14:00:05.577934,XGBoost
6178,8752-STIVR,0.9348725,High,73.85492813587189,2026-03-21 14:00:05.577934,XGBoost
6179,8755-IWJHN,4.041762e-05,Low,0.0038538201401024704,2026-03-21 14:00:05.577934,XGBoost
6180,8755-OGKNA,6.0156563e-06,Low,0.00011730529695341829,2026-03-21 14:00:05.577934,XGBoost
6181,8756-RDDLT,4.8296384e-05,Low,0.002170922469485959,2026-03-21 14:00:05.577934,XGBoost
6182,8757-TFHHJ,0.00035424833,Low,0.01764156692661345,2026-03-21 14:00:05.577934,XGBoost
6183,8760-ZRHKE,0.00029812183,Low,0.020630030473694206,2026-03-21 14:00:05.577934,XGBoost
6184,8761-NSOBC,0.99987864,High,100.53779774904251,2026-03-21 14:00:05.577934,XGBoost
6185,8763-KIAFH,1.5690686e-05,Low,0.00032244360281765696,2026-03-21 14:00:05.577934,XGBoost
6186,8766-PAFNE,5.672424e-05,Low,0.004486887279199436,2026-03-21 14:00:05.577934,XGBoost
6187,8769-KKTPH,0.045635633,Low,4.547590845450759,2026-03-21 14:00:05.577934,XGBoost
6188,8773-HHUOZ,0.7068229,High,45.73143982887268,2026-03-21 14:00:05.577934,XGBoost
6189,8774-GSBUN,7.043572e-05,Low,0.0017890673538204281,2026-03-21 14:00:05.577934,XGBoost
6190,8775-CEBBJ,0.99827874,High,44.12392017841339,2026-03-21 14:00:05.577934,XGBoost
6191,8775-ERLNB,0.00051869045,Low,0.038538700097706165,2026-03-21 14:00:05.577934,XGBoost
6192,8775-LHDJH,0.99961346,High,90.56497982740402,2026-03-21 14:00:05.577934,XGBoost
6193,8777-MBMTS,0.045467827,Low,4.812769537605345,2026-03-21 14:00:05.577934,XGBoost
6194,8777-PVYGU,0.028411895,Low,1.826884850859642,2026-03-21 14:00:05.577934,XGBoost
6195,8778-LMWTJ,0.081995934,Low,6.137395678460598,2026-03-21 14:00:05.577934,XGBoost
6196,8779-QRDMV,0.99982065,High,39.642888757586476,2026-03-21 14:00:05.577934,XGBoost
6197,8779-YIQQA,1.17003765e-05,Low,0.00023166745449998416,2026-03-21 14:00:05.577934,XGBoost
6198,8780-IHCRN,3.6819787e-05,Low,0.0009076077509234891,2026-03-21 14:00:05.577934,XGBoost
6199,8780-IXSTS,0.971048,High,87.49142457246779,2026-03-21 14:00:05.577934,XGBoost
6200,8780-RSYYU,0.0003193281,Low,0.006131099537014961,2026-03-21 14:00:05.577934,XGBoost
6201,8780-YRMTT,0.00014543954,Low,0.006893834137008525,2026-03-21 14:00:05.577934,XGBoost
6202,8782-LKFPK,0.00010011927,Low,0.009050782211124897,2026-03-21 14:00:05.577934,XGBoost
6203,8782-NUUOL,8.209903e-05,Low,0.006485823505499866,2026-03-21 14:00:05.577934,XGBoost
6204,8784-CGILN,0.9996363,High,99.81368380188941,2026-03-21 14:00:05.577934,XGBoost
6205,8785-CJSHH,6.6329434e-05,Low,0.006619677518028766,2026-03-21 14:00:05.577934,XGBoost
6206,8785-EPNCG,0.883648,High,20.456450697779655,2026-03-21 14:00:05.577934,XGBoost
6207,8788-DOXSU,5.3793756e-05,Low,0.0033002469181155902,2026-03-21 14:00:05.577934,XGBoost
6208,8791-GFXLZ,0.15347691,Low,7.52804237678647,2026-03-21 14:00:05.577934,XGBoost
6209,8792-AOROI,0.015728308,Low,1.0302041666582227,2026-03-21 14:00:05.577934,XGBoost
6210,8799-OXZMD,0.028081087,Low,0.8354123500175774,2026-03-21 14:00:05.577934,XGBoost
6211,8800-JOOCF,0.16407898,Low,13.790838326513766,2026-03-21 14:00:05.577934,XGBoost
6212,8800-ZKRFW,0.00035758477,Low,0.03844036233203951,2026-03-21 14:00:05.577934,XGBoost
6213,8802-UNOJF,0.87984926,High,73.73136757612228,2026-03-21 14:00:05.577934,XGBoost
6214,8805-JNRAZ,0.21475226,Low,10.565811038017273,2026-03-21 14:00:05.577934,XGBoost
6215,8806-EAGWC,0.9849931,High,54.32236947417259,2026-03-21 14:00:05.577934,XGBoost
6216,8807-ARQET,0.46690223,Medium,18.839504827558994,2026-03-21 14:00:05.577934,XGBoost
6217,8807-OPMBM,1.1650838e-05,Low,0.0002988439980981638,2026-03-21 14:00:05.577934,XGBoost
6218,8808-ELEHO,0.8175232,High,66.42375849187374,2026-03-21 14:00:05.577934,XGBoost
6219,8809-RIHDD,0.99736017,High,103.12704156637193,2026-03-21 14:00:05.577934,XGBoost
6220,8809-XKHMD,0.00011271233,Low,0.011333225016642245,2026-03-21 14:00:05.577934,XGBoost
6221,8812-ZRHFP,0.00010282004,Low,0.008888792650759569,2026-03-21 14:00:05.577934,XGBoost
6222,8815-LMFLX,3.9738585e-05,Low,0.0010093600525578948,2026-03-21 14:00:05.577934,XGBoost
6223,8816-VXNZD,0.9994062,High,75.05540701150893,2026-03-21 14:00:05.577934,XGBoost
6224,8818-DOPVL,0.11789708,Low,12.314349838346244,2026-03-21 14:00:05.577934,XGBoost
6225,8818-XYFCQ,0.92489153,High,92.07295195758343,2026-03-21 14:00:05.577934,XGBoost
6226,8819-IMISP,0.0005220086,Low,0.04199558971158695,2026-03-21 14:00:05.577934,XGBoost
6227,8819-WFGGJ,0.00013636232,Low,0.007377201294002589,2026-03-21 14:00:05.577934,XGBoost
6228,8819-ZBYNA,5.1641524e-05,Low,0.00563409025708097,2026-03-21 14:00:05.577934,XGBoost
6229,8821-KVZKQ,2.7397835e-05,Low,0.001600033555587288,2026-03-21 14:00:05.577934,XGBoost
6230,8821-XNHVZ,0.99963176,High,80.02052258849143,2026-03-21 14:00:05.577934,XGBoost
6231,8822-KNBHV,4.7642057e-05,Low,0.003975729683770623,2026-03-21 14:00:05.577934,XGBoost
6232,8823-RLPWL,0.000120000004,Low,0.013278000469654216,2026-03-21 14:00:05.577934,XGBoost
6233,8824-RWFXJ,0.999032,High,56.095647954940794,2026-03-21 14:00:05.577934,XGBoost
6234,8835-VSDSE,0.99793184,High,70.55378094911576,2026-03-21 14:00:05.577934,XGBoost
6235,8837-VVWLQ,0.99780875,High,84.7638536900282,2026-03-21 14:00:05.577934,XGBoost
6236,8838-GPHZP,2.4853134e-05,Low,0.0005119745637784945,2026-03-21 14:00:05.577934,XGBoost
6237,8840-DQLGN,0.99896145,High,100.39562559127808,2026-03-21 14:00:05.577934,XGBoost
6238,8844-TONUD,0.99392104,High,96.06246865987778,2026-03-21 14:00:05.577934,XGBoost
6239,8845-LWKGE,9.659253e-06,Low,0.000623021819137648,2026-03-21 14:00:05.577934,XGBoost
6240,8847-GEOOQ,0.06043709,Low,3.6383128598332406,2026-03-21 14:00:05.577934,XGBoost
6241,8849-AYPTR,0.00019914724,Low,0.018172185482399072,2026-03-21 14:00:05.577934,XGBoost
6242,8849-GYOKR,0.99936706,High,106.48256005942821,2026-03-21 14:00:05.577934,XGBoost
6243,8849-PRIQJ,0.0001314736,Low,0.014383211845415645,2026-03-21 14:00:05.577934,XGBoost
6244,8851-RAGOV,0.00017414668,Low,0.012373121898417593,2026-03-21 14:00:05.577934,XGBoost
6245,8853-TZDGH,4.0227664e-05,Low,0.004489407269284129,2026-03-21 14:00:05.577934,XGBoost
6246,8854-CCVSQ,0.9974853,High,80.44718783497811,2026-03-21 14:00:05.577934,XGBoost
6247,8857-CUPFQ,5.111073e-05,Low,0.0009838815185503336,2026-03-21 14:00:05.577934,XGBoost
6248,8859-AXJZP,0.00028298056,Low,0.006734937324654311,2026-03-21 14:00:05.577934,XGBoost
6249,8859-DZTGQ,0.0002409009,Low,0.0049023333762306725,2026-03-21 14:00:05.577934,XGBoost
6250,8859-YSTWS,0.00012475658,Low,0.002488893800909864,2026-03-21 14:00:05.577934,XGBoost
6251,8861-HGGKB,0.93447167,High,80.78507559597493,2026-03-21 14:00:05.577934,XGBoost
6252,8865-TNMNX,0.00010429624,Low,0.005167878664360614,2026-03-21 14:00:05.577934,XGBoost
6253,8868-GAGIO,0.00025207544,Low,0.021312978040077722,2026-03-21 14:00:05.577934,XGBoost
6254,8868-WOZGU,0.752478,High,79.53692497015,2026-03-21 14:00:05.577934,XGBoost
6255,8869-LIHMK,0.01987515,Low,2.287629785016179,2026-03-21 14:00:05.577934,XGBoost
6256,8869-TORSS,0.79235435,High,47.818584740161896,2026-03-21 14:00:05.577934,XGBoost
6257,8871-JLMHM,4.3828393e-05,Low,0.003953321070730454,2026-03-21 14:00:05.577934,XGBoost
6258,8873-GLDMH,0.24647239,Low,18.201985891163346,2026-03-21 14:00:05.577934,XGBoost
6259,8873-TMKGR,6.0983552e-06,Low,0.00011647858514152178,2026-03-21 14:00:05.577934,XGBoost
6260,8874-EJNSR,0.0031158836,Low,0.0785202657803893,2026-03-21 14:00:05.577934,XGBoost
6261,8875-AKBYH,0.11615139,Low,9.797369953989982,2026-03-21 14:00:05.577934,XGBoost
6262,8878-HMWBV,0.93050194,High,45.734170246124265,2026-03-21 14:00:05.577934,XGBoost
6263,8878-RYUKI,0.0013092951,Low,0.0778375918220263,2026-03-21 14:00:05.577934,XGBoost
6264,8879-XUAHX,7.602472e-05,Low,0.008837873738229973,2026-03-21 14:00:05.577934,XGBoost
6265,8879-ZKJOF,0.00011130155,Low,0.008887429027890902,2026-03-21 14:00:05.577934,XGBoost
6266,8882-TLVRW,1.4543354e-05,Low,0.0005686451474502974,2026-03-21 14:00:05.577934,XGBoost
6267,8883-ANODQ,6.299177e-06,Low,0.0005316505497830804,2026-03-21 14:00:05.577934,XGBoost
6268,8883-GRDWQ,0.00026913945,Low,0.01453353016404435,2026-03-21 14:00:05.577934,XGBoost
6269,8884-ADFVN,0.96778697,High,98.66588136255741,2026-03-21 14:00:05.577934,XGBoost
6270,8884-FEEWR,0.0035789642,Low,0.07372666159644724,2026-03-21 14:00:05.577934,XGBoost
6271,8884-MRNSU,0.0001379253,Low,0.002744713341235183,2026-03-21 14:00:05.577934,XGBoost
6272,8885-QSQBX,0.0006683194,Low,0.03311522665899247,2026-03-21 14:00:05.577934,XGBoost
6273,8887-IPQNC,0.0008625831,Low,0.038169302642927505,2026-03-21 14:00:05.577934,XGBoost
6274,8894-JVDCV,3.0755324e-05,Low,0.0035383999891564597,2026-03-21 14:00:05.577934,XGBoost
6275,8896-BQTTI,0.00043361972,Low,0.010840492905117571,2026-03-21 14:00:05.577934,XGBoost
6276,8896-RAZCR,2.4608986e-05,Low,0.0004897188167888089,2026-03-21 14:00:05.577934,XGBoost
6277,8898-KASCD,0.016914302,Low,0.6013034532777964,2026-03-21 14:00:05.577934,XGBoost
6278,8901-HJXTF,0.99808,High,29.143936443328858,2026-03-21 14:00:05.577934,XGBoost
6279,8901-UPRHR,0.0009130356,Low,0.0997034864500165,2026-03-21 14:00:05.577934,XGBoost
6280,8902-ZEOVF,5.4345157e-05,Low,0.0010896203972151854,2026-03-21 14:00:05.577934,XGBoost
6281,8903-WMRNW,0.00078185135,Low,0.07955337536986917,2026-03-21 14:00:05.577934,XGBoost
6282,8903-XEBGX,0.66146165,Medium,36.57882931828499,2026-03-21 14:00:05.577934,XGBoost
6283,8904-OPDCK,0.0005737747,Low,0.014315678348066284,2026-03-21 14:00:05.577934,XGBoost
6284,8905-IAZPF,4.4120265e-05,Low,0.004220103313491564,2026-03-21 14:00:05.577934,XGBoost
6285,8908-NMQTX,0.0043970663,Low,0.28844754993915556,2026-03-21 14:00:05.577934,XGBoost
6286,8908-SLFCJ,0.00010552281,Low,0.0022001506531523773,2026-03-21 14:00:05.577934,XGBoost
6287,8909-BOLNL,4.645273e-05,Low,0.0009847978610196151,2026-03-21 14:00:05.577934,XGBoost
6288,8910-ICHIU,0.00011918179,Low,0.011399737872125115,2026-03-21 14:00:05.577934,XGBoost
6289,8910-LEDAG,0.1934136,Low,13.838743103295563,2026-03-21 14:00:05.577934,XGBoost
6290,8914-RBTSB,0.8335172,High,78.18391277790069,2026-03-21 14:00:05.577934,XGBoost
6291,8915-NNTRC,3.297874e-05,Low,0.0035518102882633683,2026-03-21 14:00:05.577934,XGBoost
6292,8917-FAEMR,2.8068569e-05,Low,0.0005571610948209128,2026-03-21 14:00:05.577934,XGBoost
6293,8917-SZTTJ,0.0004755555,Low,0.00934466582693858,2026-03-21 14:00:05.577934,XGBoost
6294,8919-FYFQZ,0.9989635,High,30.318541473150255,2026-03-21 14:00:05.577934,XGBoost
6295,8920-NAVAY,9.535252e-05,Low,0.010560291944784694,2026-03-21 14:00:05.577934,XGBoost
6296,8922-LIEGH,0.99979323,High,89.6814528644085,2026-03-21 14:00:05.577934,XGBoost
6297,8922-NPKBJ,2.1739568e-05,Low,0.0004206606443403871,2026-03-21 14:00:05.577934,XGBoost
6298,8929-KSWIH,8.31581e-05,Low,0.008257599158969241,2026-03-21 14:00:05.577934,XGBoost
6299,8930-XOTDP,0.03776688,Low,2.1130570080131292,2026-03-21 14:00:05.577934,XGBoost
6300,8931-GJJIQ,0.9991986,High,83.23324467539787,2026-03-21 14:00:05.577934,XGBoost
6301,8932-CZHRQ,2.715408e-05,Low,0.0020840755910285225,2026-03-21 14:00:05.577934,XGBoost
6302,8937-RDTHP,0.8625103,High,72.96837337017058,2026-03-21 14:00:05.577934,XGBoost
6303,8938-UMKPI,0.99672794,High,106.05185317993164,2026-03-21 14:00:05.577934,XGBoost
6304,8942-DBMHZ,0.0077797603,Low,0.15909609785303472,2026-03-21 14:00:05.577934,XGBoost
6305,8943-URTMR,0.9998275,High,79.6362607061863,2026-03-21 14:00:05.577934,XGBoost
6306,8944-AILEF,0.022327524,Low,0.434270335547626,2026-03-21 14:00:05.577934,XGBoost
6307,8945-GRKHX,0.9995925,High,78.6179487913847,2026-03-21 14:00:05.577934,XGBoost
6308,8945-MUQUF,0.9955629,High,94.37936396598816,2026-03-21 14:00:05.577934,XGBoost
6309,8946-BFWSG,2.7684851e-05,Low,0.0006990424972173059,2026-03-21 14:00:05.577934,XGBoost
6310,8947-YRTDV,0.00027679105,Low,0.026239791372790932,2026-03-21 14:00:05.577934,XGBoost
6311,8949-JTMAY,0.9425795,High,92.93833947181702,2026-03-21 14:00:05.577934,XGBoost
6312,8950-MTZNV,0.29513457,Low,13.2662991091609,2026-03-21 14:00:05.577934,XGBoost
6313,8952-WCVCD,0.9347107,High,97.6305306762457,2026-03-21 14:00:05.577934,XGBoost
6314,8957-THMOA,1.592345e-05,Low,0.00032085750963233294,2026-03-21 14:00:05.577934,XGBoost
6315,8958-JPTRR,9.223975e-05,Low,0.002241425976535538,2026-03-21 14:00:05.577934,XGBoost
6316,8961-QDZZJ,0.0004983128,Low,0.04733971756650135,2026-03-21 14:00:05.577934,XGBoost
6317,8963-JLGJT,0.00016062774,Low,0.008979090469074436,2026-03-21 14:00:05.577934,XGBoost
6318,8963-MQVYN,0.0001132211,Low,0.0023266935309948166,2026-03-21 14:00:05.577934,XGBoost
6319,8966-KZXXA,4.1471485e-06,Low,0.00010409342739876594,2026-03-21 14:00:05.577934,XGBoost
6320,8966-OIQHG,3.7808688e-05,Low,0.0007845302743589855,2026-03-21 14:00:05.577934,XGBoost
6321,8966-SNIZF,2.0692274e-05,Low,0.00040246473163279005,2026-03-21 14:00:05.577934,XGBoost
6322,8967-SZQAS,0.00024045251,Low,0.012130829373927555,2026-03-21 14:00:05.577934,XGBoost
6323,8969-PRHFK,2.9492025e-05,Low,0.0005795182838483014,2026-03-21 14:00:05.577934,XGBoost
6324,8970-ANWXO,6.48625e-05,Low,0.004783609310834436,2026-03-21 14:00:05.577934,XGBoost
6325,8972-HJWNV,0.91780967,High,77.60080719292164,2026-03-21 14:00:05.577934,XGBoost
6326,8974-OVACP,0.00041315044,Low,0.008324981351324822,2026-03-21 14:00:05.577934,XGBoost
6327,8975-SKGRX,7.151231e-05,Low,0.008302579151495593,2026-03-21 14:00:05.577934,XGBoost
6328,8976-OQHGT,0.9984273,High,56.411140859127045,2026-03-21 14:00:05.577934,XGBoost
6329,8979-CAMGB,0.0002707759,Low,0.02764621915121097,2026-03-21 14:00:05.577934,XGBoost
6330,8980-WQFWL,0.17694655,Low,10.988380792737008,2026-03-21 14:00:05.577934,XGBoost
6331,8981-FJGLA,0.0002537552,Low,0.019792904960922897,2026-03-21 14:00:05.577934,XGBoost
6332,8982-NHAVY,0.00013454363,Low,0.013521635031793267,2026-03-21 14:00:05.577934,XGBoost
6333,8984-EYLLL,0.041238964,Low,4.340400919318199,2026-03-21 14:00:05.577934,XGBoost
6334,8984-HPEMB,0.007653827,Low,0.9081265554763377,2026-03-21 14:00:05.577934,XGBoost
6335,8985-OOPOS,0.0010266282,Low,0.07607314885826781,2026-03-21 14:00:05.577934,XGBoost
6336,8988-ECPJR,0.95732564,High,76.20312073230743,2026-03-21 14:00:05.577934,XGBoost
6337,8990-YOZLV,0.0014813287,Low,0.09910089281620459,2026-03-21 14:00:05.577934,XGBoost
6338,8990-ZXLSU,0.0002228411,Low,0.015387178168748504,2026-03-21 14:00:05.577934,XGBoost
6339,8992-CEUEN,0.00046554735,Low,0.008775567468546797,2026-03-21 14:00:05.577934,XGBoost
6340,8992-JQYUN,0.98369414,High,49.52899975478649,2026-03-21 14:00:05.577934,XGBoost
6341,8992-OBVDG,0.00013237858,Low,0.008161139682488282,2026-03-21 14:00:05.577934,XGBoost
6342,8992-VONJD,0.00054565095,Low,0.0305564533919096,2026-03-21 14:00:05.577934,XGBoost
6343,8993-IZEUX,0.00024661628,Low,0.017053516047599263,2026-03-21 14:00:05.577934,XGBoost
6344,8993-PHFWD,0.4685446,Medium,11.830751210451126,2026-03-21 14:00:05.577934,XGBoost
6345,8996-ZROXE,0.0003160546,Low,0.01690892053011339,2026-03-21 14:00:05.577934,XGBoost
6346,8999-BOHSE,0.999164,High,89.62500947713852,2026-03-21 14:00:05.577934,XGBoost
6347,8999-EXMNO,5.1578286e-06,Low,0.00010393024592758592,2026-03-21 14:00:05.577934,XGBoost
6348,8999-XXGNS,0.00033166038,Low,0.03507308554253541,2026-03-21 14:00:05.577934,XGBoost
6349,8999-YPYBV,0.0004053523,Low,0.03419146656669909,2026-03-21 14:00:05.577934,XGBoost
6350,9000-PLFUZ,0.0003246893,Low,0.01605588531092508,2026-03-21 14:00:05.577934,XGBoost
6351,9003-CPATH,0.16470298,Low,13.159768238663675,2026-03-21 14:00:05.577934,XGBoost
6352,9013-AQORL,5.731562e-05,Low,0.0026107265472091966,2026-03-21 14:00:05.577934,XGBoost
6353,9018-PCIOK,4.8866266e-05,Low,0.003164090742757253,2026-03-21 14:00:05.577934,XGBoost
6354,9019-QVLZD,0.99985445,High,79.53842113614083,2026-03-21 14:00:05.577934,XGBoost
6355,9025-AOMKI,0.9672208,High,90.48350427150726,2026-03-21 14:00:05.577934,XGBoost
6356,9025-ZRPVR,0.8469165,High,16.049067613482475,2026-03-21 14:00:05.577934,XGBoost
6357,9026-LHEVG,0.00038903084,Low,0.015853006872930564,2026-03-21 14:00:05.577934,XGBoost
6358,9026-RNUJS,0.999426,High,50.321099466085435,2026-03-21 14:00:05.577934,XGBoost
6359,9027-TMATR,0.00047828566,Low,0.03768890968058258,2026-03-21 14:00:05.577934,XGBoost
6360,9027-YFHQJ,0.00069613114,Low,0.017438085173489527,2026-03-21 14:00:05.577934,XGBoost
6361,9028-LIHRP,1.623328e-05,Low,0.001626574645342771,2026-03-21 14:00:05.577934,XGBoost
6362,9029-FEGVJ,0.0013601778,Low,0.10786209644284099,2026-03-21 14:00:05.577934,XGBoost
6363,9030-QGZNL,0.00057272887,Low,0.011941396861220711,2026-03-21 14:00:05.577934,XGBoost
6364,9031-ZVQPT,0.00013359646,Low,0.014455137247568929,2026-03-21 14:00:05.577934,XGBoost
6365,9033-EOXWV,0.9996637,High,74.02509776949883,2026-03-21 14:00:05.577934,XGBoost
6366,9036-CSKBW,3.8124334e-05,Low,0.0040964596360936415,2026-03-21 14:00:05.577934,XGBoost
6367,9039-RBEEE,0.7409727,High,36.27061355412007,2026-03-21 14:00:05.577934,XGBoost
6368,9039-ZVJDC,0.029841824,Low,0.5699788289144636,2026-03-21 14:00:05.577934,XGBoost
6369,9040-KZVWO,0.00012964728,Low,0.009788369374291506,2026-03-21 14:00:05.577934,XGBoost
6370,9046-DQMTP,0.0039087757,Low,0.08110709674656391,2026-03-21 14:00:05.577934,XGBoost
6371,9046-JBFWA,1.202395e-05,Low,0.00023025864534247374,2026-03-21 14:00:05.577934,XGBoost
6372,9048-JVYVF,0.9996045,High,69.32257368266582,2026-03-21 14:00:05.577934,XGBoost
6373,9050-IKDZA,0.0017528838,Low,0.14286002790322527,2026-03-21 14:00:05.577934,XGBoost
6374,9050-QLROH,0.99899226,High,90.60859836935997,2026-03-21 14:00:05.577934,XGBoost
6375,9052-DHNKM,3.1839725e-05,Low,0.00195973508143652,2026-03-21 14:00:05.577934,XGBoost
6376,9052-VKDUW,0.0005082393,Low,0.05560138140572235,2026-03-21 14:00:05.577934,XGBoost
6377,9053-EJUNL,0.058933053,Low,5.25682834237814,2026-03-21 14:00:05.577934,XGBoost
6378,9053-JZFKV,0.9980562,High,115.97412734031677,2026-03-21 14:00:05.577934,XGBoost
6379,9054-FOWNV,0.00027959398,Low,0.02481396571965888,2026-03-21 14:00:05.577934,XGBoost
6380,9055-MOJJJ,1.5719339e-05,Low,0.0010343325055146124,2026-03-21 14:00:05.577934,XGBoost
6381,9057-MSWCO,0.99945587,High,30.733267977833748,2026-03-21 14:00:05.577934,XGBoost
6382,9057-SIHCH,0.9495028,High,91.72197296619414,2026-03-21 14:00:05.577934,XGBoost
6383,9058-CBREO,0.9992322,High,50.51118634343147,2026-03-21 14:00:05.577934,XGBoost
6384,9058-HRZSV,0.0004232579,Low,0.03995554656721652,2026-03-21 14:00:05.577934,XGBoost
6385,9058-MJLZC,0.00038390633,Low,0.03631753866211511,2026-03-21 14:00:05.577934,XGBoost
6386,9060-HJJRW,0.00032510373,Low,0.01833585019921884,2026-03-21 14:00:05.577934,XGBoost
6387,9061-TIHDA,0.9998254,High,95.23337106406689,2026-03-21 14:00:05.577934,XGBoost
6388,9063-ZGTUY,0.9973911,High,19.349387431144713,2026-03-21 14:00:05.577934,XGBoost
6389,9065-ZCPQX,4.7254784e-05,Low,0.003726039684261195,2026-03-21 14:00:05.577934,XGBoost
6390,9066-QRSDU,5.7809768e-05,Low,0.001520396895648446,2026-03-21 14:00:05.577934,XGBoost
6391,9067-SQTNS,9.704311e-06,Low,0.00019990881064586575,2026-03-21 14:00:05.577934,XGBoost
6392,9067-YGSCA,5.9172246e-05,Low,0.0015414369960126352,2026-03-21 14:00:05.577934,XGBoost
6393,9068-FHQHD,7.592445e-05,Low,0.0015298776746931252,2026-03-21 14:00:05.577934,XGBoost
6394,9068-VPWQQ,0.00023957492,Low,0.01805197006688104,2026-03-21 14:00:05.577934,XGBoost
6395,9069-LGEUL,0.00021437631,Low,0.012851859917282127,2026-03-21 14:00:05.577934,XGBoost
6396,9070-BCKQP,6.257931e-05,Low,0.0068931110963603714,2026-03-21 14:00:05.577934,XGBoost
6397,9073-ZZIAY,6.389905e-05,Low,0.005501708480733214,2026-03-21 14:00:05.577934,XGBoost
6398,9074-KGVOX,5.3280408e-05,Low,0.0021019120909841153,2026-03-21 14:00:05.577934,XGBoost
6399,9076-AXYIK,0.00024241282,Low,0.024750348707311784,2026-03-21 14:00:05.577934,XGBoost
6400,9079-LWTFD,0.00028541996,Low,0.0287560605283943,2026-03-21 14:00:05.577934,XGBoost
6401,9079-YEXQJ,0.9991671,High,111.00746310949324,2026-03-21 14:00:05.577934,XGBoost
6402,9081-WWXKP,6.202216e-05,Low,0.0012559487749967957,2026-03-21 14:00:05.577934,XGBoost
6403,9084-OAYKL,0.0026387172,Low,0.05488531738519669,2026-03-21 14:00:05.577934,XGBoost
6404,9086-YJYXS,4.9456496e-05,Low,0.0038180414616363124,2026-03-21 14:00:05.577934,XGBoost
6405,9087-EYCPR,7.437062e-05,Low,0.0018592654669191688,2026-03-21 14:00:05.577934,XGBoost
6406,9089-UOWJG,0.00062831765,Low,0.03666233476542402,2026-03-21 14:00:05.577934,XGBoost
6407,9090-SGQXL,0.922052,High,97.0920783162117,2026-03-21 14:00:05.577934,XGBoost
6408,9091-WTUUY,0.00022509976,Low,0.015588158661557827,2026-03-21 14:00:05.577934,XGBoost
6409,9092-GDZKO,0.00010391484,Low,0.0025822837993473517,2026-03-21 14:00:05.577934,XGBoost
6410,9093-FPDLG,0.0002815011,Low,0.0265174032188952,2026-03-21 14:00:05.577934,XGBoost
6411,9094-AZPHK,0.44046068,Medium,44.112137293815614,2026-03-21 14:00:05.577934,XGBoost
6412,9095-HFAFX,0.9992836,High,80.94197255373001,2026-03-21 14:00:05.577934,XGBoost
6413,9097-ZUBYC,0.12802514,Low,6.2476270437240595,2026-03-21 14:00:05.577934,XGBoost
6414,9099-FTUHS,0.00027277364,Low,0.01483888616785407,2026-03-21 14:00:05.577934,XGBoost
6415,9101-BWFSS,0.99947184,High,108.49266858398914,2026-03-21 14:00:05.577934,XGBoost
6416,9101-NTIXF,0.000105829946,Low,0.0020531009489786808,2026-03-21 14:00:05.577934,XGBoost
6417,9102-IAYHT,0.99945396,High,85.40334104001522,2026-03-21 14:00:05.577934,XGBoost
6418,9102-OXKFY,0.00028072117,Low,0.015201051425538025,2026-03-21 14:00:05.577934,XGBoost
6419,9103-CXVOK,0.00011233078,Low,0.0022185329271451337,2026-03-21 14:00:05.577934,XGBoost
6420,9103-TCIHJ,0.7243918,High,40.34862426519394,2026-03-21 14:00:05.577934,XGBoost
6421,9107-UKCKY,0.00032947923,Low,0.026292442227713764,2026-03-21 14:00:05.577934,XGBoost
6422,9108-EJFJP,0.001060268,Low,0.05677735283388756,2026-03-21 14:00:05.577934,XGBoost
6423,9108-EQPNQ,4.9627804e-05,Low,0.0012952856948686533,2026-03-21 14:00:05.577934,XGBoost
6424,9110-HSGTV,0.0053180363,Low,0.4384720931760967,2026-03-21 14:00:05.577934,XGBoost
6425,9112-WSNPU,7.296245e-05,Low,0.005147500965176732,2026-03-21 14:00:05.577934,XGBoost
6426,9114-AAFQH,0.2964756,Low,19.46362243592739,2026-03-21 14:00:05.577934,XGBoost
6427,9114-DPSIA,0.00048011233,Low,0.03888909862143919,2026-03-21 14:00:05.577934,XGBoost
6428,9114-VEPUF,6.90206e-05,Low,0.006632879637618316,2026-03-21 14:00:05.577934,XGBoost
6429,9115-YQHGA,0.22898395,Low,11.70108002871275,2026-03-21 14:00:05.577934,XGBoost
6430,9117-SHLZX,0.7662045,High,35.01554456949234,2026-03-21 14:00:05.577934,XGBoost
6431,9121-PHQSR,0.11502781,Low,9.783115040883422,2026-03-21 14:00:05.577934,XGBoost
6432,9122-UMROB,0.03585897,Low,0.7279370937496424,2026-03-21 14:00:05.577934,XGBoost
6433,9124-LHCJQ,0.9991247,High,85.3752061098814,2026-03-21 14:00:05.577934,XGBoost
6434,9127-FHJBZ,2.0872729e-05,Low,0.0023794910812284797,2026-03-21 14:00:05.577934,XGBoost
6435,9127-QRZMH,0.0008557636,Low,0.051217452503624375,2026-03-21 14:00:05.577934,XGBoost
6436,9128-CPXKI,4.6367444e-05,Low,0.004442001150164287,2026-03-21 14:00:05.577934,XGBoost
6437,9129-UXERG,0.14795242,Low,15.327870970964431,2026-03-21 14:00:05.577934,XGBoost
6438,9133-AYJZG,0.16989492,Low,16.768628485500813,2026-03-21 14:00:05.577934,XGBoost
6439,9134-CEQMF,0.99877316,High,89.39019760489464,2026-03-21 14:00:05.577934,XGBoost
6440,9134-WYRVP,0.051246896,Low,4.425169502943754,2026-03-21 14:00:05.577934,XGBoost
6441,9135-HSWOC,0.003854937,Low,0.07594225732609629,2026-03-21 14:00:05.577934,XGBoost
6442,9135-MGVPY,0.0029310123,Low,0.2482567423488945,2026-03-21 14:00:05.577934,XGBoost
6443,9136-ALYBR,0.841268,High,20.5690026730299,2026-03-21 14:00:05.577934,XGBoost
6444,9137-NOQKA,0.00015940057,Low,0.003060491010546684,2026-03-21 14:00:05.577934,XGBoost
6445,9137-UIYPG,0.054307114,Low,5.805430522188544,2026-03-21 14:00:05.577934,XGBoost
6446,9138-EFSMO,8.149961e-06,Low,0.000643439429177306,2026-03-21 14:00:05.577934,XGBoost
6447,9139-TWBAS,0.07887079,Low,3.7739672161638738,2026-03-21 14:00:05.577934,XGBoost
6448,9139-WQQDY,0.9941744,High,99.86482057273388,2026-03-21 14:00:05.577934,XGBoost
6449,9140-CZQZZ,5.0667273e-05,Low,0.004033114944468252,2026-03-21 14:00:05.577934,XGBoost
6450,9142-KZXOP,0.0007349142,Low,0.05059884340153075,2026-03-21 14:00:05.577934,XGBoost
6451,9142-XMYJH,3.8006863e-05,Low,0.0007354328025030555,2026-03-21 14:00:05.577934,XGBoost
6452,9143-CANJF,0.11954737,Low,6.5930372953414915,2026-03-21 14:00:05.577934,XGBoost
6453,9146-JRIOX,0.024105648,Low,0.6158992956392467,2026-03-21 14:00:05.577934,XGBoost
6454,9150-HEPMB,0.00025082828,Low,0.013218650239286945,2026-03-21 14:00:05.577934,XGBoost
6455,9150-KPBJQ,0.000103146565,Low,0.0020268300097086465,2026-03-21 14:00:05.577934,XGBoost
6456,9152-AMKAK,1.52054345e-05,Low,0.0012202361158415442,2026-03-21 14:00:05.577934,XGBoost
6457,9153-BTBVV,0.012743916,Low,0.3185979090631008,2026-03-21 14:00:05.577934,XGBoost
6458,9154-QDGTH,6.854996e-05,Low,0.007149761007894995,2026-03-21 14:00:05.577934,XGBoost
6459,9158-VCTQB,0.9993925,High,113.53098907470702,2026-03-21 14:00:05.577934,XGBoost
6460,9163-GHAYE,0.0004383929,Low,0.0214154926725314,2026-03-21 14:00:05.577934,XGBoost
6461,9167-APMXZ,0.0002941108,Low,0.02474942347907927,2026-03-21 14:00:05.577934,XGBoost
6462,9168-INPSZ,0.0023576072,Low,0.24554479422513398,2026-03-21 14:00:05.577934,XGBoost
6463,9169-BSVIN,0.00050593715,Low,0.03781880173482932,2026-03-21 14:00:05.577934,XGBoost
6464,9170-ARBTB,2.9645053e-05,Low,0.0005810430302517489,2026-03-21 14:00:05.577934,XGBoost
6465,9170-CCKOU,0.99931824,High,90.13850543498994,2026-03-21 14:00:05.577934,XGBoost
6466,9170-GYZJC,0.995804,High,79.56474054455758,2026-03-21 14:00:05.577934,XGBoost
6467,9172-ANCRX,0.9900388,High,97.71683076024055,2026-03-21 14:00:05.577934,XGBoost
6468,9172-JITSM,0.8052713,High,73.1186365365982,2026-03-21 14:00:05.577934,XGBoost
6469,9173-IVZVP,1.960868e-05,Low,0.00040982141836138903,2026-03-21 14:00:05.577934,XGBoost
6470,9174-FKWZE,0.92241865,High,17.941042819619177,2026-03-21 14:00:05.577934,XGBoost
6471,9174-IHETN,3.135517e-06,Low,0.00022058362731058875,2026-03-21 14:00:05.577934,XGBoost
6472,9178-JHUVJ,1.3490755e-05,Low,0.0003251271957196878,2026-03-21 14:00:05.577934,XGBoost
6473,9184-GALIL,6.015075e-05,Low,0.0012300828180741518,2026-03-21 14:00:05.577934,XGBoost
6474,9185-TQCVP,0.9996952,High,85.12404473423959,2026-03-21 14:00:05.577934,XGBoost
6475,9189-JWSHV,0.99955004,High,93.50790666639804,2026-03-21 14:00:05.577934,XGBoost
6476,9190-MFJLN,0.40198436,Medium,38.550300487875944,2026-03-21 14:00:05.577934,XGBoost
6477,9191-MYQKX,0.6970917,Medium,52.38644115328789,2026-03-21 14:00:05.577934,XGBoost
6478,9194-GFVOI,0.0005397242,Low,0.04552573552646208,2026-03-21 14:00:05.577934,XGBoost
6479,9199-PWQVC,0.0018162628,Low,0.14475614837137982,2026-03-21 14:00:05.577934,XGBoost
6480,9200-NLNPD,0.0020021829,Low,0.10821798478718847,2026-03-21 14:00:05.577934,XGBoost
6481,9206-GVPEQ,0.9997578,High,54.436813643574716,2026-03-21 14:00:05.577934,XGBoost
6482,9207-ZPANB,0.00010035967,Low,0.006769259733846411,2026-03-21 14:00:05.577934,XGBoost
6483,9208-OLGAQ,0.11518155,Low,9.784672705084086,2026-03-21 14:00:05.577934,XGBoost
6484,9209-NWPGU,0.06011931,Low,3.931802777945996,2026-03-21 14:00:05.577934,XGBoost
6485,9210-IAHGH,0.9994168,High,70.70874059200287,2026-03-21 14:00:05.577934,XGBoost
6486,9214-EKVXR,0.19532198,Low,8.594166994094849,2026-03-21 14:00:05.577934,XGBoost
6487,9220-CXRSC,6.0349375e-05,Low,0.0037054516506032087,2026-03-21 14:00:05.577934,XGBoost
6488,9220-ZNKJI,0.026243893,Low,2.3304577365517614,2026-03-21 14:00:05.577934,XGBoost
6489,9221-OTIVJ,0.9997042,High,104.81898349821567,2026-03-21 14:00:05.577934,XGBoost
6490,9223-UCPVT,0.9913282,High,93.5813801765442,2026-03-21 14:00:05.577934,XGBoost
6491,9224-VTYID,2.9400257e-05,Low,0.002660723223016248,2026-03-21 14:00:05.577934,XGBoost
6492,9225-BZLNZ,8.7899156e-05,Low,0.0074934030417352915,2026-03-21 14:00:05.577934,XGBoost
6493,9227-LUNBG,0.8556469,High,21.04891394376755,2026-03-21 14:00:05.577934,XGBoost
6494,9227-UAQFT,8.3503444e-05,Low,0.0016491930255142506,2026-03-21 14:00:05.577934,XGBoost
6495,9227-YBAXE,3.3988268e-05,Low,0.0028040321194566786,2026-03-21 14:00:05.577934,XGBoost
6496,9229-RQABD,0.001297895,Low,0.03082500581513159,2026-03-21 14:00:05.577934,XGBoost
6497,9231-ZJYAM,0.9826566,High,77.48247275948523,2026-03-21 14:00:05.577934,XGBoost
6498,9233-PSYHO,0.00017036812,Low,0.0170623671321664,2026-03-21 14:00:05.577934,XGBoost
6499,9236-NDUCW,0.00018622505,Low,0.006536499259527773,2026-03-21 14:00:05.577934,XGBoost
6500,9237-HQITU,0.97483224,High,68.92063913941384,2026-03-21 14:00:05.577934,XGBoost
6501,9239-GZHZE,0.0048370427,Low,0.5497298974078149,2026-03-21 14:00:05.577934,XGBoost
6502,9239-ZBZZV,0.85599965,High,41.04518314898014,2026-03-21 14:00:05.577934,XGBoost
6503,9242-TKFSV,4.2476953e-05,Low,0.0027652496559312564,2026-03-21 14:00:05.577934,XGBoost
6504,9244-ZVAPM,0.0011619544,Low,0.05298511907458305,2026-03-21 14:00:05.577934,XGBoost
6505,9248-OJYKK,0.9993579,High,76.40090986192227,2026-03-21 14:00:05.577934,XGBoost
6506,9249-FXSCK,0.9958605,High,110.78948251903057,2026-03-21 14:00:05.577934,XGBoost
6507,9250-WYPLL,0.88479865,High,66.84653770327567,2026-03-21 14:00:05.577934,XGBoost
6508,9251-AWQGT,1.7627978e-06,Low,3.525595502651413e-05,2026-03-21 14:00:05.577934,XGBoost
6509,9251-WNSOD,4.373408e-05,Low,0.0032844293062225913,2026-03-21 14:00:05.577934,XGBoost
6510,9253-QXKBE,0.9004403,High,85.0465840369463,2026-03-21 14:00:05.577934,XGBoost
6511,9253-VIFJQ,0.00019006994,Low,0.01274418965258519,2026-03-21 14:00:05.577934,XGBoost
6512,9254-RBFON,0.99975926,High,98.57626272439956,2026-03-21 14:00:05.577934,XGBoost
6513,9256-JTBNZ,0.047908306,Low,0.9725386142730713,2026-03-21 14:00:05.577934,XGBoost
6514,9257-AZMTZ,0.00057295494,Low,0.01151639439049177,2026-03-21 14:00:05.577934,XGBoost
6515,9258-CNWAC,6.315141e-06,Low,0.0007177157787282341,2026-03-21 14:00:05.577934,XGBoost
6516,9259-PACGQ,0.9982863,High,62.54263712465763,2026-03-21 14:00:05.577934,XGBoost
6517,9261-WDCAF,0.00016633765,Low,0.009090352358180098,2026-03-21 14:00:05.577934,XGBoost
6518,9269-CQOOL,0.5455054,Medium,29.839145624637606,2026-03-21 14:00:05.577934,XGBoost
6519,9272-LSVYH,0.16875306,Low,11.838026998937131,2026-03-21 14:00:05.577934,XGBoost
6520,9274-CNFMO,0.8835641,High,66.2231303870678,2026-03-21 14:00:05.577934,XGBoost
6521,9274-UARKJ,0.00046822472,Low,0.03895629700273275,2026-03-21 14:00:05.577934,XGBoost
6522,9277-JOOMO,0.0002627659,Low,0.006464041443541646,2026-03-21 14:00:05.577934,XGBoost
6523,9278-VZKCD,6.599202e-05,Low,0.007199729249987285,2026-03-21 14:00:05.577934,XGBoost
6524,9279-CJEOJ,0.00063020346,Low,0.06012141007231549,2026-03-21 14:00:05.577934,XGBoost
6525,9281-CEDRU,1.59554e-05,Low,0.0010227411501546157,2026-03-21 14:00:05.577934,XGBoost
6526,9281-OFDMF,0.00018506862,Low,0.016785724194778594,2026-03-21 14:00:05.577934,XGBoost
6527,9281-PKKZE,0.00079308124,Low,0.034855920611880725,2026-03-21 14:00:05.577934,XGBoost
6528,9282-IZGQK,0.99873894,High,84.8928102850914,2026-03-21 14:00:05.577934,XGBoost
6529,9283-LZQOH,0.9992854,High,74.34683375358583,2026-03-21 14:00:05.577934,XGBoost
6530,9286-BHDQG,0.00021965995,Low,0.009939612853486324,2026-03-21 14:00:05.577934,XGBoost
6531,9286-DOJGF,0.99974006,High,74.93051780760288,2026-03-21 14:00:05.577934,XGBoost
6532,9289-LBQVU,0.0001300612,Low,0.00912379358051112,2026-03-21 14:00:05.577934,XGBoost
6533,9290-SHCMB,0.002027807,Low,0.196393113641534,2026-03-21 14:00:05.577934,XGBoost
6534,9294-TDIPC,0.00059239485,Low,0.011966375936754047,2026-03-21 14:00:05.577934,XGBoost
6535,9297-EONCV,1.4731281e-05,Low,0.001345702539992999,2026-03-21 14:00:05.577934,XGBoost
6536,9297-FVVDH,5.3063537e-05,Low,0.004483868880925002,2026-03-21 14:00:05.577934,XGBoost
6537,9298-WGMRW,6.7947556e-05,Low,0.007847942728403723,2026-03-21 14:00:05.577934,XGBoost
6538,9300-AGZNL,0.99600804,High,93.62475562095642,2026-03-21 14:00:05.577934,XGBoost
6539,9300-RENDD,0.999607,High,79.91858177483083,2026-03-21 14:00:05.577934,XGBoost
6540,9305-CDSKC,0.9994498,High,99.59517152607441,2026-03-21 14:00:05.577934,XGBoost
6541,9306-CPCBC,0.9993536,High,74.20200388133526,2026-03-21 14:00:05.577934,XGBoost
6542,9308-ANMVE,0.00051593356,Low,0.02853112564771436,2026-03-21 14:00:05.577934,XGBoost
6543,9309-BZGNT,9.0198984e-05,Low,0.0026879297307459637,2026-03-21 14:00:05.577934,XGBoost
6544,9313-CDOGY,4.198931e-05,Low,0.0008229905011830852,2026-03-21 14:00:05.577934,XGBoost
6545,9313-QOLTZ,2.2367502e-05,Low,0.00046748078166274353,2026-03-21 14:00:05.577934,XGBoost
6546,9314-IJWSQ,0.08366717,Low,7.09497572183609,2026-03-21 14:00:05.577934,XGBoost
6547,9314-QDMDW,0.00013850506,Low,0.008483434703521198,2026-03-21 14:00:05.577934,XGBoost
6548,9317-WZPGV,0.968369,High,77.22742831707001,2026-03-21 14:00:05.577934,XGBoost
6549,9318-NKNFC,0.99709666,High,18.795271998643877,2026-03-21 14:00:05.577934,XGBoost
6550,9323-HGFWY,0.14171454,Low,14.440711942315103,2026-03-21 14:00:05.577934,XGBoost
6551,9327-QSDED,8.917297e-05,Low,0.0038834829465486105,2026-03-21 14:00:05.577934,XGBoost
6552,9330-DHBFL,5.6908022e-05,Low,0.003770156463360763,2026-03-21 14:00:05.577934,XGBoost
6553,9330-IJWIO,0.90406954,High,90.72337862849236,2026-03-21 14:00:05.577934,XGBoost
6554,9330-VOFSZ,0.018903794,Low,2.094540349394083,2026-03-21 14:00:05.577934,XGBoost
6555,9332-GYWLO,0.10262773,Low,5.629131092503667,2026-03-21 14:00:05.577934,XGBoost
6556,9334-GWGOW,0.0005733078,Low,0.04291208880313206,2026-03-21 14:00:05.577934,XGBoost
6557,9337-SRRNI,3.817658e-05,Low,0.0009658674367528875,2026-03-21 14:00:05.577934,XGBoost
6558,9339-FIIJL,5.8391688e-05,Low,0.005018765589738905,2026-03-21 14:00:05.577934,XGBoost
6559,9342-VNIMQ,0.00020548793,Low,0.011229915354488184,2026-03-21 14:00:05.577934,XGBoost
6560,9347-AERRL,0.001439574,Low,0.02778377932263538,2026-03-21 14:00:05.577934,XGBoost
6561,9348-ROUAI,2.6203308e-05,Low,0.002366158726181311,2026-03-21 14:00:05.577934,XGBoost
6562,9348-YVOMK,0.00046330722,Low,0.020756163634359837,2026-03-21 14:00:05.577934,XGBoost
6563,9350-VLHMB,2.138662e-05,Low,0.0019151718724060628,2026-03-21 14:00:05.577934,XGBoost
6564,9350-ZXYJC,0.00017179336,Low,0.004346372079453431,2026-03-21 14:00:05.577934,XGBoost
6565,9351-HXDMR,0.0045943544,Low,0.509513905690983,2026-03-21 14:00:05.577934,XGBoost
6566,9351-LZYGF,0.00042437844,Low,0.028178728092461826,2026-03-21 14:00:05.577934,XGBoost
6567,9355-NPPFS,0.00045807773,Low,0.03609652522718534,2026-03-21 14:00:05.577934,XGBoost
6568,9356-AXGMP,0.00010992634,Low,0.01216884573441348,2026-03-21 14:00:05.577934,XGBoost
6569,9357-UJRUN,0.00015127198,Low,0.008826719769422198,2026-03-21 14:00:05.577934,XGBoost
6570,9359-JANWS,0.00022227473,Low,0.013091981479374225,2026-03-21 14:00:05.577934,XGBoost
6571,9359-UGBTK,4.9512415e-05,Low,0.003582223224475456,2026-03-21 14:00:05.577934,XGBoost
6572,9360-AHGNL,0.028496822,Low,3.1218268875963986,2026-03-21 14:00:05.577934,XGBoost
6573,9360-OMDZZ,0.33411846,Low,31.44054667651653,2026-03-21 14:00:05.577934,XGBoost
6574,9361-YNQWJ,3.6463025e-05,Low,0.0008896978106349707,2026-03-21 14:00:05.577934,XGBoost
6575,9362-MWODR,0.05907322,Low,3.786593462154269,2026-03-21 14:00:05.577934,XGBoost
6576,9364-YKUVW,0.017684022,Low,0.3501436349004507,2026-03-21 14:00:05.577934,XGBoost
6577,9365-CSLBQ,9.988504e-06,Low,0.00024322006593138215,2026-03-21 14:00:05.577934,XGBoost
6578,9365-SRSZE,0.20222086,Low,14.266681471467017,2026-03-21 14:00:05.577934,XGBoost
6579,9367-OIUXP,0.12230126,Low,2.5316360436379908,2026-03-21 14:00:05.577934,XGBoost
6580,9367-TCUYN,0.00041114533,Low,0.008264021150534973,2026-03-21 14:00:05.577934,XGBoost
6581,9367-WXLCH,0.99341255,High,83.9433608353138,2026-03-21 14:00:05.577934,XGBoost
6582,9369-XFEHK,0.8825263,High,71.13161804676055,2026-03-21 14:00:05.577934,XGBoost
6583,9371-BITHB,2.0680676e-05,Low,0.0004105114234334906,2026-03-21 14:00:05.577934,XGBoost
6584,9372-TXXPS,0.0003703407,Low,0.022164891663123854,2026-03-21 14:00:05.577934,XGBoost
6585,9373-WSLOY,0.086106345,Low,4.305317252874374,2026-03-21 14:00:05.577934,XGBoost
6586,9374-YOLBJ,0.0013538967,Low,0.02606251125689596,2026-03-21 14:00:05.577934,XGBoost
6587,9375-MHRRS,0.00011762183,Low,0.00588697251114354,2026-03-21 14:00:05.577934,XGBoost
6588,9378-FXTIZ,0.9868645,High,69.22854517996312,2026-03-21 14:00:05.577934,XGBoost
6589,9381-NDKME,0.99950147,High,40.62973462343216,2026-03-21 14:00:05.577934,XGBoost
6590,9385-EHGDO,1.8860845e-05,Low,0.00037438776626004256,2026-03-21 14:00:05.577934,XGBoost
6591,9385-NXKDA,0.00027761748,Low,0.022945084772072733,2026-03-21 14:00:05.577934,XGBoost
6592,9386-LDCZR,8.827977e-05,Low,0.008002561017565314,2026-03-21 14:00:05.577934,XGBoost
6593,9388-ZEYVT,7.3519375e-05,Low,0.0032458804191264788,2026-03-21 14:00:05.577934,XGBoost
6594,9389-ACWBI,0.07720117,Low,5.400222031027079,2026-03-21 14:00:05.577934,XGBoost
6595,9391-DXGGG,0.00014135608,Low,0.012601894725230524,2026-03-21 14:00:05.577934,XGBoost
6596,9391-EOYLI,0.81734604,High,65.75548863112927,2026-03-21 14:00:05.577934,XGBoost
6597,9391-LMANN,2.2002934e-05,Low,0.002111181536656659,2026-03-21 14:00:05.577934,XGBoost
6598,9391-TTOYH,0.00012371881,Low,0.002412516827462241,2026-03-21 14:00:05.577934,XGBoost
6599,9391-YZEJW,2.7650658e-05,Low,0.0025991618531406857,2026-03-21 14:00:05.577934,XGBoost
6600,9392-XBGTD,4.689666e-06,Low,9.660712339609745e-05,2026-03-21 14:00:05.577934,XGBoost
6601,9396-ZSFLL,0.28622517,Low,13.982099549472332,2026-03-21 14:00:05.577934,XGBoost
6602,9397-TZSHA,0.0008462866,Low,0.020818650245200843,2026-03-21 14:00:05.577934,XGBoost
6603,9398-MMQTO,0.000164888,Low,0.012275911513279425,2026-03-21 14:00:05.577934,XGBoost
6604,9399-APLBT,0.9891264,High,73.8877409040928,2026-03-21 14:00:05.577934,XGBoost
6605,9402-CXWPL,2.2092125e-05,Low,0.002184911133736023,2026-03-21 14:00:05.577934,XGBoost
6606,9402-ORRAH,0.00022538194,Low,0.02062244753324194,2026-03-21 14:00:05.577934,XGBoost
6607,9402-ROUMJ,1.8605273e-05,Low,0.0018651786181180796,2026-03-21 14:00:05.577934,XGBoost
6608,9405-GPBBG,8.8593224e-05,Low,0.00978955125901848,2026-03-21 14:00:05.577934,XGBoost
6609,9408-HRXRK,0.00047720133,Low,0.05017772031569621,2026-03-21 14:00:05.577934,XGBoost
6610,9408-SSNVZ,0.91963893,High,64.51267106235028,2026-03-21 14:00:05.577934,XGBoost
6611,9411-TPQQV,0.018407721,Low,1.00414118450135,2026-03-21 14:00:05.577934,XGBoost
6612,9412-ARGBX,0.99218786,High,94.75394040346146,2026-03-21 14:00:05.577934,XGBoost
6613,9412-GHEEC,0.999824,High,104.78155388832091,2026-03-21 14:00:05.577934,XGBoost
6614,9415-DPEWS,0.9997414,High,88.32715052068232,2026-03-21 14:00:05.577934,XGBoost
6615,9415-TPKRV,0.0002628967,Low,0.014656491301138885,2026-03-21 14:00:05.577934,XGBoost
6616,9415-ZNBSX,4.599074e-06,Low,0.00040931759895102005,2026-03-21 14:00:05.577934,XGBoost
6617,9418-RUKPH,0.00085997215,Low,0.017156444347347134,2026-03-21 14:00:05.577934,XGBoost
6618,9419-IPPBE,4.386536e-05,Low,0.003954462091132882,2026-03-21 14:00:05.577934,XGBoost
6619,9420-LOJKX,0.99942756,High,99.04327089786528,2026-03-21 14:00:05.577934,XGBoost
6620,9424-CMPOG,0.0006690357,Low,0.01311309994198382,2026-03-21 14:00:05.577934,XGBoost
6621,9426-SXNHE,0.00017106939,Low,0.0032075510716822464,2026-03-21 14:00:05.577934,XGBoost
6622,9430-FRQOC,0.9389677,High,81.78408708572387,2026-03-21 14:00:05.577934,XGBoost
6623,9430-NKQLY,1.7050454e-05,Low,0.0004279663855413674,2026-03-21 14:00:05.577934,XGBoost
6624,9432-RUVSL,0.0030071137,Low,0.30822915432509035,2026-03-21 14:00:05.577934,XGBoost
6625,9432-VOFYX,0.0001239408,Low,0.008775008720112965,2026-03-21 14:00:05.577934,XGBoost
6626,9435-JMLSX,8.5575746e-05,Low,0.007368071747623616,2026-03-21 14:00:05.577934,XGBoost
6627,9436-ZBZCT,0.99952066,High,89.90688331723213,2026-03-21 14:00:05.577934,XGBoost
6628,9441-QHEVC,0.0009674283,Low,0.01847788093145937,2026-03-21 14:00:05.577934,XGBoost
6629,9442-JTWDL,0.00023202,Low,0.004652001002250473,2026-03-21 14:00:05.577934,XGBoost
6630,9443-JUBUO,0.00024123855,Low,0.015740815459139412,2026-03-21 14:00:05.577934,XGBoost
6631,9444-JTXHZ,0.9999578,High,76.19678435325623,2026-03-21 14:00:05.577934,XGBoost
6632,9445-SZLCH,0.999762,High,97.32683056890964,2026-03-21 14:00:05.577934,XGBoost
6633,9445-ZUEQE,2.5348503e-05,Low,0.0021596924714685885,2026-03-21 14:00:05.577934,XGBoost
6634,9447-YPTBX,0.00016206388,Low,0.003216968008928234,2026-03-21 14:00:05.577934,XGBoost
6635,9448-REEVD,0.31828263,Low,14.227233740687371,2026-03-21 14:00:05.577934,XGBoost
6636,9450-TRJUU,0.47629145,Medium,39.60363389104605,2026-03-21 14:00:05.577934,XGBoost
6637,9451-LPGOO,0.7356451,High,63.85399601459503,2026-03-21 14:00:05.577934,XGBoost
6638,9451-WLYRI,0.07312378,Low,1.3930080637335778,2026-03-21 14:00:05.577934,XGBoost
6639,9453-PATOS,7.9104015e-05,Low,0.006731751653569517,2026-03-21 14:00:05.577934,XGBoost
6640,9462-MJUAW,0.99930537,High,50.36499052047729,2026-03-21 14:00:05.577934,XGBoost
6641,9465-RWMXL,0.99948126,High,78.85907147526741,2026-03-21 14:00:05.577934,XGBoost
6642,9467-ROOLM,0.0047387388,Low,0.09027297338470817,2026-03-21 14:00:05.577934,XGBoost
6643,9469-WEJBT,0.14851445,Low,13.418280521035193,2026-03-21 14:00:05.577934,XGBoost
6644,9470-RTWDV,8.764114e-06,Low,0.0007186573293438414,2026-03-21 14:00:05.577934,XGBoost
6645,9470-XCCEM,0.00016396346,Low,0.014699323960667244,2026-03-21 14:00:05.577934,XGBoost
6646,9470-YFUYI,2.8085731e-05,Low,0.0019940869133279193,2026-03-21 14:00:05.577934,XGBoost
6647,9473-CBZOP,0.0034512547,Low,0.20362402638420463,2026-03-21 14:00:05.577934,XGBoost
6648,9474-PHLYD,0.913364,High,54.2994893938303,2026-03-21 14:00:05.577934,XGBoost
6649,9475-NNDGC,0.014872937,Low,1.6828728739637882,2026-03-21 14:00:05.577934,XGBoost
6650,9477-LGWQI,0.0023114164,Low,0.1852600273443386,2026-03-21 14:00:05.577934,XGBoost
6651,9479-HYNYL,5.1566967e-05,Low,0.004161454249697272,2026-03-21 14:00:05.577934,XGBoost
6652,9480-BQJEI,4.847925e-05,Low,0.004474634852158488,2026-03-21 14:00:05.577934,XGBoost
6653,9481-IEBZY,0.00016858186,Low,0.019032891654933336,2026-03-21 14:00:05.577934,XGBoost
6654,9481-SFCQY,0.0003711177,Low,0.022192838328192008,2026-03-21 14:00:05.577934,XGBoost
6655,9481-WHGWY,1.2972429e-05,Low,0.0009774725576335184,2026-03-21 14:00:05.577934,XGBoost
6656,9483-GCPWE,5.9393577e-05,Low,0.0011938108880713118,2026-03-21 14:00:05.577934,XGBoost
6657,9488-FVZCC,0.0004975335,Low,0.03955391119234264,2026-03-21 14:00:05.577934,XGBoost
6658,9488-FYQAU,0.008103839,Low,0.885344424052164,2026-03-21 14:00:05.577934,XGBoost
6659,9488-HGMJH,0.99964035,High,71.12441058754922,2026-03-21 14:00:05.577934,XGBoost
6660,9489-DEDVP,3.1892632e-05,Low,0.0022069701517466456,2026-03-21 14:00:05.577934,XGBoost
6661,9489-JMTTN,5.1015854e-06,Low,0.00045786729231167556,2026-03-21 14:00:05.577934,XGBoost
6662,9489-UTFKA,7.3414776e-05,Low,0.004470959866011981,2026-03-21 14:00:05.577934,XGBoost
6663,9490-DFPMD,0.74262035,High,62.862812536954884,2026-03-21 14:00:05.577934,XGBoost
6664,9492-TOKRI,0.9988714,High,89.89842474460602,2026-03-21 14:00:05.577934,XGBoost
6665,9494-BDNNC,0.00023574193,Low,0.022466205825912765,2026-03-21 14:00:05.577934,XGBoost
6666,9494-MRNYX,0.0003447572,Low,0.025874027439567727,2026-03-21 14:00:05.577934,XGBoost
6667,9495-REDIY,2.7365975e-05,Low,0.0011124268941784976,2026-03-21 14:00:05.577934,XGBoost
6668,9495-SKLKD,0.0003240337,Low,0.031091033083794174,2026-03-21 14:00:05.577934,XGBoost
6669,9496-IVVRP,0.00016912766,Low,0.008625510439742357,2026-03-21 14:00:05.577934,XGBoost
6670,9497-QCMMS,0.999951,High,93.5454165160656,2026-03-21 14:00:05.577934,XGBoost
6671,9498-FIMXL,0.00222304,Low,0.042682367563247677,2026-03-21 14:00:05.577934,XGBoost
6672,9499-XPZXM,4.301565e-05,Low,0.0027852633756992873,2026-03-21 14:00:05.577934,XGBoost
6673,9500-IWPXQ,0.0013206796,Low,0.10486195671837778,2026-03-21 14:00:05.577934,XGBoost
6674,9500-LTVBP,0.0005428906,Low,0.04345839025045279,2026-03-21 14:00:05.577934,XGBoost
6675,9500-WBGRP,5.623951e-06,Low,0.00010741746377789241,2026-03-21 14:00:05.577934,XGBoost
6676,9501-UKKNL,0.0012386298,Low,0.06403716086642817,2026-03-21 14:00:05.577934,XGBoost
6677,9503-XJUME,1.4723837e-05,Low,0.0002893233972827147,2026-03-21 14:00:05.577934,XGBoost
6678,9504-DSHWM,0.00011504949,Low,0.00681093002203852,2026-03-21 14:00:05.577934,XGBoost
6679,9504-YAZWB,0.0068257386,Low,0.13822120637632906,2026-03-21 14:00:05.577934,XGBoost
6680,9505-SQFSW,0.2855684,Low,11.508405968546867,2026-03-21 14:00:05.577934,XGBoost
6681,9506-UXUSK,7.8519915e-05,Low,0.005508172065674445,2026-03-21 14:00:05.577934,XGBoost
6682,9507-EXLTT,0.9732719,High,77.22912577092647,2026-03-21 14:00:05.577934,XGBoost
6683,9507-HSMMZ,0.00017310552,Low,0.003462110471446067,2026-03-21 14:00:05.577934,XGBoost
6684,9508-ILZDG,0.0014686,Low,0.14149961065268143,2026-03-21 14:00:05.577934,XGBoost
6685,9509-MPYOD,0.0024485993,Low,0.050808435888029635,2026-03-21 14:00:05.577934,XGBoost
6686,9512-PHSMG,0.0136977155,Low,0.281488053034991,2026-03-21 14:00:05.577934,XGBoost
6687,9512-UIBFX,0.7976018,High,75.89181308150292,2026-03-21 14:00:05.577934,XGBoost
6688,9513-DXHDA,4.133126e-05,Low,0.0033767638706194703,2026-03-21 14:00:05.577934,XGBoost
6689,9514-JDSKI,0.8818362,High,35.44981427192688,2026-03-21 14:00:05.577934,XGBoost
6690,9518-IMLHK,0.11168397,Low,8.091503784433007,2026-03-21 14:00:05.577934,XGBoost
6691,9518-RWHZL,0.81202954,High,81.24355553090572,2026-03-21 14:00:05.577934,XGBoost
6692,9518-XXBXE,0.00012694507,Low,0.009558964007010217,2026-03-21 14:00:05.577934,XGBoost
6693,9522-BNTHX,0.00010155757,Low,0.005712613256037002,2026-03-21 14:00:05.577934,XGBoost
6694,9522-ZSINC,0.00010260731,Low,0.0020470157902309437,2026-03-21 14:00:05.577934,XGBoost
6695,9524-EGPJC,0.64677405,Medium,58.274342226982114,2026-03-21 14:00:05.577934,XGBoost
6696,9526-BIHHD,0.7576897,High,22.503384518623353,2026-03-21 14:00:05.577934,XGBoost
6697,9526-JAWYF,0.7750423,High,69.59879813194274,2026-03-21 14:00:05.577934,XGBoost
6698,9529-OFXHY,0.0003287823,Low,0.028850647315266542,2026-03-21 14:00:05.577934,XGBoost
6699,9530-EHPOH,0.99909246,High,53.70121970772743,2026-03-21 14:00:05.577934,XGBoost
6700,9530-GRMJG,1.7497317e-05,Low,0.0014715243982209357,2026-03-21 14:00:05.577934,XGBoost
6701,9531-NSBMR,0.004025303,Low,0.07748707942664623,2026-03-21 14:00:05.577934,XGBoost
6702,9534-NSXEM,0.0008855125,Low,0.01828583323222119,2026-03-21 14:00:05.577934,XGBoost
6703,9537-JALFH,9.131119e-06,Low,0.00018170927687606307,2026-03-21 14:00:05.577934,XGBoost
6704,9537-VHDTA,0.00081068627,Low,0.04150713682174683,2026-03-21 14:00:05.577934,XGBoost
6705,9540-JYROE,0.6180583,Medium,43.325888502597806,2026-03-21 14:00:05.577934,XGBoost
6706,9541-PWTWO,2.4772184e-05,Low,0.0020053082687809367,2026-03-21 14:00:05.577934,XGBoost
6707,9541-ZPSEA,1.2483349e-05,Low,0.0010030370644471985,2026-03-21 14:00:05.577934,XGBoost
6708,9544-PYPSJ,6.477658e-05,Low,0.006225029082997935,2026-03-21 14:00:05.577934,XGBoost
6709,9546-CQJSU,0.9635965,High,88.07272218465806,2026-03-21 14:00:05.577934,XGBoost
6710,9546-KDTRB,0.0003305215,Low,0.00816388085950166,2026-03-21 14:00:05.577934,XGBoost
6711,9547-ITEFG,0.0004412872,Low,0.045276067504892124,2026-03-21 14:00:05.577934,XGBoost
6712,9548-LERKT,2.3866678e-05,Low,0.00047136689090621076,2026-03-21 14:00:05.577934,XGBoost
6713,9548-LIGTA,0.00010876158,Low,0.008815126216359203,2026-03-21 14:00:05.577934,XGBoost
6714,9548-ZMVTX,6.7002265e-06,Low,0.0006060354914097843,2026-03-21 14:00:05.577934,XGBoost
6715,9552-TGUZV,0.32075498,Low,24.05662313103676,2026-03-21 14:00:05.577934,XGBoost
6716,9553-DLCLU,0.00043816626,Low,0.03897488868387882,2026-03-21 14:00:05.577934,XGBoost
6717,9554-DFKIC,1.9601744e-05,Low,0.0010673149879039557,2026-03-21 14:00:05.577934,XGBoost
6718,9555-SAHUZ,0.00019685665,Low,0.010728687440860085,2026-03-21 14:00:05.577934,XGBoost
6719,9558-IHEZX,0.00013601377,Low,0.014519469787046546,2026-03-21 14:00:05.577934,XGBoost
6720,9560-ARGQJ,0.99595875,High,80.67265838384628,2026-03-21 14:00:05.577934,XGBoost
6721,9560-BBZXK,0.00011858562,Low,0.003682083611784037,2026-03-21 14:00:05.577934,XGBoost
6722,9564-KCLHR,0.99803275,High,51.1491783708334,2026-03-21 14:00:05.577934,XGBoost
6723,9565-AXSMR,0.0008318888,Low,0.01597226522862911,2026-03-21 14:00:05.577934,XGBoost
6724,9565-DJPIB,0.99964416,High,89.5681167602539,2026-03-21 14:00:05.577934,XGBoost
6725,9565-FLVCG,0.003933124,Low,0.27354875879827883,2026-03-21 14:00:05.577934,XGBoost
6726,9565-JSNFM,0.9989986,High,70.37945012748241,2026-03-21 14:00:05.577934,XGBoost
6727,9570-KYEUA,0.0003626426,Low,0.03599227846279973,2026-03-21 14:00:05.577934,XGBoost
6728,9571-EDEBV,4.64216e-05,Low,0.0045794907520757995,2026-03-21 14:00:05.577934,XGBoost
6729,9572-MTILT,0.999012,High,106.64453029632568,2026-03-21 14:00:05.577934,XGBoost
6730,9572-WUKSB,0.0014235121,Low,0.04256301238201558,2026-03-21 14:00:05.577934,XGBoost
6731,9574-BOSMD,5.2303065e-05,Low,0.0013284978478623087,2026-03-21 14:00:05.577934,XGBoost
6732,9574-RKJIF,0.9510488,High,89.77900590896607,2026-03-21 14:00:05.577934,XGBoost
6733,9575-IWCAZ,0.008758357,Low,0.2198347555473447,2026-03-21 14:00:05.577934,XGBoost
6734,9576-ANLXO,0.99964416,High,69.52525134682655,2026-03-21 14:00:05.577934,XGBoost
6735,9576-SYUHJ,5.679731e-05,Low,0.005177074908351642,2026-03-21 14:00:05.577934,XGBoost
6736,9577-WJVCQ,5.3564272e-05,Low,0.002916574615483114,2026-03-21 14:00:05.577934,XGBoost
6737,9578-FOMUK,4.0804163e-05,Low,0.001011943249613978,2026-03-21 14:00:05.577934,XGBoost
6738,9578-VRMNM,0.6965757,Medium,45.41673572063446,2026-03-21 14:00:05.577934,XGBoost
6739,9581-GVBXT,6.8038724e-05,Low,0.002367747589596547,2026-03-21 14:00:05.577934,XGBoost
6740,9584-EXCDZ,0.00013746589,Low,0.009691345214378089,2026-03-21 14:00:05.577934,XGBoost
6741,9585-KKMFD,1.1096045e-05,Low,0.00022192089090822265,2026-03-21 14:00:05.577934,XGBoost
6742,9586-JGQKH,0.00011320631,Low,0.011931945248215926,2026-03-21 14:00:05.577934,XGBoost
6743,9588-OZDMQ,0.0003938361,Low,0.01772262403392233,2026-03-21 14:00:05.577934,XGBoost
6744,9588-YRFHY,0.0024087834,Low,0.04793479000218212,2026-03-21 14:00:05.577934,XGBoost
6745,9589-ABEPT,0.000107489795,Low,0.009937431592334178,2026-03-21 14:00:05.577934,XGBoost
6746,9591-YVTEB,0.00011585072,Low,0.005195904884749325,2026-03-21 14:00:05.577934,XGBoost
6747,9592-ERDKV,0.10804915,Low,8.562894886359572,2026-03-21 14:00:05.577934,XGBoost
6748,9593-CVZKR,8.996845e-06,Low,0.00021997286712576168,2026-03-21 14:00:05.577934,XGBoost
6749,9600-NAXZN,0.86611056,High,87.82361111640931,2026-03-21 14:00:05.577934,XGBoost
6750,9600-UDOPK,0.8218002,High,77.29030620753765,2026-03-21 14:00:05.577934,XGBoost
6751,9601-BRXPO,0.9871013,High,103.59628316164017,2026-03-21 14:00:05.577934,XGBoost
6752,9602-WCXPI,7.9046484e-05,Low,0.001592786647233879,2026-03-21 14:00:05.577934,XGBoost
6753,9603-OAIHC,0.0008201099,Low,0.05744869931659195,2026-03-21 14:00:05.577934,XGBoost
6754,9605-WGJVW,0.0010426511,Low,0.07319410925265402,2026-03-21 14:00:05.577934,XGBoost
6755,9606-PBKBQ,0.9997049,High,84.97491627931595,2026-03-21 14:00:05.577934,XGBoost
6756,9609-BENEA,0.0007420587,Low,0.05120204872218892,2026-03-21 14:00:05.577934,XGBoost
6757,9610-WCESF,0.001629633,Low,0.07154088931856677,2026-03-21 14:00:05.577934,XGBoost
6758,9611-CTWIH,0.9995591,High,89.41056189239025,2026-03-21 14:00:05.577934,XGBoost
6759,9614-RMGHA,0.9995092,High,91.80492143034934,2026-03-21 14:00:05.577934,XGBoost
6760,9617-INGJY,0.0002060086,Low,0.01454420695954468,2026-03-21 14:00:05.577934,XGBoost
6761,9617-UDPEU,2.4223842e-05,Low,0.0004663089594032499,2026-03-21 14:00:05.577934,XGBoost
6762,9618-LFJRU,0.0004043512,Low,0.008268981777655426,2026-03-21 14:00:05.577934,XGBoost
6763,9619-GSATL,0.00018916721,Low,0.010489322047214956,2026-03-21 14:00:05.577934,XGBoost
6764,9620-ENEJV,0.00024568153,Low,0.017332831751264165,2026-03-21 14:00:05.577934,XGBoost
6765,9620-QJREV,1.679867e-05,Low,0.0003452126498814323,2026-03-21 14:00:05.577934,XGBoost
6766,9621-OUPYD,0.000110345485,Low,0.0022289788001216945,2026-03-21 14:00:05.577934,XGBoost
6767,9624-EGDEQ,8.522223e-05,Low,0.0016874001390533523,2026-03-21 14:00:05.577934,XGBoost
6768,9625-QNLUX,7.286886e-05,Low,0.007523709900851827,2026-03-21 14:00:05.577934,XGBoost
6769,9625-QSTYE,0.27829003,Low,22.58323620557785,2026-03-21 14:00:05.577934,XGBoost
6770,9625-RZFUK,1.7778824e-05,Low,0.00035024283788516187,2026-03-21 14:00:05.577934,XGBoost
6771,9626-VFRGG,0.00021178073,Low,0.018742594671493862,2026-03-21 14:00:05.577934,XGBoost
6772,9626-WEQRM,0.10033018,Low,2.9246247883886096,2026-03-21 14:00:05.577934,XGBoost
6773,9629-NHXFW,0.21195515,Low,4.111929813027381,2026-03-21 14:00:05.577934,XGBoost
6774,9631-RXVJM,0.0026706364,Low,0.05140975071117282,2026-03-21 14:00:05.577934,XGBoost
6775,9631-XEYKE,0.00017551547,Low,0.008845979499164968,2026-03-21 14:00:05.577934,XGBoost
6776,9633-DENPU,0.0019069067,Low,0.11174473380669951,2026-03-21 14:00:05.577934,XGBoost
6777,9633-XQABV,0.0021610332,Low,0.15181258361553773,2026-03-21 14:00:05.577934,XGBoost
6778,9637-CDTKZ,7.379872e-05,Low,0.008420434081199345,2026-03-21 14:00:05.577934,XGBoost
6779,9637-EIHEQ,0.95646286,High,48.58831329345703,2026-03-21 14:00:05.577934,XGBoost
6780,9638-JIQYA,0.0007219913,Low,0.01797758324537426,2026-03-21 14:00:05.577934,XGBoost
6781,9639-BUJXT,4.881219e-05,Low,0.0010006499232986243,2026-03-21 14:00:05.577934,XGBoost
6782,9640-ZSLDC,7.389197e-06,Low,0.00044778533701901325,2026-03-21 14:00:05.577934,XGBoost
6783,9643-AVVWI,0.2330196,Low,18.641568422317505,2026-03-21 14:00:05.577934,XGBoost
6784,9643-YBLUR,0.0002504247,Low,0.017291825187567157,2026-03-21 14:00:05.577934,XGBoost
6785,9644-KVCNC,0.023135757,Low,2.131960014346987,2026-03-21 14:00:05.577934,XGBoost
6786,9644-UMGQA,0.00011269438,Low,0.005538928902387851,2026-03-21 14:00:05.577934,XGBoost
6787,9646-NMHXE,0.0055776057,Low,0.10959995167795568,2026-03-21 14:00:05.577934,XGBoost
6788,9647-ERGBE,0.99972826,High,100.02281265556812,2026-03-21 14:00:05.577934,XGBoost
6789,9648-BCHKM,0.005934303,Low,0.14628057291265575,2026-03-21 14:00:05.577934,XGBoost
6790,9650-VBUOG,0.00017002538,Low,0.004259135715983575,2026-03-21 14:00:05.577934,XGBoost
6791,9651-GTSAQ,0.9998221,High,106.08112270236015,2026-03-21 14:00:05.577934,XGBoost
6792,9658-WYUFB,0.8698649,High,82.11524477005005,2026-03-21 14:00:05.577934,XGBoost
6793,9659-QEQSY,0.07312709,Low,8.457148066163063,2026-03-21 14:00:05.577934,XGBoost
6794,9659-ZTWSM,0.0005045711,Low,0.05416570451052394,2026-03-21 14:00:05.577934,XGBoost
6795,9661-ACXBS,0.9996631,High,105.16455965042114,2026-03-21 14:00:05.577934,XGBoost
6796,9661-JALZV,4.8479207e-05,Low,0.0011974364173511275,2026-03-21 14:00:05.577934,XGBoost
6797,9661-MHUMO,0.9993482,High,49.21789999306202,2026-03-21 14:00:05.577934,XGBoost
6798,9667-EQRXU,0.99979585,High,40.29177291989326,2026-03-21 14:00:05.577934,XGBoost
6799,9667-TKTVZ,0.47126868,Medium,25.613452957570555,2026-03-21 14:00:05.577934,XGBoost
6800,9668-PUGNU,0.00034280238,Low,0.008398658246733248,2026-03-21 14:00:05.577934,XGBoost
6801,9670-BPNXF,0.054518823,Low,3.4101523524150252,2026-03-21 14:00:05.577934,XGBoost
6802,9674-EHPPG,5.868537e-05,Low,0.002370888995938003,2026-03-21 14:00:05.577934,XGBoost
6803,9675-ICXCT,0.038154233,Low,3.0828620463609693,2026-03-21 14:00:05.577934,XGBoost
6804,9677-AVKED,3.2377528e-05,Low,0.0027391388292016925,2026-03-21 14:00:05.577934,XGBoost
6805,9680-NIAUV,0.013039482,Low,1.4304311563260854,2026-03-21 14:00:05.577934,XGBoost
6806,9681-KYGYB,0.0007963436,Low,0.07023750616936013,2026-03-21 14:00:05.577934,XGBoost
6807,9681-OXGVC,0.9997762,High,100.47750654816628,2026-03-21 14:00:05.577934,XGBoost
6808,9685-WKZGT,0.9249026,High,69.32145121395588,2026-03-21 14:00:05.577934,XGBoost
6809,9688-YGXVR,0.00035414757,Low,0.031218108683242464,2026-03-21 14:00:05.577934,XGBoost
6810,9689-PTNPG,0.90934724,High,72.9751157015562,2026-03-21 14:00:05.577934,XGBoost
6811,9691-HKOVS,0.043743867,Low,3.9435096485540275,2026-03-21 14:00:05.577934,XGBoost
6812,9692-TUSXH,0.99978584,High,96.02942998111247,2026-03-21 14:00:05.577934,XGBoost
6813,9693-XMUOB,0.0004768951,Low,0.02396397897246061,2026-03-21 14:00:05.577934,XGBoost
6814,9695-IDRZR,4.245144e-05,Low,0.004930734767003742,2026-03-21 14:00:05.577934,XGBoost
6815,9696-RMYBA,0.00030004428,Low,0.02403354692214634,2026-03-21 14:00:05.577934,XGBoost
6816,9699-UBQFS,0.0002555426,Low,0.024148776035872288,2026-03-21 14:00:05.577934,XGBoost
6817,9700-ISPUP,0.00023191207,Low,0.01519024049048312,2026-03-21 14:00:05.577934,XGBoost
6818,9700-ZCLOT,0.030654918,Low,0.6130983680486679,2026-03-21 14:00:05.577934,XGBoost
6819,9701-CDXHR,0.00015245882,Low,0.010542527066718321,2026-03-21 14:00:05.577934,XGBoost
6820,9702-AIUJO,3.1689204e-05,Low,0.0014196763280779122,2026-03-21 14:00:05.577934,XGBoost
6821,9705-IOVQQ,6.9732654e-05,Low,0.006903532754222397,2026-03-21 14:00:05.577934,XGBoost
6822,9705-ZJBCG,7.0052505e-05,Low,0.003793343155484763,2026-03-21 14:00:05.577934,XGBoost
6823,9708-HPXWZ,0.13110161,Low,5.95201301574707,2026-03-21 14:00:05.577934,XGBoost
6824,9708-KFDBY,0.0004090386,Low,0.008405743063485715,2026-03-21 14:00:05.577934,XGBoost
6825,9710-NJERN,9.2972885e-05,Low,0.0018734036304522304,2026-03-21 14:00:05.577934,XGBoost
6826,9710-ZUSHQ,0.998387,High,106.57781001925468,2026-03-21 14:00:05.577934,XGBoost
6827,9711-FJTBX,2.2424698e-05,Low,0.0019251603076554601,2026-03-21 14:00:05.577934,XGBoost
6828,9714-EDSUC,0.00015948966,Low,0.015135568761616015,2026-03-21 14:00:05.577934,XGBoost
6829,9715-SBVSU,5.5648485e-05,Low,0.0034168169608165045,2026-03-21 14:00:05.577934,XGBoost
6830,9715-WZCLW,6.2307254e-06,Low,0.0006056265065126354,2026-03-21 14:00:05.577934,XGBoost
6831,9717-IOAAF,1.0605953e-05,Low,0.000274163893345758,2026-03-21 14:00:05.577934,XGBoost
6832,9717-QEBGU,0.0002680772,Low,0.018845826230244712,2026-03-21 14:00:05.577934,XGBoost
6833,9720-JJJOR,0.0005154089,Low,0.03107915499131195,2026-03-21 14:00:05.577934,XGBoost
6834,9722-UJOJR,0.83709437,High,59.22442643344402,2026-03-21 14:00:05.577934,XGBoost
6835,9725-SCPZG,0.99395174,High,90.30051538646221,2026-03-21 14:00:05.577934,XGBoost
6836,9728-FTTVZ,0.99846554,High,69.09381523132325,2026-03-21 14:00:05.577934,XGBoost
6837,9730-DRTMJ,0.036738537,Low,2.6745655119419096,2026-03-21 14:00:05.577934,XGBoost
6838,9732-EQMWY,0.0002975114,Low,0.029572633549105377,2026-03-21 14:00:05.577934,XGBoost
6839,9732-KPKBW,0.9982975,High,53.858150801062585,2026-03-21 14:00:05.577934,XGBoost
6840,9732-OUYRN,3.3247026e-05,Low,0.0006316934995993506,2026-03-21 14:00:05.577934,XGBoost
6841,9734-UYXQI,0.99964976,High,49.38269829750061,2026-03-21 14:00:05.577934,XGBoost
6842,9734-YWGEX,0.99885464,High,98.18741083145142,2026-03-21 14:00:05.577934,XGBoost
6843,9738-QLWTP,0.0006654264,Low,0.05449842452653684,2026-03-21 14:00:05.577934,XGBoost
6844,9739-JLPQJ,1.0633724e-05,Low,0.001249462550276803,2026-03-21 14:00:05.577934,XGBoost
6845,9741-YLNTD,0.00016363889,Low,0.01439204051057459,2026-03-21 14:00:05.577934,XGBoost
6846,9742-XOKTS,0.003777523,Low,0.3382771899690851,2026-03-21 14:00:05.577934,XGBoost
6847,9743-DQKQW,0.0014040946,Low,0.035242775117512795,2026-03-21 14:00:05.577934,XGBoost
6848,9746-MDMBK,2.250139e-05,Low,0.0025527827010591864,2026-03-21 14:00:05.577934,XGBoost
6849,9746-UGFAC,0.01793682,Low,0.3739827004261315,2026-03-21 14:00:05.577934,XGBoost
6850,9746-YKGXB,0.00017565361,Low,0.007772672135615721,2026-03-21 14:00:05.577934,XGBoost
6851,9747-DDZOS,0.9657281,High,70.98101565241814,2026-03-21 14:00:05.577934,XGBoost
6852,9750-BOOHV,4.298518e-05,Low,0.0012960031432157847,2026-03-21 14:00:05.577934,XGBoost
6853,9752-ZNQUT,0.00074023503,Low,0.03597542251227424,2026-03-21 14:00:05.577934,XGBoost
6854,9753-OYLBX,0.0015358011,Low,0.031483922561164945,2026-03-21 14:00:05.577934,XGBoost
6855,9754-CLVZW,8.081982e-06,Low,0.00031398499418173743,2026-03-21 14:00:05.577934,XGBoost
6856,9755-JHNMN,0.0063833073,Low,0.43023491054773333,2026-03-21 14:00:05.577934,XGBoost
6857,9758-MFWGD,1.8012131e-05,Low,0.0005385627311625284,2026-03-21 14:00:05.577934,XGBoost
6858,9761-XUJWD,0.2629958,Low,17.252525091171265,2026-03-21 14:00:05.577934,XGBoost
6859,9762-YAQAA,0.00023257015,Low,0.018931210195296446,2026-03-21 14:00:05.577934,XGBoost
6860,9763-GRSKD,0.020502709,Low,1.0241103071719408,2026-03-21 14:00:05.577934,XGBoost
6861,9763-PDTKK,0.8744896,High,82.55181875228882,2026-03-21 14:00:05.577934,XGBoost
6862,9764-REAFF,7.443901e-05,Low,0.0013696778332814574,2026-03-21 14:00:05.577934,XGBoost
6863,9766-HGEDE,0.008306613,Low,0.1607329652644694,2026-03-21 14:00:05.577934,XGBoost
6864,9767-FFLEM,0.00026294886,Low,0.018274945701705292,2026-03-21 14:00:05.577934,XGBoost
6865,9769-TSBZE,8.460167e-05,Low,0.005583710226346739,2026-03-21 14:00:05.577934,XGBoost
6866,9770-KXGQU,4.5425888e-05,Low,0.004478992551594274,2026-03-21 14:00:05.577934,XGBoost
6867,9770-LXDBK,0.0020171576,Low,0.04115001540631055,2026-03-21 14:00:05.577934,XGBoost
6868,9773-PEQBZ,0.1973688,Low,15.759898731112479,2026-03-21 14:00:05.577934,XGBoost
6869,9774-NRNAU,0.14694728,Low,12.461129307746887,2026-03-21 14:00:05.577934,XGBoost
6870,9776-CLUJA,0.9988411,High,77.41018578410149,2026-03-21 14:00:05.577934,XGBoost
6871,9776-OJUZI,0.00041949612,Low,0.040040904849593065,2026-03-21 14:00:05.577934,XGBoost
6872,9777-IQHWP,5.635969e-05,Low,0.005263995174027514,2026-03-21 14:00:05.577934,XGBoost
6873,9777-WJJPR,0.00057884684,Low,0.05131477242393885,2026-03-21 14:00:05.577934,XGBoost
6874,9778-OGKQZ,1.8216107e-05,Low,0.001675881889241282,2026-03-21 14:00:05.577934,XGBoost
6875,9779-DPNEJ,0.00021873224,Low,0.017531388944917126,2026-03-21 14:00:05.577934,XGBoost
6876,9780-FKVVF,0.123693615,Low,7.316477338969707,2026-03-21 14:00:05.577934,XGBoost
6877,9782-LGXMC,0.00034603133,Low,0.02136743468872737,2026-03-21 14:00:05.577934,XGBoost
6878,9786-IJYDL,0.0012012916,Low,0.1359862055629492,2026-03-21 14:00:05.577934,XGBoost
6879,9786-YWNHU,9.657476e-06,Low,0.0006137325907275226,2026-03-21 14:00:05.577934,XGBoost
6880,9787-XVQIU,0.9992943,High,75.24685935974121,2026-03-21 14:00:05.577934,XGBoost
6881,9788-HNGUT,0.011830935,Low,1.38362787803635,2026-03-21 14:00:05.577934,XGBoost
6882,9788-YTFGE,0.00013422366,Low,0.0026777621096698567,2026-03-21 14:00:05.577934,XGBoost
6883,9793-WECQC,0.8832705,High,84.17567884922028,2026-03-21 14:00:05.577934,XGBoost
6884,9795-NREXC,0.0002068928,Low,0.017585888053872623,2026-03-21 14:00:05.577934,XGBoost
6885,9795-SHUHB,0.0040091067,Low,0.23333000773563983,2026-03-21 14:00:05.577934,XGBoost
6886,9795-VOWON,0.0008658304,Low,0.021082970229326748,2026-03-21 14:00:05.577934,XGBoost
6887,9796-BPKIW,0.00013967697,Low,0.009770403755828739,2026-03-21 14:00:05.577934,XGBoost
6888,9796-MVYXX,0.00013486655,Low,0.005354202182206791,2026-03-21 14:00:05.577934,XGBoost
6889,9798-DRYDS,0.00018614074,Low,0.011531418615777512,2026-03-21 14:00:05.577934,XGBoost
6890,9798-OPFEM,4.982664e-05,Low,0.0010513421413634206,2026-03-21 14:00:05.577934,XGBoost
6891,9799-CAYJJ,0.0018204423,Low,0.12615664908662438,2026-03-21 14:00:05.577934,XGBoost
6892,9800-ONTFE,5.9931863e-05,Low,0.004542835198662942,2026-03-21 14:00:05.577934,XGBoost
6893,9800-OUIGR,0.0001800941,Low,0.0036018819082528353,2026-03-21 14:00:05.577934,XGBoost
6894,9801-GDWGV,0.9979032,High,103.23308891654015,2026-03-21 14:00:05.577934,XGBoost
6895,9801-NOSHQ,7.6455235e-06,Low,0.00015138136550376657,2026-03-21 14:00:05.577934,XGBoost
6896,9802-CAQUT,2.0407333e-05,Low,0.0022356233375830925,2026-03-21 14:00:05.577934,XGBoost
6897,9803-FTJCG,0.00022388207,Low,0.014966516670392591,2026-03-21 14:00:05.577934,XGBoost
6898,9804-ICWBG,0.9993705,High,69.85599902272224,2026-03-21 14:00:05.577934,XGBoost
6899,9805-FILKB,0.0079495385,Low,0.16058067828416825,2026-03-21 14:00:05.577934,XGBoost
6900,9809-IMGCQ,0.9997882,High,96.67952132821084,2026-03-21 14:00:05.577934,XGBoost
6901,9812-GHVRI,0.0006883351,Low,0.05771689826797228,2026-03-21 14:00:05.577934,XGBoost
6902,9814-AOUDH,0.00015393535,Low,0.003001739409228321,2026-03-21 14:00:05.577934,XGBoost
6903,9817-APLHW,0.00030442633,Low,0.007610658212797716,2026-03-21 14:00:05.577934,XGBoost
6904,9818-XQCUV,0.00025116163,Low,0.005111139232758433,2026-03-21 14:00:05.577934,XGBoost
6905,9819-FBNSV,0.00025101178,Low,0.018135600919777062,2026-03-21 14:00:05.577934,XGBoost
6906,9820-RMCQV,0.9992698,High,48.51454798877239,2026-03-21 14:00:05.577934,XGBoost
6907,9821-BESNZ,0.0005437642,Low,0.05668741892441176,2026-03-21 14:00:05.577934,XGBoost
6908,9821-POOTN,0.9979208,High,75.04364500045777,2026-03-21 14:00:05.577934,XGBoost
6909,9822-BIIGN,5.68573e-05,Low,0.004085197104723192,2026-03-21 14:00:05.577934,XGBoost
6910,9822-OAOVB,0.0010731197,Low,0.05950448715593666,2026-03-21 14:00:05.577934,XGBoost
6911,9822-WMWVG,0.10442511,Low,11.121274206787348,2026-03-21 14:00:05.577934,XGBoost
6912,9823-EALYC,4.6903506e-06,Low,0.00037921484431535646,2026-03-21 14:00:05.577934,XGBoost
6913,9824-BEMCV,0.8912761,High,61.49805235862732,2026-03-21 14:00:05.577934,XGBoost
6914,9824-QCJPK,5.148118e-05,Low,0.0010296235996065661,2026-03-21 14:00:05.577934,XGBoost
6915,9825-YCXWZ,0.00047361274,Low,0.04788224850199185,2026-03-21 14:00:05.577934,XGBoost
6916,9828-AOQLM,0.9990626,High,45.65716071724892,2026-03-21 14:00:05.577934,XGBoost
6917,9828-QHFBK,2.7338067e-05,Low,0.0013983421015836938,2026-03-21 14:00:05.577934,XGBoost
6918,9830-ECLEN,7.92115e-05,Low,0.003960575122619048,2026-03-21 14:00:05.577934,XGBoost
6919,9831-BPFRI,0.6977302,Medium,62.481737941503525,2026-03-21 14:00:05.577934,XGBoost
6920,9833-TGFHX,0.13234606,Low,12.850802800059318,2026-03-21 14:00:05.577934,XGBoost
6921,9835-ZIITK,0.7707541,High,85.43809186220169,2026-03-21 14:00:05.577934,XGBoost
6922,9837-BMCLM,0.8789595,High,68.99831894040108,2026-03-21 14:00:05.577934,XGBoost
6923,9837-FWLCH,0.011719589,Low,0.22501611113548278,2026-03-21 14:00:05.577934,XGBoost
6924,9838-BFCQT,4.6515515e-06,Low,0.00012140549506511888,2026-03-21 14:00:05.577934,XGBoost
6925,9839-ETQOE,0.0102784345,Low,0.4157626752275974,2026-03-21 14:00:05.577934,XGBoost
6926,9840-DVNDC,0.9925168,High,79.89760366082191,2026-03-21 14:00:05.577934,XGBoost
6927,9840-EFJQB,0.53019804,Medium,39.4202240973711,2026-03-21 14:00:05.577934,XGBoost
6928,9842-EFSYY,0.0009490371,Low,0.05428492135833949,2026-03-21 14:00:05.577934,XGBoost
6929,9844-FELAJ,0.00013591952,Low,0.014665715748560616,2026-03-21 14:00:05.577934,XGBoost
6930,9845-PEEKO,0.0001914169,Low,0.015160218242090196,2026-03-21 14:00:05.577934,XGBoost
6931,9845-QOMAD,1.4584395e-05,Low,0.0002880418032873422,2026-03-21 14:00:05.577934,XGBoost
6932,9846-GKXAS,0.8262214,High,75.0209037065506,2026-03-21 14:00:05.577934,XGBoost
6933,9847-HNVGP,0.010420236,Low,0.20788370431400835,2026-03-21 14:00:05.577934,XGBoost
6934,9848-JQJTX,3.6821366e-05,Low,0.003715275823196862,2026-03-21 14:00:05.577934,XGBoost
6935,9850-OWRHQ,0.9849378,High,72.98389002084731,2026-03-21 14:00:05.577934,XGBoost
6936,9851-KIELU,0.27468798,Low,30.24314611852169,2026-03-21 14:00:05.577934,XGBoost
6937,9851-QXEEQ,0.99968517,High,104.66703711748123,2026-03-21 14:00:05.577934,XGBoost
6938,9853-JFZDU,0.00060470536,Low,0.034377499783295205,2026-03-21 14:00:05.577934,XGBoost
6939,9860-LISIZ,0.002769336,Low,0.05635598972439766,2026-03-21 14:00:05.577934,XGBoost
6940,9861-PDSZP,6.106292e-05,Low,0.0065978486469248305,2026-03-21 14:00:05.577934,XGBoost
6941,9862-KJTYK,0.01294621,Low,0.3281864202115685,2026-03-21 14:00:05.577934,XGBoost
6942,9863-JZAIC,0.999495,High,54.97222661972046,2026-03-21 14:00:05.577934,XGBoost
6943,9866-OCCKE,0.000105603234,Low,0.011589954960072646,2026-03-21 14:00:05.577934,XGBoost
6944,9866-QEVEE,0.9970414,High,85.74556076526642,2026-03-21 14:00:05.577934,XGBoost
6945,9867-JCZSP,6.899204e-05,Low,0.0014315848638943862,2026-03-21 14:00:05.577934,XGBoost
6946,9867-NNXLC,4.0797546e-05,Low,0.000817990793439094,2026-03-21 14:00:05.577934,XGBoost
6947,9867-XOBQA,4.162174e-05,Low,0.002212195524589333,2026-03-21 14:00:05.577934,XGBoost
6948,9871-ELEYA,6.481e-05,Low,0.004384396709428984,2026-03-21 14:00:05.577934,XGBoost
6949,9873-MNDKV,0.00021867488,Low,0.009763833178294589,2026-03-21 14:00:05.577934,XGBoost
6950,9874-QLCLH,0.9220959,High,96.08239223957062,2026-03-21 14:00:05.577934,XGBoost
6951,9878-TNQGW,0.82813144,High,67.03723984956741,2026-03-21 14:00:05.577934,XGBoost
6952,9880-TDQAC,8.1407146e-05,Low,0.004884428781224415,2026-03-21 14:00:05.577934,XGBoost
6953,9881-VCZEP,0.0001895847,Low,0.010256531969935168,2026-03-21 14:00:05.577934,XGBoost
6954,9885-AIBVB,0.15946488,Low,13.68208677470684,2026-03-21 14:00:05.577934,XGBoost
6955,9885-CSMWE,0.9947077,High,78.03481934666634,2026-03-21 14:00:05.577934,XGBoost
6956,9885-MFVSU,0.00030360953,Low,0.01407230169279501,2026-03-21 14:00:05.577934,XGBoost
6957,9888-ZCUMM,0.00014952057,Low,0.008978709938674001,2026-03-21 14:00:05.577934,XGBoost
6958,9889-TMAHG,0.9981007,High,100.10950000882148,2026-03-21 14:00:05.577934,XGBoost
6959,9891-NQDBD,2.8358396e-05,Low,0.0007245570143822989,2026-03-21 14:00:05.577934,XGBoost
6960,9894-EZEWG,0.9786049,High,72.71034501791,2026-03-21 14:00:05.577934,XGBoost
6961,9894-QMIMJ,2.8737219e-05,Low,0.0016035367978474823,2026-03-21 14:00:05.577934,XGBoost
6962,9895-VFOXH,0.0014635008,Low,0.03570941910147667,2026-03-21 14:00:05.577934,XGBoost
6963,9896-UYMIE,0.00027539043,Low,0.031477125737001184,2026-03-21 14:00:05.577934,XGBoost
6964,9897-KXHCM,0.9085231,High,72.95440354347228,2026-03-21 14:00:05.577934,XGBoost
6965,9898-KZQDZ,0.9998472,High,94.53555027246475,2026-03-21 14:00:05.577934,XGBoost
6966,9903-LYSAB,0.37247136,Low,27.246280156075958,2026-03-21 14:00:05.577934,XGBoost
6967,9904-EHEVJ,0.0005100673,Low,0.04659464525466319,2026-03-21 14:00:05.577934,XGBoost
6968,9906-NHHVC,0.0030287206,Low,0.16203655302524567,2026-03-21 14:00:05.577934,XGBoost
6969,9907-SWKKF,0.97396004,High,24.397699052095415,2026-03-21 14:00:05.577934,XGBoost
6970,9909-DFRJA,0.00013988395,Low,0.013407876819837837,2026-03-21 14:00:05.577934,XGBoost
6971,9909-IDLEK,6.822655e-05,Low,0.006604330299887806,2026-03-21 14:00:05.577934,XGBoost
6972,9912-GVSEQ,0.9998367,High,93.83467272520065,2026-03-21 14:00:05.577934,XGBoost
6973,9912-OMZDS,8.8112574e-05,Low,0.009353149762318935,2026-03-21 14:00:05.577934,XGBoost
6974,9916-AYHTC,1.2962339e-05,Low,0.00025730242095960425,2026-03-21 14:00:05.577934,XGBoost
6975,9917-KWRBE,0.002487966,Low,0.194932143331971,2026-03-21 14:00:05.577934,XGBoost
6976,9919-FZDED,5.56746e-05,Low,0.0046822340074868405,2026-03-21 14:00:05.577934,XGBoost
6977,9919-KNPOO,0.00095205155,Low,0.08977846069610677,2026-03-21 14:00:05.577934,XGBoost
6978,9919-YLNNG,0.00030593987,Low,0.03175655883969739,2026-03-21 14:00:05.577934,XGBoost
6979,9921-EZKBY,0.00060165726,Low,0.05733793676481582,2026-03-21 14:00:05.577934,XGBoost
6980,9921-QFQUL,0.0014118905,Low,0.1272819280915428,2026-03-21 14:00:05.577934,XGBoost
6981,9921-ZVRHG,0.99906105,High,80.37446131408215,2026-03-21 14:00:05.577934,XGBoost
6982,9924-JPRMC,3.1345422e-05,Low,0.00370502888399642,2026-03-21 14:00:05.577934,XGBoost
6983,9926-PJHDQ,4.9483388e-05,Low,0.0038003241643309593,2026-03-21 14:00:05.577934,XGBoost
6984,9927-DSWDF,0.5823884,Medium,60.91782674789428,2026-03-21 14:00:05.577934,XGBoost
6985,9928-BZVLZ,0.000117665455,Low,0.005865622933561099,2026-03-21 14:00:05.577934,XGBoost
6986,9929-PLVPA,0.058118947,Low,1.1856265157461165,2026-03-21 14:00:05.577934,XGBoost
6987,9931-DCEZH,0.0003317606,Low,0.018047775980085133,2026-03-21 14:00:05.577934,XGBoost
6988,9931-KGHOA,0.00058810605,Low,0.03234583273297176,2026-03-21 14:00:05.577934,XGBoost
6989,9932-WBWIK,0.001891854,Low,0.03849922862136737,2026-03-21 14:00:05.577934,XGBoost
6990,9933-QRGTX,6.8582456e-05,Low,0.0066662147379247475,2026-03-21 14:00:05.577934,XGBoost
6991,9938-EKRGF,7.1955714e-05,Low,0.006076660029793857,2026-03-21 14:00:05.577934,XGBoost
6992,9938-PRCVK,0.00012147237,Low,0.002393005630437983,2026-03-21 14:00:05.577934,XGBoost
6993,9938-TKDGL,1.9771313e-05,Low,0.001968234160267457,2026-03-21 14:00:05.577934,XGBoost
6994,9938-ZREHM,0.0005650443,Low,0.040739693370414894,2026-03-21 14:00:05.577934,XGBoost
6995,9940-HPQPG,0.9999275,High,91.7433500289917,2026-03-21 14:00:05.577934,XGBoost
6996,9940-RHLFB,0.99408156,High,74.85434122681617,2026-03-21 14:00:05.577934,XGBoost
6997,9943-VSZUV,0.00026225208,Low,0.01985248277487699,2026-03-21 14:00:05.577934,XGBoost
6998,9944-AEXBM,0.0005842405,Low,0.050040197020280175,2026-03-21 14:00:05.577934,XGBoost
6999,9944-HKVVB,0.87460995,High,83.1754059791565,2026-03-21 14:00:05.577934,XGBoost
7000,9945-PSVIP,4.9509026e-06,Low,9.258187901650672e-05,2026-03-21 14:00:05.577934,XGBoost
7001,9947-OTFQU,0.9996712,High,74.37553882598877,2026-03-21 14:00:05.577934,XGBoost
7002,9948-YPTDG,0.9988231,High,79.3564957946539,2026-03-21 14:00:05.577934,XGBoost
7003,9950-MTGYX,2.0588679e-05,Low,0.0004179501844191691,2026-03-21 14:00:05.577934,XGBoost
7004,9953-ZMKSM,0.0015216041,Low,0.038420504424721,2026-03-21 14:00:05.577934,XGBoost
7005,9955-QOPOY,3.6830887e-05,Low,0.002239317900966853,2026-03-21 14:00:05.577934,XGBoost
7006,9957-YODKZ,0.8458265,High,68.34278173446656,2026-03-21 14:00:05.577934,XGBoost
7007,9958-MEKUC,4.227962e-05,Low,0.00439496632807277,2026-03-21 14:00:05.577934,XGBoost
7008,9959-WOFKT,0.014075931,Low,1.5019018549472094,2026-03-21 14:00:05.577934,XGBoost
7009,9961-JBNMK,0.9995541,High,96.75683665275574,2026-03-21 14:00:05.577934,XGBoost
7010,9962-BFPDU,0.0003929911,Low,0.007879471335036215,2026-03-21 14:00:05.577934,XGBoost
7011,9964-WBQDJ,0.00028364934,Low,0.006921043817419558,2026-03-21 14:00:05.577934,XGBoost
7012,9965-YOKZB,0.8298802,High,69.58545292317866,2026-03-21 14:00:05.577934,XGBoost
7013,9967-ATRFS,2.751199e-05,Low,0.0005474885845615062,2026-03-21 14:00:05.577934,XGBoost
7014,9968-FFVVH,8.332114e-05,Low,0.005732494289986789,2026-03-21 14:00:05.577934,XGBoost
7015,9970-QBCDA,0.044802293,Low,0.8826051756739616,2026-03-21 14:00:05.577934,XGBoost
7016,9971-ZWPBF,2.8605318e-05,Low,0.003115119154244894,2026-03-21 14:00:05.577934,XGBoost
7017,9972-EWRJS,1.1991074e-05,Low,0.00023082816937858297,2026-03-21 14:00:05.577934,XGBoost
7018,9972-NKTFD,0.012367711,Low,0.6758954281453043,2026-03-21 14:00:05.577934,XGBoost
7019,9972-VAFJJ,0.08119191,Low,7.6320397555828094,2026-03-21 14:00:05.577934,XGBoost
7020,9974-JFBHQ,0.00020504737,Low,0.02033044677518774,2026-03-21 14:00:05.577934,XGBoost
7021,9975-GPKZU,1.728503e-05,Low,0.0003413793519939645,2026-03-21 14:00:05.577934,XGBoost
7022,9975-SKRNR,0.26113138,Low,4.935383006930351,2026-03-21 14:00:05.577934,XGBoost
7023,9978-HYCIN,0.0031820436,Low,0.27031459993449974,2026-03-21 14:00:05.577934,XGBoost
7024,9979-RGMZT,0.000703252,Low,0.06614084861066657,2026-03-21 14:00:05.577934,XGBoost
7025,9985-MWVIX,0.99929607,High,70.10061925053597,2026-03-21 14:00:05.577934,XGBoost
7026,9986-BONCE,0.99976164,High,20.94500637948513,2026-03-21 14:00:05.577934,XGBoost
7027,9987-LUTYD,0.0003993235,Low,0.022022691050369757,2026-03-21 14:00:05.577934,XGBoost
7028,9992-RRAMN,0.8754295,High,74.4990513920784,2026-03-21 14:00:05.577934,XGBoost
7029,9992-UJOEL,3.6262696e-05,Low,0.0018240136130771134,2026-03-21 14:00:05.577934,XGBoost
7030,9993-LHIEB,6.4365864e-05,Low,0.004367223878580261,2026-03-21 14:00:05.577934,XGBoost
7031,9995-HOTOH,0.00012747759,Low,0.007521177569287829,2026-03-21 14:00:05.577934,XGBoost
