timestamp,customer_id,senior_citizen,partner,dependents,tenure_months,monthly_charges,total_charges,phone_service,multiple_lines,online_security,online_backup,device_protection,tech_support,streaming_tv,streaming_movies,gender,city,contract_type,payment_method,internet_service
2026-04-10T15:51:59.885542,CUST_000001,0,1,0,6,18.0,102.9,0,0,0,0,0,0,0,0,Male,Houston,Month-to-month,Electronic check,No
2026-04-10T15:52:29.897814,CUST_000002,0,1,0,23,126.68,2622.46,1,1,1,0,0,1,1,1,Male,Houston,Month-to-month,Bank transfer (automatic),Fiber optic
2026-04-10T15:52:59.903138,CUST_000003,1,0,0,40,104.21,4521.72,1,1,0,0,1,0,1,1,Male,Houston,One year,Bank transfer (automatic),DSL
2026-04-10T15:53:29.906435,CUST_000004,0,0,1,13,99.64,1265.38,1,0,0,1,0,1,1,0,Female,Phoenix,One year,Credit card (automatic),Fiber optic
2026-04-10T15:53:59.920104,CUST_000005,0,1,0,55,103.26,6138.49,1,0,0,0,1,0,0,0,Male,Los Angeles,Two year,Credit card (automatic),Fiber optic
2026-04-10T15:54:29.924234,CUST_000006,0,1,0,17,95.38,1590.33,1,1,1,0,0,0,1,1,Female,Dallas,Month-to-month,Credit card (automatic),DSL
2026-04-10T15:54:59.929074,CUST_000007,0,1,0,10,51.2,535.5,1,1,0,0,0,0,0,0,Female,San Francisco,Month-to-month,Electronic check,No
2026-04-10T15:55:29.933129,CUST_000008,0,1,0,14,105.33,1344.19,1,1,0,1,0,1,0,0,Female,San Francisco,Month-to-month,Electronic check,Fiber optic
2026-04-10T15:55:59.936407,CUST_000009,0,1,0,3,110.52,349.49,1,0,0,1,1,0,1,1,Female,Chicago,Month-to-month,Bank transfer (automatic),Fiber optic
2026-04-10T15:56:29.942985,CUST_000010,0,0,1,56,114.85,6899.65,1,1,0,0,0,0,1,1,Female,New York,Two year,Electronic check,Fiber optic
2026-04-10T15:56:59.946957,CUST_000011,0,0,0,7,109.8,745.15,1,0,0,0,0,1,1,1,Male,Dallas,Month-to-month,Electronic check,Fiber optic
2026-04-10T15:57:29.950822,CUST_000012,1,0,1,26,106.72,2541.91,1,0,1,1,0,0,1,1,Male,Los Angeles,One year,Bank transfer (automatic),DSL
2026-04-10T15:57:59.954553,CUST_000013,0,1,1,17,98.57,1782.04,1,0,1,0,0,0,0,1,Male,Dallas,Month-to-month,Mailed check,Fiber optic
2026-04-10T15:58:29.958710,CUST_000014,0,1,1,40,78.62,3180.82,1,0,0,0,0,0,1,0,Male,Los Angeles,One year,Bank transfer (automatic),DSL
2026-04-10T15:58:59.964020,CUST_000015,0,0,0,43,120.28,5447.49,1,1,0,0,1,1,1,0,Female,Phoenix,One year,Credit card (automatic),Fiber optic
2026-04-10T15:59:29.968291,CUST_000016,0,1,0,39,43.37,1693.04,1,1,0,0,0,0,0,0,Female,San Francisco,One year,Bank transfer (automatic),No
2026-04-10T15:59:59.971435,CUST_000017,0,0,0,69,115.05,7592.63,1,1,0,0,1,0,1,0,Male,San Diego,Two year,Bank transfer (automatic),Fiber optic
2026-04-10T16:00:29.974497,CUST_000018,0,0,0,21,93.63,2098.27,1,1,0,1,0,1,0,0,Male,Los Angeles,One year,Credit card (automatic),DSL
2026-04-10T16:00:59.978743,CUST_000019,0,1,0,23,47.52,991.69,1,0,0,0,0,0,0,0,Male,Los Angeles,Month-to-month,Electronic check,No
2026-04-10T16:01:29.984399,CUST_000020,0,1,0,12,134.41,1521.28,1,0,1,0,1,1,1,1,Female,Chicago,Month-to-month,Mailed check,Fiber optic
2026-04-10T16:01:59.989435,CUST_000021,0,1,0,35,103.16,3356.77,1,0,0,0,1,0,1,0,Female,New York,Two year,Bank transfer (automatic),Fiber optic
2026-04-10T16:02:29.994238,CUST_000022,0,0,0,40,76.51,3210.25,0,0,0,1,1,1,1,1,Female,Los Angeles,Two year,Electronic check,DSL
2026-04-10T16:02:59.998240,CUST_000023,0,0,1,15,109.1,1707.44,1,1,1,0,0,0,1,0,Male,Chicago,One year,Mailed check,Fiber optic
2026-04-10T16:03:30.001239,CUST_000024,0,0,1,5,105.04,543.46,1,0,0,0,1,0,1,0,Male,Dallas,Month-to-month,Mailed check,Fiber optic
2026-04-10T16:04:00.004659,CUST_000025,0,1,1,10,114.76,1208.84,1,1,1,1,1,1,1,1,Male,Dallas,Month-to-month,Electronic check,Fiber optic
2026-04-10T16:04:30.008692,CUST_000026,1,1,1,16,95.6,1569.73,1,1,1,0,0,0,0,0,Female,Houston,Month-to-month,Mailed check,Fiber optic
2026-04-10T16:05:00.012444,CUST_000027,1,1,1,0,98.78,0.0,1,0,1,1,0,1,0,1,Female,Phoenix,Month-to-month,Bank transfer (automatic),DSL
2026-04-10T16:05:30.019716,CUST_000028,0,0,0,45,90.31,3857.19,1,1,0,0,1,0,1,1,Male,New York,Two year,Credit card (automatic),DSL
2026-04-10T16:06:00.022803,CUST_000029,0,1,1,26,120.58,3384.95,1,1,1,1,0,1,1,1,Female,Dallas,One year,Credit card (automatic),DSL
2026-04-10T18:04:33.017318,CUST_000030,0,1,1,42,121.1,4890.36,1,1,1,1,1,1,1,0,Male,Dallas,Two year,Mailed check,Fiber optic
2026-04-10T18:11:55.558898,CUST_000031,0,0,1,38,43.39,1711.99,1,0,0,0,0,0,0,0,Female,New York,One year,Credit card (automatic),No
2026-04-10T18:12:55.601699,CUST_000032,0,0,0,44,95.49,4464.59,1,0,1,0,0,0,0,0,Male,San Diego,Two year,Credit card (automatic),Fiber optic
2026-04-10T18:13:55.608012,CUST_000033,0,0,0,2,96.59,192.8,1,1,0,1,0,0,1,0,Male,Miami,Month-to-month,Mailed check,DSL
2026-04-10T18:14:55.610113,CUST_000034,0,0,0,21,84.78,1688.61,0,0,1,1,1,0,1,0,Male,San Diego,Month-to-month,Electronic check,Fiber optic
2026-04-10T18:15:55.615331,CUST_000035,1,1,1,24,95.24,2331.29,1,1,1,1,1,0,0,1,Female,Houston,One year,Bank transfer (automatic),DSL
2026-04-10T18:16:55.627833,CUST_000036,0,0,0,42,93.22,4177.1,1,1,1,1,0,1,0,1,Male,San Diego,One year,Mailed check,DSL
2026-04-10T18:17:55.631400,CUST_000037,0,1,0,58,80.21,4309.05,1,0,0,1,0,0,1,0,Male,Dallas,Two year,Electronic check,DSL
2026-04-10T18:18:55.645038,CUST_000038,1,0,1,7,119.25,777.44,1,0,1,1,0,1,1,0,Male,New York,Month-to-month,Bank transfer (automatic),Fiber optic
2026-04-10T18:19:55.662916,CUST_000039,0,1,1,7,91.31,696.73,1,1,0,1,0,0,0,0,Male,Miami,Month-to-month,Electronic check,DSL
2026-04-10T18:20:55.679684,CUST_000040,0,0,0,29,109.0,3081.82,1,0,0,1,1,0,1,1,Male,Los Angeles,Two year,Credit card (automatic),Fiber optic
2026-04-10T18:21:55.706368,CUST_000041,0,1,1,44,98.31,3968.84,1,1,0,1,0,0,1,1,Male,Dallas,One year,Credit card (automatic),DSL
2026-04-10T18:22:55.723916,CUST_000042,0,1,1,5,53.35,251.06,1,1,0,0,0,0,0,0,Female,San Diego,Month-to-month,Electronic check,No
2026-04-10T18:23:55.736525,CUST_000043,1,1,0,17,54.01,839.77,1,1,0,0,0,0,0,0,Female,Chicago,One year,Bank transfer (automatic),No
2026-04-10T18:24:55.745867,CUST_000044,0,1,0,29,107.83,2969.18,1,0,0,1,1,0,1,1,Male,New York,One year,Credit card (automatic),Fiber optic
2026-04-10T18:25:55.756244,CUST_000045,0,1,1,18,23.05,390.66,0,0,0,0,0,0,0,0,Male,Dallas,Month-to-month,Electronic check,No
2026-04-10T18:26:55.761027,CUST_000046,0,0,0,71,49.99,3815.99,1,1,0,0,0,0,0,0,Male,Dallas,Two year,Bank transfer (automatic),No
2026-04-10T18:27:55.763568,CUST_000047,0,0,0,32,94.89,2856.24,1,1,0,1,1,0,0,0,Female,New York,One year,Bank transfer (automatic),DSL
2026-04-10T18:28:55.778320,CUST_000048,0,0,0,6,87.91,534.85,1,1,0,0,1,0,1,0,Female,Los Angeles,Month-to-month,Electronic check,DSL
2026-04-10T18:29:55.791143,CUST_000049,0,0,0,16,93.89,1462.88,1,0,0,1,0,0,0,0,Male,Dallas,Month-to-month,Credit card (automatic),Fiber optic
2026-04-10T18:30:55.794081,CUST_000050,1,1,1,7,89.65,654.9,1,0,1,0,1,0,1,0,Male,Miami,Month-to-month,Electronic check,DSL
2026-04-10T18:31:55.797574,CUST_000051,0,1,0,20,49.76,987.65,1,1,0,0,0,0,0,0,Female,Los Angeles,Month-to-month,Electronic check,No
2026-04-10T18:32:55.812566,CUST_000052,0,1,0,8,114.89,1007.99,1,1,1,0,0,1,1,1,Female,San Diego,Month-to-month,Mailed check,Fiber optic
2026-04-10T18:33:55.814912,CUST_000053,0,0,0,23,117.53,2651.52,1,1,1,1,0,0,1,0,Male,Chicago,Month-to-month,Bank transfer (automatic),Fiber optic
2026-04-10T18:34:55.822205,CUST_000054,0,0,0,15,96.57,1571.15,1,0,0,0,0,1,0,0,Male,San Francisco,Month-to-month,Electronic check,Fiber optic
2026-04-10T18:35:55.832575,CUST_000055,0,0,0,4,91.31,394.13,1,0,0,0,0,0,0,0,Male,Houston,Month-to-month,Electronic check,Fiber optic
2026-04-10T18:36:55.844127,CUST_000056,0,0,0,2,119.79,227.75,1,0,0,1,1,1,1,1,Female,San Francisco,Month-to-month,Electronic check,Fiber optic
2026-04-10T18:37:55.855192,CUST_000057,0,1,1,46,115.23,5166.64,1,0,1,0,0,0,1,1,Male,Dallas,Two year,Bank transfer (automatic),Fiber optic
2026-04-10T18:38:55.872241,CUST_000058,0,0,1,19,117.35,2262.43,1,1,0,0,1,0,1,1,Female,Dallas,Month-to-month,Electronic check,Fiber optic
2026-04-10T18:39:55.889328,CUST_000059,0,0,0,72,78.03,5343.65,1,1,0,0,0,0,0,0,Female,Los Angeles,Two year,Credit card (automatic),DSL
2026-04-10T18:40:55.901381,CUST_000060,1,1,0,30,51.98,1460.55,1,0,0,0,0,0,0,0,Female,Houston,Two year,Bank transfer (automatic),No
2026-04-10T18:41:55.907317,CUST_000061,0,0,1,50,98.0,4439.95,1,0,1,0,0,0,1,0,Male,Dallas,Two year,Bank transfer (automatic),Fiber optic
2026-04-10T18:42:55.910245,CUST_000062,0,0,1,4,108.58,474.34,1,1,0,0,1,0,0,1,Female,Chicago,Month-to-month,Electronic check,Fiber optic
2026-04-10T18:43:55.922718,CUST_000063,0,0,0,70,76.02,5586.19,0,0,0,1,0,0,0,1,Male,New York,Two year,Credit card (automatic),Fiber optic
2026-04-10T18:44:55.936960,CUST_000064,0,1,0,6,116.4,759.66,1,1,0,1,1,1,0,0,Male,San Francisco,Month-to-month,Electronic check,Fiber optic
2026-04-10T18:45:55.941141,CUST_000065,0,0,1,11,94.88,1043.16,1,0,1,0,1,0,1,1,Male,Houston,Month-to-month,Mailed check,DSL
2026-04-10T18:46:55.957141,CUST_000066,0,0,1,54,95.68,4739.56,1,1,1,0,1,1,1,0,Female,Miami,Two year,Bank transfer (automatic),DSL
2026-04-10T18:47:55.971749,CUST_000067,0,0,0,59,78.14,5033.02,1,1,1,0,0,1,0,0,Female,Dallas,Two year,Electronic check,DSL
2026-04-10T18:48:55.985141,CUST_000068,0,1,1,15,110.33,1562.32,1,1,1,1,1,0,1,1,Male,Houston,One year,Mailed check,Fiber optic
2026-04-10T18:49:56.003060,CUST_000069,0,0,0,20,112.14,2313.96,1,0,1,1,0,0,1,1,Female,Seattle,Month-to-month,Bank transfer (automatic),Fiber optic
2026-04-10T18:50:56.019298,CUST_000070,0,1,0,39,76.22,3257.27,1,0,1,0,0,1,0,0,Female,Phoenix,Two year,Bank transfer (automatic),DSL
2026-04-10T18:51:56.028255,CUST_000071,0,1,0,23,78.46,1916.54,1,0,0,0,0,1,1,0,Male,Chicago,Month-to-month,Bank transfer (automatic),DSL
2026-04-10T18:52:56.042904,CUST_000072,0,0,0,13,88.21,1094.83,1,1,1,1,0,1,1,0,Female,Chicago,Month-to-month,Electronic check,DSL
2026-04-10T18:53:56.056965,CUST_000073,0,1,0,28,104.26,2954.02,1,1,0,1,1,1,0,0,Male,Seattle,One year,Electronic check,DSL
2026-04-10T18:54:56.070150,CUST_000074,0,1,0,25,96.59,2228.43,1,0,0,0,1,0,1,0,Male,San Diego,Two year,Credit card (automatic),Fiber optic
2026-04-10T18:55:56.075734,CUST_000075,0,1,0,22,42.07,953.46,1,0,0,0,0,0,0,0,Female,San Francisco,Month-to-month,Mailed check,No
2026-04-10T18:56:56.092873,CUST_000076,1,1,0,49,143.44,7455.7,1,1,1,1,1,1,1,1,Female,Los Angeles,Two year,Bank transfer (automatic),Fiber optic
2026-04-10T18:57:56.108895,CUST_000077,0,0,1,40,107.05,4428.07,1,1,1,1,0,0,0,0,Female,Dallas,One year,Credit card (automatic),Fiber optic
2026-04-10T18:58:56.116903,CUST_000078,1,1,1,15,75.39,1187.11,1,0,0,0,1,0,0,1,Female,San Francisco,Month-to-month,Credit card (automatic),DSL
2026-04-10T18:59:56.132180,CUST_000079,0,1,0,44,89.03,4217.52,1,1,1,0,0,0,0,1,Male,Chicago,Two year,Bank transfer (automatic),DSL
2026-04-10T19:00:56.138456,CUST_000080,0,0,0,1,88.37,83.32,1,0,1,0,0,1,1,0,Male,Houston,Month-to-month,Electronic check,DSL
2026-04-10T19:01:56.155154,CUST_000081,0,0,0,56,96.17,5120.02,1,0,0,0,0,0,1,0,Male,Chicago,Two year,Bank transfer (automatic),Fiber optic
2026-04-10T19:02:56.173467,CUST_000082,0,0,1,8,125.81,1056.12,1,1,1,1,0,0,0,1,Female,Los Angeles,Month-to-month,Bank transfer (automatic),Fiber optic
2026-04-10T19:03:56.182091,CUST_000083,0,1,1,5,103.58,560.96,1,1,0,1,1,1,1,0,Female,New York,Month-to-month,Bank transfer (automatic),DSL
2026-04-10T19:04:56.184838,CUST_000084,0,1,0,8,115.21,937.26,1,1,0,0,1,1,0,1,Male,Los Angeles,Month-to-month,Bank transfer (automatic),Fiber optic
2026-04-10T19:05:56.194599,CUST_000085,0,0,0,23,107.34,2387.63,1,0,0,1,0,1,0,0,Male,Phoenix,Month-to-month,Electronic check,Fiber optic
2026-04-10T19:06:56.207873,CUST_000086,0,0,0,23,50.43,1049.83,1,1,0,0,0,0,0,0,Male,San Francisco,One year,Electronic check,No
2026-04-10T19:07:56.221751,CUST_000087,0,1,0,45,91.64,4234.72,1,0,0,1,0,1,1,1,Female,Dallas,One year,Bank transfer (automatic),DSL
2026-04-10T19:08:56.228575,CUST_000088,0,1,1,32,47.6,1594.13,1,1,0,0,0,0,0,0,Male,Chicago,Two year,Bank transfer (automatic),No
2026-04-10T19:09:56.234006,CUST_000089,0,0,0,54,56.8,3363.97,1,1,0,0,0,0,0,0,Male,Dallas,Two year,Bank transfer (automatic),No
2026-04-10T19:10:56.237827,CUST_000090,0,1,0,19,48.32,991.44,1,0,0,0,0,0,0,0,Male,Dallas,Month-to-month,Mailed check,No
2026-04-10T19:11:56.240494,CUST_000091,0,1,0,35,107.53,3981.03,1,1,0,1,1,0,0,1,Male,Seattle,One year,Bank transfer (automatic),DSL
2026-04-10T19:12:56.247510,CUST_000092,1,0,0,24,46.21,1202.94,1,1,0,0,0,0,0,0,Female,San Francisco,Month-to-month,Electronic check,No
2026-04-10T19:13:56.257884,CUST_000093,0,0,0,24,101.69,2422.58,1,1,0,0,1,0,0,1,Male,Seattle,Two year,Credit card (automatic),Fiber optic
2026-04-10T19:14:56.271946,CUST_000094,0,1,0,15,118.27,1636.71,1,0,1,0,1,1,0,1,Female,Dallas,One year,Credit card (automatic),Fiber optic
2026-04-10T19:15:56.277935,CUST_000095,0,0,0,36,84.68,3056.44,1,0,0,0,0,1,1,1,Female,Houston,One year,Credit card (automatic),DSL
2026-04-10T19:16:56.282754,CUST_000096,0,1,0,7,115.31,764.86,1,1,0,0,1,1,1,1,Male,Miami,Month-to-month,Credit card (automatic),DSL
2026-04-10T19:17:56.285430,CUST_000097,0,0,0,43,82.93,3280.9,1,0,1,1,0,0,0,1,Female,San Diego,One year,Credit card (automatic),DSL
2026-04-10T19:18:56.291970,CUST_000098,0,1,1,24,105.79,2401.14,1,0,0,0,0,0,1,0,Male,Chicago,Month-to-month,Electronic check,Fiber optic
2026-04-10T19:19:56.299107,CUST_000099,0,1,1,36,74.71,2885.19,0,0,1,0,0,0,1,0,Male,Chicago,Two year,Electronic check,Fiber optic
2026-04-10T19:20:56.304124,CUST_000100,0,1,0,9,18.0,146.16,0,0,0,0,0,0,0,0,Male,San Francisco,Month-to-month,Bank transfer (automatic),No
2026-04-10T19:21:56.310223,CUST_000101,0,1,0,4,20.09,73.06,0,0,0,0,0,0,0,0,Male,Los Angeles,Month-to-month,Electronic check,No
2026-04-10T19:22:56.317484,CUST_000102,0,0,0,50,112.81,5524.56,1,1,0,1,1,1,1,0,Male,Houston,Two year,Electronic check,Fiber optic
2026-04-10T19:23:56.329991,CUST_000103,0,1,0,17,70.46,1300.04,0,0,1,1,1,0,1,0,Male,Chicago,Month-to-month,Electronic check,DSL
2026-04-10T19:24:56.336296,CUST_000104,0,0,0,13,76.05,933.73,1,0,0,0,0,0,0,1,Male,Houston,Month-to-month,Electronic check,DSL
2026-04-10T19:25:56.346418,CUST_000105,0,1,0,24,85.32,2012.32,1,1,1,0,0,1,0,1,Male,Dallas,Month-to-month,Mailed check,DSL
2026-04-10T19:26:56.354615,CUST_000106,0,1,0,44,105.82,5047.25,1,1,1,0,0,1,1,0,Male,Phoenix,One year,Credit card (automatic),DSL
2026-04-10T19:27:56.367650,CUST_000107,0,0,1,34,98.7,3066.36,1,0,1,0,0,1,1,0,Male,Los Angeles,Two year,Mailed check,DSL
2026-04-10T19:28:56.376932,CUST_000108,0,0,0,29,126.0,3565.4,1,1,1,1,0,0,1,1,Male,New York,Two year,Credit card (automatic),Fiber optic
2026-04-10T19:29:56.385273,CUST_000109,0,1,0,1,41.98,40.67,1,0,0,0,0,0,0,0,Male,Dallas,Month-to-month,Electronic check,No
2026-04-10T19:30:56.394764,CUST_000110,0,1,0,11,94.22,946.99,1,1,0,0,0,0,0,0,Female,Houston,Month-to-month,Mailed check,Fiber optic
2026-04-10T19:31:56.410042,CUST_000111,1,0,0,17,112.52,2079.45,1,0,0,1,1,1,0,1,Male,San Diego,One year,Electronic check,Fiber optic
2026-04-10T19:32:56.419044,CUST_000112,0,1,1,29,82.33,2263.96,1,0,0,1,0,0,0,1,Female,San Diego,Two year,Credit card (automatic),DSL
2026-04-10T19:33:56.423770,CUST_000113,0,0,0,0,51.91,0.0,1,1,0,0,0,0,0,0,Female,Houston,Month-to-month,Mailed check,No
2026-04-10T19:34:56.434370,CUST_000114,0,1,0,14,49.43,669.68,1,0,0,0,0,0,0,0,Male,Los Angeles,Month-to-month,Mailed check,No
2026-04-10T19:35:56.450426,CUST_000115,0,1,0,9,83.23,691.05,0,0,0,1,0,1,0,0,Female,Dallas,Month-to-month,Credit card (automatic),Fiber optic
2026-04-10T19:36:56.452594,CUST_000116,1,0,0,71,93.74,6483.68,0,0,1,1,0,0,1,1,Male,Houston,Two year,Bank transfer (automatic),Fiber optic
2026-04-10T19:37:56.457855,CUST_000117,0,1,0,37,114.3,4225.23,1,1,0,1,0,1,1,0,Female,Chicago,One year,Mailed check,Fiber optic
2026-04-10T19:38:56.470515,CUST_000118,0,0,0,41,109.65,4429.64,1,0,1,1,0,0,0,1,Female,Dallas,One year,Bank transfer (automatic),Fiber optic
2026-04-10T19:39:56.486359,CUST_000119,0,0,0,14,79.2,1160.79,1,1,0,0,0,0,0,1,Female,Houston,Month-to-month,Mailed check,DSL
2026-04-10T19:40:56.491969,CUST_000120,1,1,0,1,84.42,91.14,1,1,1,0,1,0,0,1,Male,San Francisco,Month-to-month,Credit card (automatic),DSL
2026-04-10T19:41:56.506005,CUST_000121,0,0,0,18,43.4,714.89,1,0,0,0,0,0,0,0,Male,Phoenix,Month-to-month,Electronic check,No
2026-04-10T19:42:56.509467,CUST_000122,0,1,0,0,104.48,0.0,1,0,0,0,1,0,0,1,Female,San Francisco,Month-to-month,Mailed check,Fiber optic
2026-04-10T19:43:56.523198,CUST_000123,0,1,1,6,44.83,242.47,1,0,0,0,0,0,0,0,Female,Houston,Month-to-month,Electronic check,No
2026-04-10T19:44:56.532151,CUST_000124,0,1,1,2,44.69,95.71,1,0,0,0,0,0,0,0,Female,San Francisco,Month-to-month,Electronic check,No
2026-04-10T19:45:56.541484,CUST_000125,0,1,0,5,99.8,470.52,1,0,1,0,0,0,0,0,Male,Los Angeles,Month-to-month,Electronic check,Fiber optic
2026-04-10T19:46:56.555573,CUST_000126,0,1,1,14,106.54,1606.87,1,0,1,0,1,1,1,0,Male,Dallas,One year,Credit card (automatic),Fiber optic
2026-04-10T19:47:56.573489,CUST_000127,0,1,0,47,100.61,4851.52,1,1,1,1,1,1,0,0,Female,Chicago,One year,Credit card (automatic),DSL
2026-04-10T19:48:56.656263,CUST_000128,0,1,1,13,121.85,1692.76,1,1,1,0,0,0,1,1,Female,Houston,Month-to-month,Electronic check,Fiber optic
2026-04-10T19:49:56.671428,CUST_000129,1,0,1,26,115.91,2745.26,1,1,0,1,1,0,0,0,Male,Los Angeles,One year,Credit card (automatic),Fiber optic
2026-04-10T19:50:56.679178,CUST_000130,1,1,1,21,88.09,2003.28,1,0,0,1,1,0,1,0,Male,Seattle,One year,Credit card (automatic),DSL
2026-04-10T19:51:56.693084,CUST_000131,0,1,0,40,116.93,4228.51,1,0,1,0,1,0,1,1,Female,Dallas,Two year,Bank transfer (automatic),Fiber optic
2026-04-10T19:52:56.707262,CUST_000132,0,0,0,22,94.54,1969.9,1,1,1,1,0,0,1,1,Male,Chicago,Month-to-month,Electronic check,DSL
2026-04-10T19:53:56.711600,CUST_000133,1,1,1,13,122.95,1614.28,1,1,0,1,0,1,0,1,Female,Houston,Month-to-month,Credit card (automatic),Fiber optic
2026-04-10T19:54:56.716247,CUST_000134,0,0,1,8,82.01,701.26,0,0,1,0,0,1,0,1,Male,Los Angeles,Month-to-month,Bank transfer (automatic),Fiber optic
2026-04-10T19:55:56.726306,CUST_000135,0,0,0,23,123.83,2733.64,1,1,1,0,1,1,0,1,Male,Los Angeles,Month-to-month,Mailed check,Fiber optic
2026-04-10T19:56:56.749666,CUST_000136,0,0,0,11,102.64,1102.63,1,1,0,0,0,1,1,0,Female,Chicago,Month-to-month,Electronic check,Fiber optic
2026-04-10T19:57:56.758479,CUST_000137,0,0,1,16,103.22,1567.25,1,1,1,0,1,0,1,1,Male,Chicago,One year,Bank transfer (automatic),DSL
2026-04-10T19:58:56.771308,CUST_000138,1,0,1,16,79.37,1308.1,1,0,0,1,0,1,0,0,Female,New York,Month-to-month,Credit card (automatic),DSL
2026-04-10T19:59:56.786094,CUST_000139,0,1,1,20,109.08,2220.1,1,0,1,0,0,0,0,1,Female,New York,Month-to-month,Mailed check,Fiber optic
2026-04-10T20:00:56.790684,CUST_000140,0,1,1,45,83.59,4061.71,1,0,0,1,1,0,0,0,Female,Phoenix,Two year,Bank transfer (automatic),DSL
2026-04-10T20:01:56.800136,CUST_000141,0,1,1,24,90.34,2142.12,1,1,0,0,0,0,0,1,Female,Los Angeles,One year,Bank transfer (automatic),DSL
2026-04-10T20:02:56.816256,CUST_000142,0,0,1,12,44.59,485.63,1,0,0,0,0,0,0,0,Male,New York,Month-to-month,Credit card (automatic),No
2026-04-10T20:03:56.831231,CUST_000143,0,0,0,18,132.48,2505.27,1,1,1,1,1,0,1,1,Female,Miami,Month-to-month,Electronic check,Fiber optic
2026-04-10T20:04:56.841656,CUST_000144,0,1,1,28,102.97,2635.84,1,0,0,0,0,0,1,1,Female,New York,One year,Bank transfer (automatic),Fiber optic
2026-04-10T20:05:56.859795,CUST_000145,0,1,0,41,119.7,5184.05,1,0,0,0,0,1,1,1,Female,Miami,One year,Bank transfer (automatic),Fiber optic
2026-04-10T20:06:56.866288,CUST_000146,0,1,0,16,94.04,1482.27,1,0,1,1,0,1,1,0,Male,San Diego,One year,Bank transfer (automatic),DSL
2026-04-13T19:10:53.801180,CUST_000147,1,0,0,8,90.38,752.04,1,0,0,1,0,1,0,1,Male,Seattle,Month-to-month,Electronic check,DSL
2026-04-13T19:11:53.821573,CUST_000148,0,0,0,41,95.61,4181.31,0,0,0,1,0,1,1,1,Female,Miami,One year,Credit card (automatic),Fiber optic
2026-04-13T19:12:54.879894,CUST_000149,0,1,1,12,90.61,1003.32,1,0,1,0,1,0,1,1,Female,Houston,Month-to-month,Electronic check,DSL
2026-04-13T19:13:54.892162,CUST_000150,0,1,0,15,89.11,1326.41,1,0,0,1,1,0,1,0,Female,Chicago,Month-to-month,Electronic check,DSL
2026-04-13T19:14:54.904427,CUST_000151,0,0,0,0,100.13,0.0,1,0,0,1,0,0,0,0,Male,San Francisco,Month-to-month,Electronic check,Fiber optic
2026-04-13T19:15:54.919067,CUST_000152,0,1,0,2,107.71,199.59,1,0,0,1,0,0,1,1,Male,New York,Month-to-month,Electronic check,Fiber optic
2026-04-13T19:16:54.936867,CUST_000153,0,0,0,70,115.92,8369.64,1,1,0,0,1,0,1,0,Female,Phoenix,Two year,Electronic check,Fiber optic
2026-04-13T19:17:54.954608,CUST_000154,0,0,1,48,132.84,6077.89,1,1,1,0,0,1,1,1,Male,Los Angeles,Two year,Bank transfer (automatic),Fiber optic
2026-04-13T19:18:54.969173,CUST_000155,0,0,0,22,45.94,1107.75,1,0,0,0,0,0,0,0,Male,Chicago,Month-to-month,Mailed check,No
2026-04-13T19:19:54.984759,CUST_000156,0,0,0,12,96.32,1051.18,1,0,1,1,0,1,0,0,Male,Chicago,One year,Bank transfer (automatic),DSL
2026-04-13T19:20:55.000877,CUST_000157,0,1,0,24,18.0,443.19,0,0,0,0,0,0,0,0,Male,Phoenix,Month-to-month,Electronic check,No
2026-04-13T19:21:55.014930,CUST_000158,0,0,0,28,90.82,2728.77,1,0,0,0,1,1,1,0,Female,San Francisco,One year,Credit card (automatic),DSL
2026-04-13T19:22:55.029083,CUST_000159,0,0,0,4,74.07,282.36,1,1,0,1,0,0,0,0,Female,Houston,Month-to-month,Electronic check,DSL
2026-04-13T19:23:55.042906,CUST_000160,0,1,1,13,94.43,1311.25,1,0,0,1,0,0,1,0,Female,San Diego,Month-to-month,Credit card (automatic),Fiber optic
2026-04-13T19:24:55.053959,CUST_000161,0,1,0,19,124.67,2361.54,1,1,1,0,0,0,1,1,Male,Miami,Month-to-month,Electronic check,Fiber optic
2026-04-13T19:25:55.070932,CUST_000162,0,0,0,10,84.21,834.61,1,1,0,0,0,0,1,0,Male,Phoenix,Month-to-month,Mailed check,DSL
2026-04-13T19:26:55.085872,CUST_000163,1,1,0,7,95.02,612.21,1,0,1,1,0,0,0,0,Female,Chicago,Month-to-month,Mailed check,Fiber optic
2026-04-13T19:27:55.101344,CUST_000164,1,1,0,21,111.32,2254.64,1,1,0,1,1,1,1,0,Male,Miami,Month-to-month,Electronic check,DSL
2026-04-13T19:28:55.106603,CUST_000165,0,0,0,23,110.19,2711.09,1,1,0,1,1,0,1,0,Male,Los Angeles,Month-to-month,Electronic check,Fiber optic
2026-04-13T19:29:55.117594,CUST_000166,0,1,1,47,49.56,2107.13,1,1,0,0,0,0,0,0,Male,Houston,One year,Credit card (automatic),No
2026-04-13T19:30:55.125766,CUST_000167,0,1,1,20,107.21,2108.52,1,1,0,0,0,0,1,0,Female,New York,Month-to-month,Mailed check,Fiber optic
2026-04-13T19:31:55.135448,CUST_000168,0,1,0,19,103.39,2045.77,1,1,0,0,1,1,1,0,Female,Phoenix,Month-to-month,Electronic check,DSL
2026-04-13T19:32:55.153045,CUST_000169,0,1,1,16,112.73,1658.94,1,0,0,0,1,1,0,1,Male,New York,Month-to-month,Electronic check,Fiber optic
2026-04-13T19:33:55.160004,CUST_000170,1,0,0,18,99.39,1727.17,1,1,0,0,1,0,0,1,Male,San Diego,One year,Electronic check,Fiber optic
2026-04-13T19:34:55.176524,CUST_000171,0,0,0,19,89.91,1737.96,0,0,0,1,0,1,0,1,Female,New York,One year,Bank transfer (automatic),Fiber optic
2026-04-13T19:35:55.182834,CUST_000172,0,0,0,17,71.8,1340.57,0,0,0,1,0,1,1,1,Male,Seattle,Month-to-month,Electronic check,DSL
2026-04-13T19:36:55.200186,CUST_000173,0,1,1,18,18.0,316.38,0,0,0,0,0,0,0,0,Male,Houston,One year,Electronic check,No
2026-04-13T19:37:55.208213,CUST_000174,0,1,0,12,57.9,690.63,1,1,0,0,0,0,0,0,Female,Houston,One year,Credit card (automatic),No
2026-04-13T19:38:55.222704,CUST_000175,0,1,0,7,108.07,701.55,1,0,1,0,0,0,1,1,Female,Phoenix,Month-to-month,Bank transfer (automatic),Fiber optic
2026-04-13T19:39:55.239225,CUST_000176,0,0,0,7,107.52,761.4,1,0,0,1,1,0,0,1,Female,Houston,Month-to-month,Electronic check,Fiber optic
2026-04-13T19:40:55.254502,CUST_000177,0,0,0,57,111.3,5988.01,1,0,0,1,1,0,1,1,Female,Dallas,Two year,Credit card (automatic),Fiber optic
2026-04-13T19:41:55.266493,CUST_000178,0,1,1,24,104.43,2343.34,1,1,0,0,1,0,0,0,Male,Los Angeles,Month-to-month,Mailed check,Fiber optic
2026-04-13T19:42:55.281244,CUST_000179,0,1,1,39,106.24,4041.41,1,0,1,0,1,1,0,1,Male,Houston,Two year,Credit card (automatic),Fiber optic
2026-04-13T19:43:55.300517,CUST_000180,0,1,0,16,108.77,1625.4,1,0,0,0,1,0,1,1,Male,Houston,Month-to-month,Electronic check,Fiber optic
2026-04-13T19:44:55.312226,CUST_000181,0,0,0,24,109.26,2688.83,1,1,1,1,1,1,0,1,Female,San Francisco,Month-to-month,Mailed check,DSL
2026-04-13T19:45:55.321206,CUST_000182,0,1,0,7,117.82,808.91,1,0,1,1,1,0,1,0,Female,Chicago,Month-to-month,Mailed check,Fiber optic
2026-04-13T19:46:55.337302,CUST_000183,0,1,0,26,48.43,1299.73,1,1,0,0,0,0,0,0,Male,Dallas,One year,Bank transfer (automatic),No
2026-04-13T19:47:55.346227,CUST_000184,0,1,0,28,102.13,2601.26,1,0,0,1,0,0,0,1,Female,Dallas,One year,Bank transfer (automatic),Fiber optic
2026-04-13T19:48:55.353393,CUST_000185,0,1,0,2,68.45,127.33,0,0,0,0,1,1,0,1,Female,Houston,Month-to-month,Mailed check,DSL
2026-04-13T19:49:55.364493,CUST_000186,0,1,1,7,113.17,732.2,1,1,0,1,0,1,1,1,Female,New York,Month-to-month,Bank transfer (automatic),Fiber optic
2026-04-13T19:50:55.374733,CUST_000187,0,1,0,34,107.71,3919.6,1,1,1,1,0,0,1,1,Male,Los Angeles,One year,Bank transfer (automatic),DSL
2026-04-13T19:51:55.378907,CUST_000188,0,0,0,41,100.5,4525.39,1,0,1,1,1,0,1,0,Male,San Diego,One year,Credit card (automatic),DSL
2026-04-13T19:52:55.392505,CUST_000189,0,0,0,36,102.16,3872.34,1,0,0,1,0,0,1,0,Female,San Diego,One year,Credit card (automatic),Fiber optic
2026-04-13T19:53:55.403707,CUST_000190,0,1,1,53,82.96,4554.37,1,0,1,0,0,0,1,0,Male,Seattle,Two year,Bank transfer (automatic),DSL
2026-04-13T19:54:55.409207,CUST_000191,1,0,0,45,84.22,3554.78,1,0,1,0,1,0,0,0,Male,Houston,Two year,Bank transfer (automatic),DSL
2026-04-13T19:55:55.424601,CUST_000192,1,0,0,13,89.67,1051.6,1,0,0,0,0,0,1,0,Female,Phoenix,Month-to-month,Electronic check,Fiber optic
2026-04-13T19:56:55.440688,CUST_000193,0,1,0,29,92.23,2774.14,0,0,0,1,1,1,1,1,Male,Miami,One year,Bank transfer (automatic),Fiber optic
2026-04-13T19:57:55.456635,CUST_000194,0,1,1,2,53.49,115.69,1,1,0,0,0,0,0,0,Male,Dallas,Month-to-month,Credit card (automatic),No
2026-04-13T19:58:55.473301,CUST_000195,0,1,1,38,43.04,1726.03,1,0,0,0,0,0,0,0,Female,Los Angeles,One year,Electronic check,No
2026-04-13T19:59:55.484242,CUST_000196,1,1,0,36,102.12,3424.5,1,0,1,1,1,0,1,1,Male,Miami,One year,Electronic check,DSL
2026-04-13T20:00:55.489122,CUST_000197,0,1,0,19,86.11,1550.5,1,0,1,1,0,0,0,1,Male,Los Angeles,Month-to-month,Electronic check,DSL
2026-04-13T20:01:55.498936,CUST_000198,0,1,1,9,61.85,574.24,0,0,1,1,0,1,0,0,Female,Miami,Month-to-month,Electronic check,DSL
2026-04-13T20:02:55.511422,CUST_000199,0,0,1,24,129.83,3033.03,1,1,0,1,1,1,1,1,Female,San Francisco,Two year,Credit card (automatic),Fiber optic
2026-04-13T20:03:55.528403,CUST_000200,0,1,1,41,114.2,4747.89,1,0,1,1,1,0,1,0,Female,Seattle,One year,Electronic check,Fiber optic
2026-04-13T20:04:55.538474,CUST_000201,0,0,0,37,108.66,4353.23,1,1,0,1,1,1,1,0,Male,San Francisco,One year,Bank transfer (automatic),DSL
2026-04-13T20:05:55.546110,CUST_000202,1,0,0,11,94.13,1015.35,1,1,1,0,1,0,0,1,Male,Los Angeles,Month-to-month,Electronic check,DSL
2026-04-13T20:06:55.565170,CUST_000203,0,1,0,13,93.31,1150.1,1,0,0,1,0,1,0,1,Female,San Francisco,One year,Bank transfer (automatic),DSL
2026-04-13T20:07:55.575407,CUST_000204,0,0,0,21,109.3,2145.86,1,1,0,0,1,0,1,0,Male,New York,Month-to-month,Bank transfer (automatic),Fiber optic
2026-04-13T20:08:55.580183,CUST_000205,0,0,0,20,55.44,1185.35,0,0,1,0,0,1,0,0,Female,Dallas,Month-to-month,Mailed check,DSL
2026-04-13T20:09:55.590505,CUST_000206,0,1,0,14,116.76,1476.8,1,0,0,0,0,1,1,1,Male,Miami,Month-to-month,Electronic check,Fiber optic
2026-04-13T20:10:55.598229,CUST_000207,0,1,0,35,82.64,2955.09,1,0,0,1,1,0,0,1,Male,Seattle,One year,Bank transfer (automatic),DSL
2026-04-13T20:11:55.612102,CUST_000208,0,1,0,44,44.1,2067.44,1,0,0,0,0,0,0,0,Male,San Francisco,One year,Bank transfer (automatic),No
2026-04-13T20:12:55.621736,CUST_000209,0,0,1,16,86.98,1280.21,0,0,1,1,0,0,0,1,Male,San Francisco,Month-to-month,Credit card (automatic),Fiber optic
2026-04-13T20:13:55.633793,CUST_000210,0,1,0,46,120.91,5821.62,1,0,1,1,0,1,0,1,Female,Houston,One year,Credit card (automatic),Fiber optic
2026-04-13T20:14:55.644077,CUST_000211,0,0,0,20,99.79,2012.26,1,0,0,0,0,0,1,1,Female,Miami,Month-to-month,Electronic check,Fiber optic
2026-04-13T20:15:55.650137,CUST_000212,0,0,1,17,51.65,864.9,1,0,0,0,0,0,0,0,Male,Los Angeles,Month-to-month,Mailed check,No
2026-04-13T20:16:55.663106,CUST_000213,0,0,1,70,119.99,7864.84,1,0,1,0,1,0,1,1,Female,Chicago,Two year,Bank transfer (automatic),Fiber optic
2026-04-13T20:17:55.687549,CUST_000214,0,1,1,32,100.73,3390.86,1,0,1,0,1,0,0,0,Male,Phoenix,One year,Mailed check,Fiber optic
2026-04-13T20:18:55.700341,CUST_000215,0,0,0,0,42.83,0.0,1,0,0,0,0,0,0,0,Male,Seattle,Month-to-month,Credit card (automatic),No
2026-04-13T20:19:55.713883,CUST_000216,0,0,0,37,133.95,4798.39,1,0,1,1,1,1,1,1,Male,Los Angeles,One year,Credit card (automatic),Fiber optic
2026-04-13T20:20:55.730911,CUST_000217,0,1,1,49,80.31,3851.41,1,0,0,1,1,0,0,0,Male,Houston,Two year,Bank transfer (automatic),DSL
2026-04-13T20:21:55.746558,CUST_000218,0,1,0,63,113.76,7508.77,1,0,0,1,1,1,0,0,Male,Seattle,Two year,Bank transfer (automatic),Fiber optic
2026-04-13T20:22:55.754196,CUST_000219,0,1,0,14,48.7,725.53,1,0,0,0,0,0,0,0,Male,Los Angeles,Month-to-month,Mailed check,No
2026-04-13T20:23:55.759070,CUST_000220,0,0,0,11,111.6,1290.44,1,1,0,0,0,0,0,1,Male,Houston,Month-to-month,Bank transfer (automatic),Fiber optic
2026-04-13T20:24:55.774578,CUST_000221,0,0,1,3,96.9,264.73,1,0,0,0,0,0,0,1,Male,New York,Month-to-month,Credit card (automatic),Fiber optic
2026-04-13T20:25:55.782353,CUST_000222,0,0,0,15,79.51,1117.52,1,1,1,0,1,0,0,0,Female,San Diego,Month-to-month,Electronic check,DSL
2026-04-13T20:26:55.799035,CUST_000223,0,1,0,37,112.05,4081.49,1,1,1,0,0,0,1,1,Male,Phoenix,Two year,Bank transfer (automatic),Fiber optic
2026-04-13T20:27:55.818772,CUST_000224,0,0,0,61,108.54,7063.48,1,1,1,1,1,0,0,1,Female,Phoenix,Two year,Mailed check,DSL
2026-04-13T20:28:55.832322,CUST_000225,0,0,0,11,44.6,501.53,1,1,0,0,0,0,0,0,Female,New York,Month-to-month,Bank transfer (automatic),No
2026-04-13T20:29:55.841666,CUST_000226,0,0,0,21,44.88,862.39,1,0,0,0,0,0,0,0,Male,Phoenix,One year,Bank transfer (automatic),No
2026-04-13T20:30:55.858152,CUST_000227,0,0,0,4,101.96,377.56,1,0,1,0,1,0,1,1,Female,Houston,Month-to-month,Bank transfer (automatic),DSL
2026-04-13T20:31:55.867623,CUST_000228,0,1,0,32,84.92,2885.98,1,0,0,1,0,0,1,1,Female,Seattle,One year,Electronic check,DSL
2026-04-13T20:32:55.876019,CUST_000229,0,0,0,29,92.33,2632.02,1,1,0,0,1,0,0,1,Male,Chicago,One year,Bank transfer (automatic),DSL
2026-04-13T20:33:55.882011,CUST_000230,0,0,0,0,47.8,0.0,1,0,0,0,0,0,0,0,Male,Phoenix,Month-to-month,Mailed check,No
2026-04-13T20:34:55.888967,CUST_000231,0,1,1,13,98.78,1198.57,1,1,0,0,0,0,1,1,Male,New York,Month-to-month,Electronic check,Fiber optic
2026-04-13T20:35:55.898248,CUST_000232,0,1,0,45,49.8,2110.51,1,1,0,0,0,0,0,0,Female,New York,One year,Credit card (automatic),No
2026-04-13T20:36:55.915836,CUST_000233,0,0,0,26,120.25,3019.66,1,1,1,0,1,0,1,1,Male,Chicago,One year,Bank transfer (automatic),Fiber optic
2026-04-13T20:37:55.927923,CUST_000234,0,1,1,5,102.28,510.03,1,0,1,1,1,1,1,1,Male,Los Angeles,Month-to-month,Mailed check,DSL
2026-04-13T20:38:55.936460,CUST_000235,0,0,0,24,111.03,2479.84,1,0,1,0,1,1,0,0,Male,San Diego,Month-to-month,Mailed check,Fiber optic
2026-04-13T20:39:55.950378,CUST_000236,0,0,0,43,18.85,852.98,0,0,0,0,0,0,0,0,Male,San Francisco,One year,Credit card (automatic),No
2026-04-13T20:40:55.959184,CUST_000237,0,0,0,5,86.28,411.4,0,0,1,1,0,0,0,1,Male,Seattle,Month-to-month,Credit card (automatic),Fiber optic
2026-04-13T20:41:55.969707,CUST_000238,0,1,0,16,22.19,369.12,0,0,0,0,0,0,0,0,Female,Los Angeles,Month-to-month,Mailed check,No
2026-04-13T20:42:55.986977,CUST_000239,1,0,0,23,122.19,2548.91,1,1,0,1,0,0,1,1,Female,Los Angeles,Month-to-month,Electronic check,Fiber optic
2026-04-13T20:43:56.002619,CUST_000240,0,0,1,12,118.78,1374.38,1,1,0,1,1,0,1,1,Female,Phoenix,Month-to-month,Bank transfer (automatic),Fiber optic
2026-04-13T20:44:56.015820,CUST_000241,0,0,0,66,42.28,2815.42,1,0,0,0,0,0,0,0,Female,Houston,Two year,Credit card (automatic),No
2026-04-13T20:45:56.034868,CUST_000242,1,0,0,14,48.89,727.8,1,0,0,0,0,0,0,0,Female,Miami,Month-to-month,Electronic check,No
2026-04-13T20:46:56.050131,CUST_000243,0,1,1,13,91.21,1183.09,1,1,1,0,0,1,1,1,Female,Houston,Month-to-month,Electronic check,DSL
2026-04-13T20:47:56.075695,CUST_000244,1,0,0,50,50.08,2524.65,1,1,0,0,0,0,0,0,Male,San Francisco,Two year,Bank transfer (automatic),No
2026-04-13T20:48:56.081631,CUST_000245,0,0,0,54,93.41,5139.02,1,0,1,1,1,1,0,0,Female,Dallas,Two year,Credit card (automatic),DSL
2026-04-13T20:49:56.095618,CUST_000246,0,1,0,30,83.72,2587.07,1,0,1,0,1,0,0,0,Female,Dallas,One year,Bank transfer (automatic),DSL
2026-04-13T20:50:56.110570,CUST_000247,0,1,0,36,75.62,2673.78,1,0,1,0,0,0,0,0,Female,Seattle,One year,Electronic check,DSL
2026-04-13T21:31:04.867535,CUST_000248,0,1,1,10,85.44,928.91,1,0,0,0,1,0,0,1,Female,Dallas,Month-to-month,Electronic check,DSL
2026-04-13T21:32:04.878055,CUST_000249,0,0,0,4,18.4,74.53,0,0,0,0,0,0,0,0,Male,Chicago,Month-to-month,Credit card (automatic),No
2026-04-13T21:33:04.888912,CUST_000250,1,0,0,6,55.74,355.29,1,1,0,0,0,0,0,0,Female,Houston,Month-to-month,Credit card (automatic),No
2026-04-13T21:34:04.904250,CUST_000251,1,1,1,20,85.55,1697.82,1,0,0,0,0,0,1,1,Female,Chicago,One year,Bank transfer (automatic),DSL
2026-04-13T21:35:04.908420,CUST_000252,0,1,0,5,126.56,670.56,1,1,1,0,0,0,1,1,Female,Phoenix,Month-to-month,Credit card (automatic),Fiber optic
2026-04-13T21:36:04.924488,CUST_000253,1,0,1,1,94.87,92.27,1,0,1,0,1,0,1,0,Female,Dallas,Month-to-month,Electronic check,DSL
2026-04-13T21:37:04.942567,CUST_000254,0,0,0,7,116.69,873.79,1,0,0,0,1,1,1,0,Female,New York,Month-to-month,Electronic check,Fiber optic
2026-04-13T21:38:04.960191,CUST_000255,1,1,0,10,91.47,946.47,1,0,1,1,0,1,0,0,Female,New York,Month-to-month,Mailed check,DSL
2026-04-13T21:39:04.970820,CUST_000256,0,0,0,16,81.12,1354.74,1,1,0,0,1,0,0,0,Female,New York,One year,Credit card (automatic),DSL
2026-04-13T21:40:04.985951,CUST_000257,0,1,0,19,85.23,1559.66,1,0,1,1,1,0,0,0,Female,Houston,Month-to-month,Credit card (automatic),DSL
2026-04-13T21:41:04.993680,CUST_000258,0,0,0,17,89.05,1662.32,1,0,1,1,0,0,1,1,Female,Houston,Month-to-month,Mailed check,DSL
2026-04-13T21:42:05.008010,CUST_000259,0,1,0,1,102.21,97.81,1,1,1,1,1,0,1,1,Female,San Diego,Month-to-month,Credit card (automatic),DSL
2026-04-13T21:43:05.020940,CUST_000260,0,0,1,22,118.15,2477.15,1,1,0,1,0,0,1,1,Female,Houston,One year,Credit card (automatic),Fiber optic
2026-04-13T21:44:05.030240,CUST_000261,0,1,1,23,111.9,2361.97,1,1,0,0,1,0,0,1,Female,Phoenix,Month-to-month,Electronic check,Fiber optic
2026-04-13T21:45:05.043756,CUST_000262,0,1,1,11,18.97,218.97,0,0,0,0,0,0,0,0,Male,Los Angeles,Month-to-month,Electronic check,No
2026-04-13T21:46:05.050959,CUST_000263,0,1,1,25,108.09,2924.87,1,1,1,0,1,0,1,0,Male,New York,One year,Mailed check,Fiber optic
2026-04-13T21:47:05.061608,CUST_000264,0,1,0,44,43.16,2015.51,1,0,0,0,0,0,0,0,Male,Miami,Two year,Credit card (automatic),No
2026-04-13T21:48:05.079463,CUST_000265,0,0,0,3,95.59,270.96,1,0,0,1,0,0,0,0,Male,Phoenix,Month-to-month,Credit card (automatic),Fiber optic
2026-04-13T21:49:05.090277,CUST_000266,0,1,1,14,79.56,1057.95,0,0,1,1,0,1,1,0,Female,Dallas,Month-to-month,Mailed check,Fiber optic
2026-04-13T21:50:05.106232,CUST_000267,0,1,0,30,114.53,3644.74,1,1,0,0,1,1,1,0,Male,Los Angeles,Two year,Bank transfer (automatic),Fiber optic
2026-04-13T21:51:05.118841,CUST_000268,0,1,0,1,106.08,102.38,1,1,0,1,1,0,1,0,Female,Los Angeles,Month-to-month,Electronic check,Fiber optic
2026-04-13T21:52:05.130652,CUST_000269,0,0,0,17,48.21,892.4,0,0,0,0,0,1,0,0,Female,Phoenix,Month-to-month,Credit card (automatic),DSL
2026-04-13T21:53:05.137474,CUST_000270,0,1,1,21,81.99,1679.44,1,0,0,1,0,0,0,1,Male,Los Angeles,Month-to-month,Electronic check,DSL
2026-04-13T21:54:05.151294,CUST_000271,0,1,0,32,77.58,2541.9,1,0,0,1,0,0,0,1,Male,Houston,One year,Electronic check,DSL
2026-04-13T21:55:05.169924,CUST_000272,0,0,1,24,81.57,1862.07,0,0,1,0,1,0,0,0,Male,Houston,One year,Credit card (automatic),Fiber optic
2026-04-13T21:56:05.181384,CUST_000273,0,1,0,21,59.02,1226.71,1,1,0,0,0,0,0,0,Male,Houston,Month-to-month,Mailed check,No
2026-04-13T21:57:05.187501,CUST_000274,0,0,0,18,97.84,1712.92,1,0,0,0,1,0,0,0,Female,Dallas,One year,Credit card (automatic),Fiber optic
2026-04-13T21:58:05.204294,CUST_000275,1,1,0,24,127.76,3345.29,1,1,1,1,0,1,0,1,Female,Houston,Two year,Bank transfer (automatic),Fiber optic
2026-04-13T21:59:05.215253,CUST_000276,0,1,1,42,103.44,3921.16,1,0,1,1,0,0,0,0,Male,New York,One year,Credit card (automatic),Fiber optic
2026-04-13T22:00:05.233921,CUST_000277,0,1,1,24,117.82,2840.14,1,1,0,0,1,1,0,1,Male,Chicago,Two year,Bank transfer (automatic),Fiber optic
2026-04-13T22:01:05.252357,CUST_000278,0,1,0,43,112.82,4954.31,1,1,1,0,1,1,0,1,Male,Seattle,Two year,Mailed check,DSL
2026-04-13T22:02:05.273179,CUST_000279,0,0,0,5,99.42,536.5,0,0,1,0,1,1,1,1,Male,Los Angeles,Month-to-month,Electronic check,Fiber optic
2026-04-13T22:03:05.292659,CUST_000280,1,0,0,12,103.3,1347.89,1,0,0,0,0,1,0,0,Female,Chicago,One year,Credit card (automatic),Fiber optic
2026-04-13T22:04:05.302475,CUST_000281,0,0,0,9,102.45,846.46,1,1,0,1,1,1,0,0,Male,Miami,Month-to-month,Bank transfer (automatic),DSL
2026-04-13T22:05:05.310906,CUST_000282,0,0,1,8,85.13,737.12,1,0,0,0,0,1,1,1,Female,Dallas,Month-to-month,Mailed check,DSL
2026-04-13T22:06:05.324287,CUST_000283,1,0,0,22,108.14,2338.79,1,0,0,1,1,1,0,1,Female,Seattle,Month-to-month,Electronic check,Fiber optic
2026-04-13T22:07:05.333807,CUST_000284,0,0,0,18,102.8,1758.76,1,1,1,0,1,0,0,0,Male,San Diego,One year,Credit card (automatic),Fiber optic
2026-04-13T22:08:05.341924,CUST_000285,0,0,0,42,92.78,3540.41,1,1,0,0,0,0,0,0,Female,New York,One year,Bank transfer (automatic),Fiber optic
2026-04-13T22:09:05.345976,CUST_000286,0,0,0,18,79.04,1481.87,1,0,0,1,1,0,0,0,Female,New York,Month-to-month,Mailed check,DSL
2026-04-13T22:10:05.360834,CUST_000287,0,1,0,20,93.85,1786.43,1,1,0,1,0,1,1,0,Female,New York,Month-to-month,Mailed check,DSL
2026-04-13T22:11:05.368004,CUST_000288,0,0,0,46,91.54,4270.13,1,0,1,1,1,0,1,0,Female,Chicago,Two year,Credit card (automatic),DSL
2026-04-13T22:12:05.381026,CUST_000289,0,1,1,8,54.77,418.57,1,1,0,0,0,0,0,0,Female,Los Angeles,Month-to-month,Electronic check,No
2026-04-13T22:13:05.385369,CUST_000290,0,1,0,22,105.94,2139.89,1,1,0,1,1,1,1,1,Male,Los Angeles,Month-to-month,Credit card (automatic),DSL
2026-04-13T22:14:05.398457,CUST_000291,0,1,0,24,75.09,1689.16,1,0,0,0,0,1,1,0,Female,Dallas,Month-to-month,Bank transfer (automatic),DSL
2026-04-14T12:05:17.481177,CUST_000292,0,1,0,34,99.23,3184.12,1,1,0,1,1,0,1,0,Male,Los Angeles,Two year,Electronic check,DSL
2026-04-14T12:06:17.489132,CUST_000293,0,1,1,22,114.12,2572.17,1,0,0,0,1,0,1,1,Male,San Diego,One year,Bank transfer (automatic),Fiber optic
2026-04-14T12:07:17.492276,CUST_000294,0,0,0,23,101.29,2476.25,1,0,1,0,0,0,1,0,Male,Chicago,Month-to-month,Electronic check,Fiber optic
2026-04-14T12:08:17.503157,CUST_000295,0,1,1,26,48.04,1224.42,1,0,0,0,0,0,0,0,Male,Miami,One year,Bank transfer (automatic),No
2026-04-14T12:09:17.507225,CUST_000296,0,0,0,51,86.09,4249.47,1,0,1,1,1,0,1,0,Female,Miami,Two year,Credit card (automatic),DSL
2026-04-14T12:10:17.520205,CUST_000297,0,0,0,37,103.41,4050.02,1,0,1,1,0,0,1,0,Female,New York,One year,Credit card (automatic),Fiber optic
2026-04-14T12:11:17.533790,CUST_000298,0,1,1,20,92.97,1913.35,1,1,1,0,0,0,0,1,Female,Phoenix,One year,Mailed check,DSL
2026-04-14T12:12:17.546151,CUST_000299,0,0,0,24,113.9,2696.64,1,1,1,1,0,0,1,1,Female,Los Angeles,Two year,Bank transfer (automatic),Fiber optic
2026-04-14T12:13:17.560324,CUST_000300,0,1,1,53,95.8,4698.85,1,1,0,1,1,1,0,0,Male,Los Angeles,Two year,Credit card (automatic),DSL
2026-04-14T12:14:17.570393,CUST_000301,0,1,0,15,95.38,1401.23,1,0,0,1,1,0,1,0,Male,Phoenix,One year,Credit card (automatic),DSL
2026-04-14T12:15:17.587067,CUST_000302,0,0,1,5,106.64,556.53,1,1,1,1,1,0,0,0,Male,San Francisco,Month-to-month,Electronic check,Fiber optic
2026-04-14T12:16:17.600915,CUST_000303,0,1,0,7,103.38,707.09,1,0,1,0,0,1,1,0,Female,Chicago,Month-to-month,Credit card (automatic),Fiber optic
2026-04-14T12:17:17.604593,CUST_000304,0,1,1,47,98.84,4393.44,1,0,1,0,0,1,1,1,Male,San Francisco,One year,Bank transfer (automatic),DSL
2026-04-14T12:18:17.622769,CUST_000305,0,0,0,20,88.8,1849.7,0,0,1,1,0,0,1,1,Male,Los Angeles,Month-to-month,Electronic check,Fiber optic
2026-04-14T12:19:17.648109,CUST_000306,0,0,0,72,103.54,8153.6,1,1,1,0,1,0,0,1,Male,San Francisco,Two year,Bank transfer (automatic),DSL
2026-04-14T12:20:17.664174,CUST_000307,1,1,1,5,105.84,483.76,1,1,1,0,0,0,1,1,Male,San Francisco,Month-to-month,Electronic check,Fiber optic
2026-04-14T12:21:17.681256,CUST_000308,0,0,1,39,91.58,3530.36,1,0,1,1,0,0,1,1,Female,Phoenix,Two year,Bank transfer (automatic),DSL
2026-04-14T12:22:17.697834,CUST_000309,1,0,0,15,106.05,1469.77,1,0,1,0,0,1,0,1,Female,Chicago,Month-to-month,Mailed check,Fiber optic
2026-04-14T12:23:17.711060,CUST_000310,0,1,1,30,96.42,2610.74,1,0,0,0,0,1,1,1,Male,Dallas,One year,Electronic check,DSL
2026-04-14T12:24:17.730034,CUST_000311,0,1,0,54,77.09,4490.65,1,0,1,0,0,0,0,0,Female,Seattle,Two year,Electronic check,DSL
2026-04-14T12:25:17.737679,CUST_000312,0,1,0,21,99.53,2121.6,1,0,1,1,0,0,0,0,Male,San Francisco,Month-to-month,Credit card (automatic),Fiber optic
2026-04-14T12:26:17.748478,CUST_000313,0,1,1,17,111.39,1936.44,1,1,0,1,0,1,0,1,Male,San Diego,Month-to-month,Mailed check,Fiber optic
2026-04-14T12:27:17.762420,CUST_000314,0,1,0,17,107.67,1660.19,1,1,0,0,0,0,0,1,Female,Houston,Month-to-month,Bank transfer (automatic),Fiber optic
2026-04-14T12:28:17.774475,CUST_000315,0,0,0,10,117.94,1117.62,1,1,0,1,1,0,1,0,Male,Seattle,Month-to-month,Bank transfer (automatic),Fiber optic
2026-04-14T12:29:17.789602,CUST_000316,0,1,0,3,119.67,332.56,1,0,1,1,0,0,1,1,Male,Dallas,Month-to-month,Electronic check,Fiber optic
2026-04-14T12:30:17.796006,CUST_000317,0,1,0,16,70.71,1048.22,0,0,0,1,0,0,1,0,Female,Dallas,Month-to-month,Electronic check,Fiber optic
2026-04-14T12:31:17.808368,CUST_000318,0,0,0,10,88.81,799.69,0,0,0,1,0,1,1,0,Male,Los Angeles,Month-to-month,Bank transfer (automatic),Fiber optic
2026-04-14T12:32:17.815546,CUST_000319,0,1,1,19,47.57,936.82,1,0,0,0,0,0,0,0,Female,Chicago,Month-to-month,Electronic check,No
2026-04-14T12:33:17.824873,CUST_000320,0,1,1,12,87.23,1132.45,1,0,0,0,1,0,1,1,Female,Chicago,Month-to-month,Mailed check,DSL
2026-04-14T12:34:17.833533,CUST_000321,0,1,0,17,108.54,1864.17,1,1,0,0,0,0,1,0,Female,San Diego,One year,Credit card (automatic),Fiber optic
2026-04-14T12:35:17.852674,CUST_000322,0,0,0,3,79.08,217.8,1,0,1,0,0,0,1,1,Male,Chicago,Month-to-month,Electronic check,DSL
2026-04-14T12:36:17.857943,CUST_000323,0,1,0,55,117.16,6420.17,1,1,1,0,0,1,1,1,Female,Los Angeles,Two year,Credit card (automatic),Fiber optic
2026-04-14T12:37:17.869830,CUST_000324,0,1,0,62,100.43,5747.59,1,1,0,1,1,1,1,0,Female,San Diego,Two year,Credit card (automatic),DSL
2026-04-14T12:38:17.880263,CUST_000325,1,1,1,71,98.22,6292.45,1,0,0,0,0,0,1,0,Male,San Diego,Two year,Electronic check,Fiber optic
2026-04-14T12:39:17.886359,CUST_000326,0,0,1,17,101.65,1831.97,1,0,0,0,1,0,1,0,Female,Dallas,Month-to-month,Electronic check,Fiber optic
2026-04-14T12:40:17.893032,CUST_000327,0,0,0,53,107.53,5253.6,1,0,1,0,0,0,1,1,Male,New York,Two year,Credit card (automatic),Fiber optic
2026-04-14T12:41:17.907728,CUST_000328,0,1,0,21,91.93,1827.14,1,0,0,0,0,1,1,1,Male,Phoenix,Month-to-month,Electronic check,DSL
2026-04-14T12:42:17.919323,CUST_000329,0,0,1,19,48.96,856.95,1,0,0,0,0,0,0,0,Female,Miami,Month-to-month,Electronic check,No
2026-04-14T12:43:17.937215,CUST_000330,0,1,0,0,87.17,0.0,1,0,1,1,0,0,0,0,Male,Chicago,Month-to-month,Mailed check,DSL
2026-04-14T12:44:17.943367,CUST_000331,0,1,1,53,129.97,7140.67,1,1,1,1,1,1,1,0,Female,Los Angeles,Two year,Credit card (automatic),Fiber optic
2026-04-14T12:45:17.950061,CUST_000332,0,0,1,9,108.59,1015.87,1,0,0,1,0,0,1,0,Female,Chicago,Month-to-month,Electronic check,Fiber optic
2026-04-14T12:46:17.968252,CUST_000333,0,1,0,33,89.62,2884.85,1,0,1,0,1,0,0,1,Male,Miami,Two year,Credit card (automatic),DSL
2026-04-14T12:47:17.976918,CUST_000334,0,1,0,44,128.03,5565.33,1,0,0,0,1,1,1,1,Male,Dallas,One year,Bank transfer (automatic),Fiber optic
2026-04-14T12:48:17.987741,CUST_000335,1,0,0,53,121.84,6613.4,1,0,0,1,1,0,1,0,Male,San Diego,Two year,Credit card (automatic),Fiber optic
2026-04-14T12:49:18.005270,CUST_000336,0,0,0,9,118.4,975.28,1,1,0,1,1,1,1,1,Male,Los Angeles,Month-to-month,Bank transfer (automatic),DSL
2026-04-14T12:50:18.018421,CUST_000337,0,1,1,18,82.66,1468.77,0,0,0,1,0,1,1,0,Male,San Diego,Month-to-month,Bank transfer (automatic),Fiber optic
2026-04-14T12:54:32.114250,CUST_000338,1,1,1,17,110.09,1782.69,1,0,0,0,1,1,1,1,Female,Chicago,Month-to-month,Electronic check,Fiber optic
2026-04-15T08:37:00.189793,CUST_000339,0,1,0,5,99.99,519.26,1,0,1,0,1,1,1,1,Female,Houston,Month-to-month,Mailed check,DSL
2026-04-15T08:38:00.274158,CUST_000340,0,0,0,17,106.24,1962.02,1,0,1,0,0,0,1,1,Male,New York,Month-to-month,Bank transfer (automatic),Fiber optic
2026-04-15T08:39:00.298840,CUST_000341,0,0,0,33,116.51,4022.64,1,1,0,1,0,1,0,1,Female,Los Angeles,One year,Bank transfer (automatic),Fiber optic
2026-04-15T08:40:00.309933,CUST_000342,0,1,0,16,82.24,1418.01,1,1,1,0,1,1,0,0,Female,Chicago,Month-to-month,Credit card (automatic),DSL
2026-04-15T08:41:00.326928,CUST_000343,0,0,1,18,108.58,2031.03,1,1,1,0,0,1,0,1,Female,Dallas,One year,Bank transfer (automatic),Fiber optic
2026-04-15T08:42:00.334469,CUST_000344,0,1,0,37,52.89,2100.88,1,1,0,0,0,0,0,0,Female,Phoenix,One year,Bank transfer (automatic),No
2026-04-15T08:43:00.351720,CUST_000345,0,1,1,24,85.97,2046.06,1,0,0,0,1,0,1,0,Female,Los Angeles,Month-to-month,Bank transfer (automatic),DSL
2026-04-15T08:44:00.375543,CUST_000346,1,1,1,9,129.26,1239.47,1,0,1,1,1,1,0,1,Male,New York,Month-to-month,Electronic check,Fiber optic
2026-04-15T08:45:00.392505,CUST_000347,1,0,1,64,88.46,5369.18,1,0,0,0,0,0,0,0,Male,San Diego,Two year,Credit card (automatic),Fiber optic
2026-04-15T08:46:00.406405,CUST_000348,0,1,0,22,94.71,2143.24,1,0,1,0,0,0,0,1,Female,New York,Month-to-month,Mailed check,Fiber optic
2026-04-15T08:47:00.415301,CUST_000349,0,1,0,37,45.58,1536.43,1,0,0,0,0,0,0,0,Male,New York,One year,Credit card (automatic),No
2026-04-15T08:48:00.435750,CUST_000350,0,1,0,17,115.14,2058.24,1,1,1,1,1,0,0,0,Female,Houston,Month-to-month,Electronic check,Fiber optic
2026-04-15T08:49:00.452081,CUST_000351,1,1,0,18,114.19,2228.36,1,1,0,0,0,0,1,1,Male,San Francisco,Month-to-month,Electronic check,Fiber optic
2026-04-15T08:50:00.460786,CUST_000352,0,0,0,11,85.4,884.74,1,0,1,0,0,0,0,1,Male,San Diego,Month-to-month,Mailed check,DSL
2026-04-15T08:51:00.470974,CUST_000353,0,1,1,24,91.02,2326.92,1,1,1,0,0,0,1,0,Male,San Francisco,One year,Credit card (automatic),DSL
2026-04-15T08:52:00.485335,CUST_000354,0,0,0,35,109.38,3599.76,1,1,0,1,1,1,0,1,Male,San Diego,Two year,Credit card (automatic),Fiber optic
2026-04-15T08:53:00.501263,CUST_000355,0,1,1,6,114.27,635.31,1,1,1,1,1,1,0,1,Male,Dallas,Month-to-month,Bank transfer (automatic),Fiber optic
2026-04-15T08:54:00.516731,CUST_000356,0,0,0,38,52.97,2105.93,1,1,0,0,0,0,0,0,Male,Chicago,One year,Credit card (automatic),No
2026-04-15T08:55:00.533946,CUST_000357,0,1,0,11,74.58,826.53,1,0,0,1,0,1,0,0,Female,San Diego,Month-to-month,Electronic check,DSL
2026-04-15T08:56:00.536996,CUST_000358,0,1,0,46,121.32,6019.76,1,0,1,0,1,0,1,1,Male,San Diego,One year,Electronic check,Fiber optic
2026-04-15T08:57:00.554737,CUST_000359,0,0,0,72,57.47,4216.4,1,1,0,0,0,0,0,0,Male,Seattle,Two year,Electronic check,No
2026-04-15T08:58:00.563573,CUST_000360,0,1,0,1,96.44,94.47,1,0,0,1,1,1,0,1,Female,New York,Month-to-month,Electronic check,DSL
2026-04-15T08:59:00.579979,CUST_000361,0,1,0,44,81.97,3781.2,1,0,1,1,0,0,0,1,Male,Chicago,One year,Bank transfer (automatic),DSL
2026-04-15T09:00:00.593892,CUST_000362,0,1,0,36,112.54,3904.65,1,0,1,1,0,1,1,0,Female,San Francisco,One year,Credit card (automatic),Fiber optic
2026-04-15T09:01:00.610851,CUST_000363,1,1,0,8,105.62,923.64,1,0,0,0,1,1,0,0,Female,New York,Month-to-month,Electronic check,Fiber optic
2026-04-15T09:02:00.613166,CUST_000364,0,1,0,10,87.88,901.5,1,0,0,1,1,1,0,0,Male,Seattle,Month-to-month,Electronic check,DSL
2026-04-15T09:03:00.619103,CUST_000365,0,1,0,23,89.54,1927.44,1,1,1,0,0,1,0,1,Female,Seattle,One year,Bank transfer (automatic),DSL
2026-04-15T09:04:00.636227,CUST_000366,0,0,1,23,80.65,1683.82,0,0,0,0,0,1,1,0,Male,Dallas,Month-to-month,Electronic check,Fiber optic
2026-04-15T09:05:00.655075,CUST_000367,0,1,1,23,88.53,2088.43,1,0,0,0,0,0,0,0,Female,San Francisco,One year,Bank transfer (automatic),Fiber optic
2026-04-15T09:06:00.669798,CUST_000368,0,0,0,23,43.76,1071.66,1,0,0,0,0,0,0,0,Female,Phoenix,Month-to-month,Electronic check,No
2026-04-15T09:07:00.673258,CUST_000369,0,1,1,24,102.59,2556.36,1,0,1,0,0,1,1,0,Male,New York,Month-to-month,Bank transfer (automatic),Fiber optic
2026-04-15T09:08:00.677782,CUST_000370,0,0,1,27,95.12,2438.74,1,0,0,0,0,1,1,1,Female,San Diego,One year,Electronic check,DSL
2026-04-15T09:09:00.691509,CUST_000371,1,1,0,1,109.84,105.25,1,0,1,0,1,0,0,1,Male,New York,Month-to-month,Mailed check,Fiber optic
2026-04-15T09:10:00.701181,CUST_000372,0,1,0,34,117.88,3920.16,1,0,1,0,0,0,1,1,Female,Chicago,One year,Bank transfer (automatic),Fiber optic
2026-04-15T09:11:00.710762,CUST_000373,0,0,0,7,89.91,581.25,1,0,1,1,1,1,0,0,Female,Los Angeles,Month-to-month,Bank transfer (automatic),DSL
2026-04-15T09:12:01.393707,CUST_000374,1,1,0,9,78.47,748.8,1,0,0,1,1,0,0,1,Male,Chicago,Month-to-month,Electronic check,DSL
2026-04-15T09:13:02.336810,CUST_000375,0,1,0,15,60.27,935.31,1,1,0,0,0,0,0,0,Female,San Francisco,Month-to-month,Mailed check,No
2026-04-15T09:14:03.287818,CUST_000376,0,0,0,31,95.46,3000.4,1,0,0,0,1,1,0,1,Male,Los Angeles,One year,Credit card (automatic),DSL
2026-04-15T10:42:35.996797,CUST_000377,0,1,0,41,108.95,4699.78,1,0,1,1,1,0,1,0,Female,Los Angeles,One year,Electronic check,Fiber optic
2026-04-15T10:43:36.010117,CUST_000378,1,1,0,48,86.37,3937.64,1,0,1,1,0,1,0,1,Male,San Francisco,One year,Credit card (automatic),DSL
2026-04-15T10:44:36.036122,CUST_000379,1,0,0,16,49.75,868.55,1,0,0,0,0,0,0,0,Male,Chicago,Month-to-month,Bank transfer (automatic),No
2026-04-15T10:45:36.053854,CUST_000380,0,0,1,44,86.53,3954.15,1,0,1,1,0,0,1,0,Female,Houston,One year,Credit card (automatic),DSL
2026-04-15T10:46:36.060545,CUST_000381,0,1,0,13,114.72,1418.75,1,1,0,1,1,1,0,1,Male,Chicago,Month-to-month,Electronic check,Fiber optic
2026-04-15T10:47:36.078362,CUST_000382,1,1,1,7,54.79,379.93,1,1,0,0,0,0,0,0,Male,Dallas,Month-to-month,Mailed check,No
2026-04-15T10:48:36.101878,CUST_000383,1,1,0,16,104.17,1525.36,1,1,0,0,1,1,0,0,Female,Phoenix,Month-to-month,Bank transfer (automatic),Fiber optic
2026-04-15T10:49:36.116943,CUST_000384,0,1,1,18,56.32,1027.68,1,1,0,0,0,0,0,0,Male,Dallas,One year,Credit card (automatic),No
2026-04-15T10:50:36.132449,CUST_000385,0,0,0,67,89.54,6237.05,1,1,1,0,0,0,0,0,Male,Phoenix,Two year,Credit card (automatic),DSL
2026-04-15T10:51:36.143611,CUST_000386,0,1,0,22,120.55,2913.31,1,1,1,1,1,0,1,0,Male,Los Angeles,Month-to-month,Mailed check,Fiber optic
2026-04-15T10:52:36.157642,CUST_000387,0,1,0,11,69.27,786.76,0,0,1,0,0,0,1,1,Female,Miami,Month-to-month,Mailed check,DSL
2026-04-15T10:53:36.171030,CUST_000388,0,1,1,58,51.98,2957.8,1,1,0,0,0,0,0,0,Female,Houston,Two year,Bank transfer (automatic),No
2026-04-15T10:54:36.175932,CUST_000389,0,0,0,1,41.26,40.41,1,0,0,0,0,0,0,0,Female,San Diego,Month-to-month,Electronic check,No
2026-04-15T10:55:36.180952,CUST_000390,1,1,0,22,104.22,2156.66,1,0,0,1,1,0,0,0,Female,Dallas,One year,Bank transfer (automatic),Fiber optic
2026-04-15T10:56:36.185220,CUST_000391,0,1,0,67,93.99,5688.82,1,0,0,0,1,0,0,0,Male,Houston,Two year,Credit card (automatic),Fiber optic
2026-04-15T10:57:36.191357,CUST_000392,1,1,0,13,76.98,961.36,0,0,1,0,0,0,0,1,Male,Chicago,Month-to-month,Electronic check,Fiber optic
2026-04-15T10:58:36.207457,CUST_000393,0,1,0,52,111.64,6307.45,1,0,0,1,0,0,1,1,Male,Chicago,Two year,Mailed check,Fiber optic
2026-04-15T10:59:36.224662,CUST_000394,0,0,1,24,44.55,979.41,1,0,0,0,0,0,0,0,Female,Los Angeles,Month-to-month,Credit card (automatic),No
2026-04-15T11:00:36.236353,CUST_000395,0,0,0,6,107.05,654.21,1,0,0,1,0,0,1,0,Male,Los Angeles,Month-to-month,Electronic check,Fiber optic
2026-04-15T11:01:36.260124,CUST_000396,0,0,0,35,104.15,3632.39,1,1,1,0,0,0,0,0,Male,San Francisco,One year,Electronic check,Fiber optic
2026-04-15T11:02:36.283675,CUST_000397,0,1,0,32,118.33,3759.51,1,0,1,1,0,1,1,1,Female,Phoenix,Two year,Credit card (automatic),Fiber optic
2026-04-15T11:03:36.293540,CUST_000398,0,1,0,8,97.97,820.12,1,0,0,1,1,0,1,0,Female,Dallas,Month-to-month,Mailed check,DSL
2026-04-15T11:04:36.304781,CUST_000399,0,0,0,51,114.84,5817.2,1,1,1,1,0,0,1,0,Male,New York,Two year,Mailed check,Fiber optic
2026-04-15T11:05:36.320549,CUST_000400,0,1,0,34,101.15,3627.74,1,1,1,0,0,0,1,1,Male,Chicago,One year,Credit card (automatic),DSL
2026-04-15T11:06:36.329485,CUST_000401,0,1,1,61,47.32,2983.88,1,0,0,0,0,0,0,0,Female,Houston,Two year,Electronic check,No
2026-04-15T11:07:36.342376,CUST_000402,0,0,0,26,99.35,2719.98,1,0,0,0,0,1,0,0,Male,San Francisco,One year,Mailed check,Fiber optic
2026-04-15T11:08:36.352649,CUST_000403,0,0,1,18,79.96,1354.44,1,0,0,0,1,0,0,0,Male,Dallas,Month-to-month,Credit card (automatic),DSL
2026-04-15T11:09:36.364505,CUST_000404,0,1,1,16,44.51,642.39,1,0,0,0,0,0,0,0,Male,Miami,Month-to-month,Electronic check,No
2026-04-15T11:10:36.372052,CUST_000405,0,1,1,23,85.62,2054.35,1,0,1,0,1,0,0,0,Male,San Francisco,Month-to-month,Mailed check,DSL
2026-04-15T11:11:36.386543,CUST_000406,0,1,0,30,80.36,2297.09,0,0,0,0,1,1,1,1,Female,San Diego,Two year,Electronic check,Fiber optic
2026-04-15T11:12:36.395042,CUST_000407,0,0,0,16,52.01,787.08,1,0,0,0,0,0,0,0,Male,Miami,Month-to-month,Electronic check,No
2026-04-15T11:13:36.416787,CUST_000408,0,1,1,22,57.73,1316.28,0,0,1,1,0,0,0,0,Male,Los Angeles,Month-to-month,Electronic check,DSL
2026-04-15T11:14:36.441288,CUST_000409,0,1,0,24,94.44,2398.66,1,0,0,0,1,1,0,0,Female,Dallas,Month-to-month,Electronic check,Fiber optic
2026-04-15T11:15:36.449322,CUST_000410,0,1,0,10,124.18,1325.94,1,0,1,1,0,1,1,1,Female,Houston,Month-to-month,Electronic check,Fiber optic
2026-04-15T11:16:36.452448,CUST_000411,0,1,0,10,90.58,841.9,1,0,1,1,0,1,1,0,Female,Phoenix,Month-to-month,Electronic check,DSL
2026-04-15T11:17:36.457160,CUST_000412,0,0,0,33,90.31,2773.74,0,0,0,0,1,0,1,1,Male,Seattle,Two year,Credit card (automatic),Fiber optic
2026-04-15T11:18:36.483855,CUST_000413,0,1,0,19,116.23,2252.12,1,1,0,1,1,0,0,1,Male,Dallas,Month-to-month,Electronic check,Fiber optic
2026-04-15T11:19:36.492975,CUST_000414,0,1,0,26,88.44,2306.33,1,0,1,0,0,1,1,0,Male,San Diego,One year,Electronic check,DSL
2026-04-15T11:20:36.497269,CUST_000415,0,1,1,19,98.11,1761.13,1,0,1,0,0,1,0,1,Male,Dallas,One year,Electronic check,DSL
2026-04-15T11:21:36.505587,CUST_000416,0,1,0,24,48.49,1182.33,1,0,0,0,0,0,0,0,Female,Houston,Month-to-month,Mailed check,No
2026-04-15T11:22:36.510834,CUST_000417,0,1,0,37,120.48,4369.51,1,1,0,1,0,1,0,1,Female,San Diego,Two year,Credit card (automatic),Fiber optic
2026-04-15T11:23:36.522968,CUST_000418,0,1,0,38,92.64,3655.36,1,0,1,0,1,1,0,0,Male,San Francisco,Two year,Mailed check,DSL
2026-04-15T11:24:36.534545,CUST_000419,0,1,1,11,92.02,939.72,1,1,0,1,1,0,1,1,Female,Dallas,Month-to-month,Bank transfer (automatic),DSL
2026-04-15T11:25:36.551978,CUST_000420,0,1,1,33,123.26,4244.37,1,1,1,1,0,0,1,1,Female,San Diego,One year,Credit card (automatic),Fiber optic
2026-04-15T11:26:36.562483,CUST_000421,0,0,1,13,85.49,1029.4,1,0,1,0,1,1,0,1,Female,Phoenix,Month-to-month,Electronic check,DSL
2026-04-15T11:27:36.568575,CUST_000422,1,1,0,31,106.67,3034.83,1,1,1,0,0,0,0,1,Female,Los Angeles,Two year,Credit card (automatic),Fiber optic
2026-04-15T11:28:36.593580,CUST_000423,0,1,0,21,94.03,2040.16,1,0,1,1,0,0,0,1,Female,Phoenix,Month-to-month,Mailed check,DSL
2026-04-15T11:29:36.610795,CUST_000424,0,0,0,53,58.77,2944.17,1,1,0,0,0,0,0,0,Male,New York,Two year,Bank transfer (automatic),No
2026-04-15T11:30:36.619264,CUST_000425,0,0,0,5,127.03,689.13,1,1,0,0,1,1,1,1,Male,Phoenix,Month-to-month,Electronic check,Fiber optic
2026-04-15T11:31:36.635815,CUST_000426,1,0,0,30,83.67,2643.22,0,0,1,0,0,0,1,1,Male,Los Angeles,Two year,Bank transfer (automatic),Fiber optic
2026-04-15T11:32:36.644315,CUST_000427,0,0,1,15,120.14,1862.13,1,1,1,1,1,0,1,0,Female,Miami,Month-to-month,Bank transfer (automatic),Fiber optic
2026-04-15T11:33:36.669258,CUST_000428,0,0,0,65,119.19,7276.16,1,0,1,1,0,0,1,1,Female,Los Angeles,Two year,Bank transfer (automatic),Fiber optic
2026-04-15T11:34:36.685766,CUST_000429,0,0,0,16,78.13,1209.72,0,0,0,0,0,1,0,1,Male,Chicago,One year,Bank transfer (automatic),Fiber optic
2026-04-15T11:35:36.697465,CUST_000430,0,0,1,17,102.14,1791.41,1,1,1,1,0,0,1,1,Female,San Francisco,Month-to-month,Electronic check,DSL
2026-04-15T11:36:36.704720,CUST_000431,0,1,0,38,126.69,4482.49,1,1,1,0,1,0,1,1,Female,San Diego,Two year,Credit card (automatic),Fiber optic
2026-04-15T11:37:36.713215,CUST_000432,0,1,0,8,94.5,708.25,1,1,0,0,1,0,0,1,Male,Houston,Month-to-month,Electronic check,DSL
2026-04-15T11:38:36.729636,CUST_000433,0,1,0,22,66.11,1407.82,0,0,1,0,1,0,0,1,Female,Seattle,Month-to-month,Electronic check,DSL
2026-04-15T12:34:44.574677,CUST_000434,0,1,0,26,42.68,1198.26,1,0,0,0,0,0,0,0,Female,Dallas,One year,Credit card (automatic),No
2026-04-15T12:35:44.589013,CUST_000435,0,0,1,45,97.07,4505.11,1,0,0,1,0,1,1,0,Male,Houston,Two year,Mailed check,Fiber optic
2026-04-15T12:36:44.603198,CUST_000436,0,0,1,43,94.77,3851.23,1,0,0,1,1,1,1,1,Female,Seattle,Two year,Electronic check,DSL
2026-04-15T12:37:44.616103,CUST_000437,0,1,0,25,110.41,2545.81,1,0,0,1,1,1,1,0,Female,Phoenix,Two year,Credit card (automatic),Fiber optic
2026-04-15T12:38:44.619727,CUST_000438,0,1,0,26,105.83,2554.23,1,0,1,1,0,0,0,0,Male,New York,One year,Credit card (automatic),Fiber optic
2026-04-15T12:39:44.621928,CUST_000439,1,0,0,51,129.85,6267.87,1,1,1,1,0,0,1,1,Female,New York,Two year,Bank transfer (automatic),Fiber optic
2026-04-15T12:40:44.640603,CUST_000440,0,0,0,23,109.63,2578.56,1,1,1,1,1,1,0,0,Female,Chicago,One year,Electronic check,DSL
2026-04-15T12:41:44.664704,CUST_000441,0,0,1,22,114.7,2472.04,1,0,1,1,1,1,0,0,Female,Seattle,Month-to-month,Credit card (automatic),Fiber optic
2026-04-15T12:42:44.685397,CUST_000442,0,0,1,7,101.81,745.25,1,0,0,0,0,1,1,0,Female,Chicago,Month-to-month,Electronic check,Fiber optic
2026-04-15T12:43:44.695556,CUST_000443,0,0,0,50,118.92,5683.91,1,0,1,0,0,1,1,1,Male,Houston,Two year,Credit card (automatic),Fiber optic
2026-04-15T12:44:44.709122,CUST_000444,0,1,1,17,119.37,1932.56,1,0,1,1,0,1,1,1,Male,San Diego,Month-to-month,Credit card (automatic),Fiber optic
2026-04-15T12:45:44.720522,CUST_000445,0,1,0,20,55.63,1029.93,1,1,0,0,0,0,0,0,Female,Miami,Month-to-month,Bank transfer (automatic),No
2026-04-15T12:46:44.734827,CUST_000446,0,1,1,3,88.7,244.26,1,1,1,1,0,0,0,0,Female,Los Angeles,Month-to-month,Mailed check,DSL
2026-04-15T12:47:44.749840,CUST_000447,0,0,0,24,87.97,2247.53,1,0,0,1,0,0,1,0,Female,Los Angeles,Month-to-month,Mailed check,DSL
2026-04-15T12:48:44.763863,CUST_000448,0,0,1,5,99.12,516.61,1,0,1,0,0,0,0,0,Female,Miami,Month-to-month,Electronic check,Fiber optic
2026-04-15T12:49:44.776683,CUST_000449,0,0,0,16,80.71,1351.95,1,0,0,1,0,0,0,1,Male,Houston,Month-to-month,Credit card (automatic),DSL
2026-04-15T12:50:44.780301,CUST_000450,0,1,1,54,84.39,4384.5,1,1,0,1,0,0,1,0,Male,Los Angeles,Two year,Electronic check,DSL
2026-04-15T12:51:44.817093,CUST_000451,1,1,1,32,85.82,2632.31,1,1,0,0,1,1,0,0,Male,Houston,One year,Bank transfer (automatic),DSL
2026-04-15T12:52:44.833149,CUST_000452,0,1,0,22,75.49,1807.28,1,0,1,0,0,0,0,0,Male,Houston,Month-to-month,Bank transfer (automatic),DSL
2026-04-15T12:53:44.843135,CUST_000453,0,1,0,38,125.31,4893.6,1,1,1,1,0,1,1,1,Male,Phoenix,Two year,Bank transfer (automatic),Fiber optic
2026-04-15T12:54:44.856990,CUST_000454,0,0,0,2,92.65,177.68,1,0,1,1,1,0,0,1,Male,Chicago,Month-to-month,Electronic check,DSL
2026-04-15T12:55:44.872469,CUST_000455,0,1,0,52,78.9,3838.75,1,1,0,0,0,0,0,1,Female,Miami,Two year,Mailed check,DSL
2026-04-15T12:56:44.875751,CUST_000456,0,0,1,8,45.85,350.14,1,1,0,0,0,0,0,0,Male,San Diego,Month-to-month,Bank transfer (automatic),No
2026-04-15T12:57:44.881891,CUST_000457,0,1,1,70,135.35,8823.78,1,1,1,1,1,0,1,1,Male,Phoenix,Two year,Bank transfer (automatic),Fiber optic
2026-04-15T12:58:44.906168,CUST_000458,0,1,0,61,52.38,3324.17,0,0,1,0,0,0,0,0,Female,Los Angeles,Two year,Bank transfer (automatic),DSL
2026-04-15T12:59:44.920395,CUST_000459,0,0,0,6,50.15,273.75,1,0,0,0,0,0,0,0,Female,Houston,Month-to-month,Credit card (automatic),No
2026-04-15T13:00:44.936879,CUST_000460,0,0,0,25,94.74,2506.53,1,1,1,1,1,0,0,0,Female,Los Angeles,One year,Bank transfer (automatic),DSL
2026-04-15T13:01:44.941239,CUST_000461,1,0,0,24,109.91,2526.14,1,1,1,1,1,0,0,0,Male,San Diego,Month-to-month,Electronic check,Fiber optic
2026-04-15T13:02:44.947955,CUST_000462,0,1,1,14,124.87,1905.71,1,1,0,1,1,1,1,1,Male,Phoenix,Month-to-month,Electronic check,Fiber optic
2026-04-15T13:03:44.954432,CUST_000463,0,1,1,20,105.64,1951.26,1,1,0,1,0,0,0,1,Male,New York,Month-to-month,Electronic check,Fiber optic
2026-04-15T13:04:44.969926,CUST_000464,0,1,1,20,40.05,834.29,1,0,0,0,0,0,0,0,Female,Chicago,Month-to-month,Bank transfer (automatic),No
2026-04-15T13:05:44.980066,CUST_000465,0,0,1,35,43.11,1432.88,1,0,0,0,0,0,0,0,Female,San Diego,One year,Credit card (automatic),No
2026-04-15T13:06:44.997185,CUST_000466,0,1,0,12,44.48,582.44,1,1,0,0,0,0,0,0,Female,San Diego,Month-to-month,Credit card (automatic),No
2026-04-15T13:07:45.003013,CUST_000467,0,1,0,59,92.07,4954.8,1,0,0,1,1,1,0,0,Female,San Diego,Two year,Credit card (automatic),DSL
2026-04-15T13:08:45.018016,CUST_000468,1,0,1,5,110.04,591.47,1,1,1,0,1,1,1,0,Male,Los Angeles,Month-to-month,Electronic check,DSL
2026-04-15T13:09:45.024107,CUST_000469,0,1,0,24,97.76,2418.37,1,1,0,0,0,0,0,1,Female,Chicago,Month-to-month,Mailed check,Fiber optic
2026-04-15T13:10:45.032246,CUST_000470,0,0,0,53,110.01,6385.43,1,1,1,0,0,0,1,1,Female,Seattle,Two year,Credit card (automatic),Fiber optic
2026-04-15T13:11:45.045385,CUST_000471,0,1,0,22,46.64,990.62,1,1,0,0,0,0,0,0,Female,Houston,One year,Bank transfer (automatic),No
2026-04-15T13:12:45.058764,CUST_000472,1,1,0,2,75.95,159.81,1,0,0,0,0,0,1,0,Female,Houston,Month-to-month,Electronic check,DSL
2026-04-15T13:13:45.072193,CUST_000473,0,1,0,35,126.28,4248.79,1,1,1,1,1,1,0,0,Female,Phoenix,One year,Mailed check,Fiber optic
2026-04-15T13:14:45.080769,CUST_000474,0,1,0,64,46.37,2811.67,1,1,0,0,0,0,0,0,Male,San Diego,Two year,Bank transfer (automatic),No
2026-04-15T13:15:45.095799,CUST_000475,0,0,0,9,113.04,1008.29,1,0,0,0,1,0,1,1,Male,New York,Month-to-month,Mailed check,Fiber optic
2026-04-15T13:16:45.105626,CUST_000476,0,1,1,16,104.16,1554.55,1,1,1,0,0,0,0,0,Male,Houston,Month-to-month,Bank transfer (automatic),Fiber optic
2026-04-15T13:17:45.107655,CUST_000477,1,1,0,13,104.97,1295.08,1,1,0,0,1,0,0,1,Male,San Francisco,One year,Bank transfer (automatic),Fiber optic
2026-04-15T13:18:45.112414,CUST_000478,0,1,0,13,87.36,1055.09,1,0,1,0,0,1,0,1,Male,Miami,Month-to-month,Mailed check,DSL
2026-04-15T13:19:45.116808,CUST_000479,0,1,0,41,128.0,4800.9,1,1,1,0,1,0,1,1,Female,San Diego,Two year,Bank transfer (automatic),Fiber optic
2026-04-15T13:20:45.134144,CUST_000480,0,1,0,54,96.48,5706.51,1,0,0,1,1,0,0,1,Female,New York,Two year,Bank transfer (automatic),DSL
2026-04-15T13:21:45.148747,CUST_000481,0,1,0,2,46.6,92.69,1,0,0,0,0,0,0,0,Male,Houston,Month-to-month,Electronic check,No
2026-04-15T13:22:45.157264,CUST_000482,0,0,0,70,100.91,6592.21,1,0,1,0,0,0,1,0,Male,Chicago,Two year,Credit card (automatic),Fiber optic
2026-04-15T13:23:45.175194,CUST_000483,1,1,1,3,105.38,294.55,1,1,0,0,0,0,1,1,Male,San Diego,Month-to-month,Bank transfer (automatic),Fiber optic
2026-04-15T13:24:45.183842,CUST_000484,0,1,0,24,95.01,2413.92,1,0,0,0,1,1,1,0,Male,Dallas,Two year,Bank transfer (automatic),DSL
2026-04-15T13:25:45.186760,CUST_000485,0,1,0,16,103.09,1534.53,1,1,0,0,1,1,1,0,Female,San Francisco,Month-to-month,Mailed check,Fiber optic
2026-04-15T13:26:45.196046,CUST_000486,0,0,0,3,107.22,322.49,1,1,1,1,0,1,1,1,Male,Seattle,Month-to-month,Electronic check,DSL
2026-04-15T13:27:45.213385,CUST_000487,0,0,0,31,109.42,3575.88,1,0,0,0,0,1,1,1,Female,Phoenix,One year,Mailed check,Fiber optic
2026-04-15T13:28:45.228507,CUST_000488,0,1,1,12,48.7,605.22,1,0,0,0,0,0,0,0,Male,Phoenix,One year,Credit card (automatic),No
2026-04-15T13:29:45.236349,CUST_000489,1,1,0,44,89.87,3680.54,1,0,0,1,1,0,1,1,Female,Dallas,Two year,Electronic check,DSL
2026-04-15T13:30:45.253200,CUST_000490,0,1,1,36,91.08,3270.66,1,0,1,1,0,1,0,0,Female,Los Angeles,One year,Bank transfer (automatic),DSL
2026-04-15T13:31:45.261185,CUST_000491,1,0,0,44,129.26,5464.72,1,0,1,0,0,1,1,1,Male,Seattle,One year,Credit card (automatic),Fiber optic
2026-04-15T13:32:45.266644,CUST_000492,0,0,1,4,111.22,438.73,1,0,1,0,0,0,1,1,Female,San Francisco,Month-to-month,Bank transfer (automatic),Fiber optic
2026-04-15T13:33:45.270829,CUST_000493,0,0,0,62,120.53,7097.11,1,1,0,1,1,0,1,1,Female,San Francisco,Two year,Bank transfer (automatic),Fiber optic
2026-04-15T13:34:45.285873,CUST_000494,0,0,1,28,70.03,1953.55,1,0,0,0,0,0,1,0,Male,New York,One year,Credit card (automatic),DSL
2026-04-15T13:35:45.290368,CUST_000495,0,1,0,16,105.83,1801.07,1,0,0,0,1,1,1,1,Male,Phoenix,Month-to-month,Bank transfer (automatic),DSL
2026-04-15T13:36:45.294332,CUST_000496,0,0,0,51,113.1,5968.48,1,0,1,0,0,0,1,1,Male,Dallas,Two year,Credit card (automatic),Fiber optic
2026-04-15T13:37:45.302161,CUST_000497,0,0,0,28,113.71,3501.27,1,0,1,0,1,0,0,1,Male,Chicago,One year,Credit card (automatic),Fiber optic
2026-04-15T13:38:45.317538,CUST_000498,0,0,1,8,107.33,794.44,1,1,0,0,1,0,0,1,Female,San Diego,Month-to-month,Electronic check,Fiber optic
2026-04-15T13:39:45.350230,CUST_000499,0,0,1,23,108.49,2744.49,1,0,0,0,1,1,0,1,Male,Houston,Month-to-month,Bank transfer (automatic),Fiber optic
2026-04-15T13:40:45.354678,CUST_000500,0,0,0,41,110.49,4380.62,1,0,1,1,1,0,1,1,Female,Chicago,Two year,Electronic check,Fiber optic
2026-04-15T13:41:45.379486,CUST_000501,0,0,1,70,107.37,7052.38,1,0,0,1,1,0,1,1,Female,Chicago,Two year,Credit card (automatic),DSL
2026-04-15T13:42:45.385172,CUST_000502,1,1,0,5,100.68,551.24,1,0,0,0,1,0,1,1,Male,Miami,Month-to-month,Electronic check,Fiber optic
2026-04-15T13:43:45.402398,CUST_000503,0,1,0,29,127.47,3894.22,1,0,1,0,1,1,1,1,Male,San Diego,One year,Bank transfer (automatic),Fiber optic
2026-04-15T13:44:45.412869,CUST_000504,0,0,1,26,93.73,2541.04,1,1,0,1,0,1,0,0,Male,Miami,One year,Credit card (automatic),DSL
2026-04-15T13:45:45.417785,CUST_000505,0,1,0,13,83.74,1185.21,0,0,1,1,0,1,0,0,Male,Miami,Month-to-month,Bank transfer (automatic),Fiber optic
2026-04-15T13:46:45.428011,CUST_000506,1,1,0,2,93.59,188.44,1,0,0,1,1,0,1,0,Male,Dallas,Month-to-month,Electronic check,DSL
2026-04-15T13:47:45.434825,CUST_000507,0,0,0,8,106.3,850.19,1,0,1,1,1,0,1,0,Male,Seattle,Month-to-month,Mailed check,Fiber optic
2026-04-15T13:48:45.447940,CUST_000508,0,1,1,56,117.99,6347.14,1,0,1,1,0,1,1,1,Male,Dallas,Two year,Electronic check,Fiber optic
2026-04-15T13:49:45.455726,CUST_000509,0,1,0,15,119.69,1669.12,1,0,1,0,0,1,1,0,Male,Seattle,Month-to-month,Electronic check,Fiber optic
2026-04-15T13:50:45.474522,CUST_000510,0,1,0,20,52.26,1033.25,0,0,0,1,0,0,0,0,Female,New York,Month-to-month,Bank transfer (automatic),DSL
2026-04-15T13:51:45.479900,CUST_000511,0,1,0,1,56.49,56.79,1,1,0,0,0,0,0,0,Female,Phoenix,Month-to-month,Electronic check,No
2026-04-15T13:52:45.495960,CUST_000512,1,1,0,16,82.91,1297.95,0,0,1,0,1,1,1,1,Male,Phoenix,Month-to-month,Electronic check,Fiber optic
2026-04-15T13:53:45.498156,CUST_000513,1,0,1,12,47.37,581.6,1,0,0,0,0,0,0,0,Female,San Diego,Month-to-month,Electronic check,No
2026-04-15T13:54:45.500805,CUST_000514,0,0,0,54,58.82,3282.82,1,1,0,0,0,0,0,0,Female,Los Angeles,Two year,Mailed check,No
2026-04-15T13:55:45.510213,CUST_000515,0,0,0,57,113.63,6556.53,1,1,0,0,0,1,1,0,Female,Los Angeles,Two year,Bank transfer (automatic),Fiber optic
2026-04-15T13:56:45.535738,CUST_000516,0,1,0,26,117.67,3333.89,1,0,0,1,1,1,1,0,Male,Phoenix,One year,Bank transfer (automatic),Fiber optic
2026-04-15T13:57:45.541548,CUST_000517,0,1,0,42,47.23,2013.59,1,0,0,0,0,0,0,0,Female,San Diego,Two year,Mailed check,No
2026-04-15T13:58:45.550118,CUST_000518,0,0,0,2,92.75,184.7,1,0,0,1,0,0,1,1,Male,Los Angeles,Month-to-month,Electronic check,DSL
2026-04-15T13:59:45.566048,CUST_000519,0,1,0,15,106.32,1481.67,1,0,1,1,1,1,1,1,Male,Dallas,One year,Credit card (automatic),DSL
2026-04-15T14:00:45.589885,CUST_000520,0,1,0,0,102.96,0.0,1,1,1,0,1,1,1,0,Female,Houston,Month-to-month,Credit card (automatic),DSL
2026-04-15T14:01:45.602121,CUST_000521,0,0,0,11,82.7,922.69,0,0,0,0,1,0,1,1,Male,Miami,Month-to-month,Electronic check,Fiber optic
2026-04-15T14:02:45.614515,CUST_000522,0,1,0,42,42.19,1644.65,1,0,0,0,0,0,0,0,Female,New York,Two year,Credit card (automatic),No
2026-04-15T14:03:45.632315,CUST_000523,0,0,0,18,119.56,2248.65,1,0,0,1,1,1,1,1,Male,Los Angeles,Month-to-month,Mailed check,Fiber optic
2026-04-15T14:04:45.646513,CUST_000524,1,1,0,32,47.08,1642.39,1,0,0,0,0,0,0,0,Male,New York,One year,Credit card (automatic),No
2026-04-15T14:05:45.653457,CUST_000525,0,1,1,16,78.23,1304.15,0,0,1,1,0,0,0,0,Male,San Diego,Month-to-month,Mailed check,Fiber optic
2026-04-15T14:06:45.663168,CUST_000526,0,0,0,45,76.81,3445.94,1,0,0,0,0,1,0,0,Male,Houston,One year,Electronic check,DSL
2026-04-15T14:07:45.676885,CUST_000527,0,1,0,2,44.37,81.49,1,0,0,0,0,0,0,0,Female,Seattle,Month-to-month,Mailed check,No
2026-04-15T14:08:45.699616,CUST_000528,0,1,1,47,88.42,3972.97,1,1,1,0,0,0,0,1,Male,San Francisco,Two year,Bank transfer (automatic),DSL
2026-04-15T14:09:45.719251,CUST_000529,0,1,1,51,99.71,5185.32,1,0,0,1,1,0,1,1,Male,Los Angeles,Two year,Credit card (automatic),DSL
2026-04-15T14:10:45.722536,CUST_000530,0,0,0,11,92.32,940.06,1,0,1,1,1,0,0,1,Female,New York,Month-to-month,Electronic check,DSL
2026-04-15T14:11:45.745096,CUST_000531,0,1,0,12,112.25,1362.09,1,1,1,0,1,0,1,0,Female,New York,One year,Credit card (automatic),Fiber optic
2026-04-15T14:12:45.758495,CUST_000532,0,1,0,29,68.31,2068.31,0,0,0,1,1,0,0,1,Male,Seattle,Two year,Mailed check,DSL
2026-04-15T14:13:45.773313,CUST_000533,0,1,0,21,117.14,2309.85,1,0,1,0,1,0,1,1,Female,Dallas,Month-to-month,Bank transfer (automatic),Fiber optic
2026-04-17T09:30:32.405524,CUST_000534,0,1,0,48,50.58,2244.24,1,0,0,0,0,0,0,0,Male,Chicago,One year,Credit card (automatic),No
2026-04-17T09:31:32.470294,CUST_000535,1,0,0,69,108.95,7583.5,1,1,0,1,0,0,0,0,Female,Phoenix,Two year,Electronic check,Fiber optic
2026-04-17T09:32:32.474890,CUST_000536,1,0,1,9,113.71,950.96,1,0,0,1,0,1,1,0,Male,Seattle,Month-to-month,Electronic check,Fiber optic
2026-04-17T09:33:32.491201,CUST_000537,0,1,0,43,119.84,5302.8,1,1,1,1,1,0,0,1,Female,Los Angeles,Two year,Bank transfer (automatic),Fiber optic
2026-04-17T09:34:32.500453,CUST_000538,0,0,0,9,87.15,747.16,0,0,0,1,1,0,0,1,Female,Chicago,Month-to-month,Electronic check,Fiber optic
2026-04-17T09:35:32.518052,CUST_000539,0,0,0,10,97.4,956.58,1,0,1,0,0,0,0,1,Male,San Diego,Month-to-month,Electronic check,Fiber optic
2026-04-17T09:36:32.525519,CUST_000540,0,1,0,7,98.02,722.08,1,1,1,0,1,0,0,1,Female,Phoenix,Month-to-month,Electronic check,DSL
2026-04-17T09:37:32.536322,CUST_000541,0,0,1,39,102.19,3743.79,1,0,0,1,0,1,1,1,Male,Los Angeles,Two year,Bank transfer (automatic),Fiber optic
2026-04-17T09:38:32.543420,CUST_000542,0,0,1,13,19.09,248.97,0,0,0,0,0,0,0,0,Male,Los Angeles,Month-to-month,Bank transfer (automatic),No
2026-04-17T09:39:32.552415,CUST_000543,0,0,0,5,124.48,674.39,1,0,1,1,1,1,0,0,Female,San Diego,Month-to-month,Electronic check,Fiber optic
2026-04-17T09:40:32.563517,CUST_000544,1,1,0,13,55.05,687.57,1,1,0,0,0,0,0,0,Male,San Diego,One year,Electronic check,No
2026-04-17T09:41:32.571770,CUST_000545,0,1,0,30,78.87,2602.04,1,0,1,1,1,0,0,0,Female,Houston,One year,Credit card (automatic),DSL
2026-04-17T09:42:32.590716,CUST_000546,1,1,0,51,129.4,6024.75,1,1,1,0,1,1,1,0,Female,Dallas,Two year,Electronic check,Fiber optic
2026-04-17T09:43:32.601560,CUST_000547,0,0,1,7,91.49,678.24,1,0,0,0,1,0,1,1,Female,Houston,Month-to-month,Bank transfer (automatic),DSL
2026-04-17T09:44:32.612110,CUST_000548,0,1,0,41,91.21,3505.72,1,0,1,1,1,1,1,0,Male,New York,Two year,Bank transfer (automatic),DSL
2026-04-17T09:45:32.618102,CUST_000549,0,1,0,48,85.3,4150.43,0,0,0,1,1,0,1,0,Male,New York,One year,Electronic check,Fiber optic
2026-04-17T09:46:32.634951,CUST_000550,0,1,1,14,102.72,1493.31,1,1,1,1,1,0,0,1,Male,Miami,Month-to-month,Credit card (automatic),DSL
2026-04-17T09:47:32.652546,CUST_000551,0,1,0,61,58.01,3354.23,0,0,0,0,0,1,0,1,Male,Los Angeles,Two year,Electronic check,DSL
2026-04-17T09:48:32.657921,CUST_000552,0,0,0,24,98.04,2499.8,1,1,1,1,1,1,0,0,Male,Houston,Two year,Bank transfer (automatic),DSL
2026-04-17T09:49:32.680322,CUST_000553,0,1,0,1,120.2,123.87,1,1,0,1,1,1,0,0,Female,Miami,Month-to-month,Electronic check,Fiber optic
2026-04-17T09:50:32.687982,CUST_000554,0,1,1,28,88.47,2625.46,1,1,1,0,0,0,1,1,Female,Los Angeles,Two year,Bank transfer (automatic),DSL
2026-04-17T09:51:32.696213,CUST_000555,0,0,0,27,107.2,2844.18,1,1,0,1,0,0,0,0,Male,Seattle,One year,Credit card (automatic),Fiber optic
2026-04-17T09:52:32.711645,CUST_000556,0,0,1,7,115.03,735.48,1,1,0,0,0,1,1,1,Male,Los Angeles,Month-to-month,Electronic check,Fiber optic
2026-04-17T09:53:32.728720,CUST_000557,0,0,0,23,110.76,2483.15,1,1,0,0,0,0,1,0,Female,Houston,Month-to-month,Electronic check,Fiber optic
2026-04-17T09:54:32.739859,CUST_000558,0,1,1,39,115.85,4535.03,1,1,1,1,0,1,0,0,Male,Dallas,One year,Credit card (automatic),Fiber optic
2026-04-17T09:55:32.746849,CUST_000559,0,0,0,33,114.36,3808.92,1,0,0,0,1,1,1,1,Female,Miami,Two year,Bank transfer (automatic),Fiber optic
2026-04-17T09:56:32.764327,CUST_000560,0,1,0,44,75.48,3596.09,1,0,0,0,1,0,0,0,Male,San Francisco,One year,Bank transfer (automatic),DSL
2026-04-17T09:57:32.769890,CUST_000561,1,0,0,43,103.46,4573.0,1,0,0,1,1,0,0,0,Female,Chicago,One year,Credit card (automatic),Fiber optic
2026-04-17T09:58:32.781872,CUST_000562,0,1,1,71,110.12,7929.95,1,0,0,0,1,0,0,1,Female,Houston,Two year,Credit card (automatic),Fiber optic
2026-04-17T09:59:32.786880,CUST_000563,0,1,0,24,109.9,2556.38,1,0,0,1,0,0,1,1,Male,Phoenix,Two year,Credit card (automatic),Fiber optic
2026-04-17T10:00:32.788536,CUST_000564,0,1,0,13,103.05,1432.4,1,0,0,0,1,0,1,0,Male,San Diego,One year,Credit card (automatic),Fiber optic
2026-04-17T10:01:32.803651,CUST_000565,0,1,0,22,88.62,1949.53,0,0,0,1,1,0,1,0,Male,Chicago,Month-to-month,Credit card (automatic),Fiber optic
2026-04-17T10:02:32.808419,CUST_000566,1,0,0,21,89.56,1898.73,1,0,1,0,0,0,1,1,Male,New York,Month-to-month,Electronic check,DSL
2026-04-17T10:03:32.816079,CUST_000567,0,1,0,22,119.24,2576.7,1,1,0,1,1,0,1,0,Male,Chicago,Month-to-month,Electronic check,Fiber optic
2026-04-17T10:04:32.821877,CUST_000568,0,1,0,20,130.98,2514.11,1,0,0,1,1,1,1,1,Female,Dallas,Month-to-month,Credit card (automatic),Fiber optic
2026-04-17T10:05:32.843594,CUST_000569,0,1,0,11,120.26,1335.88,1,0,1,0,1,1,0,1,Male,Seattle,Month-to-month,Bank transfer (automatic),Fiber optic
2026-04-17T10:06:32.846645,CUST_000570,0,0,0,48,118.19,5518.94,1,1,0,0,0,1,1,1,Male,San Francisco,One year,Bank transfer (automatic),Fiber optic
2026-04-17T10:07:32.859977,CUST_000571,0,1,0,28,80.04,2111.31,0,0,0,1,0,0,0,1,Male,New York,One year,Electronic check,Fiber optic
2026-04-17T10:08:32.867620,CUST_000572,0,1,0,39,84.15,2959.9,1,1,1,1,0,0,0,0,Female,Los Angeles,One year,Credit card (automatic),DSL
2026-04-17T10:09:32.877227,CUST_000573,0,1,0,11,66.17,779.97,0,0,0,0,0,1,1,1,Female,New York,Month-to-month,Electronic check,DSL
2026-04-17T10:10:32.886351,CUST_000574,1,1,1,24,102.04,2356.93,0,0,1,1,1,1,1,0,Male,Chicago,One year,Credit card (automatic),Fiber optic
2026-04-17T10:11:32.901869,CUST_000575,0,0,0,22,109.6,2207.13,1,1,0,0,1,0,1,1,Male,San Diego,Month-to-month,Electronic check,Fiber optic
2026-04-17T10:12:32.905437,CUST_000576,0,1,1,35,120.63,4584.32,1,1,1,1,1,0,0,0,Male,San Francisco,Two year,Credit card (automatic),Fiber optic
2026-04-17T10:13:32.920455,CUST_000577,0,0,0,72,128.72,9436.68,1,1,1,1,1,0,1,1,Female,Dallas,Two year,Bank transfer (automatic),Fiber optic
2026-04-17T10:14:32.928138,CUST_000578,0,1,0,20,101.1,2055.24,1,1,1,1,1,0,1,1,Female,Phoenix,Month-to-month,Credit card (automatic),DSL
2026-04-17T10:15:32.938584,CUST_000579,0,0,0,21,90.64,1876.37,1,1,0,0,0,0,0,0,Female,Phoenix,Month-to-month,Bank transfer (automatic),Fiber optic
2026-04-17T10:16:32.952567,CUST_000580,0,1,0,61,106.32,6711.26,1,1,1,0,1,1,1,0,Male,San Diego,Two year,Bank transfer (automatic),DSL
2026-04-17T10:17:32.963222,CUST_000581,1,0,1,70,105.64,7622.45,1,1,1,1,0,0,1,0,Male,Miami,Two year,Bank transfer (automatic),Fiber optic
2026-04-17T10:18:32.981938,CUST_000582,0,1,0,18,109.76,2060.57,1,0,0,1,1,0,1,0,Female,Los Angeles,One year,Bank transfer (automatic),Fiber optic
2026-04-17T10:19:32.991121,CUST_000583,1,1,0,24,98.25,2375.27,1,1,0,0,0,0,1,0,Female,Seattle,Month-to-month,Electronic check,Fiber optic
2026-04-17T10:20:32.999910,CUST_000584,0,1,0,5,42.69,226.45,1,0,0,0,0,0,0,0,Female,Los Angeles,Month-to-month,Mailed check,No
2026-04-17T10:21:33.008791,CUST_000585,0,1,1,45,119.19,5039.21,1,1,1,0,1,0,0,1,Male,Phoenix,Two year,Credit card (automatic),Fiber optic
2026-04-17T10:22:33.026025,CUST_000586,0,1,0,11,117.55,1225.53,1,1,0,0,0,1,1,1,Male,Seattle,Month-to-month,Electronic check,Fiber optic
2026-04-17T10:23:33.039232,CUST_000587,0,0,0,5,50.55,249.84,1,0,0,0,0,0,0,0,Female,New York,Month-to-month,Mailed check,No
2026-04-17T10:24:33.043618,CUST_000588,0,1,0,19,113.22,1978.52,1,0,1,1,0,1,1,1,Male,Dallas,Month-to-month,Mailed check,Fiber optic
2026-04-17T10:25:33.054586,CUST_000589,0,0,0,2,93.12,188.33,1,0,0,0,1,0,0,1,Male,San Francisco,Month-to-month,Electronic check,Fiber optic
2026-04-17T10:26:33.070180,CUST_000590,0,1,1,17,109.45,1968.28,1,1,1,0,0,0,0,1,Male,Los Angeles,Month-to-month,Bank transfer (automatic),Fiber optic
2026-04-17T10:27:33.079433,CUST_000591,0,0,1,10,103.1,1002.34,1,1,1,1,0,0,1,0,Female,Miami,Month-to-month,Bank transfer (automatic),Fiber optic
2026-04-17T10:28:33.107386,CUST_000592,1,0,0,7,103.96,665.9,1,1,0,1,1,0,1,0,Female,Chicago,Month-to-month,Credit card (automatic),DSL
2026-04-17T10:29:33.121020,CUST_000593,0,0,1,57,43.75,2484.69,1,0,0,0,0,0,0,0,Male,New York,Two year,Electronic check,No
2026-04-17T10:30:33.139704,CUST_000594,0,0,0,50,144.73,7101.06,1,1,1,1,1,1,1,1,Male,Seattle,Two year,Credit card (automatic),Fiber optic
2026-04-17T10:31:33.163791,CUST_000595,0,0,0,17,97.77,1669.09,1,0,0,0,0,0,1,0,Female,Miami,Month-to-month,Electronic check,Fiber optic
2026-04-17T10:32:33.186451,CUST_000596,1,1,0,28,108.11,2752.01,1,1,1,0,0,0,1,0,Female,Seattle,One year,Electronic check,Fiber optic
2026-04-17T10:33:33.200746,CUST_000597,1,1,0,20,109.79,2198.43,1,0,1,1,1,0,0,0,Female,Los Angeles,Month-to-month,Bank transfer (automatic),Fiber optic
2026-04-17T10:34:33.218543,CUST_000598,0,0,0,7,111.27,799.43,1,1,0,1,0,1,1,0,Female,Los Angeles,Month-to-month,Electronic check,Fiber optic
2026-04-17T10:35:33.226621,CUST_000599,0,1,0,8,57.85,425.23,0,0,0,0,0,0,0,1,Female,Miami,Month-to-month,Bank transfer (automatic),DSL
2026-04-17T10:36:33.243920,CUST_000600,0,0,0,36,100.06,3797.61,0,0,1,1,1,1,1,0,Male,Dallas,One year,Bank transfer (automatic),Fiber optic
2026-04-17T10:37:33.251061,CUST_000601,0,1,0,17,120.86,2227.45,1,1,0,1,1,1,0,1,Male,Phoenix,Month-to-month,Electronic check,Fiber optic
2026-04-17T10:38:33.255420,CUST_000602,0,0,0,21,108.15,2071.37,1,1,0,0,1,0,1,1,Female,San Francisco,Month-to-month,Electronic check,Fiber optic
2026-04-17T10:39:33.271188,CUST_000603,0,0,0,2,107.98,229.62,1,1,1,0,1,1,0,1,Female,San Francisco,Month-to-month,Electronic check,Fiber optic
2026-04-17T10:40:33.278108,CUST_000604,0,0,0,0,63.1,0.0,0,0,1,1,0,0,0,0,Male,Dallas,Month-to-month,Mailed check,DSL
2026-04-17T10:41:33.295959,CUST_000605,0,0,0,12,110.75,1273.82,1,0,1,1,1,0,1,0,Male,Houston,Month-to-month,Electronic check,Fiber optic
2026-04-17T10:42:33.307018,CUST_000606,0,0,0,21,49.47,1014.64,1,0,0,0,0,0,0,0,Female,Dallas,Month-to-month,Mailed check,No
2026-04-17T10:43:33.326323,CUST_000607,0,0,0,5,94.45,446.55,1,0,0,0,0,1,1,1,Male,Los Angeles,Month-to-month,Electronic check,DSL
2026-04-17T10:44:33.339894,CUST_000608,0,1,0,66,107.74,6839.65,1,1,1,0,0,0,1,0,Female,Los Angeles,Two year,Credit card (automatic),Fiber optic
2026-04-17T10:45:33.363803,CUST_000609,0,1,0,48,56.32,2494.38,0,0,0,0,0,1,1,0,Female,San Francisco,One year,Bank transfer (automatic),DSL
2026-04-17T10:46:33.386765,CUST_000610,0,0,1,22,50.63,1055.32,1,1,0,0,0,0,0,0,Female,New York,Month-to-month,Electronic check,No
2026-04-17T10:47:33.399440,CUST_000611,0,0,0,7,122.24,827.63,1,1,1,1,1,1,0,1,Male,New York,Month-to-month,Electronic check,Fiber optic
2026-04-17T10:48:33.420519,CUST_000612,0,0,0,22,50.16,1043.64,1,0,0,0,0,0,0,0,Male,Chicago,Month-to-month,Electronic check,No
2026-04-17T10:49:33.424639,CUST_000613,0,1,0,39,59.19,2508.8,0,0,1,0,1,1,0,0,Male,Dallas,One year,Bank transfer (automatic),DSL
2026-04-17T10:50:33.447548,CUST_000614,0,0,0,1,95.37,103.25,1,0,0,0,1,0,0,1,Female,Miami,Month-to-month,Electronic check,Fiber optic
2026-04-17T10:51:33.450568,CUST_000615,0,0,1,8,44.3,381.96,1,0,0,0,0,0,0,0,Male,San Francisco,Month-to-month,Mailed check,No
2026-04-17T10:52:33.464960,CUST_000616,0,0,0,21,123.02,2341.99,1,1,1,1,1,0,0,1,Male,San Francisco,Month-to-month,Credit card (automatic),Fiber optic
2026-04-17T10:53:33.470079,CUST_000617,0,1,0,22,50.76,1015.53,1,1,0,0,0,0,0,0,Female,Houston,Month-to-month,Credit card (automatic),No
2026-04-17T10:54:33.477478,CUST_000618,1,1,0,26,132.42,3487.76,1,1,1,0,1,1,1,1,Male,Seattle,One year,Electronic check,Fiber optic
2026-04-17T10:55:33.492318,CUST_000619,1,0,0,0,89.84,0.0,1,1,0,1,1,1,0,0,Male,Chicago,Month-to-month,Electronic check,DSL
2026-04-17T10:56:33.497701,CUST_000620,0,1,0,37,56.3,1889.75,1,1,0,0,0,0,0,0,Male,New York,One year,Credit card (automatic),No
2026-04-17T10:57:33.514489,CUST_000621,1,1,1,42,97.28,4207.11,1,0,1,0,0,0,1,0,Female,Houston,One year,Bank transfer (automatic),Fiber optic
2026-04-17T10:58:33.526327,CUST_000622,0,0,0,40,100.48,4259.53,1,1,1,0,0,0,0,0,Male,San Diego,One year,Bank transfer (automatic),Fiber optic
2026-04-17T10:59:33.535193,CUST_000623,0,1,0,22,136.56,3197.65,1,1,1,1,1,0,1,1,Female,Miami,Month-to-month,Mailed check,Fiber optic
2026-04-17T11:00:33.540667,CUST_000624,0,1,0,34,49.87,1538.24,1,1,0,0,0,0,0,0,Male,San Diego,Two year,Mailed check,No
2026-04-17T11:01:33.546772,CUST_000625,0,1,1,4,58.36,224.1,1,1,0,0,0,0,0,0,Male,San Francisco,Month-to-month,Electronic check,No
2026-04-17T11:02:33.564101,CUST_000626,0,1,0,46,78.46,3670.27,0,0,1,1,1,0,1,1,Female,Seattle,One year,Electronic check,DSL
2026-04-17T11:03:33.574071,CUST_000627,1,1,0,38,118.63,4462.92,1,0,1,0,0,1,1,1,Female,Chicago,One year,Mailed check,Fiber optic
2026-04-17T11:04:33.575773,CUST_000628,0,1,0,1,98.83,97.03,1,1,0,1,1,0,1,0,Male,San Diego,Month-to-month,Electronic check,DSL
2026-04-17T11:05:33.589159,CUST_000629,0,1,0,53,104.41,5706.51,1,0,1,0,0,1,0,1,Male,Seattle,Two year,Credit card (automatic),Fiber optic
2026-04-17T11:06:33.595223,CUST_000630,0,1,0,6,112.76,708.21,1,0,1,1,1,1,0,0,Female,Houston,Month-to-month,Mailed check,Fiber optic
2026-04-17T11:07:33.610141,CUST_000631,1,0,0,60,21.7,1282.93,0,0,0,0,0,0,0,0,Male,Los Angeles,Two year,Bank transfer (automatic),No
2026-04-17T11:08:33.615193,CUST_000632,0,1,0,1,127.6,125.45,1,0,1,0,1,1,1,1,Female,Phoenix,Month-to-month,Electronic check,Fiber optic
2026-04-17T11:09:33.632258,CUST_000633,0,1,0,22,115.38,2697.01,1,1,1,1,1,0,1,1,Female,Phoenix,Month-to-month,Electronic check,Fiber optic
2026-04-17T11:10:33.642937,CUST_000634,0,1,0,13,122.64,1675.0,1,1,1,1,1,0,0,0,Male,San Francisco,One year,Credit card (automatic),Fiber optic
2026-04-17T11:11:33.661105,CUST_000635,0,0,0,14,103.99,1413.61,1,0,0,0,1,0,1,0,Female,Seattle,One year,Bank transfer (automatic),Fiber optic
2026-04-17T11:12:33.675261,CUST_000636,0,1,0,10,52.43,550.51,1,1,0,0,0,0,0,0,Female,Phoenix,Month-to-month,Credit card (automatic),No
2026-04-17T11:13:33.692672,CUST_000637,0,1,0,36,88.92,3418.86,1,1,0,0,0,1,0,1,Male,San Diego,Two year,Mailed check,DSL
2026-04-17T11:14:33.708785,CUST_000638,1,1,0,38,90.22,3408.82,0,0,1,0,0,0,1,1,Male,Chicago,Two year,Credit card (automatic),Fiber optic
2026-04-17T11:15:33.711502,CUST_000639,0,0,0,6,80.45,503.8,0,0,1,0,0,1,1,1,Male,Miami,Month-to-month,Electronic check,DSL
2026-04-17T11:16:33.724411,CUST_000640,0,0,0,3,103.07,338.17,1,0,0,0,1,1,0,1,Female,Los Angeles,Month-to-month,Electronic check,Fiber optic
2026-04-17T11:17:33.734849,CUST_000641,1,0,0,53,97.71,5358.41,1,0,0,0,0,0,1,0,Female,Los Angeles,Two year,Credit card (automatic),Fiber optic
2026-04-17T11:18:33.748380,CUST_000642,0,1,1,12,106.42,1337.51,1,1,1,0,0,0,1,0,Female,Houston,Month-to-month,Electronic check,Fiber optic
2026-04-17T11:19:33.754992,CUST_000643,0,1,0,17,94.34,1536.24,1,0,0,1,1,1,1,1,Female,San Diego,Month-to-month,Electronic check,DSL
2026-04-17T11:20:33.770024,CUST_000644,0,1,0,21,121.08,2363.12,1,1,1,0,1,0,0,1,Male,New York,Month-to-month,Electronic check,Fiber optic
2026-04-17T11:21:33.774381,CUST_000645,0,1,0,30,116.56,3704.36,1,1,0,1,1,1,1,1,Male,San Diego,Two year,Credit card (automatic),DSL
2026-04-17T11:22:33.805162,CUST_000646,1,0,0,1,85.83,86.69,1,1,1,0,0,1,1,0,Female,Chicago,Month-to-month,Mailed check,DSL
2026-04-17T11:23:33.814011,CUST_000647,0,0,1,24,122.24,2860.61,1,0,1,0,1,1,1,1,Female,Chicago,Month-to-month,Credit card (automatic),Fiber optic
2026-04-17T11:24:33.829677,CUST_000648,0,1,0,8,96.38,768.63,1,0,1,0,0,0,0,0,Male,Chicago,Month-to-month,Electronic check,Fiber optic
2026-04-17T11:25:33.835237,CUST_000649,0,1,0,10,137.15,1466.12,1,1,1,0,1,0,1,1,Female,Los Angeles,Month-to-month,Electronic check,Fiber optic
2026-04-17T11:26:33.845020,CUST_000650,0,1,0,15,50.77,791.71,1,1,0,0,0,0,0,0,Male,Houston,Month-to-month,Bank transfer (automatic),No
2026-04-17T11:27:33.847709,CUST_000651,0,1,0,22,85.53,2018.2,1,0,0,0,1,1,1,1,Male,Houston,Month-to-month,Electronic check,DSL
2026-04-17T11:28:33.854305,CUST_000652,0,1,0,63,98.92,6203.99,1,1,0,1,1,1,0,0,Female,Dallas,Two year,Credit card (automatic),DSL
2026-04-17T11:29:33.858028,CUST_000653,0,1,0,22,101.72,2283.26,1,0,1,0,1,0,0,1,Female,Chicago,Month-to-month,Credit card (automatic),Fiber optic
2026-04-17T11:30:33.869240,CUST_000654,0,1,0,46,64.98,2908.61,0,0,1,1,1,0,1,1,Male,San Diego,Two year,Bank transfer (automatic),DSL
2026-04-17T11:31:33.883811,CUST_000655,0,1,1,19,116.58,2086.68,1,0,0,0,1,1,1,0,Female,Chicago,Month-to-month,Bank transfer (automatic),Fiber optic
2026-04-17T11:32:33.887700,CUST_000656,0,1,1,20,80.25,1608.66,1,0,0,0,0,1,1,0,Female,Dallas,Month-to-month,Credit card (automatic),DSL
2026-04-17T11:33:33.901119,CUST_000657,0,0,0,12,115.27,1510.9,1,0,1,1,1,1,1,0,Female,New York,Month-to-month,Electronic check,Fiber optic
2026-04-17T11:34:33.904239,CUST_000658,0,0,1,17,111.9,1936.31,1,0,1,0,0,0,1,1,Male,San Diego,Month-to-month,Electronic check,Fiber optic
2026-04-17T11:35:33.920947,CUST_000659,0,1,1,2,108.01,204.95,1,0,0,1,1,1,0,1,Male,New York,Month-to-month,Mailed check,Fiber optic
2026-04-17T11:36:33.923820,CUST_000660,0,0,0,45,99.88,4111.53,1,0,0,0,1,0,0,0,Male,New York,Two year,Mailed check,Fiber optic
2026-04-17T11:37:33.931398,CUST_000661,0,1,0,37,110.93,3813.13,1,1,1,1,1,0,0,1,Female,New York,One year,Bank transfer (automatic),Fiber optic
2026-04-17T11:38:33.947542,CUST_000662,0,1,0,23,88.68,1958.68,1,1,0,0,1,1,0,1,Female,Chicago,Month-to-month,Electronic check,DSL
2026-04-17T11:39:33.964156,CUST_000663,0,0,1,47,82.85,4131.19,0,0,0,1,0,0,1,0,Female,Miami,Two year,Electronic check,Fiber optic
2026-04-17T11:40:33.982747,CUST_000664,0,1,0,65,106.86,6488.5,1,0,0,1,0,0,1,1,Female,Seattle,Two year,Bank transfer (automatic),Fiber optic
2026-04-17T11:41:33.995637,CUST_000665,0,1,0,18,55.64,1000.14,1,1,0,0,0,0,0,0,Male,Los Angeles,Month-to-month,Electronic check,No
2026-04-17T11:42:34.000344,CUST_000666,0,0,0,27,42.3,1028.36,1,0,0,0,0,0,0,0,Female,Los Angeles,One year,Credit card (automatic),No
2026-04-17T11:43:34.004464,CUST_000667,0,0,1,26,81.54,2145.56,0,0,1,1,1,0,1,0,Female,New York,One year,Credit card (automatic),Fiber optic
2026-04-17T11:44:34.018108,CUST_000668,0,1,0,14,116.1,1714.15,1,1,1,1,1,0,1,0,Female,Chicago,Month-to-month,Mailed check,Fiber optic
2026-04-17T11:45:34.026188,CUST_000669,0,1,0,16,117.84,1806.13,1,0,1,0,0,1,1,0,Male,Chicago,Month-to-month,Electronic check,Fiber optic
2026-04-17T11:46:34.045332,CUST_000670,0,0,0,17,93.91,1587.22,1,0,0,0,0,0,1,0,Male,San Diego,One year,Bank transfer (automatic),Fiber optic
2026-04-17T11:47:34.061556,CUST_000671,0,1,1,23,92.92,2264.71,1,1,1,1,1,1,0,0,Male,Dallas,Month-to-month,Electronic check,DSL
2026-04-17T11:48:34.079430,CUST_000672,0,1,0,31,111.84,3613.14,1,0,1,1,0,1,0,0,Female,Miami,One year,Credit card (automatic),Fiber optic
2026-04-17T11:49:34.085442,CUST_000673,0,0,0,2,92.95,176.54,1,0,1,0,1,1,1,1,Female,Seattle,Month-to-month,Mailed check,DSL
2026-04-17T11:50:34.100602,CUST_000674,0,0,1,14,84.74,1266.89,1,0,0,1,1,0,0,0,Female,Phoenix,One year,Bank transfer (automatic),DSL
2026-04-17T11:51:34.104837,CUST_000675,0,1,1,19,43.7,863.07,1,0,0,0,0,0,0,0,Female,Phoenix,Month-to-month,Electronic check,No
2026-04-17T11:52:34.118349,CUST_000676,0,0,0,9,83.11,720.59,0,0,1,0,1,0,1,0,Female,Los Angeles,Month-to-month,Electronic check,Fiber optic
2026-04-17T11:53:34.130156,CUST_000677,0,0,1,51,92.82,4915.54,1,0,1,0,0,0,0,0,Male,Chicago,Two year,Credit card (automatic),Fiber optic
2026-04-17T11:54:34.136080,CUST_000678,0,0,0,11,91.85,1090.89,0,0,0,1,1,0,1,0,Female,Chicago,Month-to-month,Credit card (automatic),Fiber optic
2026-04-17T11:55:34.149293,CUST_000679,0,1,1,10,89.73,943.31,1,0,0,1,0,0,0,1,Female,Dallas,Month-to-month,Mailed check,DSL
2026-04-17T11:56:34.167398,CUST_000680,0,1,0,10,89.49,933.29,0,0,1,1,0,1,0,1,Male,San Francisco,Month-to-month,Mailed check,Fiber optic
2026-04-17T11:57:34.178952,CUST_000681,0,1,1,22,98.42,2110.32,1,0,1,0,0,0,1,0,Female,Miami,Month-to-month,Electronic check,Fiber optic
2026-04-17T11:58:34.188048,CUST_000682,0,0,1,23,70.35,1658.63,1,1,0,0,0,0,0,0,Male,San Francisco,Month-to-month,Bank transfer (automatic),DSL
2026-04-17T11:59:34.203345,CUST_000683,0,0,0,55,109.62,6396.32,1,0,0,1,0,1,1,0,Female,Miami,Two year,Bank transfer (automatic),Fiber optic
2026-04-17T12:00:34.209490,CUST_000684,0,1,0,15,80.17,1281.5,0,0,0,1,0,0,1,1,Male,Los Angeles,Month-to-month,Electronic check,Fiber optic
2026-04-17T12:01:34.214888,CUST_000685,0,0,0,16,76.81,1244.52,0,0,0,1,0,0,0,1,Male,Los Angeles,One year,Electronic check,Fiber optic
2026-04-17T12:02:34.229032,CUST_000686,0,1,1,12,42.42,505.65,1,0,0,0,0,0,0,0,Female,Los Angeles,One year,Credit card (automatic),No
2026-04-17T12:03:34.238867,CUST_000687,0,0,1,1,85.4,86.86,1,0,1,0,1,0,0,1,Male,Houston,Month-to-month,Electronic check,DSL
2026-04-17T12:04:34.241928,CUST_000688,0,1,0,19,93.23,1813.98,1,1,1,1,0,1,0,1,Male,San Diego,Month-to-month,Electronic check,DSL
2026-04-17T12:05:34.251093,CUST_000689,0,1,0,16,118.16,1829.27,1,1,1,0,0,0,1,0,Female,Los Angeles,One year,Electronic check,Fiber optic
2026-04-17T12:06:34.268410,CUST_000690,0,0,1,46,54.06,2631.01,1,1,0,0,0,0,0,0,Female,New York,Two year,Credit card (automatic),No
2026-04-17T12:07:34.278540,CUST_000691,1,1,1,14,79.27,1071.06,1,0,0,0,0,0,1,1,Female,Miami,Month-to-month,Electronic check,DSL
2026-04-17T12:08:34.291722,CUST_000692,0,0,0,16,115.83,1883.05,1,1,0,1,1,0,1,0,Female,Houston,Month-to-month,Electronic check,Fiber optic
2026-04-17T12:09:34.299614,CUST_000693,1,0,0,19,98.24,1697.1,1,0,0,1,0,0,0,1,Male,Phoenix,Month-to-month,Bank transfer (automatic),Fiber optic
2026-04-17T12:10:34.303613,CUST_000694,0,0,0,12,85.31,1065.02,1,0,0,0,1,1,0,1,Male,Dallas,Month-to-month,Credit card (automatic),DSL
2026-04-17T12:11:34.314676,CUST_000695,0,0,1,15,108.78,1496.62,1,1,0,0,1,0,1,0,Male,New York,Month-to-month,Electronic check,Fiber optic
2026-04-17T12:54:22.721680,CUST_000696,0,0,0,23,91.78,2150.25,1,0,0,1,0,0,1,1,Female,Dallas,One year,Credit card (automatic),DSL
2026-04-17T12:55:22.747213,CUST_000697,0,1,1,23,105.51,2391.35,1,1,0,1,1,0,1,0,Female,Miami,Month-to-month,Electronic check,DSL
2026-04-17T12:56:22.764856,CUST_000698,1,0,1,17,69.8,1255.62,1,0,0,0,0,0,0,1,Female,Phoenix,Month-to-month,Credit card (automatic),DSL
2026-04-17T12:57:22.771931,CUST_000699,0,0,0,9,96.34,844.21,1,1,0,0,0,0,1,0,Female,Miami,Month-to-month,Electronic check,Fiber optic
2026-04-17T12:58:22.792434,CUST_000700,0,1,0,36,125.84,4596.77,1,1,0,1,0,0,1,1,Female,Dallas,Two year,Electronic check,Fiber optic
2026-04-17T12:59:22.804557,CUST_000701,1,1,0,20,87.31,1599.94,1,0,0,0,1,0,0,1,Male,Dallas,Month-to-month,Electronic check,DSL
2026-04-17T13:00:22.822836,CUST_000702,0,1,1,34,90.3,3351.6,1,1,0,1,0,0,1,0,Male,San Diego,One year,Credit card (automatic),DSL
2026-04-17T13:01:22.826224,CUST_000703,0,1,0,44,47.5,1931.24,1,0,0,0,0,0,0,0,Male,Los Angeles,One year,Credit card (automatic),No
2026-04-17T13:02:22.832321,CUST_000704,0,1,0,67,79.96,5325.51,0,0,0,0,1,1,1,1,Male,New York,Two year,Bank transfer (automatic),Fiber optic
2026-04-17T13:03:22.846121,CUST_000705,0,1,0,17,58.29,937.34,1,1,0,0,0,0,0,0,Female,Chicago,Month-to-month,Mailed check,No
2026-04-17T13:04:22.855750,CUST_000706,0,1,1,56,86.88,5141.55,1,0,1,0,1,0,0,1,Male,Los Angeles,Two year,Electronic check,DSL
2026-04-17T13:05:22.864153,CUST_000707,1,0,0,7,104.07,672.75,1,0,0,1,0,1,1,1,Female,Dallas,Month-to-month,Mailed check,Fiber optic
2026-04-17T13:06:22.876286,CUST_000708,0,0,0,45,19.76,912.01,0,0,0,0,0,0,0,0,Female,Chicago,Two year,Credit card (automatic),No
2026-04-17T13:07:22.880915,CUST_000709,0,1,1,43,116.31,4633.27,1,0,1,1,0,1,1,0,Male,Phoenix,One year,Electronic check,Fiber optic
2026-04-17T13:08:22.888547,CUST_000710,1,1,0,11,104.54,1136.43,1,0,0,1,0,0,1,1,Female,Miami,Month-to-month,Electronic check,Fiber optic
2026-04-17T13:09:22.895155,CUST_000711,0,1,0,30,114.64,3600.0,1,1,0,0,0,0,1,1,Female,New York,One year,Credit card (automatic),Fiber optic
2026-04-17T13:10:22.898217,CUST_000712,1,1,1,2,94.72,190.3,1,0,0,0,0,0,0,0,Female,Dallas,Month-to-month,Electronic check,Fiber optic
2026-04-17T13:11:22.909201,CUST_000713,0,1,0,8,103.45,860.89,1,1,1,0,1,1,0,0,Female,Los Angeles,Month-to-month,Electronic check,Fiber optic
2026-04-17T13:12:22.917799,CUST_000714,0,1,0,21,100.16,1950.68,1,1,0,0,0,0,0,0,Female,San Francisco,Month-to-month,Mailed check,Fiber optic
2026-04-17T13:13:22.931794,CUST_000715,1,1,0,21,52.02,1031.94,1,1,0,0,0,0,0,0,Male,San Diego,Month-to-month,Electronic check,No
2026-04-17T13:14:22.937149,CUST_000716,0,0,1,3,136.89,389.52,1,1,1,1,1,0,1,1,Male,Miami,Month-to-month,Mailed check,Fiber optic
2026-04-17T13:15:22.947217,CUST_000717,0,1,0,1,120.09,114.2,1,0,1,0,0,0,1,1,Male,Seattle,Month-to-month,Electronic check,Fiber optic
2026-04-17T13:16:22.954174,CUST_000718,0,0,0,39,105.69,4067.58,1,0,1,0,1,1,0,0,Female,San Diego,Two year,Bank transfer (automatic),Fiber optic
2026-04-17T13:17:22.967821,CUST_000719,0,0,0,1,114.02,115.04,1,1,1,1,1,0,0,1,Female,San Diego,Month-to-month,Credit card (automatic),Fiber optic
2026-04-17T13:18:22.977284,CUST_000720,0,0,0,1,95.69,89.41,1,1,0,1,1,0,1,0,Female,Houston,Month-to-month,Credit card (automatic),DSL
2026-04-17T13:19:22.992120,CUST_000721,1,0,0,23,48.7,1127.92,1,0,0,0,0,0,0,0,Male,San Diego,Month-to-month,Credit card (automatic),No
2026-04-17T13:20:22.997661,CUST_000722,0,0,1,15,108.78,1719.14,1,1,0,1,1,1,0,0,Male,New York,Month-to-month,Electronic check,Fiber optic
2026-04-17T13:21:23.006814,CUST_000723,1,0,0,9,117.42,1135.2,1,0,1,1,1,1,1,1,Male,San Diego,Month-to-month,Bank transfer (automatic),Fiber optic
2026-04-17T13:22:23.012369,CUST_000724,0,0,1,70,94.97,7077.59,1,1,0,0,1,0,0,1,Female,Chicago,Two year,Bank transfer (automatic),DSL
2026-04-17T13:23:23.020204,CUST_000725,0,1,1,51,110.98,5187.58,1,0,0,0,0,1,1,1,Male,Phoenix,Two year,Bank transfer (automatic),Fiber optic
2026-04-17T13:24:23.022504,CUST_000726,0,0,0,31,108.36,3583.74,1,0,0,1,1,0,0,0,Male,Miami,One year,Credit card (automatic),Fiber optic
2026-04-17T13:25:23.036450,CUST_000727,0,0,0,32,42.91,1360.35,1,0,0,0,0,0,0,0,Female,New York,Two year,Bank transfer (automatic),No
2026-04-17T13:26:23.042061,CUST_000728,0,0,0,21,67.06,1375.05,0,0,0,0,1,1,1,1,Male,Chicago,Month-to-month,Credit card (automatic),DSL
2026-04-17T13:27:23.050009,CUST_000729,1,0,1,20,83.11,1739.86,1,0,0,0,0,0,1,0,Female,New York,Month-to-month,Electronic check,DSL
2026-04-17T13:28:23.065370,CUST_000730,0,0,0,20,85.0,1672.85,1,1,0,1,1,0,0,0,Male,Houston,Month-to-month,Mailed check,DSL
2026-04-17T13:29:23.089982,CUST_000731,0,1,0,20,108.59,2132.73,1,1,0,0,1,0,0,0,Female,New York,Month-to-month,Electronic check,Fiber optic
2026-04-17T13:30:23.103457,CUST_000732,1,1,1,12,114.01,1254.67,1,1,1,0,1,1,1,1,Male,Miami,Month-to-month,Electronic check,DSL
2026-04-17T13:31:23.117209,CUST_000733,0,1,1,43,99.0,4181.36,1,1,0,1,0,1,0,1,Male,Houston,One year,Credit card (automatic),DSL
2026-04-17T13:32:23.123956,CUST_000734,0,1,0,20,46.84,960.78,1,0,0,0,0,0,0,0,Female,Dallas,Month-to-month,Electronic check,No
2026-04-17T13:33:23.136854,CUST_000735,0,1,0,6,87.82,482.73,1,1,0,0,0,0,0,1,Female,San Diego,Month-to-month,Electronic check,DSL
2026-04-17T13:34:23.144650,CUST_000736,1,0,0,14,97.46,1446.22,1,0,1,0,0,0,0,1,Male,Los Angeles,One year,Credit card (automatic),Fiber optic
2026-04-17T13:35:23.149898,CUST_000737,0,1,1,21,92.82,1777.36,1,0,0,0,1,0,1,1,Female,Phoenix,Month-to-month,Electronic check,DSL
2026-04-17T13:36:23.161938,CUST_000738,1,1,0,12,116.15,1436.4,1,0,0,1,1,0,0,1,Male,San Diego,Month-to-month,Electronic check,Fiber optic
2026-04-17T13:37:23.169878,CUST_000739,0,0,0,36,64.98,2232.43,0,0,0,1,0,0,1,1,Female,San Diego,Two year,Bank transfer (automatic),DSL
2026-04-17T13:38:23.186688,CUST_000740,1,1,0,45,84.46,3739.58,1,0,1,0,0,1,1,1,Female,Dallas,Two year,Electronic check,DSL
2026-04-17T13:39:23.200293,CUST_000741,1,0,1,57,86.33,4455.39,1,0,1,0,0,1,1,0,Female,Los Angeles,Two year,Credit card (automatic),DSL
2026-04-17T13:40:23.203297,CUST_000742,0,1,0,11,42.49,492.55,1,0,0,0,0,0,0,0,Female,Houston,Month-to-month,Mailed check,No
2026-04-17T13:41:23.216729,CUST_000743,0,0,1,19,114.77,2081.31,1,1,0,0,0,1,0,1,Female,San Francisco,Month-to-month,Mailed check,Fiber optic
2026-04-17T13:42:23.229612,CUST_000744,0,1,0,16,127.03,2092.09,1,0,1,0,1,0,1,1,Female,Los Angeles,Month-to-month,Mailed check,Fiber optic
2026-04-17T13:43:23.232309,CUST_000745,0,1,0,6,104.37,579.0,1,1,0,0,1,0,0,0,Male,New York,Month-to-month,Electronic check,Fiber optic
2026-04-17T13:44:23.237052,CUST_000746,0,1,0,11,132.54,1408.35,1,1,0,1,1,1,1,0,Female,Phoenix,Month-to-month,Bank transfer (automatic),Fiber optic
2026-04-17T13:45:23.249961,CUST_000747,0,1,1,47,103.04,4678.89,1,1,1,0,0,0,0,1,Male,New York,One year,Credit card (automatic),Fiber optic
2026-04-17T13:46:23.255732,CUST_000748,0,0,1,14,119.85,1541.53,1,0,0,1,1,1,1,0,Male,Phoenix,Month-to-month,Credit card (automatic),Fiber optic
2026-04-17T13:47:23.263608,CUST_000749,0,1,0,40,101.25,4281.22,1,1,0,1,1,0,1,1,Male,Seattle,Two year,Mailed check,DSL
2026-04-17T13:48:23.273952,CUST_000750,0,0,1,24,92.56,2327.36,1,1,0,1,1,0,1,0,Male,New York,Month-to-month,Credit card (automatic),DSL
2026-04-17T13:49:23.283158,CUST_000751,0,1,0,44,121.55,5156.17,1,1,1,1,0,0,1,1,Male,San Diego,Two year,Bank transfer (automatic),Fiber optic
2026-04-17T13:50:25.097145,CUST_000752,0,1,0,41,43.46,1862.5,1,0,0,0,0,0,0,0,Female,Phoenix,One year,Credit card (automatic),No
2026-04-17T13:51:26.074204,CUST_000753,1,1,0,4,90.36,382.39,1,1,1,0,1,0,1,0,Male,Phoenix,Month-to-month,Electronic check,DSL
2026-04-18T15:43:07.019763,CUST_000754,0,1,1,32,49.91,1567.39,1,0,0,0,0,0,0,0,Female,New York,One year,Mailed check,No
2026-04-18T15:44:07.989046,CUST_000755,0,1,0,26,111.76,2772.15,1,0,0,1,1,0,0,1,Female,San Francisco,One year,Mailed check,Fiber optic
2026-04-20T18:05:16.498625,CUST_000756,1,0,1,1,103.0,93.78,1,0,0,1,0,0,0,1,Female,New York,Month-to-month,Electronic check,Fiber optic
2026-04-20T18:06:16.532210,CUST_000757,0,1,1,10,101.21,970.61,1,1,1,0,0,0,0,0,Female,San Francisco,Month-to-month,Electronic check,Fiber optic
2026-04-20T18:07:16.545172,CUST_000758,0,1,1,1,93.69,85.91,1,0,0,0,0,1,0,0,Female,Dallas,Month-to-month,Mailed check,Fiber optic
2026-04-20T18:29:09.335978,CUST_000759,0,1,0,21,90.04,1995.0,1,0,0,1,1,1,1,0,Male,San Diego,Month-to-month,Electronic check,DSL
2026-04-20T18:30:09.348109,CUST_000760,0,0,0,14,125.08,1714.95,1,1,1,0,1,0,1,0,Male,Los Angeles,Month-to-month,Electronic check,Fiber optic
2026-04-20T18:31:09.354381,CUST_000761,1,1,1,61,79.29,4442.02,1,0,1,1,0,0,1,0,Male,Chicago,Two year,Mailed check,DSL
2026-04-20T18:32:09.368265,CUST_000762,1,0,0,20,104.05,2154.49,1,1,0,0,0,0,1,0,Male,Houston,Month-to-month,Electronic check,Fiber optic
2026-04-20T18:33:09.372632,CUST_000763,0,0,0,11,112.44,1254.86,1,0,1,0,0,0,1,1,Female,San Francisco,Month-to-month,Mailed check,Fiber optic
2026-04-20T18:34:09.385472,CUST_000764,0,0,0,29,113.4,3315.7,1,0,1,1,1,1,1,1,Male,Phoenix,One year,Credit card (automatic),DSL
2026-04-20T18:35:09.400156,CUST_000765,0,0,1,29,109.05,2987.28,1,0,1,0,0,1,0,1,Male,Los Angeles,Two year,Electronic check,Fiber optic
2026-04-20T18:36:09.410479,CUST_000766,0,1,1,3,85.02,278.84,1,0,1,0,0,1,1,1,Female,Houston,Month-to-month,Electronic check,DSL
2026-04-20T18:37:09.424866,CUST_000767,1,1,1,29,92.82,2770.73,1,1,0,0,1,0,1,1,Male,Seattle,One year,Bank transfer (automatic),DSL
2026-04-20T18:38:09.432982,CUST_000768,0,0,0,36,129.99,4774.74,1,1,0,1,0,1,1,1,Male,New York,Two year,Credit card (automatic),Fiber optic
2026-04-20T18:39:09.438144,CUST_000769,0,0,1,26,88.82,2437.87,1,0,1,0,1,0,1,0,Female,San Diego,Two year,Mailed check,DSL
2026-04-20T18:40:09.452434,CUST_000770,0,1,0,15,98.83,1449.42,1,0,1,1,0,0,1,0,Male,San Francisco,Month-to-month,Electronic check,Fiber optic
2026-04-20T18:41:09.458463,CUST_000771,0,0,1,12,75.01,973.97,0,0,0,0,0,1,0,1,Male,Phoenix,Month-to-month,Electronic check,Fiber optic
2026-04-20T18:42:09.473153,CUST_000772,0,0,0,28,117.57,3357.96,1,0,1,0,1,1,0,1,Female,Los Angeles,One year,Bank transfer (automatic),Fiber optic
2026-04-20T18:43:09.489635,CUST_000773,0,0,0,6,114.03,631.04,1,0,0,1,1,0,1,0,Male,San Francisco,Month-to-month,Bank transfer (automatic),Fiber optic
2026-04-20T18:44:09.494347,CUST_000774,0,1,0,16,113.87,1812.29,1,1,0,1,0,1,1,1,Female,New York,One year,Credit card (automatic),Fiber optic
2026-04-20T18:45:09.498513,CUST_000775,0,0,0,2,94.53,179.38,1,0,0,0,0,1,0,0,Female,Dallas,Month-to-month,Electronic check,Fiber optic
2026-04-20T18:46:09.502904,CUST_000776,0,0,1,17,124.01,2111.42,1,1,1,0,0,0,1,1,Male,New York,Month-to-month,Mailed check,Fiber optic
2026-04-20T19:32:48.127819,CUST_000777,0,0,0,7,116.83,840.38,1,1,0,0,0,1,1,1,Male,Los Angeles,Month-to-month,Bank transfer (automatic),Fiber optic
2026-04-20T19:33:48.147125,CUST_000778,0,1,1,0,120.34,0.0,1,0,1,1,1,0,0,0,Male,Dallas,Month-to-month,Bank transfer (automatic),Fiber optic
2026-04-20T19:34:48.165197,CUST_000779,1,1,0,47,90.37,4482.53,1,0,0,0,0,1,1,0,Female,Los Angeles,One year,Electronic check,DSL
2026-04-20T19:35:48.173580,CUST_000780,0,1,0,63,84.22,5426.36,1,0,1,0,1,0,0,0,Male,Phoenix,Two year,Mailed check,DSL
2026-04-20T19:36:48.181716,CUST_000781,0,1,0,21,95.91,1818.75,1,1,1,0,1,0,0,1,Male,Houston,Month-to-month,Mailed check,DSL
2026-04-20T19:37:48.207669,CUST_000782,0,0,0,26,46.09,1213.11,1,0,0,0,0,0,0,0,Male,Miami,One year,Bank transfer (automatic),No
2026-04-20T19:38:48.226439,CUST_000783,0,1,0,0,113.81,0.0,1,1,1,0,1,0,0,1,Female,Chicago,Month-to-month,Mailed check,Fiber optic
2026-04-20T19:39:48.244748,CUST_000784,1,1,0,0,91.78,0.0,1,0,0,1,1,0,0,0,Female,New York,Month-to-month,Electronic check,DSL
2026-04-20T19:40:48.249594,CUST_000785,0,0,0,19,80.61,1514.19,0,0,0,1,0,0,1,0,Male,Chicago,Month-to-month,Mailed check,Fiber optic
2026-04-20T19:41:48.263534,CUST_000786,1,1,0,13,129.24,1699.69,1,1,1,1,1,0,0,1,Male,San Francisco,One year,Electronic check,Fiber optic
2026-04-20T19:42:48.280489,CUST_000787,0,0,0,5,75.69,408.18,0,0,0,1,0,1,0,0,Female,Chicago,Month-to-month,Credit card (automatic),Fiber optic
2026-04-20T19:43:48.297425,CUST_000788,0,1,0,38,101.19,3836.93,1,1,1,0,1,0,0,0,Male,Houston,One year,Credit card (automatic),Fiber optic
2026-04-20T19:44:48.301769,CUST_000789,0,0,0,54,94.48,5033.38,1,1,1,0,1,0,1,1,Female,San Diego,Two year,Bank transfer (automatic),DSL
2026-04-20T19:45:48.319458,CUST_000790,0,1,1,0,111.35,0.0,1,0,1,1,1,1,0,0,Female,San Diego,Month-to-month,Mailed check,Fiber optic
2026-04-20T19:46:48.333571,CUST_000791,0,0,0,14,115.26,1763.96,1,0,1,1,1,1,0,1,Male,Houston,Month-to-month,Electronic check,Fiber optic
2026-04-20T19:47:48.345145,CUST_000792,0,0,0,6,87.11,548.05,1,0,0,0,0,1,0,1,Male,Houston,Month-to-month,Electronic check,DSL
2026-04-20T19:48:48.360682,CUST_000793,0,0,0,47,107.4,4747.31,0,0,1,0,1,1,1,1,Male,Houston,One year,Bank transfer (automatic),Fiber optic
2026-04-20T19:49:48.370486,CUST_000794,0,0,0,13,96.15,1131.05,1,0,0,0,1,0,0,0,Female,Los Angeles,Month-to-month,Electronic check,Fiber optic
2026-04-20T19:50:48.379428,CUST_000795,0,1,0,22,106.39,2472.81,1,1,0,0,0,0,1,1,Male,Miami,Month-to-month,Electronic check,Fiber optic
2026-04-20T19:51:48.389292,CUST_000796,0,1,0,6,114.81,696.93,1,1,1,1,0,0,1,1,Male,Miami,Month-to-month,Electronic check,Fiber optic
2026-04-20T19:52:48.399923,CUST_000797,0,1,0,35,101.51,3521.51,1,0,0,0,1,0,1,0,Male,Los Angeles,Two year,Credit card (automatic),Fiber optic
2026-04-20T19:53:48.406786,CUST_000798,0,0,0,12,100.15,1155.28,1,1,1,1,0,0,1,1,Female,Miami,Month-to-month,Electronic check,DSL
2026-04-20T19:54:48.411462,CUST_000799,0,1,0,16,107.66,1726.83,1,1,0,1,0,0,1,1,Male,Miami,Month-to-month,Credit card (automatic),Fiber optic
2026-04-20T20:13:30.065699,CUST_000800,0,0,0,15,83.13,1281.76,0,0,0,1,0,0,1,1,Female,San Diego,Month-to-month,Electronic check,Fiber optic
2026-04-20T20:14:30.075684,CUST_000801,1,1,1,36,78.85,2656.79,0,0,1,1,1,1,1,1,Male,Miami,Two year,Credit card (automatic),DSL
2026-04-20T20:15:30.079371,CUST_000802,0,0,1,24,43.14,1057.11,1,0,0,0,0,0,0,0,Male,Dallas,Month-to-month,Electronic check,No
2026-04-20T20:16:30.084883,CUST_000803,0,1,1,53,102.77,4953.63,1,0,0,0,1,0,0,1,Female,San Francisco,Two year,Bank transfer (automatic),Fiber optic
2026-04-20T20:17:30.089885,CUST_000804,0,1,0,38,111.01,3935.52,1,0,0,1,1,1,1,0,Female,San Francisco,Two year,Bank transfer (automatic),Fiber optic
2026-04-20T20:18:30.101174,CUST_000805,0,0,0,5,87.45,453.65,0,0,0,0,1,1,1,0,Female,Miami,Month-to-month,Electronic check,Fiber optic
2026-04-20T20:19:30.106788,CUST_000806,1,1,0,59,121.77,7649.11,1,0,0,1,0,1,1,1,Male,Miami,Two year,Credit card (automatic),Fiber optic
2026-04-20T20:20:30.125088,CUST_000807,0,0,1,33,91.79,2799.41,1,1,1,1,0,0,0,0,Male,Los Angeles,Two year,Credit card (automatic),DSL
2026-04-20T20:21:30.129850,CUST_000808,0,0,0,20,51.02,1113.58,1,0,0,0,0,0,0,0,Female,San Diego,Month-to-month,Credit card (automatic),No
2026-04-20T20:22:30.145798,CUST_000809,0,0,0,15,50.72,800.28,1,1,0,0,0,0,0,0,Male,Houston,Month-to-month,Electronic check,No
2026-04-20T20:23:30.151492,CUST_000810,0,0,0,47,102.31,4404.93,1,1,0,0,0,0,1,1,Female,Houston,Two year,Mailed check,Fiber optic
2026-04-20T20:24:30.156583,CUST_000811,0,0,0,10,98.96,958.3,1,0,0,1,0,1,0,0,Male,Miami,Month-to-month,Bank transfer (automatic),Fiber optic
2026-04-20T20:25:30.172734,CUST_000812,0,0,0,8,97.27,795.02,1,0,0,0,0,0,0,1,Male,San Diego,Month-to-month,Electronic check,Fiber optic
2026-04-20T20:26:30.181367,CUST_000813,0,1,1,20,118.39,2352.76,1,1,0,1,0,0,1,1,Female,Dallas,Month-to-month,Electronic check,Fiber optic
2026-04-20T20:27:30.196023,CUST_000814,1,1,0,0,104.63,0.0,1,1,0,1,0,0,0,1,Male,Seattle,Month-to-month,Electronic check,Fiber optic
2026-04-20T20:28:30.208863,CUST_000815,1,0,1,13,105.0,1243.86,1,1,1,0,1,0,1,1,Male,San Diego,One year,Credit card (automatic),DSL
2026-04-20T20:29:30.214058,CUST_000816,0,0,0,33,98.7,3400.78,1,0,0,1,1,0,0,1,Male,Dallas,Two year,Credit card (automatic),DSL
2026-04-20T20:30:30.230518,CUST_000817,0,1,1,27,78.77,2274.18,1,1,1,0,0,1,0,0,Female,Los Angeles,One year,Bank transfer (automatic),DSL
2026-04-20T20:31:30.242626,CUST_000818,0,1,0,60,102.81,6276.92,1,0,0,1,1,1,1,0,Female,Phoenix,Two year,Electronic check,Fiber optic
2026-04-20T20:34:32.023706,CUST_000819,0,0,1,69,120.74,8991.83,1,1,1,1,0,0,0,0,Female,Los Angeles,Two year,Bank transfer (automatic),Fiber optic
2026-04-20T20:35:32.034570,CUST_000820,0,1,0,13,110.08,1499.62,1,0,1,0,0,0,0,1,Male,Dallas,Month-to-month,Mailed check,Fiber optic
2026-04-20T20:36:32.045723,CUST_000821,0,1,0,54,53.22,2705.58,1,1,0,0,0,0,0,0,Female,Seattle,Two year,Credit card (automatic),No
2026-04-20T20:37:32.056915,CUST_000822,0,0,0,5,75.13,353.76,0,0,1,0,0,1,1,0,Male,Dallas,Month-to-month,Electronic check,Fiber optic
2026-04-20T20:38:32.076701,CUST_000823,0,0,1,48,105.12,5029.66,1,0,0,1,0,0,1,0,Male,Houston,Two year,Bank transfer (automatic),Fiber optic
2026-04-20T20:39:32.087738,CUST_000824,0,1,0,25,109.62,2664.88,1,0,0,1,0,0,0,1,Male,Miami,One year,Electronic check,Fiber optic
2026-04-20T20:40:32.096200,CUST_000825,0,0,0,34,49.33,1838.03,1,0,0,0,0,0,0,0,Male,San Francisco,One year,Electronic check,No
2026-04-20T20:41:32.105884,CUST_000826,0,1,0,9,117.01,981.66,1,0,1,1,1,0,1,0,Male,Miami,Month-to-month,Bank transfer (automatic),Fiber optic
2026-04-20T20:42:32.118826,CUST_000827,1,1,1,55,73.77,3964.34,1,0,0,0,0,0,0,1,Female,Dallas,Two year,Credit card (automatic),DSL
2026-04-20T20:43:32.134166,CUST_000828,0,0,0,29,110.69,3105.71,1,0,1,1,1,1,0,0,Male,Miami,Two year,Mailed check,Fiber optic
2026-04-20T20:44:32.151726,CUST_000829,0,0,0,16,74.33,1283.77,1,0,1,1,0,0,0,0,Male,Los Angeles,Month-to-month,Credit card (automatic),DSL
2026-04-20T20:45:32.156052,CUST_000830,0,0,0,32,121.68,4099.18,1,1,0,1,0,1,1,0,Female,Houston,One year,Bank transfer (automatic),Fiber optic
2026-04-20T20:46:32.164367,CUST_000831,0,1,1,2,97.06,178.6,1,0,0,1,0,0,0,0,Female,Los Angeles,Month-to-month,Electronic check,Fiber optic
2026-04-20T20:47:32.176107,CUST_000832,0,1,0,35,70.07,2618.0,1,0,1,0,0,0,0,0,Male,Houston,One year,Bank transfer (automatic),DSL
2026-04-20T20:48:32.181605,CUST_000833,0,0,0,45,109.25,4993.09,1,0,1,1,1,1,1,0,Female,Los Angeles,One year,Credit card (automatic),Fiber optic
2026-04-20T20:49:32.197323,CUST_000834,0,0,0,14,88.63,1305.02,1,0,1,0,0,0,1,0,Male,San Francisco,Month-to-month,Bank transfer (automatic),DSL
2026-04-20T20:50:32.216493,CUST_000835,0,1,1,19,52.47,1029.98,1,1,0,0,0,0,0,0,Male,Dallas,Month-to-month,Electronic check,No
2026-04-20T20:51:32.221002,CUST_000836,0,1,0,18,95.91,1748.77,1,1,1,0,1,1,0,0,Male,Los Angeles,One year,Credit card (automatic),DSL
2026-04-20T20:52:32.237498,CUST_000837,0,0,1,41,98.01,3621.04,1,0,1,0,0,0,1,1,Female,Miami,Two year,Bank transfer (automatic),DSL
2026-04-20T20:53:32.247775,CUST_000838,0,1,0,6,97.83,533.42,1,0,0,0,1,1,1,0,Female,San Francisco,Month-to-month,Mailed check,Fiber optic
2026-04-20T20:54:32.252087,CUST_000839,0,0,0,48,45.44,2147.63,1,0,0,0,0,0,0,0,Female,Los Angeles,One year,Bank transfer (automatic),No
2026-04-20T20:55:32.259137,CUST_000840,1,0,0,22,52.77,1220.79,1,1,0,0,0,0,0,0,Male,New York,One year,Bank transfer (automatic),No
2026-04-20T20:56:32.263735,CUST_000841,0,1,1,5,52.88,246.81,1,1,0,0,0,0,0,0,Male,Miami,Month-to-month,Electronic check,No
2026-04-20T20:57:32.275538,CUST_000842,0,0,1,23,98.01,2475.12,1,1,0,0,0,0,0,1,Male,Miami,Month-to-month,Mailed check,Fiber optic
2026-04-20T21:25:30.915629,CUST_000843,0,0,1,33,67.74,2201.8,0,0,0,0,0,0,0,0,Female,San Diego,Two year,Credit card (automatic),Fiber optic
2026-04-20T21:26:30.924569,CUST_000844,0,0,0,20,42.67,896.62,1,0,0,0,0,0,0,0,Female,Seattle,Month-to-month,Bank transfer (automatic),No
2026-04-20T21:27:30.931742,CUST_000845,0,0,0,33,112.97,4076.85,1,0,1,0,0,0,1,1,Male,Houston,One year,Credit card (automatic),Fiber optic
2026-04-20T21:28:30.946871,CUST_000846,0,1,0,21,49.47,939.63,1,1,0,0,0,0,0,0,Female,Los Angeles,Month-to-month,Mailed check,No
2026-04-21T17:51:55.546542,CUST_000847,0,1,0,51,18.0,842.9,0,0,0,0,0,0,0,0,Male,Chicago,Two year,Credit card (automatic),No
2026-04-21T17:52:56.270923,CUST_000848,0,0,0,5,45.72,223.66,1,0,0,0,0,0,0,0,Female,Chicago,Month-to-month,Credit card (automatic),No
2026-04-21T17:53:56.279704,CUST_000849,1,1,0,13,43.55,605.82,1,0,0,0,0,0,0,0,Female,New York,Month-to-month,Electronic check,No
2026-04-21T17:54:56.294117,CUST_000850,0,1,0,34,115.1,3869.67,1,1,0,0,0,1,1,1,Male,Phoenix,One year,Bank transfer (automatic),Fiber optic
2026-04-21T17:55:56.307672,CUST_000851,0,0,0,27,120.06,2985.68,1,1,0,0,1,1,0,1,Female,Dallas,Two year,Electronic check,Fiber optic
2026-04-21T17:56:56.319013,CUST_000852,0,0,1,19,127.61,2255.05,1,1,1,1,1,0,1,1,Female,Phoenix,One year,Mailed check,Fiber optic
2026-04-21T17:57:56.328274,CUST_000853,0,1,1,12,84.72,1081.61,1,0,0,1,1,1,1,0,Male,Chicago,Month-to-month,Credit card (automatic),DSL
2026-04-21T17:58:56.352525,CUST_000854,0,1,0,19,57.18,1177.12,1,1,0,0,0,0,0,0,Female,Houston,Month-to-month,Mailed check,No
2026-04-21T17:59:56.369331,CUST_000855,0,1,0,15,69.95,1134.65,0,0,0,0,1,1,1,0,Male,Houston,Month-to-month,Credit card (automatic),DSL
2026-04-21T18:00:56.387980,CUST_000856,0,1,1,17,18.0,297.16,0,0,0,0,0,0,0,0,Female,New York,Month-to-month,Mailed check,No
2026-04-21T18:01:56.415600,CUST_000857,0,0,1,7,18.0,125.65,0,0,0,0,0,0,0,0,Male,Los Angeles,Month-to-month,Electronic check,No
2026-04-21T18:02:56.431597,CUST_000858,0,1,0,1,85.39,88.62,1,1,0,0,1,1,0,0,Female,Los Angeles,Month-to-month,Mailed check,DSL
2026-04-21T18:03:56.448132,CUST_000859,1,0,0,17,112.96,1975.2,1,1,0,1,0,0,1,1,Male,New York,Month-to-month,Electronic check,Fiber optic
2026-04-21T18:04:56.459180,CUST_000860,0,1,0,18,91.89,1601.41,1,0,1,1,1,0,1,1,Female,Los Angeles,Month-to-month,Electronic check,DSL
2026-04-21T18:05:56.468263,CUST_000861,1,0,0,40,47.37,1910.27,1,1,0,0,0,0,0,0,Male,Houston,Two year,Bank transfer (automatic),No
2026-04-21T18:06:56.482973,CUST_000862,0,1,1,38,98.29,3675.14,1,0,1,1,1,0,1,0,Male,Chicago,One year,Bank transfer (automatic),DSL
2026-04-21T18:07:56.496938,CUST_000863,0,0,1,41,57.11,2369.79,0,0,1,0,0,0,0,0,Female,Houston,Two year,Bank transfer (automatic),DSL
2026-04-21T18:08:56.507034,CUST_000864,0,1,1,50,114.96,6123.96,1,1,1,0,0,1,1,0,Female,New York,Two year,Bank transfer (automatic),Fiber optic
2026-04-21T18:09:56.515347,CUST_000865,0,0,0,0,79.36,0.0,1,0,0,0,1,0,0,0,Male,New York,Month-to-month,Electronic check,DSL
2026-04-21T18:10:56.520256,CUST_000866,0,1,0,49,96.97,4554.52,1,1,0,0,0,1,1,1,Female,San Diego,Two year,Credit card (automatic),DSL
2026-04-21T18:11:56.533742,CUST_000867,0,0,0,35,94.76,3078.08,1,1,1,0,0,0,1,0,Female,San Diego,One year,Bank transfer (automatic),DSL
2026-04-21T18:12:56.564064,CUST_000868,1,0,0,6,119.15,687.42,1,1,0,1,1,1,0,1,Female,San Diego,Month-to-month,Electronic check,Fiber optic
2026-04-21T18:13:56.576399,CUST_000869,1,0,0,26,70.69,1814.57,0,0,0,1,0,0,0,1,Female,San Francisco,Two year,Credit card (automatic),Fiber optic
2026-04-21T18:14:56.586735,CUST_000870,0,0,0,12,77.88,897.59,1,0,1,0,1,0,0,0,Male,Los Angeles,Month-to-month,Electronic check,DSL
2026-04-21T18:15:56.593699,CUST_000871,0,0,1,70,110.95,7805.79,1,1,1,1,1,0,1,0,Male,Dallas,Two year,Bank transfer (automatic),Fiber optic
2026-04-21T18:16:56.612381,CUST_000872,1,0,1,28,20.16,569.28,0,0,0,0,0,0,0,0,Male,Phoenix,One year,Electronic check,No
2026-04-21T18:17:56.626824,CUST_000873,0,1,0,24,62.71,1437.94,0,0,1,1,0,0,1,0,Male,Seattle,Month-to-month,Electronic check,DSL
2026-04-21T18:18:56.645532,CUST_000874,0,0,0,37,91.65,3184.81,1,0,0,0,0,0,0,0,Male,San Diego,Two year,Credit card (automatic),Fiber optic
2026-04-21T18:19:56.664843,CUST_000875,0,1,0,42,110.61,5040.39,1,0,1,1,0,1,0,1,Male,San Diego,One year,Bank transfer (automatic),Fiber optic
2026-04-21T18:20:56.674118,CUST_000876,0,0,0,17,114.16,2126.85,1,1,0,0,1,0,1,0,Male,Dallas,Month-to-month,Electronic check,Fiber optic
2026-04-21T18:21:56.679964,CUST_000877,0,1,0,22,99.29,2304.87,1,0,0,1,0,0,0,1,Female,San Diego,Month-to-month,Electronic check,Fiber optic
2026-04-21T18:22:56.683510,CUST_000878,0,1,0,39,81.93,3238.77,1,1,0,0,0,0,1,1,Male,New York,One year,Credit card (automatic),DSL
2026-04-21T18:23:56.699593,CUST_000879,0,0,0,72,56.06,4158.08,1,1,0,0,0,0,0,0,Male,Houston,Two year,Credit card (automatic),No
2026-04-21T18:24:56.705614,CUST_000880,0,0,0,5,110.15,601.96,1,0,0,0,1,1,1,1,Male,Los Angeles,Month-to-month,Electronic check,Fiber optic
2026-04-21T18:25:56.714157,CUST_000881,0,1,1,28,48.2,1275.7,1,1,0,0,0,0,0,0,Male,Chicago,Two year,Bank transfer (automatic),No
2026-04-21T18:26:56.728501,CUST_000882,0,1,0,49,108.74,4838.53,1,0,1,0,0,1,1,1,Male,New York,Two year,Credit card (automatic),Fiber optic
2026-04-21T18:27:56.742145,CUST_000883,0,0,0,22,44.62,1047.85,1,0,0,0,0,0,0,0,Female,Phoenix,Month-to-month,Mailed check,No
2026-04-21T18:28:56.756235,CUST_000884,0,0,0,43,97.3,3953.96,1,0,1,1,0,0,1,1,Male,Miami,One year,Credit card (automatic),DSL
2026-04-21T18:29:56.774659,CUST_000885,1,0,0,48,91.65,4117.88,1,0,1,1,1,0,0,1,Male,Dallas,Two year,Bank transfer (automatic),DSL
2026-04-21T18:30:56.784238,CUST_000886,0,1,1,25,88.3,2410.06,1,0,0,0,1,0,0,1,Female,New York,Two year,Bank transfer (automatic),DSL
2026-04-21T18:31:56.797505,CUST_000887,0,1,0,47,96.13,4422.23,1,1,0,1,0,1,0,0,Female,San Francisco,One year,Electronic check,DSL
2026-04-21T18:32:56.814668,CUST_000888,1,0,0,27,64.49,1749.35,0,0,1,1,0,1,0,0,Female,Houston,One year,Credit card (automatic),DSL
2026-04-21T18:33:56.827620,CUST_000889,0,0,0,30,48.47,1511.78,1,1,0,0,0,0,0,0,Female,Seattle,One year,Electronic check,No
2026-04-21T18:34:56.839632,CUST_000890,0,1,0,29,88.43,2626.62,1,1,1,1,0,0,1,0,Male,San Francisco,One year,Electronic check,DSL
2026-04-21T18:35:56.851524,CUST_000891,0,1,0,20,100.78,1905.65,1,1,1,1,1,1,0,1,Male,Miami,Month-to-month,Mailed check,DSL
2026-04-21T18:36:56.858170,CUST_000892,0,0,0,16,89.49,1417.55,1,0,0,0,1,1,1,0,Male,Dallas,Month-to-month,Electronic check,DSL
2026-04-21T18:37:56.871235,CUST_000893,1,1,0,23,123.7,3009.35,1,1,1,1,1,0,1,0,Male,Houston,Month-to-month,Electronic check,Fiber optic
2026-04-21T18:38:56.876249,CUST_000894,0,1,1,28,100.43,2924.4,1,1,0,0,1,0,0,0,Male,San Francisco,Two year,Credit card (automatic),Fiber optic
2026-04-21T18:39:56.892733,CUST_000895,0,0,1,9,51.5,436.28,1,0,0,0,0,0,0,0,Male,Miami,Month-to-month,Mailed check,No
2026-04-21T18:40:56.904923,CUST_000896,0,1,0,62,42.6,2714.8,1,0,0,0,0,0,0,0,Female,Los Angeles,Two year,Bank transfer (automatic),No
2026-04-21T18:41:56.921655,CUST_000897,0,0,0,58,79.69,5055.09,1,1,0,0,0,1,0,0,Male,San Diego,Two year,Credit card (automatic),DSL
2026-04-21T18:42:56.927722,CUST_000898,0,0,0,51,18.0,976.26,0,0,0,0,0,0,0,0,Male,San Diego,Two year,Bank transfer (automatic),No
2026-04-21T18:43:56.932375,CUST_000899,0,0,0,15,53.99,867.95,1,1,0,0,0,0,0,0,Male,Chicago,Month-to-month,Credit card (automatic),No
2026-04-21T18:44:56.946136,CUST_000900,0,0,1,20,125.73,2507.42,1,1,1,1,0,1,1,0,Male,San Diego,Month-to-month,Electronic check,Fiber optic
2026-04-21T18:45:56.950630,CUST_000901,0,0,0,37,48.84,1920.46,1,0,0,0,0,0,0,0,Female,Chicago,One year,Credit card (automatic),No
2026-04-21T18:46:56.967807,CUST_000902,0,0,0,1,45.0,42.54,1,0,0,0,0,0,0,0,Female,San Francisco,Month-to-month,Electronic check,No
2026-04-21T18:47:56.984856,CUST_000903,0,1,0,30,120.32,3274.25,1,1,1,1,1,0,1,1,Female,Miami,One year,Bank transfer (automatic),Fiber optic
2026-04-21T18:48:56.995002,CUST_000904,0,0,0,15,109.6,1515.06,1,0,0,0,0,1,1,1,Male,Seattle,Month-to-month,Electronic check,Fiber optic
2026-04-21T18:49:57.003857,CUST_000905,0,1,0,14,119.3,1823.84,1,1,0,0,1,0,1,1,Male,San Francisco,Month-to-month,Electronic check,Fiber optic
2026-04-21T18:50:57.008825,CUST_000906,0,1,0,8,112.99,959.51,1,0,0,1,1,1,0,1,Female,New York,Month-to-month,Mailed check,Fiber optic
2026-04-21T18:51:57.013696,CUST_000907,0,1,0,23,76.64,1797.14,1,0,1,0,0,0,0,0,Female,New York,Month-to-month,Electronic check,DSL
2026-04-21T18:52:57.028811,CUST_000908,0,1,1,10,93.38,964.11,1,1,0,1,0,0,1,1,Male,Phoenix,Month-to-month,Mailed check,DSL
2026-04-21T18:53:57.037784,CUST_000909,1,1,1,70,96.1,6771.86,1,0,0,1,1,1,0,1,Female,Los Angeles,Two year,Electronic check,DSL
2026-04-21T18:54:57.055228,CUST_000910,0,1,0,13,99.34,1280.74,1,1,0,0,0,0,0,1,Female,Miami,One year,Bank transfer (automatic),Fiber optic
2026-04-21T19:39:08.078764,CUST_000911,1,0,0,11,53.95,617.16,1,1,0,0,0,0,0,0,Female,Houston,Month-to-month,Electronic check,No
2026-04-21T19:40:08.080968,CUST_000912,0,0,1,6,96.61,575.15,1,0,0,1,0,1,0,1,Male,San Diego,Month-to-month,Mailed check,DSL
2026-04-21T19:41:08.090393,CUST_000913,0,1,0,11,99.15,987.5,1,0,1,0,1,0,0,1,Male,Chicago,Month-to-month,Electronic check,Fiber optic
2026-04-21T19:42:08.102058,CUST_000914,0,1,0,13,45.43,638.13,1,0,0,0,0,0,0,0,Male,Dallas,One year,Mailed check,No
2026-04-21T19:43:08.108626,CUST_000915,0,0,0,29,48.96,1412.81,1,0,0,0,0,0,0,0,Female,Los Angeles,One year,Bank transfer (automatic),No
2026-04-21T19:44:08.112621,CUST_000916,0,0,1,23,110.11,2426.18,1,1,0,1,1,1,0,0,Male,Chicago,One year,Credit card (automatic),Fiber optic
2026-04-21T19:45:08.129674,CUST_000917,0,0,0,24,88.54,2145.56,1,0,0,1,0,0,0,1,Female,Seattle,One year,Credit card (automatic),DSL
2026-04-21T19:46:08.143651,CUST_000918,1,0,0,16,117.05,1981.03,1,1,1,0,0,1,1,0,Male,Phoenix,Month-to-month,Mailed check,Fiber optic
2026-04-21T19:47:08.150961,CUST_000919,0,1,0,2,60.1,110.5,0,0,0,0,0,1,1,0,Female,San Diego,Month-to-month,Bank transfer (automatic),DSL
2026-04-21T19:48:08.171268,CUST_000920,0,1,1,18,106.66,1781.19,1,0,0,0,1,1,1,0,Female,Houston,Month-to-month,Bank transfer (automatic),Fiber optic
2026-04-21T19:49:08.173630,CUST_000921,0,1,0,12,40.1,441.85,1,0,0,0,0,0,0,0,Male,Houston,One year,Bank transfer (automatic),No
2026-04-21T19:50:08.189863,CUST_000922,0,1,1,23,100.63,2432.76,1,1,0,1,0,0,1,1,Male,Miami,Month-to-month,Electronic check,DSL
2026-04-21T19:51:08.205764,CUST_000923,1,1,0,39,113.31,4270.51,1,0,1,0,1,1,0,0,Female,Phoenix,One year,Credit card (automatic),Fiber optic
2026-04-21T19:52:08.215783,CUST_000924,0,1,0,47,92.44,4673.17,1,1,0,1,0,0,0,1,Female,Seattle,One year,Bank transfer (automatic),DSL
2026-04-21T19:53:08.231847,CUST_000925,0,0,0,14,105.18,1364.06,1,1,1,1,0,0,1,0,Male,Phoenix,One year,Electronic check,Fiber optic
2026-04-21T19:54:08.239433,CUST_000926,0,0,0,68,66.69,4428.23,0,0,0,1,1,1,0,0,Female,New York,Two year,Credit card (automatic),DSL
2026-04-21T19:55:08.255030,CUST_000927,0,0,0,8,47.58,391.18,1,1,0,0,0,0,0,0,Female,Los Angeles,Month-to-month,Electronic check,No
2026-04-21T19:56:08.268214,CUST_000928,0,0,0,8,42.98,343.64,1,0,0,0,0,0,0,0,Female,San Francisco,Month-to-month,Electronic check,No
2026-04-21T19:57:08.283203,CUST_000929,0,1,0,31,48.74,1428.4,1,0,0,0,0,0,0,0,Female,San Francisco,One year,Credit card (automatic),No
2026-04-21T19:58:08.287352,CUST_000930,0,1,0,19,91.66,1735.43,1,0,0,0,1,0,1,0,Male,Phoenix,Month-to-month,Electronic check,DSL
2026-04-21T19:59:08.294325,CUST_000931,0,1,0,18,74.25,1214.53,0,0,0,0,0,1,0,0,Female,Phoenix,Month-to-month,Electronic check,Fiber optic
2026-04-21T20:00:08.311310,CUST_000932,0,1,0,12,41.38,491.25,1,0,0,0,0,0,0,0,Female,San Francisco,Month-to-month,Credit card (automatic),No
2026-04-21T20:01:08.325648,CUST_000933,0,0,0,47,115.31,5030.37,1,0,0,0,1,0,1,1,Male,Miami,One year,Bank transfer (automatic),Fiber optic
2026-04-21T20:02:08.335739,CUST_000934,1,1,1,3,107.48,342.68,1,1,1,0,0,1,1,0,Female,Miami,Month-to-month,Credit card (automatic),DSL
2026-04-21T20:03:08.347818,CUST_000935,0,1,1,30,87.48,2877.8,1,1,1,0,1,0,0,0,Male,San Francisco,One year,Electronic check,DSL
2026-04-21T20:04:08.360776,CUST_000936,0,1,1,20,124.91,2326.46,1,1,1,1,1,1,0,0,Male,Dallas,Month-to-month,Mailed check,Fiber optic
2026-04-21T20:05:08.362135,CUST_000937,0,1,1,36,47.74,1837.07,1,0,0,0,0,0,0,0,Male,New York,Two year,Bank transfer (automatic),No
2026-04-21T20:06:08.373445,CUST_000938,0,1,0,22,133.21,2972.33,1,1,0,1,1,1,1,0,Male,San Diego,Month-to-month,Electronic check,Fiber optic
2026-04-21T20:07:08.375247,CUST_000939,1,1,0,19,88.8,1765.83,1,1,1,1,1,1,0,0,Male,Houston,Month-to-month,Electronic check,DSL
2026-04-21T20:08:08.382093,CUST_000940,1,0,0,1,47.94,51.34,1,1,0,0,0,0,0,0,Male,Chicago,Month-to-month,Electronic check,No
2026-04-21T20:09:08.389959,CUST_000941,1,0,0,35,108.53,4034.5,1,1,0,1,0,0,1,1,Female,Los Angeles,One year,Bank transfer (automatic),Fiber optic
2026-04-21T20:10:08.401727,CUST_000942,0,0,0,49,100.44,5401.35,1,0,1,0,0,0,1,1,Male,Los Angeles,Two year,Bank transfer (automatic),Fiber optic
2026-04-21T20:11:08.414166,CUST_000943,0,0,1,18,111.25,1914.15,1,0,0,1,0,0,1,1,Male,San Francisco,Month-to-month,Electronic check,Fiber optic
2026-04-21T20:12:08.428204,CUST_000944,0,0,1,28,111.97,3429.5,1,1,1,0,0,1,1,1,Female,Chicago,One year,Electronic check,Fiber optic
2026-04-21T20:13:08.439199,CUST_000945,0,0,0,6,79.31,456.79,0,0,0,1,1,0,1,1,Male,Chicago,Month-to-month,Electronic check,Fiber optic
2026-04-21T20:14:08.442377,CUST_000946,0,1,1,59,151.39,8830.26,1,1,1,1,1,1,1,1,Female,Los Angeles,Two year,Credit card (automatic),Fiber optic
2026-04-21T20:15:08.445583,CUST_000947,0,0,0,0,49.21,0.0,1,0,0,0,0,0,0,0,Female,Houston,Month-to-month,Electronic check,No
2026-04-21T20:16:08.463428,CUST_000948,0,1,0,12,113.65,1497.36,1,0,0,0,1,1,0,1,Male,Dallas,Month-to-month,Credit card (automatic),Fiber optic
2026-04-21T20:17:08.468300,CUST_000949,0,0,0,0,112.87,0.0,1,0,0,1,1,0,1,0,Female,San Diego,Month-to-month,Mailed check,Fiber optic
2026-04-21T20:18:08.474775,CUST_000950,0,0,0,47,53.57,2379.97,1,1,0,0,0,0,0,0,Male,New York,One year,Mailed check,No
2026-04-21T20:19:08.489395,CUST_000951,0,1,0,42,116.39,4471.79,1,1,0,0,0,0,1,1,Male,Miami,One year,Electronic check,Fiber optic
2026-04-21T20:20:08.494894,CUST_000952,0,0,0,53,43.11,2066.71,1,0,0,0,0,0,0,0,Female,Dallas,Two year,Credit card (automatic),No
2026-04-21T20:21:08.503689,CUST_000953,1,0,0,33,103.2,3066.94,1,1,0,0,0,0,1,0,Male,Seattle,Two year,Credit card (automatic),Fiber optic
2026-04-21T20:22:08.510575,CUST_000954,1,1,1,33,97.55,3461.61,1,0,0,1,0,0,0,0,Male,Miami,Two year,Credit card (automatic),Fiber optic
2026-04-21T20:23:08.524730,CUST_000955,0,0,0,4,93.26,400.46,1,1,0,1,0,1,0,0,Female,Phoenix,Month-to-month,Mailed check,DSL
2026-04-21T20:24:08.527681,CUST_000956,0,0,0,10,104.12,1041.3,1,0,1,0,0,1,0,0,Male,Seattle,Month-to-month,Electronic check,Fiber optic
2026-04-21T20:25:08.531203,CUST_000957,0,1,0,7,89.57,577.59,0,0,0,0,1,0,1,1,Male,Miami,Month-to-month,Electronic check,Fiber optic
2026-04-21T20:26:08.540366,CUST_000958,0,0,0,33,98.42,2989.02,1,0,1,0,1,0,0,0,Male,San Francisco,Two year,Credit card (automatic),Fiber optic
2026-04-21T20:27:08.542395,CUST_000959,0,0,0,32,115.87,3933.42,1,1,0,1,0,0,0,1,Male,San Francisco,One year,Credit card (automatic),Fiber optic
2026-04-21T20:28:08.555782,CUST_000960,0,0,1,39,114.35,4231.32,1,0,1,1,1,0,0,0,Female,Los Angeles,One year,Bank transfer (automatic),Fiber optic
2026-04-21T20:29:08.558943,CUST_000961,1,1,1,2,95.24,183.76,1,1,1,1,1,0,0,1,Female,Houston,Month-to-month,Electronic check,DSL
2026-04-21T20:30:08.572085,CUST_000962,0,1,1,12,99.07,1273.97,1,1,0,0,0,1,1,1,Male,Houston,Month-to-month,Mailed check,DSL
2026-04-21T20:31:08.579054,CUST_000963,1,1,0,24,106.7,2798.23,1,0,0,1,0,1,0,1,Female,Los Angeles,Month-to-month,Bank transfer (automatic),Fiber optic
2026-04-21T20:32:08.581863,CUST_000964,0,1,0,9,44.68,436.16,1,0,0,0,0,0,0,0,Male,Los Angeles,Month-to-month,Credit card (automatic),No
2026-04-21T20:33:08.597014,CUST_000965,0,1,0,16,108.56,1605.37,1,1,0,0,0,0,0,1,Male,Phoenix,Month-to-month,Electronic check,Fiber optic
2026-04-21T20:34:08.609327,CUST_000966,0,1,0,47,79.42,3424.93,0,0,0,1,1,0,1,0,Male,Dallas,One year,Credit card (automatic),Fiber optic
2026-04-21T20:35:08.618015,CUST_000967,0,0,0,17,98.32,1655.99,1,0,1,0,0,0,1,0,Female,San Diego,Month-to-month,Electronic check,Fiber optic
2026-04-21T20:36:08.623661,CUST_000968,0,0,1,14,104.26,1458.26,1,1,0,0,1,0,1,0,Female,New York,Month-to-month,Mailed check,Fiber optic
2026-04-21T20:37:08.628567,CUST_000969,0,1,0,46,108.09,4927.03,1,1,1,1,0,1,1,1,Male,Houston,One year,Credit card (automatic),DSL
2026-04-21T20:38:08.634820,CUST_000970,0,1,0,0,43.23,0.0,1,0,0,0,0,0,0,0,Male,New York,Month-to-month,Mailed check,No
2026-04-21T20:39:08.637444,CUST_000971,0,0,0,3,131.33,357.25,1,1,1,0,1,1,1,1,Male,Miami,Month-to-month,Mailed check,Fiber optic
2026-04-21T20:40:08.645811,CUST_000972,1,0,0,33,89.57,3007.52,1,1,0,0,0,0,0,1,Female,New York,One year,Bank transfer (automatic),DSL
2026-04-21T20:41:08.655719,CUST_000973,1,0,0,7,117.97,848.09,1,1,1,1,1,1,0,1,Male,Dallas,Month-to-month,Mailed check,DSL
2026-04-21T20:42:08.669040,CUST_000974,0,0,1,8,111.52,810.21,1,1,1,1,0,0,0,0,Female,Houston,Month-to-month,Electronic check,Fiber optic
2026-04-21T20:43:08.671340,CUST_000975,0,1,1,44,106.9,4723.24,1,0,0,0,1,0,1,1,Male,Phoenix,One year,Credit card (automatic),Fiber optic
2026-04-21T20:44:08.684585,CUST_000976,0,0,0,34,74.83,2381.11,1,1,0,0,0,0,0,1,Male,Dallas,Two year,Credit card (automatic),DSL
2026-04-21T20:45:08.699812,CUST_000977,1,0,0,22,93.17,1929.45,1,0,0,0,0,1,1,1,Female,Los Angeles,Month-to-month,Electronic check,DSL
2026-04-21T20:46:08.716257,CUST_000978,0,0,1,9,126.0,1145.74,1,0,1,1,1,0,0,1,Female,Houston,Month-to-month,Mailed check,Fiber optic
2026-04-21T20:47:08.720995,CUST_000979,0,1,0,18,111.31,1979.67,1,1,0,1,0,1,0,1,Female,Chicago,One year,Mailed check,Fiber optic
2026-04-21T20:48:08.731138,CUST_000980,0,1,1,6,97.6,638.85,1,0,1,0,0,0,0,0,Male,Phoenix,Month-to-month,Electronic check,Fiber optic
2026-04-21T20:49:08.733869,CUST_000981,0,1,1,8,130.52,1054.1,1,1,0,1,0,1,1,1,Male,Phoenix,Month-to-month,Electronic check,Fiber optic
2026-04-21T20:50:08.750351,CUST_000982,0,1,1,50,107.72,4860.18,1,1,1,1,0,0,0,0,Female,New York,Two year,Credit card (automatic),Fiber optic
2026-04-21T20:51:08.758236,CUST_000983,0,0,0,40,101.84,4141.51,1,0,1,0,0,0,0,1,Female,Dallas,One year,Bank transfer (automatic),Fiber optic
2026-04-21T20:52:08.764515,CUST_000984,0,1,0,30,87.26,2421.97,1,0,0,1,0,0,1,1,Female,New York,Two year,Mailed check,DSL
2026-04-21T20:53:08.771844,CUST_000985,0,0,1,17,120.57,1902.74,1,1,1,1,0,0,1,0,Male,San Diego,One year,Credit card (automatic),Fiber optic
2026-04-21T20:54:08.776763,CUST_000986,0,0,1,72,95.25,6968.92,1,1,0,0,0,1,0,1,Male,Los Angeles,Two year,Electronic check,DSL
2026-04-21T20:55:08.792071,CUST_000987,0,1,1,34,85.13,2923.55,1,1,0,0,0,1,0,1,Male,Seattle,One year,Credit card (automatic),DSL
2026-04-21T20:56:08.802682,CUST_000988,1,0,0,50,81.79,4071.49,1,0,0,1,0,1,1,0,Female,Los Angeles,Two year,Bank transfer (automatic),DSL
2026-04-21T20:57:08.805712,CUST_000989,0,1,0,16,51.9,756.65,1,0,0,0,0,0,0,0,Male,Chicago,One year,Mailed check,No
2026-04-21T20:58:08.818795,CUST_000990,0,1,0,46,91.87,4503.82,0,0,1,1,1,0,1,1,Female,Chicago,One year,Electronic check,Fiber optic
2026-04-21T20:59:08.833851,CUST_000991,0,0,0,17,84.33,1473.77,1,0,1,0,1,0,0,0,Female,Houston,One year,Mailed check,DSL
2026-04-21T21:00:08.848384,CUST_000992,1,1,0,6,49.06,308.49,1,1,0,0,0,0,0,0,Male,Seattle,Month-to-month,Bank transfer (automatic),No
2026-04-21T21:01:08.851409,CUST_000993,0,1,1,36,84.47,3268.68,1,1,0,0,0,0,0,1,Male,Phoenix,Two year,Credit card (automatic),DSL
2026-04-21T21:02:08.852960,CUST_000994,0,0,1,24,127.29,2863.01,1,0,1,1,1,1,1,1,Male,Houston,One year,Credit card (automatic),Fiber optic
2026-04-21T21:03:08.858244,CUST_000995,0,1,0,26,76.16,2045.04,0,0,1,0,0,0,1,0,Male,Miami,One year,Credit card (automatic),Fiber optic
2026-04-21T21:04:08.874647,CUST_000996,0,0,0,2,80.88,160.69,1,0,1,1,0,0,1,0,Female,Los Angeles,Month-to-month,Electronic check,DSL
2026-04-21T21:05:08.881589,CUST_000997,0,1,1,1,99.74,92.46,1,0,1,1,1,1,0,1,Male,San Diego,Month-to-month,Credit card (automatic),DSL
2026-04-21T21:06:08.884649,CUST_000998,0,0,0,40,71.09,2892.2,0,0,1,1,1,1,0,0,Female,Los Angeles,One year,Mailed check,DSL
2026-04-21T21:07:08.899752,CUST_000999,0,1,0,5,107.59,506.0,1,1,0,0,1,0,1,0,Female,New York,Month-to-month,Electronic check,Fiber optic
2026-04-21T21:08:08.916277,CUST_001000,0,1,1,27,95.91,2516.19,0,0,1,1,1,1,0,1,Male,San Diego,Two year,Electronic check,Fiber optic
2026-04-21T21:09:08.924955,CUST_001001,0,1,0,11,91.42,1099.34,1,1,0,0,1,0,1,0,Male,San Diego,Month-to-month,Credit card (automatic),DSL
2026-04-21T21:10:08.931205,CUST_001002,0,1,0,61,103.46,6333.44,1,1,1,1,1,0,1,1,Female,San Francisco,Two year,Bank transfer (automatic),DSL
2026-04-21T21:11:08.947560,CUST_001003,1,0,0,9,107.36,928.8,1,1,0,0,1,1,1,0,Female,Phoenix,Month-to-month,Credit card (automatic),Fiber optic
2026-04-21T21:12:08.957223,CUST_001004,1,1,0,37,79.05,2873.41,1,0,0,1,0,0,0,0,Female,New York,Two year,Credit card (automatic),DSL
2026-04-21T21:13:08.959289,CUST_001005,1,1,0,20,51.39,1086.34,1,1,0,0,0,0,0,0,Female,Seattle,Month-to-month,Electronic check,No
2026-04-21T21:14:08.974664,CUST_001006,0,1,0,45,146.31,6801.13,1,1,1,1,1,1,1,1,Male,New York,One year,Bank transfer (automatic),Fiber optic
2026-04-21T21:15:08.990168,CUST_001007,0,0,1,31,97.39,3180.98,1,1,0,0,1,0,1,0,Female,Dallas,Two year,Credit card (automatic),Fiber optic
2026-04-21T21:16:09.004439,CUST_001008,0,0,0,10,99.22,898.29,1,1,0,1,1,1,1,0,Female,San Diego,Month-to-month,Electronic check,DSL
2026-04-21T21:17:09.027913,CUST_001009,0,1,1,11,52.33,566.97,1,0,0,0,0,0,0,0,Male,San Francisco,Month-to-month,Electronic check,No
2026-04-21T21:18:09.038836,CUST_001010,0,0,0,24,127.74,2857.5,1,1,1,0,1,0,1,1,Female,Houston,Month-to-month,Electronic check,Fiber optic
2026-04-21T21:19:09.051148,CUST_001011,0,0,0,34,49.97,1667.19,1,0,0,0,0,0,0,0,Male,San Francisco,One year,Mailed check,No
2026-04-21T21:20:09.056296,CUST_001012,0,0,0,21,88.36,1803.42,0,0,1,0,0,0,1,1,Male,Los Angeles,Month-to-month,Electronic check,Fiber optic
2026-04-21T21:21:09.066549,CUST_001013,1,1,0,30,91.74,2888.21,1,0,1,1,1,0,1,1,Male,Houston,One year,Bank transfer (automatic),DSL
2026-04-21T21:22:09.073070,CUST_001014,0,0,1,1,109.37,113.84,1,1,0,1,0,0,1,1,Female,New York,Month-to-month,Mailed check,DSL
2026-04-21T21:23:09.090460,CUST_001015,0,1,0,18,22.9,442.43,0,0,0,0,0,0,0,0,Female,San Diego,One year,Bank transfer (automatic),No
2026-04-21T21:24:09.107692,CUST_001016,1,0,0,11,132.15,1393.16,1,1,1,1,1,0,0,1,Male,New York,Month-to-month,Electronic check,Fiber optic
2026-04-21T21:25:09.113440,CUST_001017,0,0,0,4,48.65,182.01,1,0,0,0,0,0,0,0,Male,New York,Month-to-month,Electronic check,No
2026-04-21T21:26:09.119863,CUST_001018,0,1,0,10,83.89,830.98,1,1,0,1,1,0,1,0,Male,Los Angeles,Month-to-month,Credit card (automatic),DSL
2026-04-21T21:27:09.133961,CUST_001019,0,1,0,9,103.18,1016.09,1,0,1,1,0,1,1,0,Female,Seattle,Month-to-month,Credit card (automatic),Fiber optic
2026-04-21T21:28:09.148856,CUST_001020,0,0,0,23,91.45,2160.97,1,1,1,1,0,0,1,1,Female,San Francisco,One year,Credit card (automatic),DSL
2026-04-21T21:29:09.164194,CUST_001021,0,0,1,19,83.42,1739.7,1,0,0,0,0,1,1,1,Male,San Francisco,One year,Credit card (automatic),DSL
2026-04-21T21:30:09.180695,CUST_001022,0,1,0,5,110.39,537.07,1,1,1,0,0,0,1,0,Female,Houston,Month-to-month,Electronic check,Fiber optic
2026-04-21T21:31:09.192665,CUST_001023,0,1,1,34,110.16,3851.26,1,0,1,1,1,1,0,1,Male,Houston,One year,Credit card (automatic),Fiber optic
2026-04-21T21:32:09.209735,CUST_001024,1,0,1,11,91.6,960.12,1,0,0,1,1,1,0,0,Male,Los Angeles,Month-to-month,Electronic check,DSL
2026-04-21T21:33:09.214743,CUST_001025,1,1,0,43,112.75,5061.5,1,1,1,0,0,0,1,1,Male,Chicago,One year,Credit card (automatic),Fiber optic
2026-04-21T21:34:09.225582,CUST_001026,1,1,0,46,98.89,4195.68,1,0,1,0,0,0,0,0,Male,San Diego,One year,Credit card (automatic),Fiber optic
2026-04-21T21:35:09.228819,CUST_001027,0,0,0,31,86.86,2528.92,1,1,0,0,0,0,1,1,Female,Chicago,One year,Bank transfer (automatic),DSL
2026-04-21T21:36:09.232755,CUST_001028,0,0,0,30,114.96,3546.96,1,1,0,1,1,0,1,1,Male,San Francisco,Two year,Electronic check,DSL
2026-04-21T21:37:09.239732,CUST_001029,1,1,0,30,52.76,1698.48,1,1,0,0,0,0,0,0,Male,Phoenix,One year,Bank transfer (automatic),No
2026-04-21T21:38:09.246505,CUST_001030,0,0,1,2,55.11,102.44,1,1,0,0,0,0,0,0,Male,San Diego,Month-to-month,Credit card (automatic),No
2026-04-21T21:39:09.260204,CUST_001031,0,1,0,14,92.06,1377.46,1,1,1,1,1,0,0,0,Male,Los Angeles,Month-to-month,Credit card (automatic),DSL
2026-04-21T21:40:09.274999,CUST_001032,0,1,1,45,90.32,3969.54,1,1,0,0,1,1,0,0,Female,Dallas,One year,Bank transfer (automatic),DSL
2026-04-21T21:41:09.291866,CUST_001033,0,1,0,51,97.1,4470.58,1,0,0,0,1,0,1,1,Male,Dallas,Two year,Mailed check,Fiber optic
2026-04-21T21:42:09.296301,CUST_001034,0,1,0,23,93.42,2283.97,1,1,0,1,1,0,0,1,Male,San Francisco,Month-to-month,Electronic check,DSL
2026-04-21T21:43:09.309642,CUST_001035,1,1,0,31,104.16,3416.69,1,1,1,0,1,0,0,1,Female,New York,One year,Electronic check,DSL
2026-04-21T21:44:09.321092,CUST_001036,0,0,0,9,115.12,986.46,1,0,0,1,0,0,1,1,Male,Los Angeles,Month-to-month,Mailed check,Fiber optic
2026-04-21T21:45:09.332665,CUST_001037,0,0,0,10,57.7,628.98,1,1,0,0,0,0,0,0,Female,Chicago,Month-to-month,Bank transfer (automatic),No
2026-04-21T21:46:09.342625,CUST_001038,1,0,0,3,122.1,368.88,1,1,0,1,1,0,0,1,Male,San Diego,Month-to-month,Electronic check,Fiber optic
2026-04-21T21:47:09.358907,CUST_001039,0,0,0,27,110.53,3211.67,1,0,0,1,1,1,1,0,Male,Dallas,One year,Credit card (automatic),Fiber optic
2026-04-21T21:48:09.374102,CUST_001040,0,1,0,1,87.45,79.09,1,0,0,0,1,0,1,0,Male,Los Angeles,Month-to-month,Electronic check,DSL
2026-04-21T21:49:09.390949,CUST_001041,0,1,0,19,76.81,1482.79,1,0,1,0,0,0,1,0,Male,San Francisco,Month-to-month,Electronic check,DSL
2026-04-21T21:50:09.399519,CUST_001042,0,0,0,24,110.07,2706.54,1,1,0,1,1,1,1,0,Female,Dallas,One year,Bank transfer (automatic),DSL
2026-04-21T21:51:09.411636,CUST_001043,0,0,1,5,18.0,86.49,0,0,0,0,0,0,0,0,Male,Los Angeles,Month-to-month,Electronic check,No
2026-04-21T21:52:09.420925,CUST_001044,0,0,0,2,108.04,197.5,1,1,0,1,0,0,0,1,Male,Los Angeles,Month-to-month,Electronic check,Fiber optic
2026-04-21T21:53:09.422717,CUST_001045,1,1,0,19,110.22,1992.71,1,1,1,1,1,0,0,1,Male,Dallas,Month-to-month,Electronic check,DSL
2026-04-21T21:54:09.434653,CUST_001046,0,0,0,16,45.88,776.49,1,0,0,0,0,0,0,0,Male,Dallas,Month-to-month,Bank transfer (automatic),No
2026-04-21T21:55:09.450636,CUST_001047,0,1,0,12,109.34,1388.39,1,0,0,1,0,1,0,0,Male,Phoenix,Month-to-month,Electronic check,Fiber optic
2026-04-21T21:56:09.456170,CUST_001048,0,1,0,8,41.21,362.16,1,0,0,0,0,0,0,0,Male,Houston,Month-to-month,Electronic check,No
2026-04-21T21:57:09.463455,CUST_001049,0,1,0,45,99.14,4550.37,1,0,1,0,0,1,1,0,Male,Chicago,One year,Credit card (automatic),DSL
2026-04-21T21:58:09.467793,CUST_001050,0,0,0,12,87.18,946.18,1,0,0,0,0,0,0,0,Male,Los Angeles,Month-to-month,Electronic check,Fiber optic
2026-04-21T21:59:09.477374,CUST_001051,0,0,1,0,117.32,0.0,1,0,1,1,1,1,0,0,Male,Houston,Month-to-month,Mailed check,Fiber optic
2026-04-21T22:00:09.488129,CUST_001052,0,1,0,9,91.75,804.01,1,0,1,0,0,1,1,0,Male,New York,Month-to-month,Electronic check,DSL
2026-04-21T22:01:09.505296,CUST_001053,0,1,0,41,102.04,4217.81,1,0,1,1,0,0,0,1,Female,Miami,One year,Credit card (automatic),Fiber optic
2026-04-21T22:02:09.519702,CUST_001054,0,0,0,6,133.6,870.4,1,1,1,1,0,0,1,1,Male,Dallas,Month-to-month,Mailed check,Fiber optic
2026-04-21T22:03:09.531192,CUST_001055,0,1,1,12,89.36,1073.1,1,1,1,0,0,1,0,1,Male,Chicago,Month-to-month,Mailed check,DSL
2026-04-21T22:04:09.545616,CUST_001056,0,1,0,8,112.65,979.23,1,0,0,1,0,0,1,1,Male,San Diego,Month-to-month,Electronic check,Fiber optic
2026-04-21T22:05:09.562661,CUST_001057,0,0,0,11,45.24,499.88,1,0,0,0,0,0,0,0,Male,San Francisco,Month-to-month,Mailed check,No
2026-04-21T22:06:09.567416,CUST_001058,0,0,0,61,100.36,6235.31,1,1,0,1,1,0,1,0,Female,San Diego,Two year,Bank transfer (automatic),DSL
2026-04-21T22:07:09.568516,CUST_001059,1,0,0,18,90.63,1541.7,1,0,0,0,0,0,1,1,Male,New York,Month-to-month,Electronic check,DSL
2026-04-21T22:08:09.582784,CUST_001060,0,1,1,11,80.02,920.39,1,0,0,1,0,0,1,0,Female,Phoenix,Month-to-month,Mailed check,DSL
2026-04-21T22:09:09.595459,CUST_001061,0,1,1,60,105.68,5837.14,1,1,1,1,1,0,0,1,Male,Los Angeles,Two year,Mailed check,DSL
2026-04-21T22:10:09.597287,CUST_001062,0,1,0,10,123.12,1319.19,1,1,0,0,0,1,1,1,Female,Dallas,Month-to-month,Mailed check,Fiber optic
2026-04-21T22:11:09.612582,CUST_001063,0,0,1,40,104.43,3780.47,1,1,0,0,0,0,1,1,Female,Miami,Two year,Electronic check,Fiber optic
2026-04-21T22:12:09.617283,CUST_001064,0,1,1,44,120.12,5390.92,1,0,1,0,1,1,0,1,Female,Houston,One year,Credit card (automatic),Fiber optic
2026-04-21T22:13:09.631750,CUST_001065,0,0,0,16,116.06,1782.78,1,1,1,0,1,0,1,1,Female,Phoenix,Month-to-month,Electronic check,Fiber optic
2026-04-21T22:14:09.638769,CUST_001066,0,1,0,30,44.04,1400.06,1,0,0,0,0,0,0,0,Female,Seattle,Two year,Credit card (automatic),No
2026-04-21T22:15:09.654409,CUST_001067,0,0,1,21,111.2,2491.15,1,0,0,0,1,0,1,1,Male,San Diego,One year,Bank transfer (automatic),Fiber optic
2026-04-21T22:16:09.664158,CUST_001068,0,1,1,21,86.92,1951.17,1,0,0,0,1,1,0,1,Female,Chicago,Month-to-month,Electronic check,DSL
2026-04-21T22:17:09.679749,CUST_001069,1,1,0,64,81.48,5331.98,1,1,0,1,0,0,0,0,Female,Los Angeles,Two year,Credit card (automatic),DSL
2026-04-21T22:18:09.692455,CUST_001070,0,0,0,10,118.1,1073.48,1,1,1,0,1,0,1,0,Male,Phoenix,Month-to-month,Electronic check,Fiber optic
2026-04-21T22:19:09.707851,CUST_001071,0,0,1,22,104.41,2075.81,1,1,0,1,0,0,1,1,Male,New York,Month-to-month,Credit card (automatic),DSL
2026-04-21T22:20:09.711663,CUST_001072,0,1,0,20,80.66,1542.69,1,0,0,1,0,0,1,1,Female,Los Angeles,Month-to-month,Electronic check,DSL
2026-04-21T22:21:09.720203,CUST_001073,0,1,0,13,96.23,1306.86,1,1,1,0,1,0,1,1,Female,Phoenix,Month-to-month,Electronic check,DSL
2026-04-21T22:22:09.731687,CUST_001074,0,1,0,48,85.81,3756.28,1,1,0,0,1,0,0,0,Female,Seattle,Two year,Bank transfer (automatic),DSL
2026-04-21T22:23:09.738849,CUST_001075,0,0,0,14,75.42,954.91,1,0,0,0,0,0,1,0,Female,Dallas,Month-to-month,Electronic check,DSL
2026-04-21T22:24:09.745462,CUST_001076,0,0,0,59,22.51,1230.81,0,0,0,0,0,0,0,0,Female,New York,Two year,Credit card (automatic),No
2026-04-21T22:25:09.755391,CUST_001077,0,1,0,22,115.54,2636.33,1,0,1,0,1,0,1,0,Male,Chicago,One year,Bank transfer (automatic),Fiber optic
2026-04-21T22:26:09.771046,CUST_001078,0,1,0,23,52.87,1172.11,0,0,1,0,0,0,1,1,Male,Miami,One year,Mailed check,DSL
2026-04-21T22:27:09.787857,CUST_001079,0,1,0,8,104.39,851.16,1,0,0,1,1,0,1,0,Female,San Diego,Month-to-month,Electronic check,Fiber optic
2026-04-21T22:28:09.794101,CUST_001080,1,0,0,7,42.25,312.95,1,0,0,0,0,0,0,0,Female,San Diego,Month-to-month,Mailed check,No
2026-04-21T22:29:09.813774,CUST_001081,0,1,0,6,124.27,762.98,1,0,1,1,1,1,0,1,Male,Los Angeles,Month-to-month,Electronic check,Fiber optic
2026-04-21T22:30:09.820900,CUST_001082,0,1,1,36,110.05,3997.55,1,1,1,1,1,0,0,1,Male,Houston,One year,Bank transfer (automatic),DSL
2026-04-21T22:31:09.825273,CUST_001083,1,1,0,15,95.35,1358.42,1,1,1,0,1,0,1,0,Male,Chicago,Month-to-month,Electronic check,DSL
2026-04-21T22:32:09.838850,CUST_001084,0,1,0,12,100.66,1207.03,1,1,0,0,0,0,1,0,Female,Houston,One year,Credit card (automatic),Fiber optic
2026-04-21T22:33:09.855179,CUST_001085,1,1,1,45,115.01,5228.53,1,1,0,1,0,1,0,1,Male,New York,One year,Credit card (automatic),Fiber optic
2026-04-21T22:34:09.859362,CUST_001086,1,1,1,15,116.7,1710.52,1,1,0,1,0,0,0,1,Male,Miami,Month-to-month,Credit card (automatic),Fiber optic
2026-04-21T22:35:09.861517,CUST_001087,0,0,0,58,89.72,5201.74,1,1,1,0,0,0,1,1,Male,Phoenix,Two year,Mailed check,DSL
2026-04-21T22:36:09.866026,CUST_001088,1,1,1,14,92.53,1236.88,1,1,1,1,1,1,1,0,Male,Miami,One year,Bank transfer (automatic),DSL
2026-04-21T22:37:09.868781,CUST_001089,1,1,0,22,124.08,2760.45,1,0,1,1,0,1,1,1,Male,Phoenix,One year,Mailed check,Fiber optic
2026-04-21T22:38:09.875868,CUST_001090,0,1,1,45,110.9,5326.8,1,0,0,0,1,1,1,1,Female,San Francisco,Two year,Mailed check,Fiber optic
2026-04-21T22:39:09.882083,CUST_001091,0,1,1,25,98.98,2711.07,1,0,1,0,0,0,1,1,Male,Miami,One year,Credit card (automatic),Fiber optic
2026-04-21T22:40:09.887457,CUST_001092,1,0,0,34,118.67,3840.1,1,1,1,0,0,0,1,1,Female,Houston,One year,Credit card (automatic),Fiber optic
2026-04-21T22:41:09.890716,CUST_001093,0,0,1,53,115.46,5840.03,1,1,1,1,0,1,0,1,Female,Phoenix,Two year,Credit card (automatic),Fiber optic
2026-04-21T22:42:09.906557,CUST_001094,0,0,0,20,56.09,1010.38,1,1,0,0,0,0,0,0,Female,New York,Month-to-month,Credit card (automatic),No
2026-04-21T22:43:09.918022,CUST_001095,0,1,0,33,110.22,3600.9,1,1,1,1,1,0,0,0,Female,Los Angeles,Two year,Credit card (automatic),Fiber optic
2026-04-21T22:44:09.928124,CUST_001096,1,1,1,24,110.71,2735.59,1,0,1,1,0,1,0,0,Male,New York,Month-to-month,Bank transfer (automatic),Fiber optic
2026-04-21T22:45:09.930188,CUST_001097,0,1,0,6,88.4,575.29,1,1,1,1,1,0,0,0,Female,Dallas,Month-to-month,Bank transfer (automatic),DSL
2026-04-21T22:46:09.943219,CUST_001098,0,0,0,57,101.89,5701.01,1,1,0,1,0,0,0,1,Female,New York,Two year,Credit card (automatic),Fiber optic
2026-04-21T22:47:09.953327,CUST_001099,0,1,0,40,114.0,4713.82,1,0,0,1,1,0,1,1,Female,Houston,Two year,Credit card (automatic),Fiber optic
2026-04-21T22:48:09.955998,CUST_001100,1,0,0,48,90.65,4406.4,1,0,1,0,1,1,0,0,Male,Los Angeles,One year,Credit card (automatic),DSL
2026-04-21T22:49:09.958144,CUST_001101,0,0,0,5,76.58,418.23,0,0,0,0,1,0,0,1,Male,San Diego,Month-to-month,Mailed check,Fiber optic
2026-04-21T22:50:09.974004,CUST_001102,0,1,1,11,94.61,1015.11,1,0,0,1,0,0,0,1,Female,Phoenix,Month-to-month,Electronic check,Fiber optic
2026-04-21T22:51:09.977334,CUST_001103,0,1,1,56,100.72,5509.54,1,0,0,0,0,1,0,0,Male,New York,Two year,Electronic check,Fiber optic
2026-04-21T22:52:09.990351,CUST_001104,0,1,1,0,83.63,0.0,1,0,1,0,1,0,0,1,Male,Seattle,Month-to-month,Credit card (automatic),DSL
2026-04-21T22:53:10.005586,CUST_001105,1,1,0,48,100.83,4936.16,1,1,0,0,1,0,0,0,Female,San Diego,Two year,Bank transfer (automatic),Fiber optic
2026-04-21T22:54:10.018525,CUST_001106,0,1,0,21,94.23,1834.15,1,0,0,0,0,0,1,0,Male,Chicago,Month-to-month,Bank transfer (automatic),Fiber optic
2026-04-21T22:55:10.022107,CUST_001107,0,1,1,0,94.92,0.0,1,0,0,1,0,1,0,1,Male,Phoenix,Month-to-month,Electronic check,DSL
2026-04-21T22:56:10.029161,CUST_001108,1,1,0,37,110.24,4329.69,1,1,1,1,0,0,1,0,Male,New York,One year,Electronic check,Fiber optic
2026-04-21T22:57:10.044242,CUST_001109,0,1,0,17,116.1,1921.86,1,0,0,0,1,1,1,1,Male,Dallas,One year,Credit card (automatic),Fiber optic
2026-04-21T22:58:10.057979,CUST_001110,0,1,0,3,125.44,350.61,1,1,1,1,0,0,1,1,Male,Dallas,Month-to-month,Mailed check,Fiber optic
2026-04-21T22:59:10.070791,CUST_001111,1,1,0,20,123.47,2402.34,1,0,1,1,0,0,1,1,Female,Houston,Month-to-month,Mailed check,Fiber optic
2026-04-21T23:00:10.084387,CUST_001112,1,0,0,13,47.16,625.43,1,0,0,0,0,0,0,0,Female,New York,Month-to-month,Electronic check,No
2026-04-21T23:01:10.096963,CUST_001113,0,0,0,1,101.92,95.0,1,0,0,0,1,0,1,0,Male,Houston,Month-to-month,Electronic check,Fiber optic
2026-04-21T23:02:10.103634,CUST_001114,0,1,1,28,106.03,3184.94,1,0,1,1,0,1,0,0,Male,New York,One year,Credit card (automatic),Fiber optic
2026-04-21T23:03:10.115552,CUST_001115,0,1,0,35,101.74,3547.12,1,0,0,1,1,0,1,1,Female,Miami,One year,Credit card (automatic),DSL
2026-04-21T23:04:10.123687,CUST_001116,0,0,1,31,100.7,3107.31,1,0,0,0,0,0,1,0,Female,Los Angeles,One year,Mailed check,Fiber optic
2026-04-21T23:05:10.131408,CUST_001117,0,0,1,1,63.89,63.49,0,0,1,1,0,0,0,0,Female,New York,Month-to-month,Electronic check,DSL
2026-04-21T23:06:10.137546,CUST_001118,1,1,1,40,115.49,4791.55,1,0,0,1,0,1,1,1,Male,New York,Two year,Bank transfer (automatic),Fiber optic
2026-04-21T23:07:10.151953,CUST_001119,0,1,1,35,97.74,3148.1,1,0,1,0,1,0,1,0,Male,Dallas,One year,Electronic check,Fiber optic
2026-04-21T23:08:10.159431,CUST_001120,0,1,0,33,44.58,1555.02,1,0,0,0,0,0,0,0,Male,Miami,One year,Bank transfer (automatic),No
2026-04-21T23:09:10.168182,CUST_001121,0,1,0,14,84.24,1271.53,1,0,1,1,0,0,0,0,Female,San Diego,Month-to-month,Electronic check,DSL
2026-04-21T23:10:10.180111,CUST_001122,0,0,0,23,101.47,2290.84,1,1,1,0,1,1,1,0,Male,San Francisco,One year,Electronic check,DSL
2026-04-21T23:11:10.193734,CUST_001123,0,0,0,13,109.84,1426.89,1,1,0,0,0,0,1,0,Female,Dallas,Month-to-month,Credit card (automatic),Fiber optic
2026-04-21T23:12:10.209996,CUST_001124,1,0,0,41,120.55,4894.22,1,1,1,0,0,1,1,1,Female,Chicago,One year,Electronic check,Fiber optic
2026-04-21T23:13:10.222838,CUST_001125,0,0,0,30,113.11,3454.18,1,1,1,0,0,1,0,1,Female,San Francisco,One year,Electronic check,Fiber optic
2026-04-21T23:14:10.234122,CUST_001126,0,0,1,45,95.57,4111.77,1,0,0,1,0,0,1,1,Male,New York,Two year,Mailed check,DSL
2026-04-21T23:15:10.244297,CUST_001127,0,0,0,10,107.79,1003.21,1,0,1,1,1,1,1,0,Male,Los Angeles,Month-to-month,Credit card (automatic),DSL
2026-04-21T23:16:10.260012,CUST_001128,0,0,0,6,59.84,336.3,0,0,0,0,1,1,1,1,Male,Phoenix,Month-to-month,Mailed check,DSL
2026-04-21T23:17:10.267102,CUST_001129,0,1,0,15,87.05,1177.07,1,0,0,0,1,1,0,1,Male,Dallas,Month-to-month,Electronic check,DSL
2026-04-21T23:18:10.277800,CUST_001130,0,1,0,21,83.39,1781.49,1,1,1,1,0,1,0,0,Male,San Diego,Month-to-month,Electronic check,DSL
2026-04-21T23:19:10.291787,CUST_001131,0,0,1,33,84.42,2692.54,0,0,0,1,1,1,1,1,Male,Los Angeles,Two year,Electronic check,Fiber optic
2026-04-21T23:20:10.307274,CUST_001132,0,0,1,1,104.03,113.12,1,1,0,0,1,1,0,0,Female,Los Angeles,Month-to-month,Bank transfer (automatic),Fiber optic
2026-04-21T23:21:10.321075,CUST_001133,1,0,1,58,99.08,6258.24,1,0,1,0,1,0,0,0,Female,Dallas,Two year,Bank transfer (automatic),Fiber optic
2026-04-21T23:22:10.325099,CUST_001134,0,1,0,9,110.24,897.76,1,1,0,0,0,0,0,1,Male,Los Angeles,Month-to-month,Electronic check,Fiber optic
2026-04-21T23:23:10.336911,CUST_001135,0,1,0,50,87.18,4583.12,1,0,0,1,0,1,0,1,Male,Los Angeles,Two year,Bank transfer (automatic),DSL
2026-04-21T23:24:10.338790,CUST_001136,1,0,0,18,88.74,1583.35,1,0,0,0,1,0,0,1,Female,Seattle,Month-to-month,Credit card (automatic),DSL
2026-04-21T23:25:10.349541,CUST_001137,0,1,0,2,106.19,224.1,1,1,1,1,0,0,1,0,Male,Dallas,Month-to-month,Electronic check,Fiber optic
2026-04-21T23:26:10.355403,CUST_001138,0,1,0,2,89.01,167.49,1,1,0,0,1,0,1,1,Female,San Diego,Month-to-month,Electronic check,DSL
2026-04-21T23:27:10.360285,CUST_001139,0,0,0,5,47.33,238.4,1,1,0,0,0,0,0,0,Male,Phoenix,Month-to-month,Electronic check,No
2026-04-21T23:28:10.370931,CUST_001140,0,1,0,21,104.16,2336.01,1,1,1,1,1,0,0,1,Female,Chicago,Month-to-month,Electronic check,DSL
2026-04-21T23:29:10.387811,CUST_001141,0,1,0,29,90.58,2587.99,1,0,0,0,1,0,1,1,Male,San Diego,One year,Electronic check,DSL
2026-04-21T23:30:10.397061,CUST_001142,1,1,0,32,77.18,2393.94,0,0,0,1,0,0,1,1,Male,Houston,Two year,Credit card (automatic),Fiber optic
2026-04-21T23:31:10.412819,CUST_001143,0,0,1,4,89.78,341.84,1,1,0,1,1,1,1,0,Female,Houston,Month-to-month,Electronic check,DSL
2026-04-21T23:32:10.424650,CUST_001144,0,0,1,8,87.32,643.34,1,0,0,0,0,1,1,0,Female,New York,Month-to-month,Credit card (automatic),DSL
2026-04-21T23:33:10.441838,CUST_001145,0,1,0,9,90.35,839.16,1,0,0,1,1,0,0,1,Male,Houston,Month-to-month,Mailed check,DSL
2026-04-21T23:34:10.447332,CUST_001146,0,1,0,6,119.75,749.76,1,1,1,0,0,1,1,1,Male,Dallas,Month-to-month,Electronic check,Fiber optic
2026-04-21T23:35:10.457686,CUST_001147,0,1,1,28,109.89,3082.16,1,0,0,1,0,1,1,0,Female,Phoenix,Two year,Bank transfer (automatic),Fiber optic
2026-04-21T23:36:10.474467,CUST_001148,0,0,1,17,98.72,1818.26,1,0,0,1,0,0,0,0,Male,New York,Month-to-month,Credit card (automatic),Fiber optic
2026-04-21T23:37:10.478634,CUST_001149,0,1,1,7,114.23,846.18,1,0,1,1,1,0,1,1,Female,Houston,Month-to-month,Bank transfer (automatic),Fiber optic
2026-04-21T23:38:10.491226,CUST_001150,0,1,1,13,42.31,543.53,1,0,0,0,0,0,0,0,Male,San Francisco,Month-to-month,Electronic check,No
2026-04-21T23:39:10.504759,CUST_001151,0,1,0,14,71.13,916.05,1,1,0,0,0,0,0,0,Female,Houston,Month-to-month,Electronic check,DSL
2026-04-21T23:40:10.511528,CUST_001152,0,1,0,6,109.3,613.53,1,1,0,0,0,0,1,0,Male,Seattle,Month-to-month,Electronic check,Fiber optic
2026-04-21T23:41:10.523259,CUST_001153,0,0,1,35,90.71,2943.82,1,0,1,1,0,0,0,1,Female,San Francisco,One year,Credit card (automatic),DSL
2026-04-21T23:42:10.526591,CUST_001154,0,1,1,31,102.76,3225.45,1,1,0,0,1,0,1,0,Male,Los Angeles,Two year,Electronic check,Fiber optic
2026-04-21T23:43:10.538812,CUST_001155,0,1,0,4,109.1,397.82,1,0,0,0,1,0,1,1,Female,San Francisco,Month-to-month,Credit card (automatic),Fiber optic
2026-04-21T23:44:10.555193,CUST_001156,0,1,0,63,113.77,7426.87,1,1,0,0,0,0,1,1,Male,Phoenix,Two year,Electronic check,Fiber optic
2026-04-21T23:45:10.568246,CUST_001157,0,1,0,17,113.42,2063.19,1,0,1,0,0,0,1,1,Male,Phoenix,One year,Credit card (automatic),Fiber optic
2026-04-21T23:46:10.577379,CUST_001158,1,1,0,14,107.27,1412.69,1,0,0,1,1,0,1,1,Female,Chicago,One year,Bank transfer (automatic),Fiber optic
2026-04-22T21:23:56.406387,CUST_001159,0,0,1,8,122.97,1022.9,1,1,1,1,0,0,1,1,Male,New York,Month-to-month,Electronic check,Fiber optic
2026-04-22T21:24:56.431228,CUST_001160,0,1,0,15,119.51,1820.33,1,1,1,1,0,0,1,0,Female,San Francisco,One year,Credit card (automatic),Fiber optic
2026-04-22T21:25:56.445164,CUST_001161,0,0,0,23,98.69,2414.48,1,0,1,0,1,1,1,1,Male,Phoenix,One year,Credit card (automatic),DSL
2026-04-22T21:26:56.453899,CUST_001162,0,1,0,48,123.15,6247.26,1,0,1,1,0,0,1,1,Male,Miami,One year,Credit card (automatic),Fiber optic
2026-04-22T21:27:56.463711,CUST_001163,0,1,0,26,102.76,2924.73,1,1,1,1,1,0,0,0,Male,New York,One year,Mailed check,DSL
2026-04-22T21:28:56.472502,CUST_001164,0,0,0,24,112.22,2526.42,1,0,1,1,0,0,1,0,Female,Los Angeles,Month-to-month,Credit card (automatic),Fiber optic
2026-04-22T21:29:56.485284,CUST_001165,0,1,0,41,123.76,5334.21,1,1,1,0,0,1,1,0,Female,Chicago,One year,Electronic check,Fiber optic
2026-04-22T21:30:56.489802,CUST_001166,0,1,0,14,88.54,1156.72,1,0,0,0,0,1,0,1,Male,Houston,One year,Credit card (automatic),DSL
2026-04-22T21:31:56.494718,CUST_001167,0,1,1,36,42.26,1374.01,1,0,0,0,0,0,0,0,Male,Los Angeles,One year,Bank transfer (automatic),No
2026-04-22T21:32:56.507141,CUST_001168,0,0,0,1,98.08,91.31,1,0,1,1,1,0,1,0,Female,Los Angeles,Month-to-month,Electronic check,DSL
2026-04-22T21:33:56.516135,CUST_001169,1,1,0,12,81.05,926.55,0,0,0,1,0,0,0,1,Female,San Francisco,Month-to-month,Electronic check,Fiber optic
2026-04-22T21:34:56.529788,CUST_001170,0,0,1,14,111.46,1461.01,1,1,1,1,1,0,1,1,Male,New York,Month-to-month,Electronic check,Fiber optic
2026-04-22T21:35:56.545968,CUST_001171,0,1,1,16,133.95,2352.79,1,0,1,1,1,1,1,1,Female,San Diego,Month-to-month,Electronic check,Fiber optic
2026-04-22T21:36:56.551052,CUST_001172,1,0,0,38,86.27,3305.08,1,0,1,0,0,0,0,1,Male,Seattle,One year,Mailed check,DSL
2026-04-22T21:37:56.558053,CUST_001173,0,1,0,1,89.39,91.57,1,0,0,0,1,1,0,0,Male,Los Angeles,Month-to-month,Electronic check,DSL
2026-04-22T21:38:56.565367,CUST_001174,0,0,0,27,72.05,1764.47,0,0,1,1,1,0,1,1,Male,New York,Two year,Credit card (automatic),DSL
2026-04-22T21:39:56.570308,CUST_001175,0,1,1,69,112.48,8136.49,1,0,0,1,0,1,0,0,Male,Dallas,Two year,Credit card (automatic),Fiber optic
2026-04-22T21:40:56.576856,CUST_001176,1,1,1,0,54.37,0.0,1,1,0,0,0,0,0,0,Male,New York,Month-to-month,Electronic check,No
2026-04-22T21:41:56.579329,CUST_001177,0,0,1,7,95.44,732.55,1,0,1,0,0,1,0,0,Female,Seattle,Month-to-month,Mailed check,Fiber optic
2026-04-22T21:42:56.583000,CUST_001178,1,0,1,14,79.26,1198.1,1,1,0,1,0,0,0,0,Female,Houston,Month-to-month,Electronic check,DSL
2026-04-22T21:43:56.588754,CUST_001179,1,1,0,32,116.97,3587.34,1,1,0,1,1,0,1,0,Female,Seattle,One year,Mailed check,Fiber optic
2026-04-22T21:44:56.595909,CUST_001180,0,1,0,14,119.25,1730.97,1,1,1,0,0,0,1,1,Male,Dallas,Month-to-month,Electronic check,Fiber optic
2026-04-22T21:45:56.601772,CUST_001181,0,0,0,23,97.74,2347.83,1,0,0,1,1,0,0,0,Female,New York,Month-to-month,Mailed check,Fiber optic
2026-04-22T21:46:56.605953,CUST_001182,0,1,0,23,117.62,2915.46,1,0,0,0,1,1,0,1,Female,Phoenix,Month-to-month,Bank transfer (automatic),Fiber optic
2026-04-22T21:47:56.619229,CUST_001183,0,0,0,40,108.64,4077.69,1,0,1,1,1,0,1,1,Male,Houston,Two year,Credit card (automatic),DSL
2026-04-22T21:48:56.636384,CUST_001184,0,1,0,57,52.55,3014.41,1,0,0,0,0,0,0,0,Male,Los Angeles,Two year,Electronic check,No
2026-04-22T21:49:56.651729,CUST_001185,0,0,0,1,93.41,91.34,1,0,1,0,0,0,1,0,Female,Los Angeles,Month-to-month,Electronic check,DSL
2026-04-23T09:05:32.118020,CUST_001186,1,0,1,13,100.67,1216.98,1,0,0,1,1,1,0,1,Female,Los Angeles,Month-to-month,Electronic check,DSL
2026-04-23T09:06:32.124651,CUST_001187,1,1,0,21,102.6,1989.7,1,0,1,0,0,1,0,0,Female,Seattle,Month-to-month,Credit card (automatic),Fiber optic
2026-04-23T09:07:32.141006,CUST_001188,0,1,0,15,114.19,1583.34,1,0,0,1,1,1,1,1,Female,New York,Month-to-month,Credit card (automatic),DSL
2026-04-23T09:08:32.153574,CUST_001189,1,1,0,30,57.89,1811.97,1,1,0,0,0,0,0,0,Male,San Francisco,One year,Bank transfer (automatic),No
2026-04-23T09:09:32.162443,CUST_001190,0,0,0,10,85.1,878.14,1,0,0,0,1,0,1,1,Female,Houston,Month-to-month,Electronic check,DSL
2026-04-23T09:10:32.178890,CUST_001191,0,0,1,20,74.33,1339.11,0,0,0,0,0,1,1,0,Male,Miami,Month-to-month,Credit card (automatic),Fiber optic
2026-04-23T09:11:32.195777,CUST_001192,0,0,0,35,85.52,3236.87,1,1,0,0,0,0,0,1,Female,Dallas,Two year,Bank transfer (automatic),DSL
2026-04-23T09:12:32.215291,CUST_001193,0,0,0,14,93.46,1247.15,1,0,0,1,0,0,0,0,Female,Los Angeles,Month-to-month,Electronic check,Fiber optic
2026-04-23T09:13:32.231029,CUST_001194,0,0,0,21,110.84,2346.47,1,0,0,1,0,1,1,1,Female,San Diego,One year,Credit card (automatic),Fiber optic
2026-04-23T09:14:32.238727,CUST_001195,0,0,0,14,90.16,1174.11,1,1,0,0,0,1,1,1,Female,Los Angeles,Month-to-month,Mailed check,DSL
2026-04-23T09:15:32.256098,CUST_001196,0,0,0,18,106.68,1933.96,1,0,0,0,0,1,0,1,Female,Los Angeles,Month-to-month,Mailed check,Fiber optic
2026-04-23T09:16:32.268559,CUST_001197,1,1,0,18,119.05,1979.55,1,0,0,1,1,0,1,1,Female,Dallas,One year,Electronic check,Fiber optic
2026-04-23T09:17:32.282788,CUST_001198,0,1,0,12,99.83,1078.82,1,0,0,1,0,0,0,1,Female,Miami,Month-to-month,Mailed check,Fiber optic
2026-04-23T09:18:32.293021,CUST_001199,0,1,0,20,85.24,1650.41,1,1,0,0,0,1,1,1,Male,Los Angeles,Month-to-month,Electronic check,DSL
2026-04-23T09:19:32.308520,CUST_001200,0,1,1,3,63.99,209.26,0,0,1,1,0,1,1,0,Female,Chicago,Month-to-month,Mailed check,DSL
2026-04-23T09:20:32.323461,CUST_001201,1,1,1,29,100.85,3024.26,1,1,1,1,0,1,1,1,Female,Seattle,One year,Credit card (automatic),DSL
2026-04-23T09:21:32.338510,CUST_001202,0,1,0,35,121.3,3946.49,1,1,0,1,1,1,1,1,Female,San Francisco,One year,Credit card (automatic),Fiber optic
2026-04-23T09:22:32.343072,CUST_001203,0,0,0,0,53.01,0.0,0,0,0,0,0,0,0,1,Male,San Francisco,Month-to-month,Electronic check,DSL
2026-04-23T09:23:32.367851,CUST_001204,0,0,0,30,100.03,2791.4,1,1,0,0,1,0,1,1,Female,Dallas,One year,Bank transfer (automatic),DSL
2026-04-23T09:24:32.392996,CUST_001205,0,0,0,19,100.74,1788.81,1,1,1,1,1,0,0,1,Male,Los Angeles,Month-to-month,Credit card (automatic),DSL
2026-04-23T09:25:32.414484,CUST_001206,0,1,0,61,104.47,5865.18,1,1,1,0,0,0,1,0,Male,New York,Two year,Credit card (automatic),Fiber optic
2026-04-23T09:26:32.425698,CUST_001207,0,0,0,13,85.65,1155.81,1,0,0,1,0,0,1,0,Male,New York,Month-to-month,Electronic check,DSL
2026-04-23T09:27:32.441804,CUST_001208,0,0,0,26,18.69,445.49,0,0,0,0,0,0,0,0,Male,Phoenix,One year,Bank transfer (automatic),No
2026-04-23T09:28:32.462376,CUST_001209,0,1,1,22,106.81,2229.7,1,1,1,0,0,1,1,0,Female,Los Angeles,Month-to-month,Electronic check,DSL
2026-04-23T09:29:32.473919,CUST_001210,0,0,1,13,48.53,675.69,1,0,0,0,0,0,0,0,Male,Los Angeles,Month-to-month,Credit card (automatic),No
2026-04-23T09:30:32.491506,CUST_001211,0,1,1,23,128.79,3090.39,1,1,1,1,0,0,1,1,Male,New York,Month-to-month,Electronic check,Fiber optic
2026-04-23T09:31:32.497627,CUST_001212,0,0,0,46,45.93,2096.47,1,0,0,0,0,0,0,0,Male,San Francisco,One year,Mailed check,No
2026-04-23T09:32:32.516828,CUST_001213,0,0,0,36,95.89,3316.34,1,0,1,1,0,1,1,1,Male,Houston,One year,Electronic check,DSL
2026-04-23T09:33:32.530091,CUST_001214,0,0,0,27,24.57,654.61,0,0,0,0,0,0,0,0,Female,Miami,One year,Credit card (automatic),No
2026-04-23T09:34:32.542518,CUST_001215,0,0,1,37,114.64,4242.21,1,0,0,1,1,0,1,0,Female,San Francisco,Two year,Credit card (automatic),Fiber optic
2026-04-23T09:35:32.558227,CUST_001216,0,1,0,21,97.75,2072.85,1,0,0,1,0,1,1,1,Female,Miami,Month-to-month,Electronic check,DSL
2026-04-23T09:36:32.563718,CUST_001217,0,0,0,36,49.36,1614.73,1,0,0,0,0,0,0,0,Female,New York,Two year,Electronic check,No
2026-04-23T09:37:32.572723,CUST_001218,1,1,0,3,85.79,251.27,0,0,1,1,0,0,0,1,Female,New York,Month-to-month,Electronic check,Fiber optic
2026-04-23T09:38:32.583153,CUST_001219,0,0,1,26,98.3,2450.23,1,1,0,1,0,0,0,1,Male,Los Angeles,One year,Credit card (automatic),DSL
2026-04-23T09:39:32.593899,CUST_001220,1,1,0,1,50.05,52.12,1,0,0,0,0,0,0,0,Female,Phoenix,Month-to-month,Mailed check,No
2026-04-23T09:40:32.597095,CUST_001221,0,1,0,22,109.13,2163.28,1,0,1,0,1,0,1,0,Male,Phoenix,Month-to-month,Credit card (automatic),Fiber optic
2026-04-23T09:41:32.612604,CUST_001222,0,1,0,4,110.23,479.86,1,0,0,1,1,0,1,1,Male,San Diego,Month-to-month,Bank transfer (automatic),Fiber optic
2026-04-23T09:42:32.629149,CUST_001223,0,1,1,19,133.56,2735.19,1,1,0,1,1,1,1,1,Female,San Francisco,Month-to-month,Mailed check,Fiber optic
2026-04-23T09:43:32.644269,CUST_001224,0,1,0,34,115.92,3587.99,1,1,0,0,1,0,1,1,Male,Los Angeles,Two year,Credit card (automatic),Fiber optic
2026-04-23T09:44:32.662586,CUST_001225,0,0,1,68,79.54,5749.36,1,0,0,0,0,0,0,1,Female,Dallas,Two year,Mailed check,DSL
2026-04-23T09:45:32.669229,CUST_001226,0,0,0,23,84.34,1813.13,1,0,1,1,0,0,0,1,Female,Los Angeles,One year,Credit card (automatic),DSL
2026-04-23T09:46:32.688130,CUST_001227,0,0,0,42,112.83,4665.29,1,0,1,1,0,0,1,0,Male,Houston,One year,Credit card (automatic),Fiber optic
2026-04-23T09:47:32.700786,CUST_001228,0,0,0,12,88.54,963.13,1,1,1,0,1,1,0,0,Male,San Diego,One year,Electronic check,DSL
2026-04-23T09:48:32.708958,CUST_001229,1,0,0,23,99.9,2101.93,1,1,1,0,0,0,1,0,Female,Los Angeles,One year,Credit card (automatic),Fiber optic
2026-04-23T09:49:32.715947,CUST_001230,0,0,0,18,105.49,2059.77,1,1,0,0,1,0,0,1,Female,New York,Month-to-month,Mailed check,Fiber optic
2026-04-23T09:50:32.721288,CUST_001231,0,0,0,3,52.33,149.47,1,0,0,0,0,0,0,0,Female,Los Angeles,Month-to-month,Mailed check,No
2026-04-23T09:51:32.733701,CUST_001232,0,1,0,13,19.63,244.86,0,0,0,0,0,0,0,0,Male,Miami,One year,Bank transfer (automatic),No
2026-04-23T09:52:32.746138,CUST_001233,0,0,0,32,98.87,2857.99,1,1,1,0,1,0,0,1,Male,Los Angeles,Two year,Bank transfer (automatic),DSL
2026-04-23T09:53:32.762473,CUST_001234,1,1,1,3,104.43,324.12,1,1,0,1,0,0,0,0,Female,Phoenix,Month-to-month,Credit card (automatic),Fiber optic
2026-04-23T09:54:32.772432,CUST_001235,1,0,0,16,101.88,1679.11,1,0,0,1,0,1,0,0,Female,San Diego,One year,Bank transfer (automatic),Fiber optic
2026-04-23T09:55:32.785007,CUST_001236,1,0,0,33,110.62,3979.77,1,0,0,1,1,0,0,1,Male,San Francisco,One year,Bank transfer (automatic),Fiber optic
2026-04-23T09:56:32.793517,CUST_001237,0,1,1,2,92.91,192.49,1,0,0,1,1,0,1,1,Male,San Diego,Month-to-month,Electronic check,DSL
2026-04-23T09:57:32.806558,CUST_001238,0,1,1,0,77.65,0.0,0,0,0,1,1,0,0,0,Female,Los Angeles,Month-to-month,Electronic check,Fiber optic
2026-04-23T09:58:32.819591,CUST_001239,0,1,0,0,108.9,0.0,1,1,1,0,0,1,1,1,Male,Houston,Month-to-month,Credit card (automatic),DSL
2026-04-23T09:59:32.836670,CUST_001240,0,1,0,23,18.82,426.62,0,0,0,0,0,0,0,0,Female,Dallas,Month-to-month,Electronic check,No
2026-04-23T10:00:32.847679,CUST_001241,0,0,1,7,72.55,536.51,0,0,1,1,0,0,1,0,Female,San Francisco,Month-to-month,Mailed check,Fiber optic
2026-04-23T10:01:32.851880,CUST_001242,0,0,0,14,94.21,1279.37,1,1,0,1,1,0,0,0,Male,Los Angeles,One year,Mailed check,DSL
2026-04-23T10:02:32.862756,CUST_001243,0,0,0,18,61.64,1169.78,0,0,1,0,0,1,0,0,Female,Los Angeles,Month-to-month,Bank transfer (automatic),DSL
2026-04-23T10:03:32.878787,CUST_001244,0,1,0,14,116.56,1618.77,1,1,0,1,1,0,0,1,Male,Phoenix,Month-to-month,Electronic check,Fiber optic
2026-04-23T10:04:32.889103,CUST_001245,0,1,0,27,91.71,2691.52,1,1,1,0,0,0,0,1,Female,San Diego,Two year,Bank transfer (automatic),DSL
2026-04-23T10:05:32.899519,CUST_001246,0,0,0,45,118.84,5098.86,1,1,1,0,0,1,1,0,Male,Houston,One year,Electronic check,Fiber optic
2026-04-23T10:06:32.916775,CUST_001247,0,1,0,8,48.63,354.14,1,0,0,0,0,0,0,0,Male,Chicago,Month-to-month,Electronic check,No
2026-04-23T10:07:32.919989,CUST_001248,0,0,0,24,121.06,3095.29,1,1,1,0,1,0,0,0,Male,Miami,One year,Bank transfer (automatic),Fiber optic
2026-04-23T10:08:32.937435,CUST_001249,0,0,1,37,97.85,3709.13,1,0,1,0,1,1,1,1,Male,Houston,Two year,Credit card (automatic),DSL
2026-04-23T10:09:32.946265,CUST_001250,0,1,1,27,104.58,2797.69,1,0,0,1,0,1,0,0,Female,Chicago,Two year,Credit card (automatic),Fiber optic
2026-04-23T10:10:32.957942,CUST_001251,0,1,1,47,86.2,4267.55,0,0,1,1,0,0,1,0,Male,San Francisco,Two year,Bank transfer (automatic),Fiber optic
2026-04-23T10:11:32.970069,CUST_001252,1,0,0,10,123.09,1114.8,1,0,0,1,1,1,1,1,Female,San Francisco,Month-to-month,Mailed check,Fiber optic
2026-04-23T10:12:32.994333,CUST_001253,0,0,0,2,93.1,185.31,1,0,1,0,0,1,1,1,Male,Chicago,Month-to-month,Credit card (automatic),DSL
2026-04-23T10:13:33.011297,CUST_001254,0,1,1,4,84.37,352.8,1,0,1,0,0,1,0,0,Male,Houston,Month-to-month,Bank transfer (automatic),DSL
2026-04-23T10:14:33.029892,CUST_001255,0,0,1,28,59.13,1543.59,0,0,0,0,1,1,0,1,Male,San Francisco,Two year,Bank transfer (automatic),DSL
2026-04-23T10:15:33.035522,CUST_001256,0,0,1,35,55.91,1810.71,0,0,0,1,1,0,0,0,Female,Los Angeles,Two year,Credit card (automatic),DSL
2026-04-23T10:16:33.046227,CUST_001257,0,1,1,2,49.82,104.46,1,1,0,0,0,0,0,0,Male,Los Angeles,Month-to-month,Electronic check,No
2026-04-23T10:17:33.062463,CUST_001258,0,1,1,43,87.5,4116.54,1,0,0,0,0,0,0,0,Female,Chicago,One year,Bank transfer (automatic),Fiber optic
2026-04-23T10:35:51.026114,CUST_001259,0,1,0,70,88.04,6340.54,1,1,0,1,1,1,1,0,Male,New York,Two year,Mailed check,DSL
2026-04-23T10:36:51.032471,CUST_001260,0,0,1,68,46.63,2979.65,1,0,0,0,0,0,0,0,Female,San Francisco,Two year,Bank transfer (automatic),No
2026-04-23T10:37:51.044199,CUST_001261,0,0,0,11,83.06,961.98,1,0,0,0,1,0,0,1,Female,Los Angeles,Month-to-month,Electronic check,DSL
2026-04-23T10:38:51.060552,CUST_001262,0,0,1,10,91.85,972.2,1,0,0,1,1,0,1,0,Female,Houston,Month-to-month,Electronic check,DSL
2026-04-23T10:39:51.077479,CUST_001263,0,1,0,30,114.99,3167.67,1,1,1,0,0,1,0,1,Female,San Diego,Two year,Credit card (automatic),Fiber optic
2026-04-23T10:40:51.084577,CUST_001264,0,0,0,12,87.01,1068.69,1,1,0,0,1,0,0,1,Male,San Diego,Month-to-month,Electronic check,DSL
2026-04-23T10:41:51.103889,CUST_001265,0,0,0,9,112.91,986.44,1,1,0,0,0,1,0,0,Male,San Francisco,Month-to-month,Electronic check,Fiber optic
2026-04-23T10:42:51.110865,CUST_001266,0,0,0,7,128.51,958.89,1,0,0,1,1,1,0,1,Female,Chicago,Month-to-month,Electronic check,Fiber optic
2026-04-23T10:43:51.128337,CUST_001267,0,0,0,62,99.51,5992.08,1,1,0,0,0,0,0,1,Male,New York,Two year,Bank transfer (automatic),Fiber optic
2026-04-23T10:44:51.145669,CUST_001268,0,0,1,9,101.1,927.42,1,0,0,1,0,0,0,1,Male,Los Angeles,Month-to-month,Electronic check,Fiber optic
2026-04-23T10:45:51.158457,CUST_001269,0,1,0,11,109.36,1186.5,1,0,1,0,1,0,1,1,Female,Houston,Month-to-month,Bank transfer (automatic),Fiber optic
2026-04-23T11:06:29.205814,CUST_001270,1,1,0,1,78.09,78.78,0,0,0,1,1,0,0,1,Female,San Francisco,Month-to-month,Credit card (automatic),Fiber optic
2026-04-23T11:07:29.220355,CUST_001271,0,1,0,48,102.77,4863.84,1,1,0,1,0,1,1,1,Female,Los Angeles,One year,Electronic check,DSL
2026-04-23T11:08:29.238810,CUST_001272,0,0,1,18,108.22,2032.2,1,1,1,1,0,0,1,1,Male,Miami,Month-to-month,Electronic check,Fiber optic
2026-04-23T11:09:29.245604,CUST_001273,0,0,0,7,95.0,600.05,1,1,0,0,0,1,1,1,Female,Phoenix,Month-to-month,Electronic check,DSL
2026-04-23T11:10:29.252134,CUST_001274,0,1,1,24,105.37,2532.95,1,1,1,0,0,0,0,0,Female,Chicago,Month-to-month,Credit card (automatic),Fiber optic
2026-04-23T11:11:29.263747,CUST_001275,0,0,0,16,109.71,1689.27,1,0,0,1,1,1,1,0,Male,Houston,Month-to-month,Mailed check,Fiber optic
2026-04-23T11:12:29.269341,CUST_001276,0,0,0,12,133.91,1724.12,1,0,1,1,1,1,1,1,Female,Los Angeles,Month-to-month,Electronic check,Fiber optic
2026-04-23T11:13:29.283904,CUST_001277,0,1,0,1,112.32,114.92,1,1,1,1,1,0,1,1,Female,Phoenix,Month-to-month,Electronic check,Fiber optic
2026-04-23T11:14:29.292390,CUST_001278,1,1,0,0,89.82,0.0,1,0,1,0,1,0,0,0,Male,Chicago,Month-to-month,Electronic check,DSL
2026-04-23T11:33:20.266912,CUST_001279,0,1,0,66,95.77,5877.08,1,0,1,0,1,1,1,1,Female,San Diego,Two year,Bank transfer (automatic),DSL
2026-04-23T11:34:20.272969,CUST_001280,0,0,0,15,57.29,874.29,1,1,0,0,0,0,0,0,Female,New York,Month-to-month,Electronic check,No
2026-04-23T11:35:20.282547,CUST_001281,0,1,0,10,46.52,496.96,1,0,0,0,0,0,0,0,Female,Houston,Month-to-month,Electronic check,No
2026-04-23T11:36:20.301659,CUST_001282,0,1,1,18,80.47,1423.74,1,0,1,0,0,0,0,1,Male,New York,One year,Credit card (automatic),DSL
2026-04-23T11:37:20.343729,CUST_001283,0,0,1,19,44.17,793.4,1,0,0,0,0,0,0,0,Female,Los Angeles,Month-to-month,Credit card (automatic),No
2026-04-23T11:38:20.360924,CUST_001284,0,0,0,47,103.42,4695.9,1,1,0,0,1,0,1,0,Male,Chicago,Two year,Electronic check,Fiber optic
2026-04-23T11:39:20.372006,CUST_001285,0,1,0,2,56.26,104.97,1,1,0,0,0,0,0,0,Female,New York,Month-to-month,Bank transfer (automatic),No
2026-04-23T11:40:20.377968,CUST_001286,0,1,1,54,120.21,7063.39,1,0,0,0,1,1,1,1,Female,Chicago,Two year,Mailed check,Fiber optic
2026-04-23T11:50:50.821719,CUST_001287,1,1,1,19,106.43,2022.67,1,0,1,0,0,0,1,1,Female,Dallas,Month-to-month,Electronic check,Fiber optic
2026-04-23T11:51:50.825142,CUST_001288,1,1,0,2,103.47,204.5,1,0,1,0,0,0,1,1,Female,Seattle,Month-to-month,Mailed check,Fiber optic
2026-04-23T12:19:34.683171,CUST_001289,0,1,0,20,96.33,1947.19,1,0,0,0,1,1,1,0,Female,Dallas,Month-to-month,Electronic check,DSL
2026-04-23T12:20:34.700123,CUST_001290,0,1,1,10,108.67,1115.75,1,1,1,1,0,1,0,1,Female,Miami,Month-to-month,Bank transfer (automatic),Fiber optic
2026-04-23T12:21:34.714641,CUST_001291,0,0,0,42,100.24,4070.25,1,0,1,1,1,1,1,0,Female,Los Angeles,One year,Electronic check,DSL
2026-04-23T12:22:34.730713,CUST_001292,0,1,0,16,101.97,1659.17,1,1,1,0,0,0,1,1,Male,Los Angeles,Month-to-month,Bank transfer (automatic),DSL
2026-04-23T12:23:34.739608,CUST_001293,0,1,0,17,65.96,1141.33,0,0,0,0,1,0,0,0,Male,Houston,Month-to-month,Electronic check,Fiber optic
2026-04-23T12:24:34.749391,CUST_001294,0,1,0,19,124.7,2586.16,1,1,1,1,0,1,1,0,Female,Dallas,Month-to-month,Electronic check,Fiber optic
2026-04-23T12:25:34.756715,CUST_001295,0,1,0,4,113.47,471.6,1,0,1,0,1,0,1,0,Female,Dallas,Month-to-month,Mailed check,Fiber optic
2026-04-23T12:26:34.770169,CUST_001296,0,1,0,17,99.55,1667.03,1,0,1,1,1,1,0,0,Female,Phoenix,Month-to-month,Electronic check,DSL
2026-04-23T12:27:34.778748,CUST_001297,1,1,1,10,47.39,462.79,1,0,0,0,0,0,0,0,Female,Dallas,Month-to-month,Electronic check,No
2026-04-23T12:28:34.788329,CUST_001298,0,0,0,16,120.77,1836.02,1,1,1,0,1,0,1,0,Female,New York,Month-to-month,Electronic check,Fiber optic
2026-04-23T12:29:34.795538,CUST_001299,0,1,0,8,125.8,915.42,1,1,1,0,0,0,1,1,Female,Houston,Month-to-month,Mailed check,Fiber optic
2026-04-23T12:30:34.811535,CUST_001300,1,1,0,4,90.05,388.19,1,0,0,1,0,1,1,0,Female,Houston,Month-to-month,Electronic check,DSL
2026-04-23T12:31:34.821929,CUST_001301,0,0,1,32,107.16,3201.8,1,0,0,0,1,0,1,1,Male,Chicago,One year,Bank transfer (automatic),Fiber optic
2026-04-23T12:32:34.840493,CUST_001302,0,1,0,24,113.6,2570.65,1,0,1,0,0,1,0,1,Male,Houston,Month-to-month,Credit card (automatic),Fiber optic
2026-04-23T12:33:34.849353,CUST_001303,1,0,0,18,120.08,2026.51,1,1,1,1,0,1,1,0,Female,Los Angeles,Month-to-month,Bank transfer (automatic),Fiber optic
2026-04-23T12:34:34.852242,CUST_001304,0,0,1,4,108.82,478.09,1,0,0,1,0,1,1,1,Female,Phoenix,Month-to-month,Mailed check,Fiber optic
2026-04-23T12:35:34.862203,CUST_001305,0,1,0,9,51.93,481.25,1,0,0,0,0,0,0,0,Female,Houston,Month-to-month,Electronic check,No
2026-04-23T12:36:34.876685,CUST_001306,0,1,1,28,83.48,2249.25,1,1,0,0,1,0,0,0,Female,Seattle,One year,Bank transfer (automatic),DSL
2026-04-23T12:37:34.892215,CUST_001307,0,1,0,41,119.1,4888.69,1,0,1,1,1,0,0,1,Male,Dallas,One year,Mailed check,Fiber optic
2026-04-23T12:38:34.902871,CUST_001308,0,0,0,17,113.21,2112.8,1,1,0,1,1,0,1,0,Male,Los Angeles,Month-to-month,Electronic check,Fiber optic
2026-04-23T12:39:34.919619,CUST_001309,0,1,0,6,95.2,518.85,1,0,1,1,1,1,1,0,Male,Houston,Month-to-month,Mailed check,DSL
2026-04-23T12:40:34.934140,CUST_001310,1,1,0,48,111.93,4861.88,1,1,1,1,1,0,1,1,Male,Seattle,One year,Credit card (automatic),DSL
2026-04-23T12:41:34.948070,CUST_001311,0,1,0,3,90.4,279.85,1,0,0,1,1,1,0,1,Female,Los Angeles,Month-to-month,Electronic check,DSL
2026-04-23T12:42:34.956476,CUST_001312,0,1,0,9,82.73,754.99,1,0,1,1,1,0,1,0,Female,San Diego,Month-to-month,Mailed check,DSL
2026-04-23T12:43:34.975141,CUST_001313,1,1,0,44,103.3,4361.83,1,0,0,0,1,0,1,1,Female,San Francisco,Two year,Bank transfer (automatic),Fiber optic
2026-04-23T12:44:34.979424,CUST_001314,0,1,1,1,83.23,86.85,1,0,1,0,1,0,0,0,Female,San Diego,Month-to-month,Electronic check,DSL
2026-04-23T12:45:34.998963,CUST_001315,0,1,0,50,71.11,3609.29,0,0,0,1,0,0,0,0,Male,Los Angeles,Two year,Mailed check,Fiber optic
2026-04-23T12:46:35.015072,CUST_001316,0,1,0,15,80.31,1248.26,0,0,0,1,0,0,0,1,Female,Dallas,One year,Credit card (automatic),Fiber optic
2026-04-23T12:47:35.026818,CUST_001317,0,1,0,18,110.11,1859.72,1,0,1,0,1,0,1,1,Female,Phoenix,Month-to-month,Bank transfer (automatic),Fiber optic
2026-04-23T12:48:35.039570,CUST_001318,0,0,0,23,109.3,2374.4,1,1,1,0,0,1,1,0,Female,Los Angeles,Month-to-month,Electronic check,Fiber optic
2026-04-23T12:49:35.052467,CUST_001319,0,0,0,52,108.21,5483.8,1,0,0,0,0,0,1,1,Female,Miami,Two year,Credit card (automatic),Fiber optic
2026-04-23T12:50:35.064246,CUST_001320,0,1,1,39,114.75,4869.41,1,1,0,1,0,0,1,0,Male,Chicago,One year,Credit card (automatic),Fiber optic
2026-04-23T12:51:35.071682,CUST_001321,0,0,0,60,113.05,7070.12,1,1,0,0,0,0,1,1,Female,Houston,Two year,Bank transfer (automatic),Fiber optic
2026-04-23T12:52:35.075729,CUST_001322,0,0,0,11,120.12,1257.05,1,0,0,0,1,1,0,1,Male,New York,Month-to-month,Electronic check,Fiber optic
2026-04-23T12:53:35.078301,CUST_001323,1,0,1,9,88.59,813.77,1,0,0,0,0,1,1,1,Female,Phoenix,Month-to-month,Electronic check,DSL
2026-04-23T12:54:35.087605,CUST_001324,0,1,1,17,121.8,2181.93,1,1,1,0,1,0,0,1,Female,New York,One year,Credit card (automatic),Fiber optic
2026-04-23T12:55:35.094965,CUST_001325,0,1,0,19,113.47,2112.9,1,1,0,1,0,0,1,1,Male,Phoenix,Month-to-month,Bank transfer (automatic),Fiber optic
2026-04-23T12:56:35.103819,CUST_001326,0,1,1,30,105.1,3244.09,1,0,1,0,0,0,1,1,Female,Los Angeles,One year,Mailed check,Fiber optic
2026-04-23T12:57:35.112638,CUST_001327,0,0,1,13,115.59,1394.76,1,0,0,1,1,0,1,0,Female,Miami,One year,Bank transfer (automatic),Fiber optic
2026-04-23T12:58:35.116415,CUST_001328,0,1,0,13,22.13,301.35,0,0,0,0,0,0,0,0,Male,New York,Month-to-month,Mailed check,No
2026-04-23T12:59:35.127224,CUST_001329,1,0,0,61,57.97,3618.12,1,1,0,0,0,0,0,0,Female,Miami,Two year,Credit card (automatic),No
2026-04-23T13:00:35.138570,CUST_001330,0,1,1,33,112.56,3573.46,1,1,0,1,1,0,0,1,Male,New York,One year,Credit card (automatic),Fiber optic
2026-04-23T13:01:35.141981,CUST_001331,0,1,0,56,103.21,5838.9,1,0,1,0,1,0,0,0,Male,New York,Two year,Credit card (automatic),Fiber optic
2026-04-23T13:02:35.145864,CUST_001332,0,0,0,61,77.33,5004.69,1,0,0,0,1,0,1,0,Male,Houston,Two year,Bank transfer (automatic),DSL
2026-04-23T13:03:35.154219,CUST_001333,0,1,0,11,142.55,1599.88,1,1,1,1,1,1,1,0,Male,Dallas,Month-to-month,Mailed check,Fiber optic
2026-04-23T13:04:35.163695,CUST_001334,0,0,0,63,54.44,3509.26,0,0,0,0,0,1,0,0,Female,Miami,Two year,Credit card (automatic),DSL
2026-04-23T13:05:35.168993,CUST_001335,1,1,0,19,126.73,2431.71,1,1,0,0,1,1,1,0,Male,Chicago,Month-to-month,Electronic check,Fiber optic
2026-04-23T13:06:35.177580,CUST_001336,1,1,1,61,113.8,7540.25,1,0,1,1,1,1,1,0,Male,New York,Two year,Mailed check,Fiber optic
2026-04-23T13:07:35.182392,CUST_001337,0,1,0,18,94.06,1856.06,1,0,0,1,1,1,0,1,Female,San Diego,Month-to-month,Electronic check,DSL
2026-04-23T13:08:35.186551,CUST_001338,0,0,0,15,114.6,1720.89,1,1,0,1,1,1,0,1,Female,Houston,One year,Bank transfer (automatic),Fiber optic
2026-04-23T13:09:35.188102,CUST_001339,0,1,0,17,94.33,1481.55,1,0,0,0,1,1,0,1,Male,Los Angeles,Month-to-month,Electronic check,DSL
2026-04-23T13:10:35.201457,CUST_001340,1,1,0,5,51.38,243.88,1,1,0,0,0,0,0,0,Female,Phoenix,Month-to-month,Bank transfer (automatic),No
2026-04-23T13:11:35.208103,CUST_001341,0,1,0,11,80.93,970.7,0,0,1,1,1,0,1,1,Male,Seattle,Month-to-month,Electronic check,DSL
2026-04-23T13:12:35.219195,CUST_001342,0,1,1,2,111.82,220.65,1,0,0,0,1,1,0,1,Female,Seattle,Month-to-month,Mailed check,Fiber optic
2026-04-23T13:13:35.235937,CUST_001343,1,0,0,11,123.37,1465.28,1,1,1,0,1,0,1,0,Female,San Francisco,Month-to-month,Electronic check,Fiber optic
2026-04-23T13:14:35.242373,CUST_001344,0,0,1,6,81.28,534.49,1,1,1,0,0,0,0,1,Male,San Francisco,Month-to-month,Credit card (automatic),DSL
2026-04-23T13:15:35.246343,CUST_001345,0,0,1,32,89.49,3115.32,0,0,1,1,0,0,1,1,Male,San Diego,One year,Bank transfer (automatic),Fiber optic
2026-04-23T13:16:35.254420,CUST_001346,1,0,0,32,24.59,765.01,0,0,0,0,0,0,0,0,Male,Miami,One year,Bank transfer (automatic),No
2026-04-23T13:17:35.270336,CUST_001347,0,1,1,12,96.21,1114.08,1,0,1,0,0,0,0,1,Male,Miami,Month-to-month,Bank transfer (automatic),Fiber optic
2026-04-23T13:18:35.279000,CUST_001348,1,1,1,0,79.52,0.0,1,1,0,0,1,0,1,0,Female,New York,Month-to-month,Mailed check,DSL
2026-04-23T13:19:35.286063,CUST_001349,0,1,0,44,117.79,5351.8,1,0,0,1,0,0,1,1,Male,Dallas,One year,Credit card (automatic),Fiber optic
2026-04-23T13:20:35.288986,CUST_001350,0,1,1,22,130.22,2795.19,1,1,0,1,1,1,1,1,Male,Los Angeles,Month-to-month,Mailed check,Fiber optic
2026-04-23T13:21:35.295533,CUST_001351,0,1,0,15,107.48,1738.27,1,1,0,0,1,0,1,0,Female,San Diego,Month-to-month,Electronic check,Fiber optic
2026-04-23T13:22:35.304443,CUST_001352,1,1,1,29,95.01,2616.65,0,0,0,1,1,1,0,1,Male,San Francisco,One year,Bank transfer (automatic),Fiber optic
2026-04-23T13:23:35.315294,CUST_001353,0,1,0,8,104.77,811.48,1,1,0,0,0,1,0,1,Female,Seattle,Month-to-month,Electronic check,Fiber optic
2026-04-23T13:24:35.325997,CUST_001354,0,0,0,51,100.26,5272.01,1,1,0,0,1,0,0,0,Female,Seattle,Two year,Bank transfer (automatic),Fiber optic
2026-04-23T13:25:35.340956,CUST_001355,0,1,0,40,81.98,3204.17,0,0,0,0,1,1,1,0,Male,Phoenix,Two year,Credit card (automatic),Fiber optic
2026-04-23T13:26:35.358391,CUST_001356,0,0,0,37,77.82,2751.05,0,0,1,1,1,1,1,1,Male,San Diego,One year,Electronic check,DSL
2026-04-23T13:27:35.374881,CUST_001357,0,1,0,17,99.81,1814.15,1,1,0,0,0,0,1,1,Male,New York,Month-to-month,Electronic check,Fiber optic
2026-04-23T13:28:35.391485,CUST_001358,0,1,1,40,49.12,1975.21,1,1,0,0,0,0,0,0,Female,Los Angeles,Two year,Mailed check,No
2026-04-23T13:29:35.398288,CUST_001359,0,1,1,26,47.33,1306.02,1,0,0,0,0,0,0,0,Male,Dallas,One year,Electronic check,No
2026-04-23T13:30:35.403395,CUST_001360,0,1,0,24,121.0,2802.38,1,0,1,1,1,0,1,0,Female,Phoenix,Month-to-month,Electronic check,Fiber optic
2026-04-23T13:31:35.411022,CUST_001361,0,1,0,12,103.71,1199.31,1,0,1,1,1,0,0,0,Male,New York,One year,Bank transfer (automatic),Fiber optic
2026-04-23T13:32:35.425616,CUST_001362,0,0,1,24,111.22,2734.13,1,1,0,1,1,0,1,0,Female,Los Angeles,Month-to-month,Mailed check,Fiber optic
2026-04-23T13:33:35.439645,CUST_001363,0,1,0,19,111.69,2136.22,1,1,0,1,1,0,0,1,Female,New York,Month-to-month,Electronic check,Fiber optic
2026-04-23T13:34:35.448887,CUST_001364,0,0,0,45,84.4,3813.37,1,1,1,0,0,1,0,0,Female,San Francisco,Two year,Credit card (automatic),DSL
2026-04-23T13:35:35.460618,CUST_001365,0,1,1,1,87.58,80.54,1,1,0,1,0,0,0,0,Male,Los Angeles,Month-to-month,Bank transfer (automatic),DSL
2026-04-23T13:36:35.474617,CUST_001366,0,0,1,23,89.64,1934.62,1,1,1,0,0,1,1,0,Male,Los Angeles,Month-to-month,Mailed check,DSL
2026-04-23T13:37:35.488071,CUST_001367,0,1,1,46,101.42,4711.5,1,1,1,0,1,0,0,0,Female,San Diego,Two year,Credit card (automatic),Fiber optic
2026-04-23T13:38:35.505869,CUST_001368,0,1,1,18,86.35,1636.87,1,0,1,1,0,0,0,1,Male,San Diego,Month-to-month,Mailed check,DSL
2026-04-23T13:39:35.510732,CUST_001369,0,1,0,2,91.52,193.87,1,0,1,0,0,0,1,0,Female,San Diego,Month-to-month,Electronic check,DSL
2026-04-23T13:40:35.527875,CUST_001370,0,1,0,10,109.33,1155.38,1,1,0,0,0,0,1,0,Male,San Francisco,Month-to-month,Credit card (automatic),Fiber optic
2026-04-23T13:41:35.535121,CUST_001371,0,0,0,13,110.18,1454.62,1,1,0,0,0,0,1,1,Female,Seattle,Month-to-month,Credit card (automatic),Fiber optic
2026-04-23T13:42:35.537138,CUST_001372,0,0,1,39,88.92,3800.46,1,1,0,0,1,1,1,1,Female,New York,One year,Bank transfer (automatic),DSL
2026-04-23T13:43:35.543737,CUST_001373,1,1,0,5,50.92,234.63,1,1,0,0,0,0,0,0,Female,Houston,Month-to-month,Mailed check,No
2026-04-23T13:44:35.561441,CUST_001374,0,1,1,23,131.3,3092.84,1,1,1,0,1,1,1,1,Male,Seattle,One year,Credit card (automatic),Fiber optic
2026-04-23T13:45:35.577297,CUST_001375,0,1,1,9,88.83,849.86,1,1,0,1,0,1,1,0,Female,Los Angeles,Month-to-month,Electronic check,DSL
2026-04-23T13:46:35.583790,CUST_001376,0,1,0,38,116.45,4283.03,1,0,0,0,1,1,0,1,Female,Los Angeles,One year,Credit card (automatic),Fiber optic
2026-04-23T13:47:35.596974,CUST_001377,0,0,0,21,76.56,1464.55,1,0,0,0,1,0,1,0,Male,San Francisco,One year,Credit card (automatic),DSL
2026-04-23T13:48:35.604300,CUST_001378,0,0,0,2,42.5,86.85,1,0,0,0,0,0,0,0,Female,New York,Month-to-month,Bank transfer (automatic),No
2026-04-23T13:49:35.611858,CUST_001379,0,0,0,0,108.86,0.0,0,0,1,1,1,0,1,1,Female,Miami,Month-to-month,Electronic check,Fiber optic
2026-04-23T13:50:35.621374,CUST_001380,0,1,1,59,42.73,2618.37,1,0,0,0,0,0,0,0,Female,Los Angeles,Two year,Bank transfer (automatic),No
2026-04-23T13:51:35.634276,CUST_001381,0,1,0,18,57.42,1052.55,1,1,0,0,0,0,0,0,Male,San Francisco,One year,Mailed check,No
2026-04-23T13:52:35.647179,CUST_001382,0,1,1,53,106.75,5507.63,1,0,0,1,0,0,0,1,Female,Phoenix,Two year,Credit card (automatic),Fiber optic
2026-04-23T13:53:35.658339,CUST_001383,0,0,0,7,81.71,583.29,1,0,0,0,0,1,0,1,Male,Houston,Month-to-month,Bank transfer (automatic),DSL
2026-04-23T13:54:35.675520,CUST_001384,0,0,1,37,114.73,4153.18,1,1,1,0,0,1,1,0,Male,New York,One year,Bank transfer (automatic),Fiber optic
2026-04-23T13:55:35.683683,CUST_001385,0,1,1,15,105.33,1522.62,1,0,0,1,0,1,0,1,Female,Miami,One year,Credit card (automatic),Fiber optic
2026-04-23T13:56:35.691717,CUST_001386,1,0,0,20,95.83,1988.05,1,0,0,1,0,0,1,0,Female,New York,One year,Credit card (automatic),Fiber optic
2026-04-23T13:57:35.707623,CUST_001387,0,1,0,63,106.18,6728.29,1,1,0,0,1,0,0,1,Female,Houston,Two year,Credit card (automatic),Fiber optic
2026-04-23T13:58:35.712412,CUST_001388,0,0,0,47,45.47,2214.59,1,0,0,0,0,0,0,0,Male,Chicago,Two year,Credit card (automatic),No
2026-04-23T13:59:35.717866,CUST_001389,1,1,1,15,51.01,718.52,1,1,0,0,0,0,0,0,Female,Los Angeles,One year,Credit card (automatic),No
2026-04-23T14:00:35.726586,CUST_001390,0,0,1,38,86.76,3535.09,1,0,1,0,0,0,1,1,Male,Chicago,One year,Mailed check,DSL
2026-04-23T14:01:35.742748,CUST_001391,0,0,0,21,105.75,2217.79,1,0,0,1,1,1,1,1,Male,New York,Month-to-month,Electronic check,DSL
2026-04-23T14:02:35.755505,CUST_001392,0,0,0,21,109.72,2089.26,1,1,0,0,0,0,0,1,Male,New York,Month-to-month,Bank transfer (automatic),Fiber optic
2026-04-23T14:03:35.765355,CUST_001393,0,0,0,16,45.54,700.21,1,1,0,0,0,0,0,0,Male,Chicago,One year,Bank transfer (automatic),No
2026-04-23T14:04:35.776860,CUST_001394,0,0,1,4,81.21,298.36,1,0,0,0,0,0,1,0,Female,Los Angeles,Month-to-month,Electronic check,DSL
2026-04-23T14:05:35.784270,CUST_001395,0,0,1,63,40.51,2753.14,1,0,0,0,0,0,0,0,Male,Miami,Two year,Electronic check,No
2026-04-23T14:06:35.793445,CUST_001396,0,1,0,20,115.1,2249.09,1,1,0,0,1,0,1,0,Female,Los Angeles,Month-to-month,Bank transfer (automatic),Fiber optic
2026-04-23T14:07:35.806060,CUST_001397,0,0,0,48,97.24,5075.74,1,1,1,1,0,0,1,0,Male,Miami,Two year,Credit card (automatic),DSL
2026-04-23T14:08:35.819021,CUST_001398,0,1,0,17,122.25,2216.83,1,1,0,1,0,1,1,0,Male,Chicago,Month-to-month,Credit card (automatic),Fiber optic
2026-04-23T14:09:35.828438,CUST_001399,0,0,0,18,112.25,2033.13,1,1,0,1,1,1,1,1,Male,San Francisco,One year,Credit card (automatic),DSL
2026-04-23T14:10:35.837654,CUST_001400,0,0,0,34,106.43,3576.88,1,1,1,1,1,1,0,1,Female,Chicago,One year,Bank transfer (automatic),DSL
2026-04-23T14:11:35.844498,CUST_001401,0,1,1,10,111.41,1021.85,1,1,0,0,1,0,1,0,Male,Chicago,Month-to-month,Electronic check,Fiber optic
2026-04-23T14:12:35.856691,CUST_001402,0,1,0,15,124.2,2040.19,1,1,0,1,1,0,1,1,Female,Seattle,Month-to-month,Electronic check,Fiber optic
2026-04-23T14:13:35.873889,CUST_001403,0,1,0,18,108.53,1835.63,1,0,0,1,1,0,1,0,Female,Los Angeles,Month-to-month,Electronic check,Fiber optic
2026-04-23T14:14:35.890711,CUST_001404,0,1,0,28,112.79,3138.26,1,0,0,0,0,0,1,1,Female,San Diego,One year,Credit card (automatic),Fiber optic
2026-04-23T14:15:35.905077,CUST_001405,0,1,1,60,106.88,6989.21,1,0,0,1,1,0,1,1,Female,Miami,Two year,Bank transfer (automatic),Fiber optic
2026-04-23T14:45:40.083858,CUST_001406,0,0,1,19,127.45,2625.11,1,1,1,1,0,1,1,0,Male,Dallas,Month-to-month,Electronic check,Fiber optic
2026-04-23T14:46:40.096576,CUST_001407,0,0,0,13,104.89,1364.46,1,1,0,0,1,0,1,0,Female,Chicago,Month-to-month,Electronic check,Fiber optic
2026-04-23T14:47:40.098653,CUST_001408,0,1,0,30,94.79,3059.39,1,0,0,1,0,0,0,0,Male,New York,One year,Mailed check,Fiber optic
2026-04-23T14:48:40.105015,CUST_001409,0,0,1,32,97.86,3267.59,1,1,0,1,0,1,0,1,Male,Los Angeles,One year,Bank transfer (automatic),DSL
2026-04-23T14:49:40.110997,CUST_001410,0,0,0,10,93.77,989.26,1,0,0,1,1,1,0,1,Female,Miami,Month-to-month,Bank transfer (automatic),DSL
2026-04-23T14:50:40.126675,CUST_001411,0,0,0,16,104.54,1535.71,1,0,0,1,0,1,1,0,Male,Chicago,One year,Electronic check,Fiber optic
2026-04-23T14:51:40.151347,CUST_001412,0,1,0,35,110.31,3497.96,1,1,0,1,1,0,1,1,Male,San Diego,One year,Mailed check,DSL
2026-04-23T14:52:40.163978,CUST_001413,0,0,0,47,117.51,4998.81,1,1,1,1,1,1,1,1,Male,Los Angeles,Two year,Credit card (automatic),DSL
2026-04-23T14:53:40.172879,CUST_001414,0,0,1,18,75.44,1396.68,1,1,0,0,0,0,0,0,Female,Los Angeles,Month-to-month,Electronic check,DSL
2026-04-23T14:54:40.193646,CUST_001415,0,1,0,17,108.95,1768.56,1,0,0,0,1,1,0,1,Male,San Francisco,Month-to-month,Electronic check,Fiber optic
2026-04-23T14:55:40.198812,CUST_001416,0,1,1,5,85.57,421.14,1,0,0,1,1,1,1,0,Male,New York,Month-to-month,Credit card (automatic),DSL
2026-04-23T14:56:40.215576,CUST_001417,0,1,0,16,129.69,2010.27,1,1,1,0,1,1,1,0,Male,Seattle,Month-to-month,Electronic check,Fiber optic
2026-04-23T14:57:40.221331,CUST_001418,1,1,0,21,88.09,1732.5,1,1,1,0,1,0,1,1,Male,Los Angeles,One year,Bank transfer (automatic),DSL
2026-04-23T14:58:40.225130,CUST_001419,0,1,0,3,112.92,312.5,1,1,0,0,1,0,1,1,Female,Miami,Month-to-month,Electronic check,Fiber optic
2026-04-23T14:59:40.230211,CUST_001420,0,1,0,48,97.61,4911.22,1,0,0,0,0,0,1,0,Male,New York,One year,Credit card (automatic),Fiber optic
2026-04-23T15:00:40.240122,CUST_001421,1,1,0,15,108.58,1691.31,1,0,0,0,1,1,1,1,Female,Chicago,Month-to-month,Credit card (automatic),DSL
2026-04-23T15:01:40.255896,CUST_001422,0,0,0,15,111.21,1526.73,1,1,0,0,0,0,1,1,Male,New York,Month-to-month,Electronic check,Fiber optic
2026-04-23T15:02:40.273094,CUST_001423,0,0,1,12,69.34,773.09,0,0,0,1,1,0,0,0,Female,Chicago,Month-to-month,Electronic check,Fiber optic
2026-04-23T15:03:40.287812,CUST_001424,0,0,0,19,18.27,334.28,0,0,0,0,0,0,0,0,Male,Los Angeles,Month-to-month,Electronic check,No
2026-04-23T15:04:40.296717,CUST_001425,0,0,1,11,72.32,731.55,0,0,0,0,0,0,0,1,Male,Los Angeles,Month-to-month,Mailed check,Fiber optic
2026-04-23T15:05:40.306009,CUST_001426,0,1,1,48,99.68,4896.51,1,1,0,0,0,0,0,0,Female,Los Angeles,One year,Bank transfer (automatic),Fiber optic
2026-04-23T15:06:40.309612,CUST_001427,0,0,0,40,101.56,4259.12,1,1,0,0,1,1,1,1,Female,Chicago,Two year,Bank transfer (automatic),DSL
2026-04-23T15:07:40.321132,CUST_001428,0,1,0,11,96.37,991.8,0,0,1,1,1,1,1,1,Male,New York,Month-to-month,Electronic check,Fiber optic
2026-04-23T15:08:40.337575,CUST_001429,0,1,0,3,119.78,364.42,1,1,0,0,1,1,1,0,Female,Los Angeles,Month-to-month,Credit card (automatic),Fiber optic
2026-04-23T15:09:40.340916,CUST_001430,1,1,0,41,102.78,4276.23,1,1,0,1,0,0,0,0,Female,San Francisco,One year,Credit card (automatic),Fiber optic
2026-04-23T15:10:40.354657,CUST_001431,0,1,1,23,85.29,2062.87,1,1,1,0,0,1,0,1,Male,Los Angeles,Month-to-month,Credit card (automatic),DSL
2026-04-23T15:11:40.369075,CUST_001432,1,0,0,24,109.91,2462.57,1,0,1,0,0,0,0,1,Female,Los Angeles,One year,Bank transfer (automatic),Fiber optic
2026-04-23T15:12:40.374516,CUST_001433,0,0,0,3,99.79,278.46,1,0,0,1,1,0,1,1,Female,San Francisco,Month-to-month,Mailed check,DSL
2026-04-23T15:13:40.395567,CUST_001434,0,0,0,31,117.58,3984.71,1,1,1,1,1,0,1,1,Male,Seattle,One year,Electronic check,DSL
2026-04-23T15:14:40.404966,CUST_001435,0,1,1,5,102.54,470.11,1,1,0,1,1,1,0,0,Female,San Diego,Month-to-month,Electronic check,DSL
2026-04-23T15:15:40.409635,CUST_001436,1,1,0,7,96.59,633.59,1,0,0,0,0,1,0,0,Female,San Francisco,Month-to-month,Credit card (automatic),Fiber optic
2026-04-23T15:16:40.419120,CUST_001437,0,0,0,69,144.12,10066.93,1,1,1,1,1,1,1,1,Female,New York,Two year,Credit card (automatic),Fiber optic
2026-04-23T15:17:40.430323,CUST_001438,0,0,0,13,98.34,1389.87,1,0,0,0,1,1,1,0,Female,Chicago,Month-to-month,Electronic check,Fiber optic
2026-04-23T15:18:40.452509,CUST_001439,0,0,0,18,110.35,2110.43,1,1,1,0,1,0,1,1,Male,Seattle,Month-to-month,Electronic check,Fiber optic
2026-04-23T15:19:40.458062,CUST_001440,0,1,1,59,94.12,5913.45,1,1,0,1,0,0,1,1,Male,San Diego,Two year,Electronic check,DSL
2026-04-23T15:20:40.463828,CUST_001441,0,0,0,5,96.86,502.76,1,1,1,1,0,0,1,1,Female,Houston,Month-to-month,Mailed check,DSL
2026-04-23T15:21:40.476418,CUST_001442,0,0,0,11,54.27,606.48,1,1,0,0,0,0,0,0,Male,Dallas,Month-to-month,Electronic check,No
2026-04-23T15:22:40.493089,CUST_001443,0,1,0,6,105.73,651.99,1,1,0,1,0,0,1,0,Female,Chicago,Month-to-month,Mailed check,Fiber optic
2026-04-23T15:23:40.505755,CUST_001444,0,0,1,18,91.15,1564.88,1,0,0,1,0,0,1,1,Male,Dallas,Month-to-month,Credit card (automatic),DSL
2026-04-23T15:24:40.509627,CUST_001445,0,0,1,21,90.46,1989.54,1,0,0,1,0,1,1,0,Female,Chicago,Month-to-month,Mailed check,DSL
2026-04-23T15:25:40.515205,CUST_001446,0,1,1,7,103.4,762.85,1,1,1,0,0,0,0,1,Male,Los Angeles,Month-to-month,Electronic check,Fiber optic
2026-04-23T15:26:40.529772,CUST_001447,0,1,0,20,49.57,1056.4,1,0,0,0,0,0,0,0,Female,San Francisco,Month-to-month,Mailed check,No
2026-04-23T15:27:40.534388,CUST_001448,0,1,0,5,87.45,456.39,1,1,0,0,1,0,1,0,Female,Los Angeles,Month-to-month,Electronic check,DSL
2026-04-23T15:28:40.538720,CUST_001449,0,0,0,4,91.31,337.84,1,0,0,1,0,0,1,1,Female,San Diego,Month-to-month,Mailed check,DSL
2026-04-23T15:29:40.544386,CUST_001450,0,0,1,4,102.23,433.16,1,1,0,1,0,1,1,0,Female,San Diego,Month-to-month,Mailed check,DSL
2026-04-23T15:30:40.555814,CUST_001451,0,1,0,11,85.46,1013.77,1,1,0,1,0,0,0,0,Female,San Francisco,Month-to-month,Electronic check,DSL
2026-04-23T15:31:40.565796,CUST_001452,0,0,0,5,102.24,490.01,1,1,1,0,0,0,1,1,Male,Miami,Month-to-month,Electronic check,DSL
2026-04-23T15:32:40.578860,CUST_001453,0,0,1,11,73.27,879.95,0,0,0,1,1,0,0,1,Female,Seattle,Month-to-month,Electronic check,Fiber optic
2026-04-23T15:33:40.584857,CUST_001454,0,1,0,36,117.98,4513.52,1,1,1,1,1,1,0,0,Male,New York,One year,Credit card (automatic),Fiber optic
2026-04-23T15:34:40.595247,CUST_001455,0,1,0,2,107.39,204.83,1,0,1,0,1,1,0,1,Female,San Diego,Month-to-month,Electronic check,Fiber optic
2026-04-23T15:35:40.609074,CUST_001456,1,0,0,13,76.74,992.9,0,0,0,0,0,0,0,1,Male,Chicago,One year,Credit card (automatic),Fiber optic
2026-04-23T15:36:40.611630,CUST_001457,0,0,0,6,111.94,663.53,1,0,0,0,1,0,1,1,Male,Los Angeles,Month-to-month,Electronic check,Fiber optic
2026-04-23T15:37:40.617014,CUST_001458,1,1,0,26,80.67,2166.4,0,0,1,0,1,0,0,0,Female,New York,One year,Mailed check,Fiber optic
2026-04-23T15:38:40.628247,CUST_001459,0,0,0,37,112.68,4219.16,1,0,0,1,1,1,1,1,Male,Seattle,One year,Electronic check,Fiber optic
2026-04-23T15:39:40.644088,CUST_001460,0,1,0,20,109.06,2305.46,1,1,0,0,0,0,1,1,Female,San Francisco,Month-to-month,Credit card (automatic),Fiber optic
2026-04-23T15:40:40.655867,CUST_001461,0,1,1,22,98.93,2359.56,1,0,0,1,1,1,0,1,Female,San Diego,Month-to-month,Electronic check,DSL
2026-04-23T15:41:40.668619,CUST_001462,0,1,0,71,60.53,4046.75,0,0,0,0,1,1,1,1,Female,Dallas,Two year,Credit card (automatic),DSL
2026-04-23T15:42:40.674563,CUST_001463,0,0,1,15,47.08,725.46,1,0,0,0,0,0,0,0,Male,Chicago,Month-to-month,Mailed check,No
2026-04-23T15:43:40.681262,CUST_001464,0,0,0,33,97.28,2990.18,1,1,0,0,1,1,1,0,Male,Phoenix,One year,Credit card (automatic),DSL
2026-04-23T15:44:40.686985,CUST_001465,0,1,0,7,99.11,740.52,1,1,1,0,0,0,0,0,Female,Houston,Month-to-month,Mailed check,Fiber optic
2026-04-23T15:45:40.694652,CUST_001466,0,0,0,5,46.59,229.0,1,0,0,0,0,0,0,0,Female,New York,Month-to-month,Electronic check,No
2026-04-23T15:46:40.709653,CUST_001467,0,0,0,10,119.77,1282.52,1,1,1,1,1,1,0,1,Female,Phoenix,Month-to-month,Credit card (automatic),DSL
2026-04-23T15:47:40.716779,CUST_001468,0,1,1,50,103.06,4677.85,1,0,0,1,0,0,1,1,Female,Houston,Two year,Credit card (automatic),Fiber optic
2026-04-23T15:48:40.728808,CUST_001469,0,1,0,15,92.36,1322.03,1,0,1,0,1,0,0,1,Female,Chicago,Month-to-month,Electronic check,DSL
2026-04-23T15:49:40.745606,CUST_001470,0,0,0,23,111.11,2575.12,1,1,0,0,0,0,1,0,Male,San Diego,Month-to-month,Credit card (automatic),Fiber optic
2026-04-23T15:50:40.758013,CUST_001471,1,1,0,32,113.54,3279.94,1,0,1,1,1,0,0,0,Female,New York,One year,Bank transfer (automatic),Fiber optic
2026-04-23T15:51:40.761206,CUST_001472,0,1,0,70,98.5,6328.65,1,0,0,1,0,0,1,1,Female,Miami,Two year,Credit card (automatic),DSL
2026-04-23T15:52:40.774706,CUST_001473,0,1,0,67,79.33,5305.03,1,1,0,0,0,0,1,0,Female,Dallas,Two year,Mailed check,DSL
2026-04-23T15:53:40.786981,CUST_001474,1,1,1,5,82.26,442.55,1,0,0,1,0,1,0,1,Male,Miami,Month-to-month,Electronic check,DSL
2026-04-23T15:54:40.800381,CUST_001475,1,1,0,22,80.82,1864.83,0,0,0,1,0,0,0,1,Male,Los Angeles,Month-to-month,Mailed check,Fiber optic
2026-04-23T15:55:40.806072,CUST_001476,0,0,0,9,108.7,914.46,1,1,0,0,0,1,1,1,Female,Miami,Month-to-month,Bank transfer (automatic),Fiber optic
2026-04-23T15:56:40.823872,CUST_001477,0,1,0,46,117.51,5172.6,1,1,1,1,0,0,1,0,Male,Chicago,One year,Credit card (automatic),Fiber optic
2026-04-23T15:57:40.832633,CUST_001478,0,1,0,4,18.49,80.84,0,0,0,0,0,0,0,0,Female,San Francisco,Month-to-month,Bank transfer (automatic),No
2026-04-23T15:58:40.845521,CUST_001479,0,1,0,18,111.07,1801.37,1,0,1,0,0,1,1,0,Male,Houston,Month-to-month,Electronic check,Fiber optic
2026-04-23T15:59:40.853361,CUST_001480,0,1,0,43,99.16,4492.95,1,0,0,0,1,0,0,1,Male,Los Angeles,One year,Bank transfer (automatic),Fiber optic
2026-04-23T16:00:40.869250,CUST_001481,1,0,0,0,110.4,0.0,1,1,1,0,0,0,1,0,Male,Miami,Month-to-month,Electronic check,Fiber optic
2026-04-23T16:01:40.881130,CUST_001482,0,1,1,26,51.36,1333.31,1,1,0,0,0,0,0,0,Female,Houston,Two year,Electronic check,No
2026-04-23T16:02:40.895355,CUST_001483,0,1,0,8,43.37,373.7,1,0,0,0,0,0,0,0,Male,New York,Month-to-month,Mailed check,No
2026-04-23T16:03:40.904170,CUST_001484,0,1,1,5,115.95,582.43,1,1,1,0,1,0,0,1,Female,Miami,Month-to-month,Electronic check,Fiber optic
2026-04-23T16:04:40.913363,CUST_001485,0,1,0,46,51.83,2449.81,1,1,0,0,0,0,0,0,Male,Phoenix,Two year,Credit card (automatic),No
2026-04-23T16:05:40.920805,CUST_001486,0,0,0,40,39.97,1502.48,1,0,0,0,0,0,0,0,Male,Miami,One year,Credit card (automatic),No
2026-04-23T16:06:40.936285,CUST_001487,1,0,0,14,126.19,1708.86,1,1,1,1,0,1,1,1,Male,Los Angeles,One year,Credit card (automatic),Fiber optic
2026-04-23T16:07:40.949529,CUST_001488,1,0,0,9,115.69,1035.67,1,1,0,0,1,0,1,0,Female,Seattle,Month-to-month,Electronic check,Fiber optic
2026-04-23T16:08:40.963720,CUST_001489,0,1,0,71,106.95,7281.22,1,0,0,0,1,0,1,0,Female,Houston,Two year,Bank transfer (automatic),Fiber optic
2026-04-23T16:09:40.968489,CUST_001490,0,0,0,6,24.85,162.33,0,0,0,0,0,0,0,0,Female,Los Angeles,Month-to-month,Mailed check,No
2026-04-23T16:10:40.972161,CUST_001491,0,1,0,46,115.31,5823.47,1,0,1,0,1,0,1,0,Male,Houston,One year,Bank transfer (automatic),Fiber optic
2026-04-23T16:11:40.979454,CUST_001492,0,0,1,40,88.26,3848.44,1,1,0,0,0,0,1,1,Female,New York,Two year,Bank transfer (automatic),DSL
2026-04-23T16:12:40.994706,CUST_001493,0,1,0,4,68.94,266.43,1,0,0,0,0,0,0,0,Male,New York,Month-to-month,Bank transfer (automatic),DSL
2026-04-23T16:13:41.001019,CUST_001494,0,0,1,19,108.49,2242.56,1,0,1,0,1,0,1,0,Female,Los Angeles,One year,Credit card (automatic),Fiber optic
2026-04-23T16:14:41.017884,CUST_001495,0,0,0,21,105.99,2265.62,1,0,0,0,1,0,1,1,Female,Los Angeles,Month-to-month,Electronic check,Fiber optic
2026-04-23T16:15:41.034417,CUST_001496,1,0,1,41,100.75,3974.89,1,0,0,1,0,0,0,0,Male,Houston,Two year,Credit card (automatic),Fiber optic
2026-04-23T16:16:41.038028,CUST_001497,0,0,0,2,119.66,252.13,1,1,0,1,1,0,0,1,Female,Los Angeles,Month-to-month,Electronic check,Fiber optic
2026-04-23T16:17:41.041079,CUST_001498,0,1,0,13,105.68,1317.74,1,0,1,1,0,0,0,1,Female,Miami,Month-to-month,Electronic check,Fiber optic
2026-04-23T16:18:41.046859,CUST_001499,0,1,1,18,113.52,1923.98,1,0,0,1,1,0,1,0,Male,Houston,Month-to-month,Mailed check,Fiber optic
2026-04-23T16:19:41.055148,CUST_001500,1,1,0,67,79.6,4993.1,1,1,0,0,0,1,0,1,Male,New York,Two year,Bank transfer (automatic),DSL
2026-04-23T16:20:41.057692,CUST_001501,0,0,0,15,108.68,1566.46,1,1,0,1,0,1,1,0,Female,Miami,Month-to-month,Bank transfer (automatic),Fiber optic
2026-04-23T16:21:41.074574,CUST_001502,0,1,0,2,87.71,176.05,1,0,0,0,0,1,0,1,Female,Miami,Month-to-month,Electronic check,DSL
2026-04-23T16:22:41.092300,CUST_001503,0,1,1,37,101.18,3720.23,1,0,0,0,0,0,1,0,Male,Houston,One year,Credit card (automatic),Fiber optic
2026-04-23T16:23:41.098481,CUST_001504,0,1,0,40,79.9,3042.48,1,0,0,0,1,0,0,0,Female,Los Angeles,One year,Credit card (automatic),DSL
2026-04-23T16:24:41.111260,CUST_001505,0,1,0,13,109.23,1538.44,1,0,0,1,0,0,1,1,Male,Phoenix,Month-to-month,Bank transfer (automatic),Fiber optic
2026-04-23T16:25:41.124797,CUST_001506,0,1,1,8,112.28,833.22,1,0,1,1,0,0,0,1,Female,Los Angeles,Month-to-month,Electronic check,Fiber optic
2026-04-23T16:26:41.140626,CUST_001507,1,1,1,39,82.09,3031.48,1,0,1,0,0,0,0,1,Female,San Diego,Two year,Bank transfer (automatic),DSL
2026-04-23T16:27:41.147316,CUST_001508,1,0,0,12,98.63,1142.09,1,0,1,0,0,1,1,1,Female,Houston,Month-to-month,Electronic check,DSL
2026-04-23T16:28:41.162091,CUST_001509,1,1,0,52,105.13,4956.02,1,0,1,1,1,0,1,1,Female,Miami,Two year,Bank transfer (automatic),DSL
2026-04-23T16:29:41.174381,CUST_001510,1,0,0,24,114.31,2602.87,1,0,1,0,1,1,1,1,Female,Chicago,One year,Bank transfer (automatic),Fiber optic
2026-04-23T16:30:41.186578,CUST_001511,1,1,0,7,97.64,703.13,1,0,0,1,0,0,1,0,Female,Seattle,Month-to-month,Electronic check,Fiber optic
2026-04-23T16:31:41.195744,CUST_001512,0,1,0,66,47.11,3381.58,1,0,0,0,0,0,0,0,Female,Dallas,Two year,Credit card (automatic),No
2026-04-23T16:32:41.204524,CUST_001513,0,0,0,44,109.55,4540.35,1,0,1,1,0,0,0,0,Female,Houston,Two year,Electronic check,Fiber optic
2026-04-23T16:33:41.212547,CUST_001514,1,1,0,66,88.57,6122.78,1,0,1,0,1,0,0,1,Female,Houston,Two year,Credit card (automatic),DSL
2026-04-23T16:34:41.222237,CUST_001515,0,1,0,26,83.45,2137.63,1,0,0,0,1,1,0,0,Male,Los Angeles,One year,Mailed check,DSL
2026-04-23T16:35:41.230669,CUST_001516,1,1,1,65,87.3,6150.17,1,0,1,0,0,0,1,1,Female,Seattle,Two year,Credit card (automatic),DSL
2026-04-23T16:36:41.234605,CUST_001517,0,0,0,25,85.59,2122.08,1,1,1,0,1,0,1,0,Male,Los Angeles,One year,Mailed check,DSL
2026-04-23T16:37:41.240359,CUST_001518,0,1,0,49,127.85,6859.64,1,0,0,1,1,0,1,1,Male,Houston,Two year,Electronic check,Fiber optic
2026-04-23T16:38:41.255454,CUST_001519,0,1,0,23,105.89,2261.69,1,0,0,1,0,0,1,0,Female,Phoenix,Month-to-month,Credit card (automatic),Fiber optic
2026-04-23T16:39:41.258588,CUST_001520,0,1,1,52,120.7,6167.68,1,1,1,1,0,0,1,1,Male,New York,Two year,Credit card (automatic),Fiber optic
2026-04-23T16:40:41.267575,CUST_001521,0,0,0,9,48.39,393.87,1,1,0,0,0,0,0,0,Female,Los Angeles,Month-to-month,Bank transfer (automatic),No
2026-04-23T16:41:41.276868,CUST_001522,0,1,0,2,100.44,182.88,1,0,1,1,1,0,0,1,Male,New York,Month-to-month,Bank transfer (automatic),Fiber optic
2026-04-23T16:42:41.281850,CUST_001523,0,1,0,0,89.68,0.0,1,1,0,0,1,0,0,1,Male,Dallas,Month-to-month,Bank transfer (automatic),DSL
2026-04-23T16:43:41.284008,CUST_001524,0,1,0,71,101.26,6584.96,1,0,0,0,1,0,1,0,Female,Dallas,Two year,Credit card (automatic),Fiber optic
2026-04-23T16:44:41.290776,CUST_001525,0,1,1,22,80.04,1676.52,0,0,0,0,0,0,1,1,Female,Phoenix,Month-to-month,Mailed check,Fiber optic
2026-04-23T16:45:41.312892,CUST_001526,0,0,0,18,71.42,1176.16,0,0,1,0,0,1,1,1,Male,Los Angeles,Month-to-month,Mailed check,DSL
2026-04-23T16:46:41.325830,CUST_001527,1,1,1,16,116.9,2043.03,1,0,0,1,1,1,0,0,Male,Chicago,Month-to-month,Bank transfer (automatic),Fiber optic
2026-04-23T16:47:41.329009,CUST_001528,0,0,0,2,108.1,218.55,1,1,0,0,1,0,0,1,Female,New York,Month-to-month,Electronic check,Fiber optic
2026-04-23T16:48:41.334121,CUST_001529,0,1,0,16,50.65,850.41,0,0,0,0,0,0,1,0,Female,New York,Month-to-month,Mailed check,DSL
2026-04-23T16:49:41.348707,CUST_001530,1,1,0,16,105.99,1737.21,1,1,1,0,0,0,1,1,Female,Phoenix,One year,Bank transfer (automatic),Fiber optic
2026-04-23T16:50:41.362628,CUST_001531,1,1,0,36,73.05,2691.24,0,0,1,1,1,1,0,0,Female,Phoenix,One year,Credit card (automatic),DSL
2026-04-23T16:51:41.374735,CUST_001532,0,0,1,8,111.9,937.82,1,1,0,1,0,1,0,1,Male,Miami,Month-to-month,Credit card (automatic),Fiber optic
2026-04-23T16:52:41.391333,CUST_001533,0,1,0,3,101.95,301.7,1,0,0,1,0,1,0,1,Female,Chicago,Month-to-month,Electronic check,Fiber optic
2026-04-23T16:53:41.403717,CUST_001534,0,1,1,17,140.68,2529.25,1,1,1,1,1,1,1,1,Female,Los Angeles,Month-to-month,Mailed check,Fiber optic
2026-04-23T16:54:41.412994,CUST_001535,0,0,0,49,116.63,5345.25,1,1,0,0,0,1,0,1,Female,New York,Two year,Bank transfer (automatic),Fiber optic
2026-04-23T16:55:41.424956,CUST_001536,0,0,0,10,112.08,1071.53,1,1,0,0,1,0,1,1,Male,Phoenix,Month-to-month,Electronic check,Fiber optic
2026-04-23T16:56:41.441535,CUST_001537,1,1,0,43,67.24,2948.18,0,0,0,1,0,1,1,1,Male,Houston,One year,Electronic check,DSL
2026-04-23T16:57:41.456184,CUST_001538,0,0,1,14,79.74,1043.09,1,1,0,0,1,0,0,0,Female,San Diego,Month-to-month,Electronic check,DSL
2026-04-23T16:58:41.473783,CUST_001539,0,1,0,15,90.53,1322.2,1,1,0,1,1,0,0,1,Male,San Francisco,Month-to-month,Electronic check,DSL
2026-04-23T16:59:41.490389,CUST_001540,0,0,0,54,76.36,3712.64,0,0,1,1,0,0,0,1,Female,Miami,Two year,Credit card (automatic),Fiber optic
2026-04-23T17:00:41.506662,CUST_001541,0,1,0,30,112.84,3602.59,1,1,1,0,1,1,1,0,Female,San Francisco,One year,Mailed check,Fiber optic
2026-04-23T17:01:41.519025,CUST_001542,0,0,0,19,49.59,950.77,1,1,0,0,0,0,0,0,Female,Houston,Month-to-month,Electronic check,No
2026-04-23T17:02:41.532780,CUST_001543,0,1,1,17,86.68,1479.45,1,1,0,0,0,1,1,1,Male,Dallas,Month-to-month,Mailed check,DSL
2026-04-23T17:03:41.533868,CUST_001544,0,1,1,26,85.5,2138.15,1,1,0,0,0,0,1,0,Female,Chicago,One year,Bank transfer (automatic),DSL
2026-04-23T17:04:41.542041,CUST_001545,0,0,0,12,111.69,1349.89,1,0,1,1,0,0,0,0,Female,Los Angeles,Month-to-month,Electronic check,Fiber optic
2026-04-23T17:05:41.546675,CUST_001546,0,0,1,0,99.18,0.0,1,0,0,0,1,0,0,0,Male,San Francisco,Month-to-month,Bank transfer (automatic),Fiber optic
2026-04-23T17:06:41.556088,CUST_001547,0,1,0,16,41.71,691.33,1,0,0,0,0,0,0,0,Female,Dallas,One year,Mailed check,No
2026-04-23T17:07:41.562074,CUST_001548,0,1,0,53,95.44,4856.69,1,1,0,0,1,0,0,0,Male,Los Angeles,Two year,Bank transfer (automatic),Fiber optic
2026-04-23T17:08:41.574111,CUST_001549,0,1,0,69,87.98,6014.21,1,1,0,1,0,1,0,0,Male,Los Angeles,Two year,Credit card (automatic),DSL
2026-04-23T17:09:41.589527,CUST_001550,0,1,0,0,83.22,0.0,1,0,1,1,0,1,0,0,Male,New York,Month-to-month,Bank transfer (automatic),DSL
2026-04-23T17:10:41.605579,CUST_001551,0,1,1,7,130.34,946.67,1,1,1,0,1,0,1,1,Male,Chicago,Month-to-month,Electronic check,Fiber optic
2026-04-23T17:11:41.612850,CUST_001552,0,1,1,8,110.65,853.35,1,0,0,1,0,0,1,0,Female,San Francisco,Month-to-month,Electronic check,Fiber optic
2026-04-23T17:12:41.617379,CUST_001553,0,1,0,21,103.1,1962.84,1,0,1,0,1,0,1,0,Male,Dallas,Month-to-month,Credit card (automatic),Fiber optic
2026-04-23T17:13:41.626488,CUST_001554,0,1,0,16,91.4,1567.46,1,1,1,1,0,0,1,0,Male,Miami,One year,Bank transfer (automatic),DSL
2026-04-23T17:14:41.628262,CUST_001555,0,1,0,42,59.13,2324.81,1,1,0,0,0,0,0,0,Female,New York,One year,Credit card (automatic),No
2026-04-23T17:15:41.640649,CUST_001556,0,1,0,48,91.94,4120.58,1,1,0,1,1,0,1,0,Male,Phoenix,Two year,Credit card (automatic),DSL
2026-04-23T17:16:41.655948,CUST_001557,0,1,0,10,115.81,1246.38,1,0,1,0,1,1,1,1,Female,Houston,Month-to-month,Electronic check,Fiber optic
2026-04-23T17:17:41.663127,CUST_001558,1,0,0,16,98.2,1687.44,1,0,0,1,0,0,0,1,Male,Miami,Month-to-month,Electronic check,Fiber optic
2026-04-23T17:18:41.674146,CUST_001559,0,1,0,21,116.08,2563.38,1,1,1,0,1,0,1,1,Female,San Diego,Month-to-month,Electronic check,DSL
2026-04-23T17:19:41.683416,CUST_001560,0,1,0,15,81.16,1287.83,1,0,1,0,1,0,0,0,Male,San Diego,Month-to-month,Electronic check,DSL
2026-04-23T17:20:41.694007,CUST_001561,0,1,1,21,126.44,2648.82,1,0,0,1,1,1,1,1,Female,Los Angeles,Month-to-month,Credit card (automatic),Fiber optic
2026-04-23T17:21:41.705228,CUST_001562,1,1,0,21,101.76,2257.89,1,0,0,0,0,0,0,1,Male,Houston,Month-to-month,Electronic check,Fiber optic
2026-04-23T17:22:41.708479,CUST_001563,0,1,1,27,84.16,2240.84,1,0,0,0,0,0,0,1,Male,Houston,One year,Credit card (automatic),DSL
2026-04-23T17:23:41.720959,CUST_001564,1,0,0,41,112.83,4766.26,1,0,1,1,0,1,0,0,Female,Phoenix,Two year,Bank transfer (automatic),Fiber optic
2026-04-23T17:24:41.725944,CUST_001565,0,0,0,15,48.74,758.19,1,0,0,0,0,0,0,0,Male,Seattle,Month-to-month,Electronic check,No
2026-04-23T17:25:41.733327,CUST_001566,0,1,1,20,104.25,2239.52,1,1,0,0,0,0,1,1,Female,San Francisco,One year,Bank transfer (automatic),Fiber optic
2026-04-23T17:26:41.752038,CUST_001567,1,1,1,72,109.46,8495.8,1,0,1,0,0,1,1,0,Female,New York,Two year,Bank transfer (automatic),Fiber optic
2026-04-23T17:27:41.765085,CUST_001568,0,1,0,8,106.26,892.42,1,0,0,0,0,1,1,1,Female,Miami,Month-to-month,Electronic check,Fiber optic
2026-04-23T17:28:41.771211,CUST_001569,0,1,1,32,84.39,2919.99,1,1,0,0,0,1,0,1,Female,San Francisco,One year,Bank transfer (automatic),DSL
2026-04-23T17:29:41.776331,CUST_001570,0,1,1,7,102.5,761.55,1,0,0,1,0,1,0,0,Male,Houston,Month-to-month,Mailed check,Fiber optic
2026-04-23T17:30:41.783261,CUST_001571,0,1,0,27,109.37,2670.66,1,1,0,0,1,0,0,0,Female,Seattle,One year,Credit card (automatic),Fiber optic
2026-04-23T17:31:41.795539,CUST_001572,0,0,0,22,101.37,2235.46,1,0,1,0,1,0,0,0,Male,San Diego,Month-to-month,Mailed check,Fiber optic
2026-04-23T17:32:41.809143,CUST_001573,0,1,0,25,90.49,2263.24,1,0,1,0,1,1,0,1,Male,New York,One year,Bank transfer (automatic),DSL
2026-04-23T17:33:41.824289,CUST_001574,0,0,0,6,65.29,378.76,0,0,1,0,1,1,0,1,Female,Houston,Month-to-month,Electronic check,DSL
2026-04-23T17:34:41.842629,CUST_001575,0,1,0,6,51.99,294.38,1,1,0,0,0,0,0,0,Female,Houston,Month-to-month,Electronic check,No
2026-04-23T17:35:41.851402,CUST_001576,0,1,0,43,119.75,4781.39,1,0,1,0,0,1,1,1,Male,Los Angeles,One year,Electronic check,Fiber optic
2026-04-23T17:36:41.864692,CUST_001577,0,1,0,29,118.1,3504.11,1,1,1,0,0,1,1,0,Male,Houston,One year,Credit card (automatic),Fiber optic
2026-04-23T17:37:41.874273,CUST_001578,0,1,0,23,84.45,1907.76,1,0,0,0,1,0,1,0,Female,Chicago,Month-to-month,Electronic check,DSL
2026-04-23T17:38:41.878446,CUST_001579,0,0,0,1,85.83,93.72,1,0,1,1,1,0,1,1,Female,Houston,Month-to-month,Mailed check,DSL
2026-04-23T17:39:41.893226,CUST_001580,0,0,1,10,42.17,421.93,1,0,0,0,0,0,0,0,Male,Houston,Month-to-month,Electronic check,No
2026-04-23T17:40:41.904478,CUST_001581,1,1,0,44,106.16,4761.7,1,1,0,1,1,1,1,1,Female,Miami,One year,Credit card (automatic),DSL
2026-04-23T17:41:41.916092,CUST_001582,0,1,0,10,40.88,381.63,1,0,0,0,0,0,0,0,Male,Los Angeles,Month-to-month,Bank transfer (automatic),No
2026-04-23T17:42:41.925795,CUST_001583,0,1,0,38,97.24,3899.89,1,1,0,0,0,0,1,1,Male,San Francisco,Two year,Electronic check,DSL
2026-04-23T17:43:41.940369,CUST_001584,0,0,0,64,111.16,6599.23,1,1,1,1,0,1,1,1,Male,Los Angeles,Two year,Credit card (automatic),DSL
2026-04-23T17:44:41.953893,CUST_001585,0,0,0,17,81.44,1499.08,0,0,1,1,0,0,1,0,Female,Chicago,Month-to-month,Bank transfer (automatic),Fiber optic
2026-04-23T17:45:41.967222,CUST_001586,0,0,0,42,110.44,4249.86,1,0,1,0,0,1,1,1,Female,Houston,One year,Bank transfer (automatic),Fiber optic
2026-04-23T17:46:41.973982,CUST_001587,0,0,0,0,94.29,0.0,1,0,0,1,0,1,1,0,Female,Dallas,Month-to-month,Bank transfer (automatic),DSL
2026-04-23T17:47:41.987182,CUST_001588,0,1,1,20,113.87,2349.27,1,1,0,1,1,1,1,0,Male,New York,Month-to-month,Mailed check,DSL
2026-04-23T17:48:41.998658,CUST_001589,0,0,0,6,114.07,618.95,1,0,0,1,1,0,1,0,Male,Miami,Month-to-month,Electronic check,Fiber optic
2026-04-23T17:49:42.010083,CUST_001590,0,0,0,22,103.78,2492.5,1,1,0,0,0,0,1,0,Male,San Francisco,Month-to-month,Electronic check,Fiber optic
2026-04-23T17:50:42.021187,CUST_001591,0,0,0,11,115.34,1163.42,1,1,0,1,0,0,1,0,Female,Dallas,Month-to-month,Electronic check,Fiber optic
2026-04-23T17:51:42.031738,CUST_001592,0,0,0,13,81.93,986.3,1,0,0,1,0,0,0,1,Male,Dallas,Month-to-month,Electronic check,DSL
2026-04-23T17:52:42.045564,CUST_001593,0,1,0,1,21.04,21.23,0,0,0,0,0,0,0,0,Female,San Francisco,Month-to-month,Mailed check,No
2026-04-23T17:53:42.050164,CUST_001594,0,0,0,6,105.14,572.28,1,1,0,1,1,0,0,0,Female,San Francisco,Month-to-month,Mailed check,Fiber optic
2026-04-23T17:54:42.055326,CUST_001595,1,0,1,11,104.58,1197.11,1,0,1,1,0,1,0,1,Female,New York,Month-to-month,Electronic check,DSL
2026-04-23T17:55:42.067447,CUST_001596,0,1,1,22,85.07,2022.69,1,0,0,0,1,1,0,0,Male,Miami,One year,Bank transfer (automatic),DSL
2026-04-23T17:56:42.074710,CUST_001597,0,1,0,35,53.68,1718.93,1,1,0,0,0,0,0,0,Female,Chicago,Two year,Credit card (automatic),No
2026-04-23T17:57:42.082836,CUST_001598,0,1,0,13,51.38,616.01,1,1,0,0,0,0,0,0,Female,Los Angeles,Month-to-month,Electronic check,No
2026-04-23T17:58:42.087938,CUST_001599,1,0,0,16,83.37,1210.84,1,0,0,1,0,0,0,1,Female,San Francisco,Month-to-month,Mailed check,DSL
2026-04-23T17:59:42.101783,CUST_001600,1,1,0,38,105.64,4155.17,1,0,1,1,0,0,1,1,Female,New York,Two year,Bank transfer (automatic),Fiber optic
2026-04-23T18:00:42.113765,CUST_001601,0,1,1,71,101.65,7904.5,1,0,1,1,0,0,0,0,Female,Phoenix,Two year,Bank transfer (automatic),Fiber optic
2026-04-23T18:01:42.127718,CUST_001602,0,0,0,38,99.64,3568.19,1,0,1,0,1,1,1,1,Female,Dallas,Two year,Bank transfer (automatic),DSL
2026-04-23T18:02:42.140391,CUST_001603,0,0,0,37,95.42,3870.59,1,1,0,1,1,0,0,0,Male,Seattle,Two year,Credit card (automatic),DSL
2026-04-23T18:03:42.153506,CUST_001604,0,1,0,19,120.72,2172.25,1,1,1,1,1,0,1,1,Female,Houston,Month-to-month,Electronic check,Fiber optic
2026-04-23T18:04:42.163630,CUST_001605,0,1,1,20,116.41,2495.38,1,0,1,1,1,0,1,1,Male,Houston,Month-to-month,Electronic check,Fiber optic
2026-04-23T18:05:42.169069,CUST_001606,0,1,1,53,99.45,4866.23,1,0,0,0,0,1,1,0,Male,Dallas,Two year,Credit card (automatic),Fiber optic
2026-04-23T18:06:42.185142,CUST_001607,0,1,0,7,106.56,713.14,1,0,0,0,0,1,0,1,Female,San Francisco,Month-to-month,Mailed check,Fiber optic
2026-04-23T18:07:42.193917,CUST_001608,0,0,0,30,130.69,3906.92,1,1,1,1,0,0,1,1,Male,Seattle,One year,Bank transfer (automatic),Fiber optic
2026-04-23T18:08:42.209992,CUST_001609,1,1,1,26,90.03,2431.81,1,1,1,1,1,1,0,0,Female,San Francisco,Two year,Bank transfer (automatic),DSL
2026-04-23T18:09:42.225423,CUST_001610,0,0,0,40,104.02,3884.79,1,0,1,0,1,0,1,1,Male,Chicago,Two year,Credit card (automatic),Fiber optic
2026-04-23T18:10:42.233584,CUST_001611,1,0,0,70,51.38,3385.16,1,1,0,0,0,0,0,0,Female,San Francisco,Two year,Credit card (automatic),No
2026-04-23T19:35:23.839553,CUST_001612,0,0,0,10,108.01,1140.65,1,1,0,1,1,0,1,0,Female,Seattle,Month-to-month,Electronic check,Fiber optic
2026-04-23T19:36:23.854362,CUST_001613,1,1,0,9,92.35,913.55,1,1,1,0,0,1,0,1,Female,Dallas,Month-to-month,Electronic check,DSL
2026-04-23T19:37:23.871915,CUST_001614,0,0,1,22,110.89,2246.74,1,1,0,1,0,0,0,0,Female,Dallas,One year,Mailed check,Fiber optic
2026-04-23T19:38:23.877673,CUST_001615,0,1,0,55,47.9,2665.34,1,0,0,0,0,0,0,0,Male,Miami,Two year,Electronic check,No
2026-04-23T19:39:23.882895,CUST_001616,0,0,0,17,110.66,2036.31,1,0,1,1,0,0,1,0,Male,New York,Month-to-month,Credit card (automatic),Fiber optic
2026-04-23T19:40:23.900291,CUST_001617,0,1,0,27,18.0,489.14,0,0,0,0,0,0,0,0,Male,Los Angeles,One year,Mailed check,No
2026-04-23T19:41:23.903889,CUST_001618,0,1,0,62,109.36,7055.48,1,0,0,1,1,1,0,0,Male,Los Angeles,Two year,Bank transfer (automatic),Fiber optic
2026-04-23T19:42:23.907520,CUST_001619,0,0,0,16,104.95,1541.07,1,1,1,1,1,0,1,0,Male,Los Angeles,Month-to-month,Bank transfer (automatic),DSL
2026-04-23T19:43:23.912927,CUST_001620,0,1,0,54,123.99,6034.0,1,0,0,1,1,0,1,1,Male,Chicago,Two year,Mailed check,Fiber optic
2026-04-23T19:44:23.916951,CUST_001621,0,0,1,17,123.07,1957.82,1,1,0,1,1,1,1,0,Female,Los Angeles,Month-to-month,Mailed check,Fiber optic
2026-04-23T19:45:23.925941,CUST_001622,0,1,1,9,85.1,795.01,1,1,1,0,0,1,0,1,Female,Seattle,Month-to-month,Electronic check,DSL
2026-04-23T19:46:23.941379,CUST_001623,0,0,1,0,115.21,0.0,1,0,1,1,0,0,0,1,Male,Chicago,Month-to-month,Mailed check,Fiber optic
2026-04-23T19:47:23.951754,CUST_001624,1,0,0,12,44.65,500.85,1,0,0,0,0,0,0,0,Female,Chicago,One year,Bank transfer (automatic),No
2026-04-23T19:48:23.960290,CUST_001625,0,1,1,15,105.44,1552.28,1,0,0,1,0,1,1,1,Male,New York,One year,Bank transfer (automatic),DSL
2026-04-23T19:49:23.974252,CUST_001626,0,1,0,33,102.38,3648.55,1,0,1,1,1,0,0,1,Female,Houston,One year,Credit card (automatic),DSL
2026-04-23T19:50:23.987150,CUST_001627,0,1,0,16,76.63,1277.28,1,1,0,0,0,1,1,0,Male,Los Angeles,Month-to-month,Electronic check,DSL
2026-04-23T19:51:23.997099,CUST_001628,0,0,0,0,98.36,0.0,1,1,1,0,1,0,0,0,Male,Dallas,Month-to-month,Bank transfer (automatic),Fiber optic
2026-04-23T19:52:24.013849,CUST_001629,0,1,1,70,86.42,5600.42,1,0,0,1,0,1,0,1,Male,Seattle,Two year,Electronic check,DSL
2026-04-23T19:53:24.016685,CUST_001630,0,1,1,3,119.91,341.34,1,1,0,1,0,0,1,1,Male,Los Angeles,Month-to-month,Credit card (automatic),Fiber optic
2026-04-23T19:54:24.019247,CUST_001631,0,0,0,49,85.14,4037.28,1,0,1,0,1,0,0,0,Male,Miami,Two year,Bank transfer (automatic),DSL
2026-04-23T19:55:24.031518,CUST_001632,0,1,0,59,115.58,7142.58,1,0,1,1,0,0,1,1,Female,San Diego,Two year,Electronic check,Fiber optic
2026-04-23T19:56:24.035370,CUST_001633,0,1,0,14,119.4,1671.88,1,1,0,1,1,1,0,1,Female,Houston,Month-to-month,Electronic check,Fiber optic
2026-04-23T19:57:24.044073,CUST_001634,0,1,0,37,94.48,3791.1,1,1,0,0,0,1,0,1,Female,Miami,Two year,Credit card (automatic),DSL
2026-04-23T19:58:24.056871,CUST_001635,0,0,0,8,97.05,727.27,1,0,0,0,1,0,1,0,Male,Dallas,Month-to-month,Electronic check,Fiber optic
2026-04-23T19:59:24.068921,CUST_001636,0,1,0,12,97.98,1252.23,1,1,0,0,0,0,0,1,Female,Los Angeles,Month-to-month,Mailed check,Fiber optic
2026-04-23T20:00:24.076761,CUST_001637,0,1,1,21,58.7,1318.47,1,1,0,0,0,0,0,0,Male,Dallas,One year,Credit card (automatic),No
2026-04-23T20:01:24.084148,CUST_001638,0,1,1,22,107.94,2609.15,1,0,0,0,0,0,1,1,Male,Los Angeles,Month-to-month,Electronic check,Fiber optic
2026-04-23T20:02:24.091689,CUST_001639,0,0,0,3,94.79,292.92,0,0,0,1,1,1,1,1,Female,Chicago,Month-to-month,Bank transfer (automatic),Fiber optic
2026-04-23T20:03:24.097206,CUST_001640,0,1,0,18,100.15,1920.98,1,0,0,0,0,1,1,1,Male,New York,Month-to-month,Electronic check,Fiber optic
2026-04-23T20:04:24.101943,CUST_001641,0,0,1,12,52.95,574.79,1,1,0,0,0,0,0,0,Female,New York,Month-to-month,Electronic check,No
2026-04-23T20:05:24.117060,CUST_001642,0,1,0,48,87.13,4038.47,1,0,0,1,1,1,1,0,Female,Phoenix,Two year,Bank transfer (automatic),DSL
2026-04-23T20:06:24.141964,CUST_001643,0,0,0,23,112.24,2635.24,1,1,1,1,1,0,1,1,Female,New York,Month-to-month,Electronic check,DSL
2026-04-23T20:07:24.151708,CUST_001644,1,0,0,18,119.21,1962.68,1,0,0,0,0,1,1,1,Male,Los Angeles,One year,Electronic check,Fiber optic
2026-04-23T20:08:24.171716,CUST_001645,0,1,0,14,42.63,605.5,1,0,0,0,0,0,0,0,Female,New York,Month-to-month,Credit card (automatic),No
2026-04-23T20:09:24.176043,CUST_001646,0,1,0,2,112.82,209.52,1,1,0,1,1,0,1,1,Female,Houston,Month-to-month,Electronic check,Fiber optic
2026-04-23T20:10:24.188832,CUST_001647,0,0,0,26,95.04,2706.19,1,0,1,1,1,0,1,1,Female,Seattle,One year,Bank transfer (automatic),DSL
2026-04-23T20:11:24.198567,CUST_001648,0,1,1,46,120.7,5875.45,1,0,0,1,0,1,1,1,Male,Los Angeles,One year,Bank transfer (automatic),Fiber optic
2026-04-23T20:12:24.201692,CUST_001649,0,0,1,14,97.96,1248.49,1,0,1,0,1,1,1,0,Female,San Diego,Month-to-month,Mailed check,DSL
2026-04-23T20:13:24.213679,CUST_001650,0,0,0,52,40.52,1953.44,1,0,0,0,0,0,0,0,Female,New York,Two year,Electronic check,No
2026-04-23T20:14:24.223459,CUST_001651,1,1,0,18,54.13,879.35,1,1,0,0,0,0,0,0,Female,Phoenix,One year,Credit card (automatic),No
2026-04-23T20:15:24.234919,CUST_001652,0,0,0,33,123.1,4205.08,1,0,1,1,1,0,1,1,Female,Los Angeles,Two year,Credit card (automatic),Fiber optic
2026-04-23T20:16:24.250036,CUST_001653,0,0,0,14,84.94,1101.99,1,0,0,1,1,1,0,0,Female,San Francisco,Month-to-month,Mailed check,DSL
2026-04-23T20:17:24.264958,CUST_001654,0,0,0,40,83.95,3204.49,1,1,0,0,0,0,1,0,Male,Dallas,One year,Bank transfer (automatic),DSL
2026-04-23T20:18:24.274044,CUST_001655,0,1,1,0,99.05,0.0,1,0,0,0,0,0,1,0,Female,Miami,Month-to-month,Bank transfer (automatic),Fiber optic
2026-04-23T20:19:24.286912,CUST_001656,0,1,0,38,106.98,3973.24,1,0,0,1,1,0,1,0,Male,San Francisco,One year,Credit card (automatic),Fiber optic
2026-04-23T20:20:24.294233,CUST_001657,0,1,1,24,70.66,1621.42,0,0,1,1,0,0,1,1,Male,Miami,Month-to-month,Credit card (automatic),DSL
2026-04-23T20:21:24.308861,CUST_001658,0,0,0,11,90.59,1044.14,1,0,0,0,0,1,0,1,Male,San Diego,Month-to-month,Mailed check,DSL
2026-04-23T20:22:24.315213,CUST_001659,0,0,0,14,104.68,1597.77,1,1,0,0,0,0,1,0,Male,Los Angeles,Month-to-month,Mailed check,Fiber optic
2026-04-23T20:23:24.331416,CUST_001660,0,0,0,45,120.52,5132.47,1,1,1,1,1,0,0,1,Female,New York,Two year,Credit card (automatic),Fiber optic
2026-04-23T20:24:24.341032,CUST_001661,0,1,0,6,96.02,538.71,1,1,1,1,0,0,0,1,Female,San Diego,Month-to-month,Mailed check,DSL
2026-04-23T20:25:24.348498,CUST_001662,0,0,0,5,63.96,313.06,0,0,0,0,1,0,1,1,Male,Dallas,Month-to-month,Electronic check,DSL
2026-04-23T20:26:24.364611,CUST_001663,0,0,0,20,91.77,1965.78,1,1,1,0,1,0,0,0,Male,San Francisco,Month-to-month,Electronic check,DSL
2026-04-23T20:27:24.370298,CUST_001664,0,1,0,67,69.31,4676.86,1,0,0,0,0,0,0,0,Female,Miami,Two year,Mailed check,DSL
2026-04-23T20:28:24.372406,CUST_001665,1,1,1,12,102.69,1216.12,1,1,1,1,0,0,0,1,Male,San Francisco,One year,Credit card (automatic),DSL
2026-04-23T20:29:24.383823,CUST_001666,1,1,0,0,122.85,0.0,1,1,1,0,1,0,0,1,Female,Seattle,Month-to-month,Bank transfer (automatic),Fiber optic
2026-04-23T20:30:24.396695,CUST_001667,0,1,0,19,105.7,1920.98,1,0,1,1,1,0,1,0,Male,Chicago,Month-to-month,Electronic check,Fiber optic
2026-04-23T20:31:24.411134,CUST_001668,0,0,0,16,117.67,1877.96,1,1,1,1,0,0,1,0,Female,Phoenix,Month-to-month,Electronic check,Fiber optic
2026-04-23T20:32:24.424330,CUST_001669,0,1,0,21,105.25,2038.5,1,0,0,0,1,0,1,0,Female,Phoenix,Month-to-month,Electronic check,Fiber optic
2026-04-23T20:33:24.437542,CUST_001670,0,1,1,32,104.73,3465.6,1,0,0,0,0,1,1,0,Female,Los Angeles,One year,Credit card (automatic),Fiber optic
2026-04-23T20:34:24.450957,CUST_001671,0,1,0,47,106.77,5439.07,1,1,0,1,1,0,0,0,Male,Dallas,Two year,Electronic check,Fiber optic
2026-04-28T23:42:39.331949,CUST_001672,0,1,1,22,114.82,2573.98,1,1,1,1,1,0,1,0,Female,Miami,Month-to-month,Electronic check,Fiber optic
2026-04-28T23:43:39.339069,CUST_001673,0,1,1,40,50.46,1891.26,1,0,0,0,0,0,0,0,Female,San Francisco,Two year,Bank transfer (automatic),No
2026-04-28T23:44:39.352470,CUST_001674,1,1,0,10,116.58,1187.25,1,0,0,1,1,1,0,1,Female,San Diego,Month-to-month,Electronic check,Fiber optic
2026-04-28T23:45:39.360106,CUST_001675,0,0,0,5,50.95,279.1,1,0,0,0,0,0,0,0,Female,Dallas,Month-to-month,Electronic check,No
2026-04-28T23:46:39.375708,CUST_001676,0,1,0,13,87.69,1202.0,1,0,0,0,0,0,0,0,Female,Los Angeles,One year,Credit card (automatic),Fiber optic
2026-04-28T23:47:39.391349,CUST_001677,0,1,1,14,84.37,1101.69,1,0,0,1,0,1,1,0,Male,Dallas,Month-to-month,Mailed check,DSL
2026-04-28T23:48:39.408161,CUST_001678,0,1,1,2,48.55,105.92,1,0,0,0,0,0,0,0,Male,Dallas,Month-to-month,Credit card (automatic),No
2026-04-28T23:49:39.417630,CUST_001679,0,0,0,2,85.26,179.43,1,0,0,1,1,0,0,0,Female,San Francisco,Month-to-month,Mailed check,DSL
2026-04-28T23:50:39.430296,CUST_001680,0,0,1,29,80.84,2446.68,1,1,0,0,1,0,0,0,Female,San Francisco,One year,Credit card (automatic),DSL
2026-04-28T23:51:39.434567,CUST_001681,0,1,0,16,118.56,2018.67,1,1,0,1,0,1,1,1,Male,Los Angeles,Month-to-month,Mailed check,Fiber optic
2026-04-28T23:52:39.451241,CUST_001682,0,0,0,46,111.71,5085.19,1,0,1,1,1,1,1,1,Female,Los Angeles,One year,Electronic check,Fiber optic
2026-04-28T23:53:39.459697,CUST_001683,0,1,0,24,108.98,2674.65,1,1,0,0,0,0,1,0,Male,Phoenix,Two year,Electronic check,Fiber optic
2026-04-28T23:54:39.467380,CUST_001684,0,1,0,21,112.41,2338.71,1,1,0,0,1,1,1,1,Male,Miami,Month-to-month,Electronic check,Fiber optic
2026-04-28T23:55:39.482651,CUST_001685,0,0,0,35,122.04,4050.05,1,1,1,0,1,0,1,0,Female,Seattle,One year,Credit card (automatic),Fiber optic
2026-04-28T23:56:39.497187,CUST_001686,1,1,0,24,80.33,1946.97,1,0,0,1,0,0,0,1,Female,Los Angeles,Month-to-month,Bank transfer (automatic),DSL
2026-04-28T23:57:39.509385,CUST_001687,0,1,0,21,42.44,898.95,1,0,0,0,0,0,0,0,Female,Chicago,Month-to-month,Electronic check,No
2026-04-28T23:58:39.516468,CUST_001688,0,0,0,24,87.81,2271.52,1,0,0,0,0,0,0,0,Female,New York,One year,Bank transfer (automatic),Fiber optic
2026-04-28T23:59:39.526779,CUST_001689,0,1,0,10,123.33,1221.52,1,1,1,1,0,1,0,0,Male,Miami,Month-to-month,Electronic check,Fiber optic
2026-04-29T00:00:39.537045,CUST_001690,0,0,0,20,97.7,1782.99,1,0,1,1,0,0,1,0,Female,San Francisco,Month-to-month,Credit card (automatic),DSL
2026-04-29T00:01:39.551931,CUST_001691,0,0,1,0,51.4,0.0,1,0,0,0,0,0,0,0,Female,Chicago,Month-to-month,Bank transfer (automatic),No
2026-04-29T00:02:39.573547,CUST_001692,0,1,1,39,100.8,3563.75,1,0,1,0,0,0,1,0,Male,Phoenix,One year,Bank transfer (automatic),Fiber optic
2026-04-29T00:03:39.587476,CUST_001693,0,0,0,17,45.74,801.16,1,0,0,0,0,0,0,0,Male,Houston,Month-to-month,Bank transfer (automatic),No
2026-04-29T00:04:39.602301,CUST_001694,0,0,0,20,94.42,2021.27,1,0,0,1,0,0,0,0,Female,Chicago,Month-to-month,Credit card (automatic),Fiber optic
2026-04-29T00:05:39.616963,CUST_001695,0,1,1,14,92.3,1411.24,1,0,0,1,0,0,1,1,Male,San Francisco,Month-to-month,Electronic check,DSL
2026-04-29T00:06:39.644540,CUST_001696,0,0,0,12,89.72,1165.82,1,0,0,0,1,1,1,0,Female,Houston,Month-to-month,Electronic check,DSL
2026-04-29T00:07:39.655339,CUST_001697,0,0,1,9,81.66,671.94,1,0,0,0,1,1,0,0,Male,Chicago,Month-to-month,Bank transfer (automatic),DSL
2026-04-29T00:08:39.658205,CUST_001698,0,0,1,7,107.61,750.66,1,0,0,0,1,1,0,0,Female,New York,Month-to-month,Credit card (automatic),Fiber optic
2026-04-29T00:09:39.672978,CUST_001699,1,0,0,57,85.47,4730.57,0,0,1,0,1,0,1,0,Male,Dallas,Two year,Electronic check,Fiber optic
2026-04-29T00:10:39.692843,CUST_001700,0,1,1,7,89.74,654.7,1,0,0,0,1,0,0,1,Female,San Francisco,Month-to-month,Electronic check,DSL
2026-04-29T00:11:39.705836,CUST_001701,0,1,0,15,117.8,1669.59,1,0,1,1,0,0,1,1,Male,San Diego,Month-to-month,Electronic check,Fiber optic
2026-04-29T00:12:39.723267,CUST_001702,0,0,0,3,97.38,307.87,1,0,0,0,0,0,0,1,Female,Houston,Month-to-month,Electronic check,Fiber optic
2026-04-29T00:13:39.741798,CUST_001703,1,1,1,13,133.11,1873.45,1,1,1,1,1,1,1,0,Female,Miami,Month-to-month,Electronic check,Fiber optic
2026-04-29T00:14:39.753612,CUST_001704,0,1,0,13,115.12,1512.35,1,1,1,1,0,1,1,0,Male,Houston,Month-to-month,Credit card (automatic),Fiber optic
2026-04-29T00:15:39.764004,CUST_001705,0,1,0,20,95.39,1808.02,1,0,0,0,1,1,1,1,Male,New York,Month-to-month,Electronic check,DSL
2026-04-29T00:16:39.768740,CUST_001706,0,1,1,23,121.2,2779.33,1,1,0,1,1,1,1,1,Female,Dallas,Month-to-month,Electronic check,Fiber optic
2026-04-29T00:17:39.771634,CUST_001707,0,0,0,61,82.09,4777.23,1,0,0,0,1,0,0,1,Male,Chicago,Two year,Bank transfer (automatic),DSL
2026-04-29T00:18:39.785389,CUST_001708,0,1,1,15,87.92,1363.47,1,1,1,1,0,1,1,0,Female,San Diego,Month-to-month,Electronic check,DSL
2026-04-29T00:19:39.789199,CUST_001709,0,1,0,59,48.02,2620.43,1,1,0,0,0,0,0,0,Male,San Francisco,Two year,Bank transfer (automatic),No
2026-04-29T00:20:39.795515,CUST_001710,0,1,0,28,103.87,3161.09,1,0,0,1,0,0,0,0,Female,Miami,Two year,Credit card (automatic),Fiber optic
2026-04-29T00:21:39.808187,CUST_001711,0,1,0,56,104.54,5602.72,1,0,0,1,1,0,1,1,Female,San Diego,Two year,Credit card (automatic),DSL
2026-04-29T00:22:39.812807,CUST_001712,0,0,0,24,120.42,3053.5,1,0,1,1,1,1,1,1,Female,San Francisco,Month-to-month,Electronic check,Fiber optic
2026-04-29T00:23:39.820844,CUST_001713,0,1,0,31,102.02,3145.19,1,0,1,0,1,1,1,0,Male,Los Angeles,One year,Credit card (automatic),Fiber optic
2026-04-29T00:24:39.835916,CUST_001714,0,1,1,29,100.44,2993.39,1,1,0,1,0,0,0,0,Male,San Diego,One year,Credit card (automatic),Fiber optic
2026-04-29T00:25:39.840601,CUST_001715,0,1,1,20,79.63,1615.94,0,0,1,1,0,0,1,0,Female,Houston,Month-to-month,Credit card (automatic),Fiber optic
2026-04-29T00:26:39.845766,CUST_001716,0,1,0,19,106.59,1835.92,1,1,1,0,0,1,0,1,Male,San Francisco,Month-to-month,Credit card (automatic),Fiber optic
2026-04-29T14:52:49.873375,CUST_001717,0,1,0,31,89.59,2752.81,1,1,0,0,0,0,0,1,Female,Los Angeles,Two year,Electronic check,DSL
2026-04-29T14:53:49.881635,CUST_001718,1,1,0,38,120.71,4390.98,1,0,1,1,0,1,1,0,Female,Los Angeles,One year,Electronic check,Fiber optic
2026-04-29T14:54:49.892010,CUST_001719,0,1,1,37,49.84,1759.18,1,0,0,0,0,0,0,0,Male,New York,Two year,Credit card (automatic),No
2026-04-29T14:55:49.900458,CUST_001720,0,0,0,54,98.14,4978.12,1,0,0,0,0,1,0,0,Male,San Francisco,Two year,Electronic check,Fiber optic
2026-04-29T14:56:49.902733,CUST_001721,0,0,1,36,47.59,1761.17,1,1,0,0,0,0,0,0,Female,San Diego,One year,Credit card (automatic),No
2026-04-29T14:57:49.919025,CUST_001722,0,0,0,36,49.68,1744.59,1,1,0,0,0,0,0,0,Male,Los Angeles,One year,Bank transfer (automatic),No
2026-04-29T14:58:49.931099,CUST_001723,0,1,0,12,45.02,562.81,1,0,0,0,0,0,0,0,Male,Los Angeles,One year,Credit card (automatic),No
2026-04-29T14:59:49.947818,CUST_001724,0,1,1,11,45.31,478.7,1,1,0,0,0,0,0,0,Female,Miami,Month-to-month,Bank transfer (automatic),No
2026-04-29T15:00:49.960296,CUST_001725,1,1,1,5,121.12,584.38,1,1,1,1,1,1,1,0,Male,San Diego,Month-to-month,Credit card (automatic),Fiber optic
2026-04-29T15:01:49.966079,CUST_001726,0,1,1,64,20.11,1372.6,0,0,0,0,0,0,0,0,Female,Los Angeles,Two year,Bank transfer (automatic),No
2026-04-29T15:02:49.975539,CUST_001727,0,0,0,4,99.29,367.39,1,1,0,0,0,0,1,0,Male,San Diego,Month-to-month,Electronic check,Fiber optic
2026-04-29T15:03:49.986557,CUST_001728,0,0,0,17,96.1,1653.58,1,0,0,0,1,0,0,0,Male,Los Angeles,Month-to-month,Electronic check,Fiber optic
2026-05-01T09:11:24.512221,CUST_001729,0,0,0,71,50.3,3808.5,1,1,0,0,0,0,0,0,Male,Miami,Two year,Bank transfer (automatic),No
2026-05-01T09:12:24.543609,CUST_001730,0,1,0,24,98.05,2144.3,1,0,0,0,0,1,1,0,Female,Miami,Month-to-month,Credit card (automatic),Fiber optic
2026-05-01T09:13:24.559036,CUST_001731,0,1,1,24,43.13,1087.13,1,0,0,0,0,0,0,0,Male,Chicago,Two year,Electronic check,No
2026-05-01T09:14:24.575680,CUST_001732,1,0,0,52,50.97,2899.45,1,0,0,0,0,0,0,0,Female,San Diego,Two year,Electronic check,No
2026-05-01T09:15:24.590223,CUST_001733,1,1,1,17,110.39,1766.11,1,0,1,1,0,1,0,0,Female,New York,Month-to-month,Electronic check,Fiber optic
2026-05-01T09:16:24.606418,CUST_001734,0,0,0,46,88.92,3880.94,1,1,0,0,0,0,1,1,Female,Miami,Two year,Mailed check,DSL
2026-05-01T09:17:24.612366,CUST_001735,0,1,0,32,97.7,3256.65,1,0,0,0,0,1,0,1,Female,Miami,Two year,Electronic check,Fiber optic
2026-05-01T09:18:24.625828,CUST_001736,0,0,1,5,54.51,290.15,1,1,0,0,0,0,0,0,Female,New York,Month-to-month,Electronic check,No
2026-05-01T09:19:24.634773,CUST_001737,0,1,0,47,108.09,5250.93,1,0,0,0,1,1,1,0,Male,San Francisco,One year,Bank transfer (automatic),Fiber optic
2026-05-01T09:20:24.652240,CUST_001738,0,0,0,45,107.76,4393.03,1,1,0,1,1,0,0,0,Male,Miami,Two year,Mailed check,Fiber optic
2026-05-01T09:21:24.660536,CUST_001739,0,0,0,11,114.77,1361.0,1,0,0,1,0,1,0,1,Male,Los Angeles,Month-to-month,Bank transfer (automatic),Fiber optic
2026-05-02T10:09:22.790435,CUST_001740,0,0,1,6,96.13,605.87,1,0,0,0,0,1,0,0,Female,Chicago,Month-to-month,Bank transfer (automatic),Fiber optic
2026-05-02T10:10:22.898617,CUST_001741,0,1,0,2,118.86,232.35,1,1,1,0,1,1,0,1,Female,Dallas,Month-to-month,Electronic check,Fiber optic
2026-05-02T10:11:22.920095,CUST_001742,0,0,0,46,70.13,3268.8,1,0,0,0,0,1,0,0,Female,Miami,One year,Bank transfer (automatic),DSL
2026-05-02T10:12:22.932040,CUST_001743,1,1,1,3,114.59,324.11,1,0,1,1,1,1,1,0,Female,Chicago,Month-to-month,Electronic check,DSL
2026-05-02T10:13:22.947711,CUST_001744,0,1,1,22,117.51,2777.3,1,1,1,1,1,0,1,0,Male,Chicago,One year,Bank transfer (automatic),Fiber optic
2026-05-02T10:14:22.953661,CUST_001745,1,0,0,21,121.17,2552.83,1,0,1,0,0,1,1,1,Female,San Diego,One year,Bank transfer (automatic),Fiber optic
2026-05-02T10:15:22.957889,CUST_001746,0,0,1,45,79.44,3683.1,1,0,0,1,1,0,0,1,Male,Los Angeles,One year,Mailed check,DSL
2026-05-02T10:16:22.973868,CUST_001747,0,1,0,39,114.82,4283.6,1,1,1,1,0,1,0,1,Male,San Diego,One year,Bank transfer (automatic),DSL
2026-05-02T10:17:22.990061,CUST_001748,0,1,0,44,110.73,4403.28,1,0,0,0,0,1,0,1,Male,San Francisco,One year,Bank transfer (automatic),Fiber optic
2026-05-02T10:18:22.994086,CUST_001749,0,1,1,9,79.94,656.75,1,0,0,0,1,1,0,0,Female,Miami,Month-to-month,Bank transfer (automatic),DSL
2026-05-02T10:19:23.019928,CUST_001750,0,1,0,27,118.61,3157.77,1,0,0,1,1,1,1,0,Female,Los Angeles,One year,Credit card (automatic),Fiber optic
2026-05-02T10:20:23.045851,CUST_001751,0,0,0,19,87.37,1644.58,1,0,0,0,0,0,0,0,Female,San Francisco,Month-to-month,Credit card (automatic),Fiber optic
2026-05-02T10:21:23.059632,CUST_001752,1,1,1,15,51.18,749.68,0,0,0,0,0,1,0,0,Female,Dallas,Month-to-month,Credit card (automatic),DSL
2026-05-02T10:22:23.068124,CUST_001753,0,0,0,57,24.65,1540.01,0,0,0,0,0,0,0,0,Male,Los Angeles,Two year,Mailed check,No
2026-05-02T10:23:23.078177,CUST_001754,0,1,0,31,51.86,1753.65,0,0,0,0,1,0,0,1,Female,Miami,One year,Electronic check,DSL
2026-05-02T10:24:23.104493,CUST_001755,0,1,0,27,115.51,3288.76,1,0,1,0,1,1,0,1,Female,New York,One year,Bank transfer (automatic),Fiber optic
2026-05-02T10:25:23.115459,CUST_001756,0,0,0,2,104.06,199.83,1,0,0,0,0,0,1,0,Male,Los Angeles,Month-to-month,Electronic check,Fiber optic
2026-05-02T10:26:23.131893,CUST_001757,0,0,0,47,86.49,4333.28,1,0,0,1,0,0,1,1,Male,Houston,Two year,Credit card (automatic),DSL
2026-05-02T10:27:23.159738,CUST_001758,0,1,0,65,62.68,4059.17,0,0,1,1,1,1,0,0,Female,Phoenix,Two year,Electronic check,DSL
2026-05-02T10:28:23.188405,CUST_001759,0,1,0,61,41.82,2747.52,1,0,0,0,0,0,0,0,Male,New York,Two year,Electronic check,No
2026-05-02T10:29:23.207436,CUST_001760,0,1,0,25,77.95,2118.93,1,0,1,0,0,0,0,0,Female,San Francisco,Two year,Bank transfer (automatic),DSL
2026-05-02T10:30:23.218017,CUST_001761,0,0,0,19,96.09,1947.69,1,1,0,0,0,0,1,0,Female,Los Angeles,One year,Credit card (automatic),Fiber optic
2026-05-02T10:31:23.233315,CUST_001762,0,0,0,20,108.79,2066.57,1,1,1,0,0,1,1,0,Female,San Francisco,Month-to-month,Bank transfer (automatic),Fiber optic
2026-05-02T10:32:23.241342,CUST_001763,1,0,1,39,67.28,2833.89,0,0,1,0,0,0,0,0,Female,New York,One year,Credit card (automatic),Fiber optic
2026-05-02T10:33:23.251798,CUST_001764,0,1,0,16,108.8,1728.06,1,0,0,0,0,1,1,1,Female,Seattle,Month-to-month,Electronic check,Fiber optic
2026-05-02T10:34:23.267112,CUST_001765,0,1,0,5,47.28,244.88,1,0,0,0,0,0,0,0,Male,New York,Month-to-month,Mailed check,No
2026-05-02T10:35:23.271851,CUST_001766,0,0,0,12,113.66,1254.19,1,0,0,1,0,1,1,1,Female,San Francisco,One year,Bank transfer (automatic),Fiber optic
2026-05-02T10:36:23.283847,CUST_001767,0,0,1,5,58.79,284.44,0,0,0,0,1,0,0,1,Male,Chicago,Month-to-month,Mailed check,DSL
2026-05-02T10:37:23.297778,CUST_001768,0,1,0,23,92.77,2260.93,1,0,0,1,0,0,1,1,Male,Chicago,One year,Credit card (automatic),DSL
2026-05-02T10:38:23.316800,CUST_001769,0,0,0,5,100.03,509.67,1,1,0,0,1,1,0,0,Female,Los Angeles,Month-to-month,Mailed check,Fiber optic
2026-05-02T10:39:23.335925,CUST_001770,0,0,0,64,49.89,3248.21,1,1,0,0,0,0,0,0,Female,Houston,Two year,Bank transfer (automatic),No
2026-05-02T10:43:17.257632,CUST_001771,0,1,1,9,82.85,774.54,1,0,0,0,0,0,1,1,Male,Los Angeles,Month-to-month,Electronic check,DSL
2026-05-02T10:53:43.097954,CUST_001772,0,1,0,72,97.36,7486.6,1,0,0,1,1,1,1,1,Female,Houston,Two year,Electronic check,DSL
2026-05-02T10:54:43.115080,CUST_001773,1,0,0,14,109.98,1492.93,1,0,0,1,1,1,1,1,Female,Phoenix,One year,Credit card (automatic),DSL
2026-05-02T10:55:43.129063,CUST_001774,0,1,0,39,54.0,1987.01,1,1,0,0,0,0,0,0,Female,San Francisco,One year,Bank transfer (automatic),No
2026-05-02T10:56:43.139307,CUST_001775,0,0,0,2,79.21,162.76,1,0,0,0,1,0,0,0,Female,San Diego,Month-to-month,Mailed check,DSL
2026-05-02T10:57:43.149410,CUST_001776,0,0,0,14,76.29,1041.45,1,0,1,0,0,1,0,0,Male,Chicago,Month-to-month,Bank transfer (automatic),DSL
2026-05-02T10:58:43.168272,CUST_001777,0,1,0,69,69.64,4575.07,1,0,0,0,1,0,0,0,Male,New York,Two year,Credit card (automatic),DSL
2026-05-02T10:59:43.184678,CUST_001778,0,1,1,17,104.2,1772.94,1,0,0,0,1,0,1,0,Female,San Francisco,Month-to-month,Electronic check,Fiber optic
2026-05-02T11:00:43.204058,CUST_001779,0,1,0,21,108.56,2058.68,1,1,0,0,0,0,1,1,Male,Dallas,Month-to-month,Credit card (automatic),Fiber optic
2026-05-02T11:01:43.208884,CUST_001780,1,1,0,68,103.65,6381.54,1,1,0,1,0,0,0,1,Male,Los Angeles,Two year,Electronic check,Fiber optic
2026-05-02T11:02:43.219991,CUST_001781,0,1,1,0,100.84,0.0,1,0,0,0,0,1,1,1,Female,Seattle,Month-to-month,Electronic check,Fiber optic
2026-05-02T11:03:43.226813,CUST_001782,0,0,1,5,19.09,100.12,0,0,0,0,0,0,0,0,Male,Dallas,Month-to-month,Electronic check,No
2026-05-02T11:04:43.244684,CUST_001783,0,0,1,27,66.03,1876.78,0,0,0,1,1,1,0,1,Male,Los Angeles,One year,Bank transfer (automatic),DSL
2026-05-02T11:05:43.259430,CUST_001784,0,0,0,37,94.59,3732.63,1,1,0,0,0,0,0,0,Female,Phoenix,One year,Credit card (automatic),Fiber optic
2026-05-02T11:06:43.274659,CUST_001785,0,1,1,30,93.82,2618.93,1,1,0,1,0,0,1,0,Male,Houston,One year,Bank transfer (automatic),DSL
2026-05-02T12:42:08.939614,CUST_001786,0,1,0,9,119.26,1141.87,1,0,1,1,1,0,0,1,Male,Phoenix,Month-to-month,Credit card (automatic),Fiber optic
2026-05-02T12:43:08.945123,CUST_001787,1,1,1,72,85.4,5614.31,0,0,1,0,0,0,1,1,Male,Dallas,Two year,Bank transfer (automatic),Fiber optic
2026-05-02T12:44:08.959270,CUST_001788,1,0,1,14,87.31,1149.35,1,0,0,1,1,0,0,1,Female,New York,Month-to-month,Electronic check,DSL
2026-05-02T12:45:08.973410,CUST_001789,0,0,1,50,44.16,2152.71,1,1,0,0,0,0,0,0,Male,Dallas,Two year,Bank transfer (automatic),No
2026-05-02T12:46:08.989113,CUST_001790,0,1,0,2,119.76,229.08,1,0,1,1,0,0,1,0,Male,Seattle,Month-to-month,Bank transfer (automatic),Fiber optic
2026-05-02T12:47:08.999518,CUST_001791,0,0,1,4,90.9,354.6,1,1,1,1,0,0,1,1,Female,San Diego,Month-to-month,Mailed check,DSL
2026-05-02T12:48:09.005754,CUST_001792,1,1,0,21,113.82,2261.99,1,1,0,1,0,1,0,0,Female,Los Angeles,Month-to-month,Bank transfer (automatic),Fiber optic
2026-05-02T12:49:09.010883,CUST_001793,0,1,0,40,79.66,3163.41,1,0,1,1,0,0,0,0,Female,Los Angeles,One year,Credit card (automatic),DSL
2026-05-02T12:50:09.028359,CUST_001794,0,1,1,33,114.49,3469.54,1,1,0,1,0,0,1,1,Male,Houston,Two year,Credit card (automatic),Fiber optic
2026-05-02T12:51:09.035807,CUST_001795,0,0,0,31,111.55,3251.58,1,1,1,1,1,0,0,1,Male,Miami,One year,Credit card (automatic),Fiber optic
2026-05-02T12:52:09.053136,CUST_001796,0,1,0,25,121.66,3192.84,1,1,1,1,1,0,1,0,Male,Dallas,One year,Mailed check,Fiber optic
2026-05-02T12:53:09.061421,CUST_001797,0,0,0,24,110.06,2452.19,1,1,0,1,0,0,1,0,Female,San Diego,Two year,Bank transfer (automatic),Fiber optic
2026-05-02T12:54:09.076548,CUST_001798,0,0,0,48,102.33,4635.44,1,1,0,0,1,1,1,1,Male,Chicago,One year,Bank transfer (automatic),DSL
2026-05-02T12:55:09.082220,CUST_001799,0,1,0,24,58.21,1383.62,1,1,0,0,0,0,0,0,Female,Seattle,Month-to-month,Mailed check,No
2026-05-02T12:56:09.086195,CUST_001800,1,0,0,42,84.34,3291.32,1,0,1,0,0,1,0,1,Male,Houston,One year,Credit card (automatic),DSL
2026-05-02T12:57:09.105739,CUST_001801,0,1,0,7,108.54,740.99,1,1,0,0,1,0,0,1,Female,Houston,Month-to-month,Electronic check,Fiber optic
2026-05-02T12:58:09.115890,CUST_001802,1,0,1,52,92.87,5250.62,1,1,0,0,1,1,0,0,Female,Dallas,Two year,Bank transfer (automatic),DSL
2026-05-02T12:59:09.124058,CUST_001803,0,0,0,18,50.55,957.75,1,0,0,0,0,0,0,0,Female,San Francisco,Month-to-month,Mailed check,No
2026-05-02T13:00:09.129463,CUST_001804,0,1,0,2,78.58,145.71,0,0,1,0,0,0,1,0,Male,Dallas,Month-to-month,Mailed check,Fiber optic
2026-05-02T13:01:09.134893,CUST_001805,0,1,1,52,97.19,5334.53,1,0,1,1,0,1,1,0,Female,New York,Two year,Credit card (automatic),DSL
2026-05-02T13:02:09.143504,CUST_001806,0,0,0,43,89.75,3534.44,0,0,1,0,1,1,1,1,Female,New York,One year,Bank transfer (automatic),Fiber optic
2026-05-02T13:03:09.154782,CUST_001807,1,0,0,24,118.18,2790.56,1,0,0,1,1,1,1,0,Female,Miami,Month-to-month,Electronic check,Fiber optic
2026-05-02T13:04:09.168513,CUST_001808,0,0,0,6,83.09,485.56,0,0,0,1,1,1,0,1,Female,Miami,Month-to-month,Electronic check,Fiber optic
2026-05-02T13:05:09.173539,CUST_001809,0,1,0,32,117.93,4104.24,1,0,0,1,0,0,1,1,Female,Chicago,One year,Bank transfer (automatic),Fiber optic
2026-05-02T13:06:09.188383,CUST_001810,0,0,0,5,45.9,214.79,1,1,0,0,0,0,0,0,Female,New York,Month-to-month,Mailed check,No
2026-05-02T13:07:09.214308,CUST_001811,0,0,1,30,77.41,2129.52,1,0,0,1,0,0,0,0,Female,New York,Two year,Bank transfer (automatic),DSL
2026-05-02T13:08:09.234971,CUST_001812,0,1,0,48,99.41,4868.31,1,0,0,1,1,0,0,1,Female,Chicago,One year,Credit card (automatic),Fiber optic
2026-05-02T13:09:09.241915,CUST_001813,0,1,1,47,89.63,4491.57,1,0,0,1,1,0,0,0,Male,Seattle,One year,Bank transfer (automatic),DSL
2026-05-02T13:10:09.259174,CUST_001814,1,0,0,41,72.29,3251.88,0,0,1,0,1,1,1,0,Male,Los Angeles,Two year,Credit card (automatic),DSL
2026-05-02T13:11:09.278113,CUST_001815,0,1,0,34,84.14,2848.57,1,0,1,1,0,0,1,0,Female,Dallas,Two year,Bank transfer (automatic),DSL
2026-05-02T13:12:09.293941,CUST_001816,1,1,1,67,101.79,7104.43,1,0,0,1,0,0,1,1,Male,Miami,Two year,Credit card (automatic),Fiber optic
2026-05-02T13:13:09.306433,CUST_001817,0,1,1,27,109.08,2868.61,1,1,1,1,0,0,0,0,Female,Dallas,One year,Credit card (automatic),Fiber optic
2026-05-02T13:14:09.315598,CUST_001818,0,1,0,17,112.33,1725.87,1,0,1,0,0,1,1,1,Male,Los Angeles,Month-to-month,Credit card (automatic),Fiber optic
2026-05-02T13:15:09.328610,CUST_001819,0,1,1,40,105.43,4355.37,1,1,1,1,1,0,1,0,Female,Phoenix,One year,Bank transfer (automatic),DSL
2026-05-02T13:16:09.340343,CUST_001820,0,0,0,18,121.0,2335.79,1,1,1,0,0,0,1,1,Male,New York,Month-to-month,Electronic check,Fiber optic
2026-05-02T13:17:09.357743,CUST_001821,1,0,0,46,99.12,4623.94,1,1,1,0,1,0,1,1,Female,Dallas,One year,Credit card (automatic),DSL
2026-05-02T13:18:09.366533,CUST_001822,1,1,0,20,47.53,971.45,1,0,0,0,0,0,0,0,Male,New York,Month-to-month,Electronic check,No
2026-05-02T13:19:09.382063,CUST_001823,0,1,0,13,67.05,911.32,0,0,0,0,1,0,0,0,Male,San Diego,Month-to-month,Mailed check,Fiber optic
2026-05-02T13:20:09.393179,CUST_001824,0,0,0,11,99.45,1152.41,1,1,0,1,0,0,1,0,Female,San Diego,Month-to-month,Electronic check,DSL
2026-05-02T13:21:09.410514,CUST_001825,1,1,0,11,99.89,1012.04,1,0,0,0,0,1,0,1,Male,Phoenix,Month-to-month,Credit card (automatic),Fiber optic
2026-05-02T13:22:09.423467,CUST_001826,0,0,0,19,128.88,2392.32,1,1,0,1,1,1,0,1,Female,Houston,One year,Bank transfer (automatic),Fiber optic
2026-05-02T13:23:09.438294,CUST_001827,0,1,0,0,105.99,0.0,1,1,0,0,0,0,1,0,Male,Houston,Month-to-month,Credit card (automatic),Fiber optic
2026-05-02T13:24:09.448718,CUST_001828,1,1,1,41,92.79,3780.04,1,0,0,0,0,1,0,0,Male,Los Angeles,Two year,Credit card (automatic),Fiber optic
2026-05-02T13:25:09.465660,CUST_001829,0,1,0,6,107.8,679.0,1,1,1,0,0,1,1,1,Female,Phoenix,Month-to-month,Electronic check,DSL
2026-05-02T13:26:09.473196,CUST_001830,0,1,1,72,104.96,8187.58,1,1,1,1,0,1,0,0,Female,Phoenix,Two year,Credit card (automatic),Fiber optic
2026-05-02T13:27:09.480722,CUST_001831,0,0,0,22,55.96,1212.65,0,0,0,0,0,0,1,0,Male,Houston,Month-to-month,Bank transfer (automatic),DSL
2026-05-02T13:28:09.495406,CUST_001832,0,1,1,4,96.38,405.66,1,1,0,0,0,0,0,0,Female,Chicago,Month-to-month,Electronic check,Fiber optic
2026-05-02T13:29:09.502260,CUST_001833,0,1,0,8,91.96,722.1,1,0,0,0,1,1,0,1,Female,New York,Month-to-month,Electronic check,DSL
2026-05-02T13:30:09.519458,CUST_001834,0,0,1,8,47.15,374.93,1,0,0,0,0,0,0,0,Female,Dallas,Month-to-month,Electronic check,No
2026-05-02T13:31:09.524358,CUST_001835,0,1,1,24,76.1,1663.13,1,0,0,0,1,0,1,0,Male,Miami,One year,Credit card (automatic),DSL
2026-05-02T13:32:09.534226,CUST_001836,0,1,1,69,108.85,6950.12,1,0,0,0,1,1,1,0,Male,Los Angeles,Two year,Bank transfer (automatic),Fiber optic
2026-05-02T13:33:09.539529,CUST_001837,1,1,0,2,54.72,103.26,1,1,0,0,0,0,0,0,Male,Seattle,Month-to-month,Electronic check,No
2026-05-02T13:34:09.557293,CUST_001838,0,0,0,17,78.51,1460.98,1,0,0,0,0,1,0,1,Male,New York,One year,Mailed check,DSL
2026-05-02T13:35:09.572162,CUST_001839,0,0,0,12,91.65,1091.46,1,1,0,1,1,1,0,1,Female,Houston,Month-to-month,Electronic check,DSL
2026-05-02T13:36:09.588487,CUST_001840,0,0,1,16,109.57,1666.24,1,0,1,0,1,1,1,1,Male,Los Angeles,One year,Credit card (automatic),Fiber optic
2026-05-02T13:37:09.607726,CUST_001841,0,0,0,45,85.53,4183.44,1,0,1,0,1,1,0,1,Female,Dallas,One year,Credit card (automatic),DSL
2026-05-02T13:38:09.620187,CUST_001842,0,0,1,6,106.42,599.76,1,0,0,1,1,1,1,1,Female,New York,Month-to-month,Bank transfer (automatic),Fiber optic
2026-05-02T13:39:09.638337,CUST_001843,0,1,0,17,111.08,1959.9,1,0,0,1,0,1,1,1,Female,Los Angeles,Month-to-month,Bank transfer (automatic),Fiber optic
2026-05-02T13:40:09.649806,CUST_001844,0,1,1,4,104.98,425.65,1,0,0,1,1,0,1,1,Female,Los Angeles,Month-to-month,Bank transfer (automatic),Fiber optic
2026-05-02T13:41:09.664163,CUST_001845,0,1,0,38,90.55,3695.28,1,1,1,0,0,1,0,1,Male,Los Angeles,One year,Bank transfer (automatic),DSL
2026-05-02T13:42:09.671559,CUST_001846,1,0,0,4,109.69,403.82,1,1,0,0,0,0,0,1,Male,Dallas,Month-to-month,Credit card (automatic),Fiber optic
2026-05-02T13:43:09.689670,CUST_001847,1,1,0,15,107.23,1740.25,0,0,1,1,1,1,1,1,Male,Miami,Month-to-month,Mailed check,Fiber optic
2026-05-02T13:44:09.702473,CUST_001848,1,0,0,44,99.83,4762.75,1,0,0,0,1,0,0,0,Male,New York,Two year,Credit card (automatic),Fiber optic
2026-05-02T13:45:09.711616,CUST_001849,0,0,0,42,18.0,691.86,0,0,0,0,0,0,0,0,Male,Chicago,One year,Electronic check,No
2026-05-02T13:46:09.732110,CUST_001850,0,0,1,13,95.05,1343.67,1,0,0,0,0,1,0,0,Male,Miami,One year,Credit card (automatic),Fiber optic
2026-05-02T13:47:09.738483,CUST_001851,1,1,0,9,118.24,1162.85,1,1,1,1,1,1,0,1,Male,Los Angeles,Month-to-month,Credit card (automatic),DSL
2026-05-02T13:48:09.745863,CUST_001852,1,1,0,5,78.48,395.1,0,0,1,0,0,0,0,1,Male,San Diego,Month-to-month,Electronic check,Fiber optic
2026-05-02T13:49:09.752105,CUST_001853,0,1,0,46,73.39,3606.8,0,0,1,0,1,0,0,0,Female,Dallas,One year,Bank transfer (automatic),Fiber optic
2026-05-02T13:50:09.760825,CUST_001854,0,1,0,10,103.86,1117.02,1,1,1,0,0,0,1,1,Male,San Diego,Month-to-month,Mailed check,Fiber optic
2026-05-02T13:51:09.779182,CUST_001855,0,1,0,11,92.23,1082.74,1,0,0,1,0,0,1,1,Male,Chicago,Month-to-month,Electronic check,DSL
2026-05-02T13:52:09.795284,CUST_001856,0,0,0,19,112.51,2298.39,1,0,1,0,1,1,0,0,Female,San Diego,Month-to-month,Mailed check,Fiber optic
2026-05-02T13:53:09.814562,CUST_001857,0,1,1,10,51.77,481.71,1,1,0,0,0,0,0,0,Male,Los Angeles,Month-to-month,Mailed check,No
2026-05-02T13:54:09.828511,CUST_001858,0,0,1,12,120.99,1389.4,1,0,1,1,1,0,1,0,Female,Miami,One year,Mailed check,Fiber optic
2026-05-02T13:55:09.847180,CUST_001859,0,1,1,70,119.74,8726.28,1,0,0,1,0,1,1,1,Female,Los Angeles,Two year,Credit card (automatic),Fiber optic
2026-05-02T13:56:09.857343,CUST_001860,0,0,0,63,106.54,7263.03,1,0,1,0,0,1,1,0,Male,New York,Two year,Credit card (automatic),Fiber optic
2026-05-02T13:57:09.875315,CUST_001861,0,1,0,1,111.89,122.91,1,1,0,0,0,1,1,1,Female,Los Angeles,Month-to-month,Mailed check,Fiber optic
2026-05-02T13:58:09.888118,CUST_001862,0,1,1,11,88.58,877.24,0,0,1,1,0,1,1,1,Female,Chicago,Month-to-month,Credit card (automatic),Fiber optic
2026-05-02T13:59:09.900421,CUST_001863,0,1,0,8,113.5,818.34,1,1,0,1,0,0,0,1,Female,Houston,Month-to-month,Bank transfer (automatic),Fiber optic
2026-05-02T14:00:09.918301,CUST_001864,0,1,1,49,85.18,4354.19,1,1,1,0,0,0,1,0,Female,Dallas,Two year,Credit card (automatic),DSL
2026-05-02T14:01:09.925291,CUST_001865,0,0,0,5,39.68,215.62,1,0,0,0,0,0,0,0,Female,Chicago,Month-to-month,Bank transfer (automatic),No
2026-05-02T14:02:09.931407,CUST_001866,0,0,1,24,115.62,2781.57,1,0,0,1,0,0,1,1,Male,Chicago,Month-to-month,Credit card (automatic),Fiber optic
2026-05-02T14:03:09.941057,CUST_001867,0,0,0,50,91.18,4212.49,1,0,0,1,0,0,1,1,Male,Phoenix,Two year,Credit card (automatic),DSL
2026-05-02T14:04:09.953332,CUST_001868,0,1,0,26,126.02,3467.22,1,1,0,0,1,0,1,1,Female,Los Angeles,Two year,Bank transfer (automatic),Fiber optic
2026-05-02T14:05:09.969515,CUST_001869,0,0,1,27,68.2,1708.32,0,0,1,1,0,0,1,0,Female,Chicago,One year,Credit card (automatic),DSL
2026-05-02T14:06:09.989059,CUST_001870,0,0,0,18,98.85,1716.66,1,1,0,0,1,0,0,0,Female,Dallas,One year,Mailed check,Fiber optic
2026-05-02T14:07:09.995673,CUST_001871,0,1,0,45,108.55,4605.29,1,1,1,0,0,0,1,0,Male,Phoenix,Two year,Credit card (automatic),Fiber optic
2026-05-02T14:08:10.007269,CUST_001872,0,1,0,27,50.21,1349.39,1,1,0,0,0,0,0,0,Male,Dallas,Two year,Electronic check,No
2026-05-02T14:09:10.025102,CUST_001873,1,1,0,24,47.11,1235.84,1,0,0,0,0,0,0,0,Male,San Diego,Month-to-month,Electronic check,No
2026-05-02T14:10:10.034432,CUST_001874,0,1,0,5,110.97,577.89,1,1,1,1,0,0,0,1,Female,Seattle,Month-to-month,Credit card (automatic),Fiber optic
2026-05-02T14:11:10.042099,CUST_001875,0,1,0,27,79.59,1992.66,0,0,0,1,1,0,0,0,Male,Phoenix,One year,Credit card (automatic),Fiber optic
2026-05-02T14:12:10.053573,CUST_001876,0,0,1,39,99.59,3594.42,1,0,0,0,1,0,0,0,Female,Miami,Two year,Credit card (automatic),Fiber optic
2026-05-02T14:13:10.069386,CUST_001877,0,0,1,56,101.46,5585.08,1,0,1,1,1,0,1,0,Female,Chicago,Two year,Credit card (automatic),Fiber optic
2026-05-02T14:14:10.080149,CUST_001878,0,0,0,5,105.65,525.06,1,1,1,0,1,0,0,0,Female,Chicago,Month-to-month,Electronic check,Fiber optic
2026-05-02T14:15:10.099343,CUST_001879,1,1,1,13,105.1,1387.65,1,0,0,0,1,1,1,1,Male,Dallas,One year,Bank transfer (automatic),Fiber optic
2026-05-02T14:19:12.159968,CUST_001880,0,1,0,24,120.59,3005.92,1,1,0,1,0,0,1,1,Male,Dallas,Two year,Bank transfer (automatic),Fiber optic
2026-05-02T14:20:12.164534,CUST_001881,0,1,0,52,110.9,5319.59,1,0,1,1,0,0,1,0,Female,Chicago,Two year,Credit card (automatic),Fiber optic
2026-05-02T14:21:12.174264,CUST_001882,0,1,1,19,103.4,1797.17,1,0,1,1,1,1,0,0,Male,Los Angeles,Month-to-month,Electronic check,Fiber optic
2026-05-02T14:22:12.181518,CUST_001883,0,0,0,0,102.41,0.0,1,1,1,1,0,1,0,0,Male,Dallas,Month-to-month,Bank transfer (automatic),DSL
2026-05-02T14:23:12.190977,CUST_001884,0,0,0,35,152.16,4988.87,1,1,1,1,1,1,1,1,Male,Houston,One year,Credit card (automatic),Fiber optic
2026-05-02T14:24:12.205733,CUST_001885,0,1,1,11,113.34,1136.86,1,1,1,1,0,0,0,0,Male,San Francisco,Month-to-month,Credit card (automatic),Fiber optic
2026-05-02T14:25:12.218642,CUST_001886,0,0,0,17,87.85,1387.36,1,1,0,0,0,1,0,0,Male,Chicago,Month-to-month,Electronic check,DSL
2026-05-02T14:26:12.221692,CUST_001887,0,0,0,10,107.64,1164.15,1,1,0,1,1,1,1,0,Female,Los Angeles,Month-to-month,Electronic check,DSL
2026-05-02T14:27:12.228233,CUST_001888,0,1,1,13,106.35,1335.31,1,0,0,0,0,0,1,1,Female,Houston,One year,Bank transfer (automatic),Fiber optic
2026-05-02T14:28:12.237204,CUST_001889,0,1,0,70,114.04,7294.16,1,1,1,0,0,1,0,1,Male,San Diego,Two year,Bank transfer (automatic),Fiber optic
2026-05-02T14:29:12.244313,CUST_001890,0,1,0,24,64.96,1624.21,0,0,1,0,0,0,0,0,Female,Los Angeles,One year,Credit card (automatic),Fiber optic
2026-05-02T14:30:12.252180,CUST_001891,0,0,0,26,50.92,1331.7,1,1,0,0,0,0,0,0,Female,Los Angeles,Two year,Bank transfer (automatic),No
2026-05-02T14:31:12.267031,CUST_001892,0,1,0,2,113.01,220.13,1,0,0,0,0,1,1,1,Female,New York,Month-to-month,Electronic check,Fiber optic
2026-05-02T14:32:12.274967,CUST_001893,1,0,1,41,20.39,757.32,0,0,0,0,0,0,0,0,Male,New York,Two year,Credit card (automatic),No
2026-05-02T14:33:12.281341,CUST_001894,0,0,0,8,125.75,1092.05,1,0,1,1,1,1,1,1,Male,Dallas,Month-to-month,Credit card (automatic),Fiber optic
2026-05-02T14:34:12.284957,CUST_001895,0,0,0,45,82.89,3544.92,0,0,1,0,1,1,0,0,Male,Miami,Two year,Credit card (automatic),Fiber optic
2026-05-02T14:35:12.297241,CUST_001896,0,1,0,5,100.87,475.95,1,1,0,1,0,0,1,1,Male,Chicago,Month-to-month,Electronic check,DSL
2026-05-02T14:36:12.316110,CUST_001897,0,1,1,13,121.39,1629.94,1,1,0,0,0,1,1,1,Male,New York,Month-to-month,Electronic check,Fiber optic
2026-05-02T14:37:12.325625,CUST_001898,0,0,1,23,117.39,2758.97,1,1,1,0,1,0,1,0,Male,Houston,Month-to-month,Bank transfer (automatic),Fiber optic
2026-05-02T14:38:12.334513,CUST_001899,0,1,0,20,48.89,1053.39,1,1,0,0,0,0,0,0,Female,Seattle,Month-to-month,Bank transfer (automatic),No
2026-05-02T14:39:12.353337,CUST_001900,1,1,0,17,102.09,1762.0,1,1,0,0,0,0,0,1,Male,Miami,Month-to-month,Mailed check,Fiber optic
2026-05-02T14:40:12.365310,CUST_001901,0,0,0,72,108.97,8457.48,1,1,1,1,1,1,0,1,Female,Houston,Two year,Credit card (automatic),DSL
2026-05-02T14:41:12.373386,CUST_001902,0,0,0,2,97.43,180.98,1,0,0,0,1,0,1,1,Female,Los Angeles,Month-to-month,Electronic check,DSL
2026-05-02T14:42:12.380182,CUST_001903,0,0,0,8,87.19,737.02,1,1,1,1,0,0,1,0,Male,San Francisco,Month-to-month,Electronic check,DSL
2026-05-02T14:43:12.387343,CUST_001904,0,1,0,32,96.49,2846.02,1,1,1,1,1,0,0,0,Female,San Francisco,Two year,Credit card (automatic),DSL
2026-05-02T14:44:12.400822,CUST_001905,0,1,0,12,110.21,1416.75,1,0,0,1,0,0,1,0,Female,Houston,Month-to-month,Mailed check,Fiber optic
2026-05-02T14:45:12.406738,CUST_001906,1,1,0,10,89.09,873.2,1,0,0,0,1,0,0,1,Female,Dallas,Month-to-month,Credit card (automatic),DSL
2026-05-02T14:46:12.416871,CUST_001907,0,1,1,13,51.51,667.81,1,1,0,0,0,0,0,0,Female,Los Angeles,Month-to-month,Electronic check,No
2026-05-02T14:47:12.431143,CUST_001908,1,0,0,0,95.19,0.0,1,1,0,1,1,1,1,0,Female,New York,Month-to-month,Bank transfer (automatic),DSL
2026-05-02T14:48:12.437489,CUST_001909,0,0,0,24,46.14,1177.42,1,0,0,0,0,0,0,0,Female,Los Angeles,One year,Mailed check,No
2026-05-02T14:49:12.451556,CUST_001910,0,0,0,63,115.45,7122.08,1,0,0,1,1,1,1,0,Female,Dallas,Two year,Electronic check,Fiber optic
2026-05-02T14:50:12.464435,CUST_001911,0,0,0,7,104.94,672.27,1,1,0,1,0,0,1,0,Female,Los Angeles,Month-to-month,Electronic check,Fiber optic
2026-05-02T14:51:12.481044,CUST_001912,0,1,1,37,71.27,2383.33,0,0,0,0,0,0,0,1,Female,Los Angeles,Two year,Credit card (automatic),Fiber optic
2026-05-02T14:52:12.496421,CUST_001913,0,1,0,24,48.19,1091.57,1,0,0,0,0,0,0,0,Female,Houston,One year,Bank transfer (automatic),No
2026-05-02T14:53:12.514404,CUST_001914,0,0,0,18,102.93,2035.05,1,1,0,0,1,1,1,1,Male,San Diego,Month-to-month,Electronic check,DSL
2026-05-02T14:54:12.532287,CUST_001915,0,0,0,23,111.37,2811.86,1,0,1,1,1,1,1,1,Female,San Francisco,Month-to-month,Credit card (automatic),DSL
2026-05-02T14:55:12.536822,CUST_001916,0,1,1,33,67.94,2208.14,0,0,1,1,0,1,0,0,Female,Miami,One year,Credit card (automatic),DSL
2026-05-02T14:56:12.548625,CUST_001917,1,1,0,24,120.73,2783.52,1,1,1,0,1,1,1,1,Female,San Diego,Month-to-month,Mailed check,Fiber optic
2026-05-02T14:57:12.563010,CUST_001918,0,1,1,46,116.71,5279.96,1,0,1,1,1,1,0,0,Male,Chicago,One year,Bank transfer (automatic),Fiber optic
2026-05-02T14:58:12.568272,CUST_001919,0,0,1,64,116.87,7729.17,1,0,0,1,0,1,1,0,Female,Miami,Two year,Bank transfer (automatic),Fiber optic
2026-05-02T14:59:12.576040,CUST_001920,0,0,0,37,140.13,5536.64,1,1,1,1,1,0,1,1,Male,Los Angeles,One year,Bank transfer (automatic),Fiber optic
2026-05-02T15:00:12.581565,CUST_001921,0,1,0,10,116.09,1046.81,1,0,1,0,0,1,0,1,Male,New York,Month-to-month,Electronic check,Fiber optic
2026-05-03T13:57:50.751505,CUST_001922,1,0,0,8,122.28,918.31,1,0,1,0,0,1,1,1,Female,Miami,Month-to-month,Electronic check,Fiber optic
2026-05-03T13:58:50.795437,CUST_001923,0,0,1,39,120.59,4311.68,1,1,1,0,0,1,1,1,Female,San Francisco,One year,Credit card (automatic),Fiber optic
2026-05-03T13:59:50.812612,CUST_001924,0,1,0,63,50.37,3376.61,1,0,0,0,0,0,0,0,Female,Phoenix,Two year,Electronic check,No
2026-05-03T14:00:50.828884,CUST_001925,0,1,0,8,112.64,864.6,1,0,1,1,0,1,0,1,Male,Seattle,Month-to-month,Credit card (automatic),Fiber optic
2026-05-03T14:01:50.842017,CUST_001926,0,0,0,0,119.63,0.0,1,0,1,0,1,0,1,1,Male,Houston,Month-to-month,Credit card (automatic),Fiber optic
2026-05-03T14:02:50.858596,CUST_001927,0,1,0,7,114.25,865.09,1,0,0,0,1,0,1,1,Female,Miami,Month-to-month,Bank transfer (automatic),Fiber optic
2026-05-03T14:03:50.877796,CUST_001928,1,1,1,26,115.07,3012.93,1,1,0,1,1,1,0,1,Female,Dallas,One year,Bank transfer (automatic),Fiber optic
2026-05-03T14:04:50.895962,CUST_001929,0,0,0,1,50.33,50.55,1,1,0,0,0,0,0,0,Male,Phoenix,Month-to-month,Mailed check,No
2026-05-03T14:05:50.904650,CUST_001930,1,0,0,32,135.65,4219.1,1,1,1,1,1,1,0,1,Male,Miami,One year,Credit card (automatic),Fiber optic
2026-05-03T14:06:50.923849,CUST_001931,0,1,1,1,111.25,103.71,1,0,0,1,1,1,1,1,Male,Phoenix,Month-to-month,Electronic check,Fiber optic
2026-05-03T14:07:50.948045,CUST_001932,0,0,0,3,59.65,184.36,0,0,0,0,1,1,0,0,Male,Houston,Month-to-month,Mailed check,DSL
2026-05-03T14:08:50.958552,CUST_001933,1,1,1,9,106.84,950.78,1,1,1,1,1,0,1,0,Male,Houston,Month-to-month,Mailed check,DSL
2026-05-03T14:09:51.004484,CUST_001934,1,1,0,37,105.79,4148.61,1,0,0,0,1,1,1,0,Female,Dallas,One year,Mailed check,Fiber optic
2026-05-03T14:10:51.029928,CUST_001935,0,0,0,9,18.91,179.85,0,0,0,0,0,0,0,0,Female,Chicago,Month-to-month,Mailed check,No
2026-05-03T14:11:51.047577,CUST_001936,0,0,0,24,43.93,1008.07,1,1,0,0,0,0,0,0,Male,Miami,Month-to-month,Bank transfer (automatic),No
2026-05-03T14:12:51.052894,CUST_001937,0,0,0,11,40.85,415.13,1,0,0,0,0,0,0,0,Female,Chicago,Month-to-month,Credit card (automatic),No
2026-05-03T14:13:51.067418,CUST_001938,0,1,0,18,111.84,2020.2,1,0,1,1,1,1,1,0,Male,Houston,One year,Electronic check,Fiber optic
2026-05-03T14:14:51.079277,CUST_001939,0,1,0,19,99.21,1725.83,1,0,0,1,0,0,0,1,Female,San Diego,Month-to-month,Credit card (automatic),Fiber optic
2026-05-03T14:15:51.094470,CUST_001940,1,0,0,28,82.75,2149.1,1,0,0,0,0,1,0,1,Female,Chicago,One year,Bank transfer (automatic),DSL
2026-05-03T14:16:51.107848,CUST_001941,0,1,1,12,82.88,1015.65,1,0,1,0,1,0,1,1,Female,Los Angeles,One year,Electronic check,DSL
2026-05-03T14:17:51.123794,CUST_001942,0,0,1,9,88.01,783.34,1,0,0,0,1,0,1,1,Female,Los Angeles,Month-to-month,Electronic check,DSL
2026-05-03T14:18:51.134588,CUST_001943,0,0,0,12,102.05,1221.42,1,0,1,0,0,1,1,1,Female,Miami,Month-to-month,Credit card (automatic),Fiber optic
2026-05-03T14:19:51.137696,CUST_001944,0,0,1,57,108.47,5821.9,1,0,0,1,1,0,1,0,Female,Dallas,Two year,Bank transfer (automatic),Fiber optic
2026-05-03T14:20:51.144515,CUST_001945,0,0,0,9,137.5,1134.61,1,1,1,1,0,1,1,1,Female,Houston,Month-to-month,Electronic check,Fiber optic
2026-05-03T14:21:51.149888,CUST_001946,0,0,0,2,96.44,211.34,1,1,0,0,0,1,0,1,Male,Chicago,Month-to-month,Electronic check,DSL
2026-05-03T14:22:51.164198,CUST_001947,0,0,1,22,88.49,1883.88,1,0,0,1,0,0,1,1,Male,Chicago,Month-to-month,Electronic check,DSL
2026-05-03T14:23:51.179386,CUST_001948,0,0,0,15,98.98,1342.79,1,0,1,0,1,1,0,1,Female,Miami,Month-to-month,Electronic check,DSL
2026-05-03T14:24:51.193021,CUST_001949,1,0,0,18,84.78,1554.6,1,1,0,0,0,1,0,1,Male,San Diego,One year,Bank transfer (automatic),DSL
2026-05-03T14:25:51.212413,CUST_001950,0,1,0,33,120.41,4180.66,1,1,1,0,1,0,1,1,Female,Seattle,One year,Credit card (automatic),Fiber optic
2026-05-03T14:26:51.230391,CUST_001951,0,0,1,26,105.71,2487.36,1,0,1,1,0,0,1,0,Male,Houston,One year,Credit card (automatic),Fiber optic
2026-05-03T14:27:51.247733,CUST_001952,0,0,1,0,112.77,0.0,1,0,0,1,1,1,1,0,Female,Houston,Month-to-month,Electronic check,Fiber optic
2026-05-03T14:28:51.258926,CUST_001953,0,1,0,19,72.61,1366.43,0,0,0,1,0,0,0,1,Male,Dallas,Month-to-month,Electronic check,Fiber optic
2026-05-03T14:29:51.274400,CUST_001954,0,0,1,17,116.27,2037.01,1,1,0,1,0,0,1,1,Male,Houston,One year,Credit card (automatic),Fiber optic
2026-05-03T14:30:51.287079,CUST_001955,0,1,0,40,97.61,4216.94,1,0,0,1,0,1,1,0,Male,Seattle,Two year,Bank transfer (automatic),Fiber optic
2026-05-03T14:31:51.292404,CUST_001956,0,1,0,61,100.07,6470.73,1,0,1,0,1,0,1,1,Male,Phoenix,Two year,Credit card (automatic),DSL
2026-05-03T14:32:51.300806,CUST_001957,1,1,0,8,74.15,633.93,1,0,0,0,0,1,0,1,Male,San Diego,Month-to-month,Electronic check,DSL
2026-05-03T14:33:51.312730,CUST_001958,0,1,0,58,116.73,7209.84,1,0,1,1,0,1,1,0,Female,Los Angeles,Two year,Bank transfer (automatic),Fiber optic
2026-05-03T14:34:51.323689,CUST_001959,0,0,0,16,85.12,1280.22,0,0,1,0,0,1,0,1,Male,San Francisco,Month-to-month,Electronic check,Fiber optic
2026-05-03T14:35:51.339374,CUST_001960,0,1,0,18,115.69,2166.12,1,0,1,1,1,1,0,1,Female,Miami,Month-to-month,Electronic check,DSL
2026-05-03T14:36:51.356638,CUST_001961,0,0,0,21,70.96,1630.78,0,0,1,0,1,1,0,0,Female,New York,Month-to-month,Electronic check,DSL
2026-05-03T14:37:51.368484,CUST_001962,0,0,0,21,77.11,1714.59,0,0,1,0,1,0,0,0,Female,Houston,Month-to-month,Credit card (automatic),Fiber optic
2026-05-03T14:38:51.381739,CUST_001963,1,0,0,26,86.47,2213.7,1,0,1,1,0,0,0,1,Female,San Diego,Two year,Credit card (automatic),DSL
2026-05-03T14:39:51.388557,CUST_001964,0,1,0,11,92.57,950.17,1,0,0,0,1,0,1,1,Female,Chicago,Month-to-month,Electronic check,DSL
2026-05-03T14:40:51.401002,CUST_001965,0,1,0,8,41.79,305.99,1,0,0,0,0,0,0,0,Male,Los Angeles,Month-to-month,Electronic check,No
2026-05-03T14:41:51.427132,CUST_001966,0,0,0,44,48.3,2090.46,1,0,0,0,0,0,0,0,Female,Chicago,One year,Bank transfer (automatic),No
2026-05-03T14:42:51.439733,CUST_001967,0,0,0,23,111.63,2405.14,1,0,1,1,1,1,1,0,Male,Chicago,Month-to-month,Mailed check,Fiber optic
2026-05-03T14:48:18.545842,CUST_001968,0,0,0,7,99.11,746.91,1,1,0,1,0,1,1,1,Female,Houston,Month-to-month,Electronic check,DSL
2026-05-03T14:49:32.036918,CUST_001969,0,0,0,38,114.39,4481.16,1,0,0,1,1,0,1,1,Female,New York,One year,Bank transfer (automatic),Fiber optic
2026-05-04T20:17:04.643014,CUST_001970,0,1,0,5,57.13,276.54,1,1,0,0,0,0,0,0,Male,Seattle,Month-to-month,Mailed check,No
2026-05-04T20:18:04.675613,CUST_001971,0,0,1,8,133.99,1039.78,1,1,1,1,1,1,1,0,Female,Phoenix,Month-to-month,Electronic check,Fiber optic
2026-05-04T20:19:04.688401,CUST_001972,0,1,1,45,84.76,3824.74,1,0,1,0,0,0,1,0,Male,San Diego,One year,Electronic check,DSL
2026-05-04T20:20:04.692883,CUST_001973,0,1,0,26,66.12,1753.24,0,0,0,1,0,1,1,0,Female,Dallas,One year,Bank transfer (automatic),DSL
2026-05-04T20:21:04.700961,CUST_001974,0,1,0,23,80.81,1958.64,1,1,0,0,0,0,1,0,Male,San Francisco,Month-to-month,Electronic check,DSL
2026-05-04T20:22:04.708781,CUST_001975,0,0,1,29,105.6,3222.42,1,0,1,1,1,1,1,1,Female,Houston,One year,Electronic check,DSL
2026-05-04T20:23:04.719083,CUST_001976,0,0,0,13,71.59,931.79,0,0,1,0,1,1,1,0,Male,San Francisco,Month-to-month,Bank transfer (automatic),DSL
2026-05-05T08:01:30.446098,CUST_001977,0,0,0,72,95.09,6728.34,1,0,0,1,1,0,1,1,Male,San Francisco,Two year,Bank transfer (automatic),DSL
2026-05-05T08:02:30.476531,CUST_001978,0,1,0,15,100.63,1577.67,1,0,1,0,0,1,0,1,Male,San Diego,Month-to-month,Mailed check,DSL
2026-05-05T08:03:30.480152,CUST_001979,0,0,0,33,64.62,2268.43,0,0,1,1,1,0,1,0,Male,New York,Two year,Credit card (automatic),DSL
2026-05-05T08:04:30.485024,CUST_001980,0,1,0,34,69.82,2203.83,1,0,0,0,0,0,0,0,Female,Los Angeles,One year,Mailed check,DSL
2026-05-05T08:05:30.491671,CUST_001981,0,1,0,10,112.02,1059.75,1,0,0,0,1,0,1,1,Male,Chicago,Month-to-month,Bank transfer (automatic),Fiber optic
2026-05-05T08:06:30.501086,CUST_001982,0,0,0,30,74.75,2029.9,1,0,0,0,1,0,0,0,Female,Chicago,One year,Bank transfer (automatic),DSL
2026-05-05T08:07:30.514093,CUST_001983,0,1,0,20,53.72,967.0,1,1,0,0,0,0,0,0,Female,San Diego,Month-to-month,Electronic check,No
2026-05-05T08:08:30.525855,CUST_001984,0,1,0,15,100.58,1598.54,1,0,0,0,1,0,0,0,Male,Chicago,Month-to-month,Electronic check,Fiber optic
2026-05-05T08:09:30.545571,CUST_001985,0,1,0,38,95.27,3693.44,1,0,0,0,0,0,0,1,Female,New York,Two year,Mailed check,Fiber optic
2026-05-05T08:10:30.558690,CUST_001986,0,1,0,20,50.46,961.17,1,0,0,0,0,0,0,0,Male,San Diego,Month-to-month,Bank transfer (automatic),No
2026-05-05T08:11:30.577160,CUST_001987,0,0,0,42,80.17,3512.78,1,0,0,0,0,1,0,1,Female,New York,One year,Credit card (automatic),DSL
2026-05-05T08:12:30.581736,CUST_001988,0,0,0,1,86.22,81.75,1,0,0,0,1,0,1,1,Male,Houston,Month-to-month,Electronic check,DSL
2026-05-05T08:13:30.594629,CUST_001989,0,0,0,63,40.1,2551.85,1,0,0,0,0,0,0,0,Female,Phoenix,Two year,Bank transfer (automatic),No
2026-05-05T08:14:30.601382,CUST_001990,0,0,0,71,112.5,8197.29,1,0,0,1,1,1,1,0,Female,Houston,Two year,Credit card (automatic),Fiber optic
2026-05-05T08:15:30.614077,CUST_001991,1,0,1,31,67.29,1879.5,0,0,1,0,1,0,1,1,Male,Miami,One year,Bank transfer (automatic),DSL
2026-05-05T08:16:30.630005,CUST_001992,0,0,0,22,94.46,1906.63,1,0,1,1,0,0,1,0,Female,Houston,Month-to-month,Credit card (automatic),DSL
2026-05-05T09:32:11.044330,CUST_001993,0,0,1,17,79.89,1313.28,0,0,1,0,1,0,0,1,Male,San Francisco,Month-to-month,Electronic check,Fiber optic
2026-05-05T09:33:11.060679,CUST_001994,0,1,1,19,98.7,1904.78,1,0,1,1,0,1,0,1,Male,Phoenix,Month-to-month,Electronic check,DSL
2026-05-05T09:34:11.087789,CUST_001995,0,0,0,12,80.71,1009.95,1,1,0,0,0,0,0,1,Female,Phoenix,One year,Electronic check,DSL
2026-05-05T09:35:11.109975,CUST_001996,0,0,0,1,116.62,108.63,1,1,0,0,1,1,0,0,Female,San Francisco,Month-to-month,Bank transfer (automatic),Fiber optic
2026-05-05T09:36:11.127876,CUST_001997,0,0,1,36,92.97,3213.41,1,0,0,1,0,0,0,0,Male,Los Angeles,One year,Credit card (automatic),Fiber optic
2026-05-05T09:37:11.139939,CUST_001998,1,0,1,18,93.2,1523.93,1,1,0,0,0,1,0,0,Male,Dallas,Month-to-month,Electronic check,Fiber optic
2026-05-05T09:38:11.146256,CUST_001999,0,1,1,21,130.31,2569.52,1,1,1,1,1,1,1,1,Female,Miami,One year,Credit card (automatic),Fiber optic
2026-05-05T09:39:11.152034,CUST_002000,0,1,1,11,103.76,1058.72,1,0,1,0,0,0,1,0,Male,New York,Month-to-month,Electronic check,Fiber optic
2026-05-05T09:40:11.163718,CUST_002001,0,0,0,5,93.0,501.53,1,1,0,0,1,0,0,1,Female,Dallas,Month-to-month,Electronic check,DSL
2026-05-05T09:41:11.175549,CUST_002002,0,1,0,10,42.16,436.89,1,0,0,0,0,0,0,0,Female,Los Angeles,Month-to-month,Electronic check,No
2026-05-05T09:42:11.195069,CUST_002003,0,0,0,7,73.12,531.81,0,0,0,0,0,1,1,0,Male,New York,Month-to-month,Electronic check,Fiber optic
2026-05-05T09:43:11.209238,CUST_002004,0,0,0,15,124.53,1765.68,1,0,0,1,1,1,0,1,Male,Miami,Month-to-month,Mailed check,Fiber optic
2026-05-05T09:44:11.222075,CUST_002005,0,1,0,20,57.18,1223.7,1,1,0,0,0,0,0,0,Female,New York,Month-to-month,Electronic check,No
2026-05-05T09:45:11.234101,CUST_002006,0,1,1,29,68.37,2093.11,1,0,0,0,0,0,0,0,Female,Houston,Two year,Electronic check,DSL
2026-05-05T09:46:11.251146,CUST_002007,0,0,1,70,54.25,4037.5,1,1,0,0,0,0,0,0,Female,Miami,Two year,Credit card (automatic),No
2026-05-05T09:47:11.255507,CUST_002008,0,0,0,40,94.69,3839.41,1,0,1,1,1,0,1,1,Female,Los Angeles,One year,Credit card (automatic),DSL
2026-05-05T09:48:11.262971,CUST_002009,0,0,0,64,119.55,7281.59,1,0,1,1,0,1,0,1,Female,New York,Two year,Credit card (automatic),Fiber optic
2026-05-05T09:49:11.270477,CUST_002010,1,0,0,16,109.84,1679.75,1,1,1,0,0,0,0,0,Female,Seattle,Month-to-month,Mailed check,Fiber optic
2026-05-05T09:50:11.277729,CUST_002011,0,0,0,31,106.12,3386.49,1,0,1,1,0,0,0,1,Female,San Francisco,One year,Credit card (automatic),Fiber optic
2026-05-05T09:51:11.296243,CUST_002012,0,1,1,18,107.35,1782.86,1,1,0,0,1,0,1,1,Female,New York,Month-to-month,Bank transfer (automatic),Fiber optic
2026-05-05T09:52:11.309980,CUST_002013,0,1,0,41,89.0,3379.09,1,0,0,1,1,1,0,1,Male,Los Angeles,Two year,Credit card (automatic),DSL
2026-05-05T09:53:11.322138,CUST_002014,0,0,1,4,95.91,419.39,1,0,1,1,0,0,0,0,Male,Dallas,Month-to-month,Electronic check,Fiber optic
2026-05-05T09:54:11.331848,CUST_002015,0,1,1,19,74.92,1534.47,1,0,0,0,0,0,1,0,Male,Miami,One year,Credit card (automatic),DSL
2026-05-05T09:55:11.348928,CUST_002016,0,0,0,43,123.18,5561.76,1,0,1,1,0,1,0,1,Male,Houston,One year,Electronic check,Fiber optic
2026-05-05T09:56:11.365938,CUST_002017,0,0,0,39,104.6,3941.54,1,1,0,0,1,0,1,0,Male,Miami,One year,Credit card (automatic),Fiber optic
2026-05-05T09:57:11.381361,CUST_002018,0,0,1,37,96.97,3652.81,1,1,0,0,1,1,0,1,Female,Phoenix,One year,Mailed check,DSL
2026-05-05T09:58:11.393602,CUST_002019,0,1,0,38,84.72,3257.64,1,0,0,0,0,0,1,1,Male,Seattle,Two year,Bank transfer (automatic),DSL
2026-05-05T09:59:11.399928,CUST_002020,0,1,1,3,100.48,274.96,1,0,1,0,1,0,1,1,Male,San Francisco,Month-to-month,Mailed check,DSL
2026-05-05T10:00:11.406187,CUST_002021,1,1,0,28,115.43,3363.35,1,0,1,0,1,1,1,1,Female,Seattle,Two year,Credit card (automatic),Fiber optic
2026-05-05T10:01:11.423362,CUST_002022,0,1,1,12,81.5,915.75,1,1,0,0,0,0,0,0,Male,San Diego,Month-to-month,Bank transfer (automatic),DSL
2026-05-05T10:02:11.434686,CUST_002023,0,1,0,15,114.08,1601.23,1,1,0,1,0,0,1,1,Male,Los Angeles,Month-to-month,Electronic check,Fiber optic
2026-05-05T10:03:11.443879,CUST_002024,0,1,0,17,115.91,2015.21,1,1,0,0,1,0,1,1,Female,Dallas,Month-to-month,Credit card (automatic),Fiber optic
2026-05-05T10:04:11.446667,CUST_002025,0,0,0,59,86.25,5509.19,1,0,1,0,1,1,0,1,Male,San Francisco,Two year,Credit card (automatic),DSL
2026-05-05T10:05:11.449383,CUST_002026,0,0,1,62,111.05,6563.21,1,0,0,1,1,1,1,0,Male,Phoenix,Two year,Bank transfer (automatic),Fiber optic
2026-05-05T10:06:11.461192,CUST_002027,0,0,0,19,48.62,843.63,1,0,0,0,0,0,0,0,Female,New York,Month-to-month,Bank transfer (automatic),No
2026-05-05T10:07:11.472142,CUST_002028,0,1,0,25,50.66,1360.44,1,0,0,0,0,0,0,0,Male,Seattle,Two year,Electronic check,No
2026-05-05T10:08:11.482156,CUST_002029,0,1,0,47,115.52,5303.74,1,0,1,1,1,0,0,0,Female,San Francisco,Two year,Bank transfer (automatic),Fiber optic
2026-05-05T10:09:11.490749,CUST_002030,0,0,0,24,116.3,2870.46,1,1,0,1,1,0,0,1,Female,San Diego,Two year,Mailed check,Fiber optic
2026-05-05T10:10:11.499453,CUST_002031,1,1,0,45,110.06,5369.37,1,0,1,1,0,1,0,1,Female,New York,Two year,Credit card (automatic),Fiber optic
2026-05-05T10:11:11.509012,CUST_002032,0,1,1,14,106.94,1561.27,1,0,0,1,0,1,1,1,Male,Los Angeles,Month-to-month,Mailed check,DSL
2026-05-05T10:12:11.528752,CUST_002033,0,0,0,11,69.08,687.2,1,0,0,0,1,0,0,0,Male,New York,Month-to-month,Electronic check,DSL
2026-05-05T10:13:11.543669,CUST_002034,0,0,0,36,91.46,3228.32,1,0,1,0,0,1,0,1,Male,Dallas,One year,Credit card (automatic),DSL
2026-05-05T10:14:11.555156,CUST_002035,0,0,0,5,94.52,518.73,1,0,1,0,1,0,1,1,Male,San Francisco,Month-to-month,Mailed check,DSL
2026-05-05T10:15:11.573833,CUST_002036,0,0,0,41,75.86,3182.53,1,0,0,0,0,0,1,0,Male,Miami,One year,Mailed check,DSL
2026-05-05T10:16:11.583244,CUST_002037,0,1,0,2,109.96,202.68,1,1,0,1,1,0,1,1,Male,San Diego,Month-to-month,Mailed check,DSL
2026-05-05T10:17:11.591836,CUST_002038,0,0,0,11,18.0,199.05,0,0,0,0,0,0,0,0,Female,San Francisco,Month-to-month,Electronic check,No
2026-05-05T10:18:11.605372,CUST_002039,0,1,1,68,111.39,7606.68,1,0,0,1,0,1,1,0,Male,Seattle,Two year,Credit card (automatic),Fiber optic
2026-05-05T10:19:11.618121,CUST_002040,0,0,0,68,123.08,8700.15,1,1,1,1,1,0,1,1,Male,Chicago,Two year,Bank transfer (automatic),Fiber optic
2026-05-05T10:20:11.632519,CUST_002041,0,0,0,7,112.2,731.72,1,1,1,0,1,1,1,0,Female,Dallas,Month-to-month,Electronic check,Fiber optic
2026-05-05T10:21:11.639857,CUST_002042,0,0,0,36,81.35,2769.95,0,0,1,1,1,0,0,0,Male,San Diego,One year,Bank transfer (automatic),Fiber optic
2026-05-05T10:22:11.658065,CUST_002043,0,1,1,19,110.3,2253.57,1,0,1,1,0,0,1,0,Male,Dallas,Month-to-month,Electronic check,Fiber optic
2026-05-05T10:23:11.678219,CUST_002044,1,0,0,20,117.43,2135.62,1,0,1,0,1,0,1,0,Female,Seattle,Month-to-month,Bank transfer (automatic),Fiber optic
2026-05-05T10:24:11.694360,CUST_002045,0,0,0,43,129.54,5625.72,1,1,1,1,1,1,1,1,Female,San Francisco,Two year,Mailed check,DSL
2026-05-05T10:25:11.706342,CUST_002046,0,0,0,26,90.98,2574.95,0,0,1,1,1,1,0,0,Male,Los Angeles,One year,Credit card (automatic),Fiber optic
2026-05-05T10:26:11.712311,CUST_002047,1,1,1,10,110.33,1204.78,1,1,1,1,0,0,0,0,Female,Dallas,Month-to-month,Bank transfer (automatic),Fiber optic
2026-05-05T10:27:11.718966,CUST_002048,0,0,1,4,119.2,511.59,1,1,1,1,1,1,0,1,Female,Houston,Month-to-month,Electronic check,DSL
2026-05-05T10:28:11.736727,CUST_002049,0,1,0,10,90.22,990.22,1,0,1,0,1,0,1,0,Female,New York,Month-to-month,Electronic check,DSL
2026-05-05T10:29:11.756229,CUST_002050,1,1,1,42,101.07,4462.46,1,0,0,1,1,1,1,0,Male,New York,One year,Electronic check,DSL
2026-05-05T10:30:11.772926,CUST_002051,1,0,0,10,88.64,824.6,1,1,0,0,1,0,1,0,Male,Phoenix,Month-to-month,Mailed check,DSL
2026-05-05T10:31:11.791408,CUST_002052,1,1,1,24,118.1,2816.67,1,0,1,0,0,0,1,1,Male,Chicago,One year,Bank transfer (automatic),Fiber optic
2026-05-05T10:32:11.807769,CUST_002053,0,0,0,3,98.88,277.12,1,0,0,1,1,0,0,1,Female,Los Angeles,Month-to-month,Credit card (automatic),Fiber optic
2026-05-05T10:33:11.826565,CUST_002054,0,1,0,11,79.23,822.88,1,0,0,0,0,1,0,1,Male,Dallas,Month-to-month,Electronic check,DSL
2026-05-05T10:34:11.843383,CUST_002055,0,0,1,42,77.11,3473.96,0,0,0,1,0,0,0,1,Female,Seattle,Two year,Credit card (automatic),Fiber optic
2026-05-05T15:12:30.996777,CUST_002056,1,0,0,17,43.88,739.8,1,0,0,0,0,0,0,0,Male,Los Angeles,Month-to-month,Mailed check,No
2026-05-05T15:13:31.004782,CUST_002057,1,1,1,20,111.12,2250.53,1,1,1,1,0,0,0,0,Male,Los Angeles,Month-to-month,Electronic check,Fiber optic
2026-05-05T15:14:27.590083,CUST_002058,0,0,0,62,118.14,7738.18,1,1,1,1,0,0,1,1,Female,Houston,Two year,Electronic check,Fiber optic
2026-05-05T15:15:27.598180,CUST_002059,0,0,1,48,21.86,958.99,0,0,0,0,0,0,0,0,Male,Dallas,One year,Bank transfer (automatic),No
2026-05-05T15:16:27.607800,CUST_002060,0,0,1,8,91.99,717.69,1,1,1,1,0,1,1,0,Male,San Diego,Month-to-month,Electronic check,DSL
2026-05-05T15:17:27.619722,CUST_002061,0,0,1,21,46.98,1004.55,1,0,0,0,0,0,0,0,Male,San Francisco,One year,Credit card (automatic),No
2026-05-05T15:18:27.627712,CUST_002062,1,0,0,22,111.3,2337.86,1,1,1,1,0,1,1,1,Female,Los Angeles,Month-to-month,Electronic check,DSL
2026-05-05T15:19:27.632675,CUST_002063,0,1,0,21,112.73,2579.61,1,0,1,1,1,1,1,1,Male,Dallas,Month-to-month,Electronic check,DSL
2026-05-05T15:20:27.642982,CUST_002064,0,1,0,20,86.85,1780.71,1,0,1,0,0,0,1,0,Female,New York,Month-to-month,Electronic check,DSL
2026-05-05T15:21:27.652951,CUST_002065,1,0,0,21,44.95,858.27,1,0,0,0,0,0,0,0,Male,San Diego,Month-to-month,Electronic check,No
2026-05-05T15:22:27.664339,CUST_002066,0,1,0,13,55.88,770.4,0,0,0,1,1,0,0,0,Male,San Francisco,Month-to-month,Electronic check,DSL
2026-05-05T15:23:27.681508,CUST_002067,0,1,0,10,111.12,1120.77,1,0,1,1,0,0,1,1,Female,Phoenix,Month-to-month,Mailed check,Fiber optic
2026-05-05T15:24:27.696930,CUST_002068,0,1,1,12,91.08,1017.25,1,1,0,0,0,1,0,1,Female,San Francisco,Month-to-month,Electronic check,DSL
2026-05-05T15:25:27.709791,CUST_002069,0,1,1,33,78.77,2570.44,1,0,1,1,0,0,0,0,Female,Los Angeles,Two year,Credit card (automatic),DSL
2026-05-05T15:26:27.721286,CUST_002070,0,0,0,18,46.58,816.33,1,0,0,0,0,0,0,0,Female,Chicago,Month-to-month,Mailed check,No
2026-05-05T15:27:27.739458,CUST_002071,0,1,0,1,93.92,86.98,1,0,0,1,0,1,1,1,Male,Dallas,Month-to-month,Mailed check,DSL
2026-05-05T15:28:27.754458,CUST_002072,0,0,0,23,93.19,1963.5,1,1,0,1,1,0,1,1,Male,San Diego,One year,Credit card (automatic),DSL
2026-05-05T15:29:27.757347,CUST_002073,0,0,0,4,104.94,433.92,1,0,0,1,0,0,0,1,Male,Miami,Month-to-month,Electronic check,Fiber optic
2026-05-05T15:30:27.760560,CUST_002074,0,1,0,35,89.78,2892.47,0,0,0,1,0,1,1,1,Male,Phoenix,One year,Mailed check,Fiber optic
2026-05-05T15:31:27.771674,CUST_002075,0,1,1,41,91.62,4013.82,0,0,1,1,0,0,1,0,Male,Chicago,One year,Bank transfer (automatic),Fiber optic
2026-05-05T15:32:27.783016,CUST_002076,0,1,0,28,77.88,2080.52,0,0,1,0,0,1,1,0,Male,Phoenix,Two year,Credit card (automatic),Fiber optic
2026-05-05T15:33:27.788919,CUST_002077,0,0,1,3,82.75,226.28,1,1,0,0,0,0,0,1,Female,Dallas,Month-to-month,Electronic check,DSL
2026-05-05T15:34:27.799962,CUST_002078,0,1,0,29,90.31,2488.05,1,0,0,1,0,0,1,1,Female,San Diego,One year,Bank transfer (automatic),DSL
2026-05-05T15:35:27.815807,CUST_002079,0,1,0,13,91.87,1125.66,1,1,0,0,1,1,1,1,Female,Miami,Month-to-month,Electronic check,DSL
2026-05-05T15:36:27.825263,CUST_002080,1,0,0,39,98.12,4091.81,1,1,1,0,0,1,1,1,Male,New York,One year,Credit card (automatic),DSL
2026-05-05T15:37:27.828502,CUST_002081,0,1,0,8,105.54,841.43,1,0,1,1,0,0,0,0,Female,Seattle,Month-to-month,Bank transfer (automatic),Fiber optic
2026-05-05T15:38:27.832657,CUST_002082,0,0,0,3,50.21,164.68,1,0,0,0,0,0,0,0,Female,Dallas,Month-to-month,Bank transfer (automatic),No
2026-05-05T15:39:27.843964,CUST_002083,0,0,0,23,99.49,2426.74,1,1,1,1,0,1,0,1,Male,Miami,One year,Credit card (automatic),DSL
2026-05-05T15:40:27.847332,CUST_002084,0,1,0,13,99.33,1271.74,1,1,0,1,1,1,0,1,Male,Phoenix,Month-to-month,Electronic check,DSL
2026-05-05T15:41:27.861520,CUST_002085,0,0,0,38,80.01,2912.33,1,0,0,0,1,1,0,0,Male,New York,One year,Bank transfer (automatic),DSL
2026-05-05T15:42:27.877178,CUST_002086,1,0,0,42,91.74,3818.84,1,0,0,0,0,0,1,0,Male,Chicago,Two year,Mailed check,Fiber optic
2026-05-05T15:43:27.894067,CUST_002087,0,0,1,22,102.48,2060.11,1,0,1,1,1,0,0,0,Male,Dallas,Month-to-month,Credit card (automatic),Fiber optic
2026-05-05T15:44:27.908683,CUST_002088,0,1,0,9,105.54,929.73,1,0,1,0,0,0,1,1,Male,Miami,Month-to-month,Electronic check,Fiber optic
2026-05-05T15:45:27.923968,CUST_002089,0,0,1,19,68.29,1327.87,0,0,0,0,0,0,0,0,Female,San Diego,Month-to-month,Electronic check,Fiber optic
2026-05-05T15:46:27.930158,CUST_002090,0,0,0,21,115.24,2275.09,1,1,0,1,0,0,1,1,Male,Houston,Month-to-month,Bank transfer (automatic),Fiber optic
2026-05-05T15:47:27.940290,CUST_002091,0,1,0,18,81.69,1339.28,1,1,1,0,0,0,1,0,Male,Los Angeles,One year,Bank transfer (automatic),DSL
2026-05-05T15:48:27.950523,CUST_002092,0,1,0,40,127.21,5440.56,1,1,1,1,1,0,0,1,Male,Miami,One year,Credit card (automatic),Fiber optic
2026-05-05T15:49:27.962347,CUST_002093,0,0,1,9,114.06,936.42,1,1,0,1,0,1,0,1,Male,New York,Month-to-month,Electronic check,Fiber optic
2026-05-05T15:50:27.971161,CUST_002094,0,1,1,46,74.78,3679.67,0,0,0,0,0,0,0,1,Male,Phoenix,Two year,Credit card (automatic),Fiber optic
2026-05-05T15:51:27.989149,CUST_002095,0,1,0,49,120.75,6279.99,1,1,1,0,1,1,0,1,Female,Seattle,Two year,Bank transfer (automatic),Fiber optic
2026-05-05T15:52:28.001570,CUST_002096,0,0,0,24,81.96,1959.89,1,0,0,1,0,0,0,1,Female,Dallas,Month-to-month,Electronic check,DSL
2026-05-05T15:53:28.004721,CUST_002097,0,1,0,23,113.53,2531.4,1,1,0,1,1,1,1,0,Male,Miami,Month-to-month,Credit card (automatic),Fiber optic
2026-05-05T15:54:28.014999,CUST_002098,0,1,0,48,107.44,4953.25,1,1,0,0,1,1,0,0,Male,Phoenix,Two year,Credit card (automatic),Fiber optic
2026-05-05T15:55:28.024382,CUST_002099,0,1,1,5,86.29,451.02,1,0,0,1,1,1,0,0,Female,Chicago,Month-to-month,Electronic check,DSL
2026-05-05T15:56:28.039180,CUST_002100,0,1,1,30,78.73,2579.24,1,0,0,0,1,1,0,1,Male,San Francisco,One year,Mailed check,DSL
2026-05-05T15:57:28.056880,CUST_002101,0,1,1,41,102.99,4589.94,1,1,0,1,0,1,0,0,Female,San Diego,Two year,Bank transfer (automatic),Fiber optic
2026-05-05T15:58:28.075063,CUST_002102,0,1,0,24,46.36,1133.17,1,0,0,0,0,0,0,0,Male,New York,Month-to-month,Electronic check,No
2026-05-05T15:59:28.088564,CUST_002103,0,0,0,35,95.96,3480.59,1,1,1,1,1,0,1,1,Male,New York,One year,Bank transfer (automatic),DSL
2026-05-05T16:00:28.098384,CUST_002104,0,1,0,6,118.48,752.34,1,1,1,1,0,1,0,0,Male,Dallas,Month-to-month,Credit card (automatic),Fiber optic
2026-05-05T16:01:28.113228,CUST_002105,1,0,0,15,48.55,710.09,1,0,0,0,0,0,0,0,Male,Phoenix,Month-to-month,Bank transfer (automatic),No
2026-05-05T16:02:28.118428,CUST_002106,1,0,0,2,116.51,213.9,1,1,1,0,1,1,1,1,Female,New York,Month-to-month,Electronic check,Fiber optic
2026-05-05T16:03:28.131781,CUST_002107,0,0,0,59,109.15,6213.04,1,0,0,0,0,0,1,1,Female,Chicago,Two year,Electronic check,Fiber optic
2026-05-05T16:04:28.145106,CUST_002108,1,1,0,45,100.94,4642.92,1,0,0,1,1,0,0,0,Female,New York,One year,Bank transfer (automatic),Fiber optic
2026-05-05T16:05:28.148230,CUST_002109,0,1,1,17,47.88,842.61,1,0,0,0,0,0,0,0,Male,Los Angeles,Month-to-month,Bank transfer (automatic),No
2026-05-05T16:06:28.165949,CUST_002110,0,0,1,2,112.44,223.17,1,1,1,1,0,0,0,0,Male,Phoenix,Month-to-month,Electronic check,Fiber optic
2026-05-05T16:07:28.181615,CUST_002111,1,0,0,3,53.49,147.71,1,1,0,0,0,0,0,0,Male,Houston,Month-to-month,Electronic check,No
2026-05-05T16:08:28.197987,CUST_002112,0,1,1,15,110.74,1528.71,1,0,1,0,1,1,1,0,Female,Los Angeles,One year,Bank transfer (automatic),Fiber optic
2026-05-05T16:09:28.204635,CUST_002113,1,0,1,21,93.82,1947.66,1,0,0,0,0,0,0,1,Male,Houston,One year,Credit card (automatic),Fiber optic
2026-05-05T16:10:28.219882,CUST_002114,0,1,0,23,40.76,1015.27,1,0,0,0,0,0,0,0,Female,Miami,Month-to-month,Mailed check,No
2026-05-05T16:11:28.230178,CUST_002115,0,0,0,14,94.79,1334.33,1,1,0,1,0,1,1,0,Female,San Francisco,Month-to-month,Bank transfer (automatic),DSL
2026-05-05T16:12:28.238181,CUST_002116,0,0,1,12,45.14,554.03,1,1,0,0,0,0,0,0,Female,San Francisco,Month-to-month,Electronic check,No
2026-05-05T16:13:28.242422,CUST_002117,0,0,0,23,40.5,876.67,1,0,0,0,0,0,0,0,Male,New York,Month-to-month,Bank transfer (automatic),No
2026-05-05T16:14:28.251572,CUST_002118,0,1,0,12,68.41,763.19,1,0,1,0,0,0,0,0,Female,Chicago,Month-to-month,Mailed check,DSL
2026-05-05T16:15:28.258679,CUST_002119,0,1,0,24,124.31,2867.96,1,1,0,1,1,1,0,0,Male,Los Angeles,Month-to-month,Electronic check,Fiber optic
2026-05-05T16:16:28.274636,CUST_002120,1,1,1,37,103.09,4072.93,1,1,0,0,1,0,1,0,Female,San Diego,One year,Bank transfer (automatic),Fiber optic
2026-05-05T16:17:28.287621,CUST_002121,0,0,1,16,115.68,1890.11,1,1,0,0,0,1,1,1,Male,Houston,Month-to-month,Electronic check,Fiber optic
2026-05-05T16:18:28.304132,CUST_002122,0,1,0,23,104.49,2417.12,1,0,1,0,0,0,1,0,Male,New York,Month-to-month,Electronic check,Fiber optic
2026-05-05T16:19:28.321771,CUST_002123,1,1,0,61,54.71,3113.73,1,1,0,0,0,0,0,0,Male,New York,Two year,Bank transfer (automatic),No
2026-05-05T16:20:28.325997,CUST_002124,0,0,0,40,99.47,4077.98,1,0,1,0,0,0,1,0,Female,Phoenix,Two year,Credit card (automatic),Fiber optic
2026-05-05T16:21:28.345847,CUST_002125,0,1,0,59,42.85,2700.42,1,0,0,0,0,0,0,0,Male,San Francisco,Two year,Bank transfer (automatic),No
2026-05-05T16:22:28.363920,CUST_002126,0,1,0,5,86.74,399.62,1,1,0,0,1,0,1,0,Female,San Diego,Month-to-month,Electronic check,DSL
2026-05-05T16:23:28.380989,CUST_002127,0,1,0,2,100.64,194.24,1,0,0,1,0,1,0,0,Male,Dallas,Month-to-month,Electronic check,Fiber optic
2026-05-05T16:24:28.387804,CUST_002128,0,1,0,54,103.92,5297.74,1,0,0,1,0,0,1,0,Male,New York,Two year,Credit card (automatic),Fiber optic
2026-05-05T16:25:28.406753,CUST_002129,0,1,0,29,46.68,1410.62,1,0,0,0,0,0,0,0,Male,Los Angeles,Two year,Electronic check,No
2026-05-05T16:26:28.421856,CUST_002130,0,1,1,10,119.65,1302.85,1,1,1,0,0,1,1,0,Female,New York,Month-to-month,Bank transfer (automatic),Fiber optic
2026-05-05T16:27:28.437002,CUST_002131,0,1,0,7,103.73,793.59,1,1,1,1,0,0,1,1,Male,Houston,Month-to-month,Credit card (automatic),DSL
2026-05-05T16:28:28.449383,CUST_002132,0,0,1,39,51.03,2110.61,1,1,0,0,0,0,0,0,Male,Seattle,Two year,Credit card (automatic),No
2026-05-05T16:29:28.457891,CUST_002133,0,1,1,33,86.28,2981.37,1,1,0,0,1,1,1,1,Female,San Diego,One year,Bank transfer (automatic),DSL
2026-05-05T16:30:28.468195,CUST_002134,0,0,0,23,109.87,2563.46,1,1,1,0,0,1,0,0,Female,Los Angeles,Month-to-month,Electronic check,Fiber optic
2026-05-05T16:31:28.471926,CUST_002135,0,0,1,3,55.23,164.06,1,1,0,0,0,0,0,0,Male,Dallas,Month-to-month,Mailed check,No
2026-05-05T16:32:28.480611,CUST_002136,0,1,0,38,104.92,3945.89,1,1,1,1,1,0,0,0,Male,Los Angeles,One year,Bank transfer (automatic),DSL
2026-05-05T16:33:28.486288,CUST_002137,0,1,0,50,106.04,5032.81,1,1,1,1,0,1,0,0,Male,San Francisco,Two year,Credit card (automatic),Fiber optic
2026-05-05T16:34:28.494980,CUST_002138,0,1,0,43,101.43,4464.12,1,0,0,0,0,0,1,0,Female,San Diego,One year,Mailed check,Fiber optic
2026-05-05T16:35:28.507608,CUST_002139,0,1,0,1,104.74,95.77,1,1,0,0,0,1,1,0,Female,Los Angeles,Month-to-month,Credit card (automatic),Fiber optic
2026-05-05T16:36:28.517499,CUST_002140,1,0,1,4,102.83,439.62,1,0,0,0,0,1,0,1,Male,New York,Month-to-month,Electronic check,Fiber optic
2026-05-05T16:37:28.526678,CUST_002141,0,1,0,31,117.07,3730.54,1,1,1,0,0,0,1,0,Female,Houston,Two year,Electronic check,Fiber optic
2026-05-05T16:38:28.540764,CUST_002142,0,1,1,25,112.52,3019.13,1,0,0,1,0,1,1,1,Female,Dallas,One year,Bank transfer (automatic),Fiber optic
2026-05-05T16:39:28.555536,CUST_002143,0,0,1,4,105.04,421.75,1,0,1,1,1,1,0,1,Male,Chicago,Month-to-month,Electronic check,DSL
2026-05-05T16:40:28.562620,CUST_002144,0,1,1,6,80.95,473.68,1,0,0,1,1,1,0,1,Female,Dallas,Month-to-month,Credit card (automatic),DSL
2026-05-05T16:41:28.570210,CUST_002145,0,0,1,18,92.86,1614.23,1,1,1,1,0,1,1,0,Male,Dallas,Month-to-month,Electronic check,DSL
2026-05-05T16:42:28.585710,CUST_002146,0,0,0,14,119.03,1654.82,1,0,0,1,1,1,0,1,Female,New York,Month-to-month,Electronic check,Fiber optic
2026-05-05T16:43:28.599252,CUST_002147,0,0,0,10,109.11,995.39,1,1,0,1,0,0,1,1,Female,Phoenix,Month-to-month,Electronic check,Fiber optic
2026-05-05T16:44:28.612883,CUST_002148,0,1,0,20,93.07,1961.57,1,0,0,0,0,1,0,0,Male,Houston,One year,Credit card (automatic),Fiber optic
2026-05-05T16:45:28.622112,CUST_002149,0,1,0,33,75.37,2619.77,1,0,0,1,0,0,0,1,Male,Dallas,Two year,Electronic check,DSL
2026-05-05T16:46:28.625117,CUST_002150,1,1,1,41,120.11,4976.75,1,1,1,1,1,0,1,1,Female,San Diego,One year,Mailed check,Fiber optic
2026-05-05T16:47:28.641088,CUST_002151,0,1,0,19,125.89,2368.23,1,1,1,1,1,0,0,0,Female,New York,Month-to-month,Credit card (automatic),Fiber optic
2026-05-05T16:48:28.646548,CUST_002152,0,0,1,4,94.33,380.57,1,0,0,0,1,0,1,1,Female,Seattle,Month-to-month,Credit card (automatic),DSL
2026-05-05T16:49:28.661419,CUST_002153,0,1,0,5,94.52,449.86,1,0,0,0,0,0,0,1,Male,Seattle,Month-to-month,Electronic check,Fiber optic
2026-05-05T16:50:28.670489,CUST_002154,0,0,0,22,117.32,2430.98,1,0,0,1,1,0,1,0,Female,Houston,Month-to-month,Electronic check,Fiber optic
2026-05-05T16:51:28.683805,CUST_002155,1,1,0,20,138.95,2840.06,1,1,1,1,1,0,1,1,Male,New York,Month-to-month,Electronic check,Fiber optic
2026-05-05T16:52:28.695692,CUST_002156,0,1,0,47,101.69,4939.37,1,1,0,0,0,0,1,1,Female,New York,One year,Mailed check,Fiber optic
2026-05-05T16:53:28.706406,CUST_002157,0,1,0,59,79.66,4576.55,1,1,1,1,0,0,0,0,Female,San Diego,Two year,Mailed check,DSL
2026-05-05T16:54:28.722080,CUST_002158,0,0,0,22,90.45,1921.92,1,0,0,0,0,0,0,0,Male,Chicago,Month-to-month,Credit card (automatic),Fiber optic
2026-05-05T16:55:28.740894,CUST_002159,0,1,0,21,74.3,1549.13,1,0,0,0,0,1,0,0,Female,Los Angeles,Month-to-month,Electronic check,DSL
2026-05-05T16:56:28.745636,CUST_002160,0,1,0,19,106.06,2114.0,1,1,0,0,1,0,0,1,Female,Dallas,Month-to-month,Credit card (automatic),Fiber optic
2026-05-05T16:57:28.760142,CUST_002161,0,0,0,70,74.41,4718.12,1,0,0,0,0,0,0,1,Female,Chicago,Two year,Credit card (automatic),DSL
2026-05-05T16:58:28.763846,CUST_002162,0,0,0,8,104.54,902.27,1,0,0,1,1,1,0,0,Male,Houston,Month-to-month,Electronic check,Fiber optic
2026-05-05T16:59:28.768025,CUST_002163,0,0,1,41,87.49,3766.48,1,1,0,0,1,0,1,0,Female,Chicago,Two year,Bank transfer (automatic),DSL
2026-05-05T17:00:28.770933,CUST_002164,0,1,1,24,138.24,3056.51,1,1,1,1,1,1,1,1,Female,Dallas,Month-to-month,Mailed check,Fiber optic
2026-05-05T17:01:28.779321,CUST_002165,0,1,0,1,101.23,94.38,1,0,1,0,0,0,0,1,Female,New York,Month-to-month,Bank transfer (automatic),Fiber optic
2026-05-05T17:02:28.785950,CUST_002166,0,0,0,44,92.06,4053.35,1,1,1,1,0,0,0,0,Male,Houston,One year,Bank transfer (automatic),DSL
2026-05-05T17:03:28.795846,CUST_002167,0,0,0,34,81.04,2692.27,0,0,0,1,1,1,1,0,Female,Chicago,Two year,Bank transfer (automatic),Fiber optic
2026-05-05T17:04:28.811919,CUST_002168,0,0,0,31,88.57,2666.26,1,1,1,1,1,0,0,0,Female,San Diego,One year,Bank transfer (automatic),DSL
2026-05-05T17:05:28.824669,CUST_002169,1,1,0,1,87.23,79.29,1,0,1,1,1,1,0,0,Male,Houston,Month-to-month,Mailed check,DSL
2026-05-05T17:06:28.835712,CUST_002170,0,1,1,29,49.77,1308.95,1,1,0,0,0,0,0,0,Male,Dallas,Two year,Bank transfer (automatic),No
2026-05-05T17:07:28.844770,CUST_002171,0,0,0,47,46.44,2215.72,0,0,0,0,0,1,0,0,Female,Dallas,One year,Mailed check,DSL
2026-05-05T17:08:28.855997,CUST_002172,0,0,1,10,105.78,1145.44,1,0,0,1,0,1,0,0,Female,Miami,Month-to-month,Electronic check,Fiber optic
2026-05-05T17:09:28.864998,CUST_002173,0,1,0,2,89.88,184.04,1,0,1,0,0,0,0,0,Female,Houston,Month-to-month,Electronic check,Fiber optic
2026-05-05T17:10:28.870140,CUST_002174,0,1,0,14,120.5,1688.43,1,1,0,1,1,1,0,0,Female,New York,Month-to-month,Electronic check,Fiber optic
2026-05-05T17:11:28.879377,CUST_002175,0,0,0,15,121.74,1676.9,1,1,1,1,1,1,1,1,Male,Chicago,Month-to-month,Bank transfer (automatic),Fiber optic
2026-05-05T17:12:28.884246,CUST_002176,0,1,0,11,96.98,1143.86,1,0,0,0,0,1,0,1,Female,Houston,Month-to-month,Mailed check,Fiber optic
2026-05-05T17:13:28.894806,CUST_002177,1,1,0,22,114.77,2593.28,1,1,0,1,0,0,0,1,Female,San Francisco,One year,Credit card (automatic),Fiber optic
2026-05-05T17:14:28.905042,CUST_002178,0,0,0,8,116.94,853.19,1,1,1,1,1,1,1,0,Female,San Francisco,Month-to-month,Electronic check,DSL
2026-05-05T17:15:28.919426,CUST_002179,0,1,0,29,76.45,2137.6,1,0,0,0,0,0,1,0,Female,Houston,Two year,Bank transfer (automatic),DSL
2026-05-05T17:16:28.926801,CUST_002180,0,1,1,10,67.61,684.23,0,0,0,0,1,1,1,0,Female,Dallas,Month-to-month,Mailed check,DSL
2026-05-05T17:17:28.942839,CUST_002181,1,0,1,4,103.21,410.64,1,1,0,1,1,0,0,0,Male,Houston,Month-to-month,Credit card (automatic),Fiber optic
2026-05-05T17:18:28.949514,CUST_002182,0,0,0,7,96.42,659.79,1,1,1,0,0,0,1,1,Female,Houston,Month-to-month,Bank transfer (automatic),DSL
2026-05-05T17:19:28.963740,CUST_002183,0,1,0,41,44.27,1686.24,1,0,0,0,0,0,0,0,Female,Dallas,One year,Bank transfer (automatic),No
2026-05-05T17:20:28.968671,CUST_002184,0,1,0,20,95.56,1874.43,1,1,0,0,1,0,0,0,Female,New York,Month-to-month,Electronic check,Fiber optic
2026-05-05T17:21:28.971972,CUST_002185,0,1,0,59,101.44,5617.53,1,0,1,0,1,0,0,1,Male,Houston,Two year,Credit card (automatic),Fiber optic
2026-05-05T17:22:28.988275,CUST_002186,1,1,0,44,112.83,5389.36,1,1,0,0,0,1,1,0,Male,New York,One year,Credit card (automatic),Fiber optic
2026-05-05T17:23:28.991627,CUST_002187,0,0,1,37,119.58,4567.16,1,1,0,1,1,0,1,1,Male,Miami,One year,Bank transfer (automatic),Fiber optic
2026-05-05T17:24:29.009143,CUST_002188,0,0,1,39,98.59,3810.6,1,0,0,0,1,0,1,0,Male,San Francisco,One year,Bank transfer (automatic),Fiber optic
2026-05-05T17:25:29.015229,CUST_002189,0,0,0,11,70.37,831.41,0,0,0,1,0,1,0,0,Female,Los Angeles,Month-to-month,Electronic check,Fiber optic
2026-05-05T17:26:29.028593,CUST_002190,0,0,0,1,112.15,117.5,1,1,0,0,1,1,0,0,Female,Chicago,Month-to-month,Electronic check,Fiber optic
2026-05-05T17:27:29.045774,CUST_002191,0,1,0,14,48.3,647.62,1,1,0,0,0,0,0,0,Male,Houston,Month-to-month,Credit card (automatic),No
2026-05-05T17:28:29.058951,CUST_002192,0,1,0,17,53.74,909.87,1,1,0,0,0,0,0,0,Female,Houston,Month-to-month,Bank transfer (automatic),No
2026-05-05T17:29:29.068216,CUST_002193,0,1,0,2,112.22,232.7,1,0,1,1,1,0,0,0,Female,Los Angeles,Month-to-month,Electronic check,Fiber optic
2026-05-05T17:30:29.086374,CUST_002194,0,0,0,35,84.44,2826.87,1,0,0,1,1,1,1,0,Male,Dallas,One year,Credit card (automatic),DSL
2026-05-05T17:31:29.091933,CUST_002195,0,0,1,19,113.94,2191.08,1,0,1,1,1,0,1,0,Female,Los Angeles,One year,Credit card (automatic),Fiber optic
2026-05-05T17:32:29.101049,CUST_002196,0,1,0,20,77.67,1570.02,0,0,1,0,0,0,0,1,Male,Seattle,Month-to-month,Electronic check,Fiber optic
2026-05-05T17:33:29.115904,CUST_002197,0,0,0,25,127.83,3387.96,1,1,1,1,1,0,1,0,Male,San Francisco,Two year,Bank transfer (automatic),Fiber optic
2026-05-05T17:34:29.121937,CUST_002198,0,1,0,20,121.26,2586.11,1,1,1,1,1,0,1,0,Male,Dallas,One year,Bank transfer (automatic),Fiber optic
2026-05-05T17:35:29.126660,CUST_002199,0,0,0,35,87.04,2923.31,1,0,0,1,1,1,0,1,Female,New York,One year,Credit card (automatic),DSL
2026-05-05T17:36:29.133912,CUST_002200,0,1,1,25,76.8,1988.78,1,1,0,0,0,0,0,1,Female,Los Angeles,Two year,Credit card (automatic),DSL
2026-05-05T17:37:29.149416,CUST_002201,1,0,0,3,53.31,146.06,1,1,0,0,0,0,0,0,Male,San Diego,Month-to-month,Bank transfer (automatic),No
2026-05-05T17:38:29.159603,CUST_002202,0,1,0,2,18.89,35.22,0,0,0,0,0,0,0,0,Male,Chicago,Month-to-month,Electronic check,No
2026-05-05T17:41:40.057512,CUST_002203,0,1,1,20,115.84,2410.43,1,1,0,1,1,0,1,0,Male,Seattle,Month-to-month,Electronic check,Fiber optic
2026-05-05T17:42:40.067310,CUST_002204,0,1,1,10,108.89,1189.8,1,1,0,0,1,1,1,0,Male,New York,Month-to-month,Electronic check,Fiber optic
2026-05-05T17:43:40.085951,CUST_002205,1,1,0,48,102.98,5411.9,1,0,1,0,1,0,1,0,Male,Los Angeles,One year,Bank transfer (automatic),Fiber optic
2026-05-05T17:44:40.102119,CUST_002206,0,1,1,68,80.67,5378.43,0,0,1,1,1,1,0,1,Male,Dallas,Two year,Bank transfer (automatic),DSL
2026-05-05T17:45:40.108827,CUST_002207,1,0,1,67,88.79,6258.14,0,0,0,0,0,1,1,1,Female,New York,Two year,Credit card (automatic),Fiber optic
2026-05-05T17:46:40.111847,CUST_002208,0,0,0,2,108.53,222.25,1,1,0,1,0,0,1,0,Male,Houston,Month-to-month,Mailed check,Fiber optic
2026-05-05T17:47:40.116936,CUST_002209,0,0,0,22,82.75,1973.56,0,0,1,0,1,0,1,0,Male,Seattle,Month-to-month,Credit card (automatic),Fiber optic
2026-05-05T17:48:40.132797,CUST_002210,0,0,1,22,108.42,2172.58,1,0,0,0,1,0,1,1,Female,Houston,Month-to-month,Electronic check,Fiber optic
2026-05-07T17:04:52.100408,CUST_002211,0,1,0,18,104.25,1840.65,1,0,0,0,0,1,1,1,Male,Chicago,Month-to-month,Electronic check,Fiber optic
2026-05-07T17:05:52.119891,CUST_002212,0,0,0,24,59.15,1426.02,0,0,0,0,1,1,0,0,Female,Miami,Month-to-month,Electronic check,DSL
2026-05-07T17:06:52.135336,CUST_002213,0,1,0,7,112.29,805.9,1,1,0,0,0,0,1,1,Male,New York,Month-to-month,Electronic check,Fiber optic
2026-05-07T17:07:52.142099,CUST_002214,0,0,1,21,101.91,1929.75,1,0,0,0,0,1,0,0,Male,San Diego,One year,Electronic check,Fiber optic
2026-05-07T17:08:52.152816,CUST_002215,0,1,0,35,48.28,1557.35,1,0,0,0,0,0,0,0,Male,Los Angeles,One year,Mailed check,No
2026-05-07T17:09:52.162477,CUST_002216,0,0,0,5,62.18,311.54,0,0,0,0,1,1,0,1,Female,Dallas,Month-to-month,Electronic check,DSL
2026-05-07T17:10:52.177974,CUST_002217,0,1,0,3,117.65,344.14,1,1,1,1,0,1,1,0,Male,Chicago,Month-to-month,Electronic check,Fiber optic
2026-05-07T17:11:52.183730,CUST_002218,1,0,0,9,129.78,1095.22,1,1,0,1,1,1,1,1,Male,Los Angeles,Month-to-month,Electronic check,Fiber optic
2026-05-07T17:12:52.191428,CUST_002219,0,0,1,14,110.43,1573.09,1,0,0,0,1,0,0,1,Male,Chicago,Month-to-month,Electronic check,Fiber optic
2026-05-07T17:13:52.205480,CUST_002220,0,1,1,37,92.68,3485.2,1,0,1,1,0,0,1,1,Female,Chicago,One year,Bank transfer (automatic),DSL
2026-05-07T17:14:52.214302,CUST_002221,0,1,0,69,52.65,3424.66,1,0,0,0,0,0,0,0,Male,Phoenix,Two year,Bank transfer (automatic),No
2026-05-07T17:15:52.231153,CUST_002222,0,0,0,8,83.0,634.68,1,0,0,0,0,1,0,1,Male,Dallas,Month-to-month,Electronic check,DSL
2026-05-07T17:16:52.246499,CUST_002223,0,0,0,41,130.92,5590.21,1,1,1,0,1,1,1,1,Female,New York,One year,Bank transfer (automatic),Fiber optic
2026-05-07T17:17:52.255956,CUST_002224,1,1,0,37,112.1,3822.58,1,0,1,0,0,0,1,1,Female,Dallas,One year,Bank transfer (automatic),Fiber optic
2026-05-07T17:18:52.270652,CUST_002225,0,0,1,3,52.44,172.95,1,1,0,0,0,0,0,0,Male,Houston,Month-to-month,Mailed check,No
2026-05-07T17:19:52.289464,CUST_002226,0,0,1,11,77.27,797.59,0,0,1,1,1,0,0,1,Female,Los Angeles,Month-to-month,Mailed check,DSL
2026-05-07T17:20:52.313371,CUST_002227,0,0,0,64,113.6,7895.2,1,0,1,1,1,1,1,0,Male,Seattle,Two year,Electronic check,Fiber optic
2026-05-07T17:21:52.318156,CUST_002228,1,0,1,26,106.87,2649.03,1,0,1,0,1,0,0,0,Male,New York,Two year,Credit card (automatic),Fiber optic
2026-05-07T17:22:52.331719,CUST_002229,0,0,0,8,54.27,459.27,1,1,0,0,0,0,0,0,Female,San Francisco,Month-to-month,Bank transfer (automatic),No
2026-05-07T17:23:52.347678,CUST_002230,0,0,1,5,84.7,454.18,1,0,0,1,1,1,0,0,Male,New York,Month-to-month,Credit card (automatic),DSL
2026-05-07T17:24:52.369646,CUST_002231,0,1,0,23,100.06,2498.18,1,0,0,1,0,1,0,0,Male,Miami,Month-to-month,Mailed check,Fiber optic
2026-05-07T17:25:52.389225,CUST_002232,0,0,1,33,104.91,3399.92,1,1,0,0,1,0,0,0,Female,New York,One year,Bank transfer (automatic),Fiber optic
2026-05-07T17:26:52.406742,CUST_002233,0,0,0,69,111.89,7301.68,1,0,1,1,0,0,1,1,Female,Seattle,Two year,Credit card (automatic),Fiber optic
2026-05-07T17:27:52.423412,CUST_002234,1,1,0,40,111.63,4709.55,1,0,0,0,1,1,0,1,Male,Seattle,Two year,Mailed check,Fiber optic
2026-05-07T17:28:52.437240,CUST_002235,1,0,1,22,98.48,2253.99,1,0,0,1,1,0,0,0,Female,Houston,Month-to-month,Electronic check,Fiber optic
2026-05-07T17:29:52.451656,CUST_002236,0,0,1,30,107.15,3516.05,1,0,0,0,1,1,0,1,Female,San Francisco,Two year,Credit card (automatic),Fiber optic
2026-05-07T17:30:52.462791,CUST_002237,0,0,0,0,129.03,0.0,1,1,1,0,1,1,0,1,Male,Miami,Month-to-month,Electronic check,Fiber optic
2026-05-07T17:31:52.479424,CUST_002238,0,1,0,68,101.83,7427.03,1,0,0,0,0,1,1,0,Male,Los Angeles,Two year,Credit card (automatic),Fiber optic
2026-05-07T17:32:52.487391,CUST_002239,0,0,0,71,109.55,7752.15,1,0,1,0,0,0,1,0,Male,Miami,Two year,Bank transfer (automatic),Fiber optic
2026-05-07T17:33:52.502239,CUST_002240,1,0,0,21,68.35,1447.4,0,0,0,0,1,1,1,1,Female,Miami,Month-to-month,Electronic check,DSL
2026-05-07T17:34:52.507920,CUST_002241,0,0,0,66,92.19,6299.29,1,1,0,1,0,1,0,0,Female,Seattle,Two year,Credit card (automatic),DSL
2026-05-07T17:35:52.517883,CUST_002242,0,0,0,72,125.99,8208.38,1,0,1,1,0,0,1,1,Male,New York,Two year,Credit card (automatic),Fiber optic
2026-05-07T17:36:52.534240,CUST_002243,0,0,1,14,129.58,1800.68,1,0,1,1,1,1,0,1,Female,Chicago,Month-to-month,Bank transfer (automatic),Fiber optic
2026-05-07T17:37:52.559740,CUST_002244,0,1,1,21,94.0,1815.86,0,0,1,1,0,1,1,0,Female,New York,Month-to-month,Electronic check,Fiber optic
2026-05-07T17:38:52.575562,CUST_002245,0,0,1,0,64.98,0.0,0,0,0,0,0,0,0,0,Female,Los Angeles,Month-to-month,Electronic check,Fiber optic
2026-05-07T17:39:52.589164,CUST_002246,0,0,0,3,118.7,374.8,1,0,1,1,1,1,1,1,Male,Chicago,Month-to-month,Electronic check,DSL
2026-05-07T17:40:52.600466,CUST_002247,0,0,0,24,101.13,2356.66,1,0,0,1,1,0,0,0,Female,Los Angeles,Month-to-month,Electronic check,Fiber optic
2026-05-07T17:41:52.613001,CUST_002248,0,1,0,51,111.62,5805.69,1,1,0,1,0,0,0,1,Male,Phoenix,Two year,Bank transfer (automatic),Fiber optic
2026-05-07T17:42:52.621356,CUST_002249,0,1,0,52,105.07,5052.13,1,0,1,1,0,0,0,0,Female,Los Angeles,Two year,Bank transfer (automatic),Fiber optic
2026-05-07T17:43:52.639189,CUST_002250,1,1,0,15,78.31,1124.22,1,0,0,0,1,0,0,1,Female,Dallas,Month-to-month,Electronic check,DSL
2026-05-07T17:44:52.648574,CUST_002251,0,0,0,11,111.93,1312.32,1,0,1,0,1,0,1,0,Female,Phoenix,Month-to-month,Bank transfer (automatic),Fiber optic
2026-05-07T17:45:52.663575,CUST_002252,0,1,0,47,102.01,5125.37,1,0,1,1,0,0,0,0,Male,Miami,One year,Bank transfer (automatic),Fiber optic
2026-05-07T17:46:52.675256,CUST_002253,0,1,0,45,105.92,4716.4,1,0,1,1,0,0,1,0,Female,Houston,One year,Bank transfer (automatic),Fiber optic
2026-05-07T17:47:52.688188,CUST_002254,0,1,1,44,50.63,2399.11,0,0,0,0,0,0,0,1,Male,New York,One year,Credit card (automatic),DSL
2026-05-07T17:48:52.703920,CUST_002255,1,0,1,4,78.92,326.06,0,0,1,0,0,0,1,0,Male,Miami,Month-to-month,Electronic check,Fiber optic
2026-05-07T17:49:52.717317,CUST_002256,0,1,0,59,89.11,5406.08,1,1,0,0,0,1,0,1,Male,Los Angeles,Two year,Credit card (automatic),DSL
2026-05-07T17:50:52.727557,CUST_002257,0,1,0,6,112.04,691.79,1,1,0,1,0,1,0,1,Female,Miami,Month-to-month,Electronic check,Fiber optic
2026-05-07T17:51:52.738787,CUST_002258,0,1,0,34,132.59,4616.71,1,1,1,1,1,0,1,1,Female,Los Angeles,One year,Electronic check,Fiber optic
2026-05-07T17:52:52.755757,CUST_002259,1,1,0,10,116.74,1072.32,1,0,1,1,1,1,0,0,Male,Phoenix,Month-to-month,Electronic check,Fiber optic
2026-05-07T17:53:52.766399,CUST_002260,0,0,0,21,115.27,2213.11,1,1,1,0,0,0,1,1,Female,Seattle,Month-to-month,Bank transfer (automatic),Fiber optic
2026-05-07T17:54:52.779918,CUST_002261,0,1,0,22,113.63,2539.96,1,1,0,0,1,0,1,1,Male,Los Angeles,One year,Mailed check,Fiber optic
2026-05-07T17:55:52.793590,CUST_002262,0,0,0,21,97.1,2070.37,1,0,0,0,1,0,1,1,Female,Seattle,Month-to-month,Credit card (automatic),DSL
2026-05-07T17:56:52.804156,CUST_002263,0,0,0,36,111.94,4273.01,1,1,0,0,1,0,0,0,Female,Miami,Two year,Bank transfer (automatic),Fiber optic
2026-05-07T17:57:52.811064,CUST_002264,0,1,0,15,124.32,1714.96,1,1,1,1,1,1,1,0,Male,Los Angeles,Month-to-month,Electronic check,Fiber optic
2026-05-07T17:58:52.817760,CUST_002265,0,1,0,21,105.5,2056.62,1,0,0,1,1,1,1,0,Female,Houston,One year,Credit card (automatic),DSL
2026-05-07T17:59:52.832609,CUST_002266,0,1,1,15,106.38,1552.2,1,1,0,0,1,1,1,0,Female,Seattle,One year,Credit card (automatic),Fiber optic
2026-05-07T18:00:52.846960,CUST_002267,0,1,0,25,110.54,2660.22,1,1,0,1,0,0,0,0,Female,Chicago,One year,Bank transfer (automatic),Fiber optic
2026-05-07T18:01:52.853067,CUST_002268,0,1,0,63,23.0,1389.3,0,0,0,0,0,0,0,0,Female,Los Angeles,Two year,Credit card (automatic),No
2026-05-07T18:02:52.873270,CUST_002269,0,1,0,21,113.03,2349.51,1,1,0,0,1,0,1,1,Female,Houston,One year,Credit card (automatic),Fiber optic
2026-05-07T18:03:52.885576,CUST_002270,1,0,0,26,57.64,1399.12,0,0,0,1,0,1,0,1,Female,Phoenix,Two year,Bank transfer (automatic),DSL
2026-05-07T18:04:52.890770,CUST_002271,0,1,1,26,123.84,3499.52,1,1,0,1,1,0,0,1,Female,New York,One year,Bank transfer (automatic),Fiber optic
2026-05-07T18:05:52.901784,CUST_002272,0,0,0,5,101.39,508.93,1,1,1,1,1,0,0,0,Female,Phoenix,Month-to-month,Electronic check,DSL
2026-05-07T18:06:52.918867,CUST_002273,0,1,0,3,119.86,368.02,1,0,1,1,1,0,0,1,Female,Houston,Month-to-month,Electronic check,Fiber optic
2026-05-07T18:07:52.927083,CUST_002274,0,1,1,35,124.76,4091.23,1,1,1,0,1,1,1,1,Female,New York,Two year,Credit card (automatic),Fiber optic
2026-05-07T18:08:52.933323,CUST_002275,0,1,0,46,45.27,1950.9,1,0,0,0,0,0,0,0,Female,New York,Two year,Credit card (automatic),No
2026-05-07T18:09:52.938951,CUST_002276,0,1,0,25,93.55,2256.03,1,1,1,1,0,1,0,1,Male,Houston,One year,Credit card (automatic),DSL
2026-05-07T18:10:52.944495,CUST_002277,0,1,0,14,106.89,1434.74,1,1,1,0,0,0,0,1,Male,Miami,Month-to-month,Bank transfer (automatic),Fiber optic
2026-05-07T18:11:52.949111,CUST_002278,0,0,1,69,83.11,5338.57,1,0,0,1,0,1,1,0,Male,New York,Two year,Mailed check,DSL
2026-05-07T18:12:52.967401,CUST_002279,0,1,0,48,110.78,5043.78,1,0,0,1,1,1,1,1,Male,Chicago,Two year,Bank transfer (automatic),DSL
2026-05-07T18:13:52.983297,CUST_002280,0,1,0,12,59.81,752.79,0,0,0,1,1,1,1,0,Male,Houston,Month-to-month,Mailed check,DSL
2026-05-07T18:14:52.995702,CUST_002281,1,0,0,17,110.71,1809.28,1,1,0,0,1,0,0,1,Male,San Diego,One year,Bank transfer (automatic),Fiber optic
2026-05-07T18:15:53.002231,CUST_002282,0,1,0,15,124.78,1827.86,1,1,1,0,1,1,0,1,Male,Houston,Month-to-month,Credit card (automatic),Fiber optic
2026-05-07T18:16:53.007089,CUST_002283,0,1,1,23,97.42,2455.2,1,1,0,0,0,1,0,1,Female,San Francisco,Month-to-month,Electronic check,DSL
2026-05-07T18:17:53.018631,CUST_002284,0,0,0,36,101.27,3872.29,1,0,1,0,1,0,0,1,Female,Phoenix,One year,Mailed check,Fiber optic
2026-05-07T18:18:53.030620,CUST_002285,0,1,0,13,93.5,1228.22,1,0,0,1,1,1,1,1,Male,San Diego,Month-to-month,Electronic check,DSL
2026-05-07T18:19:53.048232,CUST_002286,0,1,0,1,126.48,137.25,1,1,1,0,1,1,1,1,Female,Dallas,Month-to-month,Bank transfer (automatic),Fiber optic
2026-05-07T18:20:53.052630,CUST_002287,1,0,1,5,40.32,185.26,1,0,0,0,0,0,0,0,Female,New York,Month-to-month,Electronic check,No
2026-05-07T18:21:53.067105,CUST_002288,0,0,0,18,72.33,1291.3,0,0,1,1,1,0,0,1,Female,Phoenix,Month-to-month,Credit card (automatic),DSL
2026-05-07T18:22:53.079283,CUST_002289,0,1,0,26,88.99,2452.29,1,0,0,0,0,0,1,1,Female,Seattle,One year,Bank transfer (automatic),DSL
2026-05-07T18:23:53.084317,CUST_002290,0,1,0,30,50.8,1529.55,1,0,0,0,0,0,0,0,Male,Chicago,Two year,Bank transfer (automatic),No
2026-05-07T18:24:53.091802,CUST_002291,0,1,0,17,114.12,1829.47,1,0,1,1,1,0,0,1,Female,Chicago,One year,Credit card (automatic),Fiber optic
2026-05-07T18:25:53.101103,CUST_002292,0,0,0,19,100.31,1884.63,1,0,1,1,0,0,0,1,Male,Los Angeles,Month-to-month,Electronic check,DSL
2026-05-07T18:26:53.116328,CUST_002293,0,0,0,46,129.26,5913.44,1,1,1,1,1,0,1,0,Male,San Diego,One year,Credit card (automatic),Fiber optic
2026-05-07T18:27:53.127616,CUST_002294,0,0,0,16,113.93,1644.42,1,0,1,1,1,1,0,1,Male,Seattle,One year,Credit card (automatic),DSL
2026-05-07T18:28:53.147838,CUST_002295,1,1,0,6,119.82,657.61,1,1,0,1,0,0,1,1,Male,Houston,Month-to-month,Credit card (automatic),Fiber optic
2026-05-07T18:29:53.159097,CUST_002296,0,1,0,2,115.9,216.56,1,0,1,1,1,1,1,1,Female,New York,Month-to-month,Bank transfer (automatic),DSL
2026-05-07T18:30:53.174925,CUST_002297,0,0,0,28,87.02,2643.33,1,0,1,0,0,1,0,0,Male,San Francisco,Two year,Bank transfer (automatic),DSL
2026-05-07T18:31:53.186505,CUST_002298,0,0,1,23,103.79,2171.37,1,0,1,1,0,0,1,0,Male,Chicago,Month-to-month,Credit card (automatic),Fiber optic
2026-05-07T18:32:53.196375,CUST_002299,0,1,1,4,115.92,504.3,1,0,1,0,0,0,1,1,Female,Phoenix,Month-to-month,Mailed check,Fiber optic
2026-05-07T18:33:53.209893,CUST_002300,0,0,0,3,97.22,298.63,1,0,0,1,0,1,1,1,Female,Houston,Month-to-month,Electronic check,DSL
2026-05-07T18:34:53.223166,CUST_002301,0,0,0,40,92.33,3441.95,1,0,0,0,1,1,0,1,Male,Seattle,One year,Credit card (automatic),DSL
2026-05-07T18:35:53.230994,CUST_002302,0,1,0,9,87.21,823.73,1,1,1,0,1,0,1,0,Female,Los Angeles,Month-to-month,Bank transfer (automatic),DSL
2026-05-07T18:36:53.242307,CUST_002303,0,1,0,18,106.55,1853.04,1,0,0,0,1,1,0,1,Male,Miami,Month-to-month,Electronic check,Fiber optic
2026-05-07T18:37:53.257755,CUST_002304,0,1,0,3,108.64,304.98,1,0,1,1,0,1,0,1,Female,Los Angeles,Month-to-month,Electronic check,Fiber optic
2026-05-07T18:38:53.264805,CUST_002305,1,0,0,46,52.74,2508.37,1,1,0,0,0,0,0,0,Female,Houston,Two year,Bank transfer (automatic),No
2026-05-07T18:39:53.273719,CUST_002306,1,1,0,58,77.68,4254.63,1,0,0,0,0,0,0,1,Male,Phoenix,Two year,Credit card (automatic),DSL
2026-05-07T18:40:53.291945,CUST_002307,0,1,1,22,137.48,3040.19,1,1,1,1,1,1,1,1,Male,Los Angeles,One year,Electronic check,Fiber optic
2026-05-07T18:41:53.309277,CUST_002308,0,0,0,36,50.09,1733.39,1,0,0,0,0,0,0,0,Male,San Francisco,Two year,Credit card (automatic),No
2026-05-07T18:42:53.318946,CUST_002309,0,0,1,31,102.9,3406.51,1,0,0,1,1,0,0,0,Male,Miami,Two year,Credit card (automatic),Fiber optic
2026-05-07T18:43:53.324871,CUST_002310,0,1,0,7,73.92,502.03,0,0,0,1,0,0,0,0,Male,Miami,Month-to-month,Electronic check,Fiber optic
2026-05-07T18:44:53.337356,CUST_002311,0,1,0,2,68.19,141.67,0,0,1,0,1,1,0,0,Male,Phoenix,Month-to-month,Electronic check,DSL
2026-05-07T21:50:50.731357,CUST_002312,0,1,0,24,124.83,2763.82,1,0,1,0,1,1,1,1,Female,San Diego,One year,Bank transfer (automatic),Fiber optic
2026-05-07T21:51:50.749244,CUST_002313,0,0,0,36,46.42,1525.46,1,0,0,0,0,0,0,0,Male,New York,Two year,Credit card (automatic),No
2026-05-07T21:52:50.767822,CUST_002314,0,0,0,18,111.26,2078.96,1,0,1,1,1,0,1,1,Male,Chicago,Month-to-month,Bank transfer (automatic),DSL
2026-05-07T21:53:50.774652,CUST_002315,0,1,1,16,108.13,1765.99,1,0,0,1,1,0,0,0,Female,Dallas,Month-to-month,Electronic check,Fiber optic
2026-05-07T21:54:50.789860,CUST_002316,0,0,0,16,95.18,1424.96,1,1,0,0,1,0,0,0,Female,Seattle,Month-to-month,Mailed check,Fiber optic
2026-05-07T21:55:50.797836,CUST_002317,0,1,0,23,47.12,1170.8,1,0,0,0,0,0,0,0,Female,New York,Month-to-month,Electronic check,No
2026-05-07T21:56:50.808596,CUST_002318,0,0,1,21,129.7,2731.24,1,0,0,1,1,1,1,1,Male,New York,Month-to-month,Electronic check,Fiber optic
2026-05-07T21:57:50.822979,CUST_002319,0,0,0,24,81.32,1833.41,1,0,0,0,0,0,1,1,Female,Chicago,Month-to-month,Mailed check,DSL
2026-05-07T21:58:50.834825,CUST_002320,0,1,0,65,83.63,5458.64,1,0,0,0,1,0,1,0,Male,Phoenix,Two year,Mailed check,DSL
2026-05-07T21:59:50.841901,CUST_002321,1,1,0,10,52.99,508.26,1,1,0,0,0,0,0,0,Male,San Francisco,Month-to-month,Electronic check,No
2026-05-07T22:00:50.865343,CUST_002322,0,0,0,12,95.4,1064.74,0,0,1,1,1,1,1,0,Female,San Diego,Month-to-month,Credit card (automatic),Fiber optic
2026-05-07T22:01:50.875358,CUST_002323,1,0,1,15,98.11,1582.63,1,0,1,0,0,0,0,1,Male,Houston,One year,Electronic check,Fiber optic
2026-05-07T22:02:50.883172,CUST_002324,0,0,1,17,47.11,878.01,1,1,0,0,0,0,0,0,Male,Dallas,Month-to-month,Bank transfer (automatic),No
2026-05-07T22:03:50.896048,CUST_002325,0,1,0,1,99.78,104.54,1,0,1,0,0,1,1,1,Female,Miami,Month-to-month,Mailed check,DSL
2026-05-07T22:04:50.913840,CUST_002326,0,0,0,1,118.3,115.6,1,0,1,0,0,0,1,1,Male,Houston,Month-to-month,Bank transfer (automatic),Fiber optic
2026-05-07T22:05:50.920358,CUST_002327,1,0,0,5,47.47,228.9,1,1,0,0,0,0,0,0,Female,Miami,Month-to-month,Bank transfer (automatic),No
2026-05-07T22:06:50.929627,CUST_002328,1,0,0,15,103.79,1439.24,1,0,0,1,0,0,1,0,Male,Miami,One year,Bank transfer (automatic),Fiber optic
2026-05-07T22:07:50.934832,CUST_002329,0,0,0,26,43.4,1212.29,1,0,0,0,0,0,0,0,Female,New York,Two year,Electronic check,No
2026-05-07T22:08:50.954428,CUST_002330,0,1,0,56,44.42,2332.4,1,1,0,0,0,0,0,0,Male,New York,Two year,Electronic check,No
2026-05-07T22:09:50.965755,CUST_002331,0,1,0,23,86.51,1874.41,1,0,1,0,0,0,0,1,Female,Chicago,One year,Bank transfer (automatic),DSL
2026-05-07T22:10:50.979437,CUST_002332,0,1,0,10,112.37,1044.82,1,1,1,0,1,0,1,0,Male,Miami,Month-to-month,Mailed check,Fiber optic
2026-05-07T22:11:50.997764,CUST_002333,0,1,0,22,82.64,1758.05,1,0,0,1,1,0,1,0,Female,San Francisco,Month-to-month,Mailed check,DSL
2026-05-07T22:12:51.012181,CUST_002334,1,1,1,13,84.31,1150.59,1,0,1,0,0,0,1,1,Female,Los Angeles,Month-to-month,Electronic check,DSL
2026-05-07T22:13:51.026534,CUST_002335,0,0,0,55,125.3,7327.49,1,1,0,1,1,0,1,1,Female,San Diego,Two year,Credit card (automatic),Fiber optic
2026-05-07T22:14:51.036560,CUST_002336,0,1,0,12,108.37,1181.27,1,1,0,1,1,0,0,1,Male,Los Angeles,Month-to-month,Electronic check,Fiber optic
2026-05-07T22:15:51.046665,CUST_002337,1,1,0,19,112.98,2171.63,1,0,1,1,0,1,0,1,Male,Los Angeles,One year,Bank transfer (automatic),Fiber optic
2026-05-07T22:16:51.063945,CUST_002338,0,1,1,13,107.45,1327.15,1,1,1,1,1,0,0,1,Female,New York,Month-to-month,Bank transfer (automatic),DSL
2026-05-07T22:17:51.073189,CUST_002339,1,1,0,20,108.08,2071.26,1,0,0,0,1,1,1,1,Male,San Francisco,Month-to-month,Bank transfer (automatic),Fiber optic
2026-05-07T22:18:51.079575,CUST_002340,0,0,0,13,108.28,1471.39,1,0,1,0,0,1,1,0,Female,San Diego,Month-to-month,Electronic check,Fiber optic
2026-05-07T22:19:51.096367,CUST_002341,0,1,0,15,83.54,1290.63,1,1,0,1,0,1,1,0,Female,Dallas,Month-to-month,Electronic check,DSL
2026-05-07T22:20:51.106771,CUST_002342,0,0,0,55,79.71,4338.44,1,1,0,0,0,0,1,1,Female,Miami,Two year,Bank transfer (automatic),DSL
2026-05-07T22:21:51.111738,CUST_002343,0,0,0,2,130.06,274.7,1,1,0,1,1,0,1,1,Male,Houston,Month-to-month,Electronic check,Fiber optic
2026-05-07T22:22:51.122991,CUST_002344,0,1,0,56,103.76,5930.88,1,0,1,1,1,0,1,1,Male,Houston,Two year,Credit card (automatic),DSL
2026-05-07T22:23:51.130076,CUST_002345,0,1,1,14,107.36,1507.85,1,0,1,1,1,1,1,0,Female,Houston,Month-to-month,Electronic check,DSL
2026-05-07T22:24:51.140098,CUST_002346,0,1,1,19,92.95,1762.19,1,0,0,0,1,1,1,1,Male,Dallas,Month-to-month,Mailed check,DSL
2026-05-07T22:25:51.150262,CUST_002347,0,1,0,21,95.67,1842.77,1,1,0,0,0,1,1,1,Male,Phoenix,One year,Credit card (automatic),DSL
2026-05-07T22:26:51.166878,CUST_002348,0,1,0,21,108.99,2137.08,1,1,1,1,1,0,1,0,Male,Seattle,One year,Bank transfer (automatic),Fiber optic
2026-05-07T22:27:51.174374,CUST_002349,0,1,0,18,126.53,2312.51,1,1,1,1,1,0,1,1,Female,Houston,Month-to-month,Bank transfer (automatic),Fiber optic
2026-05-07T22:28:51.191334,CUST_002350,0,1,0,0,54.33,0.0,1,1,0,0,0,0,0,0,Male,Los Angeles,Month-to-month,Bank transfer (automatic),No
2026-05-07T22:29:51.209077,CUST_002351,0,1,1,13,123.32,1559.89,1,1,1,1,0,1,1,1,Female,Chicago,Month-to-month,Electronic check,Fiber optic
2026-05-07T22:30:51.221512,CUST_002352,0,1,0,44,123.4,5671.12,1,1,1,1,0,1,1,1,Female,Los Angeles,Two year,Mailed check,Fiber optic
2026-05-07T22:31:51.237759,CUST_002353,0,1,0,39,107.05,4458.72,1,0,1,0,1,0,1,0,Female,Houston,One year,Credit card (automatic),Fiber optic
2026-05-07T22:32:51.244328,CUST_002354,1,1,0,26,94.8,2650.42,1,0,0,0,0,1,0,0,Male,New York,One year,Credit card (automatic),Fiber optic
2026-05-07T22:33:51.256274,CUST_002355,0,1,1,24,47.02,1156.45,1,0,0,0,0,0,0,0,Female,Phoenix,Month-to-month,Electronic check,No
2026-05-07T22:34:51.265347,CUST_002356,0,1,1,20,93.96,1921.4,1,1,1,0,1,1,0,1,Male,San Diego,Month-to-month,Bank transfer (automatic),DSL
2026-05-07T22:35:51.278005,CUST_002357,0,1,0,2,106.5,213.56,1,0,0,1,0,0,1,0,Female,San Diego,Month-to-month,Credit card (automatic),Fiber optic
2026-05-07T22:36:51.297432,CUST_002358,0,0,1,11,107.64,1199.03,1,1,0,0,1,0,0,0,Female,Chicago,Month-to-month,Electronic check,Fiber optic
2026-05-07T22:37:51.309439,CUST_002359,0,0,1,16,104.17,1521.46,1,0,1,1,1,1,0,0,Female,New York,Month-to-month,Electronic check,DSL
2026-05-07T22:38:51.322992,CUST_002360,1,1,0,3,73.41,224.95,0,0,0,0,0,0,0,1,Female,New York,Month-to-month,Mailed check,Fiber optic
2026-05-07T22:39:51.328784,CUST_002361,1,1,0,37,116.1,4274.53,1,1,1,1,1,0,0,0,Male,Miami,One year,Bank transfer (automatic),Fiber optic
2026-05-07T22:40:51.340210,CUST_002362,0,1,1,16,94.96,1611.79,1,0,1,1,1,0,1,0,Female,New York,Month-to-month,Electronic check,DSL
2026-05-07T22:41:51.345778,CUST_002363,0,1,0,12,123.53,1604.47,1,1,1,0,0,0,1,1,Male,New York,Month-to-month,Mailed check,Fiber optic
2026-05-07T22:42:51.355919,CUST_002364,0,0,1,45,69.83,3402.26,0,0,0,0,1,1,0,1,Female,Seattle,One year,Credit card (automatic),DSL
2026-05-07T22:43:51.371971,CUST_002365,0,0,0,19,47.1,867.93,1,0,0,0,0,0,0,0,Male,Phoenix,Month-to-month,Electronic check,No
2026-05-07T22:44:51.376885,CUST_002366,0,1,1,53,88.04,4846.2,1,1,0,0,0,0,1,0,Male,Houston,Two year,Bank transfer (automatic),DSL
2026-05-08T09:02:57.539471,CUST_002367,0,0,0,37,107.12,3902.36,1,1,0,1,1,1,0,1,Female,Los Angeles,Two year,Bank transfer (automatic),Fiber optic
2026-05-08T09:03:57.572444,CUST_002368,0,0,0,20,87.96,1728.67,1,1,0,0,0,0,1,0,Male,Phoenix,Month-to-month,Electronic check,DSL
2026-05-08T09:04:57.584703,CUST_002369,0,0,1,31,126.82,3547.18,1,1,0,0,1,0,1,1,Male,New York,One year,Bank transfer (automatic),Fiber optic
2026-05-08T09:05:57.593857,CUST_002370,0,1,0,55,96.38,5136.01,1,0,0,0,0,1,0,0,Male,Phoenix,Two year,Bank transfer (automatic),Fiber optic
2026-05-08T09:06:57.615048,CUST_002371,0,1,0,47,79.58,4083.62,0,0,0,1,1,1,1,0,Male,Miami,Two year,Credit card (automatic),Fiber optic
2026-05-08T09:07:57.618868,CUST_002372,0,1,0,2,105.23,206.84,1,0,0,1,1,0,0,1,Female,Houston,Month-to-month,Electronic check,Fiber optic
2026-05-08T09:08:57.627140,CUST_002373,0,0,0,1,115.77,117.39,1,1,1,1,1,0,0,0,Female,Los Angeles,Month-to-month,Mailed check,Fiber optic
2026-05-08T09:09:57.642675,CUST_002374,0,0,1,23,100.6,2523.31,1,1,0,1,0,1,1,1,Female,San Diego,Month-to-month,Electronic check,DSL
2026-05-08T09:10:57.660211,CUST_002375,0,0,1,2,49.15,99.99,1,0,0,0,0,0,0,0,Female,Los Angeles,Month-to-month,Electronic check,No
2026-05-08T09:11:57.676589,CUST_002376,0,1,0,4,125.94,551.67,1,1,1,0,1,0,1,0,Female,Houston,Month-to-month,Credit card (automatic),Fiber optic
2026-05-08T09:12:57.686853,CUST_002377,0,0,0,58,42.73,2645.15,1,0,0,0,0,0,0,0,Male,Dallas,Two year,Credit card (automatic),No
2026-05-08T09:13:57.696739,CUST_002378,0,1,1,3,59.87,184.6,1,1,0,0,0,0,0,0,Female,Miami,Month-to-month,Bank transfer (automatic),No
2026-05-08T09:14:57.706638,CUST_002379,0,1,0,21,79.2,1805.32,1,0,1,0,0,1,1,0,Male,Miami,Month-to-month,Credit card (automatic),DSL
2026-05-08T09:15:57.721118,CUST_002380,0,1,0,18,39.62,688.83,1,0,0,0,0,0,0,0,Female,Houston,Month-to-month,Electronic check,No
2026-05-08T09:16:57.735438,CUST_002381,1,1,0,30,82.69,2643.94,1,1,0,0,0,0,0,1,Male,New York,One year,Bank transfer (automatic),DSL
2026-05-08T09:17:57.749242,CUST_002382,0,0,1,46,99.71,4518.29,1,1,0,0,0,0,1,0,Female,Chicago,Two year,Electronic check,Fiber optic
2026-05-08T09:18:57.765252,CUST_002383,1,1,0,48,89.47,3979.24,1,1,0,1,0,0,1,0,Female,New York,Two year,Electronic check,DSL
2026-05-08T09:19:57.778321,CUST_002384,0,1,0,33,118.77,3952.79,1,0,1,1,0,1,1,0,Male,Chicago,Two year,Mailed check,Fiber optic
2026-05-08T09:20:57.788260,CUST_002385,0,0,0,21,113.2,2249.78,1,0,1,0,0,0,1,0,Female,Phoenix,Month-to-month,Bank transfer (automatic),Fiber optic
2026-05-08T09:21:57.798095,CUST_002386,1,1,1,30,86.43,2437.17,0,0,1,1,1,1,1,1,Male,Houston,One year,Bank transfer (automatic),DSL
2026-05-08T09:22:57.816086,CUST_002387,0,0,0,18,52.13,956.63,1,1,0,0,0,0,0,0,Female,Houston,Month-to-month,Credit card (automatic),No
2026-05-08T09:23:57.823213,CUST_002388,0,1,0,12,95.28,1149.05,1,0,1,1,0,0,0,1,Female,Los Angeles,Month-to-month,Mailed check,DSL
2026-05-08T09:24:57.830930,CUST_002389,0,0,0,1,106.72,109.75,1,1,0,0,0,1,1,1,Male,Phoenix,Month-to-month,Bank transfer (automatic),Fiber optic
2026-05-08T09:25:57.835724,CUST_002390,0,0,0,14,105.57,1374.77,1,0,1,0,0,1,0,0,Female,Seattle,Month-to-month,Credit card (automatic),Fiber optic
2026-05-08T09:26:57.847499,CUST_002391,0,0,1,49,107.85,5270.14,1,1,1,0,1,1,1,1,Female,San Diego,Two year,Bank transfer (automatic),DSL
2026-05-08T09:27:57.859488,CUST_002392,0,1,0,10,96.58,889.23,1,0,0,0,1,0,0,0,Male,New York,Month-to-month,Bank transfer (automatic),Fiber optic
2026-05-08T09:28:57.868317,CUST_002393,0,0,0,22,94.65,1913.42,1,0,1,0,0,1,1,0,Male,Phoenix,One year,Bank transfer (automatic),DSL
2026-05-08T09:29:57.879438,CUST_002394,0,1,1,11,103.94,1058.58,1,0,0,0,0,1,0,0,Female,Seattle,Month-to-month,Electronic check,Fiber optic
2026-05-08T09:30:57.888420,CUST_002395,0,0,0,35,97.73,3176.59,1,0,0,1,1,0,1,0,Male,San Francisco,Two year,Credit card (automatic),DSL
2026-05-08T09:31:57.890997,CUST_002396,0,0,1,32,129.12,4139.63,1,1,1,1,0,1,1,1,Male,Miami,Two year,Bank transfer (automatic),Fiber optic
2026-05-08T09:32:57.895180,CUST_002397,0,1,1,44,54.99,2212.04,0,0,0,0,0,0,1,1,Female,Chicago,One year,Credit card (automatic),DSL
2026-05-08T09:33:57.899861,CUST_002398,0,1,1,9,51.77,419.88,1,1,0,0,0,0,0,0,Male,Chicago,Month-to-month,Bank transfer (automatic),No
2026-05-08T09:34:57.906183,CUST_002399,0,0,1,9,18.0,174.07,0,0,0,0,0,0,0,0,Male,Los Angeles,Month-to-month,Mailed check,No
2026-05-08T09:35:57.917821,CUST_002400,0,0,0,9,89.21,809.83,1,0,0,0,0,1,1,1,Female,Houston,Month-to-month,Mailed check,DSL
2026-05-08T09:36:57.934845,CUST_002401,0,0,0,31,123.41,3523.18,1,1,1,1,0,1,0,0,Female,Seattle,One year,Credit card (automatic),Fiber optic
2026-05-08T09:37:57.952918,CUST_002402,1,1,0,21,109.79,2406.63,1,0,0,1,1,1,1,0,Male,Dallas,Month-to-month,Mailed check,Fiber optic
2026-05-08T09:38:57.974016,CUST_002403,1,1,0,18,106.94,1832.36,1,0,1,0,1,0,0,1,Male,Chicago,Month-to-month,Electronic check,Fiber optic
2026-05-08T09:39:57.985100,CUST_002404,0,1,0,12,90.47,989.9,1,1,0,0,0,0,0,0,Female,Los Angeles,Month-to-month,Mailed check,Fiber optic
2026-05-08T09:40:57.989010,CUST_002405,0,1,0,19,77.34,1528.35,0,0,1,0,1,0,1,1,Male,San Diego,One year,Electronic check,Fiber optic
2026-05-08T09:41:57.994724,CUST_002406,0,1,1,12,79.63,1028.2,1,0,0,1,0,0,1,1,Female,Los Angeles,Month-to-month,Electronic check,DSL
2026-05-08T09:42:58.004456,CUST_002407,0,0,0,14,115.22,1600.35,1,0,1,0,1,0,0,1,Male,Chicago,Month-to-month,Mailed check,Fiber optic
2026-05-08T09:43:58.006613,CUST_002408,0,1,0,22,90.99,2122.93,1,0,0,0,0,0,0,0,Female,Seattle,One year,Electronic check,Fiber optic
2026-05-08T09:44:58.024305,CUST_002409,0,1,0,43,122.35,5504.71,1,0,1,1,1,1,0,0,Female,Houston,One year,Electronic check,Fiber optic
2026-05-08T09:45:58.035105,CUST_002410,0,1,0,24,115.22,2834.0,1,1,1,1,0,1,1,0,Female,Miami,Month-to-month,Electronic check,Fiber optic
2026-05-08T09:46:58.049211,CUST_002411,0,1,1,13,111.88,1572.11,1,0,0,0,1,1,1,1,Female,San Diego,Month-to-month,Electronic check,Fiber optic
2026-05-08T09:47:58.060370,CUST_002412,0,1,0,28,85.09,2499.91,1,1,0,0,0,0,1,1,Male,Houston,Two year,Credit card (automatic),DSL
2026-05-08T09:48:58.062897,CUST_002413,0,0,1,3,114.75,326.98,1,1,1,1,0,0,1,0,Male,San Francisco,Month-to-month,Electronic check,Fiber optic
2026-05-08T09:49:58.078079,CUST_002414,0,0,0,24,88.72,2186.48,1,0,0,1,1,1,1,1,Male,Houston,Two year,Bank transfer (automatic),DSL
2026-05-08T09:50:58.088635,CUST_002415,0,1,1,20,110.52,2105.36,1,0,0,0,0,1,1,1,Female,Houston,One year,Bank transfer (automatic),Fiber optic
2026-05-08T09:51:58.095494,CUST_002416,0,1,1,55,77.72,4515.35,1,0,0,1,1,0,0,0,Female,Houston,Two year,Credit card (automatic),DSL
2026-05-08T09:52:58.101676,CUST_002417,0,1,0,68,117.93,8421.21,1,1,0,0,0,0,1,1,Female,Phoenix,Two year,Mailed check,Fiber optic
2026-05-08T09:53:58.106663,CUST_002418,0,1,0,19,76.22,1385.97,1,0,0,1,0,0,0,0,Female,Los Angeles,Month-to-month,Bank transfer (automatic),DSL
2026-05-08T09:54:58.120693,CUST_002419,1,1,0,11,90.68,1083.37,1,0,0,0,1,0,1,1,Male,Los Angeles,Month-to-month,Electronic check,DSL
2026-05-08T09:55:58.131202,CUST_002420,0,0,0,59,113.02,6443.74,1,0,0,1,1,0,0,1,Female,Los Angeles,Two year,Bank transfer (automatic),Fiber optic
2026-05-08T09:56:58.140176,CUST_002421,0,1,0,34,127.38,3973.38,1,1,1,1,0,1,0,1,Male,Phoenix,One year,Credit card (automatic),Fiber optic
2026-05-08T09:57:58.144980,CUST_002422,0,0,0,4,88.47,351.61,1,0,1,0,1,1,0,0,Male,New York,Month-to-month,Mailed check,DSL
2026-05-08T09:58:58.152840,CUST_002423,1,0,0,21,98.04,1896.83,1,0,0,0,1,0,0,1,Male,Los Angeles,Month-to-month,Mailed check,Fiber optic
2026-05-08T09:59:58.160628,CUST_002424,0,0,0,17,107.52,1686.55,1,1,1,0,1,0,1,0,Female,San Francisco,One year,Credit card (automatic),Fiber optic
2026-05-08T10:00:58.176856,CUST_002425,0,0,0,45,45.85,2101.72,1,0,0,0,0,0,0,0,Male,Miami,One year,Credit card (automatic),No
2026-05-08T10:01:58.188563,CUST_002426,0,1,1,48,70.94,3735.37,0,0,0,1,0,0,1,0,Female,New York,Two year,Credit card (automatic),Fiber optic
2026-05-08T10:02:58.193620,CUST_002427,0,0,0,54,91.78,5024.92,1,0,0,0,0,1,1,1,Male,New York,Two year,Bank transfer (automatic),DSL
2026-05-08T10:03:58.209843,CUST_002428,1,1,1,23,110.17,2499.26,1,1,1,1,1,0,0,1,Female,New York,Month-to-month,Mailed check,Fiber optic
2026-05-08T10:04:58.223520,CUST_002429,0,0,1,5,106.49,579.19,1,0,1,1,0,0,0,0,Female,Los Angeles,Month-to-month,Mailed check,Fiber optic
2026-05-08T10:05:58.235286,CUST_002430,1,1,0,11,99.0,1003.55,1,1,0,1,0,1,1,1,Male,Miami,Month-to-month,Mailed check,DSL
2026-05-08T10:06:58.238619,CUST_002431,1,1,0,21,111.83,2206.38,1,0,0,1,0,1,0,1,Female,New York,Month-to-month,Electronic check,Fiber optic
2026-05-08T10:07:58.251929,CUST_002432,0,0,0,37,21.15,749.45,0,0,0,0,0,0,0,0,Male,Dallas,One year,Electronic check,No
2026-05-08T10:08:58.258160,CUST_002433,0,1,0,1,47.39,46.36,1,0,0,0,0,0,0,0,Female,Dallas,Month-to-month,Credit card (automatic),No
2026-05-08T10:09:58.269784,CUST_002434,0,1,0,11,124.35,1319.26,1,1,0,0,1,1,1,1,Female,Houston,Month-to-month,Credit card (automatic),Fiber optic
2026-05-08T10:10:58.278857,CUST_002435,0,0,1,8,91.81,766.67,1,1,0,1,0,0,1,0,Male,Miami,Month-to-month,Electronic check,DSL
2026-05-08T10:11:58.293909,CUST_002436,0,1,0,24,97.62,2432.5,1,1,0,0,1,0,0,1,Male,San Diego,Month-to-month,Electronic check,Fiber optic
2026-05-08T10:12:58.296123,CUST_002437,0,1,0,3,49.15,160.47,1,1,0,0,0,0,0,0,Male,Seattle,Month-to-month,Electronic check,No
2026-05-08T10:13:58.313580,CUST_002438,0,1,0,36,49.01,1746.96,0,0,0,0,0,0,0,1,Male,Miami,One year,Credit card (automatic),DSL
2026-05-08T10:14:58.323542,CUST_002439,0,1,0,13,106.21,1432.87,1,1,0,0,1,0,1,0,Female,Seattle,One year,Bank transfer (automatic),Fiber optic
2026-05-08T10:15:58.334021,CUST_002440,0,0,0,29,81.55,2174.6,1,1,0,0,1,1,0,1,Male,Phoenix,One year,Electronic check,DSL
2026-05-08T10:16:58.347271,CUST_002441,0,1,0,13,48.26,578.08,1,1,0,0,0,0,0,0,Female,Seattle,Month-to-month,Electronic check,No
2026-05-08T10:17:58.350294,CUST_002442,0,0,0,45,101.08,4330.4,1,0,1,0,0,0,1,0,Female,Los Angeles,Two year,Electronic check,Fiber optic
2026-05-08T10:18:58.357244,CUST_002443,1,1,0,24,106.32,2660.95,1,1,0,0,0,0,1,0,Female,Dallas,Month-to-month,Electronic check,Fiber optic
2026-05-08T10:19:58.365809,CUST_002444,0,0,1,38,104.7,3609.15,1,1,0,1,1,0,0,1,Male,Los Angeles,Two year,Bank transfer (automatic),Fiber optic
2026-05-08T10:20:58.373231,CUST_002445,0,0,1,2,93.87,192.65,1,0,1,0,1,0,1,1,Male,San Francisco,Month-to-month,Electronic check,DSL
2026-05-08T10:21:58.378250,CUST_002446,0,1,0,9,48.21,434.78,1,0,0,0,0,0,0,0,Male,New York,Month-to-month,Electronic check,No
2026-05-08T10:22:58.381536,CUST_002447,0,0,0,17,133.42,2403.51,1,1,0,1,1,1,0,1,Female,Seattle,Month-to-month,Electronic check,Fiber optic
2026-05-08T10:23:58.384535,CUST_002448,0,0,0,9,45.27,402.49,1,0,0,0,0,0,0,0,Male,Houston,Month-to-month,Electronic check,No
2026-05-08T10:24:58.398750,CUST_002449,0,0,0,45,81.93,3753.33,1,0,0,0,0,0,0,1,Male,Chicago,One year,Credit card (automatic),DSL
2026-05-08T10:25:58.407866,CUST_002450,0,1,0,2,108.52,211.79,1,1,0,1,1,0,1,1,Female,San Francisco,Month-to-month,Bank transfer (automatic),Fiber optic
2026-05-08T10:26:58.423153,CUST_002451,0,1,0,15,95.49,1436.92,1,0,0,1,1,0,1,1,Female,Houston,One year,Mailed check,DSL
2026-05-08T10:27:58.436508,CUST_002452,1,0,0,21,109.6,2236.04,1,1,0,0,1,0,1,1,Female,Miami,Month-to-month,Electronic check,Fiber optic
2026-05-08T10:28:58.447940,CUST_002453,0,0,1,44,98.74,4426.61,1,0,0,0,1,0,1,1,Female,Los Angeles,Two year,Bank transfer (automatic),Fiber optic
2026-05-08T10:29:58.463648,CUST_002454,0,1,1,2,117.26,248.21,1,0,1,1,1,1,1,0,Female,Miami,Month-to-month,Bank transfer (automatic),Fiber optic
2026-05-08T10:30:58.468913,CUST_002455,0,1,0,15,128.15,1739.61,1,0,1,1,1,1,1,1,Female,Miami,Month-to-month,Electronic check,Fiber optic
2026-05-08T10:31:58.484228,CUST_002456,0,1,0,40,43.96,1744.75,1,0,0,0,0,0,0,0,Male,Seattle,One year,Mailed check,No
2026-05-08T10:32:58.494737,CUST_002457,0,1,1,3,56.25,155.61,0,0,1,0,0,0,0,1,Male,Houston,Month-to-month,Electronic check,DSL
2026-05-08T10:33:58.497945,CUST_002458,1,1,1,5,88.39,425.05,1,0,0,0,1,0,1,1,Male,Phoenix,Month-to-month,Mailed check,DSL
2026-05-08T10:34:58.512584,CUST_002459,0,1,0,48,75.59,3694.33,0,0,0,0,1,0,1,0,Female,Chicago,One year,Credit card (automatic),Fiber optic
2026-05-08T10:35:58.518283,CUST_002460,0,1,0,10,101.4,1028.34,1,1,1,1,0,0,1,1,Male,San Francisco,Month-to-month,Mailed check,DSL
2026-05-08T10:36:58.532868,CUST_002461,1,1,1,26,96.08,2745.44,1,1,0,1,1,1,1,0,Female,New York,Two year,Credit card (automatic),DSL
2026-05-08T10:37:58.544067,CUST_002462,0,0,1,1,46.64,44.61,1,0,0,0,0,0,0,0,Male,San Diego,Month-to-month,Electronic check,No
2026-05-08T10:38:58.551829,CUST_002463,1,1,0,11,105.17,1203.62,1,0,1,0,0,0,1,0,Female,Houston,Month-to-month,Electronic check,Fiber optic
2026-05-08T10:39:58.568097,CUST_002464,0,0,0,42,89.58,3967.9,1,1,1,0,0,0,1,0,Female,Houston,One year,Credit card (automatic),DSL
2026-05-08T10:40:58.576851,CUST_002465,0,0,0,24,106.22,2449.6,1,1,0,1,1,0,0,0,Female,San Diego,One year,Mailed check,Fiber optic
2026-05-08T10:41:58.586020,CUST_002466,0,0,0,12,87.16,1119.73,1,0,1,0,0,0,1,1,Male,Los Angeles,Month-to-month,Bank transfer (automatic),DSL
2026-05-08T10:42:58.593420,CUST_002467,0,1,0,1,89.32,82.67,1,1,0,0,0,1,1,1,Male,Dallas,Month-to-month,Electronic check,DSL
2026-05-08T10:43:58.609871,CUST_002468,0,1,0,46,95.34,4275.49,1,0,0,0,1,0,0,0,Female,Phoenix,Two year,Credit card (automatic),Fiber optic
2026-05-08T10:44:58.623804,CUST_002469,0,1,0,67,129.13,8943.64,1,0,0,1,0,1,1,1,Male,San Diego,Two year,Electronic check,Fiber optic
2026-05-08T10:45:58.625380,CUST_002470,0,1,0,16,123.38,1784.87,1,1,0,1,1,1,0,1,Male,New York,Month-to-month,Mailed check,Fiber optic
2026-05-08T10:46:58.634505,CUST_002471,0,1,0,16,106.04,1843.49,1,1,1,0,0,0,1,0,Female,Phoenix,Month-to-month,Electronic check,Fiber optic
2026-05-08T10:47:58.644366,CUST_002472,0,0,0,49,97.63,4789.72,1,0,0,0,1,0,0,1,Female,Miami,Two year,Bank transfer (automatic),Fiber optic
2026-05-08T10:48:58.657230,CUST_002473,1,1,1,16,24.76,397.74,0,0,0,0,0,0,0,0,Female,Houston,Month-to-month,Electronic check,No
2026-05-08T10:49:58.665876,CUST_002474,0,0,0,39,137.65,5087.26,1,1,0,1,1,1,1,1,Female,Seattle,Two year,Bank transfer (automatic),Fiber optic
2026-05-08T10:50:58.668823,CUST_002475,0,1,1,14,97.59,1443.34,1,0,1,0,0,0,0,1,Male,New York,Month-to-month,Electronic check,Fiber optic
2026-05-08T10:51:58.680041,CUST_002476,0,1,0,6,109.11,596.21,1,0,0,0,1,0,1,0,Male,New York,Month-to-month,Mailed check,Fiber optic
2026-05-08T10:52:58.683365,CUST_002477,0,0,1,17,113.32,1838.33,1,1,1,0,0,0,1,1,Male,Dallas,Month-to-month,Bank transfer (automatic),Fiber optic
2026-05-08T10:53:58.699812,CUST_002478,0,0,1,3,100.72,295.51,1,0,1,0,0,0,1,1,Female,Seattle,Month-to-month,Bank transfer (automatic),Fiber optic
2026-05-08T10:54:58.704980,CUST_002479,0,0,0,21,103.13,2057.32,1,0,0,0,0,1,0,1,Female,Los Angeles,Month-to-month,Electronic check,Fiber optic
2026-05-08T10:55:58.711664,CUST_002480,0,1,0,7,111.19,814.78,1,0,1,0,0,0,1,1,Male,Phoenix,Month-to-month,Bank transfer (automatic),Fiber optic
2026-05-08T10:56:58.725025,CUST_002481,0,1,0,12,120.88,1543.45,1,1,0,1,1,0,0,1,Male,Phoenix,One year,Credit card (automatic),Fiber optic
2026-05-08T10:57:58.740572,CUST_002482,1,0,1,70,103.68,7691.24,1,0,0,0,1,0,1,1,Female,Los Angeles,Two year,Bank transfer (automatic),Fiber optic
2026-05-08T10:58:58.745586,CUST_002483,0,1,0,32,46.88,1373.15,1,1,0,0,0,0,0,0,Male,San Diego,Two year,Credit card (automatic),No
2026-05-08T10:59:58.758129,CUST_002484,0,1,0,16,106.04,1539.51,1,0,1,0,0,0,0,1,Female,Chicago,Month-to-month,Electronic check,Fiber optic
2026-05-08T11:00:58.768864,CUST_002485,0,0,0,0,108.82,0.0,1,1,0,0,0,0,0,1,Female,Dallas,Month-to-month,Mailed check,Fiber optic
2026-05-08T11:01:58.776420,CUST_002486,0,0,0,68,96.64,6180.77,1,1,1,1,0,0,1,0,Male,Phoenix,Two year,Bank transfer (automatic),DSL
2026-05-08T11:02:58.784229,CUST_002487,0,1,0,0,102.33,0.0,1,0,0,1,0,1,0,1,Male,Chicago,Month-to-month,Mailed check,Fiber optic
2026-05-08T11:03:58.793117,CUST_002488,0,0,0,25,104.16,2623.31,1,1,0,1,1,0,1,1,Male,Dallas,Two year,Bank transfer (automatic),DSL
2026-05-08T11:04:58.803521,CUST_002489,0,0,1,9,106.06,900.99,1,0,0,0,1,1,0,0,Male,San Francisco,Month-to-month,Bank transfer (automatic),Fiber optic
2026-05-08T11:05:58.817552,CUST_002490,0,0,0,23,105.92,2583.68,1,0,0,1,1,0,0,0,Female,Los Angeles,Month-to-month,Electronic check,Fiber optic
2026-05-08T11:06:58.820118,CUST_002491,1,1,0,34,109.8,3458.43,1,0,0,0,0,1,1,1,Male,Dallas,Two year,Bank transfer (automatic),Fiber optic
2026-05-08T11:07:58.831685,CUST_002492,0,1,1,5,100.29,527.96,1,0,1,1,0,0,1,0,Male,Houston,Month-to-month,Mailed check,DSL
2026-05-08T11:08:58.844001,CUST_002493,0,1,1,22,94.18,2249.07,1,0,0,1,0,1,0,1,Male,San Francisco,Month-to-month,Credit card (automatic),DSL
2026-05-08T11:09:58.849066,CUST_002494,0,1,1,54,85.7,4976.61,1,1,1,0,0,0,0,1,Female,Seattle,Two year,Credit card (automatic),DSL
2026-05-08T11:10:58.850905,CUST_002495,0,0,0,58,21.16,1113.8,0,0,0,0,0,0,0,0,Male,Dallas,Two year,Electronic check,No
2026-05-08T11:11:58.865852,CUST_002496,0,0,1,15,91.8,1474.36,1,1,1,1,0,0,0,0,Female,New York,One year,Bank transfer (automatic),DSL
2026-05-08T11:12:58.891259,CUST_002497,1,1,0,23,85.39,2120.15,1,0,1,0,1,0,0,0,Male,Houston,Month-to-month,Credit card (automatic),DSL
2026-05-08T11:13:58.896664,CUST_002498,0,1,1,7,93.44,704.7,1,1,0,1,1,0,1,0,Male,San Diego,Month-to-month,Electronic check,DSL
2026-05-08T11:14:58.908237,CUST_002499,0,0,0,47,115.36,4994.59,1,0,1,0,0,1,1,1,Female,San Diego,One year,Bank transfer (automatic),Fiber optic
2026-05-08T11:15:58.910054,CUST_002500,0,1,0,22,93.1,1959.7,1,0,0,0,0,0,0,1,Male,New York,Month-to-month,Mailed check,Fiber optic
2026-05-08T11:16:58.924942,CUST_002501,0,1,1,39,46.37,1957.25,1,1,0,0,0,0,0,0,Male,Los Angeles,One year,Bank transfer (automatic),No
2026-05-08T11:17:58.941562,CUST_002502,1,0,0,11,96.46,1138.58,0,0,1,0,1,0,1,1,Female,Dallas,Month-to-month,Electronic check,Fiber optic
2026-05-08T11:18:58.951529,CUST_002503,0,1,1,6,104.04,649.03,1,0,0,1,0,0,0,1,Female,Los Angeles,Month-to-month,Credit card (automatic),Fiber optic
2026-05-08T11:19:58.965946,CUST_002504,0,1,0,22,107.02,2334.36,1,1,0,0,1,0,0,1,Female,Dallas,Month-to-month,Mailed check,Fiber optic
2026-05-08T11:20:58.982328,CUST_002505,0,1,0,11,80.25,965.53,1,1,1,1,0,0,0,0,Male,New York,Month-to-month,Bank transfer (automatic),DSL
2026-05-08T11:21:58.993503,CUST_002506,0,1,1,31,120.48,3857.12,1,0,1,1,0,1,1,1,Male,New York,One year,Bank transfer (automatic),Fiber optic
2026-05-08T11:22:59.008492,CUST_002507,0,1,0,47,79.5,3863.33,1,0,0,0,1,0,1,0,Male,Phoenix,One year,Bank transfer (automatic),DSL
2026-05-08T11:23:59.012716,CUST_002508,0,1,0,6,116.93,653.3,1,0,0,1,1,1,0,1,Male,Houston,Month-to-month,Electronic check,Fiber optic
2026-05-08T11:24:59.015888,CUST_002509,0,0,0,45,122.14,5844.22,1,0,0,1,1,0,1,1,Male,Phoenix,One year,Credit card (automatic),Fiber optic
2026-05-08T11:25:59.026986,CUST_002510,0,1,0,41,45.87,1754.99,1,0,0,0,0,0,0,0,Female,Los Angeles,Two year,Bank transfer (automatic),No
2026-05-08T11:26:59.042663,CUST_002511,1,0,0,61,125.51,7216.31,1,0,1,1,1,0,0,1,Female,Dallas,Two year,Credit card (automatic),Fiber optic
2026-05-08T11:27:59.057073,CUST_002512,0,1,0,43,80.05,3558.83,1,0,0,0,1,1,0,0,Female,Los Angeles,One year,Credit card (automatic),DSL
2026-05-08T11:28:59.070667,CUST_002513,0,0,1,42,114.96,4633.75,1,1,1,0,1,0,0,0,Male,Miami,One year,Electronic check,Fiber optic
2026-05-08T23:15:35.294697,CUST_002514,0,0,0,29,124.19,3857.4,1,0,0,1,1,1,1,0,Female,Los Angeles,One year,Credit card (automatic),Fiber optic
2026-05-08T23:16:36.717791,CUST_002515,1,0,0,46,119.37,4997.35,1,1,1,1,0,1,1,1,Male,Los Angeles,One year,Bank transfer (automatic),Fiber optic
2026-05-08T23:17:36.727595,CUST_002516,0,1,1,20,107.81,2171.92,1,1,1,0,1,0,1,1,Female,Phoenix,Month-to-month,Credit card (automatic),DSL
2026-05-08T23:18:36.749127,CUST_002517,1,1,0,20,52.45,1077.67,1,1,0,0,0,0,0,0,Female,Seattle,Month-to-month,Electronic check,No
2026-05-08T23:19:36.762773,CUST_002518,0,0,1,6,90.91,553.76,1,1,0,1,1,1,0,0,Male,Seattle,Month-to-month,Bank transfer (automatic),DSL
2026-05-08T23:20:36.768578,CUST_002519,0,0,1,35,100.25,3854.79,1,0,1,1,1,0,1,1,Female,Chicago,One year,Credit card (automatic),DSL
2026-05-08T23:21:36.779889,CUST_002520,0,0,0,22,42.58,856.36,1,0,0,0,0,0,0,0,Female,New York,Month-to-month,Electronic check,No
2026-05-08T23:22:36.785159,CUST_002521,0,0,0,35,96.75,3119.56,1,0,0,1,0,1,0,0,Male,San Francisco,One year,Mailed check,Fiber optic
2026-05-08T23:23:36.792654,CUST_002522,0,1,0,0,97.63,0.0,1,1,1,1,0,0,1,0,Male,San Diego,Month-to-month,Bank transfer (automatic),DSL
2026-05-08T23:24:36.803325,CUST_002523,0,1,1,41,117.75,5259.62,1,0,1,1,1,0,1,0,Female,San Diego,One year,Electronic check,Fiber optic
2026-05-08T23:25:36.810518,CUST_002524,0,1,0,71,114.48,8493.69,1,0,1,1,0,0,1,1,Female,Phoenix,Two year,Credit card (automatic),Fiber optic
2026-05-08T23:26:36.826776,CUST_002525,0,0,0,8,84.46,740.77,1,0,1,1,1,0,0,1,Female,Miami,Month-to-month,Electronic check,DSL
2026-05-08T23:27:36.835934,CUST_002526,0,0,0,11,47.11,481.17,1,1,0,0,0,0,0,0,Female,Phoenix,Month-to-month,Mailed check,No
2026-05-08T23:28:36.841978,CUST_002527,1,1,1,33,94.22,2931.74,1,1,0,0,1,1,1,0,Male,New York,One year,Bank transfer (automatic),DSL
2026-05-08T23:29:36.847315,CUST_002528,0,1,1,12,73.04,961.12,0,0,1,0,1,1,1,0,Female,Phoenix,Month-to-month,Electronic check,DSL
2026-05-08T23:30:36.854701,CUST_002529,0,1,0,7,100.36,663.93,1,0,0,1,1,0,1,0,Male,New York,Month-to-month,Electronic check,Fiber optic
2026-05-08T23:31:36.866855,CUST_002530,0,0,1,23,65.66,1565.88,0,0,0,1,1,0,0,1,Female,Los Angeles,One year,Mailed check,DSL
2026-05-08T23:32:36.883777,CUST_002531,0,1,0,57,131.69,7650.43,1,1,1,1,1,0,0,1,Male,New York,Two year,Credit card (automatic),Fiber optic
2026-05-08T23:33:36.910706,CUST_002532,1,0,0,32,91.81,2773.15,1,1,0,1,1,0,1,0,Male,Los Angeles,One year,Bank transfer (automatic),DSL
2026-05-08T23:34:36.917960,CUST_002533,0,0,1,61,44.88,2542.69,1,0,0,0,0,0,0,0,Female,Dallas,Two year,Bank transfer (automatic),No
2026-05-08T23:35:36.935457,CUST_002534,0,0,0,0,102.79,0.0,1,1,0,0,1,1,0,1,Male,Dallas,Month-to-month,Electronic check,DSL
2026-05-08T23:36:36.950740,CUST_002535,0,1,0,2,56.93,115.02,0,0,0,1,0,0,1,0,Male,Dallas,Month-to-month,Bank transfer (automatic),DSL
2026-05-08T23:37:36.965247,CUST_002536,1,1,0,42,108.75,4350.16,1,1,0,0,0,0,1,1,Female,New York,Two year,Bank transfer (automatic),Fiber optic
2026-05-08T23:38:36.979063,CUST_002537,0,0,1,21,47.64,1062.94,1,1,0,0,0,0,0,0,Male,Houston,Month-to-month,Credit card (automatic),No
2026-05-08T23:39:36.986216,CUST_002538,0,1,0,51,118.36,5702.47,1,1,1,1,0,0,1,1,Female,Los Angeles,Two year,Bank transfer (automatic),Fiber optic
2026-05-08T23:40:37.006590,CUST_002539,0,1,1,21,80.06,1822.15,1,0,0,0,0,1,0,1,Female,Los Angeles,Month-to-month,Mailed check,DSL
2026-05-08T23:41:37.016900,CUST_002540,0,1,0,56,103.76,5893.21,1,0,1,0,0,1,1,0,Male,Houston,Two year,Bank transfer (automatic),Fiber optic
2026-05-08T23:42:37.026949,CUST_002541,0,1,1,67,48.69,3444.55,1,0,0,0,0,0,0,0,Female,Dallas,Two year,Bank transfer (automatic),No
2026-05-08T23:43:37.050107,CUST_002542,0,0,0,7,101.7,781.2,1,1,0,1,0,0,1,0,Female,San Diego,Month-to-month,Bank transfer (automatic),Fiber optic
2026-05-08T23:44:37.065573,CUST_002543,0,0,0,24,102.7,2642.61,1,0,1,1,0,0,1,1,Female,San Diego,Month-to-month,Electronic check,DSL
2026-05-08T23:45:37.092266,CUST_002544,0,1,0,24,94.5,2290.64,1,0,1,0,0,0,0,1,Male,San Diego,Month-to-month,Credit card (automatic),Fiber optic
2026-05-08T23:46:37.098382,CUST_002545,0,1,0,18,102.0,1789.1,1,0,1,1,1,1,1,0,Female,Los Angeles,Month-to-month,Credit card (automatic),DSL
2026-05-08T23:47:37.114836,CUST_002546,0,0,1,8,108.6,834.22,1,0,1,1,0,1,1,0,Male,San Francisco,Month-to-month,Electronic check,Fiber optic
2026-05-08T23:48:37.118167,CUST_002547,1,1,0,11,105.94,1262.3,1,1,0,0,1,0,1,0,Male,New York,Month-to-month,Electronic check,Fiber optic
2026-05-08T23:49:37.131432,CUST_002548,0,0,1,17,43.27,675.06,1,0,0,0,0,0,0,0,Male,Seattle,Month-to-month,Credit card (automatic),No
2026-05-08T23:50:37.141313,CUST_002549,0,1,0,14,79.71,1015.29,1,1,0,0,0,0,1,0,Male,Chicago,One year,Credit card (automatic),DSL
2026-05-08T23:51:37.157680,CUST_002550,0,0,1,19,82.58,1505.15,1,0,0,0,1,0,0,1,Female,San Francisco,Month-to-month,Bank transfer (automatic),DSL
2026-05-08T23:52:37.164972,CUST_002551,0,1,0,21,21.18,439.67,0,0,0,0,0,0,0,0,Male,San Francisco,One year,Credit card (automatic),No
2026-05-08T23:53:37.182700,CUST_002552,0,1,0,24,49.19,1114.28,1,0,0,0,0,0,0,0,Male,San Francisco,Month-to-month,Credit card (automatic),No
2026-05-08T23:54:37.193504,CUST_002553,0,0,1,9,94.37,801.58,1,0,1,1,1,1,0,1,Female,Miami,Month-to-month,Credit card (automatic),DSL
2026-05-08T23:55:37.207081,CUST_002554,1,0,1,16,93.65,1373.87,1,1,1,0,0,0,0,0,Female,Seattle,Month-to-month,Credit card (automatic),Fiber optic
2026-05-08T23:56:37.223267,CUST_002555,1,1,0,67,41.89,2762.1,1,0,0,0,0,0,0,0,Female,New York,Two year,Bank transfer (automatic),No
2026-05-08T23:57:37.227030,CUST_002556,0,0,0,21,105.75,2061.57,1,0,1,1,0,0,0,1,Male,Chicago,Month-to-month,Electronic check,Fiber optic
2026-05-08T23:58:37.239655,CUST_002557,0,0,0,0,105.89,0.0,1,0,0,1,1,1,0,0,Male,Phoenix,Month-to-month,Electronic check,Fiber optic
2026-05-08T23:59:37.249507,CUST_002558,0,0,1,19,86.65,1715.48,1,0,0,0,0,1,1,0,Male,San Francisco,Month-to-month,Credit card (automatic),DSL
2026-05-09T00:00:37.262209,CUST_002559,0,1,0,23,48.32,1010.96,1,1,0,0,0,0,0,0,Male,Seattle,Month-to-month,Electronic check,No
2026-05-09T08:15:04.863009,CUST_002560,0,1,0,6,86.64,508.71,1,0,1,0,1,0,1,0,Female,New York,Month-to-month,Electronic check,DSL
2026-05-09T08:16:04.882455,CUST_002561,0,1,1,16,103.58,1621.58,1,0,0,1,1,1,0,1,Female,New York,Month-to-month,Electronic check,DSL
2026-05-09T08:17:04.893472,CUST_002562,0,0,1,51,55.18,2994.09,1,1,0,0,0,0,0,0,Female,San Francisco,Two year,Credit card (automatic),No
2026-05-09T08:18:04.905094,CUST_002563,0,0,0,4,108.45,475.97,1,1,1,0,1,1,1,1,Female,Houston,Month-to-month,Electronic check,DSL
2026-05-09T08:19:04.912072,CUST_002564,0,0,0,13,103.0,1320.52,1,1,1,1,1,0,1,0,Female,Miami,One year,Credit card (automatic),DSL
2026-05-09T08:20:04.915635,CUST_002565,0,0,0,6,80.21,467.73,1,1,0,0,1,0,0,1,Male,Los Angeles,Month-to-month,Electronic check,DSL
2026-05-09T08:21:04.924920,CUST_002566,0,1,1,16,105.83,1820.26,1,1,1,0,0,0,1,0,Female,New York,One year,Bank transfer (automatic),Fiber optic
2026-05-09T08:22:04.928738,CUST_002567,0,1,0,45,106.54,4470.65,1,0,0,0,0,1,0,1,Male,Chicago,One year,Credit card (automatic),Fiber optic
2026-05-09T08:23:04.944842,CUST_002568,0,0,0,18,52.2,872.7,1,0,0,0,0,0,0,0,Male,Seattle,Month-to-month,Mailed check,No
2026-05-09T08:24:04.954897,CUST_002569,0,1,1,17,99.38,1533.95,1,0,1,1,1,1,1,1,Female,Miami,One year,Mailed check,DSL
2026-05-09T08:25:04.968156,CUST_002570,0,1,0,12,102.48,1307.76,1,1,0,0,1,0,0,0,Female,San Diego,One year,Bank transfer (automatic),Fiber optic
2026-05-09T08:26:04.977386,CUST_002571,0,0,0,57,119.53,7010.58,1,1,0,1,1,0,1,0,Male,Seattle,Two year,Bank transfer (automatic),Fiber optic
2026-05-09T08:27:04.984180,CUST_002572,0,0,0,27,105.55,2834.94,1,1,0,0,0,0,1,1,Male,Los Angeles,One year,Mailed check,Fiber optic
2026-05-09T08:28:04.992351,CUST_002573,0,0,1,25,54.52,1461.11,1,1,0,0,0,0,0,0,Male,Los Angeles,Two year,Bank transfer (automatic),No
2026-05-09T08:29:05.008350,CUST_002574,0,0,1,28,108.77,3276.51,1,1,0,0,0,1,1,1,Female,New York,One year,Bank transfer (automatic),Fiber optic
2026-05-09T08:30:05.014266,CUST_002575,0,1,0,28,89.82,2376.83,0,0,0,0,1,0,1,1,Female,Chicago,Two year,Credit card (automatic),Fiber optic
2026-05-09T08:31:05.021287,CUST_002576,0,0,1,27,121.21,3211.61,1,1,1,1,0,0,1,0,Female,San Francisco,One year,Mailed check,Fiber optic
2026-05-09T08:32:05.031762,CUST_002577,0,0,1,70,127.91,9559.51,1,1,0,0,1,1,1,1,Female,Los Angeles,Two year,Credit card (automatic),Fiber optic
2026-05-09T08:33:05.044349,CUST_002578,1,0,1,6,119.96,746.51,1,1,0,1,0,1,1,1,Male,Chicago,Month-to-month,Bank transfer (automatic),Fiber optic
2026-05-09T08:34:05.061785,CUST_002579,1,1,0,5,111.31,571.07,1,0,1,0,0,1,1,0,Male,Chicago,Month-to-month,Credit card (automatic),Fiber optic
2026-05-09T08:35:05.075428,CUST_002580,0,1,0,14,77.67,1009.1,1,1,0,1,1,0,0,0,Male,San Diego,Month-to-month,Electronic check,DSL
2026-05-09T08:36:05.092380,CUST_002581,0,0,1,46,49.89,2150.38,1,1,0,0,0,0,0,0,Male,Los Angeles,Two year,Mailed check,No
2026-05-09T08:37:05.098417,CUST_002582,0,0,0,26,88.47,2132.15,1,0,1,0,1,0,1,0,Male,Houston,One year,Credit card (automatic),DSL
2026-05-09T08:38:05.104234,CUST_002583,0,1,1,15,55.93,902.05,1,1,0,0,0,0,0,0,Female,San Francisco,Month-to-month,Electronic check,No
2026-05-09T08:39:05.112262,CUST_002584,0,0,1,23,108.18,2530.41,1,1,1,0,0,0,0,1,Male,Miami,Month-to-month,Mailed check,Fiber optic
2026-05-09T08:40:05.123160,CUST_002585,0,1,0,6,95.32,544.48,1,0,0,1,1,0,1,0,Female,Los Angeles,Month-to-month,Bank transfer (automatic),DSL
2026-05-09T08:41:05.129525,CUST_002586,0,0,0,31,106.17,3590.22,1,1,0,1,1,0,1,0,Female,Houston,One year,Electronic check,DSL
2026-05-09T08:42:05.151597,CUST_002587,0,0,0,11,97.95,1176.79,1,0,0,1,1,1,0,1,Male,New York,Month-to-month,Credit card (automatic),DSL
2026-05-09T08:43:05.166871,CUST_002588,0,1,0,18,107.08,1767.11,1,0,1,0,0,1,1,1,Male,Houston,Month-to-month,Mailed check,Fiber optic
2026-05-09T08:44:05.182220,CUST_002589,0,0,0,18,104.92,1978.39,1,0,0,1,0,1,1,1,Male,Houston,One year,Bank transfer (automatic),DSL
2026-05-09T08:45:05.192667,CUST_002590,0,0,0,46,88.58,4134.34,1,0,0,0,1,1,0,0,Female,Dallas,One year,Mailed check,DSL
2026-05-09T08:46:05.211506,CUST_002591,0,0,0,9,47.21,444.98,1,1,0,0,0,0,0,0,Female,Dallas,Month-to-month,Credit card (automatic),No
2026-05-09T08:47:05.221413,CUST_002592,1,0,0,5,109.3,591.88,1,1,1,1,0,0,1,0,Male,Houston,Month-to-month,Credit card (automatic),Fiber optic
2026-05-09T08:48:05.229122,CUST_002593,0,1,0,4,128.36,469.54,1,1,1,1,1,0,1,1,Female,San Diego,Month-to-month,Electronic check,Fiber optic
2026-05-09T08:49:05.233468,CUST_002594,0,0,1,10,100.56,1012.41,1,0,0,1,1,0,1,0,Male,San Diego,Month-to-month,Bank transfer (automatic),Fiber optic
2026-05-09T08:50:05.246306,CUST_002595,0,0,0,19,80.56,1609.06,1,0,0,0,1,0,0,0,Male,Phoenix,Month-to-month,Mailed check,DSL
2026-05-09T08:51:05.258891,CUST_002596,0,0,0,18,23.01,432.58,0,0,0,0,0,0,0,0,Female,Dallas,Month-to-month,Credit card (automatic),No
2026-05-09T08:52:05.273670,CUST_002597,0,1,0,30,116.09,3585.03,1,1,1,0,0,0,1,1,Female,Chicago,One year,Bank transfer (automatic),Fiber optic
2026-05-09T08:53:05.282533,CUST_002598,0,0,0,3,111.95,365.17,1,1,0,1,0,0,0,1,Female,Chicago,Month-to-month,Electronic check,Fiber optic
2026-05-09T08:54:05.298118,CUST_002599,0,0,1,2,121.09,237.9,1,1,1,0,0,1,0,0,Female,Los Angeles,Month-to-month,Electronic check,Fiber optic
2026-05-09T08:55:05.316840,CUST_002600,0,1,0,4,116.36,471.02,1,0,0,1,1,1,1,1,Female,Chicago,Month-to-month,Electronic check,Fiber optic
2026-05-09T08:56:05.333399,CUST_002601,1,1,0,20,84.2,1735.56,1,0,0,1,0,1,0,0,Male,San Francisco,One year,Bank transfer (automatic),DSL
2026-05-09T08:57:05.343930,CUST_002602,0,0,0,31,59.67,1875.07,0,0,0,1,0,0,1,0,Female,Chicago,One year,Bank transfer (automatic),DSL
2026-05-09T08:58:05.351916,CUST_002603,0,1,0,48,45.44,2339.43,1,0,0,0,0,0,0,0,Female,Seattle,Two year,Credit card (automatic),No
2026-05-09T08:59:05.356095,CUST_002604,0,1,0,1,111.2,119.44,1,0,1,0,0,1,1,0,Female,San Diego,Month-to-month,Mailed check,Fiber optic
2026-05-09T09:00:05.369684,CUST_002605,0,0,1,31,107.22,3500.88,1,0,1,1,0,0,1,0,Male,Los Angeles,One year,Bank transfer (automatic),Fiber optic
2026-05-09T09:01:05.387536,CUST_002606,0,0,1,2,113.51,225.65,1,1,1,1,1,1,0,0,Male,Dallas,Month-to-month,Mailed check,DSL
2026-05-09T09:02:05.401712,CUST_002607,1,0,1,14,81.28,1228.75,0,0,1,1,0,1,1,0,Male,Dallas,One year,Credit card (automatic),Fiber optic
2026-05-09T09:03:05.408907,CUST_002608,1,1,0,27,81.65,2124.56,0,0,0,1,1,1,1,1,Female,Los Angeles,Two year,Credit card (automatic),DSL
2026-05-09T09:04:05.419633,CUST_002609,0,1,0,7,115.19,740.39,1,0,1,1,1,1,0,0,Female,Dallas,Month-to-month,Mailed check,Fiber optic
2026-05-09T09:05:05.433585,CUST_002610,0,1,1,54,122.33,6068.92,1,1,0,1,1,1,1,0,Male,Los Angeles,Two year,Mailed check,Fiber optic
2026-05-09T09:06:05.436764,CUST_002611,0,0,0,15,104.15,1504.69,1,0,0,0,1,0,0,1,Female,San Francisco,Month-to-month,Electronic check,Fiber optic
2026-05-09T09:07:05.448178,CUST_002612,0,0,0,61,110.29,6847.62,1,1,0,0,0,1,1,0,Male,Los Angeles,Two year,Mailed check,Fiber optic
2026-05-09T09:08:05.461695,CUST_002613,1,0,1,6,136.38,898.95,1,1,0,1,1,1,1,0,Female,Miami,Month-to-month,Electronic check,Fiber optic
2026-05-09T09:09:05.478170,CUST_002614,1,0,1,21,81.46,1589.97,1,0,0,1,1,0,0,0,Male,Seattle,Month-to-month,Credit card (automatic),DSL
2026-05-09T09:10:05.498128,CUST_002615,0,0,0,39,48.52,1783.35,1,0,0,0,0,0,0,0,Male,Houston,Two year,Electronic check,No
2026-05-09T09:11:05.516155,CUST_002616,0,0,0,13,101.11,1208.47,1,0,0,0,0,0,1,0,Male,San Diego,Month-to-month,Electronic check,Fiber optic
2026-05-09T09:12:05.519641,CUST_002617,1,1,0,53,93.49,5084.09,1,0,0,1,1,0,1,1,Female,Dallas,Two year,Credit card (automatic),DSL
2026-05-09T09:13:05.525090,CUST_002618,0,0,0,38,85.63,3553.07,1,0,0,1,0,1,0,1,Male,Los Angeles,One year,Credit card (automatic),DSL
2026-05-09T09:14:05.530702,CUST_002619,1,1,0,18,107.43,1784.7,1,0,0,0,1,1,0,1,Male,San Francisco,Month-to-month,Electronic check,Fiber optic
2026-05-09T09:15:05.541171,CUST_002620,0,1,0,0,97.15,0.0,0,0,0,1,1,1,1,1,Male,New York,Month-to-month,Electronic check,Fiber optic
2026-05-09T09:16:05.556948,CUST_002621,0,0,1,1,44.85,48.42,1,1,0,0,0,0,0,0,Female,Houston,Month-to-month,Mailed check,No
2026-05-09T09:17:05.573417,CUST_002622,0,0,0,44,96.82,4270.41,1,1,0,1,1,0,1,0,Male,San Diego,Two year,Credit card (automatic),DSL
2026-05-09T09:18:05.589813,CUST_002623,0,1,0,18,100.86,1853.51,1,0,1,0,0,0,0,1,Female,San Diego,Month-to-month,Bank transfer (automatic),Fiber optic
2026-05-09T09:19:05.595393,CUST_002624,0,1,1,38,111.3,4109.05,1,1,1,1,1,1,0,1,Male,Dallas,Two year,Electronic check,Fiber optic
2026-05-09T09:20:05.604999,CUST_002625,0,0,0,14,122.64,1547.37,1,1,0,0,1,1,1,0,Female,Los Angeles,Month-to-month,Bank transfer (automatic),Fiber optic
2026-05-09T09:21:05.620668,CUST_002626,0,1,1,44,50.99,2037.13,1,0,0,0,0,0,0,0,Male,New York,Two year,Electronic check,No
2026-05-09T09:22:05.623766,CUST_002627,0,1,1,30,49.86,1374.89,1,0,0,0,0,0,0,0,Male,Dallas,One year,Credit card (automatic),No
2026-05-09T09:23:05.639105,CUST_002628,0,1,0,17,39.08,609.96,1,0,0,0,0,0,0,0,Male,Dallas,Month-to-month,Electronic check,No
2026-05-09T09:24:05.647821,CUST_002629,1,0,1,15,100.89,1576.96,1,0,1,1,0,1,0,0,Male,Dallas,One year,Bank transfer (automatic),Fiber optic
2026-05-09T09:25:05.665367,CUST_002630,0,0,1,20,50.07,1047.18,1,1,0,0,0,0,0,0,Female,Houston,One year,Credit card (automatic),No
2026-05-09T09:26:05.680300,CUST_002631,0,0,1,16,101.45,1571.03,1,0,1,0,0,0,1,0,Male,Dallas,Month-to-month,Electronic check,Fiber optic
2026-05-09T09:27:05.691875,CUST_002632,1,1,0,23,112.76,2480.08,1,1,1,1,0,0,1,1,Male,San Diego,One year,Credit card (automatic),Fiber optic
2026-05-09T09:28:05.711394,CUST_002633,0,1,0,34,91.27,3090.71,1,1,1,1,0,0,0,1,Female,Los Angeles,Two year,Credit card (automatic),DSL
2026-05-09T09:29:05.724722,CUST_002634,0,1,1,21,74.85,1441.78,1,0,1,1,0,0,0,0,Male,Chicago,Month-to-month,Electronic check,DSL
2026-05-09T09:30:05.730075,CUST_002635,0,1,0,51,113.23,5835.63,1,0,0,0,1,1,0,1,Male,Phoenix,Two year,Mailed check,Fiber optic
2026-05-09T09:31:05.737533,CUST_002636,1,0,0,0,102.29,0.0,1,0,0,0,0,0,1,1,Male,Seattle,Month-to-month,Electronic check,Fiber optic
2026-05-09T09:32:05.747584,CUST_002637,0,0,0,37,89.73,3620.5,1,0,0,0,0,1,0,0,Female,San Diego,One year,Credit card (automatic),Fiber optic
2026-05-09T09:33:05.757070,CUST_002638,0,0,1,42,101.09,4039.02,1,0,1,1,1,0,1,0,Male,Seattle,Two year,Mailed check,DSL
2026-05-09T10:00:30.115776,CUST_002639,0,1,0,20,97.57,1806.6,1,1,0,0,1,1,0,1,Male,Los Angeles,Month-to-month,Electronic check,DSL
2026-05-09T10:01:30.133124,CUST_002640,0,1,0,12,101.42,1186.25,1,0,0,0,1,1,1,1,Female,Los Angeles,One year,Credit card (automatic),DSL
2026-05-09T10:02:30.138190,CUST_002641,0,1,0,58,97.18,6022.79,1,0,1,1,0,1,1,1,Male,Los Angeles,Two year,Credit card (automatic),DSL
2026-05-09T10:03:30.148792,CUST_002642,0,0,0,34,94.73,3117.12,1,0,0,0,1,1,1,0,Male,Houston,One year,Bank transfer (automatic),DSL
2026-05-09T10:04:30.161508,CUST_002643,1,0,0,14,102.22,1492.95,1,1,0,0,0,1,0,0,Female,Dallas,Month-to-month,Electronic check,Fiber optic
2026-05-09T10:05:30.166298,CUST_002644,0,0,0,29,113.59,3575.98,1,1,1,1,1,0,0,1,Female,Houston,One year,Mailed check,Fiber optic
2026-05-09T10:06:30.178577,CUST_002645,0,0,0,8,112.94,890.08,1,0,1,1,0,1,1,0,Male,New York,Month-to-month,Electronic check,Fiber optic
2026-05-09T10:07:30.189247,CUST_002646,0,1,0,15,119.75,1816.43,1,1,0,0,0,1,1,1,Female,Seattle,Month-to-month,Credit card (automatic),Fiber optic
2026-05-09T10:08:30.197144,CUST_002647,0,1,0,28,85.62,2317.9,1,0,1,0,1,0,0,0,Male,Los Angeles,One year,Electronic check,DSL
2026-05-09T10:09:30.208588,CUST_002648,0,0,0,2,78.79,143.67,0,0,0,0,0,1,0,1,Female,Miami,Month-to-month,Bank transfer (automatic),Fiber optic
2026-05-09T10:10:30.219334,CUST_002649,0,1,0,20,104.38,2155.23,1,0,0,0,1,0,1,0,Male,New York,Month-to-month,Electronic check,Fiber optic
2026-05-09T10:11:30.234724,CUST_002650,1,1,0,21,88.24,1807.43,1,1,0,1,0,0,0,1,Female,Phoenix,One year,Electronic check,DSL
2026-05-09T10:12:30.250424,CUST_002651,0,0,1,1,104.45,103.7,1,1,0,0,0,0,1,0,Male,New York,Month-to-month,Credit card (automatic),Fiber optic
2026-05-09T10:13:30.256387,CUST_002652,0,1,0,34,101.16,3690.11,1,1,1,0,1,0,1,1,Male,Miami,One year,Electronic check,DSL
2026-05-09T10:14:30.269605,CUST_002653,0,0,0,23,94.87,2020.19,1,1,1,1,0,0,1,0,Female,New York,Month-to-month,Electronic check,DSL
2026-05-09T10:15:30.281569,CUST_002654,0,1,0,23,111.08,2574.51,1,0,0,0,0,1,1,1,Female,New York,Month-to-month,Credit card (automatic),Fiber optic
2026-05-09T10:16:30.300490,CUST_002655,0,0,1,3,50.35,137.73,1,0,0,0,0,0,0,0,Female,Dallas,Month-to-month,Mailed check,No
2026-05-09T10:17:30.307526,CUST_002656,0,1,0,54,90.66,4593.46,1,1,0,1,0,0,1,0,Female,New York,Two year,Bank transfer (automatic),DSL
2026-05-09T10:18:30.310431,CUST_002657,0,1,0,14,106.2,1434.26,1,1,1,1,0,0,1,0,Male,Los Angeles,One year,Bank transfer (automatic),DSL
2026-05-09T10:19:30.324054,CUST_002658,0,1,0,50,42.2,2116.39,1,0,0,0,0,0,0,0,Male,New York,Two year,Electronic check,No
2026-05-09T10:20:30.342515,CUST_002659,0,1,0,22,92.28,2140.74,1,1,0,1,0,1,0,0,Female,Los Angeles,Month-to-month,Electronic check,DSL
2026-05-09T10:21:30.352146,CUST_002660,0,1,0,32,101.73,3039.61,1,1,0,0,1,0,0,0,Male,Miami,Two year,Bank transfer (automatic),Fiber optic
2026-05-09T10:22:30.362656,CUST_002661,0,0,0,14,98.33,1322.26,1,0,0,0,0,0,0,1,Male,Miami,Month-to-month,Credit card (automatic),Fiber optic
2026-05-09T10:23:30.376533,CUST_002662,0,1,1,3,53.96,151.48,0,0,0,1,0,0,0,1,Female,Los Angeles,Month-to-month,Mailed check,DSL
2026-05-09T10:24:30.392715,CUST_002663,0,0,0,21,106.98,2312.63,1,1,0,0,0,1,0,0,Female,Dallas,Month-to-month,Mailed check,Fiber optic
2026-05-09T10:25:30.403655,CUST_002664,1,1,1,61,117.73,6789.26,1,1,1,0,1,1,1,0,Male,New York,Two year,Credit card (automatic),Fiber optic
2026-05-09T10:26:30.417823,CUST_002665,0,1,0,6,106.67,669.69,1,0,0,0,0,1,0,1,Male,New York,Month-to-month,Electronic check,Fiber optic
2026-05-09T10:27:30.430407,CUST_002666,0,1,1,28,76.56,1989.9,1,1,0,0,0,0,1,0,Female,San Diego,One year,Mailed check,DSL
2026-05-09T10:28:30.447478,CUST_002667,0,0,0,19,92.31,1662.98,1,1,0,0,0,0,0,0,Female,San Francisco,Month-to-month,Credit card (automatic),Fiber optic
2026-05-09T10:29:30.452218,CUST_002668,0,1,1,26,94.94,2611.82,1,0,1,1,1,1,1,0,Male,Houston,One year,Credit card (automatic),DSL
2026-05-09T10:30:30.460502,CUST_002669,0,0,0,13,90.32,1179.43,1,1,0,1,0,0,1,0,Female,Dallas,Month-to-month,Mailed check,DSL
2026-05-09T10:31:30.473251,CUST_002670,0,1,0,11,108.5,1108.82,1,1,0,1,0,1,1,1,Male,Los Angeles,Month-to-month,Bank transfer (automatic),DSL
2026-05-09T10:32:30.488305,CUST_002671,0,1,0,26,51.13,1322.96,1,1,0,0,0,0,0,0,Female,San Diego,One year,Credit card (automatic),No
2026-05-09T10:33:30.492399,CUST_002672,0,0,0,1,80.0,75.41,1,1,0,0,0,0,1,0,Female,San Francisco,Month-to-month,Electronic check,DSL
2026-05-09T10:34:30.504073,CUST_002673,0,1,0,66,116.68,7265.53,1,0,0,0,1,1,1,1,Male,Los Angeles,Two year,Mailed check,Fiber optic
2026-05-09T10:35:30.512908,CUST_002674,1,0,1,31,114.87,3620.76,1,1,0,1,1,1,1,1,Female,Seattle,One year,Mailed check,Fiber optic
2026-05-09T10:36:30.516785,CUST_002675,1,1,0,31,105.76,3036.74,1,1,1,1,0,0,1,1,Male,Dallas,One year,Bank transfer (automatic),DSL
2026-05-09T10:37:30.521515,CUST_002676,0,0,0,46,119.68,5347.78,1,0,0,0,1,1,1,1,Male,Dallas,One year,Electronic check,Fiber optic
2026-05-09T10:38:30.535786,CUST_002677,0,0,0,36,117.15,3931.05,1,1,1,1,0,1,0,0,Male,Los Angeles,One year,Bank transfer (automatic),Fiber optic
2026-05-09T10:39:30.547321,CUST_002678,0,0,0,44,87.07,3579.38,0,0,0,0,1,1,1,0,Female,Phoenix,Two year,Mailed check,Fiber optic
2026-05-09T10:40:30.560923,CUST_002679,0,0,1,0,51.55,0.0,1,1,0,0,0,0,0,0,Male,Seattle,Month-to-month,Electronic check,No
2026-05-09T10:41:30.574449,CUST_002680,0,1,0,50,106.04,5566.23,1,1,0,0,1,1,0,0,Male,New York,Two year,Credit card (automatic),Fiber optic
2026-05-09T10:42:30.588171,CUST_002681,0,1,0,15,116.53,1589.91,1,1,1,1,1,0,1,1,Male,Los Angeles,Month-to-month,Electronic check,Fiber optic
2026-05-09T10:43:30.594606,CUST_002682,0,0,0,32,110.58,3554.85,1,0,0,1,0,1,0,1,Male,Dallas,One year,Mailed check,Fiber optic
2026-05-09T10:44:30.604428,CUST_002683,0,1,1,6,102.43,593.87,1,0,0,0,1,0,0,1,Female,Chicago,Month-to-month,Electronic check,Fiber optic
2026-05-09T10:45:30.621648,CUST_002684,0,0,0,7,72.25,550.93,0,0,0,1,1,0,1,1,Male,Los Angeles,Month-to-month,Credit card (automatic),DSL
2026-05-09T10:46:30.635943,CUST_002685,0,0,0,1,76.68,77.83,1,0,0,0,1,1,0,0,Male,Houston,Month-to-month,Electronic check,DSL
2026-05-09T10:47:30.653477,CUST_002686,1,1,0,65,109.3,7399.44,1,0,1,0,0,1,1,1,Male,Dallas,Two year,Credit card (automatic),Fiber optic
2026-05-09T10:48:30.658216,CUST_002687,0,0,0,36,45.53,1766.24,1,0,0,0,0,0,0,0,Male,Dallas,One year,Credit card (automatic),No
2026-05-09T10:49:30.674029,CUST_002688,1,0,0,45,59.27,2887.21,0,0,1,0,0,1,1,0,Male,New York,Two year,Credit card (automatic),DSL
2026-05-09T10:50:30.680069,CUST_002689,0,1,1,1,129.41,128.43,1,0,1,1,1,1,1,1,Male,San Diego,Month-to-month,Electronic check,Fiber optic
2026-05-09T10:51:30.697390,CUST_002690,0,1,1,71,18.24,1168.18,0,0,0,0,0,0,0,0,Male,Dallas,Two year,Bank transfer (automatic),No
2026-05-09T10:52:30.711421,CUST_002691,0,1,0,56,135.56,7406.61,1,1,1,1,0,1,1,1,Female,San Diego,Two year,Electronic check,Fiber optic
2026-05-09T10:53:30.718691,CUST_002692,0,1,0,28,53.96,1590.22,1,1,0,0,0,0,0,0,Male,Houston,Two year,Bank transfer (automatic),No
2026-05-09T10:54:30.727283,CUST_002693,0,1,0,4,40.1,165.87,1,0,0,0,0,0,0,0,Male,San Diego,Month-to-month,Electronic check,No
2026-05-09T10:55:30.747504,CUST_002694,0,1,0,39,92.31,3274.77,1,0,0,0,1,1,1,1,Male,Phoenix,Two year,Credit card (automatic),DSL
2026-05-09T10:56:30.751334,CUST_002695,0,1,0,21,104.7,2260.86,1,1,0,0,0,0,1,0,Male,Houston,Month-to-month,Electronic check,Fiber optic
2026-05-09T10:57:30.760660,CUST_002696,0,1,1,24,88.75,2143.14,1,0,1,0,0,0,1,1,Male,New York,Month-to-month,Mailed check,DSL
2026-05-09T10:58:30.773722,CUST_002697,1,1,0,18,115.0,2003.72,1,0,1,0,1,1,0,0,Female,Houston,Month-to-month,Electronic check,Fiber optic
2026-05-09T10:59:30.791032,CUST_002698,0,1,1,33,96.62,2902.81,1,0,0,0,1,0,1,0,Male,Los Angeles,One year,Electronic check,Fiber optic
2026-05-09T11:00:30.799709,CUST_002699,0,1,0,9,114.57,1098.15,1,0,1,1,1,1,1,0,Female,Houston,Month-to-month,Electronic check,Fiber optic
2026-05-09T11:01:30.808750,CUST_002700,0,0,1,13,111.84,1482.98,1,1,0,0,1,0,1,0,Male,Chicago,Month-to-month,Electronic check,Fiber optic
2026-05-09T11:02:30.822504,CUST_002701,0,1,1,55,49.82,2585.69,1,1,0,0,0,0,0,0,Male,Houston,Two year,Electronic check,No
2026-05-09T11:03:30.834364,CUST_002702,0,0,0,7,58.57,403.41,0,0,0,0,0,1,1,1,Female,Houston,Month-to-month,Mailed check,DSL
2026-05-09T11:04:30.838286,CUST_002703,0,1,1,6,108.44,624.36,1,1,1,1,0,0,0,1,Male,Miami,Month-to-month,Bank transfer (automatic),Fiber optic
2026-05-09T11:05:30.847668,CUST_002704,0,0,0,8,110.75,950.95,1,1,0,0,1,1,0,0,Female,Phoenix,Month-to-month,Electronic check,Fiber optic
2026-05-09T11:06:30.853755,CUST_002705,0,1,0,36,99.48,3890.6,1,0,0,0,0,0,1,0,Male,New York,One year,Bank transfer (automatic),Fiber optic
2026-05-09T11:07:30.857624,CUST_002706,0,1,0,33,106.74,3719.59,1,0,0,0,0,1,1,1,Male,Houston,One year,Credit card (automatic),Fiber optic
2026-05-09T11:08:30.875509,CUST_002707,0,0,1,19,67.13,1174.42,0,0,0,0,0,1,0,0,Female,Los Angeles,Month-to-month,Electronic check,Fiber optic
2026-05-09T11:09:30.889525,CUST_002708,1,0,0,14,118.64,1538.61,1,1,1,1,0,0,1,1,Male,Dallas,Month-to-month,Credit card (automatic),Fiber optic
2026-05-09T11:10:30.905883,CUST_002709,0,0,1,26,103.79,2620.34,0,0,1,1,1,0,1,1,Female,Miami,Two year,Bank transfer (automatic),Fiber optic
2026-05-09T11:11:30.921939,CUST_002710,0,1,0,54,121.69,6163.39,1,1,1,1,1,0,1,1,Female,New York,Two year,Electronic check,Fiber optic
2026-05-09T16:35:14.695297,CUST_002711,0,0,0,34,105.29,3926.89,1,0,1,0,1,1,1,1,Male,Dallas,One year,Credit card (automatic),DSL
2026-05-09T16:36:14.705622,CUST_002712,0,1,0,6,87.09,491.31,1,0,1,1,0,0,0,1,Male,Chicago,Month-to-month,Electronic check,DSL
2026-05-09T16:37:14.714652,CUST_002713,0,1,0,6,113.7,636.2,1,1,1,0,1,0,0,0,Female,Miami,Month-to-month,Bank transfer (automatic),Fiber optic
2026-05-09T16:38:14.723766,CUST_002714,0,0,0,6,95.4,520.05,1,1,0,0,1,0,1,0,Male,Dallas,Month-to-month,Electronic check,DSL
2026-05-09T16:39:14.733793,CUST_002715,1,1,1,8,88.97,667.77,1,1,0,0,1,1,0,0,Female,New York,Month-to-month,Bank transfer (automatic),DSL
2026-05-09T16:40:14.747575,CUST_002716,0,0,0,24,46.57,1222.99,1,0,0,0,0,0,0,0,Male,San Diego,Month-to-month,Electronic check,No
2026-05-09T16:41:14.754650,CUST_002717,0,1,1,36,124.02,4662.18,1,1,1,0,0,0,1,1,Male,Houston,One year,Bank transfer (automatic),Fiber optic
2026-05-09T16:42:14.772961,CUST_002718,1,1,0,20,86.17,1625.48,1,1,0,0,0,0,1,1,Male,Dallas,Month-to-month,Bank transfer (automatic),DSL
2026-05-09T16:43:14.782851,CUST_002719,0,1,0,14,123.12,1884.85,1,1,1,1,1,0,1,1,Male,Phoenix,Month-to-month,Electronic check,Fiber optic
2026-05-09T16:44:14.801140,CUST_002720,0,1,1,43,92.83,4020.17,1,0,1,0,1,0,0,0,Male,San Diego,Two year,Credit card (automatic),DSL
2026-05-09T16:45:14.808082,CUST_002721,0,0,0,29,97.25,2984.01,1,0,0,0,0,0,1,1,Female,Seattle,One year,Credit card (automatic),Fiber optic
2026-05-09T16:46:14.823002,CUST_002722,0,1,0,9,44.62,410.35,1,0,0,0,0,0,0,0,Female,San Francisco,Month-to-month,Credit card (automatic),No
2026-05-09T16:47:14.843317,CUST_002723,0,1,0,5,110.18,537.06,1,0,1,0,0,0,1,0,Male,Los Angeles,Month-to-month,Electronic check,Fiber optic
2026-05-09T16:48:14.873329,CUST_002724,1,0,0,35,102.27,3238.84,1,0,1,1,0,0,0,1,Female,Phoenix,Two year,Bank transfer (automatic),Fiber optic
2026-05-09T16:49:14.882524,CUST_002725,0,1,0,2,100.93,200.7,1,1,0,1,0,1,1,1,Female,Phoenix,Month-to-month,Mailed check,DSL
2026-05-09T16:50:14.899183,CUST_002726,0,1,1,5,105.75,539.53,1,0,0,1,0,1,1,0,Female,Miami,Month-to-month,Credit card (automatic),Fiber optic
2026-05-09T16:51:14.916267,CUST_002727,0,0,0,41,56.16,2489.78,1,1,0,0,0,0,0,0,Female,Chicago,One year,Bank transfer (automatic),No
2026-05-09T16:52:14.923575,CUST_002728,0,0,0,15,103.86,1496.1,1,0,0,1,1,0,1,1,Female,San Diego,Month-to-month,Electronic check,DSL
2026-05-09T16:53:14.931013,CUST_002729,0,1,0,21,112.57,2351.56,1,1,0,1,0,1,1,1,Male,San Diego,One year,Credit card (automatic),Fiber optic
2026-05-09T16:54:14.945381,CUST_002730,0,1,1,12,99.09,1153.37,1,0,0,0,0,0,0,1,Female,Houston,Month-to-month,Mailed check,Fiber optic
2026-05-09T16:55:14.957267,CUST_002731,0,0,1,17,109.93,1777.19,1,0,1,0,0,1,1,0,Female,Chicago,One year,Bank transfer (automatic),Fiber optic
2026-05-09T16:56:14.969702,CUST_002732,0,1,1,23,108.26,2623.17,1,1,1,0,0,1,0,0,Female,San Francisco,Month-to-month,Electronic check,Fiber optic
2026-05-09T16:57:14.979328,CUST_002733,0,0,0,44,103.12,4726.81,1,1,1,0,1,1,1,1,Male,San Diego,One year,Bank transfer (automatic),DSL
2026-05-09T16:58:14.993256,CUST_002734,0,0,1,34,95.26,3060.03,1,0,0,0,0,0,1,1,Male,Chicago,Two year,Bank transfer (automatic),Fiber optic
2026-05-09T16:59:15.009381,CUST_002735,0,1,0,9,77.7,749.3,1,1,0,0,0,0,0,0,Male,Dallas,Month-to-month,Electronic check,DSL
2026-05-09T17:00:15.020192,CUST_002736,0,0,0,9,51.76,512.36,1,1,0,0,0,0,0,0,Male,San Francisco,Month-to-month,Electronic check,No
2026-05-09T17:01:15.039148,CUST_002737,0,1,0,39,91.85,3804.68,1,1,0,1,0,1,1,0,Female,San Diego,One year,Credit card (automatic),DSL
2026-05-09T17:02:15.051608,CUST_002738,0,0,1,37,108.26,3758.32,1,0,1,0,0,0,1,0,Male,Dallas,Two year,Credit card (automatic),Fiber optic
2026-05-09T17:03:15.061369,CUST_002739,0,1,1,25,94.34,2221.71,1,1,1,0,0,1,1,1,Male,San Diego,One year,Credit card (automatic),DSL
2026-05-09T17:04:15.066029,CUST_002740,1,1,1,9,87.97,740.69,0,0,1,1,1,0,0,1,Female,Houston,Month-to-month,Mailed check,Fiber optic
2026-05-09T17:05:15.076392,CUST_002741,1,0,0,27,83.09,2440.66,1,0,1,0,1,0,0,0,Male,New York,One year,Electronic check,DSL
2026-05-09T17:06:15.088095,CUST_002742,0,0,0,13,111.11,1357.79,1,1,1,0,1,0,0,1,Male,Seattle,Month-to-month,Mailed check,Fiber optic
2026-05-09T17:07:15.094755,CUST_002743,0,1,0,20,43.82,900.79,1,0,0,0,0,0,0,0,Female,Los Angeles,Month-to-month,Electronic check,No
2026-05-09T17:08:15.104805,CUST_002744,1,1,0,38,104.48,4045.48,1,1,0,1,0,1,0,1,Female,San Francisco,One year,Bank transfer (automatic),Fiber optic
2026-05-09T17:09:15.111549,CUST_002745,0,0,0,9,101.07,988.54,1,0,1,1,1,0,1,1,Female,Los Angeles,Month-to-month,Electronic check,DSL
2026-05-09T17:10:15.129062,CUST_002746,0,0,0,15,115.86,1668.97,1,1,1,1,0,0,1,0,Female,Dallas,Month-to-month,Electronic check,Fiber optic
2026-05-09T17:11:15.140977,CUST_002747,1,0,0,1,18.0,19.45,0,0,0,0,0,0,0,0,Female,New York,Month-to-month,Bank transfer (automatic),No
2026-05-09T17:12:15.159275,CUST_002748,1,0,1,16,118.28,1703.69,1,1,0,1,1,0,1,0,Male,Los Angeles,Month-to-month,Electronic check,Fiber optic
2026-05-09T17:13:15.165463,CUST_002749,1,0,0,38,104.94,3792.22,1,0,1,0,0,0,0,1,Male,Houston,One year,Mailed check,Fiber optic
2026-05-09T17:14:15.173002,CUST_002750,0,1,0,22,117.13,2324.15,1,0,1,0,0,1,1,1,Male,Houston,Month-to-month,Electronic check,Fiber optic
2026-05-09T17:15:15.186036,CUST_002751,0,1,0,58,132.58,7871.68,1,1,0,1,1,1,1,1,Male,Seattle,Two year,Bank transfer (automatic),Fiber optic
2026-05-09T17:16:15.201539,CUST_002752,0,1,1,19,112.4,2240.63,1,1,1,1,0,1,1,1,Female,San Francisco,Month-to-month,Bank transfer (automatic),Fiber optic
2026-05-09T17:17:15.208610,CUST_002753,0,1,1,2,120.89,217.92,1,0,0,0,1,1,1,1,Female,Miami,Month-to-month,Electronic check,Fiber optic
2026-05-09T17:18:15.223078,CUST_002754,0,0,0,37,108.49,3870.04,1,1,1,0,0,1,0,1,Male,New York,Two year,Electronic check,Fiber optic
2026-05-09T17:19:15.238451,CUST_002755,0,1,0,15,112.32,1834.01,1,1,0,0,0,1,0,1,Male,Phoenix,Month-to-month,Electronic check,Fiber optic
2026-05-09T17:20:15.245518,CUST_002756,1,0,0,16,92.15,1620.02,1,1,0,1,0,0,0,1,Male,New York,Month-to-month,Mailed check,DSL
2026-05-09T17:21:15.253241,CUST_002757,1,1,0,7,98.53,676.81,1,0,1,1,0,1,0,1,Male,Dallas,Month-to-month,Credit card (automatic),DSL
2026-05-09T17:22:15.273268,CUST_002758,0,0,0,24,109.07,2579.26,1,1,1,1,0,1,0,0,Female,Los Angeles,Month-to-month,Bank transfer (automatic),Fiber optic
2026-05-09T17:23:15.279522,CUST_002759,0,1,1,70,74.4,5582.31,1,0,0,1,0,0,0,1,Female,New York,Two year,Electronic check,DSL
2026-05-09T17:24:15.286896,CUST_002760,1,1,0,24,114.81,2540.06,1,0,0,1,1,1,1,1,Male,Chicago,Month-to-month,Credit card (automatic),Fiber optic
2026-05-09T17:25:15.290672,CUST_002761,0,1,0,8,116.6,1007.3,1,0,1,1,1,0,1,0,Female,Seattle,Month-to-month,Mailed check,Fiber optic
2026-05-09T17:26:15.294532,CUST_002762,0,0,0,10,115.57,1210.16,1,1,0,1,1,1,1,1,Male,Miami,Month-to-month,Mailed check,DSL
2026-05-09T17:27:15.298110,CUST_002763,0,1,0,52,60.66,2912.79,0,0,1,1,0,0,0,1,Female,Phoenix,Two year,Electronic check,DSL
2026-05-09T17:28:15.311047,CUST_002764,0,0,0,54,109.29,5385.63,1,1,0,0,1,1,1,1,Female,San Francisco,Two year,Bank transfer (automatic),Fiber optic
2026-05-09T17:29:15.317096,CUST_002765,1,1,0,2,99.82,193.32,1,0,1,1,0,0,1,1,Male,Miami,Month-to-month,Bank transfer (automatic),DSL
2026-05-09T17:30:15.333915,CUST_002766,0,1,1,14,105.35,1377.49,1,0,1,0,0,0,1,0,Female,Los Angeles,One year,Bank transfer (automatic),Fiber optic
2026-05-09T17:31:15.354331,CUST_002767,0,0,0,18,74.61,1286.7,0,0,0,0,0,0,0,1,Male,Seattle,Month-to-month,Bank transfer (automatic),Fiber optic
2026-05-09T17:32:15.370484,CUST_002768,0,1,0,44,124.14,5278.43,1,1,0,1,0,1,1,1,Male,Phoenix,Two year,Mailed check,Fiber optic
2026-05-09T17:33:15.378840,CUST_002769,0,1,1,26,108.21,2576.54,1,1,0,0,1,0,1,0,Male,Miami,Two year,Credit card (automatic),Fiber optic
2026-05-09T17:34:15.397165,CUST_002770,0,0,1,29,126.26,3861.48,1,1,0,1,1,1,0,1,Female,San Diego,One year,Electronic check,Fiber optic
2026-05-09T17:35:15.415641,CUST_002771,0,1,0,18,101.72,1714.34,1,0,1,1,1,1,0,0,Female,Los Angeles,Month-to-month,Credit card (automatic),DSL
2026-05-09T17:36:15.433029,CUST_002772,0,1,0,16,107.37,1601.91,1,0,0,1,0,0,1,0,Male,Los Angeles,One year,Bank transfer (automatic),Fiber optic
2026-05-09T17:37:15.441947,CUST_002773,0,0,0,41,86.4,3870.96,1,0,1,0,0,1,0,0,Male,New York,Two year,Bank transfer (automatic),DSL
2026-05-09T17:38:15.453681,CUST_002774,0,0,0,21,82.26,1857.78,1,1,0,1,0,0,0,0,Male,San Diego,Month-to-month,Credit card (automatic),DSL
2026-05-09T17:39:15.466692,CUST_002775,0,1,1,15,121.31,1975.92,1,1,0,0,1,1,0,1,Female,New York,Month-to-month,Electronic check,Fiber optic
2026-05-09T17:40:15.482712,CUST_002776,0,0,0,22,96.67,2173.29,1,0,0,1,0,1,0,1,Male,New York,Month-to-month,Mailed check,DSL
2026-05-09T17:41:15.489115,CUST_002777,0,0,1,25,106.35,2807.08,1,0,0,0,1,1,1,0,Male,San Francisco,Two year,Bank transfer (automatic),Fiber optic
2026-05-09T17:42:15.506950,CUST_002778,1,1,0,27,115.4,3401.62,1,1,1,0,1,0,0,1,Female,Dallas,Two year,Bank transfer (automatic),Fiber optic
2026-05-09T17:43:15.516828,CUST_002779,0,0,0,3,112.77,360.33,1,0,1,1,1,0,1,1,Female,Houston,Month-to-month,Electronic check,Fiber optic
2026-05-09T17:44:15.535990,CUST_002780,0,1,0,15,105.98,1518.17,1,0,0,1,1,1,1,1,Male,Phoenix,One year,Credit card (automatic),Fiber optic
2026-05-09T17:45:15.543180,CUST_002781,0,0,0,11,110.18,1293.72,1,0,0,0,1,1,1,0,Female,San Diego,Month-to-month,Electronic check,Fiber optic
2026-05-09T17:46:15.551574,CUST_002782,1,1,1,2,108.22,202.26,1,0,1,1,0,0,0,0,Male,Houston,Month-to-month,Bank transfer (automatic),Fiber optic
2026-05-09T17:47:15.560404,CUST_002783,0,1,1,14,93.57,1393.36,1,0,0,0,1,0,1,1,Female,Miami,Month-to-month,Electronic check,DSL
2026-05-09T17:48:15.577392,CUST_002784,0,1,0,1,87.85,95.84,1,1,0,0,0,0,0,1,Male,Dallas,Month-to-month,Electronic check,DSL
2026-05-09T17:49:15.589697,CUST_002785,0,0,0,21,76.98,1485.72,1,0,0,0,1,1,0,1,Male,San Diego,One year,Credit card (automatic),DSL
2026-05-09T17:50:15.591977,CUST_002786,0,1,0,1,102.85,99.32,1,0,1,0,1,1,0,1,Male,Seattle,Month-to-month,Electronic check,DSL
2026-05-09T17:51:15.601510,CUST_002787,0,1,0,35,105.67,3497.09,1,1,0,1,0,0,0,1,Male,Los Angeles,Two year,Bank transfer (automatic),Fiber optic
2026-05-09T17:52:15.605398,CUST_002788,0,1,1,23,118.73,2584.08,1,1,0,1,1,0,1,1,Female,Houston,One year,Mailed check,Fiber optic
2026-05-09T17:53:15.620076,CUST_002789,0,1,1,14,61.59,874.22,0,0,1,0,1,0,0,1,Female,New York,Month-to-month,Mailed check,DSL
2026-05-09T17:54:15.629246,CUST_002790,0,1,0,56,122.03,6152.23,1,0,0,1,1,1,1,1,Male,Phoenix,Two year,Credit card (automatic),Fiber optic
2026-05-09T17:55:15.637964,CUST_002791,0,1,0,0,98.08,0.0,1,1,0,0,0,1,0,0,Male,Seattle,Month-to-month,Bank transfer (automatic),Fiber optic
2026-05-09T17:56:15.649115,CUST_002792,0,1,0,7,115.81,796.94,1,1,1,0,1,0,0,0,Male,Phoenix,Month-to-month,Bank transfer (automatic),Fiber optic
2026-05-09T17:57:15.659190,CUST_002793,0,0,1,9,46.5,449.4,1,0,0,0,0,0,0,0,Female,San Francisco,Month-to-month,Electronic check,No
2026-05-09T17:58:15.664471,CUST_002794,0,1,0,50,87.42,4067.14,1,1,0,0,0,1,1,1,Female,Houston,Two year,Credit card (automatic),DSL
2026-05-09T17:59:15.666951,CUST_002795,0,1,0,24,116.05,2712.5,1,1,0,1,1,0,1,0,Female,Houston,One year,Electronic check,Fiber optic
2026-05-09T18:00:15.670944,CUST_002796,0,0,0,16,88.52,1387.54,1,0,0,1,0,0,1,1,Female,Los Angeles,Month-to-month,Electronic check,DSL
2026-05-09T18:01:15.672550,CUST_002797,0,0,1,6,50.99,304.27,1,1,0,0,0,0,0,0,Female,Phoenix,Month-to-month,Credit card (automatic),No
2026-05-09T18:02:15.688945,CUST_002798,0,0,0,5,103.1,518.16,1,1,0,1,0,1,1,1,Female,Miami,Month-to-month,Credit card (automatic),DSL
2026-05-09T18:03:15.703907,CUST_002799,0,1,0,22,112.49,2466.02,1,1,1,0,1,0,0,0,Male,Houston,One year,Bank transfer (automatic),Fiber optic
2026-05-09T18:04:15.715404,CUST_002800,0,1,0,28,101.23,2614.23,1,0,0,0,0,1,1,0,Female,Los Angeles,Two year,Bank transfer (automatic),Fiber optic
2026-05-09T18:05:18.569685,CUST_002801,0,0,1,20,102.72,1920.51,1,1,0,1,0,0,1,1,Male,Phoenix,One year,Bank transfer (automatic),DSL
2026-05-09T18:06:20.290742,CUST_002802,0,0,0,4,47.64,195.91,1,0,0,0,0,0,0,0,Male,San Diego,Month-to-month,Electronic check,No
2026-05-09T18:32:09.766789,CUST_002803,0,0,0,22,112.55,2619.07,1,0,1,0,0,0,1,1,Female,Miami,Month-to-month,Electronic check,Fiber optic
2026-05-09T18:33:09.771629,CUST_002804,0,1,0,12,131.01,1545.2,1,1,1,1,0,1,0,1,Male,New York,One year,Bank transfer (automatic),Fiber optic
2026-05-09T18:34:09.786194,CUST_002805,1,1,1,46,44.39,2044.49,1,0,0,0,0,0,0,0,Female,Chicago,Two year,Credit card (automatic),No
2026-05-09T18:35:09.802860,CUST_002806,0,1,0,46,110.81,5533.59,1,0,0,0,1,1,0,1,Male,Los Angeles,One year,Credit card (automatic),Fiber optic
2026-05-09T18:36:09.814393,CUST_002807,1,1,0,61,123.61,7658.8,1,1,0,1,1,0,1,0,Female,Houston,Two year,Electronic check,Fiber optic
2026-05-09T18:37:09.826233,CUST_002808,0,1,1,29,88.16,2395.57,1,0,1,1,0,0,1,0,Male,Seattle,One year,Credit card (automatic),DSL
2026-05-09T18:38:09.846765,CUST_002809,0,0,0,11,110.77,1280.02,1,1,0,1,0,0,0,1,Female,Chicago,Month-to-month,Bank transfer (automatic),Fiber optic
2026-05-09T18:39:09.849011,CUST_002810,0,1,1,22,100.76,2389.96,1,0,1,0,1,1,1,1,Male,Miami,One year,Credit card (automatic),DSL
2026-05-09T18:40:09.860459,CUST_002811,0,0,0,21,93.6,2017.32,1,1,1,1,0,0,1,1,Male,Houston,Month-to-month,Electronic check,DSL
2026-05-09T18:41:09.867113,CUST_002812,1,0,0,16,107.61,1626.43,1,0,0,0,1,0,0,1,Female,Miami,Month-to-month,Bank transfer (automatic),Fiber optic
2026-05-09T18:42:09.882399,CUST_002813,0,1,0,1,84.5,86.81,1,1,0,0,0,0,0,1,Male,Los Angeles,Month-to-month,Electronic check,DSL
2026-05-09T18:43:09.894881,CUST_002814,0,0,0,45,91.39,4373.17,1,1,0,1,0,1,0,0,Male,San Francisco,Two year,Credit card (automatic),DSL
2026-05-09T18:44:09.902669,CUST_002815,0,0,0,46,42.87,1860.29,1,0,0,0,0,0,0,0,Female,New York,One year,Bank transfer (automatic),No
2026-05-09T18:45:09.917249,CUST_002816,0,1,1,4,82.85,350.51,1,0,0,1,0,1,0,1,Male,Phoenix,Month-to-month,Credit card (automatic),DSL
2026-05-09T18:46:09.921341,CUST_002817,0,1,1,57,77.95,4179.96,0,0,0,1,0,1,1,1,Female,Los Angeles,Two year,Mailed check,DSL
2026-05-09T18:47:09.929033,CUST_002818,0,0,0,46,21.44,1042.79,0,0,0,0,0,0,0,0,Female,Dallas,Two year,Credit card (automatic),No
2026-05-09T18:48:09.947222,CUST_002819,0,1,0,1,88.27,92.67,1,1,1,0,0,0,1,0,Male,Phoenix,Month-to-month,Credit card (automatic),DSL
2026-05-09T18:49:09.958541,CUST_002820,0,0,0,47,94.47,4770.08,1,0,0,1,1,0,1,1,Female,Miami,One year,Credit card (automatic),DSL
2026-05-09T18:50:09.975540,CUST_002821,1,1,0,1,104.08,99.5,1,1,1,0,0,0,0,1,Female,Miami,Month-to-month,Electronic check,Fiber optic
2026-05-09T18:51:09.990418,CUST_002822,0,0,0,52,54.63,2696.56,1,1,0,0,0,0,0,0,Female,Los Angeles,Two year,Bank transfer (automatic),No
2026-05-09T18:52:10.005750,CUST_002823,0,0,1,61,80.41,4604.18,1,0,1,0,0,1,1,0,Male,Los Angeles,Two year,Credit card (automatic),DSL
2026-05-09T18:53:10.013979,CUST_002824,0,1,0,40,69.33,2624.33,0,0,0,0,1,1,0,0,Male,Dallas,One year,Bank transfer (automatic),Fiber optic
2026-05-09T18:54:10.032221,CUST_002825,0,1,0,3,24.71,80.39,0,0,0,0,0,0,0,0,Male,Houston,Month-to-month,Bank transfer (automatic),No
2026-05-09T18:55:10.047301,CUST_002826,0,1,1,12,120.47,1322.92,1,1,1,0,1,0,0,1,Female,Phoenix,One year,Electronic check,Fiber optic
2026-05-09T18:56:10.063889,CUST_002827,0,1,0,47,129.13,6169.66,1,1,1,1,0,0,1,1,Male,San Francisco,One year,Mailed check,Fiber optic
2026-05-09T18:57:10.071846,CUST_002828,1,0,0,15,48.98,698.2,1,1,0,0,0,0,0,0,Female,Los Angeles,Month-to-month,Mailed check,No
2026-05-09T18:58:10.077803,CUST_002829,0,1,1,28,103.5,3010.24,1,0,0,1,1,0,0,0,Female,Seattle,One year,Credit card (automatic),Fiber optic
2026-05-09T18:59:10.093499,CUST_002830,0,1,1,13,119.33,1520.53,1,1,0,1,1,1,1,0,Female,Chicago,Month-to-month,Electronic check,Fiber optic
2026-05-09T19:00:10.100288,CUST_002831,0,1,0,68,57.1,4199.06,1,1,0,0,0,0,0,0,Female,Seattle,Two year,Credit card (automatic),No
2026-05-09T19:01:10.117704,CUST_002832,0,0,0,6,108.86,671.68,1,0,1,1,1,1,0,1,Male,Phoenix,Month-to-month,Mailed check,Fiber optic
2026-05-09T19:02:10.131796,CUST_002833,0,1,0,7,89.6,666.45,1,0,1,0,1,1,0,0,Male,Chicago,Month-to-month,Mailed check,DSL
2026-05-09T19:03:10.147121,CUST_002834,0,1,0,22,119.67,2396.82,1,1,1,0,0,1,0,1,Male,Houston,Month-to-month,Mailed check,Fiber optic
2026-05-09T19:04:10.158734,CUST_002835,0,0,0,16,103.25,1763.4,1,0,1,0,0,1,0,1,Male,San Francisco,Month-to-month,Mailed check,Fiber optic
2026-05-09T19:05:10.169754,CUST_002836,0,0,0,1,88.52,89.71,1,1,1,1,0,0,1,1,Female,San Diego,Month-to-month,Electronic check,DSL
2026-05-09T19:06:10.175317,CUST_002837,0,0,1,43,113.97,5367.83,1,0,1,1,1,0,1,1,Female,New York,One year,Bank transfer (automatic),Fiber optic
2026-05-09T19:07:10.190046,CUST_002838,0,1,0,36,110.57,4277.94,1,1,0,0,0,1,1,0,Female,Chicago,Two year,Credit card (automatic),Fiber optic
2026-05-09T19:08:10.205959,CUST_002839,0,1,0,21,115.17,2562.19,1,0,0,1,1,1,0,0,Male,Dallas,Month-to-month,Electronic check,Fiber optic
2026-05-09T19:09:10.221958,CUST_002840,0,1,0,9,101.25,860.87,1,1,0,0,1,0,0,1,Male,Chicago,Month-to-month,Electronic check,Fiber optic
2026-05-09T19:10:10.236673,CUST_002841,0,1,0,2,48.43,88.47,1,0,0,0,0,0,0,0,Male,Houston,Month-to-month,Credit card (automatic),No
2026-05-09T19:11:10.246633,CUST_002842,0,0,0,22,53.11,1197.04,1,1,0,0,0,0,0,0,Male,Dallas,Month-to-month,Electronic check,No
2026-05-09T19:12:10.262490,CUST_002843,0,0,0,6,107.41,671.85,1,1,1,1,1,1,1,1,Male,Chicago,Month-to-month,Electronic check,DSL
2026-05-09T19:13:10.269701,CUST_002844,0,1,0,16,91.28,1376.28,1,0,1,1,0,1,1,0,Male,San Francisco,Month-to-month,Credit card (automatic),DSL
2026-05-09T19:14:10.277316,CUST_002845,0,1,0,19,90.37,1732.11,1,1,0,1,0,0,1,1,Male,San Diego,One year,Credit card (automatic),DSL
2026-05-09T19:15:10.285493,CUST_002846,0,0,0,19,47.86,917.78,1,1,0,0,0,0,0,0,Female,Dallas,Month-to-month,Mailed check,No
2026-05-09T19:16:10.295937,CUST_002847,0,1,1,35,128.0,4560.4,1,1,0,1,1,1,1,0,Male,Chicago,One year,Credit card (automatic),Fiber optic
2026-05-09T19:17:10.303274,CUST_002848,0,1,0,12,97.63,1067.66,1,0,0,1,1,0,1,1,Male,Houston,Month-to-month,Bank transfer (automatic),DSL
2026-05-09T19:18:10.319163,CUST_002849,0,1,0,58,76.26,4650.49,1,0,1,1,0,0,0,0,Male,San Diego,Two year,Bank transfer (automatic),DSL
2026-05-09T19:19:10.334628,CUST_002850,0,1,0,3,55.05,159.7,1,1,0,0,0,0,0,0,Male,Chicago,Month-to-month,Bank transfer (automatic),No
2026-05-09T19:20:10.349821,CUST_002851,0,0,0,4,42.54,153.88,1,0,0,0,0,0,0,0,Male,Chicago,Month-to-month,Electronic check,No
2026-05-09T19:21:10.360397,CUST_002852,0,1,1,32,99.21,3128.38,1,0,0,0,0,0,1,0,Female,Los Angeles,One year,Credit card (automatic),Fiber optic
2026-05-09T19:22:10.366464,CUST_002853,0,0,0,15,122.05,1669.07,1,1,1,1,1,1,1,1,Female,Miami,Month-to-month,Bank transfer (automatic),DSL
2026-05-09T19:23:10.371458,CUST_002854,1,1,1,12,48.63,629.82,1,1,0,0,0,0,0,0,Female,Los Angeles,Month-to-month,Electronic check,No
2026-05-09T19:24:10.375197,CUST_002855,0,0,0,25,103.48,2507.84,1,0,0,0,1,0,0,1,Male,Chicago,One year,Bank transfer (automatic),Fiber optic
2026-05-09T19:25:10.389943,CUST_002856,0,1,0,27,123.48,3073.98,1,0,1,1,1,0,1,1,Female,Phoenix,One year,Electronic check,Fiber optic
2026-05-13T08:32:44.671421,CUST_002857,0,0,1,20,97.46,1778.76,1,0,1,0,0,0,0,0,Female,Los Angeles,One year,Bank transfer (automatic),Fiber optic
2026-05-13T08:33:44.686369,CUST_002858,0,1,0,52,124.55,5938.03,1,0,1,1,0,1,0,1,Male,Seattle,Two year,Electronic check,Fiber optic
2026-05-13T08:34:44.694026,CUST_002859,0,1,0,65,101.01,6775.75,1,1,1,1,1,1,1,0,Male,Miami,Two year,Electronic check,DSL
2026-05-13T08:35:44.697372,CUST_002860,0,1,0,17,88.36,1575.05,1,0,0,0,1,0,1,1,Female,Chicago,One year,Credit card (automatic),DSL
2026-05-13T08:36:44.705470,CUST_002861,1,1,0,7,135.69,868.34,1,1,1,0,1,1,1,1,Male,Dallas,Month-to-month,Electronic check,Fiber optic
2026-05-13T08:37:44.721821,CUST_002862,0,0,0,11,98.98,1090.88,1,0,0,1,0,0,1,0,Female,Seattle,Month-to-month,Electronic check,Fiber optic
2026-05-13T08:38:44.731322,CUST_002863,0,1,0,32,50.6,1575.02,1,1,0,0,0,0,0,0,Male,Miami,Two year,Bank transfer (automatic),No
2026-05-13T08:39:44.747285,CUST_002864,0,0,0,18,125.91,2301.23,1,0,1,1,0,1,0,1,Female,Miami,One year,Electronic check,Fiber optic
2026-05-13T08:40:44.756510,CUST_002865,0,0,0,28,80.45,2056.12,0,0,0,0,1,0,1,1,Male,Los Angeles,Two year,Credit card (automatic),Fiber optic
2026-05-13T08:41:44.773849,CUST_002866,0,0,0,28,106.17,2822.01,1,1,1,0,0,1,0,0,Female,Chicago,One year,Bank transfer (automatic),Fiber optic
2026-05-13T08:42:44.783885,CUST_002867,1,0,1,47,73.63,3488.96,1,0,0,0,0,0,0,0,Female,Los Angeles,One year,Credit card (automatic),DSL
2026-05-13T08:43:44.792668,CUST_002868,0,1,1,27,94.06,2496.28,1,0,1,0,1,1,1,1,Female,New York,One year,Credit card (automatic),DSL
2026-05-13T08:44:44.810904,CUST_002869,0,1,1,8,113.23,971.45,1,0,0,1,1,1,0,0,Female,Houston,Month-to-month,Electronic check,Fiber optic
2026-05-13T08:45:44.823512,CUST_002870,0,1,0,15,68.43,1118.72,0,0,1,0,1,0,1,1,Male,San Francisco,One year,Bank transfer (automatic),DSL
2026-05-13T08:46:44.831260,CUST_002871,0,1,0,4,86.05,336.57,1,0,1,0,0,0,1,0,Male,Phoenix,Month-to-month,Electronic check,DSL
2026-05-13T08:47:44.837040,CUST_002872,0,1,0,1,78.02,85.36,0,0,1,1,0,1,0,1,Female,San Francisco,Month-to-month,Electronic check,DSL
2026-05-13T08:48:44.846880,CUST_002873,0,1,1,41,81.31,3275.19,0,0,1,0,1,0,1,1,Female,Dallas,One year,Bank transfer (automatic),Fiber optic
2026-05-13T08:49:44.865545,CUST_002874,1,0,0,33,55.58,1850.14,1,1,0,0,0,0,0,0,Male,San Francisco,One year,Bank transfer (automatic),No
2026-05-13T08:50:44.874054,CUST_002875,0,1,1,20,112.23,2037.08,1,0,0,0,0,1,1,1,Male,San Diego,Month-to-month,Electronic check,Fiber optic
2026-05-13T08:51:44.892914,CUST_002876,0,0,0,20,111.71,2231.47,1,1,1,0,0,1,0,1,Female,New York,Month-to-month,Electronic check,Fiber optic
2026-05-13T08:52:44.903753,CUST_002877,0,1,0,0,111.92,0.0,1,0,1,1,1,0,1,1,Male,San Francisco,Month-to-month,Electronic check,Fiber optic
2026-05-13T08:53:44.917586,CUST_002878,0,0,1,19,81.45,1447.22,1,0,0,1,0,0,0,0,Male,Chicago,Month-to-month,Bank transfer (automatic),DSL
2026-05-13T08:54:44.932139,CUST_002879,1,1,0,7,125.1,897.27,1,1,1,1,1,0,1,0,Female,Seattle,Month-to-month,Mailed check,Fiber optic
2026-05-13T08:55:44.944457,CUST_002880,0,1,1,30,117.72,3380.37,1,1,0,1,1,0,0,1,Male,Dallas,One year,Bank transfer (automatic),Fiber optic
2026-05-13T08:56:44.951073,CUST_002881,0,1,1,35,98.79,3191.02,1,0,1,1,0,0,1,0,Male,San Francisco,One year,Credit card (automatic),DSL
2026-05-13T08:57:44.963376,CUST_002882,0,1,0,3,91.42,285.67,1,0,1,1,1,0,1,1,Male,Chicago,Month-to-month,Electronic check,DSL
2026-05-13T08:58:44.973545,CUST_002883,0,1,0,15,107.72,1646.79,1,0,0,1,0,1,0,1,Female,Chicago,One year,Credit card (automatic),Fiber optic
2026-05-13T08:59:44.987296,CUST_002884,0,0,0,16,106.7,1673.53,1,0,0,1,0,1,1,0,Female,Chicago,Month-to-month,Electronic check,Fiber optic
2026-05-13T09:00:44.992652,CUST_002885,0,1,0,13,110.59,1514.01,1,1,1,0,1,0,0,1,Male,New York,Month-to-month,Electronic check,Fiber optic
2026-05-13T09:01:45.007911,CUST_002886,0,1,0,11,130.6,1403.14,1,1,1,1,0,1,0,1,Male,Houston,Month-to-month,Bank transfer (automatic),Fiber optic
2026-05-13T09:02:45.015555,CUST_002887,0,0,1,68,117.18,7821.99,1,1,0,0,1,1,1,1,Male,Miami,Two year,Credit card (automatic),DSL
2026-05-13T09:03:45.019189,CUST_002888,0,1,0,16,108.99,1756.7,1,1,1,0,0,1,1,0,Female,Phoenix,Month-to-month,Bank transfer (automatic),Fiber optic
2026-05-13T09:04:45.027627,CUST_002889,0,0,0,3,86.52,252.57,0,0,1,1,1,0,0,0,Male,Chicago,Month-to-month,Mailed check,Fiber optic
2026-05-13T09:05:45.036275,CUST_002890,0,1,1,3,93.96,300.31,1,0,1,0,0,0,1,1,Male,Chicago,Month-to-month,Electronic check,DSL
2026-05-13T09:06:45.047686,CUST_002891,0,0,0,5,94.75,519.79,1,0,1,1,1,0,1,1,Female,Chicago,Month-to-month,Bank transfer (automatic),DSL
2026-05-13T09:07:45.067359,CUST_002892,1,1,1,23,124.06,2896.84,1,1,0,0,1,1,1,1,Female,San Francisco,Month-to-month,Electronic check,Fiber optic
2026-05-13T09:08:45.087707,CUST_002893,0,1,1,33,92.33,3278.01,1,0,1,0,1,0,1,0,Male,Dallas,One year,Bank transfer (automatic),DSL
2026-05-13T09:09:45.098659,CUST_002894,0,1,1,71,92.5,5992.62,1,0,0,1,0,0,1,1,Male,Phoenix,Two year,Bank transfer (automatic),DSL
2026-05-13T09:10:45.114899,CUST_002895,0,1,0,18,121.45,2125.59,1,1,1,0,0,1,1,1,Female,Houston,One year,Mailed check,Fiber optic
2026-05-13T09:11:45.123103,CUST_002896,0,1,1,26,111.41,2777.59,1,1,1,1,1,1,0,0,Female,San Diego,One year,Credit card (automatic),Fiber optic
2026-05-13T09:12:45.138162,CUST_002897,0,0,0,21,122.94,2586.7,1,0,1,1,0,1,1,1,Female,Seattle,One year,Bank transfer (automatic),Fiber optic
2026-05-13T09:13:45.153823,CUST_002898,0,1,0,37,74.82,2596.2,1,0,0,1,0,0,1,0,Female,San Diego,One year,Bank transfer (automatic),DSL
2026-05-13T09:14:45.167010,CUST_002899,0,0,0,13,100.54,1247.42,1,1,0,1,0,0,1,0,Male,Seattle,Month-to-month,Credit card (automatic),Fiber optic
2026-05-13T09:15:45.176129,CUST_002900,0,1,0,2,102.25,214.72,1,0,1,0,1,0,0,0,Female,Chicago,Month-to-month,Electronic check,Fiber optic
2026-05-13T09:16:45.187309,CUST_002901,0,1,0,5,110.58,526.52,1,1,1,0,1,0,0,1,Female,San Francisco,Month-to-month,Mailed check,Fiber optic
2026-05-13T09:17:45.200823,CUST_002902,0,0,0,37,107.21,3691.72,1,1,0,1,0,0,0,0,Male,Phoenix,Two year,Electronic check,Fiber optic
2026-05-13T09:18:45.216672,CUST_002903,0,0,0,11,114.37,1266.62,1,1,1,0,1,0,1,1,Male,Los Angeles,Month-to-month,Bank transfer (automatic),DSL
2026-05-13T09:19:45.232996,CUST_002904,1,0,1,11,110.21,1187.33,1,1,1,0,0,0,1,1,Male,Los Angeles,Month-to-month,Bank transfer (automatic),Fiber optic
2026-05-13T09:20:45.240846,CUST_002905,0,1,1,36,96.13,3354.23,1,0,1,1,0,1,1,1,Female,Houston,One year,Credit card (automatic),DSL
2026-05-13T09:21:45.247962,CUST_002906,0,0,0,26,78.04,2114.98,1,0,0,0,0,0,1,1,Female,Houston,One year,Credit card (automatic),DSL
2026-05-13T09:22:45.259092,CUST_002907,0,1,0,11,109.04,1250.94,1,1,0,1,0,0,0,1,Female,San Diego,Month-to-month,Mailed check,Fiber optic
2026-05-13T09:23:45.272637,CUST_002908,0,0,0,31,95.44,3238.38,1,0,0,0,0,0,1,0,Female,San Diego,One year,Bank transfer (automatic),Fiber optic
2026-05-13T09:24:45.281884,CUST_002909,0,1,1,44,114.74,4642.11,1,1,0,0,0,1,1,1,Male,New York,Two year,Mailed check,Fiber optic
2026-05-13T09:25:45.285447,CUST_002910,0,0,1,10,116.28,1168.18,1,0,0,0,1,1,1,1,Female,San Francisco,Month-to-month,Credit card (automatic),Fiber optic
2026-05-13T09:26:45.291954,CUST_002911,0,1,0,10,118.35,1241.34,1,1,0,1,0,0,1,1,Female,Dallas,Month-to-month,Electronic check,Fiber optic
2026-05-13T09:27:45.309975,CUST_002912,1,1,1,12,120.24,1464.9,1,0,0,1,1,1,1,1,Male,San Francisco,Month-to-month,Electronic check,Fiber optic
2026-05-13T09:28:45.314240,CUST_002913,0,1,0,41,100.37,4458.43,1,0,0,1,0,0,1,1,Female,Chicago,One year,Credit card (automatic),DSL
2026-05-13T09:29:45.322000,CUST_002914,0,0,1,23,114.86,2701.02,1,0,1,1,0,1,1,1,Female,Houston,Month-to-month,Electronic check,Fiber optic
2026-05-13T09:30:45.327205,CUST_002915,0,1,0,44,117.05,4800.19,1,0,1,0,0,1,1,0,Female,San Diego,One year,Bank transfer (automatic),Fiber optic
2026-05-13T09:31:45.338490,CUST_002916,1,1,0,4,104.51,409.71,1,1,0,0,1,0,1,0,Female,Seattle,Month-to-month,Electronic check,Fiber optic
2026-05-13T09:32:45.354910,CUST_002917,0,1,0,14,102.1,1472.6,1,0,1,0,0,1,0,0,Female,New York,Month-to-month,Electronic check,Fiber optic
2026-05-13T09:33:45.369030,CUST_002918,0,0,0,1,121.7,124.9,1,0,1,1,1,0,0,1,Female,New York,Month-to-month,Electronic check,Fiber optic
2026-05-13T09:34:45.375449,CUST_002919,0,1,0,51,52.73,2760.56,1,1,0,0,0,0,0,0,Female,New York,Two year,Credit card (automatic),No
2026-05-13T09:35:45.381994,CUST_002920,0,0,1,17,93.08,1455.54,1,1,0,0,0,0,0,1,Female,New York,Month-to-month,Mailed check,DSL
2026-05-13T09:36:45.392209,CUST_002921,0,0,0,40,110.0,4453.83,1,1,1,0,1,0,0,1,Female,Los Angeles,One year,Credit card (automatic),Fiber optic
2026-05-13T09:37:45.402459,CUST_002922,0,1,0,13,118.53,1575.2,1,0,0,1,1,0,1,1,Female,Los Angeles,Month-to-month,Mailed check,Fiber optic
2026-05-13T09:38:45.415720,CUST_002923,0,1,0,32,44.49,1468.87,1,0,0,0,0,0,0,0,Male,Los Angeles,One year,Bank transfer (automatic),No
2026-05-13T09:39:45.432841,CUST_002924,0,1,0,25,88.57,2006.55,1,0,1,0,1,0,0,0,Female,Los Angeles,One year,Credit card (automatic),DSL
2026-05-13T09:40:45.443999,CUST_002925,0,0,0,32,122.12,3680.42,1,0,0,1,0,1,1,1,Female,Phoenix,Two year,Electronic check,Fiber optic
2026-05-13T09:41:45.455318,CUST_002926,1,1,1,62,107.89,6141.68,1,1,1,1,0,0,0,1,Male,Houston,Two year,Credit card (automatic),Fiber optic
2026-05-13T09:42:45.463921,CUST_002927,0,0,0,18,119.47,2255.3,1,0,1,1,1,1,0,1,Male,Los Angeles,Month-to-month,Electronic check,Fiber optic
2026-05-13T09:43:45.478023,CUST_002928,0,1,1,26,104.86,2510.04,1,0,0,1,0,1,1,1,Male,Chicago,Two year,Credit card (automatic),Fiber optic
2026-05-13T09:44:45.496864,CUST_002929,0,0,0,41,54.37,2053.34,1,1,0,0,0,0,0,0,Female,Dallas,Two year,Electronic check,No
2026-05-13T09:45:45.508843,CUST_002930,1,0,0,37,93.57,3282.15,1,0,1,0,0,1,1,0,Female,Phoenix,One year,Bank transfer (automatic),DSL
2026-05-13T09:46:45.517440,CUST_002931,0,0,0,42,81.08,3548.91,1,0,0,1,0,0,1,0,Female,Houston,Two year,Credit card (automatic),DSL
2026-05-13T09:47:45.530124,CUST_002932,1,0,0,15,80.47,1155.97,1,0,1,1,0,0,0,0,Female,Phoenix,One year,Credit card (automatic),DSL
2026-05-13T09:48:45.541712,CUST_002933,0,1,0,26,107.01,2905.53,1,0,1,1,0,1,1,1,Female,Phoenix,One year,Bank transfer (automatic),Fiber optic
2026-05-13T09:49:45.558966,CUST_002934,0,0,1,7,124.07,782.52,1,1,1,1,1,0,1,1,Male,Phoenix,Month-to-month,Credit card (automatic),Fiber optic
2026-05-13T09:50:45.563779,CUST_002935,0,0,0,47,54.75,2535.45,1,1,0,0,0,0,0,0,Male,Los Angeles,One year,Credit card (automatic),No
2026-05-13T09:51:45.576870,CUST_002936,1,0,1,15,118.33,1766.46,1,1,1,1,1,0,0,1,Female,Chicago,Month-to-month,Bank transfer (automatic),Fiber optic
2026-05-13T09:52:45.590519,CUST_002937,0,0,0,16,112.09,1655.46,1,0,0,0,0,1,1,1,Female,Houston,Month-to-month,Credit card (automatic),Fiber optic
2026-05-13T09:53:45.608105,CUST_002938,0,1,0,43,104.86,4069.26,1,0,0,1,0,0,0,1,Female,Dallas,One year,Electronic check,Fiber optic
2026-05-13T09:54:45.621316,CUST_002939,0,1,0,10,130.09,1257.29,1,1,0,1,1,0,1,1,Male,New York,Month-to-month,Electronic check,Fiber optic
2026-05-13T09:55:45.636183,CUST_002940,1,1,0,50,108.28,5537.17,1,0,1,0,0,1,0,0,Female,Chicago,Two year,Credit card (automatic),Fiber optic
2026-05-13T09:56:45.652833,CUST_002941,1,1,0,16,96.17,1551.31,1,1,0,1,1,0,1,1,Female,Miami,Month-to-month,Mailed check,DSL
2026-05-13T09:57:45.668863,CUST_002942,0,1,1,59,92.41,5199.74,1,0,1,1,1,1,0,0,Male,San Francisco,Two year,Credit card (automatic),DSL
2026-05-13T09:58:45.671756,CUST_002943,0,1,0,8,88.36,690.41,1,1,0,0,0,1,1,1,Male,Phoenix,Month-to-month,Electronic check,DSL
2026-05-13T09:59:45.680464,CUST_002944,0,0,0,34,92.12,2880.69,1,0,0,1,0,0,0,0,Female,Los Angeles,One year,Credit card (automatic),Fiber optic
2026-05-13T10:00:45.696198,CUST_002945,0,1,1,22,132.88,2717.42,1,1,0,1,1,1,1,1,Female,Houston,Month-to-month,Mailed check,Fiber optic
2026-05-13T10:01:45.701746,CUST_002946,0,0,0,13,66.16,934.78,0,0,1,1,1,0,1,0,Female,New York,Month-to-month,Bank transfer (automatic),DSL
2026-05-13T10:02:45.715850,CUST_002947,1,1,0,21,52.61,1209.4,1,1,0,0,0,0,0,0,Female,Los Angeles,Month-to-month,Electronic check,No
2026-05-13T10:03:45.732136,CUST_002948,0,1,0,16,121.75,2116.92,1,1,1,0,0,0,1,1,Female,Seattle,Month-to-month,Electronic check,Fiber optic
2026-05-13T10:04:45.740256,CUST_002949,0,1,0,48,102.68,5106.35,1,0,1,0,0,0,0,0,Male,New York,Two year,Credit card (automatic),Fiber optic
2026-05-13T10:05:45.749453,CUST_002950,0,0,1,4,106.8,426.01,1,0,0,1,1,0,0,1,Male,San Diego,Month-to-month,Electronic check,Fiber optic
2026-05-13T10:06:45.765698,CUST_002951,0,0,1,10,100.21,1064.75,1,1,0,1,0,0,1,0,Male,Los Angeles,Month-to-month,Credit card (automatic),Fiber optic
2026-05-13T10:07:45.776944,CUST_002952,0,1,1,12,74.35,895.86,1,0,0,0,0,0,1,0,Female,Dallas,Month-to-month,Mailed check,DSL
2026-05-13T10:08:45.794651,CUST_002953,0,1,0,23,123.15,2957.01,1,1,0,1,1,0,1,1,Female,New York,One year,Credit card (automatic),Fiber optic
2026-05-13T10:09:45.804778,CUST_002954,0,1,0,16,103.46,1609.79,1,1,1,0,1,1,0,0,Male,Los Angeles,Month-to-month,Electronic check,DSL
2026-05-13T10:10:45.815615,CUST_002955,0,1,0,18,107.08,1880.69,1,1,0,1,0,0,1,1,Male,Houston,Month-to-month,Credit card (automatic),DSL
2026-05-13T10:11:45.821003,CUST_002956,0,1,0,21,80.95,1809.53,1,1,0,0,1,0,0,1,Female,New York,One year,Bank transfer (automatic),DSL
2026-05-13T10:12:45.838530,CUST_002957,0,1,1,25,98.44,2584.65,1,1,0,1,1,0,0,0,Male,Miami,Two year,Electronic check,DSL
2026-05-13T10:13:45.852195,CUST_002958,0,0,0,34,121.4,4464.09,1,1,1,1,1,0,0,1,Female,San Diego,One year,Credit card (automatic),Fiber optic
2026-05-13T10:14:45.865174,CUST_002959,0,1,0,7,76.64,516.67,0,0,1,1,0,0,0,1,Female,San Diego,Month-to-month,Electronic check,Fiber optic
2026-05-13T10:15:45.878988,CUST_002960,0,1,0,43,48.39,2144.78,1,0,0,0,0,0,0,0,Female,New York,One year,Mailed check,No
2026-05-13T10:16:45.893180,CUST_002961,0,0,0,9,53.45,439.88,1,1,0,0,0,0,0,0,Male,Chicago,Month-to-month,Electronic check,No
2026-05-13T10:17:45.903877,CUST_002962,0,0,1,32,127.13,3939.31,1,0,1,1,1,1,1,0,Female,San Francisco,Two year,Mailed check,Fiber optic
2026-05-13T10:18:45.922746,CUST_002963,0,1,0,12,105.22,1342.91,1,0,0,1,1,0,1,1,Male,Seattle,Month-to-month,Electronic check,DSL
2026-05-13T10:19:45.926233,CUST_002964,0,0,0,15,97.07,1335.31,1,0,0,1,1,0,1,0,Male,Chicago,Month-to-month,Mailed check,DSL
2026-05-13T10:20:45.939683,CUST_002965,0,1,0,66,111.68,7450.04,1,0,1,1,0,0,1,0,Male,Houston,Two year,Credit card (automatic),Fiber optic
2026-05-13T10:21:45.943704,CUST_002966,0,0,1,31,101.51,3448.15,1,0,0,1,0,0,1,0,Male,Houston,One year,Credit card (automatic),Fiber optic
2026-05-13T10:22:45.956093,CUST_002967,0,1,1,40,116.63,4314.79,1,1,0,1,0,1,0,1,Female,Dallas,One year,Credit card (automatic),Fiber optic
2026-05-13T10:23:45.963965,CUST_002968,0,0,0,2,74.93,156.17,0,0,1,0,0,0,1,0,Female,San Diego,Month-to-month,Credit card (automatic),Fiber optic
2026-05-13T10:24:45.986047,CUST_002969,0,1,0,15,112.9,1855.14,1,0,0,1,1,0,1,0,Male,Seattle,Month-to-month,Electronic check,Fiber optic
2026-05-13T10:25:46.014436,CUST_002970,1,0,1,50,106.81,5011.45,1,1,0,1,0,0,1,0,Male,New York,Two year,Credit card (automatic),Fiber optic
2026-05-13T10:26:46.030217,CUST_002971,0,0,1,19,47.65,839.92,0,0,0,0,0,0,1,0,Male,Houston,Month-to-month,Electronic check,DSL
2026-05-13T10:27:46.043756,CUST_002972,0,1,1,32,109.26,3226.08,1,0,0,0,1,1,1,1,Male,San Diego,One year,Credit card (automatic),Fiber optic
2026-05-13T10:28:46.052250,CUST_002973,0,1,1,13,90.51,1063.45,1,0,0,1,0,0,0,0,Male,Miami,One year,Mailed check,Fiber optic
2026-05-13T10:29:46.065892,CUST_002974,0,1,0,22,105.06,2456.69,1,0,0,0,0,0,1,1,Female,Houston,Month-to-month,Electronic check,Fiber optic
2026-05-13T10:30:46.084202,CUST_002975,0,0,1,0,75.69,0.0,0,0,0,0,0,1,1,1,Male,Los Angeles,Month-to-month,Bank transfer (automatic),Fiber optic
2026-05-13T10:31:46.088581,CUST_002976,0,1,0,14,84.38,1178.77,1,0,0,0,1,0,1,0,Female,Phoenix,One year,Bank transfer (automatic),DSL
2026-05-13T10:32:46.107287,CUST_002977,0,0,0,47,18.31,783.72,0,0,0,0,0,0,0,0,Male,Miami,Two year,Credit card (automatic),No
2026-05-13T10:33:46.124524,CUST_002978,0,1,1,21,112.87,2353.35,1,1,1,1,0,0,1,0,Male,Chicago,Month-to-month,Bank transfer (automatic),Fiber optic
2026-05-13T10:34:46.137151,CUST_002979,0,0,0,50,85.56,4458.23,1,1,0,0,1,0,0,0,Male,Chicago,Two year,Bank transfer (automatic),DSL
2026-05-13T10:35:46.155602,CUST_002980,0,1,1,48,109.44,5580.7,1,0,1,0,1,1,0,0,Female,New York,One year,Bank transfer (automatic),Fiber optic
2026-05-13T10:36:46.169750,CUST_002981,0,1,0,19,112.7,1978.71,1,0,1,1,0,0,1,1,Female,Dallas,Month-to-month,Mailed check,Fiber optic
2026-05-13T10:37:46.185283,CUST_002982,0,1,0,42,99.21,4129.45,1,0,1,0,1,0,0,1,Female,Houston,Two year,Credit card (automatic),Fiber optic
2026-05-13T10:38:46.201573,CUST_002983,0,1,0,4,117.71,463.82,1,0,0,1,1,0,1,1,Female,Chicago,Month-to-month,Electronic check,Fiber optic
2026-05-13T10:39:46.214538,CUST_002984,0,1,0,15,104.88,1715.33,1,0,1,1,0,0,0,0,Female,Chicago,Month-to-month,Bank transfer (automatic),Fiber optic
2026-05-13T10:40:46.221447,CUST_002985,0,0,1,17,87.77,1602.03,1,1,1,0,1,0,1,0,Male,Seattle,Month-to-month,Electronic check,DSL
2026-05-13T10:41:46.241323,CUST_002986,1,1,0,67,82.74,5560.77,1,1,0,0,1,0,0,1,Female,Phoenix,Two year,Credit card (automatic),DSL
2026-05-13T10:42:46.249866,CUST_002987,0,1,0,0,118.66,0.0,1,0,1,1,0,0,1,1,Female,Los Angeles,Month-to-month,Electronic check,Fiber optic
2026-05-13T10:43:46.254569,CUST_002988,0,0,0,26,129.5,3107.94,1,1,1,0,0,1,1,1,Female,New York,Two year,Credit card (automatic),Fiber optic
2026-05-13T10:44:46.261331,CUST_002989,0,0,0,42,110.96,4982.01,1,1,1,0,0,0,0,1,Female,Los Angeles,One year,Mailed check,Fiber optic
2026-05-13T10:45:46.273418,CUST_002990,0,0,0,43,62.61,2546.34,0,0,0,0,1,0,1,0,Female,San Diego,Two year,Credit card (automatic),DSL
2026-05-13T10:46:46.282501,CUST_002991,0,1,1,14,115.06,1681.0,1,0,0,1,0,0,1,1,Female,Houston,One year,Credit card (automatic),Fiber optic
2026-05-13T10:47:46.297314,CUST_002992,0,1,0,32,111.3,3491.43,1,1,0,1,0,1,0,0,Male,Los Angeles,Two year,Electronic check,Fiber optic
2026-05-13T10:48:46.309026,CUST_002993,0,0,0,12,99.26,1305.55,1,0,1,1,1,1,1,1,Male,Phoenix,Month-to-month,Credit card (automatic),DSL
2026-05-13T10:49:46.315834,CUST_002994,0,1,0,11,102.37,1059.75,1,0,1,1,0,0,0,1,Male,Chicago,Month-to-month,Bank transfer (automatic),Fiber optic
2026-05-13T10:50:46.322711,CUST_002995,0,0,0,16,57.45,872.08,1,1,0,0,0,0,0,0,Male,New York,Month-to-month,Electronic check,No
2026-05-13T10:51:46.330014,CUST_002996,0,0,0,18,40.17,739.82,1,0,0,0,0,0,0,0,Female,San Francisco,Month-to-month,Credit card (automatic),No
2026-05-13T10:52:46.342249,CUST_002997,1,1,0,5,104.61,545.93,1,1,0,1,1,1,0,1,Female,New York,Month-to-month,Mailed check,DSL
2026-05-13T10:53:46.347903,CUST_002998,0,1,1,6,108.75,635.63,1,1,0,0,1,0,0,0,Male,Houston,Month-to-month,Bank transfer (automatic),Fiber optic
2026-05-13T10:54:46.357509,CUST_002999,0,1,0,39,91.1,3818.79,1,0,1,0,1,0,0,0,Female,New York,One year,Bank transfer (automatic),DSL
2026-05-13T10:55:46.371445,CUST_003000,0,0,0,12,102.9,1303.4,1,0,1,1,1,0,0,1,Female,Chicago,One year,Mailed check,Fiber optic
2026-05-13T10:56:46.383947,CUST_003001,0,1,1,21,98.91,2256.55,1,1,0,1,0,1,0,0,Male,Dallas,Month-to-month,Electronic check,DSL
2026-05-13T10:57:46.395725,CUST_003002,0,1,0,1,105.49,105.58,1,1,0,0,0,0,1,0,Male,Los Angeles,Month-to-month,Electronic check,Fiber optic
2026-05-13T10:58:46.403594,CUST_003003,0,1,1,71,93.75,7008.47,1,0,1,1,0,0,0,0,Female,New York,Two year,Bank transfer (automatic),Fiber optic
2026-05-13T10:59:46.415723,CUST_003004,0,1,1,16,122.65,1869.47,1,0,1,0,1,0,1,1,Female,San Diego,Month-to-month,Bank transfer (automatic),Fiber optic
2026-05-13T11:00:46.431402,CUST_003005,0,1,0,14,49.54,651.88,1,0,0,0,0,0,0,0,Male,San Francisco,One year,Credit card (automatic),No
2026-05-13T11:01:46.442193,CUST_003006,1,1,1,15,72.22,1001.21,1,1,0,0,0,0,0,0,Male,Chicago,Month-to-month,Electronic check,DSL
2026-05-13T11:02:46.463804,CUST_003007,0,0,0,27,93.52,2542.88,1,1,0,0,0,1,1,0,Female,New York,Two year,Bank transfer (automatic),DSL
2026-05-13T11:03:46.479706,CUST_003008,0,0,0,14,98.87,1502.42,1,0,1,1,1,1,1,0,Male,Miami,Month-to-month,Bank transfer (automatic),DSL
2026-05-13T11:04:46.497353,CUST_003009,0,1,0,4,45.14,194.66,1,0,0,0,0,0,0,0,Female,Seattle,Month-to-month,Electronic check,No
2026-05-13T11:05:46.516265,CUST_003010,0,1,1,5,105.23,475.88,1,1,0,0,0,1,0,0,Male,Dallas,Month-to-month,Mailed check,Fiber optic
2026-05-13T11:06:46.529464,CUST_003011,0,0,1,18,116.42,2015.79,1,1,0,0,1,1,1,0,Female,Phoenix,One year,Credit card (automatic),Fiber optic
2026-05-13T11:07:46.541129,CUST_003012,0,1,1,45,114.76,5168.79,1,0,1,0,1,1,0,1,Female,Miami,One year,Bank transfer (automatic),Fiber optic
2026-05-13T11:08:46.556512,CUST_003013,1,0,1,40,95.79,3632.06,1,0,0,0,0,1,0,1,Female,Miami,One year,Electronic check,Fiber optic
2026-05-13T11:09:46.571218,CUST_003014,0,0,0,54,83.37,4289.47,1,0,1,0,1,0,0,1,Male,New York,Two year,Bank transfer (automatic),DSL
2026-05-13T11:10:46.577305,CUST_003015,0,1,1,19,103.9,1987.63,1,0,1,1,0,0,1,0,Female,San Francisco,Month-to-month,Bank transfer (automatic),Fiber optic
2026-05-13T11:11:46.590025,CUST_003016,0,1,1,59,42.35,2372.88,1,0,0,0,0,0,0,0,Female,Miami,Two year,Electronic check,No
2026-05-13T11:34:45.024024,CUST_003017,0,1,1,34,86.14,3023.17,1,0,0,0,1,0,1,1,Female,Chicago,Two year,Credit card (automatic),DSL
2026-05-13T11:35:45.037124,CUST_003018,0,0,0,19,96.82,1885.4,1,1,1,1,0,0,1,1,Male,Los Angeles,Month-to-month,Bank transfer (automatic),DSL
2026-05-13T11:36:45.054144,CUST_003019,0,1,0,51,96.53,5310.46,1,1,1,0,1,0,1,0,Female,Seattle,Two year,Credit card (automatic),DSL
2026-05-13T11:37:45.063027,CUST_003020,0,1,1,20,101.7,2233.1,1,0,0,0,1,0,0,1,Male,Miami,One year,Credit card (automatic),Fiber optic
2026-05-13T11:38:45.065982,CUST_003021,1,1,1,19,91.72,1704.65,1,0,0,0,0,0,1,0,Female,Chicago,Month-to-month,Bank transfer (automatic),Fiber optic
2026-05-13T11:39:45.078801,CUST_003022,0,1,1,17,97.86,1649.94,1,0,1,0,0,1,1,0,Female,Los Angeles,Month-to-month,Credit card (automatic),Fiber optic
2026-05-13T11:40:45.082785,CUST_003023,0,1,1,12,106.14,1385.69,1,1,1,1,1,0,0,0,Male,Phoenix,Month-to-month,Mailed check,Fiber optic
2026-05-13T11:41:45.094092,CUST_003024,0,0,1,21,88.32,2008.16,1,1,0,0,1,1,0,0,Female,Phoenix,Month-to-month,Credit card (automatic),DSL
2026-05-13T12:05:58.954260,CUST_003025,0,1,0,70,102.4,7348.72,1,1,0,0,1,0,0,1,Female,Chicago,Two year,Credit card (automatic),Fiber optic
2026-05-13T12:06:58.966993,CUST_003026,0,1,0,8,119.08,961.19,1,0,0,1,1,1,1,1,Male,San Diego,Month-to-month,Electronic check,Fiber optic
2026-05-13T12:07:58.974644,CUST_003027,0,1,0,6,85.02,507.89,0,0,0,1,1,0,0,1,Male,Phoenix,Month-to-month,Credit card (automatic),Fiber optic
2026-05-13T12:08:58.979045,CUST_003028,0,0,0,36,80.29,2849.85,0,0,1,1,0,0,0,0,Male,New York,One year,Credit card (automatic),Fiber optic
2026-05-13T12:09:58.992163,CUST_003029,1,1,1,3,100.85,314.07,0,0,1,1,1,1,0,1,Female,San Francisco,Month-to-month,Mailed check,Fiber optic
2026-05-13T12:10:58.996269,CUST_003030,0,1,0,47,92.0,4641.45,0,0,0,0,1,0,1,1,Female,Miami,One year,Bank transfer (automatic),Fiber optic
2026-05-13T12:11:59.010836,CUST_003031,1,0,1,61,67.09,3941.98,0,0,1,1,0,1,0,1,Female,Dallas,Two year,Electronic check,DSL
2026-05-13T12:12:59.025992,CUST_003032,0,1,0,11,109.46,1151.81,1,1,0,1,1,0,1,1,Female,Seattle,Month-to-month,Electronic check,DSL
2026-05-13T12:13:59.033724,CUST_003033,0,1,0,23,109.26,2562.29,1,1,1,1,0,1,0,0,Male,New York,One year,Credit card (automatic),Fiber optic
2026-05-13T12:14:59.043545,CUST_003034,0,0,0,25,110.11,2738.66,1,0,1,1,0,0,1,0,Female,San Francisco,One year,Bank transfer (automatic),Fiber optic
2026-05-13T12:15:59.052772,CUST_003035,0,0,0,45,109.95,5431.56,1,1,1,1,0,0,1,0,Male,Miami,One year,Credit card (automatic),Fiber optic
2026-05-13T12:16:59.064356,CUST_003036,0,0,0,50,52.83,2718.17,1,1,0,0,0,0,0,0,Male,Houston,Two year,Bank transfer (automatic),No
2026-05-13T12:17:59.072686,CUST_003037,1,1,1,50,99.25,5300.9,1,0,1,1,0,1,1,1,Female,Phoenix,Two year,Electronic check,DSL
2026-05-13T12:18:59.087738,CUST_003038,1,0,1,6,117.64,683.16,1,0,0,1,1,1,1,1,Male,Seattle,Month-to-month,Electronic check,Fiber optic
2026-05-13T12:19:59.095086,CUST_003039,0,1,0,16,92.42,1456.8,1,1,0,0,0,1,0,0,Female,Houston,One year,Bank transfer (automatic),DSL
2026-05-13T12:20:59.103689,CUST_003040,0,1,0,27,86.97,2412.43,1,1,0,0,0,0,1,0,Female,Los Angeles,Two year,Bank transfer (automatic),DSL
2026-05-13T12:21:59.114504,CUST_003041,1,1,0,21,48.8,1015.17,1,0,0,0,0,0,0,0,Male,Dallas,Month-to-month,Bank transfer (automatic),No
2026-05-13T12:22:59.121106,CUST_003042,0,0,0,2,103.44,217.11,1,0,1,0,0,0,1,1,Female,Chicago,Month-to-month,Mailed check,Fiber optic
2026-05-13T12:23:59.124650,CUST_003043,0,0,0,16,115.54,1671.63,1,1,1,1,0,1,1,0,Male,Houston,Month-to-month,Bank transfer (automatic),Fiber optic
2026-05-13T12:24:59.126957,CUST_003044,0,0,0,11,90.15,1050.52,1,1,0,0,1,1,0,0,Female,Dallas,Month-to-month,Electronic check,DSL
2026-05-13T12:25:59.141075,CUST_003045,0,1,0,14,133.11,1821.02,1,0,1,1,1,0,1,1,Female,Miami,Month-to-month,Mailed check,Fiber optic
2026-05-13T12:26:59.146314,CUST_003046,0,1,1,38,100.72,3763.56,1,0,0,1,0,0,0,0,Male,New York,Two year,Bank transfer (automatic),Fiber optic
2026-05-13T12:27:59.157321,CUST_003047,0,1,0,21,20.85,459.98,0,0,0,0,0,0,0,0,Female,San Francisco,Month-to-month,Electronic check,No
2026-05-13T12:28:59.170673,CUST_003048,0,1,0,31,92.62,2652.78,1,1,0,1,1,1,0,1,Female,Los Angeles,One year,Credit card (automatic),DSL
2026-05-13T12:29:59.186707,CUST_003049,0,0,0,14,101.25,1324.57,1,0,1,1,0,1,0,1,Male,Los Angeles,Month-to-month,Electronic check,DSL
2026-05-13T12:30:59.201660,CUST_003050,0,1,0,53,87.43,4987.94,1,1,0,1,0,1,0,0,Female,New York,Two year,Electronic check,DSL
2026-05-13T12:31:59.217323,CUST_003051,0,0,1,19,45.07,885.57,1,0,0,0,0,0,0,0,Female,New York,Month-to-month,Electronic check,No
2026-05-13T12:32:59.224217,CUST_003052,1,1,1,21,83.93,1893.59,1,1,0,0,0,1,0,0,Male,Phoenix,Month-to-month,Electronic check,DSL
2026-05-13T12:33:59.234438,CUST_003053,0,1,0,12,75.46,908.29,0,0,0,0,1,0,1,0,Male,Miami,Month-to-month,Electronic check,Fiber optic
2026-05-13T12:34:59.239919,CUST_003054,0,1,0,37,97.02,3423.44,1,1,1,1,1,0,1,1,Male,New York,One year,Bank transfer (automatic),DSL
2026-05-13T12:35:59.250642,CUST_003055,0,0,0,18,102.11,1944.68,1,0,0,0,0,0,1,1,Female,Dallas,Month-to-month,Credit card (automatic),Fiber optic
2026-05-13T12:36:59.257224,CUST_003056,1,0,0,35,95.9,3160.31,1,1,1,0,0,0,1,1,Male,Chicago,Two year,Credit card (automatic),DSL
2026-05-13T12:37:59.267832,CUST_003057,0,1,0,13,101.46,1229.55,1,0,1,1,0,1,0,0,Male,Chicago,Month-to-month,Credit card (automatic),Fiber optic
2026-05-13T12:38:59.281924,CUST_003058,0,1,0,6,130.7,745.11,1,1,1,1,0,1,1,0,Female,Los Angeles,Month-to-month,Electronic check,Fiber optic
2026-05-13T12:39:59.289583,CUST_003059,0,0,0,19,48.66,979.95,1,0,0,0,0,0,0,0,Male,Los Angeles,Month-to-month,Credit card (automatic),No
2026-05-13T12:40:59.306319,CUST_003060,0,0,0,2,120.25,254.92,1,1,0,0,0,1,1,1,Male,Houston,Month-to-month,Bank transfer (automatic),Fiber optic
2026-05-13T12:41:59.322159,CUST_003061,0,0,1,14,130.24,1730.81,1,1,0,1,0,1,1,1,Female,New York,Month-to-month,Mailed check,Fiber optic
2026-05-13T12:42:59.331270,CUST_003062,0,1,1,15,53.2,862.32,1,1,0,0,0,0,0,0,Male,New York,Month-to-month,Credit card (automatic),No
2026-05-13T12:43:59.348667,CUST_003063,0,1,0,33,126.33,4191.86,1,1,1,1,1,0,0,0,Female,Seattle,Two year,Bank transfer (automatic),Fiber optic
2026-05-13T12:44:59.362630,CUST_003064,0,0,1,47,82.58,4130.59,1,1,0,0,1,1,0,0,Female,Dallas,Two year,Bank transfer (automatic),DSL
2026-05-13T12:45:59.371246,CUST_003065,0,1,1,9,104.04,972.24,1,0,0,0,0,1,1,0,Female,Phoenix,Month-to-month,Electronic check,Fiber optic
2026-05-13T12:46:59.384695,CUST_003066,0,0,1,39,101.73,4208.49,1,0,1,0,0,0,1,0,Male,Houston,One year,Electronic check,Fiber optic
2026-05-13T12:47:59.398198,CUST_003067,0,0,0,22,116.75,2757.75,1,0,1,1,1,0,1,1,Male,Dallas,Month-to-month,Mailed check,Fiber optic
2026-05-13T12:48:59.401691,CUST_003068,0,1,0,13,47.57,650.58,1,0,0,0,0,0,0,0,Male,San Diego,One year,Electronic check,No
2026-05-13T12:49:59.416400,CUST_003069,1,0,0,12,109.38,1220.4,1,0,1,1,1,1,0,0,Male,Los Angeles,Month-to-month,Bank transfer (automatic),DSL
2026-05-13T12:50:59.427287,CUST_003070,0,0,1,45,83.76,3773.01,0,0,0,0,0,1,0,1,Male,Los Angeles,Two year,Bank transfer (automatic),Fiber optic
2026-05-13T12:51:59.436838,CUST_003071,0,0,0,8,101.16,755.54,1,1,1,0,1,0,0,1,Female,Houston,Month-to-month,Bank transfer (automatic),DSL
2026-05-13T12:52:59.438904,CUST_003072,0,1,0,2,46.89,101.8,1,0,0,0,0,0,0,0,Male,Houston,Month-to-month,Bank transfer (automatic),No
2026-05-13T12:53:59.450168,CUST_003073,1,1,0,1,99.19,101.27,1,0,1,0,1,0,0,0,Male,Seattle,Month-to-month,Mailed check,Fiber optic
2026-05-13T12:54:59.456835,CUST_003074,0,1,0,20,48.85,966.94,1,0,0,0,0,0,0,0,Male,Los Angeles,Month-to-month,Mailed check,No
2026-05-13T12:55:59.464208,CUST_003075,0,1,1,20,44.1,815.5,1,0,0,0,0,0,0,0,Male,Los Angeles,Month-to-month,Electronic check,No
2026-05-13T12:56:59.479021,CUST_003076,0,1,1,9,53.96,442.7,1,1,0,0,0,0,0,0,Female,Dallas,Month-to-month,Electronic check,No
2026-05-13T12:57:59.483397,CUST_003077,0,0,0,14,113.5,1595.06,1,0,1,1,1,1,1,0,Female,Los Angeles,Month-to-month,Mailed check,DSL
2026-05-13T12:58:59.495259,CUST_003078,0,0,0,60,123.26,7030.46,1,0,1,0,1,1,0,1,Female,Seattle,Two year,Bank transfer (automatic),Fiber optic
2026-05-13T12:59:59.497269,CUST_003079,0,0,0,44,80.26,3840.21,0,0,1,0,0,1,0,1,Male,Los Angeles,Two year,Credit card (automatic),Fiber optic
2026-05-13T13:00:59.501927,CUST_003080,0,1,1,53,102.25,5358.2,1,1,1,1,0,0,1,1,Female,Phoenix,Two year,Bank transfer (automatic),DSL
2026-05-13T13:01:59.518144,CUST_003081,0,1,1,27,81.12,2235.53,0,0,0,1,0,0,1,0,Male,Los Angeles,One year,Bank transfer (automatic),Fiber optic
2026-05-13T13:02:59.525962,CUST_003082,1,1,0,10,48.46,513.4,1,1,0,0,0,0,0,0,Female,Houston,Month-to-month,Electronic check,No
2026-05-13T13:03:59.533705,CUST_003083,0,0,0,48,83.54,4211.95,1,1,0,0,0,0,1,1,Male,San Diego,One year,Bank transfer (automatic),DSL
2026-05-13T13:04:59.545218,CUST_003084,0,1,0,14,100.19,1275.25,1,0,1,0,1,1,1,0,Male,Phoenix,Month-to-month,Credit card (automatic),DSL
2026-05-13T13:05:59.549596,CUST_003085,0,0,0,40,48.12,2091.25,0,0,0,0,0,0,0,0,Male,San Diego,One year,Mailed check,DSL
2026-05-13T13:06:59.564476,CUST_003086,0,0,0,20,77.01,1418.65,1,0,0,0,0,0,1,0,Male,New York,Month-to-month,Mailed check,DSL
2026-05-13T13:07:59.569484,CUST_003087,0,1,1,19,119.44,2172.42,1,1,0,1,0,0,1,1,Male,Houston,Month-to-month,Electronic check,Fiber optic
2026-05-13T13:08:59.573069,CUST_003088,0,0,0,24,91.21,2198.21,1,0,0,0,0,0,1,1,Male,Chicago,One year,Credit card (automatic),DSL
2026-05-13T13:09:59.579473,CUST_003089,0,1,0,70,101.94,7713.54,1,1,0,0,0,1,0,0,Male,New York,Two year,Electronic check,Fiber optic
2026-05-13T13:10:59.589976,CUST_003090,0,1,0,41,83.19,3074.98,1,0,1,1,0,0,1,0,Female,Los Angeles,Two year,Electronic check,DSL
2026-05-13T13:11:59.606713,CUST_003091,0,1,1,30,96.84,2688.14,1,1,1,1,1,0,0,0,Male,Dallas,One year,Credit card (automatic),DSL
2026-05-13T13:12:59.614226,CUST_003092,0,1,0,14,100.25,1424.36,1,1,0,0,1,1,0,1,Male,Miami,Month-to-month,Electronic check,DSL
2026-05-13T13:13:59.626264,CUST_003093,0,0,0,16,114.12,1706.05,1,1,0,0,1,1,1,0,Male,New York,One year,Credit card (automatic),Fiber optic
2026-05-13T13:14:59.642903,CUST_003094,1,0,0,3,47.31,132.57,1,1,0,0,0,0,0,0,Female,San Francisco,Month-to-month,Electronic check,No
2026-05-13T13:15:59.655631,CUST_003095,0,1,0,10,83.55,824.41,1,0,0,0,0,0,1,1,Male,Miami,Month-to-month,Credit card (automatic),DSL
2026-05-13T13:16:59.664992,CUST_003096,0,1,0,4,110.11,426.45,1,1,1,1,1,0,0,1,Male,Los Angeles,Month-to-month,Bank transfer (automatic),Fiber optic
2026-05-13T13:17:59.676044,CUST_003097,0,0,0,19,44.34,852.63,1,0,0,0,0,0,0,0,Male,Chicago,Month-to-month,Electronic check,No
2026-05-13T13:18:59.680939,CUST_003098,0,0,0,35,101.01,3535.37,1,0,1,1,1,0,1,0,Male,Los Angeles,Two year,Bank transfer (automatic),DSL
2026-05-13T13:20:00.560231,CUST_003099,0,0,0,8,128.31,989.18,1,1,1,0,1,1,1,1,Female,Houston,Month-to-month,Electronic check,Fiber optic
2026-05-13T13:21:00.562075,CUST_003100,0,0,0,21,89.14,1786.76,1,0,0,0,0,0,0,1,Female,Miami,Month-to-month,Credit card (automatic),Fiber optic
2026-05-13T13:22:00.578206,CUST_003101,0,1,0,31,92.71,2704.1,1,1,1,0,0,1,1,0,Female,Miami,One year,Electronic check,DSL
2026-05-13T13:23:00.584806,CUST_003102,0,0,0,12,98.72,1180.72,1,1,0,0,1,0,0,0,Female,Miami,Month-to-month,Mailed check,Fiber optic
2026-05-13T13:24:00.594713,CUST_003103,0,0,0,20,55.36,1213.11,0,0,0,0,0,0,1,0,Male,Miami,Month-to-month,Credit card (automatic),DSL
2026-05-13T13:48:29.181130,CUST_003104,0,1,0,46,97.46,4290.19,1,1,0,0,0,0,1,0,Male,Phoenix,One year,Credit card (automatic),Fiber optic
2026-05-13T13:49:29.183744,CUST_003105,0,1,0,56,82.56,4461.69,0,0,1,1,0,1,1,1,Female,Dallas,Two year,Credit card (automatic),DSL
2026-05-13T13:50:29.193589,CUST_003106,0,1,0,21,99.42,2025.45,1,1,0,0,0,1,1,1,Female,Miami,Month-to-month,Bank transfer (automatic),DSL
2026-05-13T13:51:29.202548,CUST_003107,0,0,1,27,42.87,1049.22,1,0,0,0,0,0,0,0,Female,Los Angeles,Two year,Bank transfer (automatic),No
2026-05-13T13:52:29.206551,CUST_003108,0,1,1,13,108.55,1309.34,1,1,1,1,1,0,1,0,Female,Chicago,Month-to-month,Mailed check,DSL
2026-05-13T13:53:29.209322,CUST_003109,0,0,0,34,110.61,3957.54,1,1,0,1,0,0,0,1,Female,San Diego,Two year,Credit card (automatic),Fiber optic
2026-05-13T13:54:29.224927,CUST_003110,1,1,0,19,83.89,1736.41,0,0,1,1,0,1,0,1,Female,San Diego,Month-to-month,Bank transfer (automatic),Fiber optic
2026-05-13T13:55:29.227678,CUST_003111,0,1,1,11,70.62,731.68,1,0,0,0,1,0,0,0,Male,Miami,Month-to-month,Credit card (automatic),DSL
2026-05-13T13:56:29.244393,CUST_003112,0,0,0,58,100.06,6294.75,1,1,0,1,0,1,1,1,Male,Houston,Two year,Bank transfer (automatic),DSL
2026-05-13T13:57:29.269344,CUST_003113,0,1,0,42,95.47,3981.12,1,0,1,0,1,1,1,0,Male,Los Angeles,One year,Mailed check,DSL
2026-05-13T13:58:29.280941,CUST_003114,0,1,0,35,65.34,2145.83,0,0,1,1,0,0,1,0,Female,Miami,Two year,Credit card (automatic),DSL
2026-05-13T13:59:29.292046,CUST_003115,0,1,0,25,81.79,2133.49,1,0,1,0,0,0,0,1,Male,New York,Two year,Bank transfer (automatic),DSL
2026-05-13T14:00:29.307992,CUST_003116,0,0,0,22,108.22,2197.83,1,1,1,1,0,0,1,1,Male,Los Angeles,Month-to-month,Bank transfer (automatic),DSL
2026-05-13T14:01:29.314777,CUST_003117,0,0,0,2,110.28,238.56,1,1,0,1,0,1,0,0,Male,Chicago,Month-to-month,Credit card (automatic),Fiber optic
2026-05-13T14:02:29.335173,CUST_003118,0,1,1,1,106.1,105.33,1,0,1,0,1,1,0,0,Male,San Diego,Month-to-month,Electronic check,Fiber optic
2026-05-13T14:03:29.352271,CUST_003119,0,1,0,29,67.66,2091.04,0,0,0,1,1,0,1,1,Male,Chicago,One year,Credit card (automatic),DSL
2026-05-13T14:04:29.363341,CUST_003120,0,1,0,22,106.27,2484.26,1,1,0,0,1,1,0,1,Female,New York,Month-to-month,Bank transfer (automatic),Fiber optic
2026-05-13T14:05:29.380174,CUST_003121,0,1,0,30,73.7,2362.98,0,0,0,0,0,0,1,1,Male,Houston,One year,Bank transfer (automatic),Fiber optic
2026-05-13T14:06:29.394612,CUST_003122,0,1,1,26,104.62,2468.9,1,1,0,1,0,0,0,1,Female,San Diego,Two year,Electronic check,Fiber optic
2026-05-13T14:07:29.401729,CUST_003123,1,1,0,29,53.67,1565.3,0,0,1,0,0,1,0,1,Female,San Diego,One year,Electronic check,DSL
2026-05-13T14:08:29.404286,CUST_003124,0,1,1,40,117.6,5077.37,1,1,0,1,0,0,1,1,Female,Los Angeles,One year,Bank transfer (automatic),Fiber optic
2026-05-13T14:09:29.422620,CUST_003125,0,1,0,18,96.28,1635.93,1,0,1,1,1,1,0,0,Female,Dallas,Month-to-month,Electronic check,DSL
2026-05-13T14:10:29.425935,CUST_003126,0,0,1,7,108.94,827.0,1,0,1,0,0,1,1,1,Female,Los Angeles,Month-to-month,Electronic check,Fiber optic
2026-05-13T14:11:29.433275,CUST_003127,0,1,0,44,118.46,5527.46,1,0,1,0,0,1,1,1,Male,Dallas,Two year,Credit card (automatic),Fiber optic
2026-05-13T14:12:29.440645,CUST_003128,1,1,1,3,114.84,339.18,1,1,1,1,0,1,0,0,Male,Miami,Month-to-month,Credit card (automatic),Fiber optic
2026-05-13T14:13:29.457483,CUST_003129,0,1,1,25,70.5,1914.88,0,0,0,0,1,0,0,0,Female,New York,One year,Electronic check,Fiber optic
2026-05-13T14:14:29.469026,CUST_003130,0,0,1,48,47.38,2445.93,1,0,0,0,0,0,0,0,Male,Chicago,One year,Credit card (automatic),No
2026-05-13T14:15:29.472732,CUST_003131,0,0,0,42,92.43,3742.0,1,1,1,1,1,0,1,0,Female,Dallas,One year,Bank transfer (automatic),DSL
2026-05-13T14:16:29.484742,CUST_003132,0,0,0,1,131.43,129.19,1,0,1,1,1,1,1,1,Female,Seattle,Month-to-month,Bank transfer (automatic),Fiber optic
2026-05-13T14:17:29.498963,CUST_003133,0,0,0,23,99.34,2137.56,1,0,1,1,1,1,1,0,Male,San Francisco,Month-to-month,Bank transfer (automatic),DSL
2026-05-13T14:18:29.504415,CUST_003134,1,1,1,20,109.89,2141.84,1,0,0,1,1,1,0,1,Male,Los Angeles,One year,Bank transfer (automatic),Fiber optic
2026-05-13T14:19:29.517114,CUST_003135,0,0,0,46,97.85,4615.09,1,1,0,0,0,1,0,0,Male,Phoenix,Two year,Credit card (automatic),Fiber optic
2026-05-13T14:20:29.523335,CUST_003136,1,0,0,12,105.35,1191.79,1,0,1,0,1,0,1,1,Female,Chicago,Month-to-month,Electronic check,Fiber optic
2026-05-13T14:21:29.534927,CUST_003137,1,1,1,15,108.96,1547.52,1,0,1,0,0,1,1,1,Female,Miami,Month-to-month,Electronic check,DSL
2026-05-13T14:22:29.545686,CUST_003138,0,1,1,40,88.86,3593.7,1,0,1,1,1,0,0,1,Female,San Francisco,One year,Credit card (automatic),DSL
2026-05-13T14:23:29.553870,CUST_003139,0,0,1,3,18.0,52.83,0,0,0,0,0,0,0,0,Female,Los Angeles,Month-to-month,Bank transfer (automatic),No
2026-05-13T14:24:29.562344,CUST_003140,0,1,1,12,53.01,679.6,1,1,0,0,0,0,0,0,Female,San Diego,Month-to-month,Electronic check,No
2026-05-13T14:25:29.568652,CUST_003141,0,1,1,10,123.62,1221.96,1,1,1,1,0,0,1,1,Female,Chicago,Month-to-month,Bank transfer (automatic),Fiber optic
2026-05-13T14:26:29.584409,CUST_003142,0,0,0,17,91.36,1432.38,1,1,1,0,0,0,1,1,Male,Los Angeles,Month-to-month,Credit card (automatic),DSL
2026-05-13T14:27:29.590916,CUST_003143,1,0,0,1,51.12,48.76,1,0,0,0,0,0,0,0,Male,Houston,Month-to-month,Electronic check,No
2026-05-13T14:28:30.447958,CUST_003144,0,1,1,4,71.38,277.86,0,0,0,0,0,0,1,1,Male,Los Angeles,Month-to-month,Electronic check,Fiber optic
2026-05-13T14:29:30.455724,CUST_003145,0,1,0,4,85.78,329.78,1,1,1,0,0,0,1,1,Female,Chicago,Month-to-month,Electronic check,DSL
2026-05-13T14:30:30.461432,CUST_003146,0,0,0,42,107.84,4361.31,1,0,1,0,0,0,1,0,Female,Phoenix,One year,Credit card (automatic),Fiber optic
2026-05-13T14:31:30.466666,CUST_003147,0,1,0,2,114.61,241.53,1,1,1,1,1,0,0,0,Female,New York,Month-to-month,Electronic check,Fiber optic
2026-05-13T14:32:30.472718,CUST_003148,0,1,1,10,125.1,1375.12,1,1,0,1,1,0,1,1,Male,Los Angeles,Month-to-month,Credit card (automatic),Fiber optic
2026-05-13T14:33:30.480656,CUST_003149,0,0,0,18,40.02,785.87,1,0,0,0,0,0,0,0,Female,San Diego,Month-to-month,Mailed check,No
2026-05-13T14:34:30.484507,CUST_003150,0,1,1,14,103.49,1462.83,1,0,1,1,1,1,1,0,Male,Dallas,One year,Credit card (automatic),DSL
2026-05-13T14:35:30.487690,CUST_003151,0,1,0,40,119.42,5083.66,1,1,1,1,0,0,1,1,Male,Chicago,Two year,Credit card (automatic),Fiber optic
2026-05-13T14:36:30.503411,CUST_003152,0,0,0,32,90.07,3014.76,1,1,0,0,0,0,1,1,Male,New York,One year,Bank transfer (automatic),DSL
2026-05-13T14:37:30.519385,CUST_003153,0,0,1,1,47.27,48.32,1,0,0,0,0,0,0,0,Female,Houston,Month-to-month,Electronic check,No
2026-05-13T14:38:30.530762,CUST_003154,0,0,0,18,59.14,1170.19,0,0,1,0,1,0,1,1,Male,San Francisco,Month-to-month,Electronic check,DSL
2026-05-13T14:39:30.535027,CUST_003155,0,0,0,20,96.48,1884.79,1,1,1,1,0,1,1,1,Female,San Diego,Month-to-month,Electronic check,DSL
2026-05-13T14:40:30.553405,CUST_003156,0,1,0,64,122.8,8156.55,1,0,0,1,0,1,1,1,Female,New York,Two year,Credit card (automatic),Fiber optic
2026-05-13T14:41:30.560612,CUST_003157,1,0,0,48,102.81,4525.35,1,1,1,0,0,0,1,1,Female,Phoenix,One year,Electronic check,Fiber optic
2026-05-13T14:42:30.569111,CUST_003158,0,1,0,3,75.45,215.22,1,0,1,1,0,0,0,0,Female,Houston,Month-to-month,Mailed check,DSL
2026-05-13T14:43:30.572363,CUST_003159,0,1,0,35,62.88,2254.2,0,0,0,0,0,0,0,0,Male,Dallas,One year,Credit card (automatic),Fiber optic
2026-05-13T14:44:30.586727,CUST_003160,0,1,0,5,95.95,515.44,1,1,0,1,1,0,0,0,Female,Dallas,Month-to-month,Electronic check,DSL
2026-05-13T14:45:30.590003,CUST_003161,0,0,1,3,62.44,193.17,0,0,1,1,1,0,1,0,Female,Seattle,Month-to-month,Credit card (automatic),DSL
2026-05-13T14:46:30.602606,CUST_003162,0,1,0,39,121.47,5022.09,1,0,1,0,1,0,1,1,Female,Phoenix,One year,Bank transfer (automatic),Fiber optic
2026-05-13T14:47:30.611092,CUST_003163,0,1,1,27,106.67,2888.24,1,0,1,1,0,1,1,1,Male,San Francisco,One year,Credit card (automatic),DSL
2026-05-13T14:48:30.616263,CUST_003164,0,0,1,20,98.95,2027.58,1,1,1,1,0,0,1,0,Male,San Diego,Month-to-month,Mailed check,DSL
2026-05-13T14:49:30.619469,CUST_003165,0,1,0,64,47.75,2802.12,1,1,0,0,0,0,0,0,Female,Miami,Two year,Bank transfer (automatic),No
2026-05-13T14:50:30.622553,CUST_003166,0,1,1,18,91.23,1712.61,1,0,1,1,0,1,0,1,Male,Los Angeles,Month-to-month,Electronic check,DSL
2026-05-13T14:51:30.634677,CUST_003167,0,1,0,0,126.65,0.0,1,1,0,1,1,0,1,1,Male,Houston,Month-to-month,Bank transfer (automatic),Fiber optic
2026-05-13T14:52:30.644099,CUST_003168,0,1,1,12,96.23,1122.83,1,0,0,0,0,1,0,0,Female,Seattle,Month-to-month,Credit card (automatic),Fiber optic
2026-05-13T14:53:32.686978,CUST_003169,0,0,0,12,86.18,1041.4,0,0,1,1,1,1,1,1,Female,San Diego,Month-to-month,Electronic check,DSL
2026-05-13T14:54:33.719461,CUST_003170,1,0,0,52,87.43,4290.25,0,0,0,0,1,0,1,1,Male,Los Angeles,Two year,Credit card (automatic),Fiber optic
2026-05-25T20:55:52.102616,CUST_003171,0,0,0,21,89.19,2055.75,1,1,0,0,1,0,1,0,Male,San Francisco,Month-to-month,Electronic check,DSL
2026-05-26T22:02:50.356647,CUST_003172,0,1,1,25,105.9,2730.88,1,0,0,0,1,1,0,1,Male,San Diego,One year,Credit card (automatic),Fiber optic
2026-05-26T22:03:50.384116,CUST_003173,0,1,0,43,137.94,5569.25,1,1,0,1,1,1,1,1,Female,San Diego,Two year,Electronic check,Fiber optic
2026-05-26T22:04:50.394107,CUST_003174,0,1,1,17,95.43,1614.52,1,1,0,0,1,0,1,1,Male,Phoenix,Month-to-month,Credit card (automatic),DSL
2026-05-26T22:05:50.403884,CUST_003175,0,1,1,24,122.2,2664.35,1,1,0,1,1,1,1,1,Male,Los Angeles,Month-to-month,Mailed check,DSL
2026-05-26T22:06:50.422043,CUST_003176,0,0,0,24,99.34,2409.86,1,0,0,0,0,0,1,1,Male,Houston,Month-to-month,Electronic check,Fiber optic
2026-05-26T22:07:50.436904,CUST_003177,0,1,0,17,53.52,867.62,0,0,0,1,0,1,0,0,Female,Dallas,Month-to-month,Bank transfer (automatic),DSL
2026-05-26T22:08:50.448366,CUST_003178,0,0,1,18,49.73,852.93,1,1,0,0,0,0,0,0,Female,Houston,One year,Mailed check,No
2026-05-26T22:09:50.464506,CUST_003179,0,1,0,39,108.78,4481.43,1,0,0,1,0,0,0,1,Female,Chicago,Two year,Bank transfer (automatic),Fiber optic
2026-05-26T22:10:50.476206,CUST_003180,0,1,1,7,83.32,565.76,1,0,1,1,1,0,0,0,Female,Dallas,Month-to-month,Electronic check,DSL
2026-05-26T22:11:50.494155,CUST_003181,0,0,0,0,103.56,0.0,1,0,0,1,1,1,0,0,Female,Dallas,Month-to-month,Electronic check,Fiber optic
2026-05-26T22:12:50.512249,CUST_003182,0,1,0,41,106.38,4586.47,1,1,0,1,0,1,1,0,Male,San Diego,Two year,Electronic check,Fiber optic
2026-05-26T22:13:50.532306,CUST_003183,1,0,0,8,107.55,854.84,1,1,1,1,0,1,0,0,Male,Los Angeles,Month-to-month,Electronic check,Fiber optic
2026-05-26T22:14:50.559338,CUST_003184,0,0,1,0,18.97,0.0,0,0,0,0,0,0,0,0,Male,Dallas,Month-to-month,Electronic check,No
2026-05-26T22:15:50.577780,CUST_003185,0,1,0,33,113.86,3571.57,1,1,1,1,0,0,0,1,Female,San Francisco,Two year,Bank transfer (automatic),Fiber optic
2026-05-26T22:16:50.607316,CUST_003186,0,0,0,10,113.31,1094.82,1,0,1,0,0,0,1,1,Male,New York,Month-to-month,Electronic check,Fiber optic
2026-05-26T22:17:50.630544,CUST_003187,0,1,1,22,93.19,2103.82,1,0,0,1,0,0,0,1,Female,San Diego,Month-to-month,Credit card (automatic),DSL
2026-05-26T22:18:50.654690,CUST_003188,0,0,0,45,78.34,3189.8,0,0,0,0,0,1,1,1,Male,Miami,One year,Credit card (automatic),Fiber optic
2026-05-26T22:19:50.670581,CUST_003189,1,1,0,21,100.27,2092.39,1,0,0,1,1,0,1,0,Female,New York,One year,Credit card (automatic),DSL
2026-05-26T22:20:50.695295,CUST_003190,0,1,1,18,92.71,1733.67,1,0,0,0,0,0,0,1,Male,Miami,Month-to-month,Mailed check,Fiber optic
2026-05-27T08:57:08.186454,CUST_003191,1,0,1,22,90.32,1901.06,1,1,0,1,1,0,1,1,Female,Dallas,Month-to-month,Mailed check,DSL
2026-05-27T13:54:31.816667,CUST_003192,0,1,0,41,106.17,4075.95,1,0,0,0,1,0,1,0,Male,Seattle,One year,Credit card (automatic),Fiber optic
2026-05-28T13:47:48.719065,CUST_003193,0,0,0,58,97.03,6089.74,1,0,0,0,1,0,1,0,Male,San Diego,Two year,Bank transfer (automatic),Fiber optic
2026-05-28T13:48:48.729055,CUST_003194,0,1,0,20,110.64,2205.08,1,1,1,0,1,0,1,0,Male,Seattle,Month-to-month,Mailed check,Fiber optic
2026-05-28T13:49:48.742495,CUST_003195,0,1,0,33,113.3,3745.61,1,1,0,0,0,0,1,1,Female,Los Angeles,Two year,Mailed check,Fiber optic
2026-05-28T13:50:48.783675,CUST_003196,0,0,1,15,124.0,1922.9,1,1,0,1,1,0,1,1,Male,San Francisco,One year,Bank transfer (automatic),Fiber optic
2026-05-28T13:51:48.810164,CUST_003197,1,0,0,17,103.95,1921.59,1,1,1,1,0,0,1,1,Male,Los Angeles,One year,Bank transfer (automatic),DSL
2026-05-28T20:37:52.859040,CUST_003198,1,0,1,39,113.52,4226.13,1,0,0,1,0,0,1,1,Female,San Diego,One year,Electronic check,Fiber optic
2026-05-30T20:52:04.668883,CUST_003199,0,1,1,14,137.99,1971.63,1,1,1,1,1,1,0,1,Male,Houston,Month-to-month,Electronic check,Fiber optic
2026-06-01T08:47:10.103493,CUST_003200,0,0,1,25,123.38,3104.49,1,1,1,1,0,0,0,1,Male,Dallas,Two year,Bank transfer (automatic),Fiber optic
2026-06-01T08:48:10.259266,CUST_003201,1,0,0,44,135.81,6064.91,1,1,1,1,1,1,0,0,Male,Chicago,Two year,Credit card (automatic),Fiber optic
2026-06-01T08:49:10.276773,CUST_003202,0,1,0,5,122.42,570.49,1,1,1,1,1,1,1,0,Female,Phoenix,Month-to-month,Electronic check,Fiber optic
2026-06-01T08:50:10.279721,CUST_003203,0,1,1,11,118.86,1377.95,1,0,1,1,1,0,1,1,Male,New York,Month-to-month,Electronic check,Fiber optic
2026-06-01T08:51:10.287489,CUST_003204,0,1,0,33,76.88,2438.96,1,1,0,0,1,0,0,1,Female,Miami,One year,Bank transfer (automatic),DSL
2026-06-01T08:52:10.299656,CUST_003205,1,0,0,43,120.44,5683.4,1,1,0,0,1,0,1,1,Female,Seattle,One year,Mailed check,Fiber optic
2026-06-01T08:53:10.314150,CUST_003206,0,1,1,3,112.59,326.36,1,1,1,0,0,0,1,1,Female,Houston,Month-to-month,Electronic check,Fiber optic
2026-06-01T08:54:10.327343,CUST_003207,1,1,1,4,79.98,336.58,1,0,1,0,1,0,0,1,Female,San Francisco,Month-to-month,Mailed check,DSL
2026-06-01T08:55:10.345370,CUST_003208,0,0,1,20,48.05,931.32,1,0,0,0,0,0,0,0,Male,San Diego,Month-to-month,Electronic check,No
2026-06-01T08:56:10.361981,CUST_003209,0,0,0,19,46.24,946.26,1,0,0,0,0,0,0,0,Female,Miami,Month-to-month,Credit card (automatic),No
2026-06-01T08:57:10.372954,CUST_003210,0,0,0,17,79.5,1233.34,1,0,0,1,0,0,0,1,Female,Phoenix,Month-to-month,Electronic check,DSL
2026-06-01T08:58:10.380625,CUST_003211,0,1,1,15,90.78,1359.14,1,0,0,1,0,0,0,0,Male,Los Angeles,Month-to-month,Mailed check,Fiber optic
2026-06-01T08:59:10.404355,CUST_003212,0,0,0,11,136.52,1352.57,1,1,1,1,1,1,1,0,Female,New York,Month-to-month,Credit card (automatic),Fiber optic
2026-06-01T09:00:10.429663,CUST_003213,1,0,0,52,112.16,6311.59,1,0,0,0,1,1,0,1,Female,Dallas,Two year,Electronic check,Fiber optic
2026-06-01T09:01:10.439689,CUST_003214,0,0,0,3,110.62,329.59,1,1,1,1,1,1,1,1,Female,Los Angeles,Month-to-month,Electronic check,DSL
2026-06-01T09:02:10.463023,CUST_003215,0,1,1,24,111.91,2800.11,1,0,0,1,0,1,1,0,Female,Los Angeles,One year,Electronic check,Fiber optic
2026-06-01T09:03:10.465283,CUST_003216,0,0,1,17,88.18,1526.33,1,0,0,1,1,0,0,1,Male,San Francisco,One year,Bank transfer (automatic),DSL
2026-06-01T09:04:10.471382,CUST_003217,0,0,0,43,123.21,5735.29,1,1,0,0,1,1,1,1,Female,Dallas,Two year,Bank transfer (automatic),Fiber optic
2026-06-01T09:05:10.491631,CUST_003218,0,1,0,4,96.98,397.37,1,0,0,0,0,0,1,0,Female,Chicago,Month-to-month,Mailed check,Fiber optic
2026-06-01T09:06:10.497969,CUST_003219,0,1,0,12,114.98,1483.54,1,1,0,0,0,1,1,0,Female,Miami,One year,Bank transfer (automatic),Fiber optic
2026-06-01T09:07:10.528060,CUST_003220,0,1,0,41,96.93,3811.12,1,1,1,0,0,0,0,0,Female,Chicago,Two year,Credit card (automatic),Fiber optic
2026-06-01T09:08:10.546669,CUST_003221,0,0,0,3,48.68,143.31,1,0,0,0,0,0,0,0,Male,Chicago,Month-to-month,Electronic check,No
2026-06-01T09:09:10.563471,CUST_003222,0,0,0,10,121.02,1147.67,1,0,1,1,0,1,1,1,Female,Chicago,Month-to-month,Bank transfer (automatic),Fiber optic
2026-06-01T09:10:10.572104,CUST_003223,0,1,0,3,75.55,216.81,1,0,0,1,0,0,0,0,Female,Los Angeles,Month-to-month,Electronic check,DSL
2026-06-01T09:11:10.585653,CUST_003224,0,1,0,11,82.32,974.44,1,0,0,0,0,0,1,1,Male,Chicago,Month-to-month,Mailed check,DSL
2026-06-01T09:12:10.616574,CUST_003225,0,0,0,1,75.0,78.13,0,0,1,1,0,1,0,0,Male,Miami,Month-to-month,Electronic check,Fiber optic
2026-06-01T09:13:10.628660,CUST_003226,1,1,0,7,119.88,765.39,1,0,1,1,0,1,1,1,Female,Chicago,Month-to-month,Credit card (automatic),Fiber optic
2026-06-01T09:14:10.646014,CUST_003227,0,1,1,6,89.28,556.66,0,0,1,1,0,0,0,1,Male,Phoenix,Month-to-month,Credit card (automatic),Fiber optic
2026-06-01T09:15:10.663167,CUST_003228,0,1,0,0,99.31,0.0,1,1,0,0,1,1,1,0,Male,Chicago,Month-to-month,Electronic check,DSL
2026-06-01T09:16:10.686037,CUST_003229,1,1,1,12,131.42,1692.76,1,1,1,1,1,1,0,1,Female,Phoenix,Month-to-month,Mailed check,Fiber optic
2026-06-01T09:17:10.701506,CUST_003230,1,1,1,0,89.9,0.0,1,1,0,1,0,1,0,0,Female,Houston,Month-to-month,Electronic check,DSL
2026-06-01T09:18:10.707508,CUST_003231,0,0,0,38,130.63,4671.31,1,0,1,1,1,0,1,1,Female,Chicago,Two year,Credit card (automatic),Fiber optic
2026-06-01T09:19:10.719391,CUST_003232,0,1,0,12,100.12,1177.6,1,1,1,1,1,0,1,1,Female,New York,Month-to-month,Electronic check,DSL
2026-06-01T09:20:10.729834,CUST_003233,0,0,0,24,135.21,3526.12,1,0,1,1,1,0,1,1,Male,Dallas,Month-to-month,Electronic check,Fiber optic
2026-06-01T09:21:10.736494,CUST_003234,1,0,0,14,107.06,1553.39,1,1,1,1,0,0,0,0,Male,Houston,Month-to-month,Mailed check,Fiber optic
2026-06-01T09:22:10.743466,CUST_003235,1,0,1,4,120.18,503.54,1,1,1,0,0,1,1,0,Male,Los Angeles,Month-to-month,Electronic check,Fiber optic
2026-06-01T09:23:10.754834,CUST_003236,0,0,0,13,124.9,1673.55,1,0,0,1,1,1,1,1,Male,Phoenix,Month-to-month,Electronic check,Fiber optic
2026-06-01T09:24:10.769897,CUST_003237,0,1,0,23,109.28,2427.81,1,0,0,1,1,0,0,1,Male,Miami,Month-to-month,Mailed check,Fiber optic
2026-06-01T09:25:10.788759,CUST_003238,1,0,0,5,78.42,353.82,1,0,1,0,0,0,0,1,Female,Dallas,Month-to-month,Electronic check,DSL
2026-06-01T09:26:10.794463,CUST_003239,0,1,0,17,84.83,1328.09,1,0,0,0,1,1,0,0,Female,Seattle,Month-to-month,Mailed check,DSL
2026-06-01T09:27:10.810276,CUST_003240,0,1,0,37,110.31,4011.04,1,0,1,0,1,0,1,0,Female,Miami,One year,Bank transfer (automatic),Fiber optic
2026-06-01T09:28:10.823056,CUST_003241,0,0,0,63,18.0,1208.48,0,0,0,0,0,0,0,0,Male,Phoenix,Two year,Bank transfer (automatic),No
2026-06-01T09:29:10.839052,CUST_003242,0,1,0,39,93.31,3474.62,1,1,0,0,0,0,1,0,Female,Chicago,One year,Credit card (automatic),Fiber optic
2026-06-01T09:30:10.845770,CUST_003243,0,1,0,3,70.33,205.18,0,0,0,0,0,0,0,1,Male,Los Angeles,Month-to-month,Electronic check,Fiber optic
2026-06-01T09:31:10.851225,CUST_003244,0,1,0,9,125.7,1236.97,1,1,1,0,1,1,1,0,Female,Phoenix,Month-to-month,Credit card (automatic),Fiber optic
2026-06-01T09:32:10.862955,CUST_003245,0,0,0,20,96.57,1972.54,1,0,0,0,1,1,1,0,Female,Chicago,Month-to-month,Mailed check,DSL
2026-06-01T09:33:10.871134,CUST_003246,0,1,0,29,91.1,2735.01,1,0,0,1,0,0,1,1,Female,Houston,One year,Bank transfer (automatic),DSL
2026-06-01T09:34:10.888268,CUST_003247,0,0,0,10,100.73,947.56,1,0,1,1,0,1,0,1,Female,San Francisco,Month-to-month,Mailed check,DSL
2026-06-01T09:35:10.895211,CUST_003248,0,1,0,5,117.69,540.45,1,0,1,1,0,0,0,1,Female,Los Angeles,Month-to-month,Credit card (automatic),Fiber optic
2026-06-01T09:36:10.901015,CUST_003249,0,1,0,27,79.5,1980.18,1,0,1,1,0,0,0,0,Male,Miami,One year,Credit card (automatic),DSL
2026-06-01T09:37:10.918758,CUST_003250,0,0,0,22,72.86,1542.36,0,0,0,0,1,0,1,0,Male,San Diego,One year,Bank transfer (automatic),Fiber optic
2026-06-01T09:38:10.935651,CUST_003251,0,0,0,5,99.84,461.11,1,0,0,0,1,0,0,1,Female,Chicago,Month-to-month,Electronic check,Fiber optic
2026-06-01T09:39:10.942337,CUST_003252,0,1,1,39,102.03,4316.9,1,0,0,0,0,0,1,0,Male,San Diego,One year,Bank transfer (automatic),Fiber optic
2026-06-01T09:40:10.961945,CUST_003253,0,1,1,4,110.86,439.05,1,1,1,0,1,0,0,0,Male,Chicago,Month-to-month,Electronic check,Fiber optic
2026-06-01T09:41:10.977815,CUST_003254,0,1,0,0,120.75,0.0,1,0,1,1,1,0,0,1,Male,Dallas,Month-to-month,Mailed check,Fiber optic
2026-06-01T09:42:10.994029,CUST_003255,0,0,0,32,50.77,1615.54,1,0,0,0,0,0,0,0,Male,Houston,One year,Credit card (automatic),No
2026-06-01T09:43:11.007115,CUST_003256,0,1,0,42,42.04,1645.41,1,0,0,0,0,0,0,0,Male,San Diego,One year,Mailed check,No
2026-06-01T09:44:11.017669,CUST_003257,1,0,0,19,105.07,2047.89,1,0,0,1,0,0,0,1,Male,Dallas,Month-to-month,Bank transfer (automatic),Fiber optic
2026-06-01T09:45:11.033179,CUST_003258,0,1,0,24,115.64,2665.76,1,0,0,1,1,0,1,1,Male,Los Angeles,Month-to-month,Bank transfer (automatic),Fiber optic
2026-06-01T09:46:11.045568,CUST_003259,0,0,0,68,96.97,6155.02,1,1,0,0,0,0,0,0,Female,Chicago,Two year,Bank transfer (automatic),Fiber optic
2026-06-01T09:47:11.063068,CUST_003260,0,0,0,15,96.41,1505.99,1,1,0,0,0,0,0,0,Male,New York,Month-to-month,Electronic check,Fiber optic
2026-06-01T09:48:11.071129,CUST_003261,1,1,0,15,94.93,1490.35,1,0,1,0,0,0,0,0,Female,Los Angeles,Month-to-month,Electronic check,Fiber optic
2026-06-01T09:49:11.084825,CUST_003262,0,0,0,17,96.6,1675.79,1,0,0,0,0,0,0,1,Female,Houston,Month-to-month,Credit card (automatic),Fiber optic
2026-06-01T09:50:11.095606,CUST_003263,0,1,0,23,86.88,1998.93,1,0,0,0,0,1,1,0,Female,Los Angeles,Month-to-month,Mailed check,DSL
2026-06-01T09:51:11.111892,CUST_003264,0,1,1,1,72.2,72.76,1,0,0,0,1,0,0,0,Female,San Diego,Month-to-month,Electronic check,DSL
2026-06-01T09:52:11.122471,CUST_003265,0,1,0,69,42.2,2654.96,1,0,0,0,0,0,0,0,Male,Los Angeles,Two year,Credit card (automatic),No
2026-06-01T09:53:11.132581,CUST_003266,0,0,0,34,93.53,2930.2,1,0,1,0,1,0,0,1,Female,Miami,Two year,Mailed check,DSL
2026-06-01T09:54:11.151869,CUST_003267,0,1,1,40,117.23,5027.98,1,0,1,1,0,0,0,1,Female,Miami,One year,Bank transfer (automatic),Fiber optic
2026-06-01T09:55:11.159016,CUST_003268,0,0,0,17,102.6,1579.63,1,1,1,1,0,0,0,1,Male,Miami,Month-to-month,Electronic check,Fiber optic
2026-06-01T09:56:11.172424,CUST_003269,0,0,1,2,115.58,233.66,1,1,0,1,0,0,1,0,Male,Los Angeles,Month-to-month,Electronic check,Fiber optic
2026-06-01T09:57:11.184356,CUST_003270,0,1,0,13,100.76,1333.06,1,0,0,0,1,1,0,1,Female,Dallas,Month-to-month,Bank transfer (automatic),Fiber optic
2026-06-01T09:58:11.193406,CUST_003271,0,0,0,50,116.25,6122.16,1,1,0,1,1,1,1,0,Female,Chicago,Two year,Credit card (automatic),Fiber optic
2026-06-01T09:59:11.207421,CUST_003272,0,1,1,21,99.95,2271.49,1,1,0,1,1,1,0,1,Female,Houston,One year,Bank transfer (automatic),DSL
2026-06-01T10:00:11.222712,CUST_003273,0,1,0,22,130.69,2983.08,1,1,1,1,0,1,1,0,Female,Phoenix,Month-to-month,Electronic check,Fiber optic
2026-06-01T10:01:11.231006,CUST_003274,0,0,0,22,84.7,1794.4,1,0,0,0,1,1,0,0,Male,Los Angeles,One year,Bank transfer (automatic),DSL
2026-06-01T10:02:11.241244,CUST_003275,0,1,0,17,45.37,790.65,1,1,0,0,0,0,0,0,Male,Los Angeles,Month-to-month,Bank transfer (automatic),No
2026-06-01T10:03:11.254829,CUST_003276,0,0,0,1,101.57,108.57,1,0,1,0,0,0,1,0,Female,Los Angeles,Month-to-month,Electronic check,Fiber optic
2026-06-01T10:04:11.260633,CUST_003277,0,0,0,24,102.3,2637.27,1,0,0,1,0,0,1,0,Female,Los Angeles,Month-to-month,Credit card (automatic),Fiber optic
2026-06-01T10:05:11.267707,CUST_003278,0,1,0,12,42.5,476.7,1,0,0,0,0,0,0,0,Female,Houston,Month-to-month,Electronic check,No
2026-06-01T10:06:11.276248,CUST_003279,1,1,0,23,87.0,2119.81,1,0,0,0,0,1,1,1,Male,Seattle,One year,Bank transfer (automatic),DSL
2026-06-01T10:07:11.296106,CUST_003280,1,0,1,70,117.67,7861.94,1,1,0,1,1,0,1,1,Male,Los Angeles,Two year,Electronic check,Fiber optic
2026-06-01T10:08:11.305822,CUST_003281,0,1,0,18,99.37,1756.61,1,0,1,1,0,1,1,0,Female,Chicago,Month-to-month,Mailed check,DSL
2026-06-01T10:11:53.260821,CUST_003282,0,1,0,36,120.76,4321.13,1,0,0,1,1,1,1,0,Male,New York,Two year,Electronic check,Fiber optic
2026-06-01T10:12:53.279589,CUST_003283,0,1,1,13,122.09,1647.19,1,0,1,1,1,1,0,0,Female,Houston,Month-to-month,Electronic check,Fiber optic
2026-06-01T10:13:53.293391,CUST_003284,0,1,1,20,53.07,1120.44,1,1,0,0,0,0,0,0,Male,Dallas,Month-to-month,Mailed check,No
2026-06-01T10:14:53.300957,CUST_003285,1,1,0,60,106.48,6357.73,1,1,0,1,0,0,1,1,Male,Houston,Two year,Credit card (automatic),DSL
2026-06-01T10:15:53.315423,CUST_003286,1,0,1,24,97.04,2356.93,1,1,1,0,1,0,0,1,Female,Phoenix,Month-to-month,Mailed check,DSL
2026-06-01T10:16:53.321523,CUST_003287,0,0,0,19,95.25,1690.83,1,0,0,0,0,0,1,0,Female,Miami,Month-to-month,Electronic check,Fiber optic
2026-06-01T10:17:53.335351,CUST_003288,0,1,1,36,110.3,4352.85,1,0,0,1,0,1,1,0,Female,Houston,One year,Credit card (automatic),Fiber optic
2026-06-01T10:18:53.345687,CUST_003289,0,0,0,42,68.09,2977.59,0,0,1,0,0,1,1,1,Female,New York,One year,Credit card (automatic),DSL
2026-06-01T10:19:53.361979,CUST_003290,0,0,0,16,103.53,1613.85,1,0,0,0,0,0,0,1,Female,Los Angeles,One year,Bank transfer (automatic),Fiber optic
2026-06-01T10:20:53.379789,CUST_003291,0,1,1,4,45.8,201.2,1,0,0,0,0,0,0,0,Female,San Francisco,Month-to-month,Electronic check,No
2026-06-01T10:21:53.386600,CUST_003292,1,1,1,24,53.2,1356.77,1,1,0,0,0,0,0,0,Female,San Diego,Month-to-month,Electronic check,No
2026-06-01T10:22:53.401211,CUST_003293,1,1,0,12,100.28,1086.42,1,1,0,0,0,1,0,0,Female,San Francisco,Month-to-month,Electronic check,Fiber optic
2026-06-01T13:24:34.784027,CUST_003294,0,0,1,44,91.89,3682.38,1,0,0,1,0,0,1,1,Male,New York,Two year,Bank transfer (automatic),DSL
2026-06-01T13:25:34.790583,CUST_003295,0,0,1,29,79.35,2163.07,1,0,1,0,0,1,0,1,Male,Chicago,One year,Bank transfer (automatic),DSL
2026-06-01T13:26:34.795556,CUST_003296,0,0,1,8,122.25,1020.06,1,1,0,1,1,0,1,0,Male,New York,Month-to-month,Electronic check,Fiber optic
2026-06-01T13:27:34.800538,CUST_003297,0,1,0,10,88.47,900.72,1,0,1,0,1,1,1,0,Female,New York,Month-to-month,Electronic check,DSL
2026-06-01T13:28:34.808165,CUST_003298,1,1,0,40,113.0,4663.53,1,0,0,1,1,1,0,0,Female,Chicago,One year,Bank transfer (automatic),Fiber optic
2026-06-01T13:29:34.818151,CUST_003299,0,0,0,10,89.62,959.84,1,1,0,0,0,0,1,0,Male,New York,Month-to-month,Credit card (automatic),DSL
2026-06-01T13:30:34.823826,CUST_003300,0,0,0,0,59.65,0.0,0,0,0,0,1,0,1,0,Female,Phoenix,Month-to-month,Electronic check,DSL
2026-06-01T13:31:34.840140,CUST_003301,1,0,0,43,107.82,4915.14,1,1,1,1,1,1,1,0,Female,Phoenix,Two year,Bank transfer (automatic),DSL
2026-06-01T13:32:34.845081,CUST_003302,0,0,0,22,100.75,2166.18,1,0,1,0,1,1,0,0,Female,Phoenix,Month-to-month,Bank transfer (automatic),Fiber optic
2026-06-01T13:33:34.857081,CUST_003303,0,0,0,68,101.45,6729.14,1,0,0,1,0,0,0,1,Male,Houston,Two year,Electronic check,Fiber optic
2026-06-01T13:34:34.865969,CUST_003304,0,0,0,41,99.73,4054.59,1,1,0,0,0,0,1,0,Female,San Diego,One year,Credit card (automatic),Fiber optic
2026-06-01T13:35:34.874435,CUST_003305,0,1,0,30,112.2,3465.09,1,0,1,1,1,1,0,1,Female,Los Angeles,One year,Bank transfer (automatic),DSL
2026-06-01T13:36:34.887708,CUST_003306,0,1,0,40,97.94,4182.74,1,0,0,0,0,0,1,0,Male,Seattle,One year,Credit card (automatic),Fiber optic
2026-06-01T13:37:34.896454,CUST_003307,0,0,0,44,88.77,3866.98,1,0,1,0,1,0,0,1,Male,Miami,One year,Electronic check,DSL
2026-06-01T13:38:34.902037,CUST_003308,0,0,1,37,73.55,2961.99,1,0,0,0,1,0,0,0,Male,Dallas,Two year,Credit card (automatic),DSL
2026-06-01T13:39:34.910070,CUST_003309,0,0,0,43,21.98,961.98,0,0,0,0,0,0,0,0,Male,San Diego,One year,Bank transfer (automatic),No
2026-06-01T13:40:34.913197,CUST_003310,0,0,1,1,72.63,78.74,0,0,0,0,1,0,1,0,Female,Los Angeles,Month-to-month,Electronic check,Fiber optic
2026-06-01T13:41:34.924636,CUST_003311,0,1,1,33,107.78,3519.29,1,1,0,0,0,0,1,1,Male,Seattle,One year,Bank transfer (automatic),Fiber optic
2026-06-01T13:42:34.930182,CUST_003312,0,1,0,21,107.6,2330.2,1,1,0,1,0,0,0,1,Female,San Diego,Month-to-month,Electronic check,Fiber optic
2026-06-01T13:43:34.937821,CUST_003313,0,1,0,72,86.48,6095.82,1,1,0,1,1,0,0,0,Female,San Francisco,Two year,Credit card (automatic),DSL
2026-06-01T13:44:34.949816,CUST_003314,1,1,0,31,54.26,1517.79,1,1,0,0,0,0,0,0,Female,Los Angeles,One year,Credit card (automatic),No
2026-06-01T13:45:34.961845,CUST_003315,0,1,1,38,108.02,4347.88,1,0,1,1,1,0,0,0,Female,Houston,Two year,Electronic check,Fiber optic
2026-06-01T13:46:34.971099,CUST_003316,0,1,1,71,104.99,8063.58,1,0,1,0,1,1,1,1,Female,San Diego,Two year,Credit card (automatic),DSL
2026-06-01T13:47:34.986369,CUST_003317,0,0,0,20,108.2,2077.64,1,1,0,0,0,1,0,1,Male,San Francisco,Month-to-month,Credit card (automatic),Fiber optic
2026-06-01T13:48:34.997721,CUST_003318,1,0,1,18,90.59,1592.86,1,0,1,1,1,0,1,0,Male,New York,Month-to-month,Bank transfer (automatic),DSL
2026-06-01T13:49:35.010550,CUST_003319,1,0,0,40,47.43,1961.7,1,0,0,0,0,0,0,0,Male,San Francisco,One year,Credit card (automatic),No
2026-06-01T13:50:35.028646,CUST_003320,0,0,1,35,108.52,3649.98,1,0,1,1,0,0,0,0,Male,New York,One year,Credit card (automatic),Fiber optic
2026-06-01T13:51:35.033212,CUST_003321,0,0,1,44,85.32,3870.4,1,1,1,0,1,0,1,0,Male,Chicago,One year,Credit card (automatic),DSL
2026-06-01T13:52:35.051929,CUST_003322,0,1,0,20,129.14,2660.44,1,0,1,1,1,1,1,0,Female,San Diego,Month-to-month,Electronic check,Fiber optic
2026-06-01T13:53:35.062780,CUST_003323,0,0,1,27,91.59,2551.83,1,1,0,0,0,1,0,1,Male,Los Angeles,Two year,Electronic check,DSL
2026-06-01T13:54:35.075276,CUST_003324,0,0,0,6,98.62,590.82,1,0,0,0,1,0,1,1,Female,Houston,Month-to-month,Electronic check,DSL
2026-06-01T13:55:35.081538,CUST_003325,0,1,0,44,102.48,4455.42,1,1,0,0,1,0,1,0,Male,Chicago,Two year,Credit card (automatic),Fiber optic
2026-06-01T13:56:35.097372,CUST_003326,0,0,0,44,46.3,1945.55,1,0,0,0,0,0,0,0,Female,New York,One year,Bank transfer (automatic),No
2026-06-01T13:57:35.110144,CUST_003327,0,1,1,37,91.85,3485.85,1,0,1,1,0,0,0,1,Male,New York,One year,Mailed check,DSL
2026-06-01T13:58:35.126831,CUST_003328,0,1,0,1,110.41,100.72,1,0,0,0,1,1,0,0,Female,Los Angeles,Month-to-month,Credit card (automatic),Fiber optic
2026-06-01T13:59:35.132091,CUST_003329,1,1,0,8,99.25,733.85,1,0,0,0,1,1,0,0,Female,Phoenix,Month-to-month,Electronic check,Fiber optic
2026-06-01T14:00:35.145989,CUST_003330,0,1,1,32,105.49,3374.18,1,0,0,1,1,0,0,0,Female,Los Angeles,One year,Mailed check,Fiber optic
2026-06-01T14:01:35.160205,CUST_003331,0,1,1,25,106.38,2661.13,1,0,1,1,0,1,0,0,Female,Miami,One year,Credit card (automatic),Fiber optic
2026-06-01T14:02:35.165172,CUST_003332,0,0,0,22,105.17,2155.98,1,1,0,0,1,1,0,0,Male,San Diego,Month-to-month,Mailed check,Fiber optic
2026-06-01T14:03:35.180233,CUST_003333,1,1,0,27,90.35,2335.2,0,0,0,1,0,1,1,1,Male,San Francisco,One year,Mailed check,Fiber optic
2026-06-01T14:04:35.197058,CUST_003334,0,1,1,1,117.73,122.06,1,1,1,1,1,1,1,1,Male,San Diego,Month-to-month,Electronic check,Fiber optic
2026-06-01T14:05:35.202741,CUST_003335,0,1,0,11,115.51,1324.28,1,0,1,1,1,1,0,0,Male,San Francisco,Month-to-month,Electronic check,Fiber optic
2026-06-01T14:06:35.209957,CUST_003336,0,1,0,71,113.64,8820.81,1,0,0,1,1,0,1,0,Female,Chicago,Two year,Bank transfer (automatic),Fiber optic
2026-06-01T14:07:35.224812,CUST_003337,0,0,0,20,132.37,2390.09,1,1,1,0,1,1,0,1,Female,San Diego,Month-to-month,Credit card (automatic),Fiber optic
2026-06-01T14:08:35.241646,CUST_003338,0,0,0,37,58.81,1997.18,0,0,0,0,1,1,1,0,Female,Dallas,One year,Credit card (automatic),DSL
2026-06-01T14:09:35.253136,CUST_003339,0,1,0,68,87.0,5952.23,1,0,0,0,1,1,0,0,Female,New York,Two year,Mailed check,DSL
2026-06-01T14:10:35.263381,CUST_003340,1,1,0,33,108.73,3466.72,1,1,1,1,0,0,0,0,Male,San Francisco,One year,Electronic check,Fiber optic
2026-06-01T14:11:35.281405,CUST_003341,0,0,0,70,99.61,6330.95,1,1,0,1,0,0,0,0,Male,New York,Two year,Credit card (automatic),Fiber optic
2026-06-01T14:12:35.298149,CUST_003342,0,1,1,19,86.15,1608.02,1,1,0,1,1,0,0,1,Male,Seattle,Month-to-month,Mailed check,DSL
2026-06-01T14:13:35.313453,CUST_003343,1,1,0,24,92.3,2320.7,1,0,0,1,1,0,1,0,Female,Houston,One year,Credit card (automatic),DSL
2026-06-01T14:14:35.332978,CUST_003344,0,1,1,15,117.3,1860.36,1,1,1,0,0,1,1,1,Female,New York,Month-to-month,Bank transfer (automatic),Fiber optic
2026-06-01T14:15:35.338118,CUST_003345,1,1,1,17,92.19,1498.17,1,0,1,0,1,0,0,0,Male,San Francisco,Month-to-month,Credit card (automatic),Fiber optic
2026-06-01T14:16:35.343949,CUST_003346,0,1,0,12,93.99,1099.61,1,1,1,0,0,0,0,1,Female,San Diego,Month-to-month,Electronic check,DSL
2026-06-01T14:17:35.350394,CUST_003347,1,1,1,14,90.64,1336.05,1,0,0,1,1,0,0,1,Female,Los Angeles,Month-to-month,Mailed check,DSL
2026-06-01T14:18:35.367641,CUST_003348,1,0,1,13,93.4,1175.66,1,0,0,1,1,0,1,1,Female,Houston,Month-to-month,Credit card (automatic),DSL
2026-06-01T14:19:35.373916,CUST_003349,0,1,1,24,103.56,2541.32,1,1,0,1,1,0,0,1,Female,Phoenix,Month-to-month,Bank transfer (automatic),DSL
2026-06-01T14:20:35.382435,CUST_003350,0,1,1,7,109.42,690.76,1,1,0,1,1,0,0,0,Male,New York,Month-to-month,Electronic check,Fiber optic
2026-06-01T14:21:35.391090,CUST_003351,1,0,0,44,96.8,4200.9,1,0,1,1,0,0,0,1,Female,New York,One year,Bank transfer (automatic),DSL
2026-06-01T14:22:35.403365,CUST_003352,0,1,0,63,89.83,5144.74,1,0,0,0,0,0,1,1,Male,Houston,Two year,Electronic check,DSL
2026-06-01T14:23:35.416231,CUST_003353,0,0,0,34,78.49,2902.87,1,0,1,1,0,0,0,0,Female,Miami,One year,Credit card (automatic),DSL
2026-06-01T14:24:35.428921,CUST_003354,0,1,0,1,119.57,111.61,1,1,1,0,1,1,1,0,Male,Dallas,Month-to-month,Credit card (automatic),Fiber optic
2026-06-01T14:25:35.435992,CUST_003355,0,1,1,8,83.7,632.75,1,0,0,0,1,0,1,1,Male,Phoenix,Month-to-month,Credit card (automatic),DSL
2026-06-01T14:26:35.452628,CUST_003356,0,0,0,17,48.19,747.8,1,0,0,0,0,0,0,0,Female,San Francisco,Month-to-month,Electronic check,No
2026-06-01T14:27:35.464255,CUST_003357,0,0,1,33,56.94,1928.33,1,1,0,0,0,0,0,0,Female,Dallas,One year,Bank transfer (automatic),No
2026-06-01T14:28:35.467678,CUST_003358,0,0,0,24,125.32,2989.77,1,0,1,1,0,1,1,1,Male,Miami,Month-to-month,Electronic check,Fiber optic
2026-06-01T14:29:35.482178,CUST_003359,0,0,0,4,55.25,229.45,1,1,0,0,0,0,0,0,Female,New York,Month-to-month,Credit card (automatic),No
2026-06-01T14:30:35.486380,CUST_003360,1,0,0,65,55.11,3408.08,1,1,0,0,0,0,0,0,Male,New York,Two year,Electronic check,No
2026-06-01T14:31:35.501079,CUST_003361,0,1,1,16,62.1,1079.65,0,0,0,0,0,1,0,1,Female,Los Angeles,Month-to-month,Electronic check,DSL
2026-06-01T14:32:35.511517,CUST_003362,1,1,0,32,110.5,3722.42,1,0,0,1,1,0,1,0,Male,San Diego,One year,Bank transfer (automatic),Fiber optic
2026-06-01T14:33:35.524981,CUST_003363,0,0,0,18,97.96,1900.16,1,0,0,1,1,1,1,1,Male,San Diego,Month-to-month,Electronic check,DSL
2026-06-01T14:34:35.533450,CUST_003364,0,1,0,5,111.42,535.13,1,1,0,1,0,1,0,1,Male,San Diego,Month-to-month,Electronic check,Fiber optic
2026-06-01T14:35:35.539682,CUST_003365,0,0,0,14,47.25,690.1,1,0,0,0,0,0,0,0,Female,Chicago,Month-to-month,Credit card (automatic),No
2026-06-01T14:36:35.545416,CUST_003366,0,0,1,6,111.14,708.4,1,1,1,1,1,0,1,0,Female,Los Angeles,Month-to-month,Credit card (automatic),Fiber optic
2026-06-01T14:37:35.558317,CUST_003367,0,1,0,9,79.69,769.43,1,0,0,0,1,1,1,0,Male,San Diego,Month-to-month,Bank transfer (automatic),DSL
2026-06-01T14:38:35.574609,CUST_003368,0,1,0,13,42.1,568.17,1,0,0,0,0,0,0,0,Female,San Diego,Month-to-month,Electronic check,No
2026-06-01T14:39:35.587693,CUST_003369,1,1,0,1,52.3,55.15,1,1,0,0,0,0,0,0,Female,Houston,Month-to-month,Mailed check,No
2026-06-01T14:40:35.601134,CUST_003370,0,0,0,35,94.52,3473.68,1,0,1,0,0,0,1,0,Female,San Francisco,One year,Bank transfer (automatic),Fiber optic
2026-06-01T14:41:35.617538,CUST_003371,0,0,0,18,93.49,1585.31,1,1,1,1,0,0,1,0,Female,San Francisco,Month-to-month,Bank transfer (automatic),DSL
2026-06-01T14:42:35.620779,CUST_003372,0,1,1,34,79.27,2793.66,0,0,1,0,1,0,0,0,Male,Miami,Two year,Mailed check,Fiber optic
2026-06-01T14:43:35.625482,CUST_003373,0,1,0,67,55.61,4033.31,1,1,0,0,0,0,0,0,Female,Houston,Two year,Credit card (automatic),No
2026-06-01T14:44:35.642271,CUST_003374,0,1,1,19,92.07,1862.27,1,0,1,0,0,1,1,1,Female,New York,Month-to-month,Mailed check,DSL
2026-06-01T14:45:35.652254,CUST_003375,0,1,0,70,109.32,8246.96,1,1,1,0,1,0,0,1,Female,Phoenix,Two year,Credit card (automatic),DSL
2026-06-01T14:46:35.664408,CUST_003376,0,1,1,3,89.53,269.0,1,0,1,0,1,1,1,1,Female,Seattle,Month-to-month,Credit card (automatic),DSL
2026-06-01T14:47:35.670388,CUST_003377,0,1,1,35,83.22,3031.7,0,0,0,1,1,0,0,1,Female,Los Angeles,Two year,Credit card (automatic),Fiber optic
2026-06-01T14:48:35.679642,CUST_003378,0,1,0,48,96.12,4943.95,1,0,0,1,0,1,1,0,Female,Miami,Two year,Mailed check,DSL
2026-06-01T14:49:35.694184,CUST_003379,0,0,1,46,77.6,3321.55,1,0,1,0,1,0,1,0,Female,Chicago,One year,Electronic check,DSL
2026-06-01T14:50:35.698333,CUST_003380,1,1,0,62,118.94,6785.79,1,1,1,1,0,1,0,0,Female,Los Angeles,Two year,Bank transfer (automatic),Fiber optic
2026-06-01T14:51:35.709795,CUST_003381,1,1,0,17,109.01,1782.7,1,1,0,1,0,1,1,1,Female,Chicago,Month-to-month,Credit card (automatic),DSL
2026-06-01T14:52:35.714472,CUST_003382,0,0,1,12,87.61,1131.7,1,1,0,0,1,0,1,1,Male,Los Angeles,Month-to-month,Electronic check,DSL
2026-06-01T14:53:35.728949,CUST_003383,1,1,0,26,111.71,3039.33,1,1,0,0,0,1,1,0,Female,Seattle,One year,Credit card (automatic),Fiber optic
2026-06-01T14:54:35.744285,CUST_003384,0,0,0,8,51.84,402.55,1,1,0,0,0,0,0,0,Female,Houston,Month-to-month,Bank transfer (automatic),No
2026-06-01T14:55:35.757359,CUST_003385,0,0,0,50,86.45,4413.14,1,0,0,0,1,1,0,1,Male,Houston,Two year,Credit card (automatic),DSL
2026-06-01T14:56:35.763542,CUST_003386,0,1,0,17,107.28,1887.77,1,0,0,1,0,1,0,0,Female,New York,Month-to-month,Electronic check,Fiber optic
2026-06-01T14:57:35.768210,CUST_003387,0,0,0,21,98.53,2089.32,1,0,0,1,0,1,1,1,Male,Los Angeles,Month-to-month,Credit card (automatic),DSL
2026-06-01T14:58:35.781572,CUST_003388,1,0,0,20,112.57,2320.73,1,0,0,0,0,0,1,1,Female,Houston,Month-to-month,Mailed check,Fiber optic
2026-06-01T14:59:35.796133,CUST_003389,0,1,0,15,101.31,1410.15,1,0,0,0,0,1,1,0,Female,New York,Month-to-month,Electronic check,Fiber optic
2026-06-01T15:00:35.814656,CUST_003390,1,0,0,28,106.34,3130.86,1,0,0,1,1,0,0,0,Female,Phoenix,Two year,Electronic check,Fiber optic
2026-06-01T15:01:35.820783,CUST_003391,1,0,0,3,110.5,308.35,1,0,0,0,0,1,1,1,Female,Chicago,Month-to-month,Electronic check,Fiber optic
2026-06-01T15:02:35.831580,CUST_003392,1,0,0,5,46.21,250.81,1,0,0,0,0,0,0,0,Male,Chicago,Month-to-month,Mailed check,No
2026-06-01T15:03:35.848149,CUST_003393,0,1,0,32,123.3,3718.44,1,0,1,0,1,1,1,0,Male,New York,One year,Bank transfer (automatic),Fiber optic
2026-06-01T15:04:35.861310,CUST_003394,0,1,0,23,103.3,2492.16,1,1,0,0,0,0,0,0,Female,Houston,Month-to-month,Electronic check,Fiber optic
2026-06-01T15:05:35.868406,CUST_003395,0,1,0,21,95.15,1904.49,1,0,1,0,0,0,1,1,Female,New York,Month-to-month,Electronic check,DSL
2026-06-01T15:06:35.872092,CUST_003396,0,1,0,26,133.15,3602.67,1,1,1,1,0,1,1,1,Male,Seattle,Two year,Credit card (automatic),Fiber optic
2026-06-01T15:07:35.877249,CUST_003397,0,1,0,8,115.52,923.36,1,1,1,0,0,1,0,1,Male,Los Angeles,Month-to-month,Electronic check,Fiber optic
2026-06-01T15:08:35.887399,CUST_003398,0,1,0,65,104.16,6520.4,1,1,0,1,1,1,0,0,Female,Los Angeles,Two year,Mailed check,Fiber optic
2026-06-01T15:09:35.891038,CUST_003399,1,1,0,22,77.76,1609.66,1,1,0,1,0,0,0,1,Male,Seattle,Month-to-month,Credit card (automatic),DSL
2026-06-01T15:10:35.894885,CUST_003400,0,0,1,6,106.84,591.09,1,0,1,0,1,1,1,1,Female,San Diego,Month-to-month,Mailed check,DSL
2026-06-01T15:11:35.904493,CUST_003401,0,1,1,22,131.48,3157.81,1,1,1,0,1,0,1,1,Female,New York,Month-to-month,Bank transfer (automatic),Fiber optic
2026-06-01T15:12:35.910564,CUST_003402,0,0,0,11,120.25,1438.24,1,0,1,0,1,0,1,1,Female,Los Angeles,Month-to-month,Bank transfer (automatic),Fiber optic
2026-06-01T15:13:35.920839,CUST_003403,0,0,0,25,91.33,2273.99,1,0,0,1,0,0,1,1,Male,San Diego,One year,Mailed check,DSL
2026-06-01T15:14:35.930413,CUST_003404,0,1,0,4,97.53,380.48,0,0,0,1,0,1,1,1,Male,San Francisco,Month-to-month,Electronic check,Fiber optic
2026-06-01T15:15:35.943965,CUST_003405,0,0,0,13,82.41,964.53,1,0,0,0,0,1,0,1,Male,Phoenix,One year,Credit card (automatic),DSL
2026-06-01T15:16:35.949265,CUST_003406,0,1,0,17,119.37,1987.92,1,0,0,1,1,0,1,1,Male,Miami,Month-to-month,Electronic check,Fiber optic
2026-06-01T15:17:35.955339,CUST_003407,1,1,0,1,101.99,99.13,1,1,1,1,1,1,1,1,Female,Los Angeles,Month-to-month,Mailed check,DSL
2026-06-01T15:18:35.960791,CUST_003408,0,1,0,49,77.68,4008.93,1,0,1,0,0,0,1,0,Male,Phoenix,Two year,Mailed check,DSL
2026-06-01T15:19:35.968614,CUST_003409,0,1,1,17,94.82,1644.06,1,1,1,1,0,0,0,0,Female,Phoenix,Month-to-month,Electronic check,DSL
2026-06-01T15:20:35.982017,CUST_003410,0,1,0,17,113.2,2041.65,1,1,1,1,0,0,0,0,Female,Los Angeles,Month-to-month,Electronic check,Fiber optic
2026-06-01T15:21:35.987231,CUST_003411,0,0,0,45,52.67,2193.1,1,1,0,0,0,0,0,0,Male,Los Angeles,Two year,Bank transfer (automatic),No
2026-06-01T15:22:35.993489,CUST_003412,0,1,1,9,41.96,408.64,1,0,0,0,0,0,0,0,Female,Houston,Month-to-month,Electronic check,No
2026-06-01T15:23:36.008159,CUST_003413,0,1,1,34,104.91,3357.48,1,1,1,1,1,1,1,0,Female,San Francisco,Two year,Bank transfer (automatic),DSL
2026-06-03T11:00:57.921637,CUST_003414,0,0,1,15,116.23,1611.54,1,1,1,1,0,1,1,1,Male,Los Angeles,Month-to-month,Mailed check,DSL
2026-06-03T11:01:57.930381,CUST_003415,0,0,0,43,124.07,5263.47,1,1,1,1,0,1,1,1,Female,San Diego,One year,Bank transfer (automatic),Fiber optic
2026-06-03T11:02:57.945955,CUST_003416,0,0,0,58,106.08,6648.53,1,0,1,0,1,0,0,1,Male,Chicago,Two year,Credit card (automatic),Fiber optic
2026-06-03T11:03:57.955694,CUST_003417,0,0,0,15,58.76,827.36,0,0,0,0,0,0,1,1,Female,San Diego,Month-to-month,Electronic check,DSL
2026-06-03T11:04:57.959922,CUST_003418,0,0,0,17,111.84,1783.02,1,0,1,0,0,0,1,1,Male,Los Angeles,One year,Credit card (automatic),Fiber optic
2026-06-03T11:05:57.976682,CUST_003419,0,0,0,60,99.12,6328.5,1,0,1,0,0,0,0,0,Male,Chicago,Two year,Credit card (automatic),Fiber optic
2026-06-03T11:06:57.991094,CUST_003420,1,1,1,22,81.37,1688.42,1,0,0,0,0,0,1,1,Female,Los Angeles,Month-to-month,Bank transfer (automatic),DSL
2026-06-03T11:07:58.000415,CUST_003421,1,0,0,30,84.57,2704.99,1,1,1,0,0,0,0,1,Male,Los Angeles,One year,Bank transfer (automatic),DSL
2026-06-03T11:08:58.010175,CUST_003422,0,0,0,68,110.68,7826.45,1,0,1,0,1,1,1,0,Female,Chicago,Two year,Electronic check,Fiber optic
2026-06-03T11:09:58.031880,CUST_003423,0,1,0,52,106.85,6002.38,1,1,0,1,0,0,1,0,Male,Miami,Two year,Credit card (automatic),Fiber optic
2026-06-03T11:10:58.045734,CUST_003424,0,1,0,9,88.79,860.52,1,0,0,1,1,0,0,0,Male,Los Angeles,Month-to-month,Mailed check,DSL
2026-06-03T11:11:58.054721,CUST_003425,0,1,0,15,83.23,1369.37,0,0,0,1,1,0,1,0,Male,Dallas,One year,Credit card (automatic),Fiber optic
2026-06-03T11:12:58.067805,CUST_003426,0,1,0,23,47.7,1117.53,1,0,0,0,0,0,0,0,Female,Los Angeles,Month-to-month,Electronic check,No
2026-06-03T11:13:58.086246,CUST_003427,0,1,1,70,86.62,6252.26,1,0,1,1,0,0,1,0,Male,Los Angeles,Two year,Mailed check,DSL
2026-06-03T11:14:58.090404,CUST_003428,0,0,0,19,100.46,1995.9,1,1,0,0,1,0,1,1,Male,Miami,One year,Bank transfer (automatic),DSL
2026-06-03T11:15:58.112122,CUST_003429,1,1,0,30,98.16,3236.46,1,0,0,0,0,1,0,1,Female,Chicago,One year,Credit card (automatic),Fiber optic
2026-06-03T11:16:58.128952,CUST_003430,0,0,0,2,95.56,174.31,1,1,0,0,1,1,1,1,Female,Houston,Month-to-month,Electronic check,DSL
2026-06-03T11:17:58.148516,CUST_003431,0,0,1,13,106.69,1489.12,1,0,1,0,0,1,1,1,Male,New York,Month-to-month,Electronic check,Fiber optic
2026-06-03T11:18:58.167142,CUST_003432,0,1,1,8,104.88,886.27,1,0,0,0,1,0,1,0,Female,Houston,Month-to-month,Bank transfer (automatic),Fiber optic
2026-06-03T11:19:58.184542,CUST_003433,0,0,1,65,76.77,5441.66,1,0,1,0,0,0,0,0,Male,Phoenix,Two year,Bank transfer (automatic),DSL
2026-06-03T11:20:58.192984,CUST_003434,0,0,0,23,123.06,2771.13,1,1,0,1,1,0,0,1,Male,San Diego,One year,Electronic check,Fiber optic
2026-06-03T11:21:58.203672,CUST_003435,0,0,0,57,123.37,6683.65,1,1,1,0,1,1,0,1,Female,San Diego,Two year,Credit card (automatic),Fiber optic
2026-06-03T11:22:58.217508,CUST_003436,0,0,0,20,117.54,2428.6,1,1,0,1,0,0,1,0,Male,Seattle,Month-to-month,Electronic check,Fiber optic
2026-06-03T11:23:58.245207,CUST_003437,0,1,0,3,102.78,289.04,1,1,1,0,1,0,0,0,Male,Chicago,Month-to-month,Bank transfer (automatic),Fiber optic
2026-06-03T11:24:58.251009,CUST_003438,0,1,0,18,99.07,1894.87,1,1,0,1,0,0,1,1,Female,Phoenix,Month-to-month,Electronic check,DSL
2026-06-03T11:25:58.265180,CUST_003439,0,1,0,65,94.34,6281.47,1,1,1,0,1,0,1,1,Female,Dallas,Two year,Credit card (automatic),DSL
2026-06-03T11:26:58.284645,CUST_003440,0,1,0,12,99.58,1096.2,1,0,0,0,0,0,1,1,Male,Los Angeles,One year,Bank transfer (automatic),Fiber optic
2026-06-03T11:27:58.295029,CUST_003441,0,1,1,11,77.93,792.15,1,0,1,0,0,1,0,0,Female,Dallas,Month-to-month,Mailed check,DSL
2026-06-03T11:28:58.301833,CUST_003442,0,1,1,16,84.81,1437.63,1,0,0,1,0,1,1,0,Male,New York,Month-to-month,Electronic check,DSL
2026-06-03T11:42:04.515214,CUST_003443,0,1,1,23,94.82,2285.07,0,0,0,1,1,1,1,1,Female,New York,Month-to-month,Electronic check,Fiber optic
2026-06-03T11:43:04.521178,CUST_003444,0,1,0,3,126.3,343.94,1,0,1,0,1,0,1,1,Male,San Diego,Month-to-month,Mailed check,Fiber optic
2026-06-03T11:44:04.530899,CUST_003445,0,0,0,2,119.92,220.53,1,1,1,0,0,1,0,1,Female,Dallas,Month-to-month,Electronic check,Fiber optic
2026-06-03T11:45:04.541756,CUST_003446,1,0,0,8,105.74,805.97,1,1,0,1,0,0,1,0,Female,New York,Month-to-month,Electronic check,Fiber optic
2026-06-03T11:46:04.547790,CUST_003447,0,0,0,44,98.32,4053.04,1,0,0,1,1,0,1,1,Male,Dallas,Two year,Credit card (automatic),DSL
2026-06-03T11:47:04.566267,CUST_003448,0,1,0,22,101.05,2287.98,1,0,0,1,0,0,0,0,Male,Seattle,Month-to-month,Electronic check,Fiber optic
2026-06-03T11:48:04.583177,CUST_003449,0,1,1,22,122.94,2898.57,1,0,0,0,1,1,1,1,Female,Houston,Month-to-month,Mailed check,Fiber optic
2026-06-03T11:49:04.591069,CUST_003450,0,1,0,63,114.42,7581.51,1,0,0,1,1,0,1,0,Female,Chicago,Two year,Credit card (automatic),Fiber optic
2026-06-03T11:50:04.608245,CUST_003451,0,0,0,15,70.52,1150.92,0,0,1,1,0,0,1,1,Male,San Francisco,One year,Electronic check,DSL
2026-06-03T11:51:04.618122,CUST_003452,1,1,1,22,88.79,1990.22,1,1,0,0,1,0,0,1,Male,Dallas,One year,Electronic check,DSL
2026-06-03T11:52:04.646138,CUST_003453,0,1,0,32,113.9,3371.92,1,1,1,0,1,1,1,0,Female,Los Angeles,Two year,Bank transfer (automatic),Fiber optic
2026-06-03T11:53:04.664836,CUST_003454,0,1,0,11,102.35,1130.77,1,0,1,0,1,0,0,1,Male,New York,Month-to-month,Electronic check,Fiber optic
2026-06-03T11:54:04.669209,CUST_003455,0,0,1,12,105.02,1273.23,1,1,1,0,0,1,0,1,Female,New York,One year,Bank transfer (automatic),Fiber optic
2026-06-03T11:55:04.682331,CUST_003456,0,1,0,18,90.72,1574.15,1,1,1,0,0,0,0,1,Female,Chicago,One year,Credit card (automatic),DSL
2026-06-03T11:56:04.700356,CUST_003457,0,1,0,18,113.1,2231.2,1,0,0,0,1,0,1,1,Male,Los Angeles,Month-to-month,Electronic check,Fiber optic
2026-06-03T11:57:04.712676,CUST_003458,0,1,1,11,105.22,1108.75,1,0,0,0,1,0,1,1,Male,New York,Month-to-month,Credit card (automatic),Fiber optic
2026-06-03T11:58:04.717150,CUST_003459,1,0,0,14,101.17,1551.06,1,0,1,1,0,0,0,1,Female,Los Angeles,One year,Credit card (automatic),Fiber optic
2026-06-03T11:59:04.732612,CUST_003460,1,1,0,15,111.53,1631.66,1,1,1,0,1,0,0,0,Female,Dallas,Month-to-month,Electronic check,Fiber optic
2026-06-03T12:00:04.740583,CUST_003461,0,0,1,12,106.98,1173.99,1,0,0,1,0,1,1,1,Female,Houston,Month-to-month,Electronic check,Fiber optic
2026-06-03T12:01:04.750615,CUST_003462,1,0,0,41,92.34,3997.05,1,1,0,1,1,0,0,1,Male,Dallas,One year,Credit card (automatic),DSL
2026-06-03T12:02:04.760571,CUST_003463,0,1,0,19,114.05,2306.44,1,0,1,0,1,1,1,1,Female,Los Angeles,Month-to-month,Electronic check,Fiber optic
2026-06-03T12:03:04.779021,CUST_003464,0,1,0,16,111.18,1926.05,1,1,1,1,1,1,1,1,Male,Houston,Month-to-month,Electronic check,DSL
2026-06-03T12:04:04.785681,CUST_003465,0,1,0,9,50.45,469.49,1,1,0,0,0,0,0,0,Male,New York,Month-to-month,Electronic check,No
2026-06-03T12:05:04.796012,CUST_003466,0,1,0,39,46.69,1742.87,1,0,0,0,0,0,0,0,Male,Chicago,One year,Electronic check,No
2026-06-03T12:06:04.806236,CUST_003467,0,1,0,25,109.84,2665.48,1,1,1,0,1,0,1,0,Female,Los Angeles,One year,Bank transfer (automatic),Fiber optic
2026-06-03T12:07:04.821509,CUST_003468,0,0,0,17,89.51,1376.08,1,0,1,1,0,0,0,1,Female,Chicago,Month-to-month,Bank transfer (automatic),DSL
2026-06-03T12:08:04.838008,CUST_003469,0,1,1,28,18.0,470.9,0,0,0,0,0,0,0,0,Male,Houston,Two year,Credit card (automatic),No
2026-06-03T12:09:04.842134,CUST_003470,0,1,1,12,50.96,663.1,1,1,0,0,0,0,0,0,Female,Dallas,Month-to-month,Electronic check,No
2026-06-03T12:10:04.849363,CUST_003471,1,1,0,69,121.79,8283.8,1,0,1,0,1,1,1,0,Female,Houston,Two year,Credit card (automatic),Fiber optic
2026-06-03T12:11:04.863372,CUST_003472,0,0,0,21,97.13,2073.38,1,0,0,1,0,1,1,0,Male,Dallas,Month-to-month,Bank transfer (automatic),DSL
2026-06-03T12:12:04.880596,CUST_003473,1,1,0,21,51.29,1059.79,1,1,0,0,0,0,0,0,Male,Dallas,Month-to-month,Electronic check,No
2026-06-03T12:13:04.894609,CUST_003474,0,1,1,31,84.89,2802.75,1,0,0,1,0,0,0,1,Male,San Francisco,Two year,Bank transfer (automatic),DSL
2026-06-03T12:14:04.899087,CUST_003475,0,1,0,15,89.68,1471.52,1,1,1,0,1,0,0,0,Male,Miami,Month-to-month,Credit card (automatic),DSL
2026-06-03T12:15:04.907741,CUST_003476,0,1,1,42,107.14,4256.13,1,0,0,0,1,0,1,1,Female,Phoenix,One year,Credit card (automatic),Fiber optic
2026-06-03T12:16:04.918378,CUST_003477,0,0,0,23,105.86,2546.6,1,1,0,0,0,1,1,0,Male,Dallas,One year,Credit card (automatic),Fiber optic
2026-06-03T12:17:04.927212,CUST_003478,0,0,1,2,111.07,231.44,1,0,0,1,1,0,0,0,Male,Dallas,Month-to-month,Electronic check,Fiber optic
2026-06-03T12:18:04.945285,CUST_003479,0,1,0,23,91.93,2086.84,1,0,1,1,1,0,1,1,Male,Phoenix,Month-to-month,Mailed check,DSL
2026-06-03T12:19:04.956589,CUST_003480,0,0,0,3,41.24,112.83,1,0,0,0,0,0,0,0,Female,Houston,Month-to-month,Electronic check,No
2026-06-03T12:20:04.963062,CUST_003481,0,1,0,34,107.22,3390.85,1,0,0,1,0,1,1,0,Female,Dallas,Two year,Electronic check,Fiber optic
2026-06-03T12:21:04.976195,CUST_003482,0,0,0,20,101.05,1887.92,1,1,1,0,0,1,1,1,Male,Los Angeles,Month-to-month,Electronic check,DSL
2026-06-03T12:22:04.997924,CUST_003483,0,1,0,46,52.23,2298.95,1,1,0,0,0,0,0,0,Male,Seattle,One year,Bank transfer (automatic),No
2026-06-03T12:23:05.009545,CUST_003484,0,1,1,2,91.74,168.71,1,1,0,1,0,0,0,1,Male,New York,Month-to-month,Electronic check,DSL
2026-06-03T12:24:05.019217,CUST_003485,0,1,1,24,90.44,2289.63,1,0,0,1,1,1,0,1,Female,Phoenix,Month-to-month,Mailed check,DSL
2026-06-03T12:25:05.027913,CUST_003486,0,0,0,5,49.75,225.49,1,1,0,0,0,0,0,0,Male,Los Angeles,Month-to-month,Mailed check,No
2026-06-03T12:26:05.042143,CUST_003487,1,1,0,2,117.09,223.59,1,1,0,1,0,0,0,1,Female,Dallas,Month-to-month,Electronic check,Fiber optic
2026-06-03T12:27:05.051483,CUST_003488,0,0,0,7,101.99,660.94,1,1,1,0,0,0,0,1,Female,San Francisco,Month-to-month,Electronic check,Fiber optic
2026-06-03T12:28:05.068690,CUST_003489,0,1,0,21,115.6,2513.47,1,1,1,1,1,1,0,1,Female,Seattle,Month-to-month,Electronic check,Fiber optic
2026-06-03T12:29:05.082882,CUST_003490,0,1,1,4,73.42,274.0,1,0,0,0,1,0,0,0,Female,New York,Month-to-month,Electronic check,DSL
2026-06-03T12:30:05.099165,CUST_003491,0,0,0,10,87.6,898.06,1,0,0,0,0,1,1,1,Male,Los Angeles,Month-to-month,Electronic check,DSL
2026-06-03T12:31:05.112968,CUST_003492,0,1,0,4,93.5,377.75,1,0,1,1,1,0,1,1,Male,Los Angeles,Month-to-month,Electronic check,DSL
2026-06-03T12:32:05.120904,CUST_003493,0,1,1,61,113.28,7512.65,1,0,1,1,1,1,1,1,Male,Phoenix,Two year,Bank transfer (automatic),DSL
2026-06-03T12:33:05.137681,CUST_003494,1,0,0,41,82.95,3500.85,1,0,0,1,1,0,0,1,Female,Miami,Two year,Bank transfer (automatic),DSL
2026-06-03T12:34:05.141850,CUST_003495,1,1,0,39,77.29,3032.61,0,0,0,0,1,0,0,0,Female,New York,One year,Credit card (automatic),Fiber optic
2026-06-03T12:35:05.153082,CUST_003496,0,1,0,9,116.96,1119.15,1,0,0,1,1,1,1,1,Female,Los Angeles,Month-to-month,Electronic check,Fiber optic
2026-06-03T12:36:05.162009,CUST_003497,0,0,0,19,106.54,2219.73,1,0,1,0,1,1,0,1,Male,Chicago,Month-to-month,Credit card (automatic),DSL
2026-06-03T12:37:05.174583,CUST_003498,0,0,0,47,103.68,4688.64,1,1,0,1,1,0,0,0,Female,Phoenix,Two year,Credit card (automatic),Fiber optic
2026-06-03T12:38:05.182738,CUST_003499,0,0,0,23,90.96,2023.77,1,1,1,0,0,0,0,1,Male,San Francisco,Month-to-month,Electronic check,DSL
2026-06-03T12:39:05.198783,CUST_003500,0,0,1,8,120.98,881.81,1,1,0,1,1,0,1,1,Male,Seattle,Month-to-month,Electronic check,Fiber optic
2026-06-03T12:40:05.209581,CUST_003501,0,1,1,12,79.04,1021.31,0,0,1,0,0,0,1,0,Female,Dallas,Month-to-month,Mailed check,Fiber optic
2026-06-03T12:41:05.216299,CUST_003502,0,0,1,33,131.57,4374.33,1,0,1,0,1,1,1,1,Female,Miami,Two year,Electronic check,Fiber optic
2026-06-03T12:42:05.223609,CUST_003503,0,0,1,24,103.16,2522.5,1,1,1,1,0,0,0,0,Female,Dallas,Month-to-month,Credit card (automatic),Fiber optic
2026-06-03T12:43:05.240970,CUST_003504,0,0,0,21,89.22,1820.04,1,1,0,0,0,0,1,1,Female,Phoenix,Month-to-month,Mailed check,DSL
2026-06-03T12:44:05.244344,CUST_003505,0,1,0,27,78.95,2106.19,1,1,0,0,1,0,0,0,Male,Houston,Two year,Bank transfer (automatic),DSL
2026-06-03T12:45:05.254654,CUST_003506,1,0,0,12,112.38,1476.05,1,0,1,1,1,1,0,1,Male,Houston,Month-to-month,Credit card (automatic),Fiber optic
2026-06-03T12:46:05.268392,CUST_003507,0,0,0,32,47.15,1409.48,1,0,0,0,0,0,0,0,Female,New York,Two year,Bank transfer (automatic),No
2026-06-03T12:47:05.282759,CUST_003508,1,1,1,20,110.71,2116.45,1,1,0,0,0,0,1,1,Male,Chicago,Month-to-month,Electronic check,Fiber optic
2026-06-03T12:48:05.290000,CUST_003509,0,0,1,8,106.75,842.2,1,1,0,1,1,0,1,1,Male,Seattle,Month-to-month,Electronic check,DSL
2026-06-03T12:49:05.301305,CUST_003510,1,1,0,23,109.93,2736.07,1,1,1,0,0,0,1,0,Female,Phoenix,One year,Credit card (automatic),Fiber optic
2026-06-03T12:50:05.312899,CUST_003511,0,1,1,28,96.7,2876.26,1,1,0,0,0,0,0,0,Male,New York,One year,Bank transfer (automatic),Fiber optic
2026-06-03T12:51:05.330995,CUST_003512,0,0,0,43,44.1,1985.75,1,0,0,0,0,0,0,0,Female,Phoenix,Two year,Electronic check,No
2026-06-03T12:52:05.348625,CUST_003513,1,0,0,8,117.95,993.21,1,1,1,0,1,0,0,0,Male,San Diego,Month-to-month,Bank transfer (automatic),Fiber optic
2026-06-03T12:53:05.355399,CUST_003514,0,1,1,21,120.36,2482.81,1,1,0,1,1,1,1,1,Female,San Diego,Month-to-month,Electronic check,Fiber optic
2026-06-03T12:54:05.370296,CUST_003515,1,0,0,70,87.27,6635.28,1,0,1,0,1,0,1,0,Male,Dallas,Two year,Credit card (automatic),DSL
2026-06-03T12:55:05.380162,CUST_003516,0,1,1,11,101.44,1042.88,1,1,1,0,0,0,0,1,Female,Seattle,Month-to-month,Electronic check,Fiber optic
2026-06-03T12:56:05.393836,CUST_003517,0,0,0,17,52.59,852.84,1,1,0,0,0,0,0,0,Male,Miami,Month-to-month,Electronic check,No
2026-06-03T12:57:05.406885,CUST_003518,1,0,0,59,97.32,5484.28,1,0,0,0,0,0,0,1,Female,Chicago,Two year,Mailed check,Fiber optic
2026-06-03T12:58:05.422220,CUST_003519,1,0,1,37,108.29,3800.78,1,0,1,0,0,1,1,1,Female,Dallas,One year,Bank transfer (automatic),Fiber optic
2026-06-03T12:59:05.435121,CUST_003520,1,0,0,48,94.83,4480.4,1,0,0,0,0,0,0,1,Male,San Diego,One year,Credit card (automatic),Fiber optic
2026-06-03T13:00:05.446440,CUST_003521,0,0,1,15,106.87,1509.7,1,0,1,0,1,1,1,1,Male,San Francisco,Month-to-month,Electronic check,Fiber optic
2026-06-03T13:01:05.463810,CUST_003522,0,1,0,11,101.77,1018.78,1,1,1,0,1,1,1,0,Female,Phoenix,Month-to-month,Electronic check,DSL
2026-06-03T13:02:05.466598,CUST_003523,0,1,0,8,78.4,669.56,1,0,0,1,0,1,0,1,Female,Los Angeles,Month-to-month,Electronic check,DSL
2026-06-03T13:03:05.472371,CUST_003524,0,1,1,30,86.14,2329.03,1,0,0,1,0,0,1,1,Female,Houston,Two year,Electronic check,DSL
2026-06-03T13:04:05.478935,CUST_003525,1,1,0,11,49.13,544.85,1,1,0,0,0,0,0,0,Female,Seattle,Month-to-month,Credit card (automatic),No
2026-06-03T13:05:05.492492,CUST_003526,0,0,1,22,106.73,2309.54,1,0,0,0,1,0,0,1,Female,Houston,Month-to-month,Electronic check,Fiber optic
2026-06-03T13:06:05.508008,CUST_003527,0,1,0,57,82.03,5073.36,1,0,0,1,0,1,0,1,Female,Dallas,Two year,Credit card (automatic),DSL
2026-06-03T13:07:05.523477,CUST_003528,0,0,0,20,93.69,1880.97,1,1,0,0,1,1,1,1,Female,New York,One year,Electronic check,DSL
2026-06-03T13:08:05.532424,CUST_003529,0,1,0,10,101.17,1041.87,1,1,0,1,1,0,0,0,Female,San Francisco,Month-to-month,Mailed check,Fiber optic
2026-06-03T13:09:05.536325,CUST_003530,0,1,0,41,44.07,1846.52,1,0,0,0,0,0,0,0,Male,Dallas,Two year,Bank transfer (automatic),No
2026-06-03T13:10:05.551465,CUST_003531,0,1,1,50,88.56,4199.36,1,1,1,0,1,0,0,1,Female,Chicago,Two year,Mailed check,DSL
2026-06-03T13:11:05.559479,CUST_003532,0,1,0,10,99.2,987.07,1,0,0,0,0,0,1,0,Male,Miami,Month-to-month,Electronic check,Fiber optic
2026-06-03T13:12:05.573071,CUST_003533,1,1,0,2,111.33,223.3,1,0,0,0,0,1,0,1,Female,Miami,Month-to-month,Electronic check,Fiber optic
2026-06-03T13:13:05.587690,CUST_003534,0,0,0,32,74.99,2344.08,1,1,0,0,1,0,0,0,Male,New York,One year,Credit card (automatic),DSL
2026-06-03T13:14:05.591098,CUST_003535,0,0,0,69,87.31,6165.59,1,0,0,1,0,0,0,1,Male,Chicago,Two year,Bank transfer (automatic),DSL
2026-06-03T13:15:05.608398,CUST_003536,1,1,0,49,79.12,3993.13,0,0,0,1,1,0,0,1,Male,San Diego,Two year,Bank transfer (automatic),Fiber optic
2026-06-03T13:16:05.612645,CUST_003537,0,0,0,40,115.92,4597.99,1,1,0,0,0,1,0,1,Female,Houston,One year,Credit card (automatic),Fiber optic
2026-06-03T13:17:05.628035,CUST_003538,1,0,0,55,87.29,4700.53,1,0,0,1,1,0,0,0,Male,Los Angeles,Two year,Bank transfer (automatic),DSL
2026-06-03T13:18:05.638961,CUST_003539,0,0,0,55,101.39,5225.28,1,0,0,0,0,0,1,0,Female,Houston,Two year,Bank transfer (automatic),Fiber optic
2026-06-03T13:19:05.641606,CUST_003540,0,0,0,41,100.66,4027.68,1,0,1,1,1,1,1,0,Female,Los Angeles,One year,Bank transfer (automatic),DSL
2026-06-03T13:20:05.654050,CUST_003541,0,1,0,0,52.26,0.0,1,1,0,0,0,0,0,0,Male,Chicago,Month-to-month,Mailed check,No
2026-06-03T13:21:05.672531,CUST_003542,0,1,1,53,85.15,4294.62,1,0,1,0,1,0,1,1,Female,Miami,Two year,Credit card (automatic),DSL
2026-06-03T13:22:05.686612,CUST_003543,0,0,0,12,103.68,1347.23,1,1,0,0,1,0,1,0,Female,San Diego,Month-to-month,Bank transfer (automatic),Fiber optic
2026-06-03T13:23:05.698800,CUST_003544,0,0,0,39,83.27,3479.47,0,0,1,1,0,1,1,1,Male,Houston,Two year,Electronic check,DSL
2026-06-03T13:24:05.705403,CUST_003545,1,1,1,29,116.75,3694.45,1,0,1,0,1,1,0,1,Female,San Diego,Two year,Electronic check,Fiber optic
2026-06-03T13:25:05.711472,CUST_003546,0,1,1,3,116.01,333.12,1,0,1,1,0,0,1,1,Female,Miami,Month-to-month,Credit card (automatic),Fiber optic
2026-06-03T13:26:05.720245,CUST_003547,0,1,1,39,122.08,4600.56,1,1,1,1,1,1,0,1,Male,Houston,One year,Credit card (automatic),Fiber optic
2026-06-03T13:27:05.729043,CUST_003548,0,0,0,7,113.31,755.64,1,0,0,1,1,1,1,1,Male,New York,Month-to-month,Electronic check,Fiber optic
2026-06-03T13:28:05.745714,CUST_003549,0,1,1,19,112.73,1958.64,1,1,0,0,1,0,1,0,Female,New York,Month-to-month,Mailed check,Fiber optic
2026-06-03T13:29:05.757122,CUST_003550,0,0,0,22,49.85,1196.26,1,1,0,0,0,0,0,0,Male,New York,Month-to-month,Credit card (automatic),No
2026-06-03T13:30:05.764373,CUST_003551,0,1,1,22,78.94,1871.59,1,0,1,0,1,0,0,0,Male,San Francisco,Month-to-month,Mailed check,DSL
2026-06-03T13:31:05.770658,CUST_003552,0,1,1,21,108.33,2306.12,1,0,1,1,0,1,1,1,Female,Chicago,Month-to-month,Credit card (automatic),DSL
2026-06-03T13:32:05.775101,CUST_003553,0,1,0,59,44.09,2768.79,1,0,0,0,0,0,0,0,Female,New York,Two year,Bank transfer (automatic),No
2026-06-03T13:33:05.792105,CUST_003554,1,1,1,24,98.34,2367.24,1,1,1,0,0,0,0,0,Female,New York,One year,Credit card (automatic),Fiber optic
2026-06-03T13:34:05.794557,CUST_003555,1,0,1,12,106.78,1175.58,1,1,1,0,0,1,1,0,Male,San Diego,Month-to-month,Credit card (automatic),DSL
2026-06-03T13:35:05.801564,CUST_003556,0,1,1,47,18.0,923.5,0,0,0,0,0,0,0,0,Male,Houston,One year,Credit card (automatic),No
2026-06-03T13:36:05.807810,CUST_003557,0,1,0,29,74.5,2098.6,0,0,0,0,1,0,1,1,Female,Houston,One year,Bank transfer (automatic),Fiber optic
2026-06-03T13:37:05.815821,CUST_003558,0,1,1,39,58.06,2347.51,1,1,0,0,0,0,0,0,Male,New York,Two year,Credit card (automatic),No
2026-06-03T13:38:05.825208,CUST_003559,0,1,1,27,84.01,2402.5,1,0,0,1,1,0,0,0,Female,Houston,One year,Mailed check,DSL
2026-06-03T13:39:05.838914,CUST_003560,0,1,0,12,86.1,1009.36,1,1,0,0,1,0,0,0,Female,Chicago,Month-to-month,Mailed check,DSL
2026-06-03T13:40:05.849452,CUST_003561,0,0,0,27,92.18,2588.9,0,0,1,1,0,1,1,1,Male,Houston,One year,Electronic check,Fiber optic
2026-06-03T13:41:05.856962,CUST_003562,0,1,1,8,113.71,913.26,1,1,0,1,0,0,0,1,Male,New York,Month-to-month,Electronic check,Fiber optic
2026-06-03T13:42:05.868740,CUST_003563,0,1,0,20,84.39,1832.45,1,0,0,1,0,1,1,1,Female,Los Angeles,Month-to-month,Credit card (automatic),DSL
2026-06-03T13:43:05.882644,CUST_003564,0,1,0,10,70.3,656.07,0,0,1,1,0,0,0,0,Male,Dallas,Month-to-month,Mailed check,Fiber optic
2026-06-03T13:44:05.898770,CUST_003565,0,0,0,16,47.3,762.84,1,1,0,0,0,0,0,0,Female,San Diego,Month-to-month,Bank transfer (automatic),No
2026-06-03T13:45:05.907408,CUST_003566,0,1,1,3,96.3,279.85,1,1,0,0,0,1,1,0,Male,New York,Month-to-month,Mailed check,DSL
2026-06-03T13:46:05.925044,CUST_003567,0,0,0,48,84.58,3788.8,1,0,0,0,0,1,1,0,Male,San Diego,One year,Credit card (automatic),DSL
2026-06-03T13:47:05.940746,CUST_003568,0,1,0,5,116.75,563.35,1,0,1,0,0,1,1,0,Male,Los Angeles,Month-to-month,Mailed check,Fiber optic
2026-06-03T13:48:05.947359,CUST_003569,0,1,1,16,103.38,1654.91,1,0,1,1,0,0,0,1,Female,New York,Month-to-month,Electronic check,Fiber optic
2026-06-03T13:49:05.960789,CUST_003570,0,1,1,3,87.61,241.53,1,0,1,1,0,1,1,1,Male,Los Angeles,Month-to-month,Credit card (automatic),DSL
2026-06-03T13:50:05.972613,CUST_003571,0,1,0,28,108.22,2903.07,1,0,1,0,1,0,0,0,Male,Miami,Two year,Credit card (automatic),Fiber optic
2026-06-03T13:51:05.985558,CUST_003572,0,1,0,27,94.89,2360.56,1,0,1,0,0,1,1,1,Male,San Diego,One year,Credit card (automatic),DSL
2026-06-03T13:52:05.988868,CUST_003573,0,0,0,24,46.34,1180.6,1,1,0,0,0,0,0,0,Female,Los Angeles,One year,Bank transfer (automatic),No
2026-06-03T13:53:06.000521,CUST_003574,0,1,0,32,95.71,3359.31,1,0,1,0,1,1,1,0,Male,New York,One year,Credit card (automatic),DSL
2026-06-03T13:54:06.015729,CUST_003575,0,1,0,37,113.05,3788.68,1,1,1,0,0,1,1,1,Male,Houston,One year,Credit card (automatic),Fiber optic
2026-06-03T13:55:06.027738,CUST_003576,0,1,1,5,50.68,244.38,1,1,0,0,0,0,0,0,Female,Dallas,Month-to-month,Electronic check,No
2026-06-03T13:56:06.039079,CUST_003577,0,1,0,15,79.37,1128.33,1,0,1,0,1,0,0,0,Female,Seattle,One year,Bank transfer (automatic),DSL
2026-06-03T13:57:06.053953,CUST_003578,0,1,0,20,102.89,1903.81,1,0,0,0,0,0,1,1,Male,New York,One year,Mailed check,Fiber optic
2026-06-03T13:58:06.060594,CUST_003579,0,1,1,37,116.48,3937.62,1,1,0,1,0,0,1,1,Female,Dallas,One year,Bank transfer (automatic),Fiber optic
2026-06-03T13:59:06.071707,CUST_003580,1,1,0,17,90.87,1416.79,1,0,1,1,0,0,0,1,Female,New York,One year,Credit card (automatic),DSL
2026-06-03T14:00:06.081550,CUST_003581,0,1,0,16,119.04,1879.89,1,0,1,0,1,0,1,1,Female,Dallas,One year,Bank transfer (automatic),Fiber optic
2026-06-03T14:01:06.089588,CUST_003582,0,0,0,17,120.11,1891.54,1,0,1,0,1,0,0,1,Female,Seattle,One year,Credit card (automatic),Fiber optic
2026-06-03T14:02:06.104938,CUST_003583,0,1,0,4,39.43,155.59,1,0,0,0,0,0,0,0,Female,Phoenix,Month-to-month,Electronic check,No
2026-06-03T14:03:06.115929,CUST_003584,0,0,0,37,99.94,3971.23,1,1,1,1,0,1,0,0,Female,Houston,Two year,Credit card (automatic),DSL
2026-06-03T14:04:06.130797,CUST_003585,1,1,1,47,57.92,2717.94,1,1,0,0,0,0,0,0,Male,Miami,One year,Credit card (automatic),No
2026-06-03T14:05:06.143155,CUST_003586,0,0,1,26,86.0,2304.86,1,0,1,0,0,1,1,0,Male,San Diego,Two year,Bank transfer (automatic),DSL
2026-06-03T14:06:06.158765,CUST_003587,1,0,0,29,106.98,3150.17,1,1,0,1,0,1,0,0,Female,San Diego,One year,Credit card (automatic),Fiber optic
2026-06-03T14:07:06.166065,CUST_003588,0,1,1,15,93.63,1502.59,1,0,1,0,1,1,0,0,Female,Miami,Month-to-month,Bank transfer (automatic),DSL
2026-06-03T14:08:06.168768,CUST_003589,0,1,1,23,100.89,2496.3,1,1,1,1,1,1,0,1,Female,Chicago,Month-to-month,Credit card (automatic),DSL
2026-06-03T14:09:06.183940,CUST_003590,0,1,0,1,102.03,109.84,0,0,1,1,1,1,0,1,Male,San Diego,Month-to-month,Mailed check,Fiber optic
2026-06-03T14:10:06.187902,CUST_003591,1,1,0,22,112.77,2252.2,1,0,0,0,1,0,0,1,Female,Miami,Month-to-month,Electronic check,Fiber optic
2026-06-03T14:11:06.202825,CUST_003592,0,1,0,45,83.94,3958.03,0,0,1,0,0,0,1,1,Female,Miami,Two year,Mailed check,Fiber optic
2026-06-03T14:12:06.219544,CUST_003593,0,1,0,23,88.14,1898.16,1,0,0,0,1,1,1,0,Male,Phoenix,One year,Mailed check,DSL
2026-06-03T14:13:06.223008,CUST_003594,1,0,0,58,110.42,5886.7,1,1,0,0,0,1,1,1,Male,Miami,Two year,Credit card (automatic),Fiber optic
2026-06-03T14:14:06.236988,CUST_003595,0,0,0,47,87.97,4359.77,1,0,1,0,1,1,0,1,Female,Miami,One year,Credit card (automatic),DSL
2026-06-03T14:15:06.249830,CUST_003596,0,0,0,1,75.64,81.46,0,0,1,0,1,1,0,0,Female,Los Angeles,Month-to-month,Electronic check,Fiber optic
2026-06-03T14:16:06.267586,CUST_003597,0,1,1,41,127.13,5264.15,1,0,1,1,1,0,1,0,Female,Houston,One year,Electronic check,Fiber optic
2026-06-03T14:19:38.824938,CUST_003598,0,0,0,49,41.14,1843.5,1,0,0,0,0,0,0,0,Male,San Diego,Two year,Bank transfer (automatic),No
2026-06-03T14:20:38.847691,CUST_003599,0,1,0,64,78.71,4702.27,1,0,0,0,1,0,0,0,Male,New York,Two year,Bank transfer (automatic),DSL
2026-06-03T14:21:38.864213,CUST_003600,0,1,0,21,77.71,1516.54,1,0,0,0,0,0,1,0,Male,Los Angeles,Month-to-month,Electronic check,DSL
2026-06-03T14:22:38.870506,CUST_003601,0,0,0,16,61.47,1022.3,0,0,1,0,0,0,0,1,Female,Los Angeles,Month-to-month,Electronic check,DSL
2026-06-03T14:23:38.882534,CUST_003602,0,0,1,1,84.86,89.49,1,1,0,1,1,0,0,0,Male,Los Angeles,Month-to-month,Credit card (automatic),DSL
2026-06-03T14:24:38.894957,CUST_003603,0,1,1,36,54.48,1949.16,1,1,0,0,0,0,0,0,Female,San Diego,One year,Credit card (automatic),No
2026-06-03T14:25:38.903337,CUST_003604,1,1,1,23,54.31,1239.61,1,1,0,0,0,0,0,0,Female,Miami,Month-to-month,Mailed check,No
2026-06-03T14:26:38.907566,CUST_003605,0,1,1,15,113.77,1819.43,1,0,1,1,1,0,1,0,Male,San Diego,Month-to-month,Electronic check,Fiber optic
2026-06-03T14:27:38.926088,CUST_003606,1,0,0,2,83.47,180.3,1,1,0,0,0,1,0,0,Male,Los Angeles,Month-to-month,Mailed check,DSL
2026-06-03T14:28:38.945259,CUST_003607,0,1,0,37,51.65,1730.03,1,0,0,0,0,0,0,0,Female,Seattle,One year,Electronic check,No
2026-06-03T14:29:38.953277,CUST_003608,0,1,1,5,132.95,656.61,1,1,1,1,1,0,1,0,Male,San Diego,Month-to-month,Mailed check,Fiber optic
2026-06-03T14:30:38.963739,CUST_003609,0,0,0,16,43.98,643.08,1,0,0,0,0,0,0,0,Female,Los Angeles,Month-to-month,Credit card (automatic),No
2026-06-03T14:31:38.974842,CUST_003610,0,0,1,23,124.01,2970.92,1,1,1,0,0,1,1,1,Female,Miami,One year,Electronic check,Fiber optic
2026-06-03T14:32:38.984358,CUST_003611,0,1,0,10,113.14,1221.66,1,0,1,0,0,0,0,1,Female,Dallas,Month-to-month,Credit card (automatic),Fiber optic
2026-06-03T14:33:38.999704,CUST_003612,0,0,1,3,133.55,376.59,1,1,1,0,1,1,1,1,Male,Phoenix,Month-to-month,Electronic check,Fiber optic
2026-06-03T14:34:39.012638,CUST_003613,0,0,0,6,95.9,561.13,1,1,1,1,1,1,0,0,Female,San Diego,Month-to-month,Electronic check,DSL
2026-06-03T14:35:39.023312,CUST_003614,0,1,0,13,43.29,589.27,1,0,0,0,0,0,0,0,Male,San Diego,Month-to-month,Electronic check,No
2026-06-03T14:36:39.028299,CUST_003615,0,1,0,9,79.35,765.1,1,0,0,1,0,0,1,0,Female,Los Angeles,Month-to-month,Electronic check,DSL
2026-06-03T14:37:39.045827,CUST_003616,0,1,0,36,50.65,1684.99,1,0,0,0,0,0,0,0,Male,Houston,Two year,Credit card (automatic),No
2026-06-03T14:38:39.056472,CUST_003617,0,1,1,62,114.52,6537.77,1,0,0,1,0,1,1,0,Male,Miami,Two year,Credit card (automatic),Fiber optic
2026-06-03T14:39:39.063330,CUST_003618,0,0,0,13,80.13,1131.47,1,0,0,0,0,0,1,1,Male,Houston,Month-to-month,Bank transfer (automatic),DSL
2026-06-03T14:40:39.074139,CUST_003619,1,0,1,40,116.51,4531.42,1,1,1,1,0,1,0,0,Male,Houston,Two year,Credit card (automatic),Fiber optic
2026-06-03T14:41:39.092733,CUST_003620,0,1,1,11,96.1,1150.38,1,0,1,1,1,0,0,1,Female,Miami,Month-to-month,Electronic check,DSL
2026-06-03T14:42:39.111439,CUST_003621,0,1,0,20,82.22,1541.8,1,0,0,0,0,0,1,1,Female,Dallas,Month-to-month,Electronic check,DSL
2026-06-03T14:43:39.129214,CUST_003622,0,0,1,16,131.06,1947.27,1,1,1,1,1,1,0,1,Male,San Diego,Month-to-month,Electronic check,Fiber optic
2026-06-03T14:44:39.139668,CUST_003623,1,0,0,13,110.61,1541.18,1,1,0,0,0,0,0,1,Female,Miami,One year,Credit card (automatic),Fiber optic
2026-06-03T14:45:39.158357,CUST_003624,0,1,0,54,96.89,4989.62,1,0,0,1,1,0,0,0,Female,Dallas,Two year,Credit card (automatic),Fiber optic
2026-06-03T14:46:39.165742,CUST_003625,0,0,0,44,108.86,4838.66,1,1,0,0,0,1,1,0,Male,Los Angeles,One year,Bank transfer (automatic),Fiber optic
2026-06-03T14:47:39.182871,CUST_003626,0,0,0,15,107.8,1751.08,1,0,1,0,0,1,0,1,Male,San Francisco,One year,Credit card (automatic),Fiber optic
2026-06-03T14:48:39.195716,CUST_003627,0,0,1,13,122.18,1693.83,1,1,0,0,1,0,1,1,Female,Phoenix,Month-to-month,Electronic check,Fiber optic
2026-06-03T14:49:39.205628,CUST_003628,1,0,0,0,131.83,0.0,1,1,0,1,1,1,1,0,Male,Phoenix,Month-to-month,Electronic check,Fiber optic
2026-06-03T14:50:39.213913,CUST_003629,0,0,0,14,117.31,1782.46,1,0,0,1,1,0,1,1,Male,Miami,Month-to-month,Electronic check,Fiber optic
2026-06-03T14:51:39.229555,CUST_003630,0,0,1,10,85.0,902.39,1,0,0,0,0,1,1,0,Male,Dallas,Month-to-month,Mailed check,DSL
2026-06-03T14:52:39.247239,CUST_003631,1,0,1,40,107.39,4641.28,1,0,0,1,0,1,1,1,Male,San Francisco,Two year,Bank transfer (automatic),Fiber optic
2026-06-03T16:23:52.742784,CUST_003632,0,1,0,27,126.19,3304.49,1,1,1,0,0,1,1,1,Male,Dallas,One year,Mailed check,Fiber optic
2026-06-03T16:24:52.762155,CUST_003633,0,1,0,4,122.58,525.13,1,1,1,0,1,1,1,1,Male,Phoenix,Month-to-month,Credit card (automatic),Fiber optic
2026-06-03T16:25:52.778141,CUST_003634,1,0,0,22,86.37,1931.06,1,1,0,1,1,0,0,1,Female,San Francisco,One year,Credit card (automatic),DSL
2026-06-03T16:26:52.790931,CUST_003635,0,1,1,0,45.79,0.0,1,0,0,0,0,0,0,0,Female,Dallas,Month-to-month,Electronic check,No
2026-06-03T16:27:52.797136,CUST_003636,1,0,0,16,43.35,748.11,1,0,0,0,0,0,0,0,Female,Phoenix,Month-to-month,Electronic check,No
2026-06-03T16:28:52.811998,CUST_003637,0,1,0,16,48.32,783.69,1,0,0,0,0,0,0,0,Female,Los Angeles,Month-to-month,Electronic check,No
2026-06-03T16:29:52.833713,CUST_003638,0,0,1,25,49.46,1123.28,1,1,0,0,0,0,0,0,Male,Chicago,One year,Credit card (automatic),No
2026-06-03T16:30:52.846568,CUST_003639,0,0,1,10,20.26,204.13,0,0,0,0,0,0,0,0,Male,New York,Month-to-month,Mailed check,No
2026-06-03T16:31:52.859310,CUST_003640,0,1,0,12,119.73,1560.06,1,0,1,1,1,1,1,0,Male,San Francisco,Month-to-month,Electronic check,Fiber optic
2026-06-03T16:32:52.867712,CUST_003641,0,1,0,3,88.05,257.52,1,1,1,0,0,1,1,0,Female,Dallas,Month-to-month,Mailed check,DSL
2026-06-03T16:33:52.873144,CUST_003642,0,1,1,15,97.05,1394.22,1,1,0,1,0,0,1,1,Male,Dallas,Month-to-month,Mailed check,DSL
2026-06-03T16:34:52.876714,CUST_003643,0,0,0,13,87.72,1249.75,1,0,1,0,0,1,0,1,Male,Dallas,Month-to-month,Electronic check,DSL
2026-06-03T16:35:52.892340,CUST_003644,0,1,0,19,92.99,1768.24,1,0,1,1,0,1,0,1,Male,Phoenix,Month-to-month,Mailed check,DSL
2026-06-03T16:36:52.895565,CUST_003645,0,1,0,47,117.4,5959.75,1,0,1,1,0,1,0,0,Male,Dallas,One year,Electronic check,Fiber optic
2026-06-03T16:37:52.907846,CUST_003646,0,0,1,36,85.54,3083.17,1,0,0,1,0,1,0,1,Male,Los Angeles,One year,Electronic check,DSL
2026-06-03T16:38:52.921577,CUST_003647,1,1,0,6,85.76,509.31,1,1,0,0,0,0,1,0,Male,New York,Month-to-month,Electronic check,DSL
2026-06-03T16:39:52.931873,CUST_003648,0,0,1,15,114.03,1869.45,1,1,0,1,0,0,1,0,Male,Dallas,One year,Bank transfer (automatic),Fiber optic
2026-06-03T16:40:52.948229,CUST_003649,0,1,0,5,110.42,513.85,1,1,0,0,1,0,1,0,Female,New York,Month-to-month,Electronic check,Fiber optic
2026-06-03T16:41:52.960165,CUST_003650,0,1,1,16,51.25,741.46,1,0,0,0,0,0,0,0,Male,Houston,Month-to-month,Credit card (automatic),No
2026-06-03T18:09:06.227904,CUST_003651,0,0,0,24,103.95,2515.75,1,1,0,0,1,0,1,1,Male,Los Angeles,Month-to-month,Bank transfer (automatic),DSL
2026-06-03T18:10:06.233692,CUST_003652,0,1,0,20,104.22,2058.25,1,1,0,0,0,1,1,0,Female,Seattle,Month-to-month,Electronic check,Fiber optic
2026-06-03T18:11:06.246582,CUST_003653,1,0,0,9,72.53,662.07,0,0,0,1,0,0,0,0,Male,Seattle,Month-to-month,Electronic check,Fiber optic
2026-06-03T18:12:06.259266,CUST_003654,1,1,1,15,127.15,1756.96,1,0,0,1,1,1,1,1,Female,Houston,One year,Credit card (automatic),Fiber optic
2026-06-03T18:13:06.268953,CUST_003655,0,0,0,8,97.17,741.82,1,0,0,0,0,0,0,1,Female,Dallas,Month-to-month,Mailed check,Fiber optic
2026-06-03T18:14:06.285575,CUST_003656,0,1,0,0,78.48,0.0,1,0,1,0,0,0,0,0,Male,New York,Month-to-month,Bank transfer (automatic),DSL
2026-06-03T18:15:06.298055,CUST_003657,1,1,0,16,98.88,1664.23,1,1,0,0,0,0,1,0,Male,Houston,One year,Credit card (automatic),Fiber optic
2026-06-03T18:16:06.304815,CUST_003658,0,1,0,40,49.22,1996.57,1,0,0,0,0,0,0,0,Female,Los Angeles,One year,Credit card (automatic),No
2026-06-03T18:17:06.313842,CUST_003659,0,0,0,24,51.18,1165.42,0,0,0,0,0,1,0,0,Male,Seattle,Month-to-month,Electronic check,DSL
2026-06-03T18:18:06.324130,CUST_003660,0,1,0,2,79.83,146.03,1,0,0,1,0,0,0,0,Male,New York,Month-to-month,Electronic check,DSL
2026-06-03T18:19:06.353807,CUST_003661,0,0,0,43,101.54,4282.82,1,0,1,0,0,0,1,1,Male,Los Angeles,Two year,Credit card (automatic),Fiber optic
2026-06-03T18:20:06.361705,CUST_003662,0,0,0,15,102.16,1663.8,1,1,0,0,0,1,0,1,Male,Los Angeles,Month-to-month,Electronic check,Fiber optic
2026-06-03T18:21:06.381275,CUST_003663,0,0,0,39,119.07,4958.57,1,0,0,1,0,1,0,1,Female,Chicago,One year,Bank transfer (automatic),Fiber optic
2026-06-03T18:22:06.396910,CUST_003664,0,1,0,2,100.62,220.15,1,1,0,1,1,0,0,0,Male,Seattle,Month-to-month,Electronic check,Fiber optic
2026-06-03T18:23:06.414043,CUST_003665,0,0,0,34,103.52,3649.06,1,1,0,1,0,0,1,1,Female,Miami,Two year,Credit card (automatic),Fiber optic
2026-06-03T18:24:06.419568,CUST_003666,0,0,1,27,115.34,3295.09,1,1,1,0,1,0,1,0,Male,Houston,One year,Bank transfer (automatic),Fiber optic
2026-06-03T18:25:06.435682,CUST_003667,1,1,1,46,123.07,5829.5,1,0,1,1,0,0,1,1,Female,San Francisco,Two year,Bank transfer (automatic),Fiber optic
2026-06-03T18:26:06.450852,CUST_003668,0,0,1,13,118.47,1617.51,1,0,1,0,1,1,0,1,Female,Dallas,Month-to-month,Electronic check,Fiber optic
2026-06-03T18:27:06.456694,CUST_003669,0,0,0,17,111.07,1972.74,1,1,1,0,0,0,1,0,Female,Los Angeles,One year,Electronic check,Fiber optic
2026-06-03T18:28:06.460553,CUST_003670,0,0,0,43,126.51,5633.95,1,1,0,1,1,1,0,1,Male,Houston,One year,Bank transfer (automatic),Fiber optic
2026-06-03T18:29:06.482902,CUST_003671,0,0,0,9,99.98,921.05,1,0,0,0,0,1,0,0,Female,Seattle,Month-to-month,Electronic check,Fiber optic
2026-06-03T18:30:06.496968,CUST_003672,0,0,0,2,97.15,201.78,1,0,0,1,0,0,1,0,Female,New York,Month-to-month,Credit card (automatic),Fiber optic
2026-06-03T18:31:06.506509,CUST_003673,0,0,0,19,103.97,1887.86,1,1,1,0,0,0,1,1,Female,Chicago,Month-to-month,Bank transfer (automatic),DSL
2026-06-03T18:32:06.521136,CUST_003674,1,1,1,45,122.21,5218.14,1,0,0,1,1,1,1,0,Female,Phoenix,One year,Bank transfer (automatic),Fiber optic
2026-06-03T18:33:06.533643,CUST_003675,1,0,0,1,93.89,100.24,1,1,0,0,0,0,1,1,Female,Los Angeles,Month-to-month,Mailed check,DSL
2026-06-03T18:34:06.554728,CUST_003676,0,0,0,3,102.32,291.36,1,1,1,0,1,0,1,1,Female,Miami,Month-to-month,Mailed check,DSL
2026-06-03T18:35:06.571704,CUST_003677,0,1,0,30,49.82,1405.79,1,0,0,0,0,0,0,0,Female,Dallas,One year,Bank transfer (automatic),No
2026-06-03T18:36:06.577049,CUST_003678,0,0,1,17,123.65,1984.81,1,1,1,1,1,1,0,1,Male,Phoenix,Month-to-month,Credit card (automatic),Fiber optic
2026-06-03T18:37:06.580378,CUST_003679,0,1,0,13,87.48,1152.28,1,1,0,0,1,1,0,1,Female,Seattle,Month-to-month,Credit card (automatic),DSL
2026-06-03T18:38:06.585674,CUST_003680,0,0,1,52,78.79,3745.51,1,0,0,0,0,1,0,0,Male,Chicago,Two year,Bank transfer (automatic),DSL
2026-06-03T18:39:06.590265,CUST_003681,0,1,0,13,89.71,1241.33,1,1,0,0,1,0,1,1,Male,Los Angeles,Month-to-month,Credit card (automatic),DSL
2026-06-03T18:40:06.604435,CUST_003682,0,1,0,10,91.78,989.45,1,0,1,1,1,0,0,1,Female,Dallas,Month-to-month,Electronic check,DSL
2026-06-03T18:41:06.612898,CUST_003683,1,1,0,20,107.52,2174.35,1,0,0,1,0,0,1,0,Female,Los Angeles,Month-to-month,Electronic check,Fiber optic
2026-06-03T18:42:06.622700,CUST_003684,0,0,0,43,99.08,4007.13,1,0,1,0,0,0,1,0,Female,Los Angeles,One year,Electronic check,Fiber optic
2026-06-03T18:43:06.629514,CUST_003685,0,0,0,23,100.5,2534.18,1,1,0,0,1,0,1,0,Female,Miami,Month-to-month,Bank transfer (automatic),Fiber optic
2026-06-03T18:44:06.646832,CUST_003686,0,0,1,35,135.94,4653.69,1,1,1,1,1,0,1,1,Female,New York,One year,Bank transfer (automatic),Fiber optic
2026-06-03T18:45:06.653628,CUST_003687,0,1,0,24,92.76,2434.98,0,0,0,1,1,0,0,1,Male,Houston,Month-to-month,Electronic check,Fiber optic
2026-06-03T18:46:06.667506,CUST_003688,0,0,1,9,19.85,185.87,0,0,0,0,0,0,0,0,Female,San Diego,Month-to-month,Mailed check,No
2026-06-03T18:47:06.681496,CUST_003689,0,0,0,9,87.71,857.84,1,1,1,0,1,0,0,0,Male,Los Angeles,Month-to-month,Mailed check,DSL
2026-06-03T18:48:06.688056,CUST_003690,1,0,0,6,86.43,470.77,1,1,1,0,0,0,1,1,Male,Dallas,Month-to-month,Electronic check,DSL
2026-06-03T18:49:06.692004,CUST_003691,0,1,0,5,122.46,635.21,1,0,1,1,1,0,1,1,Male,Los Angeles,Month-to-month,Electronic check,Fiber optic
2026-06-03T18:50:06.697226,CUST_003692,0,1,0,12,52.51,678.4,1,1,0,0,0,0,0,0,Female,San Francisco,Month-to-month,Bank transfer (automatic),No
2026-06-03T18:51:06.713242,CUST_003693,0,0,1,26,83.61,2090.96,0,0,0,0,1,1,1,0,Female,Dallas,One year,Credit card (automatic),Fiber optic
2026-06-03T18:52:06.719602,CUST_003694,1,0,0,6,44.94,274.81,1,0,0,0,0,0,0,0,Male,Houston,Month-to-month,Electronic check,No
2026-06-03T20:26:11.010012,CUST_003695,0,1,1,32,97.89,2908.01,1,0,0,0,0,0,0,1,Female,Chicago,Two year,Credit card (automatic),Fiber optic
2026-06-03T20:47:15.183489,CUST_003696,0,0,0,13,47.91,634.94,1,0,0,0,0,0,0,0,Male,Chicago,Month-to-month,Electronic check,No
2026-06-03T20:48:15.189023,CUST_003697,1,1,0,0,102.38,0.0,1,0,1,1,0,1,0,0,Female,Seattle,Month-to-month,Electronic check,Fiber optic
2026-06-03T20:49:15.201127,CUST_003698,0,1,0,5,97.17,461.17,1,0,1,1,1,1,1,1,Female,Houston,Month-to-month,Mailed check,DSL
2026-06-03T20:50:15.216532,CUST_003699,0,0,0,13,43.31,567.31,1,0,0,0,0,0,0,0,Male,San Francisco,One year,Electronic check,No
2026-06-03T20:51:15.221785,CUST_003700,0,0,0,45,120.39,5128.46,1,1,0,1,0,1,1,0,Male,New York,One year,Bank transfer (automatic),Fiber optic
2026-06-03T20:52:15.227961,CUST_003701,0,1,0,69,41.71,2919.49,1,0,0,0,0,0,0,0,Female,Houston,Two year,Credit card (automatic),No
2026-06-03T20:53:15.241026,CUST_003702,0,0,0,7,117.68,811.82,1,1,1,1,0,0,0,0,Male,Seattle,Month-to-month,Electronic check,Fiber optic
2026-06-03T20:54:15.251677,CUST_003703,0,0,0,41,118.25,5044.28,1,1,1,0,0,1,1,1,Male,Dallas,One year,Mailed check,Fiber optic
2026-06-03T20:55:15.265044,CUST_003704,0,1,0,21,72.54,1478.4,0,0,1,0,0,0,0,1,Female,Phoenix,Month-to-month,Electronic check,Fiber optic
2026-06-03T20:56:15.278365,CUST_003705,0,1,0,42,116.77,4751.18,1,1,0,1,1,0,1,1,Female,San Francisco,Two year,Electronic check,Fiber optic
2026-06-03T20:57:15.297619,CUST_003706,0,0,1,9,80.7,795.45,1,0,0,1,0,0,0,1,Female,New York,Month-to-month,Electronic check,DSL
2026-06-03T20:58:15.310681,CUST_003707,1,1,0,13,93.11,1236.29,1,0,1,1,1,0,1,1,Female,Miami,Month-to-month,Electronic check,DSL
2026-06-03T20:59:15.324263,CUST_003708,1,1,1,8,96.45,836.66,1,0,0,1,0,1,1,1,Female,Phoenix,Month-to-month,Bank transfer (automatic),DSL
2026-06-03T21:00:15.335158,CUST_003709,0,1,0,4,110.61,417.55,1,1,0,1,0,1,0,1,Male,Miami,Month-to-month,Credit card (automatic),Fiber optic
2026-06-03T21:01:15.343903,CUST_003710,0,0,0,8,48.34,408.38,1,0,0,0,0,0,0,0,Male,Miami,Month-to-month,Bank transfer (automatic),No
2026-06-03T21:02:15.347973,CUST_003711,0,0,1,7,82.84,607.26,1,1,1,0,0,0,0,0,Female,Houston,Month-to-month,Electronic check,DSL
2026-06-03T21:03:15.364568,CUST_003712,0,1,0,59,101.44,5389.59,1,0,0,0,1,0,0,0,Male,San Diego,Two year,Credit card (automatic),Fiber optic
2026-06-03T21:04:15.378434,CUST_003713,0,0,0,23,107.5,2665.38,1,0,0,1,0,0,0,1,Male,Phoenix,One year,Bank transfer (automatic),Fiber optic
2026-06-03T21:05:15.389114,CUST_003714,0,0,0,44,112.63,4723.28,1,0,0,1,1,1,0,1,Female,San Francisco,One year,Credit card (automatic),Fiber optic
2026-06-03T21:06:15.394262,CUST_003715,0,1,0,8,49.54,364.92,1,0,0,0,0,0,0,0,Female,Chicago,Month-to-month,Electronic check,No
2026-06-03T21:07:15.413574,CUST_003716,0,0,0,19,96.87,1771.98,1,0,1,1,0,0,0,1,Female,Los Angeles,Month-to-month,Credit card (automatic),Fiber optic
2026-06-03T21:08:15.418303,CUST_003717,0,1,1,19,73.3,1436.05,1,1,0,0,0,0,1,0,Male,San Francisco,Month-to-month,Electronic check,DSL
2026-06-03T21:09:15.423804,CUST_003718,1,0,1,12,92.06,1148.75,1,0,1,1,1,0,0,0,Male,Los Angeles,Month-to-month,Electronic check,DSL
2026-06-03T21:10:15.430241,CUST_003719,0,0,0,1,90.63,87.82,1,1,0,0,1,0,1,0,Female,Chicago,Month-to-month,Mailed check,DSL
2026-06-03T21:11:15.443617,CUST_003720,0,0,0,60,91.9,5923.91,0,0,0,1,1,1,1,0,Male,Phoenix,Two year,Credit card (automatic),Fiber optic
2026-06-03T21:12:15.458974,CUST_003721,0,0,1,67,85.93,5654.2,1,1,0,1,0,0,0,0,Female,Houston,Two year,Credit card (automatic),DSL
2026-06-03T21:13:15.471118,CUST_003722,0,1,0,21,93.33,1821.56,1,0,0,0,0,0,1,0,Female,New York,Month-to-month,Electronic check,Fiber optic
2026-06-03T21:14:15.488420,CUST_003723,0,0,0,19,93.04,1694.9,1,0,1,1,0,0,0,0,Male,San Diego,Month-to-month,Mailed check,DSL
2026-06-03T21:15:15.501039,CUST_003724,0,1,0,21,84.94,1808.7,1,1,0,0,0,0,0,0,Female,San Diego,Month-to-month,Electronic check,DSL
2026-06-03T21:16:15.509698,CUST_003725,0,0,1,8,107.41,793.22,1,0,1,1,1,0,1,0,Male,Chicago,Month-to-month,Electronic check,Fiber optic
2026-06-03T21:17:15.525162,CUST_003726,1,0,0,0,85.93,0.0,1,0,1,1,0,1,1,0,Female,Seattle,Month-to-month,Mailed check,DSL
2026-06-03T21:18:15.530453,CUST_003727,0,1,0,33,106.36,3218.16,1,1,0,0,0,1,1,0,Male,San Diego,One year,Bank transfer (automatic),Fiber optic
2026-06-03T21:19:15.536418,CUST_003728,0,0,0,44,79.21,3146.65,1,0,0,0,0,1,1,0,Male,Chicago,One year,Mailed check,DSL
2026-06-03T21:20:15.548816,CUST_003729,1,1,0,1,100.4,94.39,1,1,1,1,1,0,0,1,Male,San Diego,Month-to-month,Bank transfer (automatic),DSL
2026-06-03T21:21:15.567770,CUST_003730,0,0,0,25,104.23,2444.0,1,0,0,1,1,0,0,1,Male,San Francisco,One year,Credit card (automatic),Fiber optic
2026-06-03T21:22:15.577101,CUST_003731,0,1,1,12,80.17,931.57,1,0,0,0,0,0,1,1,Male,Miami,Month-to-month,Electronic check,DSL
2026-06-03T21:23:15.587267,CUST_003732,0,0,0,0,43.67,0.0,1,0,0,0,0,0,0,0,Male,San Francisco,Month-to-month,Mailed check,No
2026-06-03T21:24:15.607203,CUST_003733,0,1,0,21,18.0,345.22,0,0,0,0,0,0,0,0,Male,New York,Month-to-month,Electronic check,No
2026-06-03T21:25:15.624300,CUST_003734,0,1,1,22,108.82,2625.64,1,1,0,1,0,0,0,0,Male,Phoenix,Month-to-month,Mailed check,Fiber optic
2026-06-03T21:26:15.642164,CUST_003735,1,0,1,7,112.36,756.15,1,0,0,1,1,1,0,0,Female,Los Angeles,Month-to-month,Mailed check,Fiber optic
2026-06-03T21:27:15.651685,CUST_003736,0,1,0,31,95.98,3095.03,1,0,0,0,1,1,1,0,Male,Seattle,Two year,Credit card (automatic),DSL
2026-06-03T21:28:15.668818,CUST_003737,0,1,0,13,54.68,664.84,1,1,0,0,0,0,0,0,Female,New York,Month-to-month,Electronic check,No
2026-06-03T21:29:15.675408,CUST_003738,0,1,1,28,112.0,3188.39,1,0,0,1,0,1,1,1,Male,Miami,Two year,Electronic check,Fiber optic
2026-06-03T21:30:15.690916,CUST_003739,1,1,0,25,47.48,1137.46,1,0,0,0,0,0,0,0,Male,Los Angeles,Two year,Credit card (automatic),No
2026-06-03T21:31:15.706350,CUST_003740,0,1,0,24,42.26,1060.86,1,0,0,0,0,0,0,0,Female,San Diego,One year,Mailed check,No
2026-06-03T21:32:15.715120,CUST_003741,0,1,0,20,80.56,1677.83,1,1,1,0,1,0,0,0,Male,Chicago,Month-to-month,Bank transfer (automatic),DSL
2026-06-03T21:33:15.731360,CUST_003742,0,0,1,48,101.79,4713.29,1,1,1,0,0,1,1,1,Male,New York,One year,Bank transfer (automatic),DSL
2026-06-03T21:34:15.738929,CUST_003743,0,1,0,14,90.37,1180.1,0,0,1,0,1,1,1,0,Female,New York,Month-to-month,Electronic check,Fiber optic
2026-06-03T21:35:15.746359,CUST_003744,1,0,0,54,108.45,6409.05,1,1,0,1,0,1,0,1,Male,Dallas,Two year,Credit card (automatic),Fiber optic
2026-06-03T21:36:15.749757,CUST_003745,0,0,0,1,110.64,114.79,1,1,1,1,0,0,0,1,Female,Miami,Month-to-month,Mailed check,Fiber optic
2026-06-03T21:37:15.761656,CUST_003746,0,0,1,13,104.36,1225.57,1,0,1,0,0,0,1,1,Male,Los Angeles,Month-to-month,Electronic check,Fiber optic
2026-06-03T21:38:15.780945,CUST_003747,0,0,0,3,39.94,112.85,1,0,0,0,0,0,0,0,Male,San Diego,Month-to-month,Bank transfer (automatic),No
2026-06-03T21:39:15.787624,CUST_003748,0,0,0,3,93.31,269.14,1,0,1,0,0,0,0,1,Female,Houston,Month-to-month,Credit card (automatic),Fiber optic
2026-06-03T21:40:15.800728,CUST_003749,0,1,1,19,89.85,1627.19,1,1,1,1,0,0,0,1,Female,San Francisco,Month-to-month,Credit card (automatic),DSL
2026-06-03T21:41:15.816578,CUST_003750,0,1,0,8,100.22,819.39,1,1,0,1,1,1,1,1,Female,Dallas,Month-to-month,Bank transfer (automatic),DSL
2026-06-03T21:42:15.831485,CUST_003751,0,0,0,2,106.32,210.74,1,0,0,0,1,1,1,0,Female,Los Angeles,Month-to-month,Bank transfer (automatic),Fiber optic
2026-06-03T21:43:15.836952,CUST_003752,1,0,0,23,104.04,2431.15,1,0,0,1,0,0,1,0,Female,Dallas,One year,Credit card (automatic),Fiber optic
2026-06-03T21:44:15.845690,CUST_003753,0,0,0,5,123.49,627.91,1,0,0,1,0,1,1,1,Female,Los Angeles,Month-to-month,Mailed check,Fiber optic
2026-06-03T21:45:15.870608,CUST_003754,0,0,0,54,87.87,5196.72,1,0,1,0,1,0,1,1,Male,San Diego,Two year,Credit card (automatic),DSL
2026-06-03T21:46:15.896389,CUST_003755,0,1,0,8,54.21,428.15,0,0,1,0,0,0,0,1,Female,Miami,Month-to-month,Electronic check,DSL
2026-06-03T21:47:15.912497,CUST_003756,0,1,0,37,87.57,3107.13,0,0,1,0,1,0,1,1,Female,New York,One year,Electronic check,Fiber optic
2026-06-03T21:48:15.926391,CUST_003757,1,0,1,23,91.96,2073.49,1,0,0,1,0,1,1,0,Male,Dallas,Month-to-month,Mailed check,DSL
2026-06-03T21:49:15.941076,CUST_003758,0,1,0,46,93.9,3934.02,1,0,1,1,0,1,1,0,Female,Los Angeles,Two year,Bank transfer (automatic),DSL
2026-06-03T21:50:15.952370,CUST_003759,0,0,0,13,123.27,1735.54,1,1,1,0,1,1,1,0,Male,Seattle,Month-to-month,Electronic check,Fiber optic
2026-06-03T21:51:15.969342,CUST_003760,1,0,1,70,83.7,6279.95,1,1,0,1,0,0,1,0,Female,San Francisco,Two year,Bank transfer (automatic),DSL
2026-06-03T21:52:15.978523,CUST_003761,0,1,0,16,99.51,1541.48,1,0,0,1,1,0,1,0,Male,Los Angeles,One year,Bank transfer (automatic),DSL
2026-06-03T21:53:15.984240,CUST_003762,0,1,1,35,122.56,4556.27,1,1,1,0,1,0,0,1,Male,Seattle,One year,Bank transfer (automatic),Fiber optic
2026-06-03T21:54:15.993745,CUST_003763,0,0,0,4,103.1,400.02,1,0,1,0,0,1,1,0,Male,Los Angeles,Month-to-month,Electronic check,Fiber optic
2026-06-03T21:55:16.011248,CUST_003764,0,1,1,12,18.0,198.2,0,0,0,0,0,0,0,0,Female,New York,Month-to-month,Mailed check,No
2026-06-03T21:56:16.028169,CUST_003765,0,0,1,60,99.96,5656.83,1,0,1,0,0,1,0,0,Male,Miami,Two year,Credit card (automatic),Fiber optic
2026-06-03T21:57:16.045077,CUST_003766,0,1,0,10,119.44,1115.91,1,1,1,0,0,0,1,1,Male,San Diego,Month-to-month,Bank transfer (automatic),Fiber optic
2026-06-03T21:58:16.049778,CUST_003767,0,0,1,33,115.29,4113.17,1,0,0,0,1,0,1,1,Female,New York,Two year,Bank transfer (automatic),Fiber optic
2026-06-03T21:59:16.055635,CUST_003768,1,0,1,42,43.56,1927.02,1,0,0,0,0,0,0,0,Male,San Francisco,One year,Credit card (automatic),No
2026-06-03T22:00:16.059438,CUST_003769,0,1,0,5,45.59,241.95,1,0,0,0,0,0,0,0,Male,Miami,Month-to-month,Mailed check,No
2026-06-03T22:01:16.064548,CUST_003770,1,1,0,26,49.43,1302.82,1,1,0,0,0,0,0,0,Male,Los Angeles,One year,Electronic check,No
2026-06-03T22:02:16.071579,CUST_003771,1,0,0,49,122.68,6070.31,1,0,0,1,0,1,1,1,Female,Los Angeles,Two year,Bank transfer (automatic),Fiber optic
2026-06-03T22:03:16.076974,CUST_003772,0,0,0,28,118.98,3366.34,1,1,1,0,1,0,0,1,Male,Chicago,One year,Credit card (automatic),Fiber optic
2026-06-03T22:04:16.091780,CUST_003773,0,1,0,6,51.24,321.0,1,1,0,0,0,0,0,0,Male,New York,Month-to-month,Mailed check,No
2026-06-03T22:05:16.098948,CUST_003774,0,0,0,29,99.37,3054.48,1,1,0,0,0,0,0,0,Male,Los Angeles,Two year,Bank transfer (automatic),Fiber optic
2026-06-03T22:06:16.112172,CUST_003775,0,1,0,7,112.46,731.26,1,1,1,0,1,0,0,1,Female,Houston,Month-to-month,Mailed check,Fiber optic
2026-06-03T22:07:16.120433,CUST_003776,0,1,0,53,18.47,956.41,0,0,0,0,0,0,0,0,Male,Miami,Two year,Credit card (automatic),No
2026-06-03T22:08:16.131436,CUST_003777,0,1,0,17,120.94,2133.06,1,0,1,1,1,0,1,1,Female,Dallas,Month-to-month,Electronic check,Fiber optic
2026-06-03T22:09:16.145080,CUST_003778,1,0,0,23,41.99,921.52,1,0,0,0,0,0,0,0,Female,Houston,Month-to-month,Credit card (automatic),No
2026-06-03T22:10:16.152642,CUST_003779,0,0,0,27,91.14,2607.69,1,1,0,1,1,0,1,0,Female,Houston,One year,Bank transfer (automatic),DSL
2026-06-03T22:11:16.161235,CUST_003780,0,0,0,15,45.89,718.91,1,0,0,0,0,0,0,0,Female,Dallas,One year,Credit card (automatic),No
2026-06-03T22:12:16.168885,CUST_003781,0,1,1,6,50.65,323.74,1,0,0,0,0,0,0,0,Male,Houston,Month-to-month,Bank transfer (automatic),No
2026-06-03T22:13:16.185373,CUST_003782,0,1,0,19,56.03,1045.06,1,1,0,0,0,0,0,0,Female,Houston,Month-to-month,Electronic check,No
2026-06-03T22:14:16.189351,CUST_003783,0,0,0,27,80.44,2175.44,1,0,0,1,0,1,0,0,Female,Seattle,One year,Bank transfer (automatic),DSL
2026-06-03T22:15:16.205794,CUST_003784,0,1,0,56,103.2,5486.76,1,1,1,0,0,1,1,0,Male,Phoenix,Two year,Bank transfer (automatic),Fiber optic
2026-06-03T22:16:16.212529,CUST_003785,0,1,0,19,100.08,2007.59,1,1,0,1,0,0,0,1,Male,Dallas,One year,Mailed check,Fiber optic
2026-06-03T22:17:16.223714,CUST_003786,0,0,0,13,106.84,1284.55,1,0,1,1,0,0,1,1,Female,Dallas,Month-to-month,Credit card (automatic),DSL
2026-06-03T22:18:16.226004,CUST_003787,0,0,0,19,73.93,1344.31,0,0,1,0,1,1,0,1,Male,Chicago,Month-to-month,Bank transfer (automatic),DSL
2026-06-03T22:19:16.233508,CUST_003788,0,1,1,66,123.36,8326.02,1,1,1,0,1,0,1,0,Male,New York,Two year,Credit card (automatic),Fiber optic
2026-06-03T22:20:16.238206,CUST_003789,0,0,0,16,86.02,1270.99,1,0,1,1,0,0,0,0,Male,Houston,One year,Credit card (automatic),DSL
2026-06-03T22:21:16.242094,CUST_003790,1,1,1,17,89.32,1408.33,1,0,0,0,0,0,0,1,Female,Chicago,Month-to-month,Bank transfer (automatic),Fiber optic
2026-06-03T22:22:16.259866,CUST_003791,0,1,1,17,91.67,1531.51,1,1,1,1,0,0,0,1,Male,Seattle,Month-to-month,Electronic check,DSL
2026-06-03T22:23:16.264005,CUST_003792,0,1,0,43,52.27,2233.17,1,0,0,0,0,0,0,0,Male,Dallas,Two year,Electronic check,No
2026-06-03T22:24:16.281638,CUST_003793,0,0,0,2,79.63,155.49,1,0,0,0,0,0,1,1,Female,Los Angeles,Month-to-month,Mailed check,DSL
2026-06-03T22:25:16.294447,CUST_003794,0,1,1,39,98.07,3481.21,1,0,0,0,0,1,0,1,Female,Dallas,Two year,Credit card (automatic),Fiber optic
2026-06-04T06:18:20.849744,CUST_003795,0,1,1,18,107.16,1991.83,1,1,0,0,0,0,0,1,Female,Chicago,Month-to-month,Electronic check,Fiber optic
2026-06-04T12:11:38.480193,CUST_003796,1,1,0,1,82.74,87.72,1,0,0,0,0,1,1,0,Female,Houston,Month-to-month,Bank transfer (automatic),DSL
2026-06-04T12:12:38.498432,CUST_003797,0,0,0,32,102.08,3406.52,1,0,0,0,0,1,0,1,Female,San Diego,One year,Bank transfer (automatic),Fiber optic
2026-06-04T12:13:38.515129,CUST_003798,1,0,1,67,87.99,6294.3,0,0,0,1,1,1,1,0,Male,Chicago,Two year,Electronic check,Fiber optic
2026-06-04T12:14:38.528615,CUST_003799,0,0,0,7,45.9,329.51,1,1,0,0,0,0,0,0,Female,Chicago,Month-to-month,Electronic check,No
2026-06-04T12:15:38.544125,CUST_003800,0,0,0,16,42.52,668.39,1,0,0,0,0,0,0,0,Male,San Diego,Month-to-month,Electronic check,No
2026-06-04T12:16:38.556495,CUST_003801,0,0,0,22,93.38,2206.64,0,0,0,1,1,0,1,1,Male,Dallas,One year,Bank transfer (automatic),Fiber optic
2026-06-04T12:17:38.574321,CUST_003802,0,1,0,34,119.32,4222.77,1,1,1,1,1,0,0,0,Male,Dallas,Two year,Bank transfer (automatic),Fiber optic
2026-06-04T12:18:38.584276,CUST_003803,0,0,0,25,125.69,3269.6,1,0,1,1,1,1,1,0,Male,Phoenix,One year,Credit card (automatic),Fiber optic
2026-06-04T12:19:38.599567,CUST_003804,0,0,0,43,74.46,3080.6,0,0,0,0,1,0,1,0,Female,Houston,Two year,Credit card (automatic),Fiber optic
2026-06-04T12:20:38.604187,CUST_003805,0,0,0,60,81.25,4977.83,1,1,0,0,1,0,0,1,Female,Dallas,Two year,Bank transfer (automatic),DSL
2026-06-04T12:21:38.608609,CUST_003806,1,1,0,51,144.02,7151.97,1,1,1,0,1,1,1,1,Male,Los Angeles,Two year,Credit card (automatic),Fiber optic
2026-06-04T12:22:38.613437,CUST_003807,0,1,0,5,50.9,254.17,0,0,0,0,0,0,0,1,Male,San Diego,Month-to-month,Bank transfer (automatic),DSL
2026-06-04T12:23:38.630926,CUST_003808,0,1,0,8,77.96,626.26,0,0,0,1,1,0,0,0,Male,Dallas,Month-to-month,Electronic check,Fiber optic
2026-06-04T12:24:38.636037,CUST_003809,0,1,0,7,107.59,775.14,1,1,0,1,0,0,0,1,Female,Dallas,Month-to-month,Electronic check,Fiber optic
2026-06-04T12:25:38.653481,CUST_003810,0,0,0,19,49.83,899.05,1,1,0,0,0,0,0,0,Male,Chicago,One year,Credit card (automatic),No
2026-06-04T12:26:38.657278,CUST_003811,0,1,1,10,119.73,1227.48,1,0,0,1,1,0,1,1,Male,Seattle,Month-to-month,Mailed check,Fiber optic
2026-06-04T12:27:38.667324,CUST_003812,0,0,1,21,66.33,1260.63,0,0,1,0,1,0,1,1,Female,Phoenix,Month-to-month,Bank transfer (automatic),DSL
2026-06-04T12:28:38.681111,CUST_003813,0,1,1,10,124.93,1192.18,1,0,1,1,0,0,1,1,Female,San Diego,Month-to-month,Mailed check,Fiber optic
2026-06-04T12:29:38.685870,CUST_003814,1,1,0,24,125.25,3293.41,1,1,1,1,1,1,1,0,Male,Miami,One year,Bank transfer (automatic),Fiber optic
2026-06-04T12:30:38.701361,CUST_003815,0,1,0,3,117.59,337.44,1,0,1,1,0,0,0,1,Female,Houston,Month-to-month,Bank transfer (automatic),Fiber optic
2026-06-04T12:31:38.704704,CUST_003816,0,1,1,16,71.57,1127.26,0,0,0,1,0,0,0,0,Female,Los Angeles,Month-to-month,Mailed check,Fiber optic
2026-06-04T12:32:38.714625,CUST_003817,0,0,1,12,84.6,980.42,1,0,1,1,0,0,0,0,Male,San Francisco,Month-to-month,Electronic check,DSL
2026-06-04T12:33:38.734145,CUST_003818,0,1,0,20,111.78,2355.5,1,0,0,1,0,0,1,1,Female,Phoenix,One year,Credit card (automatic),Fiber optic
2026-06-04T12:34:38.744012,CUST_003819,1,1,1,0,75.68,0.0,0,0,1,1,1,0,0,1,Female,Houston,Month-to-month,Electronic check,DSL
2026-06-04T12:35:38.764595,CUST_003820,0,1,0,21,45.2,1017.48,1,0,0,0,0,0,0,0,Male,Houston,Month-to-month,Electronic check,No
2026-06-04T12:36:38.767361,CUST_003821,0,0,0,1,112.4,116.01,1,1,1,1,1,0,0,0,Male,Los Angeles,Month-to-month,Mailed check,Fiber optic
2026-06-04T12:37:38.780525,CUST_003822,0,1,0,59,121.75,6706.74,1,1,1,0,0,1,1,1,Female,Chicago,Two year,Credit card (automatic),Fiber optic
2026-06-04T12:38:38.784939,CUST_003823,0,1,0,35,81.01,2863.09,0,0,0,0,1,0,1,1,Female,Dallas,One year,Bank transfer (automatic),Fiber optic
2026-06-04T12:39:38.798899,CUST_003824,0,1,1,3,86.6,235.62,1,1,0,1,1,0,1,0,Male,Dallas,Month-to-month,Mailed check,DSL
2026-06-04T12:40:38.812212,CUST_003825,0,0,0,58,92.49,5632.17,1,0,1,0,1,0,1,0,Male,San Diego,Two year,Credit card (automatic),DSL
2026-06-04T12:41:38.821313,CUST_003826,1,0,0,10,110.14,1141.4,1,0,0,0,1,0,1,0,Female,San Francisco,Month-to-month,Electronic check,Fiber optic
2026-06-04T12:42:38.835387,CUST_003827,0,0,0,9,94.23,854.15,1,0,0,1,1,1,0,1,Male,Houston,Month-to-month,Electronic check,DSL
2026-06-04T12:43:38.845345,CUST_003828,0,0,0,5,107.01,546.14,1,0,0,0,1,0,1,0,Female,San Diego,Month-to-month,Credit card (automatic),Fiber optic
2026-06-04T12:44:38.876231,CUST_003829,0,1,0,12,104.8,1261.79,1,0,0,1,0,0,1,0,Female,Houston,Month-to-month,Bank transfer (automatic),Fiber optic
2026-06-04T12:45:38.892590,CUST_003830,0,1,0,72,70.58,5530.08,0,0,1,1,1,0,0,1,Female,Seattle,Two year,Credit card (automatic),DSL
2026-06-04T12:46:38.909438,CUST_003831,1,1,0,20,99.58,2122.68,1,0,0,0,1,0,0,1,Female,Dallas,Month-to-month,Credit card (automatic),Fiber optic
2026-06-04T12:47:38.925336,CUST_003832,1,1,0,13,132.33,1781.58,1,1,1,0,0,1,1,1,Male,Dallas,One year,Credit card (automatic),Fiber optic
2026-06-04T12:48:38.936883,CUST_003833,0,1,0,20,52.84,979.43,1,1,0,0,0,0,0,0,Female,San Francisco,One year,Credit card (automatic),No
2026-06-05T08:38:50.294236,CUST_003834,0,1,0,66,85.67,6007.2,1,0,0,1,0,0,1,1,Male,San Francisco,Two year,Electronic check,DSL
2026-06-05T08:39:50.323976,CUST_003835,0,0,0,19,58.77,1070.61,0,0,1,0,0,0,1,1,Female,Dallas,Month-to-month,Electronic check,DSL
2026-06-05T08:40:50.335491,CUST_003836,1,1,1,2,86.69,171.84,1,0,0,0,0,1,0,1,Female,Miami,Month-to-month,Electronic check,DSL
2026-06-05T08:41:50.339373,CUST_003837,0,1,0,5,114.12,618.59,1,1,1,0,0,1,1,1,Male,Dallas,Month-to-month,Mailed check,Fiber optic
2026-06-05T08:42:50.345239,CUST_003838,0,1,0,18,98.09,1603.81,1,0,0,1,1,1,1,0,Male,Los Angeles,Month-to-month,Bank transfer (automatic),DSL
2026-06-05T08:43:50.355682,CUST_003839,0,1,1,16,44.92,721.34,1,0,0,0,0,0,0,0,Male,Phoenix,Month-to-month,Electronic check,No
2026-06-05T08:44:50.366070,CUST_003840,1,0,0,11,86.12,975.76,1,0,0,0,0,1,1,0,Female,New York,Month-to-month,Electronic check,DSL
2026-06-05T08:45:50.375851,CUST_003841,0,0,0,43,109.81,4552.99,1,1,0,0,1,0,1,0,Female,Miami,One year,Bank transfer (automatic),Fiber optic
2026-06-05T08:46:50.392313,CUST_003842,0,1,0,70,121.94,8909.27,1,0,1,0,1,1,1,1,Male,Chicago,Two year,Bank transfer (automatic),Fiber optic
2026-06-05T08:47:50.402738,CUST_003843,0,0,1,2,118.68,254.86,1,0,0,1,1,1,1,1,Female,New York,Month-to-month,Electronic check,Fiber optic
2026-06-05T08:48:50.416328,CUST_003844,0,0,0,16,92.66,1590.25,1,0,0,0,1,0,0,1,Male,Chicago,Month-to-month,Mailed check,Fiber optic
2026-06-05T08:49:50.419595,CUST_003845,0,0,1,54,43.01,2136.89,1,0,0,0,0,0,0,0,Female,San Francisco,Two year,Credit card (automatic),No
2026-06-05T08:50:50.437999,CUST_003846,0,1,0,17,95.64,1619.56,1,0,1,1,0,0,1,1,Female,Miami,Month-to-month,Credit card (automatic),DSL
2026-06-05T08:51:50.454321,CUST_003847,0,1,1,11,81.48,983.41,1,0,0,0,0,0,1,0,Female,Seattle,Month-to-month,Mailed check,DSL
2026-06-05T08:52:50.468600,CUST_003848,0,0,0,1,68.83,66.81,0,0,0,1,1,0,1,1,Female,Phoenix,Month-to-month,Credit card (automatic),DSL
2026-06-05T08:53:50.483193,CUST_003849,0,1,0,13,114.17,1475.99,1,0,1,1,1,1,1,1,Female,Los Angeles,Month-to-month,Mailed check,DSL
2026-06-05T08:54:50.500745,CUST_003850,0,1,0,22,51.35,1071.79,1,0,0,0,0,0,0,0,Male,Houston,Month-to-month,Mailed check,No
2026-06-05T08:55:50.510403,CUST_003851,0,1,0,15,44.24,690.24,1,1,0,0,0,0,0,0,Female,Los Angeles,Month-to-month,Bank transfer (automatic),No
2026-06-05T08:56:50.520101,CUST_003852,0,0,0,14,95.14,1300.28,1,0,1,1,1,1,0,0,Female,Los Angeles,Month-to-month,Electronic check,DSL
2026-06-05T08:57:50.523212,CUST_003853,0,0,0,21,94.6,1952.96,1,0,0,0,1,0,0,0,Male,Houston,One year,Credit card (automatic),Fiber optic
2026-06-05T08:58:50.532041,CUST_003854,0,0,0,24,103.17,2696.74,1,0,0,0,1,0,0,1,Male,San Diego,Month-to-month,Mailed check,Fiber optic
2026-06-05T08:59:50.543496,CUST_003855,0,1,0,17,102.34,1679.65,1,0,1,0,1,1,0,0,Female,San Francisco,One year,Mailed check,Fiber optic
2026-06-05T09:00:50.558657,CUST_003856,0,0,0,63,53.58,3381.24,1,1,0,0,0,0,0,0,Female,Los Angeles,Two year,Electronic check,No
2026-06-05T09:01:50.566934,CUST_003857,0,1,1,66,98.45,6392.96,1,0,1,0,1,0,1,0,Female,Miami,Two year,Mailed check,DSL
2026-06-05T09:02:50.571908,CUST_003858,0,1,0,13,75.44,917.64,0,0,1,1,0,1,1,0,Female,San Francisco,Month-to-month,Mailed check,DSL
2026-06-05T09:03:50.588364,CUST_003859,0,1,0,46,120.97,5536.67,1,1,0,1,0,0,1,1,Female,New York,Two year,Electronic check,Fiber optic
2026-06-05T09:04:50.591154,CUST_003860,0,0,0,14,106.53,1358.34,1,1,0,1,1,0,1,1,Male,Chicago,Month-to-month,Electronic check,DSL
2026-06-05T09:05:50.597324,CUST_003861,0,0,1,6,108.81,607.77,1,1,1,0,1,1,0,1,Female,Miami,Month-to-month,Mailed check,DSL
2026-06-05T09:06:50.599399,CUST_003862,0,0,0,7,81.8,546.35,1,0,0,0,0,0,1,1,Female,San Diego,Month-to-month,Electronic check,DSL
2026-06-05T09:07:50.607796,CUST_003863,0,1,1,19,108.8,1871.49,1,1,1,0,0,0,1,1,Male,Los Angeles,Month-to-month,Electronic check,Fiber optic
2026-06-05T09:08:50.618995,CUST_003864,0,1,0,1,105.28,108.23,1,1,1,0,1,0,0,0,Male,Los Angeles,Month-to-month,Mailed check,Fiber optic
2026-06-05T09:09:50.632282,CUST_003865,0,0,1,33,93.03,2887.45,1,1,1,1,0,1,1,0,Female,San Francisco,Two year,Credit card (automatic),DSL
2026-06-05T09:10:50.645264,CUST_003866,0,1,0,69,103.55,6445.83,1,1,1,1,1,0,0,0,Male,Miami,Two year,Bank transfer (automatic),Fiber optic
2026-06-05T09:11:50.662746,CUST_003867,0,0,0,17,112.49,1903.06,1,0,1,1,1,0,1,0,Female,Seattle,Month-to-month,Mailed check,Fiber optic
2026-06-05T09:12:50.672403,CUST_003868,1,0,1,12,109.04,1417.06,1,1,0,1,1,0,1,0,Male,Chicago,One year,Bank transfer (automatic),Fiber optic
2026-06-05T09:13:50.687694,CUST_003869,0,0,0,21,119.78,2574.12,1,1,1,1,1,0,0,0,Female,Houston,Month-to-month,Electronic check,Fiber optic
2026-06-05T09:14:50.698730,CUST_003870,0,0,0,18,44.3,803.74,1,0,0,0,0,0,0,0,Female,Miami,Month-to-month,Electronic check,No
2026-06-05T09:15:50.707468,CUST_003871,0,0,1,13,48.22,633.23,1,1,0,0,0,0,0,0,Female,Seattle,Month-to-month,Electronic check,No
2026-06-05T09:16:50.719940,CUST_003872,1,1,0,0,97.92,0.0,1,0,0,0,0,0,1,1,Female,New York,Month-to-month,Mailed check,Fiber optic
2026-06-05T09:17:50.734240,CUST_003873,0,0,0,23,51.31,1160.44,1,0,0,0,0,0,0,0,Female,Chicago,One year,Mailed check,No
2026-06-05T09:18:50.738613,CUST_003874,0,1,1,53,135.87,7223.76,1,1,1,1,0,1,1,1,Female,Phoenix,Two year,Credit card (automatic),Fiber optic
2026-06-05T09:19:50.753147,CUST_003875,0,0,0,48,42.03,1929.95,1,0,0,0,0,0,0,0,Male,Phoenix,One year,Bank transfer (automatic),No
2026-06-05T09:20:50.758832,CUST_003876,0,1,0,13,46.98,637.41,1,1,0,0,0,0,0,0,Female,Chicago,Month-to-month,Bank transfer (automatic),No
2026-06-05T09:21:50.770833,CUST_003877,0,1,0,15,110.58,1517.86,1,0,1,1,1,0,0,0,Male,San Francisco,Month-to-month,Bank transfer (automatic),Fiber optic
2026-06-05T09:22:50.776335,CUST_003878,0,1,1,5,23.09,120.57,0,0,0,0,0,0,0,0,Female,New York,Month-to-month,Electronic check,No
2026-06-05T09:23:50.784544,CUST_003879,0,1,1,24,76.5,1655.77,1,1,0,0,0,0,1,0,Female,Houston,Month-to-month,Credit card (automatic),DSL
2026-06-05T09:24:50.793697,CUST_003880,0,1,0,3,95.62,277.89,1,0,1,0,0,1,1,0,Female,Dallas,Month-to-month,Mailed check,DSL
2026-06-05T09:25:50.796417,CUST_003881,0,1,0,16,85.22,1425.03,1,1,1,0,1,0,1,0,Male,Phoenix,One year,Bank transfer (automatic),DSL
2026-06-05T09:26:50.807769,CUST_003882,1,1,0,24,80.32,1866.07,0,0,1,1,0,0,0,1,Female,New York,Month-to-month,Credit card (automatic),Fiber optic
2026-06-05T09:27:50.818654,CUST_003883,0,0,1,46,18.0,892.1,0,0,0,0,0,0,0,0,Female,New York,One year,Bank transfer (automatic),No
2026-06-05T09:28:50.834914,CUST_003884,0,0,1,9,87.75,814.21,0,0,0,1,0,1,1,1,Male,San Francisco,Month-to-month,Electronic check,Fiber optic
2026-06-05T09:29:50.851796,CUST_003885,0,1,0,16,93.52,1351.6,1,0,1,1,1,0,0,1,Female,Seattle,Month-to-month,Bank transfer (automatic),DSL
2026-06-05T09:31:08.888017,CUST_003886,0,0,1,12,55.13,713.37,1,1,0,0,0,0,0,0,Male,Dallas,One year,Bank transfer (automatic),No
2026-06-05T09:32:08.912890,CUST_003887,0,1,0,5,98.11,464.61,1,1,0,0,1,0,0,1,Female,Phoenix,Month-to-month,Electronic check,DSL
2026-06-05T09:33:08.931227,CUST_003888,0,0,1,32,82.61,2502.1,1,1,0,0,1,0,1,1,Female,Los Angeles,One year,Credit card (automatic),DSL
2026-06-05T09:34:08.938084,CUST_003889,0,0,1,55,117.52,7083.79,1,0,1,0,1,0,0,1,Female,New York,Two year,Bank transfer (automatic),Fiber optic
2026-06-05T09:35:08.949548,CUST_003890,0,1,0,9,110.68,979.91,1,0,0,1,0,1,1,1,Male,Houston,Month-to-month,Electronic check,Fiber optic
2026-06-05T09:36:08.962828,CUST_003891,1,0,1,58,99.57,5696.06,1,0,1,0,0,0,0,0,Female,Dallas,Two year,Bank transfer (automatic),Fiber optic
2026-06-05T09:37:08.976157,CUST_003892,0,1,1,53,99.95,5791.3,1,1,1,1,0,0,1,1,Male,Phoenix,Two year,Electronic check,DSL
2026-06-05T09:38:08.980272,CUST_003893,0,1,1,2,56.78,124.02,0,0,0,1,0,0,1,0,Female,Chicago,Month-to-month,Electronic check,DSL
2026-06-05T09:39:08.987010,CUST_003894,1,0,1,22,123.7,2927.63,1,0,1,1,1,1,0,1,Male,Dallas,Month-to-month,Electronic check,Fiber optic
2026-06-05T09:40:09.003401,CUST_003895,0,1,0,21,107.86,2273.43,1,0,0,1,1,1,1,0,Female,San Diego,Month-to-month,Credit card (automatic),Fiber optic
2026-06-05T09:41:09.011287,CUST_003896,0,1,1,9,119.23,1062.35,1,1,1,0,1,0,1,0,Male,Dallas,Month-to-month,Mailed check,Fiber optic
2026-06-05T09:42:09.018769,CUST_003897,0,0,0,4,48.36,179.24,1,0,0,0,0,0,0,0,Male,Seattle,Month-to-month,Electronic check,No
2026-06-05T09:43:09.040192,CUST_003898,0,1,1,6,135.71,883.52,1,1,1,0,1,1,1,1,Male,Los Angeles,Month-to-month,Electronic check,Fiber optic
2026-06-05T09:44:09.053668,CUST_003899,1,1,0,44,82.73,3282.65,1,0,0,0,1,0,0,0,Female,New York,Two year,Credit card (automatic),DSL
2026-06-05T09:45:09.064508,CUST_003900,0,1,0,30,55.11,1768.13,1,1,0,0,0,0,0,0,Female,Miami,One year,Credit card (automatic),No
2026-06-05T09:46:09.084317,CUST_003901,0,0,0,14,98.83,1446.28,1,1,1,1,0,1,1,1,Female,San Francisco,Month-to-month,Electronic check,DSL
2026-06-05T09:47:09.088747,CUST_003902,0,1,1,44,115.17,5220.4,1,0,1,1,0,0,0,1,Female,New York,Two year,Mailed check,Fiber optic
2026-06-05T09:48:09.099344,CUST_003903,0,0,0,0,80.54,0.0,1,0,0,1,0,0,0,1,Male,San Francisco,Month-to-month,Electronic check,DSL
2026-06-05T09:49:09.113641,CUST_003904,1,0,0,50,44.62,2285.63,1,0,0,0,0,0,0,0,Female,Chicago,Two year,Electronic check,No
2026-06-05T09:50:09.126896,CUST_003905,0,1,0,14,73.82,930.43,0,0,1,1,0,1,0,0,Male,Los Angeles,Month-to-month,Electronic check,Fiber optic
2026-06-05T09:51:09.140141,CUST_003906,0,1,0,23,52.49,1230.68,1,1,0,0,0,0,0,0,Male,San Francisco,Month-to-month,Mailed check,No
2026-06-05T09:52:09.146134,CUST_003907,0,0,1,13,88.75,1101.55,1,0,0,0,1,1,1,1,Female,Seattle,Month-to-month,Electronic check,DSL
2026-06-05T09:53:09.155918,CUST_003908,1,0,1,24,110.74,2482.86,1,1,1,1,0,1,1,0,Female,Los Angeles,Month-to-month,Electronic check,Fiber optic
2026-06-05T09:54:09.174128,CUST_003909,0,0,0,18,92.69,1781.24,0,0,1,1,1,0,1,1,Male,Houston,Month-to-month,Credit card (automatic),Fiber optic
2026-06-05T09:55:09.190617,CUST_003910,0,0,1,17,104.87,1633.46,1,1,0,0,0,1,0,0,Male,Houston,Month-to-month,Electronic check,Fiber optic
2026-06-05T09:56:09.204574,CUST_003911,1,1,0,24,96.83,2397.62,1,1,1,0,0,0,1,1,Female,San Diego,Month-to-month,Mailed check,DSL
2026-06-05T09:57:09.214397,CUST_003912,0,1,1,23,105.3,2414.05,1,0,0,0,1,1,0,0,Male,Phoenix,One year,Electronic check,Fiber optic
2026-06-05T09:58:09.245308,CUST_003913,0,0,0,5,18.0,88.08,0,0,0,0,0,0,0,0,Female,Miami,Month-to-month,Electronic check,No
2026-06-05T09:59:09.274883,CUST_003914,1,0,0,55,85.86,4914.32,1,0,1,1,0,0,0,1,Male,Dallas,Two year,Credit card (automatic),DSL
2026-06-05T10:00:09.302137,CUST_003915,0,1,1,18,83.57,1634.79,1,1,0,0,1,0,1,1,Female,Chicago,Month-to-month,Electronic check,DSL
2026-06-05T10:01:09.330388,CUST_003916,1,0,0,30,112.16,3307.16,1,0,1,1,0,1,1,1,Male,San Diego,One year,Electronic check,Fiber optic
2026-06-05T10:02:09.359792,CUST_003917,0,0,0,13,93.12,1302.51,1,0,1,1,1,1,0,0,Male,Dallas,Month-to-month,Electronic check,DSL
2026-06-05T10:03:09.368363,CUST_003918,1,0,0,19,53.03,1024.54,1,1,0,0,0,0,0,0,Male,Phoenix,Month-to-month,Credit card (automatic),No
2026-06-05T10:04:09.382832,CUST_003919,0,0,1,24,113.18,2629.74,1,0,0,0,1,1,1,0,Male,New York,Month-to-month,Credit card (automatic),Fiber optic
2026-06-05T10:05:09.398978,CUST_003920,0,0,0,61,116.56,6990.27,1,0,1,0,1,1,0,0,Female,Houston,Two year,Credit card (automatic),Fiber optic
2026-06-05T10:06:09.418193,CUST_003921,0,0,0,17,121.39,2003.14,1,0,1,0,1,1,1,1,Male,Los Angeles,One year,Credit card (automatic),Fiber optic
2026-06-05T10:07:09.435834,CUST_003922,0,1,0,70,96.17,6873.94,1,0,0,0,0,0,0,1,Male,San Diego,Two year,Bank transfer (automatic),Fiber optic
2026-06-05T10:08:09.446967,CUST_003923,0,1,0,9,85.0,833.63,1,0,0,1,0,1,1,0,Male,Chicago,Month-to-month,Electronic check,DSL
2026-06-05T10:09:09.461434,CUST_003924,0,1,1,4,105.45,419.97,1,0,0,0,1,0,1,1,Female,New York,Month-to-month,Credit card (automatic),Fiber optic
2026-06-05T10:10:09.472560,CUST_003925,0,1,0,8,103.35,817.19,1,0,0,1,1,0,0,1,Male,Dallas,Month-to-month,Credit card (automatic),Fiber optic
2026-06-05T10:11:09.482304,CUST_003926,0,1,0,19,125.09,2579.21,1,1,1,1,0,0,0,1,Male,Chicago,Month-to-month,Mailed check,Fiber optic
2026-06-05T10:12:09.492784,CUST_003927,0,0,0,3,78.87,216.01,1,0,0,0,0,0,1,0,Male,Dallas,Month-to-month,Bank transfer (automatic),DSL
2026-06-05T10:13:09.507607,CUST_003928,0,1,0,51,103.23,5725.76,1,0,0,1,0,0,1,1,Female,Phoenix,Two year,Electronic check,Fiber optic
2026-06-05T10:14:09.528228,CUST_003929,0,0,0,10,92.08,857.5,1,1,0,1,1,1,0,0,Female,Chicago,Month-to-month,Bank transfer (automatic),DSL
2026-06-05T10:15:09.534958,CUST_003930,1,0,0,15,104.41,1628.49,1,1,0,0,0,0,1,1,Male,Houston,Month-to-month,Electronic check,Fiber optic
2026-06-05T10:16:09.547641,CUST_003931,1,1,1,27,84.28,2422.68,1,0,0,1,0,0,1,0,Female,Los Angeles,Two year,Bank transfer (automatic),DSL
2026-06-05T10:17:09.561116,CUST_003932,0,0,0,46,72.11,3645.27,0,0,1,1,0,1,1,1,Female,Phoenix,Two year,Bank transfer (automatic),DSL
2026-06-05T10:18:09.564456,CUST_003933,1,0,1,14,133.67,1804.49,1,0,1,1,0,1,1,1,Female,Los Angeles,One year,Electronic check,Fiber optic
2026-06-05T10:19:09.580230,CUST_003934,1,1,0,27,92.67,2713.75,1,0,1,0,1,0,1,0,Male,Los Angeles,One year,Bank transfer (automatic),DSL
2026-06-05T10:20:09.588105,CUST_003935,0,1,0,16,24.2,407.94,0,0,0,0,0,0,0,0,Female,Phoenix,Month-to-month,Electronic check,No
2026-06-05T10:21:09.597816,CUST_003936,0,1,0,29,113.54,3290.81,1,1,1,0,0,0,1,0,Female,Seattle,One year,Mailed check,Fiber optic
2026-06-05T10:22:09.602829,CUST_003937,0,0,0,6,95.37,628.76,1,0,0,0,0,0,0,1,Male,New York,Month-to-month,Bank transfer (automatic),Fiber optic
2026-06-05T10:23:09.614155,CUST_003938,0,1,1,22,100.05,2014.22,1,0,0,1,1,0,0,1,Female,Houston,Month-to-month,Credit card (automatic),Fiber optic
2026-06-05T10:24:09.627025,CUST_003939,0,1,0,1,52.35,49.18,1,1,0,0,0,0,0,0,Female,Los Angeles,Month-to-month,Mailed check,No
2026-06-05T10:25:09.640028,CUST_003940,0,0,1,20,81.12,1697.71,0,0,0,1,1,0,1,0,Female,Phoenix,Month-to-month,Electronic check,Fiber optic
2026-06-05T10:26:09.656218,CUST_003941,0,1,0,41,71.85,2867.32,0,0,0,1,0,0,0,1,Female,Dallas,Two year,Mailed check,Fiber optic
2026-06-05T10:27:09.677537,CUST_003942,0,1,1,43,110.13,5083.35,1,1,0,0,1,0,0,1,Male,New York,Two year,Bank transfer (automatic),Fiber optic
2026-06-05T10:28:09.689679,CUST_003943,0,0,0,23,57.63,1389.93,1,1,0,0,0,0,0,0,Female,Los Angeles,Month-to-month,Electronic check,No
2026-06-05T10:29:09.698655,CUST_003944,0,1,0,18,112.66,1983.1,1,1,1,1,0,0,0,1,Female,Dallas,Month-to-month,Credit card (automatic),Fiber optic
2026-06-05T10:30:09.717434,CUST_003945,0,1,1,20,44.51,903.44,1,0,0,0,0,0,0,0,Male,Chicago,Month-to-month,Electronic check,No
2026-06-05T10:31:09.724720,CUST_003946,0,1,0,1,116.95,111.82,1,1,1,0,0,1,1,1,Male,Los Angeles,Month-to-month,Electronic check,Fiber optic
2026-06-05T10:32:09.732899,CUST_003947,1,1,1,18,66.59,1219.19,0,0,0,1,0,0,0,0,Female,San Diego,Month-to-month,Bank transfer (automatic),Fiber optic
2026-06-05T10:33:09.747295,CUST_003948,1,1,0,44,42.54,2051.19,1,0,0,0,0,0,0,0,Male,Miami,One year,Credit card (automatic),No
2026-06-05T10:34:09.752676,CUST_003949,0,1,0,12,88.4,1071.61,1,0,1,0,0,0,1,1,Female,Los Angeles,Month-to-month,Electronic check,DSL
2026-06-05T10:35:09.761553,CUST_003950,0,0,0,22,133.76,2693.28,1,1,1,1,0,0,1,1,Male,San Diego,Month-to-month,Mailed check,Fiber optic
2026-06-05T10:36:09.770388,CUST_003951,1,0,1,31,100.97,3228.98,1,0,1,1,1,0,1,0,Female,San Diego,One year,Bank transfer (automatic),DSL
2026-06-05T10:37:09.783487,CUST_003952,1,0,1,46,107.93,4533.23,1,0,0,1,0,0,0,1,Male,Los Angeles,Two year,Bank transfer (automatic),Fiber optic
2026-06-05T10:38:09.800292,CUST_003953,0,0,1,5,81.56,433.57,0,0,0,1,0,0,1,1,Male,New York,Month-to-month,Electronic check,Fiber optic
2026-06-05T10:39:09.813257,CUST_003954,0,1,0,21,90.82,1940.24,1,0,1,1,1,1,1,0,Female,San Francisco,Month-to-month,Mailed check,DSL
2026-06-05T10:40:09.832210,CUST_003955,0,0,0,20,121.27,2578.29,1,1,0,0,1,0,1,0,Female,San Diego,Month-to-month,Electronic check,Fiber optic
2026-06-05T10:41:09.840165,CUST_003956,0,0,0,68,111.39,8220.68,1,0,1,1,0,1,0,0,Female,Houston,Two year,Bank transfer (automatic),Fiber optic
2026-06-05T10:42:09.849782,CUST_003957,0,1,0,10,74.63,783.68,1,0,0,0,0,0,0,1,Female,Los Angeles,Month-to-month,Credit card (automatic),DSL
2026-06-05T10:43:09.864881,CUST_003958,0,1,0,20,85.88,1696.82,1,0,0,0,1,0,1,1,Female,San Diego,Month-to-month,Credit card (automatic),DSL
2026-06-05T10:44:09.880910,CUST_003959,0,1,0,14,64.62,986.63,0,0,1,1,0,0,0,1,Female,Houston,Month-to-month,Electronic check,DSL
2026-06-06T07:33:21.795852,CUST_003960,0,0,1,7,69.84,491.69,0,0,0,0,0,0,1,0,Female,Dallas,Month-to-month,Credit card (automatic),Fiber optic
2026-06-06T07:34:22.084639,CUST_003961,1,0,1,38,102.49,3921.42,1,1,1,1,1,0,1,0,Male,Houston,Two year,Credit card (automatic),DSL
2026-06-06T07:35:22.097810,CUST_003962,0,0,1,10,43.71,456.39,1,0,0,0,0,0,0,0,Female,Seattle,Month-to-month,Mailed check,No
2026-06-06T07:36:22.125063,CUST_003963,0,0,1,24,103.59,2485.18,1,0,1,1,0,1,0,0,Female,Dallas,Month-to-month,Electronic check,Fiber optic
2026-06-06T07:37:22.137325,CUST_003964,0,1,0,24,99.61,2515.61,1,0,0,0,0,0,0,1,Female,Dallas,One year,Bank transfer (automatic),Fiber optic
2026-06-06T07:38:22.144974,CUST_003965,0,1,0,29,110.14,3021.26,1,1,1,1,0,0,0,0,Female,Houston,One year,Credit card (automatic),Fiber optic
2026-06-06T07:39:22.159702,CUST_003966,0,1,1,18,99.54,1861.19,1,0,0,0,1,1,1,1,Male,Houston,Month-to-month,Electronic check,DSL
2026-06-06T07:40:22.173484,CUST_003967,1,1,0,60,120.88,6605.73,1,1,1,0,1,1,0,1,Female,Chicago,Two year,Credit card (automatic),Fiber optic
2026-06-06T07:41:22.191884,CUST_003968,0,1,0,0,105.85,0.0,1,1,0,0,0,0,1,1,Male,Chicago,Month-to-month,Mailed check,Fiber optic
2026-06-06T07:42:22.212971,CUST_003969,0,1,0,24,109.15,2802.18,1,0,1,0,1,0,1,1,Female,Los Angeles,Month-to-month,Electronic check,Fiber optic
2026-06-06T07:43:22.226985,CUST_003970,0,1,0,2,104.08,217.46,1,0,1,0,0,1,1,1,Female,San Francisco,Month-to-month,Electronic check,DSL
2026-06-06T07:44:22.243268,CUST_003971,1,0,0,16,58.06,1010.73,1,1,0,0,0,0,0,0,Male,Miami,One year,Credit card (automatic),No
2026-06-06T07:45:22.260553,CUST_003972,0,0,0,60,90.18,5609.54,1,1,1,0,1,0,1,0,Male,San Diego,Two year,Bank transfer (automatic),DSL
2026-06-06T07:46:22.270326,CUST_003973,0,1,0,23,77.72,1723.56,1,1,0,0,0,0,0,0,Male,Dallas,Month-to-month,Electronic check,DSL
2026-06-06T07:47:22.288892,CUST_003974,0,0,1,1,89.17,81.91,0,0,1,0,1,1,0,0,Male,Dallas,Month-to-month,Electronic check,Fiber optic
2026-06-06T07:48:22.294663,CUST_003975,1,1,0,43,107.51,4555.78,1,1,0,0,1,0,1,1,Female,Dallas,One year,Credit card (automatic),Fiber optic
2026-06-06T07:49:22.302010,CUST_003976,0,0,1,47,113.46,5105.86,1,1,1,0,0,1,0,1,Female,Seattle,One year,Electronic check,Fiber optic
2026-06-06T07:50:22.315663,CUST_003977,0,0,0,10,99.91,1075.12,1,0,0,1,0,1,0,1,Male,Los Angeles,Month-to-month,Electronic check,Fiber optic
2026-06-06T07:51:22.329425,CUST_003978,0,1,0,9,81.01,761.95,1,0,1,0,0,1,0,1,Male,Chicago,Month-to-month,Electronic check,DSL
2026-06-06T07:52:22.347429,CUST_003979,0,0,0,27,120.58,3229.38,1,0,0,1,1,0,1,1,Female,Seattle,One year,Bank transfer (automatic),Fiber optic
2026-06-06T07:53:22.357489,CUST_003980,0,1,1,64,81.16,5502.41,1,1,0,0,1,0,0,0,Male,Chicago,Two year,Electronic check,DSL
2026-06-06T07:54:22.367345,CUST_003981,0,1,0,8,103.75,804.64,1,1,0,0,0,0,0,1,Male,San Francisco,Month-to-month,Electronic check,Fiber optic
2026-06-06T07:55:22.382486,CUST_003982,0,1,0,5,115.31,538.42,1,0,1,0,0,0,1,1,Female,Los Angeles,Month-to-month,Electronic check,Fiber optic
2026-06-06T07:56:22.397353,CUST_003983,0,0,1,13,98.6,1305.56,1,0,1,0,1,1,0,1,Female,San Diego,One year,Credit card (automatic),DSL
2026-06-06T07:57:22.403332,CUST_003984,0,0,0,13,47.58,629.95,1,0,0,0,0,0,0,0,Male,Phoenix,Month-to-month,Electronic check,No
2026-06-06T07:58:22.413566,CUST_003985,0,0,0,40,48.72,1805.2,1,0,0,0,0,0,0,0,Female,Los Angeles,One year,Electronic check,No
2026-06-06T07:59:22.420298,CUST_003986,0,1,1,20,115.0,2436.03,1,0,0,1,1,1,0,1,Male,Chicago,Month-to-month,Mailed check,Fiber optic
2026-06-06T08:00:22.428463,CUST_003987,1,1,0,35,101.4,3439.29,1,1,0,0,0,0,1,0,Female,San Diego,Two year,Bank transfer (automatic),Fiber optic
2026-06-06T08:01:22.447178,CUST_003988,0,0,0,34,85.11,3160.47,1,0,0,1,0,1,0,0,Male,Dallas,Two year,Electronic check,DSL
2026-06-06T08:02:22.459342,CUST_003989,0,1,0,2,47.95,87.37,1,1,0,0,0,0,0,0,Female,Miami,Month-to-month,Bank transfer (automatic),No
2026-06-06T08:03:22.466996,CUST_003990,0,0,1,32,55.62,1928.41,0,0,0,0,0,0,1,1,Female,San Francisco,Two year,Bank transfer (automatic),DSL
2026-06-06T08:04:22.486452,CUST_003991,0,0,0,13,100.11,1257.75,1,0,0,0,0,0,1,0,Male,Miami,Month-to-month,Bank transfer (automatic),Fiber optic
2026-06-06T08:05:22.501711,CUST_003992,0,1,1,19,79.18,1403.16,1,0,0,0,1,0,0,1,Male,Seattle,Month-to-month,Bank transfer (automatic),DSL
2026-06-06T08:06:22.511426,CUST_003993,0,1,0,28,83.86,2187.79,1,0,1,1,0,0,1,1,Female,Phoenix,One year,Credit card (automatic),DSL
2026-06-06T08:07:22.529261,CUST_003994,0,1,0,41,92.82,3988.16,1,1,1,0,0,0,0,1,Male,New York,One year,Electronic check,DSL
2026-06-06T08:08:22.536523,CUST_003995,1,1,0,31,96.65,2972.13,1,0,0,0,0,0,0,1,Male,Dallas,One year,Credit card (automatic),Fiber optic
2026-06-06T08:09:22.546853,CUST_003996,0,0,0,33,90.9,2761.64,1,1,0,0,1,1,0,1,Male,Miami,Two year,Bank transfer (automatic),DSL
2026-06-06T08:10:22.555641,CUST_003997,0,0,0,23,111.51,2317.16,1,0,1,0,0,0,1,1,Male,Miami,Month-to-month,Mailed check,Fiber optic
2026-06-06T08:11:22.593991,CUST_003998,0,1,0,20,122.64,2528.16,1,0,1,1,1,0,1,1,Male,Dallas,Month-to-month,Electronic check,Fiber optic
2026-06-06T08:12:22.608398,CUST_003999,0,1,0,39,117.78,4873.45,1,0,0,1,1,0,0,1,Female,Houston,One year,Bank transfer (automatic),Fiber optic
2026-06-06T08:13:22.623194,CUST_004000,0,1,1,14,22.05,330.42,0,0,0,0,0,0,0,0,Female,Houston,One year,Mailed check,No
2026-06-06T08:14:22.638886,CUST_004001,1,0,0,9,117.17,1030.04,1,1,0,1,1,1,1,1,Female,Houston,Month-to-month,Electronic check,Fiber optic
2026-06-06T08:15:22.652438,CUST_004002,0,0,0,21,58.75,1209.77,0,0,0,1,0,1,0,0,Male,Los Angeles,Month-to-month,Bank transfer (automatic),DSL
2026-06-06T08:16:22.658630,CUST_004003,0,0,0,44,62.87,3016.32,0,0,1,1,0,1,0,0,Male,San Diego,Two year,Bank transfer (automatic),DSL
2026-06-06T08:17:22.664096,CUST_004004,0,0,1,6,112.76,621.04,1,1,1,1,0,1,0,1,Male,Houston,Month-to-month,Electronic check,DSL
2026-06-06T08:18:22.680775,CUST_004005,0,1,0,23,109.17,2717.32,1,1,0,0,0,0,1,0,Male,Los Angeles,Month-to-month,Credit card (automatic),Fiber optic
2026-06-06T08:19:22.691508,CUST_004006,0,1,1,1,113.02,105.34,1,1,0,0,1,0,0,1,Male,Los Angeles,Month-to-month,Credit card (automatic),Fiber optic
2026-06-06T08:20:22.695580,CUST_004007,0,1,0,0,65.74,0.0,0,0,1,0,1,0,1,1,Male,New York,Month-to-month,Credit card (automatic),DSL
2026-06-06T08:21:22.703009,CUST_004008,0,0,0,36,111.41,3722.17,1,1,1,1,0,1,1,1,Female,San Diego,Two year,Bank transfer (automatic),DSL
2026-06-06T08:22:22.709404,CUST_004009,1,0,0,0,101.87,0.0,1,1,1,1,1,1,1,0,Male,Houston,Month-to-month,Mailed check,DSL
2026-06-06T08:23:22.721566,CUST_004010,0,0,1,13,90.04,1180.52,1,0,0,0,1,1,0,0,Female,Miami,Month-to-month,Bank transfer (automatic),DSL
2026-06-06T08:24:22.731560,CUST_004011,0,1,0,48,86.35,4056.81,1,0,0,0,0,1,1,1,Male,Seattle,One year,Bank transfer (automatic),DSL
2026-06-06T08:25:22.743398,CUST_004012,0,0,1,2,110.44,208.34,1,0,0,1,0,0,1,1,Female,Dallas,Month-to-month,Electronic check,Fiber optic
2026-06-06T08:26:22.750045,CUST_004013,0,1,0,25,121.14,3016.62,1,1,0,1,0,1,0,1,Male,Seattle,One year,Credit card (automatic),Fiber optic
2026-06-06T08:27:22.758995,CUST_004014,0,1,0,17,78.55,1220.9,0,0,0,1,0,0,1,1,Male,Los Angeles,Month-to-month,Electronic check,Fiber optic
2026-06-06T08:28:22.774951,CUST_004015,0,0,0,22,111.19,2233.17,1,0,0,1,1,1,0,0,Female,Los Angeles,Month-to-month,Mailed check,Fiber optic
2026-06-06T08:29:22.783723,CUST_004016,0,0,0,25,112.02,2986.93,1,0,1,0,0,1,1,1,Male,Chicago,Two year,Bank transfer (automatic),Fiber optic
2026-06-06T08:30:22.791453,CUST_004017,0,0,0,47,106.3,4812.35,1,1,1,0,1,0,1,1,Male,Los Angeles,One year,Mailed check,Fiber optic
2026-06-06T08:31:22.798641,CUST_004018,0,0,0,2,66.39,135.53,0,0,0,1,0,0,0,0,Female,San Diego,Month-to-month,Electronic check,Fiber optic
2026-06-06T08:32:22.814251,CUST_004019,0,0,1,13,53.99,758.72,1,1,0,0,0,0,0,0,Female,Chicago,Month-to-month,Electronic check,No
2026-06-06T08:33:22.832946,CUST_004020,0,1,0,14,120.31,1688.48,1,0,1,1,1,0,1,0,Female,Miami,Month-to-month,Electronic check,Fiber optic
2026-06-06T08:34:22.844275,CUST_004021,1,1,1,23,129.91,3024.27,1,1,0,0,1,1,1,1,Male,Los Angeles,One year,Bank transfer (automatic),Fiber optic
2026-06-06T08:35:22.862785,CUST_004022,0,1,1,32,92.76,3211.11,1,1,0,0,0,0,0,0,Male,Chicago,One year,Credit card (automatic),Fiber optic
2026-06-06T08:36:22.888510,CUST_004023,1,0,1,13,108.7,1414.42,1,0,0,1,1,0,1,1,Female,Chicago,Month-to-month,Electronic check,Fiber optic
2026-06-06T08:37:22.897656,CUST_004024,0,0,1,0,45.8,0.0,1,0,0,0,0,0,0,0,Female,Phoenix,Month-to-month,Electronic check,No
2026-06-06T08:38:22.906662,CUST_004025,0,0,0,47,94.69,4135.4,1,0,1,1,0,1,1,1,Female,Phoenix,One year,Electronic check,DSL
2026-06-06T08:39:22.910071,CUST_004026,1,0,1,68,94.38,6390.15,1,0,0,0,1,0,1,0,Female,Dallas,Two year,Bank transfer (automatic),Fiber optic
2026-06-06T08:40:22.925591,CUST_004027,0,1,0,10,95.41,1036.77,1,1,1,0,0,0,0,0,Male,New York,Month-to-month,Electronic check,Fiber optic
2026-06-06T16:22:18.939708,CUST_004028,0,1,0,10,117.65,1095.64,1,0,0,0,1,0,1,1,Female,Houston,Month-to-month,Credit card (automatic),Fiber optic
2026-06-06T16:23:18.952024,CUST_004029,0,0,1,32,115.82,3670.42,1,0,1,0,0,0,1,1,Female,Dallas,One year,Bank transfer (automatic),Fiber optic
2026-06-06T16:24:18.961972,CUST_004030,0,1,0,21,112.34,2306.98,1,0,0,0,1,0,1,1,Female,Miami,Month-to-month,Mailed check,Fiber optic
2026-06-06T16:25:18.970271,CUST_004031,0,1,0,33,119.95,3688.84,1,0,0,1,1,1,0,1,Female,Dallas,Two year,Mailed check,Fiber optic
2026-06-06T16:26:18.985243,CUST_004032,0,0,1,21,95.22,1843.65,1,0,1,1,0,0,0,0,Female,Chicago,Month-to-month,Electronic check,Fiber optic
2026-06-06T16:27:18.989291,CUST_004033,0,0,0,45,85.64,4047.97,1,0,1,0,0,1,0,0,Male,Miami,Two year,Credit card (automatic),DSL
2026-06-06T16:28:19.008662,CUST_004034,0,1,0,12,83.79,1087.28,0,0,0,1,0,1,0,1,Male,Chicago,Month-to-month,Electronic check,Fiber optic
2026-06-06T16:29:19.022455,CUST_004035,0,1,0,21,84.35,1912.5,1,0,0,0,0,0,0,0,Male,Chicago,Month-to-month,Mailed check,Fiber optic
2026-06-06T16:30:19.049021,CUST_004036,0,1,0,11,100.06,1038.93,1,0,1,0,0,1,1,1,Male,San Diego,Month-to-month,Bank transfer (automatic),DSL
2026-06-06T16:31:19.058084,CUST_004037,1,1,1,38,110.78,3935.56,1,1,0,0,1,0,1,1,Male,New York,One year,Credit card (automatic),Fiber optic
2026-06-06T16:32:19.065587,CUST_004038,0,1,0,14,77.57,1081.25,1,0,0,0,0,0,1,1,Male,Dallas,Month-to-month,Credit card (automatic),DSL
2026-06-06T16:33:19.076057,CUST_004039,0,1,1,6,77.81,501.68,1,1,0,1,0,0,0,0,Female,Los Angeles,Month-to-month,Bank transfer (automatic),DSL
2026-06-06T16:34:19.089069,CUST_004040,0,0,0,0,103.63,0.0,1,0,0,1,0,1,1,1,Male,San Diego,Month-to-month,Mailed check,Fiber optic
2026-06-06T16:35:19.104103,CUST_004041,0,0,0,39,107.52,3831.26,1,1,0,1,0,0,1,0,Male,Seattle,Two year,Mailed check,Fiber optic
2026-06-06T16:36:19.115635,CUST_004042,1,1,0,12,48.58,595.25,1,1,0,0,0,0,0,0,Female,Miami,Month-to-month,Mailed check,No
2026-06-06T16:37:19.135487,CUST_004043,0,0,0,26,78.44,2154.72,1,0,1,0,0,0,0,1,Male,Los Angeles,One year,Credit card (automatic),DSL
2026-06-06T16:38:19.146725,CUST_004044,0,0,1,15,107.01,1575.87,1,1,1,1,0,0,0,1,Male,New York,One year,Bank transfer (automatic),DSL
2026-06-06T16:39:19.159649,CUST_004045,0,1,1,16,98.05,1678.35,1,0,1,0,1,1,0,1,Female,New York,One year,Credit card (automatic),DSL
2026-06-06T16:40:19.181890,CUST_004046,0,1,1,17,110.24,1771.59,1,1,1,0,1,0,1,1,Female,San Francisco,Month-to-month,Electronic check,Fiber optic
2026-06-06T16:41:19.191898,CUST_004047,0,1,0,8,99.97,869.95,1,0,1,0,1,0,0,0,Male,Miami,Month-to-month,Credit card (automatic),Fiber optic
2026-06-06T16:42:19.198329,CUST_004048,0,0,0,42,48.9,2179.6,1,0,0,0,0,0,0,0,Female,Houston,One year,Bank transfer (automatic),No
2026-06-06T16:43:19.205224,CUST_004049,0,0,1,2,112.93,205.89,1,0,0,0,0,1,1,1,Female,Los Angeles,Month-to-month,Bank transfer (automatic),Fiber optic
2026-06-06T16:44:19.212965,CUST_004050,0,1,1,0,106.98,0.0,1,1,1,0,1,0,0,1,Male,Miami,Month-to-month,Electronic check,Fiber optic
2026-06-06T16:45:19.228105,CUST_004051,0,0,0,62,104.72,6041.03,1,1,0,0,0,1,1,1,Female,Miami,Two year,Credit card (automatic),DSL
2026-06-06T16:46:19.257366,CUST_004052,0,0,0,24,79.28,1960.89,1,0,0,1,0,0,1,1,Female,Los Angeles,Month-to-month,Credit card (automatic),DSL
2026-06-06T17:27:43.450526,CUST_004053,0,1,0,48,129.52,5698.21,1,1,0,0,1,1,1,1,Female,Miami,One year,Mailed check,Fiber optic
2026-06-07T09:47:37.871616,CUST_004054,0,1,0,1,105.33,104.58,1,0,1,0,1,0,0,0,Male,Houston,Month-to-month,Bank transfer (automatic),Fiber optic
2026-06-07T09:48:37.887856,CUST_004055,0,0,0,2,58.07,127.51,1,1,0,0,0,0,0,0,Female,San Francisco,Month-to-month,Electronic check,No
2026-06-07T09:49:37.894809,CUST_004056,0,0,0,20,86.27,1765.07,1,1,0,1,0,0,0,0,Female,San Diego,Month-to-month,Electronic check,DSL
2026-06-07T09:50:37.910182,CUST_004057,0,1,0,23,51.99,1310.01,1,1,0,0,0,0,0,0,Female,Los Angeles,One year,Bank transfer (automatic),No
2026-06-07T09:51:37.925017,CUST_004058,0,0,0,21,104.09,2106.75,1,0,0,0,1,1,0,0,Male,Chicago,Month-to-month,Mailed check,Fiber optic
2026-06-07T09:52:37.932030,CUST_004059,0,0,1,40,113.41,4360.01,1,1,0,0,0,1,1,0,Female,Dallas,One year,Bank transfer (automatic),Fiber optic
2026-06-07T09:53:37.938664,CUST_004060,0,0,0,18,105.82,1820.44,1,0,0,1,0,0,1,0,Male,Houston,Month-to-month,Credit card (automatic),Fiber optic
2026-06-07T09:54:37.954551,CUST_004061,1,0,1,22,82.99,1710.32,1,0,1,0,0,0,1,0,Male,Los Angeles,Month-to-month,Electronic check,DSL
2026-06-07T09:55:37.961086,CUST_004062,1,1,0,24,82.75,1999.53,1,0,0,0,0,1,0,0,Female,Dallas,Month-to-month,Electronic check,DSL
2026-06-07T09:56:37.976655,CUST_004063,0,0,0,7,47.79,306.1,1,0,0,0,0,0,0,0,Male,Houston,Month-to-month,Mailed check,No
2026-06-07T09:57:37.993315,CUST_004064,0,1,0,15,49.62,777.91,1,0,0,0,0,0,0,0,Female,Houston,Month-to-month,Bank transfer (automatic),No
2026-06-07T09:58:38.003752,CUST_004065,0,0,1,45,105.83,4671.47,1,0,1,0,1,0,1,1,Male,Seattle,Two year,Credit card (automatic),Fiber optic
2026-06-07T09:59:38.027339,CUST_004066,0,0,0,20,58.12,1107.44,0,0,0,1,1,0,1,0,Male,New York,One year,Bank transfer (automatic),DSL
2026-06-07T10:00:38.044131,CUST_004067,0,0,1,22,51.23,1219.88,1,1,0,0,0,0,0,0,Female,Los Angeles,Month-to-month,Bank transfer (automatic),No
2026-06-07T10:01:38.048035,CUST_004068,0,1,0,26,113.55,2712.64,1,0,1,0,0,1,1,1,Male,New York,One year,Bank transfer (automatic),Fiber optic
2026-06-07T10:02:38.060756,CUST_004069,0,1,1,3,107.67,343.35,1,0,1,0,1,0,1,1,Female,Houston,Month-to-month,Mailed check,DSL
2026-06-07T10:03:38.067786,CUST_004070,1,1,1,5,20.94,98.47,0,0,0,0,0,0,0,0,Female,San Francisco,Month-to-month,Electronic check,No
2026-06-07T10:04:38.083704,CUST_004071,0,1,0,70,53.62,3887.03,1,1,0,0,0,0,0,0,Male,New York,Two year,Mailed check,No
2026-06-07T10:05:38.095768,CUST_004072,0,0,1,20,83.66,1779.21,1,0,1,0,0,0,0,1,Female,Chicago,One year,Credit card (automatic),DSL
2026-06-07T10:06:38.109190,CUST_004073,0,0,0,7,85.62,593.88,0,0,0,1,0,0,1,1,Male,Dallas,Month-to-month,Mailed check,Fiber optic
2026-06-07T10:07:38.125567,CUST_004074,0,1,0,17,112.0,2040.35,1,0,1,0,0,1,0,1,Male,Los Angeles,Month-to-month,Bank transfer (automatic),Fiber optic
2026-06-07T10:08:38.135349,CUST_004075,1,0,0,40,104.16,4566.47,1,1,0,1,1,1,1,1,Female,Phoenix,One year,Bank transfer (automatic),DSL
2026-06-07T10:09:38.141930,CUST_004076,1,1,1,31,96.18,2975.55,1,1,1,1,0,0,1,0,Female,Houston,One year,Mailed check,DSL
2026-06-07T10:10:38.159470,CUST_004077,1,1,0,43,110.52,4598.5,1,0,0,1,0,0,0,1,Male,Dallas,Two year,Bank transfer (automatic),Fiber optic
2026-06-07T10:11:38.170052,CUST_004078,0,0,1,12,74.54,966.16,1,0,0,0,0,1,0,0,Female,Chicago,Month-to-month,Bank transfer (automatic),DSL
2026-06-07T10:12:38.183121,CUST_004079,0,0,0,16,83.6,1390.86,1,1,0,0,0,1,0,1,Male,New York,One year,Credit card (automatic),DSL
2026-06-07T10:13:38.191369,CUST_004080,0,1,0,16,103.44,1682.57,1,0,0,1,0,1,0,0,Female,San Diego,Month-to-month,Electronic check,Fiber optic
2026-06-07T10:14:38.201583,CUST_004081,0,1,0,23,93.97,2203.68,1,0,0,1,1,1,1,0,Male,Chicago,One year,Bank transfer (automatic),DSL
2026-06-07T10:15:38.216455,CUST_004082,0,1,1,65,47.45,2979.93,1,1,0,0,0,0,0,0,Male,New York,Two year,Bank transfer (automatic),No
2026-06-07T10:16:38.220732,CUST_004083,0,0,0,59,46.03,2969.51,1,0,0,0,0,0,0,0,Male,Los Angeles,Two year,Bank transfer (automatic),No
2026-06-07T10:17:38.223780,CUST_004084,1,1,0,1,107.36,110.64,1,1,0,1,0,0,0,1,Female,Chicago,Month-to-month,Electronic check,Fiber optic
2026-06-07T10:18:38.227971,CUST_004085,0,0,1,45,98.75,4326.17,1,0,0,1,0,0,1,0,Male,Houston,Two year,Electronic check,Fiber optic
2026-06-07T10:19:38.230771,CUST_004086,0,0,0,56,97.64,5124.23,1,0,0,0,1,0,1,1,Male,Phoenix,Two year,Credit card (automatic),DSL
2026-06-07T10:20:38.246567,CUST_004087,0,1,1,61,88.32,5841.45,1,1,1,0,1,0,0,0,Female,San Diego,Two year,Credit card (automatic),DSL
2026-06-07T10:21:38.257948,CUST_004088,0,0,1,15,89.16,1339.15,1,1,0,1,0,1,1,1,Female,San Francisco,Month-to-month,Electronic check,DSL
2026-06-07T10:22:38.261922,CUST_004089,0,1,0,17,55.92,953.04,1,1,0,0,0,0,0,0,Male,Seattle,Month-to-month,Electronic check,No
2026-06-07T10:23:38.265684,CUST_004090,0,0,1,5,89.97,443.18,1,1,0,0,1,0,1,1,Male,Seattle,Month-to-month,Electronic check,DSL
2026-06-07T10:24:38.275087,CUST_004091,0,0,1,8,89.63,743.37,1,0,1,0,0,0,1,1,Male,Chicago,Month-to-month,Electronic check,DSL
2026-06-07T10:25:38.279733,CUST_004092,0,1,0,24,110.25,2426.33,1,0,0,1,0,0,0,1,Female,Los Angeles,Month-to-month,Mailed check,Fiber optic
2026-06-07T10:26:38.284425,CUST_004093,0,1,1,21,81.22,1786.17,1,0,0,0,0,1,0,0,Female,New York,Month-to-month,Electronic check,DSL
2026-06-07T10:27:38.298380,CUST_004094,0,0,0,25,117.52,3022.71,1,1,1,0,1,0,1,1,Female,Dallas,One year,Bank transfer (automatic),Fiber optic
2026-06-07T10:28:38.313888,CUST_004095,0,1,1,18,93.71,1745.44,1,0,0,0,1,1,0,1,Male,San Francisco,Month-to-month,Electronic check,DSL
2026-06-07T10:29:38.322178,CUST_004096,0,1,1,19,101.52,2030.24,1,0,0,1,0,1,1,0,Male,Los Angeles,One year,Electronic check,DSL
2026-06-07T10:30:38.331793,CUST_004097,0,0,1,17,84.22,1399.92,0,0,1,0,0,1,1,1,Female,Seattle,Month-to-month,Electronic check,Fiber optic
2026-06-07T10:31:38.343053,CUST_004098,0,1,0,48,87.96,4581.11,1,1,0,1,1,0,1,1,Female,Seattle,Two year,Electronic check,DSL
2026-06-07T10:32:38.349681,CUST_004099,0,1,0,56,65.97,3929.45,0,0,0,1,0,0,0,0,Male,New York,Two year,Bank transfer (automatic),Fiber optic
2026-06-07T10:33:38.363969,CUST_004100,0,1,0,18,123.01,2273.99,1,1,0,0,1,1,1,0,Female,Dallas,Month-to-month,Electronic check,Fiber optic
2026-06-07T10:34:38.377950,CUST_004101,0,1,0,13,121.57,1617.57,1,1,0,1,0,1,0,1,Male,Seattle,Month-to-month,Electronic check,Fiber optic
2026-06-07T10:35:38.381333,CUST_004102,0,1,1,15,110.51,1696.14,1,0,1,1,0,1,1,0,Male,Phoenix,Month-to-month,Credit card (automatic),Fiber optic
2026-06-07T10:36:38.390179,CUST_004103,1,1,0,8,40.95,316.19,1,0,0,0,0,0,0,0,Female,Dallas,Month-to-month,Electronic check,No
2026-06-07T10:37:38.395094,CUST_004104,0,1,0,13,105.95,1272.44,1,0,0,1,1,0,1,0,Female,San Diego,Month-to-month,Electronic check,Fiber optic
2026-06-07T10:38:38.407141,CUST_004105,0,1,0,15,81.39,1259.58,0,0,1,0,1,0,1,0,Male,Houston,One year,Credit card (automatic),Fiber optic
2026-06-07T10:39:38.421034,CUST_004106,0,1,0,27,109.54,2679.92,1,0,1,1,0,0,0,0,Female,Phoenix,One year,Bank transfer (automatic),Fiber optic
2026-06-07T10:40:38.435777,CUST_004107,0,1,0,64,79.66,5559.83,0,0,0,1,0,0,0,1,Male,New York,Two year,Electronic check,Fiber optic
2026-06-07T10:41:38.451984,CUST_004108,1,0,1,32,45.85,1327.06,1,0,0,0,0,0,0,0,Male,Phoenix,Two year,Mailed check,No
2026-06-07T10:42:38.465437,CUST_004109,0,1,0,72,122.29,9288.04,1,1,1,0,0,0,1,1,Female,San Francisco,Two year,Bank transfer (automatic),Fiber optic
2026-06-07T10:43:38.482165,CUST_004110,0,1,1,23,96.94,2242.59,1,1,0,1,0,1,0,0,Female,Seattle,Month-to-month,Mailed check,DSL
2026-06-07T10:44:38.485928,CUST_004111,1,0,1,22,80.05,1775.54,1,0,0,0,1,0,0,1,Female,New York,Month-to-month,Mailed check,DSL
2026-06-07T10:45:38.498695,CUST_004112,0,0,1,16,87.12,1261.69,1,1,0,0,1,1,0,0,Male,San Diego,Month-to-month,Credit card (automatic),DSL
2026-06-07T10:46:38.508330,CUST_004113,0,0,1,25,95.81,2365.91,1,0,0,1,0,0,0,1,Female,San Francisco,One year,Credit card (automatic),Fiber optic
2026-06-07T10:47:38.520932,CUST_004114,0,1,0,28,91.78,2797.93,1,1,0,1,0,1,1,0,Female,San Francisco,Two year,Bank transfer (automatic),DSL
2026-06-07T10:48:38.525347,CUST_004115,0,1,1,42,89.04,3976.9,0,0,1,1,0,1,0,1,Female,Los Angeles,One year,Electronic check,Fiber optic
2026-06-07T10:49:38.531618,CUST_004116,0,0,1,4,104.53,420.31,1,1,1,1,1,1,0,1,Female,New York,Month-to-month,Mailed check,DSL
2026-06-07T10:50:38.536859,CUST_004117,0,1,0,13,124.06,1645.43,1,0,1,1,1,1,1,1,Female,Chicago,One year,Credit card (automatic),Fiber optic
2026-06-07T10:51:38.550319,CUST_004118,0,0,0,9,101.13,979.5,1,0,1,0,0,1,0,0,Female,Los Angeles,Month-to-month,Electronic check,Fiber optic
2026-06-07T10:52:38.556395,CUST_004119,0,0,0,18,53.81,983.12,1,1,0,0,0,0,0,0,Female,San Francisco,Month-to-month,Mailed check,No
2026-06-07T10:53:38.558770,CUST_004120,0,1,0,24,118.07,2559.39,1,1,0,0,1,0,1,1,Female,New York,Month-to-month,Bank transfer (automatic),Fiber optic
2026-06-07T10:54:38.567830,CUST_004121,0,0,1,25,43.52,1087.64,1,0,0,0,0,0,0,0,Female,San Francisco,Two year,Bank transfer (automatic),No
2026-06-07T10:55:38.580985,CUST_004122,0,0,0,21,72.55,1625.67,1,0,0,0,0,0,0,0,Male,San Francisco,Month-to-month,Mailed check,DSL
2026-06-07T10:56:38.585035,CUST_004123,0,1,1,43,44.82,1744.81,1,1,0,0,0,0,0,0,Male,Phoenix,One year,Electronic check,No
2026-06-07T10:57:38.600800,CUST_004124,0,1,1,60,98.64,5713.8,1,0,0,0,1,0,0,0,Male,San Francisco,Two year,Credit card (automatic),Fiber optic
2026-06-07T10:58:38.605756,CUST_004125,0,0,0,3,114.65,341.88,1,1,1,0,1,0,1,0,Male,Chicago,Month-to-month,Electronic check,Fiber optic
2026-06-07T10:59:38.608377,CUST_004126,0,0,0,12,103.31,1138.56,1,0,1,0,0,1,0,0,Female,San Diego,Month-to-month,Credit card (automatic),Fiber optic
2026-06-07T11:00:38.618102,CUST_004127,0,0,1,62,109.96,7475.5,1,1,1,0,0,0,0,1,Male,Houston,Two year,Bank transfer (automatic),Fiber optic
2026-06-07T11:01:38.636629,CUST_004128,0,0,0,20,92.99,1738.0,1,0,0,1,0,0,0,1,Female,Los Angeles,Month-to-month,Credit card (automatic),DSL
2026-06-07T11:02:39.370139,CUST_004129,0,1,0,52,108.95,6192.53,1,1,0,0,1,0,1,0,Female,New York,Two year,Credit card (automatic),Fiber optic
2026-06-07T11:36:21.636946,CUST_004130,0,0,1,11,115.59,1213.72,1,1,1,1,0,0,1,1,Male,Dallas,Month-to-month,Credit card (automatic),DSL
2026-06-07T11:37:21.647404,CUST_004131,0,1,1,3,131.77,388.26,1,0,1,0,1,1,1,1,Male,Los Angeles,Month-to-month,Electronic check,Fiber optic
2026-06-07T11:38:21.656293,CUST_004132,1,1,0,4,44.31,184.99,1,0,0,0,0,0,0,0,Female,Houston,Month-to-month,Credit card (automatic),No
2026-06-07T11:39:21.663482,CUST_004133,1,1,0,42,98.53,4021.29,1,0,1,0,1,1,0,0,Female,Chicago,One year,Credit card (automatic),Fiber optic
